family,method,mode,coloc,setting,data,r,R,theta,p_s,status,time,node,gap,rgap,obj,obj_calc,k,ncl,nl,mcl,nvar,ncut,sum_etaM_solution,sum_etaP_solution,path,variant,testset,lh,low_share,high_share,seed,ncl_nl,i_count
pmed,Str1+VI1,Int,ColocOn,Str1+VI1+LocalSearch1,1,10,25,0.2,,OPTIMAL,0.02,0,0,0,,17.533333,5,0,5,1,323,238,17.533333,17.533333,t1-pmed1-r10-R25-theta0.2-bbnc-i-e-l-linear-coloc-tl3600.out,,T1,,,,,0,100
pmed,Str1+VI0,Int,ColocOn,Str1+VI0,1,10,25,0.2,,OPTIMAL,0.02,0,0,0,,17.533333,5,0,5,1,323,226,17.533333,17.533333,t1-pmed1-r10-R25-theta0.2-bbnc-i-e-linear-coloc-tl3600.out,,T1,,,,,0,100
pmed,Str0+VI1,Int,ColocOn,Str0+VI1,1,10,25,0.2,,OPTIMAL,0.02,0,0,0,,17.533333,5,0,5,1,323,244,17.533333,17.533333,t1-pmed1-r10-R25-theta0.2-bbnc-i-l-linear-coloc-tl3600.out,,T1,,,,,0,100
pmed,Str0+VI0,Int,ColocOn,Str0+VI0,1,10,25,0.2,,OPTIMAL,0.03,0,0,0,,17.533333,5,0,5,1,171,240,17.533333,17.533333,t1-pmed1-r10-R25-theta0.2-bbnc-i-linear-coloc-tl3600.out,,T1,,,,,0,100
pmed,B&C-B,Bin,ColocOn,,1,10,25,0.2,,OPTIMAL,0.01,0,0,0,,17.533333,5,0,5,1,329,218,17.533333,17.533333,t1-pmed1-r10-R25-theta0.2-bnc-b-linear-coloc-tl3600.out,,T1,,,,,0,100
pmed,Str1+VI1,Int,ColocOn,Str1+VI1+LocalSearch1,1,10,25,0.5,,OPTIMAL,0.03,0,0,0,,17.533333,5,0,5,1,323,234,17.533333,17.533333,t1-pmed1-r10-R25-theta0.5-bbnc-i-e-l-linear-coloc-tl3600.out,,T1,,,,,0,100
pmed,Str1+VI0,Int,ColocOn,Str1+VI0,1,10,25,0.5,,OPTIMAL,0.01,0,0,0,,17.533333,5,0,5,1,323,224,17.533333,17.533333,t1-pmed1-r10-R25-theta0.5-bbnc-i-e-linear-coloc-tl3600.out,,T1,,,,,0,100
pmed,Str0+VI1,Int,ColocOn,Str0+VI1,1,10,25,0.5,,OPTIMAL,0.02,0,0,0,,17.533333,5,0,5,1,323,242,17.533333,17.533333,t1-pmed1-r10-R25-theta0.5-bbnc-i-l-linear-coloc-tl3600.out,,T1,,,,,0,100
pmed,Str0+VI0,Int,ColocOn,Str0+VI0,1,10,25,0.5,,OPTIMAL,0.02,0,0,0,,17.533333,5,0,5,1,142,225,17.533333,17.533333,t1-pmed1-r10-R25-theta0.5-bbnc-i-linear-coloc-tl3600.out,,T1,,,,,0,100
pmed,B&C-B,Bin,ColocOn,,1,10,25,0.5,,OPTIMAL,0.01,0,0,0,,17.533333,5,0,5,1,329,218,17.533333,17.533333,t1-pmed1-r10-R25-theta0.5-bnc-b-linear-coloc-tl3600.out,,T1,,,,,0,100
pmed,Str1+VI1,Int,ColocOn,Str1+VI1+LocalSearch1,1,10,25,0.8,,OPTIMAL,0.02,0,0,0,,17.533333,5,0,5,1,323,251,17.533333,17.533333,t1-pmed1-r10-R25-theta0.8-bbnc-i-e-l-linear-coloc-tl3600.out,,T1,,,,,0,100
pmed,Str1+VI0,Int,ColocOn,Str1+VI0,1,10,25,0.8,,OPTIMAL,0.01,0,0,0,,17.533333,5,0,5,1,323,245,17.533333,17.533333,t1-pmed1-r10-R25-theta0.8-bbnc-i-e-linear-coloc-tl3600.out,,T1,,,,,0,100
pmed,Str0+VI1,Int,ColocOn,Str0+VI1,1,10,25,0.8,,OPTIMAL,0.02,0,0,0,,17.533333,5,0,5,1,323,254,17.533333,17.533333,t1-pmed1-r10-R25-theta0.8-bbnc-i-l-linear-coloc-tl3600.out,,T1,,,,,0,100
pmed,Str0+VI0,Int,ColocOn,Str0+VI0,1,10,25,0.8,,OPTIMAL,0.03,0,0,0,,17.533333,5,0,5,1,323,242,17.533333,17.533333,t1-pmed1-r10-R25-theta0.8-bbnc-i-linear-coloc-tl3600.out,,T1,,,,,0,100
pmed,B&C-B,Bin,ColocOn,,1,10,25,0.8,,OPTIMAL,0.01,0,0,0,,17.533333,5,0,5,1,329,218,17.533333,17.533333,t1-pmed1-r10-R25-theta0.8-bnc-b-linear-coloc-tl3600.out,,T1,,,,,0,100
pmed,Str1+VI1,Int,ColocOn,Str1+VI1+LocalSearch1,1,5,20,0.2,,OPTIMAL,0.02,0,0,0,,14.6,5,0,5,1,337,259,14.6,14.6,t1-pmed1-r5-R20-theta0.2-bbnc-i-e-l-linear-coloc-tl3600.out,,T1,,,,,0,100
pmed,Str1+VI0,Int,ColocOn,Str1+VI0,1,5,20,0.2,,OPTIMAL,0.06,0,0,0,,14.6,5,0,5,1,165,228,14.6,14.6,t1-pmed1-r5-R20-theta0.2-bbnc-i-e-linear-coloc-tl3600.out,,T1,,,,,0,100
pmed,Str0+VI1,Int,ColocOn,Str0+VI1,1,5,20,0.2,,OPTIMAL,0.02,0,0,0,,14.6,5,0,5,1,337,245,14.6,14.6,t1-pmed1-r5-R20-theta0.2-bbnc-i-l-linear-coloc-tl3600.out,,T1,,,,,0,100
pmed,Str0+VI0,Int,ColocOn,Str0+VI0,1,5,20,0.2,,OPTIMAL,0.03,0,0,0,,14.6,5,0,5,1,165,228,14.6,14.6,t1-pmed1-r5-R20-theta0.2-bbnc-i-linear-coloc-tl3600.out,,T1,,,,,0,100
pmed,B&C-B,Bin,ColocOn,,1,5,20,0.2,,OPTIMAL,0.02,0,0,0,,14.6,5,0,5,1,168,226,14.6,14.6,t1-pmed1-r5-R20-theta0.2-bnc-b-linear-coloc-tl3600.out,,T1,,,,,0,100
pmed,Str1+VI1,Int,ColocOn,Str1+VI1+LocalSearch1,1,5,20,0.5,,OPTIMAL,0.02,0,0,0,,14.6,5,0,5,1,337,246,14.6,14.6,t1-pmed1-r5-R20-theta0.5-bbnc-i-e-l-linear-coloc-tl3600.out,,T1,,,,,0,100
pmed,Str1+VI0,Int,ColocOn,Str1+VI0,1,5,20,0.5,,OPTIMAL,0.02,0,0,0,,14.6,5,0,5,1,337,230,14.6,14.6,t1-pmed1-r5-R20-theta0.5-bbnc-i-e-linear-coloc-tl3600.out,,T1,,,,,0,100
pmed,Str0+VI1,Int,ColocOn,Str0+VI1,1,5,20,0.5,,OPTIMAL,0.02,0,0,0,,14.6,5,0,5,1,337,260,14.6,14.6,t1-pmed1-r5-R20-theta0.5-bbnc-i-l-linear-coloc-tl3600.out,,T1,,,,,0,100
pmed,Str0+VI0,Int,ColocOn,Str0+VI0,1,5,20,0.5,,OPTIMAL,0.02,0,0,0,,14.6,5,0,5,1,337,247,14.6,14.6,t1-pmed1-r5-R20-theta0.5-bbnc-i-linear-coloc-tl3600.out,,T1,,,,,0,100
pmed,B&C-B,Bin,ColocOn,,1,5,20,0.5,,OPTIMAL,0.02,0,0,0,,14.6,5,0,5,1,148,226,14.6,14.6,t1-pmed1-r5-R20-theta0.5-bnc-b-linear-coloc-tl3600.out,,T1,,,,,0,100
pmed,Str1+VI1,Int,ColocOn,Str1+VI1+LocalSearch1,1,5,20,0.8,,OPTIMAL,0.02,0,0,0,,14.6,5,0,5,1,337,242,14.6,14.6,t1-pmed1-r5-R20-theta0.8-bbnc-i-e-l-linear-coloc-tl3600.out,,T1,,,,,0,100
pmed,Str1+VI0,Int,ColocOn,Str1+VI0,1,5,20,0.8,,OPTIMAL,0.02,0,0,0,,14.6,5,0,5,1,337,230,14.6,14.6,t1-pmed1-r5-R20-theta0.8-bbnc-i-e-linear-coloc-tl3600.out,,T1,,,,,0,100
pmed,Str0+VI1,Int,ColocOn,Str0+VI1,1,5,20,0.8,,OPTIMAL,0.02,0,0,0,,14.6,5,0,5,1,337,242,14.6,14.6,t1-pmed1-r5-R20-theta0.8-bbnc-i-l-linear-coloc-tl3600.out,,T1,,,,,0,100
pmed,Str0+VI0,Int,ColocOn,Str0+VI0,1,5,20,0.8,,OPTIMAL,0.01,0,0,0,,14.6,5,0,5,1,337,229,14.6,14.6,t1-pmed1-r5-R20-theta0.8-bbnc-i-linear-coloc-tl3600.out,,T1,,,,,0,100
pmed,B&C-B,Bin,ColocOn,,1,5,20,0.8,,OPTIMAL,0.01,0,0,0,,14.6,5,0,5,1,339,216,14.6,14.6,t1-pmed1-r5-R20-theta0.8-bnc-b-linear-coloc-tl3600.out,,T1,,,,,0,100
pmed,Str1+VI1,Int,ColocOn,Str1+VI1+LocalSearch1,10,10,25,0.2,,OPTIMAL,2.94,641,0,0.295741557257301,,184.061721,67,0,67,1,730,2511,180.266667,185.010485,t1-pmed10-r10-R25-theta0.2-bbnc-i-e-l-linear-coloc-tl3600.out,,T1,,,,,0,200
pmed,Str1+VI0,Int,ColocOn,Str1+VI0,10,10,25,0.2,,OPTIMAL,6.94,2275,0,0.706896574111671,,184.061721,67,0,67,1,730,1492,180.266667,185.010485,t1-pmed10-r10-R25-theta0.2-bbnc-i-e-linear-coloc-tl3600.out,,T1,,,,,0,200
pmed,Str0+VI1,Int,ColocOn,Str0+VI1,10,10,25,0.2,,OPTIMAL,3.4,658,0,0.306820992942905,,184.061721,67,0,67,1,730,2728,180.266667,185.010485,t1-pmed10-r10-R25-theta0.2-bbnc-i-l-linear-coloc-tl3600.out,,T1,,,,,0,200
pmed,Str0+VI0,Int,ColocOn,Str0+VI0,10,10,25,0.2,,OPTIMAL,9.88,3073,0,0.783417101701442,,184.061721,67,0,67,1,730,1699,180.266667,185.010485,t1-pmed10-r10-R25-theta0.2-bbnc-i-linear-coloc-tl3600.out,,T1,,,,,0,200
pmed,B&C-B,Bin,ColocOn,,10,10,25,0.2,,OPTIMAL,109.84,2752,0,1.00676935428632,,184.061721,67,0,67,1,8448,2187,180.266667,185.010485,t1-pmed10-r10-R25-theta0.2-bnc-b-linear-coloc-tl3600.out,,T1,,,,,0,200
pmed,Str1+VI1,Int,ColocOn,Str1+VI1+LocalSearch1,10,10,25,0.5,,OPTIMAL,0.86,129,0,0.118599861184348,,182.753165,67,0,67,1,730,2023,180.733333,184.772997,t1-pmed10-r10-R25-theta0.5-bbnc-i-e-l-linear-coloc-tl3600.out,,T1,,,,,0,200
pmed,Str1+VI0,Int,ColocOn,Str1+VI0,10,10,25,0.5,,OPTIMAL,4.17,1921,0,0.359259988739465,,182.753165,67,0,67,1,730,1150,180.733333,184.772997,t1-pmed10-r10-R25-theta0.5-bbnc-i-e-linear-coloc-tl3600.out,,T1,,,,,0,200
pmed,Str0+VI1,Int,ColocOn,Str0+VI1,10,10,25,0.5,,OPTIMAL,0.66,77,0,0.118791923521542,,182.753165,67,0,67,1,730,2021,180.733333,184.772997,t1-pmed10-r10-R25-theta0.5-bbnc-i-l-linear-coloc-tl3600.out,,T1,,,,,0,200
pmed,Str0+VI0,Int,ColocOn,Str0+VI0,10,10,25,0.5,,OPTIMAL,5.31,2084,0,0.428319805022257,,182.753165,67,0,67,1,730,1292,180.733333,184.772997,t1-pmed10-r10-R25-theta0.5-bbnc-i-linear-coloc-tl3600.out,,T1,,,,,0,200
pmed,B&C-B,Bin,ColocOn,,10,10,25,0.5,,OPTIMAL,10.07,597,0,0.299733249489829,,182.753165,67,0,67,1,8858,1140,180.733333,184.772997,t1-pmed10-r10-R25-theta0.5-bnc-b-linear-coloc-tl3600.out,,T1,,,,,0,200
pmed,Str1+VI1,Int,ColocOn,Str1+VI1+LocalSearch1,10,10,25,0.8,,OPTIMAL,0.18,6,0,0.000744983573984107,,182.017436,67,0,67,1,730,1024,181.6,183.68718,t1-pmed10-r10-R25-theta0.8-bbnc-i-e-l-linear-coloc-tl3600.out,,T1,,,,,0,200
pmed,Str1+VI0,Int,ColocOn,Str1+VI0,10,10,25,0.8,,OPTIMAL,0.3,112,0,0.0606463877449647,,182.017436,67,0,67,1,730,720,181.6,183.68718,t1-pmed10-r10-R25-theta0.8-bbnc-i-e-linear-coloc-tl3600.out,,T1,,,,,0,200
pmed,Str0+VI1,Int,ColocOn,Str0+VI1,10,10,25,0.8,,OPTIMAL,0.22,12,0,0.00167566364356532,,182.017436,67,0,67,1,730,1128,181.6,183.68718,t1-pmed10-r10-R25-theta0.8-bbnc-i-l-linear-coloc-tl3600.out,,T1,,,,,0,200
pmed,Str0+VI0,Int,ColocOn,Str0+VI0,10,10,25,0.8,,OPTIMAL,0.72,321,0,0.0822646463386014,,182.017436,67,0,67,1,730,782,181.6,183.68718,t1-pmed10-r10-R25-theta0.8-bbnc-i-linear-coloc-tl3600.out,,T1,,,,,0,200
pmed,B&C-B,Bin,ColocOn,,10,10,25,0.8,,OPTIMAL,1.9,13,0,0.00600656741478015,,182.017436,67,0,67,1,686,1366,181.6,183.68718,t1-pmed10-r10-R25-theta0.8-bnc-b-linear-coloc-tl3600.out,,T1,,,,,0,200
pmed,Str1+VI1,Int,ColocOn,Str1+VI1+LocalSearch1,10,5,20,0.2,,OPTIMAL,2.12,680,0,0.25806059971301,,158.933987,67,0,67,1,727,2090,155.533333,159.78415,t1-pmed10-r5-R20-theta0.2-bbnc-i-e-l-linear-coloc-tl3600.out,,T1,,,,,0,200
pmed,Str1+VI0,Int,ColocOn,Str1+VI0,10,5,20,0.2,,OPTIMAL,30.02,1729,0,0.999321812772485,,158.933987,67,0,67,1,727,1434,155.533333,159.78415,t1-pmed10-r5-R20-theta0.2-bbnc-i-e-linear-coloc-tl3600.out,,T1,,,,,0,200
pmed,Str0+VI1,Int,ColocOn,Str0+VI1,10,5,20,0.2,,OPTIMAL,3.17,1141,0,0.325218041626307,,158.933987,67,0,67,1,727,2542,155.533333,159.78415,t1-pmed10-r5-R20-theta0.2-bbnc-i-l-linear-coloc-tl3600.out,,T1,,,,,0,200
pmed,Str0+VI0,Int,ColocOn,Str0+VI0,10,5,20,0.2,,OPTIMAL,12.15,6166,0,1.10867664824894,,158.933987,67,0,67,1,727,1624,155.533333,159.78415,t1-pmed10-r5-R20-theta0.2-bbnc-i-linear-coloc-tl3600.out,,T1,,,,,0,200
pmed,B&C-B,Bin,ColocOn,,10,5,20,0.2,,OPTIMAL,87.64,3469,0,1.14179354224593,,158.933987,67,0,67,1,7408,2016,155.533333,159.78415,t1-pmed10-r5-R20-theta0.2-bnc-b-linear-coloc-tl3600.out,,T1,,,,,0,200
pmed,Str1+VI1,Int,ColocOn,Str1+VI1+LocalSearch1,10,5,20,0.5,,OPTIMAL,0.27,33,0,0.0460137811062261,,157.894001,67,0,67,1,727,1206,156.6,159.188002,t1-pmed10-r5-R20-theta0.5-bbnc-i-e-l-linear-coloc-tl3600.out,,T1,,,,,0,200
pmed,Str1+VI0,Int,ColocOn,Str1+VI0,10,5,20,0.5,,OPTIMAL,1.77,604,0,0.39653501465201,,157.894001,67,0,67,1,727,944,156.6,159.188002,t1-pmed10-r5-R20-theta0.5-bbnc-i-e-linear-coloc-tl3600.out,,T1,,,,,0,200
pmed,Str0+VI1,Int,ColocOn,Str0+VI1,10,5,20,0.5,,OPTIMAL,0.3,17,0,0.0534067155597662,,157.894001,67,0,67,1,727,1396,156.6,159.188002,t1-pmed10-r5-R20-theta0.5-bbnc-i-l-linear-coloc-tl3600.out,,T1,,,,,0,200
pmed,Str0+VI0,Int,ColocOn,Str0+VI0,10,5,20,0.5,,OPTIMAL,2.88,1235,0,0.432967684440395,,157.894001,67,0,67,1,727,1014,156.6,159.188002,t1-pmed10-r5-R20-theta0.5-bbnc-i-linear-coloc-tl3600.out,,T1,,,,,0,200
pmed,B&C-B,Bin,ColocOn,,10,5,20,0.5,,OPTIMAL,8.39,642,0,0.280063205187895,,157.894001,67,0,67,1,7579,1118,156.6,159.188002,t1-pmed10-r5-R20-theta0.5-bnc-b-linear-coloc-tl3600.out,,T1,,,,,0,200
pmed,Str1+VI1,Int,ColocOn,Str1+VI1+LocalSearch1,10,5,20,0.8,,OPTIMAL,0.12,3,0,0,,157.131214,67,0,67,1,727,986,156.666667,158.989402,t1-pmed10-r5-R20-theta0.8-bbnc-i-e-l-linear-coloc-tl3600.out,,T1,,,,,0,200
pmed,Str1+VI0,Int,ColocOn,Str1+VI0,10,5,20,0.8,,OPTIMAL,0.14,18,0,0.0205045192357502,,157.131214,67,0,67,1,727,738,156.666667,158.989402,t1-pmed10-r5-R20-theta0.8-bbnc-i-e-linear-coloc-tl3600.out,,T1,,,,,0,200
pmed,Str0+VI1,Int,ColocOn,Str0+VI1,10,5,20,0.8,,OPTIMAL,0.16,2,0,0,,157.131214,67,0,67,1,727,1107,156.666667,158.989402,t1-pmed10-r5-R20-theta0.8-bbnc-i-l-linear-coloc-tl3600.out,,T1,,,,,0,200
pmed,Str0+VI0,Int,ColocOn,Str0+VI0,10,5,20,0.8,,OPTIMAL,0.25,56,0,0.0274369419687725,,157.131214,67,0,67,1,727,748,156.666667,158.989402,t1-pmed10-r5-R20-theta0.8-bbnc-i-linear-coloc-tl3600.out,,T1,,,,,0,200
pmed,B&C-B,Bin,ColocOn,,10,5,20,0.8,,OPTIMAL,1.31,7,0,0.00465025364088213,,157.131214,67,0,67,1,716,1285,156.666667,158.989402,t1-pmed10-r5-R20-theta0.8-bnc-b-linear-coloc-tl3600.out,,T1,,,,,0,200
pmed,Str1+VI1,Int,ColocOn,Str1+VI1+LocalSearch1,11,10,25,0.2,,OPTIMAL,0.15,0,0,0,,96.199407,5,0,5,1,1133,1264,94.2,96.699259,t1-pmed11-r10-R25-theta0.2-bbnc-i-e-l-linear-coloc-tl3600.out,,T1,,,,,0,300
pmed,Str1+VI0,Int,ColocOn,Str1+VI0,11,10,25,0.2,,OPTIMAL,0.5,37,0,0.645924979558359,,96.199407,5,0,5,1,638,1447,94.2,96.699259,t1-pmed11-r10-R25-theta0.2-bbnc-i-e-linear-coloc-tl3600.out,,T1,,,,,0,300
pmed,Str0+VI1,Int,ColocOn,Str0+VI1,11,10,25,0.2,,OPTIMAL,0.17,0,0,0,,96.199407,5,0,5,1,1133,1238,94.2,96.699259,t1-pmed11-r10-R25-theta0.2-bbnc-i-l-linear-coloc-tl3600.out,,T1,,,,,0,300
pmed,Str0+VI0,Int,ColocOn,Str0+VI0,11,10,25,0.2,,OPTIMAL,0.6,33,0,0.738642806810653,,96.199407,5,0,5,1,720,1596,94.2,96.699259,t1-pmed11-r10-R25-theta0.2-bbnc-i-linear-coloc-tl3600.out,,T1,,,,,0,300
pmed,B&C-B,Bin,ColocOn,,11,10,25,0.2,,OPTIMAL,0.72,31,0,0.432356095500676,,96.199407,5,0,5,1,560,1431,94.2,96.699259,t1-pmed11-r10-R25-theta0.2-bnc-b-linear-coloc-tl3600.out,,T1,,,,,0,300
pmed,Str1+VI1,Int,ColocOn,Str1+VI1+LocalSearch1,11,10,25,0.5,,OPTIMAL,0.15,0,0,0,,95.44963,5,0,5,1,1133,1250,94.2,96.699259,t1-pmed11-r10-R25-theta0.5-bbnc-i-e-l-linear-coloc-tl3600.out,,T1,,,,,0,300
pmed,Str1+VI0,Int,ColocOn,Str1+VI0,11,10,25,0.5,,OPTIMAL,0.23,7,0,0.0179110175702044,,95.44963,5,0,5,1,546,1000,94.2,96.699259,t1-pmed11-r10-R25-theta0.5-bbnc-i-e-linear-coloc-tl3600.out,,T1,,,,,0,300
pmed,Str0+VI1,Int,ColocOn,Str0+VI1,11,10,25,0.5,,OPTIMAL,0.23,0,0,0,,95.44963,5,0,5,1,567,1277,94.2,96.699259,t1-pmed11-r10-R25-theta0.5-bbnc-i-l-linear-coloc-tl3600.out,,T1,,,,,0,300
pmed,Str0+VI0,Int,ColocOn,Str0+VI0,11,10,25,0.5,,OPTIMAL,0.27,9,0,0.0153232652656767,,95.44963,5,0,5,1,598,1075,94.2,96.699259,t1-pmed11-r10-R25-theta0.5-bbnc-i-linear-coloc-tl3600.out,,T1,,,,,0,300
pmed,B&C-B,Bin,ColocOn,,11,10,25,0.5,,OPTIMAL,0.36,3,0,0,,95.44963,5,0,5,1,500,1020,94.2,96.699259,t1-pmed11-r10-R25-theta0.5-bnc-b-linear-coloc-tl3600.out,,T1,,,,,0,300
pmed,Str1+VI1,Int,ColocOn,Str1+VI1+LocalSearch1,11,10,25,0.8,,OPTIMAL,0.12,0,0,0,,94.699852,5,0,5,1,1133,1129,94.2,96.699259,t1-pmed11-r10-R25-theta0.8-bbnc-i-e-l-linear-coloc-tl3600.out,,T1,,,,,0,300
pmed,Str1+VI0,Int,ColocOn,Str1+VI0,11,10,25,0.8,,OPTIMAL,0.11,0,0,0,,94.699852,5,0,5,1,1133,898,94.2,96.699259,t1-pmed11-r10-R25-theta0.8-bbnc-i-e-linear-coloc-tl3600.out,,T1,,,,,0,300
pmed,Str0+VI1,Int,ColocOn,Str0+VI1,11,10,25,0.8,,OPTIMAL,0.13,0,0,0,,94.699852,5,0,5,1,1133,1143,94.2,96.699259,t1-pmed11-r10-R25-theta0.8-bbnc-i-l-linear-coloc-tl3600.out,,T1,,,,,0,300
pmed,Str0+VI0,Int,ColocOn,Str0+VI0,11,10,25,0.8,,OPTIMAL,0.11,0,0,0,,94.699852,5,0,5,1,1133,942,94.2,96.699259,t1-pmed11-r10-R25-theta0.8-bbnc-i-linear-coloc-tl3600.out,,T1,,,,,0,300
pmed,B&C-B,Bin,ColocOn,,11,10,25,0.8,,OPTIMAL,0.42,2,0,0,,94.699852,5,0,5,1,502,1228,94.2,96.699259,t1-pmed11-r10-R25-theta0.8-bnc-b-linear-coloc-tl3600.out,,T1,,,,,0,300
pmed,Str1+VI1,Int,ColocOn,Str1+VI1+LocalSearch1,11,5,20,0.2,,OPTIMAL,0.28,3,0,0,,62.527526,5,0,5,1,524,1272,61.333333,62.826074,t1-pmed11-r5-R20-theta0.2-bbnc-i-e-l-linear-coloc-tl3600.out,,T1,,,,,0,300
pmed,Str1+VI0,Int,ColocOn,Str1+VI0,11,5,20,0.2,,OPTIMAL,0.35,34,0,1.1918878735103,,62.527526,5,0,5,1,611,1172,61.333333,62.826074,t1-pmed11-r5-R20-theta0.2-bbnc-i-e-linear-coloc-tl3600.out,,T1,,,,,0,300
pmed,Str0+VI1,Int,ColocOn,Str0+VI1,11,5,20,0.2,,OPTIMAL,0.24,3,0,0,,62.527526,5,0,5,1,466,1320,61.333333,62.826074,t1-pmed11-r5-R20-theta0.2-bbnc-i-l-linear-coloc-tl3600.out,,T1,,,,,0,300
pmed,Str0+VI0,Int,ColocOn,Str0+VI0,11,5,20,0.2,,OPTIMAL,0.4,59,0,1.34748974395692,,62.527526,5,0,5,1,581,1222,61.333333,62.826074,t1-pmed11-r5-R20-theta0.2-bbnc-i-linear-coloc-tl3600.out,,T1,,,,,0,300
pmed,B&C-B,Bin,ColocOn,,11,5,20,0.2,,OPTIMAL,0.68,27,0,0.805197378191487,,62.527526,5,0,5,1,574,1116,61.333333,62.826074,t1-pmed11-r5-R20-theta0.2-bnc-b-linear-coloc-tl3600.out,,T1,,,,,0,300
pmed,Str1+VI1,Int,ColocOn,Str1+VI1+LocalSearch1,11,5,20,0.5,,OPTIMAL,0.14,0,0,0,,62.079704,5,0,5,1,1128,1126,61.333333,62.826074,t1-pmed11-r5-R20-theta0.5-bbnc-i-e-l-linear-coloc-tl3600.out,,T1,,,,,0,300
pmed,Str1+VI0,Int,ColocOn,Str1+VI0,11,5,20,0.5,,OPTIMAL,0.16,2,0,0,,62.079704,5,0,5,1,575,942,61.333333,62.826074,t1-pmed11-r5-R20-theta0.5-bbnc-i-e-linear-coloc-tl3600.out,,T1,,,,,0,300
pmed,Str0+VI1,Int,ColocOn,Str0+VI1,11,5,20,0.5,,OPTIMAL,0.11,0,0,0,,62.079704,5,0,5,1,1128,1141,61.333333,62.826074,t1-pmed11-r5-R20-theta0.5-bbnc-i-l-linear-coloc-tl3600.out,,T1,,,,,0,300
pmed,Str0+VI0,Int,ColocOn,Str0+VI0,11,5,20,0.5,,OPTIMAL,0.21,8,0,0.113463814196026,,62.079704,5,0,5,1,582,948,61.333333,62.826074,t1-pmed11-r5-R20-theta0.5-bbnc-i-linear-coloc-tl3600.out,,T1,,,,,0,300
pmed,B&C-B,Bin,ColocOn,,11,5,20,0.5,,OPTIMAL,0.61,6,0,0.0157313894409017,,62.079704,5,0,5,1,493,992,61.333333,62.826074,t1-pmed11-r5-R20-theta0.5-bnc-b-linear-coloc-tl3600.out,,T1,,,,,0,300
pmed,Str1+VI1,Int,ColocOn,Str1+VI1+LocalSearch1,11,5,20,0.8,,OPTIMAL,0.11,0,0,0,,61.631881,5,0,5,1,1128,1047,61.333333,62.826074,t1-pmed11-r5-R20-theta0.8-bbnc-i-e-l-linear-coloc-tl3600.out,,T1,,,,,0,300
pmed,Str1+VI0,Int,ColocOn,Str1+VI0,11,5,20,0.8,,OPTIMAL,0.07,0,0,0,,61.631881,5,0,5,1,1128,850,61.333333,62.826074,t1-pmed11-r5-R20-theta0.8-bbnc-i-e-linear-coloc-tl3600.out,,T1,,,,,0,300
pmed,Str0+VI1,Int,ColocOn,Str0+VI1,11,5,20,0.8,,OPTIMAL,0.09,0,0,0,,61.631881,5,0,5,1,1128,1041,61.333333,62.826074,t1-pmed11-r5-R20-theta0.8-bbnc-i-l-linear-coloc-tl3600.out,,T1,,,,,0,300
pmed,Str0+VI0,Int,ColocOn,Str0+VI0,11,5,20,0.8,,OPTIMAL,0.07,0,0,0,,61.631881,5,0,5,1,1128,847,61.333333,62.826074,t1-pmed11-r5-R20-theta0.8-bbnc-i-linear-coloc-tl3600.out,,T1,,,,,0,300
pmed,B&C-B,Bin,ColocOn,,11,5,20,0.8,,OPTIMAL,0.14,0,0,0,,61.631881,5,0,5,1,1390,869,61.333333,62.826074,t1-pmed11-r5-R20-theta0.8-bnc-b-linear-coloc-tl3600.out,,T1,,,,,0,300
pmed,Str1+VI1,Int,ColocOn,Str1+VI1+LocalSearch1,12,10,25,0.2,,OPTIMAL,0.53,6,0,0.00421459658183655,,121.767289,10,0,10,1,799,1884,118.6,122.559111,t1-pmed12-r10-R25-theta0.2-bbnc-i-e-l-linear-coloc-tl3600.out,,T1,,,,,0,300
pmed,Str1+VI0,Int,ColocOn,Str1+VI0,12,10,25,0.2,,OPTIMAL,2.71,348,0,1.32626094681305,,121.767289,10,0,10,1,1138,1964,118.6,122.559111,t1-pmed12-r10-R25-theta0.2-bbnc-i-e-linear-coloc-tl3600.out,,T1,,,,,0,300
pmed,Str0+VI1,Int,ColocOn,Str0+VI1,12,10,25,0.2,,OPTIMAL,0.57,3,0,0,,121.767289,10,0,10,1,676,1995,118.6,122.559111,t1-pmed12-r10-R25-theta0.2-bbnc-i-l-linear-coloc-tl3600.out,,T1,,,,,0,300
pmed,Str0+VI0,Int,ColocOn,Str0+VI0,12,10,25,0.2,,OPTIMAL,4.07,669,0,1.08390193363013,,121.767289,10,0,10,1,816,2527,118.6,122.559111,t1-pmed12-r10-R25-theta0.2-bbnc-i-linear-coloc-tl3600.out,,T1,,,,,0,300
pmed,B&C-B,Bin,ColocOn,,12,10,25,0.2,,OPTIMAL,1.29,67,0,0.557980723378009,,121.767289,10,0,10,1,877,1704,118.6,122.559111,t1-pmed12-r10-R25-theta0.2-bnc-b-linear-coloc-tl3600.out,,T1,,,,,0,300
pmed,Str1+VI1,Int,ColocOn,Str1+VI1+LocalSearch1,12,10,25,0.5,,OPTIMAL,0.36,0,0,0,,120.579556,10,0,10,1,812,1720,118.6,122.559111,t1-pmed12-r10-R25-theta0.5-bbnc-i-e-l-linear-coloc-tl3600.out,,T1,,,,,0,300
pmed,Str1+VI0,Int,ColocOn,Str1+VI0,12,10,25,0.5,,OPTIMAL,0.84,45,0,0.414282500758263,,120.579556,10,0,10,1,740,1611,118.6,122.559111,t1-pmed12-r10-R25-theta0.5-bbnc-i-e-linear-coloc-tl3600.out,,T1,,,,,0,300
pmed,Str0+VI1,Int,ColocOn,Str0+VI1,12,10,25,0.5,,OPTIMAL,0.35,0,0,0,,120.579556,10,0,10,1,785,1703,118.6,122.559111,t1-pmed12-r10-R25-theta0.5-bbnc-i-l-linear-coloc-tl3600.out,,T1,,,,,0,300
pmed,Str0+VI0,Int,ColocOn,Str0+VI0,12,10,25,0.5,,OPTIMAL,1.37,89,0,0.554806322225964,,120.579556,10,0,10,1,752,1877,118.6,122.559111,t1-pmed12-r10-R25-theta0.5-bbnc-i-linear-coloc-tl3600.out,,T1,,,,,0,300
pmed,B&C-B,Bin,ColocOn,,12,10,25,0.5,,OPTIMAL,0.9,33,0,0.170612670028411,,120.579556,10,0,10,1,682,1439,118.6,122.559111,t1-pmed12-r10-R25-theta0.5-bnc-b-linear-coloc-tl3600.out,,T1,,,,,0,300
pmed,Str1+VI1,Int,ColocOn,Str1+VI1+LocalSearch1,12,10,25,0.8,,OPTIMAL,0.27,0,0,0,,119.391822,10,0,10,1,641,1532,118.6,122.559111,t1-pmed12-r10-R25-theta0.8-bbnc-i-e-l-linear-coloc-tl3600.out,,T1,,,,,0,300
pmed,Str1+VI0,Int,ColocOn,Str1+VI0,12,10,25,0.8,,OPTIMAL,0.34,14,0,0.148545350116193,,119.391822,10,0,10,1,801,1260,118.6,122.559111,t1-pmed12-r10-R25-theta0.8-bbnc-i-e-linear-coloc-tl3600.out,,T1,,,,,0,300
pmed,Str0+VI1,Int,ColocOn,Str0+VI1,12,10,25,0.8,,OPTIMAL,0.32,0,0,0,,119.391822,10,0,10,1,740,1585,118.6,122.559111,t1-pmed12-r10-R25-theta0.8-bbnc-i-l-linear-coloc-tl3600.out,,T1,,,,,0,300
pmed,Str0+VI0,Int,ColocOn,Str0+VI0,12,10,25,0.8,,OPTIMAL,0.48,27,0,0.201333722840747,,119.391822,10,0,10,1,824,1348,118.6,122.559111,t1-pmed12-r10-R25-theta0.8-bbnc-i-linear-coloc-tl3600.out,,T1,,,,,0,300
pmed,B&C-B,Bin,ColocOn,,12,10,25,0.8,,OPTIMAL,0.52,2,0,0,,119.391822,10,0,10,1,563,1324,118.6,122.559111,t1-pmed12-r10-R25-theta0.8-bnc-b-linear-coloc-tl3600.out,,T1,,,,,0,300
pmed,Str1+VI1,Int,ColocOn,Str1+VI1+LocalSearch1,12,5,20,0.2,,OPTIMAL,0.26,9,0,0.0914378884182427,,80.006222,10,0,10,1,653,1352,79,80.257778,t1-pmed12-r5-R20-theta0.2-bbnc-i-e-l-linear-coloc-tl3600.out,,T1,,,,,0,300
pmed,Str1+VI0,Int,ColocOn,Str1+VI0,12,5,20,0.2,,OPTIMAL,0.63,138,0,1.47109058592969,,80.006222,10,0,10,1,788,1227,79,80.257778,t1-pmed12-r5-R20-theta0.2-bbnc-i-e-linear-coloc-tl3600.out,,T1,,,,,0,300
pmed,Str0+VI1,Int,ColocOn,Str0+VI1,12,5,20,0.2,,OPTIMAL,0.29,12,0,0.111128856953166,,80.006222,10,0,10,1,648,1461,79,80.257778,t1-pmed12-r5-R20-theta0.2-bbnc-i-l-linear-coloc-tl3600.out,,T1,,,,,0,300
pmed,Str0+VI0,Int,ColocOn,Str0+VI0,12,5,20,0.2,,OPTIMAL,1.42,408,0,1.41073278025802,,80.006222,10,0,10,1,785,1293,79,80.257778,t1-pmed12-r5-R20-theta0.2-bbnc-i-linear-coloc-tl3600.out,,T1,,,,,0,300
pmed,B&C-B,Bin,ColocOn,,12,5,20,0.2,,OPTIMAL,0.44,21,0,0.147222299785643,,80.006222,10,0,10,1,508,1198,79,80.257778,t1-pmed12-r5-R20-theta0.2-bnc-b-linear-coloc-tl3600.out,,T1,,,,,0,300
pmed,Str1+VI1,Int,ColocOn,Str1+VI1+LocalSearch1,12,5,20,0.5,,OPTIMAL,0.15,0,0,0,,79.628889,10,0,10,1,630,1182,79,80.257778,t1-pmed12-r5-R20-theta0.5-bbnc-i-e-l-linear-coloc-tl3600.out,,T1,,,,,0,300
pmed,Str1+VI0,Int,ColocOn,Str1+VI0,12,5,20,0.5,,OPTIMAL,0.26,22,0,0.412096670091678,,79.628889,10,0,10,1,693,1003,79,80.257778,t1-pmed12-r5-R20-theta0.5-bbnc-i-e-linear-coloc-tl3600.out,,T1,,,,,0,300
pmed,Str0+VI1,Int,ColocOn,Str0+VI1,12,5,20,0.5,,OPTIMAL,0.21,0,0,0,,79.628889,10,0,10,1,563,1194,79,80.257778,t1-pmed12-r5-R20-theta0.5-bbnc-i-l-linear-coloc-tl3600.out,,T1,,,,,0,300
pmed,Str0+VI0,Int,ColocOn,Str0+VI0,12,5,20,0.5,,OPTIMAL,0.31,44,0,0.506200708137467,,79.628889,10,0,10,1,664,1011,79,80.257778,t1-pmed12-r5-R20-theta0.5-bbnc-i-linear-coloc-tl3600.out,,T1,,,,,0,300
pmed,B&C-B,Bin,ColocOn,,12,5,20,0.5,,OPTIMAL,0.32,10,0,0.0779742136048109,,79.628889,10,0,10,1,474,1124,79,80.257778,t1-pmed12-r5-R20-theta0.5-bnc-b-linear-coloc-tl3600.out,,T1,,,,,0,300
pmed,Str1+VI1,Int,ColocOn,Str1+VI1+LocalSearch1,12,5,20,0.8,,OPTIMAL,0.14,0,0,0,,79.251556,10,0,10,1,587,1118,79,80.257778,t1-pmed12-r5-R20-theta0.8-bbnc-i-e-l-linear-coloc-tl3600.out,,T1,,,,,0,300
pmed,Str1+VI0,Int,ColocOn,Str1+VI0,12,5,20,0.8,,OPTIMAL,0.17,5,0,0.0366995948950316,,79.251556,10,0,10,1,638,982,79,80.257778,t1-pmed12-r5-R20-theta0.8-bbnc-i-e-linear-coloc-tl3600.out,,T1,,,,,0,300
pmed,Str0+VI1,Int,ColocOn,Str0+VI1,12,5,20,0.8,,OPTIMAL,0.15,0,0,0,,79.251556,10,0,10,1,1134,1144,79,80.257778,t1-pmed12-r5-R20-theta0.8-bbnc-i-l-linear-coloc-tl3600.out,,T1,,,,,0,300
pmed,Str0+VI0,Int,ColocOn,Str0+VI0,12,5,20,0.8,,OPTIMAL,0.19,7,0,0.0663923872990104,,79.251556,10,0,10,1,702,1002,79,80.257778,t1-pmed12-r5-R20-theta0.8-bbnc-i-linear-coloc-tl3600.out,,T1,,,,,0,300
pmed,B&C-B,Bin,ColocOn,,12,5,20,0.8,,OPTIMAL,0.15,0,0,0,,79.251556,10,0,10,1,1424,890,79,80.257778,t1-pmed12-r5-R20-theta0.8-bnc-b-linear-coloc-tl3600.out,,T1,,,,,0,300
pmed,Str1+VI1,Int,ColocOn,Str1+VI1+LocalSearch1,13,10,25,0.2,,OPTIMAL,1.64,66,0,0.31314217605712,,200.248337,30,0,30,1,1148,3003,195.333333,201.477088,t1-pmed13-r10-R25-theta0.2-bbnc-i-e-l-linear-coloc-tl3600.out,,T1,,,,,0,300
pmed,Str1+VI0,Int,ColocOn,Str1+VI0,13,10,25,0.2,,OPTIMAL,17.41,1897,0,1.1153645685457,,200.248337,30,0,30,1,1148,2320,195.333333,201.477088,t1-pmed13-r10-R25-theta0.2-bbnc-i-e-linear-coloc-tl3600.out,,T1,,,,,0,300
pmed,Str0+VI1,Int,ColocOn,Str0+VI1,13,10,25,0.2,,OPTIMAL,2.53,109,0,0.365301910097766,,200.248337,30,0,30,1,1148,3305,195.333333,201.477088,t1-pmed13-r10-R25-theta0.2-bbnc-i-l-linear-coloc-tl3600.out,,T1,,,,,0,300
pmed,Str0+VI0,Int,ColocOn,Str0+VI0,13,10,25,0.2,,OPTIMAL,28.32,3934,0,1.34819396777313,,200.248337,30,0,30,1,1148,3197,195.333333,201.477088,t1-pmed13-r10-R25-theta0.2-bbnc-i-linear-coloc-tl3600.out,,T1,,,,,0,300
pmed,B&C-B,Bin,ColocOn,,13,10,25,0.2,,OPTIMAL,51.34,2198,0,1.19152350313901,,200.248337,30,0,30,1,6515,2939,195.333333,201.477088,t1-pmed13-r10-R25-theta0.2-bnc-b-linear-coloc-tl3600.out,,T1,,,,,0,300
pmed,Str1+VI1,Int,ColocOn,Str1+VI1+LocalSearch1,13,10,25,0.5,,OPTIMAL,0.9,27,0,0.0246349376378045,,198.405211,30,0,30,1,1148,2179,195.333333,201.477088,t1-pmed13-r10-R25-theta0.5-bbnc-i-e-l-linear-coloc-tl3600.out,,T1,,,,,0,300
pmed,Str1+VI0,Int,ColocOn,Str1+VI0,13,10,25,0.5,,OPTIMAL,2.56,458,0,0.415021861497371,,198.405211,30,0,30,1,1148,1507,195.333333,201.477088,t1-pmed13-r10-R25-theta0.5-bbnc-i-e-linear-coloc-tl3600.out,,T1,,,,,0,300
pmed,Str0+VI1,Int,ColocOn,Str0+VI1,13,10,25,0.5,,OPTIMAL,0.73,18,0,0.0370111246725253,,198.405211,30,0,30,1,1148,2043,195.333333,201.477088,t1-pmed13-r10-R25-theta0.5-bbnc-i-l-linear-coloc-tl3600.out,,T1,,,,,0,300
pmed,Str0+VI0,Int,ColocOn,Str0+VI0,13,10,25,0.5,,OPTIMAL,6.35,991,0,0.436593875550973,,198.405211,30,0,30,1,1148,1771,195.333333,201.477088,t1-pmed13-r10-R25-theta0.5-bbnc-i-linear-coloc-tl3600.out,,T1,,,,,0,300
pmed,B&C-B,Bin,ColocOn,,13,10,25,0.5,,OPTIMAL,7.16,198,0,0.354510346000935,,198.405211,30,0,30,1,6461,2012,195.333333,201.477088,t1-pmed13-r10-R25-theta0.5-bnc-b-linear-coloc-tl3600.out,,T1,,,,,0,300
pmed,Str1+VI1,Int,ColocOn,Str1+VI1+LocalSearch1,13,10,25,0.8,,OPTIMAL,0.25,0,0,0,,196.562084,30,0,30,1,1148,1583,195.333333,201.477088,t1-pmed13-r10-R25-theta0.8-bbnc-i-e-l-linear-coloc-tl3600.out,,T1,,,,,0,300
pmed,Str1+VI0,Int,ColocOn,Str1+VI0,13,10,25,0.8,,OPTIMAL,0.33,18,0,0.0380627832578311,,196.562084,30,0,30,1,1148,1100,195.333333,201.477088,t1-pmed13-r10-R25-theta0.8-bbnc-i-e-linear-coloc-tl3600.out,,T1,,,,,0,300
pmed,Str0+VI1,Int,ColocOn,Str0+VI1,13,10,25,0.8,,OPTIMAL,0.24,0,0,0,,196.562084,30,0,30,1,1148,1533,195.333333,201.477088,t1-pmed13-r10-R25-theta0.8-bbnc-i-l-linear-coloc-tl3600.out,,T1,,,,,0,300
pmed,Str0+VI0,Int,ColocOn,Str0+VI0,13,10,25,0.8,,OPTIMAL,0.82,83,0,0.0456634352737081,,196.562084,30,0,30,1,1148,1313,195.333333,201.477088,t1-pmed13-r10-R25-theta0.8-bbnc-i-linear-coloc-tl3600.out,,T1,,,,,0,300
pmed,B&C-B,Bin,ColocOn,,13,10,25,0.8,,OPTIMAL,2.16,11,0,0.0337552383703868,,196.562084,30,0,30,1,3429,1305,195.333333,201.477088,t1-pmed13-r10-R25-theta0.8-bnc-b-linear-coloc-tl3600.out,,T1,,,,,0,300
pmed,Str1+VI1,Int,ColocOn,Str1+VI1+LocalSearch1,13,5,20,0.2,,OPTIMAL,2.42,171,0,0.510700169266386,,154.428772,30,0,30,1,1136,3393,149.666667,155.619299,t1-pmed13-r5-R20-theta0.2-bbnc-i-e-l-linear-coloc-tl3600.out,,T1,,,,,0,300
pmed,Str1+VI0,Int,ColocOn,Str1+VI0,13,5,20,0.2,,OPTIMAL,15.54,3193,0,1.53920734408221,,154.428772,30,0,30,1,1134,2126,149.666667,155.619299,t1-pmed13-r5-R20-theta0.2-bbnc-i-e-linear-coloc-tl3600.out,,T1,,,,,0,300
pmed,Str0+VI1,Int,ColocOn,Str0+VI1,13,5,20,0.2,,OPTIMAL,5.64,442,0,0.626593080724613,,154.428772,30,0,30,1,1136,3799,149.666667,155.619299,t1-pmed13-r5-R20-theta0.2-bbnc-i-l-linear-coloc-tl3600.out,,T1,,,,,0,300
pmed,Str0+VI0,Int,ColocOn,Str0+VI0,13,5,20,0.2,,OPTIMAL,23.75,4529,0,1.88220625104757,,154.428772,30,0,30,1,1136,2423,149.666667,155.619299,t1-pmed13-r5-R20-theta0.2-bbnc-i-linear-coloc-tl3600.out,,T1,,,,,0,300
pmed,B&C-B,Bin,ColocOn,,13,5,20,0.2,,OPTIMAL,61.63,2982,0,1.82877967843972,,154.428772,30,0,30,1,2816,3286,149.666667,155.619299,t1-pmed13-r5-R20-theta0.2-bnc-b-linear-coloc-tl3600.out,,T1,,,,,0,300
pmed,Str1+VI1,Int,ColocOn,Str1+VI1+LocalSearch1,13,5,20,0.5,,OPTIMAL,0.68,23,0,0.119089211554811,,152.751872,30,0,30,1,839,2289,150,155.503743,t1-pmed13-r5-R20-theta0.5-bbnc-i-e-l-linear-coloc-tl3600.out,,T1,,,,,0,300
pmed,Str1+VI0,Int,ColocOn,Str1+VI0,13,5,20,0.5,,OPTIMAL,3.6,1232,0,0.559323423545343,,152.751872,30,0,30,1,1136,1545,150,155.503743,t1-pmed13-r5-R20-theta0.5-bbnc-i-e-linear-coloc-tl3600.out,,T1,,,,,0,300
pmed,Str0+VI1,Int,ColocOn,Str0+VI1,13,5,20,0.5,,OPTIMAL,0.75,24,0,0.126393868351419,,152.751872,30,0,30,1,1136,2481,150,155.503743,t1-pmed13-r5-R20-theta0.5-bbnc-i-l-linear-coloc-tl3600.out,,T1,,,,,0,300
pmed,Str0+VI0,Int,ColocOn,Str0+VI0,13,5,20,0.5,,OPTIMAL,9.19,1607,0,0.70719460642682,,152.751872,30,0,30,1,1039,1811,150,155.503743,t1-pmed13-r5-R20-theta0.5-bbnc-i-linear-coloc-tl3600.out,,T1,,,,,0,300
pmed,B&C-B,Bin,ColocOn,,13,5,20,0.5,,OPTIMAL,4.59,177,0,0.483588181492152,,152.751872,30,0,30,1,3902,1839,150,155.503743,t1-pmed13-r5-R20-theta0.5-bnc-b-linear-coloc-tl3600.out,,T1,,,,,0,300
pmed,Str1+VI1,Int,ColocOn,Str1+VI1+LocalSearch1,13,5,20,0.8,,OPTIMAL,0.39,3,0,0,,151.100749,30,0,30,1,789,1638,150,155.503743,t1-pmed13-r5-R20-theta0.8-bbnc-i-e-l-linear-coloc-tl3600.out,,T1,,,,,0,300
pmed,Str1+VI0,Int,ColocOn,Str1+VI0,13,5,20,0.8,,OPTIMAL,0.4,64,0,0.0894191464265937,,151.100749,30,0,30,1,804,1306,150,155.503743,t1-pmed13-r5-R20-theta0.8-bbnc-i-e-linear-coloc-tl3600.out,,T1,,,,,0,300
pmed,Str0+VI1,Int,ColocOn,Str0+VI1,13,5,20,0.8,,OPTIMAL,0.37,4,0,0.00242619578277623,,151.100749,30,0,30,1,757,1752,150,155.503743,t1-pmed13-r5-R20-theta0.8-bbnc-i-l-linear-coloc-tl3600.out,,T1,,,,,0,300
pmed,Str0+VI0,Int,ColocOn,Str0+VI0,13,5,20,0.8,,OPTIMAL,0.5,49,0,0.0743609814932124,,151.100749,30,0,30,1,819,1321,150,155.503743,t1-pmed13-r5-R20-theta0.8-bbnc-i-linear-coloc-tl3600.out,,T1,,,,,0,300
pmed,B&C-B,Bin,ColocOn,,13,5,20,0.8,,OPTIMAL,1.61,20,0,0.0617945315413281,,151.100749,30,0,30,1,883,1580,150,155.503743,t1-pmed13-r5-R20-theta0.8-bnc-b-linear-coloc-tl3600.out,,T1,,,,,0,300
pmed,Str1+VI1,Int,ColocOn,Str1+VI1+LocalSearch1,14,10,25,0.2,,OPTIMAL,11.09,632,0,0.195676121968701,,247.41956,60,0,60,1,1138,4601,241.4,248.92445,t1-pmed14-r10-R25-theta0.2-bbnc-i-e-l-linear-coloc-tl3600.out,,T1,,,,,0,300
pmed,Str1+VI0,Int,ColocOn,Str1+VI0,14,10,25,0.2,,OPTIMAL,21.1,2604,0,0.766713821165707,,247.419304,60,0,60,1,1138,3015,241.4,248.92413,t1-pmed14-r10-R25-theta0.2-bbnc-i-e-linear-coloc-tl3600.out,,T1,,,,,0,300
pmed,Str0+VI1,Int,ColocOn,Str0+VI1,14,10,25,0.2,,OPTIMAL,12.82,431,0,0.228615716558546,,247.41956,60,0,60,1,1138,6021,241.4,248.92445,t1-pmed14-r10-R25-theta0.2-bbnc-i-l-linear-coloc-tl3600.out,,T1,,,,,0,300
pmed,Str0+VI0,Int,ColocOn,Str0+VI0,14,10,25,0.2,,OPTIMAL,41.85,7056,0,1.04354791976942,,247.419304,60,0,60,1,1138,3306,241.4,248.92413,t1-pmed14-r10-R25-theta0.2-bbnc-i-linear-coloc-tl3600.out,,T1,,,,,0,300
pmed,B&C-B,Bin,ColocOn,,14,10,25,0.2,,TIME_LIMIT,3600,121745,0.146745393869824,0.936724787237595,,247.404257,60,0,60,1,9796,4546,241.4,248.905321,t1-pmed14-r10-R25-theta0.2-bnc-b-linear-coloc-tl3600.out,,T1,,,,,0,300
pmed,Str1+VI1,Int,ColocOn,Str1+VI1+LocalSearch1,14,10,25,0.5,,OPTIMAL,1.06,111,0,0.101832273340914,,245.202225,60,0,60,1,1138,2468,241.6,248.80445,t1-pmed14-r10-R25-theta0.5-bbnc-i-e-l-linear-coloc-tl3600.out,,T1,,,,,0,300
pmed,Str1+VI0,Int,ColocOn,Str1+VI0,14,10,25,0.5,,OPTIMAL,6.55,1303,0,0.254844917394968,,245.202065,60,0,60,1,1126,1666,241.6,248.80413,t1-pmed14-r10-R25-theta0.5-bbnc-i-e-linear-coloc-tl3600.out,,T1,,,,,0,300
pmed,Str0+VI1,Int,ColocOn,Str0+VI1,14,10,25,0.5,,OPTIMAL,1.82,130,0,0.0974199969025586,,245.202225,60,0,60,1,1138,2765,241.6,248.80445,t1-pmed14-r10-R25-theta0.5-bbnc-i-l-linear-coloc-tl3600.out,,T1,,,,,0,300
pmed,Str0+VI0,Int,ColocOn,Str0+VI0,14,10,25,0.5,,OPTIMAL,9.48,1617,0,0.33318968989923,,245.202065,60,0,60,1,1133,2075,241.6,248.80413,t1-pmed14-r10-R25-theta0.5-bbnc-i-linear-coloc-tl3600.out,,T1,,,,,0,300
pmed,B&C-B,Bin,ColocOn,,14,10,25,0.5,,OPTIMAL,26.28,1495,0,0.249798304236437,,245.202225,60,0,60,1,3986,2098,241.6,248.80445,t1-pmed14-r10-R25-theta0.5-bnc-b-linear-coloc-tl3600.out,,T1,,,,,0,300
pmed,Str1+VI1,Int,ColocOn,Str1+VI1+LocalSearch1,14,10,25,0.8,,OPTIMAL,0.6,43,0,0.0184581569620621,,243.469595,60,0,60,1,1138,1918,242.4,247.747973,t1-pmed14-r10-R25-theta0.8-bbnc-i-e-l-linear-coloc-tl3600.out,,T1,,,,,0,300
pmed,Str1+VI0,Int,ColocOn,Str1+VI0,14,10,25,0.8,,OPTIMAL,2.82,1011,0,0.0621712291383267,,243.469531,60,0,60,1,987,1286,242.4,247.747653,t1-pmed14-r10-R25-theta0.8-bbnc-i-e-linear-coloc-tl3600.out,,T1,,,,,0,300
pmed,Str0+VI1,Int,ColocOn,Str0+VI1,14,10,25,0.8,,OPTIMAL,0.76,46,0,0.0206645926362965,,243.469595,60,0,60,1,1138,2096,242.4,247.747973,t1-pmed14-r10-R25-theta0.8-bbnc-i-l-linear-coloc-tl3600.out,,T1,,,,,0,300
pmed,Str0+VI0,Int,ColocOn,Str0+VI0,14,10,25,0.8,,OPTIMAL,1.27,290,0,0.0686549973269594,,243.469531,60,0,60,1,1138,1448,242.4,247.747653,t1-pmed14-r10-R25-theta0.8-bbnc-i-linear-coloc-tl3600.out,,T1,,,,,0,300
pmed,B&C-B,Bin,ColocOn,,14,10,25,0.8,,OPTIMAL,19.48,1040,0,0.0350027279586964,,243.469595,60,0,60,1,773,1976,242.4,247.747973,t1-pmed14-r10-R25-theta0.8-bnc-b-linear-coloc-tl3600.out,,T1,,,,,0,300
pmed,Str1+VI1,Int,ColocOn,Str1+VI1+LocalSearch1,14,5,20,0.2,,OPTIMAL,5.95,422,0,0.264307480086856,,207.545772,60,0,60,1,1128,4173,202.066667,208.915549,t1-pmed14-r5-R20-theta0.2-bbnc-i-e-l-linear-coloc-tl3600.out,,T1,,,,,0,300
pmed,Str1+VI0,Int,ColocOn,Str1+VI0,14,5,20,0.2,,OPTIMAL,26.54,4766,0,1.14213167397117,,207.545772,60,0,60,1,1128,3025,202.066667,208.915549,t1-pmed14-r5-R20-theta0.2-bbnc-i-e-linear-coloc-tl3600.out,,T1,,,,,0,300
pmed,Str0+VI1,Int,ColocOn,Str0+VI1,14,5,20,0.2,,OPTIMAL,9.38,635,0,0.304719288620341,,207.545772,60,0,60,1,1128,4867,202.066667,208.915549,t1-pmed14-r5-R20-theta0.2-bbnc-i-l-linear-coloc-tl3600.out,,T1,,,,,0,300
pmed,Str0+VI0,Int,ColocOn,Str0+VI0,14,5,20,0.2,,OPTIMAL,45.78,9436,0,1.46644182180691,,207.545772,60,0,60,1,1128,3249,202.066667,208.915549,t1-pmed14-r5-R20-theta0.2-bbnc-i-linear-coloc-tl3600.out,,T1,,,,,0,300
pmed,B&C-B,Bin,ColocOn,,14,5,20,0.2,,OPTIMAL,3001.86,174610,0,1.04374325678868,,207.545772,60,0,60,1,7528,4050,202.066667,208.915549,t1-pmed14-r5-R20-theta0.2-bnc-b-linear-coloc-tl3600.out,,T1,,,,,0,300
pmed,Str1+VI1,Int,ColocOn,Str1+VI1+LocalSearch1,14,5,20,0.5,,OPTIMAL,0.69,13,0,0.0291325070190859,,205.588211,60,0,60,1,1128,2515,202.6,208.576422,t1-pmed14-r5-R20-theta0.5-bbnc-i-e-l-linear-coloc-tl3600.out,,T1,,,,,0,300
pmed,Str1+VI0,Int,ColocOn,Str1+VI0,14,5,20,0.5,,OPTIMAL,7.17,2097,0,0.379517383902919,,205.588211,60,0,60,1,1119,1555,202.6,208.576422,t1-pmed14-r5-R20-theta0.5-bbnc-i-e-linear-coloc-tl3600.out,,T1,,,,,0,300
pmed,Str0+VI1,Int,ColocOn,Str0+VI1,14,5,20,0.5,,OPTIMAL,0.8,15,0,0.03008976035109,,205.588211,60,0,60,1,1128,2496,202.6,208.576422,t1-pmed14-r5-R20-theta0.5-bbnc-i-l-linear-coloc-tl3600.out,,T1,,,,,0,300
pmed,Str0+VI0,Int,ColocOn,Str0+VI0,14,5,20,0.5,,OPTIMAL,7.17,1188,0,0.483139570682875,,205.588211,60,0,60,1,1128,1952,202.6,208.576422,t1-pmed14-r5-R20-theta0.5-bbnc-i-linear-coloc-tl3600.out,,T1,,,,,0,300
pmed,B&C-B,Bin,ColocOn,,14,5,20,0.5,,OPTIMAL,14.39,625,0,0.228808839627483,,205.588211,60,0,60,1,2620,2058,202.6,208.576422,t1-pmed14-r5-R20-theta0.5-bnc-b-linear-coloc-tl3600.out,,T1,,,,,0,300
pmed,Str1+VI1,Int,ColocOn,Str1+VI1+LocalSearch1,14,5,20,0.8,,OPTIMAL,0.43,3,0,0,,203.813062,60,0,60,1,800,1792,202.666667,208.398644,t1-pmed14-r5-R20-theta0.8-bbnc-i-e-l-linear-coloc-tl3600.out,,T1,,,,,0,300
pmed,Str1+VI0,Int,ColocOn,Str1+VI0,14,5,20,0.8,,OPTIMAL,1.13,328,0,0.0643761487671429,,203.813062,60,0,60,1,1128,1331,202.666667,208.398644,t1-pmed14-r5-R20-theta0.8-bbnc-i-e-linear-coloc-tl3600.out,,T1,,,,,0,300
pmed,Str0+VI1,Int,ColocOn,Str0+VI1,14,5,20,0.8,,OPTIMAL,0.38,6,0,0.00611737043624032,,203.813062,60,0,60,1,1128,1818,202.666667,208.398644,t1-pmed14-r5-R20-theta0.8-bbnc-i-l-linear-coloc-tl3600.out,,T1,,,,,0,300
pmed,Str0+VI0,Int,ColocOn,Str0+VI0,14,5,20,0.8,,OPTIMAL,1.81,588,0,0.0831624815096539,,203.813062,60,0,60,1,1128,1391,202.666667,208.398644,t1-pmed14-r5-R20-theta0.8-bbnc-i-linear-coloc-tl3600.out,,T1,,,,,0,300
pmed,B&C-B,Bin,ColocOn,,14,5,20,0.8,,OPTIMAL,2.86,50,0,0.0139593604653218,,203.813062,60,0,60,1,698,1880,202.666667,208.398644,t1-pmed14-r5-R20-theta0.8-bnc-b-linear-coloc-tl3600.out,,T1,,,,,0,300
pmed,Str1+VI1,Int,ColocOn,Str1+VI1+LocalSearch1,15,10,25,0.2,,OPTIMAL,674.89,47690,0,0.382702935400788,,286.007997,100,0,100,1,1152,8110,276.533333,288.376663,t1-pmed15-r10-R25-theta0.2-bbnc-i-e-l-linear-coloc-tl3600.out,,T1,,,,,0,300
pmed,Str1+VI0,Int,ColocOn,Str1+VI0,15,10,25,0.2,,TIME_LIMIT,3600,610446,0.121573092920571,1.03327412080811,,285.963709,100,0,100,1,1152,3234,276.2,288.404637,t1-pmed15-r10-R25-theta0.2-bbnc-i-e-linear-coloc-tl3600.out,,T1,,,,,0,300
pmed,Str0+VI1,Int,ColocOn,Str0+VI1,15,10,25,0.2,,OPTIMAL,1449.66,102167,0,0.47141828695091,,286.007997,100,0,100,1,1152,9025,276.533333,288.376663,t1-pmed15-r10-R25-theta0.2-bbnc-i-l-linear-coloc-tl3600.out,,T1,,,,,0,300
pmed,Str0+VI0,Int,ColocOn,Str0+VI0,15,10,25,0.2,,TIME_LIMIT,3600,560022,0.30164604161092,1.45980097196901,,285.639966,100,0,100,1,1152,3957,276.933333,287.816624,t1-pmed15-r10-R25-theta0.2-bbnc-i-linear-coloc-tl3600.out,,T1,,,,,0,300
pmed,B&C-B,Bin,ColocOn,,15,10,25,0.2,,TIME_LIMIT,3600.01,19619,1.00106519465394,1.5064488937651,,285.332348,100,0,100,1,20936,6143,276,287.665435,t1-pmed15-r10-R25-theta0.2-bnc-b-linear-coloc-tl3600.out,,T1,,,,,0,300
pmed,Str1+VI1,Int,ColocOn,Str1+VI1+LocalSearch1,15,10,25,0.5,,OPTIMAL,8.82,897,0,0.124611905934903,,283.163954,100,0,100,1,1152,4164,279.4,286.927909,t1-pmed15-r10-R25-theta0.5-bbnc-i-e-l-linear-coloc-tl3600.out,,T1,,,,,0,300
pmed,Str1+VI0,Int,ColocOn,Str1+VI0,15,10,25,0.5,,OPTIMAL,50.81,10242,0,0.417406235258315,,283.163954,100,0,100,1,1152,2325,279.4,286.927909,t1-pmed15-r10-R25-theta0.5-bbnc-i-e-linear-coloc-tl3600.out,,T1,,,,,0,300
pmed,Str0+VI1,Int,ColocOn,Str0+VI1,15,10,25,0.5,,OPTIMAL,9.94,824,0,0.127860200737273,,283.163954,100,0,100,1,1152,4528,279.4,286.927909,t1-pmed15-r10-R25-theta0.5-bbnc-i-l-linear-coloc-tl3600.out,,T1,,,,,0,300
pmed,Str0+VI0,Int,ColocOn,Str0+VI0,15,10,25,0.5,,OPTIMAL,255.38,67019,0,0.544003210239124,,283.163954,100,0,100,1,1152,2503,279.4,286.927909,t1-pmed15-r10-R25-theta0.5-bbnc-i-linear-coloc-tl3600.out,,T1,,,,,0,300
pmed,B&C-B,Bin,ColocOn,,15,10,25,0.5,,OPTIMAL,202.65,5452,0,0.377467535998594,,283.163954,100,0,100,1,16050,2855,279.4,286.927909,t1-pmed15-r10-R25-theta0.5-bnc-b-linear-coloc-tl3600.out,,T1,,,,,0,300
pmed,Str1+VI1,Int,ColocOn,Str1+VI1+LocalSearch1,15,10,25,0.8,,OPTIMAL,0.35,0,0,0,,281.151558,100,0,100,1,1152,2176,279.933333,286.024457,t1-pmed15-r10-R25-theta0.8-bbnc-i-e-l-linear-coloc-tl3600.out,,T1,,,,,0,300
pmed,Str1+VI0,Int,ColocOn,Str1+VI0,15,10,25,0.8,,OPTIMAL,2.8,776,0,0.0939816950969894,,281.151558,100,0,100,1,1152,1533,279.933333,286.024457,t1-pmed15-r10-R25-theta0.8-bbnc-i-e-linear-coloc-tl3600.out,,T1,,,,,0,300
pmed,Str0+VI1,Int,ColocOn,Str0+VI1,15,10,25,0.8,,OPTIMAL,0.38,0,0,0,,281.151558,100,0,100,1,1152,2259,279.933333,286.024457,t1-pmed15-r10-R25-theta0.8-bbnc-i-l-linear-coloc-tl3600.out,,T1,,,,,0,300
pmed,Str0+VI0,Int,ColocOn,Str0+VI0,15,10,25,0.8,,OPTIMAL,5.69,1762,0,0.112630711439986,,281.151558,100,0,100,1,1152,1589,279.933333,286.024457,t1-pmed15-r10-R25-theta0.8-bbnc-i-linear-coloc-tl3600.out,,T1,,,,,0,300
pmed,B&C-B,Bin,ColocOn,,15,10,25,0.8,,OPTIMAL,6.54,63,0,0.0191188696880605,,281.151558,100,0,100,1,22325,1226,279.933333,286.024457,t1-pmed15-r10-R25-theta0.8-bnc-b-linear-coloc-tl3600.out,,T1,,,,,0,300
pmed,Str1+VI1,Int,ColocOn,Str1+VI1+LocalSearch1,15,5,20,0.2,,OPTIMAL,55.65,6719,0,0.314667720110795,,250.45467,100,0,100,1,1152,6306,241,252.818338,t1-pmed15-r5-R20-theta0.2-bbnc-i-e-l-linear-coloc-tl3600.out,,T1,,,,,0,300
pmed,Str1+VI0,Int,ColocOn,Str1+VI0,15,5,20,0.2,,OPTIMAL,1742.07,558066,0,1.06487293688714,,250.45467,100,0,100,1,1152,2238,241,252.818338,t1-pmed15-r5-R20-theta0.2-bbnc-i-e-linear-coloc-tl3600.out,,T1,,,,,0,300
pmed,Str0+VI1,Int,ColocOn,Str0+VI1,15,5,20,0.2,,OPTIMAL,46.38,4077,0,0.349208897463665,,250.454386,100,0,100,1,1152,6701,241.066667,252.801316,t1-pmed15-r5-R20-theta0.2-bbnc-i-l-linear-coloc-tl3600.out,,T1,,,,,0,300
pmed,Str0+VI0,Int,ColocOn,Str0+VI0,15,5,20,0.2,,OPTIMAL,3307.13,1297902,0,1.30480777220086,,250.45467,100,0,100,1,1152,3457,241,252.818338,t1-pmed15-r5-R20-theta0.2-bbnc-i-linear-coloc-tl3600.out,,T1,,,,,0,300
pmed,B&C-B,Bin,ColocOn,,15,5,20,0.2,,TIME_LIMIT,3600.01,53816,0.487802694574501,1.36247731622217,,250.439986,100,0,100,1,16691,5669,240.8,252.849982,t1-pmed15-r5-R20-theta0.2-bnc-b-linear-coloc-tl3600.out,,T1,,,,,0,300
pmed,Str1+VI1,Int,ColocOn,Str1+VI1+LocalSearch1,15,5,20,0.5,,OPTIMAL,3.56,535,0,0.144768915358699,,247.414301,100,0,100,1,1152,2884,242.733333,252.095269,t1-pmed15-r5-R20-theta0.5-bbnc-i-e-l-linear-coloc-tl3600.out,,T1,,,,,0,300
pmed,Str1+VI0,Int,ColocOn,Str1+VI0,15,5,20,0.5,,OPTIMAL,6.22,1412,0,0.363529511578238,,247.414301,100,0,100,1,1152,1665,242.733333,252.095269,t1-pmed15-r5-R20-theta0.5-bbnc-i-e-linear-coloc-tl3600.out,,T1,,,,,0,300
pmed,Str0+VI1,Int,ColocOn,Str0+VI1,15,5,20,0.5,,OPTIMAL,2.56,324,0,0.139496786808617,,247.414301,100,0,100,1,1152,3124,242.733333,252.095269,t1-pmed15-r5-R20-theta0.5-bbnc-i-l-linear-coloc-tl3600.out,,T1,,,,,0,300
pmed,Str0+VI0,Int,ColocOn,Str0+VI0,15,5,20,0.5,,OPTIMAL,12.41,2852,0,0.431783043939732,,247.414301,100,0,100,1,1152,2019,242.733333,252.095269,t1-pmed15-r5-R20-theta0.5-bbnc-i-linear-coloc-tl3600.out,,T1,,,,,0,300
pmed,B&C-B,Bin,ColocOn,,15,5,20,0.5,,OPTIMAL,121.24,5353,0,0.429979995376265,,247.414301,100,0,100,1,2369,2794,242.733333,252.095269,t1-pmed15-r5-R20-theta0.5-bnc-b-linear-coloc-tl3600.out,,T1,,,,,0,300
pmed,Str1+VI1,Int,ColocOn,Str1+VI1+LocalSearch1,15,5,20,0.8,,OPTIMAL,0.61,37,0,0.0228175215491364,,244.776804,100,0,100,1,1152,1988,243.066667,251.617355,t1-pmed15-r5-R20-theta0.8-bbnc-i-e-l-linear-coloc-tl3600.out,,T1,,,,,0,300
pmed,Str1+VI0,Int,ColocOn,Str1+VI0,15,5,20,0.8,,OPTIMAL,2.49,562,0,0.0820710936319002,,244.776804,100,0,100,1,1071,1347,243.066667,251.617355,t1-pmed15-r5-R20-theta0.8-bbnc-i-e-linear-coloc-tl3600.out,,T1,,,,,0,300
pmed,Str0+VI1,Int,ColocOn,Str0+VI1,15,5,20,0.8,,OPTIMAL,0.56,40,0,0.0237162995232193,,244.776804,100,0,100,1,1152,2182,243.066667,251.617355,t1-pmed15-r5-R20-theta0.8-bbnc-i-l-linear-coloc-tl3600.out,,T1,,,,,0,300
pmed,Str0+VI0,Int,ColocOn,Str0+VI0,15,5,20,0.8,,OPTIMAL,2.78,574,0,0.0908840202031581,,244.776804,100,0,100,1,1082,1438,243.066667,251.617355,t1-pmed15-r5-R20-theta0.8-bbnc-i-linear-coloc-tl3600.out,,T1,,,,,0,300
pmed,B&C-B,Bin,ColocOn,,15,5,20,0.8,,OPTIMAL,9.71,272,0,0.063340152116705,,244.776804,100,0,100,1,1494,1858,243.066667,251.617355,t1-pmed15-r5-R20-theta0.8-bnc-b-linear-coloc-tl3600.out,,T1,,,,,0,300
pmed,Str1+VI1,Int,ColocOn,Str1+VI1+LocalSearch1,16,10,25,0.2,,OPTIMAL,2.04,19,0,0.611055093348545,,181.42063,5,0,5,1,1046,3879,171.133333,183.992454,t1-pmed16-r10-R25-theta0.2-bbnc-i-e-l-linear-coloc-tl3600.out,,T1,,,,,0,400
pmed,Str1+VI0,Int,ColocOn,Str1+VI0,16,10,25,0.2,,OPTIMAL,4.38,187,0,1.71108048737346,,181.42063,5,0,5,1,1034,3690,171.133333,183.992454,t1-pmed16-r10-R25-theta0.2-bbnc-i-e-linear-coloc-tl3600.out,,T1,,,,,0,400
pmed,Str0+VI1,Int,ColocOn,Str0+VI1,16,10,25,0.2,,OPTIMAL,2.16,16,0,0.746821351022768,,181.42063,5,0,5,1,993,5075,171.133333,183.992454,t1-pmed16-r10-R25-theta0.2-bbnc-i-l-linear-coloc-tl3600.out,,T1,,,,,0,400
pmed,Str0+VI0,Int,ColocOn,Str0+VI0,16,10,25,0.2,,OPTIMAL,14.07,616,0,2.80305222178978,,181.42063,5,0,5,1,1561,3989,171.133333,183.992454,t1-pmed16-r10-R25-theta0.2-bbnc-i-linear-coloc-tl3600.out,,T1,,,,,0,400
pmed,B&C-B,Bin,ColocOn,,16,10,25,0.2,,OPTIMAL,4.86,69,0,2.74437642510668,,181.42063,5,0,5,1,1182,3725,171.133333,183.992454,t1-pmed16-r10-R25-theta0.2-bnc-b-linear-coloc-tl3600.out,,T1,,,,,0,400
pmed,Str1+VI1,Int,ColocOn,Str1+VI1+LocalSearch1,16,10,25,0.5,,OPTIMAL,1.96,11,0,0.414526359319189,,177.562894,5,0,5,1,966,3148,171.133333,183.992454,t1-pmed16-r10-R25-theta0.5-bbnc-i-e-l-linear-coloc-tl3600.out,,T1,,,,,0,400
pmed,Str1+VI0,Int,ColocOn,Str1+VI0,16,10,25,0.5,,OPTIMAL,1.32,39,0,1.30222759266359,,177.562894,5,0,5,1,1038,2531,171.133333,183.992454,t1-pmed16-r10-R25-theta0.5-bbnc-i-e-linear-coloc-tl3600.out,,T1,,,,,0,400
pmed,Str0+VI1,Int,ColocOn,Str0+VI1,16,10,25,0.5,,OPTIMAL,1.6,11,0,0.38292347273863,,177.562894,5,0,5,1,963,3487,171.133333,183.992454,t1-pmed16-r10-R25-theta0.5-bbnc-i-l-linear-coloc-tl3600.out,,T1,,,,,0,400
pmed,Str0+VI0,Int,ColocOn,Str0+VI0,16,10,25,0.5,,OPTIMAL,2.59,110,0,1.31403580299834,,177.562894,5,0,5,1,1086,3113,171.133333,183.992454,t1-pmed16-r10-R25-theta0.5-bbnc-i-linear-coloc-tl3600.out,,T1,,,,,0,400
pmed,B&C-B,Bin,ColocOn,,16,10,25,0.5,,OPTIMAL,2.94,37,0,1.51367492354568,,177.562894,5,0,5,1,969,3091,171.133333,183.992454,t1-pmed16-r10-R25-theta0.5-bnc-b-linear-coloc-tl3600.out,,T1,,,,,0,400
pmed,Str1+VI1,Int,ColocOn,Str1+VI1+LocalSearch1,16,10,25,0.8,,OPTIMAL,1.37,3,0,0,,173.705158,5,0,5,1,955,3383,171.133333,183.992454,t1-pmed16-r10-R25-theta0.8-bbnc-i-e-l-linear-coloc-tl3600.out,,T1,,,,,0,400
pmed,Str1+VI0,Int,ColocOn,Str1+VI0,16,10,25,0.8,,OPTIMAL,0.82,11,0,0.473158661183796,,173.705158,5,0,5,1,1016,2095,171.133333,183.992454,t1-pmed16-r10-R25-theta0.8-bbnc-i-e-linear-coloc-tl3600.out,,T1,,,,,0,400
pmed,Str0+VI1,Int,ColocOn,Str0+VI1,16,10,25,0.8,,OPTIMAL,1.41,9,0,0.230527984666971,,173.705158,5,0,5,1,970,3171,171.133333,183.992454,t1-pmed16-r10-R25-theta0.8-bbnc-i-l-linear-coloc-tl3600.out,,T1,,,,,0,400
pmed,Str0+VI0,Int,ColocOn,Str0+VI0,16,10,25,0.8,,OPTIMAL,0.85,19,0,0.621751830766001,,173.705158,5,0,5,1,1011,2068,171.133333,183.992454,t1-pmed16-r10-R25-theta0.8-bbnc-i-linear-coloc-tl3600.out,,T1,,,,,0,400
pmed,B&C-B,Bin,ColocOn,,16,10,25,0.8,,OPTIMAL,2.33,13,0,0.473430961675874,,173.705158,5,0,5,1,856,2744,171.133333,183.992454,t1-pmed16-r10-R25-theta0.8-bnc-b-linear-coloc-tl3600.out,,T1,,,,,0,400
pmed,Str1+VI1,Int,ColocOn,Str1+VI1+LocalSearch1,16,5,20,0.2,,OPTIMAL,1.13,13,0,0.693367402277031,,108.968059,5,0,5,1,865,2759,104.8,110.010074,t1-pmed16-r5-R20-theta0.2-bbnc-i-e-l-linear-coloc-tl3600.out,,T1,,,,,0,400
pmed,Str1+VI0,Int,ColocOn,Str1+VI0,16,5,20,0.2,,OPTIMAL,4.11,479,0,2.90850367445749,,108.968059,5,0,5,1,1011,2996,104.8,110.010074,t1-pmed16-r5-R20-theta0.2-bbnc-i-e-linear-coloc-tl3600.out,,T1,,,,,0,400
pmed,Str0+VI1,Int,ColocOn,Str0+VI1,16,5,20,0.2,,OPTIMAL,1.02,15,0,0.909905167715249,,108.968059,5,0,5,1,777,2759,104.8,110.010074,t1-pmed16-r5-R20-theta0.2-bbnc-i-l-linear-coloc-tl3600.out,,T1,,,,,0,400
pmed,Str0+VI0,Int,ColocOn,Str0+VI0,16,5,20,0.2,,OPTIMAL,7.01,649,0,3.907545054097,,108.968059,5,0,5,1,1044,3108,104.8,110.010074,t1-pmed16-r5-R20-theta0.2-bbnc-i-linear-coloc-tl3600.out,,T1,,,,,0,400
pmed,B&C-B,Bin,ColocOn,,16,5,20,0.2,,OPTIMAL,2.63,58,0,2.30119360022738,,108.968059,5,0,5,1,916,2804,104.8,110.010074,t1-pmed16-r5-R20-theta0.2-bnc-b-linear-coloc-tl3600.out,,T1,,,,,0,400
pmed,Str1+VI1,Int,ColocOn,Str1+VI1+LocalSearch1,16,5,20,0.5,,OPTIMAL,0.81,8,0,0.146739859137148,,107.405037,5,0,5,1,806,2425,104.8,110.010074,t1-pmed16-r5-R20-theta0.5-bbnc-i-e-l-linear-coloc-tl3600.out,,T1,,,,,0,400
pmed,Str1+VI0,Int,ColocOn,Str1+VI0,16,5,20,0.5,,OPTIMAL,1.11,53,0,1.43569989180303,,107.405037,5,0,5,1,955,2007,104.8,110.010074,t1-pmed16-r5-R20-theta0.5-bbnc-i-e-linear-coloc-tl3600.out,,T1,,,,,0,400
pmed,Str0+VI1,Int,ColocOn,Str0+VI1,16,5,20,0.5,,OPTIMAL,0.87,9,0,0.112077611406628,,107.405037,5,0,5,1,790,2430,104.8,110.010074,t1-pmed16-r5-R20-theta0.5-bbnc-i-l-linear-coloc-tl3600.out,,T1,,,,,0,400
pmed,Str0+VI0,Int,ColocOn,Str0+VI0,16,5,20,0.5,,OPTIMAL,2.83,230,0,1.74419007927906,,107.405037,5,0,5,1,976,2503,104.8,110.010074,t1-pmed16-r5-R20-theta0.5-bbnc-i-linear-coloc-tl3600.out,,T1,,,,,0,400
pmed,B&C-B,Bin,ColocOn,,16,5,20,0.5,,OPTIMAL,1.67,31,0,0.822069452850716,,107.405037,5,0,5,1,857,2435,104.8,110.010074,t1-pmed16-r5-R20-theta0.5-bnc-b-linear-coloc-tl3600.out,,T1,,,,,0,400
pmed,Str1+VI1,Int,ColocOn,Str1+VI1+LocalSearch1,16,5,20,0.8,,OPTIMAL,0.33,0,0,0,,105.842015,5,0,5,1,1544,1955,104.8,110.010074,t1-pmed16-r5-R20-theta0.8-bbnc-i-e-l-linear-coloc-tl3600.out,,T1,,,,,0,400
pmed,Str1+VI0,Int,ColocOn,Str1+VI0,16,5,20,0.8,,OPTIMAL,0.57,9,0,0.20136237958055,,105.842015,5,0,5,1,847,1681,104.8,110.010074,t1-pmed16-r5-R20-theta0.8-bbnc-i-e-linear-coloc-tl3600.out,,T1,,,,,0,400
pmed,Str0+VI1,Int,ColocOn,Str0+VI1,16,5,20,0.8,,OPTIMAL,0.32,0,0,0,,105.842015,5,0,5,1,1544,1881,104.8,110.010074,t1-pmed16-r5-R20-theta0.8-bbnc-i-l-linear-coloc-tl3600.out,,T1,,,,,0,400
pmed,Str0+VI0,Int,ColocOn,Str0+VI0,16,5,20,0.8,,OPTIMAL,0.53,12,0,0.34445300384729,,105.842015,5,0,5,1,829,1665,104.8,110.010074,t1-pmed16-r5-R20-theta0.8-bbnc-i-linear-coloc-tl3600.out,,T1,,,,,0,400
pmed,B&C-B,Bin,ColocOn,,16,5,20,0.8,,OPTIMAL,0.74,0,0,0,,105.842015,5,0,5,1,661,1581,104.8,110.010074,t1-pmed16-r5-R20-theta0.8-bnc-b-linear-coloc-tl3600.out,,T1,,,,,0,400
pmed,Str1+VI1,Int,ColocOn,Str1+VI1+LocalSearch1,17,10,25,0.2,,OPTIMAL,8.97,161,0,1.3533796936843,,220.593527,10,0,10,1,1082,6894,209.533333,223.358575,t1-pmed17-r10-R25-theta0.2-bbnc-i-e-l-linear-coloc-tl3600.out,,T1,,,,,0,400
pmed,Str1+VI0,Int,ColocOn,Str1+VI0,17,10,25,0.2,,OPTIMAL,88.77,5249,0,2.73514328100635,,220.593928,10,0,10,1,1359,5355,210.933333,223.009076,t1-pmed17-r10-R25-theta0.2-bbnc-i-e-linear-coloc-tl3600.out,,T1,,,,,0,400
pmed,Str0+VI1,Int,ColocOn,Str0+VI1,17,10,25,0.2,,OPTIMAL,30.68,323,0,1.56561924950173,,220.593928,10,0,10,1,1563,8441,210.933333,223.009076,t1-pmed17-r10-R25-theta0.2-bbnc-i-l-linear-coloc-tl3600.out,,T1,,,,,0,400
pmed,Str0+VI0,Int,ColocOn,Str0+VI0,17,10,25,0.2,,OPTIMAL,137.99,8502,0,3.86915795584519,,220.593527,10,0,10,1,1490,5946,209.533333,223.358575,t1-pmed17-r10-R25-theta0.2-bbnc-i-linear-coloc-tl3600.out,,T1,,,,,0,400
pmed,B&C-B,Bin,ColocOn,,17,10,25,0.2,,OPTIMAL,105.35,3457,0,3.3024639735324,,220.593928,10,0,10,1,1596,7799,210.933333,223.009076,t1-pmed17-r10-R25-theta0.2-bnc-b-linear-coloc-tl3600.out,,T1,,,,,0,400
pmed,Str1+VI1,Int,ColocOn,Str1+VI1+LocalSearch1,17,10,25,0.5,,OPTIMAL,4.29,47,0,0.704375495356627,,216.971205,10,0,10,1,1016,5556,210.933333,223.009076,t1-pmed17-r10-R25-theta0.5-bbnc-i-e-l-linear-coloc-tl3600.out,,T1,,,,,0,400
pmed,Str1+VI0,Int,ColocOn,Str1+VI0,17,10,25,0.5,,OPTIMAL,9.23,543,0,1.66797018065139,,216.971205,10,0,10,1,1563,3178,210.933333,223.009076,t1-pmed17-r10-R25-theta0.5-bbnc-i-e-linear-coloc-tl3600.out,,T1,,,,,0,400
pmed,Str0+VI1,Int,ColocOn,Str0+VI1,17,10,25,0.5,,OPTIMAL,4.37,52,0,0.698314322400523,,216.971205,10,0,10,1,958,5675,210.933333,223.009076,t1-pmed17-r10-R25-theta0.5-bbnc-i-l-linear-coloc-tl3600.out,,T1,,,,,0,400
pmed,Str0+VI0,Int,ColocOn,Str0+VI0,17,10,25,0.5,,OPTIMAL,55.57,2754,0,2.27702841950848,,216.971205,10,0,10,1,1212,4278,210.933333,223.009076,t1-pmed17-r10-R25-theta0.5-bbnc-i-linear-coloc-tl3600.out,,T1,,,,,0,400
pmed,B&C-B,Bin,ColocOn,,17,10,25,0.5,,OPTIMAL,15.48,514,0,1.83055027970186,,216.971205,10,0,10,1,1383,4077,210.933333,223.009076,t1-pmed17-r10-R25-theta0.5-bnc-b-linear-coloc-tl3600.out,,T1,,,,,0,400
pmed,Str1+VI1,Int,ColocOn,Str1+VI1+LocalSearch1,17,10,25,0.8,,OPTIMAL,2.21,17,0,0.233948699949043,,213.348482,10,0,10,1,881,3900,210.933333,223.009076,t1-pmed17-r10-R25-theta0.8-bbnc-i-e-l-linear-coloc-tl3600.out,,T1,,,,,0,400
pmed,Str1+VI0,Int,ColocOn,Str1+VI0,17,10,25,0.8,,OPTIMAL,1.51,33,0,0.547833286200752,,213.348482,10,0,10,1,1015,2715,210.933333,223.009076,t1-pmed17-r10-R25-theta0.8-bbnc-i-e-linear-coloc-tl3600.out,,T1,,,,,0,400
pmed,Str0+VI1,Int,ColocOn,Str0+VI1,17,10,25,0.8,,OPTIMAL,2.7,20,0,0.230625498427504,,213.348482,10,0,10,1,931,4180,210.933333,223.009076,t1-pmed17-r10-R25-theta0.8-bbnc-i-l-linear-coloc-tl3600.out,,T1,,,,,0,400
pmed,Str0+VI0,Int,ColocOn,Str0+VI0,17,10,25,0.8,,OPTIMAL,1.94,56,0,0.477193927257477,,213.348482,10,0,10,1,1063,2824,210.933333,223.009076,t1-pmed17-r10-R25-theta0.8-bbnc-i-linear-coloc-tl3600.out,,T1,,,,,0,400
pmed,B&C-B,Bin,ColocOn,,17,10,25,0.8,,OPTIMAL,3.57,32,0,0.460940237671821,,213.348482,10,0,10,1,1044,2608,210.933333,223.009076,t1-pmed17-r10-R25-theta0.8-bnc-b-linear-coloc-tl3600.out,,T1,,,,,0,400
pmed,Str1+VI1,Int,ColocOn,Str1+VI1+LocalSearch1,17,5,20,0.2,,OPTIMAL,1.83,31,0,0.614317416788422,,147.920273,10,0,10,1,1012,3752,142.2,149.350341,t1-pmed17-r5-R20-theta0.2-bbnc-i-e-l-linear-coloc-tl3600.out,,T1,,,,,0,400
pmed,Str1+VI0,Int,ColocOn,Str1+VI0,17,5,20,0.2,,OPTIMAL,10.77,1078,0,2.2389797779781,,147.920273,10,0,10,1,1552,3028,142.2,149.350341,t1-pmed17-r5-R20-theta0.2-bbnc-i-e-linear-coloc-tl3600.out,,T1,,,,,0,400
pmed,Str0+VI1,Int,ColocOn,Str0+VI1,17,5,20,0.2,,OPTIMAL,1.46,27,0,0.522801225495298,,147.920273,10,0,10,1,1001,3901,142.2,149.350341,t1-pmed17-r5-R20-theta0.2-bbnc-i-l-linear-coloc-tl3600.out,,T1,,,,,0,400
pmed,Str0+VI0,Int,ColocOn,Str0+VI0,17,5,20,0.2,,OPTIMAL,30.99,2172,0,3.10583458698727,,147.920273,10,0,10,1,1169,4022,142.2,149.350341,t1-pmed17-r5-R20-theta0.2-bbnc-i-linear-coloc-tl3600.out,,T1,,,,,0,400
pmed,B&C-B,Bin,ColocOn,,17,5,20,0.2,,OPTIMAL,5.06,161,0,1.57784389702957,,147.920273,10,0,10,1,1288,3540,142.2,149.350341,t1-pmed17-r5-R20-theta0.2-bnc-b-linear-coloc-tl3600.out,,T1,,,,,0,400
pmed,Str1+VI1,Int,ColocOn,Str1+VI1+LocalSearch1,17,5,20,0.5,,OPTIMAL,1.09,17,0,0.106332923501295,,145.77517,10,0,10,1,842,3037,142.2,149.350341,t1-pmed17-r5-R20-theta0.5-bbnc-i-e-l-linear-coloc-tl3600.out,,T1,,,,,0,400
pmed,Str1+VI0,Int,ColocOn,Str1+VI0,17,5,20,0.5,,OPTIMAL,1.69,162,0,1.10354115862118,,145.77517,10,0,10,1,1016,2238,142.2,149.350341,t1-pmed17-r5-R20-theta0.5-bbnc-i-e-linear-coloc-tl3600.out,,T1,,,,,0,400
pmed,Str0+VI1,Int,ColocOn,Str0+VI1,17,5,20,0.5,,OPTIMAL,1.05,9,0,0.09263717545313,,145.77517,10,0,10,1,822,2996,142.2,149.350341,t1-pmed17-r5-R20-theta0.5-bbnc-i-l-linear-coloc-tl3600.out,,T1,,,,,0,400
pmed,Str0+VI0,Int,ColocOn,Str0+VI0,17,5,20,0.5,,OPTIMAL,1.76,145,0,1.05536148577292,,145.77517,10,0,10,1,1068,2337,142.2,149.350341,t1-pmed17-r5-R20-theta0.5-bbnc-i-linear-coloc-tl3600.out,,T1,,,,,0,400
pmed,B&C-B,Bin,ColocOn,,17,5,20,0.5,,OPTIMAL,2.32,90,0,0.739007884538914,,145.77517,10,0,10,1,892,2437,142.2,149.350341,t1-pmed17-r5-R20-theta0.5-bnc-b-linear-coloc-tl3600.out,,T1,,,,,0,400
pmed,Str1+VI1,Int,ColocOn,Str1+VI1+LocalSearch1,17,5,20,0.8,,OPTIMAL,0.43,0,0,0,,143.630068,10,0,10,1,805,2258,142.2,149.350341,t1-pmed17-r5-R20-theta0.8-bbnc-i-e-l-linear-coloc-tl3600.out,,T1,,,,,0,400
pmed,Str1+VI0,Int,ColocOn,Str1+VI0,17,5,20,0.8,,OPTIMAL,0.59,15,0,0.157704443891245,,143.630068,10,0,10,1,871,1769,142.2,149.350341,t1-pmed17-r5-R20-theta0.8-bbnc-i-e-linear-coloc-tl3600.out,,T1,,,,,0,400
pmed,Str0+VI1,Int,ColocOn,Str0+VI1,17,5,20,0.8,,OPTIMAL,0.47,0,0,0,,143.630068,10,0,10,1,832,2219,142.2,149.350341,t1-pmed17-r5-R20-theta0.8-bbnc-i-l-linear-coloc-tl3600.out,,T1,,,,,0,400
pmed,Str0+VI0,Int,ColocOn,Str0+VI0,17,5,20,0.8,,OPTIMAL,0.56,15,0,0.0851284147550599,,143.630068,10,0,10,1,914,1793,142.2,149.350341,t1-pmed17-r5-R20-theta0.8-bbnc-i-linear-coloc-tl3600.out,,T1,,,,,0,400
pmed,B&C-B,Bin,ColocOn,,17,5,20,0.8,,OPTIMAL,1.23,6,0,0.0704720128657285,,143.630068,10,0,10,1,697,1657,142.2,149.350341,t1-pmed17-r5-R20-theta0.8-bnc-b-linear-coloc-tl3600.out,,T1,,,,,0,400
pmed,Str1+VI1,Int,ColocOn,Str1+VI1+LocalSearch1,18,10,25,0.2,,OPTIMAL,671.9,9440,0,0.823099140799938,,308.978211,40,0,40,1,1566,14909,296.933333,311.98943,t1-pmed18-r10-R25-theta0.2-bbnc-i-e-l-linear-coloc-tl3600.out,,T1,,,,,0,400
pmed,Str1+VI0,Int,ColocOn,Str1+VI0,18,10,25,0.2,,TIME_LIMIT,3600,293672,0.440988326935986,1.54557429046194,,308.789492,40,0,40,1,1566,4737,296,311.986864,t1-pmed18-r10-R25-theta0.2-bbnc-i-e-linear-coloc-tl3600.out,,T1,,,,,0,400
pmed,Str0+VI1,Int,ColocOn,Str0+VI1,18,10,25,0.2,,OPTIMAL,879.73,13791,0,0.915529606713929,,308.978211,40,0,40,1,1566,16901,296.933333,311.98943,t1-pmed18-r10-R25-theta0.2-bbnc-i-l-linear-coloc-tl3600.out,,T1,,,,,0,400
pmed,Str0+VI0,Int,ColocOn,Str0+VI0,18,10,25,0.2,,TIME_LIMIT,3600,273780,0.587077664742599,2.15509630934693,,308.378376,40,0,40,1,1566,5590,296.466667,311.356303,t1-pmed18-r10-R25-theta0.2-bbnc-i-linear-coloc-tl3600.out,,T1,,,,,0,400
pmed,B&C-B,Bin,ColocOn,,18,10,25,0.2,,TIME_LIMIT,3600,44533,1.57755060203191,2.90754054291944,,307.841176,40,1,39,2,8537,10223,294.266667,311.234804,t1-pmed18-r10-R25-theta0.2-bnc-b-linear-coloc-tl3600.out,,T1,,,,,0.0256410256410256,400
pmed,Str1+VI1,Int,ColocOn,Str1+VI1+LocalSearch1,18,10,25,0.5,,OPTIMAL,16.83,306,0,0.346635034674126,,304.491726,40,0,40,1,1566,5896,297.266667,311.716785,t1-pmed18-r10-R25-theta0.5-bbnc-i-e-l-linear-coloc-tl3600.out,,T1,,,,,0,400
pmed,Str1+VI0,Int,ColocOn,Str1+VI0,18,10,25,0.5,,OPTIMAL,241.43,19291,0,0.771663332487397,,304.491726,40,0,40,1,1566,4134,297.266667,311.716785,t1-pmed18-r10-R25-theta0.5-bbnc-i-e-linear-coloc-tl3600.out,,T1,,,,,0,400
pmed,Str0+VI1,Int,ColocOn,Str0+VI1,18,10,25,0.5,,OPTIMAL,40.35,682,0,0.397657439138421,,304.491726,40,0,40,1,1566,6944,297.266667,311.716785,t1-pmed18-r10-R25-theta0.5-bbnc-i-l-linear-coloc-tl3600.out,,T1,,,,,0,400
pmed,Str0+VI0,Int,ColocOn,Str0+VI0,18,10,25,0.5,,OPTIMAL,403.67,44737,0,0.947510803626889,,304.491726,40,0,40,1,1566,3911,297.266667,311.716785,t1-pmed18-r10-R25-theta0.5-bbnc-i-linear-coloc-tl3600.out,,T1,,,,,0,400
pmed,B&C-B,Bin,ColocOn,,18,10,25,0.5,,OPTIMAL,253.79,4800,0,1.06813641300716,,304.491726,40,0,40,1,7523,6089,297.266667,311.716785,t1-pmed18-r10-R25-theta0.5-bnc-b-linear-coloc-tl3600.out,,T1,,,,,0,400
pmed,Str1+VI1,Int,ColocOn,Str1+VI1+LocalSearch1,18,10,25,0.8,,OPTIMAL,1.67,27,0,0.0198052432847118,,300.602215,40,0,40,1,1118,3350,298.266667,309.944407,t1-pmed18-r10-R25-theta0.8-bbnc-i-e-l-linear-coloc-tl3600.out,,T1,,,,,0,400
pmed,Str1+VI0,Int,ColocOn,Str1+VI0,18,10,25,0.8,,OPTIMAL,2.92,336,0,0.151693493010348,,300.602215,40,0,40,1,1566,2333,298.266667,309.944407,t1-pmed18-r10-R25-theta0.8-bbnc-i-e-linear-coloc-tl3600.out,,T1,,,,,0,400
pmed,Str0+VI1,Int,ColocOn,Str0+VI1,18,10,25,0.8,,OPTIMAL,1.72,32,0,0.0195530828008105,,300.602215,40,0,40,1,1106,3617,298.266667,309.944407,t1-pmed18-r10-R25-theta0.8-bbnc-i-l-linear-coloc-tl3600.out,,T1,,,,,0,400
pmed,Str0+VI0,Int,ColocOn,Str0+VI0,18,10,25,0.8,,OPTIMAL,8.7,907,0,0.175317736763856,,300.602215,40,0,40,1,1566,2381,298.266667,309.944407,t1-pmed18-r10-R25-theta0.8-bbnc-i-linear-coloc-tl3600.out,,T1,,,,,0,400
pmed,B&C-B,Bin,ColocOn,,18,10,25,0.8,,OPTIMAL,8.1,58,0,0.0772542544305672,,300.602215,40,0,40,1,1526,2691,298.266667,309.944407,t1-pmed18-r10-R25-theta0.8-bnc-b-linear-coloc-tl3600.out,,T1,,,,,0,400
pmed,Str1+VI1,Int,ColocOn,Str1+VI1+LocalSearch1,18,5,20,0.2,,OPTIMAL,768.32,26173,0,0.981559201589778,,238.04555,40,0,40,1,1543,13264,226.333333,240.973604,t1-pmed18-r5-R20-theta0.2-bbnc-i-e-l-linear-coloc-tl3600.out,,T1,,,,,0,400
pmed,Str1+VI0,Int,ColocOn,Str1+VI0,18,5,20,0.2,,TIME_LIMIT,3600,399937,0.402993508702552,2.00606180428164,,237.837438,40,0,40,1,1548,5581,224.933333,241.063464,t1-pmed18-r5-R20-theta0.2-bbnc-i-e-linear-coloc-tl3600.out,,T1,,,,,0,400
pmed,Str0+VI1,Int,ColocOn,Str0+VI1,18,5,20,0.2,,OPTIMAL,364.24,9836,0,1.06631062836504,,238.04555,40,0,40,1,1547,13822,226.333333,240.973604,t1-pmed18-r5-R20-theta0.2-bbnc-i-l-linear-coloc-tl3600.out,,T1,,,,,0,400
pmed,Str0+VI0,Int,ColocOn,Str0+VI0,18,5,20,0.2,,TIME_LIMIT,3600,405475,0.497680975833503,2.53284053553906,,237.689105,40,0,40,1,1549,6172,226.066667,240.594714,t1-pmed18-r5-R20-theta0.2-bbnc-i-linear-coloc-tl3600.out,,T1,,,,,0,400
pmed,B&C-B,Bin,ColocOn,,18,5,20,0.2,,TIME_LIMIT,3600.01,72795,1.80332886685628,3.91296821729282,,237.515576,40,0,40,1,7261,9545,225.2,240.59447,t1-pmed18-r5-R20-theta0.2-bnc-b-linear-coloc-tl3600.out,,T1,,,,,0,400
pmed,Str1+VI1,Int,ColocOn,Str1+VI1+LocalSearch1,18,5,20,0.5,,OPTIMAL,57.68,2595,0,0.403698955302364,,233.813585,40,0,40,1,1549,6384,227.733333,239.893836,t1-pmed18-r5-R20-theta0.5-bbnc-i-e-l-linear-coloc-tl3600.out,,T1,,,,,0,400
pmed,Str1+VI0,Int,ColocOn,Str1+VI0,18,5,20,0.5,,OPTIMAL,113.72,13967,0,0.84621644204293,,233.813585,40,0,40,1,1543,3529,227.733333,239.893836,t1-pmed18-r5-R20-theta0.5-bbnc-i-e-linear-coloc-tl3600.out,,T1,,,,,0,400
pmed,Str0+VI1,Int,ColocOn,Str0+VI1,18,5,20,0.5,,OPTIMAL,37.74,1168,0,0.450435760608177,,233.813585,40,0,40,1,1549,6308,227.733333,239.893836,t1-pmed18-r5-R20-theta0.5-bbnc-i-l-linear-coloc-tl3600.out,,T1,,,,,0,400
pmed,Str0+VI0,Int,ColocOn,Str0+VI0,18,5,20,0.5,,OPTIMAL,238.48,45707,0,1.09239461000523,,233.813585,40,0,40,1,1292,4300,227.733333,239.893836,t1-pmed18-r5-R20-theta0.5-bbnc-i-linear-coloc-tl3600.out,,T1,,,,,0,400
pmed,B&C-B,Bin,ColocOn,,18,5,20,0.5,,TIME_LIMIT,3600.02,218681,0.209909613198591,1.64825690565308,,233.791103,40,0,40,1,2005,6569,227.6,239.982207,t1-pmed18-r5-R20-theta0.5-bnc-b-linear-coloc-tl3600.out,,T1,,,,,0,400
pmed,Str1+VI1,Int,ColocOn,Str1+VI1+LocalSearch1,18,5,20,0.8,,OPTIMAL,1.31,20,0,0.032675331349456,,230.274635,40,0,40,1,1084,3191,228,239.373177,t1-pmed18-r5-R20-theta0.8-bbnc-i-e-l-linear-coloc-tl3600.out,,T1,,,,,0,400
pmed,Str1+VI0,Int,ColocOn,Str1+VI0,18,5,20,0.8,,OPTIMAL,1.88,244,0,0.110789883566639,,230.274635,40,0,40,1,1549,2117,228,239.373177,t1-pmed18-r5-R20-theta0.8-bbnc-i-e-linear-coloc-tl3600.out,,T1,,,,,0,400
pmed,Str0+VI1,Int,ColocOn,Str0+VI1,18,5,20,0.8,,OPTIMAL,1.49,16,0,0.024585860270725,,230.274635,40,0,40,1,1089,3404,228,239.373177,t1-pmed18-r5-R20-theta0.8-bbnc-i-l-linear-coloc-tl3600.out,,T1,,,,,0,400
pmed,Str0+VI0,Int,ColocOn,Str0+VI0,18,5,20,0.8,,OPTIMAL,5.78,1023,0,0.20544208006236,,230.274635,40,0,40,1,1549,2327,228,239.373177,t1-pmed18-r5-R20-theta0.8-bbnc-i-linear-coloc-tl3600.out,,T1,,,,,0,400
pmed,B&C-B,Bin,ColocOn,,18,5,20,0.8,,OPTIMAL,11.79,436,0,0.281306710137665,,230.274635,40,0,40,1,1042,2950,228,239.373177,t1-pmed18-r5-R20-theta0.8-bnc-b-linear-coloc-tl3600.out,,T1,,,,,0,400
pmed,Str1+VI1,Int,ColocOn,Str1+VI1+LocalSearch1,19,10,25,0.2,,OPTIMAL,394.09,8997,0,0.314631901816161,,375.663114,80,0,80,1,1572,11685,364.666667,378.412226,t1-pmed19-r10-R25-theta0.2-bbnc-i-e-l-linear-coloc-tl3600.out,,T1,,,,,0,400
pmed,Str1+VI0,Int,ColocOn,Str1+VI0,19,10,25,0.2,,TIME_LIMIT,3600,288006,0.198306860790128,0.895864833578919,,375.446147,80,0,80,1,1572,4303,363.666667,378.391018,t1-pmed19-r10-R25-theta0.2-bbnc-i-e-linear-coloc-tl3600.out,,T1,,,,,0,400
pmed,Str0+VI1,Int,ColocOn,Str0+VI1,19,10,25,0.2,,OPTIMAL,1358.62,34634,0,0.384636645481243,,375.663114,80,0,80,1,1572,14681,364.666667,378.412226,t1-pmed19-r10-R25-theta0.2-bbnc-i-l-linear-coloc-tl3600.out,,T1,,,,,0,400
pmed,Str0+VI0,Int,ColocOn,Str0+VI0,19,10,25,0.2,,TIME_LIMIT,3600,277858,0.628745000850267,1.497191983827,,373.862341,80,0,80,1,1572,5180,362.333333,376.744593,t1-pmed19-r10-R25-theta0.2-bbnc-i-linear-coloc-tl3600.out,,T1,,,,,0,400
pmed,B&C-B,Bin,ColocOn,,19,10,25,0.2,,TIME_LIMIT,3600.01,6636,1.05962358262229,1.57783427529906,,374.371193,80,0,80,1,26657,9003,362.933333,377.230658,t1-pmed19-r10-R25-theta0.2-bnc-b-linear-coloc-tl3600.out,,T1,,,,,0,400
pmed,Str1+VI1,Int,ColocOn,Str1+VI1+LocalSearch1,19,10,25,0.5,,OPTIMAL,9.25,366,0,0.0605018546310544,,371.859675,80,0,80,1,1572,3921,366.333333,377.386017,t1-pmed19-r10-R25-theta0.5-bbnc-i-e-l-linear-coloc-tl3600.out,,T1,,,,,0,400
pmed,Str1+VI0,Int,ColocOn,Str1+VI0,19,10,25,0.5,,OPTIMAL,59.88,7347,0,0.293288859567791,,371.859675,80,0,80,1,1572,2678,366.333333,377.386017,t1-pmed19-r10-R25-theta0.5-bbnc-i-e-linear-coloc-tl3600.out,,T1,,,,,0,400
pmed,Str0+VI1,Int,ColocOn,Str0+VI1,19,10,25,0.5,,OPTIMAL,23.72,800,0,0.0766972111186879,,371.859675,80,0,80,1,1572,5231,366.333333,377.386017,t1-pmed19-r10-R25-theta0.5-bbnc-i-l-linear-coloc-tl3600.out,,T1,,,,,0,400
pmed,Str0+VI0,Int,ColocOn,Str0+VI0,19,10,25,0.5,,OPTIMAL,275.5,41703,0,0.368425266869821,,371.859675,80,0,80,1,1460,3212,366.333333,377.386017,t1-pmed19-r10-R25-theta0.5-bbnc-i-linear-coloc-tl3600.out,,T1,,,,,0,400
pmed,B&C-B,Bin,ColocOn,,19,10,25,0.5,,OPTIMAL,270.71,6316,0,0.285523026932143,,371.859675,80,0,80,1,12172,4370,366.333333,377.386017,t1-pmed19-r10-R25-theta0.5-bnc-b-linear-coloc-tl3600.out,,T1,,,,,0,400
pmed,Str1+VI1,Int,ColocOn,Str1+VI1+LocalSearch1,19,10,25,0.8,,OPTIMAL,0.94,3,0,0,,368.984542,80,0,80,1,1572,2486,367.2,376.122711,t1-pmed19-r10-R25-theta0.8-bbnc-i-e-l-linear-coloc-tl3600.out,,T1,,,,,0,400
pmed,Str1+VI0,Int,ColocOn,Str1+VI0,19,10,25,0.8,,OPTIMAL,2.54,381,0,0.0366901548954306,,368.984542,80,0,80,1,1572,1810,367.2,376.122711,t1-pmed19-r10-R25-theta0.8-bbnc-i-e-linear-coloc-tl3600.out,,T1,,,,,0,400
pmed,Str0+VI1,Int,ColocOn,Str0+VI1,19,10,25,0.8,,OPTIMAL,1.34,26,0,0.00150656717755,,368.984542,80,0,80,1,1572,2720,367.2,376.122711,t1-pmed19-r10-R25-theta0.8-bbnc-i-l-linear-coloc-tl3600.out,,T1,,,,,0,400
pmed,Str0+VI0,Int,ColocOn,Str0+VI0,19,10,25,0.8,,OPTIMAL,7.02,1005,0,0.0556502987596788,,368.984542,80,0,80,1,1572,2102,367.2,376.122711,t1-pmed19-r10-R25-theta0.8-bbnc-i-linear-coloc-tl3600.out,,T1,,,,,0,400
pmed,B&C-B,Bin,ColocOn,,19,10,25,0.8,,OPTIMAL,16.32,85,0,0.0264639812472278,,368.984542,80,0,80,1,1095,2430,367.2,376.122711,t1-pmed19-r10-R25-theta0.8-bnc-b-linear-coloc-tl3600.out,,T1,,,,,0,400
pmed,Str1+VI1,Int,ColocOn,Str1+VI1+LocalSearch1,19,5,20,0.2,,OPTIMAL,1000.41,28366,0,0.474679749637773,,323.155138,80,0,80,1,1564,14247,307.466667,327.077256,t1-pmed19-r5-R20-theta0.2-bbnc-i-e-l-linear-coloc-tl3600.out,,T1,,,,,0,400
pmed,Str1+VI0,Int,ColocOn,Str1+VI0,19,5,20,0.2,,TIME_LIMIT,3600,343388,0.306137583165857,1.24623328972518,,322.94427,80,0,80,1,1564,5062,307.266667,326.863671,t1-pmed19-r5-R20-theta0.2-bbnc-i-e-linear-coloc-tl3600.out,,T1,,,,,0,400
pmed,Str0+VI1,Int,ColocOn,Str0+VI1,19,5,20,0.2,,TIME_LIMIT,3600,159081,0.0561879611506853,0.575821307152997,,323.12698,80,0,80,1,1564,15810,307.666667,326.992058,t1-pmed19-r5-R20-theta0.2-bbnc-i-l-linear-coloc-tl3600.out,,T1,,,,,0,400
pmed,Str0+VI0,Int,ColocOn,Str0+VI0,19,5,20,0.2,,TIME_LIMIT,3600,407116,0.474332611461262,1.8397434145217,,322.411699,80,0,80,1,1564,5975,306.333333,326.431291,t1-pmed19-r5-R20-theta0.2-bbnc-i-linear-coloc-tl3600.out,,T1,,,,,0,400
pmed,B&C-B,Bin,ColocOn,,19,5,20,0.2,,TIME_LIMIT,3600.02,10610,1.92470803734349,2.51516972276032,,321.397436,80,0,80,1,20004,9264,304.866667,325.530129,t1-pmed19-r5-R20-theta0.2-bnc-b-linear-coloc-tl3600.out,,T1,,,,,0,400
pmed,Str1+VI1,Int,ColocOn,Str1+VI1+LocalSearch1,19,5,20,0.5,,OPTIMAL,28.39,1138,0,0.143504093517055,,317.623692,80,0,80,1,1564,6176,308.733333,326.51405,t1-pmed19-r5-R20-theta0.5-bbnc-i-e-l-linear-coloc-tl3600.out,,T1,,,,,0,400
pmed,Str1+VI0,Int,ColocOn,Str1+VI0,19,5,20,0.5,,OPTIMAL,122.57,16635,0,0.537195758054466,,317.623692,80,0,80,1,1564,3737,308.733333,326.51405,t1-pmed19-r5-R20-theta0.5-bbnc-i-e-linear-coloc-tl3600.out,,T1,,,,,0,400
pmed,Str0+VI1,Int,ColocOn,Str0+VI1,19,5,20,0.5,,OPTIMAL,47.38,1707,0,0.171207631450864,,317.623692,80,0,80,1,1564,6917,308.733333,326.51405,t1-pmed19-r5-R20-theta0.5-bbnc-i-l-linear-coloc-tl3600.out,,T1,,,,,0,400
pmed,Str0+VI0,Int,ColocOn,Str0+VI0,19,5,20,0.5,,OPTIMAL,914.02,158865,0,0.664527254471942,,317.623692,80,0,80,1,1564,3758,308.733333,326.51405,t1-pmed19-r5-R20-theta0.5-bbnc-i-linear-coloc-tl3600.out,,T1,,,,,0,400
pmed,B&C-B,Bin,ColocOn,,19,5,20,0.5,,TIME_LIMIT,3600.04,84703,0.252092449199053,0.718368656656339,,317.451211,80,0,80,1,16294,7179,308.6,326.302422,t1-pmed19-r5-R20-theta0.5-bnc-b-linear-coloc-tl3600.out,,T1,,,,,0,400
pmed,Str1+VI1,Int,ColocOn,Str1+VI1+LocalSearch1,19,5,20,0.8,,OPTIMAL,1.53,61,0,0.0156006785086313,,312.678708,80,0,80,1,1564,3577,309.733333,324.460208,t1-pmed19-r5-R20-theta0.8-bbnc-i-e-l-linear-coloc-tl3600.out,,T1,,,,,0,400
pmed,Str1+VI0,Int,ColocOn,Str1+VI0,19,5,20,0.8,,OPTIMAL,10.84,3060,0,0.0959771139901356,,312.678708,80,0,80,1,1564,2376,309.733333,324.460208,t1-pmed19-r5-R20-theta0.8-bbnc-i-e-linear-coloc-tl3600.out,,T1,,,,,0,400
pmed,Str0+VI1,Int,ColocOn,Str0+VI1,19,5,20,0.8,,OPTIMAL,1.81,76,0,0.0179433388217794,,312.678708,80,0,80,1,1564,3873,309.733333,324.460208,t1-pmed19-r5-R20-theta0.8-bbnc-i-l-linear-coloc-tl3600.out,,T1,,,,,0,400
pmed,Str0+VI0,Int,ColocOn,Str0+VI0,19,5,20,0.8,,OPTIMAL,7.39,653,0,0.111607535489753,,312.678708,80,0,80,1,1534,2781,309.733333,324.460208,t1-pmed19-r5-R20-theta0.8-bbnc-i-linear-coloc-tl3600.out,,T1,,,,,0,400
pmed,B&C-B,Bin,ColocOn,,19,5,20,0.8,,OPTIMAL,22.9,445,0,0.0564000667419961,,312.678708,80,0,80,1,1164,3439,309.733333,324.460208,t1-pmed19-r5-R20-theta0.8-bnc-b-linear-coloc-tl3600.out,,T1,,,,,0,400
pmed,Str1+VI1,Int,ColocOn,Str1+VI1+LocalSearch1,2,10,25,0.2,,OPTIMAL,0.03,0,0,0,,31.79597,10,0,10,1,212,276,31.533333,31.86163,t1-pmed2-r10-R25-theta0.2-bbnc-i-e-l-linear-coloc-tl3600.out,,T1,,,,,0,100
pmed,Str1+VI0,Int,ColocOn,Str1+VI0,2,10,25,0.2,,OPTIMAL,0.02,0,0,0,,31.79597,10,0,10,1,325,242,31.533333,31.86163,t1-pmed2-r10-R25-theta0.2-bbnc-i-e-linear-coloc-tl3600.out,,T1,,,,,0,100
pmed,Str0+VI1,Int,ColocOn,Str0+VI1,2,10,25,0.2,,OPTIMAL,0.08,2,0,0,,31.79597,10,0,10,1,221,297,31.533333,31.86163,t1-pmed2-r10-R25-theta0.2-bbnc-i-l-linear-coloc-tl3600.out,,T1,,,,,0,100
pmed,Str0+VI0,Int,ColocOn,Str0+VI0,2,10,25,0.2,,OPTIMAL,0.05,0,0,0,,31.79597,10,0,10,1,226,243,31.533333,31.86163,t1-pmed2-r10-R25-theta0.2-bbnc-i-linear-coloc-tl3600.out,,T1,,,,,0,100
pmed,B&C-B,Bin,ColocOn,,2,10,25,0.2,,OPTIMAL,0.03,3,0,0,,31.79597,10,0,10,1,436,244,31.533333,31.86163,t1-pmed2-r10-R25-theta0.2-bnc-b-linear-coloc-tl3600.out,,T1,,,,,0,100
pmed,Str1+VI1,Int,ColocOn,Str1+VI1+LocalSearch1,2,10,25,0.5,,OPTIMAL,0.03,0,0,0,,31.697481,10,0,10,1,213,272,31.533333,31.86163,t1-pmed2-r10-R25-theta0.5-bbnc-i-e-l-linear-coloc-tl3600.out,,T1,,,,,0,100
pmed,Str1+VI0,Int,ColocOn,Str1+VI0,2,10,25,0.5,,OPTIMAL,0.02,0,0,0,,31.697481,10,0,10,1,325,239,31.533333,31.86163,t1-pmed2-r10-R25-theta0.5-bbnc-i-e-linear-coloc-tl3600.out,,T1,,,,,0,100
pmed,Str0+VI1,Int,ColocOn,Str0+VI1,2,10,25,0.5,,OPTIMAL,0.04,0,0,0,,31.697481,10,0,10,1,218,280,31.533333,31.86163,t1-pmed2-r10-R25-theta0.5-bbnc-i-l-linear-coloc-tl3600.out,,T1,,,,,0,100
pmed,Str0+VI0,Int,ColocOn,Str0+VI0,2,10,25,0.5,,OPTIMAL,0.08,0,0,0,,31.697481,10,0,10,1,218,255,31.533333,31.86163,t1-pmed2-r10-R25-theta0.5-bbnc-i-linear-coloc-tl3600.out,,T1,,,,,0,100
pmed,B&C-B,Bin,ColocOn,,2,10,25,0.5,,OPTIMAL,0.05,0,0,0,,31.697481,10,0,10,1,189,267,31.533333,31.86163,t1-pmed2-r10-R25-theta0.5-bnc-b-linear-coloc-tl3600.out,,T1,,,,,0,100
pmed,Str1+VI1,Int,ColocOn,Str1+VI1+LocalSearch1,2,10,25,0.8,,OPTIMAL,0.02,0,0,0,,31.598993,10,0,10,1,325,254,31.533333,31.86163,t1-pmed2-r10-R25-theta0.8-bbnc-i-e-l-linear-coloc-tl3600.out,,T1,,,,,0,100
pmed,Str1+VI0,Int,ColocOn,Str1+VI0,2,10,25,0.8,,OPTIMAL,0.02,0,0,0,,31.598993,10,0,10,1,325,236,31.533333,31.86163,t1-pmed2-r10-R25-theta0.8-bbnc-i-e-linear-coloc-tl3600.out,,T1,,,,,0,100
pmed,Str0+VI1,Int,ColocOn,Str0+VI1,2,10,25,0.8,,OPTIMAL,0.03,0,0,0,,31.598993,10,0,10,1,197,271,31.533333,31.86163,t1-pmed2-r10-R25-theta0.8-bbnc-i-l-linear-coloc-tl3600.out,,T1,,,,,0,100
pmed,Str0+VI0,Int,ColocOn,Str0+VI0,2,10,25,0.8,,OPTIMAL,0.02,0,0,0,,31.598993,10,0,10,1,198,237,31.533333,31.86163,t1-pmed2-r10-R25-theta0.8-bbnc-i-linear-coloc-tl3600.out,,T1,,,,,0,100
pmed,B&C-B,Bin,ColocOn,,2,10,25,0.8,,OPTIMAL,0.04,0,0,0,,31.598993,10,0,10,1,305,287,31.533333,31.86163,t1-pmed2-r10-R25-theta0.8-bnc-b-linear-coloc-tl3600.out,,T1,,,,,0,100
pmed,Str1+VI1,Int,ColocOn,Str1+VI1+LocalSearch1,2,5,20,0.2,,OPTIMAL,0.02,0,0,0,,26.792,10,0,10,1,329,283,26.6,26.84,t1-pmed2-r5-R20-theta0.2-bbnc-i-e-l-linear-coloc-tl3600.out,,T1,,,,,0,100
pmed,Str1+VI0,Int,ColocOn,Str1+VI0,2,5,20,0.2,,OPTIMAL,0.05,0,0,0,,26.792,10,0,10,1,206,256,26.6,26.84,t1-pmed2-r5-R20-theta0.2-bbnc-i-e-linear-coloc-tl3600.out,,T1,,,,,0,100
pmed,Str0+VI1,Int,ColocOn,Str0+VI1,2,5,20,0.2,,OPTIMAL,0.02,0,0,0,,26.792,10,0,10,1,329,278,26.6,26.84,t1-pmed2-r5-R20-theta0.2-bbnc-i-l-linear-coloc-tl3600.out,,T1,,,,,0,100
pmed,Str0+VI0,Int,ColocOn,Str0+VI0,2,5,20,0.2,,OPTIMAL,0.03,0,0,0,,26.792,10,0,10,1,180,252,26.6,26.84,t1-pmed2-r5-R20-theta0.2-bbnc-i-linear-coloc-tl3600.out,,T1,,,,,0,100
pmed,B&C-B,Bin,ColocOn,,2,5,20,0.2,,OPTIMAL,0.03,0,0,0,,26.792,10,0,10,1,223,250,26.6,26.84,t1-pmed2-r5-R20-theta0.2-bnc-b-linear-coloc-tl3600.out,,T1,,,,,0,100
pmed,Str1+VI1,Int,ColocOn,Str1+VI1+LocalSearch1,2,5,20,0.5,,OPTIMAL,0.04,0,0,0,,26.72,10,0,10,1,329,261,26.6,26.84,t1-pmed2-r5-R20-theta0.5-bbnc-i-e-l-linear-coloc-tl3600.out,,T1,,,,,0,100
pmed,Str1+VI0,Int,ColocOn,Str1+VI0,2,5,20,0.5,,OPTIMAL,0.03,0,0,0,,26.72,10,0,10,1,206,253,26.6,26.84,t1-pmed2-r5-R20-theta0.5-bbnc-i-e-linear-coloc-tl3600.out,,T1,,,,,0,100
pmed,Str0+VI1,Int,ColocOn,Str0+VI1,2,5,20,0.5,,OPTIMAL,0.03,0,0,0,,26.72,10,0,10,1,329,274,26.6,26.84,t1-pmed2-r5-R20-theta0.5-bbnc-i-l-linear-coloc-tl3600.out,,T1,,,,,0,100
pmed,Str0+VI0,Int,ColocOn,Str0+VI0,2,5,20,0.5,,OPTIMAL,0.02,0,0,0,,26.72,10,0,10,1,329,245,26.6,26.84,t1-pmed2-r5-R20-theta0.5-bbnc-i-linear-coloc-tl3600.out,,T1,,,,,0,100
pmed,B&C-B,Bin,ColocOn,,2,5,20,0.5,,OPTIMAL,0.04,0,0,0,,26.72,10,0,10,1,177,301,26.6,26.84,t1-pmed2-r5-R20-theta0.5-bnc-b-linear-coloc-tl3600.out,,T1,,,,,0,100
pmed,Str1+VI1,Int,ColocOn,Str1+VI1+LocalSearch1,2,5,20,0.8,,OPTIMAL,0.04,0,0,0,,26.648,10,0,10,1,329,253,26.6,26.84,t1-pmed2-r5-R20-theta0.8-bbnc-i-e-l-linear-coloc-tl3600.out,,T1,,,,,0,100
pmed,Str1+VI0,Int,ColocOn,Str1+VI0,2,5,20,0.8,,OPTIMAL,0.1,0,0,0,,26.648,10,0,10,1,210,250,26.6,26.84,t1-pmed2-r5-R20-theta0.8-bbnc-i-e-linear-coloc-tl3600.out,,T1,,,,,0,100
pmed,Str0+VI1,Int,ColocOn,Str0+VI1,2,5,20,0.8,,OPTIMAL,0.02,0,0,0,,26.648,10,0,10,1,329,253,26.6,26.84,t1-pmed2-r5-R20-theta0.8-bbnc-i-l-linear-coloc-tl3600.out,,T1,,,,,0,100
pmed,Str0+VI0,Int,ColocOn,Str0+VI0,2,5,20,0.8,,OPTIMAL,0.06,0,0,0,,26.648,10,0,10,1,208,244,26.6,26.84,t1-pmed2-r5-R20-theta0.8-bbnc-i-linear-coloc-tl3600.out,,T1,,,,,0,100
pmed,B&C-B,Bin,ColocOn,,2,5,20,0.8,,OPTIMAL,0.03,0,0,0,,26.648,10,0,10,1,196,250,26.6,26.84,t1-pmed2-r5-R20-theta0.8-bnc-b-linear-coloc-tl3600.out,,T1,,,,,0,100
pmed,Str1+VI1,Int,ColocOn,Str1+VI1+LocalSearch1,20,10,25,0.2,,OPTIMAL,1309.08,71591,0,0.106650343840464,,397.156713,133,0,133,1,1562,8527,392.466667,398.329224,t1-pmed20-r10-R25-theta0.2-bbnc-i-e-l-linear-coloc-tl3600.out,,T1,,,,,0,400
pmed,Str1+VI0,Int,ColocOn,Str1+VI0,20,10,25,0.2,,TIME_LIMIT,3600.01,366704,0.0897087603041509,0.316920478294161,,397.028304,133,0,133,1,1562,3125,392,398.28538,t1-pmed20-r10-R25-theta0.2-bbnc-i-e-linear-coloc-tl3600.out,,T1,,,,,0,400
pmed,Str0+VI1,Int,ColocOn,Str0+VI1,20,10,25,0.2,,TIME_LIMIT,3600,151704,0.00138433069987255,0.12592107438455,,397.156713,133,0,133,1,1562,9245,392.466667,398.329224,t1-pmed20-r10-R25-theta0.2-bbnc-i-l-linear-coloc-tl3600.out,,T1,,,,,0,400
pmed,Str0+VI0,Int,ColocOn,Str0+VI0,20,10,25,0.2,,TIME_LIMIT,3600,384315,0.194803258131624,0.417835852019156,,396.711051,133,1,132,2,1562,4007,391.6,397.988814,t1-pmed20-r10-R25-theta0.2-bbnc-i-linear-coloc-tl3600.out,,T1,,,,,0.00757575757575758,400
pmed,B&C-B,Bin,ColocOn,,20,10,25,0.2,,TIME_LIMIT,3600.02,15626,0.232101852848761,0.295640273240128,,396.838356,133,0,133,1,39628,5227,391.666667,398.131278,t1-pmed20-r10-R25-theta0.2-bnc-b-linear-coloc-tl3600.out,,T1,,,,,0,400
pmed,Str1+VI1,Int,ColocOn,Str1+VI1+LocalSearch1,20,10,25,0.5,,OPTIMAL,3.42,169,0,0.0215079745043004,,395.681146,133,0,133,1,1562,2901,393.6,397.762291,t1-pmed20-r10-R25-theta0.5-bbnc-i-e-l-linear-coloc-tl3600.out,,T1,,,,,0,400
pmed,Str1+VI0,Int,ColocOn,Str1+VI0,20,10,25,0.5,,OPTIMAL,22.44,1783,0,0.0810063868951618,,395.681146,133,0,133,1,1562,2128,393.6,397.762291,t1-pmed20-r10-R25-theta0.5-bbnc-i-e-linear-coloc-tl3600.out,,T1,,,,,0,400
pmed,Str0+VI1,Int,ColocOn,Str0+VI1,20,10,25,0.5,,OPTIMAL,9.7,873,0,0.0285002207307628,,395.681146,133,0,133,1,1562,3441,393.6,397.762291,t1-pmed20-r10-R25-theta0.5-bbnc-i-l-linear-coloc-tl3600.out,,T1,,,,,0,400
pmed,Str0+VI0,Int,ColocOn,Str0+VI0,20,10,25,0.5,,OPTIMAL,70.23,14944,0,0.138391986966195,,395.681146,133,0,133,1,1562,2251,393.6,397.762291,t1-pmed20-r10-R25-theta0.5-bbnc-i-linear-coloc-tl3600.out,,T1,,,,,0,400
pmed,B&C-B,Bin,ColocOn,,20,10,25,0.5,,OPTIMAL,71.6,712,0,0.0579959399935546,,395.681146,133,0,133,1,1173,2572,393.6,397.762291,t1-pmed20-r10-R25-theta0.5-bnc-b-linear-coloc-tl3600.out,,T1,,,,,0,400
pmed,Str1+VI1,Int,ColocOn,Str1+VI1+LocalSearch1,20,10,25,0.8,,OPTIMAL,0.96,45,0,0.00546070423165536,,394.491243,133,0,133,1,1562,2206,393.8,397.256217,t1-pmed20-r10-R25-theta0.8-bbnc-i-e-l-linear-coloc-tl3600.out,,T1,,,,,0,400
pmed,Str1+VI0,Int,ColocOn,Str1+VI0,20,10,25,0.8,,OPTIMAL,1.27,182,0,0.0171686945573712,,394.491263,133,0,133,1,1562,1644,393.8,397.256313,t1-pmed20-r10-R25-theta0.8-bbnc-i-e-linear-coloc-tl3600.out,,T1,,,,,0,400
pmed,Str0+VI1,Int,ColocOn,Str0+VI1,20,10,25,0.8,,OPTIMAL,1.13,49,0,0.00781893108745461,,394.491263,133,0,133,1,1562,2455,393.8,397.256313,t1-pmed20-r10-R25-theta0.8-bbnc-i-l-linear-coloc-tl3600.out,,T1,,,,,0,400
pmed,Str0+VI0,Int,ColocOn,Str0+VI0,20,10,25,0.8,,OPTIMAL,4.82,901,0,0.0275129033719601,,394.491263,133,0,133,1,1562,1804,393.8,397.256313,t1-pmed20-r10-R25-theta0.8-bbnc-i-linear-coloc-tl3600.out,,T1,,,,,0,400
pmed,B&C-B,Bin,ColocOn,,20,10,25,0.8,,OPTIMAL,13.23,43,0,0.00809777122998221,,394.491263,133,0,133,1,43976,1310,393.8,397.256313,t1-pmed20-r10-R25-theta0.8-bnc-b-linear-coloc-tl3600.out,,T1,,,,,0,400
pmed,Str1+VI1,Int,ColocOn,Str1+VI1+LocalSearch1,20,5,20,0.2,,TIME_LIMIT,3600,135099,0.223382505302476,0.659539021416322,,367.551869,133,1,132,2,1535,13149,351.6,371.539837,t1-pmed20-r5-R20-theta0.2-bbnc-i-e-l-linear-coloc-tl3600.out,,T1,,,,,0.00757575757575758,400
pmed,Str1+VI0,Int,ColocOn,Str1+VI0,20,5,20,0.2,,TIME_LIMIT,3600.01,335786,0.434499462527589,1.37033818025677,,367.432804,133,0,133,1,1535,3809,353,371.041005,t1-pmed20-r5-R20-theta0.2-bbnc-i-e-linear-coloc-tl3600.out,,T1,,,,,0,400
pmed,Str0+VI1,Int,ColocOn,Str0+VI1,20,5,20,0.2,,TIME_LIMIT,3600,428614,0.306681341325051,0.733224246768832,,367.629141,133,2,131,2,1535,14495,350.933333,371.803093,t1-pmed20-r5-R20-theta0.2-bbnc-i-l-linear-coloc-tl3600.out,,T1,,,,,0.0152671755725191,400
pmed,Str0+VI0,Int,ColocOn,Str0+VI0,20,5,20,0.2,,TIME_LIMIT,3600,406502,0.608815096730271,1.95488963772208,,366.792266,133,0,133,1,1535,5077,351.6,370.590332,t1-pmed20-r5-R20-theta0.2-bbnc-i-linear-coloc-tl3600.out,,T1,,,,,0,400
pmed,B&C-B,Bin,ColocOn,,20,5,20,0.2,,TIME_LIMIT,3600.01,1454,2.72420366290873,3.08044299214851,,363.695385,133,1,132,2,36724,7872,347.466667,367.752565,t1-pmed20-r5-R20-theta0.2-bnc-b-linear-coloc-tl3600.out,,T1,,,,,0.00757575757575758,400
pmed,Str1+VI1,Int,ColocOn,Str1+VI1+LocalSearch1,20,5,20,0.5,,OPTIMAL,69.56,3733,0,0.245333293757283,,362.50889,133,0,133,1,1535,7736,354.4,370.617781,t1-pmed20-r5-R20-theta0.5-bbnc-i-e-l-linear-coloc-tl3600.out,,T1,,,,,0,400
pmed,Str1+VI0,Int,ColocOn,Str1+VI0,20,5,20,0.5,,TIME_LIMIT,3600,427543,0.0842637569731347,0.615737031052686,,362.453107,133,0,133,1,1535,2901,354.333333,370.572881,t1-pmed20-r5-R20-theta0.5-bbnc-i-e-linear-coloc-tl3600.out,,T1,,,,,0,400
pmed,Str0+VI1,Int,ColocOn,Str0+VI1,20,5,20,0.5,,OPTIMAL,101.71,6257,0,0.279589557100237,,362.50889,133,0,133,1,1535,9103,354.4,370.617781,t1-pmed20-r5-R20-theta0.5-bbnc-i-l-linear-coloc-tl3600.out,,T1,,,,,0,400
pmed,Str0+VI0,Int,ColocOn,Str0+VI0,20,5,20,0.5,,TIME_LIMIT,3600,526792,0.108394537340284,0.75418161105274,,362.377438,133,0,133,1,1535,3747,354.4,370.354877,t1-pmed20-r5-R20-theta0.5-bbnc-i-linear-coloc-tl3600.out,,T1,,,,,0,400
pmed,B&C-B,Bin,ColocOn,,20,5,20,0.5,,TIME_LIMIT,3600.05,44299,0.375062838389114,0.727015657032156,,362.361522,133,0,133,1,31492,5949,354.4,370.323045,t1-pmed20-r5-R20-theta0.5-bnc-b-linear-coloc-tl3600.out,,T1,,,,,0,400
pmed,Str1+VI1,Int,ColocOn,Str1+VI1+LocalSearch1,20,5,20,0.8,,OPTIMAL,2,126,0,0.0190506726439653,,357.997858,133,0,133,1,1535,3253,355.133333,369.455957,t1-pmed20-r5-R20-theta0.8-bbnc-i-e-l-linear-coloc-tl3600.out,,T1,,,,,0,400
pmed,Str1+VI0,Int,ColocOn,Str1+VI0,20,5,20,0.8,,OPTIMAL,8,1000,0,0.133864767425498,,357.997858,133,0,133,1,1535,2049,355.133333,369.455957,t1-pmed20-r5-R20-theta0.8-bbnc-i-e-linear-coloc-tl3600.out,,T1,,,,,0,400
pmed,Str0+VI1,Int,ColocOn,Str0+VI1,20,5,20,0.8,,OPTIMAL,2.3,96,0,0.0221828142893485,,357.997858,133,0,133,1,1535,3814,355.133333,369.455957,t1-pmed20-r5-R20-theta0.8-bbnc-i-l-linear-coloc-tl3600.out,,T1,,,,,0,400
pmed,Str0+VI0,Int,ColocOn,Str0+VI0,20,5,20,0.8,,OPTIMAL,15.62,2299,0,0.186631284257573,,357.997858,133,0,133,1,1535,2359,355.133333,369.455957,t1-pmed20-r5-R20-theta0.8-bbnc-i-linear-coloc-tl3600.out,,T1,,,,,0,400
pmed,B&C-B,Bin,ColocOn,,20,5,20,0.8,,OPTIMAL,44.98,580,0,0.105723258265977,,357.997858,133,0,133,1,1345,3210,355.133333,369.455957,t1-pmed20-r5-R20-theta0.8-bnc-b-linear-coloc-tl3600.out,,T1,,,,,0,400
pmed,Str1+VI1,Int,ColocOn,Str1+VI1+LocalSearch1,21,10,25,0.2,,OPTIMAL,1.94,5,0,0.0390482048498191,,252.423896,5,0,5,1,1005,3329,237,256.27987,t1-pmed21-r10-R25-theta0.2-bbnc-i-e-l-linear-coloc-tl3600.out,,T1,,,,,0,500
pmed,Str1+VI0,Int,ColocOn,Str1+VI0,21,10,25,0.2,,OPTIMAL,2.13,41,0,0.747618601053513,,252.423896,5,0,5,1,1130,2626,237,256.27987,t1-pmed21-r10-R25-theta0.2-bbnc-i-e-linear-coloc-tl3600.out,,T1,,,,,0,500
pmed,Str0+VI1,Int,ColocOn,Str0+VI1,21,10,25,0.2,,OPTIMAL,1.88,11,0,0.0280670733328606,,252.423896,5,0,5,1,1039,3217,237,256.27987,t1-pmed21-r10-R25-theta0.2-bbnc-i-l-linear-coloc-tl3600.out,,T1,,,,,0,500
pmed,Str0+VI0,Int,ColocOn,Str0+VI0,21,10,25,0.2,,OPTIMAL,2.64,77,0,1.15123530143121,,252.423896,5,0,5,1,1194,3104,237,256.27987,t1-pmed21-r10-R25-theta0.2-bbnc-i-linear-coloc-tl3600.out,,T1,,,,,0,500
pmed,B&C-B,Bin,ColocOn,,21,10,25,0.2,,OPTIMAL,9.88,74,0,2.25723756359422,,252.423896,5,0,5,1,1389,5620,237,256.27987,t1-pmed21-r10-R25-theta0.2-bnc-b-linear-coloc-tl3600.out,,T1,,,,,0,500
pmed,Str1+VI1,Int,ColocOn,Str1+VI1+LocalSearch1,21,10,25,0.5,,OPTIMAL,0.83,0,0,0,,246.639935,5,0,5,1,1971,2553,237,256.27987,t1-pmed21-r10-R25-theta0.5-bbnc-i-e-l-linear-coloc-tl3600.out,,T1,,,,,0,500
pmed,Str1+VI0,Int,ColocOn,Str1+VI0,21,10,25,0.5,,OPTIMAL,1.2,15,0,0.349625457045305,,246.639935,5,0,5,1,1067,2453,237,256.27987,t1-pmed21-r10-R25-theta0.5-bbnc-i-e-linear-coloc-tl3600.out,,T1,,,,,0,500
pmed,Str0+VI1,Int,ColocOn,Str0+VI1,21,10,25,0.5,,OPTIMAL,0.81,0,0,0,,246.639935,5,0,5,1,1971,2573,237,256.27987,t1-pmed21-r10-R25-theta0.5-bbnc-i-l-linear-coloc-tl3600.out,,T1,,,,,0,500
pmed,Str0+VI0,Int,ColocOn,Str0+VI0,21,10,25,0.5,,OPTIMAL,1.21,15,0,0.213104986424843,,246.639935,5,0,5,1,1082,2366,237,256.27987,t1-pmed21-r10-R25-theta0.5-bbnc-i-linear-coloc-tl3600.out,,T1,,,,,0,500
pmed,B&C-B,Bin,ColocOn,,21,10,25,0.5,,OPTIMAL,5.98,30,0,0.877880542743408,,246.639935,5,0,5,1,1086,4308,237,256.27987,t1-pmed21-r10-R25-theta0.5-bnc-b-linear-coloc-tl3600.out,,T1,,,,,0,500
pmed,Str1+VI1,Int,ColocOn,Str1+VI1+LocalSearch1,21,10,25,0.8,,OPTIMAL,0.79,0,0,0,,240.855974,5,0,5,1,1971,2614,237,256.27987,t1-pmed21-r10-R25-theta0.8-bbnc-i-e-l-linear-coloc-tl3600.out,,T1,,,,,0,500
pmed,Str1+VI0,Int,ColocOn,Str1+VI0,21,10,25,0.8,,OPTIMAL,0.54,0,0,0,,240.855974,5,0,5,1,1971,1919,237,256.27987,t1-pmed21-r10-R25-theta0.8-bbnc-i-e-linear-coloc-tl3600.out,,T1,,,,,0,500
pmed,Str0+VI1,Int,ColocOn,Str0+VI1,21,10,25,0.8,,OPTIMAL,0.8,0,0,0,,240.855974,5,0,5,1,1971,2657,237,256.27987,t1-pmed21-r10-R25-theta0.8-bbnc-i-l-linear-coloc-tl3600.out,,T1,,,,,0,500
pmed,Str0+VI0,Int,ColocOn,Str0+VI0,21,10,25,0.8,,OPTIMAL,0.57,0,0,0,,240.855974,5,0,5,1,1971,1924,237,256.27987,t1-pmed21-r10-R25-theta0.8-bbnc-i-linear-coloc-tl3600.out,,T1,,,,,0,500
pmed,B&C-B,Bin,ColocOn,,21,10,25,0.8,,OPTIMAL,2.54,3,0,0,,240.855974,5,0,5,1,959,2413,237,256.27987,t1-pmed21-r10-R25-theta0.8-bnc-b-linear-coloc-tl3600.out,,T1,,,,,0,500
pmed,Str1+VI1,Int,ColocOn,Str1+VI1+LocalSearch1,21,5,20,0.2,,OPTIMAL,0.47,0,0,0,,149.1616,5,0,5,1,1958,2249,141.2,151.152,t1-pmed21-r5-R20-theta0.2-bbnc-i-e-l-linear-coloc-tl3600.out,,T1,,,,,0,500
pmed,Str1+VI0,Int,ColocOn,Str1+VI0,21,5,20,0.2,,OPTIMAL,0.69,13,0,0.37346609314999,,149.1616,5,0,5,1,1043,2015,141.2,151.152,t1-pmed21-r5-R20-theta0.2-bbnc-i-e-linear-coloc-tl3600.out,,T1,,,,,0,500
pmed,Str0+VI1,Int,ColocOn,Str0+VI1,21,5,20,0.2,,OPTIMAL,0.49,0,0,0,,149.1616,5,0,5,1,1958,2250,141.2,151.152,t1-pmed21-r5-R20-theta0.2-bbnc-i-l-linear-coloc-tl3600.out,,T1,,,,,0,500
pmed,Str0+VI0,Int,ColocOn,Str0+VI0,21,5,20,0.2,,OPTIMAL,0.72,7,0,0.416168772659993,,149.1616,5,0,5,1,999,1957,141.2,151.152,t1-pmed21-r5-R20-theta0.2-bbnc-i-linear-coloc-tl3600.out,,T1,,,,,0,500
pmed,B&C-B,Bin,ColocOn,,21,5,20,0.2,,OPTIMAL,3.66,31,0,1.23889794692468,,149.1616,5,0,5,1,1091,3529,141.2,151.152,t1-pmed21-r5-R20-theta0.2-bnc-b-linear-coloc-tl3600.out,,T1,,,,,0,500
pmed,Str1+VI1,Int,ColocOn,Str1+VI1+LocalSearch1,21,5,20,0.5,,OPTIMAL,0.43,0,0,0,,146.176,5,0,5,1,1958,2241,141.2,151.152,t1-pmed21-r5-R20-theta0.5-bbnc-i-e-l-linear-coloc-tl3600.out,,T1,,,,,0,500
pmed,Str1+VI0,Int,ColocOn,Str1+VI0,21,5,20,0.5,,OPTIMAL,0.53,7,0,0.0895235880035078,,146.176,5,0,5,1,1001,1817,141.2,151.152,t1-pmed21-r5-R20-theta0.5-bbnc-i-e-linear-coloc-tl3600.out,,T1,,,,,0,500
pmed,Str0+VI1,Int,ColocOn,Str0+VI1,21,5,20,0.5,,OPTIMAL,0.49,0,0,0,,146.176,5,0,5,1,1958,2184,141.2,151.152,t1-pmed21-r5-R20-theta0.5-bbnc-i-l-linear-coloc-tl3600.out,,T1,,,,,0,500
pmed,Str0+VI0,Int,ColocOn,Str0+VI0,21,5,20,0.5,,OPTIMAL,0.63,7,0,0.0575299638791725,,146.176,5,0,5,1,979,1799,141.2,151.152,t1-pmed21-r5-R20-theta0.5-bbnc-i-linear-coloc-tl3600.out,,T1,,,,,0,500
pmed,B&C-B,Bin,ColocOn,,21,5,20,0.5,,OPTIMAL,1.94,7,0,0.115287735332764,,146.176,5,0,5,1,906,2627,141.2,151.152,t1-pmed21-r5-R20-theta0.5-bnc-b-linear-coloc-tl3600.out,,T1,,,,,0,500
pmed,Str1+VI1,Int,ColocOn,Str1+VI1+LocalSearch1,21,5,20,0.8,,OPTIMAL,0.46,0,0,0,,143.1904,5,0,5,1,1958,2199,141.2,151.152,t1-pmed21-r5-R20-theta0.8-bbnc-i-e-l-linear-coloc-tl3600.out,,T1,,,,,0,500
pmed,Str1+VI0,Int,ColocOn,Str1+VI0,21,5,20,0.8,,OPTIMAL,0.35,0,0,0,,143.1904,5,0,5,1,1958,1721,141.2,151.152,t1-pmed21-r5-R20-theta0.8-bbnc-i-e-linear-coloc-tl3600.out,,T1,,,,,0,500
pmed,Str0+VI1,Int,ColocOn,Str0+VI1,21,5,20,0.8,,OPTIMAL,0.45,0,0,0,,143.1904,5,0,5,1,1958,2201,141.2,151.152,t1-pmed21-r5-R20-theta0.8-bbnc-i-l-linear-coloc-tl3600.out,,T1,,,,,0,500
pmed,Str0+VI0,Int,ColocOn,Str0+VI0,21,5,20,0.8,,OPTIMAL,0.36,0,0,0,,143.1904,5,0,5,1,1958,1720,141.2,151.152,t1-pmed21-r5-R20-theta0.8-bbnc-i-linear-coloc-tl3600.out,,T1,,,,,0,500
pmed,B&C-B,Bin,ColocOn,,21,5,20,0.8,,OPTIMAL,0.77,0,0,0,,143.1904,5,0,5,1,2158,1826,141.2,151.152,t1-pmed21-r5-R20-theta0.8-bnc-b-linear-coloc-tl3600.out,,T1,,,,,0,500
pmed,Str1+VI1,Int,ColocOn,Str1+VI1+LocalSearch1,22,10,25,0.2,,OPTIMAL,74.12,506,0,1.76918785776799,,284.236407,10,0,10,1,1982,10181,265.933333,288.812176,t1-pmed22-r10-R25-theta0.2-bbnc-i-e-l-linear-coloc-tl3600.out,,T1,,,,,0,500
pmed,Str1+VI0,Int,ColocOn,Str1+VI0,22,10,25,0.2,,OPTIMAL,314.43,7768,0,2.8865946789146,,284.236407,10,0,10,1,1708,7896,265.933333,288.812176,t1-pmed22-r10-R25-theta0.2-bbnc-i-e-linear-coloc-tl3600.out,,T1,,,,,0,500
pmed,Str0+VI1,Int,ColocOn,Str0+VI1,22,10,25,0.2,,OPTIMAL,156.82,828,0,2.13844139959172,,284.236407,10,0,10,1,1982,12609,265.933333,288.812176,t1-pmed22-r10-R25-theta0.2-bbnc-i-l-linear-coloc-tl3600.out,,T1,,,,,0,500
pmed,Str0+VI0,Int,ColocOn,Str0+VI0,22,10,25,0.2,,OPTIMAL,704.28,14350,0,3.5890659144168,,284.236407,10,0,10,1,1888,8791,265.933333,288.812176,t1-pmed22-r10-R25-theta0.2-bbnc-i-linear-coloc-tl3600.out,,T1,,,,,0,500
pmed,B&C-B,Bin,ColocOn,,22,10,25,0.2,,OPTIMAL,403.36,9221,0,4.32095878555066,,284.236407,10,0,10,1,2329,13230,265.933333,288.812176,t1-pmed22-r10-R25-theta0.2-bnc-b-linear-coloc-tl3600.out,,T1,,,,,0,500
pmed,Str1+VI1,Int,ColocOn,Str1+VI1+LocalSearch1,22,10,25,0.5,,OPTIMAL,17.39,129,0,1.16023688051122,,277.372755,10,0,10,1,1982,7523,265.933333,288.812176,t1-pmed22-r10-R25-theta0.5-bbnc-i-e-l-linear-coloc-tl3600.out,,T1,,,,,0,500
pmed,Str1+VI0,Int,ColocOn,Str1+VI0,22,10,25,0.5,,OPTIMAL,54.96,1017,0,1.68728540047129,,277.372755,10,0,10,1,1982,5095,265.933333,288.812176,t1-pmed22-r10-R25-theta0.5-bbnc-i-e-linear-coloc-tl3600.out,,T1,,,,,0,500
pmed,Str0+VI1,Int,ColocOn,Str0+VI1,22,10,25,0.5,,OPTIMAL,15.3,128,0,1.14863336162919,,277.372755,10,0,10,1,1406,8587,265.933333,288.812176,t1-pmed22-r10-R25-theta0.5-bbnc-i-l-linear-coloc-tl3600.out,,T1,,,,,0,500
pmed,Str0+VI0,Int,ColocOn,Str0+VI0,22,10,25,0.5,,OPTIMAL,126.71,2514,0,2.20015949295381,,277.372755,10,0,10,1,1597,6708,265.933333,288.812176,t1-pmed22-r10-R25-theta0.5-bbnc-i-linear-coloc-tl3600.out,,T1,,,,,0,500
pmed,B&C-B,Bin,ColocOn,,22,10,25,0.5,,OPTIMAL,52.89,686,0,2.63372118144769,,277.372755,10,0,10,1,3153,7429,265.933333,288.812176,t1-pmed22-r10-R25-theta0.5-bnc-b-linear-coloc-tl3600.out,,T1,,,,,0,500
pmed,Str1+VI1,Int,ColocOn,Str1+VI1+LocalSearch1,22,10,25,0.8,,OPTIMAL,6.25,35,0,0.601419689012901,,270.509102,10,0,10,1,1284,6361,265.933333,288.812176,t1-pmed22-r10-R25-theta0.8-bbnc-i-e-l-linear-coloc-tl3600.out,,T1,,,,,0,500
pmed,Str1+VI0,Int,ColocOn,Str1+VI0,22,10,25,0.8,,OPTIMAL,4.59,65,0,0.750347025291599,,270.509102,10,0,10,1,1358,4141,265.933333,288.812176,t1-pmed22-r10-R25-theta0.8-bbnc-i-e-linear-coloc-tl3600.out,,T1,,,,,0,500
pmed,Str0+VI1,Int,ColocOn,Str0+VI1,22,10,25,0.8,,OPTIMAL,5.18,42,0,0.659154899712025,,270.509102,10,0,10,1,1358,6717,265.933333,288.812176,t1-pmed22-r10-R25-theta0.8-bbnc-i-l-linear-coloc-tl3600.out,,T1,,,,,0,500
pmed,Str0+VI0,Int,ColocOn,Str0+VI0,22,10,25,0.8,,OPTIMAL,5.97,97,0,0.817368060317611,,270.509102,10,0,10,1,1381,4290,265.933333,288.812176,t1-pmed22-r10-R25-theta0.8-bbnc-i-linear-coloc-tl3600.out,,T1,,,,,0,500
pmed,B&C-B,Bin,ColocOn,,22,10,25,0.8,,OPTIMAL,13.05,111,0,1.12996382650371,,270.509102,10,0,10,1,1182,5133,265.933333,288.812176,t1-pmed22-r10-R25-theta0.8-bnc-b-linear-coloc-tl3600.out,,T1,,,,,0,500
pmed,Str1+VI1,Int,ColocOn,Str1+VI1+LocalSearch1,22,5,20,0.2,,OPTIMAL,3.98,67,0,0.956921734683872,,178.498506,10,0,10,1,1394,5741,168.8,180.923132,t1-pmed22-r5-R20-theta0.2-bbnc-i-e-l-linear-coloc-tl3600.out,,T1,,,,,0,500
pmed,Str1+VI0,Int,ColocOn,Str1+VI0,22,5,20,0.2,,OPTIMAL,68.83,2323,0,2.365162652958,,178.498506,10,0,10,1,1973,4758,168.8,180.923132,t1-pmed22-r5-R20-theta0.2-bbnc-i-e-linear-coloc-tl3600.out,,T1,,,,,0,500
pmed,Str0+VI1,Int,ColocOn,Str0+VI1,22,5,20,0.2,,OPTIMAL,5.38,76,0,1.17493252296465,,178.498506,10,0,10,1,1386,5664,168.8,180.923132,t1-pmed22-r5-R20-theta0.2-bbnc-i-l-linear-coloc-tl3600.out,,T1,,,,,0,500
pmed,Str0+VI0,Int,ColocOn,Str0+VI0,22,5,20,0.2,,OPTIMAL,84.6,2991,0,3.24316551982794,,178.498506,10,0,10,1,1565,6351,168.8,180.923132,t1-pmed22-r5-R20-theta0.2-bbnc-i-linear-coloc-tl3600.out,,T1,,,,,0,500
pmed,B&C-B,Bin,ColocOn,,22,5,20,0.2,,OPTIMAL,48.32,1146,0,3.47889242277469,,178.498506,10,0,10,1,2180,5611,168.8,180.923132,t1-pmed22-r5-R20-theta0.2-bnc-b-linear-coloc-tl3600.out,,T1,,,,,0,500
pmed,Str1+VI1,Int,ColocOn,Str1+VI1+LocalSearch1,22,5,20,0.5,,OPTIMAL,2.59,25,0,0.463893821012674,,174.861566,10,0,10,1,1375,4229,168.8,180.923132,t1-pmed22-r5-R20-theta0.5-bbnc-i-e-l-linear-coloc-tl3600.out,,T1,,,,,0,500
pmed,Str1+VI0,Int,ColocOn,Str1+VI0,22,5,20,0.5,,OPTIMAL,6.12,233,0,1.0389092592251,,174.861566,10,0,10,1,1367,3780,168.8,180.923132,t1-pmed22-r5-R20-theta0.5-bbnc-i-e-linear-coloc-tl3600.out,,T1,,,,,0,500
pmed,Str0+VI1,Int,ColocOn,Str0+VI1,22,5,20,0.5,,OPTIMAL,2.96,33,0,0.613945090712502,,174.861566,10,0,10,1,1397,4769,168.8,180.923132,t1-pmed22-r5-R20-theta0.5-bbnc-i-l-linear-coloc-tl3600.out,,T1,,,,,0,500
pmed,Str0+VI0,Int,ColocOn,Str0+VI0,22,5,20,0.5,,OPTIMAL,8.3,290,0,1.08352169281155,,174.861566,10,0,10,1,1397,4508,168.8,180.923132,t1-pmed22-r5-R20-theta0.5-bbnc-i-linear-coloc-tl3600.out,,T1,,,,,0,500
pmed,B&C-B,Bin,ColocOn,,22,5,20,0.5,,OPTIMAL,11.6,250,0,1.68399098061377,,174.861566,10,0,10,1,1449,3904,168.8,180.923132,t1-pmed22-r5-R20-theta0.5-bnc-b-linear-coloc-tl3600.out,,T1,,,,,0,500
pmed,Str1+VI1,Int,ColocOn,Str1+VI1+LocalSearch1,22,5,20,0.8,,OPTIMAL,1.64,15,0,0.0628373397644381,,171.224626,10,0,10,1,1185,3770,168.8,180.923132,t1-pmed22-r5-R20-theta0.8-bbnc-i-e-l-linear-coloc-tl3600.out,,T1,,,,,0,500
pmed,Str1+VI0,Int,ColocOn,Str1+VI0,22,5,20,0.8,,OPTIMAL,1.7,39,0,0.447075877975632,,171.224626,10,0,10,1,1390,2718,168.8,180.923132,t1-pmed22-r5-R20-theta0.8-bbnc-i-e-linear-coloc-tl3600.out,,T1,,,,,0,500
pmed,Str0+VI1,Int,ColocOn,Str0+VI1,22,5,20,0.8,,OPTIMAL,1.74,15,0,0.0838676090902877,,171.224626,10,0,10,1,1206,4138,168.8,180.923132,t1-pmed22-r5-R20-theta0.8-bbnc-i-l-linear-coloc-tl3600.out,,T1,,,,,0,500
pmed,Str0+VI0,Int,ColocOn,Str0+VI0,22,5,20,0.8,,OPTIMAL,2.06,48,0,0.543732535295479,,171.224626,10,0,10,1,1406,2779,168.8,180.923132,t1-pmed22-r5-R20-theta0.8-bbnc-i-linear-coloc-tl3600.out,,T1,,,,,0,500
pmed,B&C-B,Bin,ColocOn,,22,5,20,0.8,,OPTIMAL,4.26,51,0,0.407700116687653,,171.224626,10,0,10,1,1231,3002,168.8,180.923132,t1-pmed22-r5-R20-theta0.8-bnc-b-linear-coloc-tl3600.out,,T1,,,,,0,500
pmed,Str1+VI1,Int,ColocOn,Str1+VI1+LocalSearch1,23,10,25,0.2,,TIME_LIMIT,3600,93512,0.649583696357746,1.11031808022964,,443.131125,50,0,50,1,1971,20949,421.133333,448.630573,t1-pmed23-r10-R25-theta0.2-bbnc-i-e-l-linear-coloc-tl3600.out,,T1,,,,,0,500
pmed,Str1+VI0,Int,ColocOn,Str1+VI0,23,10,25,0.2,,TIME_LIMIT,3600,137099,0.875126138160989,1.55647041845842,,442.650173,50,0,50,1,1971,6658,420.6,448.162716,t1-pmed23-r10-R25-theta0.2-bbnc-i-e-linear-coloc-tl3600.out,,T1,,,,,0,500
pmed,Str0+VI1,Int,ColocOn,Str0+VI1,23,10,25,0.2,,TIME_LIMIT,3600,82422,0.960517866712759,1.46617300694629,,442.072932,50,0,50,1,1971,22402,421.133333,447.307832,t1-pmed23-r10-R25-theta0.2-bbnc-i-l-linear-coloc-tl3600.out,,T1,,,,,0,500
pmed,Str0+VI0,Int,ColocOn,Str0+VI0,23,10,25,0.2,,TIME_LIMIT,3600,114603,1.27278790956504,2.17718574744561,,441.25592,50,0,50,1,1971,7449,419.266667,446.753233,t1-pmed23-r10-R25-theta0.2-bbnc-i-linear-coloc-tl3600.out,,T1,,,,,0,500
pmed,B&C-B,Bin,ColocOn,,23,10,25,0.2,,TIME_LIMIT,3600.02,4516,2.55582429353015,2.95190849790751,,441.25592,50,0,50,1,22478,14557,419.266667,446.753233,t1-pmed23-r10-R25-theta0.2-bnc-b-linear-coloc-tl3600.out,,T1,,,,,0,500
pmed,Str1+VI1,Int,ColocOn,Str1+VI1+LocalSearch1,23,10,25,0.5,,OPTIMAL,2498.78,42062,0,0.529417737128822,,436.673696,50,0,50,1,1971,16716,425.266667,448.080726,t1-pmed23-r10-R25-theta0.5-bbnc-i-e-l-linear-coloc-tl3600.out,,T1,,,,,0,500
pmed,Str1+VI0,Int,ColocOn,Str1+VI0,23,10,25,0.5,,TIME_LIMIT,3600,126641,0.119854182510319,0.719147736345449,,436.673696,50,0,50,1,1971,5439,425.266667,448.080726,t1-pmed23-r10-R25-theta0.5-bbnc-i-e-linear-coloc-tl3600.out,,T1,,,,,0,500
pmed,Str0+VI1,Int,ColocOn,Str0+VI1,23,10,25,0.5,,TIME_LIMIT,3600,41219,0.0933513606622439,0.597390611499835,,436.612486,50,0,50,1,1971,18074,425.933333,447.29164,t1-pmed23-r10-R25-theta0.5-bbnc-i-l-linear-coloc-tl3600.out,,T1,,,,,0,500
pmed,Str0+VI0,Int,ColocOn,Str0+VI0,23,10,25,0.5,,TIME_LIMIT,3600,187947,0.338961108288552,0.912920281142253,,436.349491,50,0,50,1,1971,6386,425.466667,447.232315,t1-pmed23-r10-R25-theta0.5-bbnc-i-linear-coloc-tl3600.out,,T1,,,,,0,500
pmed,B&C-B,Bin,ColocOn,,23,10,25,0.5,,TIME_LIMIT,3600.01,23263,1.18853704776454,1.61913027444336,,434.925658,50,0,50,1,13882,14939,423.666667,446.184649,t1-pmed23-r10-R25-theta0.5-bnc-b-linear-coloc-tl3600.out,,T1,,,,,0,500
pmed,Str1+VI1,Int,ColocOn,Str1+VI1+LocalSearch1,23,10,25,0.8,,OPTIMAL,93.1,1283,0,0.238359437741345,,430.59969,50,0,50,1,1971,7230,426.866667,445.531783,t1-pmed23-r10-R25-theta0.8-bbnc-i-e-l-linear-coloc-tl3600.out,,T1,,,,,0,500
pmed,Str1+VI0,Int,ColocOn,Str1+VI0,23,10,25,0.8,,OPTIMAL,60.25,2412,0,0.313710165467146,,430.59969,50,0,50,1,1971,4235,426.866667,445.531783,t1-pmed23-r10-R25-theta0.8-bbnc-i-e-linear-coloc-tl3600.out,,T1,,,,,0,500
pmed,Str0+VI1,Int,ColocOn,Str0+VI1,23,10,25,0.8,,OPTIMAL,681.08,53286,0,0.260456527500046,,430.59969,50,0,50,1,1959,8808,426.866667,445.531783,t1-pmed23-r10-R25-theta0.8-bbnc-i-l-linear-coloc-tl3600.out,,T1,,,,,0,500
pmed,Str0+VI0,Int,ColocOn,Str0+VI0,23,10,25,0.8,,OPTIMAL,176.61,10436,0,0.341839307873159,,430.59969,50,0,50,1,1971,4481,426.866667,445.531783,t1-pmed23-r10-R25-theta0.8-bbnc-i-linear-coloc-tl3600.out,,T1,,,,,0,500
pmed,B&C-B,Bin,ColocOn,,23,10,25,0.8,,OPTIMAL,287.17,5215,0,0.435760880366628,,430.59969,50,0,50,1,1987,6726,426.866667,445.531783,t1-pmed23-r10-R25-theta0.8-bnc-b-linear-coloc-tl3600.out,,T1,,,,,0,500
pmed,Str1+VI1,Int,ColocOn,Str1+VI1+LocalSearch1,23,5,20,0.2,,TIME_LIMIT,3600,125027,0.535397056367499,1.19473540360342,,363.481235,50,1,49,2,1970,19621,334.533333,370.718211,t1-pmed23-r5-R20-theta0.2-bbnc-i-e-l-linear-coloc-tl3600.out,,T1,,,,,0.0204081632653061,500
pmed,Str1+VI0,Int,ColocOn,Str1+VI0,23,5,20,0.2,,TIME_LIMIT,3600,178742,0.787729643545014,1.83872344585582,,363.446989,50,1,49,2,1970,7559,334.6,370.658736,t1-pmed23-r5-R20-theta0.2-bbnc-i-e-linear-coloc-tl3600.out,,T1,,,,,0.0204081632653061,500
pmed,Str0+VI1,Int,ColocOn,Str0+VI1,23,5,20,0.2,,TIME_LIMIT,3600,125417,0.552101560591813,1.33916317434754,,363.638733,50,1,49,2,1970,21327,335,370.798416,t1-pmed23-r5-R20-theta0.2-bbnc-i-l-linear-coloc-tl3600.out,,T1,,,,,0.0204081632653061,500
pmed,Str0+VI0,Int,ColocOn,Str0+VI0,23,5,20,0.2,,TIME_LIMIT,3600.01,167727,0.961672035024041,2.36701439904569,,363.018155,50,1,49,2,1970,7943,332.4,370.672694,t1-pmed23-r5-R20-theta0.2-bbnc-i-linear-coloc-tl3600.out,,T1,,,,,0.0204081632653061,500
pmed,B&C-B,Bin,ColocOn,,23,5,20,0.2,,TIME_LIMIT,3600.07,5535,3.93386083855463,4.72649234460873,,361.02335,50,1,48,3,19710,14878,329.2,368.979188,t1-pmed23-r5-R20-theta0.2-bnc-b-linear-coloc-tl3600.out,,T1,,,,,0.0208333333333333,500
pmed,Str1+VI1,Int,ColocOn,Str1+VI1+LocalSearch1,23,5,20,0.5,,OPTIMAL,219.07,2370,0,0.417694043863161,,354.872908,50,0,50,1,1970,10892,340.8,368.945816,t1-pmed23-r5-R20-theta0.5-bbnc-i-e-l-linear-coloc-tl3600.out,,T1,,,,,0,500
pmed,Str1+VI0,Int,ColocOn,Str1+VI0,23,5,20,0.5,,OPTIMAL,1234.54,65913,0,0.855955169167211,,354.872908,50,0,50,1,1970,5595,340.8,368.945816,t1-pmed23-r5-R20-theta0.5-bbnc-i-e-linear-coloc-tl3600.out,,T1,,,,,0,500
pmed,Str0+VI1,Int,ColocOn,Str0+VI1,23,5,20,0.5,,OPTIMAL,350.88,4185,0,0.468012903368769,,354.872908,50,0,50,1,1970,15039,340.8,368.945816,t1-pmed23-r5-R20-theta0.5-bbnc-i-l-linear-coloc-tl3600.out,,T1,,,,,0,500
pmed,Str0+VI0,Int,ColocOn,Str0+VI0,23,5,20,0.5,,TIME_LIMIT,3600,270957,0.13784721895694,1.06134264720837,,354.729833,50,0,50,1,1968,6771,340.333333,369.126333,t1-pmed23-r5-R20-theta0.5-bbnc-i-linear-coloc-tl3600.out,,T1,,,,,0,500
pmed,B&C-B,Bin,ColocOn,,23,5,20,0.5,,TIME_LIMIT,3600.01,48037,1.08194501242533,1.96389269691317,,354.126476,50,0,50,1,7586,14113,341.2,367.052951,t1-pmed23-r5-R20-theta0.5-bnc-b-linear-coloc-tl3600.out,,T1,,,,,0,500
pmed,Str1+VI1,Int,ColocOn,Str1+VI1+LocalSearch1,23,5,20,0.8,,OPTIMAL,2.95,17,0,0.0275506043872305,,346.943387,50,0,50,1,1407,4526,342.066667,366.45027,t1-pmed23-r5-R20-theta0.8-bbnc-i-e-l-linear-coloc-tl3600.out,,T1,,,,,0,500
pmed,Str1+VI0,Int,ColocOn,Str1+VI0,23,5,20,0.8,,OPTIMAL,8.64,977,0,0.165231568457595,,346.943387,50,0,50,1,1970,3138,342.066667,366.45027,t1-pmed23-r5-R20-theta0.8-bbnc-i-e-linear-coloc-tl3600.out,,T1,,,,,0,500
pmed,Str0+VI1,Int,ColocOn,Str0+VI1,23,5,20,0.8,,OPTIMAL,3.68,28,0,0.0476809779919584,,346.943387,50,0,50,1,1970,5234,342.066667,366.45027,t1-pmed23-r5-R20-theta0.8-bbnc-i-l-linear-coloc-tl3600.out,,T1,,,,,0,500
pmed,Str0+VI0,Int,ColocOn,Str0+VI0,23,5,20,0.8,,OPTIMAL,33.05,2442,0,0.205539873858451,,346.943387,50,0,50,1,1970,3384,342.066667,366.45027,t1-pmed23-r5-R20-theta0.8-bbnc-i-linear-coloc-tl3600.out,,T1,,,,,0,500
pmed,B&C-B,Bin,ColocOn,,23,5,20,0.8,,OPTIMAL,50.92,885,0,0.255868257837699,,346.943387,50,0,50,1,1572,4914,342.066667,366.45027,t1-pmed23-r5-R20-theta0.8-bnc-b-linear-coloc-tl3600.out,,T1,,,,,0,500
pmed,Str1+VI1,Int,ColocOn,Str1+VI1+LocalSearch1,24,10,25,0.2,,TIME_LIMIT,3600,81555,0.240710872961639,0.390609663751347,,490.616638,100,0,100,1,1972,15114,476.4,494.170798,t1-pmed24-r10-R25-theta0.2-bbnc-i-e-l-linear-coloc-tl3600.out,,T1,,,,,0,500
pmed,Str1+VI0,Int,ColocOn,Str1+VI0,24,10,25,0.2,,TIME_LIMIT,3600,176131,0.305489431367379,0.628712175550949,,490.569472,100,1,99,2,1972,4302,476.333333,494.128507,t1-pmed24-r10-R25-theta0.2-bbnc-i-e-linear-coloc-tl3600.out,,T1,,,,,0.0101010101010101,500
pmed,Str0+VI1,Int,ColocOn,Str0+VI1,24,10,25,0.2,,TIME_LIMIT,3600,82957,0.583176904383564,0.753280398664132,,489.164859,100,1,99,2,1972,18996,475,492.706074,t1-pmed24-r10-R25-theta0.2-bbnc-i-l-linear-coloc-tl3600.out,,T1,,,,,0.0101010101010101,500
pmed,Str0+VI0,Int,ColocOn,Str0+VI0,24,10,25,0.2,,TIME_LIMIT,3600,184500,0.664637408484929,1.1253920388636,,488.944191,100,2,98,2,1972,4882,472,493.180238,t1-pmed24-r10-R25-theta0.2-bbnc-i-linear-coloc-tl3600.out,,T1,,,,,0.0204081632653061,500
pmed,B&C-B,Bin,ColocOn,,24,10,25,0.2,,TIME_LIMIT,3600.03,2439,1.09665174445236,1.17097638245588,,488.944191,100,2,98,2,45760,7459,472,493.180238,t1-pmed24-r10-R25-theta0.2-bnc-b-linear-coloc-tl3600.out,,T1,,,,,0.0204081632653061,500
pmed,Str1+VI1,Int,ColocOn,Str1+VI1+LocalSearch1,24,10,25,0.5,,OPTIMAL,234.83,6963,0,0.122143504862097,,486.765138,100,0,100,1,1972,10048,480.866667,492.663609,t1-pmed24-r10-R25-theta0.5-bbnc-i-e-l-linear-coloc-tl3600.out,,T1,,,,,0,500
pmed,Str1+VI0,Int,ColocOn,Str1+VI0,24,10,25,0.5,,TIME_LIMIT,3600,213858,0.0057433734993698,0.224250278011423,,486.764168,100,0,100,1,1972,3507,480.8,492.728337,t1-pmed24-r10-R25-theta0.5-bbnc-i-e-linear-coloc-tl3600.out,,T1,,,,,0,500
pmed,Str0+VI1,Int,ColocOn,Str0+VI1,24,10,25,0.5,,OPTIMAL,2925.76,152857,0,0.150147153718309,,486.765138,100,0,100,1,1972,10579,480.866667,492.663609,t1-pmed24-r10-R25-theta0.5-bbnc-i-l-linear-coloc-tl3600.out,,T1,,,,,0,500
pmed,Str0+VI0,Int,ColocOn,Str0+VI0,24,10,25,0.5,,TIME_LIMIT,3600,245390,0.268493206849372,0.502646979232461,,485.747672,100,0,100,1,1972,4503,479.666667,491.828677,t1-pmed24-r10-R25-theta0.5-bbnc-i-linear-coloc-tl3600.out,,T1,,,,,0,500
pmed,B&C-B,Bin,ColocOn,,24,10,25,0.5,,TIME_LIMIT,3600.02,23303,0.31257557473329,0.457442940539836,,486.136478,100,0,100,1,37941,8376,480.133333,492.139624,t1-pmed24-r10-R25-theta0.5-bnc-b-linear-coloc-tl3600.out,,T1,,,,,0,500
pmed,Str1+VI1,Int,ColocOn,Str1+VI1+LocalSearch1,24,10,25,0.8,,OPTIMAL,2.71,28,0,0.0139094749476711,,483.425868,100,0,100,1,1972,3318,481.333333,491.796008,t1-pmed24-r10-R25-theta0.8-bbnc-i-e-l-linear-coloc-tl3600.out,,T1,,,,,0,500
pmed,Str1+VI0,Int,ColocOn,Str1+VI0,24,10,25,0.8,,OPTIMAL,12.73,1907,0,0.0457755810452427,,483.425868,100,0,100,1,1972,2339,481.333333,491.796008,t1-pmed24-r10-R25-theta0.8-bbnc-i-e-linear-coloc-tl3600.out,,T1,,,,,0,500
pmed,Str0+VI1,Int,ColocOn,Str0+VI1,24,10,25,0.8,,OPTIMAL,6.23,103,0,0.014114056469983,,483.425868,100,0,100,1,1972,3774,481.333333,491.796008,t1-pmed24-r10-R25-theta0.8-bbnc-i-l-linear-coloc-tl3600.out,,T1,,,,,0,500
pmed,Str0+VI0,Int,ColocOn,Str0+VI0,24,10,25,0.8,,OPTIMAL,25.46,1592,0,0.0605273774882144,,483.425868,100,0,100,1,1941,2936,481.333333,491.796008,t1-pmed24-r10-R25-theta0.8-bbnc-i-linear-coloc-tl3600.out,,T1,,,,,0,500
pmed,B&C-B,Bin,ColocOn,,24,10,25,0.8,,OPTIMAL,43.67,174,0,0.0410617248971908,,483.425868,100,0,100,1,1425,3052,481.333333,491.796008,t1-pmed24-r10-R25-theta0.8-bnc-b-linear-coloc-tl3600.out,,T1,,,,,0,500
pmed,Str1+VI1,Int,ColocOn,Str1+VI1+LocalSearch1,24,5,20,0.2,,TIME_LIMIT,3600,156524,0.418210402193821,0.73210501598545,,439.41196,100,0,100,1,1971,20456,412.8,446.06495,t1-pmed24-r5-R20-theta0.2-bbnc-i-e-l-linear-coloc-tl3600.out,,T1,,,,,0,500
pmed,Str1+VI0,Int,ColocOn,Str1+VI0,24,5,20,0.2,,TIME_LIMIT,3600,185497,0.490986768439605,1.16568721597927,,439.348646,100,0,100,1,1971,6143,413,445.935808,t1-pmed24-r5-R20-theta0.2-bbnc-i-e-linear-coloc-tl3600.out,,T1,,,,,0,500
pmed,Str0+VI1,Int,ColocOn,Str0+VI1,24,5,20,0.2,,TIME_LIMIT,3600,136427,0.622862614264565,1.05150829971555,,438.739856,100,1,99,2,1971,20602,410.2,445.87482,t1-pmed24-r5-R20-theta0.2-bbnc-i-l-linear-coloc-tl3600.out,,T1,,,,,0.0101010101010101,500
pmed,Str0+VI0,Int,ColocOn,Str0+VI0,24,5,20,0.2,,TIME_LIMIT,3600,157305,0.953396639136424,1.91044179912137,,437.451798,100,0,100,1,1971,6814,413.266667,443.49808,t1-pmed24-r5-R20-theta0.2-bbnc-i-linear-coloc-tl3600.out,,T1,,,,,0,500
pmed,B&C-B,Bin,ColocOn,,24,5,20,0.2,,TIME_LIMIT,3600.02,1885,3.15267425167649,3.52155198709917,,436.753115,100,0,100,1,40338,13043,407.733333,444.00806,t1-pmed24-r5-R20-theta0.2-bnc-b-linear-coloc-tl3600.out,,T1,,,,,0,500
pmed,Str1+VI1,Int,ColocOn,Str1+VI1+LocalSearch1,24,5,20,0.5,,OPTIMAL,228.2,6213,0,0.170175000389435,,430.74247,100,0,100,1,1971,10002,416.066667,445.418273,t1-pmed24-r5-R20-theta0.5-bbnc-i-e-l-linear-coloc-tl3600.out,,T1,,,,,0,500
pmed,Str1+VI0,Int,ColocOn,Str1+VI0,24,5,20,0.5,,OPTIMAL,781.94,71369,0,0.420592610707737,,430.74247,100,0,100,1,1971,4747,416.066667,445.418273,t1-pmed24-r5-R20-theta0.5-bbnc-i-e-linear-coloc-tl3600.out,,T1,,,,,0,500
pmed,Str0+VI1,Int,ColocOn,Str0+VI1,24,5,20,0.5,,OPTIMAL,330.52,10888,0,0.21965584215552,,430.74247,100,0,100,1,1971,11471,416.066667,445.418273,t1-pmed24-r5-R20-theta0.5-bbnc-i-l-linear-coloc-tl3600.out,,T1,,,,,0,500
pmed,Str0+VI0,Int,ColocOn,Str0+VI0,24,5,20,0.5,,TIME_LIMIT,3600,303071,0.0656291205832075,0.511287420454173,,430.688085,100,0,100,1,1971,5042,416.066667,445.309502,t1-pmed24-r5-R20-theta0.5-bbnc-i-linear-coloc-tl3600.out,,T1,,,,,0,500
pmed,B&C-B,Bin,ColocOn,,24,5,20,0.5,,TIME_LIMIT,3600.01,12450,0.728552479682567,1.12920981448104,,430.263972,100,0,100,1,31746,12589,416.066667,444.461276,t1-pmed24-r5-R20-theta0.5-bnc-b-linear-coloc-tl3600.out,,T1,,,,,0,500
pmed,Str1+VI1,Int,ColocOn,Str1+VI1+LocalSearch1,24,5,20,0.8,,OPTIMAL,7.67,330,0,0.0404346814316438,,422.367616,100,0,100,1,1971,4894,417,443.83808,t1-pmed24-r5-R20-theta0.8-bbnc-i-e-l-linear-coloc-tl3600.out,,T1,,,,,0,500
pmed,Str1+VI0,Int,ColocOn,Str1+VI0,24,5,20,0.8,,OPTIMAL,17.8,1598,0,0.0913457815856743,,422.367616,100,0,100,1,1909,3365,417,443.83808,t1-pmed24-r5-R20-theta0.8-bbnc-i-e-linear-coloc-tl3600.out,,T1,,,,,0,500
pmed,Str0+VI1,Int,ColocOn,Str0+VI1,24,5,20,0.8,,OPTIMAL,6.12,183,0,0.0465734150463294,,422.367567,100,0,100,1,1971,5075,417,443.837837,t1-pmed24-r5-R20-theta0.8-bbnc-i-l-linear-coloc-tl3600.out,,T1,,,,,0,500
pmed,Str0+VI0,Int,ColocOn,Str0+VI0,24,5,20,0.8,,OPTIMAL,20.05,1526,0,0.114102734618751,,422.367616,100,0,100,1,1961,3643,417,443.83808,t1-pmed24-r5-R20-theta0.8-bbnc-i-linear-coloc-tl3600.out,,T1,,,,,0,500
pmed,B&C-B,Bin,ColocOn,,24,5,20,0.8,,TIME_LIMIT,3600.05,117351,0.0153614720435441,0.189375572959172,,422.367567,100,0,100,1,1494,7379,417,443.837837,t1-pmed24-r5-R20-theta0.8-bnc-b-linear-coloc-tl3600.out,,T1,,,,,0,500
pmed,Str1+VI1,Int,ColocOn,Str1+VI1+LocalSearch1,25,10,25,0.2,,OPTIMAL,74.05,10357,0,0.00561579801830331,,499.697459,167,0,167,1,1979,3569,498.733333,499.938491,t1-pmed25-r10-R25-theta0.2-bbnc-i-e-l-linear-coloc-tl3600.out,,T1,,,,,0,500
pmed,Str1+VI0,Int,ColocOn,Str1+VI0,25,10,25,0.2,,OPTIMAL,23.13,3297,0,0.0115647935544794,,499.697636,167,0,167,1,1983,2832,498.733333,499.938711,t1-pmed25-r10-R25-theta0.2-bbnc-i-e-linear-coloc-tl3600.out,,T1,,,,,0,500
pmed,Str0+VI1,Int,ColocOn,Str0+VI1,25,10,25,0.2,,OPTIMAL,46.81,2774,0,0.00727920436994781,,499.697469,167,0,167,1,1982,4438,498.733333,499.938503,t1-pmed25-r10-R25-theta0.2-bbnc-i-l-linear-coloc-tl3600.out,,T1,,,,,0,500
pmed,Str0+VI0,Int,ColocOn,Str0+VI0,25,10,25,0.2,,OPTIMAL,124.17,24178,0,0.0130777103146432,,499.697565,167,0,167,1,1983,2026,498.733333,499.938622,t1-pmed25-r10-R25-theta0.2-bbnc-i-linear-coloc-tl3600.out,,T1,,,,,0,500
pmed,B&C-B,Bin,ColocOn,,25,10,25,0.2,,TIME_LIMIT,3600.05,66611,0.00103662074301276,0.00844412507727289,,499.69653,167,0,167,1,1400,3516,498.733333,499.937329,t1-pmed25-r10-R25-theta0.2-bnc-b-linear-coloc-tl3600.out,,T1,,,,,0,500
pmed,Str1+VI1,Int,ColocOn,Str1+VI1+LocalSearch1,25,10,25,0.5,,OPTIMAL,12.38,776,0,0.000902738490461507,,499.369424,167,0,167,1,1983,2800,498.866667,499.872182,t1-pmed25-r10-R25-theta0.5-bbnc-i-e-l-linear-coloc-tl3600.out,,T1,,,,,0,500
pmed,Str1+VI0,Int,ColocOn,Str1+VI0,25,10,25,0.5,,OPTIMAL,14.81,2698,0,0.00584316820004108,,499.369503,167,0,167,1,1983,1719,498.866667,499.872338,t1-pmed25-r10-R25-theta0.5-bbnc-i-e-linear-coloc-tl3600.out,,T1,,,,,0,500
pmed,Str0+VI1,Int,ColocOn,Str0+VI1,25,10,25,0.5,,OPTIMAL,20.03,1482,0,0.00173098280046986,,499.369491,167,0,167,1,1674,2554,498.866667,499.872315,t1-pmed25-r10-R25-theta0.5-bbnc-i-l-linear-coloc-tl3600.out,,T1,,,,,0,500
pmed,Str0+VI0,Int,ColocOn,Str0+VI0,25,10,25,0.5,,OPTIMAL,8.62,1030,0,0.00772273855866931,,499.369488,167,0,167,1,1884,1650,498.866667,499.872309,t1-pmed25-r10-R25-theta0.5-bbnc-i-linear-coloc-tl3600.out,,T1,,,,,0,500
pmed,B&C-B,Bin,ColocOn,,25,10,25,0.5,,OPTIMAL,111.07,1187,0,0.00246591123033637,,499.369152,167,0,167,1,1271,2649,498.866667,499.871638,t1-pmed25-r10-R25-theta0.5-bnc-b-linear-coloc-tl3600.out,,T1,,,,,0,500
pmed,Str1+VI1,Int,ColocOn,Str1+VI1+LocalSearch1,25,10,25,0.8,,OPTIMAL,10.02,652,0,0.000323603331879865,,499.067791,167,0,167,1,1983,2979,498.866667,499.87229,t1-pmed25-r10-R25-theta0.8-bbnc-i-e-l-linear-coloc-tl3600.out,,T1,,,,,0,500
pmed,Str1+VI0,Int,ColocOn,Str1+VI0,25,10,25,0.8,,OPTIMAL,1.64,123,0,0.000418981166084691,,499.067779,167,0,167,1,1983,1863,498.866667,499.872228,t1-pmed25-r10-R25-theta0.8-bbnc-i-e-linear-coloc-tl3600.out,,T1,,,,,0,500
pmed,Str0+VI1,Int,ColocOn,Str0+VI1,25,10,25,0.8,,OPTIMAL,19.66,1215,0,0.000436614094925764,,499.067718,167,0,167,1,1631,3148,498.866667,499.871926,t1-pmed25-r10-R25-theta0.8-bbnc-i-l-linear-coloc-tl3600.out,,T1,,,,,0,500
pmed,Str0+VI0,Int,ColocOn,Str0+VI0,25,10,25,0.8,,OPTIMAL,10.3,1473,0,0.00134110036092076,,499.067795,167,0,167,1,1671,1831,498.866667,499.872306,t1-pmed25-r10-R25-theta0.8-bbnc-i-linear-coloc-tl3600.out,,T1,,,,,0,500
pmed,B&C-B,Bin,ColocOn,,25,10,25,0.8,,OPTIMAL,95.01,950,0,0.000623362375091735,,499.067657,167,0,167,1,1440,2393,498.866667,499.871619,t1-pmed25-r10-R25-theta0.8-bnc-b-linear-coloc-tl3600.out,,T1,,,,,0,500
pmed,Str1+VI1,Int,ColocOn,Str1+VI1+LocalSearch1,25,5,20,0.2,,TIME_LIMIT,3600,62861,0.325629159340379,0.548287783660255,,482.424026,167,0,167,1,1963,18774,463.533333,487.146699,t1-pmed25-r5-R20-theta0.2-bbnc-i-e-l-linear-coloc-tl3600.out,,T1,,,,,0,500
pmed,Str1+VI0,Int,ColocOn,Str1+VI0,25,5,20,0.2,,TIME_LIMIT,3600,171501,0.452148467356001,1.2751777133634,,482.170127,167,0,167,1,1963,5403,460.533333,487.579326,t1-pmed25-r5-R20-theta0.2-bbnc-i-e-linear-coloc-tl3600.out,,T1,,,,,0,500
pmed,Str0+VI1,Int,ColocOn,Str0+VI1,25,5,20,0.2,,TIME_LIMIT,3600,89644,0.569650740658064,0.89540625693399,,481.383279,167,0,167,1,1963,22456,461.8,486.279099,t1-pmed25-r5-R20-theta0.2-bbnc-i-l-linear-coloc-tl3600.out,,T1,,,,,0,500
pmed,Str0+VI0,Int,ColocOn,Str0+VI0,25,5,20,0.2,,TIME_LIMIT,3600,161799,0.88003666659813,1.89412728931761,,480.249931,167,1,166,2,1963,5368,459.133333,485.529081,t1-pmed25-r5-R20-theta0.2-bbnc-i-linear-coloc-tl3600.out,,T1,,,,,0.00602409638554217,500
pmed,B&C-B,Bin,ColocOn,,25,5,20,0.2,,TIME_LIMIT,3600.04,1891,2.04242807544227,2.21859560110644,,478.828318,167,2,165,2,69110,9314,454.866667,484.818731,t1-pmed25-r5-R20-theta0.2-bnc-b-linear-coloc-tl3600.out,,T1,,,,,0.0121212121212121,500
pmed,Str1+VI1,Int,ColocOn,Str1+VI1+LocalSearch1,25,5,20,0.5,,OPTIMAL,1385.68,65151,0,0.134384036079985,,476.075149,167,0,167,1,1963,7910,465.866667,486.283632,t1-pmed25-r5-R20-theta0.5-bbnc-i-e-l-linear-coloc-tl3600.out,,T1,,,,,0,500
pmed,Str1+VI0,Int,ColocOn,Str1+VI0,25,5,20,0.5,,TIME_LIMIT,3600,282014,0.023744399781765,0.459932009599599,,476.075149,167,0,167,1,1963,3108,465.866667,486.283632,t1-pmed25-r5-R20-theta0.5-bbnc-i-e-linear-coloc-tl3600.out,,T1,,,,,0,500
pmed,Str0+VI1,Int,ColocOn,Str0+VI1,25,5,20,0.5,,OPTIMAL,1362.94,85820,0,0.167562411454491,,476.075149,167,0,167,1,1963,11215,465.866667,486.283632,t1-pmed25-r5-R20-theta0.5-bbnc-i-l-linear-coloc-tl3600.out,,T1,,,,,0,500
pmed,Str0+VI0,Int,ColocOn,Str0+VI0,25,5,20,0.5,,TIME_LIMIT,3600,311688,0.064057249654009,0.574434310579818,,476.075149,167,0,167,1,1963,3861,465.866667,486.283632,t1-pmed25-r5-R20-theta0.5-bbnc-i-linear-coloc-tl3600.out,,T1,,,,,0,500
pmed,B&C-B,Bin,ColocOn,,25,5,20,0.5,,TIME_LIMIT,3600.07,13435,0.34341537453679,0.512252656357497,,475.946385,167,0,167,1,61484,8309,465.733333,486.159436,t1-pmed25-r5-R20-theta0.5-bnc-b-linear-coloc-tl3600.out,,T1,,,,,0,500
pmed,Str1+VI1,Int,ColocOn,Str1+VI1+LocalSearch1,25,5,20,0.8,,OPTIMAL,4.01,160,0,0.00715848382401847,,470.462752,167,0,167,1,1963,3874,467,484.313759,t1-pmed25-r5-R20-theta0.8-bbnc-i-e-l-linear-coloc-tl3600.out,,T1,,,,,0,500
pmed,Str1+VI0,Int,ColocOn,Str1+VI0,25,5,20,0.8,,OPTIMAL,7.57,556,0,0.0752580302042703,,470.462752,167,0,167,1,1951,2639,467,484.313759,t1-pmed25-r5-R20-theta0.8-bbnc-i-e-linear-coloc-tl3600.out,,T1,,,,,0,500
pmed,Str0+VI1,Int,ColocOn,Str0+VI1,25,5,20,0.8,,OPTIMAL,6.94,234,0,0.00674038519528239,,470.462727,167,0,167,1,1963,4467,467,484.313634,t1-pmed25-r5-R20-theta0.8-bbnc-i-l-linear-coloc-tl3600.out,,T1,,,,,0,500
pmed,Str0+VI0,Int,ColocOn,Str0+VI0,25,5,20,0.8,,OPTIMAL,16.2,1230,0,0.106987853525115,,470.462752,167,0,167,1,1963,3011,467,484.313759,t1-pmed25-r5-R20-theta0.8-bbnc-i-linear-coloc-tl3600.out,,T1,,,,,0,500
pmed,B&C-B,Bin,ColocOn,,25,5,20,0.8,,OPTIMAL,80.11,432,0,0.048503733617572,,470.462752,167,0,167,1,1482,3440,467,484.313759,t1-pmed25-r5-R20-theta0.8-bnc-b-linear-coloc-tl3600.out,,T1,,,,,0,500
pmed,Str1+VI1,Int,ColocOn,Str1+VI1+LocalSearch1,26,10,25,0.2,,OPTIMAL,31.93,192,0,1.64499539140182,,370.604017,5,0,5,1,1517,8933,333.533333,379.871688,t1-pmed26-r10-R25-theta0.2-bbnc-i-e-l-linear-coloc-tl3600.out,,T1,,,,,0,600
pmed,Str1+VI0,Int,ColocOn,Str1+VI0,26,10,25,0.2,,OPTIMAL,34.82,545,0,2.21105563461822,,370.604017,5,0,5,1,1604,6017,333.533333,379.871688,t1-pmed26-r10-R25-theta0.2-bbnc-i-e-linear-coloc-tl3600.out,,T1,,,,,0,600
pmed,Str0+VI1,Int,ColocOn,Str0+VI1,26,10,25,0.2,,OPTIMAL,47.71,232,0,1.95205952125447,,370.604017,5,0,5,1,1517,9911,333.533333,379.871688,t1-pmed26-r10-R25-theta0.2-bbnc-i-l-linear-coloc-tl3600.out,,T1,,,,,0,600
pmed,Str0+VI0,Int,ColocOn,Str0+VI0,26,10,25,0.2,,OPTIMAL,82.17,1265,0,2.5061600991767,,370.604017,5,0,5,1,1633,6354,333.533333,379.871688,t1-pmed26-r10-R25-theta0.2-bbnc-i-linear-coloc-tl3600.out,,T1,,,,,0,600
pmed,B&C-B,Bin,ColocOn,,26,10,25,0.2,,OPTIMAL,3034.9,28534,0,6.38991427877589,,370.604017,5,0,5,1,2202,47247,333.533333,379.871688,t1-pmed26-r10-R25-theta0.2-bnc-b-linear-coloc-tl3600.out,,T1,,,,,0,600
pmed,Str1+VI1,Int,ColocOn,Str1+VI1+LocalSearch1,26,10,25,0.5,,OPTIMAL,18.79,90,0,1.39094282966794,,356.702511,5,0,5,1,1503,8281,333.533333,379.871688,t1-pmed26-r10-R25-theta0.5-bbnc-i-e-l-linear-coloc-tl3600.out,,T1,,,,,0,600
pmed,Str1+VI0,Int,ColocOn,Str1+VI0,26,10,25,0.5,,OPTIMAL,13.46,203,0,1.71088002237248,,356.702511,5,0,5,1,1550,5329,333.533333,379.871688,t1-pmed26-r10-R25-theta0.5-bbnc-i-e-linear-coloc-tl3600.out,,T1,,,,,0,600
pmed,Str0+VI1,Int,ColocOn,Str0+VI1,26,10,25,0.5,,OPTIMAL,18.85,105,0,1.5439633392432,,356.702511,5,0,5,1,1509,8414,333.533333,379.871688,t1-pmed26-r10-R25-theta0.5-bbnc-i-l-linear-coloc-tl3600.out,,T1,,,,,0,600
pmed,Str0+VI0,Int,ColocOn,Str0+VI0,26,10,25,0.5,,OPTIMAL,27.59,352,0,1.90905412493718,,356.702511,5,0,5,1,1580,6085,333.533333,379.871688,t1-pmed26-r10-R25-theta0.5-bbnc-i-linear-coloc-tl3600.out,,T1,,,,,0,600
pmed,B&C-B,Bin,ColocOn,,26,10,25,0.5,,OPTIMAL,154.43,822,0,4.27301842010302,,356.702511,5,0,5,1,1923,15124,333.533333,379.871688,t1-pmed26-r10-R25-theta0.5-bnc-b-linear-coloc-tl3600.out,,T1,,,,,0,600
pmed,Str1+VI1,Int,ColocOn,Str1+VI1+LocalSearch1,26,10,25,0.8,,OPTIMAL,11.72,45,0,1.09359748989545,,343.158615,5,0,5,1,1562,7043,334.8,376.593076,t1-pmed26-r10-R25-theta0.8-bbnc-i-e-l-linear-coloc-tl3600.out,,T1,,,,,0,600
pmed,Str1+VI0,Int,ColocOn,Str1+VI0,26,10,25,0.8,,OPTIMAL,8.66,71,0,1.25204112972656,,343.158615,5,0,5,1,1582,5094,334.8,376.593076,t1-pmed26-r10-R25-theta0.8-bbnc-i-e-linear-coloc-tl3600.out,,T1,,,,,0,600
pmed,Str0+VI1,Int,ColocOn,Str0+VI1,26,10,25,0.8,,OPTIMAL,15.57,57,0,1.12498443321902,,343.158615,5,0,5,1,1588,7167,334.8,376.593076,t1-pmed26-r10-R25-theta0.8-bbnc-i-l-linear-coloc-tl3600.out,,T1,,,,,0,600
pmed,Str0+VI0,Int,ColocOn,Str0+VI0,26,10,25,0.8,,OPTIMAL,9.85,96,0,1.29675864322976,,343.158615,5,0,5,1,1605,5502,334.8,376.593076,t1-pmed26-r10-R25-theta0.8-bbnc-i-linear-coloc-tl3600.out,,T1,,,,,0,600
pmed,B&C-B,Bin,ColocOn,,26,10,25,0.8,,OPTIMAL,34.85,185,0,2.16967363619882,,343.158615,5,0,5,1,1551,8749,334.8,376.593076,t1-pmed26-r10-R25-theta0.8-bnc-b-linear-coloc-tl3600.out,,T1,,,,,0,600
pmed,Str1+VI1,Int,ColocOn,Str1+VI1+LocalSearch1,26,5,20,0.2,,OPTIMAL,4.72,35,0,1.02418096074148,,221.743919,5,0,5,1,1359,5787,201.933333,226.696565,t1-pmed26-r5-R20-theta0.2-bbnc-i-e-l-linear-coloc-tl3600.out,,T1,,,,,0,600
pmed,Str1+VI0,Int,ColocOn,Str1+VI0,26,5,20,0.2,,OPTIMAL,6.77,165,0,2.03795938142502,,221.743919,5,0,5,1,1555,5044,201.933333,226.696565,t1-pmed26-r5-R20-theta0.2-bbnc-i-e-linear-coloc-tl3600.out,,T1,,,,,0,600
pmed,Str0+VI1,Int,ColocOn,Str0+VI1,26,5,20,0.2,,OPTIMAL,7.15,60,0,1.17524711015862,,221.743919,5,0,5,1,1335,6343,201.933333,226.696565,t1-pmed26-r5-R20-theta0.2-bbnc-i-l-linear-coloc-tl3600.out,,T1,,,,,0,600
pmed,Str0+VI0,Int,ColocOn,Str0+VI0,26,5,20,0.2,,OPTIMAL,15.04,358,0,2.15214154305625,,221.743919,5,0,5,1,1537,5684,201.933333,226.696565,t1-pmed26-r5-R20-theta0.2-bbnc-i-linear-coloc-tl3600.out,,T1,,,,,0,600
pmed,B&C-B,Bin,ColocOn,,26,5,20,0.2,,OPTIMAL,33.52,406,0,5.96287332686674,,221.743919,5,0,5,1,1834,9096,201.933333,226.696565,t1-pmed26-r5-R20-theta0.2-bnc-b-linear-coloc-tl3600.out,,T1,,,,,0,600
pmed,Str1+VI1,Int,ColocOn,Str1+VI1+LocalSearch1,26,5,20,0.5,,OPTIMAL,4.29,21,0,0.6131219525895,,214.314949,5,0,5,1,1564,5401,201.933333,226.696565,t1-pmed26-r5-R20-theta0.5-bbnc-i-e-l-linear-coloc-tl3600.out,,T1,,,,,0,600
pmed,Str1+VI0,Int,ColocOn,Str1+VI0,26,5,20,0.5,,OPTIMAL,4.21,44,0,1.19970399265056,,214.314949,5,0,5,1,1677,4534,201.933333,226.696565,t1-pmed26-r5-R20-theta0.5-bbnc-i-e-linear-coloc-tl3600.out,,T1,,,,,0,600
pmed,Str0+VI1,Int,ColocOn,Str0+VI1,26,5,20,0.5,,OPTIMAL,4.4,17,0,0.817454875721242,,214.314949,5,0,5,1,1563,6300,201.933333,226.696565,t1-pmed26-r5-R20-theta0.5-bbnc-i-l-linear-coloc-tl3600.out,,T1,,,,,0,600
pmed,Str0+VI0,Int,ColocOn,Str0+VI0,26,5,20,0.5,,OPTIMAL,4.39,81,0,1.5745947801336,,214.314949,5,0,5,1,1637,4196,201.933333,226.696565,t1-pmed26-r5-R20-theta0.5-bbnc-i-linear-coloc-tl3600.out,,T1,,,,,0,600
pmed,B&C-B,Bin,ColocOn,,26,5,20,0.5,,OPTIMAL,14.78,133,0,3.18118546177569,,214.314949,5,0,5,1,1745,6475,201.933333,226.696565,t1-pmed26-r5-R20-theta0.5-bnc-b-linear-coloc-tl3600.out,,T1,,,,,0,600
pmed,Str1+VI1,Int,ColocOn,Str1+VI1+LocalSearch1,26,5,20,0.8,,OPTIMAL,3.68,11,0,0.21209508735198,,206.88598,5,0,5,1,1557,5348,201.933333,226.696565,t1-pmed26-r5-R20-theta0.8-bbnc-i-e-l-linear-coloc-tl3600.out,,T1,,,,,0,600
pmed,Str1+VI0,Int,ColocOn,Str1+VI0,26,5,20,0.8,,OPTIMAL,2.65,27,0,0.542986528134972,,206.88598,5,0,5,1,1592,4111,201.933333,226.696565,t1-pmed26-r5-R20-theta0.8-bbnc-i-e-linear-coloc-tl3600.out,,T1,,,,,0,600
pmed,Str0+VI1,Int,ColocOn,Str0+VI1,26,5,20,0.8,,OPTIMAL,3.76,23,0,0.177394330925667,,206.88598,5,0,5,1,1484,5229,201.933333,226.696565,t1-pmed26-r5-R20-theta0.8-bbnc-i-l-linear-coloc-tl3600.out,,T1,,,,,0,600
pmed,Str0+VI0,Int,ColocOn,Str0+VI0,26,5,20,0.8,,OPTIMAL,2.62,23,0,0.602505786037313,,206.88598,5,0,5,1,1563,4464,201.933333,226.696565,t1-pmed26-r5-R20-theta0.8-bbnc-i-linear-coloc-tl3600.out,,T1,,,,,0,600
pmed,B&C-B,Bin,ColocOn,,26,5,20,0.8,,OPTIMAL,9.75,64,0,1.09114788735323,,206.88598,5,0,5,1,1409,5330,201.933333,226.696565,t1-pmed26-r5-R20-theta0.8-bnc-b-linear-coloc-tl3600.out,,T1,,,,,0,600
pmed,Str1+VI1,Int,ColocOn,Str1+VI1+LocalSearch1,27,10,25,0.2,,OPTIMAL,773.5,16369,0,1.10403341433973,,446.980312,10,1,9,2,1884,14420,395.8,459.77539,t1-pmed27-r10-R25-theta0.2-bbnc-i-e-l-linear-coloc-tl3600.out,,T1,,,,,0.111111111111111,600
pmed,Str1+VI0,Int,ColocOn,Str1+VI0,27,10,25,0.2,,OPTIMAL,455.17,12016,0,1.47464660591135,,446.980312,10,1,9,2,2066,7030,395.8,459.77539,t1-pmed27-r10-R25-theta0.2-bbnc-i-e-linear-coloc-tl3600.out,,T1,,,,,0.111111111111111,600
pmed,Str0+VI1,Int,ColocOn,Str0+VI1,27,10,25,0.2,,OPTIMAL,1286.86,28631,0,1.27643899447633,,446.980312,10,1,9,2,1809,20779,395.8,459.77539,t1-pmed27-r10-R25-theta0.2-bbnc-i-l-linear-coloc-tl3600.out,,T1,,,,,0.111111111111111,600
pmed,Str0+VI0,Int,ColocOn,Str0+VI0,27,10,25,0.2,,OPTIMAL,1162.59,41971,0,1.84149050394863,,446.980312,10,1,9,2,1856,8594,395.8,459.77539,t1-pmed27-r10-R25-theta0.2-bbnc-i-linear-coloc-tl3600.out,,T1,,,,,0.111111111111111,600
pmed,B&C-B,Bin,ColocOn,,27,10,25,0.2,,TIME_LIMIT,3600.04,11962,3.11753060139988,5.06099698300301,,444.985861,10,1,9,2,6381,26785,393.2,457.932326,t1-pmed27-r10-R25-theta0.2-bnc-b-linear-coloc-tl3600.out,,T1,,,,,0.111111111111111,600
pmed,Str1+VI1,Int,ColocOn,Str1+VI1+LocalSearch1,27,10,25,0.5,,OPTIMAL,136.37,910,0,0.950373819820805,,431.380149,10,0,10,1,2390,9006,405.933333,456.826964,t1-pmed27-r10-R25-theta0.5-bbnc-i-e-l-linear-coloc-tl3600.out,,T1,,,,,0,600
pmed,Str1+VI0,Int,ColocOn,Str1+VI0,27,10,25,0.5,,OPTIMAL,131.69,2007,0,1.13669625534855,,431.380149,10,0,10,1,2390,5067,405.933333,456.826964,t1-pmed27-r10-R25-theta0.5-bbnc-i-e-linear-coloc-tl3600.out,,T1,,,,,0,600
pmed,Str0+VI1,Int,ColocOn,Str0+VI1,27,10,25,0.5,,OPTIMAL,251.44,1465,0,0.990454477310686,,431.380149,10,0,10,1,2390,9369,405.933333,456.826964,t1-pmed27-r10-R25-theta0.5-bbnc-i-l-linear-coloc-tl3600.out,,T1,,,,,0,600
pmed,Str0+VI0,Int,ColocOn,Str0+VI0,27,10,25,0.5,,OPTIMAL,492.36,14214,0,1.29731792549406,,431.380149,10,0,10,1,1963,6633,405.933333,456.826964,t1-pmed27-r10-R25-theta0.5-bbnc-i-linear-coloc-tl3600.out,,T1,,,,,0,600
pmed,B&C-B,Bin,ColocOn,,27,10,25,0.5,,TIME_LIMIT,3600.01,43514,1.16370953906089,3.17346719353708,,431.00288,10,0,10,1,2537,31961,405.333333,456.672426,t1-pmed27-r10-R25-theta0.5-bnc-b-linear-coloc-tl3600.out,,T1,,,,,0,600
pmed,Str1+VI1,Int,ColocOn,Str1+VI1+LocalSearch1,27,10,25,0.8,,OPTIMAL,21.37,127,0,0.568554029226471,,417.26694,10,0,10,1,1544,7206,408.466667,452.468032,t1-pmed27-r10-R25-theta0.8-bbnc-i-e-l-linear-coloc-tl3600.out,,T1,,,,,0,600
pmed,Str1+VI0,Int,ColocOn,Str1+VI0,27,10,25,0.8,,OPTIMAL,24.07,331,0,0.662266701502879,,417.26694,10,0,10,1,2390,4675,408.466667,452.468032,t1-pmed27-r10-R25-theta0.8-bbnc-i-e-linear-coloc-tl3600.out,,T1,,,,,0,600
pmed,Str0+VI1,Int,ColocOn,Str0+VI1,27,10,25,0.8,,OPTIMAL,25.73,143,0,0.54687701834227,,417.26694,10,0,10,1,1599,8982,408.466667,452.468032,t1-pmed27-r10-R25-theta0.8-bbnc-i-l-linear-coloc-tl3600.out,,T1,,,,,0,600
pmed,Str0+VI0,Int,ColocOn,Str0+VI0,27,10,25,0.8,,OPTIMAL,20.73,314,0,0.62145493721598,,417.26694,10,0,10,1,1631,5630,408.466667,452.468032,t1-pmed27-r10-R25-theta0.8-bbnc-i-linear-coloc-tl3600.out,,T1,,,,,0,600
pmed,B&C-B,Bin,ColocOn,,27,10,25,0.8,,OPTIMAL,152.49,1484,0,1.3930806500031,,417.26694,10,0,10,1,1892,10591,408.466667,452.468032,t1-pmed27-r10-R25-theta0.8-bnc-b-linear-coloc-tl3600.out,,T1,,,,,0,600
pmed,Str1+VI1,Int,ColocOn,Str1+VI1+LocalSearch1,27,5,20,0.2,,OPTIMAL,197.54,1680,0,1.48252951477442,,305.542315,10,1,9,2,2378,10280,258.933333,317.194561,t1-pmed27-r5-R20-theta0.2-bbnc-i-e-l-linear-coloc-tl3600.out,,T1,,,,,0.111111111111111,600
pmed,Str1+VI0,Int,ColocOn,Str1+VI0,27,5,20,0.2,,OPTIMAL,528.02,16258,0,2.20145743151814,,305.542315,10,1,9,2,1922,7493,258.933333,317.194561,t1-pmed27-r5-R20-theta0.2-bbnc-i-e-linear-coloc-tl3600.out,,T1,,,,,0.111111111111111,600
pmed,Str0+VI1,Int,ColocOn,Str0+VI1,27,5,20,0.2,,OPTIMAL,428.15,3101,0,1.61561255435276,,305.542315,10,1,9,2,2378,13052,258.933333,317.194561,t1-pmed27-r5-R20-theta0.2-bbnc-i-l-linear-coloc-tl3600.out,,T1,,,,,0.111111111111111,600
pmed,Str0+VI0,Int,ColocOn,Str0+VI0,27,5,20,0.2,,OPTIMAL,1259.26,58977,0,2.50594062560534,,305.542315,10,1,9,2,1695,9237,258.933333,317.194561,t1-pmed27-r5-R20-theta0.2-bbnc-i-linear-coloc-tl3600.out,,T1,,,,,0.111111111111111,600
pmed,B&C-B,Bin,ColocOn,,27,5,20,0.2,,TIME_LIMIT,3600.01,26439,3.60348304930452,7.71605400427682,,305.065024,10,0,10,1,3655,38589,260.8,316.13128,t1-pmed27-r5-R20-theta0.2-bnc-b-linear-coloc-tl3600.out,,T1,,,,,0,600
pmed,Str1+VI1,Int,ColocOn,Str1+VI1+LocalSearch1,27,5,20,0.5,,OPTIMAL,86.94,762,0,1.15959563886552,,290.939435,10,0,10,1,1636,11662,268.466667,313.412203,t1-pmed27-r5-R20-theta0.5-bbnc-i-e-l-linear-coloc-tl3600.out,,T1,,,,,0,600
pmed,Str1+VI0,Int,ColocOn,Str1+VI0,27,5,20,0.5,,OPTIMAL,372.35,17293,0,1.6727574245822,,290.939435,10,0,10,1,1768,6825,268.466667,313.412203,t1-pmed27-r5-R20-theta0.5-bbnc-i-e-linear-coloc-tl3600.out,,T1,,,,,0,600
pmed,Str0+VI1,Int,ColocOn,Str0+VI1,27,5,20,0.5,,OPTIMAL,138.9,1165,0,1.41631436109718,,290.939435,10,0,10,1,2378,10327,268.466667,313.412203,t1-pmed27-r5-R20-theta0.5-bbnc-i-l-linear-coloc-tl3600.out,,T1,,,,,0,600
pmed,Str0+VI0,Int,ColocOn,Str0+VI0,27,5,20,0.5,,OPTIMAL,722.73,27652,0,1.92948852052319,,290.939435,10,0,10,1,1616,9584,268.466667,313.412203,t1-pmed27-r5-R20-theta0.5-bbnc-i-linear-coloc-tl3600.out,,T1,,,,,0,600
pmed,B&C-B,Bin,ColocOn,,27,5,20,0.5,,TIME_LIMIT,3600.01,61578,0.847603618303055,4.79447163296875,,290.873741,10,0,10,1,2456,32290,268,313.747483,t1-pmed27-r5-R20-theta0.5-bnc-b-linear-coloc-tl3600.out,,T1,,,,,0,600
pmed,Str1+VI1,Int,ColocOn,Str1+VI1+LocalSearch1,27,5,20,0.8,,OPTIMAL,13.39,99,0,0.663267882164386,,278.785548,10,0,10,1,1531,8378,271.933333,306.194409,t1-pmed27-r5-R20-theta0.8-bbnc-i-e-l-linear-coloc-tl3600.out,,T1,,,,,0,600
pmed,Str1+VI0,Int,ColocOn,Str1+VI0,27,5,20,0.8,,OPTIMAL,18.4,348,0,0.906690471630898,,278.785548,10,0,10,1,1627,5775,271.933333,306.194409,t1-pmed27-r5-R20-theta0.8-bbnc-i-e-linear-coloc-tl3600.out,,T1,,,,,0,600
pmed,Str0+VI1,Int,ColocOn,Str0+VI1,27,5,20,0.8,,OPTIMAL,20.79,144,0,0.705488506886296,,278.785548,10,0,10,1,1619,9529,271.933333,306.194409,t1-pmed27-r5-R20-theta0.8-bbnc-i-l-linear-coloc-tl3600.out,,T1,,,,,0,600
pmed,Str0+VI0,Int,ColocOn,Str0+VI0,27,5,20,0.8,,OPTIMAL,28.43,527,0,0.971939191051616,,278.785548,10,0,10,1,1661,6128,271.933333,306.194409,t1-pmed27-r5-R20-theta0.8-bbnc-i-linear-coloc-tl3600.out,,T1,,,,,0,600
pmed,B&C-B,Bin,ColocOn,,27,5,20,0.8,,OPTIMAL,109.18,1104,0,2.01336548478475,,278.785548,10,0,10,1,1961,10143,271.933333,306.194409,t1-pmed27-r5-R20-theta0.8-bnc-b-linear-coloc-tl3600.out,,T1,,,,,0,600
pmed,Str1+VI1,Int,ColocOn,Str1+VI1+LocalSearch1,28,10,25,0.2,,TIME_LIMIT,3600.01,105861,0.358173638061106,0.539581219790519,,574.236257,60,0,60,1,2381,13342,546.6,581.145321,t1-pmed28-r10-R25-theta0.2-bbnc-i-e-l-linear-coloc-tl3600.out,,T1,,,,,0,600
pmed,Str1+VI0,Int,ColocOn,Str1+VI0,28,10,25,0.2,,TIME_LIMIT,3600,117094,0.457216177630896,0.723345813454423,,573.824293,60,0,60,1,2381,5999,545.333333,580.947033,t1-pmed28-r10-R25-theta0.2-bbnc-i-e-linear-coloc-tl3600.out,,T1,,,,,0,600
pmed,Str0+VI1,Int,ColocOn,Str0+VI1,28,10,25,0.2,,TIME_LIMIT,3600,99902,0.570045224161533,0.80630291482987,,573.173793,60,1,59,2,2381,13994,541.666667,581.050575,t1-pmed28-r10-R25-theta0.2-bbnc-i-l-linear-coloc-tl3600.out,,T1,,,,,0.0169491525423729,600
pmed,Str0+VI0,Int,ColocOn,Str0+VI0,28,10,25,0.2,,TIME_LIMIT,3600.01,95461,0.635164068699105,1.07714890940783,,572.863691,60,0,60,1,2381,6462,545.266667,579.762947,t1-pmed28-r10-R25-theta0.2-bbnc-i-linear-coloc-tl3600.out,,T1,,,,,0,600
pmed,B&C-B,Bin,ColocOn,,28,10,25,0.2,,TIME_LIMIT,3600.22,2207,1.92150151134436,2.07019978025337,,571.882246,60,0,60,1,35301,12739,540.066667,579.836141,t1-pmed28-r10-R25-theta0.2-bnc-b-linear-coloc-tl3600.out,,T1,,,,,0,600
pmed,Str1+VI1,Int,ColocOn,Str1+VI1+LocalSearch1,28,10,25,0.5,,TIME_LIMIT,3600,62393,0.0772605061212999,0.290960501001889,,565.899493,60,0,60,1,2381,10181,553.6,578.198987,t1-pmed28-r10-R25-theta0.5-bbnc-i-e-l-linear-coloc-tl3600.out,,T1,,,,,0,600
pmed,Str1+VI0,Int,ColocOn,Str1+VI0,28,10,25,0.5,,TIME_LIMIT,3600.01,130522,0.159456754869693,0.381026831507021,,565.762519,60,0,60,1,2381,5068,552.733333,578.791704,t1-pmed28-r10-R25-theta0.5-bbnc-i-e-linear-coloc-tl3600.out,,T1,,,,,0,600
pmed,Str0+VI1,Int,ColocOn,Str0+VI1,28,10,25,0.5,,TIME_LIMIT,3600.01,150122,0.352567385233526,0.542609590332405,,564.706016,60,0,60,1,2381,10583,550.4,579.012032,t1-pmed28-r10-R25-theta0.5-bbnc-i-l-linear-coloc-tl3600.out,,T1,,,,,0,600
pmed,Str0+VI0,Int,ColocOn,Str0+VI0,28,10,25,0.5,,TIME_LIMIT,3600.01,146794,0.411297553547096,0.679125034928183,,564.365294,60,0,60,1,2381,4889,552.333333,576.397255,t1-pmed28-r10-R25-theta0.5-bbnc-i-linear-coloc-tl3600.out,,T1,,,,,0,600
pmed,B&C-B,Bin,ColocOn,,28,10,25,0.5,,TIME_LIMIT,3600.06,7955,0.982094963724589,1.16130432426061,,563.683512,60,0,60,1,35039,11751,550.133333,577.23369,t1-pmed28-r10-R25-theta0.5-bnc-b-linear-coloc-tl3600.out,,T1,,,,,0,600
pmed,Str1+VI1,Int,ColocOn,Str1+VI1+LocalSearch1,28,10,25,0.8,,OPTIMAL,454.35,25865,0,0.131767152991005,,559.023234,60,0,60,1,2379,5358,554.866667,575.649503,t1-pmed28-r10-R25-theta0.8-bbnc-i-e-l-linear-coloc-tl3600.out,,T1,,,,,0,600
pmed,Str1+VI0,Int,ColocOn,Str1+VI0,28,10,25,0.8,,OPTIMAL,428.37,26452,0,0.160970948123415,,559.023234,60,0,60,1,2381,3695,554.866667,575.649503,t1-pmed28-r10-R25-theta0.8-bbnc-i-e-linear-coloc-tl3600.out,,T1,,,,,0,600
pmed,Str0+VI1,Int,ColocOn,Str0+VI1,28,10,25,0.8,,OPTIMAL,456.62,25589,0,0.134164472075173,,559.023554,60,0,60,1,2375,5586,554.866667,575.651102,t1-pmed28-r10-R25-theta0.8-bbnc-i-l-linear-coloc-tl3600.out,,T1,,,,,0,600
pmed,Str0+VI0,Int,ColocOn,Str0+VI0,28,10,25,0.8,,OPTIMAL,112.01,3652,0,0.175861026913959,,559.023234,60,0,60,1,2381,4293,554.866667,575.649503,t1-pmed28-r10-R25-theta0.8-bbnc-i-linear-coloc-tl3600.out,,T1,,,,,0,600
pmed,B&C-B,Bin,ColocOn,,28,10,25,0.8,,TIME_LIMIT,3600.01,72797,0.107543449084757,0.282816835757944,,558.862062,60,0,60,1,3098,9620,554.466667,576.443642,t1-pmed28-r10-R25-theta0.8-bnc-b-linear-coloc-tl3600.out,,T1,,,,,0,600
pmed,Str1+VI1,Int,ColocOn,Str1+VI1+LocalSearch1,28,5,20,0.2,,TIME_LIMIT,3600.01,62417,0.660094967116541,0.943835228207012,,502.789455,60,2,58,2,2380,19083,452.2,515.436818,t1-pmed28-r5-R20-theta0.2-bbnc-i-e-l-linear-coloc-tl3600.out,,T1,,,,,0.0344827586206897,600
pmed,Str1+VI0,Int,ColocOn,Str1+VI0,28,5,20,0.2,,TIME_LIMIT,3600.23,96492,0.653998004407163,1.3080064367703,,503.191484,60,1,59,2,2380,7484,453.866667,515.522688,t1-pmed28-r5-R20-theta0.2-bbnc-i-e-linear-coloc-tl3600.out,,T1,,,,,0.0169491525423729,600
pmed,Str0+VI1,Int,ColocOn,Str0+VI1,28,5,20,0.2,,TIME_LIMIT,3600,61381,0.674639452811121,1.16431946486092,,502.788468,60,2,58,2,2380,20485,453,515.235585,t1-pmed28-r5-R20-theta0.2-bbnc-i-l-linear-coloc-tl3600.out,,T1,,,,,0.0344827586206897,600
pmed,Str0+VI0,Int,ColocOn,Str0+VI0,28,5,20,0.2,,TIME_LIMIT,3600,73440,0.740055866232435,1.62446083737141,,502.771308,60,1,59,2,2380,8636,453.333333,515.130802,t1-pmed28-r5-R20-theta0.2-bbnc-i-linear-coloc-tl3600.out,,T1,,,,,0.0169491525423729,600
pmed,B&C-B,Bin,ColocOn,,28,5,20,0.2,,TIME_LIMIT,3600.03,978,3.95452888226535,4.12805110007483,,499.87872,60,1,59,2,31787,15556,447.2,513.0484,t1-pmed28-r5-R20-theta0.2-bnc-b-linear-coloc-tl3600.out,,T1,,,,,0.0169491525423729,600
pmed,Str1+VI1,Int,ColocOn,Str1+VI1+LocalSearch1,28,5,20,0.5,,TIME_LIMIT,3600,102688,0.22355582638457,0.492244835165886,,487.053155,60,0,60,1,2380,16027,462.066667,512.039644,t1-pmed28-r5-R20-theta0.5-bbnc-i-e-l-linear-coloc-tl3600.out,,T1,,,,,0,600
pmed,Str1+VI0,Int,ColocOn,Str1+VI0,28,5,20,0.5,,TIME_LIMIT,3600,106725,0.381458879563488,0.73803833714029,,486.747208,60,0,60,1,2380,6996,461.533333,511.961082,t1-pmed28-r5-R20-theta0.5-bbnc-i-e-linear-coloc-tl3600.out,,T1,,,,,0,600
pmed,Str0+VI1,Int,ColocOn,Str0+VI1,28,5,20,0.5,,TIME_LIMIT,3600,84182,0.368846367681811,0.675522784244535,,486.46072,60,0,60,1,2380,15326,460.466667,512.454773,t1-pmed28-r5-R20-theta0.5-bbnc-i-l-linear-coloc-tl3600.out,,T1,,,,,0,600
pmed,Str0+VI0,Int,ColocOn,Str0+VI0,28,5,20,0.5,,TIME_LIMIT,3600,108100,0.465728129873945,0.948613386645929,,486.535196,60,0,60,1,2380,7328,459.8,513.270392,t1-pmed28-r5-R20-theta0.5-bbnc-i-linear-coloc-tl3600.out,,T1,,,,,0,600
pmed,B&C-B,Bin,ColocOn,,28,5,20,0.5,,TIME_LIMIT,3600.07,5174,1.88259387943052,2.18190283492817,,485.042589,60,0,60,1,31414,18945,459,511.085178,t1-pmed28-r5-R20-theta0.5-bnc-b-linear-coloc-tl3600.out,,T1,,,,,0,600
pmed,Str1+VI1,Int,ColocOn,Str1+VI1+LocalSearch1,28,5,20,0.8,,OPTIMAL,253.13,2590,0,0.195793776534251,,472.57784,60,0,60,1,2380,8786,463.466667,509.022534,t1-pmed28-r5-R20-theta0.8-bbnc-i-e-l-linear-coloc-tl3600.out,,T1,,,,,0,600
pmed,Str1+VI0,Int,ColocOn,Str1+VI0,28,5,20,0.8,,OPTIMAL,1947.61,111509,0,0.281482940461203,,472.57784,60,0,60,1,2315,6072,463.466667,509.022534,t1-pmed28-r5-R20-theta0.8-bbnc-i-e-linear-coloc-tl3600.out,,T1,,,,,0,600
pmed,Str0+VI1,Int,ColocOn,Str0+VI1,28,5,20,0.8,,OPTIMAL,1723.83,81975,0,0.200517231193071,,472.57784,60,0,60,1,2257,10402,463.466667,509.022534,t1-pmed28-r5-R20-theta0.8-bbnc-i-l-linear-coloc-tl3600.out,,T1,,,,,0,600
pmed,Str0+VI0,Int,ColocOn,Str0+VI0,28,5,20,0.8,,TIME_LIMIT,3600.01,211146,0.0257641164475598,0.31767253411629,,472.57784,60,0,60,1,2250,6031,463.466667,509.022534,t1-pmed28-r5-R20-theta0.8-bbnc-i-linear-coloc-tl3600.out,,T1,,,,,0,600
pmed,B&C-B,Bin,ColocOn,,28,5,20,0.8,,TIME_LIMIT,3600.01,42169,0.271612278707155,0.554017801846569,,472.487164,60,0,60,1,2375,14067,463.266667,509.369153,t1-pmed28-r5-R20-theta0.8-bnc-b-linear-coloc-tl3600.out,,T1,,,,,0,600
pmed,Str1+VI1,Int,ColocOn,Str1+VI1+LocalSearch1,29,10,25,0.2,,TIME_LIMIT,3600,86749,0.0335365844775282,0.0777621064492868,,597.179039,120,0,120,1,2384,8576,589,599.223798,t1-pmed29-r10-R25-theta0.2-bbnc-i-e-l-linear-coloc-tl3600.out,,T1,,,,,0,600
pmed,Str1+VI0,Int,ColocOn,Str1+VI0,29,10,25,0.2,,TIME_LIMIT,3600,153177,0.0562369320249491,0.125080357716031,,597.109741,120,0,120,1,2384,3674,589.333333,599.053843,t1-pmed29-r10-R25-theta0.2-bbnc-i-e-linear-coloc-tl3600.out,,T1,,,,,0,600
pmed,Str0+VI1,Int,ColocOn,Str0+VI1,29,10,25,0.2,,TIME_LIMIT,3600,144189,0.122094472019586,0.156615718826243,,596.737037,120,0,120,1,2384,9895,588.4,598.821296,t1-pmed29-r10-R25-theta0.2-bbnc-i-l-linear-coloc-tl3600.out,,T1,,,,,0,600
pmed,Str0+VI0,Int,ColocOn,Str0+VI0,29,10,25,0.2,,TIME_LIMIT,3600,181121,0.260736262225618,0.328891233934077,,595.972406,120,0,120,1,2384,4379,587.266667,598.148841,t1-pmed29-r10-R25-theta0.2-bbnc-i-linear-coloc-tl3600.out,,T1,,,,,0,600
pmed,B&C-B,Bin,ColocOn,,29,10,25,0.2,,TIME_LIMIT,3600.06,8127,0.207284471395466,0.226189934752725,,596.581807,120,0,120,1,70019,6265,586.933333,598.993926,t1-pmed29-r10-R25-theta0.2-bnc-b-linear-coloc-tl3600.out,,T1,,,,,0,600
pmed,Str1+VI1,Int,ColocOn,Str1+VI1+LocalSearch1,29,10,25,0.5,,OPTIMAL,157.08,4879,0,0.0472099902059461,,594.670744,120,0,120,1,2384,5649,590.733333,598.608155,t1-pmed29-r10-R25-theta0.5-bbnc-i-e-l-linear-coloc-tl3600.out,,T1,,,,,0,600
pmed,Str1+VI0,Int,ColocOn,Str1+VI0,29,10,25,0.5,,OPTIMAL,351.9,23638,0,0.0722127264082326,,594.670803,120,0,120,1,2384,2510,590.733333,598.608273,t1-pmed29-r10-R25-theta0.5-bbnc-i-e-linear-coloc-tl3600.out,,T1,,,,,0,600
pmed,Str0+VI1,Int,ColocOn,Str0+VI1,29,10,25,0.5,,OPTIMAL,480.74,21934,0,0.0516317634315889,,594.67076,120,0,120,1,2384,5368,590.733333,598.608187,t1-pmed29-r10-R25-theta0.5-bbnc-i-l-linear-coloc-tl3600.out,,T1,,,,,0,600
pmed,Str0+VI0,Int,ColocOn,Str0+VI0,29,10,25,0.5,,TIME_LIMIT,3600,244919,0.105850053299938,0.180260440409528,,594.123701,120,0,120,1,2384,3525,589.933333,598.314069,t1-pmed29-r10-R25-theta0.5-bbnc-i-linear-coloc-tl3600.out,,T1,,,,,0,600
pmed,B&C-B,Bin,ColocOn,,29,10,25,0.5,,TIME_LIMIT,3600.05,34226,0.035788800489749,0.0888208189586408,,594.634238,120,0,120,1,61575,5441,590.733333,598.535142,t1-pmed29-r10-R25-theta0.5-bnc-b-linear-coloc-tl3600.out,,T1,,,,,0,600
pmed,Str1+VI1,Int,ColocOn,Str1+VI1+LocalSearch1,29,10,25,0.8,,OPTIMAL,41.38,1231,0,0.0337249989543328,,592.421071,120,0,120,1,2384,3350,591.066667,597.838687,t1-pmed29-r10-R25-theta0.8-bbnc-i-e-l-linear-coloc-tl3600.out,,T1,,,,,0,600
pmed,Str1+VI0,Int,ColocOn,Str1+VI0,29,10,25,0.8,,OPTIMAL,17.31,1556,0,0.0433083853685379,,592.42107,120,0,120,1,2384,2152,591.066667,597.838685,t1-pmed29-r10-R25-theta0.8-bbnc-i-e-linear-coloc-tl3600.out,,T1,,,,,0,600
pmed,Str0+VI1,Int,ColocOn,Str0+VI1,29,10,25,0.8,,OPTIMAL,275.63,27937,0,0.0352202192943659,,592.42107,120,0,120,1,2196,3861,591.066667,597.838685,t1-pmed29-r10-R25-theta0.8-bbnc-i-l-linear-coloc-tl3600.out,,T1,,,,,0,600
pmed,Str0+VI0,Int,ColocOn,Str0+VI0,29,10,25,0.8,,OPTIMAL,66.91,5869,0,0.0441143998404491,,592.421071,120,0,120,1,2384,2381,591.066667,597.838687,t1-pmed29-r10-R25-theta0.8-bbnc-i-linear-coloc-tl3600.out,,T1,,,,,0,600
pmed,B&C-B,Bin,ColocOn,,29,10,25,0.8,,OPTIMAL,139.66,1393,0,0.0451955565233403,,592.421071,120,0,120,1,2596,3378,591.066667,597.838687,t1-pmed29-r10-R25-theta0.8-bnc-b-linear-coloc-tl3600.out,,T1,,,,,0,600
pmed,Str1+VI1,Int,ColocOn,Str1+VI1+LocalSearch1,29,5,20,0.2,,TIME_LIMIT,3600,51361,0.627029314136844,0.847150410284781,,559.843086,120,2,118,2,2377,16394,521,569.553857,t1-pmed29-r5-R20-theta0.2-bbnc-i-e-l-linear-coloc-tl3600.out,,T1,,,,,0.0169491525423729,600
pmed,Str1+VI0,Int,ColocOn,Str1+VI0,29,5,20,0.2,,TIME_LIMIT,3600,77606,0.662460199650233,1.21401004457851,,559.897262,120,1,119,2,2377,5623,521.333333,569.538245,t1-pmed29-r5-R20-theta0.2-bbnc-i-e-linear-coloc-tl3600.out,,T1,,,,,0.00840336134453781,600
pmed,Str0+VI1,Int,ColocOn,Str0+VI1,29,5,20,0.2,,TIME_LIMIT,3600,48013,0.891029623515936,1.26404928586837,,558.653929,120,1,119,2,2377,20462,519.8,568.367411,t1-pmed29-r5-R20-theta0.2-bbnc-i-l-linear-coloc-tl3600.out,,T1,,,,,0.00840336134453781,600
pmed,Str0+VI0,Int,ColocOn,Str0+VI0,29,5,20,0.2,,TIME_LIMIT,3600,107581,1.0632572450024,1.80912929586552,,558.041154,120,2,118,2,2377,6501,516.333333,568.468109,t1-pmed29-r5-R20-theta0.2-bbnc-i-linear-coloc-tl3600.out,,T1,,,,,0.0169491525423729,600
pmed,B&C-B,Bin,ColocOn,,29,5,20,0.2,,TIME_LIMIT,3600.05,640,2.94151603019586,3.09522386945676,,558.041154,120,2,118,2,63433,9961,516.333333,568.468109,t1-pmed29-r5-R20-theta0.2-bnc-b-linear-coloc-tl3600.out,,T1,,,,,0.0169491525423729,600
pmed,Str1+VI1,Int,ColocOn,Str1+VI1+LocalSearch1,29,5,20,0.5,,TIME_LIMIT,3600,71179,0.14382562220438,0.313572639268143,,547.83096,120,0,120,1,2377,11702,527.933333,567.728587,t1-pmed29-r5-R20-theta0.5-bbnc-i-e-l-linear-coloc-tl3600.out,,T1,,,,,0,600
pmed,Str1+VI0,Int,ColocOn,Str1+VI0,29,5,20,0.5,,TIME_LIMIT,3600,146178,0.239618043662649,0.520390597849608,,547.767583,120,0,120,1,2377,5345,527.666667,567.868499,t1-pmed29-r5-R20-theta0.5-bbnc-i-e-linear-coloc-tl3600.out,,T1,,,,,0,600
pmed,Str0+VI1,Int,ColocOn,Str0+VI1,29,5,20,0.5,,TIME_LIMIT,3600.01,138569,0.319179119348946,0.4942984817792,,547.145318,120,0,120,1,2377,14668,527.666667,566.623968,t1-pmed29-r5-R20-theta0.5-bbnc-i-l-linear-coloc-tl3600.out,,T1,,,,,0,600
pmed,Str0+VI0,Int,ColocOn,Str0+VI0,29,5,20,0.5,,TIME_LIMIT,3600,164541,0.788713612020394,1.16096138280827,,544.939056,120,0,120,1,2377,6042,524.6,565.278111,t1-pmed29-r5-R20-theta0.5-bbnc-i-linear-coloc-tl3600.out,,T1,,,,,0,600
pmed,B&C-B,Bin,ColocOn,,29,5,20,0.5,,TIME_LIMIT,3600.19,6630,1.46596627822795,1.62448821465788,,545.10891,120,0,120,1,62643,11641,524.266667,565.951154,t1-pmed29-r5-R20-theta0.5-bnc-b-linear-coloc-tl3600.out,,T1,,,,,0,600
pmed,Str1+VI1,Int,ColocOn,Str1+VI1+LocalSearch1,29,5,20,0.8,,OPTIMAL,35.91,725,0,0.0341453386252138,,537.051344,120,0,120,1,2377,5617,530.066667,564.990054,t1-pmed29-r5-R20-theta0.8-bbnc-i-e-l-linear-coloc-tl3600.out,,T1,,,,,0,600
pmed,Str1+VI0,Int,ColocOn,Str1+VI0,29,5,20,0.8,,OPTIMAL,58.33,3404,0,0.0946302445153305,,537.051344,120,0,120,1,2377,3804,530.066667,564.990054,t1-pmed29-r5-R20-theta0.8-bbnc-i-e-linear-coloc-tl3600.out,,T1,,,,,0,600
pmed,Str0+VI1,Int,ColocOn,Str0+VI1,29,5,20,0.8,,OPTIMAL,59.04,1307,0,0.0455833511516246,,537.051344,120,0,120,1,2377,6279,530.066667,564.990054,t1-pmed29-r5-R20-theta0.8-bbnc-i-l-linear-coloc-tl3600.out,,T1,,,,,0,600
pmed,Str0+VI0,Int,ColocOn,Str0+VI0,29,5,20,0.8,,OPTIMAL,330.65,30241,0,0.113482445730555,,537.051344,120,0,120,1,2114,4503,530.066667,564.990054,t1-pmed29-r5-R20-theta0.8-bbnc-i-linear-coloc-tl3600.out,,T1,,,,,0,600
pmed,B&C-B,Bin,ColocOn,,29,5,20,0.8,,TIME_LIMIT,3600.06,50328,0.103718465024385,0.260339198397153,,536.96716,120,0,120,1,3155,8982,530,564.835802,t1-pmed29-r5-R20-theta0.8-bnc-b-linear-coloc-tl3600.out,,T1,,,,,0,600
pmed,Str1+VI1,Int,ColocOn,Str1+VI1+LocalSearch1,3,10,25,0.2,,OPTIMAL,0.04,0,0,0,,32,10,0,10,1,224,306,32,32,t1-pmed3-r10-R25-theta0.2-bbnc-i-e-l-linear-coloc-tl3600.out,,T1,,,,,0,100
pmed,Str1+VI0,Int,ColocOn,Str1+VI0,3,10,25,0.2,,OPTIMAL,0.08,16,0,0.15649687499999,,32,10,0,10,1,224,267,32,32,t1-pmed3-r10-R25-theta0.2-bbnc-i-e-linear-coloc-tl3600.out,,T1,,,,,0,100
pmed,Str0+VI1,Int,ColocOn,Str0+VI1,3,10,25,0.2,,OPTIMAL,0.04,0,0,0,,32,10,0,10,1,219,311,32,32,t1-pmed3-r10-R25-theta0.2-bbnc-i-l-linear-coloc-tl3600.out,,T1,,,,,0,100
pmed,Str0+VI0,Int,ColocOn,Str0+VI0,3,10,25,0.2,,OPTIMAL,0.05,8,0,0.114750000000008,,32,10,0,10,1,221,268,32,32,t1-pmed3-r10-R25-theta0.2-bbnc-i-linear-coloc-tl3600.out,,T1,,,,,0,100
pmed,B&C-B,Bin,ColocOn,,3,10,25,0.2,,OPTIMAL,0.04,0,0,0,,32,10,0,10,1,188,279,32,32,t1-pmed3-r10-R25-theta0.2-bnc-b-linear-coloc-tl3600.out,,T1,,,,,0,100
pmed,Str1+VI1,Int,ColocOn,Str1+VI1+LocalSearch1,3,10,25,0.5,,OPTIMAL,0.02,0,0,0,,32,10,0,10,1,335,285,32,32,t1-pmed3-r10-R25-theta0.5-bbnc-i-e-l-linear-coloc-tl3600.out,,T1,,,,,0,100
pmed,Str1+VI0,Int,ColocOn,Str1+VI0,3,10,25,0.5,,OPTIMAL,0.03,0,0,0,,32,10,0,10,1,196,249,32,32,t1-pmed3-r10-R25-theta0.5-bbnc-i-e-linear-coloc-tl3600.out,,T1,,,,,0,100
pmed,Str0+VI1,Int,ColocOn,Str0+VI1,3,10,25,0.5,,OPTIMAL,0.02,0,0,0,,32,10,0,10,1,335,290,32,32,t1-pmed3-r10-R25-theta0.5-bbnc-i-l-linear-coloc-tl3600.out,,T1,,,,,0,100
pmed,Str0+VI0,Int,ColocOn,Str0+VI0,3,10,25,0.5,,OPTIMAL,0.03,0,0,0,,32,10,0,10,1,189,264,32,32,t1-pmed3-r10-R25-theta0.5-bbnc-i-linear-coloc-tl3600.out,,T1,,,,,0,100
pmed,B&C-B,Bin,ColocOn,,3,10,25,0.5,,OPTIMAL,0.03,0,0,0,,32,10,0,10,1,515,259,32,32,t1-pmed3-r10-R25-theta0.5-bnc-b-linear-coloc-tl3600.out,,T1,,,,,0,100
pmed,Str1+VI1,Int,ColocOn,Str1+VI1+LocalSearch1,3,10,25,0.8,,OPTIMAL,0.05,0,0,0,,32,10,0,10,1,236,283,32,32,t1-pmed3-r10-R25-theta0.8-bbnc-i-e-l-linear-coloc-tl3600.out,,T1,,,,,0,100
pmed,Str1+VI0,Int,ColocOn,Str1+VI0,3,10,25,0.8,,OPTIMAL,0.03,0,0,0,,32,10,0,10,1,236,277,32,32,t1-pmed3-r10-R25-theta0.8-bbnc-i-e-linear-coloc-tl3600.out,,T1,,,,,0,100
pmed,Str0+VI1,Int,ColocOn,Str0+VI1,3,10,25,0.8,,OPTIMAL,0.01,0,0,0,,32,10,0,10,1,335,244,32,32,t1-pmed3-r10-R25-theta0.8-bbnc-i-l-linear-coloc-tl3600.out,,T1,,,,,0,100
pmed,Str0+VI0,Int,ColocOn,Str0+VI0,3,10,25,0.8,,OPTIMAL,0.02,0,0,0,,32,10,0,10,1,335,239,32,32,t1-pmed3-r10-R25-theta0.8-bbnc-i-linear-coloc-tl3600.out,,T1,,,,,0,100
pmed,B&C-B,Bin,ColocOn,,3,10,25,0.8,,OPTIMAL,0.03,0,0,0,,32,10,0,10,1,514,250,32,32,t1-pmed3-r10-R25-theta0.8-bnc-b-linear-coloc-tl3600.out,,T1,,,,,0,100
pmed,Str1+VI1,Int,ColocOn,Str1+VI1+LocalSearch1,3,5,20,0.2,,OPTIMAL,0.04,0,0,0,,25.653333,10,0,10,1,226,358,25.6,25.666667,t1-pmed3-r5-R20-theta0.2-bbnc-i-e-l-linear-coloc-tl3600.out,,T1,,,,,0,100
pmed,Str1+VI0,Int,ColocOn,Str1+VI0,3,5,20,0.2,,OPTIMAL,0.13,139,0,0.441513779125698,,25.653333,10,0,10,1,246,316,25.6,25.666667,t1-pmed3-r5-R20-theta0.2-bbnc-i-e-linear-coloc-tl3600.out,,T1,,,,,0,100
pmed,Str0+VI1,Int,ColocOn,Str0+VI1,3,5,20,0.2,,OPTIMAL,0.08,0,0,0,,25.653333,10,0,10,1,204,356,25.6,25.666667,t1-pmed3-r5-R20-theta0.2-bbnc-i-l-linear-coloc-tl3600.out,,T1,,,,,0,100
pmed,Str0+VI0,Int,ColocOn,Str0+VI0,3,5,20,0.2,,OPTIMAL,0.23,90,0,0.642466224564269,,25.653333,10,0,10,1,227,311,25.6,25.666667,t1-pmed3-r5-R20-theta0.2-bbnc-i-linear-coloc-tl3600.out,,T1,,,,,0,100
pmed,B&C-B,Bin,ColocOn,,3,5,20,0.2,,OPTIMAL,0.09,2,0,0,,25.653333,10,0,10,1,142,324,25.6,25.666667,t1-pmed3-r5-R20-theta0.2-bnc-b-linear-coloc-tl3600.out,,T1,,,,,0,100
pmed,Str1+VI1,Int,ColocOn,Str1+VI1+LocalSearch1,3,5,20,0.5,,OPTIMAL,0.04,0,0,0,,25.633333,10,0,10,1,220,338,25.6,25.666667,t1-pmed3-r5-R20-theta0.5-bbnc-i-e-l-linear-coloc-tl3600.out,,T1,,,,,0,100
pmed,Str1+VI0,Int,ColocOn,Str1+VI0,3,5,20,0.5,,OPTIMAL,0.05,8,0,0.0186475945207759,,25.633333,10,0,10,1,229,285,25.6,25.666667,t1-pmed3-r5-R20-theta0.5-bbnc-i-e-linear-coloc-tl3600.out,,T1,,,,,0,100
pmed,Str0+VI1,Int,ColocOn,Str0+VI1,3,5,20,0.5,,OPTIMAL,0.04,0,0,0,,25.633333,10,0,10,1,221,341,25.6,25.666667,t1-pmed3-r5-R20-theta0.5-bbnc-i-l-linear-coloc-tl3600.out,,T1,,,,,0,100
pmed,Str0+VI0,Int,ColocOn,Str0+VI0,3,5,20,0.5,,OPTIMAL,0.06,14,0,0.104730820607679,,25.633333,10,0,10,1,223,297,25.6,25.666667,t1-pmed3-r5-R20-theta0.5-bbnc-i-linear-coloc-tl3600.out,,T1,,,,,0,100
pmed,B&C-B,Bin,ColocOn,,3,5,20,0.5,,OPTIMAL,0.03,0,0,0,,25.633333,10,0,10,1,488,260,25.6,25.666667,t1-pmed3-r5-R20-theta0.5-bnc-b-linear-coloc-tl3600.out,,T1,,,,,0,100
pmed,Str1+VI1,Int,ColocOn,Str1+VI1+LocalSearch1,3,5,20,0.8,,OPTIMAL,0.03,0,0,0,,25.613333,10,0,10,1,342,304,25.6,25.666667,t1-pmed3-r5-R20-theta0.8-bbnc-i-e-l-linear-coloc-tl3600.out,,T1,,,,,0,100
pmed,Str1+VI0,Int,ColocOn,Str1+VI0,3,5,20,0.8,,OPTIMAL,0.04,0,0,0,,25.613333,10,0,10,1,210,269,25.6,25.666667,t1-pmed3-r5-R20-theta0.8-bbnc-i-e-linear-coloc-tl3600.out,,T1,,,,,0,100
pmed,Str0+VI1,Int,ColocOn,Str0+VI1,3,5,20,0.8,,OPTIMAL,0.03,0,0,0,,25.613333,10,0,10,1,217,301,25.6,25.666667,t1-pmed3-r5-R20-theta0.8-bbnc-i-l-linear-coloc-tl3600.out,,T1,,,,,0,100
pmed,Str0+VI0,Int,ColocOn,Str0+VI0,3,5,20,0.8,,OPTIMAL,0.03,0,0,0,,25.613333,10,0,10,1,219,265,25.6,25.666667,t1-pmed3-r5-R20-theta0.8-bbnc-i-linear-coloc-tl3600.out,,T1,,,,,0,100
pmed,B&C-B,Bin,ColocOn,,3,5,20,0.8,,OPTIMAL,0.04,0,0,0,,25.613333,10,0,10,1,198,290,25.6,25.666667,t1-pmed3-r5-R20-theta0.8-bnc-b-linear-coloc-tl3600.out,,T1,,,,,0,100
pmed,Str1+VI1,Int,ColocOn,Str1+VI1+LocalSearch1,30,10,25,0.2,,OPTIMAL,1.65,0,0,0,,600,200,0,200,1,2383,3200,600,600,t1-pmed30-r10-R25-theta0.2-bbnc-i-e-l-linear-coloc-tl3600.out,,T1,,,,,0,600
pmed,Str1+VI0,Int,ColocOn,Str1+VI0,30,10,25,0.2,,OPTIMAL,0.93,0,0,0,,600,200,0,200,1,2383,2639,600,600,t1-pmed30-r10-R25-theta0.2-bbnc-i-e-linear-coloc-tl3600.out,,T1,,,,,0,600
pmed,Str0+VI1,Int,ColocOn,Str0+VI1,30,10,25,0.2,,OPTIMAL,1.66,0,0,0,,600,200,0,200,1,2383,2930,600,600,t1-pmed30-r10-R25-theta0.2-bbnc-i-l-linear-coloc-tl3600.out,,T1,,,,,0,600
pmed,Str0+VI0,Int,ColocOn,Str0+VI0,30,10,25,0.2,,OPTIMAL,0.67,0,0,0,,600,200,0,200,1,2383,2563,600,600,t1-pmed30-r10-R25-theta0.2-bbnc-i-linear-coloc-tl3600.out,,T1,,,,,0,600
pmed,B&C-B,Bin,ColocOn,,30,10,25,0.2,,OPTIMAL,60.77,0,0,0,,600,200,0,200,1,115584,1616,600,600,t1-pmed30-r10-R25-theta0.2-bnc-b-linear-coloc-tl3600.out,,T1,,,,,0,600
pmed,Str1+VI1,Int,ColocOn,Str1+VI1+LocalSearch1,30,10,25,0.5,,OPTIMAL,0.04,0,0,0,,600,200,1,199,2,2383,0,600,600,t1-pmed30-r10-R25-theta0.5-bbnc-i-e-l-linear-coloc-tl3600.out,,T1,,,,,0.0050251256281407,600
pmed,Str1+VI0,Int,ColocOn,Str1+VI0,30,10,25,0.5,,OPTIMAL,0.01,0,0,0,,600,200,1,199,2,2383,0,600,600,t1-pmed30-r10-R25-theta0.5-bbnc-i-e-linear-coloc-tl3600.out,,T1,,,,,0.0050251256281407,600
pmed,Str0+VI1,Int,ColocOn,Str0+VI1,30,10,25,0.5,,OPTIMAL,0.04,0,0,0,,600,200,1,199,2,2383,0,600,600,t1-pmed30-r10-R25-theta0.5-bbnc-i-l-linear-coloc-tl3600.out,,T1,,,,,0.0050251256281407,600
pmed,Str0+VI0,Int,ColocOn,Str0+VI0,30,10,25,0.5,,OPTIMAL,0.02,0,0,0,,600,200,1,199,2,2383,0,600,600,t1-pmed30-r10-R25-theta0.5-bbnc-i-linear-coloc-tl3600.out,,T1,,,,,0.0050251256281407,600
pmed,B&C-B,Bin,ColocOn,,30,10,25,0.5,,OPTIMAL,1.64,0,0,0,,600,200,1,199,2,115037,0,600,600,t1-pmed30-r10-R25-theta0.5-bnc-b-linear-coloc-tl3600.out,,T1,,,,,0.0050251256281407,600
pmed,Str1+VI1,Int,ColocOn,Str1+VI1+LocalSearch1,30,10,25,0.8,,OPTIMAL,0.03,0,0,0,,600,200,1,196,5,2383,0,600,600,t1-pmed30-r10-R25-theta0.8-bbnc-i-e-l-linear-coloc-tl3600.out,,T1,,,,,0.00510204081632653,600
pmed,Str1+VI0,Int,ColocOn,Str1+VI0,30,10,25,0.8,,OPTIMAL,0.01,0,0,0,,600,200,1,196,5,2383,0,600,600,t1-pmed30-r10-R25-theta0.8-bbnc-i-e-linear-coloc-tl3600.out,,T1,,,,,0.00510204081632653,600
pmed,Str0+VI1,Int,ColocOn,Str0+VI1,30,10,25,0.8,,OPTIMAL,0.03,0,0,0,,600,200,1,196,5,2383,0,600,600,t1-pmed30-r10-R25-theta0.8-bbnc-i-l-linear-coloc-tl3600.out,,T1,,,,,0.00510204081632653,600
pmed,Str0+VI0,Int,ColocOn,Str0+VI0,30,10,25,0.8,,OPTIMAL,0.01,0,0,0,,600,200,1,196,5,2383,0,600,600,t1-pmed30-r10-R25-theta0.8-bbnc-i-linear-coloc-tl3600.out,,T1,,,,,0.00510204081632653,600
pmed,B&C-B,Bin,ColocOn,,30,10,25,0.8,,OPTIMAL,1.7,0,0,0,,600,200,1,196,5,114394,0,600,600,t1-pmed30-r10-R25-theta0.8-bnc-b-linear-coloc-tl3600.out,,T1,,,,,0.00510204081632653,600
pmed,Str1+VI1,Int,ColocOn,Str1+VI1+LocalSearch1,30,5,20,0.2,,TIME_LIMIT,3600.01,146594,0.241481138724775,0.3152905153275,,590.09038,200,2,198,2,2371,14056,568.733333,595.429642,t1-pmed30-r5-R20-theta0.2-bbnc-i-e-l-linear-coloc-tl3600.out,,T1,,,,,0.0101010101010101,600
pmed,Str1+VI0,Int,ColocOn,Str1+VI0,30,5,20,0.2,,TIME_LIMIT,3600,164910,0.366472565767979,0.61808296500989,,589.507915,200,0,200,1,2371,4467,569.266667,594.568226,t1-pmed30-r5-R20-theta0.2-bbnc-i-e-linear-coloc-tl3600.out,,T1,,,,,0,600
pmed,Str0+VI1,Int,ColocOn,Str0+VI1,30,5,20,0.2,,TIME_LIMIT,3600,123465,0.276969684095578,0.382072034974266,,589.899232,200,0,200,1,2371,17195,568.533333,595.240707,t1-pmed30-r5-R20-theta0.2-bbnc-i-l-linear-coloc-tl3600.out,,T1,,,,,0,600
pmed,Str0+VI0,Int,ColocOn,Str0+VI0,30,5,20,0.2,,TIME_LIMIT,3600,138163,0.697455229246446,0.99611277445893,,587.734356,200,3,197,2,2371,4725,561.6,594.267945,t1-pmed30-r5-R20-theta0.2-bbnc-i-linear-coloc-tl3600.out,,T1,,,,,0.0152284263959391,600
pmed,B&C-B,Bin,ColocOn,,30,5,20,0.2,,TIME_LIMIT,3600.09,3912,0.914686021859838,0.959834990486746,,587.734356,200,3,197,2,105812,7087,561.6,594.267945,t1-pmed30-r5-R20-theta0.2-bnc-b-linear-coloc-tl3600.out,,T1,,,,,0.0152284263959391,600
pmed,Str1+VI1,Int,ColocOn,Str1+VI1+LocalSearch1,30,5,20,0.5,,TIME_LIMIT,3600,185413,0.0138284850420861,0.103060479486447,,583.461287,200,0,200,1,2371,8470,572.666667,594.255907,t1-pmed30-r5-R20-theta0.5-bbnc-i-e-l-linear-coloc-tl3600.out,,T1,,,,,0,600
pmed,Str1+VI0,Int,ColocOn,Str1+VI0,30,5,20,0.5,,TIME_LIMIT,3600,215974,0.0440868731602609,0.247899627032645,,583.4559,200,0,200,1,2371,3689,572.533333,594.378467,t1-pmed30-r5-R20-theta0.5-bbnc-i-e-linear-coloc-tl3600.out,,T1,,,,,0,600
pmed,Str0+VI1,Int,ColocOn,Str0+VI1,30,5,20,0.5,,TIME_LIMIT,3600.01,136417,0.0715137778279775,0.163317359966704,,583.234385,200,0,200,1,2371,10297,572.266667,594.202103,t1-pmed30-r5-R20-theta0.5-bbnc-i-l-linear-coloc-tl3600.out,,T1,,,,,0,600
pmed,Str0+VI0,Int,ColocOn,Str0+VI0,30,5,20,0.5,,TIME_LIMIT,3600,265051,0.162959742961358,0.412631243843268,,582.907629,200,0,200,1,2371,4148,572.333333,593.481925,t1-pmed30-r5-R20-theta0.5-bbnc-i-linear-coloc-tl3600.out,,T1,,,,,0,600
pmed,B&C-B,Bin,ColocOn,,30,5,20,0.5,,TIME_LIMIT,3600.03,10440,0.183034501538398,0.256525070454682,,583.362475,200,0,200,1,102266,6185,572.466667,594.258284,t1-pmed30-r5-R20-theta0.5-bnc-b-linear-coloc-tl3600.out,,T1,,,,,0,600
pmed,Str1+VI1,Int,ColocOn,Str1+VI1+LocalSearch1,30,5,20,0.8,,OPTIMAL,29.54,1658,0,0.0200392326352729,,577.397359,200,0,200,1,2371,4648,573.533333,592.853461,t1-pmed30-r5-R20-theta0.8-bbnc-i-e-l-linear-coloc-tl3600.out,,T1,,,,,0,600
pmed,Str1+VI0,Int,ColocOn,Str1+VI0,30,5,20,0.8,,OPTIMAL,46.66,5479,0,0.0641552986389637,,577.397359,200,0,200,1,2371,2870,573.533333,592.853461,t1-pmed30-r5-R20-theta0.8-bbnc-i-e-linear-coloc-tl3600.out,,T1,,,,,0,600
pmed,Str0+VI1,Int,ColocOn,Str0+VI1,30,5,20,0.8,,OPTIMAL,85.25,8036,0,0.024276534480194,,577.397075,200,0,200,1,2275,5754,573.533333,592.85204,t1-pmed30-r5-R20-theta0.8-bbnc-i-l-linear-coloc-tl3600.out,,T1,,,,,0,600
pmed,Str0+VI0,Int,ColocOn,Str0+VI0,30,5,20,0.8,,OPTIMAL,203.5,22346,0,0.0810864452729542,,577.397367,200,0,200,1,2159,3241,573.533333,592.853501,t1-pmed30-r5-R20-theta0.8-bbnc-i-linear-coloc-tl3600.out,,T1,,,,,0,600
pmed,B&C-B,Bin,ColocOn,,30,5,20,0.8,,OPTIMAL,413.97,4957,0,0.0512991608609001,,577.397359,200,0,200,1,3507,3884,573.533333,592.853461,t1-pmed30-r5-R20-theta0.8-bnc-b-linear-coloc-tl3600.out,,T1,,,,,0,600
pmed,Str1+VI1,Int,ColocOn,Str1+VI1+LocalSearch1,31,10,25,0.2,,OPTIMAL,371.84,1022,0,2.37852180648354,,510.572027,5,0,5,1,1812,19580,458.133333,523.6817,t1-pmed31-r10-R25-theta0.2-bbnc-i-e-l-linear-coloc-tl3600.out,,T1,,,,,0,700
pmed,Str1+VI0,Int,ColocOn,Str1+VI0,31,10,25,0.2,,OPTIMAL,272.31,3915,0,2.43676589042744,,510.572027,5,0,5,1,1851,9680,458.133333,523.6817,t1-pmed31-r10-R25-theta0.2-bbnc-i-e-linear-coloc-tl3600.out,,T1,,,,,0,700
pmed,Str0+VI1,Int,ColocOn,Str0+VI1,31,10,25,0.2,,OPTIMAL,1369.4,1493,0,2.63430452291505,,510.572027,5,0,5,1,2790,30098,458.133333,523.6817,t1-pmed31-r10-R25-theta0.2-bbnc-i-l-linear-coloc-tl3600.out,,T1,,,,,0,700
pmed,Str0+VI0,Int,ColocOn,Str0+VI0,31,10,25,0.2,,OPTIMAL,421.94,6951,0,3.01171160714608,,510.572027,5,0,5,1,2025,9952,458.133333,523.6817,t1-pmed31-r10-R25-theta0.2-bbnc-i-linear-coloc-tl3600.out,,T1,,,,,0,700
pmed,B&C-B,Bin,ColocOn,,31,10,25,0.2,,TIME_LIMIT,3600.09,7817,5.05880317906125,7.21365444308066,,508.896625,5,0,5,1,3876,50630,456.4,522.020782,t1-pmed31-r10-R25-theta0.2-bnc-b-linear-coloc-tl3600.out,,T1,,,,,0,700
pmed,Str1+VI1,Int,ColocOn,Str1+VI1+LocalSearch1,31,10,25,0.5,,OPTIMAL,91.5,269,0,1.77292049899492,,490.907517,5,0,5,1,1824,12639,458.133333,523.6817,t1-pmed31-r10-R25-theta0.5-bbnc-i-e-l-linear-coloc-tl3600.out,,T1,,,,,0,700
pmed,Str1+VI0,Int,ColocOn,Str1+VI0,31,10,25,0.5,,OPTIMAL,65.08,603,0,2.07168471612546,,490.907517,5,0,5,1,1901,6616,458.133333,523.6817,t1-pmed31-r10-R25-theta0.5-bbnc-i-e-linear-coloc-tl3600.out,,T1,,,,,0,700
pmed,Str0+VI1,Int,ColocOn,Str0+VI1,31,10,25,0.5,,OPTIMAL,156.3,372,0,1.99835603658113,,490.907517,5,0,5,1,1876,15768,458.133333,523.6817,t1-pmed31-r10-R25-theta0.5-bbnc-i-l-linear-coloc-tl3600.out,,T1,,,,,0,700
pmed,Str0+VI0,Int,ColocOn,Str0+VI0,31,10,25,0.5,,OPTIMAL,87,788,0,1.967304974065,,490.907517,5,0,5,1,1834,8323,458.133333,523.6817,t1-pmed31-r10-R25-theta0.5-bbnc-i-linear-coloc-tl3600.out,,T1,,,,,0,700
pmed,B&C-B,Bin,ColocOn,,31,10,25,0.5,,TIME_LIMIT,3600.02,13877,1.41761203951538,4.73820998582702,,490.625322,5,0,5,1,2316,55281,457.6,523.650644,t1-pmed31-r10-R25-theta0.5-bnc-b-linear-coloc-tl3600.out,,T1,,,,,0,700
pmed,Str1+VI1,Int,ColocOn,Str1+VI1+LocalSearch1,31,10,25,0.8,,OPTIMAL,30.35,83,0,1.34637371923909,,471.243007,5,0,5,1,1705,8523,458.133333,523.6817,t1-pmed31-r10-R25-theta0.8-bbnc-i-e-l-linear-coloc-tl3600.out,,T1,,,,,0,700
pmed,Str1+VI0,Int,ColocOn,Str1+VI0,31,10,25,0.8,,OPTIMAL,16.69,97,0,1.38409183862967,,471.243007,5,0,5,1,1724,6025,458.133333,523.6817,t1-pmed31-r10-R25-theta0.8-bbnc-i-e-linear-coloc-tl3600.out,,T1,,,,,0,700
pmed,Str0+VI1,Int,ColocOn,Str0+VI1,31,10,25,0.8,,OPTIMAL,30.75,69,0,1.36032596872043,,471.243007,5,0,5,1,1705,9207,458.133333,523.6817,t1-pmed31-r10-R25-theta0.8-bbnc-i-l-linear-coloc-tl3600.out,,T1,,,,,0,700
pmed,Str0+VI0,Int,ColocOn,Str0+VI0,31,10,25,0.8,,OPTIMAL,16.24,103,0,1.52616036591924,,471.243007,5,0,5,1,1739,5649,458.133333,523.6817,t1-pmed31-r10-R25-theta0.8-bbnc-i-linear-coloc-tl3600.out,,T1,,,,,0,700
pmed,B&C-B,Bin,ColocOn,,31,10,25,0.8,,OPTIMAL,106.86,360,0,2.46267442224347,,471.243007,5,0,5,1,1889,12932,458.133333,523.6817,t1-pmed31-r10-R25-theta0.8-bnc-b-linear-coloc-tl3600.out,,T1,,,,,0,700
pmed,Str1+VI1,Int,ColocOn,Str1+VI1+LocalSearch1,31,5,20,0.2,,OPTIMAL,56.04,216,0,3.27176059427948,,314.322815,5,0,5,1,1779,12730,282.666667,322.236853,t1-pmed31-r5-R20-theta0.2-bbnc-i-e-l-linear-coloc-tl3600.out,,T1,,,,,0,700
pmed,Str1+VI0,Int,ColocOn,Str1+VI0,31,5,20,0.2,,OPTIMAL,154.22,2260,0,4.09733063761217,,314.322815,5,0,5,1,1918,7446,282.666667,322.236853,t1-pmed31-r5-R20-theta0.2-bbnc-i-e-linear-coloc-tl3600.out,,T1,,,,,0,700
pmed,Str0+VI1,Int,ColocOn,Str0+VI1,31,5,20,0.2,,OPTIMAL,94.53,318,0,3.57427761010604,,314.322815,5,0,5,1,1807,16255,282.666667,322.236853,t1-pmed31-r5-R20-theta0.2-bbnc-i-l-linear-coloc-tl3600.out,,T1,,,,,0,700
pmed,Str0+VI0,Int,ColocOn,Str0+VI0,31,5,20,0.2,,OPTIMAL,221.97,2986,0,3.73054752643392,,314.322815,5,0,5,1,1849,9695,282.666667,322.236853,t1-pmed31-r5-R20-theta0.2-bbnc-i-linear-coloc-tl3600.out,,T1,,,,,0,700
pmed,B&C-B,Bin,ColocOn,,31,5,20,0.2,,OPTIMAL,2911.15,28579,0,9.18789907121441,,314.322815,5,0,5,1,2244,40630,282.666667,322.236853,t1-pmed31-r5-R20-theta0.2-bnc-b-linear-coloc-tl3600.out,,T1,,,,,0,700
pmed,Str1+VI1,Int,ColocOn,Str1+VI1+LocalSearch1,31,5,20,0.5,,OPTIMAL,22.12,99,0,2.27235774723216,,302.45176,5,0,5,1,1668,10551,282.666667,322.236853,t1-pmed31-r5-R20-theta0.5-bbnc-i-e-l-linear-coloc-tl3600.out,,T1,,,,,0,700
pmed,Str1+VI0,Int,ColocOn,Str1+VI0,31,5,20,0.5,,OPTIMAL,37.42,522,0,2.88434856520591,,302.45176,5,0,5,1,1734,6680,282.666667,322.236853,t1-pmed31-r5-R20-theta0.5-bbnc-i-e-linear-coloc-tl3600.out,,T1,,,,,0,700
pmed,Str0+VI1,Int,ColocOn,Str0+VI1,31,5,20,0.5,,OPTIMAL,25.98,115,0,2.33364553739082,,302.45176,5,0,5,1,1712,10736,282.666667,322.236853,t1-pmed31-r5-R20-theta0.5-bbnc-i-l-linear-coloc-tl3600.out,,T1,,,,,0,700
pmed,Str0+VI0,Int,ColocOn,Str0+VI0,31,5,20,0.5,,OPTIMAL,49.85,696,0,3.07691613366708,,302.45176,5,0,5,1,1803,6936,282.666667,322.236853,t1-pmed31-r5-R20-theta0.5-bbnc-i-linear-coloc-tl3600.out,,T1,,,,,0,700
pmed,B&C-B,Bin,ColocOn,,31,5,20,0.5,,OPTIMAL,117.67,729,0,5.88214927233356,,302.45176,5,0,5,1,1958,14385,282.666667,322.236853,t1-pmed31-r5-R20-theta0.5-bnc-b-linear-coloc-tl3600.out,,T1,,,,,0,700
pmed,Str1+VI1,Int,ColocOn,Str1+VI1+LocalSearch1,31,5,20,0.8,,OPTIMAL,10.3,41,0,1.24956404538135,,290.580704,5,0,5,1,1582,7307,282.666667,322.236853,t1-pmed31-r5-R20-theta0.8-bbnc-i-e-l-linear-coloc-tl3600.out,,T1,,,,,0,700
pmed,Str1+VI0,Int,ColocOn,Str1+VI0,31,5,20,0.8,,OPTIMAL,8.83,75,0,1.44563556429404,,290.580704,5,0,5,1,1621,5300,282.666667,322.236853,t1-pmed31-r5-R20-theta0.8-bbnc-i-e-linear-coloc-tl3600.out,,T1,,,,,0,700
pmed,Str0+VI1,Int,ColocOn,Str0+VI1,31,5,20,0.8,,OPTIMAL,11.65,45,0,1.25576163515661,,290.580704,5,0,5,1,1586,7881,282.666667,322.236853,t1-pmed31-r5-R20-theta0.8-bbnc-i-l-linear-coloc-tl3600.out,,T1,,,,,0,700
pmed,Str0+VI0,Int,ColocOn,Str0+VI0,31,5,20,0.8,,OPTIMAL,8.37,74,0,1.6198319211175,,290.580704,5,0,5,1,1620,5260,282.666667,322.236853,t1-pmed31-r5-R20-theta0.8-bbnc-i-linear-coloc-tl3600.out,,T1,,,,,0,700
pmed,B&C-B,Bin,ColocOn,,31,5,20,0.8,,OPTIMAL,33.21,144,0,2.67489268661142,,290.580704,5,0,5,1,1534,8641,282.666667,322.236853,t1-pmed31-r5-R20-theta0.8-bnc-b-linear-coloc-tl3600.out,,T1,,,,,0,700
pmed,Str1+VI1,Int,ColocOn,Str1+VI1+LocalSearch1,32,10,25,0.2,,OPTIMAL,918.7,2206,0,0.990530048532852,,553.668413,10,0,10,1,2795,14030,498.866667,567.36885,t1-pmed32-r10-R25-theta0.2-bbnc-i-e-l-linear-coloc-tl3600.out,,T1,,,,,0,700
pmed,Str1+VI0,Int,ColocOn,Str1+VI0,32,10,25,0.2,,OPTIMAL,1341.62,45552,0,1.06858579270261,,553.668413,10,0,10,1,2007,7933,498.866667,567.36885,t1-pmed32-r10-R25-theta0.2-bbnc-i-e-linear-coloc-tl3600.out,,T1,,,,,0,700
pmed,Str0+VI1,Int,ColocOn,Str0+VI1,32,10,25,0.2,,OPTIMAL,2009.58,27584,0,1.12172861123648,,553.668413,10,0,10,1,2113,16758,498.866667,567.36885,t1-pmed32-r10-R25-theta0.2-bbnc-i-l-linear-coloc-tl3600.out,,T1,,,,,0,700
pmed,Str0+VI0,Int,ColocOn,Str0+VI0,32,10,25,0.2,,OPTIMAL,880.02,9774,0,1.39740335882228,,553.668413,10,0,10,1,2508,9784,498.866667,567.36885,t1-pmed32-r10-R25-theta0.2-bbnc-i-linear-coloc-tl3600.out,,T1,,,,,0,700
pmed,B&C-B,Bin,ColocOn,,32,10,25,0.2,,TIME_LIMIT,3601.75,6698,3.70159716895683,4.93915120429071,,550.956508,10,0,10,1,7362,32771,496.066667,564.678968,t1-pmed32-r10-R25-theta0.2-bnc-b-linear-coloc-tl3600.out,,T1,,,,,0,700
pmed,Str1+VI1,Int,ColocOn,Str1+VI1+LocalSearch1,32,10,25,0.5,,OPTIMAL,72.25,305,0,0.618328493195684,,533.117758,10,0,10,1,1846,9489,498.866667,567.36885,t1-pmed32-r10-R25-theta0.5-bbnc-i-e-l-linear-coloc-tl3600.out,,T1,,,,,0,700
pmed,Str1+VI0,Int,ColocOn,Str1+VI0,32,10,25,0.5,,OPTIMAL,125.08,944,0,0.757512751995039,,533.117758,10,0,10,1,2795,6125,498.866667,567.36885,t1-pmed32-r10-R25-theta0.5-bbnc-i-e-linear-coloc-tl3600.out,,T1,,,,,0,700
pmed,Str0+VI1,Int,ColocOn,Str0+VI1,32,10,25,0.5,,OPTIMAL,160.86,430,0,0.729414832210487,,533.117758,10,0,10,1,2795,9526,498.866667,567.36885,t1-pmed32-r10-R25-theta0.5-bbnc-i-l-linear-coloc-tl3600.out,,T1,,,,,0,700
pmed,Str0+VI0,Int,ColocOn,Str0+VI0,32,10,25,0.5,,OPTIMAL,154.66,1188,0,0.90519532084318,,533.117758,10,0,10,1,2795,6143,498.866667,567.36885,t1-pmed32-r10-R25-theta0.5-bbnc-i-linear-coloc-tl3600.out,,T1,,,,,0,700
pmed,B&C-B,Bin,ColocOn,,32,10,25,0.5,,TIME_LIMIT,3600.02,24745,1.19602687843701,2.91025923764576,,532.51988,10,0,10,1,2807,40621,498.533333,566.506426,t1-pmed32-r10-R25-theta0.5-bnc-b-linear-coloc-tl3600.out,,T1,,,,,0,700
pmed,Str1+VI1,Int,ColocOn,Str1+VI1+LocalSearch1,32,10,25,0.8,,OPTIMAL,30.2,112,0,0.449618766655492,,512.626067,10,0,10,1,1741,7071,499,567.130337,t1-pmed32-r10-R25-theta0.8-bbnc-i-e-l-linear-coloc-tl3600.out,,T1,,,,,0,700
pmed,Str1+VI0,Int,ColocOn,Str1+VI0,32,10,25,0.8,,OPTIMAL,22.45,117,0,0.484075461578116,,512.626067,10,0,10,1,1854,6342,499,567.130337,t1-pmed32-r10-R25-theta0.8-bbnc-i-e-linear-coloc-tl3600.out,,T1,,,,,0,700
pmed,Str0+VI1,Int,ColocOn,Str0+VI1,32,10,25,0.8,,OPTIMAL,27.96,71,0,0.486654339409534,,512.626067,10,0,10,1,1777,6458,499,567.130337,t1-pmed32-r10-R25-theta0.8-bbnc-i-l-linear-coloc-tl3600.out,,T1,,,,,0,700
pmed,Str0+VI0,Int,ColocOn,Str0+VI0,32,10,25,0.8,,OPTIMAL,21.88,126,0,0.493939961894288,,512.626067,10,0,10,1,1936,6123,499,567.130337,t1-pmed32-r10-R25-theta0.8-bbnc-i-linear-coloc-tl3600.out,,T1,,,,,0,700
pmed,B&C-B,Bin,ColocOn,,32,10,25,0.8,,OPTIMAL,233.03,735,0,1.30558967458827,,512.626067,10,0,10,1,2578,14453,499,567.130337,t1-pmed32-r10-R25-theta0.8-bnc-b-linear-coloc-tl3600.out,,T1,,,,,0,700
pmed,Str1+VI1,Int,ColocOn,Str1+VI1+LocalSearch1,32,5,20,0.2,,OPTIMAL,38.07,191,0,0.819704524831481,,374.870689,10,0,10,1,1738,9917,329.333333,386.255028,t1-pmed32-r5-R20-theta0.2-bbnc-i-e-l-linear-coloc-tl3600.out,,T1,,,,,0,700
pmed,Str1+VI0,Int,ColocOn,Str1+VI0,32,5,20,0.2,,OPTIMAL,121.98,1814,0,1.28666688048261,,374.870689,10,0,10,1,1925,7355,329.333333,386.255028,t1-pmed32-r5-R20-theta0.2-bbnc-i-e-linear-coloc-tl3600.out,,T1,,,,,0,700
pmed,Str0+VI1,Int,ColocOn,Str0+VI1,32,5,20,0.2,,OPTIMAL,44.88,215,0,0.903328560852078,,374.870689,10,0,10,1,1820,10360,329.333333,386.255028,t1-pmed32-r5-R20-theta0.2-bbnc-i-l-linear-coloc-tl3600.out,,T1,,,,,0,700
pmed,Str0+VI0,Int,ColocOn,Str0+VI0,32,5,20,0.2,,OPTIMAL,305.46,4076,0,1.63512090431801,,374.870689,10,0,10,1,2112,8538,329.333333,386.255028,t1-pmed32-r5-R20-theta0.2-bbnc-i-linear-coloc-tl3600.out,,T1,,,,,0,700
pmed,B&C-B,Bin,ColocOn,,32,5,20,0.2,,TIME_LIMIT,3600.01,21615,3.49730977262674,6.81846112926517,,373.56523,10,0,10,1,3743,35845,328.2,384.906538,t1-pmed32-r5-R20-theta0.2-bnc-b-linear-coloc-tl3600.out,,T1,,,,,0,700
pmed,Str1+VI1,Int,ColocOn,Str1+VI1+LocalSearch1,32,5,20,0.5,,OPTIMAL,13.86,96,0,0.564519702746034,,357.832329,10,0,10,1,1760,7536,329.466667,386.197991,t1-pmed32-r5-R20-theta0.5-bbnc-i-e-l-linear-coloc-tl3600.out,,T1,,,,,0,700
pmed,Str1+VI0,Int,ColocOn,Str1+VI0,32,5,20,0.5,,OPTIMAL,26.95,414,0,0.815111370219421,,357.832329,10,0,10,1,1863,5592,329.466667,386.197991,t1-pmed32-r5-R20-theta0.5-bbnc-i-e-linear-coloc-tl3600.out,,T1,,,,,0,700
pmed,Str0+VI1,Int,ColocOn,Str0+VI1,32,5,20,0.5,,OPTIMAL,15.11,81,0,0.636441935351239,,357.832329,10,0,10,1,1750,7584,329.466667,386.197991,t1-pmed32-r5-R20-theta0.5-bbnc-i-l-linear-coloc-tl3600.out,,T1,,,,,0,700
pmed,Str0+VI0,Int,ColocOn,Str0+VI0,32,5,20,0.5,,OPTIMAL,36.61,414,0,0.842633478206496,,357.832329,10,0,10,1,1885,6040,329.466667,386.197991,t1-pmed32-r5-R20-theta0.5-bbnc-i-linear-coloc-tl3600.out,,T1,,,,,0,700
pmed,B&C-B,Bin,ColocOn,,32,5,20,0.5,,TIME_LIMIT,3600.01,51510,1.03769833731302,4.09665652185991,,357.420641,10,0,10,1,2467,29681,329.066667,385.774615,t1-pmed32-r5-R20-theta0.5-bnc-b-linear-coloc-tl3600.out,,T1,,,,,0,700
pmed,Str1+VI1,Int,ColocOn,Str1+VI1+LocalSearch1,32,5,20,0.8,,OPTIMAL,9.33,33,0,0.326085632003216,,340.812931,10,0,10,1,1862,6709,329.466667,386.197991,t1-pmed32-r5-R20-theta0.8-bbnc-i-e-l-linear-coloc-tl3600.out,,T1,,,,,0,700
pmed,Str1+VI0,Int,ColocOn,Str1+VI0,32,5,20,0.8,,OPTIMAL,6.71,53,0,0.413779487727241,,340.812931,10,0,10,1,1917,4831,329.466667,386.197991,t1-pmed32-r5-R20-theta0.8-bbnc-i-e-linear-coloc-tl3600.out,,T1,,,,,0,700
pmed,Str0+VI1,Int,ColocOn,Str0+VI1,32,5,20,0.8,,OPTIMAL,9.12,44,0,0.353257136244056,,340.812931,10,0,10,1,1873,6608,329.466667,386.197991,t1-pmed32-r5-R20-theta0.8-bbnc-i-l-linear-coloc-tl3600.out,,T1,,,,,0,700
pmed,Str0+VI0,Int,ColocOn,Str0+VI0,32,5,20,0.8,,OPTIMAL,8.83,85,0,0.439530271226708,,340.812931,10,0,10,1,1893,5239,329.466667,386.197991,t1-pmed32-r5-R20-theta0.8-bbnc-i-linear-coloc-tl3600.out,,T1,,,,,0,700
pmed,B&C-B,Bin,ColocOn,,32,5,20,0.8,,OPTIMAL,84.12,370,0,1.55864684606113,,340.812931,10,0,10,1,2165,11763,329.466667,386.197991,t1-pmed32-r5-R20-theta0.8-bnc-b-linear-coloc-tl3600.out,,T1,,,,,0,700
pmed,Str1+VI1,Int,ColocOn,Str1+VI1+LocalSearch1,33,10,25,0.2,,TIME_LIMIT,3600.01,100456,0.194791415857222,0.304108076299058,,687.701565,70,0,70,1,2788,11558,662,694.126956,t1-pmed33-r10-R25-theta0.2-bbnc-i-e-l-linear-coloc-tl3600.out,,T1,,,,,0,700
pmed,Str1+VI0,Int,ColocOn,Str1+VI0,33,10,25,0.2,,TIME_LIMIT,3600,97231,0.226592878301273,0.415420478121402,,687.574193,70,0,70,1,2788,5897,662.4,693.867741,t1-pmed33-r10-R25-theta0.2-bbnc-i-e-linear-coloc-tl3600.out,,T1,,,,,0,700
pmed,Str0+VI1,Int,ColocOn,Str0+VI1,33,10,25,0.2,,TIME_LIMIT,3600,76312,0.183933030798382,0.371403617676451,,687.816402,70,0,70,1,2788,12835,661.933333,694.287169,t1-pmed33-r10-R25-theta0.2-bbnc-i-l-linear-coloc-tl3600.out,,T1,,,,,0,700
pmed,Str0+VI0,Int,ColocOn,Str0+VI0,33,10,25,0.2,,TIME_LIMIT,3600,83736,0.231423620727826,0.518169828017557,,687.668947,70,0,70,1,2788,5799,661.866667,694.119517,t1-pmed33-r10-R25-theta0.2-bbnc-i-linear-coloc-tl3600.out,,T1,,,,,0,700
pmed,B&C-B,Bin,ColocOn,,33,10,25,0.2,,TIME_LIMIT,3600.06,2991,0.976759444704725,1.02859718035439,,685.53367,70,0,70,1,48455,11729,658.4,692.317088,t1-pmed33-r10-R25-theta0.2-bnc-b-linear-coloc-tl3600.out,,T1,,,,,0,700
pmed,Str1+VI1,Int,ColocOn,Str1+VI1+LocalSearch1,33,10,25,0.5,,TIME_LIMIT,3600,77434,0.0271118986806131,0.190521117385,,679.995487,70,0,70,1,2788,7714,667.8,692.190974,t1-pmed33-r10-R25-theta0.5-bbnc-i-e-l-linear-coloc-tl3600.out,,T1,,,,,0,700
pmed,Str1+VI0,Int,ColocOn,Str1+VI0,33,10,25,0.5,,TIME_LIMIT,3600,123572,0.0988010104477366,0.227148895820169,,679.960162,70,0,70,1,2788,3922,667.933333,691.986991,t1-pmed33-r10-R25-theta0.5-bbnc-i-e-linear-coloc-tl3600.out,,T1,,,,,0,700
pmed,Str0+VI1,Int,ColocOn,Str0+VI1,33,10,25,0.5,,TIME_LIMIT,3600.01,84310,0.0656593589609606,0.24427741994462,,679.881096,70,0,70,1,2788,8373,667.533333,692.228858,t1-pmed33-r10-R25-theta0.5-bbnc-i-l-linear-coloc-tl3600.out,,T1,,,,,0,700
pmed,Str0+VI0,Int,ColocOn,Str0+VI0,33,10,25,0.5,,TIME_LIMIT,3600.01,106414,0.137316353068035,0.342253614076088,,679.667622,70,0,70,1,2788,4589,666.733333,692.60191,t1-pmed33-r10-R25-theta0.5-bbnc-i-linear-coloc-tl3600.out,,T1,,,,,0,700
pmed,B&C-B,Bin,ColocOn,,33,10,25,0.5,,TIME_LIMIT,3600.04,7945,0.497419258043141,0.584691839640671,,678.797057,70,0,70,1,48128,8279,666.066667,691.527447,t1-pmed33-r10-R25-theta0.5-bnc-b-linear-coloc-tl3600.out,,T1,,,,,0,700
pmed,Str1+VI1,Int,ColocOn,Str1+VI1+LocalSearch1,33,10,25,0.8,,OPTIMAL,782.77,35162,0,0.110451064594664,,673.223932,70,0,70,1,2788,5230,668.866667,690.652991,t1-pmed33-r10-R25-theta0.8-bbnc-i-e-l-linear-coloc-tl3600.out,,T1,,,,,0,700
pmed,Str1+VI0,Int,ColocOn,Str1+VI0,33,10,25,0.8,,OPTIMAL,1242.64,78080,0,0.116534627292482,,673.223932,70,0,70,1,2787,3416,668.866667,690.652991,t1-pmed33-r10-R25-theta0.8-bbnc-i-e-linear-coloc-tl3600.out,,T1,,,,,0,700
pmed,Str0+VI1,Int,ColocOn,Str0+VI1,33,10,25,0.8,,OPTIMAL,1079.45,52770,0,0.113751452317653,,673.223932,70,0,70,1,2788,6553,668.866667,690.652991,t1-pmed33-r10-R25-theta0.8-bbnc-i-l-linear-coloc-tl3600.out,,T1,,,,,0,700
pmed,Str0+VI0,Int,ColocOn,Str0+VI0,33,10,25,0.8,,OPTIMAL,918.75,50813,0,0.133926314431729,,673.223932,70,0,70,1,2788,3756,668.866667,690.652991,t1-pmed33-r10-R25-theta0.8-bbnc-i-linear-coloc-tl3600.out,,T1,,,,,0,700
pmed,B&C-B,Bin,ColocOn,,33,10,25,0.8,,TIME_LIMIT,3600.02,41723,0.0534610381019049,0.184289794106547,,673.173469,70,0,70,1,9459,8529,668.866667,690.400677,t1-pmed33-r10-R25-theta0.8-bnc-b-linear-coloc-tl3600.out,,T1,,,,,0,700
pmed,Str1+VI1,Int,ColocOn,Str1+VI1+LocalSearch1,33,5,20,0.2,,TIME_LIMIT,3600,41570,0.45943415450988,0.71511896029832,,621.064221,70,0,70,1,2791,19422,561.866667,635.863609,t1-pmed33-r5-R20-theta0.2-bbnc-i-e-l-linear-coloc-tl3600.out,,T1,,,,,0,700
pmed,Str1+VI0,Int,ColocOn,Str1+VI0,33,5,20,0.2,,TIME_LIMIT,3600,59677,0.722678609567816,1.20982217979727,,619.992601,70,0,70,1,2791,9173,562.333333,634.407418,t1-pmed33-r5-R20-theta0.2-bbnc-i-e-linear-coloc-tl3600.out,,T1,,,,,0,700
pmed,Str0+VI1,Int,ColocOn,Str0+VI1,33,5,20,0.2,,TIME_LIMIT,3600,38495,0.647059791620056,1.0405751118581,,620.211451,70,3,67,2,2791,20287,556.933333,636.03098,t1-pmed33-r5-R20-theta0.2-bbnc-i-l-linear-coloc-tl3600.out,,T1,,,,,0.0447761194029851,700
pmed,Str0+VI0,Int,ColocOn,Str0+VI0,33,5,20,0.2,,TIME_LIMIT,3600.01,58128,0.698910264679789,1.38052156975423,,620.396174,70,1,69,2,2791,9773,559,635.745217,t1-pmed33-r5-R20-theta0.2-bbnc-i-linear-coloc-tl3600.out,,T1,,,,,0.0144927536231884,700
pmed,B&C-B,Bin,ColocOn,,33,5,20,0.2,,TIME_LIMIT,3600.04,725,3.77193300039204,3.90225264467314,,616.870746,70,1,69,2,44505,18370,553,632.838433,t1-pmed33-r5-R20-theta0.2-bnc-b-linear-coloc-tl3600.out,,T1,,,,,0.0144927536231884,700
pmed,Str1+VI1,Int,ColocOn,Str1+VI1+LocalSearch1,33,5,20,0.5,,TIME_LIMIT,3600,68008,0.099273231905716,0.341058976222889,,600.674412,70,0,70,1,2791,15568,568.133333,633.215491,t1-pmed33-r5-R20-theta0.5-bbnc-i-e-l-linear-coloc-tl3600.out,,T1,,,,,0,700
pmed,Str1+VI0,Int,ColocOn,Str1+VI0,33,5,20,0.5,,TIME_LIMIT,3600.01,91465,0.206538299136577,0.486551861207671,,600.628059,70,0,70,1,2791,7167,567.866667,633.389451,t1-pmed33-r5-R20-theta0.5-bbnc-i-e-linear-coloc-tl3600.out,,T1,,,,,0,700
pmed,Str0+VI1,Int,ColocOn,Str0+VI1,33,5,20,0.5,,TIME_LIMIT,3600.01,83760,0.150808592733179,0.425068452982706,,600.467991,70,0,70,1,2790,14212,568.133333,632.802648,t1-pmed33-r5-R20-theta0.5-bbnc-i-l-linear-coloc-tl3600.out,,T1,,,,,0,700
pmed,Str0+VI0,Int,ColocOn,Str0+VI0,33,5,20,0.5,,TIME_LIMIT,3600,102632,0.282086407265603,0.63968306256249,,600.30775,70,0,70,1,2791,7575,567.6,633.015501,t1-pmed33-r5-R20-theta0.5-bbnc-i-linear-coloc-tl3600.out,,T1,,,,,0,700
pmed,B&C-B,Bin,ColocOn,,33,5,20,0.5,,TIME_LIMIT,3600.05,2042,1.96309483414176,2.1581153324201,,597.383736,70,0,70,1,43868,21301,563.733333,631.034138,t1-pmed33-r5-R20-theta0.5-bnc-b-linear-coloc-tl3600.out,,T1,,,,,0,700
pmed,Str1+VI1,Int,ColocOn,Str1+VI1+LocalSearch1,33,5,20,0.8,,OPTIMAL,188.84,2500,0,0.122627825310578,,581.924207,70,0,70,1,2791,7673,570.133333,629.087702,t1-pmed33-r5-R20-theta0.8-bbnc-i-e-l-linear-coloc-tl3600.out,,T1,,,,,0,700
pmed,Str1+VI0,Int,ColocOn,Str1+VI0,33,5,20,0.8,,OPTIMAL,1426.37,71659,0,0.157836018669014,,581.924207,70,0,70,1,2582,6671,570.133333,629.087702,t1-pmed33-r5-R20-theta0.8-bbnc-i-e-linear-coloc-tl3600.out,,T1,,,,,0,700
pmed,Str0+VI1,Int,ColocOn,Str0+VI1,33,5,20,0.8,,OPTIMAL,1557.83,77372,0,0.128065646872111,,581.924207,70,0,70,1,2509,10661,570.133333,629.087702,t1-pmed33-r5-R20-theta0.8-bbnc-i-l-linear-coloc-tl3600.out,,T1,,,,,0,700
pmed,Str0+VI0,Int,ColocOn,Str0+VI0,33,5,20,0.8,,OPTIMAL,2487.06,131564,0,0.19803317788427,,581.924207,70,0,70,1,2614,6872,570.133333,629.087702,t1-pmed33-r5-R20-theta0.8-bbnc-i-linear-coloc-tl3600.out,,T1,,,,,0,700
pmed,B&C-B,Bin,ColocOn,,33,5,20,0.8,,TIME_LIMIT,3600.02,12200,0.286999340286301,0.4916316144528,,581.765679,70,0,70,1,19617,17415,569.933333,629.095059,t1-pmed33-r5-R20-theta0.8-bnc-b-linear-coloc-tl3600.out,,T1,,,,,0,700
pmed,Str1+VI1,Int,ColocOn,Str1+VI1+LocalSearch1,34,10,25,0.2,,OPTIMAL,13.47,210,0,0.00128230953854284,,699.831026,140,0,140,1,2779,2933,699.2,699.988782,t1-pmed34-r10-R25-theta0.2-bbnc-i-e-l-linear-coloc-tl3600.out,,T1,,,,,0,700
pmed,Str1+VI0,Int,ColocOn,Str1+VI0,34,10,25,0.2,,OPTIMAL,5.81,361,0,0.00123715522304833,,699.831342,140,0,140,1,2779,2654,699.2,699.989178,t1-pmed34-r10-R25-theta0.2-bbnc-i-e-linear-coloc-tl3600.out,,T1,,,,,0,700
pmed,Str0+VI1,Int,ColocOn,Str0+VI1,34,10,25,0.2,,OPTIMAL,28.55,1055,0,0.00128659634275537,,699.830996,140,0,140,1,2311,3538,699.2,699.988745,t1-pmed34-r10-R25-theta0.2-bbnc-i-l-linear-coloc-tl3600.out,,T1,,,,,0,700
pmed,Str0+VI0,Int,ColocOn,Str0+VI0,34,10,25,0.2,,OPTIMAL,15.01,1669,0,0.00121629279990272,,699.831488,140,0,140,1,2779,2691,699.2,699.989361,t1-pmed34-r10-R25-theta0.2-bbnc-i-linear-coloc-tl3600.out,,T1,,,,,0,700
pmed,B&C-B,Bin,ColocOn,,34,10,25,0.2,,OPTIMAL,118.84,86,0,0.00129574152633628,,699.830932,140,0,140,1,1818,2944,699.2,699.988665,t1-pmed34-r10-R25-theta0.2-bnc-b-linear-coloc-tl3600.out,,T1,,,,,0,700
pmed,Str1+VI1,Int,ColocOn,Str1+VI1+LocalSearch1,34,10,25,0.5,,OPTIMAL,5.71,29,0,0.000761583844663246,,699.594672,140,0,140,1,2779,3034,699.2,699.989344,t1-pmed34-r10-R25-theta0.5-bbnc-i-e-l-linear-coloc-tl3600.out,,T1,,,,,0,700
pmed,Str1+VI0,Int,ColocOn,Str1+VI0,34,10,25,0.5,,OPTIMAL,1.75,27,0,0.000765443251785991,,699.594645,140,0,140,1,2779,2744,699.2,699.98929,t1-pmed34-r10-R25-theta0.5-bbnc-i-e-linear-coloc-tl3600.out,,T1,,,,,0,700
pmed,Str0+VI1,Int,ColocOn,Str0+VI1,34,10,25,0.5,,OPTIMAL,8.08,70,0,0.000807182044259188,,699.594353,140,0,140,1,2779,2644,699.2,699.988706,t1-pmed34-r10-R25-theta0.5-bbnc-i-l-linear-coloc-tl3600.out,,T1,,,,,0,700
pmed,Str0+VI0,Int,ColocOn,Str0+VI0,34,10,25,0.5,,OPTIMAL,4.92,369,0,0.000778879708569758,,699.594551,140,0,140,1,2779,2172,699.2,699.989102,t1-pmed34-r10-R25-theta0.5-bbnc-i-linear-coloc-tl3600.out,,T1,,,,,0,700
pmed,B&C-B,Bin,ColocOn,,34,10,25,0.5,,OPTIMAL,87.31,68,0,0.000770017364333472,,699.594613,140,0,140,1,96369,2000,699.2,699.989226,t1-pmed34-r10-R25-theta0.5-bnc-b-linear-coloc-tl3600.out,,T1,,,,,0,700
pmed,Str1+VI1,Int,ColocOn,Str1+VI1+LocalSearch1,34,10,25,0.8,,OPTIMAL,5.68,39,0,0.000299703483447209,,699.357904,140,0,140,1,2779,2901,699.2,699.98952,t1-pmed34-r10-R25-theta0.8-bbnc-i-e-l-linear-coloc-tl3600.out,,T1,,,,,0,700
pmed,Str1+VI0,Int,ColocOn,Str1+VI0,34,10,25,0.8,,OPTIMAL,1.65,26,0,0.00031271545972548,,699.357813,140,0,140,1,2779,2626,699.2,699.989067,t1-pmed34-r10-R25-theta0.8-bbnc-i-e-linear-coloc-tl3600.out,,T1,,,,,0,700
pmed,Str0+VI1,Int,ColocOn,Str0+VI1,34,10,25,0.8,,OPTIMAL,8.34,60,0,0.000306137976788141,,699.357859,140,0,140,1,2779,3092,699.2,699.989294,t1-pmed34-r10-R25-theta0.8-bbnc-i-l-linear-coloc-tl3600.out,,T1,,,,,0,700
pmed,Str0+VI0,Int,ColocOn,Str0+VI0,34,10,25,0.8,,OPTIMAL,5.9,461,0,0.000302277280677714,,699.357886,140,0,140,1,2779,2706,699.2,699.989429,t1-pmed34-r10-R25-theta0.8-bbnc-i-linear-coloc-tl3600.out,,T1,,,,,0,700
pmed,B&C-B,Bin,ColocOn,,34,10,25,0.8,,OPTIMAL,81.55,27,0,0.000322009730561902,,699.357748,140,0,140,1,96040,1816,699.2,699.988741,t1-pmed34-r10-R25-theta0.8-bnc-b-linear-coloc-tl3600.out,,T1,,,,,0,700
pmed,Str1+VI1,Int,ColocOn,Str1+VI1+LocalSearch1,34,5,20,0.2,,TIME_LIMIT,3600.01,58719,0.300551259503814,0.436427441992053,,678.992821,140,0,140,1,2778,14361,631.266667,690.92436,t1-pmed34-r5-R20-theta0.2-bbnc-i-e-l-linear-coloc-tl3600.out,,T1,,,,,0,700
pmed,Str1+VI0,Int,ColocOn,Str1+VI0,34,5,20,0.2,,TIME_LIMIT,3600,77264,0.327233651363301,0.672365021172817,,679.007363,140,3,137,2,2778,5391,632.333333,690.67587,t1-pmed34-r5-R20-theta0.2-bbnc-i-e-linear-coloc-tl3600.out,,T1,,,,,0.0218978102189781,700
pmed,Str0+VI1,Int,ColocOn,Str0+VI1,34,5,20,0.2,,TIME_LIMIT,3600,44567,0.481793525247279,0.672497827559632,,677.95877,140,1,139,2,2778,15946,630.8,689.748463,t1-pmed34-r5-R20-theta0.2-bbnc-i-l-linear-coloc-tl3600.out,,T1,,,,,0.00719424460431655,700
pmed,Str0+VI0,Int,ColocOn,Str0+VI0,34,5,20,0.2,,TIME_LIMIT,3600,80769,0.523475277340975,1.01488111900913,,677.852989,140,0,140,1,2778,6042,628.6,690.166236,t1-pmed34-r5-R20-theta0.2-bbnc-i-linear-coloc-tl3600.out,,T1,,,,,0,700
pmed,B&C-B,Bin,ColocOn,,34,5,20,0.2,,TIME_LIMIT,3600.05,723,1.26342160780723,1.31572484197296,,677.665551,140,0,140,1,91587,8400,627.6,690.181939,t1-pmed34-r5-R20-theta0.2-bnc-b-linear-coloc-tl3600.out,,T1,,,,,0,700
pmed,Str1+VI1,Int,ColocOn,Str1+VI1+LocalSearch1,34,5,20,0.5,,OPTIMAL,2958.75,79569,0,0.109281568294401,,665.470867,140,0,140,1,2778,8109,643.933333,687.008402,t1-pmed34-r5-R20-theta0.5-bbnc-i-e-l-linear-coloc-tl3600.out,,T1,,,,,0,700
pmed,Str1+VI0,Int,ColocOn,Str1+VI0,34,5,20,0.5,,TIME_LIMIT,3600.01,126083,0.0343348995997014,0.24138015302141,,665.408477,140,0,140,1,2778,4247,643.933333,686.88362,t1-pmed34-r5-R20-theta0.5-bbnc-i-e-linear-coloc-tl3600.out,,T1,,,,,0,700
pmed,Str0+VI1,Int,ColocOn,Str0+VI1,34,5,20,0.5,,TIME_LIMIT,3600.01,172053,0.11849213448975,0.219584809471515,,664.967674,140,0,140,1,2778,9303,643.4,686.535349,t1-pmed34-r5-R20-theta0.5-bbnc-i-l-linear-coloc-tl3600.out,,T1,,,,,0,700
pmed,Str0+VI0,Int,ColocOn,Str0+VI0,34,5,20,0.5,,TIME_LIMIT,3600.01,124792,0.249179275670778,0.496084823603653,,664.204556,140,0,140,1,2778,5256,643.2,685.209113,t1-pmed34-r5-R20-theta0.5-bbnc-i-linear-coloc-tl3600.out,,T1,,,,,0,700
pmed,B&C-B,Bin,ColocOn,,34,5,20,0.5,,TIME_LIMIT,3600.07,5420,0.657397187425969,0.744867253553124,,663.99442,140,0,140,1,90172,11121,642.133333,685.855506,t1-pmed34-r5-R20-theta0.5-bnc-b-linear-coloc-tl3600.out,,T1,,,,,0,700
pmed,Str1+VI1,Int,ColocOn,Str1+VI1+LocalSearch1,34,5,20,0.8,,OPTIMAL,6.8,46,0,0.00299809184035676,,653.348898,140,0,140,1,2778,3575,645.6,684.344491,t1-pmed34-r5-R20-theta0.8-bbnc-i-e-l-linear-coloc-tl3600.out,,T1,,,,,0,700
pmed,Str1+VI0,Int,ColocOn,Str1+VI0,34,5,20,0.8,,OPTIMAL,29.69,2721,0,0.0375782374090824,,653.348898,140,0,140,1,2778,2981,645.6,684.344491,t1-pmed34-r5-R20-theta0.8-bbnc-i-e-linear-coloc-tl3600.out,,T1,,,,,0,700
pmed,Str0+VI1,Int,ColocOn,Str0+VI1,34,5,20,0.8,,OPTIMAL,32.3,561,0,0.00553517425539229,,653.348898,140,0,140,1,2778,4694,645.6,684.344491,t1-pmed34-r5-R20-theta0.8-bbnc-i-l-linear-coloc-tl3600.out,,T1,,,,,0,700
pmed,Str0+VI0,Int,ColocOn,Str0+VI0,34,5,20,0.8,,OPTIMAL,29.66,695,0,0.0493324471789357,,653.348898,140,0,140,1,2778,3456,645.6,684.344491,t1-pmed34-r5-R20-theta0.8-bbnc-i-linear-coloc-tl3600.out,,T1,,,,,0,700
pmed,B&C-B,Bin,ColocOn,,34,5,20,0.8,,OPTIMAL,525.36,5011,0,0.0921859670757452,,653.348898,140,0,140,1,3078,7145,645.6,684.344491,t1-pmed34-r5-R20-theta0.8-bnc-b-linear-coloc-tl3600.out,,T1,,,,,0,700
pmed,Str1+VI1,Int,ColocOn,Str1+VI1+LocalSearch1,35,10,25,0.2,,OPTIMAL,71.81,171,0,0.989853314772929,,668.819703,5,0,5,1,2004,7376,592.933333,687.791295,t1-pmed35-r10-R25-theta0.2-bbnc-i-e-l-linear-coloc-tl3600.out,,T1,,,,,0,800
pmed,Str1+VI0,Int,ColocOn,Str1+VI0,35,10,25,0.2,,OPTIMAL,37.98,308,0,0.974629929525263,,668.819703,5,0,5,1,2030,5510,592.933333,687.791295,t1-pmed35-r10-R25-theta0.2-bbnc-i-e-linear-coloc-tl3600.out,,T1,,,,,0,800
pmed,Str0+VI1,Int,ColocOn,Str0+VI1,35,10,25,0.2,,OPTIMAL,130.37,225,0,0.999705147741444,,668.819703,5,0,5,1,2041,9975,592.933333,687.791295,t1-pmed35-r10-R25-theta0.2-bbnc-i-l-linear-coloc-tl3600.out,,T1,,,,,0,800
pmed,Str0+VI0,Int,ColocOn,Str0+VI0,35,10,25,0.2,,OPTIMAL,88.22,565,0,1.06572264065013,,668.819703,5,0,5,1,2084,6461,592.933333,687.791295,t1-pmed35-r10-R25-theta0.2-bbnc-i-linear-coloc-tl3600.out,,T1,,,,,0,800
pmed,B&C-B,Bin,ColocOn,,35,10,25,0.2,,TIME_LIMIT,3600.07,5848,3.34631247849785,4.56100289906287,,668.601921,5,0,5,1,5173,48920,592.666667,687.585734,t1-pmed35-r10-R25-theta0.2-bnc-b-linear-coloc-tl3600.out,,T1,,,,,0,800
pmed,Str1+VI1,Int,ColocOn,Str1+VI1+LocalSearch1,35,10,25,0.5,,OPTIMAL,45.33,95,0,1.07416845895152,,640.362314,5,0,5,1,2005,6425,592.933333,687.791295,t1-pmed35-r10-R25-theta0.5-bbnc-i-e-l-linear-coloc-tl3600.out,,T1,,,,,0,800
pmed,Str1+VI0,Int,ColocOn,Str1+VI0,35,10,25,0.5,,OPTIMAL,23.23,139,0,1.16851036302552,,640.362314,5,0,5,1,2019,5222,592.933333,687.791295,t1-pmed35-r10-R25-theta0.5-bbnc-i-e-linear-coloc-tl3600.out,,T1,,,,,0,800
pmed,Str0+VI1,Int,ColocOn,Str0+VI1,35,10,25,0.5,,OPTIMAL,61.26,113,0,1.06402826197545,,640.362314,5,0,5,1,2034,7754,592.933333,687.791295,t1-pmed35-r10-R25-theta0.5-bbnc-i-l-linear-coloc-tl3600.out,,T1,,,,,0,800
pmed,Str0+VI0,Int,ColocOn,Str0+VI0,35,10,25,0.5,,OPTIMAL,25.88,121,0,1.07945327963195,,640.362314,5,0,5,1,2048,5543,592.933333,687.791295,t1-pmed35-r10-R25-theta0.5-bbnc-i-linear-coloc-tl3600.out,,T1,,,,,0,800
pmed,B&C-B,Bin,ColocOn,,35,10,25,0.5,,TIME_LIMIT,3600.03,11123,1.38163914025136,3.24644452921939,,640.1262,5,0,5,1,2696,55228,592.666667,687.585734,t1-pmed35-r10-R25-theta0.5-bnc-b-linear-coloc-tl3600.out,,T1,,,,,0,800
pmed,Str1+VI1,Int,ColocOn,Str1+VI1+LocalSearch1,35,10,25,0.8,,OPTIMAL,39.58,67,0,1.17139798936673,,611.904926,5,0,5,1,2037,6616,592.933333,687.791295,t1-pmed35-r10-R25-theta0.8-bbnc-i-e-l-linear-coloc-tl3600.out,,T1,,,,,0,800
pmed,Str1+VI0,Int,ColocOn,Str1+VI0,35,10,25,0.8,,OPTIMAL,18.49,81,0,1.20214753754082,,611.904926,5,0,5,1,2043,5593,592.933333,687.791295,t1-pmed35-r10-R25-theta0.8-bbnc-i-e-linear-coloc-tl3600.out,,T1,,,,,0,800
pmed,Str0+VI1,Int,ColocOn,Str0+VI1,35,10,25,0.8,,OPTIMAL,44.42,78,0,1.16025573554542,,611.904926,5,0,5,1,2047,6976,592.933333,687.791295,t1-pmed35-r10-R25-theta0.8-bbnc-i-l-linear-coloc-tl3600.out,,T1,,,,,0,800
pmed,Str0+VI0,Int,ColocOn,Str0+VI0,35,10,25,0.8,,OPTIMAL,18.4,75,0,1.18730993840699,,611.904926,5,0,5,1,2051,5531,592.933333,687.791295,t1-pmed35-r10-R25-theta0.8-bbnc-i-linear-coloc-tl3600.out,,T1,,,,,0,800
pmed,B&C-B,Bin,ColocOn,,35,10,25,0.8,,OPTIMAL,176.68,334,0,2.06125730715232,,611.904926,5,0,5,1,2224,14597,592.933333,687.791295,t1-pmed35-r10-R25-theta0.8-bnc-b-linear-coloc-tl3600.out,,T1,,,,,0,800
pmed,Str1+VI1,Int,ColocOn,Str1+VI1+LocalSearch1,35,5,20,0.2,,OPTIMAL,20.37,65,0,1.07608503031047,,460.698259,5,0,5,1,1865,7505,384.333333,479.78949,t1-pmed35-r5-R20-theta0.2-bbnc-i-e-l-linear-coloc-tl3600.out,,T1,,,,,0,800
pmed,Str1+VI0,Int,ColocOn,Str1+VI0,35,5,20,0.2,,OPTIMAL,18.96,102,0,1.42570801423411,,460.698259,5,0,5,1,1884,7266,384.333333,479.78949,t1-pmed35-r5-R20-theta0.2-bbnc-i-e-linear-coloc-tl3600.out,,T1,,,,,0,800
pmed,Str0+VI1,Int,ColocOn,Str0+VI1,35,5,20,0.2,,OPTIMAL,22.67,66,0,1.33373523341229,,460.698259,5,0,5,1,1798,9336,384.333333,479.78949,t1-pmed35-r5-R20-theta0.2-bbnc-i-l-linear-coloc-tl3600.out,,T1,,,,,0,800
pmed,Str0+VI0,Int,ColocOn,Str0+VI0,35,5,20,0.2,,OPTIMAL,27.97,237,0,1.5854181901738,,460.698259,5,0,5,1,1851,7048,384.333333,479.78949,t1-pmed35-r5-R20-theta0.2-bbnc-i-linear-coloc-tl3600.out,,T1,,,,,0,800
pmed,B&C-B,Bin,ColocOn,,35,5,20,0.2,,TIME_LIMIT,3600.04,6636,4.0285774120974,8.81586292254688,,460.698259,5,0,5,1,3063,84159,384.333333,479.78949,t1-pmed35-r5-R20-theta0.2-bnc-b-linear-coloc-tl3600.out,,T1,,,,,0,800
pmed,Str1+VI1,Int,ColocOn,Str1+VI1+LocalSearch1,35,5,20,0.5,,OPTIMAL,16.87,45,0,1.22103915172132,,432.061412,5,0,5,1,1832,7136,384.333333,479.78949,t1-pmed35-r5-R20-theta0.5-bbnc-i-e-l-linear-coloc-tl3600.out,,T1,,,,,0,800
pmed,Str1+VI0,Int,ColocOn,Str1+VI0,35,5,20,0.5,,OPTIMAL,12.17,55,0,1.19043516897083,,432.061412,5,0,5,1,1876,5823,384.333333,479.78949,t1-pmed35-r5-R20-theta0.5-bbnc-i-e-linear-coloc-tl3600.out,,T1,,,,,0,800
pmed,Str0+VI1,Int,ColocOn,Str0+VI1,35,5,20,0.5,,OPTIMAL,20.87,41,0,1.19511783662828,,432.061412,5,0,5,1,1820,7315,384.333333,479.78949,t1-pmed35-r5-R20-theta0.5-bbnc-i-l-linear-coloc-tl3600.out,,T1,,,,,0,800
pmed,Str0+VI0,Int,ColocOn,Str0+VI0,35,5,20,0.5,,OPTIMAL,13.79,68,0,1.30090696458677,,432.061412,5,0,5,1,1868,6152,384.333333,479.78949,t1-pmed35-r5-R20-theta0.5-bbnc-i-linear-coloc-tl3600.out,,T1,,,,,0,800
pmed,B&C-B,Bin,ColocOn,,35,5,20,0.5,,OPTIMAL,647.95,1184,0,6.03856587868578,,432.061412,5,0,5,1,2729,27950,384.333333,479.78949,t1-pmed35-r5-R20-theta0.5-bnc-b-linear-coloc-tl3600.out,,T1,,,,,0,800
pmed,Str1+VI1,Int,ColocOn,Str1+VI1+LocalSearch1,35,5,20,0.8,,OPTIMAL,14.61,47,0,1.21306220780527,,403.506182,5,0,5,1,1852,7304,384.6,479.130909,t1-pmed35-r5-R20-theta0.8-bbnc-i-e-l-linear-coloc-tl3600.out,,T1,,,,,0,800
pmed,Str1+VI0,Int,ColocOn,Str1+VI0,35,5,20,0.8,,OPTIMAL,11.78,45,0,1.31099949293961,,403.506182,5,0,5,1,1869,6454,384.6,479.130909,t1-pmed35-r5-R20-theta0.8-bbnc-i-e-linear-coloc-tl3600.out,,T1,,,,,0,800
pmed,Str0+VI1,Int,ColocOn,Str0+VI1,35,5,20,0.8,,OPTIMAL,15.57,33,0,1.14016790949686,,403.506182,5,0,5,1,1880,7181,384.6,479.130909,t1-pmed35-r5-R20-theta0.8-bbnc-i-l-linear-coloc-tl3600.out,,T1,,,,,0,800
pmed,Str0+VI0,Int,ColocOn,Str0+VI0,35,5,20,0.8,,OPTIMAL,10.04,37,0,1.22982254581665,,403.506182,5,0,5,1,1888,6033,384.6,479.130909,t1-pmed35-r5-R20-theta0.8-bbnc-i-linear-coloc-tl3600.out,,T1,,,,,0,800
pmed,B&C-B,Bin,ColocOn,,35,5,20,0.8,,OPTIMAL,101.19,175,0,3.22443560480567,,403.506182,5,0,5,1,1915,14220,384.6,479.130909,t1-pmed35-r5-R20-theta0.8-bnc-b-linear-coloc-tl3600.out,,T1,,,,,0,800
pmed,Str1+VI1,Int,ColocOn,Str1+VI1+LocalSearch1,36,10,25,0.2,,TIME_LIMIT,3600.01,40550,0.267785052938043,0.976272960571078,,677.465347,10,0,10,1,2426,17796,601.8,696.381684,t1-pmed36-r10-R25-theta0.2-bbnc-i-e-l-linear-coloc-tl3600.out,,T1,,,,,0,800
pmed,Str1+VI0,Int,ColocOn,Str1+VI0,36,10,25,0.2,,TIME_LIMIT,3600,32134,0.278485535408506,0.994768371525292,,677.465347,10,0,10,1,2645,9783,601.8,696.381684,t1-pmed36-r10-R25-theta0.2-bbnc-i-e-linear-coloc-tl3600.out,,T1,,,,,0,800
pmed,Str0+VI1,Int,ColocOn,Str0+VI1,36,10,25,0.2,,TIME_LIMIT,3600.02,34604,0.330411586568929,1.10002150378315,,677.499392,10,0,10,1,2530,21076,599,697.12424,t1-pmed36-r10-R25-theta0.2-bbnc-i-l-linear-coloc-tl3600.out,,T1,,,,,0,800
pmed,Str0+VI0,Int,ColocOn,Str0+VI0,36,10,25,0.2,,TIME_LIMIT,3600,46821,0.429038484226155,1.26238663540085,,677.465347,10,0,10,1,2618,11030,601.8,696.381684,t1-pmed36-r10-R25-theta0.2-bbnc-i-linear-coloc-tl3600.out,,T1,,,,,0,800
pmed,B&C-B,Bin,ColocOn,,36,10,25,0.2,,TIME_LIMIT,3600.06,3297,3.72009991446948,4.25229764912196,,675.631773,10,0,10,1,8628,38757,601.266667,694.223049,t1-pmed36-r10-R25-theta0.2-bnc-b-linear-coloc-tl3600.out,,T1,,,,,0,800
pmed,Str1+VI1,Int,ColocOn,Str1+VI1+LocalSearch1,36,10,25,0.5,,TIME_LIMIT,3600,24881,0.414369214784557,1.19134800717542,,649.06064,10,0,10,1,2690,15907,602.4,695.72128,t1-pmed36-r10-R25-theta0.5-bbnc-i-e-l-linear-coloc-tl3600.out,,T1,,,,,0,800
pmed,Str1+VI0,Int,ColocOn,Str1+VI0,36,10,25,0.5,,TIME_LIMIT,3600,29176,0.436889435292664,1.23439828835225,,649.059714,10,0,10,1,2704,11313,602.066667,696.05276,t1-pmed36-r10-R25-theta0.5-bbnc-i-e-linear-coloc-tl3600.out,,T1,,,,,0,800
pmed,Str0+VI1,Int,ColocOn,Str0+VI1,36,10,25,0.5,,TIME_LIMIT,3600.03,28484,0.485857047739541,1.27039961398115,,649.220128,10,0,10,1,2766,18811,602.266667,696.17359,t1-pmed36-r10-R25-theta0.5-bbnc-i-l-linear-coloc-tl3600.out,,T1,,,,,0,800
pmed,Str0+VI0,Int,ColocOn,Str0+VI0,36,10,25,0.5,,TIME_LIMIT,3600.01,30007,0.420953771248573,1.32131490836859,,649.239704,10,0,10,1,2767,11563,602.733333,695.746074,t1-pmed36-r10-R25-theta0.5-bbnc-i-linear-coloc-tl3600.out,,T1,,,,,0,800
pmed,B&C-B,Bin,ColocOn,,36,10,25,0.5,,TIME_LIMIT,3600.11,5688,2.28250302164483,3.09839361604019,,649.220128,10,0,10,1,8532,31877,602.266667,696.17359,t1-pmed36-r10-R25-theta0.5-bnc-b-linear-coloc-tl3600.out,,T1,,,,,0,800
pmed,Str1+VI1,Int,ColocOn,Str1+VI1+LocalSearch1,36,10,25,0.8,,TIME_LIMIT,3600,18112,0.549708677640532,1.53730772492394,,621.245561,10,0,10,1,2899,15241,602.933333,694.494472,t1-pmed36-r10-R25-theta0.8-bbnc-i-e-l-linear-coloc-tl3600.out,,T1,,,,,0,800
pmed,Str1+VI0,Int,ColocOn,Str1+VI0,36,10,25,0.8,,TIME_LIMIT,3600.01,15769,0.396175153931059,1.56848198972828,,621.064256,10,0,10,1,2911,11459,602.4,695.72128,t1-pmed36-r10-R25-theta0.8-bbnc-i-e-linear-coloc-tl3600.out,,T1,,,,,0,800
pmed,Str0+VI1,Int,ColocOn,Str0+VI1,36,10,25,0.8,,TIME_LIMIT,3600,15480,0.549641026557936,1.55554866008935,,621.245561,10,0,10,1,2888,16061,602.933333,694.494472,t1-pmed36-r10-R25-theta0.8-bbnc-i-l-linear-coloc-tl3600.out,,T1,,,,,0,800
pmed,Str0+VI0,Int,ColocOn,Str0+VI0,36,10,25,0.8,,TIME_LIMIT,3600,20918,0.352645462235378,1.62389480396118,,620.97015,10,0,10,1,2898,10745,602.266667,695.784085,t1-pmed36-r10-R25-theta0.8-bbnc-i-linear-coloc-tl3600.out,,T1,,,,,0,800
pmed,B&C-B,Bin,ColocOn,,36,10,25,0.8,,TIME_LIMIT,3600.02,17568,1.48790005809869,2.48459999213705,,620.275982,10,0,10,1,2943,26701,601.6,694.979911,t1-pmed36-r10-R25-theta0.8-bnc-b-linear-coloc-tl3600.out,,T1,,,,,0,800
pmed,Str1+VI1,Int,ColocOn,Str1+VI1+LocalSearch1,36,5,20,0.2,,TIME_LIMIT,3600.01,31128,0.780449883007155,2.09367484254141,,479.222647,10,0,10,1,2318,25094,409.2,496.728309,t1-pmed36-r5-R20-theta0.2-bbnc-i-e-l-linear-coloc-tl3600.out,,T1,,,,,0,800
pmed,Str1+VI0,Int,ColocOn,Str1+VI0,36,5,20,0.2,,TIME_LIMIT,3600,39653,0.709091342624201,2.49041050726133,,479.212522,10,0,10,1,2388,13682,409.8,496.565652,t1-pmed36-r5-R20-theta0.2-bbnc-i-e-linear-coloc-tl3600.out,,T1,,,,,0,800
pmed,Str0+VI1,Int,ColocOn,Str0+VI1,36,5,20,0.2,,TIME_LIMIT,3600,32090,0.786707899152751,2.33033894994532,,479.222647,10,0,10,1,2327,26662,409.2,496.728309,t1-pmed36-r5-R20-theta0.2-bbnc-i-l-linear-coloc-tl3600.out,,T1,,,,,0,800
pmed,Str0+VI0,Int,ColocOn,Str0+VI0,36,5,20,0.2,,TIME_LIMIT,3600,46545,0.946765956941602,2.87591959317399,,479.222647,10,0,10,1,2414,13013,409.2,496.728309,t1-pmed36-r5-R20-theta0.2-bbnc-i-linear-coloc-tl3600.out,,T1,,,,,0,800
pmed,B&C-B,Bin,ColocOn,,36,5,20,0.2,,TIME_LIMIT,3600.07,8446,5.98337041216868,8.23146689918895,,479.206264,10,0,10,1,5196,34961,405.333333,497.674497,t1-pmed36-r5-R20-theta0.2-bnc-b-linear-coloc-tl3600.out,,T1,,,,,0,800
pmed,Str1+VI1,Int,ColocOn,Str1+VI1+LocalSearch1,36,5,20,0.5,,OPTIMAL,1045.52,1946,0,1.7808433014185,,453.182826,10,0,10,1,3187,15890,409.8,496.565652,t1-pmed36-r5-R20-theta0.5-bbnc-i-e-l-linear-coloc-tl3600.out,,T1,,,,,0,800
pmed,Str1+VI0,Int,ColocOn,Str1+VI0,36,5,20,0.5,,OPTIMAL,3539.85,53410,0,1.93786425613579,,453.182826,10,0,10,1,2289,12188,409.8,496.565652,t1-pmed36-r5-R20-theta0.5-bbnc-i-e-linear-coloc-tl3600.out,,T1,,,,,0,800
pmed,Str0+VI1,Int,ColocOn,Str0+VI1,36,5,20,0.5,,OPTIMAL,1572.68,2360,0,1.89110012743511,,453.182826,10,0,10,1,3187,16964,409.8,496.565652,t1-pmed36-r5-R20-theta0.5-bbnc-i-l-linear-coloc-tl3600.out,,T1,,,,,0,800
pmed,Str0+VI0,Int,ColocOn,Str0+VI0,36,5,20,0.5,,TIME_LIMIT,3600,40413,0.505309927531378,2.17427899617715,,453.182826,10,0,10,1,2329,12853,409.8,496.565652,t1-pmed36-r5-R20-theta0.5-bbnc-i-linear-coloc-tl3600.out,,T1,,,,,0,800
pmed,B&C-B,Bin,ColocOn,,36,5,20,0.5,,TIME_LIMIT,3600.05,10209,4.19100757808085,6.08745717183332,,451.928929,10,0,10,1,3697,39971,408,495.857858,t1-pmed36-r5-R20-theta0.5-bnc-b-linear-coloc-tl3600.out,,T1,,,,,0,800
pmed,Str1+VI1,Int,ColocOn,Str1+VI1+LocalSearch1,36,5,20,0.8,,OPTIMAL,361.63,586,0,1.49413635589474,,427.423707,10,0,10,1,3187,15947,410.266667,496.051867,t1-pmed36-r5-R20-theta0.8-bbnc-i-e-l-linear-coloc-tl3600.out,,T1,,,,,0,800
pmed,Str1+VI0,Int,ColocOn,Str1+VI0,36,5,20,0.8,,OPTIMAL,264.63,1336,0,1.53859458244791,,427.423707,10,0,10,1,3187,8668,410.266667,496.051867,t1-pmed36-r5-R20-theta0.8-bbnc-i-e-linear-coloc-tl3600.out,,T1,,,,,0,800
pmed,Str0+VI1,Int,ColocOn,Str0+VI1,36,5,20,0.8,,OPTIMAL,473.75,825,0,1.58779447392702,,427.423707,10,0,10,1,3187,16379,410.266667,496.051867,t1-pmed36-r5-R20-theta0.8-bbnc-i-l-linear-coloc-tl3600.out,,T1,,,,,0,800
pmed,Str0+VI0,Int,ColocOn,Str0+VI0,36,5,20,0.8,,OPTIMAL,353.84,1612,0,1.69461915223155,,427.423707,10,0,10,1,3187,9402,410.266667,496.051867,t1-pmed36-r5-R20-theta0.8-bbnc-i-linear-coloc-tl3600.out,,T1,,,,,0,800
pmed,B&C-B,Bin,ColocOn,,36,5,20,0.8,,TIME_LIMIT,3600.03,27384,1.26483803901585,3.34601635292782,,426.056794,10,0,10,1,2566,37799,408.666667,495.617301,t1-pmed36-r5-R20-theta0.8-bnc-b-linear-coloc-tl3600.out,,T1,,,,,0,800
pmed,Str1+VI1,Int,ColocOn,Str1+VI1+LocalSearch1,37,10,25,0.2,,TIME_LIMIT,3600,43196,0.159113062116703,0.235358993501018,,790.374726,80,0,80,1,3191,10669,767.2,796.168407,t1-pmed37-r10-R25-theta0.2-bbnc-i-e-l-linear-coloc-tl3600.out,,T1,,,,,0,800
pmed,Str1+VI0,Int,ColocOn,Str1+VI0,37,10,25,0.2,,TIME_LIMIT,3600,84694,0.191961313202673,0.320342483653683,,790.212079,80,0,80,1,3191,5222,766.866667,796.048433,t1-pmed37-r10-R25-theta0.2-bbnc-i-e-linear-coloc-tl3600.out,,T1,,,,,0,800
pmed,Str0+VI1,Int,ColocOn,Str0+VI1,37,10,25,0.2,,TIME_LIMIT,3600,52651,0.226090964210356,0.329158483998318,,789.937409,80,0,80,1,3191,11439,767.866667,795.455094,t1-pmed37-r10-R25-theta0.2-bbnc-i-l-linear-coloc-tl3600.out,,T1,,,,,0,800
pmed,Str0+VI0,Int,ColocOn,Str0+VI0,37,10,25,0.2,,TIME_LIMIT,3600,59137,0.217665156253813,0.387604681086173,,790.050314,80,0,80,1,3191,4855,766.933333,795.829559,t1-pmed37-r10-R25-theta0.2-bbnc-i-linear-coloc-tl3600.out,,T1,,,,,0,800
pmed,B&C-B,Bin,ColocOn,,37,10,25,0.2,,TIME_LIMIT,3600.04,1782,0.677999068135424,0.704145808143946,,788.5266,80,0,80,1,63587,9529,762.066667,795.141584,t1-pmed37-r10-R25-theta0.2-bnc-b-linear-coloc-tl3600.out,,T1,,,,,0,800
pmed,Str1+VI1,Int,ColocOn,Str1+VI1+LocalSearch1,37,10,25,0.5,,TIME_LIMIT,3600.01,55668,0.0409483275464017,0.141349271283663,,783.426041,80,0,80,1,3191,7647,772.466667,794.385415,t1-pmed37-r10-R25-theta0.5-bbnc-i-e-l-linear-coloc-tl3600.out,,T1,,,,,0,800
pmed,Str1+VI0,Int,ColocOn,Str1+VI0,37,10,25,0.5,,TIME_LIMIT,3600,92259,0.0499726874484698,0.169539240502632,,783.453433,80,0,80,1,3191,3818,772.866667,794.040199,t1-pmed37-r10-R25-theta0.5-bbnc-i-e-linear-coloc-tl3600.out,,T1,,,,,0,800
pmed,Str0+VI1,Int,ColocOn,Str0+VI1,37,10,25,0.5,,TIME_LIMIT,3600.01,103692,0.162917601383727,0.26819970428504,,782.700341,80,0,80,1,3191,8166,772.066667,793.334015,t1-pmed37-r10-R25-theta0.5-bbnc-i-l-linear-coloc-tl3600.out,,T1,,,,,0,800
pmed,Str0+VI0,Int,ColocOn,Str0+VI0,37,10,25,0.5,,TIME_LIMIT,3600,102489,0.188593370785525,0.331143725713822,,782.640225,80,0,80,1,3191,4820,771.666667,793.613784,t1-pmed37-r10-R25-theta0.5-bbnc-i-linear-coloc-tl3600.out,,T1,,,,,0,800
pmed,B&C-B,Bin,ColocOn,,37,10,25,0.5,,TIME_LIMIT,3600.15,6150,0.404289452274222,0.461369049720381,,782.215886,80,0,80,1,63195,9004,771,793.431771,t1-pmed37-r10-R25-theta0.5-bnc-b-linear-coloc-tl3600.out,,T1,,,,,0,800
pmed,Str1+VI1,Int,ColocOn,Str1+VI1+LocalSearch1,37,10,25,0.8,,OPTIMAL,877.41,31525,0,0.0699158023566865,,777.419384,80,0,80,1,3191,4826,773.6,792.696918,t1-pmed37-r10-R25-theta0.8-bbnc-i-e-l-linear-coloc-tl3600.out,,T1,,,,,0,800
pmed,Str1+VI0,Int,ColocOn,Str1+VI0,37,10,25,0.8,,OPTIMAL,261.28,11065,0,0.0799029480325145,,777.419376,80,0,80,1,3191,3195,773.6,792.69688,t1-pmed37-r10-R25-theta0.8-bbnc-i-e-linear-coloc-tl3600.out,,T1,,,,,0,800
pmed,Str0+VI1,Int,ColocOn,Str0+VI1,37,10,25,0.8,,OPTIMAL,442.16,9415,0,0.078939117370903,,777.419384,80,0,80,1,3191,6624,773.6,792.696918,t1-pmed37-r10-R25-theta0.8-bbnc-i-l-linear-coloc-tl3600.out,,T1,,,,,0,800
pmed,Str0+VI0,Int,ColocOn,Str0+VI0,37,10,25,0.8,,OPTIMAL,340.63,15019,0,0.0949860555057697,,777.419376,80,0,80,1,3191,3510,773.6,792.69688,t1-pmed37-r10-R25-theta0.8-bbnc-i-linear-coloc-tl3600.out,,T1,,,,,0,800
pmed,B&C-B,Bin,ColocOn,,37,10,25,0.8,,TIME_LIMIT,3600.04,53848,0.0434144750393134,0.1358200796158,,777.413769,80,0,80,1,3558,6659,773.6,792.668844,t1-pmed37-r10-R25-theta0.8-bnc-b-linear-coloc-tl3600.out,,T1,,,,,0,800
pmed,Str1+VI1,Int,ColocOn,Str1+VI1+LocalSearch1,37,5,20,0.2,,TIME_LIMIT,3600,36980,0.421458824889599,0.626802095806613,,726.474278,80,0,80,1,3185,17916,657.8,743.642847,t1-pmed37-r5-R20-theta0.2-bbnc-i-e-l-linear-coloc-tl3600.out,,T1,,,,,0,800
pmed,Str1+VI0,Int,ColocOn,Str1+VI0,37,5,20,0.2,,TIME_LIMIT,3600.01,57532,0.466674557855186,0.732461403951432,,726.466401,80,0,80,1,3185,8316,658.933333,743.349668,t1-pmed37-r5-R20-theta0.2-bbnc-i-e-linear-coloc-tl3600.out,,T1,,,,,0,800
pmed,Str0+VI1,Int,ColocOn,Str0+VI1,37,5,20,0.2,,TIME_LIMIT,3600,25132,0.625490416521672,0.896588654654713,,725.354706,80,0,80,1,3185,16323,655.533333,742.810049,t1-pmed37-r5-R20-theta0.2-bbnc-i-l-linear-coloc-tl3600.out,,T1,,,,,0,800
pmed,Str0+VI0,Int,ColocOn,Str0+VI0,37,5,20,0.2,,TIME_LIMIT,3600,48021,0.553522776135492,0.967893953005368,,725.966825,80,1,79,2,3185,9003,659.066667,742.691865,t1-pmed37-r5-R20-theta0.2-bbnc-i-linear-coloc-tl3600.out,,T1,,,,,0.0126582278481013,800
pmed,B&C-B,Bin,ColocOn,,37,5,20,0.2,,TIME_LIMIT,3600.05,480,2.83983150194276,2.94693277993909,,724.404104,80,2,78,2,58306,16584,648.533333,743.371797,t1-pmed37-r5-R20-theta0.2-bnc-b-linear-coloc-tl3600.out,,T1,,,,,0.0256410256410256,800
pmed,Str1+VI1,Int,ColocOn,Str1+VI1+LocalSearch1,37,5,20,0.5,,TIME_LIMIT,3600.01,55909,0.12037123767073,0.254762317432455,,704.043682,80,0,80,1,3185,13013,667,741.087364,t1-pmed37-r5-R20-theta0.5-bbnc-i-e-l-linear-coloc-tl3600.out,,T1,,,,,0,800
pmed,Str1+VI0,Int,ColocOn,Str1+VI0,37,5,20,0.5,,TIME_LIMIT,3600,71479,0.122307082764883,0.308261815136281,,704.056712,80,0,80,1,3185,6551,667.933333,740.180091,t1-pmed37-r5-R20-theta0.5-bbnc-i-e-linear-coloc-tl3600.out,,T1,,,,,0,800
pmed,Str0+VI1,Int,ColocOn,Str0+VI1,37,5,20,0.5,,TIME_LIMIT,3600,81941,0.131676144223096,0.273556668712307,,704.13564,80,0,80,1,3185,11766,667.533333,740.737946,t1-pmed37-r5-R20-theta0.5-bbnc-i-l-linear-coloc-tl3600.out,,T1,,,,,0,800
pmed,Str0+VI0,Int,ColocOn,Str0+VI0,37,5,20,0.5,,TIME_LIMIT,3600,69109,0.204141811948475,0.42710151359991,,703.743233,80,0,80,1,3185,7351,667.933333,739.553132,t1-pmed37-r5-R20-theta0.5-bbnc-i-linear-coloc-tl3600.out,,T1,,,,,0,800
pmed,B&C-B,Bin,ColocOn,,37,5,20,0.5,,TIME_LIMIT,3600.07,2276,1.36458335139168,1.49275836030846,,701.991982,80,0,80,1,57487,18375,665.8,738.183963,t1-pmed37-r5-R20-theta0.5-bnc-b-linear-coloc-tl3600.out,,T1,,,,,0,800
pmed,Str1+VI1,Int,ColocOn,Str1+VI1+LocalSearch1,37,5,20,0.8,,OPTIMAL,910.48,32299,0,0.0997042815640277,,683.417993,80,0,80,1,3000,8858,670.4,735.489964,t1-pmed37-r5-R20-theta0.8-bbnc-i-e-l-linear-coloc-tl3600.out,,T1,,,,,0,800
pmed,Str1+VI0,Int,ColocOn,Str1+VI0,37,5,20,0.8,,OPTIMAL,2725.22,122793,0,0.120958916573325,,683.417993,80,0,80,1,3001,6314,670.4,735.489964,t1-pmed37-r5-R20-theta0.8-bbnc-i-e-linear-coloc-tl3600.out,,T1,,,,,0,800
pmed,Str0+VI1,Int,ColocOn,Str0+VI1,37,5,20,0.8,,OPTIMAL,1960.95,81674,0,0.10557609067807,,683.417993,80,0,80,1,2985,9060,670.4,735.489964,t1-pmed37-r5-R20-theta0.8-bbnc-i-l-linear-coloc-tl3600.out,,T1,,,,,0,800
pmed,Str0+VI0,Int,ColocOn,Str0+VI0,37,5,20,0.8,,OPTIMAL,3014.23,115458,0,0.136571031134677,,683.417993,80,0,80,1,3068,6524,670.4,735.489964,t1-pmed37-r5-R20-theta0.8-bbnc-i-linear-coloc-tl3600.out,,T1,,,,,0,800
pmed,B&C-B,Bin,ColocOn,,37,5,20,0.8,,TIME_LIMIT,3600.09,9471,0.269146026952287,0.444415882110992,,682.997418,80,0,80,1,56341,16066,669.666667,736.320421,t1-pmed37-r5-R20-theta0.8-bnc-b-linear-coloc-tl3600.out,,T1,,,,,0,800
pmed,Str1+VI1,Int,ColocOn,Str1+VI1+LocalSearch1,38,10,25,0.2,,OPTIMAL,1045.21,2166,0,1.04899220210069,,788.212151,5,0,5,1,2445,18678,701.933333,809.781855,t1-pmed38-r10-R25-theta0.2-bbnc-i-e-l-linear-coloc-tl3600.out,,T1,,,,,0,900
pmed,Str1+VI0,Int,ColocOn,Str1+VI0,38,10,25,0.2,,OPTIMAL,670.99,2847,0,1.17341175066459,,788.212151,5,0,5,1,3594,8482,701.933333,809.781855,t1-pmed38-r10-R25-theta0.2-bbnc-i-e-linear-coloc-tl3600.out,,T1,,,,,0,900
pmed,Str0+VI1,Int,ColocOn,Str0+VI1,38,10,25,0.2,,OPTIMAL,2307.36,6754,0,1.1990471078135,,788.212151,5,0,5,1,2544,22430,701.933333,809.781855,t1-pmed38-r10-R25-theta0.2-bbnc-i-l-linear-coloc-tl3600.out,,T1,,,,,0,900
pmed,Str0+VI0,Int,ColocOn,Str0+VI0,38,10,25,0.2,,OPTIMAL,994.21,6826,0,1.23688552474499,,788.212151,5,0,5,1,2678,10654,701.933333,809.781855,t1-pmed38-r10-R25-theta0.2-bbnc-i-linear-coloc-tl3600.out,,T1,,,,,0,900
pmed,B&C-B,Bin,ColocOn,,38,10,25,0.2,,TIME_LIMIT,3600.85,2676,4.12058008920044,4.58165194999732,,785.637569,5,0,5,1,6015,54675,695.866667,808.080295,t1-pmed38-r10-R25-theta0.2-bnc-b-linear-coloc-tl3600.out,,T1,,,,,0,900
pmed,Str1+VI1,Int,ColocOn,Str1+VI1+LocalSearch1,38,10,25,0.5,,OPTIMAL,269.79,531,0,1.0342252379355,,755.857594,5,0,5,1,2376,11026,701.933333,809.781855,t1-pmed38-r10-R25-theta0.5-bbnc-i-e-l-linear-coloc-tl3600.out,,T1,,,,,0,900
pmed,Str1+VI0,Int,ColocOn,Str1+VI0,38,10,25,0.5,,OPTIMAL,104.22,502,0,1.07957584401805,,755.857594,5,0,5,1,2250,8161,701.933333,809.781855,t1-pmed38-r10-R25-theta0.5-bbnc-i-e-linear-coloc-tl3600.out,,T1,,,,,0,900
pmed,Str0+VI1,Int,ColocOn,Str0+VI1,38,10,25,0.5,,OPTIMAL,259.98,417,0,1.07080633498273,,755.857594,5,0,5,1,2327,11487,701.933333,809.781855,t1-pmed38-r10-R25-theta0.5-bbnc-i-l-linear-coloc-tl3600.out,,T1,,,,,0,900
pmed,Str0+VI0,Int,ColocOn,Str0+VI0,38,10,25,0.5,,OPTIMAL,282.51,1127,0,1.17587744974089,,755.857594,5,0,5,1,3594,7872,701.933333,809.781855,t1-pmed38-r10-R25-theta0.5-bbnc-i-linear-coloc-tl3600.out,,T1,,,,,0,900
pmed,B&C-B,Bin,ColocOn,,38,10,25,0.5,,TIME_LIMIT,3600.05,6069,2.32264699758968,3.4193631267446,,753.694359,5,0,5,1,4288,49225,698.2,809.188718,t1-pmed38-r10-R25-theta0.5-bnc-b-linear-coloc-tl3600.out,,T1,,,,,0,900
pmed,Str1+VI1,Int,ColocOn,Str1+VI1+LocalSearch1,38,10,25,0.8,,OPTIMAL,173.37,251,0,1.13373138317078,,723.503038,5,0,5,1,2461,9472,701.933333,809.781855,t1-pmed38-r10-R25-theta0.8-bbnc-i-e-l-linear-coloc-tl3600.out,,T1,,,,,0,900
pmed,Str1+VI0,Int,ColocOn,Str1+VI0,38,10,25,0.8,,OPTIMAL,45.95,184,0,1.17616244204355,,723.503038,5,0,5,1,2461,6859,701.933333,809.781855,t1-pmed38-r10-R25-theta0.8-bbnc-i-e-linear-coloc-tl3600.out,,T1,,,,,0,900
pmed,Str0+VI1,Int,ColocOn,Str0+VI1,38,10,25,0.8,,OPTIMAL,156.04,239,0,1.17118706556144,,723.503038,5,0,5,1,2453,9097,701.933333,809.781855,t1-pmed38-r10-R25-theta0.8-bbnc-i-l-linear-coloc-tl3600.out,,T1,,,,,0,900
pmed,Str0+VI0,Int,ColocOn,Str0+VI0,38,10,25,0.8,,OPTIMAL,75.59,279,0,1.17455498507528,,723.503038,5,0,5,1,2454,7473,701.933333,809.781855,t1-pmed38-r10-R25-theta0.8-bbnc-i-linear-coloc-tl3600.out,,T1,,,,,0,900
pmed,B&C-B,Bin,ColocOn,,38,10,25,0.8,,OPTIMAL,1185.4,1376,0,1.96734433062603,,723.503038,5,0,5,1,2751,32076,701.933333,809.781855,t1-pmed38-r10-R25-theta0.8-bnc-b-linear-coloc-tl3600.out,,T1,,,,,0,900
pmed,Str1+VI1,Int,ColocOn,Str1+VI1+LocalSearch1,38,5,20,0.2,,OPTIMAL,232.54,383,0,2.05272043129057,,563.034051,5,0,5,1,2293,19304,465,587.542563,t1-pmed38-r5-R20-theta0.2-bbnc-i-e-l-linear-coloc-tl3600.out,,T1,,,,,0,900
pmed,Str1+VI0,Int,ColocOn,Str1+VI0,38,5,20,0.2,,OPTIMAL,219.37,1319,0,2.24347994185525,,563.034051,5,0,5,1,2365,9290,465,587.542563,t1-pmed38-r5-R20-theta0.2-bbnc-i-e-linear-coloc-tl3600.out,,T1,,,,,0,900
pmed,Str0+VI1,Int,ColocOn,Str0+VI1,38,5,20,0.2,,OPTIMAL,376.26,492,0,2.19411898411097,,563.034051,5,0,5,1,2292,20507,465,587.542563,t1-pmed38-r5-R20-theta0.2-bbnc-i-l-linear-coloc-tl3600.out,,T1,,,,,0,900
pmed,Str0+VI0,Int,ColocOn,Str0+VI0,38,5,20,0.2,,OPTIMAL,445.38,2818,0,2.78580930800578,,563.034051,5,0,5,1,2270,12012,465,587.542563,t1-pmed38-r5-R20-theta0.2-bbnc-i-linear-coloc-tl3600.out,,T1,,,,,0,900
pmed,B&C-B,Bin,ColocOn,,38,5,20,0.2,,TIME_LIMIT,3600.07,3320,8.05375339575539,10.5580657842389,,561.875103,5,0,5,1,4870,68651,464.466667,586.227212,t1-pmed38-r5-R20-theta0.2-bnc-b-linear-coloc-tl3600.out,,T1,,,,,0,900
pmed,Str1+VI1,Int,ColocOn,Str1+VI1+LocalSearch1,38,5,20,0.5,,OPTIMAL,120.65,247,0,2.04735624614261,,526.269965,5,0,5,1,2181,11956,466.2,586.33993,t1-pmed38-r5-R20-theta0.5-bbnc-i-e-l-linear-coloc-tl3600.out,,T1,,,,,0,900
pmed,Str1+VI0,Int,ColocOn,Str1+VI0,38,5,20,0.5,,OPTIMAL,89.24,391,0,1.96881748147526,,526.271282,5,0,5,1,2232,8599,465,587.542563,t1-pmed38-r5-R20-theta0.5-bbnc-i-e-linear-coloc-tl3600.out,,T1,,,,,0,900
pmed,Str0+VI1,Int,ColocOn,Str0+VI1,38,5,20,0.5,,OPTIMAL,114.11,250,0,1.91054129414359,,526.269965,5,0,5,1,2254,13148,466.2,586.33993,t1-pmed38-r5-R20-theta0.5-bbnc-i-l-linear-coloc-tl3600.out,,T1,,,,,0,900
pmed,Str0+VI0,Int,ColocOn,Str0+VI0,38,5,20,0.5,,OPTIMAL,81.47,379,0,2.00059868512542,,526.269965,5,0,5,1,2274,8352,466.2,586.33993,t1-pmed38-r5-R20-theta0.5-bbnc-i-linear-coloc-tl3600.out,,T1,,,,,0,900
pmed,B&C-B,Bin,ColocOn,,38,5,20,0.5,,TIME_LIMIT,3600.04,4361,4.14855280712563,7.29610859782765,,526.064593,5,0,5,1,3102,94741,466.866667,585.26252,t1-pmed38-r5-R20-theta0.5-bnc-b-linear-coloc-tl3600.out,,T1,,,,,0,900
pmed,Str1+VI1,Int,ColocOn,Str1+VI1+LocalSearch1,38,5,20,0.8,,OPTIMAL,83.77,106,0,1.49028571660525,,490.736301,5,0,5,1,2302,12918,467.466667,583.814839,t1-pmed38-r5-R20-theta0.8-bbnc-i-e-l-linear-coloc-tl3600.out,,T1,,,,,0,900
pmed,Str1+VI0,Int,ColocOn,Str1+VI0,38,5,20,0.8,,OPTIMAL,47.9,125,0,1.49752789533293,,490.736301,5,0,5,1,2314,9107,467.466667,583.814839,t1-pmed38-r5-R20-theta0.8-bbnc-i-e-linear-coloc-tl3600.out,,T1,,,,,0,900
pmed,Str0+VI1,Int,ColocOn,Str0+VI1,38,5,20,0.8,,OPTIMAL,82.05,112,0,1.54960535515794,,490.736301,5,0,5,1,2288,12837,467.466667,583.814839,t1-pmed38-r5-R20-theta0.8-bbnc-i-l-linear-coloc-tl3600.out,,T1,,,,,0,900
pmed,Str0+VI0,Int,ColocOn,Str0+VI0,38,5,20,0.8,,OPTIMAL,43.75,123,0,1.5800004980679,,490.736301,5,0,5,1,2299,8749,467.466667,583.814839,t1-pmed38-r5-R20-theta0.8-bbnc-i-linear-coloc-tl3600.out,,T1,,,,,0,900
pmed,B&C-B,Bin,ColocOn,,38,5,20,0.8,,OPTIMAL,411.34,475,0,3.75545663983801,,490.736301,5,0,5,1,2762,26287,467.466667,583.814839,t1-pmed38-r5-R20-theta0.8-bnc-b-linear-coloc-tl3600.out,,T1,,,,,0,900
pmed,Str1+VI1,Int,ColocOn,Str1+VI1+LocalSearch1,39,10,25,0.2,,TIME_LIMIT,3600,40926,0.126975969633331,0.472689827313997,,841.039043,10,0,10,1,2966,10076,768.333333,859.215471,t1-pmed39-r10-R25-theta0.2-bbnc-i-e-l-linear-coloc-tl3600.out,,T1,,,,,0,900
pmed,Str1+VI0,Int,ColocOn,Str1+VI0,39,10,25,0.2,,TIME_LIMIT,3600,37157,0.129221772348198,0.503381387016066,,841.039043,10,0,10,1,3050,7927,768.333333,859.215471,t1-pmed39-r10-R25-theta0.2-bbnc-i-e-linear-coloc-tl3600.out,,T1,,,,,0,900
pmed,Str0+VI1,Int,ColocOn,Str0+VI1,39,10,25,0.2,,TIME_LIMIT,3600.02,49135,0.220225859722054,0.526399565865387,,840.859926,10,0,10,1,3087,10797,763.333333,860.241574,t1-pmed39-r10-R25-theta0.2-bbnc-i-l-linear-coloc-tl3600.out,,T1,,,,,0,900
pmed,Str0+VI0,Int,ColocOn,Str0+VI0,39,10,25,0.2,,TIME_LIMIT,3600.02,79742,0.159414111181635,0.500122739090245,,841.150116,10,0,10,1,2914,8904,767.933333,859.454312,t1-pmed39-r10-R25-theta0.2-bbnc-i-linear-coloc-tl3600.out,,T1,,,,,0,900
pmed,B&C-B,Bin,ColocOn,,39,10,25,0.2,,TIME_LIMIT,3600.77,3529,1.76908660707113,1.99771159084686,,840.001884,10,0,10,1,10515,34011,764.866667,858.785688,t1-pmed39-r10-R25-theta0.2-bnc-b-linear-coloc-tl3600.out,,T1,,,,,0,900
pmed,Str1+VI1,Int,ColocOn,Str1+VI1+LocalSearch1,39,10,25,0.5,,TIME_LIMIT,3600,23590,0.183446929728123,0.707995657006691,,813.657251,10,0,10,1,3283,9851,768.4,858.914502,t1-pmed39-r10-R25-theta0.5-bbnc-i-e-l-linear-coloc-tl3600.out,,T1,,,,,0,900
pmed,Str1+VI0,Int,ColocOn,Str1+VI0,39,10,25,0.5,,TIME_LIMIT,3600.03,21270,0.22902205747818,0.700017527570585,,813.695197,10,0,10,1,3270,8891,768.6,858.790394,t1-pmed39-r10-R25-theta0.5-bbnc-i-e-linear-coloc-tl3600.out,,T1,,,,,0,900
pmed,Str0+VI1,Int,ColocOn,Str0+VI1,39,10,25,0.5,,TIME_LIMIT,3600.01,23313,0.12579941812176,0.689662092649501,,813.70559,10,0,10,1,3310,9380,769.066667,858.344513,t1-pmed39-r10-R25-theta0.5-bbnc-i-l-linear-coloc-tl3600.out,,T1,,,,,0,900
pmed,Str0+VI0,Int,ColocOn,Str0+VI0,39,10,25,0.5,,TIME_LIMIT,3600,29364,0.190299363456138,0.709967969514644,,813.623325,10,0,10,1,3327,7683,769.066667,858.179983,t1-pmed39-r10-R25-theta0.5-bbnc-i-linear-coloc-tl3600.out,,T1,,,,,0,900
pmed,B&C-B,Bin,ColocOn,,39,10,25,0.5,,TIME_LIMIT,3600.1,8300,1.24312628645306,1.728405819343,,812.333009,10,0,10,1,10411,28321,767.266667,857.399351,t1-pmed39-r10-R25-theta0.5-bnc-b-linear-coloc-tl3600.out,,T1,,,,,0,900
pmed,Str1+VI1,Int,ColocOn,Str1+VI1+LocalSearch1,39,10,25,0.8,,OPTIMAL,2876.5,23455,0,0.823377842322437,,787.655274,10,0,10,1,3209,8703,770.333333,856.943035,t1-pmed39-r10-R25-theta0.8-bbnc-i-e-l-linear-coloc-tl3600.out,,T1,,,,,0,900
pmed,Str1+VI0,Int,ColocOn,Str1+VI0,39,10,25,0.8,,TIME_LIMIT,3600,32880,0.292486720530804,0.834205929534609,,787.655274,10,0,10,1,3195,8672,770.333333,856.943035,t1-pmed39-r10-R25-theta0.8-bbnc-i-e-linear-coloc-tl3600.out,,T1,,,,,0,900
pmed,Str0+VI1,Int,ColocOn,Str0+VI1,39,10,25,0.8,,OPTIMAL,2028.91,14130,0,0.833779093060454,,787.655274,10,0,10,1,3215,8751,770.333333,856.943035,t1-pmed39-r10-R25-theta0.8-bbnc-i-l-linear-coloc-tl3600.out,,T1,,,,,0,900
pmed,Str0+VI0,Int,ColocOn,Str0+VI0,39,10,25,0.8,,TIME_LIMIT,3600,31694,0.321771857156764,0.87263731140544,,787.414761,10,0,10,1,3202,8809,769.933333,857.340472,t1-pmed39-r10-R25-theta0.8-bbnc-i-linear-coloc-tl3600.out,,T1,,,,,0,900
pmed,B&C-B,Bin,ColocOn,,39,10,25,0.8,,TIME_LIMIT,3600.01,30662,0.631341429627001,1.24502849344267,,787.245517,10,0,10,1,3168,22720,769.866667,856.760917,t1-pmed39-r10-R25-theta0.8-bnc-b-linear-coloc-tl3600.out,,T1,,,,,0,900
pmed,Str1+VI1,Int,ColocOn,Str1+VI1+LocalSearch1,39,5,20,0.2,,OPTIMAL,1248.72,7630,0,0.913989620642628,,682.84189,10,0,10,1,2375,19782,562.466667,712.935696,t1-pmed39-r5-R20-theta0.2-bbnc-i-e-l-linear-coloc-tl3600.out,,T1,,,,,0,900
pmed,Str1+VI0,Int,ColocOn,Str1+VI0,39,5,20,0.2,,OPTIMAL,1832.8,23974,0,1.08696055539298,,682.84189,10,0,10,1,2377,12217,562.466667,712.935696,t1-pmed39-r5-R20-theta0.2-bbnc-i-e-linear-coloc-tl3600.out,,T1,,,,,0,900
pmed,Str0+VI1,Int,ColocOn,Str0+VI1,39,5,20,0.2,,OPTIMAL,1922.24,15179,0,1.01953660165752,,682.84189,10,0,10,1,2532,19462,562.466667,712.935696,t1-pmed39-r5-R20-theta0.2-bbnc-i-l-linear-coloc-tl3600.out,,T1,,,,,0,900
pmed,Str0+VI0,Int,ColocOn,Str0+VI0,39,5,20,0.2,,OPTIMAL,2007.56,25598,0,1.14992754764942,,682.84189,10,0,10,1,2421,12627,562.466667,712.935696,t1-pmed39-r5-R20-theta0.2-bbnc-i-linear-coloc-tl3600.out,,T1,,,,,0,900
pmed,B&C-B,Bin,ColocOn,,39,5,20,0.2,,TIME_LIMIT,3600.08,2199,5.69474487275825,6.38625643642845,,682.763939,10,0,10,1,9461,52258,561.733333,713.02159,t1-pmed39-r5-R20-theta0.2-bnc-b-linear-coloc-tl3600.out,,T1,,,,,0,900
pmed,Str1+VI1,Int,ColocOn,Str1+VI1+LocalSearch1,39,5,20,0.5,,OPTIMAL,127.87,286,0,0.661534763568205,,637.701181,10,0,10,1,2393,9094,562.466667,712.935696,t1-pmed39-r5-R20-theta0.5-bbnc-i-e-l-linear-coloc-tl3600.out,,T1,,,,,0,900
pmed,Str1+VI0,Int,ColocOn,Str1+VI0,39,5,20,0.5,,OPTIMAL,83.85,505,0,0.671035451634195,,637.701181,10,0,10,1,2408,7098,562.466667,712.935696,t1-pmed39-r5-R20-theta0.5-bbnc-i-e-linear-coloc-tl3600.out,,T1,,,,,0,900
pmed,Str0+VI1,Int,ColocOn,Str0+VI1,39,5,20,0.5,,OPTIMAL,150.1,336,0,0.651539329672333,,637.701181,10,0,10,1,2423,9519,562.466667,712.935696,t1-pmed39-r5-R20-theta0.5-bbnc-i-l-linear-coloc-tl3600.out,,T1,,,,,0,900
pmed,Str0+VI0,Int,ColocOn,Str0+VI0,39,5,20,0.5,,OPTIMAL,92.99,627,0,0.715781174004122,,637.701181,10,0,10,1,2449,7263,562.466667,712.935696,t1-pmed39-r5-R20-theta0.5-bbnc-i-linear-coloc-tl3600.out,,T1,,,,,0,900
pmed,B&C-B,Bin,ColocOn,,39,5,20,0.5,,TIME_LIMIT,3600.09,4059,2.92929542212383,4.28641764556149,,637.377462,10,0,10,1,9459,46483,561.733333,713.02159,t1-pmed39-r5-R20-theta0.5-bnc-b-linear-coloc-tl3600.out,,T1,,,,,0,900
pmed,Str1+VI1,Int,ColocOn,Str1+VI1+LocalSearch1,39,5,20,0.8,,OPTIMAL,116.18,187,0,0.680289724084054,,592.560472,10,0,10,1,2505,11663,562.466667,712.935696,t1-pmed39-r5-R20-theta0.8-bbnc-i-e-l-linear-coloc-tl3600.out,,T1,,,,,0,900
pmed,Str1+VI0,Int,ColocOn,Str1+VI0,39,5,20,0.8,,OPTIMAL,59.9,216,0,0.727693493534269,,592.560472,10,0,10,1,3596,7613,562.466667,712.935696,t1-pmed39-r5-R20-theta0.8-bbnc-i-e-linear-coloc-tl3600.out,,T1,,,,,0,900
pmed,Str0+VI1,Int,ColocOn,Str0+VI1,39,5,20,0.8,,OPTIMAL,95.86,163,0,0.716407725556147,,592.560472,10,0,10,1,3596,9524,562.466667,712.935696,t1-pmed39-r5-R20-theta0.8-bbnc-i-l-linear-coloc-tl3600.out,,T1,,,,,0,900
pmed,Str0+VI0,Int,ColocOn,Str0+VI0,39,5,20,0.8,,OPTIMAL,64.7,211,0,0.728232003973422,,592.560472,10,0,10,1,3596,8010,562.466667,712.935696,t1-pmed39-r5-R20-theta0.8-bbnc-i-linear-coloc-tl3600.out,,T1,,,,,0,900
pmed,B&C-B,Bin,ColocOn,,39,5,20,0.8,,TIME_LIMIT,3600.01,12775,0.854967974308728,2.11376721733137,,592.560472,10,0,10,1,2859,45270,562.466667,712.935696,t1-pmed39-r5-R20-theta0.8-bnc-b-linear-coloc-tl3600.out,,T1,,,,,0,900
pmed,Str1+VI1,Int,ColocOn,Str1+VI1+LocalSearch1,4,10,25,0.2,,OPTIMAL,0.02,0,0,0,,43.555556,20,0,20,1,335,287,43.466667,43.577778,t1-pmed4-r10-R25-theta0.2-bbnc-i-e-l-linear-coloc-tl3600.out,,T1,,,,,0,100
pmed,Str1+VI0,Int,ColocOn,Str1+VI0,4,10,25,0.2,,OPTIMAL,0.03,0,0,0,,43.555556,20,0,20,1,335,260,43.466667,43.577778,t1-pmed4-r10-R25-theta0.2-bbnc-i-e-linear-coloc-tl3600.out,,T1,,,,,0,100
pmed,Str0+VI1,Int,ColocOn,Str0+VI1,4,10,25,0.2,,OPTIMAL,0.03,0,0,0,,43.555556,20,0,20,1,335,312,43.466667,43.577778,t1-pmed4-r10-R25-theta0.2-bbnc-i-l-linear-coloc-tl3600.out,,T1,,,,,0,100
pmed,Str0+VI0,Int,ColocOn,Str0+VI0,4,10,25,0.2,,OPTIMAL,0.03,0,0,0,,43.555556,20,0,20,1,335,256,43.466667,43.577778,t1-pmed4-r10-R25-theta0.2-bbnc-i-linear-coloc-tl3600.out,,T1,,,,,0,100
pmed,B&C-B,Bin,ColocOn,,4,10,25,0.2,,OPTIMAL,0.03,0,0,0,,43.555556,20,0,20,1,440,244,43.466667,43.577778,t1-pmed4-r10-R25-theta0.2-bnc-b-linear-coloc-tl3600.out,,T1,,,,,0,100
pmed,Str1+VI1,Int,ColocOn,Str1+VI1+LocalSearch1,4,10,25,0.5,,OPTIMAL,0.01,0,0,0,,43.522222,20,0,20,1,335,274,43.466667,43.577778,t1-pmed4-r10-R25-theta0.5-bbnc-i-e-l-linear-coloc-tl3600.out,,T1,,,,,0,100
pmed,Str1+VI0,Int,ColocOn,Str1+VI0,4,10,25,0.5,,OPTIMAL,0.02,0,0,0,,43.522222,20,0,20,1,335,250,43.466667,43.577778,t1-pmed4-r10-R25-theta0.5-bbnc-i-e-linear-coloc-tl3600.out,,T1,,,,,0,100
pmed,Str0+VI1,Int,ColocOn,Str0+VI1,4,10,25,0.5,,OPTIMAL,0.02,0,0,0,,43.522222,20,0,20,1,335,289,43.466667,43.577778,t1-pmed4-r10-R25-theta0.5-bbnc-i-l-linear-coloc-tl3600.out,,T1,,,,,0,100
pmed,Str0+VI0,Int,ColocOn,Str0+VI0,4,10,25,0.5,,OPTIMAL,0.02,0,0,0,,43.522222,20,0,20,1,335,253,43.466667,43.577778,t1-pmed4-r10-R25-theta0.5-bbnc-i-linear-coloc-tl3600.out,,T1,,,,,0,100
pmed,B&C-B,Bin,ColocOn,,4,10,25,0.5,,OPTIMAL,0.03,0,0,0,,43.522222,20,0,20,1,440,253,43.466667,43.577778,t1-pmed4-r10-R25-theta0.5-bnc-b-linear-coloc-tl3600.out,,T1,,,,,0,100
pmed,Str1+VI1,Int,ColocOn,Str1+VI1+LocalSearch1,4,10,25,0.8,,OPTIMAL,0.02,0,0,0,,43.488889,20,0,20,1,335,263,43.466667,43.577778,t1-pmed4-r10-R25-theta0.8-bbnc-i-e-l-linear-coloc-tl3600.out,,T1,,,,,0,100
pmed,Str1+VI0,Int,ColocOn,Str1+VI0,4,10,25,0.8,,OPTIMAL,0.02,0,0,0,,43.488889,20,0,20,1,335,248,43.466667,43.577778,t1-pmed4-r10-R25-theta0.8-bbnc-i-e-linear-coloc-tl3600.out,,T1,,,,,0,100
pmed,Str0+VI1,Int,ColocOn,Str0+VI1,4,10,25,0.8,,OPTIMAL,0.02,0,0,0,,43.488889,20,0,20,1,335,280,43.466667,43.577778,t1-pmed4-r10-R25-theta0.8-bbnc-i-l-linear-coloc-tl3600.out,,T1,,,,,0,100
pmed,Str0+VI0,Int,ColocOn,Str0+VI0,4,10,25,0.8,,OPTIMAL,0.02,0,0,0,,43.488889,20,0,20,1,335,251,43.466667,43.577778,t1-pmed4-r10-R25-theta0.8-bbnc-i-linear-coloc-tl3600.out,,T1,,,,,0,100
pmed,B&C-B,Bin,ColocOn,,4,10,25,0.8,,OPTIMAL,0.06,0,0,0,,43.488889,20,0,20,1,438,250,43.466667,43.577778,t1-pmed4-r10-R25-theta0.8-bnc-b-linear-coloc-tl3600.out,,T1,,,,,0,100
pmed,Str1+VI1,Int,ColocOn,Str1+VI1+LocalSearch1,4,5,20,0.2,,OPTIMAL,0.03,0,0,0,,35.432,20,0,20,1,340,340,35.4,35.44,t1-pmed4-r5-R20-theta0.2-bbnc-i-e-l-linear-coloc-tl3600.out,,T1,,,,,0,100
pmed,Str1+VI0,Int,ColocOn,Str1+VI0,4,5,20,0.2,,OPTIMAL,0.06,4,0,0.018088168886876,,35.432,20,0,20,1,340,291,35.4,35.44,t1-pmed4-r5-R20-theta0.2-bbnc-i-e-linear-coloc-tl3600.out,,T1,,,,,0,100
pmed,Str0+VI1,Int,ColocOn,Str0+VI1,4,5,20,0.2,,OPTIMAL,0.04,1,0,0,,35.432,20,0,20,1,340,383,35.4,35.44,t1-pmed4-r5-R20-theta0.2-bbnc-i-l-linear-coloc-tl3600.out,,T1,,,,,0,100
pmed,Str0+VI0,Int,ColocOn,Str0+VI0,4,5,20,0.2,,OPTIMAL,0.04,3,0,0,,35.432,20,0,20,1,340,295,35.4,35.44,t1-pmed4-r5-R20-theta0.2-bbnc-i-linear-coloc-tl3600.out,,T1,,,,,0,100
pmed,B&C-B,Bin,ColocOn,,4,5,20,0.2,,OPTIMAL,0.03,0,0,0,,35.432,20,0,20,1,452,340,35.4,35.44,t1-pmed4-r5-R20-theta0.2-bnc-b-linear-coloc-tl3600.out,,T1,,,,,0,100
pmed,Str1+VI1,Int,ColocOn,Str1+VI1+LocalSearch1,4,5,20,0.5,,OPTIMAL,0.03,0,0,0,,35.42,20,0,20,1,340,315,35.4,35.44,t1-pmed4-r5-R20-theta0.5-bbnc-i-e-l-linear-coloc-tl3600.out,,T1,,,,,0,100
pmed,Str1+VI0,Int,ColocOn,Str1+VI0,4,5,20,0.5,,OPTIMAL,0.05,0,0,0,,35.42,20,0,20,1,340,293,35.4,35.44,t1-pmed4-r5-R20-theta0.5-bbnc-i-e-linear-coloc-tl3600.out,,T1,,,,,0,100
pmed,Str0+VI1,Int,ColocOn,Str0+VI1,4,5,20,0.5,,OPTIMAL,0.03,1,0,0,,35.42,20,0,20,1,340,341,35.4,35.44,t1-pmed4-r5-R20-theta0.5-bbnc-i-l-linear-coloc-tl3600.out,,T1,,,,,0,100
pmed,Str0+VI0,Int,ColocOn,Str0+VI0,4,5,20,0.5,,OPTIMAL,0.03,1,0,0,,35.42,20,0,20,1,340,295,35.4,35.44,t1-pmed4-r5-R20-theta0.5-bbnc-i-linear-coloc-tl3600.out,,T1,,,,,0,100
pmed,B&C-B,Bin,ColocOn,,4,5,20,0.5,,OPTIMAL,0.05,0,0,0,,35.42,20,0,20,1,439,340,35.4,35.44,t1-pmed4-r5-R20-theta0.5-bnc-b-linear-coloc-tl3600.out,,T1,,,,,0,100
pmed,Str1+VI1,Int,ColocOn,Str1+VI1+LocalSearch1,4,5,20,0.8,,OPTIMAL,0.02,0,0,0,,35.408,20,0,20,1,340,290,35.4,35.44,t1-pmed4-r5-R20-theta0.8-bbnc-i-e-l-linear-coloc-tl3600.out,,T1,,,,,0,100
pmed,Str1+VI0,Int,ColocOn,Str1+VI0,4,5,20,0.8,,OPTIMAL,0.02,0,0,0,,35.408,20,0,20,1,340,279,35.4,35.44,t1-pmed4-r5-R20-theta0.8-bbnc-i-e-linear-coloc-tl3600.out,,T1,,,,,0,100
pmed,Str0+VI1,Int,ColocOn,Str0+VI1,4,5,20,0.8,,OPTIMAL,0.02,0,0,0,,35.408,20,0,20,1,340,299,35.4,35.44,t1-pmed4-r5-R20-theta0.8-bbnc-i-l-linear-coloc-tl3600.out,,T1,,,,,0,100
pmed,Str0+VI0,Int,ColocOn,Str0+VI0,4,5,20,0.8,,OPTIMAL,0.03,1,0,0,,35.408,20,0,20,1,340,268,35.4,35.44,t1-pmed4-r5-R20-theta0.8-bbnc-i-linear-coloc-tl3600.out,,T1,,,,,0,100
pmed,B&C-B,Bin,ColocOn,,4,5,20,0.8,,OPTIMAL,0.07,0,0,0,,35.408,20,0,20,1,438,340,35.4,35.44,t1-pmed4-r5-R20-theta0.8-bnc-b-linear-coloc-tl3600.out,,T1,,,,,0,100
pmed,Str1+VI1,Int,ColocOn,Str1+VI1+LocalSearch1,40,10,25,0.2,,TIME_LIMIT,3600.01,94872,0.0200270958340769,0.0457886553493507,,897.047526,90,0,90,1,3596,4593,886.6,899.659407,t1-pmed40-r10-R25-theta0.2-bbnc-i-e-l-linear-coloc-tl3600.out,,T1,,,,,0,900
pmed,Str1+VI0,Int,ColocOn,Str1+VI0,40,10,25,0.2,,TIME_LIMIT,3600,117958,0.0248304679080348,0.0518603846871699,,897.04888,90,0,90,1,3596,2763,886.666667,899.644434,t1-pmed40-r10-R25-theta0.2-bbnc-i-e-linear-coloc-tl3600.out,,T1,,,,,0,900
pmed,Str0+VI1,Int,ColocOn,Str0+VI1,40,10,25,0.2,,TIME_LIMIT,3600,92648,0.0252901606799556,0.0501980493649204,,897.02888,90,0,90,1,3596,5106,886.266667,899.719433,t1-pmed40-r10-R25-theta0.2-bbnc-i-l-linear-coloc-tl3600.out,,T1,,,,,0,900
pmed,Str0+VI0,Int,ColocOn,Str0+VI0,40,10,25,0.2,,TIME_LIMIT,3600,130576,0.0335959756750283,0.0625717709361379,,896.969978,90,0,90,1,3596,2883,886.2,899.662472,t1-pmed40-r10-R25-theta0.2-bbnc-i-linear-coloc-tl3600.out,,T1,,,,,0,900
pmed,B&C-B,Bin,ColocOn,,40,10,25,0.2,,TIME_LIMIT,3600.35,8510,0.0524348144693467,0.0644232931326512,,897.006303,90,0,90,1,80951,5581,886.466667,899.641213,t1-pmed40-r10-R25-theta0.2-bnc-b-linear-coloc-tl3600.out,,T1,,,,,0,900
pmed,Str1+VI1,Int,ColocOn,Str1+VI1+LocalSearch1,40,10,25,0.5,,OPTIMAL,2316.98,72689,0,0.0556781293765818,,893.375919,90,0,90,1,3596,4291,887.333333,899.418504,t1-pmed40-r10-R25-theta0.5-bbnc-i-e-l-linear-coloc-tl3600.out,,T1,,,,,0,900
pmed,Str1+VI0,Int,ColocOn,Str1+VI0,40,10,25,0.5,,TIME_LIMIT,3600,153682,0.0238271447552908,0.0625527677839767,,893.311391,90,0,90,1,3596,2683,887.2,899.422782,t1-pmed40-r10-R25-theta0.5-bbnc-i-e-linear-coloc-tl3600.out,,T1,,,,,0,900
pmed,Str0+VI1,Int,ColocOn,Str0+VI1,40,10,25,0.5,,TIME_LIMIT,3600,120871,0.00580351807034171,0.0613788105748919,,893.366937,90,0,90,1,3596,4602,887.333333,899.400541,t1-pmed40-r10-R25-theta0.5-bbnc-i-l-linear-coloc-tl3600.out,,T1,,,,,0,900
pmed,Str0+VI0,Int,ColocOn,Str0+VI0,40,10,25,0.5,,TIME_LIMIT,3600.01,170882,0.00909763778771364,0.0679715811000744,,893.343939,90,0,90,1,3596,2685,887.4,899.287878,t1-pmed40-r10-R25-theta0.5-bbnc-i-linear-coloc-tl3600.out,,T1,,,,,0,900
pmed,B&C-B,Bin,ColocOn,,40,10,25,0.5,,TIME_LIMIT,3600.05,22440,0.0527549177239245,0.0843725187990118,,893.22923,90,0,90,1,66755,5002,887.266667,899.191793,t1-pmed40-r10-R25-theta0.5-bnc-b-linear-coloc-tl3600.out,,T1,,,,,0,900
pmed,Str1+VI1,Int,ColocOn,Str1+VI1+LocalSearch1,40,10,25,0.8,,OPTIMAL,269.17,6366,0,0.0548862682920642,,889.914755,90,0,90,1,3596,3291,887.666667,898.907108,t1-pmed40-r10-R25-theta0.8-bbnc-i-e-l-linear-coloc-tl3600.out,,T1,,,,,0,900
pmed,Str1+VI0,Int,ColocOn,Str1+VI0,40,10,25,0.8,,OPTIMAL,300.4,12816,0,0.0553389885726113,,889.915072,90,0,90,1,3596,2740,887.666667,898.908692,t1-pmed40-r10-R25-theta0.8-bbnc-i-e-linear-coloc-tl3600.out,,T1,,,,,0,900
pmed,Str0+VI1,Int,ColocOn,Str0+VI1,40,10,25,0.8,,OPTIMAL,613.93,21690,0,0.0566027259755396,,889.914737,90,0,90,1,3596,3623,887.666667,898.90702,t1-pmed40-r10-R25-theta0.8-bbnc-i-l-linear-coloc-tl3600.out,,T1,,,,,0,900
pmed,Str0+VI0,Int,ColocOn,Str0+VI0,40,10,25,0.8,,OPTIMAL,377.76,14063,0,0.0607788551612469,,889.914755,90,0,90,1,3596,2514,887.666667,898.907108,t1-pmed40-r10-R25-theta0.8-bbnc-i-linear-coloc-tl3600.out,,T1,,,,,0,900
pmed,B&C-B,Bin,ColocOn,,40,10,25,0.8,,TIME_LIMIT,3600.05,64050,0.00587100118697399,0.0611066059609284,,889.913605,90,0,90,1,3794,4223,887.666667,898.901356,t1-pmed40-r10-R25-theta0.8-bnc-b-linear-coloc-tl3600.out,,T1,,,,,0,900
pmed,Str1+VI1,Int,ColocOn,Str1+VI1+LocalSearch1,40,5,20,0.2,,TIME_LIMIT,3600.01,34881,0.26058849094313,0.397271135307946,,852.960283,90,1,89,2,3594,14748,768.666667,874.033687,t1-pmed40-r5-R20-theta0.2-bbnc-i-e-l-linear-coloc-tl3600.out,,T1,,,,,0.0112359550561798,900
pmed,Str1+VI0,Int,ColocOn,Str1+VI0,40,5,20,0.2,,TIME_LIMIT,3600.01,50769,0.338412141148427,0.505685374910481,,852.412827,90,1,89,2,3594,7736,766.666667,873.849367,t1-pmed40-r5-R20-theta0.2-bbnc-i-e-linear-coloc-tl3600.out,,T1,,,,,0.0112359550561798,900
pmed,Str0+VI1,Int,ColocOn,Str0+VI1,40,5,20,0.2,,TIME_LIMIT,3600,33014,0.443187818937588,0.635467753537397,,851.648407,90,3,87,2,3594,15009,762.266667,873.993842,t1-pmed40-r5-R20-theta0.2-bbnc-i-l-linear-coloc-tl3600.out,,T1,,,,,0.0344827586206897,900
pmed,Str0+VI0,Int,ColocOn,Str0+VI0,40,5,20,0.2,,TIME_LIMIT,3600,50525,0.444347061180263,0.712949915711226,,851.729675,90,2,88,2,3594,8001,764.133333,873.62876,t1-pmed40-r5-R20-theta0.2-bbnc-i-linear-coloc-tl3600.out,,T1,,,,,0.0227272727272727,900
pmed,B&C-B,Bin,ColocOn,,40,5,20,0.2,,TIME_LIMIT,3600.11,365,2.02999757386971,2.03473121743302,,851.648407,90,3,87,2,78153,12536,762.266667,873.993842,t1-pmed40-r5-R20-theta0.2-bnc-b-linear-coloc-tl3600.out,,T1,,,,,0.0344827586206897,900
pmed,Str1+VI1,Int,ColocOn,Str1+VI1+LocalSearch1,40,5,20,0.5,,TIME_LIMIT,3600,67150,0.0607001345956175,0.170430949744654,,825.405246,90,0,90,1,3594,9237,781.666667,869.143825,t1-pmed40-r5-R20-theta0.5-bbnc-i-e-l-linear-coloc-tl3600.out,,T1,,,,,0,900
pmed,Str1+VI0,Int,ColocOn,Str1+VI0,40,5,20,0.5,,TIME_LIMIT,3600.01,67979,0.0464203584310559,0.190723371522627,,825.469363,90,0,90,1,3594,6136,782.266667,868.67206,t1-pmed40-r5-R20-theta0.5-bbnc-i-e-linear-coloc-tl3600.out,,T1,,,,,0,900
pmed,Str0+VI1,Int,ColocOn,Str0+VI1,40,5,20,0.5,,TIME_LIMIT,3600,69192,0.0843211462951499,0.226451185503874,,825.138979,90,0,90,1,3594,10299,781,869.277958,t1-pmed40-r5-R20-theta0.5-bbnc-i-l-linear-coloc-tl3600.out,,T1,,,,,0,900
pmed,Str0+VI0,Int,ColocOn,Str0+VI0,40,5,20,0.5,,TIME_LIMIT,3600,77847,0.202090829834832,0.324971167746081,,824.557458,90,0,90,1,3594,7413,781.333333,867.781584,t1-pmed40-r5-R20-theta0.5-bbnc-i-linear-coloc-tl3600.out,,T1,,,,,0,900
pmed,B&C-B,Bin,ColocOn,,40,5,20,0.5,,TIME_LIMIT,3600.06,1337,1.1538390060859,1.21353506700003,,822.689123,90,0,90,1,77417,17953,775.933333,869.444913,t1-pmed40-r5-R20-theta0.5-bnc-b-linear-coloc-tl3600.out,,T1,,,,,0,900
pmed,Str1+VI1,Int,ColocOn,Str1+VI1+LocalSearch1,40,5,20,0.8,,OPTIMAL,105.97,697,0,0.052957328213659,,801.052497,90,0,90,1,3594,5950,785.6,862.862486,t1-pmed40-r5-R20-theta0.8-bbnc-i-e-l-linear-coloc-tl3600.out,,T1,,,,,0,900
pmed,Str1+VI0,Int,ColocOn,Str1+VI0,40,5,20,0.8,,OPTIMAL,108.3,2691,0,0.0702340985274957,,801.052497,90,0,90,1,3594,4579,785.6,862.862486,t1-pmed40-r5-R20-theta0.8-bbnc-i-e-linear-coloc-tl3600.out,,T1,,,,,0,900
pmed,Str0+VI1,Int,ColocOn,Str0+VI1,40,5,20,0.8,,OPTIMAL,151.32,922,0,0.0547733140640837,,801.052497,90,0,90,1,3594,6361,785.6,862.862486,t1-pmed40-r5-R20-theta0.8-bbnc-i-l-linear-coloc-tl3600.out,,T1,,,,,0,900
pmed,Str0+VI0,Int,ColocOn,Str0+VI0,40,5,20,0.8,,OPTIMAL,598.21,24659,0,0.0750225487406428,,801.052497,90,0,90,1,3261,5726,785.6,862.862486,t1-pmed40-r5-R20-theta0.8-bbnc-i-linear-coloc-tl3600.out,,T1,,,,,0,900
pmed,B&C-B,Bin,ColocOn,,40,5,20,0.8,,TIME_LIMIT,3600.07,11726,0.0887032354143159,0.224512335518976,,801.02102,90,0,90,1,9063,14341,785.533333,862.971765,t1-pmed40-r5-R20-theta0.8-bnc-b-linear-coloc-tl3600.out,,T1,,,,,0,900
pmed,Str1+VI1,Int,ColocOn,Str1+VI1+LocalSearch1,5,10,25,0.2,,OPTIMAL,0.03,0,0,0,,70.431111,33,0,33,1,328,414,70.2,70.488889,t1-pmed5-r10-R25-theta0.2-bbnc-i-e-l-linear-coloc-tl3600.out,,T1,,,,,0,100
pmed,Str1+VI0,Int,ColocOn,Str1+VI0,5,10,25,0.2,,OPTIMAL,0.04,19,0,0.0825231906394283,,70.431111,33,0,33,1,328,323,70.2,70.488889,t1-pmed5-r10-R25-theta0.2-bbnc-i-e-linear-coloc-tl3600.out,,T1,,,,,0,100
pmed,Str0+VI1,Int,ColocOn,Str0+VI1,5,10,25,0.2,,OPTIMAL,0.04,4,0,0.000631823058987584,,70.431111,33,0,33,1,328,401,70.2,70.488889,t1-pmed5-r10-R25-theta0.2-bbnc-i-l-linear-coloc-tl3600.out,,T1,,,,,0,100
pmed,Str0+VI0,Int,ColocOn,Str0+VI0,5,10,25,0.2,,OPTIMAL,0.04,10,0,0.0820461287342081,,70.431111,33,0,33,1,328,321,70.2,70.488889,t1-pmed5-r10-R25-theta0.2-bbnc-i-linear-coloc-tl3600.out,,T1,,,,,0,100
pmed,B&C-B,Bin,ColocOn,,5,10,25,0.2,,OPTIMAL,0.2,5,0,0.0263974254218397,,70.431111,33,0,33,1,809,300,70.2,70.488889,t1-pmed5-r10-R25-theta0.2-bnc-b-linear-coloc-tl3600.out,,T1,,,,,0,100
pmed,Str1+VI1,Int,ColocOn,Str1+VI1+LocalSearch1,5,10,25,0.5,,OPTIMAL,0.02,0,0,0,,70.344444,33,0,33,1,328,390,70.2,70.488889,t1-pmed5-r10-R25-theta0.5-bbnc-i-e-l-linear-coloc-tl3600.out,,T1,,,,,0,100
pmed,Str1+VI0,Int,ColocOn,Str1+VI0,5,10,25,0.5,,OPTIMAL,0.03,8,0,0.00456894648282362,,70.344444,33,0,33,1,328,342,70.2,70.488889,t1-pmed5-r10-R25-theta0.5-bbnc-i-e-linear-coloc-tl3600.out,,T1,,,,,0,100
pmed,Str0+VI1,Int,ColocOn,Str0+VI1,5,10,25,0.5,,OPTIMAL,0.05,0,0,0,,70.344444,33,0,33,1,328,417,70.2,70.488889,t1-pmed5-r10-R25-theta0.5-bbnc-i-l-linear-coloc-tl3600.out,,T1,,,,,0,100
pmed,Str0+VI0,Int,ColocOn,Str0+VI0,5,10,25,0.5,,OPTIMAL,0.05,7,0,0.000538777447739092,,70.344444,33,0,33,1,328,360,70.2,70.488889,t1-pmed5-r10-R25-theta0.5-bbnc-i-linear-coloc-tl3600.out,,T1,,,,,0,100
pmed,B&C-B,Bin,ColocOn,,5,10,25,0.5,,OPTIMAL,0.15,0,0,0,,70.344444,33,0,33,1,363,471,70.2,70.488889,t1-pmed5-r10-R25-theta0.5-bnc-b-linear-coloc-tl3600.out,,T1,,,,,0,100
pmed,Str1+VI1,Int,ColocOn,Str1+VI1+LocalSearch1,5,10,25,0.8,,OPTIMAL,0.02,0,0,0,,70.257778,33,0,33,1,328,360,70.2,70.488889,t1-pmed5-r10-R25-theta0.8-bbnc-i-e-l-linear-coloc-tl3600.out,,T1,,,,,0,100
pmed,Str1+VI0,Int,ColocOn,Str1+VI0,5,10,25,0.8,,OPTIMAL,0.03,2,0,0,,70.257778,33,0,33,1,328,332,70.2,70.488889,t1-pmed5-r10-R25-theta0.8-bbnc-i-e-linear-coloc-tl3600.out,,T1,,,,,0,100
pmed,Str0+VI1,Int,ColocOn,Str0+VI1,5,10,25,0.8,,OPTIMAL,0.02,0,0,0,,70.257778,33,0,33,1,328,387,70.2,70.488889,t1-pmed5-r10-R25-theta0.8-bbnc-i-l-linear-coloc-tl3600.out,,T1,,,,,0,100
pmed,Str0+VI0,Int,ColocOn,Str0+VI0,5,10,25,0.8,,OPTIMAL,0.03,3,0,0,,70.257778,33,0,33,1,328,349,70.2,70.488889,t1-pmed5-r10-R25-theta0.8-bbnc-i-linear-coloc-tl3600.out,,T1,,,,,0,100
pmed,B&C-B,Bin,ColocOn,,5,10,25,0.8,,OPTIMAL,0.1,0,0,0,,70.257778,33,0,33,1,318,380,70.2,70.488889,t1-pmed5-r10-R25-theta0.8-bnc-b-linear-coloc-tl3600.out,,T1,,,,,0,100
pmed,Str1+VI1,Int,ColocOn,Str1+VI1+LocalSearch1,5,5,20,0.2,,OPTIMAL,0.02,0,0,0,,62.217778,33,0,33,1,334,344,61.933333,62.288889,t1-pmed5-r5-R20-theta0.2-bbnc-i-e-l-linear-coloc-tl3600.out,,T1,,,,,0,100
pmed,Str1+VI0,Int,ColocOn,Str1+VI0,5,5,20,0.2,,OPTIMAL,0.03,5,0,0.0394742480195836,,62.217778,33,0,33,1,334,279,61.933333,62.288889,t1-pmed5-r5-R20-theta0.2-bbnc-i-e-linear-coloc-tl3600.out,,T1,,,,,0,100
pmed,Str0+VI1,Int,ColocOn,Str0+VI1,5,5,20,0.2,,OPTIMAL,0.03,0,0,0,,62.217778,33,0,33,1,334,391,61.933333,62.288889,t1-pmed5-r5-R20-theta0.2-bbnc-i-l-linear-coloc-tl3600.out,,T1,,,,,0,100
pmed,Str0+VI0,Int,ColocOn,Str0+VI0,5,5,20,0.2,,OPTIMAL,0.67,980,0,0.0363111649535217,,62.217778,33,0,33,1,312,338,61.933333,62.288889,t1-pmed5-r5-R20-theta0.2-bbnc-i-linear-coloc-tl3600.out,,T1,,,,,0,100
pmed,B&C-B,Bin,ColocOn,,5,5,20,0.2,,OPTIMAL,0.11,0,0,0,,62.217778,33,0,33,1,371,397,61.933333,62.288889,t1-pmed5-r5-R20-theta0.2-bnc-b-linear-coloc-tl3600.out,,T1,,,,,0,100
pmed,Str1+VI1,Int,ColocOn,Str1+VI1+LocalSearch1,5,5,20,0.5,,OPTIMAL,0.02,0,0,0,,62.111111,33,0,33,1,334,326,61.933333,62.288889,t1-pmed5-r5-R20-theta0.5-bbnc-i-e-l-linear-coloc-tl3600.out,,T1,,,,,0,100
pmed,Str1+VI0,Int,ColocOn,Str1+VI0,5,5,20,0.5,,OPTIMAL,0.06,0,0,0,,62.111111,33,0,33,1,334,284,61.933333,62.288889,t1-pmed5-r5-R20-theta0.5-bbnc-i-e-linear-coloc-tl3600.out,,T1,,,,,0,100
pmed,Str0+VI1,Int,ColocOn,Str0+VI1,5,5,20,0.5,,OPTIMAL,0.02,0,0,0,,62.111111,33,0,33,1,334,355,61.933333,62.288889,t1-pmed5-r5-R20-theta0.5-bbnc-i-l-linear-coloc-tl3600.out,,T1,,,,,0,100
pmed,Str0+VI0,Int,ColocOn,Str0+VI0,5,5,20,0.5,,OPTIMAL,0.03,3,0,0,,62.111111,33,0,33,1,334,290,61.933333,62.288889,t1-pmed5-r5-R20-theta0.5-bbnc-i-linear-coloc-tl3600.out,,T1,,,,,0,100
pmed,B&C-B,Bin,ColocOn,,5,5,20,0.5,,OPTIMAL,0.06,0,0,0,,62.111111,33,0,33,1,1015,285,61.933333,62.288889,t1-pmed5-r5-R20-theta0.5-bnc-b-linear-coloc-tl3600.out,,T1,,,,,0,100
pmed,Str1+VI1,Int,ColocOn,Str1+VI1+LocalSearch1,5,5,20,0.8,,OPTIMAL,0.02,0,0,0,,62.004444,33,0,33,1,334,329,61.933333,62.288889,t1-pmed5-r5-R20-theta0.8-bbnc-i-e-l-linear-coloc-tl3600.out,,T1,,,,,0,100
pmed,Str1+VI0,Int,ColocOn,Str1+VI0,5,5,20,0.8,,OPTIMAL,0.02,0,0,0,,62.004444,33,0,33,1,334,292,61.933333,62.288889,t1-pmed5-r5-R20-theta0.8-bbnc-i-e-linear-coloc-tl3600.out,,T1,,,,,0,100
pmed,Str0+VI1,Int,ColocOn,Str0+VI1,5,5,20,0.8,,OPTIMAL,0.02,0,0,0,,62.004444,33,0,33,1,334,402,61.933333,62.288889,t1-pmed5-r5-R20-theta0.8-bbnc-i-l-linear-coloc-tl3600.out,,T1,,,,,0,100
pmed,Str0+VI0,Int,ColocOn,Str0+VI0,5,5,20,0.8,,OPTIMAL,0.02,0,0,0,,62.004444,33,0,33,1,334,356,61.933333,62.288889,t1-pmed5-r5-R20-theta0.8-bbnc-i-linear-coloc-tl3600.out,,T1,,,,,0,100
pmed,B&C-B,Bin,ColocOn,,5,5,20,0.8,,OPTIMAL,0.07,0,0,0,,62.004444,33,0,33,1,1014,293,61.933333,62.288889,t1-pmed5-r5-R20-theta0.8-bnc-b-linear-coloc-tl3600.out,,T1,,,,,0,100
pmed,Str1+VI1,Int,ColocOn,Str1+VI1+LocalSearch1,6,10,25,0.2,,OPTIMAL,0.05,0,0,0,,41.221333,5,0,5,1,649,603,40.933333,41.293333,t1-pmed6-r10-R25-theta0.2-bbnc-i-e-l-linear-coloc-tl3600.out,,T1,,,,,0,200
pmed,Str1+VI0,Int,ColocOn,Str1+VI0,6,10,25,0.2,,OPTIMAL,0.08,0,0,0,,41.221333,5,0,5,1,337,543,40.933333,41.293333,t1-pmed6-r10-R25-theta0.2-bbnc-i-e-linear-coloc-tl3600.out,,T1,,,,,0,200
pmed,Str0+VI1,Int,ColocOn,Str0+VI1,6,10,25,0.2,,OPTIMAL,0.05,0,0,0,,41.221333,5,0,5,1,649,667,40.933333,41.293333,t1-pmed6-r10-R25-theta0.2-bbnc-i-l-linear-coloc-tl3600.out,,T1,,,,,0,200
pmed,Str0+VI0,Int,ColocOn,Str0+VI0,6,10,25,0.2,,OPTIMAL,0.07,0,0,0,,41.221333,5,0,5,1,325,538,40.933333,41.293333,t1-pmed6-r10-R25-theta0.2-bbnc-i-linear-coloc-tl3600.out,,T1,,,,,0,200
pmed,B&C-B,Bin,ColocOn,,6,10,25,0.2,,OPTIMAL,0.07,0,0,0,,41.221333,5,0,5,1,298,527,40.933333,41.293333,t1-pmed6-r10-R25-theta0.2-bnc-b-linear-coloc-tl3600.out,,T1,,,,,0,200
pmed,Str1+VI1,Int,ColocOn,Str1+VI1+LocalSearch1,6,10,25,0.5,,OPTIMAL,0.06,0,0,0,,41.113333,5,0,5,1,340,577,40.933333,41.293333,t1-pmed6-r10-R25-theta0.5-bbnc-i-e-l-linear-coloc-tl3600.out,,T1,,,,,0,200
pmed,Str1+VI0,Int,ColocOn,Str1+VI0,6,10,25,0.5,,OPTIMAL,0.05,0,0,0,,41.113333,5,0,5,1,342,517,40.933333,41.293333,t1-pmed6-r10-R25-theta0.5-bbnc-i-e-linear-coloc-tl3600.out,,T1,,,,,0,200
pmed,Str0+VI1,Int,ColocOn,Str0+VI1,6,10,25,0.5,,OPTIMAL,0.06,0,0,0,,41.113333,5,0,5,1,647,610,40.933333,41.293333,t1-pmed6-r10-R25-theta0.5-bbnc-i-l-linear-coloc-tl3600.out,,T1,,,,,0,200
pmed,Str0+VI0,Int,ColocOn,Str0+VI0,6,10,25,0.5,,OPTIMAL,0.06,0,0,0,,41.113333,5,0,5,1,363,511,40.933333,41.293333,t1-pmed6-r10-R25-theta0.5-bbnc-i-linear-coloc-tl3600.out,,T1,,,,,0,200
pmed,B&C-B,Bin,ColocOn,,6,10,25,0.5,,OPTIMAL,0.06,0,0,0,,41.113333,5,0,5,1,310,524,40.933333,41.293333,t1-pmed6-r10-R25-theta0.5-bnc-b-linear-coloc-tl3600.out,,T1,,,,,0,200
pmed,Str1+VI1,Int,ColocOn,Str1+VI1+LocalSearch1,6,10,25,0.8,,OPTIMAL,0.06,0,0,0,,41.005333,5,0,5,1,321,576,40.933333,41.293333,t1-pmed6-r10-R25-theta0.8-bbnc-i-e-l-linear-coloc-tl3600.out,,T1,,,,,0,200
pmed,Str1+VI0,Int,ColocOn,Str1+VI0,6,10,25,0.8,,OPTIMAL,0.05,0,0,0,,41.005333,5,0,5,1,321,521,40.933333,41.293333,t1-pmed6-r10-R25-theta0.8-bbnc-i-e-linear-coloc-tl3600.out,,T1,,,,,0,200
pmed,Str0+VI1,Int,ColocOn,Str0+VI1,6,10,25,0.8,,OPTIMAL,0.06,0,0,0,,41.005333,5,0,5,1,333,576,40.933333,41.293333,t1-pmed6-r10-R25-theta0.8-bbnc-i-l-linear-coloc-tl3600.out,,T1,,,,,0,200
pmed,Str0+VI0,Int,ColocOn,Str0+VI0,6,10,25,0.8,,OPTIMAL,0.05,0,0,0,,41.005333,5,0,5,1,335,521,40.933333,41.293333,t1-pmed6-r10-R25-theta0.8-bbnc-i-linear-coloc-tl3600.out,,T1,,,,,0,200
pmed,B&C-B,Bin,ColocOn,,6,10,25,0.8,,OPTIMAL,0.07,0,0,0,,41.005333,5,0,5,1,305,524,40.933333,41.293333,t1-pmed6-r10-R25-theta0.8-bnc-b-linear-coloc-tl3600.out,,T1,,,,,0,200
pmed,Str1+VI1,Int,ColocOn,Str1+VI1+LocalSearch1,6,5,20,0.2,,OPTIMAL,0.03,0,0,0,,30.133333,5,0,5,1,624,546,30.133333,30.133333,t1-pmed6-r5-R20-theta0.2-bbnc-i-e-l-linear-coloc-tl3600.out,,T1,,,,,0,200
pmed,Str1+VI0,Int,ColocOn,Str1+VI0,6,5,20,0.2,,OPTIMAL,0.03,0,0,0,,30.133333,5,0,5,1,624,487,30.133333,30.133333,t1-pmed6-r5-R20-theta0.2-bbnc-i-e-linear-coloc-tl3600.out,,T1,,,,,0,200
pmed,Str0+VI1,Int,ColocOn,Str0+VI1,6,5,20,0.2,,OPTIMAL,0.03,0,0,0,,30.133333,5,0,5,1,624,581,30.133333,30.133333,t1-pmed6-r5-R20-theta0.2-bbnc-i-l-linear-coloc-tl3600.out,,T1,,,,,0,200
pmed,Str0+VI0,Int,ColocOn,Str0+VI0,6,5,20,0.2,,OPTIMAL,0.04,0,0,0,,30.133333,5,0,5,1,624,499,30.133333,30.133333,t1-pmed6-r5-R20-theta0.2-bbnc-i-linear-coloc-tl3600.out,,T1,,,,,0,200
pmed,B&C-B,Bin,ColocOn,,6,5,20,0.2,,OPTIMAL,0.02,0,0,0,,30.133333,5,0,5,1,624,460,30.133333,30.133333,t1-pmed6-r5-R20-theta0.2-bnc-b-linear-coloc-tl3600.out,,T1,,,,,0,200
pmed,Str1+VI1,Int,ColocOn,Str1+VI1+LocalSearch1,6,5,20,0.5,,OPTIMAL,0.02,0,0,0,,30.133333,5,0,5,1,620,495,30.133333,30.133333,t1-pmed6-r5-R20-theta0.5-bbnc-i-e-l-linear-coloc-tl3600.out,,T1,,,,,0,200
pmed,Str1+VI0,Int,ColocOn,Str1+VI0,6,5,20,0.5,,OPTIMAL,0.03,0,0,0,,30.133333,5,0,5,1,620,473,30.133333,30.133333,t1-pmed6-r5-R20-theta0.5-bbnc-i-e-linear-coloc-tl3600.out,,T1,,,,,0,200
pmed,Str0+VI1,Int,ColocOn,Str0+VI1,6,5,20,0.5,,OPTIMAL,0.03,0,0,0,,30.133333,5,0,5,1,620,525,30.133333,30.133333,t1-pmed6-r5-R20-theta0.5-bbnc-i-l-linear-coloc-tl3600.out,,T1,,,,,0,200
pmed,Str0+VI0,Int,ColocOn,Str0+VI0,6,5,20,0.5,,OPTIMAL,0.02,0,0,0,,30.133333,5,0,5,1,620,479,30.133333,30.133333,t1-pmed6-r5-R20-theta0.5-bbnc-i-linear-coloc-tl3600.out,,T1,,,,,0,200
pmed,B&C-B,Bin,ColocOn,,6,5,20,0.5,,OPTIMAL,0.02,0,0,0,,30.133333,5,0,5,1,620,460,30.133333,30.133333,t1-pmed6-r5-R20-theta0.5-bnc-b-linear-coloc-tl3600.out,,T1,,,,,0,200
pmed,Str1+VI1,Int,ColocOn,Str1+VI1+LocalSearch1,6,5,20,0.8,,OPTIMAL,0.02,0,0,0,,30.133333,5,0,5,1,617,498,30.133333,30.133333,t1-pmed6-r5-R20-theta0.8-bbnc-i-e-l-linear-coloc-tl3600.out,,T1,,,,,0,200
pmed,Str1+VI0,Int,ColocOn,Str1+VI0,6,5,20,0.8,,OPTIMAL,0.02,0,0,0,,30.133333,5,0,5,1,617,476,30.133333,30.133333,t1-pmed6-r5-R20-theta0.8-bbnc-i-e-linear-coloc-tl3600.out,,T1,,,,,0,200
pmed,Str0+VI1,Int,ColocOn,Str0+VI1,6,5,20,0.8,,OPTIMAL,0.03,0,0,0,,30.133333,5,0,5,1,617,498,30.133333,30.133333,t1-pmed6-r5-R20-theta0.8-bbnc-i-l-linear-coloc-tl3600.out,,T1,,,,,0,200
pmed,Str0+VI0,Int,ColocOn,Str0+VI0,6,5,20,0.8,,OPTIMAL,0.02,0,0,0,,30.133333,5,0,5,1,617,476,30.133333,30.133333,t1-pmed6-r5-R20-theta0.8-bbnc-i-linear-coloc-tl3600.out,,T1,,,,,0,200
pmed,B&C-B,Bin,ColocOn,,6,5,20,0.8,,OPTIMAL,0.02,0,0,0,,30.133333,5,0,5,1,617,460,30.133333,30.133333,t1-pmed6-r5-R20-theta0.8-bnc-b-linear-coloc-tl3600.out,,T1,,,,,0,200
pmed,Str1+VI1,Int,ColocOn,Str1+VI1+LocalSearch1,7,10,25,0.2,,OPTIMAL,0.18,5,0,0.00353312576048409,,67.985126,10,0,10,1,521,1013,67,68.231407,t1-pmed7-r10-R25-theta0.2-bbnc-i-e-l-linear-coloc-tl3600.out,,T1,,,,,0,200
pmed,Str1+VI0,Int,ColocOn,Str1+VI0,7,10,25,0.2,,OPTIMAL,0.29,79,0,0.749712517999912,,67.985126,10,0,10,1,748,863,67,68.231407,t1-pmed7-r10-R25-theta0.2-bbnc-i-e-linear-coloc-tl3600.out,,T1,,,,,0,200
pmed,Str0+VI1,Int,ColocOn,Str0+VI1,7,10,25,0.2,,OPTIMAL,0.21,4,0,0.0260542283910756,,67.985126,10,0,10,1,510,1097,67,68.231407,t1-pmed7-r10-R25-theta0.2-bbnc-i-l-linear-coloc-tl3600.out,,T1,,,,,0,200
pmed,Str0+VI0,Int,ColocOn,Str0+VI0,7,10,25,0.2,,OPTIMAL,0.98,380,0,0.933557143072741,,67.985126,10,0,10,1,748,1062,67,68.231407,t1-pmed7-r10-R25-theta0.2-bbnc-i-linear-coloc-tl3600.out,,T1,,,,,0,200
pmed,B&C-B,Bin,ColocOn,,7,10,25,0.2,,OPTIMAL,8.35,19,0,0.264619646362077,,67.985126,10,0,10,1,487,783,67,68.231407,t1-pmed7-r10-R25-theta0.2-bnc-b-linear-coloc-tl3600.out,,T1,,,,,0,200
pmed,Str1+VI1,Int,ColocOn,Str1+VI1+LocalSearch1,7,10,25,0.5,,OPTIMAL,0.13,0,0,0,,67.615704,10,0,10,1,504,905,67,68.231407,t1-pmed7-r10-R25-theta0.5-bbnc-i-e-l-linear-coloc-tl3600.out,,T1,,,,,0,200
pmed,Str1+VI0,Int,ColocOn,Str1+VI0,7,10,25,0.5,,OPTIMAL,0.2,43,0,0.223955369894555,,67.615704,10,0,10,1,515,732,67,68.231407,t1-pmed7-r10-R25-theta0.5-bbnc-i-e-linear-coloc-tl3600.out,,T1,,,,,0,200
pmed,Str0+VI1,Int,ColocOn,Str0+VI1,7,10,25,0.5,,OPTIMAL,0.14,0,0,0,,67.615704,10,0,10,1,483,920,67,68.231407,t1-pmed7-r10-R25-theta0.5-bbnc-i-l-linear-coloc-tl3600.out,,T1,,,,,0,200
pmed,Str0+VI0,Int,ColocOn,Str0+VI0,7,10,25,0.5,,OPTIMAL,0.19,28,0,0.250483230937018,,67.615704,10,0,10,1,525,740,67,68.231407,t1-pmed7-r10-R25-theta0.5-bbnc-i-linear-coloc-tl3600.out,,T1,,,,,0,200
pmed,B&C-B,Bin,ColocOn,,7,10,25,0.5,,OPTIMAL,0.27,19,0,0.069044611293274,,67.615704,10,0,10,1,421,632,67,68.231407,t1-pmed7-r10-R25-theta0.5-bnc-b-linear-coloc-tl3600.out,,T1,,,,,0,200
pmed,Str1+VI1,Int,ColocOn,Str1+VI1+LocalSearch1,7,10,25,0.8,,OPTIMAL,0.13,4,0,0.00157926949150476,,67.246281,10,0,10,1,460,815,67,68.231407,t1-pmed7-r10-R25-theta0.8-bbnc-i-e-l-linear-coloc-tl3600.out,,T1,,,,,0,200
pmed,Str1+VI0,Int,ColocOn,Str1+VI0,7,10,25,0.8,,OPTIMAL,0.1,11,0,0.0376050535791017,,67.246281,10,0,10,1,462,632,67,68.231407,t1-pmed7-r10-R25-theta0.8-bbnc-i-e-linear-coloc-tl3600.out,,T1,,,,,0,200
pmed,Str0+VI1,Int,ColocOn,Str0+VI1,7,10,25,0.8,,OPTIMAL,0.12,4,0,0.000154655392775448,,67.246281,10,0,10,1,314,805,67,68.231407,t1-pmed7-r10-R25-theta0.8-bbnc-i-l-linear-coloc-tl3600.out,,T1,,,,,0,200
pmed,Str0+VI0,Int,ColocOn,Str0+VI0,7,10,25,0.8,,OPTIMAL,0.14,34,0,0.117869715352731,,67.246281,10,0,10,1,333,665,67,68.231407,t1-pmed7-r10-R25-theta0.8-bbnc-i-linear-coloc-tl3600.out,,T1,,,,,0,200
pmed,B&C-B,Bin,ColocOn,,7,10,25,0.8,,OPTIMAL,0.23,12,0,0.0589013985769691,,67.246281,10,0,10,1,400,703,67,68.231407,t1-pmed7-r10-R25-theta0.8-bnc-b-linear-coloc-tl3600.out,,T1,,,,,0,200
pmed,Str1+VI1,Int,ColocOn,Str1+VI1+LocalSearch1,7,5,20,0.2,,OPTIMAL,0.11,2,0,0,,50.481244,10,0,10,1,424,824,50.066667,50.584889,t1-pmed7-r5-R20-theta0.2-bbnc-i-e-l-linear-coloc-tl3600.out,,T1,,,,,0,200
pmed,Str1+VI0,Int,ColocOn,Str1+VI0,7,5,20,0.2,,OPTIMAL,0.13,20,0,0.127328478672206,,50.481244,10,0,10,1,468,637,50.066667,50.584889,t1-pmed7-r5-R20-theta0.2-bbnc-i-e-linear-coloc-tl3600.out,,T1,,,,,0,200
pmed,Str0+VI1,Int,ColocOn,Str0+VI1,7,5,20,0.2,,OPTIMAL,0.09,0,0,0,,50.481244,10,0,10,1,412,803,50.066667,50.584889,t1-pmed7-r5-R20-theta0.2-bbnc-i-l-linear-coloc-tl3600.out,,T1,,,,,0,200
pmed,Str0+VI0,Int,ColocOn,Str0+VI0,7,5,20,0.2,,OPTIMAL,0.19,47,0,0.478861020144443,,50.481244,10,0,10,1,467,668,50.066667,50.584889,t1-pmed7-r5-R20-theta0.2-bbnc-i-linear-coloc-tl3600.out,,T1,,,,,0,200
pmed,B&C-B,Bin,ColocOn,,7,5,20,0.2,,OPTIMAL,0.19,8,0,0.0328181294422974,,50.481244,10,0,10,1,308,673,50.066667,50.584889,t1-pmed7-r5-R20-theta0.2-bnc-b-linear-coloc-tl3600.out,,T1,,,,,0,200
pmed,Str1+VI1,Int,ColocOn,Str1+VI1+LocalSearch1,7,5,20,0.5,,OPTIMAL,0.05,0,0,0,,50.325778,10,0,10,1,731,700,50.066667,50.584889,t1-pmed7-r5-R20-theta0.5-bbnc-i-e-l-linear-coloc-tl3600.out,,T1,,,,,0,200
pmed,Str1+VI0,Int,ColocOn,Str1+VI0,7,5,20,0.5,,OPTIMAL,0.07,0,0,0,,50.325778,10,0,10,1,442,574,50.066667,50.584889,t1-pmed7-r5-R20-theta0.5-bbnc-i-e-linear-coloc-tl3600.out,,T1,,,,,0,200
pmed,Str0+VI1,Int,ColocOn,Str0+VI1,7,5,20,0.5,,OPTIMAL,0.06,0,0,0,,50.325778,10,0,10,1,392,718,50.066667,50.584889,t1-pmed7-r5-R20-theta0.5-bbnc-i-l-linear-coloc-tl3600.out,,T1,,,,,0,200
pmed,Str0+VI0,Int,ColocOn,Str0+VI0,7,5,20,0.5,,OPTIMAL,0.11,3,0,0,,50.325778,10,0,10,1,413,610,50.066667,50.584889,t1-pmed7-r5-R20-theta0.5-bbnc-i-linear-coloc-tl3600.out,,T1,,,,,0,200
pmed,B&C-B,Bin,ColocOn,,7,5,20,0.5,,OPTIMAL,0.12,0,0,0,,50.325778,10,0,10,1,306,597,50.066667,50.584889,t1-pmed7-r5-R20-theta0.5-bnc-b-linear-coloc-tl3600.out,,T1,,,,,0,200
pmed,Str1+VI1,Int,ColocOn,Str1+VI1+LocalSearch1,7,5,20,0.8,,OPTIMAL,0.04,0,0,0,,50.205867,10,0,10,1,731,618,50.133333,50.496,t1-pmed7-r5-R20-theta0.8-bbnc-i-e-l-linear-coloc-tl3600.out,,T1,,,,,0,200
pmed,Str1+VI0,Int,ColocOn,Str1+VI0,7,5,20,0.8,,OPTIMAL,0.04,0,0,0,,50.205867,10,0,10,1,731,541,50.133333,50.496,t1-pmed7-r5-R20-theta0.8-bbnc-i-e-linear-coloc-tl3600.out,,T1,,,,,0,200
pmed,Str0+VI1,Int,ColocOn,Str0+VI1,7,5,20,0.8,,OPTIMAL,0.04,0,0,0,,50.205867,10,0,10,1,731,614,50.133333,50.496,t1-pmed7-r5-R20-theta0.8-bbnc-i-l-linear-coloc-tl3600.out,,T1,,,,,0,200
pmed,Str0+VI0,Int,ColocOn,Str0+VI0,7,5,20,0.8,,OPTIMAL,0.05,0,0,0,,50.205867,10,0,10,1,398,532,50.133333,50.496,t1-pmed7-r5-R20-theta0.8-bbnc-i-linear-coloc-tl3600.out,,T1,,,,,0,200
pmed,B&C-B,Bin,ColocOn,,7,5,20,0.8,,OPTIMAL,0.08,0,0,0,,50.205867,10,0,10,1,1332,521,50.133333,50.496,t1-pmed7-r5-R20-theta0.8-bnc-b-linear-coloc-tl3600.out,,T1,,,,,0,200
pmed,Str1+VI1,Int,ColocOn,Str1+VI1+LocalSearch1,8,10,25,0.2,,OPTIMAL,0.08,0,0,0,,93.383467,20,0,20,1,710,820,92.666667,93.562667,t1-pmed8-r10-R25-theta0.2-bbnc-i-e-l-linear-coloc-tl3600.out,,T1,,,,,0,200
pmed,Str1+VI0,Int,ColocOn,Str1+VI0,8,10,25,0.2,,OPTIMAL,0.31,124,0,0.526584646937557,,93.383467,20,0,20,1,710,739,92.666667,93.562667,t1-pmed8-r10-R25-theta0.2-bbnc-i-e-linear-coloc-tl3600.out,,T1,,,,,0,200
pmed,Str0+VI1,Int,ColocOn,Str0+VI1,8,10,25,0.2,,OPTIMAL,0.08,0,0,0,,93.383467,20,0,20,1,710,871,92.666667,93.562667,t1-pmed8-r10-R25-theta0.2-bbnc-i-l-linear-coloc-tl3600.out,,T1,,,,,0,200
pmed,Str0+VI0,Int,ColocOn,Str0+VI0,8,10,25,0.2,,OPTIMAL,0.75,387,0,0.693545678701359,,93.383467,20,0,20,1,710,840,92.666667,93.562667,t1-pmed8-r10-R25-theta0.2-bbnc-i-linear-coloc-tl3600.out,,T1,,,,,0,200
pmed,B&C-B,Bin,ColocOn,,8,10,25,0.2,,OPTIMAL,30.74,5,0,0.00823914580083084,,93.383467,20,0,20,1,393,1013,92.666667,93.562667,t1-pmed8-r10-R25-theta0.2-bnc-b-linear-coloc-tl3600.out,,T1,,,,,0,200
pmed,Str1+VI1,Int,ColocOn,Str1+VI1+LocalSearch1,8,10,25,0.5,,OPTIMAL,0.07,0,0,0,,93.114667,20,0,20,1,710,804,92.666667,93.562667,t1-pmed8-r10-R25-theta0.5-bbnc-i-e-l-linear-coloc-tl3600.out,,T1,,,,,0,200
pmed,Str1+VI0,Int,ColocOn,Str1+VI0,8,10,25,0.5,,OPTIMAL,0.17,32,0,0.173941447913903,,93.114667,20,0,20,1,520,696,92.666667,93.562667,t1-pmed8-r10-R25-theta0.5-bbnc-i-e-linear-coloc-tl3600.out,,T1,,,,,0,200
pmed,Str0+VI1,Int,ColocOn,Str0+VI1,8,10,25,0.5,,OPTIMAL,0.07,0,0,0,,93.114667,20,0,20,1,710,817,92.666667,93.562667,t1-pmed8-r10-R25-theta0.5-bbnc-i-l-linear-coloc-tl3600.out,,T1,,,,,0,200
pmed,Str0+VI0,Int,ColocOn,Str0+VI0,8,10,25,0.5,,OPTIMAL,0.23,61,0,0.14272724618132,,93.114667,20,0,20,1,524,700,92.666667,93.562667,t1-pmed8-r10-R25-theta0.5-bbnc-i-linear-coloc-tl3600.out,,T1,,,,,0,200
pmed,B&C-B,Bin,ColocOn,,8,10,25,0.5,,OPTIMAL,0.25,0,0,0,,93.114667,20,0,20,1,480,802,92.666667,93.562667,t1-pmed8-r10-R25-theta0.5-bnc-b-linear-coloc-tl3600.out,,T1,,,,,0,200
pmed,Str1+VI1,Int,ColocOn,Str1+VI1+LocalSearch1,8,10,25,0.8,,OPTIMAL,0.05,0,0,0,,92.845867,20,0,20,1,710,740,92.666667,93.562667,t1-pmed8-r10-R25-theta0.8-bbnc-i-e-l-linear-coloc-tl3600.out,,T1,,,,,0,200
pmed,Str1+VI0,Int,ColocOn,Str1+VI0,8,10,25,0.8,,OPTIMAL,0.08,11,0,0.0347166772647027,,92.845867,20,0,20,1,710,620,92.666667,93.562667,t1-pmed8-r10-R25-theta0.8-bbnc-i-e-linear-coloc-tl3600.out,,T1,,,,,0,200
pmed,Str0+VI1,Int,ColocOn,Str0+VI1,8,10,25,0.8,,OPTIMAL,0.06,0,0,0,,92.845867,20,0,20,1,710,751,92.666667,93.562667,t1-pmed8-r10-R25-theta0.8-bbnc-i-l-linear-coloc-tl3600.out,,T1,,,,,0,200
pmed,Str0+VI0,Int,ColocOn,Str0+VI0,8,10,25,0.8,,OPTIMAL,0.11,17,0,0.04284951100731,,92.845867,20,0,20,1,710,616,92.666667,93.562667,t1-pmed8-r10-R25-theta0.8-bbnc-i-linear-coloc-tl3600.out,,T1,,,,,0,200
pmed,B&C-B,Bin,ColocOn,,8,10,25,0.8,,OPTIMAL,0.24,0,0,0,,92.845867,20,0,20,1,453,820,92.666667,93.562667,t1-pmed8-r10-R25-theta0.8-bnc-b-linear-coloc-tl3600.out,,T1,,,,,0,200
pmed,Str1+VI1,Int,ColocOn,Str1+VI1+LocalSearch1,8,5,20,0.2,,OPTIMAL,0.08,0,0,0,,69.795141,20,0,20,1,481,703,69.4,69.893926,t1-pmed8-r5-R20-theta0.2-bbnc-i-e-l-linear-coloc-tl3600.out,,T1,,,,,0,200
pmed,Str1+VI0,Int,ColocOn,Str1+VI0,8,5,20,0.2,,OPTIMAL,0.24,105,0,0.367615848788105,,69.795141,20,0,20,1,527,600,69.4,69.893926,t1-pmed8-r5-R20-theta0.2-bbnc-i-e-linear-coloc-tl3600.out,,T1,,,,,0,200
pmed,Str0+VI1,Int,ColocOn,Str0+VI1,8,5,20,0.2,,OPTIMAL,0.07,0,0,0,,69.795141,20,0,20,1,472,747,69.4,69.893926,t1-pmed8-r5-R20-theta0.2-bbnc-i-l-linear-coloc-tl3600.out,,T1,,,,,0,200
pmed,Str0+VI0,Int,ColocOn,Str0+VI0,8,5,20,0.2,,OPTIMAL,0.28,134,0,0.273761177730131,,69.795141,20,0,20,1,522,628,69.4,69.893926,t1-pmed8-r5-R20-theta0.2-bbnc-i-linear-coloc-tl3600.out,,T1,,,,,0,200
pmed,B&C-B,Bin,ColocOn,,8,5,20,0.2,,OPTIMAL,3.1,0,0,0,,69.795141,20,0,20,1,413,716,69.4,69.893926,t1-pmed8-r5-R20-theta0.2-bnc-b-linear-coloc-tl3600.out,,T1,,,,,0,200
pmed,Str1+VI1,Int,ColocOn,Str1+VI1+LocalSearch1,8,5,20,0.5,,OPTIMAL,0.04,0,0,0,,69.660296,20,0,20,1,716,650,69.466667,69.853926,t1-pmed8-r5-R20-theta0.5-bbnc-i-e-l-linear-coloc-tl3600.out,,T1,,,,,0,200
pmed,Str1+VI0,Int,ColocOn,Str1+VI0,8,5,20,0.5,,OPTIMAL,0.06,0,0,0,,69.660296,20,0,20,1,443,569,69.466667,69.853926,t1-pmed8-r5-R20-theta0.5-bbnc-i-e-linear-coloc-tl3600.out,,T1,,,,,0,200
pmed,Str0+VI1,Int,ColocOn,Str0+VI1,8,5,20,0.5,,OPTIMAL,0.06,0,0,0,,69.660296,20,0,20,1,467,705,69.466667,69.853926,t1-pmed8-r5-R20-theta0.5-bbnc-i-l-linear-coloc-tl3600.out,,T1,,,,,0,200
pmed,Str0+VI0,Int,ColocOn,Str0+VI0,8,5,20,0.5,,OPTIMAL,0.08,0,0,0,,69.660296,20,0,20,1,492,585,69.466667,69.853926,t1-pmed8-r5-R20-theta0.5-bbnc-i-linear-coloc-tl3600.out,,T1,,,,,0,200
pmed,B&C-B,Bin,ColocOn,,8,5,20,0.5,,OPTIMAL,0.11,0,0,0,,69.660296,20,0,20,1,1858,540,69.466667,69.853926,t1-pmed8-r5-R20-theta0.5-bnc-b-linear-coloc-tl3600.out,,T1,,,,,0,200
pmed,Str1+VI1,Int,ColocOn,Str1+VI1+LocalSearch1,8,5,20,0.8,,OPTIMAL,0.03,0,0,0,,69.544119,20,0,20,1,716,618,69.466667,69.853926,t1-pmed8-r5-R20-theta0.8-bbnc-i-e-l-linear-coloc-tl3600.out,,T1,,,,,0,200
pmed,Str1+VI0,Int,ColocOn,Str1+VI0,8,5,20,0.8,,OPTIMAL,0.03,0,0,0,,69.544119,20,0,20,1,716,565,69.466667,69.853926,t1-pmed8-r5-R20-theta0.8-bbnc-i-e-linear-coloc-tl3600.out,,T1,,,,,0,200
pmed,Str0+VI1,Int,ColocOn,Str0+VI1,8,5,20,0.8,,OPTIMAL,0.04,0,0,0,,69.544119,20,0,20,1,716,633,69.466667,69.853926,t1-pmed8-r5-R20-theta0.8-bbnc-i-l-linear-coloc-tl3600.out,,T1,,,,,0,200
pmed,Str0+VI0,Int,ColocOn,Str0+VI0,8,5,20,0.8,,OPTIMAL,0.05,0,0,0,,69.544119,20,0,20,1,488,573,69.466667,69.853926,t1-pmed8-r5-R20-theta0.8-bbnc-i-linear-coloc-tl3600.out,,T1,,,,,0,200
pmed,B&C-B,Bin,ColocOn,,8,5,20,0.8,,OPTIMAL,0.11,0,0,0,,69.544119,20,0,20,1,1843,543,69.466667,69.853926,t1-pmed8-r5-R20-theta0.8-bnc-b-linear-coloc-tl3600.out,,T1,,,,,0,200
pmed,Str1+VI1,Int,ColocOn,Str1+VI1+LocalSearch1,9,10,25,0.2,,OPTIMAL,0.49,102,0,0.110616602838931,,140.754639,40,0,40,1,706,1304,139.066667,141.176632,t1-pmed9-r10-R25-theta0.2-bbnc-i-e-l-linear-coloc-tl3600.out,,T1,,,,,0,200
pmed,Str1+VI0,Int,ColocOn,Str1+VI0,9,10,25,0.2,,OPTIMAL,30.02,646,0,0.372511345789462,,140.754639,40,0,40,1,706,1008,139.066667,141.176632,t1-pmed9-r10-R25-theta0.2-bbnc-i-e-linear-coloc-tl3600.out,,T1,,,,,0,200
pmed,Str0+VI1,Int,ColocOn,Str0+VI1,9,10,25,0.2,,OPTIMAL,0.5,85,0,0.109161588627995,,140.754639,40,0,40,1,706,1533,139.066667,141.176632,t1-pmed9-r10-R25-theta0.2-bbnc-i-l-linear-coloc-tl3600.out,,T1,,,,,0,200
pmed,Str0+VI0,Int,ColocOn,Str0+VI0,9,10,25,0.2,,OPTIMAL,2.35,632,0,0.694421162204109,,140.754639,40,0,40,1,706,1209,139.066667,141.176632,t1-pmed9-r10-R25-theta0.2-bbnc-i-linear-coloc-tl3600.out,,T1,,,,,0,200
pmed,B&C-B,Bin,ColocOn,,9,10,25,0.2,,OPTIMAL,4.52,383,0,0.417458354605279,,140.754639,40,0,40,1,3847,1055,139.066667,141.176632,t1-pmed9-r10-R25-theta0.2-bnc-b-linear-coloc-tl3600.out,,T1,,,,,0,200
pmed,Str1+VI1,Int,ColocOn,Str1+VI1+LocalSearch1,9,10,25,0.5,,OPTIMAL,0.18,13,0,0.0109730444167315,,140.161649,40,0,40,1,706,1025,139.2,141.123299,t1-pmed9-r10-R25-theta0.5-bbnc-i-e-l-linear-coloc-tl3600.out,,T1,,,,,0,200
pmed,Str1+VI0,Int,ColocOn,Str1+VI0,9,10,25,0.5,,OPTIMAL,0.24,57,0,0.0747786578909212,,140.161649,40,0,40,1,706,712,139.2,141.123299,t1-pmed9-r10-R25-theta0.5-bbnc-i-e-linear-coloc-tl3600.out,,T1,,,,,0,200
pmed,Str0+VI1,Int,ColocOn,Str0+VI1,9,10,25,0.5,,OPTIMAL,0.21,16,0,0.0165551705231384,,140.161649,40,0,40,1,706,1094,139.2,141.123299,t1-pmed9-r10-R25-theta0.5-bbnc-i-l-linear-coloc-tl3600.out,,T1,,,,,0,200
pmed,Str0+VI0,Int,ColocOn,Str0+VI0,9,10,25,0.5,,OPTIMAL,0.86,488,0,0.199142919615622,,140.161649,40,0,40,1,706,842,139.2,141.123299,t1-pmed9-r10-R25-theta0.5-bbnc-i-linear-coloc-tl3600.out,,T1,,,,,0,200
pmed,B&C-B,Bin,ColocOn,,9,10,25,0.5,,OPTIMAL,1.02,44,0,0.0922648962270546,,140.161649,40,0,40,1,2665,773,139.2,141.123299,t1-pmed9-r10-R25-theta0.5-bnc-b-linear-coloc-tl3600.out,,T1,,,,,0,200
pmed,Str1+VI1,Int,ColocOn,Str1+VI1+LocalSearch1,9,10,25,0.8,,OPTIMAL,0.11,4,0,0.000362504017255928,,139.58466,40,0,40,1,706,877,139.2,141.123299,t1-pmed9-r10-R25-theta0.8-bbnc-i-e-l-linear-coloc-tl3600.out,,T1,,,,,0,200
pmed,Str1+VI0,Int,ColocOn,Str1+VI0,9,10,25,0.8,,OPTIMAL,0.09,7,0,0.00601570401788691,,139.58466,40,0,40,1,706,670,139.2,141.123299,t1-pmed9-r10-R25-theta0.8-bbnc-i-e-linear-coloc-tl3600.out,,T1,,,,,0,200
pmed,Str0+VI1,Int,ColocOn,Str0+VI1,9,10,25,0.8,,OPTIMAL,0.1,0,0,0,,139.58466,40,0,40,1,706,931,139.2,141.123299,t1-pmed9-r10-R25-theta0.8-bbnc-i-l-linear-coloc-tl3600.out,,T1,,,,,0,200
pmed,Str0+VI0,Int,ColocOn,Str0+VI0,9,10,25,0.8,,OPTIMAL,0.11,7,0,0.00449619607196487,,139.58466,40,0,40,1,706,683,139.2,141.123299,t1-pmed9-r10-R25-theta0.8-bbnc-i-linear-coloc-tl3600.out,,T1,,,,,0,200
pmed,B&C-B,Bin,ColocOn,,9,10,25,0.8,,OPTIMAL,0.48,0,0,0,,139.58466,40,0,40,1,1008,902,139.2,141.123299,t1-pmed9-r10-R25-theta0.8-bnc-b-linear-coloc-tl3600.out,,T1,,,,,0,200
pmed,Str1+VI1,Int,ColocOn,Str1+VI1+LocalSearch1,9,5,20,0.2,,OPTIMAL,0.25,17,0,0.0388038964161764,,118.104119,40,0,40,1,717,1163,116.733333,118.446815,t1-pmed9-r5-R20-theta0.2-bbnc-i-e-l-linear-coloc-tl3600.out,,T1,,,,,0,200
pmed,Str1+VI0,Int,ColocOn,Str1+VI0,9,5,20,0.2,,OPTIMAL,3.44,2634,0,0.55999147667322,,118.104119,40,0,40,1,717,869,116.733333,118.446815,t1-pmed9-r5-R20-theta0.2-bbnc-i-e-linear-coloc-tl3600.out,,T1,,,,,0,200
pmed,Str0+VI1,Int,ColocOn,Str0+VI1,9,5,20,0.2,,OPTIMAL,0.21,14,0,0.0744622632509624,,118.104119,40,0,40,1,717,1154,116.733333,118.446815,t1-pmed9-r5-R20-theta0.2-bbnc-i-l-linear-coloc-tl3600.out,,T1,,,,,0,200
pmed,Str0+VI0,Int,ColocOn,Str0+VI0,9,5,20,0.2,,OPTIMAL,28.22,1473,0,0.852530808006786,,118.104119,40,0,40,1,537,973,116.733333,118.446815,t1-pmed9-r5-R20-theta0.2-bbnc-i-linear-coloc-tl3600.out,,T1,,,,,0,200
pmed,B&C-B,Bin,ColocOn,,9,5,20,0.2,,OPTIMAL,1.28,88,0,0.39936541078639,,118.104119,40,0,40,1,2222,872,116.733333,118.446815,t1-pmed9-r5-R20-theta0.2-bnc-b-linear-coloc-tl3600.out,,T1,,,,,0,200
pmed,Str1+VI1,Int,ColocOn,Str1+VI1+LocalSearch1,9,5,20,0.5,,OPTIMAL,0.13,3,0,0,,117.590074,40,0,40,1,534,934,116.733333,118.446815,t1-pmed9-r5-R20-theta0.5-bbnc-i-e-l-linear-coloc-tl3600.out,,T1,,,,,0,200
pmed,Str1+VI0,Int,ColocOn,Str1+VI0,9,5,20,0.5,,OPTIMAL,0.31,140,0,0.181684552728494,,117.590074,40,0,40,1,717,723,116.733333,118.446815,t1-pmed9-r5-R20-theta0.5-bbnc-i-e-linear-coloc-tl3600.out,,T1,,,,,0,200
pmed,Str0+VI1,Int,ColocOn,Str0+VI1,9,5,20,0.5,,OPTIMAL,0.17,7,0,0.00301215900246473,,117.590074,40,0,40,1,535,973,116.733333,118.446815,t1-pmed9-r5-R20-theta0.5-bbnc-i-l-linear-coloc-tl3600.out,,T1,,,,,0,200
pmed,Str0+VI0,Int,ColocOn,Str0+VI0,9,5,20,0.5,,OPTIMAL,0.4,175,0,0.221374127207364,,117.590074,40,0,40,1,717,755,116.733333,118.446815,t1-pmed9-r5-R20-theta0.5-bbnc-i-linear-coloc-tl3600.out,,T1,,,,,0,200
pmed,B&C-B,Bin,ColocOn,,9,5,20,0.5,,OPTIMAL,0.77,66,0,0.0770575244301598,,117.590074,40,0,40,1,738,909,116.733333,118.446815,t1-pmed9-r5-R20-theta0.5-bnc-b-linear-coloc-tl3600.out,,T1,,,,,0,200
pmed,Str1+VI1,Int,ColocOn,Str1+VI1+LocalSearch1,9,5,20,0.8,,OPTIMAL,0.09,2,0,0,,117.07603,40,0,40,1,717,796,116.733333,118.446815,t1-pmed9-r5-R20-theta0.8-bbnc-i-e-l-linear-coloc-tl3600.out,,T1,,,,,0,200
pmed,Str1+VI0,Int,ColocOn,Str1+VI0,9,5,20,0.8,,OPTIMAL,0.07,3,0,0,,117.07603,40,0,40,1,717,646,116.733333,118.446815,t1-pmed9-r5-R20-theta0.8-bbnc-i-e-linear-coloc-tl3600.out,,T1,,,,,0,200
pmed,Str0+VI1,Int,ColocOn,Str0+VI1,9,5,20,0.8,,OPTIMAL,0.09,0,0,0,,117.07603,40,0,40,1,501,828,116.733333,118.446815,t1-pmed9-r5-R20-theta0.8-bbnc-i-l-linear-coloc-tl3600.out,,T1,,,,,0,200
pmed,Str0+VI0,Int,ColocOn,Str0+VI0,9,5,20,0.8,,OPTIMAL,0.12,6,0,0.00376251227513551,,117.07603,40,0,40,1,527,675,116.733333,118.446815,t1-pmed9-r5-R20-theta0.8-bbnc-i-linear-coloc-tl3600.out,,T1,,,,,0,200
pmed,B&C-B,Bin,ColocOn,,9,5,20,0.8,,OPTIMAL,0.42,6,0,0.00963903541997527,,117.07603,40,0,40,1,576,908,116.733333,118.446815,t1-pmed9-r5-R20-theta0.8-bnc-b-linear-coloc-tl3600.out,,T1,,,,,0,200
