instance,dataset,dataset_label,theta,theta_label,method,solved,time,nodes,gap,rgap,source
1|1|20|0.01|1090,1,1-100-5,0.01,$\theta=0.01$,Str0+VI0,True,0.02,0.0,0.0,0.0,t2-pmed1-r1-R20-theta0.01-bbnc-i-facility-mixture-lh1090-low0.001to0.01-high0.1to0.5-seed1-coloc-tl3600.out
1|1|20|0.01|5050,1,1-100-5,0.01,$\theta=0.01$,Str0+VI0,True,0.01,0.0,0.0,0.0,t2-pmed1-r1-R20-theta0.01-bbnc-i-facility-mixture-lh5050-low0.001to0.01-high0.1to0.5-seed1-coloc-tl3600.out
1|1|20|0.01|9010,1,1-100-5,0.01,$\theta=0.01$,Str0+VI0,True,0.02,0.0,0.0,0.0,t2-pmed1-r1-R20-theta0.01-bbnc-i-facility-mixture-lh9010-low0.001to0.01-high0.1to0.5-seed1-coloc-tl3600.out
1|1|20|0.01|1090,1,1-100-5,0.01,$\theta=0.01$,Str0+VI1,True,0.02,0.0,0.0,0.0,t2-pmed1-r1-R20-theta0.01-bbnc-i-l-facility-mixture-lh1090-low0.001to0.01-high0.1to0.5-seed1-coloc-tl3600.out
1|1|20|0.01|5050,1,1-100-5,0.01,$\theta=0.01$,Str0+VI1,True,0.01,0.0,0.0,0.0,t2-pmed1-r1-R20-theta0.01-bbnc-i-l-facility-mixture-lh5050-low0.001to0.01-high0.1to0.5-seed1-coloc-tl3600.out
1|1|20|0.01|9010,1,1-100-5,0.01,$\theta=0.01$,Str0+VI1,True,0.02,0.0,0.0,0.0,t2-pmed1-r1-R20-theta0.01-bbnc-i-l-facility-mixture-lh9010-low0.001to0.01-high0.1to0.5-seed1-coloc-tl3600.out
1|1|20|0.01|1090,1,1-100-5,0.01,$\theta=0.01$,Str1+VI0,True,0.01,0.0,0.0,0.0,t2-pmed1-r1-R20-theta0.01-bbnc-i-e-facility-mixture-lh1090-low0.001to0.01-high0.1to0.5-seed1-coloc-tl3600.out
1|1|20|0.01|5050,1,1-100-5,0.01,$\theta=0.01$,Str1+VI0,True,0.01,0.0,0.0,0.0,t2-pmed1-r1-R20-theta0.01-bbnc-i-e-facility-mixture-lh5050-low0.001to0.01-high0.1to0.5-seed1-coloc-tl3600.out
1|1|20|0.01|9010,1,1-100-5,0.01,$\theta=0.01$,Str1+VI0,True,0.02,0.0,0.0,0.0,t2-pmed1-r1-R20-theta0.01-bbnc-i-e-facility-mixture-lh9010-low0.001to0.01-high0.1to0.5-seed1-coloc-tl3600.out
1|1|20|0.01|1090,1,1-100-5,0.01,$\theta=0.01$,Str1+VI1,True,0.01,0.0,0.0,0.0,t2-pmed1-r1-R20-theta0.01-bbnc-i-e-l-facility-mixture-lh1090-low0.001to0.01-high0.1to0.5-seed1-coloc-tl3600.out
1|1|20|0.01|5050,1,1-100-5,0.01,$\theta=0.01$,Str1+VI1,True,0.01,0.0,0.0,0.0,t2-pmed1-r1-R20-theta0.01-bbnc-i-e-l-facility-mixture-lh5050-low0.001to0.01-high0.1to0.5-seed1-coloc-tl3600.out
1|1|20|0.01|9010,1,1-100-5,0.01,$\theta=0.01$,Str1+VI1,True,0.05,0.0,0.0,0.0,t2-pmed1-r1-R20-theta0.01-bbnc-i-e-l-facility-mixture-lh9010-low0.001to0.01-high0.1to0.5-seed1-coloc-tl3600.out
1|1|20|0.1|1090,1,1-100-5,0.1,$\theta=0.1$,Str0+VI0,True,0.03,0.0,0.0,0.0,t2-pmed1-r1-R20-theta0.1-bbnc-i-facility-mixture-lh1090-low0.001to0.01-high0.1to0.5-seed1-coloc-tl3600.out
1|1|20|0.1|5050,1,1-100-5,0.1,$\theta=0.1$,Str0+VI0,True,0.01,0.0,0.0,0.0,t2-pmed1-r1-R20-theta0.1-bbnc-i-facility-mixture-lh5050-low0.001to0.01-high0.1to0.5-seed1-coloc-tl3600.out
1|1|20|0.1|9010,1,1-100-5,0.1,$\theta=0.1$,Str0+VI0,True,0.02,0.0,0.0,0.0,t2-pmed1-r1-R20-theta0.1-bbnc-i-facility-mixture-lh9010-low0.001to0.01-high0.1to0.5-seed1-coloc-tl3600.out
1|1|20|0.1|1090,1,1-100-5,0.1,$\theta=0.1$,Str0+VI1,True,0.01,0.0,0.0,0.0,t2-pmed1-r1-R20-theta0.1-bbnc-i-l-facility-mixture-lh1090-low0.001to0.01-high0.1to0.5-seed1-coloc-tl3600.out
1|1|20|0.1|5050,1,1-100-5,0.1,$\theta=0.1$,Str0+VI1,True,0.02,0.0,0.0,0.0,t2-pmed1-r1-R20-theta0.1-bbnc-i-l-facility-mixture-lh5050-low0.001to0.01-high0.1to0.5-seed1-coloc-tl3600.out
1|1|20|0.1|9010,1,1-100-5,0.1,$\theta=0.1$,Str0+VI1,True,0.04,0.0,0.0,0.0,t2-pmed1-r1-R20-theta0.1-bbnc-i-l-facility-mixture-lh9010-low0.001to0.01-high0.1to0.5-seed1-coloc-tl3600.out
1|1|20|0.1|1090,1,1-100-5,0.1,$\theta=0.1$,Str1+VI0,True,0.01,0.0,0.0,0.0,t2-pmed1-r1-R20-theta0.1-bbnc-i-e-facility-mixture-lh1090-low0.001to0.01-high0.1to0.5-seed1-coloc-tl3600.out
1|1|20|0.1|5050,1,1-100-5,0.1,$\theta=0.1$,Str1+VI0,True,0.01,0.0,0.0,0.0,t2-pmed1-r1-R20-theta0.1-bbnc-i-e-facility-mixture-lh5050-low0.001to0.01-high0.1to0.5-seed1-coloc-tl3600.out
1|1|20|0.1|9010,1,1-100-5,0.1,$\theta=0.1$,Str1+VI0,True,0.01,0.0,0.0,0.0,t2-pmed1-r1-R20-theta0.1-bbnc-i-e-facility-mixture-lh9010-low0.001to0.01-high0.1to0.5-seed1-coloc-tl3600.out
1|1|20|0.1|1090,1,1-100-5,0.1,$\theta=0.1$,Str1+VI1,True,0.01,0.0,0.0,0.0,t2-pmed1-r1-R20-theta0.1-bbnc-i-e-l-facility-mixture-lh1090-low0.001to0.01-high0.1to0.5-seed1-coloc-tl3600.out
1|1|20|0.1|5050,1,1-100-5,0.1,$\theta=0.1$,Str1+VI1,True,0.03,0.0,0.0,0.0,t2-pmed1-r1-R20-theta0.1-bbnc-i-e-l-facility-mixture-lh5050-low0.001to0.01-high0.1to0.5-seed1-coloc-tl3600.out
1|1|20|0.1|9010,1,1-100-5,0.1,$\theta=0.1$,Str1+VI1,True,0.02,0.0,0.0,0.0,t2-pmed1-r1-R20-theta0.1-bbnc-i-e-l-facility-mixture-lh9010-low0.001to0.01-high0.1to0.5-seed1-coloc-tl3600.out
1|1|20|0.2|1090,1,1-100-5,0.2,$\theta=0.2$,Str0+VI0,True,0.01,0.0,0.0,0.0,t2-pmed1-r1-R20-theta0.2-bbnc-i-facility-mixture-lh1090-low0.001to0.01-high0.1to0.5-seed1-coloc-tl3600.out
1|1|20|0.2|5050,1,1-100-5,0.2,$\theta=0.2$,Str0+VI0,True,0.02,0.0,0.0,0.0,t2-pmed1-r1-R20-theta0.2-bbnc-i-facility-mixture-lh5050-low0.001to0.01-high0.1to0.5-seed1-coloc-tl3600.out
1|1|20|0.2|9010,1,1-100-5,0.2,$\theta=0.2$,Str0+VI0,True,0.02,0.0,0.0,0.0,t2-pmed1-r1-R20-theta0.2-bbnc-i-facility-mixture-lh9010-low0.001to0.01-high0.1to0.5-seed1-coloc-tl3600.out
1|1|20|0.2|1090,1,1-100-5,0.2,$\theta=0.2$,Str0+VI1,True,0.02,0.0,0.0,0.0,t2-pmed1-r1-R20-theta0.2-bbnc-i-l-facility-mixture-lh1090-low0.001to0.01-high0.1to0.5-seed1-coloc-tl3600.out
1|1|20|0.2|5050,1,1-100-5,0.2,$\theta=0.2$,Str0+VI1,True,0.01,0.0,0.0,0.0,t2-pmed1-r1-R20-theta0.2-bbnc-i-l-facility-mixture-lh5050-low0.001to0.01-high0.1to0.5-seed1-coloc-tl3600.out
1|1|20|0.2|9010,1,1-100-5,0.2,$\theta=0.2$,Str0+VI1,True,0.02,0.0,0.0,0.0,t2-pmed1-r1-R20-theta0.2-bbnc-i-l-facility-mixture-lh9010-low0.001to0.01-high0.1to0.5-seed1-coloc-tl3600.out
1|1|20|0.2|1090,1,1-100-5,0.2,$\theta=0.2$,Str1+VI0,True,0.02,0.0,0.0,0.0,t2-pmed1-r1-R20-theta0.2-bbnc-i-e-facility-mixture-lh1090-low0.001to0.01-high0.1to0.5-seed1-coloc-tl3600.out
1|1|20|0.2|5050,1,1-100-5,0.2,$\theta=0.2$,Str1+VI0,True,0.01,0.0,0.0,0.0,t2-pmed1-r1-R20-theta0.2-bbnc-i-e-facility-mixture-lh5050-low0.001to0.01-high0.1to0.5-seed1-coloc-tl3600.out
1|1|20|0.2|9010,1,1-100-5,0.2,$\theta=0.2$,Str1+VI0,True,0.02,0.0,0.0,0.0,t2-pmed1-r1-R20-theta0.2-bbnc-i-e-facility-mixture-lh9010-low0.001to0.01-high0.1to0.5-seed1-coloc-tl3600.out
1|1|20|0.2|1090,1,1-100-5,0.2,$\theta=0.2$,Str1+VI1,True,0.01,0.0,0.0,0.0,t2-pmed1-r1-R20-theta0.2-bbnc-i-e-l-facility-mixture-lh1090-low0.001to0.01-high0.1to0.5-seed1-coloc-tl3600.out
1|1|20|0.2|5050,1,1-100-5,0.2,$\theta=0.2$,Str1+VI1,True,0.01,0.0,0.0,0.0,t2-pmed1-r1-R20-theta0.2-bbnc-i-e-l-facility-mixture-lh5050-low0.001to0.01-high0.1to0.5-seed1-coloc-tl3600.out
1|1|20|0.2|9010,1,1-100-5,0.2,$\theta=0.2$,Str1+VI1,True,0.02,0.0,0.0,0.0,t2-pmed1-r1-R20-theta0.2-bbnc-i-e-l-facility-mixture-lh9010-low0.001to0.01-high0.1to0.5-seed1-coloc-tl3600.out
1|2|20|0.01|1090,1,1-100-5,0.01,$\theta=0.01$,Str0+VI0,True,0.01,0.0,0.0,0.0,t2-pmed1-r2-R20-theta0.01-bbnc-i-facility-mixture-lh1090-low0.001to0.01-high0.1to0.5-seed1-coloc-tl3600.out
1|2|20|0.01|5050,1,1-100-5,0.01,$\theta=0.01$,Str0+VI0,True,0.01,0.0,0.0,0.0,t2-pmed1-r2-R20-theta0.01-bbnc-i-facility-mixture-lh5050-low0.001to0.01-high0.1to0.5-seed1-coloc-tl3600.out
1|2|20|0.01|9010,1,1-100-5,0.01,$\theta=0.01$,Str0+VI0,True,0.01,0.0,0.0,0.0,t2-pmed1-r2-R20-theta0.01-bbnc-i-facility-mixture-lh9010-low0.001to0.01-high0.1to0.5-seed1-coloc-tl3600.out
1|2|20|0.01|1090,1,1-100-5,0.01,$\theta=0.01$,Str0+VI1,True,0.01,0.0,0.0,0.0,t2-pmed1-r2-R20-theta0.01-bbnc-i-l-facility-mixture-lh1090-low0.001to0.01-high0.1to0.5-seed1-coloc-tl3600.out
1|2|20|0.01|5050,1,1-100-5,0.01,$\theta=0.01$,Str0+VI1,True,0.01,0.0,0.0,0.0,t2-pmed1-r2-R20-theta0.01-bbnc-i-l-facility-mixture-lh5050-low0.001to0.01-high0.1to0.5-seed1-coloc-tl3600.out
1|2|20|0.01|9010,1,1-100-5,0.01,$\theta=0.01$,Str0+VI1,True,0.01,0.0,0.0,0.0,t2-pmed1-r2-R20-theta0.01-bbnc-i-l-facility-mixture-lh9010-low0.001to0.01-high0.1to0.5-seed1-coloc-tl3600.out
1|2|20|0.01|1090,1,1-100-5,0.01,$\theta=0.01$,Str1+VI0,True,0.01,0.0,0.0,0.0,t2-pmed1-r2-R20-theta0.01-bbnc-i-e-facility-mixture-lh1090-low0.001to0.01-high0.1to0.5-seed1-coloc-tl3600.out
1|2|20|0.01|5050,1,1-100-5,0.01,$\theta=0.01$,Str1+VI0,True,0.01,0.0,0.0,0.0,t2-pmed1-r2-R20-theta0.01-bbnc-i-e-facility-mixture-lh5050-low0.001to0.01-high0.1to0.5-seed1-coloc-tl3600.out
1|2|20|0.01|9010,1,1-100-5,0.01,$\theta=0.01$,Str1+VI0,True,0.01,0.0,0.0,0.0,t2-pmed1-r2-R20-theta0.01-bbnc-i-e-facility-mixture-lh9010-low0.001to0.01-high0.1to0.5-seed1-coloc-tl3600.out
1|2|20|0.01|1090,1,1-100-5,0.01,$\theta=0.01$,Str1+VI1,True,0.01,0.0,0.0,0.0,t2-pmed1-r2-R20-theta0.01-bbnc-i-e-l-facility-mixture-lh1090-low0.001to0.01-high0.1to0.5-seed1-coloc-tl3600.out
1|2|20|0.01|5050,1,1-100-5,0.01,$\theta=0.01$,Str1+VI1,True,0.01,0.0,0.0,0.0,t2-pmed1-r2-R20-theta0.01-bbnc-i-e-l-facility-mixture-lh5050-low0.001to0.01-high0.1to0.5-seed1-coloc-tl3600.out
1|2|20|0.01|9010,1,1-100-5,0.01,$\theta=0.01$,Str1+VI1,True,0.01,0.0,0.0,0.0,t2-pmed1-r2-R20-theta0.01-bbnc-i-e-l-facility-mixture-lh9010-low0.001to0.01-high0.1to0.5-seed1-coloc-tl3600.out
1|2|20|0.1|1090,1,1-100-5,0.1,$\theta=0.1$,Str0+VI0,True,0.02,0.0,0.0,0.0,t2-pmed1-r2-R20-theta0.1-bbnc-i-facility-mixture-lh1090-low0.001to0.01-high0.1to0.5-seed1-coloc-tl3600.out
1|2|20|0.1|5050,1,1-100-5,0.1,$\theta=0.1$,Str0+VI0,True,0.01,0.0,0.0,0.0,t2-pmed1-r2-R20-theta0.1-bbnc-i-facility-mixture-lh5050-low0.001to0.01-high0.1to0.5-seed1-coloc-tl3600.out
1|2|20|0.1|9010,1,1-100-5,0.1,$\theta=0.1$,Str0+VI0,True,0.01,0.0,0.0,0.0,t2-pmed1-r2-R20-theta0.1-bbnc-i-facility-mixture-lh9010-low0.001to0.01-high0.1to0.5-seed1-coloc-tl3600.out
1|2|20|0.1|1090,1,1-100-5,0.1,$\theta=0.1$,Str0+VI1,True,0.02,0.0,0.0,0.0,t2-pmed1-r2-R20-theta0.1-bbnc-i-l-facility-mixture-lh1090-low0.001to0.01-high0.1to0.5-seed1-coloc-tl3600.out
1|2|20|0.1|5050,1,1-100-5,0.1,$\theta=0.1$,Str0+VI1,True,0.01,0.0,0.0,0.0,t2-pmed1-r2-R20-theta0.1-bbnc-i-l-facility-mixture-lh5050-low0.001to0.01-high0.1to0.5-seed1-coloc-tl3600.out
1|2|20|0.1|9010,1,1-100-5,0.1,$\theta=0.1$,Str0+VI1,True,0.01,0.0,0.0,0.0,t2-pmed1-r2-R20-theta0.1-bbnc-i-l-facility-mixture-lh9010-low0.001to0.01-high0.1to0.5-seed1-coloc-tl3600.out
1|2|20|0.1|1090,1,1-100-5,0.1,$\theta=0.1$,Str1+VI0,True,0.01,0.0,0.0,0.0,t2-pmed1-r2-R20-theta0.1-bbnc-i-e-facility-mixture-lh1090-low0.001to0.01-high0.1to0.5-seed1-coloc-tl3600.out
1|2|20|0.1|5050,1,1-100-5,0.1,$\theta=0.1$,Str1+VI0,True,0.01,0.0,0.0,0.0,t2-pmed1-r2-R20-theta0.1-bbnc-i-e-facility-mixture-lh5050-low0.001to0.01-high0.1to0.5-seed1-coloc-tl3600.out
1|2|20|0.1|9010,1,1-100-5,0.1,$\theta=0.1$,Str1+VI0,True,0.01,0.0,0.0,0.0,t2-pmed1-r2-R20-theta0.1-bbnc-i-e-facility-mixture-lh9010-low0.001to0.01-high0.1to0.5-seed1-coloc-tl3600.out
1|2|20|0.1|1090,1,1-100-5,0.1,$\theta=0.1$,Str1+VI1,True,0.01,0.0,0.0,0.0,t2-pmed1-r2-R20-theta0.1-bbnc-i-e-l-facility-mixture-lh1090-low0.001to0.01-high0.1to0.5-seed1-coloc-tl3600.out
1|2|20|0.1|5050,1,1-100-5,0.1,$\theta=0.1$,Str1+VI1,True,0.01,0.0,0.0,0.0,t2-pmed1-r2-R20-theta0.1-bbnc-i-e-l-facility-mixture-lh5050-low0.001to0.01-high0.1to0.5-seed1-coloc-tl3600.out
1|2|20|0.1|9010,1,1-100-5,0.1,$\theta=0.1$,Str1+VI1,True,0.01,0.0,0.0,0.0,t2-pmed1-r2-R20-theta0.1-bbnc-i-e-l-facility-mixture-lh9010-low0.001to0.01-high0.1to0.5-seed1-coloc-tl3600.out
1|2|20|0.2|1090,1,1-100-5,0.2,$\theta=0.2$,Str0+VI0,True,0.01,0.0,0.0,0.0,t2-pmed1-r2-R20-theta0.2-bbnc-i-facility-mixture-lh1090-low0.001to0.01-high0.1to0.5-seed1-coloc-tl3600.out
1|2|20|0.2|5050,1,1-100-5,0.2,$\theta=0.2$,Str0+VI0,True,0.01,0.0,0.0,0.0,t2-pmed1-r2-R20-theta0.2-bbnc-i-facility-mixture-lh5050-low0.001to0.01-high0.1to0.5-seed1-coloc-tl3600.out
1|2|20|0.2|9010,1,1-100-5,0.2,$\theta=0.2$,Str0+VI0,True,0.01,0.0,0.0,0.0,t2-pmed1-r2-R20-theta0.2-bbnc-i-facility-mixture-lh9010-low0.001to0.01-high0.1to0.5-seed1-coloc-tl3600.out
1|2|20|0.2|1090,1,1-100-5,0.2,$\theta=0.2$,Str0+VI1,True,0.01,0.0,0.0,0.0,t2-pmed1-r2-R20-theta0.2-bbnc-i-l-facility-mixture-lh1090-low0.001to0.01-high0.1to0.5-seed1-coloc-tl3600.out
1|2|20|0.2|5050,1,1-100-5,0.2,$\theta=0.2$,Str0+VI1,True,0.01,0.0,0.0,0.0,t2-pmed1-r2-R20-theta0.2-bbnc-i-l-facility-mixture-lh5050-low0.001to0.01-high0.1to0.5-seed1-coloc-tl3600.out
1|2|20|0.2|9010,1,1-100-5,0.2,$\theta=0.2$,Str0+VI1,True,0.01,0.0,0.0,0.0,t2-pmed1-r2-R20-theta0.2-bbnc-i-l-facility-mixture-lh9010-low0.001to0.01-high0.1to0.5-seed1-coloc-tl3600.out
1|2|20|0.2|1090,1,1-100-5,0.2,$\theta=0.2$,Str1+VI0,True,0.01,0.0,0.0,0.0,t2-pmed1-r2-R20-theta0.2-bbnc-i-e-facility-mixture-lh1090-low0.001to0.01-high0.1to0.5-seed1-coloc-tl3600.out
1|2|20|0.2|5050,1,1-100-5,0.2,$\theta=0.2$,Str1+VI0,True,0.01,0.0,0.0,0.0,t2-pmed1-r2-R20-theta0.2-bbnc-i-e-facility-mixture-lh5050-low0.001to0.01-high0.1to0.5-seed1-coloc-tl3600.out
1|2|20|0.2|9010,1,1-100-5,0.2,$\theta=0.2$,Str1+VI0,True,0.01,0.0,0.0,0.0,t2-pmed1-r2-R20-theta0.2-bbnc-i-e-facility-mixture-lh9010-low0.001to0.01-high0.1to0.5-seed1-coloc-tl3600.out
1|2|20|0.2|1090,1,1-100-5,0.2,$\theta=0.2$,Str1+VI1,True,0.01,0.0,0.0,0.0,t2-pmed1-r2-R20-theta0.2-bbnc-i-e-l-facility-mixture-lh1090-low0.001to0.01-high0.1to0.5-seed1-coloc-tl3600.out
1|2|20|0.2|5050,1,1-100-5,0.2,$\theta=0.2$,Str1+VI1,True,0.01,0.0,0.0,0.0,t2-pmed1-r2-R20-theta0.2-bbnc-i-e-l-facility-mixture-lh5050-low0.001to0.01-high0.1to0.5-seed1-coloc-tl3600.out
1|2|20|0.2|9010,1,1-100-5,0.2,$\theta=0.2$,Str1+VI1,True,0.01,0.0,0.0,0.0,t2-pmed1-r2-R20-theta0.2-bbnc-i-e-l-facility-mixture-lh9010-low0.001to0.01-high0.1to0.5-seed1-coloc-tl3600.out
10|1|20|0.01|1090,10,10-200-67,0.01,$\theta=0.01$,Str0+VI0,True,17.51,9389.0,0.0,1.14190645879901,t2-pmed10-r1-R20-theta0.01-bbnc-i-facility-mixture-lh1090-low0.001to0.01-high0.1to0.5-seed1-coloc-tl3600.out
10|1|20|0.01|5050,10,10-200-67,0.01,$\theta=0.01$,Str0+VI0,True,2.84,832.0,0.0,0.658156681029866,t2-pmed10-r1-R20-theta0.01-bbnc-i-facility-mixture-lh5050-low0.001to0.01-high0.1to0.5-seed1-coloc-tl3600.out
10|1|20|0.01|9010,10,10-200-67,0.01,$\theta=0.01$,Str0+VI0,True,2.67,1051.0,0.0,0.517535871005125,t2-pmed10-r1-R20-theta0.01-bbnc-i-facility-mixture-lh9010-low0.001to0.01-high0.1to0.5-seed1-coloc-tl3600.out
10|1|20|0.01|1090,10,10-200-67,0.01,$\theta=0.01$,Str0+VI1,True,7.39,1791.0,0.0,0.56832410584481,t2-pmed10-r1-R20-theta0.01-bbnc-i-l-facility-mixture-lh1090-low0.001to0.01-high0.1to0.5-seed1-coloc-tl3600.out
10|1|20|0.01|5050,10,10-200-67,0.01,$\theta=0.01$,Str0+VI1,True,3.69,1559.0,0.0,0.16470178258304,t2-pmed10-r1-R20-theta0.01-bbnc-i-l-facility-mixture-lh5050-low0.001to0.01-high0.1to0.5-seed1-coloc-tl3600.out
10|1|20|0.01|9010,10,10-200-67,0.01,$\theta=0.01$,Str0+VI1,True,1.35,477.0,0.0,0.105479768137317,t2-pmed10-r1-R20-theta0.01-bbnc-i-l-facility-mixture-lh9010-low0.001to0.01-high0.1to0.5-seed1-coloc-tl3600.out
10|1|20|0.01|1090,10,10-200-67,0.01,$\theta=0.01$,Str1+VI0,True,13.9,7460.0,0.0,0.954510739543992,t2-pmed10-r1-R20-theta0.01-bbnc-i-e-facility-mixture-lh1090-low0.001to0.01-high0.1to0.5-seed1-coloc-tl3600.out
10|1|20|0.01|5050,10,10-200-67,0.01,$\theta=0.01$,Str1+VI0,True,2.6,638.0,0.0,0.585605595551005,t2-pmed10-r1-R20-theta0.01-bbnc-i-e-facility-mixture-lh5050-low0.001to0.01-high0.1to0.5-seed1-coloc-tl3600.out
10|1|20|0.01|9010,10,10-200-67,0.01,$\theta=0.01$,Str1+VI0,True,1.67,593.0,0.0,0.498471806211139,t2-pmed10-r1-R20-theta0.01-bbnc-i-e-facility-mixture-lh9010-low0.001to0.01-high0.1to0.5-seed1-coloc-tl3600.out
10|1|20|0.01|1090,10,10-200-67,0.01,$\theta=0.01$,Str1+VI1,True,4.6,932.0,0.0,0.49479309652597,t2-pmed10-r1-R20-theta0.01-bbnc-i-e-l-facility-mixture-lh1090-low0.001to0.01-high0.1to0.5-seed1-coloc-tl3600.out
10|1|20|0.01|5050,10,10-200-67,0.01,$\theta=0.01$,Str1+VI1,True,2.67,1067.0,0.0,0.152584565500375,t2-pmed10-r1-R20-theta0.01-bbnc-i-e-l-facility-mixture-lh5050-low0.001to0.01-high0.1to0.5-seed1-coloc-tl3600.out
10|1|20|0.01|9010,10,10-200-67,0.01,$\theta=0.01$,Str1+VI1,True,2.78,1438.0,0.0,0.0853100612318079,t2-pmed10-r1-R20-theta0.01-bbnc-i-e-l-facility-mixture-lh9010-low0.001to0.01-high0.1to0.5-seed1-coloc-tl3600.out
10|1|20|0.1|1090,10,10-200-67,0.1,$\theta=0.1$,Str0+VI0,True,11.56,5517.0,0.0,0.966869156396211,t2-pmed10-r1-R20-theta0.1-bbnc-i-facility-mixture-lh1090-low0.001to0.01-high0.1to0.5-seed1-coloc-tl3600.out
10|1|20|0.1|5050,10,10-200-67,0.1,$\theta=0.1$,Str0+VI0,True,2.27,1029.0,0.0,0.354457935217105,t2-pmed10-r1-R20-theta0.1-bbnc-i-facility-mixture-lh5050-low0.001to0.01-high0.1to0.5-seed1-coloc-tl3600.out
10|1|20|0.1|9010,10,10-200-67,0.1,$\theta=0.1$,Str0+VI0,True,1.8,767.0,0.0,0.395462731119184,t2-pmed10-r1-R20-theta0.1-bbnc-i-facility-mixture-lh9010-low0.001to0.01-high0.1to0.5-seed1-coloc-tl3600.out
10|1|20|0.1|1090,10,10-200-67,0.1,$\theta=0.1$,Str0+VI1,True,4.72,1350.0,0.0,0.36617014324855,t2-pmed10-r1-R20-theta0.1-bbnc-i-l-facility-mixture-lh1090-low0.001to0.01-high0.1to0.5-seed1-coloc-tl3600.out
10|1|20|0.1|5050,10,10-200-67,0.1,$\theta=0.1$,Str0+VI1,True,4.09,2149.0,0.0,0.064666213989803,t2-pmed10-r1-R20-theta0.1-bbnc-i-l-facility-mixture-lh5050-low0.001to0.01-high0.1to0.5-seed1-coloc-tl3600.out
10|1|20|0.1|9010,10,10-200-67,0.1,$\theta=0.1$,Str0+VI1,True,0.7,225.0,0.0,0.146094781170829,t2-pmed10-r1-R20-theta0.1-bbnc-i-l-facility-mixture-lh9010-low0.001to0.01-high0.1to0.5-seed1-coloc-tl3600.out
10|1|20|0.1|1090,10,10-200-67,0.1,$\theta=0.1$,Str1+VI0,True,3.76,1316.0,0.0,0.793826203389967,t2-pmed10-r1-R20-theta0.1-bbnc-i-e-facility-mixture-lh1090-low0.001to0.01-high0.1to0.5-seed1-coloc-tl3600.out
10|1|20|0.1|5050,10,10-200-67,0.1,$\theta=0.1$,Str1+VI0,True,1.35,512.0,0.0,0.337194333823501,t2-pmed10-r1-R20-theta0.1-bbnc-i-e-facility-mixture-lh5050-low0.001to0.01-high0.1to0.5-seed1-coloc-tl3600.out
10|1|20|0.1|9010,10,10-200-67,0.1,$\theta=0.1$,Str1+VI0,True,1.57,557.0,0.0,0.439055203573732,t2-pmed10-r1-R20-theta0.1-bbnc-i-e-facility-mixture-lh9010-low0.001to0.01-high0.1to0.5-seed1-coloc-tl3600.out
10|1|20|0.1|1090,10,10-200-67,0.1,$\theta=0.1$,Str1+VI1,True,6.13,3015.0,0.0,0.32363915220808,t2-pmed10-r1-R20-theta0.1-bbnc-i-e-l-facility-mixture-lh1090-low0.001to0.01-high0.1to0.5-seed1-coloc-tl3600.out
10|1|20|0.1|5050,10,10-200-67,0.1,$\theta=0.1$,Str1+VI1,True,1.76,512.0,0.0,0.100512826459931,t2-pmed10-r1-R20-theta0.1-bbnc-i-e-l-facility-mixture-lh5050-low0.001to0.01-high0.1to0.5-seed1-coloc-tl3600.out
10|1|20|0.1|9010,10,10-200-67,0.1,$\theta=0.1$,Str1+VI1,True,0.7,167.0,0.0,0.138062668926238,t2-pmed10-r1-R20-theta0.1-bbnc-i-e-l-facility-mixture-lh9010-low0.001to0.01-high0.1to0.5-seed1-coloc-tl3600.out
10|1|20|0.2|1090,10,10-200-67,0.2,$\theta=0.2$,Str0+VI0,True,5.85,2033.0,0.0,0.854492973128184,t2-pmed10-r1-R20-theta0.2-bbnc-i-facility-mixture-lh1090-low0.001to0.01-high0.1to0.5-seed1-coloc-tl3600.out
10|1|20|0.2|5050,10,10-200-67,0.2,$\theta=0.2$,Str0+VI0,True,2.92,1168.0,0.0,0.623175054743539,t2-pmed10-r1-R20-theta0.2-bbnc-i-facility-mixture-lh5050-low0.001to0.01-high0.1to0.5-seed1-coloc-tl3600.out
10|1|20|0.2|9010,10,10-200-67,0.2,$\theta=0.2$,Str0+VI0,True,1.94,767.0,0.0,0.595527221843705,t2-pmed10-r1-R20-theta0.2-bbnc-i-facility-mixture-lh9010-low0.001to0.01-high0.1to0.5-seed1-coloc-tl3600.out
10|1|20|0.2|1090,10,10-200-67,0.2,$\theta=0.2$,Str0+VI1,True,2.8,887.0,0.0,0.225267653014078,t2-pmed10-r1-R20-theta0.2-bbnc-i-l-facility-mixture-lh1090-low0.001to0.01-high0.1to0.5-seed1-coloc-tl3600.out
10|1|20|0.2|5050,10,10-200-67,0.2,$\theta=0.2$,Str0+VI1,True,3.57,1604.0,0.0,0.140302758176352,t2-pmed10-r1-R20-theta0.2-bbnc-i-l-facility-mixture-lh5050-low0.001to0.01-high0.1to0.5-seed1-coloc-tl3600.out
10|1|20|0.2|9010,10,10-200-67,0.2,$\theta=0.2$,Str0+VI1,True,0.89,284.0,0.0,0.218902466314025,t2-pmed10-r1-R20-theta0.2-bbnc-i-l-facility-mixture-lh9010-low0.001to0.01-high0.1to0.5-seed1-coloc-tl3600.out
10|1|20|0.2|1090,10,10-200-67,0.2,$\theta=0.2$,Str1+VI0,True,3.84,1127.0,0.0,0.575889513673771,t2-pmed10-r1-R20-theta0.2-bbnc-i-e-facility-mixture-lh1090-low0.001to0.01-high0.1to0.5-seed1-coloc-tl3600.out
10|1|20|0.2|5050,10,10-200-67,0.2,$\theta=0.2$,Str1+VI0,True,2.45,1041.0,0.0,0.456166893685022,t2-pmed10-r1-R20-theta0.2-bbnc-i-e-facility-mixture-lh5050-low0.001to0.01-high0.1to0.5-seed1-coloc-tl3600.out
10|1|20|0.2|9010,10,10-200-67,0.2,$\theta=0.2$,Str1+VI0,True,3.51,1629.0,0.0,0.551203014239307,t2-pmed10-r1-R20-theta0.2-bbnc-i-e-facility-mixture-lh9010-low0.001to0.01-high0.1to0.5-seed1-coloc-tl3600.out
10|1|20|0.2|1090,10,10-200-67,0.2,$\theta=0.2$,Str1+VI1,True,5.17,1862.0,0.0,0.196308433386574,t2-pmed10-r1-R20-theta0.2-bbnc-i-e-l-facility-mixture-lh1090-low0.001to0.01-high0.1to0.5-seed1-coloc-tl3600.out
10|1|20|0.2|5050,10,10-200-67,0.2,$\theta=0.2$,Str1+VI1,True,0.47,99.0,0.0,0.137403729907731,t2-pmed10-r1-R20-theta0.2-bbnc-i-e-l-facility-mixture-lh5050-low0.001to0.01-high0.1to0.5-seed1-coloc-tl3600.out
10|1|20|0.2|9010,10,10-200-67,0.2,$\theta=0.2$,Str1+VI1,True,1.31,468.0,0.0,0.257729589289838,t2-pmed10-r1-R20-theta0.2-bbnc-i-e-l-facility-mixture-lh9010-low0.001to0.01-high0.1to0.5-seed1-coloc-tl3600.out
10|2|20|0.01|1090,10,10-200-67,0.01,$\theta=0.01$,Str0+VI0,True,28.23,15509.0,0.0,1.48108246647111,t2-pmed10-r2-R20-theta0.01-bbnc-i-facility-mixture-lh1090-low0.001to0.01-high0.1to0.5-seed1-coloc-tl3600.out
10|2|20|0.01|5050,10,10-200-67,0.01,$\theta=0.01$,Str0+VI0,True,3.12,911.0,0.0,0.899380245263602,t2-pmed10-r2-R20-theta0.01-bbnc-i-facility-mixture-lh5050-low0.001to0.01-high0.1to0.5-seed1-coloc-tl3600.out
10|2|20|0.01|9010,10,10-200-67,0.01,$\theta=0.01$,Str0+VI0,True,2.36,945.0,0.0,0.639530639546308,t2-pmed10-r2-R20-theta0.01-bbnc-i-facility-mixture-lh9010-low0.001to0.01-high0.1to0.5-seed1-coloc-tl3600.out
10|2|20|0.01|1090,10,10-200-67,0.01,$\theta=0.01$,Str0+VI1,True,6.49,1870.0,0.0,0.578241373336638,t2-pmed10-r2-R20-theta0.01-bbnc-i-l-facility-mixture-lh1090-low0.001to0.01-high0.1to0.5-seed1-coloc-tl3600.out
10|2|20|0.01|5050,10,10-200-67,0.01,$\theta=0.01$,Str0+VI1,True,3.85,1515.0,0.0,0.346190922267053,t2-pmed10-r2-R20-theta0.01-bbnc-i-l-facility-mixture-lh5050-low0.001to0.01-high0.1to0.5-seed1-coloc-tl3600.out
10|2|20|0.01|9010,10,10-200-67,0.01,$\theta=0.01$,Str0+VI1,True,1.2,473.0,0.0,0.148500355765683,t2-pmed10-r2-R20-theta0.01-bbnc-i-l-facility-mixture-lh9010-low0.001to0.01-high0.1to0.5-seed1-coloc-tl3600.out
10|2|20|0.01|1090,10,10-200-67,0.01,$\theta=0.01$,Str1+VI0,True,4.24,1307.0,0.0,1.20887624236502,t2-pmed10-r2-R20-theta0.01-bbnc-i-e-facility-mixture-lh1090-low0.001to0.01-high0.1to0.5-seed1-coloc-tl3600.out
10|2|20|0.01|5050,10,10-200-67,0.01,$\theta=0.01$,Str1+VI0,True,1.65,525.0,0.0,0.643205309355109,t2-pmed10-r2-R20-theta0.01-bbnc-i-e-facility-mixture-lh5050-low0.001to0.01-high0.1to0.5-seed1-coloc-tl3600.out
10|2|20|0.01|9010,10,10-200-67,0.01,$\theta=0.01$,Str1+VI0,True,1.58,547.0,0.0,0.554479783060376,t2-pmed10-r2-R20-theta0.01-bbnc-i-e-facility-mixture-lh9010-low0.001to0.01-high0.1to0.5-seed1-coloc-tl3600.out
10|2|20|0.01|1090,10,10-200-67,0.01,$\theta=0.01$,Str1+VI1,True,5.36,1292.0,0.0,0.458229723067656,t2-pmed10-r2-R20-theta0.01-bbnc-i-e-l-facility-mixture-lh1090-low0.001to0.01-high0.1to0.5-seed1-coloc-tl3600.out
10|2|20|0.01|5050,10,10-200-67,0.01,$\theta=0.01$,Str1+VI1,True,1.2,347.0,0.0,0.287353177982832,t2-pmed10-r2-R20-theta0.01-bbnc-i-e-l-facility-mixture-lh5050-low0.001to0.01-high0.1to0.5-seed1-coloc-tl3600.out
10|2|20|0.01|9010,10,10-200-67,0.01,$\theta=0.01$,Str1+VI1,True,1.35,609.0,0.0,0.0527179940540189,t2-pmed10-r2-R20-theta0.01-bbnc-i-e-l-facility-mixture-lh9010-low0.001to0.01-high0.1to0.5-seed1-coloc-tl3600.out
10|2|20|0.1|1090,10,10-200-67,0.1,$\theta=0.1$,Str0+VI0,True,15.26,7587.0,0.0,1.33029818603991,t2-pmed10-r2-R20-theta0.1-bbnc-i-facility-mixture-lh1090-low0.001to0.01-high0.1to0.5-seed1-coloc-tl3600.out
10|2|20|0.1|5050,10,10-200-67,0.1,$\theta=0.1$,Str0+VI0,True,2.9,1186.0,0.0,0.555140285281958,t2-pmed10-r2-R20-theta0.1-bbnc-i-facility-mixture-lh5050-low0.001to0.01-high0.1to0.5-seed1-coloc-tl3600.out
10|2|20|0.1|9010,10,10-200-67,0.1,$\theta=0.1$,Str0+VI0,True,1.71,644.0,0.0,0.612182663136371,t2-pmed10-r2-R20-theta0.1-bbnc-i-facility-mixture-lh9010-low0.001to0.01-high0.1to0.5-seed1-coloc-tl3600.out
10|2|20|0.1|1090,10,10-200-67,0.1,$\theta=0.1$,Str0+VI1,True,6.58,1991.0,0.0,0.382803979077019,t2-pmed10-r2-R20-theta0.1-bbnc-i-l-facility-mixture-lh1090-low0.001to0.01-high0.1to0.5-seed1-coloc-tl3600.out
10|2|20|0.1|5050,10,10-200-67,0.1,$\theta=0.1$,Str0+VI1,True,4.53,2096.0,0.0,0.0988865548366818,t2-pmed10-r2-R20-theta0.1-bbnc-i-l-facility-mixture-lh5050-low0.001to0.01-high0.1to0.5-seed1-coloc-tl3600.out
10|2|20|0.1|9010,10,10-200-67,0.1,$\theta=0.1$,Str0+VI1,True,0.69,217.0,0.0,0.12406265171018,t2-pmed10-r2-R20-theta0.1-bbnc-i-l-facility-mixture-lh9010-low0.001to0.01-high0.1to0.5-seed1-coloc-tl3600.out
10|2|20|0.1|1090,10,10-200-67,0.1,$\theta=0.1$,Str1+VI0,True,5.52,2228.0,0.0,1.1019621961622,t2-pmed10-r2-R20-theta0.1-bbnc-i-e-facility-mixture-lh1090-low0.001to0.01-high0.1to0.5-seed1-coloc-tl3600.out
10|2|20|0.1|5050,10,10-200-67,0.1,$\theta=0.1$,Str1+VI0,True,1.91,649.0,0.0,0.527102756351504,t2-pmed10-r2-R20-theta0.1-bbnc-i-e-facility-mixture-lh5050-low0.001to0.01-high0.1to0.5-seed1-coloc-tl3600.out
10|2|20|0.1|9010,10,10-200-67,0.1,$\theta=0.1$,Str1+VI0,True,2.45,1193.0,0.0,0.646033196034173,t2-pmed10-r2-R20-theta0.1-bbnc-i-e-facility-mixture-lh9010-low0.001to0.01-high0.1to0.5-seed1-coloc-tl3600.out
10|2|20|0.1|1090,10,10-200-67,0.1,$\theta=0.1$,Str1+VI1,True,9.51,4768.0,0.0,0.386988314164764,t2-pmed10-r2-R20-theta0.1-bbnc-i-e-l-facility-mixture-lh1090-low0.001to0.01-high0.1to0.5-seed1-coloc-tl3600.out
10|2|20|0.1|5050,10,10-200-67,0.1,$\theta=0.1$,Str1+VI1,True,2.57,1575.0,0.0,0.138930316885183,t2-pmed10-r2-R20-theta0.1-bbnc-i-e-l-facility-mixture-lh5050-low0.001to0.01-high0.1to0.5-seed1-coloc-tl3600.out
10|2|20|0.1|9010,10,10-200-67,0.1,$\theta=0.1$,Str1+VI1,True,0.39,73.0,0.0,0.147661989187482,t2-pmed10-r2-R20-theta0.1-bbnc-i-e-l-facility-mixture-lh9010-low0.001to0.01-high0.1to0.5-seed1-coloc-tl3600.out
10|2|20|0.2|1090,10,10-200-67,0.2,$\theta=0.2$,Str0+VI0,True,9.2,4532.0,0.0,0.958444449580248,t2-pmed10-r2-R20-theta0.2-bbnc-i-facility-mixture-lh1090-low0.001to0.01-high0.1to0.5-seed1-coloc-tl3600.out
10|2|20|0.2|5050,10,10-200-67,0.2,$\theta=0.2$,Str0+VI0,True,3.49,1264.0,0.0,0.720093979175503,t2-pmed10-r2-R20-theta0.2-bbnc-i-facility-mixture-lh5050-low0.001to0.01-high0.1to0.5-seed1-coloc-tl3600.out
10|2|20|0.2|9010,10,10-200-67,0.2,$\theta=0.2$,Str0+VI0,True,1.8,707.0,0.0,0.707523253261555,t2-pmed10-r2-R20-theta0.2-bbnc-i-facility-mixture-lh9010-low0.001to0.01-high0.1to0.5-seed1-coloc-tl3600.out
10|2|20|0.2|1090,10,10-200-67,0.2,$\theta=0.2$,Str0+VI1,True,2.16,640.0,0.0,0.246339513739648,t2-pmed10-r2-R20-theta0.2-bbnc-i-l-facility-mixture-lh1090-low0.001to0.01-high0.1to0.5-seed1-coloc-tl3600.out
10|2|20|0.2|5050,10,10-200-67,0.2,$\theta=0.2$,Str0+VI1,True,4.92,2235.0,0.0,0.105845374817804,t2-pmed10-r2-R20-theta0.2-bbnc-i-l-facility-mixture-lh5050-low0.001to0.01-high0.1to0.5-seed1-coloc-tl3600.out
10|2|20|0.2|9010,10,10-200-67,0.2,$\theta=0.2$,Str0+VI1,True,0.91,250.0,0.0,0.270871240710008,t2-pmed10-r2-R20-theta0.2-bbnc-i-l-facility-mixture-lh9010-low0.001to0.01-high0.1to0.5-seed1-coloc-tl3600.out
10|2|20|0.2|1090,10,10-200-67,0.2,$\theta=0.2$,Str1+VI0,True,5.49,2234.0,0.0,0.902629201424086,t2-pmed10-r2-R20-theta0.2-bbnc-i-e-facility-mixture-lh1090-low0.001to0.01-high0.1to0.5-seed1-coloc-tl3600.out
10|2|20|0.2|5050,10,10-200-67,0.2,$\theta=0.2$,Str1+VI0,True,1.8,553.0,0.0,0.648272678796662,t2-pmed10-r2-R20-theta0.2-bbnc-i-e-facility-mixture-lh5050-low0.001to0.01-high0.1to0.5-seed1-coloc-tl3600.out
10|2|20|0.2|9010,10,10-200-67,0.2,$\theta=0.2$,Str1+VI0,True,1.82,591.0,0.0,0.723314390405535,t2-pmed10-r2-R20-theta0.2-bbnc-i-e-facility-mixture-lh9010-low0.001to0.01-high0.1to0.5-seed1-coloc-tl3600.out
10|2|20|0.2|1090,10,10-200-67,0.2,$\theta=0.2$,Str1+VI1,True,2.31,785.0,0.0,0.266862492837634,t2-pmed10-r2-R20-theta0.2-bbnc-i-e-l-facility-mixture-lh1090-low0.001to0.01-high0.1to0.5-seed1-coloc-tl3600.out
10|2|20|0.2|5050,10,10-200-67,0.2,$\theta=0.2$,Str1+VI1,True,1.91,638.0,0.0,0.109426620532918,t2-pmed10-r2-R20-theta0.2-bbnc-i-e-l-facility-mixture-lh5050-low0.001to0.01-high0.1to0.5-seed1-coloc-tl3600.out
10|2|20|0.2|9010,10,10-200-67,0.2,$\theta=0.2$,Str1+VI1,True,1.8,653.0,0.0,0.228632911085611,t2-pmed10-r2-R20-theta0.2-bbnc-i-e-l-facility-mixture-lh9010-low0.001to0.01-high0.1to0.5-seed1-coloc-tl3600.out
11|1|20|0.01|1090,11,11-300-5,0.01,$\theta=0.01$,Str0+VI0,True,0.39,45.0,0.0,0.739482191470985,t2-pmed11-r1-R20-theta0.01-bbnc-i-facility-mixture-lh1090-low0.001to0.01-high0.1to0.5-seed1-coloc-tl3600.out
11|1|20|0.01|5050,11,11-300-5,0.01,$\theta=0.01$,Str0+VI0,True,0.27,30.0,0.0,0.889920814548643,t2-pmed11-r1-R20-theta0.01-bbnc-i-facility-mixture-lh5050-low0.001to0.01-high0.1to0.5-seed1-coloc-tl3600.out
11|1|20|0.01|9010,11,11-300-5,0.01,$\theta=0.01$,Str0+VI0,True,0.05,0.0,0.0,0.0,t2-pmed11-r1-R20-theta0.01-bbnc-i-facility-mixture-lh9010-low0.001to0.01-high0.1to0.5-seed1-coloc-tl3600.out
11|1|20|0.01|1090,11,11-300-5,0.01,$\theta=0.01$,Str0+VI1,True,0.33,1.0,0.0,0.0,t2-pmed11-r1-R20-theta0.01-bbnc-i-l-facility-mixture-lh1090-low0.001to0.01-high0.1to0.5-seed1-coloc-tl3600.out
11|1|20|0.01|5050,11,11-300-5,0.01,$\theta=0.01$,Str0+VI1,True,0.33,15.0,0.0,0.385848849386697,t2-pmed11-r1-R20-theta0.01-bbnc-i-l-facility-mixture-lh5050-low0.001to0.01-high0.1to0.5-seed1-coloc-tl3600.out
11|1|20|0.01|9010,11,11-300-5,0.01,$\theta=0.01$,Str0+VI1,True,0.07,0.0,0.0,0.0,t2-pmed11-r1-R20-theta0.01-bbnc-i-l-facility-mixture-lh9010-low0.001to0.01-high0.1to0.5-seed1-coloc-tl3600.out
11|1|20|0.01|1090,11,11-300-5,0.01,$\theta=0.01$,Str1+VI0,True,0.34,35.0,0.0,0.74620059469835,t2-pmed11-r1-R20-theta0.01-bbnc-i-e-facility-mixture-lh1090-low0.001to0.01-high0.1to0.5-seed1-coloc-tl3600.out
11|1|20|0.01|5050,11,11-300-5,0.01,$\theta=0.01$,Str1+VI0,True,0.33,27.0,0.0,0.696734292816712,t2-pmed11-r1-R20-theta0.01-bbnc-i-e-facility-mixture-lh5050-low0.001to0.01-high0.1to0.5-seed1-coloc-tl3600.out
11|1|20|0.01|9010,11,11-300-5,0.01,$\theta=0.01$,Str1+VI0,True,0.05,0.0,0.0,0.0,t2-pmed11-r1-R20-theta0.01-bbnc-i-e-facility-mixture-lh9010-low0.001to0.01-high0.1to0.5-seed1-coloc-tl3600.out
11|1|20|0.01|1090,11,11-300-5,0.01,$\theta=0.01$,Str1+VI1,True,0.31,7.0,0.0,0.0527743233380872,t2-pmed11-r1-R20-theta0.01-bbnc-i-e-l-facility-mixture-lh1090-low0.001to0.01-high0.1to0.5-seed1-coloc-tl3600.out
11|1|20|0.01|5050,11,11-300-5,0.01,$\theta=0.01$,Str1+VI1,True,0.32,9.0,0.0,0.346673104573572,t2-pmed11-r1-R20-theta0.01-bbnc-i-e-l-facility-mixture-lh5050-low0.001to0.01-high0.1to0.5-seed1-coloc-tl3600.out
11|1|20|0.01|9010,11,11-300-5,0.01,$\theta=0.01$,Str1+VI1,True,0.07,0.0,0.0,0.0,t2-pmed11-r1-R20-theta0.01-bbnc-i-e-l-facility-mixture-lh9010-low0.001to0.01-high0.1to0.5-seed1-coloc-tl3600.out
11|1|20|0.1|1090,11,11-300-5,0.1,$\theta=0.1$,Str0+VI0,True,0.32,43.0,0.0,0.972307929888235,t2-pmed11-r1-R20-theta0.1-bbnc-i-facility-mixture-lh1090-low0.001to0.01-high0.1to0.5-seed1-coloc-tl3600.out
11|1|20|0.1|5050,11,11-300-5,0.1,$\theta=0.1$,Str0+VI0,True,0.22,15.0,0.0,0.924624482199209,t2-pmed11-r1-R20-theta0.1-bbnc-i-facility-mixture-lh5050-low0.001to0.01-high0.1to0.5-seed1-coloc-tl3600.out
11|1|20|0.1|9010,11,11-300-5,0.1,$\theta=0.1$,Str0+VI0,True,0.08,0.0,0.0,0.0,t2-pmed11-r1-R20-theta0.1-bbnc-i-facility-mixture-lh9010-low0.001to0.01-high0.1to0.5-seed1-coloc-tl3600.out
11|1|20|0.1|1090,11,11-300-5,0.1,$\theta=0.1$,Str0+VI1,True,0.17,0.0,0.0,0.0,t2-pmed11-r1-R20-theta0.1-bbnc-i-l-facility-mixture-lh1090-low0.001to0.01-high0.1to0.5-seed1-coloc-tl3600.out
11|1|20|0.1|5050,11,11-300-5,0.1,$\theta=0.1$,Str0+VI1,True,0.25,5.0,0.0,0.0952704164380107,t2-pmed11-r1-R20-theta0.1-bbnc-i-l-facility-mixture-lh5050-low0.001to0.01-high0.1to0.5-seed1-coloc-tl3600.out
11|1|20|0.1|9010,11,11-300-5,0.1,$\theta=0.1$,Str0+VI1,True,0.08,0.0,0.0,0.0,t2-pmed11-r1-R20-theta0.1-bbnc-i-l-facility-mixture-lh9010-low0.001to0.01-high0.1to0.5-seed1-coloc-tl3600.out
11|1|20|0.1|1090,11,11-300-5,0.1,$\theta=0.1$,Str1+VI0,True,0.26,35.0,0.0,1.02195456764949,t2-pmed11-r1-R20-theta0.1-bbnc-i-e-facility-mixture-lh1090-low0.001to0.01-high0.1to0.5-seed1-coloc-tl3600.out
11|1|20|0.1|5050,11,11-300-5,0.1,$\theta=0.1$,Str1+VI0,True,0.21,25.0,0.0,0.717383715592932,t2-pmed11-r1-R20-theta0.1-bbnc-i-e-facility-mixture-lh5050-low0.001to0.01-high0.1to0.5-seed1-coloc-tl3600.out
11|1|20|0.1|9010,11,11-300-5,0.1,$\theta=0.1$,Str1+VI0,True,0.08,0.0,0.0,0.0,t2-pmed11-r1-R20-theta0.1-bbnc-i-e-facility-mixture-lh9010-low0.001to0.01-high0.1to0.5-seed1-coloc-tl3600.out
11|1|20|0.1|1090,11,11-300-5,0.1,$\theta=0.1$,Str1+VI1,True,0.17,0.0,0.0,0.0,t2-pmed11-r1-R20-theta0.1-bbnc-i-e-l-facility-mixture-lh1090-low0.001to0.01-high0.1to0.5-seed1-coloc-tl3600.out
11|1|20|0.1|5050,11,11-300-5,0.1,$\theta=0.1$,Str1+VI1,True,0.24,1.0,0.0,0.0,t2-pmed11-r1-R20-theta0.1-bbnc-i-e-l-facility-mixture-lh5050-low0.001to0.01-high0.1to0.5-seed1-coloc-tl3600.out
11|1|20|0.1|9010,11,11-300-5,0.1,$\theta=0.1$,Str1+VI1,True,0.08,0.0,0.0,0.0,t2-pmed11-r1-R20-theta0.1-bbnc-i-e-l-facility-mixture-lh9010-low0.001to0.01-high0.1to0.5-seed1-coloc-tl3600.out
11|1|20|0.2|1090,11,11-300-5,0.2,$\theta=0.2$,Str0+VI0,True,0.27,38.0,0.0,0.854375035089239,t2-pmed11-r1-R20-theta0.2-bbnc-i-facility-mixture-lh1090-low0.001to0.01-high0.1to0.5-seed1-coloc-tl3600.out
11|1|20|0.2|5050,11,11-300-5,0.2,$\theta=0.2$,Str0+VI0,True,0.21,27.0,0.0,0.733930423834157,t2-pmed11-r1-R20-theta0.2-bbnc-i-facility-mixture-lh5050-low0.001to0.01-high0.1to0.5-seed1-coloc-tl3600.out
11|1|20|0.2|9010,11,11-300-5,0.2,$\theta=0.2$,Str0+VI0,True,0.13,3.0,0.0,0.0,t2-pmed11-r1-R20-theta0.2-bbnc-i-facility-mixture-lh9010-low0.001to0.01-high0.1to0.5-seed1-coloc-tl3600.out
11|1|20|0.2|1090,11,11-300-5,0.2,$\theta=0.2$,Str0+VI1,True,0.16,0.0,0.0,0.0,t2-pmed11-r1-R20-theta0.2-bbnc-i-l-facility-mixture-lh1090-low0.001to0.01-high0.1to0.5-seed1-coloc-tl3600.out
11|1|20|0.2|5050,11,11-300-5,0.2,$\theta=0.2$,Str0+VI1,True,0.16,0.0,0.0,0.0,t2-pmed11-r1-R20-theta0.2-bbnc-i-l-facility-mixture-lh5050-low0.001to0.01-high0.1to0.5-seed1-coloc-tl3600.out
11|1|20|0.2|9010,11,11-300-5,0.2,$\theta=0.2$,Str0+VI1,True,0.15,3.0,0.0,0.0,t2-pmed11-r1-R20-theta0.2-bbnc-i-l-facility-mixture-lh9010-low0.001to0.01-high0.1to0.5-seed1-coloc-tl3600.out
11|1|20|0.2|1090,11,11-300-5,0.2,$\theta=0.2$,Str1+VI0,True,0.25,17.0,0.0,0.689722149077344,t2-pmed11-r1-R20-theta0.2-bbnc-i-e-facility-mixture-lh1090-low0.001to0.01-high0.1to0.5-seed1-coloc-tl3600.out
11|1|20|0.2|5050,11,11-300-5,0.2,$\theta=0.2$,Str1+VI0,True,0.19,17.0,0.0,0.719483351958265,t2-pmed11-r1-R20-theta0.2-bbnc-i-e-facility-mixture-lh5050-low0.001to0.01-high0.1to0.5-seed1-coloc-tl3600.out
11|1|20|0.2|9010,11,11-300-5,0.2,$\theta=0.2$,Str1+VI0,True,0.16,3.0,0.0,0.0,t2-pmed11-r1-R20-theta0.2-bbnc-i-e-facility-mixture-lh9010-low0.001to0.01-high0.1to0.5-seed1-coloc-tl3600.out
11|1|20|0.2|1090,11,11-300-5,0.2,$\theta=0.2$,Str1+VI1,True,0.18,0.0,0.0,0.0,t2-pmed11-r1-R20-theta0.2-bbnc-i-e-l-facility-mixture-lh1090-low0.001to0.01-high0.1to0.5-seed1-coloc-tl3600.out
11|1|20|0.2|5050,11,11-300-5,0.2,$\theta=0.2$,Str1+VI1,True,0.16,0.0,0.0,0.0,t2-pmed11-r1-R20-theta0.2-bbnc-i-e-l-facility-mixture-lh5050-low0.001to0.01-high0.1to0.5-seed1-coloc-tl3600.out
11|1|20|0.2|9010,11,11-300-5,0.2,$\theta=0.2$,Str1+VI1,True,0.18,3.0,0.0,0.0,t2-pmed11-r1-R20-theta0.2-bbnc-i-e-l-facility-mixture-lh9010-low0.001to0.01-high0.1to0.5-seed1-coloc-tl3600.out
11|2|20|0.01|1090,11,11-300-5,0.01,$\theta=0.01$,Str0+VI0,True,0.36,37.0,0.0,1.2627534512144,t2-pmed11-r2-R20-theta0.01-bbnc-i-facility-mixture-lh1090-low0.001to0.01-high0.1to0.5-seed1-coloc-tl3600.out
11|2|20|0.01|5050,11,11-300-5,0.01,$\theta=0.01$,Str0+VI0,True,0.3,40.0,0.0,0.864436215388894,t2-pmed11-r2-R20-theta0.01-bbnc-i-facility-mixture-lh5050-low0.001to0.01-high0.1to0.5-seed1-coloc-tl3600.out
11|2|20|0.01|9010,11,11-300-5,0.01,$\theta=0.01$,Str0+VI0,True,0.04,0.0,0.0,0.0,t2-pmed11-r2-R20-theta0.01-bbnc-i-facility-mixture-lh9010-low0.001to0.01-high0.1to0.5-seed1-coloc-tl3600.out
11|2|20|0.01|1090,11,11-300-5,0.01,$\theta=0.01$,Str0+VI1,True,0.36,4.0,0.0,0.0162809740753899,t2-pmed11-r2-R20-theta0.01-bbnc-i-l-facility-mixture-lh1090-low0.001to0.01-high0.1to0.5-seed1-coloc-tl3600.out
11|2|20|0.01|5050,11,11-300-5,0.01,$\theta=0.01$,Str0+VI1,True,0.28,10.0,0.0,0.321825940023351,t2-pmed11-r2-R20-theta0.01-bbnc-i-l-facility-mixture-lh5050-low0.001to0.01-high0.1to0.5-seed1-coloc-tl3600.out
11|2|20|0.01|9010,11,11-300-5,0.01,$\theta=0.01$,Str0+VI1,True,0.06,0.0,0.0,0.0,t2-pmed11-r2-R20-theta0.01-bbnc-i-l-facility-mixture-lh9010-low0.001to0.01-high0.1to0.5-seed1-coloc-tl3600.out
11|2|20|0.01|1090,11,11-300-5,0.01,$\theta=0.01$,Str1+VI0,True,0.3,30.0,0.0,0.8952572933676,t2-pmed11-r2-R20-theta0.01-bbnc-i-e-facility-mixture-lh1090-low0.001to0.01-high0.1to0.5-seed1-coloc-tl3600.out
11|2|20|0.01|5050,11,11-300-5,0.01,$\theta=0.01$,Str1+VI0,True,0.29,25.0,0.0,1.04677721645785,t2-pmed11-r2-R20-theta0.01-bbnc-i-e-facility-mixture-lh5050-low0.001to0.01-high0.1to0.5-seed1-coloc-tl3600.out
11|2|20|0.01|9010,11,11-300-5,0.01,$\theta=0.01$,Str1+VI0,True,0.05,0.0,0.0,0.0,t2-pmed11-r2-R20-theta0.01-bbnc-i-e-facility-mixture-lh9010-low0.001to0.01-high0.1to0.5-seed1-coloc-tl3600.out
11|2|20|0.01|1090,11,11-300-5,0.01,$\theta=0.01$,Str1+VI1,True,0.28,3.0,0.0,0.0,t2-pmed11-r2-R20-theta0.01-bbnc-i-e-l-facility-mixture-lh1090-low0.001to0.01-high0.1to0.5-seed1-coloc-tl3600.out
11|2|20|0.01|5050,11,11-300-5,0.01,$\theta=0.01$,Str1+VI1,True,0.27,10.0,0.0,0.24718764398214,t2-pmed11-r2-R20-theta0.01-bbnc-i-e-l-facility-mixture-lh5050-low0.001to0.01-high0.1to0.5-seed1-coloc-tl3600.out
11|2|20|0.01|9010,11,11-300-5,0.01,$\theta=0.01$,Str1+VI1,True,0.08,0.0,0.0,0.0,t2-pmed11-r2-R20-theta0.01-bbnc-i-e-l-facility-mixture-lh9010-low0.001to0.01-high0.1to0.5-seed1-coloc-tl3600.out
11|2|20|0.1|1090,11,11-300-5,0.1,$\theta=0.1$,Str0+VI0,True,0.32,52.0,0.0,1.41313251934631,t2-pmed11-r2-R20-theta0.1-bbnc-i-facility-mixture-lh1090-low0.001to0.01-high0.1to0.5-seed1-coloc-tl3600.out
11|2|20|0.1|5050,11,11-300-5,0.1,$\theta=0.1$,Str0+VI0,True,0.24,17.0,0.0,0.582233219948463,t2-pmed11-r2-R20-theta0.1-bbnc-i-facility-mixture-lh5050-low0.001to0.01-high0.1to0.5-seed1-coloc-tl3600.out
11|2|20|0.1|9010,11,11-300-5,0.1,$\theta=0.1$,Str0+VI0,True,0.06,0.0,0.0,0.0,t2-pmed11-r2-R20-theta0.1-bbnc-i-facility-mixture-lh9010-low0.001to0.01-high0.1to0.5-seed1-coloc-tl3600.out
11|2|20|0.1|1090,11,11-300-5,0.1,$\theta=0.1$,Str0+VI1,True,0.16,0.0,0.0,0.0,t2-pmed11-r2-R20-theta0.1-bbnc-i-l-facility-mixture-lh1090-low0.001to0.01-high0.1to0.5-seed1-coloc-tl3600.out
11|2|20|0.1|5050,11,11-300-5,0.1,$\theta=0.1$,Str0+VI1,True,0.24,5.0,0.0,0.082587954559425,t2-pmed11-r2-R20-theta0.1-bbnc-i-l-facility-mixture-lh5050-low0.001to0.01-high0.1to0.5-seed1-coloc-tl3600.out
11|2|20|0.1|9010,11,11-300-5,0.1,$\theta=0.1$,Str0+VI1,True,0.08,0.0,0.0,0.0,t2-pmed11-r2-R20-theta0.1-bbnc-i-l-facility-mixture-lh9010-low0.001to0.01-high0.1to0.5-seed1-coloc-tl3600.out
11|2|20|0.1|1090,11,11-300-5,0.1,$\theta=0.1$,Str1+VI0,True,0.26,35.0,0.0,0.793990456806301,t2-pmed11-r2-R20-theta0.1-bbnc-i-e-facility-mixture-lh1090-low0.001to0.01-high0.1to0.5-seed1-coloc-tl3600.out
11|2|20|0.1|5050,11,11-300-5,0.1,$\theta=0.1$,Str1+VI0,True,0.21,17.0,0.0,0.922712106299337,t2-pmed11-r2-R20-theta0.1-bbnc-i-e-facility-mixture-lh5050-low0.001to0.01-high0.1to0.5-seed1-coloc-tl3600.out
11|2|20|0.1|9010,11,11-300-5,0.1,$\theta=0.1$,Str1+VI0,True,0.05,0.0,0.0,0.0,t2-pmed11-r2-R20-theta0.1-bbnc-i-e-facility-mixture-lh9010-low0.001to0.01-high0.1to0.5-seed1-coloc-tl3600.out
11|2|20|0.1|1090,11,11-300-5,0.1,$\theta=0.1$,Str1+VI1,True,0.11,0.0,0.0,0.0,t2-pmed11-r2-R20-theta0.1-bbnc-i-e-l-facility-mixture-lh1090-low0.001to0.01-high0.1to0.5-seed1-coloc-tl3600.out
11|2|20|0.1|5050,11,11-300-5,0.1,$\theta=0.1$,Str1+VI1,True,0.23,2.0,0.0,0.0,t2-pmed11-r2-R20-theta0.1-bbnc-i-e-l-facility-mixture-lh5050-low0.001to0.01-high0.1to0.5-seed1-coloc-tl3600.out
11|2|20|0.1|9010,11,11-300-5,0.1,$\theta=0.1$,Str1+VI1,True,0.08,0.0,0.0,0.0,t2-pmed11-r2-R20-theta0.1-bbnc-i-e-l-facility-mixture-lh9010-low0.001to0.01-high0.1to0.5-seed1-coloc-tl3600.out
11|2|20|0.2|1090,11,11-300-5,0.2,$\theta=0.2$,Str0+VI0,True,0.25,23.0,0.0,0.765286731529992,t2-pmed11-r2-R20-theta0.2-bbnc-i-facility-mixture-lh1090-low0.001to0.01-high0.1to0.5-seed1-coloc-tl3600.out
11|2|20|0.2|5050,11,11-300-5,0.2,$\theta=0.2$,Str0+VI0,True,0.22,19.0,0.0,0.566328600924195,t2-pmed11-r2-R20-theta0.2-bbnc-i-facility-mixture-lh5050-low0.001to0.01-high0.1to0.5-seed1-coloc-tl3600.out
11|2|20|0.2|9010,11,11-300-5,0.2,$\theta=0.2$,Str0+VI0,True,0.14,3.0,0.0,0.0,t2-pmed11-r2-R20-theta0.2-bbnc-i-facility-mixture-lh9010-low0.001to0.01-high0.1to0.5-seed1-coloc-tl3600.out
11|2|20|0.2|1090,11,11-300-5,0.2,$\theta=0.2$,Str0+VI1,True,0.11,0.0,0.0,0.0,t2-pmed11-r2-R20-theta0.2-bbnc-i-l-facility-mixture-lh1090-low0.001to0.01-high0.1to0.5-seed1-coloc-tl3600.out
11|2|20|0.2|5050,11,11-300-5,0.2,$\theta=0.2$,Str0+VI1,True,0.16,0.0,0.0,0.0,t2-pmed11-r2-R20-theta0.2-bbnc-i-l-facility-mixture-lh5050-low0.001to0.01-high0.1to0.5-seed1-coloc-tl3600.out
11|2|20|0.2|9010,11,11-300-5,0.2,$\theta=0.2$,Str0+VI1,True,0.18,3.0,0.0,0.0,t2-pmed11-r2-R20-theta0.2-bbnc-i-l-facility-mixture-lh9010-low0.001to0.01-high0.1to0.5-seed1-coloc-tl3600.out
11|2|20|0.2|1090,11,11-300-5,0.2,$\theta=0.2$,Str1+VI0,True,0.23,16.0,0.0,0.710323646210032,t2-pmed11-r2-R20-theta0.2-bbnc-i-e-facility-mixture-lh1090-low0.001to0.01-high0.1to0.5-seed1-coloc-tl3600.out
11|2|20|0.2|5050,11,11-300-5,0.2,$\theta=0.2$,Str1+VI0,True,0.22,17.0,0.0,0.932606796867998,t2-pmed11-r2-R20-theta0.2-bbnc-i-e-facility-mixture-lh5050-low0.001to0.01-high0.1to0.5-seed1-coloc-tl3600.out
11|2|20|0.2|9010,11,11-300-5,0.2,$\theta=0.2$,Str1+VI0,True,0.13,3.0,0.0,0.0,t2-pmed11-r2-R20-theta0.2-bbnc-i-e-facility-mixture-lh9010-low0.001to0.01-high0.1to0.5-seed1-coloc-tl3600.out
11|2|20|0.2|1090,11,11-300-5,0.2,$\theta=0.2$,Str1+VI1,True,0.13,0.0,0.0,0.0,t2-pmed11-r2-R20-theta0.2-bbnc-i-e-l-facility-mixture-lh1090-low0.001to0.01-high0.1to0.5-seed1-coloc-tl3600.out
11|2|20|0.2|5050,11,11-300-5,0.2,$\theta=0.2$,Str1+VI1,True,0.16,0.0,0.0,0.0,t2-pmed11-r2-R20-theta0.2-bbnc-i-e-l-facility-mixture-lh5050-low0.001to0.01-high0.1to0.5-seed1-coloc-tl3600.out
11|2|20|0.2|9010,11,11-300-5,0.2,$\theta=0.2$,Str1+VI1,True,0.17,3.0,0.0,0.0,t2-pmed11-r2-R20-theta0.2-bbnc-i-e-l-facility-mixture-lh9010-low0.001to0.01-high0.1to0.5-seed1-coloc-tl3600.out
12|1|20|0.01|1090,12,12-300-10,0.01,$\theta=0.01$,Str0+VI0,True,0.73,122.0,0.0,0.47762435863837,t2-pmed12-r1-R20-theta0.01-bbnc-i-facility-mixture-lh1090-low0.001to0.01-high0.1to0.5-seed1-coloc-tl3600.out
12|1|20|0.01|5050,12,12-300-10,0.01,$\theta=0.01$,Str0+VI0,True,0.43,101.0,0.0,0.720775005973559,t2-pmed12-r1-R20-theta0.01-bbnc-i-facility-mixture-lh5050-low0.001to0.01-high0.1to0.5-seed1-coloc-tl3600.out
12|1|20|0.01|9010,12,12-300-10,0.01,$\theta=0.01$,Str0+VI0,True,0.13,0.0,0.0,0.0,t2-pmed12-r1-R20-theta0.01-bbnc-i-facility-mixture-lh9010-low0.001to0.01-high0.1to0.5-seed1-coloc-tl3600.out
12|1|20|0.01|1090,12,12-300-10,0.01,$\theta=0.01$,Str0+VI1,True,0.18,0.0,0.0,0.0,t2-pmed12-r1-R20-theta0.01-bbnc-i-l-facility-mixture-lh1090-low0.001to0.01-high0.1to0.5-seed1-coloc-tl3600.out
12|1|20|0.01|5050,12,12-300-10,0.01,$\theta=0.01$,Str0+VI1,True,0.29,24.0,0.0,0.258544008537415,t2-pmed12-r1-R20-theta0.01-bbnc-i-l-facility-mixture-lh5050-low0.001to0.01-high0.1to0.5-seed1-coloc-tl3600.out
12|1|20|0.01|9010,12,12-300-10,0.01,$\theta=0.01$,Str0+VI1,True,0.14,0.0,0.0,0.0,t2-pmed12-r1-R20-theta0.01-bbnc-i-l-facility-mixture-lh9010-low0.001to0.01-high0.1to0.5-seed1-coloc-tl3600.out
12|1|20|0.01|1090,12,12-300-10,0.01,$\theta=0.01$,Str1+VI0,True,0.46,35.0,0.0,0.277710653970261,t2-pmed12-r1-R20-theta0.01-bbnc-i-e-facility-mixture-lh1090-low0.001to0.01-high0.1to0.5-seed1-coloc-tl3600.out
12|1|20|0.01|5050,12,12-300-10,0.01,$\theta=0.01$,Str1+VI0,True,0.41,89.0,0.0,1.13048523541776,t2-pmed12-r1-R20-theta0.01-bbnc-i-e-facility-mixture-lh5050-low0.001to0.01-high0.1to0.5-seed1-coloc-tl3600.out
12|1|20|0.01|9010,12,12-300-10,0.01,$\theta=0.01$,Str1+VI0,True,0.12,0.0,0.0,0.0,t2-pmed12-r1-R20-theta0.01-bbnc-i-e-facility-mixture-lh9010-low0.001to0.01-high0.1to0.5-seed1-coloc-tl3600.out
12|1|20|0.01|1090,12,12-300-10,0.01,$\theta=0.01$,Str1+VI1,True,0.2,0.0,0.0,0.0,t2-pmed12-r1-R20-theta0.01-bbnc-i-e-l-facility-mixture-lh1090-low0.001to0.01-high0.1to0.5-seed1-coloc-tl3600.out
12|1|20|0.01|5050,12,12-300-10,0.01,$\theta=0.01$,Str1+VI1,True,0.29,15.0,0.0,0.323580536104795,t2-pmed12-r1-R20-theta0.01-bbnc-i-e-l-facility-mixture-lh5050-low0.001to0.01-high0.1to0.5-seed1-coloc-tl3600.out
12|1|20|0.01|9010,12,12-300-10,0.01,$\theta=0.01$,Str1+VI1,True,0.15,0.0,0.0,0.0,t2-pmed12-r1-R20-theta0.01-bbnc-i-e-l-facility-mixture-lh9010-low0.001to0.01-high0.1to0.5-seed1-coloc-tl3600.out
12|1|20|0.1|1090,12,12-300-10,0.1,$\theta=0.1$,Str0+VI0,True,0.36,58.0,0.0,0.640071654402852,t2-pmed12-r1-R20-theta0.1-bbnc-i-facility-mixture-lh1090-low0.001to0.01-high0.1to0.5-seed1-coloc-tl3600.out
12|1|20|0.1|5050,12,12-300-10,0.1,$\theta=0.1$,Str0+VI0,True,0.43,80.0,0.0,0.839203449625599,t2-pmed12-r1-R20-theta0.1-bbnc-i-facility-mixture-lh5050-low0.001to0.01-high0.1to0.5-seed1-coloc-tl3600.out
12|1|20|0.1|9010,12,12-300-10,0.1,$\theta=0.1$,Str0+VI0,True,0.09,0.0,0.0,0.0,t2-pmed12-r1-R20-theta0.1-bbnc-i-facility-mixture-lh9010-low0.001to0.01-high0.1to0.5-seed1-coloc-tl3600.out
12|1|20|0.1|1090,12,12-300-10,0.1,$\theta=0.1$,Str0+VI1,True,0.37,8.0,0.0,0.0342207173478533,t2-pmed12-r1-R20-theta0.1-bbnc-i-l-facility-mixture-lh1090-low0.001to0.01-high0.1to0.5-seed1-coloc-tl3600.out
12|1|20|0.1|5050,12,12-300-10,0.1,$\theta=0.1$,Str0+VI1,True,0.26,12.0,0.0,0.196818006537047,t2-pmed12-r1-R20-theta0.1-bbnc-i-l-facility-mixture-lh5050-low0.001to0.01-high0.1to0.5-seed1-coloc-tl3600.out
12|1|20|0.1|9010,12,12-300-10,0.1,$\theta=0.1$,Str0+VI1,True,0.08,0.0,0.0,0.0,t2-pmed12-r1-R20-theta0.1-bbnc-i-l-facility-mixture-lh9010-low0.001to0.01-high0.1to0.5-seed1-coloc-tl3600.out
12|1|20|0.1|1090,12,12-300-10,0.1,$\theta=0.1$,Str1+VI0,True,0.4,45.0,0.0,0.63007407508767,t2-pmed12-r1-R20-theta0.1-bbnc-i-e-facility-mixture-lh1090-low0.001to0.01-high0.1to0.5-seed1-coloc-tl3600.out
12|1|20|0.1|5050,12,12-300-10,0.1,$\theta=0.1$,Str1+VI0,True,0.27,37.0,0.0,0.496962590472923,t2-pmed12-r1-R20-theta0.1-bbnc-i-e-facility-mixture-lh5050-low0.001to0.01-high0.1to0.5-seed1-coloc-tl3600.out
12|1|20|0.1|9010,12,12-300-10,0.1,$\theta=0.1$,Str1+VI0,True,0.12,0.0,0.0,0.0,t2-pmed12-r1-R20-theta0.1-bbnc-i-e-facility-mixture-lh9010-low0.001to0.01-high0.1to0.5-seed1-coloc-tl3600.out
12|1|20|0.1|1090,12,12-300-10,0.1,$\theta=0.1$,Str1+VI1,True,0.31,5.0,0.0,0.0574945962572758,t2-pmed12-r1-R20-theta0.1-bbnc-i-e-l-facility-mixture-lh1090-low0.001to0.01-high0.1to0.5-seed1-coloc-tl3600.out
12|1|20|0.1|5050,12,12-300-10,0.1,$\theta=0.1$,Str1+VI1,True,0.27,13.0,0.0,0.247200796808075,t2-pmed12-r1-R20-theta0.1-bbnc-i-e-l-facility-mixture-lh5050-low0.001to0.01-high0.1to0.5-seed1-coloc-tl3600.out
12|1|20|0.1|9010,12,12-300-10,0.1,$\theta=0.1$,Str1+VI1,True,0.12,0.0,0.0,0.0,t2-pmed12-r1-R20-theta0.1-bbnc-i-e-l-facility-mixture-lh9010-low0.001to0.01-high0.1to0.5-seed1-coloc-tl3600.out
12|1|20|0.2|1090,12,12-300-10,0.2,$\theta=0.2$,Str0+VI0,True,0.36,39.0,0.0,0.500429158944726,t2-pmed12-r1-R20-theta0.2-bbnc-i-facility-mixture-lh1090-low0.001to0.01-high0.1to0.5-seed1-coloc-tl3600.out
12|1|20|0.2|5050,12,12-300-10,0.2,$\theta=0.2$,Str0+VI0,True,0.37,75.0,0.0,0.71050549453052,t2-pmed12-r1-R20-theta0.2-bbnc-i-facility-mixture-lh5050-low0.001to0.01-high0.1to0.5-seed1-coloc-tl3600.out
12|1|20|0.2|9010,12,12-300-10,0.2,$\theta=0.2$,Str0+VI0,True,0.1,0.0,0.0,0.0,t2-pmed12-r1-R20-theta0.2-bbnc-i-facility-mixture-lh9010-low0.001to0.01-high0.1to0.5-seed1-coloc-tl3600.out
12|1|20|0.2|1090,12,12-300-10,0.2,$\theta=0.2$,Str0+VI1,True,0.27,4.0,0.0,0.0201445298497676,t2-pmed12-r1-R20-theta0.2-bbnc-i-l-facility-mixture-lh1090-low0.001to0.01-high0.1to0.5-seed1-coloc-tl3600.out
12|1|20|0.2|5050,12,12-300-10,0.2,$\theta=0.2$,Str0+VI1,True,0.25,8.0,0.0,0.134671138874962,t2-pmed12-r1-R20-theta0.2-bbnc-i-l-facility-mixture-lh5050-low0.001to0.01-high0.1to0.5-seed1-coloc-tl3600.out
12|1|20|0.2|9010,12,12-300-10,0.2,$\theta=0.2$,Str0+VI1,True,0.06,0.0,0.0,0.0,t2-pmed12-r1-R20-theta0.2-bbnc-i-l-facility-mixture-lh9010-low0.001to0.01-high0.1to0.5-seed1-coloc-tl3600.out
12|1|20|0.2|1090,12,12-300-10,0.2,$\theta=0.2$,Str1+VI0,True,0.38,60.0,0.0,0.482303552019996,t2-pmed12-r1-R20-theta0.2-bbnc-i-e-facility-mixture-lh1090-low0.001to0.01-high0.1to0.5-seed1-coloc-tl3600.out
12|1|20|0.2|5050,12,12-300-10,0.2,$\theta=0.2$,Str1+VI0,True,0.25,29.0,0.0,0.47276598710748,t2-pmed12-r1-R20-theta0.2-bbnc-i-e-facility-mixture-lh5050-low0.001to0.01-high0.1to0.5-seed1-coloc-tl3600.out
12|1|20|0.2|9010,12,12-300-10,0.2,$\theta=0.2$,Str1+VI0,True,0.08,0.0,0.0,0.0,t2-pmed12-r1-R20-theta0.2-bbnc-i-e-facility-mixture-lh9010-low0.001to0.01-high0.1to0.5-seed1-coloc-tl3600.out
12|1|20|0.2|1090,12,12-300-10,0.2,$\theta=0.2$,Str1+VI1,True,0.29,0.0,0.0,0.0,t2-pmed12-r1-R20-theta0.2-bbnc-i-e-l-facility-mixture-lh1090-low0.001to0.01-high0.1to0.5-seed1-coloc-tl3600.out
12|1|20|0.2|5050,12,12-300-10,0.2,$\theta=0.2$,Str1+VI1,True,0.28,9.0,0.0,0.157325365250925,t2-pmed12-r1-R20-theta0.2-bbnc-i-e-l-facility-mixture-lh5050-low0.001to0.01-high0.1to0.5-seed1-coloc-tl3600.out
12|1|20|0.2|9010,12,12-300-10,0.2,$\theta=0.2$,Str1+VI1,True,0.09,0.0,0.0,0.0,t2-pmed12-r1-R20-theta0.2-bbnc-i-e-l-facility-mixture-lh9010-low0.001to0.01-high0.1to0.5-seed1-coloc-tl3600.out
12|2|20|0.01|1090,12,12-300-10,0.01,$\theta=0.01$,Str0+VI0,True,0.48,101.0,0.0,0.883213987078813,t2-pmed12-r2-R20-theta0.01-bbnc-i-facility-mixture-lh1090-low0.001to0.01-high0.1to0.5-seed1-coloc-tl3600.out
12|2|20|0.01|5050,12,12-300-10,0.01,$\theta=0.01$,Str0+VI0,True,0.47,123.0,0.0,1.04094634011892,t2-pmed12-r2-R20-theta0.01-bbnc-i-facility-mixture-lh5050-low0.001to0.01-high0.1to0.5-seed1-coloc-tl3600.out
12|2|20|0.01|9010,12,12-300-10,0.01,$\theta=0.01$,Str0+VI0,True,0.09,0.0,0.0,0.0,t2-pmed12-r2-R20-theta0.01-bbnc-i-facility-mixture-lh9010-low0.001to0.01-high0.1to0.5-seed1-coloc-tl3600.out
12|2|20|0.01|1090,12,12-300-10,0.01,$\theta=0.01$,Str0+VI1,True,0.39,13.0,0.0,0.0657151567313981,t2-pmed12-r2-R20-theta0.01-bbnc-i-l-facility-mixture-lh1090-low0.001to0.01-high0.1to0.5-seed1-coloc-tl3600.out
12|2|20|0.01|5050,12,12-300-10,0.01,$\theta=0.01$,Str0+VI1,True,0.43,27.0,0.0,0.593848528909051,t2-pmed12-r2-R20-theta0.01-bbnc-i-l-facility-mixture-lh5050-low0.001to0.01-high0.1to0.5-seed1-coloc-tl3600.out
12|2|20|0.01|9010,12,12-300-10,0.01,$\theta=0.01$,Str0+VI1,True,0.12,0.0,0.0,0.0,t2-pmed12-r2-R20-theta0.01-bbnc-i-l-facility-mixture-lh9010-low0.001to0.01-high0.1to0.5-seed1-coloc-tl3600.out
12|2|20|0.01|1090,12,12-300-10,0.01,$\theta=0.01$,Str1+VI0,True,0.52,117.0,0.0,0.877594333178442,t2-pmed12-r2-R20-theta0.01-bbnc-i-e-facility-mixture-lh1090-low0.001to0.01-high0.1to0.5-seed1-coloc-tl3600.out
12|2|20|0.01|5050,12,12-300-10,0.01,$\theta=0.01$,Str1+VI0,True,0.79,250.0,0.0,1.22331312439478,t2-pmed12-r2-R20-theta0.01-bbnc-i-e-facility-mixture-lh5050-low0.001to0.01-high0.1to0.5-seed1-coloc-tl3600.out
12|2|20|0.01|9010,12,12-300-10,0.01,$\theta=0.01$,Str1+VI0,True,0.09,0.0,0.0,0.0,t2-pmed12-r2-R20-theta0.01-bbnc-i-e-facility-mixture-lh9010-low0.001to0.01-high0.1to0.5-seed1-coloc-tl3600.out
12|2|20|0.01|1090,12,12-300-10,0.01,$\theta=0.01$,Str1+VI1,True,0.62,10.0,0.0,0.21441669578708,t2-pmed12-r2-R20-theta0.01-bbnc-i-e-l-facility-mixture-lh1090-low0.001to0.01-high0.1to0.5-seed1-coloc-tl3600.out
12|2|20|0.01|5050,12,12-300-10,0.01,$\theta=0.01$,Str1+VI1,True,0.32,23.0,0.0,0.509292690668161,t2-pmed12-r2-R20-theta0.01-bbnc-i-e-l-facility-mixture-lh5050-low0.001to0.01-high0.1to0.5-seed1-coloc-tl3600.out
12|2|20|0.01|9010,12,12-300-10,0.01,$\theta=0.01$,Str1+VI1,True,0.12,0.0,0.0,0.0,t2-pmed12-r2-R20-theta0.01-bbnc-i-e-l-facility-mixture-lh9010-low0.001to0.01-high0.1to0.5-seed1-coloc-tl3600.out
12|2|20|0.1|1090,12,12-300-10,0.1,$\theta=0.1$,Str0+VI0,True,0.42,50.0,0.0,0.428026795122704,t2-pmed12-r2-R20-theta0.1-bbnc-i-facility-mixture-lh1090-low0.001to0.01-high0.1to0.5-seed1-coloc-tl3600.out
12|2|20|0.1|5050,12,12-300-10,0.1,$\theta=0.1$,Str0+VI0,True,0.6,159.0,0.0,1.20244731479037,t2-pmed12-r2-R20-theta0.1-bbnc-i-facility-mixture-lh5050-low0.001to0.01-high0.1to0.5-seed1-coloc-tl3600.out
12|2|20|0.1|9010,12,12-300-10,0.1,$\theta=0.1$,Str0+VI0,True,0.06,0.0,0.0,0.0,t2-pmed12-r2-R20-theta0.1-bbnc-i-facility-mixture-lh9010-low0.001to0.01-high0.1to0.5-seed1-coloc-tl3600.out
12|2|20|0.1|1090,12,12-300-10,0.1,$\theta=0.1$,Str0+VI1,True,0.32,7.0,0.0,0.13558217597851,t2-pmed12-r2-R20-theta0.1-bbnc-i-l-facility-mixture-lh1090-low0.001to0.01-high0.1to0.5-seed1-coloc-tl3600.out
12|2|20|0.1|5050,12,12-300-10,0.1,$\theta=0.1$,Str0+VI1,True,0.35,25.0,0.0,0.634189191226937,t2-pmed12-r2-R20-theta0.1-bbnc-i-l-facility-mixture-lh5050-low0.001to0.01-high0.1to0.5-seed1-coloc-tl3600.out
12|2|20|0.1|9010,12,12-300-10,0.1,$\theta=0.1$,Str0+VI1,True,0.05,0.0,0.0,0.0,t2-pmed12-r2-R20-theta0.1-bbnc-i-l-facility-mixture-lh9010-low0.001to0.01-high0.1to0.5-seed1-coloc-tl3600.out
12|2|20|0.1|1090,12,12-300-10,0.1,$\theta=0.1$,Str1+VI0,True,0.45,51.0,0.0,0.401736121865771,t2-pmed12-r2-R20-theta0.1-bbnc-i-e-facility-mixture-lh1090-low0.001to0.01-high0.1to0.5-seed1-coloc-tl3600.out
12|2|20|0.1|5050,12,12-300-10,0.1,$\theta=0.1$,Str1+VI0,True,0.46,126.0,0.0,1.15067517929987,t2-pmed12-r2-R20-theta0.1-bbnc-i-e-facility-mixture-lh5050-low0.001to0.01-high0.1to0.5-seed1-coloc-tl3600.out
12|2|20|0.1|9010,12,12-300-10,0.1,$\theta=0.1$,Str1+VI0,True,0.09,0.0,0.0,0.0,t2-pmed12-r2-R20-theta0.1-bbnc-i-e-facility-mixture-lh9010-low0.001to0.01-high0.1to0.5-seed1-coloc-tl3600.out
12|2|20|0.1|1090,12,12-300-10,0.1,$\theta=0.1$,Str1+VI1,True,0.31,5.0,0.0,0.0774291403688841,t2-pmed12-r2-R20-theta0.1-bbnc-i-e-l-facility-mixture-lh1090-low0.001to0.01-high0.1to0.5-seed1-coloc-tl3600.out
12|2|20|0.1|5050,12,12-300-10,0.1,$\theta=0.1$,Str1+VI1,True,0.32,17.0,0.0,0.560114967697462,t2-pmed12-r2-R20-theta0.1-bbnc-i-e-l-facility-mixture-lh5050-low0.001to0.01-high0.1to0.5-seed1-coloc-tl3600.out
12|2|20|0.1|9010,12,12-300-10,0.1,$\theta=0.1$,Str1+VI1,True,0.08,0.0,0.0,0.0,t2-pmed12-r2-R20-theta0.1-bbnc-i-e-l-facility-mixture-lh9010-low0.001to0.01-high0.1to0.5-seed1-coloc-tl3600.out
12|2|20|0.2|1090,12,12-300-10,0.2,$\theta=0.2$,Str0+VI0,True,0.29,13.0,0.0,0.315552683182652,t2-pmed12-r2-R20-theta0.2-bbnc-i-facility-mixture-lh1090-low0.001to0.01-high0.1to0.5-seed1-coloc-tl3600.out
12|2|20|0.2|5050,12,12-300-10,0.2,$\theta=0.2$,Str0+VI0,True,0.47,126.0,0.0,0.962880996986919,t2-pmed12-r2-R20-theta0.2-bbnc-i-facility-mixture-lh5050-low0.001to0.01-high0.1to0.5-seed1-coloc-tl3600.out
12|2|20|0.2|9010,12,12-300-10,0.2,$\theta=0.2$,Str0+VI0,True,0.06,0.0,0.0,0.0,t2-pmed12-r2-R20-theta0.2-bbnc-i-facility-mixture-lh9010-low0.001to0.01-high0.1to0.5-seed1-coloc-tl3600.out
12|2|20|0.2|1090,12,12-300-10,0.2,$\theta=0.2$,Str0+VI1,True,0.32,6.0,0.0,0.0162268628228217,t2-pmed12-r2-R20-theta0.2-bbnc-i-l-facility-mixture-lh1090-low0.001to0.01-high0.1to0.5-seed1-coloc-tl3600.out
12|2|20|0.2|5050,12,12-300-10,0.2,$\theta=0.2$,Str0+VI1,True,0.27,22.0,0.0,0.450324093615359,t2-pmed12-r2-R20-theta0.2-bbnc-i-l-facility-mixture-lh5050-low0.001to0.01-high0.1to0.5-seed1-coloc-tl3600.out
12|2|20|0.2|9010,12,12-300-10,0.2,$\theta=0.2$,Str0+VI1,True,0.06,0.0,0.0,0.0,t2-pmed12-r2-R20-theta0.2-bbnc-i-l-facility-mixture-lh9010-low0.001to0.01-high0.1to0.5-seed1-coloc-tl3600.out
12|2|20|0.2|1090,12,12-300-10,0.2,$\theta=0.2$,Str1+VI0,True,0.28,14.0,0.0,0.155950634959799,t2-pmed12-r2-R20-theta0.2-bbnc-i-e-facility-mixture-lh1090-low0.001to0.01-high0.1to0.5-seed1-coloc-tl3600.out
12|2|20|0.2|5050,12,12-300-10,0.2,$\theta=0.2$,Str1+VI0,True,0.44,94.0,0.0,0.888456717092364,t2-pmed12-r2-R20-theta0.2-bbnc-i-e-facility-mixture-lh5050-low0.001to0.01-high0.1to0.5-seed1-coloc-tl3600.out
12|2|20|0.2|9010,12,12-300-10,0.2,$\theta=0.2$,Str1+VI0,True,0.07,0.0,0.0,0.0,t2-pmed12-r2-R20-theta0.2-bbnc-i-e-facility-mixture-lh9010-low0.001to0.01-high0.1to0.5-seed1-coloc-tl3600.out
12|2|20|0.2|1090,12,12-300-10,0.2,$\theta=0.2$,Str1+VI1,True,0.25,3.0,0.0,0.0,t2-pmed12-r2-R20-theta0.2-bbnc-i-e-l-facility-mixture-lh1090-low0.001to0.01-high0.1to0.5-seed1-coloc-tl3600.out
12|2|20|0.2|5050,12,12-300-10,0.2,$\theta=0.2$,Str1+VI1,True,0.27,17.0,0.0,0.325872685346018,t2-pmed12-r2-R20-theta0.2-bbnc-i-e-l-facility-mixture-lh5050-low0.001to0.01-high0.1to0.5-seed1-coloc-tl3600.out
12|2|20|0.2|9010,12,12-300-10,0.2,$\theta=0.2$,Str1+VI1,True,0.09,0.0,0.0,0.0,t2-pmed12-r2-R20-theta0.2-bbnc-i-e-l-facility-mixture-lh9010-low0.001to0.01-high0.1to0.5-seed1-coloc-tl3600.out
13|1|20|0.01|1090,13,13-300-30,0.01,$\theta=0.01$,Str0+VI0,True,22.0,5135.0,0.0,1.46811033509991,t2-pmed13-r1-R20-theta0.01-bbnc-i-facility-mixture-lh1090-low0.001to0.01-high0.1to0.5-seed1-coloc-tl3600.out
13|1|20|0.01|5050,13,13-300-30,0.01,$\theta=0.01$,Str0+VI0,True,11.3,2802.0,0.0,1.59942684035749,t2-pmed13-r1-R20-theta0.01-bbnc-i-facility-mixture-lh5050-low0.001to0.01-high0.1to0.5-seed1-coloc-tl3600.out
13|1|20|0.01|9010,13,13-300-30,0.01,$\theta=0.01$,Str0+VI0,True,0.28,45.0,0.0,0.111365396950942,t2-pmed13-r1-R20-theta0.01-bbnc-i-facility-mixture-lh9010-low0.001to0.01-high0.1to0.5-seed1-coloc-tl3600.out
13|1|20|0.01|1090,13,13-300-30,0.01,$\theta=0.01$,Str0+VI1,True,4.26,413.0,0.0,0.535205892582034,t2-pmed13-r1-R20-theta0.01-bbnc-i-l-facility-mixture-lh1090-low0.001to0.01-high0.1to0.5-seed1-coloc-tl3600.out
13|1|20|0.01|5050,13,13-300-30,0.01,$\theta=0.01$,Str0+VI1,True,4.56,704.0,0.0,0.547523274778711,t2-pmed13-r1-R20-theta0.01-bbnc-i-l-facility-mixture-lh5050-low0.001to0.01-high0.1to0.5-seed1-coloc-tl3600.out
13|1|20|0.01|9010,13,13-300-30,0.01,$\theta=0.01$,Str0+VI1,True,0.27,22.0,0.0,0.0553971769471512,t2-pmed13-r1-R20-theta0.01-bbnc-i-l-facility-mixture-lh9010-low0.001to0.01-high0.1to0.5-seed1-coloc-tl3600.out
13|1|20|0.01|1090,13,13-300-30,0.01,$\theta=0.01$,Str1+VI0,True,11.35,2449.0,0.0,1.13692083832501,t2-pmed13-r1-R20-theta0.01-bbnc-i-e-facility-mixture-lh1090-low0.001to0.01-high0.1to0.5-seed1-coloc-tl3600.out
13|1|20|0.01|5050,13,13-300-30,0.01,$\theta=0.01$,Str1+VI0,True,13.19,3943.0,0.0,1.37066669386855,t2-pmed13-r1-R20-theta0.01-bbnc-i-e-facility-mixture-lh5050-low0.001to0.01-high0.1to0.5-seed1-coloc-tl3600.out
13|1|20|0.01|9010,13,13-300-30,0.01,$\theta=0.01$,Str1+VI0,True,0.32,63.0,0.0,0.137583373786387,t2-pmed13-r1-R20-theta0.01-bbnc-i-e-facility-mixture-lh9010-low0.001to0.01-high0.1to0.5-seed1-coloc-tl3600.out
13|1|20|0.01|1090,13,13-300-30,0.01,$\theta=0.01$,Str1+VI1,True,3.9,486.0,0.0,0.444610578030579,t2-pmed13-r1-R20-theta0.01-bbnc-i-e-l-facility-mixture-lh1090-low0.001to0.01-high0.1to0.5-seed1-coloc-tl3600.out
13|1|20|0.01|5050,13,13-300-30,0.01,$\theta=0.01$,Str1+VI1,True,6.18,1250.0,0.0,0.511806209818142,t2-pmed13-r1-R20-theta0.01-bbnc-i-e-l-facility-mixture-lh5050-low0.001to0.01-high0.1to0.5-seed1-coloc-tl3600.out
13|1|20|0.01|9010,13,13-300-30,0.01,$\theta=0.01$,Str1+VI1,True,0.28,17.0,0.0,0.0429162358841985,t2-pmed13-r1-R20-theta0.01-bbnc-i-e-l-facility-mixture-lh9010-low0.001to0.01-high0.1to0.5-seed1-coloc-tl3600.out
13|1|20|0.1|1090,13,13-300-30,0.1,$\theta=0.1$,Str0+VI0,True,19.73,5680.0,0.0,1.30076058046134,t2-pmed13-r1-R20-theta0.1-bbnc-i-facility-mixture-lh1090-low0.001to0.01-high0.1to0.5-seed1-coloc-tl3600.out
13|1|20|0.1|5050,13,13-300-30,0.1,$\theta=0.1$,Str0+VI0,True,9.31,2066.0,0.0,1.45749671633658,t2-pmed13-r1-R20-theta0.1-bbnc-i-facility-mixture-lh5050-low0.001to0.01-high0.1to0.5-seed1-coloc-tl3600.out
13|1|20|0.1|9010,13,13-300-30,0.1,$\theta=0.1$,Str0+VI0,True,0.3,61.0,0.0,0.13081873176724,t2-pmed13-r1-R20-theta0.1-bbnc-i-facility-mixture-lh9010-low0.001to0.01-high0.1to0.5-seed1-coloc-tl3600.out
13|1|20|0.1|1090,13,13-300-30,0.1,$\theta=0.1$,Str0+VI1,True,6.02,726.0,0.0,0.587107538563212,t2-pmed13-r1-R20-theta0.1-bbnc-i-l-facility-mixture-lh1090-low0.001to0.01-high0.1to0.5-seed1-coloc-tl3600.out
13|1|20|0.1|5050,13,13-300-30,0.1,$\theta=0.1$,Str0+VI1,True,1.87,259.0,0.0,0.473983809401892,t2-pmed13-r1-R20-theta0.1-bbnc-i-l-facility-mixture-lh5050-low0.001to0.01-high0.1to0.5-seed1-coloc-tl3600.out
13|1|20|0.1|9010,13,13-300-30,0.1,$\theta=0.1$,Str0+VI1,True,0.31,15.0,0.0,0.0183579047262805,t2-pmed13-r1-R20-theta0.1-bbnc-i-l-facility-mixture-lh9010-low0.001to0.01-high0.1to0.5-seed1-coloc-tl3600.out
13|1|20|0.1|1090,13,13-300-30,0.1,$\theta=0.1$,Str1+VI0,True,14.52,4319.0,0.0,1.0422051790391,t2-pmed13-r1-R20-theta0.1-bbnc-i-e-facility-mixture-lh1090-low0.001to0.01-high0.1to0.5-seed1-coloc-tl3600.out
13|1|20|0.1|5050,13,13-300-30,0.1,$\theta=0.1$,Str1+VI0,True,6.55,1796.0,0.0,1.10798681382229,t2-pmed13-r1-R20-theta0.1-bbnc-i-e-facility-mixture-lh5050-low0.001to0.01-high0.1to0.5-seed1-coloc-tl3600.out
13|1|20|0.1|9010,13,13-300-30,0.1,$\theta=0.1$,Str1+VI0,True,0.25,15.0,0.0,0.111458045413251,t2-pmed13-r1-R20-theta0.1-bbnc-i-e-facility-mixture-lh9010-low0.001to0.01-high0.1to0.5-seed1-coloc-tl3600.out
13|1|20|0.1|1090,13,13-300-30,0.1,$\theta=0.1$,Str1+VI1,True,6.87,983.0,0.0,0.507717909604733,t2-pmed13-r1-R20-theta0.1-bbnc-i-e-l-facility-mixture-lh1090-low0.001to0.01-high0.1to0.5-seed1-coloc-tl3600.out
13|1|20|0.1|5050,13,13-300-30,0.1,$\theta=0.1$,Str1+VI1,True,1.73,214.0,0.0,0.336936019673444,t2-pmed13-r1-R20-theta0.1-bbnc-i-e-l-facility-mixture-lh5050-low0.001to0.01-high0.1to0.5-seed1-coloc-tl3600.out
13|1|20|0.1|9010,13,13-300-30,0.1,$\theta=0.1$,Str1+VI1,True,0.26,11.0,0.0,0.0508824164310905,t2-pmed13-r1-R20-theta0.1-bbnc-i-e-l-facility-mixture-lh9010-low0.001to0.01-high0.1to0.5-seed1-coloc-tl3600.out
13|1|20|0.2|1090,13,13-300-30,0.2,$\theta=0.2$,Str0+VI0,True,9.71,1903.0,0.0,1.00040748391507,t2-pmed13-r1-R20-theta0.2-bbnc-i-facility-mixture-lh1090-low0.001to0.01-high0.1to0.5-seed1-coloc-tl3600.out
13|1|20|0.2|5050,13,13-300-30,0.2,$\theta=0.2$,Str0+VI0,True,8.11,2637.0,0.0,1.04865014958241,t2-pmed13-r1-R20-theta0.2-bbnc-i-facility-mixture-lh5050-low0.001to0.01-high0.1to0.5-seed1-coloc-tl3600.out
13|1|20|0.2|9010,13,13-300-30,0.2,$\theta=0.2$,Str0+VI0,True,0.23,17.0,0.0,0.0178759554961754,t2-pmed13-r1-R20-theta0.2-bbnc-i-facility-mixture-lh9010-low0.001to0.01-high0.1to0.5-seed1-coloc-tl3600.out
13|1|20|0.2|1090,13,13-300-30,0.2,$\theta=0.2$,Str0+VI1,True,3.14,336.0,0.0,0.372781398215475,t2-pmed13-r1-R20-theta0.2-bbnc-i-l-facility-mixture-lh1090-low0.001to0.01-high0.1to0.5-seed1-coloc-tl3600.out
13|1|20|0.2|5050,13,13-300-30,0.2,$\theta=0.2$,Str0+VI1,True,1.8,227.0,0.0,0.34248083118842,t2-pmed13-r1-R20-theta0.2-bbnc-i-l-facility-mixture-lh5050-low0.001to0.01-high0.1to0.5-seed1-coloc-tl3600.out
13|1|20|0.2|9010,13,13-300-30,0.2,$\theta=0.2$,Str0+VI1,True,0.19,4.0,0.0,0.00141170723709258,t2-pmed13-r1-R20-theta0.2-bbnc-i-l-facility-mixture-lh9010-low0.001to0.01-high0.1to0.5-seed1-coloc-tl3600.out
13|1|20|0.2|1090,13,13-300-30,0.2,$\theta=0.2$,Str1+VI0,True,12.24,3221.0,0.0,0.759258006578281,t2-pmed13-r1-R20-theta0.2-bbnc-i-e-facility-mixture-lh1090-low0.001to0.01-high0.1to0.5-seed1-coloc-tl3600.out
13|1|20|0.2|5050,13,13-300-30,0.2,$\theta=0.2$,Str1+VI0,True,7.81,1998.0,0.0,0.841279347595515,t2-pmed13-r1-R20-theta0.2-bbnc-i-e-facility-mixture-lh5050-low0.001to0.01-high0.1to0.5-seed1-coloc-tl3600.out
13|1|20|0.2|9010,13,13-300-30,0.2,$\theta=0.2$,Str1+VI0,True,0.23,28.0,0.0,0.156112709345127,t2-pmed13-r1-R20-theta0.2-bbnc-i-e-facility-mixture-lh9010-low0.001to0.01-high0.1to0.5-seed1-coloc-tl3600.out
13|1|20|0.2|1090,13,13-300-30,0.2,$\theta=0.2$,Str1+VI1,True,2.85,331.0,0.0,0.328481754644721,t2-pmed13-r1-R20-theta0.2-bbnc-i-e-l-facility-mixture-lh1090-low0.001to0.01-high0.1to0.5-seed1-coloc-tl3600.out
13|1|20|0.2|5050,13,13-300-30,0.2,$\theta=0.2$,Str1+VI1,True,1.62,185.0,0.0,0.366621650024378,t2-pmed13-r1-R20-theta0.2-bbnc-i-e-l-facility-mixture-lh5050-low0.001to0.01-high0.1to0.5-seed1-coloc-tl3600.out
13|1|20|0.2|9010,13,13-300-30,0.2,$\theta=0.2$,Str1+VI1,True,0.25,3.0,0.0,0.0,t2-pmed13-r1-R20-theta0.2-bbnc-i-e-l-facility-mixture-lh9010-low0.001to0.01-high0.1to0.5-seed1-coloc-tl3600.out
13|2|20|0.01|1090,13,13-300-30,0.01,$\theta=0.01$,Str0+VI0,True,14.21,2070.0,0.0,1.86734811499295,t2-pmed13-r2-R20-theta0.01-bbnc-i-facility-mixture-lh1090-low0.001to0.01-high0.1to0.5-seed1-coloc-tl3600.out
13|2|20|0.01|5050,13,13-300-30,0.01,$\theta=0.01$,Str0+VI0,True,7.63,1504.0,0.0,1.52581852361087,t2-pmed13-r2-R20-theta0.01-bbnc-i-facility-mixture-lh5050-low0.001to0.01-high0.1to0.5-seed1-coloc-tl3600.out
13|2|20|0.01|9010,13,13-300-30,0.01,$\theta=0.01$,Str0+VI0,True,0.37,93.0,0.0,0.201777953991465,t2-pmed13-r2-R20-theta0.01-bbnc-i-facility-mixture-lh9010-low0.001to0.01-high0.1to0.5-seed1-coloc-tl3600.out
13|2|20|0.01|1090,13,13-300-30,0.01,$\theta=0.01$,Str0+VI1,True,3.0,282.0,0.0,0.505392156707995,t2-pmed13-r2-R20-theta0.01-bbnc-i-l-facility-mixture-lh1090-low0.001to0.01-high0.1to0.5-seed1-coloc-tl3600.out
13|2|20|0.01|5050,13,13-300-30,0.01,$\theta=0.01$,Str0+VI1,True,1.82,267.0,0.0,0.352768427509469,t2-pmed13-r2-R20-theta0.01-bbnc-i-l-facility-mixture-lh5050-low0.001to0.01-high0.1to0.5-seed1-coloc-tl3600.out
13|2|20|0.01|9010,13,13-300-30,0.01,$\theta=0.01$,Str0+VI1,True,0.28,24.0,0.0,0.0384057656574679,t2-pmed13-r2-R20-theta0.01-bbnc-i-l-facility-mixture-lh9010-low0.001to0.01-high0.1to0.5-seed1-coloc-tl3600.out
13|2|20|0.01|1090,13,13-300-30,0.01,$\theta=0.01$,Str1+VI0,True,9.29,1526.0,0.0,1.31763295998319,t2-pmed13-r2-R20-theta0.01-bbnc-i-e-facility-mixture-lh1090-low0.001to0.01-high0.1to0.5-seed1-coloc-tl3600.out
13|2|20|0.01|5050,13,13-300-30,0.01,$\theta=0.01$,Str1+VI0,True,7.33,1327.0,0.0,1.20279912885615,t2-pmed13-r2-R20-theta0.01-bbnc-i-e-facility-mixture-lh5050-low0.001to0.01-high0.1to0.5-seed1-coloc-tl3600.out
13|2|20|0.01|9010,13,13-300-30,0.01,$\theta=0.01$,Str1+VI0,True,0.32,48.0,0.0,0.171266674120552,t2-pmed13-r2-R20-theta0.01-bbnc-i-e-facility-mixture-lh9010-low0.001to0.01-high0.1to0.5-seed1-coloc-tl3600.out
13|2|20|0.01|1090,13,13-300-30,0.01,$\theta=0.01$,Str1+VI1,True,1.67,152.0,0.0,0.332040360805769,t2-pmed13-r2-R20-theta0.01-bbnc-i-e-l-facility-mixture-lh1090-low0.001to0.01-high0.1to0.5-seed1-coloc-tl3600.out
13|2|20|0.01|5050,13,13-300-30,0.01,$\theta=0.01$,Str1+VI1,True,1.9,239.0,0.0,0.25955217888641,t2-pmed13-r2-R20-theta0.01-bbnc-i-e-l-facility-mixture-lh5050-low0.001to0.01-high0.1to0.5-seed1-coloc-tl3600.out
13|2|20|0.01|9010,13,13-300-30,0.01,$\theta=0.01$,Str1+VI1,True,0.28,16.0,0.0,0.0367621032966806,t2-pmed13-r2-R20-theta0.01-bbnc-i-e-l-facility-mixture-lh9010-low0.001to0.01-high0.1to0.5-seed1-coloc-tl3600.out
13|2|20|0.1|1090,13,13-300-30,0.1,$\theta=0.1$,Str0+VI0,True,10.35,1543.0,0.0,1.33474388827332,t2-pmed13-r2-R20-theta0.1-bbnc-i-facility-mixture-lh1090-low0.001to0.01-high0.1to0.5-seed1-coloc-tl3600.out
13|2|20|0.1|5050,13,13-300-30,0.1,$\theta=0.1$,Str0+VI0,True,8.85,1890.0,0.0,1.37961904950529,t2-pmed13-r2-R20-theta0.1-bbnc-i-facility-mixture-lh5050-low0.001to0.01-high0.1to0.5-seed1-coloc-tl3600.out
13|2|20|0.1|9010,13,13-300-30,0.1,$\theta=0.1$,Str0+VI0,True,0.43,92.0,0.0,0.213095131606214,t2-pmed13-r2-R20-theta0.1-bbnc-i-facility-mixture-lh9010-low0.001to0.01-high0.1to0.5-seed1-coloc-tl3600.out
13|2|20|0.1|1090,13,13-300-30,0.1,$\theta=0.1$,Str0+VI1,True,2.19,185.0,0.0,0.312462904883458,t2-pmed13-r2-R20-theta0.1-bbnc-i-l-facility-mixture-lh1090-low0.001to0.01-high0.1to0.5-seed1-coloc-tl3600.out
13|2|20|0.1|5050,13,13-300-30,0.1,$\theta=0.1$,Str0+VI1,True,1.82,291.0,0.0,0.268345465307837,t2-pmed13-r2-R20-theta0.1-bbnc-i-l-facility-mixture-lh5050-low0.001to0.01-high0.1to0.5-seed1-coloc-tl3600.out
13|2|20|0.1|9010,13,13-300-30,0.1,$\theta=0.1$,Str0+VI1,True,0.37,33.0,0.0,0.0980966388905107,t2-pmed13-r2-R20-theta0.1-bbnc-i-l-facility-mixture-lh9010-low0.001to0.01-high0.1to0.5-seed1-coloc-tl3600.out
13|2|20|0.1|1090,13,13-300-30,0.1,$\theta=0.1$,Str1+VI0,True,8.24,1415.0,0.0,1.20647188464848,t2-pmed13-r2-R20-theta0.1-bbnc-i-e-facility-mixture-lh1090-low0.001to0.01-high0.1to0.5-seed1-coloc-tl3600.out
13|2|20|0.1|5050,13,13-300-30,0.1,$\theta=0.1$,Str1+VI0,True,5.8,1342.0,0.0,1.22682549027563,t2-pmed13-r2-R20-theta0.1-bbnc-i-e-facility-mixture-lh5050-low0.001to0.01-high0.1to0.5-seed1-coloc-tl3600.out
13|2|20|0.1|9010,13,13-300-30,0.1,$\theta=0.1$,Str1+VI0,True,0.45,111.0,0.0,0.329674300762985,t2-pmed13-r2-R20-theta0.1-bbnc-i-e-facility-mixture-lh9010-low0.001to0.01-high0.1to0.5-seed1-coloc-tl3600.out
13|2|20|0.1|1090,13,13-300-30,0.1,$\theta=0.1$,Str1+VI1,True,1.98,228.0,0.0,0.32383497358985,t2-pmed13-r2-R20-theta0.1-bbnc-i-e-l-facility-mixture-lh1090-low0.001to0.01-high0.1to0.5-seed1-coloc-tl3600.out
13|2|20|0.1|5050,13,13-300-30,0.1,$\theta=0.1$,Str1+VI1,True,1.38,203.0,0.0,0.270528869328934,t2-pmed13-r2-R20-theta0.1-bbnc-i-e-l-facility-mixture-lh5050-low0.001to0.01-high0.1to0.5-seed1-coloc-tl3600.out
13|2|20|0.1|9010,13,13-300-30,0.1,$\theta=0.1$,Str1+VI1,True,0.45,33.0,0.0,0.0856879762234801,t2-pmed13-r2-R20-theta0.1-bbnc-i-e-l-facility-mixture-lh9010-low0.001to0.01-high0.1to0.5-seed1-coloc-tl3600.out
13|2|20|0.2|1090,13,13-300-30,0.2,$\theta=0.2$,Str0+VI0,True,7.24,1290.0,0.0,1.26834487921345,t2-pmed13-r2-R20-theta0.2-bbnc-i-facility-mixture-lh1090-low0.001to0.01-high0.1to0.5-seed1-coloc-tl3600.out
13|2|20|0.2|5050,13,13-300-30,0.2,$\theta=0.2$,Str0+VI0,True,7.43,2015.0,0.0,1.15768020764949,t2-pmed13-r2-R20-theta0.2-bbnc-i-facility-mixture-lh5050-low0.001to0.01-high0.1to0.5-seed1-coloc-tl3600.out
13|2|20|0.2|9010,13,13-300-30,0.2,$\theta=0.2$,Str0+VI0,True,0.94,311.0,0.0,0.706654922086662,t2-pmed13-r2-R20-theta0.2-bbnc-i-facility-mixture-lh9010-low0.001to0.01-high0.1to0.5-seed1-coloc-tl3600.out
13|2|20|0.2|1090,13,13-300-30,0.2,$\theta=0.2$,Str0+VI1,True,1.24,77.0,0.0,0.176778547765195,t2-pmed13-r2-R20-theta0.2-bbnc-i-l-facility-mixture-lh1090-low0.001to0.01-high0.1to0.5-seed1-coloc-tl3600.out
13|2|20|0.2|5050,13,13-300-30,0.2,$\theta=0.2$,Str0+VI1,True,0.96,98.0,0.0,0.201063311030034,t2-pmed13-r2-R20-theta0.2-bbnc-i-l-facility-mixture-lh5050-low0.001to0.01-high0.1to0.5-seed1-coloc-tl3600.out
13|2|20|0.2|9010,13,13-300-30,0.2,$\theta=0.2$,Str0+VI1,True,0.59,92.0,0.0,0.59756284706631,t2-pmed13-r2-R20-theta0.2-bbnc-i-l-facility-mixture-lh9010-low0.001to0.01-high0.1to0.5-seed1-coloc-tl3600.out
13|2|20|0.2|1090,13,13-300-30,0.2,$\theta=0.2$,Str1+VI0,True,7.64,1362.0,0.0,1.10792651503444,t2-pmed13-r2-R20-theta0.2-bbnc-i-e-facility-mixture-lh1090-low0.001to0.01-high0.1to0.5-seed1-coloc-tl3600.out
13|2|20|0.2|5050,13,13-300-30,0.2,$\theta=0.2$,Str1+VI0,True,5.01,1276.0,0.0,1.02652183094136,t2-pmed13-r2-R20-theta0.2-bbnc-i-e-facility-mixture-lh5050-low0.001to0.01-high0.1to0.5-seed1-coloc-tl3600.out
13|2|20|0.2|9010,13,13-300-30,0.2,$\theta=0.2$,Str1+VI0,True,0.6,160.0,0.0,0.542201252079041,t2-pmed13-r2-R20-theta0.2-bbnc-i-e-facility-mixture-lh9010-low0.001to0.01-high0.1to0.5-seed1-coloc-tl3600.out
13|2|20|0.2|1090,13,13-300-30,0.2,$\theta=0.2$,Str1+VI1,True,1.14,79.0,0.0,0.188228850192346,t2-pmed13-r2-R20-theta0.2-bbnc-i-e-l-facility-mixture-lh1090-low0.001to0.01-high0.1to0.5-seed1-coloc-tl3600.out
13|2|20|0.2|5050,13,13-300-30,0.2,$\theta=0.2$,Str1+VI1,True,1.27,139.0,0.0,0.216760426857644,t2-pmed13-r2-R20-theta0.2-bbnc-i-e-l-facility-mixture-lh5050-low0.001to0.01-high0.1to0.5-seed1-coloc-tl3600.out
13|2|20|0.2|9010,13,13-300-30,0.2,$\theta=0.2$,Str1+VI1,True,0.52,64.0,0.0,0.323885577213469,t2-pmed13-r2-R20-theta0.2-bbnc-i-e-l-facility-mixture-lh9010-low0.001to0.01-high0.1to0.5-seed1-coloc-tl3600.out
14|1|20|0.01|1090,14,14-300-60,0.01,$\theta=0.01$,Str0+VI0,True,999.01,199331.0,0.0,1.94180561595625,t2-pmed14-r1-R20-theta0.01-bbnc-i-facility-mixture-lh1090-low0.001to0.01-high0.1to0.5-seed1-coloc-tl3600.out
14|1|20|0.01|5050,14,14-300-60,0.01,$\theta=0.01$,Str0+VI0,True,35.24,10560.0,0.0,1.48767370886799,t2-pmed14-r1-R20-theta0.01-bbnc-i-facility-mixture-lh5050-low0.001to0.01-high0.1to0.5-seed1-coloc-tl3600.out
14|1|20|0.01|9010,14,14-300-60,0.01,$\theta=0.01$,Str0+VI0,True,2.87,556.0,0.0,0.762143218895922,t2-pmed14-r1-R20-theta0.01-bbnc-i-facility-mixture-lh9010-low0.001to0.01-high0.1to0.5-seed1-coloc-tl3600.out
14|1|20|0.01|1090,14,14-300-60,0.01,$\theta=0.01$,Str0+VI1,True,31.8,2202.0,0.0,0.633612513127551,t2-pmed14-r1-R20-theta0.01-bbnc-i-l-facility-mixture-lh1090-low0.001to0.01-high0.1to0.5-seed1-coloc-tl3600.out
14|1|20|0.01|5050,14,14-300-60,0.01,$\theta=0.01$,Str0+VI1,True,3.13,394.0,0.0,0.476066383359627,t2-pmed14-r1-R20-theta0.01-bbnc-i-l-facility-mixture-lh5050-low0.001to0.01-high0.1to0.5-seed1-coloc-tl3600.out
14|1|20|0.01|9010,14,14-300-60,0.01,$\theta=0.01$,Str0+VI1,True,4.12,1189.0,0.0,0.285620747757711,t2-pmed14-r1-R20-theta0.01-bbnc-i-l-facility-mixture-lh9010-low0.001to0.01-high0.1to0.5-seed1-coloc-tl3600.out
14|1|20|0.01|1090,14,14-300-60,0.01,$\theta=0.01$,Str1+VI0,True,120.38,31012.0,0.0,1.76969712720219,t2-pmed14-r1-R20-theta0.01-bbnc-i-e-facility-mixture-lh1090-low0.001to0.01-high0.1to0.5-seed1-coloc-tl3600.out
14|1|20|0.01|5050,14,14-300-60,0.01,$\theta=0.01$,Str1+VI0,True,11.37,2698.0,0.0,1.25788292346893,t2-pmed14-r1-R20-theta0.01-bbnc-i-e-facility-mixture-lh5050-low0.001to0.01-high0.1to0.5-seed1-coloc-tl3600.out
14|1|20|0.01|9010,14,14-300-60,0.01,$\theta=0.01$,Str1+VI0,True,4.05,1147.0,0.0,0.563761399407541,t2-pmed14-r1-R20-theta0.01-bbnc-i-e-facility-mixture-lh9010-low0.001to0.01-high0.1to0.5-seed1-coloc-tl3600.out
14|1|20|0.01|1090,14,14-300-60,0.01,$\theta=0.01$,Str1+VI1,True,16.87,2160.0,0.0,0.583185008770088,t2-pmed14-r1-R20-theta0.01-bbnc-i-e-l-facility-mixture-lh1090-low0.001to0.01-high0.1to0.5-seed1-coloc-tl3600.out
14|1|20|0.01|5050,14,14-300-60,0.01,$\theta=0.01$,Str1+VI1,True,3.18,534.0,0.0,0.394777300995264,t2-pmed14-r1-R20-theta0.01-bbnc-i-e-l-facility-mixture-lh5050-low0.001to0.01-high0.1to0.5-seed1-coloc-tl3600.out
14|1|20|0.01|9010,14,14-300-60,0.01,$\theta=0.01$,Str1+VI1,True,1.34,265.0,0.0,0.258804137644808,t2-pmed14-r1-R20-theta0.01-bbnc-i-e-l-facility-mixture-lh9010-low0.001to0.01-high0.1to0.5-seed1-coloc-tl3600.out
14|1|20|0.1|1090,14,14-300-60,0.1,$\theta=0.1$,Str0+VI0,True,206.84,53888.0,0.0,1.75603689900536,t2-pmed14-r1-R20-theta0.1-bbnc-i-facility-mixture-lh1090-low0.001to0.01-high0.1to0.5-seed1-coloc-tl3600.out
14|1|20|0.1|5050,14,14-300-60,0.1,$\theta=0.1$,Str0+VI0,True,13.92,3896.0,0.0,1.10783348490481,t2-pmed14-r1-R20-theta0.1-bbnc-i-facility-mixture-lh5050-low0.001to0.01-high0.1to0.5-seed1-coloc-tl3600.out
14|1|20|0.1|9010,14,14-300-60,0.1,$\theta=0.1$,Str0+VI0,True,3.25,653.0,0.0,0.567636358748848,t2-pmed14-r1-R20-theta0.1-bbnc-i-facility-mixture-lh9010-low0.001to0.01-high0.1to0.5-seed1-coloc-tl3600.out
14|1|20|0.1|1090,14,14-300-60,0.1,$\theta=0.1$,Str0+VI1,True,33.07,2428.0,0.0,0.530750746854876,t2-pmed14-r1-R20-theta0.1-bbnc-i-l-facility-mixture-lh1090-low0.001to0.01-high0.1to0.5-seed1-coloc-tl3600.out
14|1|20|0.1|5050,14,14-300-60,0.1,$\theta=0.1$,Str0+VI1,True,2.72,377.0,0.0,0.414398589266002,t2-pmed14-r1-R20-theta0.1-bbnc-i-l-facility-mixture-lh5050-low0.001to0.01-high0.1to0.5-seed1-coloc-tl3600.out
14|1|20|0.1|9010,14,14-300-60,0.1,$\theta=0.1$,Str0+VI1,True,3.09,893.0,0.0,0.2258902968601,t2-pmed14-r1-R20-theta0.1-bbnc-i-l-facility-mixture-lh9010-low0.001to0.01-high0.1to0.5-seed1-coloc-tl3600.out
14|1|20|0.1|1090,14,14-300-60,0.1,$\theta=0.1$,Str1+VI0,True,55.79,12221.0,0.0,1.39184597938852,t2-pmed14-r1-R20-theta0.1-bbnc-i-e-facility-mixture-lh1090-low0.001to0.01-high0.1to0.5-seed1-coloc-tl3600.out
14|1|20|0.1|5050,14,14-300-60,0.1,$\theta=0.1$,Str1+VI0,True,6.83,1422.0,0.0,1.00709621657203,t2-pmed14-r1-R20-theta0.1-bbnc-i-e-facility-mixture-lh5050-low0.001to0.01-high0.1to0.5-seed1-coloc-tl3600.out
14|1|20|0.1|9010,14,14-300-60,0.1,$\theta=0.1$,Str1+VI0,True,4.01,1048.0,0.0,0.431352631360423,t2-pmed14-r1-R20-theta0.1-bbnc-i-e-facility-mixture-lh9010-low0.001to0.01-high0.1to0.5-seed1-coloc-tl3600.out
14|1|20|0.1|1090,14,14-300-60,0.1,$\theta=0.1$,Str1+VI1,True,10.98,1179.0,0.0,0.512191734115748,t2-pmed14-r1-R20-theta0.1-bbnc-i-e-l-facility-mixture-lh1090-low0.001to0.01-high0.1to0.5-seed1-coloc-tl3600.out
14|1|20|0.1|5050,14,14-300-60,0.1,$\theta=0.1$,Str1+VI1,True,1.93,274.0,0.0,0.365866440573951,t2-pmed14-r1-R20-theta0.1-bbnc-i-e-l-facility-mixture-lh5050-low0.001to0.01-high0.1to0.5-seed1-coloc-tl3600.out
14|1|20|0.1|9010,14,14-300-60,0.1,$\theta=0.1$,Str1+VI1,True,2.77,656.0,0.0,0.224358262062386,t2-pmed14-r1-R20-theta0.1-bbnc-i-e-l-facility-mixture-lh9010-low0.001to0.01-high0.1to0.5-seed1-coloc-tl3600.out
14|1|20|0.2|1090,14,14-300-60,0.2,$\theta=0.2$,Str0+VI0,True,25.31,4498.0,0.0,1.48285215400766,t2-pmed14-r1-R20-theta0.2-bbnc-i-facility-mixture-lh1090-low0.001to0.01-high0.1to0.5-seed1-coloc-tl3600.out
14|1|20|0.2|5050,14,14-300-60,0.2,$\theta=0.2$,Str0+VI0,True,7.92,1723.0,0.0,1.12418232395463,t2-pmed14-r1-R20-theta0.2-bbnc-i-facility-mixture-lh5050-low0.001to0.01-high0.1to0.5-seed1-coloc-tl3600.out
14|1|20|0.2|9010,14,14-300-60,0.2,$\theta=0.2$,Str0+VI0,True,3.83,1026.0,0.0,0.495836678860887,t2-pmed14-r1-R20-theta0.2-bbnc-i-facility-mixture-lh9010-low0.001to0.01-high0.1to0.5-seed1-coloc-tl3600.out
14|1|20|0.2|1090,14,14-300-60,0.2,$\theta=0.2$,Str0+VI1,True,15.05,1440.0,0.0,0.360827997047788,t2-pmed14-r1-R20-theta0.2-bbnc-i-l-facility-mixture-lh1090-low0.001to0.01-high0.1to0.5-seed1-coloc-tl3600.out
14|1|20|0.2|5050,14,14-300-60,0.2,$\theta=0.2$,Str0+VI1,True,1.37,155.0,0.0,0.282521726284076,t2-pmed14-r1-R20-theta0.2-bbnc-i-l-facility-mixture-lh5050-low0.001to0.01-high0.1to0.5-seed1-coloc-tl3600.out
14|1|20|0.2|9010,14,14-300-60,0.2,$\theta=0.2$,Str0+VI1,True,1.37,252.0,0.0,0.183556573514977,t2-pmed14-r1-R20-theta0.2-bbnc-i-l-facility-mixture-lh9010-low0.001to0.01-high0.1to0.5-seed1-coloc-tl3600.out
14|1|20|0.2|1090,14,14-300-60,0.2,$\theta=0.2$,Str1+VI0,True,21.57,4280.0,0.0,1.34925516047161,t2-pmed14-r1-R20-theta0.2-bbnc-i-e-facility-mixture-lh1090-low0.001to0.01-high0.1to0.5-seed1-coloc-tl3600.out
14|1|20|0.2|5050,14,14-300-60,0.2,$\theta=0.2$,Str1+VI0,True,4.92,791.0,0.0,0.992982030767849,t2-pmed14-r1-R20-theta0.2-bbnc-i-e-facility-mixture-lh5050-low0.001to0.01-high0.1to0.5-seed1-coloc-tl3600.out
14|1|20|0.2|9010,14,14-300-60,0.2,$\theta=0.2$,Str1+VI0,True,3.21,760.0,0.0,0.472970450977688,t2-pmed14-r1-R20-theta0.2-bbnc-i-e-facility-mixture-lh9010-low0.001to0.01-high0.1to0.5-seed1-coloc-tl3600.out
14|1|20|0.2|1090,14,14-300-60,0.2,$\theta=0.2$,Str1+VI1,True,9.56,1027.0,0.0,0.317602610095341,t2-pmed14-r1-R20-theta0.2-bbnc-i-e-l-facility-mixture-lh1090-low0.001to0.01-high0.1to0.5-seed1-coloc-tl3600.out
14|1|20|0.2|5050,14,14-300-60,0.2,$\theta=0.2$,Str1+VI1,True,1.87,256.0,0.0,0.278318613210353,t2-pmed14-r1-R20-theta0.2-bbnc-i-e-l-facility-mixture-lh5050-low0.001to0.01-high0.1to0.5-seed1-coloc-tl3600.out
14|1|20|0.2|9010,14,14-300-60,0.2,$\theta=0.2$,Str1+VI1,True,2.59,679.0,0.0,0.142698372932961,t2-pmed14-r1-R20-theta0.2-bbnc-i-e-l-facility-mixture-lh9010-low0.001to0.01-high0.1to0.5-seed1-coloc-tl3600.out
14|2|20|0.01|1090,14,14-300-60,0.01,$\theta=0.01$,Str0+VI0,False,3600.0,797290.0,0.175096865523869,2.78543436931674,t2-pmed14-r2-R20-theta0.01-bbnc-i-facility-mixture-lh1090-low0.001to0.01-high0.1to0.5-seed1-coloc-tl3600.out
14|2|20|0.01|5050,14,14-300-60,0.01,$\theta=0.01$,Str0+VI0,True,10.81,2022.0,0.0,1.47322016038108,t2-pmed14-r2-R20-theta0.01-bbnc-i-facility-mixture-lh5050-low0.001to0.01-high0.1to0.5-seed1-coloc-tl3600.out
14|2|20|0.01|9010,14,14-300-60,0.01,$\theta=0.01$,Str0+VI0,True,7.54,2185.0,0.0,1.25931599363085,t2-pmed14-r2-R20-theta0.01-bbnc-i-facility-mixture-lh9010-low0.001to0.01-high0.1to0.5-seed1-coloc-tl3600.out
14|2|20|0.01|1090,14,14-300-60,0.01,$\theta=0.01$,Str0+VI1,True,72.38,7319.0,0.0,1.06363807861318,t2-pmed14-r2-R20-theta0.01-bbnc-i-l-facility-mixture-lh1090-low0.001to0.01-high0.1to0.5-seed1-coloc-tl3600.out
14|2|20|0.01|5050,14,14-300-60,0.01,$\theta=0.01$,Str0+VI1,True,1.56,160.0,0.0,0.368317388472125,t2-pmed14-r2-R20-theta0.01-bbnc-i-l-facility-mixture-lh5050-low0.001to0.01-high0.1to0.5-seed1-coloc-tl3600.out
14|2|20|0.01|9010,14,14-300-60,0.01,$\theta=0.01$,Str0+VI1,True,7.53,1221.0,0.0,0.761877976482117,t2-pmed14-r2-R20-theta0.01-bbnc-i-l-facility-mixture-lh9010-low0.001to0.01-high0.1to0.5-seed1-coloc-tl3600.out
14|2|20|0.01|1090,14,14-300-60,0.01,$\theta=0.01$,Str1+VI0,True,1170.06,404333.0,0.0,2.1508064127338,t2-pmed14-r2-R20-theta0.01-bbnc-i-e-facility-mixture-lh1090-low0.001to0.01-high0.1to0.5-seed1-coloc-tl3600.out
14|2|20|0.01|5050,14,14-300-60,0.01,$\theta=0.01$,Str1+VI0,True,4.95,777.0,0.0,1.25852246014218,t2-pmed14-r2-R20-theta0.01-bbnc-i-e-facility-mixture-lh5050-low0.001to0.01-high0.1to0.5-seed1-coloc-tl3600.out
14|2|20|0.01|9010,14,14-300-60,0.01,$\theta=0.01$,Str1+VI0,True,6.36,1788.0,0.0,0.992930364372242,t2-pmed14-r2-R20-theta0.01-bbnc-i-e-facility-mixture-lh9010-low0.001to0.01-high0.1to0.5-seed1-coloc-tl3600.out
14|2|20|0.01|1090,14,14-300-60,0.01,$\theta=0.01$,Str1+VI1,True,39.22,3477.0,0.0,0.919599260589061,t2-pmed14-r2-R20-theta0.01-bbnc-i-e-l-facility-mixture-lh1090-low0.001to0.01-high0.1to0.5-seed1-coloc-tl3600.out
14|2|20|0.01|5050,14,14-300-60,0.01,$\theta=0.01$,Str1+VI1,True,1.4,136.0,0.0,0.360827803901678,t2-pmed14-r2-R20-theta0.01-bbnc-i-e-l-facility-mixture-lh5050-low0.001to0.01-high0.1to0.5-seed1-coloc-tl3600.out
14|2|20|0.01|9010,14,14-300-60,0.01,$\theta=0.01$,Str1+VI1,True,7.45,1304.0,0.0,0.712094187788366,t2-pmed14-r2-R20-theta0.01-bbnc-i-e-l-facility-mixture-lh9010-low0.001to0.01-high0.1to0.5-seed1-coloc-tl3600.out
14|2|20|0.1|1090,14,14-300-60,0.1,$\theta=0.1$,Str0+VI0,True,1992.86,692216.0,0.0,2.37234068230316,t2-pmed14-r2-R20-theta0.1-bbnc-i-facility-mixture-lh1090-low0.001to0.01-high0.1to0.5-seed1-coloc-tl3600.out
14|2|20|0.1|5050,14,14-300-60,0.1,$\theta=0.1$,Str0+VI0,True,7.74,1432.0,0.0,1.19749762264105,t2-pmed14-r2-R20-theta0.1-bbnc-i-facility-mixture-lh5050-low0.001to0.01-high0.1to0.5-seed1-coloc-tl3600.out
14|2|20|0.1|9010,14,14-300-60,0.1,$\theta=0.1$,Str0+VI0,True,8.65,2427.0,0.0,1.04791707079222,t2-pmed14-r2-R20-theta0.1-bbnc-i-facility-mixture-lh9010-low0.001to0.01-high0.1to0.5-seed1-coloc-tl3600.out
14|2|20|0.1|1090,14,14-300-60,0.1,$\theta=0.1$,Str0+VI1,True,47.04,4039.0,0.0,0.848842163193144,t2-pmed14-r2-R20-theta0.1-bbnc-i-l-facility-mixture-lh1090-low0.001to0.01-high0.1to0.5-seed1-coloc-tl3600.out
14|2|20|0.1|5050,14,14-300-60,0.1,$\theta=0.1$,Str0+VI1,True,1.58,172.0,0.0,0.212199394606189,t2-pmed14-r2-R20-theta0.1-bbnc-i-l-facility-mixture-lh5050-low0.001to0.01-high0.1to0.5-seed1-coloc-tl3600.out
14|2|20|0.1|9010,14,14-300-60,0.1,$\theta=0.1$,Str0+VI1,True,7.13,1057.0,0.0,0.543311202964028,t2-pmed14-r2-R20-theta0.1-bbnc-i-l-facility-mixture-lh9010-low0.001to0.01-high0.1to0.5-seed1-coloc-tl3600.out
14|2|20|0.1|1090,14,14-300-60,0.1,$\theta=0.1$,Str1+VI0,True,454.12,122482.0,0.0,2.13523040547451,t2-pmed14-r2-R20-theta0.1-bbnc-i-e-facility-mixture-lh1090-low0.001to0.01-high0.1to0.5-seed1-coloc-tl3600.out
14|2|20|0.1|5050,14,14-300-60,0.1,$\theta=0.1$,Str1+VI0,True,6.38,1313.0,0.0,0.839225950342603,t2-pmed14-r2-R20-theta0.1-bbnc-i-e-facility-mixture-lh5050-low0.001to0.01-high0.1to0.5-seed1-coloc-tl3600.out
14|2|20|0.1|9010,14,14-300-60,0.1,$\theta=0.1$,Str1+VI0,True,6.31,1769.0,0.0,0.900746078565401,t2-pmed14-r2-R20-theta0.1-bbnc-i-e-facility-mixture-lh9010-low0.001to0.01-high0.1to0.5-seed1-coloc-tl3600.out
14|2|20|0.1|1090,14,14-300-60,0.1,$\theta=0.1$,Str1+VI1,True,33.32,2527.0,0.0,0.706160985008758,t2-pmed14-r2-R20-theta0.1-bbnc-i-e-l-facility-mixture-lh1090-low0.001to0.01-high0.1to0.5-seed1-coloc-tl3600.out
14|2|20|0.1|5050,14,14-300-60,0.1,$\theta=0.1$,Str1+VI1,True,0.91,87.0,0.0,0.196060503022973,t2-pmed14-r2-R20-theta0.1-bbnc-i-e-l-facility-mixture-lh5050-low0.001to0.01-high0.1to0.5-seed1-coloc-tl3600.out
14|2|20|0.1|9010,14,14-300-60,0.1,$\theta=0.1$,Str1+VI1,True,6.45,1145.0,0.0,0.547332802852392,t2-pmed14-r2-R20-theta0.1-bbnc-i-e-l-facility-mixture-lh9010-low0.001to0.01-high0.1to0.5-seed1-coloc-tl3600.out
14|2|20|0.2|1090,14,14-300-60,0.2,$\theta=0.2$,Str0+VI0,True,279.14,72381.0,0.0,1.87727265688338,t2-pmed14-r2-R20-theta0.2-bbnc-i-facility-mixture-lh1090-low0.001to0.01-high0.1to0.5-seed1-coloc-tl3600.out
14|2|20|0.2|5050,14,14-300-60,0.2,$\theta=0.2$,Str0+VI0,True,4.12,719.0,0.0,1.0743660862245,t2-pmed14-r2-R20-theta0.2-bbnc-i-facility-mixture-lh5050-low0.001to0.01-high0.1to0.5-seed1-coloc-tl3600.out
14|2|20|0.2|9010,14,14-300-60,0.2,$\theta=0.2$,Str0+VI0,True,5.9,1775.0,0.0,0.89422513746592,t2-pmed14-r2-R20-theta0.2-bbnc-i-facility-mixture-lh9010-low0.001to0.01-high0.1to0.5-seed1-coloc-tl3600.out
14|2|20|0.2|1090,14,14-300-60,0.2,$\theta=0.2$,Str0+VI1,True,26.68,2382.0,0.0,0.577187278527052,t2-pmed14-r2-R20-theta0.2-bbnc-i-l-facility-mixture-lh1090-low0.001to0.01-high0.1to0.5-seed1-coloc-tl3600.out
14|2|20|0.2|5050,14,14-300-60,0.2,$\theta=0.2$,Str0+VI1,True,1.15,180.0,0.0,0.15528364692367,t2-pmed14-r2-R20-theta0.2-bbnc-i-l-facility-mixture-lh5050-low0.001to0.01-high0.1to0.5-seed1-coloc-tl3600.out
14|2|20|0.2|9010,14,14-300-60,0.2,$\theta=0.2$,Str0+VI1,True,2.04,421.0,0.0,0.195064141681885,t2-pmed14-r2-R20-theta0.2-bbnc-i-l-facility-mixture-lh9010-low0.001to0.01-high0.1to0.5-seed1-coloc-tl3600.out
14|2|20|0.2|1090,14,14-300-60,0.2,$\theta=0.2$,Str1+VI0,True,99.5,21904.0,0.0,1.61683729577139,t2-pmed14-r2-R20-theta0.2-bbnc-i-e-facility-mixture-lh1090-low0.001to0.01-high0.1to0.5-seed1-coloc-tl3600.out
14|2|20|0.2|5050,14,14-300-60,0.2,$\theta=0.2$,Str1+VI0,True,3.97,628.0,0.0,0.893903250012878,t2-pmed14-r2-R20-theta0.2-bbnc-i-e-facility-mixture-lh5050-low0.001to0.01-high0.1to0.5-seed1-coloc-tl3600.out
14|2|20|0.2|9010,14,14-300-60,0.2,$\theta=0.2$,Str1+VI0,True,4.91,1392.0,0.0,0.761431379633451,t2-pmed14-r2-R20-theta0.2-bbnc-i-e-facility-mixture-lh9010-low0.001to0.01-high0.1to0.5-seed1-coloc-tl3600.out
14|2|20|0.2|1090,14,14-300-60,0.2,$\theta=0.2$,Str1+VI1,True,12.15,965.0,0.0,0.506097175203177,t2-pmed14-r2-R20-theta0.2-bbnc-i-e-l-facility-mixture-lh1090-low0.001to0.01-high0.1to0.5-seed1-coloc-tl3600.out
14|2|20|0.2|5050,14,14-300-60,0.2,$\theta=0.2$,Str1+VI1,True,1.22,214.0,0.0,0.147464185609315,t2-pmed14-r2-R20-theta0.2-bbnc-i-e-l-facility-mixture-lh5050-low0.001to0.01-high0.1to0.5-seed1-coloc-tl3600.out
14|2|20|0.2|9010,14,14-300-60,0.2,$\theta=0.2$,Str1+VI1,True,6.98,2388.0,0.0,0.155264667779258,t2-pmed14-r2-R20-theta0.2-bbnc-i-e-l-facility-mixture-lh9010-low0.001to0.01-high0.1to0.5-seed1-coloc-tl3600.out
15|1|20|0.01|1090,15,15-300-100,0.01,$\theta=0.01$,Str0+VI0,True,310.05,95384.0,0.0,1.02887671570912,t2-pmed15-r1-R20-theta0.01-bbnc-i-facility-mixture-lh1090-low0.001to0.01-high0.1to0.5-seed1-coloc-tl3600.out
15|1|20|0.01|5050,15,15-300-100,0.01,$\theta=0.01$,Str0+VI0,True,795.88,351578.0,0.0,1.69803560088543,t2-pmed15-r1-R20-theta0.01-bbnc-i-facility-mixture-lh5050-low0.001to0.01-high0.1to0.5-seed1-coloc-tl3600.out
15|1|20|0.01|9010,15,15-300-100,0.01,$\theta=0.01$,Str0+VI0,True,26.31,9529.0,0.0,0.590888066731477,t2-pmed15-r1-R20-theta0.01-bbnc-i-facility-mixture-lh9010-low0.001to0.01-high0.1to0.5-seed1-coloc-tl3600.out
15|1|20|0.01|1090,15,15-300-100,0.01,$\theta=0.01$,Str0+VI1,True,21.08,2440.0,0.0,0.410388914361373,t2-pmed15-r1-R20-theta0.01-bbnc-i-l-facility-mixture-lh1090-low0.001to0.01-high0.1to0.5-seed1-coloc-tl3600.out
15|1|20|0.01|5050,15,15-300-100,0.01,$\theta=0.01$,Str0+VI1,True,13.39,1869.0,0.0,0.452398921289284,t2-pmed15-r1-R20-theta0.01-bbnc-i-l-facility-mixture-lh5050-low0.001to0.01-high0.1to0.5-seed1-coloc-tl3600.out
15|1|20|0.01|9010,15,15-300-100,0.01,$\theta=0.01$,Str0+VI1,True,9.52,1198.0,0.0,0.186389253527118,t2-pmed15-r1-R20-theta0.01-bbnc-i-l-facility-mixture-lh9010-low0.001to0.01-high0.1to0.5-seed1-coloc-tl3600.out
15|1|20|0.01|1090,15,15-300-100,0.01,$\theta=0.01$,Str1+VI0,True,164.15,54757.0,0.0,0.766867452563382,t2-pmed15-r1-R20-theta0.01-bbnc-i-e-facility-mixture-lh1090-low0.001to0.01-high0.1to0.5-seed1-coloc-tl3600.out
15|1|20|0.01|5050,15,15-300-100,0.01,$\theta=0.01$,Str1+VI0,True,15.92,4130.0,0.0,1.58053003772856,t2-pmed15-r1-R20-theta0.01-bbnc-i-e-facility-mixture-lh5050-low0.001to0.01-high0.1to0.5-seed1-coloc-tl3600.out
15|1|20|0.01|9010,15,15-300-100,0.01,$\theta=0.01$,Str1+VI0,True,14.56,4530.0,0.0,0.608512441992027,t2-pmed15-r1-R20-theta0.01-bbnc-i-e-facility-mixture-lh9010-low0.001to0.01-high0.1to0.5-seed1-coloc-tl3600.out
15|1|20|0.01|1090,15,15-300-100,0.01,$\theta=0.01$,Str1+VI1,True,17.58,2595.0,0.0,0.318576756142644,t2-pmed15-r1-R20-theta0.01-bbnc-i-e-l-facility-mixture-lh1090-low0.001to0.01-high0.1to0.5-seed1-coloc-tl3600.out
15|1|20|0.01|5050,15,15-300-100,0.01,$\theta=0.01$,Str1+VI1,True,11.15,1809.0,0.0,0.473346748842087,t2-pmed15-r1-R20-theta0.01-bbnc-i-e-l-facility-mixture-lh5050-low0.001to0.01-high0.1to0.5-seed1-coloc-tl3600.out
15|1|20|0.01|9010,15,15-300-100,0.01,$\theta=0.01$,Str1+VI1,True,9.05,1085.0,0.0,0.199418418644266,t2-pmed15-r1-R20-theta0.01-bbnc-i-e-l-facility-mixture-lh9010-low0.001to0.01-high0.1to0.5-seed1-coloc-tl3600.out
15|1|20|0.1|1090,15,15-300-100,0.1,$\theta=0.1$,Str0+VI0,True,390.86,129021.0,0.0,1.10043607677881,t2-pmed15-r1-R20-theta0.1-bbnc-i-facility-mixture-lh1090-low0.001to0.01-high0.1to0.5-seed1-coloc-tl3600.out
15|1|20|0.1|5050,15,15-300-100,0.1,$\theta=0.1$,Str0+VI0,True,170.39,67455.0,0.0,1.43577231470975,t2-pmed15-r1-R20-theta0.1-bbnc-i-facility-mixture-lh5050-low0.001to0.01-high0.1to0.5-seed1-coloc-tl3600.out
15|1|20|0.1|9010,15,15-300-100,0.1,$\theta=0.1$,Str0+VI0,True,12.64,4404.0,0.0,0.501508792017695,t2-pmed15-r1-R20-theta0.1-bbnc-i-facility-mixture-lh9010-low0.001to0.01-high0.1to0.5-seed1-coloc-tl3600.out
15|1|20|0.1|1090,15,15-300-100,0.1,$\theta=0.1$,Str0+VI1,True,23.78,3653.0,0.0,0.434225966994563,t2-pmed15-r1-R20-theta0.1-bbnc-i-l-facility-mixture-lh1090-low0.001to0.01-high0.1to0.5-seed1-coloc-tl3600.out
15|1|20|0.1|5050,15,15-300-100,0.1,$\theta=0.1$,Str0+VI1,True,11.19,1287.0,0.0,0.42401551225227,t2-pmed15-r1-R20-theta0.1-bbnc-i-l-facility-mixture-lh5050-low0.001to0.01-high0.1to0.5-seed1-coloc-tl3600.out
15|1|20|0.1|9010,15,15-300-100,0.1,$\theta=0.1$,Str0+VI1,True,8.8,1043.0,0.0,0.160743205086296,t2-pmed15-r1-R20-theta0.1-bbnc-i-l-facility-mixture-lh9010-low0.001to0.01-high0.1to0.5-seed1-coloc-tl3600.out
15|1|20|0.1|1090,15,15-300-100,0.1,$\theta=0.1$,Str1+VI0,True,173.35,58040.0,0.0,0.748919027158095,t2-pmed15-r1-R20-theta0.1-bbnc-i-e-facility-mixture-lh1090-low0.001to0.01-high0.1to0.5-seed1-coloc-tl3600.out
15|1|20|0.1|5050,15,15-300-100,0.1,$\theta=0.1$,Str1+VI0,True,24.28,8295.0,0.0,1.06563205545217,t2-pmed15-r1-R20-theta0.1-bbnc-i-e-facility-mixture-lh5050-low0.001to0.01-high0.1to0.5-seed1-coloc-tl3600.out
15|1|20|0.1|9010,15,15-300-100,0.1,$\theta=0.1$,Str1+VI0,True,9.79,2790.0,0.0,0.486494670956762,t2-pmed15-r1-R20-theta0.1-bbnc-i-e-facility-mixture-lh9010-low0.001to0.01-high0.1to0.5-seed1-coloc-tl3600.out
15|1|20|0.1|1090,15,15-300-100,0.1,$\theta=0.1$,Str1+VI1,True,17.5,2240.0,0.0,0.298860667164353,t2-pmed15-r1-R20-theta0.1-bbnc-i-e-l-facility-mixture-lh1090-low0.001to0.01-high0.1to0.5-seed1-coloc-tl3600.out
15|1|20|0.1|5050,15,15-300-100,0.1,$\theta=0.1$,Str1+VI1,True,9.67,1573.0,0.0,0.394322253387455,t2-pmed15-r1-R20-theta0.1-bbnc-i-e-l-facility-mixture-lh5050-low0.001to0.01-high0.1to0.5-seed1-coloc-tl3600.out
15|1|20|0.1|9010,15,15-300-100,0.1,$\theta=0.1$,Str1+VI1,True,11.18,1320.0,0.0,0.140803674189336,t2-pmed15-r1-R20-theta0.1-bbnc-i-e-l-facility-mixture-lh9010-low0.001to0.01-high0.1to0.5-seed1-coloc-tl3600.out
15|1|20|0.2|1090,15,15-300-100,0.2,$\theta=0.2$,Str0+VI0,True,27.69,6478.0,0.0,0.899490229997007,t2-pmed15-r1-R20-theta0.2-bbnc-i-facility-mixture-lh1090-low0.001to0.01-high0.1to0.5-seed1-coloc-tl3600.out
15|1|20|0.2|5050,15,15-300-100,0.2,$\theta=0.2$,Str0+VI0,True,14.4,4290.0,0.0,1.06979142152921,t2-pmed15-r1-R20-theta0.2-bbnc-i-facility-mixture-lh5050-low0.001to0.01-high0.1to0.5-seed1-coloc-tl3600.out
15|1|20|0.2|9010,15,15-300-100,0.2,$\theta=0.2$,Str0+VI0,True,15.82,6051.0,0.0,0.463490858414,t2-pmed15-r1-R20-theta0.2-bbnc-i-facility-mixture-lh9010-low0.001to0.01-high0.1to0.5-seed1-coloc-tl3600.out
15|1|20|0.2|1090,15,15-300-100,0.2,$\theta=0.2$,Str0+VI1,True,18.54,2102.0,0.0,0.294157609721072,t2-pmed15-r1-R20-theta0.2-bbnc-i-l-facility-mixture-lh1090-low0.001to0.01-high0.1to0.5-seed1-coloc-tl3600.out
15|1|20|0.2|5050,15,15-300-100,0.2,$\theta=0.2$,Str0+VI1,True,8.14,1189.0,0.0,0.304506307272913,t2-pmed15-r1-R20-theta0.2-bbnc-i-l-facility-mixture-lh5050-low0.001to0.01-high0.1to0.5-seed1-coloc-tl3600.out
15|1|20|0.2|9010,15,15-300-100,0.2,$\theta=0.2$,Str0+VI1,True,5.55,1182.0,0.0,0.112149489228592,t2-pmed15-r1-R20-theta0.2-bbnc-i-l-facility-mixture-lh9010-low0.001to0.01-high0.1to0.5-seed1-coloc-tl3600.out
15|1|20|0.2|1090,15,15-300-100,0.2,$\theta=0.2$,Str1+VI0,True,13.24,2334.0,0.0,0.665529214014545,t2-pmed15-r1-R20-theta0.2-bbnc-i-e-facility-mixture-lh1090-low0.001to0.01-high0.1to0.5-seed1-coloc-tl3600.out
15|1|20|0.2|5050,15,15-300-100,0.2,$\theta=0.2$,Str1+VI0,True,7.55,1524.0,0.0,0.974288725161642,t2-pmed15-r1-R20-theta0.2-bbnc-i-e-facility-mixture-lh5050-low0.001to0.01-high0.1to0.5-seed1-coloc-tl3600.out
15|1|20|0.2|9010,15,15-300-100,0.2,$\theta=0.2$,Str1+VI0,True,8.34,1912.0,0.0,0.443783173955979,t2-pmed15-r1-R20-theta0.2-bbnc-i-e-facility-mixture-lh9010-low0.001to0.01-high0.1to0.5-seed1-coloc-tl3600.out
15|1|20|0.2|1090,15,15-300-100,0.2,$\theta=0.2$,Str1+VI1,True,15.55,1218.0,0.0,0.22434996025135,t2-pmed15-r1-R20-theta0.2-bbnc-i-e-l-facility-mixture-lh1090-low0.001to0.01-high0.1to0.5-seed1-coloc-tl3600.out
15|1|20|0.2|5050,15,15-300-100,0.2,$\theta=0.2$,Str1+VI1,True,10.0,1814.0,0.0,0.272806585990338,t2-pmed15-r1-R20-theta0.2-bbnc-i-e-l-facility-mixture-lh5050-low0.001to0.01-high0.1to0.5-seed1-coloc-tl3600.out
15|1|20|0.2|9010,15,15-300-100,0.2,$\theta=0.2$,Str1+VI1,True,8.02,1407.0,0.0,0.113479638633596,t2-pmed15-r1-R20-theta0.2-bbnc-i-e-l-facility-mixture-lh9010-low0.001to0.01-high0.1to0.5-seed1-coloc-tl3600.out
15|2|20|0.01|1090,15,15-300-100,0.01,$\theta=0.01$,Str0+VI0,True,1398.44,335099.0,0.0,1.26097341135151,t2-pmed15-r2-R20-theta0.01-bbnc-i-facility-mixture-lh1090-low0.001to0.01-high0.1to0.5-seed1-coloc-tl3600.out
15|2|20|0.01|5050,15,15-300-100,0.01,$\theta=0.01$,Str0+VI0,True,1184.35,495569.0,0.0,1.86739081403825,t2-pmed15-r2-R20-theta0.01-bbnc-i-facility-mixture-lh5050-low0.001to0.01-high0.1to0.5-seed1-coloc-tl3600.out
15|2|20|0.01|9010,15,15-300-100,0.01,$\theta=0.01$,Str0+VI0,True,13.38,3368.0,0.0,0.683836739086337,t2-pmed15-r2-R20-theta0.01-bbnc-i-facility-mixture-lh9010-low0.001to0.01-high0.1to0.5-seed1-coloc-tl3600.out
15|2|20|0.01|1090,15,15-300-100,0.01,$\theta=0.01$,Str0+VI1,True,39.53,6103.0,0.0,0.454036311878071,t2-pmed15-r2-R20-theta0.01-bbnc-i-l-facility-mixture-lh1090-low0.001to0.01-high0.1to0.5-seed1-coloc-tl3600.out
15|2|20|0.01|5050,15,15-300-100,0.01,$\theta=0.01$,Str0+VI1,True,21.0,4131.0,0.0,0.602950523329097,t2-pmed15-r2-R20-theta0.01-bbnc-i-l-facility-mixture-lh5050-low0.001to0.01-high0.1to0.5-seed1-coloc-tl3600.out
15|2|20|0.01|9010,15,15-300-100,0.01,$\theta=0.01$,Str0+VI1,True,8.25,836.0,0.0,0.318214873009996,t2-pmed15-r2-R20-theta0.01-bbnc-i-l-facility-mixture-lh9010-low0.001to0.01-high0.1to0.5-seed1-coloc-tl3600.out
15|2|20|0.01|1090,15,15-300-100,0.01,$\theta=0.01$,Str1+VI0,True,105.89,29359.0,0.0,0.896800695183942,t2-pmed15-r2-R20-theta0.01-bbnc-i-e-facility-mixture-lh1090-low0.001to0.01-high0.1to0.5-seed1-coloc-tl3600.out
15|2|20|0.01|5050,15,15-300-100,0.01,$\theta=0.01$,Str1+VI0,True,59.69,20967.0,0.0,1.56298191556653,t2-pmed15-r2-R20-theta0.01-bbnc-i-e-facility-mixture-lh5050-low0.001to0.01-high0.1to0.5-seed1-coloc-tl3600.out
15|2|20|0.01|9010,15,15-300-100,0.01,$\theta=0.01$,Str1+VI0,True,6.38,1265.0,0.0,0.629805944828061,t2-pmed15-r2-R20-theta0.01-bbnc-i-e-facility-mixture-lh9010-low0.001to0.01-high0.1to0.5-seed1-coloc-tl3600.out
15|2|20|0.01|1090,15,15-300-100,0.01,$\theta=0.01$,Str1+VI1,True,19.52,2561.0,0.0,0.350259780176295,t2-pmed15-r2-R20-theta0.01-bbnc-i-e-l-facility-mixture-lh1090-low0.001to0.01-high0.1to0.5-seed1-coloc-tl3600.out
15|2|20|0.01|5050,15,15-300-100,0.01,$\theta=0.01$,Str1+VI1,True,12.01,1809.0,0.0,0.575734082585123,t2-pmed15-r2-R20-theta0.01-bbnc-i-e-l-facility-mixture-lh5050-low0.001to0.01-high0.1to0.5-seed1-coloc-tl3600.out
15|2|20|0.01|9010,15,15-300-100,0.01,$\theta=0.01$,Str1+VI1,True,11.2,2075.0,0.0,0.256400295657518,t2-pmed15-r2-R20-theta0.01-bbnc-i-e-l-facility-mixture-lh9010-low0.001to0.01-high0.1to0.5-seed1-coloc-tl3600.out
15|2|20|0.1|1090,15,15-300-100,0.1,$\theta=0.1$,Str0+VI0,True,603.18,205955.0,0.0,1.23488910183957,t2-pmed15-r2-R20-theta0.1-bbnc-i-facility-mixture-lh1090-low0.001to0.01-high0.1to0.5-seed1-coloc-tl3600.out
15|2|20|0.1|5050,15,15-300-100,0.1,$\theta=0.1$,Str0+VI0,True,47.17,16523.0,0.0,1.70217041904002,t2-pmed15-r2-R20-theta0.1-bbnc-i-facility-mixture-lh5050-low0.001to0.01-high0.1to0.5-seed1-coloc-tl3600.out
15|2|20|0.1|9010,15,15-300-100,0.1,$\theta=0.1$,Str0+VI0,True,10.24,3277.0,0.0,0.628287225051965,t2-pmed15-r2-R20-theta0.1-bbnc-i-facility-mixture-lh9010-low0.001to0.01-high0.1to0.5-seed1-coloc-tl3600.out
15|2|20|0.1|1090,15,15-300-100,0.1,$\theta=0.1$,Str0+VI1,True,39.46,5352.0,0.0,0.431488985765082,t2-pmed15-r2-R20-theta0.1-bbnc-i-l-facility-mixture-lh1090-low0.001to0.01-high0.1to0.5-seed1-coloc-tl3600.out
15|2|20|0.1|5050,15,15-300-100,0.1,$\theta=0.1$,Str0+VI1,True,11.92,1727.0,0.0,0.509684272226743,t2-pmed15-r2-R20-theta0.1-bbnc-i-l-facility-mixture-lh5050-low0.001to0.01-high0.1to0.5-seed1-coloc-tl3600.out
15|2|20|0.1|9010,15,15-300-100,0.1,$\theta=0.1$,Str0+VI1,True,10.52,1725.0,0.0,0.259250743567967,t2-pmed15-r2-R20-theta0.1-bbnc-i-l-facility-mixture-lh9010-low0.001to0.01-high0.1to0.5-seed1-coloc-tl3600.out
15|2|20|0.1|1090,15,15-300-100,0.1,$\theta=0.1$,Str1+VI0,True,272.89,86447.0,0.0,0.955901615697592,t2-pmed15-r2-R20-theta0.1-bbnc-i-e-facility-mixture-lh1090-low0.001to0.01-high0.1to0.5-seed1-coloc-tl3600.out
15|2|20|0.1|5050,15,15-300-100,0.1,$\theta=0.1$,Str1+VI0,True,11.21,2176.0,0.0,1.49416278251454,t2-pmed15-r2-R20-theta0.1-bbnc-i-e-facility-mixture-lh5050-low0.001to0.01-high0.1to0.5-seed1-coloc-tl3600.out
15|2|20|0.1|9010,15,15-300-100,0.1,$\theta=0.1$,Str1+VI0,True,4.65,751.0,0.0,0.564847303801942,t2-pmed15-r2-R20-theta0.1-bbnc-i-e-facility-mixture-lh9010-low0.001to0.01-high0.1to0.5-seed1-coloc-tl3600.out
15|2|20|0.1|1090,15,15-300-100,0.1,$\theta=0.1$,Str1+VI1,True,24.57,3464.0,0.0,0.365592450962693,t2-pmed15-r2-R20-theta0.1-bbnc-i-e-l-facility-mixture-lh1090-low0.001to0.01-high0.1to0.5-seed1-coloc-tl3600.out
15|2|20|0.1|5050,15,15-300-100,0.1,$\theta=0.1$,Str1+VI1,True,9.92,1527.0,0.0,0.428572738502394,t2-pmed15-r2-R20-theta0.1-bbnc-i-e-l-facility-mixture-lh5050-low0.001to0.01-high0.1to0.5-seed1-coloc-tl3600.out
15|2|20|0.1|9010,15,15-300-100,0.1,$\theta=0.1$,Str1+VI1,True,10.65,1865.0,0.0,0.239391143236934,t2-pmed15-r2-R20-theta0.1-bbnc-i-e-l-facility-mixture-lh9010-low0.001to0.01-high0.1to0.5-seed1-coloc-tl3600.out
15|2|20|0.2|1090,15,15-300-100,0.2,$\theta=0.2$,Str0+VI0,True,170.58,51672.0,0.0,1.0387079630968,t2-pmed15-r2-R20-theta0.2-bbnc-i-facility-mixture-lh1090-low0.001to0.01-high0.1to0.5-seed1-coloc-tl3600.out
15|2|20|0.2|5050,15,15-300-100,0.2,$\theta=0.2$,Str0+VI0,True,15.56,4096.0,0.0,1.41711411320813,t2-pmed15-r2-R20-theta0.2-bbnc-i-facility-mixture-lh5050-low0.001to0.01-high0.1to0.5-seed1-coloc-tl3600.out
15|2|20|0.2|9010,15,15-300-100,0.2,$\theta=0.2$,Str0+VI0,True,7.34,2007.0,0.0,0.61014849317072,t2-pmed15-r2-R20-theta0.2-bbnc-i-facility-mixture-lh9010-low0.001to0.01-high0.1to0.5-seed1-coloc-tl3600.out
15|2|20|0.2|1090,15,15-300-100,0.2,$\theta=0.2$,Str0+VI1,True,20.68,2170.0,0.0,0.290457917396492,t2-pmed15-r2-R20-theta0.2-bbnc-i-l-facility-mixture-lh1090-low0.001to0.01-high0.1to0.5-seed1-coloc-tl3600.out
15|2|20|0.2|5050,15,15-300-100,0.2,$\theta=0.2$,Str0+VI1,True,18.08,5806.0,0.0,0.291850787087942,t2-pmed15-r2-R20-theta0.2-bbnc-i-l-facility-mixture-lh5050-low0.001to0.01-high0.1to0.5-seed1-coloc-tl3600.out
15|2|20|0.2|9010,15,15-300-100,0.2,$\theta=0.2$,Str0+VI1,True,9.82,3206.0,0.0,0.262160137459536,t2-pmed15-r2-R20-theta0.2-bbnc-i-l-facility-mixture-lh9010-low0.001to0.01-high0.1to0.5-seed1-coloc-tl3600.out
15|2|20|0.2|1090,15,15-300-100,0.2,$\theta=0.2$,Str1+VI0,True,54.67,14651.0,0.0,0.734589215478814,t2-pmed15-r2-R20-theta0.2-bbnc-i-e-facility-mixture-lh1090-low0.001to0.01-high0.1to0.5-seed1-coloc-tl3600.out
15|2|20|0.2|5050,15,15-300-100,0.2,$\theta=0.2$,Str1+VI0,True,7.29,1391.0,0.0,1.39920071392792,t2-pmed15-r2-R20-theta0.2-bbnc-i-e-facility-mixture-lh5050-low0.001to0.01-high0.1to0.5-seed1-coloc-tl3600.out
15|2|20|0.2|9010,15,15-300-100,0.2,$\theta=0.2$,Str1+VI0,True,5.92,1271.0,0.0,0.627083190944331,t2-pmed15-r2-R20-theta0.2-bbnc-i-e-facility-mixture-lh9010-low0.001to0.01-high0.1to0.5-seed1-coloc-tl3600.out
15|2|20|0.2|1090,15,15-300-100,0.2,$\theta=0.2$,Str1+VI1,True,12.78,1021.0,0.0,0.298879977971933,t2-pmed15-r2-R20-theta0.2-bbnc-i-e-l-facility-mixture-lh1090-low0.001to0.01-high0.1to0.5-seed1-coloc-tl3600.out
15|2|20|0.2|5050,15,15-300-100,0.2,$\theta=0.2$,Str1+VI1,True,11.15,1988.0,0.0,0.242426525316587,t2-pmed15-r2-R20-theta0.2-bbnc-i-e-l-facility-mixture-lh5050-low0.001to0.01-high0.1to0.5-seed1-coloc-tl3600.out
15|2|20|0.2|9010,15,15-300-100,0.2,$\theta=0.2$,Str1+VI1,True,3.11,607.0,0.0,0.162759706551785,t2-pmed15-r2-R20-theta0.2-bbnc-i-e-l-facility-mixture-lh9010-low0.001to0.01-high0.1to0.5-seed1-coloc-tl3600.out
16|1|20|0.01|1090,16,16-400-5,0.01,$\theta=0.01$,Str0+VI0,True,0.77,43.0,0.0,0.673387772485181,t2-pmed16-r1-R20-theta0.01-bbnc-i-facility-mixture-lh1090-low0.001to0.01-high0.1to0.5-seed1-coloc-tl3600.out
16|1|20|0.01|5050,16,16-400-5,0.01,$\theta=0.01$,Str0+VI0,True,0.3,3.0,0.0,0.0,t2-pmed16-r1-R20-theta0.01-bbnc-i-facility-mixture-lh5050-low0.001to0.01-high0.1to0.5-seed1-coloc-tl3600.out
16|1|20|0.01|9010,16,16-400-5,0.01,$\theta=0.01$,Str0+VI0,True,0.27,6.0,0.0,0.115601060942129,t2-pmed16-r1-R20-theta0.01-bbnc-i-facility-mixture-lh9010-low0.001to0.01-high0.1to0.5-seed1-coloc-tl3600.out
16|1|20|0.01|1090,16,16-400-5,0.01,$\theta=0.01$,Str0+VI1,True,1.36,21.0,0.0,0.44244307288293,t2-pmed16-r1-R20-theta0.01-bbnc-i-l-facility-mixture-lh1090-low0.001to0.01-high0.1to0.5-seed1-coloc-tl3600.out
16|1|20|0.01|5050,16,16-400-5,0.01,$\theta=0.01$,Str0+VI1,True,0.28,0.0,0.0,0.0,t2-pmed16-r1-R20-theta0.01-bbnc-i-l-facility-mixture-lh5050-low0.001to0.01-high0.1to0.5-seed1-coloc-tl3600.out
16|1|20|0.01|9010,16,16-400-5,0.01,$\theta=0.01$,Str0+VI1,True,0.16,0.0,0.0,0.0,t2-pmed16-r1-R20-theta0.01-bbnc-i-l-facility-mixture-lh9010-low0.001to0.01-high0.1to0.5-seed1-coloc-tl3600.out
16|1|20|0.01|1090,16,16-400-5,0.01,$\theta=0.01$,Str1+VI0,True,0.86,35.0,0.0,0.620602008628305,t2-pmed16-r1-R20-theta0.01-bbnc-i-e-facility-mixture-lh1090-low0.001to0.01-high0.1to0.5-seed1-coloc-tl3600.out
16|1|20|0.01|5050,16,16-400-5,0.01,$\theta=0.01$,Str1+VI0,True,0.36,0.0,0.0,0.0,t2-pmed16-r1-R20-theta0.01-bbnc-i-e-facility-mixture-lh5050-low0.001to0.01-high0.1to0.5-seed1-coloc-tl3600.out
16|1|20|0.01|9010,16,16-400-5,0.01,$\theta=0.01$,Str1+VI0,True,0.32,3.0,0.0,0.0,t2-pmed16-r1-R20-theta0.01-bbnc-i-e-facility-mixture-lh9010-low0.001to0.01-high0.1to0.5-seed1-coloc-tl3600.out
16|1|20|0.01|1090,16,16-400-5,0.01,$\theta=0.01$,Str1+VI1,True,0.93,18.0,0.0,0.375677199884318,t2-pmed16-r1-R20-theta0.01-bbnc-i-e-l-facility-mixture-lh1090-low0.001to0.01-high0.1to0.5-seed1-coloc-tl3600.out
16|1|20|0.01|5050,16,16-400-5,0.01,$\theta=0.01$,Str1+VI1,True,0.38,0.0,0.0,0.0,t2-pmed16-r1-R20-theta0.01-bbnc-i-e-l-facility-mixture-lh5050-low0.001to0.01-high0.1to0.5-seed1-coloc-tl3600.out
16|1|20|0.01|9010,16,16-400-5,0.01,$\theta=0.01$,Str1+VI1,True,0.22,0.0,0.0,0.0,t2-pmed16-r1-R20-theta0.01-bbnc-i-e-l-facility-mixture-lh9010-low0.001to0.01-high0.1to0.5-seed1-coloc-tl3600.out
16|1|20|0.1|1090,16,16-400-5,0.1,$\theta=0.1$,Str0+VI0,True,0.69,37.0,0.0,0.681749920224484,t2-pmed16-r1-R20-theta0.1-bbnc-i-facility-mixture-lh1090-low0.001to0.01-high0.1to0.5-seed1-coloc-tl3600.out
16|1|20|0.1|5050,16,16-400-5,0.1,$\theta=0.1$,Str0+VI0,True,0.36,3.0,0.0,0.0,t2-pmed16-r1-R20-theta0.1-bbnc-i-facility-mixture-lh5050-low0.001to0.01-high0.1to0.5-seed1-coloc-tl3600.out
16|1|20|0.1|9010,16,16-400-5,0.1,$\theta=0.1$,Str0+VI0,True,0.26,4.0,0.0,0.0299804146070363,t2-pmed16-r1-R20-theta0.1-bbnc-i-facility-mixture-lh9010-low0.001to0.01-high0.1to0.5-seed1-coloc-tl3600.out
16|1|20|0.1|1090,16,16-400-5,0.1,$\theta=0.1$,Str0+VI1,True,0.92,24.0,0.0,0.406211443466576,t2-pmed16-r1-R20-theta0.1-bbnc-i-l-facility-mixture-lh1090-low0.001to0.01-high0.1to0.5-seed1-coloc-tl3600.out
16|1|20|0.1|5050,16,16-400-5,0.1,$\theta=0.1$,Str0+VI1,True,0.32,0.0,0.0,0.0,t2-pmed16-r1-R20-theta0.1-bbnc-i-l-facility-mixture-lh5050-low0.001to0.01-high0.1to0.5-seed1-coloc-tl3600.out
16|1|20|0.1|9010,16,16-400-5,0.1,$\theta=0.1$,Str0+VI1,True,0.16,0.0,0.0,0.0,t2-pmed16-r1-R20-theta0.1-bbnc-i-l-facility-mixture-lh9010-low0.001to0.01-high0.1to0.5-seed1-coloc-tl3600.out
16|1|20|0.1|1090,16,16-400-5,0.1,$\theta=0.1$,Str1+VI0,True,0.85,25.0,0.0,0.570165594120002,t2-pmed16-r1-R20-theta0.1-bbnc-i-e-facility-mixture-lh1090-low0.001to0.01-high0.1to0.5-seed1-coloc-tl3600.out
16|1|20|0.1|5050,16,16-400-5,0.1,$\theta=0.1$,Str1+VI0,True,0.3,0.0,0.0,0.0,t2-pmed16-r1-R20-theta0.1-bbnc-i-e-facility-mixture-lh5050-low0.001to0.01-high0.1to0.5-seed1-coloc-tl3600.out
16|1|20|0.1|9010,16,16-400-5,0.1,$\theta=0.1$,Str1+VI0,True,0.32,7.0,0.0,0.0837953379584825,t2-pmed16-r1-R20-theta0.1-bbnc-i-e-facility-mixture-lh9010-low0.001to0.01-high0.1to0.5-seed1-coloc-tl3600.out
16|1|20|0.1|1090,16,16-400-5,0.1,$\theta=0.1$,Str1+VI1,True,0.93,32.0,0.0,0.447673872002996,t2-pmed16-r1-R20-theta0.1-bbnc-i-e-l-facility-mixture-lh1090-low0.001to0.01-high0.1to0.5-seed1-coloc-tl3600.out
16|1|20|0.1|5050,16,16-400-5,0.1,$\theta=0.1$,Str1+VI1,True,0.3,0.0,0.0,0.0,t2-pmed16-r1-R20-theta0.1-bbnc-i-e-l-facility-mixture-lh5050-low0.001to0.01-high0.1to0.5-seed1-coloc-tl3600.out
16|1|20|0.1|9010,16,16-400-5,0.1,$\theta=0.1$,Str1+VI1,True,0.23,0.0,0.0,0.0,t2-pmed16-r1-R20-theta0.1-bbnc-i-e-l-facility-mixture-lh9010-low0.001to0.01-high0.1to0.5-seed1-coloc-tl3600.out
16|1|20|0.2|1090,16,16-400-5,0.2,$\theta=0.2$,Str0+VI0,True,0.6,19.0,0.0,0.421148386665942,t2-pmed16-r1-R20-theta0.2-bbnc-i-facility-mixture-lh1090-low0.001to0.01-high0.1to0.5-seed1-coloc-tl3600.out
16|1|20|0.2|5050,16,16-400-5,0.2,$\theta=0.2$,Str0+VI0,True,0.32,5.0,0.0,0.0973020339622127,t2-pmed16-r1-R20-theta0.2-bbnc-i-facility-mixture-lh5050-low0.001to0.01-high0.1to0.5-seed1-coloc-tl3600.out
16|1|20|0.2|9010,16,16-400-5,0.2,$\theta=0.2$,Str0+VI0,True,0.33,3.0,0.0,0.0,t2-pmed16-r1-R20-theta0.2-bbnc-i-facility-mixture-lh9010-low0.001to0.01-high0.1to0.5-seed1-coloc-tl3600.out
16|1|20|0.2|1090,16,16-400-5,0.2,$\theta=0.2$,Str0+VI1,True,0.83,13.0,0.0,0.346346508068024,t2-pmed16-r1-R20-theta0.2-bbnc-i-l-facility-mixture-lh1090-low0.001to0.01-high0.1to0.5-seed1-coloc-tl3600.out
16|1|20|0.2|5050,16,16-400-5,0.2,$\theta=0.2$,Str0+VI1,True,0.3,0.0,0.0,0.0,t2-pmed16-r1-R20-theta0.2-bbnc-i-l-facility-mixture-lh5050-low0.001to0.01-high0.1to0.5-seed1-coloc-tl3600.out
16|1|20|0.2|9010,16,16-400-5,0.2,$\theta=0.2$,Str0+VI1,True,0.21,0.0,0.0,0.0,t2-pmed16-r1-R20-theta0.2-bbnc-i-l-facility-mixture-lh9010-low0.001to0.01-high0.1to0.5-seed1-coloc-tl3600.out
16|1|20|0.2|1090,16,16-400-5,0.2,$\theta=0.2$,Str1+VI0,True,0.54,29.0,0.0,0.79046043356146,t2-pmed16-r1-R20-theta0.2-bbnc-i-e-facility-mixture-lh1090-low0.001to0.01-high0.1to0.5-seed1-coloc-tl3600.out
16|1|20|0.2|5050,16,16-400-5,0.2,$\theta=0.2$,Str1+VI0,True,0.35,2.0,0.0,0.0,t2-pmed16-r1-R20-theta0.2-bbnc-i-e-facility-mixture-lh5050-low0.001to0.01-high0.1to0.5-seed1-coloc-tl3600.out
16|1|20|0.2|9010,16,16-400-5,0.2,$\theta=0.2$,Str1+VI0,True,0.3,0.0,0.0,0.0,t2-pmed16-r1-R20-theta0.2-bbnc-i-e-facility-mixture-lh9010-low0.001to0.01-high0.1to0.5-seed1-coloc-tl3600.out
16|1|20|0.2|1090,16,16-400-5,0.2,$\theta=0.2$,Str1+VI1,True,0.78,19.0,0.0,0.36470834503493,t2-pmed16-r1-R20-theta0.2-bbnc-i-e-l-facility-mixture-lh1090-low0.001to0.01-high0.1to0.5-seed1-coloc-tl3600.out
16|1|20|0.2|5050,16,16-400-5,0.2,$\theta=0.2$,Str1+VI1,True,0.34,0.0,0.0,0.0,t2-pmed16-r1-R20-theta0.2-bbnc-i-e-l-facility-mixture-lh5050-low0.001to0.01-high0.1to0.5-seed1-coloc-tl3600.out
16|1|20|0.2|9010,16,16-400-5,0.2,$\theta=0.2$,Str1+VI1,True,0.31,0.0,0.0,0.0,t2-pmed16-r1-R20-theta0.2-bbnc-i-e-l-facility-mixture-lh9010-low0.001to0.01-high0.1to0.5-seed1-coloc-tl3600.out
16|2|20|0.01|1090,16,16-400-5,0.01,$\theta=0.01$,Str0+VI0,True,0.89,49.0,0.0,0.930308129499345,t2-pmed16-r2-R20-theta0.01-bbnc-i-facility-mixture-lh1090-low0.001to0.01-high0.1to0.5-seed1-coloc-tl3600.out
16|2|20|0.01|5050,16,16-400-5,0.01,$\theta=0.01$,Str0+VI0,True,0.37,7.0,0.0,0.302524833387979,t2-pmed16-r2-R20-theta0.01-bbnc-i-facility-mixture-lh5050-low0.001to0.01-high0.1to0.5-seed1-coloc-tl3600.out
16|2|20|0.01|9010,16,16-400-5,0.01,$\theta=0.01$,Str0+VI0,True,0.35,15.0,0.0,0.696273251605865,t2-pmed16-r2-R20-theta0.01-bbnc-i-facility-mixture-lh9010-low0.001to0.01-high0.1to0.5-seed1-coloc-tl3600.out
16|2|20|0.01|1090,16,16-400-5,0.01,$\theta=0.01$,Str0+VI1,True,0.97,21.0,0.0,0.648520293075751,t2-pmed16-r2-R20-theta0.01-bbnc-i-l-facility-mixture-lh1090-low0.001to0.01-high0.1to0.5-seed1-coloc-tl3600.out
16|2|20|0.01|5050,16,16-400-5,0.01,$\theta=0.01$,Str0+VI1,True,0.45,3.0,0.0,0.0,t2-pmed16-r2-R20-theta0.01-bbnc-i-l-facility-mixture-lh5050-low0.001to0.01-high0.1to0.5-seed1-coloc-tl3600.out
16|2|20|0.01|9010,16,16-400-5,0.01,$\theta=0.01$,Str0+VI1,True,0.43,5.0,0.0,0.0844247706256428,t2-pmed16-r2-R20-theta0.01-bbnc-i-l-facility-mixture-lh9010-low0.001to0.01-high0.1to0.5-seed1-coloc-tl3600.out
16|2|20|0.01|1090,16,16-400-5,0.01,$\theta=0.01$,Str1+VI0,True,0.95,37.0,0.0,0.859038708240298,t2-pmed16-r2-R20-theta0.01-bbnc-i-e-facility-mixture-lh1090-low0.001to0.01-high0.1to0.5-seed1-coloc-tl3600.out
16|2|20|0.01|5050,16,16-400-5,0.01,$\theta=0.01$,Str1+VI0,True,0.48,9.0,0.0,0.266419732545249,t2-pmed16-r2-R20-theta0.01-bbnc-i-e-facility-mixture-lh5050-low0.001to0.01-high0.1to0.5-seed1-coloc-tl3600.out
16|2|20|0.01|9010,16,16-400-5,0.01,$\theta=0.01$,Str1+VI0,True,0.47,7.0,0.0,0.532940807273297,t2-pmed16-r2-R20-theta0.01-bbnc-i-e-facility-mixture-lh9010-low0.001to0.01-high0.1to0.5-seed1-coloc-tl3600.out
16|2|20|0.01|1090,16,16-400-5,0.01,$\theta=0.01$,Str1+VI1,True,0.88,21.0,0.0,0.605553594354179,t2-pmed16-r2-R20-theta0.01-bbnc-i-e-l-facility-mixture-lh1090-low0.001to0.01-high0.1to0.5-seed1-coloc-tl3600.out
16|2|20|0.01|5050,16,16-400-5,0.01,$\theta=0.01$,Str1+VI1,True,0.53,2.0,0.0,0.0,t2-pmed16-r2-R20-theta0.01-bbnc-i-e-l-facility-mixture-lh5050-low0.001to0.01-high0.1to0.5-seed1-coloc-tl3600.out
16|2|20|0.01|9010,16,16-400-5,0.01,$\theta=0.01$,Str1+VI1,True,0.54,5.0,0.0,0.0854618670526754,t2-pmed16-r2-R20-theta0.01-bbnc-i-e-l-facility-mixture-lh9010-low0.001to0.01-high0.1to0.5-seed1-coloc-tl3600.out
16|2|20|0.1|1090,16,16-400-5,0.1,$\theta=0.1$,Str0+VI0,True,0.73,31.0,0.0,0.830489696301384,t2-pmed16-r2-R20-theta0.1-bbnc-i-facility-mixture-lh1090-low0.001to0.01-high0.1to0.5-seed1-coloc-tl3600.out
16|2|20|0.1|5050,16,16-400-5,0.1,$\theta=0.1$,Str0+VI0,True,0.36,7.0,0.0,0.241622694452451,t2-pmed16-r2-R20-theta0.1-bbnc-i-facility-mixture-lh5050-low0.001to0.01-high0.1to0.5-seed1-coloc-tl3600.out
16|2|20|0.1|9010,16,16-400-5,0.1,$\theta=0.1$,Str0+VI0,True,0.37,11.0,0.0,0.762318393767254,t2-pmed16-r2-R20-theta0.1-bbnc-i-facility-mixture-lh9010-low0.001to0.01-high0.1to0.5-seed1-coloc-tl3600.out
16|2|20|0.1|1090,16,16-400-5,0.1,$\theta=0.1$,Str0+VI1,True,0.89,25.0,0.0,0.611413056671061,t2-pmed16-r2-R20-theta0.1-bbnc-i-l-facility-mixture-lh1090-low0.001to0.01-high0.1to0.5-seed1-coloc-tl3600.out
16|2|20|0.1|5050,16,16-400-5,0.1,$\theta=0.1$,Str0+VI1,True,0.35,0.0,0.0,0.0,t2-pmed16-r2-R20-theta0.1-bbnc-i-l-facility-mixture-lh5050-low0.001to0.01-high0.1to0.5-seed1-coloc-tl3600.out
16|2|20|0.1|9010,16,16-400-5,0.1,$\theta=0.1$,Str0+VI1,True,0.5,5.0,0.0,0.381918871165194,t2-pmed16-r2-R20-theta0.1-bbnc-i-l-facility-mixture-lh9010-low0.001to0.01-high0.1to0.5-seed1-coloc-tl3600.out
16|2|20|0.1|1090,16,16-400-5,0.1,$\theta=0.1$,Str1+VI0,True,0.75,39.0,0.0,0.920082491991194,t2-pmed16-r2-R20-theta0.1-bbnc-i-e-facility-mixture-lh1090-low0.001to0.01-high0.1to0.5-seed1-coloc-tl3600.out
16|2|20|0.1|5050,16,16-400-5,0.1,$\theta=0.1$,Str1+VI0,True,0.43,7.0,0.0,0.304245911280084,t2-pmed16-r2-R20-theta0.1-bbnc-i-e-facility-mixture-lh5050-low0.001to0.01-high0.1to0.5-seed1-coloc-tl3600.out
16|2|20|0.1|9010,16,16-400-5,0.1,$\theta=0.1$,Str1+VI0,True,0.46,18.0,0.0,0.815894111132136,t2-pmed16-r2-R20-theta0.1-bbnc-i-e-facility-mixture-lh9010-low0.001to0.01-high0.1to0.5-seed1-coloc-tl3600.out
16|2|20|0.1|1090,16,16-400-5,0.1,$\theta=0.1$,Str1+VI1,True,0.9,20.0,0.0,0.580906396709959,t2-pmed16-r2-R20-theta0.1-bbnc-i-e-l-facility-mixture-lh1090-low0.001to0.01-high0.1to0.5-seed1-coloc-tl3600.out
16|2|20|0.1|5050,16,16-400-5,0.1,$\theta=0.1$,Str1+VI1,True,0.37,0.0,0.0,0.0,t2-pmed16-r2-R20-theta0.1-bbnc-i-e-l-facility-mixture-lh5050-low0.001to0.01-high0.1to0.5-seed1-coloc-tl3600.out
16|2|20|0.1|9010,16,16-400-5,0.1,$\theta=0.1$,Str1+VI1,True,0.64,5.0,0.0,0.388070987478116,t2-pmed16-r2-R20-theta0.1-bbnc-i-e-l-facility-mixture-lh9010-low0.001to0.01-high0.1to0.5-seed1-coloc-tl3600.out
16|2|20|0.2|1090,16,16-400-5,0.2,$\theta=0.2$,Str0+VI0,True,0.84,40.0,0.0,0.806359287960554,t2-pmed16-r2-R20-theta0.2-bbnc-i-facility-mixture-lh1090-low0.001to0.01-high0.1to0.5-seed1-coloc-tl3600.out
16|2|20|0.2|5050,16,16-400-5,0.2,$\theta=0.2$,Str0+VI0,True,0.42,13.0,0.0,0.309992137710977,t2-pmed16-r2-R20-theta0.2-bbnc-i-facility-mixture-lh5050-low0.001to0.01-high0.1to0.5-seed1-coloc-tl3600.out
16|2|20|0.2|9010,16,16-400-5,0.2,$\theta=0.2$,Str0+VI0,True,0.29,7.0,0.0,0.305761901947542,t2-pmed16-r2-R20-theta0.2-bbnc-i-facility-mixture-lh9010-low0.001to0.01-high0.1to0.5-seed1-coloc-tl3600.out
16|2|20|0.2|1090,16,16-400-5,0.2,$\theta=0.2$,Str0+VI1,True,0.83,21.0,0.0,0.491566010668839,t2-pmed16-r2-R20-theta0.2-bbnc-i-l-facility-mixture-lh1090-low0.001to0.01-high0.1to0.5-seed1-coloc-tl3600.out
16|2|20|0.2|5050,16,16-400-5,0.2,$\theta=0.2$,Str0+VI1,True,0.36,0.0,0.0,0.0,t2-pmed16-r2-R20-theta0.2-bbnc-i-l-facility-mixture-lh5050-low0.001to0.01-high0.1to0.5-seed1-coloc-tl3600.out
16|2|20|0.2|9010,16,16-400-5,0.2,$\theta=0.2$,Str0+VI1,True,0.39,3.0,0.0,0.0,t2-pmed16-r2-R20-theta0.2-bbnc-i-l-facility-mixture-lh9010-low0.001to0.01-high0.1to0.5-seed1-coloc-tl3600.out
16|2|20|0.2|1090,16,16-400-5,0.2,$\theta=0.2$,Str1+VI0,True,0.79,37.0,0.0,0.654904388519801,t2-pmed16-r2-R20-theta0.2-bbnc-i-e-facility-mixture-lh1090-low0.001to0.01-high0.1to0.5-seed1-coloc-tl3600.out
16|2|20|0.2|5050,16,16-400-5,0.2,$\theta=0.2$,Str1+VI0,True,0.44,7.0,0.0,0.0797912177269042,t2-pmed16-r2-R20-theta0.2-bbnc-i-e-facility-mixture-lh5050-low0.001to0.01-high0.1to0.5-seed1-coloc-tl3600.out
16|2|20|0.2|9010,16,16-400-5,0.2,$\theta=0.2$,Str1+VI0,True,0.41,7.0,0.0,0.242564880595673,t2-pmed16-r2-R20-theta0.2-bbnc-i-e-facility-mixture-lh9010-low0.001to0.01-high0.1to0.5-seed1-coloc-tl3600.out
16|2|20|0.2|1090,16,16-400-5,0.2,$\theta=0.2$,Str1+VI1,True,0.91,18.0,0.0,0.433083844514961,t2-pmed16-r2-R20-theta0.2-bbnc-i-e-l-facility-mixture-lh1090-low0.001to0.01-high0.1to0.5-seed1-coloc-tl3600.out
16|2|20|0.2|5050,16,16-400-5,0.2,$\theta=0.2$,Str1+VI1,True,0.36,0.0,0.0,0.0,t2-pmed16-r2-R20-theta0.2-bbnc-i-e-l-facility-mixture-lh5050-low0.001to0.01-high0.1to0.5-seed1-coloc-tl3600.out
16|2|20|0.2|9010,16,16-400-5,0.2,$\theta=0.2$,Str1+VI1,True,0.54,3.0,0.0,0.0,t2-pmed16-r2-R20-theta0.2-bbnc-i-e-l-facility-mixture-lh9010-low0.001to0.01-high0.1to0.5-seed1-coloc-tl3600.out
17|1|20|0.01|1090,17,17-400-10,0.01,$\theta=0.01$,Str0+VI0,True,2.08,210.0,0.0,1.05790742512779,t2-pmed17-r1-R20-theta0.01-bbnc-i-facility-mixture-lh1090-low0.001to0.01-high0.1to0.5-seed1-coloc-tl3600.out
17|1|20|0.01|5050,17,17-400-10,0.01,$\theta=0.01$,Str0+VI0,True,2.92,418.0,0.0,1.21425756691145,t2-pmed17-r1-R20-theta0.01-bbnc-i-facility-mixture-lh5050-low0.001to0.01-high0.1to0.5-seed1-coloc-tl3600.out
17|1|20|0.01|9010,17,17-400-10,0.01,$\theta=0.01$,Str0+VI0,True,0.35,10.0,0.0,0.117546177486542,t2-pmed17-r1-R20-theta0.01-bbnc-i-facility-mixture-lh9010-low0.001to0.01-high0.1to0.5-seed1-coloc-tl3600.out
17|1|20|0.01|1090,17,17-400-10,0.01,$\theta=0.01$,Str0+VI1,True,1.2,35.0,0.0,0.531282281791856,t2-pmed17-r1-R20-theta0.01-bbnc-i-l-facility-mixture-lh1090-low0.001to0.01-high0.1to0.5-seed1-coloc-tl3600.out
17|1|20|0.01|5050,17,17-400-10,0.01,$\theta=0.01$,Str0+VI1,True,1.41,49.0,0.0,0.762815827100088,t2-pmed17-r1-R20-theta0.01-bbnc-i-l-facility-mixture-lh5050-low0.001to0.01-high0.1to0.5-seed1-coloc-tl3600.out
17|1|20|0.01|9010,17,17-400-10,0.01,$\theta=0.01$,Str0+VI1,True,0.53,7.0,0.0,0.123044261401579,t2-pmed17-r1-R20-theta0.01-bbnc-i-l-facility-mixture-lh9010-low0.001to0.01-high0.1to0.5-seed1-coloc-tl3600.out
17|1|20|0.01|1090,17,17-400-10,0.01,$\theta=0.01$,Str1+VI0,True,2.43,298.0,0.0,1.09231618381841,t2-pmed17-r1-R20-theta0.01-bbnc-i-e-facility-mixture-lh1090-low0.001to0.01-high0.1to0.5-seed1-coloc-tl3600.out
17|1|20|0.01|5050,17,17-400-10,0.01,$\theta=0.01$,Str1+VI0,True,2.04,246.0,0.0,1.06621561348638,t2-pmed17-r1-R20-theta0.01-bbnc-i-e-facility-mixture-lh5050-low0.001to0.01-high0.1to0.5-seed1-coloc-tl3600.out
17|1|20|0.01|9010,17,17-400-10,0.01,$\theta=0.01$,Str1+VI0,True,0.4,7.0,0.0,0.160169435723017,t2-pmed17-r1-R20-theta0.01-bbnc-i-e-facility-mixture-lh9010-low0.001to0.01-high0.1to0.5-seed1-coloc-tl3600.out
17|1|20|0.01|1090,17,17-400-10,0.01,$\theta=0.01$,Str1+VI1,True,1.09,41.0,0.0,0.550031714622052,t2-pmed17-r1-R20-theta0.01-bbnc-i-e-l-facility-mixture-lh1090-low0.001to0.01-high0.1to0.5-seed1-coloc-tl3600.out
17|1|20|0.01|5050,17,17-400-10,0.01,$\theta=0.01$,Str1+VI1,True,1.54,55.0,0.0,0.732858823729544,t2-pmed17-r1-R20-theta0.01-bbnc-i-e-l-facility-mixture-lh5050-low0.001to0.01-high0.1to0.5-seed1-coloc-tl3600.out
17|1|20|0.01|9010,17,17-400-10,0.01,$\theta=0.01$,Str1+VI1,True,0.61,7.0,0.0,0.118784647556187,t2-pmed17-r1-R20-theta0.01-bbnc-i-e-l-facility-mixture-lh9010-low0.001to0.01-high0.1to0.5-seed1-coloc-tl3600.out
17|1|20|0.1|1090,17,17-400-10,0.1,$\theta=0.1$,Str0+VI0,True,2.09,215.0,0.0,1.11330413039655,t2-pmed17-r1-R20-theta0.1-bbnc-i-facility-mixture-lh1090-low0.001to0.01-high0.1to0.5-seed1-coloc-tl3600.out
17|1|20|0.1|5050,17,17-400-10,0.1,$\theta=0.1$,Str0+VI0,True,1.31,117.0,0.0,0.878458499098845,t2-pmed17-r1-R20-theta0.1-bbnc-i-facility-mixture-lh5050-low0.001to0.01-high0.1to0.5-seed1-coloc-tl3600.out
17|1|20|0.1|9010,17,17-400-10,0.1,$\theta=0.1$,Str0+VI0,True,0.19,0.0,0.0,0.0,t2-pmed17-r1-R20-theta0.1-bbnc-i-facility-mixture-lh9010-low0.001to0.01-high0.1to0.5-seed1-coloc-tl3600.out
17|1|20|0.1|1090,17,17-400-10,0.1,$\theta=0.1$,Str0+VI1,True,1.25,28.0,0.0,0.458592342170582,t2-pmed17-r1-R20-theta0.1-bbnc-i-l-facility-mixture-lh1090-low0.001to0.01-high0.1to0.5-seed1-coloc-tl3600.out
17|1|20|0.1|5050,17,17-400-10,0.1,$\theta=0.1$,Str0+VI1,True,1.16,20.0,0.0,0.375232396801263,t2-pmed17-r1-R20-theta0.1-bbnc-i-l-facility-mixture-lh5050-low0.001to0.01-high0.1to0.5-seed1-coloc-tl3600.out
17|1|20|0.1|9010,17,17-400-10,0.1,$\theta=0.1$,Str0+VI1,True,0.34,3.0,0.0,0.0,t2-pmed17-r1-R20-theta0.1-bbnc-i-l-facility-mixture-lh9010-low0.001to0.01-high0.1to0.5-seed1-coloc-tl3600.out
17|1|20|0.1|1090,17,17-400-10,0.1,$\theta=0.1$,Str1+VI0,True,2.18,240.0,0.0,1.08614085692637,t2-pmed17-r1-R20-theta0.1-bbnc-i-e-facility-mixture-lh1090-low0.001to0.01-high0.1to0.5-seed1-coloc-tl3600.out
17|1|20|0.1|5050,17,17-400-10,0.1,$\theta=0.1$,Str1+VI0,True,2.17,102.0,0.0,0.73973776411618,t2-pmed17-r1-R20-theta0.1-bbnc-i-e-facility-mixture-lh5050-low0.001to0.01-high0.1to0.5-seed1-coloc-tl3600.out
17|1|20|0.1|9010,17,17-400-10,0.1,$\theta=0.1$,Str1+VI0,True,0.27,3.0,0.0,0.0,t2-pmed17-r1-R20-theta0.1-bbnc-i-e-facility-mixture-lh9010-low0.001to0.01-high0.1to0.5-seed1-coloc-tl3600.out
17|1|20|0.1|1090,17,17-400-10,0.1,$\theta=0.1$,Str1+VI1,True,1.07,25.0,0.0,0.46254984591954,t2-pmed17-r1-R20-theta0.1-bbnc-i-e-l-facility-mixture-lh1090-low0.001to0.01-high0.1to0.5-seed1-coloc-tl3600.out
17|1|20|0.1|5050,17,17-400-10,0.1,$\theta=0.1$,Str1+VI1,True,1.15,22.0,0.0,0.433986847710422,t2-pmed17-r1-R20-theta0.1-bbnc-i-e-l-facility-mixture-lh5050-low0.001to0.01-high0.1to0.5-seed1-coloc-tl3600.out
17|1|20|0.1|9010,17,17-400-10,0.1,$\theta=0.1$,Str1+VI1,True,0.28,0.0,0.0,0.0,t2-pmed17-r1-R20-theta0.1-bbnc-i-e-l-facility-mixture-lh9010-low0.001to0.01-high0.1to0.5-seed1-coloc-tl3600.out
17|1|20|0.2|1090,17,17-400-10,0.2,$\theta=0.2$,Str0+VI0,True,1.88,155.0,0.0,1.12004485028244,t2-pmed17-r1-R20-theta0.2-bbnc-i-facility-mixture-lh1090-low0.001to0.01-high0.1to0.5-seed1-coloc-tl3600.out
17|1|20|0.2|5050,17,17-400-10,0.2,$\theta=0.2$,Str0+VI0,True,0.74,48.0,0.0,0.539270587117305,t2-pmed17-r1-R20-theta0.2-bbnc-i-facility-mixture-lh5050-low0.001to0.01-high0.1to0.5-seed1-coloc-tl3600.out
17|1|20|0.2|9010,17,17-400-10,0.2,$\theta=0.2$,Str0+VI0,True,0.25,0.0,0.0,0.0,t2-pmed17-r1-R20-theta0.2-bbnc-i-facility-mixture-lh9010-low0.001to0.01-high0.1to0.5-seed1-coloc-tl3600.out
17|1|20|0.2|1090,17,17-400-10,0.2,$\theta=0.2$,Str0+VI1,True,1.28,36.0,0.0,0.475503795687848,t2-pmed17-r1-R20-theta0.2-bbnc-i-l-facility-mixture-lh1090-low0.001to0.01-high0.1to0.5-seed1-coloc-tl3600.out
17|1|20|0.2|5050,17,17-400-10,0.2,$\theta=0.2$,Str0+VI1,True,0.83,25.0,0.0,0.232532010787798,t2-pmed17-r1-R20-theta0.2-bbnc-i-l-facility-mixture-lh5050-low0.001to0.01-high0.1to0.5-seed1-coloc-tl3600.out
17|1|20|0.2|9010,17,17-400-10,0.2,$\theta=0.2$,Str0+VI1,True,0.26,0.0,0.0,0.0,t2-pmed17-r1-R20-theta0.2-bbnc-i-l-facility-mixture-lh9010-low0.001to0.01-high0.1to0.5-seed1-coloc-tl3600.out
17|1|20|0.2|1090,17,17-400-10,0.2,$\theta=0.2$,Str1+VI0,True,1.4,111.0,0.0,0.887752084162414,t2-pmed17-r1-R20-theta0.2-bbnc-i-e-facility-mixture-lh1090-low0.001to0.01-high0.1to0.5-seed1-coloc-tl3600.out
17|1|20|0.2|5050,17,17-400-10,0.2,$\theta=0.2$,Str1+VI0,True,0.79,40.0,0.0,0.512671828004141,t2-pmed17-r1-R20-theta0.2-bbnc-i-e-facility-mixture-lh5050-low0.001to0.01-high0.1to0.5-seed1-coloc-tl3600.out
17|1|20|0.2|9010,17,17-400-10,0.2,$\theta=0.2$,Str1+VI0,True,0.27,0.0,0.0,0.0,t2-pmed17-r1-R20-theta0.2-bbnc-i-e-facility-mixture-lh9010-low0.001to0.01-high0.1to0.5-seed1-coloc-tl3600.out
17|1|20|0.2|1090,17,17-400-10,0.2,$\theta=0.2$,Str1+VI1,True,1.29,39.0,0.0,0.475361585249418,t2-pmed17-r1-R20-theta0.2-bbnc-i-e-l-facility-mixture-lh1090-low0.001to0.01-high0.1to0.5-seed1-coloc-tl3600.out
17|1|20|0.2|5050,17,17-400-10,0.2,$\theta=0.2$,Str1+VI1,True,0.75,13.0,0.0,0.177608532239855,t2-pmed17-r1-R20-theta0.2-bbnc-i-e-l-facility-mixture-lh5050-low0.001to0.01-high0.1to0.5-seed1-coloc-tl3600.out
17|1|20|0.2|9010,17,17-400-10,0.2,$\theta=0.2$,Str1+VI1,True,0.25,0.0,0.0,0.0,t2-pmed17-r1-R20-theta0.2-bbnc-i-e-l-facility-mixture-lh9010-low0.001to0.01-high0.1to0.5-seed1-coloc-tl3600.out
17|2|20|0.01|1090,17,17-400-10,0.01,$\theta=0.01$,Str0+VI0,True,3.14,404.0,0.0,1.54209536933898,t2-pmed17-r2-R20-theta0.01-bbnc-i-facility-mixture-lh1090-low0.001to0.01-high0.1to0.5-seed1-coloc-tl3600.out
17|2|20|0.01|5050,17,17-400-10,0.01,$\theta=0.01$,Str0+VI0,True,2.35,373.0,0.0,1.2258197305858,t2-pmed17-r2-R20-theta0.01-bbnc-i-facility-mixture-lh5050-low0.001to0.01-high0.1to0.5-seed1-coloc-tl3600.out
17|2|20|0.01|9010,17,17-400-10,0.01,$\theta=0.01$,Str0+VI0,True,0.34,9.0,0.0,0.157402960086721,t2-pmed17-r2-R20-theta0.01-bbnc-i-facility-mixture-lh9010-low0.001to0.01-high0.1to0.5-seed1-coloc-tl3600.out
17|2|20|0.01|1090,17,17-400-10,0.01,$\theta=0.01$,Str0+VI1,True,1.18,37.0,0.0,0.696796534656193,t2-pmed17-r2-R20-theta0.01-bbnc-i-l-facility-mixture-lh1090-low0.001to0.01-high0.1to0.5-seed1-coloc-tl3600.out
17|2|20|0.01|5050,17,17-400-10,0.01,$\theta=0.01$,Str0+VI1,True,1.21,28.0,0.0,0.514604317221502,t2-pmed17-r2-R20-theta0.01-bbnc-i-l-facility-mixture-lh5050-low0.001to0.01-high0.1to0.5-seed1-coloc-tl3600.out
17|2|20|0.01|9010,17,17-400-10,0.01,$\theta=0.01$,Str0+VI1,True,0.37,5.0,0.0,0.114656697538721,t2-pmed17-r2-R20-theta0.01-bbnc-i-l-facility-mixture-lh9010-low0.001to0.01-high0.1to0.5-seed1-coloc-tl3600.out
17|2|20|0.01|1090,17,17-400-10,0.01,$\theta=0.01$,Str1+VI0,True,2.16,266.0,0.0,1.22508536353165,t2-pmed17-r2-R20-theta0.01-bbnc-i-e-facility-mixture-lh1090-low0.001to0.01-high0.1to0.5-seed1-coloc-tl3600.out
17|2|20|0.01|5050,17,17-400-10,0.01,$\theta=0.01$,Str1+VI0,True,2.36,311.0,0.0,1.26748961765123,t2-pmed17-r2-R20-theta0.01-bbnc-i-e-facility-mixture-lh5050-low0.001to0.01-high0.1to0.5-seed1-coloc-tl3600.out
17|2|20|0.01|9010,17,17-400-10,0.01,$\theta=0.01$,Str1+VI0,True,0.43,15.0,0.0,0.0816327186586419,t2-pmed17-r2-R20-theta0.01-bbnc-i-e-facility-mixture-lh9010-low0.001to0.01-high0.1to0.5-seed1-coloc-tl3600.out
17|2|20|0.01|1090,17,17-400-10,0.01,$\theta=0.01$,Str1+VI1,True,1.12,49.0,0.0,0.612782864216735,t2-pmed17-r2-R20-theta0.01-bbnc-i-e-l-facility-mixture-lh1090-low0.001to0.01-high0.1to0.5-seed1-coloc-tl3600.out
17|2|20|0.01|5050,17,17-400-10,0.01,$\theta=0.01$,Str1+VI1,True,1.15,31.0,0.0,0.521452442394921,t2-pmed17-r2-R20-theta0.01-bbnc-i-e-l-facility-mixture-lh5050-low0.001to0.01-high0.1to0.5-seed1-coloc-tl3600.out
17|2|20|0.01|9010,17,17-400-10,0.01,$\theta=0.01$,Str1+VI1,True,0.52,7.0,0.0,0.147656569369582,t2-pmed17-r2-R20-theta0.01-bbnc-i-e-l-facility-mixture-lh9010-low0.001to0.01-high0.1to0.5-seed1-coloc-tl3600.out
17|2|20|0.1|1090,17,17-400-10,0.1,$\theta=0.1$,Str0+VI0,True,2.32,246.0,0.0,1.15531504632047,t2-pmed17-r2-R20-theta0.1-bbnc-i-facility-mixture-lh1090-low0.001to0.01-high0.1to0.5-seed1-coloc-tl3600.out
17|2|20|0.1|5050,17,17-400-10,0.1,$\theta=0.1$,Str0+VI0,True,1.47,185.0,0.0,1.03640350137585,t2-pmed17-r2-R20-theta0.1-bbnc-i-facility-mixture-lh5050-low0.001to0.01-high0.1to0.5-seed1-coloc-tl3600.out
17|2|20|0.1|9010,17,17-400-10,0.1,$\theta=0.1$,Str0+VI0,True,0.19,0.0,0.0,0.0,t2-pmed17-r2-R20-theta0.1-bbnc-i-facility-mixture-lh9010-low0.001to0.01-high0.1to0.5-seed1-coloc-tl3600.out
17|2|20|0.1|1090,17,17-400-10,0.1,$\theta=0.1$,Str0+VI1,True,1.03,30.0,0.0,0.470721481023251,t2-pmed17-r2-R20-theta0.1-bbnc-i-l-facility-mixture-lh1090-low0.001to0.01-high0.1to0.5-seed1-coloc-tl3600.out
17|2|20|0.1|5050,17,17-400-10,0.1,$\theta=0.1$,Str0+VI1,True,0.9,15.0,0.0,0.324563791636391,t2-pmed17-r2-R20-theta0.1-bbnc-i-l-facility-mixture-lh5050-low0.001to0.01-high0.1to0.5-seed1-coloc-tl3600.out
17|2|20|0.1|9010,17,17-400-10,0.1,$\theta=0.1$,Str0+VI1,True,0.25,0.0,0.0,0.0,t2-pmed17-r2-R20-theta0.1-bbnc-i-l-facility-mixture-lh9010-low0.001to0.01-high0.1to0.5-seed1-coloc-tl3600.out
17|2|20|0.1|1090,17,17-400-10,0.1,$\theta=0.1$,Str1+VI0,True,2.17,167.0,0.0,1.1035504454116,t2-pmed17-r2-R20-theta0.1-bbnc-i-e-facility-mixture-lh1090-low0.001to0.01-high0.1to0.5-seed1-coloc-tl3600.out
17|2|20|0.1|5050,17,17-400-10,0.1,$\theta=0.1$,Str1+VI0,True,1.15,111.0,0.0,1.04705376711826,t2-pmed17-r2-R20-theta0.1-bbnc-i-e-facility-mixture-lh5050-low0.001to0.01-high0.1to0.5-seed1-coloc-tl3600.out
17|2|20|0.1|9010,17,17-400-10,0.1,$\theta=0.1$,Str1+VI0,True,0.23,0.0,0.0,0.0,t2-pmed17-r2-R20-theta0.1-bbnc-i-e-facility-mixture-lh9010-low0.001to0.01-high0.1to0.5-seed1-coloc-tl3600.out
17|2|20|0.1|1090,17,17-400-10,0.1,$\theta=0.1$,Str1+VI1,True,1.34,35.0,0.0,0.59524448059278,t2-pmed17-r2-R20-theta0.1-bbnc-i-e-l-facility-mixture-lh1090-low0.001to0.01-high0.1to0.5-seed1-coloc-tl3600.out
17|2|20|0.1|5050,17,17-400-10,0.1,$\theta=0.1$,Str1+VI1,True,0.82,29.0,0.0,0.332485323400601,t2-pmed17-r2-R20-theta0.1-bbnc-i-e-l-facility-mixture-lh5050-low0.001to0.01-high0.1to0.5-seed1-coloc-tl3600.out
17|2|20|0.1|9010,17,17-400-10,0.1,$\theta=0.1$,Str1+VI1,True,0.23,0.0,0.0,0.0,t2-pmed17-r2-R20-theta0.1-bbnc-i-e-l-facility-mixture-lh9010-low0.001to0.01-high0.1to0.5-seed1-coloc-tl3600.out
17|2|20|0.2|1090,17,17-400-10,0.2,$\theta=0.2$,Str0+VI0,True,1.75,158.0,0.0,1.11498506757452,t2-pmed17-r2-R20-theta0.2-bbnc-i-facility-mixture-lh1090-low0.001to0.01-high0.1to0.5-seed1-coloc-tl3600.out
17|2|20|0.2|5050,17,17-400-10,0.2,$\theta=0.2$,Str0+VI0,True,0.99,103.0,0.0,0.796053034669435,t2-pmed17-r2-R20-theta0.2-bbnc-i-facility-mixture-lh5050-low0.001to0.01-high0.1to0.5-seed1-coloc-tl3600.out
17|2|20|0.2|9010,17,17-400-10,0.2,$\theta=0.2$,Str0+VI0,True,0.19,0.0,0.0,0.0,t2-pmed17-r2-R20-theta0.2-bbnc-i-facility-mixture-lh9010-low0.001to0.01-high0.1to0.5-seed1-coloc-tl3600.out
17|2|20|0.2|1090,17,17-400-10,0.2,$\theta=0.2$,Str0+VI1,True,1.09,24.0,0.0,0.429675314278656,t2-pmed17-r2-R20-theta0.2-bbnc-i-l-facility-mixture-lh1090-low0.001to0.01-high0.1to0.5-seed1-coloc-tl3600.out
17|2|20|0.2|5050,17,17-400-10,0.2,$\theta=0.2$,Str0+VI1,True,0.63,10.0,0.0,0.188390287636084,t2-pmed17-r2-R20-theta0.2-bbnc-i-l-facility-mixture-lh5050-low0.001to0.01-high0.1to0.5-seed1-coloc-tl3600.out
17|2|20|0.2|9010,17,17-400-10,0.2,$\theta=0.2$,Str0+VI1,True,0.18,0.0,0.0,0.0,t2-pmed17-r2-R20-theta0.2-bbnc-i-l-facility-mixture-lh9010-low0.001to0.01-high0.1to0.5-seed1-coloc-tl3600.out
17|2|20|0.2|1090,17,17-400-10,0.2,$\theta=0.2$,Str1+VI0,True,1.41,91.0,0.0,1.01495436123573,t2-pmed17-r2-R20-theta0.2-bbnc-i-e-facility-mixture-lh1090-low0.001to0.01-high0.1to0.5-seed1-coloc-tl3600.out
17|2|20|0.2|5050,17,17-400-10,0.2,$\theta=0.2$,Str1+VI0,True,0.97,68.0,0.0,1.03044298663187,t2-pmed17-r2-R20-theta0.2-bbnc-i-e-facility-mixture-lh5050-low0.001to0.01-high0.1to0.5-seed1-coloc-tl3600.out
17|2|20|0.2|9010,17,17-400-10,0.2,$\theta=0.2$,Str1+VI0,True,0.29,0.0,0.0,0.0,t2-pmed17-r2-R20-theta0.2-bbnc-i-e-facility-mixture-lh9010-low0.001to0.01-high0.1to0.5-seed1-coloc-tl3600.out
17|2|20|0.2|1090,17,17-400-10,0.2,$\theta=0.2$,Str1+VI1,True,1.2,36.0,0.0,0.343211422091076,t2-pmed17-r2-R20-theta0.2-bbnc-i-e-l-facility-mixture-lh1090-low0.001to0.01-high0.1to0.5-seed1-coloc-tl3600.out
17|2|20|0.2|5050,17,17-400-10,0.2,$\theta=0.2$,Str1+VI1,True,0.97,14.0,0.0,0.176770025889552,t2-pmed17-r2-R20-theta0.2-bbnc-i-e-l-facility-mixture-lh5050-low0.001to0.01-high0.1to0.5-seed1-coloc-tl3600.out
17|2|20|0.2|9010,17,17-400-10,0.2,$\theta=0.2$,Str1+VI1,True,0.52,0.0,0.0,0.0,t2-pmed17-r2-R20-theta0.2-bbnc-i-e-l-facility-mixture-lh9010-low0.001to0.01-high0.1to0.5-seed1-coloc-tl3600.out
18|1|20|0.01|1090,18,18-400-40,0.01,$\theta=0.01$,Str0+VI0,True,1089.41,212281.0,0.0,1.7064069000941,t2-pmed18-r1-R20-theta0.01-bbnc-i-facility-mixture-lh1090-low0.001to0.01-high0.1to0.5-seed1-coloc-tl3600.out
18|1|20|0.01|5050,18,18-400-40,0.01,$\theta=0.01$,Str0+VI0,True,173.44,31653.0,0.0,1.21493725628187,t2-pmed18-r1-R20-theta0.01-bbnc-i-facility-mixture-lh5050-low0.001to0.01-high0.1to0.5-seed1-coloc-tl3600.out
18|1|20|0.01|9010,18,18-400-40,0.01,$\theta=0.01$,Str0+VI0,True,0.5,50.0,0.0,0.0860376530614651,t2-pmed18-r1-R20-theta0.01-bbnc-i-facility-mixture-lh9010-low0.001to0.01-high0.1to0.5-seed1-coloc-tl3600.out
18|1|20|0.01|1090,18,18-400-40,0.01,$\theta=0.01$,Str0+VI1,True,63.97,3257.0,0.0,0.737214541425033,t2-pmed18-r1-R20-theta0.01-bbnc-i-l-facility-mixture-lh1090-low0.001to0.01-high0.1to0.5-seed1-coloc-tl3600.out
18|1|20|0.01|5050,18,18-400-40,0.01,$\theta=0.01$,Str0+VI1,True,13.63,926.0,0.0,0.412673250946183,t2-pmed18-r1-R20-theta0.01-bbnc-i-l-facility-mixture-lh5050-low0.001to0.01-high0.1to0.5-seed1-coloc-tl3600.out
18|1|20|0.01|9010,18,18-400-40,0.01,$\theta=0.01$,Str0+VI1,True,0.27,0.0,0.0,0.0,t2-pmed18-r1-R20-theta0.01-bbnc-i-l-facility-mixture-lh9010-low0.001to0.01-high0.1to0.5-seed1-coloc-tl3600.out
18|1|20|0.01|1090,18,18-400-40,0.01,$\theta=0.01$,Str1+VI0,True,764.08,160316.0,0.0,1.38128649904488,t2-pmed18-r1-R20-theta0.01-bbnc-i-e-facility-mixture-lh1090-low0.001to0.01-high0.1to0.5-seed1-coloc-tl3600.out
18|1|20|0.01|5050,18,18-400-40,0.01,$\theta=0.01$,Str1+VI0,True,35.92,5142.0,0.0,1.09118424313499,t2-pmed18-r1-R20-theta0.01-bbnc-i-e-facility-mixture-lh5050-low0.001to0.01-high0.1to0.5-seed1-coloc-tl3600.out
18|1|20|0.01|9010,18,18-400-40,0.01,$\theta=0.01$,Str1+VI0,True,0.51,23.0,0.0,0.0174884081283202,t2-pmed18-r1-R20-theta0.01-bbnc-i-e-facility-mixture-lh9010-low0.001to0.01-high0.1to0.5-seed1-coloc-tl3600.out
18|1|20|0.01|1090,18,18-400-40,0.01,$\theta=0.01$,Str1+VI1,True,68.41,4193.0,0.0,0.72726124092484,t2-pmed18-r1-R20-theta0.01-bbnc-i-e-l-facility-mixture-lh1090-low0.001to0.01-high0.1to0.5-seed1-coloc-tl3600.out
18|1|20|0.01|5050,18,18-400-40,0.01,$\theta=0.01$,Str1+VI1,True,16.56,1030.0,0.0,0.410389967132644,t2-pmed18-r1-R20-theta0.01-bbnc-i-e-l-facility-mixture-lh5050-low0.001to0.01-high0.1to0.5-seed1-coloc-tl3600.out
18|1|20|0.01|9010,18,18-400-40,0.01,$\theta=0.01$,Str1+VI1,True,0.32,0.0,0.0,0.0,t2-pmed18-r1-R20-theta0.01-bbnc-i-e-l-facility-mixture-lh9010-low0.001to0.01-high0.1to0.5-seed1-coloc-tl3600.out
18|1|20|0.1|1090,18,18-400-40,0.1,$\theta=0.1$,Str0+VI0,True,451.03,71965.0,0.0,1.86112822163211,t2-pmed18-r1-R20-theta0.1-bbnc-i-facility-mixture-lh1090-low0.001to0.01-high0.1to0.5-seed1-coloc-tl3600.out
18|1|20|0.1|5050,18,18-400-40,0.1,$\theta=0.1$,Str0+VI0,True,17.82,1833.0,0.0,1.01441626243611,t2-pmed18-r1-R20-theta0.1-bbnc-i-facility-mixture-lh5050-low0.001to0.01-high0.1to0.5-seed1-coloc-tl3600.out
18|1|20|0.1|9010,18,18-400-40,0.1,$\theta=0.1$,Str0+VI0,True,1.13,279.0,0.0,0.129262989358322,t2-pmed18-r1-R20-theta0.1-bbnc-i-facility-mixture-lh9010-low0.001to0.01-high0.1to0.5-seed1-coloc-tl3600.out
18|1|20|0.1|1090,18,18-400-40,0.1,$\theta=0.1$,Str0+VI1,True,71.32,2396.0,0.0,0.688938143446412,t2-pmed18-r1-R20-theta0.1-bbnc-i-l-facility-mixture-lh1090-low0.001to0.01-high0.1to0.5-seed1-coloc-tl3600.out
18|1|20|0.1|5050,18,18-400-40,0.1,$\theta=0.1$,Str0+VI1,True,3.64,201.0,0.0,0.200503532578764,t2-pmed18-r1-R20-theta0.1-bbnc-i-l-facility-mixture-lh5050-low0.001to0.01-high0.1to0.5-seed1-coloc-tl3600.out
18|1|20|0.1|9010,18,18-400-40,0.1,$\theta=0.1$,Str0+VI1,True,0.42,10.0,0.0,0.0126325343173893,t2-pmed18-r1-R20-theta0.1-bbnc-i-l-facility-mixture-lh9010-low0.001to0.01-high0.1to0.5-seed1-coloc-tl3600.out
18|1|20|0.1|1090,18,18-400-40,0.1,$\theta=0.1$,Str1+VI0,True,237.42,35144.0,0.0,1.30509941932958,t2-pmed18-r1-R20-theta0.1-bbnc-i-e-facility-mixture-lh1090-low0.001to0.01-high0.1to0.5-seed1-coloc-tl3600.out
18|1|20|0.1|5050,18,18-400-40,0.1,$\theta=0.1$,Str1+VI0,True,10.54,1065.0,0.0,0.843176249659067,t2-pmed18-r1-R20-theta0.1-bbnc-i-e-facility-mixture-lh5050-low0.001to0.01-high0.1to0.5-seed1-coloc-tl3600.out
18|1|20|0.1|9010,18,18-400-40,0.1,$\theta=0.1$,Str1+VI0,True,0.91,185.0,0.0,0.148154414932392,t2-pmed18-r1-R20-theta0.1-bbnc-i-e-facility-mixture-lh9010-low0.001to0.01-high0.1to0.5-seed1-coloc-tl3600.out
18|1|20|0.1|1090,18,18-400-40,0.1,$\theta=0.1$,Str1+VI1,True,48.94,2261.0,0.0,0.615199114369176,t2-pmed18-r1-R20-theta0.1-bbnc-i-e-l-facility-mixture-lh1090-low0.001to0.01-high0.1to0.5-seed1-coloc-tl3600.out
18|1|20|0.1|5050,18,18-400-40,0.1,$\theta=0.1$,Str1+VI1,True,4.66,210.0,0.0,0.202700876421186,t2-pmed18-r1-R20-theta0.1-bbnc-i-e-l-facility-mixture-lh5050-low0.001to0.01-high0.1to0.5-seed1-coloc-tl3600.out
18|1|20|0.1|9010,18,18-400-40,0.1,$\theta=0.1$,Str1+VI1,True,0.44,9.0,0.0,0.00860835247955908,t2-pmed18-r1-R20-theta0.1-bbnc-i-e-l-facility-mixture-lh9010-low0.001to0.01-high0.1to0.5-seed1-coloc-tl3600.out
18|1|20|0.2|1090,18,18-400-40,0.2,$\theta=0.2$,Str0+VI0,True,225.64,41600.0,0.0,1.42718621128135,t2-pmed18-r1-R20-theta0.2-bbnc-i-facility-mixture-lh1090-low0.001to0.01-high0.1to0.5-seed1-coloc-tl3600.out
18|1|20|0.2|5050,18,18-400-40,0.2,$\theta=0.2$,Str0+VI0,True,10.28,1146.0,0.0,0.690683232823965,t2-pmed18-r1-R20-theta0.2-bbnc-i-facility-mixture-lh5050-low0.001to0.01-high0.1to0.5-seed1-coloc-tl3600.out
18|1|20|0.2|9010,18,18-400-40,0.2,$\theta=0.2$,Str0+VI0,True,5.37,2036.0,0.0,0.320327999727577,t2-pmed18-r1-R20-theta0.2-bbnc-i-facility-mixture-lh9010-low0.001to0.01-high0.1to0.5-seed1-coloc-tl3600.out
18|1|20|0.2|1090,18,18-400-40,0.2,$\theta=0.2$,Str0+VI1,True,29.81,1103.0,0.0,0.522353208748376,t2-pmed18-r1-R20-theta0.2-bbnc-i-l-facility-mixture-lh1090-low0.001to0.01-high0.1to0.5-seed1-coloc-tl3600.out
18|1|20|0.2|5050,18,18-400-40,0.2,$\theta=0.2$,Str0+VI1,True,1.87,77.0,0.0,0.102644341756937,t2-pmed18-r1-R20-theta0.2-bbnc-i-l-facility-mixture-lh5050-low0.001to0.01-high0.1to0.5-seed1-coloc-tl3600.out
18|1|20|0.2|9010,18,18-400-40,0.2,$\theta=0.2$,Str0+VI1,True,0.5,9.0,0.0,0.0597499139866908,t2-pmed18-r1-R20-theta0.2-bbnc-i-l-facility-mixture-lh9010-low0.001to0.01-high0.1to0.5-seed1-coloc-tl3600.out
18|1|20|0.2|1090,18,18-400-40,0.2,$\theta=0.2$,Str1+VI0,True,58.89,6928.0,0.0,1.227611547817,t2-pmed18-r1-R20-theta0.2-bbnc-i-e-facility-mixture-lh1090-low0.001to0.01-high0.1to0.5-seed1-coloc-tl3600.out
18|1|20|0.2|5050,18,18-400-40,0.2,$\theta=0.2$,Str1+VI0,True,12.1,1620.0,0.0,0.56481395482054,t2-pmed18-r1-R20-theta0.2-bbnc-i-e-facility-mixture-lh5050-low0.001to0.01-high0.1to0.5-seed1-coloc-tl3600.out
18|1|20|0.2|9010,18,18-400-40,0.2,$\theta=0.2$,Str1+VI0,True,1.69,441.0,0.0,0.297743272723458,t2-pmed18-r1-R20-theta0.2-bbnc-i-e-facility-mixture-lh9010-low0.001to0.01-high0.1to0.5-seed1-coloc-tl3600.out
18|1|20|0.2|1090,18,18-400-40,0.2,$\theta=0.2$,Str1+VI1,True,37.56,1919.0,0.0,0.521062718002204,t2-pmed18-r1-R20-theta0.2-bbnc-i-e-l-facility-mixture-lh1090-low0.001to0.01-high0.1to0.5-seed1-coloc-tl3600.out
18|1|20|0.2|5050,18,18-400-40,0.2,$\theta=0.2$,Str1+VI1,True,1.55,48.0,0.0,0.10199880867583,t2-pmed18-r1-R20-theta0.2-bbnc-i-e-l-facility-mixture-lh5050-low0.001to0.01-high0.1to0.5-seed1-coloc-tl3600.out
18|1|20|0.2|9010,18,18-400-40,0.2,$\theta=0.2$,Str1+VI1,True,0.55,28.0,0.0,0.0525546176965062,t2-pmed18-r1-R20-theta0.2-bbnc-i-e-l-facility-mixture-lh9010-low0.001to0.01-high0.1to0.5-seed1-coloc-tl3600.out
18|2|20|0.01|1090,18,18-400-40,0.01,$\theta=0.01$,Str0+VI0,True,76.42,6599.0,0.0,1.30755889804104,t2-pmed18-r2-R20-theta0.01-bbnc-i-facility-mixture-lh1090-low0.001to0.01-high0.1to0.5-seed1-coloc-tl3600.out
18|2|20|0.01|5050,18,18-400-40,0.01,$\theta=0.01$,Str0+VI0,True,74.44,13823.0,0.0,1.48386134770531,t2-pmed18-r2-R20-theta0.01-bbnc-i-facility-mixture-lh5050-low0.001to0.01-high0.1to0.5-seed1-coloc-tl3600.out
18|2|20|0.01|9010,18,18-400-40,0.01,$\theta=0.01$,Str0+VI0,True,6.54,2089.0,0.0,0.71478620939292,t2-pmed18-r2-R20-theta0.01-bbnc-i-facility-mixture-lh9010-low0.001to0.01-high0.1to0.5-seed1-coloc-tl3600.out
18|2|20|0.01|1090,18,18-400-40,0.01,$\theta=0.01$,Str0+VI1,True,27.08,1059.0,0.0,0.621007951839978,t2-pmed18-r2-R20-theta0.01-bbnc-i-l-facility-mixture-lh1090-low0.001to0.01-high0.1to0.5-seed1-coloc-tl3600.out
18|2|20|0.01|5050,18,18-400-40,0.01,$\theta=0.01$,Str0+VI1,True,19.31,1483.0,0.0,0.4531346097378,t2-pmed18-r2-R20-theta0.01-bbnc-i-l-facility-mixture-lh5050-low0.001to0.01-high0.1to0.5-seed1-coloc-tl3600.out
18|2|20|0.01|9010,18,18-400-40,0.01,$\theta=0.01$,Str0+VI1,True,0.77,32.0,0.0,0.0709327052063167,t2-pmed18-r2-R20-theta0.01-bbnc-i-l-facility-mixture-lh9010-low0.001to0.01-high0.1to0.5-seed1-coloc-tl3600.out
18|2|20|0.01|1090,18,18-400-40,0.01,$\theta=0.01$,Str1+VI0,True,42.89,3189.0,0.0,1.21726259507767,t2-pmed18-r2-R20-theta0.01-bbnc-i-e-facility-mixture-lh1090-low0.001to0.01-high0.1to0.5-seed1-coloc-tl3600.out
18|2|20|0.01|5050,18,18-400-40,0.01,$\theta=0.01$,Str1+VI0,True,35.31,6836.0,0.0,1.20148151021088,t2-pmed18-r2-R20-theta0.01-bbnc-i-e-facility-mixture-lh5050-low0.001to0.01-high0.1to0.5-seed1-coloc-tl3600.out
18|2|20|0.01|9010,18,18-400-40,0.01,$\theta=0.01$,Str1+VI0,True,5.55,1033.0,0.0,0.590776309778446,t2-pmed18-r2-R20-theta0.01-bbnc-i-e-facility-mixture-lh9010-low0.001to0.01-high0.1to0.5-seed1-coloc-tl3600.out
18|2|20|0.01|1090,18,18-400-40,0.01,$\theta=0.01$,Str1+VI1,True,22.7,1103.0,0.0,0.653318187389035,t2-pmed18-r2-R20-theta0.01-bbnc-i-e-l-facility-mixture-lh1090-low0.001to0.01-high0.1to0.5-seed1-coloc-tl3600.out
18|2|20|0.01|5050,18,18-400-40,0.01,$\theta=0.01$,Str1+VI1,True,23.59,2098.0,0.0,0.476768641840984,t2-pmed18-r2-R20-theta0.01-bbnc-i-e-l-facility-mixture-lh5050-low0.001to0.01-high0.1to0.5-seed1-coloc-tl3600.out
18|2|20|0.01|9010,18,18-400-40,0.01,$\theta=0.01$,Str1+VI1,True,0.79,33.0,0.0,0.0687297444383284,t2-pmed18-r2-R20-theta0.01-bbnc-i-e-l-facility-mixture-lh9010-low0.001to0.01-high0.1to0.5-seed1-coloc-tl3600.out
18|2|20|0.1|1090,18,18-400-40,0.1,$\theta=0.1$,Str0+VI0,True,70.75,5609.0,0.0,1.24015189052608,t2-pmed18-r2-R20-theta0.1-bbnc-i-facility-mixture-lh1090-low0.001to0.01-high0.1to0.5-seed1-coloc-tl3600.out
18|2|20|0.1|5050,18,18-400-40,0.1,$\theta=0.1$,Str0+VI0,True,21.91,3141.0,0.0,1.24786873475958,t2-pmed18-r2-R20-theta0.1-bbnc-i-facility-mixture-lh5050-low0.001to0.01-high0.1to0.5-seed1-coloc-tl3600.out
18|2|20|0.1|9010,18,18-400-40,0.1,$\theta=0.1$,Str0+VI0,True,3.68,951.0,0.0,0.403664542731906,t2-pmed18-r2-R20-theta0.1-bbnc-i-facility-mixture-lh9010-low0.001to0.01-high0.1to0.5-seed1-coloc-tl3600.out
18|2|20|0.1|1090,18,18-400-40,0.1,$\theta=0.1$,Str0+VI1,True,26.69,1016.0,0.0,0.500599460814909,t2-pmed18-r2-R20-theta0.1-bbnc-i-l-facility-mixture-lh1090-low0.001to0.01-high0.1to0.5-seed1-coloc-tl3600.out
18|2|20|0.1|5050,18,18-400-40,0.1,$\theta=0.1$,Str0+VI1,True,11.41,768.0,0.0,0.295858797076157,t2-pmed18-r2-R20-theta0.1-bbnc-i-l-facility-mixture-lh5050-low0.001to0.01-high0.1to0.5-seed1-coloc-tl3600.out
18|2|20|0.1|9010,18,18-400-40,0.1,$\theta=0.1$,Str0+VI1,True,0.56,28.0,0.0,0.0228638820864529,t2-pmed18-r2-R20-theta0.1-bbnc-i-l-facility-mixture-lh9010-low0.001to0.01-high0.1to0.5-seed1-coloc-tl3600.out
18|2|20|0.1|1090,18,18-400-40,0.1,$\theta=0.1$,Str1+VI0,True,34.08,2862.0,0.0,1.14537578204493,t2-pmed18-r2-R20-theta0.1-bbnc-i-e-facility-mixture-lh1090-low0.001to0.01-high0.1to0.5-seed1-coloc-tl3600.out
18|2|20|0.1|5050,18,18-400-40,0.1,$\theta=0.1$,Str1+VI0,True,16.58,2433.0,0.0,0.996593109372012,t2-pmed18-r2-R20-theta0.1-bbnc-i-e-facility-mixture-lh5050-low0.001to0.01-high0.1to0.5-seed1-coloc-tl3600.out
18|2|20|0.1|9010,18,18-400-40,0.1,$\theta=0.1$,Str1+VI0,True,4.26,1213.0,0.0,0.539036079598149,t2-pmed18-r2-R20-theta0.1-bbnc-i-e-facility-mixture-lh9010-low0.001to0.01-high0.1to0.5-seed1-coloc-tl3600.out
18|2|20|0.1|1090,18,18-400-40,0.1,$\theta=0.1$,Str1+VI1,True,17.2,796.0,0.0,0.552434901304871,t2-pmed18-r2-R20-theta0.1-bbnc-i-e-l-facility-mixture-lh1090-low0.001to0.01-high0.1to0.5-seed1-coloc-tl3600.out
18|2|20|0.1|5050,18,18-400-40,0.1,$\theta=0.1$,Str1+VI1,True,9.75,651.0,0.0,0.305588063745945,t2-pmed18-r2-R20-theta0.1-bbnc-i-e-l-facility-mixture-lh5050-low0.001to0.01-high0.1to0.5-seed1-coloc-tl3600.out
18|2|20|0.1|9010,18,18-400-40,0.1,$\theta=0.1$,Str1+VI1,True,0.63,9.0,0.0,0.0206278667091772,t2-pmed18-r2-R20-theta0.1-bbnc-i-e-l-facility-mixture-lh9010-low0.001to0.01-high0.1to0.5-seed1-coloc-tl3600.out
18|2|20|0.2|1090,18,18-400-40,0.2,$\theta=0.2$,Str0+VI0,True,46.36,4283.0,0.0,1.12231920378943,t2-pmed18-r2-R20-theta0.2-bbnc-i-facility-mixture-lh1090-low0.001to0.01-high0.1to0.5-seed1-coloc-tl3600.out
18|2|20|0.2|5050,18,18-400-40,0.2,$\theta=0.2$,Str0+VI0,True,10.97,1341.0,0.0,0.771938928031057,t2-pmed18-r2-R20-theta0.2-bbnc-i-facility-mixture-lh5050-low0.001to0.01-high0.1to0.5-seed1-coloc-tl3600.out
18|2|20|0.2|9010,18,18-400-40,0.2,$\theta=0.2$,Str0+VI0,True,3.31,784.0,0.0,0.578857656394584,t2-pmed18-r2-R20-theta0.2-bbnc-i-facility-mixture-lh9010-low0.001to0.01-high0.1to0.5-seed1-coloc-tl3600.out
18|2|20|0.2|1090,18,18-400-40,0.2,$\theta=0.2$,Str0+VI1,True,36.35,1655.0,0.0,0.496709532622916,t2-pmed18-r2-R20-theta0.2-bbnc-i-l-facility-mixture-lh1090-low0.001to0.01-high0.1to0.5-seed1-coloc-tl3600.out
18|2|20|0.2|5050,18,18-400-40,0.2,$\theta=0.2$,Str0+VI1,True,1.86,112.0,0.0,0.16983042166111,t2-pmed18-r2-R20-theta0.2-bbnc-i-l-facility-mixture-lh5050-low0.001to0.01-high0.1to0.5-seed1-coloc-tl3600.out
18|2|20|0.2|9010,18,18-400-40,0.2,$\theta=0.2$,Str0+VI1,True,0.46,14.0,0.0,0.0336139992095916,t2-pmed18-r2-R20-theta0.2-bbnc-i-l-facility-mixture-lh9010-low0.001to0.01-high0.1to0.5-seed1-coloc-tl3600.out
18|2|20|0.2|1090,18,18-400-40,0.2,$\theta=0.2$,Str1+VI0,True,39.13,3892.0,0.0,1.046711929331,t2-pmed18-r2-R20-theta0.2-bbnc-i-e-facility-mixture-lh1090-low0.001to0.01-high0.1to0.5-seed1-coloc-tl3600.out
18|2|20|0.2|5050,18,18-400-40,0.2,$\theta=0.2$,Str1+VI0,True,11.45,1098.0,0.0,0.760145660977317,t2-pmed18-r2-R20-theta0.2-bbnc-i-e-facility-mixture-lh5050-low0.001to0.01-high0.1to0.5-seed1-coloc-tl3600.out
18|2|20|0.2|9010,18,18-400-40,0.2,$\theta=0.2$,Str1+VI0,True,3.13,832.0,0.0,0.557925955791238,t2-pmed18-r2-R20-theta0.2-bbnc-i-e-facility-mixture-lh9010-low0.001to0.01-high0.1to0.5-seed1-coloc-tl3600.out
18|2|20|0.2|1090,18,18-400-40,0.2,$\theta=0.2$,Str1+VI1,True,35.19,2403.0,0.0,0.486272851450291,t2-pmed18-r2-R20-theta0.2-bbnc-i-e-l-facility-mixture-lh1090-low0.001to0.01-high0.1to0.5-seed1-coloc-tl3600.out
18|2|20|0.2|5050,18,18-400-40,0.2,$\theta=0.2$,Str1+VI1,True,1.9,75.0,0.0,0.158258437224609,t2-pmed18-r2-R20-theta0.2-bbnc-i-e-l-facility-mixture-lh5050-low0.001to0.01-high0.1to0.5-seed1-coloc-tl3600.out
18|2|20|0.2|9010,18,18-400-40,0.2,$\theta=0.2$,Str1+VI1,True,0.47,7.0,0.0,0.0216839735952294,t2-pmed18-r2-R20-theta0.2-bbnc-i-e-l-facility-mixture-lh9010-low0.001to0.01-high0.1to0.5-seed1-coloc-tl3600.out
19|1|20|0.01|1090,19,19-400-80,0.01,$\theta=0.01$,Str0+VI0,False,3600.0,263607.0,0.586093034510991,1.81310512010279,t2-pmed19-r1-R20-theta0.01-bbnc-i-facility-mixture-lh1090-low0.001to0.01-high0.1to0.5-seed1-coloc-tl3600.out
19|1|20|0.01|5050,19,19-400-80,0.01,$\theta=0.01$,Str0+VI0,False,3600.0,597957.0,0.0595439616432753,1.18326478461958,t2-pmed19-r1-R20-theta0.01-bbnc-i-facility-mixture-lh5050-low0.001to0.01-high0.1to0.5-seed1-coloc-tl3600.out
19|1|20|0.01|9010,19,19-400-80,0.01,$\theta=0.01$,Str0+VI0,True,14.66,2227.0,0.0,0.712772761097429,t2-pmed19-r1-R20-theta0.01-bbnc-i-facility-mixture-lh9010-low0.001to0.01-high0.1to0.5-seed1-coloc-tl3600.out
19|1|20|0.01|1090,19,19-400-80,0.01,$\theta=0.01$,Str0+VI1,False,3600.0,319176.0,0.328813971651354,0.88428501016957,t2-pmed19-r1-R20-theta0.01-bbnc-i-l-facility-mixture-lh1090-low0.001to0.01-high0.1to0.5-seed1-coloc-tl3600.out
19|1|20|0.01|5050,19,19-400-80,0.01,$\theta=0.01$,Str0+VI1,True,117.3,11902.0,0.0,0.482539593147617,t2-pmed19-r1-R20-theta0.01-bbnc-i-l-facility-mixture-lh5050-low0.001to0.01-high0.1to0.5-seed1-coloc-tl3600.out
19|1|20|0.01|9010,19,19-400-80,0.01,$\theta=0.01$,Str0+VI1,True,20.76,1979.0,0.0,0.37298117363503,t2-pmed19-r1-R20-theta0.01-bbnc-i-l-facility-mixture-lh9010-low0.001to0.01-high0.1to0.5-seed1-coloc-tl3600.out
19|1|20|0.01|1090,19,19-400-80,0.01,$\theta=0.01$,Str1+VI0,False,3600.0,344604.0,0.370994775616329,1.45850496410476,t2-pmed19-r1-R20-theta0.01-bbnc-i-e-facility-mixture-lh1090-low0.001to0.01-high0.1to0.5-seed1-coloc-tl3600.out
19|1|20|0.01|5050,19,19-400-80,0.01,$\theta=0.01$,Str1+VI0,True,579.52,117775.0,0.0,0.997936937922833,t2-pmed19-r1-R20-theta0.01-bbnc-i-e-facility-mixture-lh5050-low0.001to0.01-high0.1to0.5-seed1-coloc-tl3600.out
19|1|20|0.01|9010,19,19-400-80,0.01,$\theta=0.01$,Str1+VI0,True,19.02,3927.0,0.0,0.654058649852771,t2-pmed19-r1-R20-theta0.01-bbnc-i-e-facility-mixture-lh9010-low0.001to0.01-high0.1to0.5-seed1-coloc-tl3600.out
19|1|20|0.01|1090,19,19-400-80,0.01,$\theta=0.01$,Str1+VI1,True,2965.24,160275.0,0.0,0.68423146527889,t2-pmed19-r1-R20-theta0.01-bbnc-i-e-l-facility-mixture-lh1090-low0.001to0.01-high0.1to0.5-seed1-coloc-tl3600.out
19|1|20|0.01|5050,19,19-400-80,0.01,$\theta=0.01$,Str1+VI1,True,90.87,10262.0,0.0,0.445780508460988,t2-pmed19-r1-R20-theta0.01-bbnc-i-e-l-facility-mixture-lh5050-low0.001to0.01-high0.1to0.5-seed1-coloc-tl3600.out
19|1|20|0.01|9010,19,19-400-80,0.01,$\theta=0.01$,Str1+VI1,True,15.1,1477.0,0.0,0.344739144662139,t2-pmed19-r1-R20-theta0.01-bbnc-i-e-l-facility-mixture-lh9010-low0.001to0.01-high0.1to0.5-seed1-coloc-tl3600.out
19|1|20|0.1|1090,19,19-400-80,0.1,$\theta=0.1$,Str0+VI0,False,3600.0,361140.0,0.336042834729267,1.60220609176897,t2-pmed19-r1-R20-theta0.1-bbnc-i-facility-mixture-lh1090-low0.001to0.01-high0.1to0.5-seed1-coloc-tl3600.out
19|1|20|0.1|5050,19,19-400-80,0.1,$\theta=0.1$,Str0+VI0,True,178.81,30461.0,0.0,0.915755616698819,t2-pmed19-r1-R20-theta0.1-bbnc-i-facility-mixture-lh5050-low0.001to0.01-high0.1to0.5-seed1-coloc-tl3600.out
19|1|20|0.1|9010,19,19-400-80,0.1,$\theta=0.1$,Str0+VI0,True,18.57,4380.0,0.0,0.722173585544964,t2-pmed19-r1-R20-theta0.1-bbnc-i-facility-mixture-lh9010-low0.001to0.01-high0.1to0.5-seed1-coloc-tl3600.out
19|1|20|0.1|1090,19,19-400-80,0.1,$\theta=0.1$,Str0+VI1,False,3600.0,403823.0,0.154193231589999,0.655545634192657,t2-pmed19-r1-R20-theta0.1-bbnc-i-l-facility-mixture-lh1090-low0.001to0.01-high0.1to0.5-seed1-coloc-tl3600.out
19|1|20|0.1|5050,19,19-400-80,0.1,$\theta=0.1$,Str0+VI1,True,51.67,3606.0,0.0,0.297553058087714,t2-pmed19-r1-R20-theta0.1-bbnc-i-l-facility-mixture-lh5050-low0.001to0.01-high0.1to0.5-seed1-coloc-tl3600.out
19|1|20|0.1|9010,19,19-400-80,0.1,$\theta=0.1$,Str0+VI1,True,24.65,2776.0,0.0,0.378406638668975,t2-pmed19-r1-R20-theta0.1-bbnc-i-l-facility-mixture-lh9010-low0.001to0.01-high0.1to0.5-seed1-coloc-tl3600.out
19|1|20|0.1|1090,19,19-400-80,0.1,$\theta=0.1$,Str1+VI0,False,3600.0,354911.0,0.192441225454284,1.14300785325547,t2-pmed19-r1-R20-theta0.1-bbnc-i-e-facility-mixture-lh1090-low0.001to0.01-high0.1to0.5-seed1-coloc-tl3600.out
19|1|20|0.1|5050,19,19-400-80,0.1,$\theta=0.1$,Str1+VI0,True,50.8,7696.0,0.0,0.764813202958571,t2-pmed19-r1-R20-theta0.1-bbnc-i-e-facility-mixture-lh5050-low0.001to0.01-high0.1to0.5-seed1-coloc-tl3600.out
19|1|20|0.1|9010,19,19-400-80,0.1,$\theta=0.1$,Str1+VI0,True,35.94,10751.0,0.0,0.647865697303547,t2-pmed19-r1-R20-theta0.1-bbnc-i-e-facility-mixture-lh9010-low0.001to0.01-high0.1to0.5-seed1-coloc-tl3600.out
19|1|20|0.1|1090,19,19-400-80,0.1,$\theta=0.1$,Str1+VI1,True,1825.27,93655.0,0.0,0.568300378290623,t2-pmed19-r1-R20-theta0.1-bbnc-i-e-l-facility-mixture-lh1090-low0.001to0.01-high0.1to0.5-seed1-coloc-tl3600.out
19|1|20|0.1|5050,19,19-400-80,0.1,$\theta=0.1$,Str1+VI1,True,47.74,4882.0,0.0,0.285014436535963,t2-pmed19-r1-R20-theta0.1-bbnc-i-e-l-facility-mixture-lh5050-low0.001to0.01-high0.1to0.5-seed1-coloc-tl3600.out
19|1|20|0.1|9010,19,19-400-80,0.1,$\theta=0.1$,Str1+VI1,True,20.81,2203.0,0.0,0.336967442582063,t2-pmed19-r1-R20-theta0.1-bbnc-i-e-l-facility-mixture-lh9010-low0.001to0.01-high0.1to0.5-seed1-coloc-tl3600.out
19|1|20|0.2|1090,19,19-400-80,0.2,$\theta=0.2$,Str0+VI0,False,3600.0,450954.0,0.205200168009099,1.39217845819132,t2-pmed19-r1-R20-theta0.2-bbnc-i-facility-mixture-lh1090-low0.001to0.01-high0.1to0.5-seed1-coloc-tl3600.out
19|1|20|0.2|5050,19,19-400-80,0.2,$\theta=0.2$,Str0+VI0,True,12.66,1200.0,0.0,0.637379331119826,t2-pmed19-r1-R20-theta0.2-bbnc-i-facility-mixture-lh5050-low0.001to0.01-high0.1to0.5-seed1-coloc-tl3600.out
19|1|20|0.2|9010,19,19-400-80,0.2,$\theta=0.2$,Str0+VI0,True,72.46,17482.0,0.0,0.981057865897679,t2-pmed19-r1-R20-theta0.2-bbnc-i-facility-mixture-lh9010-low0.001to0.01-high0.1to0.5-seed1-coloc-tl3600.out
19|1|20|0.2|1090,19,19-400-80,0.2,$\theta=0.2$,Str0+VI1,True,1265.37,80202.0,0.0,0.450442537649929,t2-pmed19-r1-R20-theta0.2-bbnc-i-l-facility-mixture-lh1090-low0.001to0.01-high0.1to0.5-seed1-coloc-tl3600.out
19|1|20|0.2|5050,19,19-400-80,0.2,$\theta=0.2$,Str0+VI1,True,20.79,1202.0,0.0,0.151605728594915,t2-pmed19-r1-R20-theta0.2-bbnc-i-l-facility-mixture-lh5050-low0.001to0.01-high0.1to0.5-seed1-coloc-tl3600.out
19|1|20|0.2|9010,19,19-400-80,0.2,$\theta=0.2$,Str0+VI1,True,22.91,1930.0,0.0,0.391519538061265,t2-pmed19-r1-R20-theta0.2-bbnc-i-l-facility-mixture-lh9010-low0.001to0.01-high0.1to0.5-seed1-coloc-tl3600.out
19|1|20|0.2|1090,19,19-400-80,0.2,$\theta=0.2$,Str1+VI0,False,3600.0,401942.0,0.106425793023353,1.08595701641432,t2-pmed19-r1-R20-theta0.2-bbnc-i-e-facility-mixture-lh1090-low0.001to0.01-high0.1to0.5-seed1-coloc-tl3600.out
19|1|20|0.2|5050,19,19-400-80,0.2,$\theta=0.2$,Str1+VI0,True,17.93,2131.0,0.0,0.507637181891048,t2-pmed19-r1-R20-theta0.2-bbnc-i-e-facility-mixture-lh5050-low0.001to0.01-high0.1to0.5-seed1-coloc-tl3600.out
19|1|20|0.2|9010,19,19-400-80,0.2,$\theta=0.2$,Str1+VI0,True,56.83,14341.0,0.0,0.894665541260443,t2-pmed19-r1-R20-theta0.2-bbnc-i-e-facility-mixture-lh9010-low0.001to0.01-high0.1to0.5-seed1-coloc-tl3600.out
19|1|20|0.2|1090,19,19-400-80,0.2,$\theta=0.2$,Str1+VI1,True,637.85,37636.0,0.0,0.439249586147257,t2-pmed19-r1-R20-theta0.2-bbnc-i-e-l-facility-mixture-lh1090-low0.001to0.01-high0.1to0.5-seed1-coloc-tl3600.out
19|1|20|0.2|5050,19,19-400-80,0.2,$\theta=0.2$,Str1+VI1,True,20.73,1215.0,0.0,0.134865387395804,t2-pmed19-r1-R20-theta0.2-bbnc-i-e-l-facility-mixture-lh5050-low0.001to0.01-high0.1to0.5-seed1-coloc-tl3600.out
19|1|20|0.2|9010,19,19-400-80,0.2,$\theta=0.2$,Str1+VI1,True,20.74,1336.0,0.0,0.378896782952173,t2-pmed19-r1-R20-theta0.2-bbnc-i-e-l-facility-mixture-lh9010-low0.001to0.01-high0.1to0.5-seed1-coloc-tl3600.out
19|2|20|0.01|1090,19,19-400-80,0.01,$\theta=0.01$,Str0+VI0,False,3600.0,250683.0,0.745984757666852,2.14385235679855,t2-pmed19-r2-R20-theta0.01-bbnc-i-facility-mixture-lh1090-low0.001to0.01-high0.1to0.5-seed1-coloc-tl3600.out
19|2|20|0.01|5050,19,19-400-80,0.01,$\theta=0.01$,Str0+VI0,False,3600.0,373843.0,0.255694420758924,1.72609705487339,t2-pmed19-r2-R20-theta0.01-bbnc-i-facility-mixture-lh5050-low0.001to0.01-high0.1to0.5-seed1-coloc-tl3600.out
19|2|20|0.01|9010,19,19-400-80,0.01,$\theta=0.01$,Str0+VI0,True,85.77,22436.0,0.0,1.10757647640771,t2-pmed19-r2-R20-theta0.01-bbnc-i-facility-mixture-lh9010-low0.001to0.01-high0.1to0.5-seed1-coloc-tl3600.out
19|2|20|0.01|1090,19,19-400-80,0.01,$\theta=0.01$,Str0+VI1,False,3600.0,248176.0,0.368262962447271,1.02368201386276,t2-pmed19-r2-R20-theta0.01-bbnc-i-l-facility-mixture-lh1090-low0.001to0.01-high0.1to0.5-seed1-coloc-tl3600.out
19|2|20|0.01|5050,19,19-400-80,0.01,$\theta=0.01$,Str0+VI1,True,509.16,47522.0,0.0,0.748169229682725,t2-pmed19-r2-R20-theta0.01-bbnc-i-l-facility-mixture-lh5050-low0.001to0.01-high0.1to0.5-seed1-coloc-tl3600.out
19|2|20|0.01|9010,19,19-400-80,0.01,$\theta=0.01$,Str0+VI1,True,31.03,3625.0,0.0,0.571790589227557,t2-pmed19-r2-R20-theta0.01-bbnc-i-l-facility-mixture-lh9010-low0.001to0.01-high0.1to0.5-seed1-coloc-tl3600.out
19|2|20|0.01|1090,19,19-400-80,0.01,$\theta=0.01$,Str1+VI0,False,3600.0,276705.0,0.351233374055902,1.53924302148147,t2-pmed19-r2-R20-theta0.01-bbnc-i-e-facility-mixture-lh1090-low0.001to0.01-high0.1to0.5-seed1-coloc-tl3600.out
19|2|20|0.01|5050,19,19-400-80,0.01,$\theta=0.01$,Str1+VI0,True,1736.71,329039.0,0.0,1.41220373098043,t2-pmed19-r2-R20-theta0.01-bbnc-i-e-facility-mixture-lh5050-low0.001to0.01-high0.1to0.5-seed1-coloc-tl3600.out
19|2|20|0.01|9010,19,19-400-80,0.01,$\theta=0.01$,Str1+VI0,True,45.92,12218.0,0.0,1.0361502455478,t2-pmed19-r2-R20-theta0.01-bbnc-i-e-facility-mixture-lh9010-low0.001to0.01-high0.1to0.5-seed1-coloc-tl3600.out
19|2|20|0.01|1090,19,19-400-80,0.01,$\theta=0.01$,Str1+VI1,False,3600.0,319734.0,0.206059908705373,0.838024834868407,t2-pmed19-r2-R20-theta0.01-bbnc-i-e-l-facility-mixture-lh1090-low0.001to0.01-high0.1to0.5-seed1-coloc-tl3600.out
19|2|20|0.01|5050,19,19-400-80,0.01,$\theta=0.01$,Str1+VI1,True,239.35,20107.0,0.0,0.634233653179674,t2-pmed19-r2-R20-theta0.01-bbnc-i-e-l-facility-mixture-lh5050-low0.001to0.01-high0.1to0.5-seed1-coloc-tl3600.out
19|2|20|0.01|9010,19,19-400-80,0.01,$\theta=0.01$,Str1+VI1,True,22.69,2468.0,0.0,0.51323637852901,t2-pmed19-r2-R20-theta0.01-bbnc-i-e-l-facility-mixture-lh9010-low0.001to0.01-high0.1to0.5-seed1-coloc-tl3600.out
19|2|20|0.1|1090,19,19-400-80,0.1,$\theta=0.1$,Str0+VI0,False,3600.0,301302.0,0.363595184267073,1.87546801781198,t2-pmed19-r2-R20-theta0.1-bbnc-i-facility-mixture-lh1090-low0.001to0.01-high0.1to0.5-seed1-coloc-tl3600.out
19|2|20|0.1|5050,19,19-400-80,0.1,$\theta=0.1$,Str0+VI0,True,289.33,35302.0,0.0,1.39831154273951,t2-pmed19-r2-R20-theta0.1-bbnc-i-facility-mixture-lh5050-low0.001to0.01-high0.1to0.5-seed1-coloc-tl3600.out
19|2|20|0.1|9010,19,19-400-80,0.1,$\theta=0.1$,Str0+VI0,True,46.02,10208.0,0.0,1.17702610845696,t2-pmed19-r2-R20-theta0.1-bbnc-i-facility-mixture-lh9010-low0.001to0.01-high0.1to0.5-seed1-coloc-tl3600.out
19|2|20|0.1|1090,19,19-400-80,0.1,$\theta=0.1$,Str0+VI1,False,3600.0,335104.0,0.178555201934841,0.809502230897333,t2-pmed19-r2-R20-theta0.1-bbnc-i-l-facility-mixture-lh1090-low0.001to0.01-high0.1to0.5-seed1-coloc-tl3600.out
19|2|20|0.1|5050,19,19-400-80,0.1,$\theta=0.1$,Str0+VI1,True,66.35,3776.0,0.0,0.440345701326009,t2-pmed19-r2-R20-theta0.1-bbnc-i-l-facility-mixture-lh5050-low0.001to0.01-high0.1to0.5-seed1-coloc-tl3600.out
19|2|20|0.1|9010,19,19-400-80,0.1,$\theta=0.1$,Str0+VI1,True,26.5,2629.0,0.0,0.560999293106927,t2-pmed19-r2-R20-theta0.1-bbnc-i-l-facility-mixture-lh9010-low0.001to0.01-high0.1to0.5-seed1-coloc-tl3600.out
19|2|20|0.1|1090,19,19-400-80,0.1,$\theta=0.1$,Str1+VI0,False,3600.0,383294.0,0.243912321193594,1.56365978757676,t2-pmed19-r2-R20-theta0.1-bbnc-i-e-facility-mixture-lh1090-low0.001to0.01-high0.1to0.5-seed1-coloc-tl3600.out
19|2|20|0.1|5050,19,19-400-80,0.1,$\theta=0.1$,Str1+VI0,True,188.28,28942.0,0.0,1.26964309280299,t2-pmed19-r2-R20-theta0.1-bbnc-i-e-facility-mixture-lh5050-low0.001to0.01-high0.1to0.5-seed1-coloc-tl3600.out
19|2|20|0.1|9010,19,19-400-80,0.1,$\theta=0.1$,Str1+VI0,True,73.29,16831.0,0.0,1.13445891812579,t2-pmed19-r2-R20-theta0.1-bbnc-i-e-facility-mixture-lh9010-low0.001to0.01-high0.1to0.5-seed1-coloc-tl3600.out
19|2|20|0.1|1090,19,19-400-80,0.1,$\theta=0.1$,Str1+VI1,True,1848.02,64045.0,0.0,0.661660153289928,t2-pmed19-r2-R20-theta0.1-bbnc-i-e-l-facility-mixture-lh1090-low0.001to0.01-high0.1to0.5-seed1-coloc-tl3600.out
19|2|20|0.1|5050,19,19-400-80,0.1,$\theta=0.1$,Str1+VI1,True,42.96,1850.0,0.0,0.394045498317505,t2-pmed19-r2-R20-theta0.1-bbnc-i-e-l-facility-mixture-lh5050-low0.001to0.01-high0.1to0.5-seed1-coloc-tl3600.out
19|2|20|0.1|9010,19,19-400-80,0.1,$\theta=0.1$,Str1+VI1,True,26.15,2805.0,0.0,0.572732787088123,t2-pmed19-r2-R20-theta0.1-bbnc-i-e-l-facility-mixture-lh9010-low0.001to0.01-high0.1to0.5-seed1-coloc-tl3600.out
19|2|20|0.2|1090,19,19-400-80,0.2,$\theta=0.2$,Str0+VI0,False,3600.0,364406.0,0.161964687148485,1.48840619839101,t2-pmed19-r2-R20-theta0.2-bbnc-i-facility-mixture-lh1090-low0.001to0.01-high0.1to0.5-seed1-coloc-tl3600.out
19|2|20|0.2|5050,19,19-400-80,0.2,$\theta=0.2$,Str0+VI0,True,182.47,31839.0,0.0,1.37742850873464,t2-pmed19-r2-R20-theta0.2-bbnc-i-facility-mixture-lh5050-low0.001to0.01-high0.1to0.5-seed1-coloc-tl3600.out
19|2|20|0.2|9010,19,19-400-80,0.2,$\theta=0.2$,Str0+VI0,True,589.01,174221.0,0.0,1.61240964666485,t2-pmed19-r2-R20-theta0.2-bbnc-i-facility-mixture-lh9010-low0.001to0.01-high0.1to0.5-seed1-coloc-tl3600.out
19|2|20|0.2|1090,19,19-400-80,0.2,$\theta=0.2$,Str0+VI1,True,212.23,6391.0,0.0,0.498979394819427,t2-pmed19-r2-R20-theta0.2-bbnc-i-l-facility-mixture-lh1090-low0.001to0.01-high0.1to0.5-seed1-coloc-tl3600.out
19|2|20|0.2|5050,19,19-400-80,0.2,$\theta=0.2$,Str0+VI1,True,40.0,2328.0,0.0,0.222046393429267,t2-pmed19-r2-R20-theta0.2-bbnc-i-l-facility-mixture-lh5050-low0.001to0.01-high0.1to0.5-seed1-coloc-tl3600.out
19|2|20|0.2|9010,19,19-400-80,0.2,$\theta=0.2$,Str0+VI1,True,54.25,6634.0,0.0,0.803943376025874,t2-pmed19-r2-R20-theta0.2-bbnc-i-l-facility-mixture-lh9010-low0.001to0.01-high0.1to0.5-seed1-coloc-tl3600.out
19|2|20|0.2|1090,19,19-400-80,0.2,$\theta=0.2$,Str1+VI0,False,3600.0,349603.0,0.112500748103436,1.25838810688939,t2-pmed19-r2-R20-theta0.2-bbnc-i-e-facility-mixture-lh1090-low0.001to0.01-high0.1to0.5-seed1-coloc-tl3600.out
19|2|20|0.2|5050,19,19-400-80,0.2,$\theta=0.2$,Str1+VI0,True,55.67,8733.0,0.0,1.21226597979709,t2-pmed19-r2-R20-theta0.2-bbnc-i-e-facility-mixture-lh5050-low0.001to0.01-high0.1to0.5-seed1-coloc-tl3600.out
19|2|20|0.2|9010,19,19-400-80,0.2,$\theta=0.2$,Str1+VI0,True,542.52,176395.0,0.0,1.44308189618881,t2-pmed19-r2-R20-theta0.2-bbnc-i-e-facility-mixture-lh9010-low0.001to0.01-high0.1to0.5-seed1-coloc-tl3600.out
19|2|20|0.2|1090,19,19-400-80,0.2,$\theta=0.2$,Str1+VI1,True,144.43,3596.0,0.0,0.450940802635525,t2-pmed19-r2-R20-theta0.2-bbnc-i-e-l-facility-mixture-lh1090-low0.001to0.01-high0.1to0.5-seed1-coloc-tl3600.out
19|2|20|0.2|5050,19,19-400-80,0.2,$\theta=0.2$,Str1+VI1,True,43.6,3157.0,0.0,0.213225757728028,t2-pmed19-r2-R20-theta0.2-bbnc-i-e-l-facility-mixture-lh5050-low0.001to0.01-high0.1to0.5-seed1-coloc-tl3600.out
19|2|20|0.2|9010,19,19-400-80,0.2,$\theta=0.2$,Str1+VI1,True,57.14,8257.0,0.0,0.666820589363212,t2-pmed19-r2-R20-theta0.2-bbnc-i-e-l-facility-mixture-lh9010-low0.001to0.01-high0.1to0.5-seed1-coloc-tl3600.out
2|1|20|0.01|1090,2,2-100-10,0.01,$\theta=0.01$,Str0+VI0,True,0.02,0.0,0.0,0.0,t2-pmed2-r1-R20-theta0.01-bbnc-i-facility-mixture-lh1090-low0.001to0.01-high0.1to0.5-seed1-coloc-tl3600.out
2|1|20|0.01|5050,2,2-100-10,0.01,$\theta=0.01$,Str0+VI0,True,0.02,0.0,0.0,0.0,t2-pmed2-r1-R20-theta0.01-bbnc-i-facility-mixture-lh5050-low0.001to0.01-high0.1to0.5-seed1-coloc-tl3600.out
2|1|20|0.01|9010,2,2-100-10,0.01,$\theta=0.01$,Str0+VI0,True,0.02,0.0,0.0,0.0,t2-pmed2-r1-R20-theta0.01-bbnc-i-facility-mixture-lh9010-low0.001to0.01-high0.1to0.5-seed1-coloc-tl3600.out
2|1|20|0.01|1090,2,2-100-10,0.01,$\theta=0.01$,Str0+VI1,True,0.04,0.0,0.0,0.0,t2-pmed2-r1-R20-theta0.01-bbnc-i-l-facility-mixture-lh1090-low0.001to0.01-high0.1to0.5-seed1-coloc-tl3600.out
2|1|20|0.01|5050,2,2-100-10,0.01,$\theta=0.01$,Str0+VI1,True,0.02,0.0,0.0,0.0,t2-pmed2-r1-R20-theta0.01-bbnc-i-l-facility-mixture-lh5050-low0.001to0.01-high0.1to0.5-seed1-coloc-tl3600.out
2|1|20|0.01|9010,2,2-100-10,0.01,$\theta=0.01$,Str0+VI1,True,0.02,0.0,0.0,0.0,t2-pmed2-r1-R20-theta0.01-bbnc-i-l-facility-mixture-lh9010-low0.001to0.01-high0.1to0.5-seed1-coloc-tl3600.out
2|1|20|0.01|1090,2,2-100-10,0.01,$\theta=0.01$,Str1+VI0,True,0.02,0.0,0.0,0.0,t2-pmed2-r1-R20-theta0.01-bbnc-i-e-facility-mixture-lh1090-low0.001to0.01-high0.1to0.5-seed1-coloc-tl3600.out
2|1|20|0.01|5050,2,2-100-10,0.01,$\theta=0.01$,Str1+VI0,True,0.02,0.0,0.0,0.0,t2-pmed2-r1-R20-theta0.01-bbnc-i-e-facility-mixture-lh5050-low0.001to0.01-high0.1to0.5-seed1-coloc-tl3600.out
2|1|20|0.01|9010,2,2-100-10,0.01,$\theta=0.01$,Str1+VI0,True,0.01,0.0,0.0,0.0,t2-pmed2-r1-R20-theta0.01-bbnc-i-e-facility-mixture-lh9010-low0.001to0.01-high0.1to0.5-seed1-coloc-tl3600.out
2|1|20|0.01|1090,2,2-100-10,0.01,$\theta=0.01$,Str1+VI1,True,0.02,0.0,0.0,0.0,t2-pmed2-r1-R20-theta0.01-bbnc-i-e-l-facility-mixture-lh1090-low0.001to0.01-high0.1to0.5-seed1-coloc-tl3600.out
2|1|20|0.01|5050,2,2-100-10,0.01,$\theta=0.01$,Str1+VI1,True,0.02,0.0,0.0,0.0,t2-pmed2-r1-R20-theta0.01-bbnc-i-e-l-facility-mixture-lh5050-low0.001to0.01-high0.1to0.5-seed1-coloc-tl3600.out
2|1|20|0.01|9010,2,2-100-10,0.01,$\theta=0.01$,Str1+VI1,True,0.01,0.0,0.0,0.0,t2-pmed2-r1-R20-theta0.01-bbnc-i-e-l-facility-mixture-lh9010-low0.001to0.01-high0.1to0.5-seed1-coloc-tl3600.out
2|1|20|0.1|1090,2,2-100-10,0.1,$\theta=0.1$,Str0+VI0,True,0.02,0.0,0.0,0.0,t2-pmed2-r1-R20-theta0.1-bbnc-i-facility-mixture-lh1090-low0.001to0.01-high0.1to0.5-seed1-coloc-tl3600.out
2|1|20|0.1|5050,2,2-100-10,0.1,$\theta=0.1$,Str0+VI0,True,0.03,0.0,0.0,0.0,t2-pmed2-r1-R20-theta0.1-bbnc-i-facility-mixture-lh5050-low0.001to0.01-high0.1to0.5-seed1-coloc-tl3600.out
2|1|20|0.1|9010,2,2-100-10,0.1,$\theta=0.1$,Str0+VI0,True,0.02,0.0,0.0,0.0,t2-pmed2-r1-R20-theta0.1-bbnc-i-facility-mixture-lh9010-low0.001to0.01-high0.1to0.5-seed1-coloc-tl3600.out
2|1|20|0.1|1090,2,2-100-10,0.1,$\theta=0.1$,Str0+VI1,True,0.02,0.0,0.0,0.0,t2-pmed2-r1-R20-theta0.1-bbnc-i-l-facility-mixture-lh1090-low0.001to0.01-high0.1to0.5-seed1-coloc-tl3600.out
2|1|20|0.1|5050,2,2-100-10,0.1,$\theta=0.1$,Str0+VI1,True,0.01,0.0,0.0,0.0,t2-pmed2-r1-R20-theta0.1-bbnc-i-l-facility-mixture-lh5050-low0.001to0.01-high0.1to0.5-seed1-coloc-tl3600.out
2|1|20|0.1|9010,2,2-100-10,0.1,$\theta=0.1$,Str0+VI1,True,0.02,0.0,0.0,0.0,t2-pmed2-r1-R20-theta0.1-bbnc-i-l-facility-mixture-lh9010-low0.001to0.01-high0.1to0.5-seed1-coloc-tl3600.out
2|1|20|0.1|1090,2,2-100-10,0.1,$\theta=0.1$,Str1+VI0,True,0.02,0.0,0.0,0.0,t2-pmed2-r1-R20-theta0.1-bbnc-i-e-facility-mixture-lh1090-low0.001to0.01-high0.1to0.5-seed1-coloc-tl3600.out
2|1|20|0.1|5050,2,2-100-10,0.1,$\theta=0.1$,Str1+VI0,True,0.02,0.0,0.0,0.0,t2-pmed2-r1-R20-theta0.1-bbnc-i-e-facility-mixture-lh5050-low0.001to0.01-high0.1to0.5-seed1-coloc-tl3600.out
2|1|20|0.1|9010,2,2-100-10,0.1,$\theta=0.1$,Str1+VI0,True,0.01,0.0,0.0,0.0,t2-pmed2-r1-R20-theta0.1-bbnc-i-e-facility-mixture-lh9010-low0.001to0.01-high0.1to0.5-seed1-coloc-tl3600.out
2|1|20|0.1|1090,2,2-100-10,0.1,$\theta=0.1$,Str1+VI1,True,0.02,0.0,0.0,0.0,t2-pmed2-r1-R20-theta0.1-bbnc-i-e-l-facility-mixture-lh1090-low0.001to0.01-high0.1to0.5-seed1-coloc-tl3600.out
2|1|20|0.1|5050,2,2-100-10,0.1,$\theta=0.1$,Str1+VI1,True,0.01,0.0,0.0,0.0,t2-pmed2-r1-R20-theta0.1-bbnc-i-e-l-facility-mixture-lh5050-low0.001to0.01-high0.1to0.5-seed1-coloc-tl3600.out
2|1|20|0.1|9010,2,2-100-10,0.1,$\theta=0.1$,Str1+VI1,True,0.01,0.0,0.0,0.0,t2-pmed2-r1-R20-theta0.1-bbnc-i-e-l-facility-mixture-lh9010-low0.001to0.01-high0.1to0.5-seed1-coloc-tl3600.out
2|1|20|0.2|1090,2,2-100-10,0.2,$\theta=0.2$,Str0+VI0,True,0.02,0.0,0.0,0.0,t2-pmed2-r1-R20-theta0.2-bbnc-i-facility-mixture-lh1090-low0.001to0.01-high0.1to0.5-seed1-coloc-tl3600.out
2|1|20|0.2|5050,2,2-100-10,0.2,$\theta=0.2$,Str0+VI0,True,0.02,0.0,0.0,0.0,t2-pmed2-r1-R20-theta0.2-bbnc-i-facility-mixture-lh5050-low0.001to0.01-high0.1to0.5-seed1-coloc-tl3600.out
2|1|20|0.2|9010,2,2-100-10,0.2,$\theta=0.2$,Str0+VI0,True,0.02,0.0,0.0,0.0,t2-pmed2-r1-R20-theta0.2-bbnc-i-facility-mixture-lh9010-low0.001to0.01-high0.1to0.5-seed1-coloc-tl3600.out
2|1|20|0.2|1090,2,2-100-10,0.2,$\theta=0.2$,Str0+VI1,True,0.02,0.0,0.0,0.0,t2-pmed2-r1-R20-theta0.2-bbnc-i-l-facility-mixture-lh1090-low0.001to0.01-high0.1to0.5-seed1-coloc-tl3600.out
2|1|20|0.2|5050,2,2-100-10,0.2,$\theta=0.2$,Str0+VI1,True,0.01,0.0,0.0,0.0,t2-pmed2-r1-R20-theta0.2-bbnc-i-l-facility-mixture-lh5050-low0.001to0.01-high0.1to0.5-seed1-coloc-tl3600.out
2|1|20|0.2|9010,2,2-100-10,0.2,$\theta=0.2$,Str0+VI1,True,0.02,0.0,0.0,0.0,t2-pmed2-r1-R20-theta0.2-bbnc-i-l-facility-mixture-lh9010-low0.001to0.01-high0.1to0.5-seed1-coloc-tl3600.out
2|1|20|0.2|1090,2,2-100-10,0.2,$\theta=0.2$,Str1+VI0,True,0.02,0.0,0.0,0.0,t2-pmed2-r1-R20-theta0.2-bbnc-i-e-facility-mixture-lh1090-low0.001to0.01-high0.1to0.5-seed1-coloc-tl3600.out
2|1|20|0.2|5050,2,2-100-10,0.2,$\theta=0.2$,Str1+VI0,True,0.02,0.0,0.0,0.0,t2-pmed2-r1-R20-theta0.2-bbnc-i-e-facility-mixture-lh5050-low0.001to0.01-high0.1to0.5-seed1-coloc-tl3600.out
2|1|20|0.2|9010,2,2-100-10,0.2,$\theta=0.2$,Str1+VI0,True,0.01,0.0,0.0,0.0,t2-pmed2-r1-R20-theta0.2-bbnc-i-e-facility-mixture-lh9010-low0.001to0.01-high0.1to0.5-seed1-coloc-tl3600.out
2|1|20|0.2|1090,2,2-100-10,0.2,$\theta=0.2$,Str1+VI1,True,0.02,0.0,0.0,0.0,t2-pmed2-r1-R20-theta0.2-bbnc-i-e-l-facility-mixture-lh1090-low0.001to0.01-high0.1to0.5-seed1-coloc-tl3600.out
2|1|20|0.2|5050,2,2-100-10,0.2,$\theta=0.2$,Str1+VI1,True,0.01,0.0,0.0,0.0,t2-pmed2-r1-R20-theta0.2-bbnc-i-e-l-facility-mixture-lh5050-low0.001to0.01-high0.1to0.5-seed1-coloc-tl3600.out
2|1|20|0.2|9010,2,2-100-10,0.2,$\theta=0.2$,Str1+VI1,True,0.04,0.0,0.0,0.0,t2-pmed2-r1-R20-theta0.2-bbnc-i-e-l-facility-mixture-lh9010-low0.001to0.01-high0.1to0.5-seed1-coloc-tl3600.out
2|2|20|0.01|1090,2,2-100-10,0.01,$\theta=0.01$,Str0+VI0,True,0.03,0.0,0.0,0.0,t2-pmed2-r2-R20-theta0.01-bbnc-i-facility-mixture-lh1090-low0.001to0.01-high0.1to0.5-seed1-coloc-tl3600.out
2|2|20|0.01|5050,2,2-100-10,0.01,$\theta=0.01$,Str0+VI0,True,0.01,0.0,0.0,0.0,t2-pmed2-r2-R20-theta0.01-bbnc-i-facility-mixture-lh5050-low0.001to0.01-high0.1to0.5-seed1-coloc-tl3600.out
2|2|20|0.01|9010,2,2-100-10,0.01,$\theta=0.01$,Str0+VI0,True,0.01,0.0,0.0,0.0,t2-pmed2-r2-R20-theta0.01-bbnc-i-facility-mixture-lh9010-low0.001to0.01-high0.1to0.5-seed1-coloc-tl3600.out
2|2|20|0.01|1090,2,2-100-10,0.01,$\theta=0.01$,Str0+VI1,True,0.02,0.0,0.0,0.0,t2-pmed2-r2-R20-theta0.01-bbnc-i-l-facility-mixture-lh1090-low0.001to0.01-high0.1to0.5-seed1-coloc-tl3600.out
2|2|20|0.01|5050,2,2-100-10,0.01,$\theta=0.01$,Str0+VI1,True,0.01,0.0,0.0,0.0,t2-pmed2-r2-R20-theta0.01-bbnc-i-l-facility-mixture-lh5050-low0.001to0.01-high0.1to0.5-seed1-coloc-tl3600.out
2|2|20|0.01|9010,2,2-100-10,0.01,$\theta=0.01$,Str0+VI1,True,0.01,0.0,0.0,0.0,t2-pmed2-r2-R20-theta0.01-bbnc-i-l-facility-mixture-lh9010-low0.001to0.01-high0.1to0.5-seed1-coloc-tl3600.out
2|2|20|0.01|1090,2,2-100-10,0.01,$\theta=0.01$,Str1+VI0,True,0.02,0.0,0.0,0.0,t2-pmed2-r2-R20-theta0.01-bbnc-i-e-facility-mixture-lh1090-low0.001to0.01-high0.1to0.5-seed1-coloc-tl3600.out
2|2|20|0.01|5050,2,2-100-10,0.01,$\theta=0.01$,Str1+VI0,True,0.02,0.0,0.0,0.0,t2-pmed2-r2-R20-theta0.01-bbnc-i-e-facility-mixture-lh5050-low0.001to0.01-high0.1to0.5-seed1-coloc-tl3600.out
2|2|20|0.01|9010,2,2-100-10,0.01,$\theta=0.01$,Str1+VI0,True,0.01,0.0,0.0,0.0,t2-pmed2-r2-R20-theta0.01-bbnc-i-e-facility-mixture-lh9010-low0.001to0.01-high0.1to0.5-seed1-coloc-tl3600.out
2|2|20|0.01|1090,2,2-100-10,0.01,$\theta=0.01$,Str1+VI1,True,0.04,0.0,0.0,0.0,t2-pmed2-r2-R20-theta0.01-bbnc-i-e-l-facility-mixture-lh1090-low0.001to0.01-high0.1to0.5-seed1-coloc-tl3600.out
2|2|20|0.01|5050,2,2-100-10,0.01,$\theta=0.01$,Str1+VI1,True,0.01,0.0,0.0,0.0,t2-pmed2-r2-R20-theta0.01-bbnc-i-e-l-facility-mixture-lh5050-low0.001to0.01-high0.1to0.5-seed1-coloc-tl3600.out
2|2|20|0.01|9010,2,2-100-10,0.01,$\theta=0.01$,Str1+VI1,True,0.01,0.0,0.0,0.0,t2-pmed2-r2-R20-theta0.01-bbnc-i-e-l-facility-mixture-lh9010-low0.001to0.01-high0.1to0.5-seed1-coloc-tl3600.out
2|2|20|0.1|1090,2,2-100-10,0.1,$\theta=0.1$,Str0+VI0,True,0.02,0.0,0.0,0.0,t2-pmed2-r2-R20-theta0.1-bbnc-i-facility-mixture-lh1090-low0.001to0.01-high0.1to0.5-seed1-coloc-tl3600.out
2|2|20|0.1|5050,2,2-100-10,0.1,$\theta=0.1$,Str0+VI0,True,0.01,0.0,0.0,0.0,t2-pmed2-r2-R20-theta0.1-bbnc-i-facility-mixture-lh5050-low0.001to0.01-high0.1to0.5-seed1-coloc-tl3600.out
2|2|20|0.1|9010,2,2-100-10,0.1,$\theta=0.1$,Str0+VI0,True,0.01,0.0,0.0,0.0,t2-pmed2-r2-R20-theta0.1-bbnc-i-facility-mixture-lh9010-low0.001to0.01-high0.1to0.5-seed1-coloc-tl3600.out
2|2|20|0.1|1090,2,2-100-10,0.1,$\theta=0.1$,Str0+VI1,True,0.02,0.0,0.0,0.0,t2-pmed2-r2-R20-theta0.1-bbnc-i-l-facility-mixture-lh1090-low0.001to0.01-high0.1to0.5-seed1-coloc-tl3600.out
2|2|20|0.1|5050,2,2-100-10,0.1,$\theta=0.1$,Str0+VI1,True,0.02,0.0,0.0,0.0,t2-pmed2-r2-R20-theta0.1-bbnc-i-l-facility-mixture-lh5050-low0.001to0.01-high0.1to0.5-seed1-coloc-tl3600.out
2|2|20|0.1|9010,2,2-100-10,0.1,$\theta=0.1$,Str0+VI1,True,0.01,0.0,0.0,0.0,t2-pmed2-r2-R20-theta0.1-bbnc-i-l-facility-mixture-lh9010-low0.001to0.01-high0.1to0.5-seed1-coloc-tl3600.out
2|2|20|0.1|1090,2,2-100-10,0.1,$\theta=0.1$,Str1+VI0,True,0.02,0.0,0.0,0.0,t2-pmed2-r2-R20-theta0.1-bbnc-i-e-facility-mixture-lh1090-low0.001to0.01-high0.1to0.5-seed1-coloc-tl3600.out
2|2|20|0.1|5050,2,2-100-10,0.1,$\theta=0.1$,Str1+VI0,True,0.02,0.0,0.0,0.0,t2-pmed2-r2-R20-theta0.1-bbnc-i-e-facility-mixture-lh5050-low0.001to0.01-high0.1to0.5-seed1-coloc-tl3600.out
2|2|20|0.1|9010,2,2-100-10,0.1,$\theta=0.1$,Str1+VI0,True,0.01,0.0,0.0,0.0,t2-pmed2-r2-R20-theta0.1-bbnc-i-e-facility-mixture-lh9010-low0.001to0.01-high0.1to0.5-seed1-coloc-tl3600.out
2|2|20|0.1|1090,2,2-100-10,0.1,$\theta=0.1$,Str1+VI1,True,0.02,0.0,0.0,0.0,t2-pmed2-r2-R20-theta0.1-bbnc-i-e-l-facility-mixture-lh1090-low0.001to0.01-high0.1to0.5-seed1-coloc-tl3600.out
2|2|20|0.1|5050,2,2-100-10,0.1,$\theta=0.1$,Str1+VI1,True,0.01,0.0,0.0,0.0,t2-pmed2-r2-R20-theta0.1-bbnc-i-e-l-facility-mixture-lh5050-low0.001to0.01-high0.1to0.5-seed1-coloc-tl3600.out
2|2|20|0.1|9010,2,2-100-10,0.1,$\theta=0.1$,Str1+VI1,True,0.01,0.0,0.0,0.0,t2-pmed2-r2-R20-theta0.1-bbnc-i-e-l-facility-mixture-lh9010-low0.001to0.01-high0.1to0.5-seed1-coloc-tl3600.out
2|2|20|0.2|1090,2,2-100-10,0.2,$\theta=0.2$,Str0+VI0,True,0.03,0.0,0.0,0.0,t2-pmed2-r2-R20-theta0.2-bbnc-i-facility-mixture-lh1090-low0.001to0.01-high0.1to0.5-seed1-coloc-tl3600.out
2|2|20|0.2|5050,2,2-100-10,0.2,$\theta=0.2$,Str0+VI0,True,0.01,0.0,0.0,0.0,t2-pmed2-r2-R20-theta0.2-bbnc-i-facility-mixture-lh5050-low0.001to0.01-high0.1to0.5-seed1-coloc-tl3600.out
2|2|20|0.2|9010,2,2-100-10,0.2,$\theta=0.2$,Str0+VI0,True,0.01,0.0,0.0,0.0,t2-pmed2-r2-R20-theta0.2-bbnc-i-facility-mixture-lh9010-low0.001to0.01-high0.1to0.5-seed1-coloc-tl3600.out
2|2|20|0.2|1090,2,2-100-10,0.2,$\theta=0.2$,Str0+VI1,True,0.02,0.0,0.0,0.0,t2-pmed2-r2-R20-theta0.2-bbnc-i-l-facility-mixture-lh1090-low0.001to0.01-high0.1to0.5-seed1-coloc-tl3600.out
2|2|20|0.2|5050,2,2-100-10,0.2,$\theta=0.2$,Str0+VI1,True,0.01,0.0,0.0,0.0,t2-pmed2-r2-R20-theta0.2-bbnc-i-l-facility-mixture-lh5050-low0.001to0.01-high0.1to0.5-seed1-coloc-tl3600.out
2|2|20|0.2|9010,2,2-100-10,0.2,$\theta=0.2$,Str0+VI1,True,0.01,0.0,0.0,0.0,t2-pmed2-r2-R20-theta0.2-bbnc-i-l-facility-mixture-lh9010-low0.001to0.01-high0.1to0.5-seed1-coloc-tl3600.out
2|2|20|0.2|1090,2,2-100-10,0.2,$\theta=0.2$,Str1+VI0,True,0.02,0.0,0.0,0.0,t2-pmed2-r2-R20-theta0.2-bbnc-i-e-facility-mixture-lh1090-low0.001to0.01-high0.1to0.5-seed1-coloc-tl3600.out
2|2|20|0.2|5050,2,2-100-10,0.2,$\theta=0.2$,Str1+VI0,True,0.01,0.0,0.0,0.0,t2-pmed2-r2-R20-theta0.2-bbnc-i-e-facility-mixture-lh5050-low0.001to0.01-high0.1to0.5-seed1-coloc-tl3600.out
2|2|20|0.2|9010,2,2-100-10,0.2,$\theta=0.2$,Str1+VI0,True,0.01,0.0,0.0,0.0,t2-pmed2-r2-R20-theta0.2-bbnc-i-e-facility-mixture-lh9010-low0.001to0.01-high0.1to0.5-seed1-coloc-tl3600.out
2|2|20|0.2|1090,2,2-100-10,0.2,$\theta=0.2$,Str1+VI1,True,0.02,0.0,0.0,0.0,t2-pmed2-r2-R20-theta0.2-bbnc-i-e-l-facility-mixture-lh1090-low0.001to0.01-high0.1to0.5-seed1-coloc-tl3600.out
2|2|20|0.2|5050,2,2-100-10,0.2,$\theta=0.2$,Str1+VI1,True,0.01,0.0,0.0,0.0,t2-pmed2-r2-R20-theta0.2-bbnc-i-e-l-facility-mixture-lh5050-low0.001to0.01-high0.1to0.5-seed1-coloc-tl3600.out
2|2|20|0.2|9010,2,2-100-10,0.2,$\theta=0.2$,Str1+VI1,True,0.01,0.0,0.0,0.0,t2-pmed2-r2-R20-theta0.2-bbnc-i-e-l-facility-mixture-lh9010-low0.001to0.01-high0.1to0.5-seed1-coloc-tl3600.out
20|1|20|0.01|1090,20,20-400-133,0.01,$\theta=0.01$,Str0+VI0,False,3600.0,254494.0,0.994414136056458,2.19468144656363,t2-pmed20-r1-R20-theta0.01-bbnc-i-facility-mixture-lh1090-low0.001to0.01-high0.1to0.5-seed1-coloc-tl3600.out
20|1|20|0.01|5050,20,20-400-133,0.01,$\theta=0.01$,Str0+VI0,False,3600.0,415255.0,0.445153966619533,1.79260870424337,t2-pmed20-r1-R20-theta0.01-bbnc-i-facility-mixture-lh5050-low0.001to0.01-high0.1to0.5-seed1-coloc-tl3600.out
20|1|20|0.01|9010,20,20-400-133,0.01,$\theta=0.01$,Str0+VI0,True,769.41,249373.0,0.0,1.34209122739373,t2-pmed20-r1-R20-theta0.01-bbnc-i-facility-mixture-lh9010-low0.001to0.01-high0.1to0.5-seed1-coloc-tl3600.out
20|1|20|0.01|1090,20,20-400-133,0.01,$\theta=0.01$,Str0+VI1,False,3600.0,236026.0,0.749583916811152,1.36555117846907,t2-pmed20-r1-R20-theta0.01-bbnc-i-l-facility-mixture-lh1090-low0.001to0.01-high0.1to0.5-seed1-coloc-tl3600.out
20|1|20|0.01|5050,20,20-400-133,0.01,$\theta=0.01$,Str0+VI1,True,2473.71,534066.0,0.0,0.643966154681415,t2-pmed20-r1-R20-theta0.01-bbnc-i-l-facility-mixture-lh5050-low0.001to0.01-high0.1to0.5-seed1-coloc-tl3600.out
20|1|20|0.01|9010,20,20-400-133,0.01,$\theta=0.01$,Str0+VI1,True,23.22,1698.0,0.0,0.442347929158034,t2-pmed20-r1-R20-theta0.01-bbnc-i-l-facility-mixture-lh9010-low0.001to0.01-high0.1to0.5-seed1-coloc-tl3600.out
20|1|20|0.01|1090,20,20-400-133,0.01,$\theta=0.01$,Str1+VI0,False,3600.0,318279.0,0.454805405103812,1.33235964592945,t2-pmed20-r1-R20-theta0.01-bbnc-i-e-facility-mixture-lh1090-low0.001to0.01-high0.1to0.5-seed1-coloc-tl3600.out
20|1|20|0.01|5050,20,20-400-133,0.01,$\theta=0.01$,Str1+VI0,False,3600.0,478251.0,0.0848196100516031,1.23937707045665,t2-pmed20-r1-R20-theta0.01-bbnc-i-e-facility-mixture-lh5050-low0.001to0.01-high0.1to0.5-seed1-coloc-tl3600.out
20|1|20|0.01|9010,20,20-400-133,0.01,$\theta=0.01$,Str1+VI0,True,105.55,31928.0,0.0,1.24673009606306,t2-pmed20-r1-R20-theta0.01-bbnc-i-e-facility-mixture-lh9010-low0.001to0.01-high0.1to0.5-seed1-coloc-tl3600.out
20|1|20|0.01|1090,20,20-400-133,0.01,$\theta=0.01$,Str1+VI1,False,3600.01,102991.0,0.307116740951944,0.828302579204527,t2-pmed20-r1-R20-theta0.01-bbnc-i-e-l-facility-mixture-lh1090-low0.001to0.01-high0.1to0.5-seed1-coloc-tl3600.out
20|1|20|0.01|5050,20,20-400-133,0.01,$\theta=0.01$,Str1+VI1,True,405.14,42477.0,0.0,0.506532160930738,t2-pmed20-r1-R20-theta0.01-bbnc-i-e-l-facility-mixture-lh5050-low0.001to0.01-high0.1to0.5-seed1-coloc-tl3600.out
20|1|20|0.01|9010,20,20-400-133,0.01,$\theta=0.01$,Str1+VI1,True,19.0,1141.0,0.0,0.411498177083564,t2-pmed20-r1-R20-theta0.01-bbnc-i-e-l-facility-mixture-lh9010-low0.001to0.01-high0.1to0.5-seed1-coloc-tl3600.out
20|1|20|0.1|1090,20,20-400-133,0.1,$\theta=0.1$,Str0+VI0,False,3600.0,269623.0,0.928901974074999,2.1996328685591,t2-pmed20-r1-R20-theta0.1-bbnc-i-facility-mixture-lh1090-low0.001to0.01-high0.1to0.5-seed1-coloc-tl3600.out
20|1|20|0.1|5050,20,20-400-133,0.1,$\theta=0.1$,Str0+VI0,False,3600.0,488917.0,0.156409309763027,1.50676832147786,t2-pmed20-r1-R20-theta0.1-bbnc-i-facility-mixture-lh5050-low0.001to0.01-high0.1to0.5-seed1-coloc-tl3600.out
20|1|20|0.1|9010,20,20-400-133,0.1,$\theta=0.1$,Str0+VI0,True,52.82,13119.0,0.0,1.24578531828167,t2-pmed20-r1-R20-theta0.1-bbnc-i-facility-mixture-lh9010-low0.001to0.01-high0.1to0.5-seed1-coloc-tl3600.out
20|1|20|0.1|1090,20,20-400-133,0.1,$\theta=0.1$,Str0+VI1,False,3600.0,232271.0,0.802837545808132,1.33195692559744,t2-pmed20-r1-R20-theta0.1-bbnc-i-l-facility-mixture-lh1090-low0.001to0.01-high0.1to0.5-seed1-coloc-tl3600.out
20|1|20|0.1|5050,20,20-400-133,0.1,$\theta=0.1$,Str0+VI1,True,808.14,101878.0,0.0,0.514382932309871,t2-pmed20-r1-R20-theta0.1-bbnc-i-l-facility-mixture-lh5050-low0.001to0.01-high0.1to0.5-seed1-coloc-tl3600.out
20|1|20|0.1|9010,20,20-400-133,0.1,$\theta=0.1$,Str0+VI1,True,26.8,1898.0,0.0,0.38534512850368,t2-pmed20-r1-R20-theta0.1-bbnc-i-l-facility-mixture-lh9010-low0.001to0.01-high0.1to0.5-seed1-coloc-tl3600.out
20|1|20|0.1|1090,20,20-400-133,0.1,$\theta=0.1$,Str1+VI0,False,3600.0,356550.0,0.510745811271336,1.47258788061143,t2-pmed20-r1-R20-theta0.1-bbnc-i-e-facility-mixture-lh1090-low0.001to0.01-high0.1to0.5-seed1-coloc-tl3600.out
20|1|20|0.1|5050,20,20-400-133,0.1,$\theta=0.1$,Str1+VI0,False,3600.0,525917.0,0.0721762013132936,1.31219379635705,t2-pmed20-r1-R20-theta0.1-bbnc-i-e-facility-mixture-lh5050-low0.001to0.01-high0.1to0.5-seed1-coloc-tl3600.out
20|1|20|0.1|9010,20,20-400-133,0.1,$\theta=0.1$,Str1+VI0,True,40.32,8873.0,0.0,1.07228666640898,t2-pmed20-r1-R20-theta0.1-bbnc-i-e-facility-mixture-lh9010-low0.001to0.01-high0.1to0.5-seed1-coloc-tl3600.out
20|1|20|0.1|1090,20,20-400-133,0.1,$\theta=0.1$,Str1+VI1,False,3600.0,106342.0,0.224941672475327,0.772893704150824,t2-pmed20-r1-R20-theta0.1-bbnc-i-e-l-facility-mixture-lh1090-low0.001to0.01-high0.1to0.5-seed1-coloc-tl3600.out
20|1|20|0.1|5050,20,20-400-133,0.1,$\theta=0.1$,Str1+VI1,True,305.89,31530.0,0.0,0.488486621336228,t2-pmed20-r1-R20-theta0.1-bbnc-i-e-l-facility-mixture-lh5050-low0.001to0.01-high0.1to0.5-seed1-coloc-tl3600.out
20|1|20|0.1|9010,20,20-400-133,0.1,$\theta=0.1$,Str1+VI1,True,35.51,5108.0,0.0,0.350474226545154,t2-pmed20-r1-R20-theta0.1-bbnc-i-e-l-facility-mixture-lh9010-low0.001to0.01-high0.1to0.5-seed1-coloc-tl3600.out
20|1|20|0.2|1090,20,20-400-133,0.2,$\theta=0.2$,Str0+VI0,False,3600.04,311492.0,0.538013060085156,1.88205564332782,t2-pmed20-r1-R20-theta0.2-bbnc-i-facility-mixture-lh1090-low0.001to0.01-high0.1to0.5-seed1-coloc-tl3600.out
20|1|20|0.2|5050,20,20-400-133,0.2,$\theta=0.2$,Str0+VI0,True,1236.96,214068.0,0.0,1.2327213854942,t2-pmed20-r1-R20-theta0.2-bbnc-i-facility-mixture-lh5050-low0.001to0.01-high0.1to0.5-seed1-coloc-tl3600.out
20|1|20|0.2|9010,20,20-400-133,0.2,$\theta=0.2$,Str0+VI0,True,39.99,9781.0,0.0,1.00152274486726,t2-pmed20-r1-R20-theta0.2-bbnc-i-facility-mixture-lh9010-low0.001to0.01-high0.1to0.5-seed1-coloc-tl3600.out
20|1|20|0.2|1090,20,20-400-133,0.2,$\theta=0.2$,Str0+VI1,False,3600.0,246318.0,0.53024242777642,1.01718070192213,t2-pmed20-r1-R20-theta0.2-bbnc-i-l-facility-mixture-lh1090-low0.001to0.01-high0.1to0.5-seed1-coloc-tl3600.out
20|1|20|0.2|5050,20,20-400-133,0.2,$\theta=0.2$,Str0+VI1,True,78.64,5040.0,0.0,0.342480120383164,t2-pmed20-r1-R20-theta0.2-bbnc-i-l-facility-mixture-lh5050-low0.001to0.01-high0.1to0.5-seed1-coloc-tl3600.out
20|1|20|0.2|9010,20,20-400-133,0.2,$\theta=0.2$,Str0+VI1,True,12.34,776.0,0.0,0.257981373711035,t2-pmed20-r1-R20-theta0.2-bbnc-i-l-facility-mixture-lh9010-low0.001to0.01-high0.1to0.5-seed1-coloc-tl3600.out
20|1|20|0.2|1090,20,20-400-133,0.2,$\theta=0.2$,Str1+VI0,False,3600.0,339464.0,0.397588273244262,1.42532284569279,t2-pmed20-r1-R20-theta0.2-bbnc-i-e-facility-mixture-lh1090-low0.001to0.01-high0.1to0.5-seed1-coloc-tl3600.out
20|1|20|0.2|5050,20,20-400-133,0.2,$\theta=0.2$,Str1+VI0,True,563.0,91542.0,0.0,1.12469083771059,t2-pmed20-r1-R20-theta0.2-bbnc-i-e-facility-mixture-lh5050-low0.001to0.01-high0.1to0.5-seed1-coloc-tl3600.out
20|1|20|0.2|9010,20,20-400-133,0.2,$\theta=0.2$,Str1+VI0,True,58.22,12796.0,0.0,1.00013020154875,t2-pmed20-r1-R20-theta0.2-bbnc-i-e-facility-mixture-lh9010-low0.001to0.01-high0.1to0.5-seed1-coloc-tl3600.out
20|1|20|0.2|1090,20,20-400-133,0.2,$\theta=0.2$,Str1+VI1,False,3600.0,315449.0,0.30649469514747,0.672607616558397,t2-pmed20-r1-R20-theta0.2-bbnc-i-e-l-facility-mixture-lh1090-low0.001to0.01-high0.1to0.5-seed1-coloc-tl3600.out
20|1|20|0.2|5050,20,20-400-133,0.2,$\theta=0.2$,Str1+VI1,True,75.37,4764.0,0.0,0.385317681418624,t2-pmed20-r1-R20-theta0.2-bbnc-i-e-l-facility-mixture-lh5050-low0.001to0.01-high0.1to0.5-seed1-coloc-tl3600.out
20|1|20|0.2|9010,20,20-400-133,0.2,$\theta=0.2$,Str1+VI1,True,15.18,942.0,0.0,0.266465959095021,t2-pmed20-r1-R20-theta0.2-bbnc-i-e-l-facility-mixture-lh9010-low0.001to0.01-high0.1to0.5-seed1-coloc-tl3600.out
20|2|20|0.01|1090,20,20-400-133,0.01,$\theta=0.01$,Str0+VI0,False,3600.0,258050.0,1.24239413045901,2.65884782608714,t2-pmed20-r2-R20-theta0.01-bbnc-i-facility-mixture-lh1090-low0.001to0.01-high0.1to0.5-seed1-coloc-tl3600.out
20|2|20|0.01|5050,20,20-400-133,0.01,$\theta=0.01$,Str0+VI0,False,3600.0,384740.0,0.506494837031104,2.15467703681723,t2-pmed20-r2-R20-theta0.01-bbnc-i-facility-mixture-lh5050-low0.001to0.01-high0.1to0.5-seed1-coloc-tl3600.out
20|2|20|0.01|9010,20,20-400-133,0.01,$\theta=0.01$,Str0+VI0,True,1694.11,544377.0,0.0,1.77112150358869,t2-pmed20-r2-R20-theta0.01-bbnc-i-facility-mixture-lh9010-low0.001to0.01-high0.1to0.5-seed1-coloc-tl3600.out
20|2|20|0.01|1090,20,20-400-133,0.01,$\theta=0.01$,Str0+VI1,False,3600.0,201687.0,0.913640447539291,1.62865756237506,t2-pmed20-r2-R20-theta0.01-bbnc-i-l-facility-mixture-lh1090-low0.001to0.01-high0.1to0.5-seed1-coloc-tl3600.out
20|2|20|0.01|5050,20,20-400-133,0.01,$\theta=0.01$,Str0+VI1,False,3600.01,331753.0,0.127313608122763,0.805162391392191,t2-pmed20-r2-R20-theta0.01-bbnc-i-l-facility-mixture-lh5050-low0.001to0.01-high0.1to0.5-seed1-coloc-tl3600.out
20|2|20|0.01|9010,20,20-400-133,0.01,$\theta=0.01$,Str0+VI1,True,37.4,3949.0,0.0,0.578826609100847,t2-pmed20-r2-R20-theta0.01-bbnc-i-l-facility-mixture-lh9010-low0.001to0.01-high0.1to0.5-seed1-coloc-tl3600.out
20|2|20|0.01|1090,20,20-400-133,0.01,$\theta=0.01$,Str1+VI0,False,3600.0,290512.0,0.667540021942085,1.69156858594889,t2-pmed20-r2-R20-theta0.01-bbnc-i-e-facility-mixture-lh1090-low0.001to0.01-high0.1to0.5-seed1-coloc-tl3600.out
20|2|20|0.01|5050,20,20-400-133,0.01,$\theta=0.01$,Str1+VI0,False,3600.0,476077.0,0.228325837441701,1.64638831920124,t2-pmed20-r2-R20-theta0.01-bbnc-i-e-facility-mixture-lh5050-low0.001to0.01-high0.1to0.5-seed1-coloc-tl3600.out
20|2|20|0.01|9010,20,20-400-133,0.01,$\theta=0.01$,Str1+VI0,True,26.15,5032.0,0.0,1.5259843375382,t2-pmed20-r2-R20-theta0.01-bbnc-i-e-facility-mixture-lh9010-low0.001to0.01-high0.1to0.5-seed1-coloc-tl3600.out
20|2|20|0.01|1090,20,20-400-133,0.01,$\theta=0.01$,Str1+VI1,False,3600.0,124910.0,0.449252247054543,1.01125333625314,t2-pmed20-r2-R20-theta0.01-bbnc-i-e-l-facility-mixture-lh1090-low0.001to0.01-high0.1to0.5-seed1-coloc-tl3600.out
20|2|20|0.01|5050,20,20-400-133,0.01,$\theta=0.01$,Str1+VI1,True,673.38,61073.0,0.0,0.639449048292405,t2-pmed20-r2-R20-theta0.01-bbnc-i-e-l-facility-mixture-lh5050-low0.001to0.01-high0.1to0.5-seed1-coloc-tl3600.out
20|2|20|0.01|9010,20,20-400-133,0.01,$\theta=0.01$,Str1+VI1,True,23.43,1554.0,0.0,0.543299197346681,t2-pmed20-r2-R20-theta0.01-bbnc-i-e-l-facility-mixture-lh9010-low0.001to0.01-high0.1to0.5-seed1-coloc-tl3600.out
20|2|20|0.1|1090,20,20-400-133,0.1,$\theta=0.1$,Str0+VI0,False,3600.0,278115.0,1.14126788673241,2.64022686113306,t2-pmed20-r2-R20-theta0.1-bbnc-i-facility-mixture-lh1090-low0.001to0.01-high0.1to0.5-seed1-coloc-tl3600.out
20|2|20|0.1|5050,20,20-400-133,0.1,$\theta=0.1$,Str0+VI0,False,3600.0,452277.0,0.470922114809846,2.11541442694063,t2-pmed20-r2-R20-theta0.1-bbnc-i-facility-mixture-lh5050-low0.001to0.01-high0.1to0.5-seed1-coloc-tl3600.out
20|2|20|0.1|9010,20,20-400-133,0.1,$\theta=0.1$,Str0+VI0,True,117.1,30357.0,0.0,1.64047918625812,t2-pmed20-r2-R20-theta0.1-bbnc-i-facility-mixture-lh9010-low0.001to0.01-high0.1to0.5-seed1-coloc-tl3600.out
20|2|20|0.1|1090,20,20-400-133,0.1,$\theta=0.1$,Str0+VI1,False,3600.0,243404.0,0.870737988068153,1.46909465568841,t2-pmed20-r2-R20-theta0.1-bbnc-i-l-facility-mixture-lh1090-low0.001to0.01-high0.1to0.5-seed1-coloc-tl3600.out
20|2|20|0.1|5050,20,20-400-133,0.1,$\theta=0.1$,Str0+VI1,False,3600.0,564768.0,0.0898222627123999,0.703217563484985,t2-pmed20-r2-R20-theta0.1-bbnc-i-l-facility-mixture-lh5050-low0.001to0.01-high0.1to0.5-seed1-coloc-tl3600.out
20|2|20|0.1|9010,20,20-400-133,0.1,$\theta=0.1$,Str0+VI1,True,23.59,2071.0,0.0,0.400755477587031,t2-pmed20-r2-R20-theta0.1-bbnc-i-l-facility-mixture-lh9010-low0.001to0.01-high0.1to0.5-seed1-coloc-tl3600.out
20|2|20|0.1|1090,20,20-400-133,0.1,$\theta=0.1$,Str1+VI0,False,3600.0,258871.0,0.640691023159658,1.77913232714896,t2-pmed20-r2-R20-theta0.1-bbnc-i-e-facility-mixture-lh1090-low0.001to0.01-high0.1to0.5-seed1-coloc-tl3600.out
20|2|20|0.1|5050,20,20-400-133,0.1,$\theta=0.1$,Str1+VI0,False,3600.0,453302.0,0.185545616602403,1.65917341752066,t2-pmed20-r2-R20-theta0.1-bbnc-i-e-facility-mixture-lh5050-low0.001to0.01-high0.1to0.5-seed1-coloc-tl3600.out
20|2|20|0.1|9010,20,20-400-133,0.1,$\theta=0.1$,Str1+VI0,True,1492.63,516049.0,0.0,1.51873010514168,t2-pmed20-r2-R20-theta0.1-bbnc-i-e-facility-mixture-lh9010-low0.001to0.01-high0.1to0.5-seed1-coloc-tl3600.out
20|2|20|0.1|1090,20,20-400-133,0.1,$\theta=0.1$,Str1+VI1,False,3600.0,93014.0,0.368702219159404,0.941498352083539,t2-pmed20-r2-R20-theta0.1-bbnc-i-e-l-facility-mixture-lh1090-low0.001to0.01-high0.1to0.5-seed1-coloc-tl3600.out
20|2|20|0.1|5050,20,20-400-133,0.1,$\theta=0.1$,Str1+VI1,True,1115.61,92828.0,0.0,0.623103368195278,t2-pmed20-r2-R20-theta0.1-bbnc-i-e-l-facility-mixture-lh5050-low0.001to0.01-high0.1to0.5-seed1-coloc-tl3600.out
20|2|20|0.1|9010,20,20-400-133,0.1,$\theta=0.1$,Str1+VI1,True,30.2,4471.0,0.0,0.32842703533927,t2-pmed20-r2-R20-theta0.1-bbnc-i-e-l-facility-mixture-lh9010-low0.001to0.01-high0.1to0.5-seed1-coloc-tl3600.out
20|2|20|0.2|1090,20,20-400-133,0.2,$\theta=0.2$,Str0+VI0,False,3600.0,344912.0,0.9092141373839,2.46981147459696,t2-pmed20-r2-R20-theta0.2-bbnc-i-facility-mixture-lh1090-low0.001to0.01-high0.1to0.5-seed1-coloc-tl3600.out
20|2|20|0.2|5050,20,20-400-133,0.2,$\theta=0.2$,Str0+VI0,True,3501.48,559408.0,0.0,1.62840760289358,t2-pmed20-r2-R20-theta0.2-bbnc-i-facility-mixture-lh5050-low0.001to0.01-high0.1to0.5-seed1-coloc-tl3600.out
20|2|20|0.2|9010,20,20-400-133,0.2,$\theta=0.2$,Str0+VI0,True,21.0,4105.0,0.0,1.54594916704643,t2-pmed20-r2-R20-theta0.2-bbnc-i-facility-mixture-lh9010-low0.001to0.01-high0.1to0.5-seed1-coloc-tl3600.out
20|2|20|0.2|1090,20,20-400-133,0.2,$\theta=0.2$,Str0+VI1,False,3600.0,113982.0,0.852169068839364,1.3425860757746,t2-pmed20-r2-R20-theta0.2-bbnc-i-l-facility-mixture-lh1090-low0.001to0.01-high0.1to0.5-seed1-coloc-tl3600.out
20|2|20|0.2|5050,20,20-400-133,0.2,$\theta=0.2$,Str0+VI1,True,250.79,17374.0,0.0,0.489392708497521,t2-pmed20-r2-R20-theta0.2-bbnc-i-l-facility-mixture-lh5050-low0.001to0.01-high0.1to0.5-seed1-coloc-tl3600.out
20|2|20|0.2|9010,20,20-400-133,0.2,$\theta=0.2$,Str0+VI1,True,16.74,1146.0,0.0,0.295757580996866,t2-pmed20-r2-R20-theta0.2-bbnc-i-l-facility-mixture-lh9010-low0.001to0.01-high0.1to0.5-seed1-coloc-tl3600.out
20|2|20|0.2|1090,20,20-400-133,0.2,$\theta=0.2$,Str1+VI0,False,3600.0,333826.0,0.580691930924651,1.78061154071798,t2-pmed20-r2-R20-theta0.2-bbnc-i-e-facility-mixture-lh1090-low0.001to0.01-high0.1to0.5-seed1-coloc-tl3600.out
20|2|20|0.2|5050,20,20-400-133,0.2,$\theta=0.2$,Str1+VI0,True,2896.38,378204.0,0.0,1.50313213673987,t2-pmed20-r2-R20-theta0.2-bbnc-i-e-facility-mixture-lh5050-low0.001to0.01-high0.1to0.5-seed1-coloc-tl3600.out
20|2|20|0.2|9010,20,20-400-133,0.2,$\theta=0.2$,Str1+VI0,True,51.49,12199.0,0.0,1.37848709450239,t2-pmed20-r2-R20-theta0.2-bbnc-i-e-facility-mixture-lh9010-low0.001to0.01-high0.1to0.5-seed1-coloc-tl3600.out
20|2|20|0.2|1090,20,20-400-133,0.2,$\theta=0.2$,Str1+VI1,False,3600.0,159412.0,0.331672905130473,0.788789698135887,t2-pmed20-r2-R20-theta0.2-bbnc-i-e-l-facility-mixture-lh1090-low0.001to0.01-high0.1to0.5-seed1-coloc-tl3600.out
20|2|20|0.2|5050,20,20-400-133,0.2,$\theta=0.2$,Str1+VI1,True,86.7,6252.0,0.0,0.434833555708448,t2-pmed20-r2-R20-theta0.2-bbnc-i-e-l-facility-mixture-lh5050-low0.001to0.01-high0.1to0.5-seed1-coloc-tl3600.out
20|2|20|0.2|9010,20,20-400-133,0.2,$\theta=0.2$,Str1+VI1,False,3600.0,1196798.0,2.55415127863234e-05,0.24947828964864,t2-pmed20-r2-R20-theta0.2-bbnc-i-e-l-facility-mixture-lh9010-low0.001to0.01-high0.1to0.5-seed1-coloc-tl3600.out
21|1|20|0.01|1090,21,21-500-5,0.01,$\theta=0.01$,Str0+VI0,True,1.13,38.0,0.0,0.454599940892526,t2-pmed21-r1-R20-theta0.01-bbnc-i-facility-mixture-lh1090-low0.001to0.01-high0.1to0.5-seed1-coloc-tl3600.out
21|1|20|0.01|5050,21,21-500-5,0.01,$\theta=0.01$,Str0+VI0,True,1.5,61.0,0.0,0.934506119350532,t2-pmed21-r1-R20-theta0.01-bbnc-i-facility-mixture-lh5050-low0.001to0.01-high0.1to0.5-seed1-coloc-tl3600.out
21|1|20|0.01|9010,21,21-500-5,0.01,$\theta=0.01$,Str0+VI0,True,0.67,16.0,0.0,0.385312044234802,t2-pmed21-r1-R20-theta0.01-bbnc-i-facility-mixture-lh9010-low0.001to0.01-high0.1to0.5-seed1-coloc-tl3600.out
21|1|20|0.01|1090,21,21-500-5,0.01,$\theta=0.01$,Str0+VI1,True,1.08,13.0,0.0,0.282162661513319,t2-pmed21-r1-R20-theta0.01-bbnc-i-l-facility-mixture-lh1090-low0.001to0.01-high0.1to0.5-seed1-coloc-tl3600.out
21|1|20|0.01|5050,21,21-500-5,0.01,$\theta=0.01$,Str0+VI1,True,1.93,29.0,0.0,0.836406870135217,t2-pmed21-r1-R20-theta0.01-bbnc-i-l-facility-mixture-lh5050-low0.001to0.01-high0.1to0.5-seed1-coloc-tl3600.out
21|1|20|0.01|9010,21,21-500-5,0.01,$\theta=0.01$,Str0+VI1,True,0.68,11.0,0.0,0.0992966202530907,t2-pmed21-r1-R20-theta0.01-bbnc-i-l-facility-mixture-lh9010-low0.001to0.01-high0.1to0.5-seed1-coloc-tl3600.out
21|1|20|0.01|1090,21,21-500-5,0.01,$\theta=0.01$,Str1+VI0,True,1.04,33.0,0.0,0.527330135671071,t2-pmed21-r1-R20-theta0.01-bbnc-i-e-facility-mixture-lh1090-low0.001to0.01-high0.1to0.5-seed1-coloc-tl3600.out
21|1|20|0.01|5050,21,21-500-5,0.01,$\theta=0.01$,Str1+VI0,True,1.68,59.0,0.0,0.934717684560476,t2-pmed21-r1-R20-theta0.01-bbnc-i-e-facility-mixture-lh5050-low0.001to0.01-high0.1to0.5-seed1-coloc-tl3600.out
21|1|20|0.01|9010,21,21-500-5,0.01,$\theta=0.01$,Str1+VI0,True,0.83,11.0,0.0,0.151924888191531,t2-pmed21-r1-R20-theta0.01-bbnc-i-e-facility-mixture-lh9010-low0.001to0.01-high0.1to0.5-seed1-coloc-tl3600.out
21|1|20|0.01|1090,21,21-500-5,0.01,$\theta=0.01$,Str1+VI1,True,1.28,15.0,0.0,0.337792693156396,t2-pmed21-r1-R20-theta0.01-bbnc-i-e-l-facility-mixture-lh1090-low0.001to0.01-high0.1to0.5-seed1-coloc-tl3600.out
21|1|20|0.01|5050,21,21-500-5,0.01,$\theta=0.01$,Str1+VI1,True,1.64,23.0,0.0,0.803938010068388,t2-pmed21-r1-R20-theta0.01-bbnc-i-e-l-facility-mixture-lh5050-low0.001to0.01-high0.1to0.5-seed1-coloc-tl3600.out
21|1|20|0.01|9010,21,21-500-5,0.01,$\theta=0.01$,Str1+VI1,True,0.99,7.0,0.0,0.0810253460779883,t2-pmed21-r1-R20-theta0.01-bbnc-i-e-l-facility-mixture-lh9010-low0.001to0.01-high0.1to0.5-seed1-coloc-tl3600.out
21|1|20|0.1|1090,21,21-500-5,0.1,$\theta=0.1$,Str0+VI0,True,0.87,27.0,0.0,0.453325378151582,t2-pmed21-r1-R20-theta0.1-bbnc-i-facility-mixture-lh1090-low0.001to0.01-high0.1to0.5-seed1-coloc-tl3600.out
21|1|20|0.1|5050,21,21-500-5,0.1,$\theta=0.1$,Str0+VI0,True,1.78,94.0,0.0,1.17602322171008,t2-pmed21-r1-R20-theta0.1-bbnc-i-facility-mixture-lh5050-low0.001to0.01-high0.1to0.5-seed1-coloc-tl3600.out
21|1|20|0.1|9010,21,21-500-5,0.1,$\theta=0.1$,Str0+VI0,True,0.55,7.0,0.0,0.121138043307645,t2-pmed21-r1-R20-theta0.1-bbnc-i-facility-mixture-lh9010-low0.001to0.01-high0.1to0.5-seed1-coloc-tl3600.out
21|1|20|0.1|1090,21,21-500-5,0.1,$\theta=0.1$,Str0+VI1,True,0.98,13.0,0.0,0.214177918144876,t2-pmed21-r1-R20-theta0.1-bbnc-i-l-facility-mixture-lh1090-low0.001to0.01-high0.1to0.5-seed1-coloc-tl3600.out
21|1|20|0.1|5050,21,21-500-5,0.1,$\theta=0.1$,Str0+VI1,True,1.74,25.0,0.0,0.954412771545832,t2-pmed21-r1-R20-theta0.1-bbnc-i-l-facility-mixture-lh5050-low0.001to0.01-high0.1to0.5-seed1-coloc-tl3600.out
21|1|20|0.1|9010,21,21-500-5,0.1,$\theta=0.1$,Str0+VI1,True,0.51,0.0,0.0,0.0,t2-pmed21-r1-R20-theta0.1-bbnc-i-l-facility-mixture-lh9010-low0.001to0.01-high0.1to0.5-seed1-coloc-tl3600.out
21|1|20|0.1|1090,21,21-500-5,0.1,$\theta=0.1$,Str1+VI0,True,1.0,26.0,0.0,0.403941414426902,t2-pmed21-r1-R20-theta0.1-bbnc-i-e-facility-mixture-lh1090-low0.001to0.01-high0.1to0.5-seed1-coloc-tl3600.out
21|1|20|0.1|5050,21,21-500-5,0.1,$\theta=0.1$,Str1+VI0,True,1.74,87.0,0.0,1.32419856604693,t2-pmed21-r1-R20-theta0.1-bbnc-i-e-facility-mixture-lh5050-low0.001to0.01-high0.1to0.5-seed1-coloc-tl3600.out
21|1|20|0.1|9010,21,21-500-5,0.1,$\theta=0.1$,Str1+VI0,True,0.8,7.0,0.0,0.115251278301375,t2-pmed21-r1-R20-theta0.1-bbnc-i-e-facility-mixture-lh9010-low0.001to0.01-high0.1to0.5-seed1-coloc-tl3600.out
21|1|20|0.1|1090,21,21-500-5,0.1,$\theta=0.1$,Str1+VI1,True,1.05,20.0,0.0,0.231709666377165,t2-pmed21-r1-R20-theta0.1-bbnc-i-e-l-facility-mixture-lh1090-low0.001to0.01-high0.1to0.5-seed1-coloc-tl3600.out
21|1|20|0.1|5050,21,21-500-5,0.1,$\theta=0.1$,Str1+VI1,True,1.9,25.0,0.0,0.899163953434836,t2-pmed21-r1-R20-theta0.1-bbnc-i-e-l-facility-mixture-lh5050-low0.001to0.01-high0.1to0.5-seed1-coloc-tl3600.out
21|1|20|0.1|9010,21,21-500-5,0.1,$\theta=0.1$,Str1+VI1,True,0.73,0.0,0.0,0.0,t2-pmed21-r1-R20-theta0.1-bbnc-i-e-l-facility-mixture-lh9010-low0.001to0.01-high0.1to0.5-seed1-coloc-tl3600.out
21|1|20|0.2|1090,21,21-500-5,0.2,$\theta=0.2$,Str0+VI0,True,0.98,25.0,0.0,0.404253066550389,t2-pmed21-r1-R20-theta0.2-bbnc-i-facility-mixture-lh1090-low0.001to0.01-high0.1to0.5-seed1-coloc-tl3600.out
21|1|20|0.2|5050,21,21-500-5,0.2,$\theta=0.2$,Str0+VI0,True,1.26,67.0,0.0,1.1861846397355,t2-pmed21-r1-R20-theta0.2-bbnc-i-facility-mixture-lh5050-low0.001to0.01-high0.1to0.5-seed1-coloc-tl3600.out
21|1|20|0.2|9010,21,21-500-5,0.2,$\theta=0.2$,Str0+VI0,True,0.45,7.0,0.0,0.0972612468421043,t2-pmed21-r1-R20-theta0.2-bbnc-i-facility-mixture-lh9010-low0.001to0.01-high0.1to0.5-seed1-coloc-tl3600.out
21|1|20|0.2|1090,21,21-500-5,0.2,$\theta=0.2$,Str0+VI1,True,1.04,9.0,0.0,0.168241895147989,t2-pmed21-r1-R20-theta0.2-bbnc-i-l-facility-mixture-lh1090-low0.001to0.01-high0.1to0.5-seed1-coloc-tl3600.out
21|1|20|0.2|5050,21,21-500-5,0.2,$\theta=0.2$,Str0+VI1,True,1.48,25.0,0.0,0.733557250541702,t2-pmed21-r1-R20-theta0.2-bbnc-i-l-facility-mixture-lh5050-low0.001to0.01-high0.1to0.5-seed1-coloc-tl3600.out
21|1|20|0.2|9010,21,21-500-5,0.2,$\theta=0.2$,Str0+VI1,True,0.46,0.0,0.0,0.0,t2-pmed21-r1-R20-theta0.2-bbnc-i-l-facility-mixture-lh9010-low0.001to0.01-high0.1to0.5-seed1-coloc-tl3600.out
21|1|20|0.2|1090,21,21-500-5,0.2,$\theta=0.2$,Str1+VI0,True,1.01,27.0,0.0,0.521474941517723,t2-pmed21-r1-R20-theta0.2-bbnc-i-e-facility-mixture-lh1090-low0.001to0.01-high0.1to0.5-seed1-coloc-tl3600.out
21|1|20|0.2|5050,21,21-500-5,0.2,$\theta=0.2$,Str1+VI0,True,1.58,64.0,0.0,1.02304732339925,t2-pmed21-r1-R20-theta0.2-bbnc-i-e-facility-mixture-lh5050-low0.001to0.01-high0.1to0.5-seed1-coloc-tl3600.out
21|1|20|0.2|9010,21,21-500-5,0.2,$\theta=0.2$,Str1+VI0,True,0.59,7.0,0.0,0.0347323665091022,t2-pmed21-r1-R20-theta0.2-bbnc-i-e-facility-mixture-lh9010-low0.001to0.01-high0.1to0.5-seed1-coloc-tl3600.out
21|1|20|0.2|1090,21,21-500-5,0.2,$\theta=0.2$,Str1+VI1,True,0.91,7.0,0.0,0.173189307879962,t2-pmed21-r1-R20-theta0.2-bbnc-i-e-l-facility-mixture-lh1090-low0.001to0.01-high0.1to0.5-seed1-coloc-tl3600.out
21|1|20|0.2|5050,21,21-500-5,0.2,$\theta=0.2$,Str1+VI1,True,1.7,27.0,0.0,0.805017640907201,t2-pmed21-r1-R20-theta0.2-bbnc-i-e-l-facility-mixture-lh5050-low0.001to0.01-high0.1to0.5-seed1-coloc-tl3600.out
21|1|20|0.2|9010,21,21-500-5,0.2,$\theta=0.2$,Str1+VI1,True,0.65,0.0,0.0,0.0,t2-pmed21-r1-R20-theta0.2-bbnc-i-e-l-facility-mixture-lh9010-low0.001to0.01-high0.1to0.5-seed1-coloc-tl3600.out
21|2|20|0.01|1090,21,21-500-5,0.01,$\theta=0.01$,Str0+VI0,True,1.23,46.0,0.0,0.731064496074517,t2-pmed21-r2-R20-theta0.01-bbnc-i-facility-mixture-lh1090-low0.001to0.01-high0.1to0.5-seed1-coloc-tl3600.out
21|2|20|0.01|5050,21,21-500-5,0.01,$\theta=0.01$,Str0+VI0,True,1.6,107.0,0.0,1.59089949594174,t2-pmed21-r2-R20-theta0.01-bbnc-i-facility-mixture-lh5050-low0.001to0.01-high0.1to0.5-seed1-coloc-tl3600.out
21|2|20|0.01|9010,21,21-500-5,0.01,$\theta=0.01$,Str0+VI0,True,0.77,21.0,0.0,0.583872875873204,t2-pmed21-r2-R20-theta0.01-bbnc-i-facility-mixture-lh9010-low0.001to0.01-high0.1to0.5-seed1-coloc-tl3600.out
21|2|20|0.01|1090,21,21-500-5,0.01,$\theta=0.01$,Str0+VI1,True,1.07,18.0,0.0,0.395329296394909,t2-pmed21-r2-R20-theta0.01-bbnc-i-l-facility-mixture-lh1090-low0.001to0.01-high0.1to0.5-seed1-coloc-tl3600.out
21|2|20|0.01|5050,21,21-500-5,0.01,$\theta=0.01$,Str0+VI1,True,1.43,27.0,0.0,1.11612479920164,t2-pmed21-r2-R20-theta0.01-bbnc-i-l-facility-mixture-lh5050-low0.001to0.01-high0.1to0.5-seed1-coloc-tl3600.out
21|2|20|0.01|9010,21,21-500-5,0.01,$\theta=0.01$,Str0+VI1,True,0.89,9.0,0.0,0.167453122057831,t2-pmed21-r2-R20-theta0.01-bbnc-i-l-facility-mixture-lh9010-low0.001to0.01-high0.1to0.5-seed1-coloc-tl3600.out
21|2|20|0.01|1090,21,21-500-5,0.01,$\theta=0.01$,Str1+VI0,True,1.15,48.0,0.0,0.873213557585965,t2-pmed21-r2-R20-theta0.01-bbnc-i-e-facility-mixture-lh1090-low0.001to0.01-high0.1to0.5-seed1-coloc-tl3600.out
21|2|20|0.01|5050,21,21-500-5,0.01,$\theta=0.01$,Str1+VI0,True,1.73,86.0,0.0,1.20784489867309,t2-pmed21-r2-R20-theta0.01-bbnc-i-e-facility-mixture-lh5050-low0.001to0.01-high0.1to0.5-seed1-coloc-tl3600.out
21|2|20|0.01|9010,21,21-500-5,0.01,$\theta=0.01$,Str1+VI0,True,0.73,23.0,0.0,0.56263321548136,t2-pmed21-r2-R20-theta0.01-bbnc-i-e-facility-mixture-lh9010-low0.001to0.01-high0.1to0.5-seed1-coloc-tl3600.out
21|2|20|0.01|1090,21,21-500-5,0.01,$\theta=0.01$,Str1+VI1,True,1.3,23.0,0.0,0.356074876579815,t2-pmed21-r2-R20-theta0.01-bbnc-i-e-l-facility-mixture-lh1090-low0.001to0.01-high0.1to0.5-seed1-coloc-tl3600.out
21|2|20|0.01|5050,21,21-500-5,0.01,$\theta=0.01$,Str1+VI1,True,1.85,40.0,0.0,0.953286943952482,t2-pmed21-r2-R20-theta0.01-bbnc-i-e-l-facility-mixture-lh5050-low0.001to0.01-high0.1to0.5-seed1-coloc-tl3600.out
21|2|20|0.01|9010,21,21-500-5,0.01,$\theta=0.01$,Str1+VI1,True,0.89,9.0,0.0,0.153585292880381,t2-pmed21-r2-R20-theta0.01-bbnc-i-e-l-facility-mixture-lh9010-low0.001to0.01-high0.1to0.5-seed1-coloc-tl3600.out
21|2|20|0.1|1090,21,21-500-5,0.1,$\theta=0.1$,Str0+VI0,True,1.31,44.0,0.0,0.765301437971048,t2-pmed21-r2-R20-theta0.1-bbnc-i-facility-mixture-lh1090-low0.001to0.01-high0.1to0.5-seed1-coloc-tl3600.out
21|2|20|0.1|5050,21,21-500-5,0.1,$\theta=0.1$,Str0+VI0,True,1.63,68.0,0.0,1.27650059059449,t2-pmed21-r2-R20-theta0.1-bbnc-i-facility-mixture-lh5050-low0.001to0.01-high0.1to0.5-seed1-coloc-tl3600.out
21|2|20|0.1|9010,21,21-500-5,0.1,$\theta=0.1$,Str0+VI0,True,0.56,5.0,0.0,0.190727241384775,t2-pmed21-r2-R20-theta0.1-bbnc-i-facility-mixture-lh9010-low0.001to0.01-high0.1to0.5-seed1-coloc-tl3600.out
21|2|20|0.1|1090,21,21-500-5,0.1,$\theta=0.1$,Str0+VI1,True,1.52,19.0,0.0,0.295639358878363,t2-pmed21-r2-R20-theta0.1-bbnc-i-l-facility-mixture-lh1090-low0.001to0.01-high0.1to0.5-seed1-coloc-tl3600.out
21|2|20|0.1|5050,21,21-500-5,0.1,$\theta=0.1$,Str0+VI1,True,1.54,39.0,0.0,0.927205863076275,t2-pmed21-r2-R20-theta0.1-bbnc-i-l-facility-mixture-lh5050-low0.001to0.01-high0.1to0.5-seed1-coloc-tl3600.out
21|2|20|0.1|9010,21,21-500-5,0.1,$\theta=0.1$,Str0+VI1,True,0.31,0.0,0.0,0.0,t2-pmed21-r2-R20-theta0.1-bbnc-i-l-facility-mixture-lh9010-low0.001to0.01-high0.1to0.5-seed1-coloc-tl3600.out
21|2|20|0.1|1090,21,21-500-5,0.1,$\theta=0.1$,Str1+VI0,True,1.23,40.0,0.0,0.778468324446334,t2-pmed21-r2-R20-theta0.1-bbnc-i-e-facility-mixture-lh1090-low0.001to0.01-high0.1to0.5-seed1-coloc-tl3600.out
21|2|20|0.1|5050,21,21-500-5,0.1,$\theta=0.1$,Str1+VI0,True,1.68,74.0,0.0,1.31928561614807,t2-pmed21-r2-R20-theta0.1-bbnc-i-e-facility-mixture-lh5050-low0.001to0.01-high0.1to0.5-seed1-coloc-tl3600.out
21|2|20|0.1|9010,21,21-500-5,0.1,$\theta=0.1$,Str1+VI0,True,0.73,5.0,0.0,0.109223736180071,t2-pmed21-r2-R20-theta0.1-bbnc-i-e-facility-mixture-lh9010-low0.001to0.01-high0.1to0.5-seed1-coloc-tl3600.out
21|2|20|0.1|1090,21,21-500-5,0.1,$\theta=0.1$,Str1+VI1,True,1.44,23.0,0.0,0.314991764108805,t2-pmed21-r2-R20-theta0.1-bbnc-i-e-l-facility-mixture-lh1090-low0.001to0.01-high0.1to0.5-seed1-coloc-tl3600.out
21|2|20|0.1|5050,21,21-500-5,0.1,$\theta=0.1$,Str1+VI1,True,1.78,29.0,0.0,0.802008725165549,t2-pmed21-r2-R20-theta0.1-bbnc-i-e-l-facility-mixture-lh5050-low0.001to0.01-high0.1to0.5-seed1-coloc-tl3600.out
21|2|20|0.1|9010,21,21-500-5,0.1,$\theta=0.1$,Str1+VI1,True,0.44,0.0,0.0,0.0,t2-pmed21-r2-R20-theta0.1-bbnc-i-e-l-facility-mixture-lh9010-low0.001to0.01-high0.1to0.5-seed1-coloc-tl3600.out
21|2|20|0.2|1090,21,21-500-5,0.2,$\theta=0.2$,Str0+VI0,True,1.03,31.0,0.0,0.662117215822497,t2-pmed21-r2-R20-theta0.2-bbnc-i-facility-mixture-lh1090-low0.001to0.01-high0.1to0.5-seed1-coloc-tl3600.out
21|2|20|0.2|5050,21,21-500-5,0.2,$\theta=0.2$,Str0+VI0,True,1.6,88.0,0.0,1.69086786578873,t2-pmed21-r2-R20-theta0.2-bbnc-i-facility-mixture-lh5050-low0.001to0.01-high0.1to0.5-seed1-coloc-tl3600.out
21|2|20|0.2|9010,21,21-500-5,0.2,$\theta=0.2$,Str0+VI0,True,0.42,3.0,0.0,0.0,t2-pmed21-r2-R20-theta0.2-bbnc-i-facility-mixture-lh9010-low0.001to0.01-high0.1to0.5-seed1-coloc-tl3600.out
21|2|20|0.2|1090,21,21-500-5,0.2,$\theta=0.2$,Str0+VI1,True,1.23,11.0,0.0,0.142827669663761,t2-pmed21-r2-R20-theta0.2-bbnc-i-l-facility-mixture-lh1090-low0.001to0.01-high0.1to0.5-seed1-coloc-tl3600.out
21|2|20|0.2|5050,21,21-500-5,0.2,$\theta=0.2$,Str0+VI1,True,1.83,25.0,0.0,0.86422128480107,t2-pmed21-r2-R20-theta0.2-bbnc-i-l-facility-mixture-lh5050-low0.001to0.01-high0.1to0.5-seed1-coloc-tl3600.out
21|2|20|0.2|9010,21,21-500-5,0.2,$\theta=0.2$,Str0+VI1,True,0.33,0.0,0.0,0.0,t2-pmed21-r2-R20-theta0.2-bbnc-i-l-facility-mixture-lh9010-low0.001to0.01-high0.1to0.5-seed1-coloc-tl3600.out
21|2|20|0.2|1090,21,21-500-5,0.2,$\theta=0.2$,Str1+VI0,True,0.95,19.0,0.0,0.425948288867953,t2-pmed21-r2-R20-theta0.2-bbnc-i-e-facility-mixture-lh1090-low0.001to0.01-high0.1to0.5-seed1-coloc-tl3600.out
21|2|20|0.2|5050,21,21-500-5,0.2,$\theta=0.2$,Str1+VI0,True,1.61,84.0,0.0,1.53506164530886,t2-pmed21-r2-R20-theta0.2-bbnc-i-e-facility-mixture-lh5050-low0.001to0.01-high0.1to0.5-seed1-coloc-tl3600.out
21|2|20|0.2|9010,21,21-500-5,0.2,$\theta=0.2$,Str1+VI0,True,0.57,7.0,0.0,0.134047720099401,t2-pmed21-r2-R20-theta0.2-bbnc-i-e-facility-mixture-lh9010-low0.001to0.01-high0.1to0.5-seed1-coloc-tl3600.out
21|2|20|0.2|1090,21,21-500-5,0.2,$\theta=0.2$,Str1+VI1,True,1.33,12.0,0.0,0.126871218695008,t2-pmed21-r2-R20-theta0.2-bbnc-i-e-l-facility-mixture-lh1090-low0.001to0.01-high0.1to0.5-seed1-coloc-tl3600.out
21|2|20|0.2|5050,21,21-500-5,0.2,$\theta=0.2$,Str1+VI1,True,1.71,27.0,0.0,0.911262252679728,t2-pmed21-r2-R20-theta0.2-bbnc-i-e-l-facility-mixture-lh5050-low0.001to0.01-high0.1to0.5-seed1-coloc-tl3600.out
21|2|20|0.2|9010,21,21-500-5,0.2,$\theta=0.2$,Str1+VI1,True,0.4,0.0,0.0,0.0,t2-pmed21-r2-R20-theta0.2-bbnc-i-e-l-facility-mixture-lh9010-low0.001to0.01-high0.1to0.5-seed1-coloc-tl3600.out
22|1|20|0.01|1090,22,22-500-10,0.01,$\theta=0.01$,Str0+VI0,True,5.2,437.0,0.0,1.26915322677349,t2-pmed22-r1-R20-theta0.01-bbnc-i-facility-mixture-lh1090-low0.001to0.01-high0.1to0.5-seed1-coloc-tl3600.out
22|1|20|0.01|5050,22,22-500-10,0.01,$\theta=0.01$,Str0+VI0,True,1.07,38.0,0.0,0.293730784085637,t2-pmed22-r1-R20-theta0.01-bbnc-i-facility-mixture-lh5050-low0.001to0.01-high0.1to0.5-seed1-coloc-tl3600.out
22|1|20|0.01|9010,22,22-500-10,0.01,$\theta=0.01$,Str0+VI0,True,0.53,35.0,0.0,0.312672712638202,t2-pmed22-r1-R20-theta0.01-bbnc-i-facility-mixture-lh9010-low0.001to0.01-high0.1to0.5-seed1-coloc-tl3600.out
22|1|20|0.01|1090,22,22-500-10,0.01,$\theta=0.01$,Str0+VI1,True,2.44,59.0,0.0,0.702730112340365,t2-pmed22-r1-R20-theta0.01-bbnc-i-l-facility-mixture-lh1090-low0.001to0.01-high0.1to0.5-seed1-coloc-tl3600.out
22|1|20|0.01|5050,22,22-500-10,0.01,$\theta=0.01$,Str0+VI1,True,1.25,13.0,0.0,0.0696605928576464,t2-pmed22-r1-R20-theta0.01-bbnc-i-l-facility-mixture-lh5050-low0.001to0.01-high0.1to0.5-seed1-coloc-tl3600.out
22|1|20|0.01|9010,22,22-500-10,0.01,$\theta=0.01$,Str0+VI1,True,0.58,1.0,0.0,0.0,t2-pmed22-r1-R20-theta0.01-bbnc-i-l-facility-mixture-lh9010-low0.001to0.01-high0.1to0.5-seed1-coloc-tl3600.out
22|1|20|0.01|1090,22,22-500-10,0.01,$\theta=0.01$,Str1+VI0,True,5.32,435.0,0.0,1.33896533701892,t2-pmed22-r1-R20-theta0.01-bbnc-i-e-facility-mixture-lh1090-low0.001to0.01-high0.1to0.5-seed1-coloc-tl3600.out
22|1|20|0.01|5050,22,22-500-10,0.01,$\theta=0.01$,Str1+VI0,True,1.01,37.0,0.0,0.405444427610819,t2-pmed22-r1-R20-theta0.01-bbnc-i-e-facility-mixture-lh5050-low0.001to0.01-high0.1to0.5-seed1-coloc-tl3600.out
22|1|20|0.01|9010,22,22-500-10,0.01,$\theta=0.01$,Str1+VI0,True,0.54,31.0,0.0,0.296068794706413,t2-pmed22-r1-R20-theta0.01-bbnc-i-e-facility-mixture-lh9010-low0.001to0.01-high0.1to0.5-seed1-coloc-tl3600.out
22|1|20|0.01|1090,22,22-500-10,0.01,$\theta=0.01$,Str1+VI1,True,2.58,41.0,0.0,0.574436556172231,t2-pmed22-r1-R20-theta0.01-bbnc-i-e-l-facility-mixture-lh1090-low0.001to0.01-high0.1to0.5-seed1-coloc-tl3600.out
22|1|20|0.01|5050,22,22-500-10,0.01,$\theta=0.01$,Str1+VI1,True,1.36,9.0,0.0,0.0928308127473844,t2-pmed22-r1-R20-theta0.01-bbnc-i-e-l-facility-mixture-lh5050-low0.001to0.01-high0.1to0.5-seed1-coloc-tl3600.out
22|1|20|0.01|9010,22,22-500-10,0.01,$\theta=0.01$,Str1+VI1,True,0.55,0.0,0.0,0.0,t2-pmed22-r1-R20-theta0.01-bbnc-i-e-l-facility-mixture-lh9010-low0.001to0.01-high0.1to0.5-seed1-coloc-tl3600.out
22|1|20|0.1|1090,22,22-500-10,0.1,$\theta=0.1$,Str0+VI0,True,4.0,321.0,0.0,1.20222324605651,t2-pmed22-r1-R20-theta0.1-bbnc-i-facility-mixture-lh1090-low0.001to0.01-high0.1to0.5-seed1-coloc-tl3600.out
22|1|20|0.1|5050,22,22-500-10,0.1,$\theta=0.1$,Str0+VI0,True,0.86,31.0,0.0,0.168202335108044,t2-pmed22-r1-R20-theta0.1-bbnc-i-facility-mixture-lh5050-low0.001to0.01-high0.1to0.5-seed1-coloc-tl3600.out
22|1|20|0.1|9010,22,22-500-10,0.1,$\theta=0.1$,Str0+VI0,True,0.45,11.0,0.0,0.129078150509552,t2-pmed22-r1-R20-theta0.1-bbnc-i-facility-mixture-lh9010-low0.001to0.01-high0.1to0.5-seed1-coloc-tl3600.out
22|1|20|0.1|1090,22,22-500-10,0.1,$\theta=0.1$,Str0+VI1,True,2.18,51.0,0.0,0.686245186635354,t2-pmed22-r1-R20-theta0.1-bbnc-i-l-facility-mixture-lh1090-low0.001to0.01-high0.1to0.5-seed1-coloc-tl3600.out
22|1|20|0.1|5050,22,22-500-10,0.1,$\theta=0.1$,Str0+VI1,True,0.75,0.0,0.0,0.0,t2-pmed22-r1-R20-theta0.1-bbnc-i-l-facility-mixture-lh5050-low0.001to0.01-high0.1to0.5-seed1-coloc-tl3600.out
22|1|20|0.1|9010,22,22-500-10,0.1,$\theta=0.1$,Str0+VI1,True,0.28,0.0,0.0,0.0,t2-pmed22-r1-R20-theta0.1-bbnc-i-l-facility-mixture-lh9010-low0.001to0.01-high0.1to0.5-seed1-coloc-tl3600.out
22|1|20|0.1|1090,22,22-500-10,0.1,$\theta=0.1$,Str1+VI0,True,3.89,316.0,0.0,1.25157828922063,t2-pmed22-r1-R20-theta0.1-bbnc-i-e-facility-mixture-lh1090-low0.001to0.01-high0.1to0.5-seed1-coloc-tl3600.out
22|1|20|0.1|5050,22,22-500-10,0.1,$\theta=0.1$,Str1+VI0,True,0.94,20.0,0.0,0.181647439313628,t2-pmed22-r1-R20-theta0.1-bbnc-i-e-facility-mixture-lh5050-low0.001to0.01-high0.1to0.5-seed1-coloc-tl3600.out
22|1|20|0.1|9010,22,22-500-10,0.1,$\theta=0.1$,Str1+VI0,True,0.61,7.0,0.0,0.144241907445915,t2-pmed22-r1-R20-theta0.1-bbnc-i-e-facility-mixture-lh9010-low0.001to0.01-high0.1to0.5-seed1-coloc-tl3600.out
22|1|20|0.1|1090,22,22-500-10,0.1,$\theta=0.1$,Str1+VI1,True,2.28,57.0,0.0,0.590095026522419,t2-pmed22-r1-R20-theta0.1-bbnc-i-e-l-facility-mixture-lh1090-low0.001to0.01-high0.1to0.5-seed1-coloc-tl3600.out
22|1|20|0.1|5050,22,22-500-10,0.1,$\theta=0.1$,Str1+VI1,True,0.85,0.0,0.0,0.0,t2-pmed22-r1-R20-theta0.1-bbnc-i-e-l-facility-mixture-lh5050-low0.001to0.01-high0.1to0.5-seed1-coloc-tl3600.out
22|1|20|0.1|9010,22,22-500-10,0.1,$\theta=0.1$,Str1+VI1,True,0.42,0.0,0.0,0.0,t2-pmed22-r1-R20-theta0.1-bbnc-i-e-l-facility-mixture-lh9010-low0.001to0.01-high0.1to0.5-seed1-coloc-tl3600.out
22|1|20|0.2|1090,22,22-500-10,0.2,$\theta=0.2$,Str0+VI0,True,4.37,387.0,0.0,1.4410528626431,t2-pmed22-r1-R20-theta0.2-bbnc-i-facility-mixture-lh1090-low0.001to0.01-high0.1to0.5-seed1-coloc-tl3600.out
22|1|20|0.2|5050,22,22-500-10,0.2,$\theta=0.2$,Str0+VI0,True,0.85,29.0,0.0,0.201433769117795,t2-pmed22-r1-R20-theta0.2-bbnc-i-facility-mixture-lh5050-low0.001to0.01-high0.1to0.5-seed1-coloc-tl3600.out
22|1|20|0.2|9010,22,22-500-10,0.2,$\theta=0.2$,Str0+VI0,True,0.34,7.0,0.0,0.193906417197205,t2-pmed22-r1-R20-theta0.2-bbnc-i-facility-mixture-lh9010-low0.001to0.01-high0.1to0.5-seed1-coloc-tl3600.out
22|1|20|0.2|1090,22,22-500-10,0.2,$\theta=0.2$,Str0+VI1,True,2.04,49.0,0.0,0.620878105443567,t2-pmed22-r1-R20-theta0.2-bbnc-i-l-facility-mixture-lh1090-low0.001to0.01-high0.1to0.5-seed1-coloc-tl3600.out
22|1|20|0.2|5050,22,22-500-10,0.2,$\theta=0.2$,Str0+VI1,True,0.62,0.0,0.0,0.0,t2-pmed22-r1-R20-theta0.2-bbnc-i-l-facility-mixture-lh5050-low0.001to0.01-high0.1to0.5-seed1-coloc-tl3600.out
22|1|20|0.2|9010,22,22-500-10,0.2,$\theta=0.2$,Str0+VI1,True,0.33,0.0,0.0,0.0,t2-pmed22-r1-R20-theta0.2-bbnc-i-l-facility-mixture-lh9010-low0.001to0.01-high0.1to0.5-seed1-coloc-tl3600.out
22|1|20|0.2|1090,22,22-500-10,0.2,$\theta=0.2$,Str1+VI0,True,3.85,317.0,0.0,1.19461215337275,t2-pmed22-r1-R20-theta0.2-bbnc-i-e-facility-mixture-lh1090-low0.001to0.01-high0.1to0.5-seed1-coloc-tl3600.out
22|1|20|0.2|5050,22,22-500-10,0.2,$\theta=0.2$,Str1+VI0,True,1.04,14.0,0.0,0.181011302040939,t2-pmed22-r1-R20-theta0.2-bbnc-i-e-facility-mixture-lh5050-low0.001to0.01-high0.1to0.5-seed1-coloc-tl3600.out
22|1|20|0.2|9010,22,22-500-10,0.2,$\theta=0.2$,Str1+VI0,True,0.44,3.0,0.0,0.0,t2-pmed22-r1-R20-theta0.2-bbnc-i-e-facility-mixture-lh9010-low0.001to0.01-high0.1to0.5-seed1-coloc-tl3600.out
22|1|20|0.2|1090,22,22-500-10,0.2,$\theta=0.2$,Str1+VI1,True,2.46,55.0,0.0,0.721654521269224,t2-pmed22-r1-R20-theta0.2-bbnc-i-e-l-facility-mixture-lh1090-low0.001to0.01-high0.1to0.5-seed1-coloc-tl3600.out
22|1|20|0.2|5050,22,22-500-10,0.2,$\theta=0.2$,Str1+VI1,True,0.76,0.0,0.0,0.0,t2-pmed22-r1-R20-theta0.2-bbnc-i-e-l-facility-mixture-lh5050-low0.001to0.01-high0.1to0.5-seed1-coloc-tl3600.out
22|1|20|0.2|9010,22,22-500-10,0.2,$\theta=0.2$,Str1+VI1,True,0.42,0.0,0.0,0.0,t2-pmed22-r1-R20-theta0.2-bbnc-i-e-l-facility-mixture-lh9010-low0.001to0.01-high0.1to0.5-seed1-coloc-tl3600.out
22|2|20|0.01|1090,22,22-500-10,0.01,$\theta=0.01$,Str0+VI0,True,7.07,652.0,0.0,1.57361330506049,t2-pmed22-r2-R20-theta0.01-bbnc-i-facility-mixture-lh1090-low0.001to0.01-high0.1to0.5-seed1-coloc-tl3600.out
22|2|20|0.01|5050,22,22-500-10,0.01,$\theta=0.01$,Str0+VI0,True,1.44,90.0,0.0,0.539901161662226,t2-pmed22-r2-R20-theta0.01-bbnc-i-facility-mixture-lh5050-low0.001to0.01-high0.1to0.5-seed1-coloc-tl3600.out
22|2|20|0.01|9010,22,22-500-10,0.01,$\theta=0.01$,Str0+VI0,True,0.42,24.0,0.0,0.213861944078021,t2-pmed22-r2-R20-theta0.01-bbnc-i-facility-mixture-lh9010-low0.001to0.01-high0.1to0.5-seed1-coloc-tl3600.out
22|2|20|0.01|1090,22,22-500-10,0.01,$\theta=0.01$,Str0+VI1,True,3.33,63.0,0.0,0.597543058006027,t2-pmed22-r2-R20-theta0.01-bbnc-i-l-facility-mixture-lh1090-low0.001to0.01-high0.1to0.5-seed1-coloc-tl3600.out
22|2|20|0.01|5050,22,22-500-10,0.01,$\theta=0.01$,Str0+VI1,True,1.21,15.0,0.0,0.166333536030541,t2-pmed22-r2-R20-theta0.01-bbnc-i-l-facility-mixture-lh5050-low0.001to0.01-high0.1to0.5-seed1-coloc-tl3600.out
22|2|20|0.01|9010,22,22-500-10,0.01,$\theta=0.01$,Str0+VI1,True,0.43,0.0,0.0,0.0,t2-pmed22-r2-R20-theta0.01-bbnc-i-l-facility-mixture-lh9010-low0.001to0.01-high0.1to0.5-seed1-coloc-tl3600.out
22|2|20|0.01|1090,22,22-500-10,0.01,$\theta=0.01$,Str1+VI0,True,5.33,484.0,0.0,1.36177219287114,t2-pmed22-r2-R20-theta0.01-bbnc-i-e-facility-mixture-lh1090-low0.001to0.01-high0.1to0.5-seed1-coloc-tl3600.out
22|2|20|0.01|5050,22,22-500-10,0.01,$\theta=0.01$,Str1+VI0,True,1.49,91.0,0.0,0.58561529143404,t2-pmed22-r2-R20-theta0.01-bbnc-i-e-facility-mixture-lh5050-low0.001to0.01-high0.1to0.5-seed1-coloc-tl3600.out
22|2|20|0.01|9010,22,22-500-10,0.01,$\theta=0.01$,Str1+VI0,True,0.52,15.0,0.0,0.174846070559432,t2-pmed22-r2-R20-theta0.01-bbnc-i-e-facility-mixture-lh9010-low0.001to0.01-high0.1to0.5-seed1-coloc-tl3600.out
22|2|20|0.01|1090,22,22-500-10,0.01,$\theta=0.01$,Str1+VI1,True,2.77,62.0,0.0,0.643015502929092,t2-pmed22-r2-R20-theta0.01-bbnc-i-e-l-facility-mixture-lh1090-low0.001to0.01-high0.1to0.5-seed1-coloc-tl3600.out
22|2|20|0.01|5050,22,22-500-10,0.01,$\theta=0.01$,Str1+VI1,True,1.51,19.0,0.0,0.163485207532227,t2-pmed22-r2-R20-theta0.01-bbnc-i-e-l-facility-mixture-lh5050-low0.001to0.01-high0.1to0.5-seed1-coloc-tl3600.out
22|2|20|0.01|9010,22,22-500-10,0.01,$\theta=0.01$,Str1+VI1,True,0.56,0.0,0.0,0.0,t2-pmed22-r2-R20-theta0.01-bbnc-i-e-l-facility-mixture-lh9010-low0.001to0.01-high0.1to0.5-seed1-coloc-tl3600.out
22|2|20|0.1|1090,22,22-500-10,0.1,$\theta=0.1$,Str0+VI0,True,7.76,637.0,0.0,1.57532289378748,t2-pmed22-r2-R20-theta0.1-bbnc-i-facility-mixture-lh1090-low0.001to0.01-high0.1to0.5-seed1-coloc-tl3600.out
22|2|20|0.1|5050,22,22-500-10,0.1,$\theta=0.1$,Str0+VI0,True,1.01,37.0,0.0,0.336571401503075,t2-pmed22-r2-R20-theta0.1-bbnc-i-facility-mixture-lh5050-low0.001to0.01-high0.1to0.5-seed1-coloc-tl3600.out
22|2|20|0.1|9010,22,22-500-10,0.1,$\theta=0.1$,Str0+VI0,True,0.33,0.0,0.0,0.0,t2-pmed22-r2-R20-theta0.1-bbnc-i-facility-mixture-lh9010-low0.001to0.01-high0.1to0.5-seed1-coloc-tl3600.out
22|2|20|0.1|1090,22,22-500-10,0.1,$\theta=0.1$,Str0+VI1,True,2.7,66.0,0.0,0.674480710323398,t2-pmed22-r2-R20-theta0.1-bbnc-i-l-facility-mixture-lh1090-low0.001to0.01-high0.1to0.5-seed1-coloc-tl3600.out
22|2|20|0.1|5050,22,22-500-10,0.1,$\theta=0.1$,Str0+VI1,True,1.26,14.0,0.0,0.046177796625275,t2-pmed22-r2-R20-theta0.1-bbnc-i-l-facility-mixture-lh5050-low0.001to0.01-high0.1to0.5-seed1-coloc-tl3600.out
22|2|20|0.1|9010,22,22-500-10,0.1,$\theta=0.1$,Str0+VI1,True,0.27,0.0,0.0,0.0,t2-pmed22-r2-R20-theta0.1-bbnc-i-l-facility-mixture-lh9010-low0.001to0.01-high0.1to0.5-seed1-coloc-tl3600.out
22|2|20|0.1|1090,22,22-500-10,0.1,$\theta=0.1$,Str1+VI0,True,4.98,415.0,0.0,1.22630699729885,t2-pmed22-r2-R20-theta0.1-bbnc-i-e-facility-mixture-lh1090-low0.001to0.01-high0.1to0.5-seed1-coloc-tl3600.out
22|2|20|0.1|5050,22,22-500-10,0.1,$\theta=0.1$,Str1+VI0,True,1.04,43.0,0.0,0.382241220976959,t2-pmed22-r2-R20-theta0.1-bbnc-i-e-facility-mixture-lh5050-low0.001to0.01-high0.1to0.5-seed1-coloc-tl3600.out
22|2|20|0.1|9010,22,22-500-10,0.1,$\theta=0.1$,Str1+VI0,True,0.5,5.0,0.0,0.146476270817866,t2-pmed22-r2-R20-theta0.1-bbnc-i-e-facility-mixture-lh9010-low0.001to0.01-high0.1to0.5-seed1-coloc-tl3600.out
22|2|20|0.1|1090,22,22-500-10,0.1,$\theta=0.1$,Str1+VI1,True,2.62,48.0,0.0,0.706766950805749,t2-pmed22-r2-R20-theta0.1-bbnc-i-e-l-facility-mixture-lh1090-low0.001to0.01-high0.1to0.5-seed1-coloc-tl3600.out
22|2|20|0.1|5050,22,22-500-10,0.1,$\theta=0.1$,Str1+VI1,True,1.1,6.0,0.0,0.0426498804557484,t2-pmed22-r2-R20-theta0.1-bbnc-i-e-l-facility-mixture-lh5050-low0.001to0.01-high0.1to0.5-seed1-coloc-tl3600.out
22|2|20|0.1|9010,22,22-500-10,0.1,$\theta=0.1$,Str1+VI1,True,0.4,0.0,0.0,0.0,t2-pmed22-r2-R20-theta0.1-bbnc-i-e-l-facility-mixture-lh9010-low0.001to0.01-high0.1to0.5-seed1-coloc-tl3600.out
22|2|20|0.2|1090,22,22-500-10,0.2,$\theta=0.2$,Str0+VI0,True,6.63,580.0,0.0,1.54879992637041,t2-pmed22-r2-R20-theta0.2-bbnc-i-facility-mixture-lh1090-low0.001to0.01-high0.1to0.5-seed1-coloc-tl3600.out
22|2|20|0.2|5050,22,22-500-10,0.2,$\theta=0.2$,Str0+VI0,True,0.99,50.0,0.0,0.425663544605403,t2-pmed22-r2-R20-theta0.2-bbnc-i-facility-mixture-lh5050-low0.001to0.01-high0.1to0.5-seed1-coloc-tl3600.out
22|2|20|0.2|9010,22,22-500-10,0.2,$\theta=0.2$,Str0+VI0,True,0.4,6.0,0.0,0.00787798794432725,t2-pmed22-r2-R20-theta0.2-bbnc-i-facility-mixture-lh9010-low0.001to0.01-high0.1to0.5-seed1-coloc-tl3600.out
22|2|20|0.2|1090,22,22-500-10,0.2,$\theta=0.2$,Str0+VI1,True,3.1,81.0,0.0,0.798996760479957,t2-pmed22-r2-R20-theta0.2-bbnc-i-l-facility-mixture-lh1090-low0.001to0.01-high0.1to0.5-seed1-coloc-tl3600.out
22|2|20|0.2|5050,22,22-500-10,0.2,$\theta=0.2$,Str0+VI1,True,1.21,11.0,0.0,0.0891390627813403,t2-pmed22-r2-R20-theta0.2-bbnc-i-l-facility-mixture-lh5050-low0.001to0.01-high0.1to0.5-seed1-coloc-tl3600.out
22|2|20|0.2|9010,22,22-500-10,0.2,$\theta=0.2$,Str0+VI1,True,0.28,0.0,0.0,0.0,t2-pmed22-r2-R20-theta0.2-bbnc-i-l-facility-mixture-lh9010-low0.001to0.01-high0.1to0.5-seed1-coloc-tl3600.out
22|2|20|0.2|1090,22,22-500-10,0.2,$\theta=0.2$,Str1+VI0,True,6.58,596.0,0.0,1.49059003500991,t2-pmed22-r2-R20-theta0.2-bbnc-i-e-facility-mixture-lh1090-low0.001to0.01-high0.1to0.5-seed1-coloc-tl3600.out
22|2|20|0.2|5050,22,22-500-10,0.2,$\theta=0.2$,Str1+VI0,True,1.0,23.0,0.0,0.347140516920942,t2-pmed22-r2-R20-theta0.2-bbnc-i-e-facility-mixture-lh5050-low0.001to0.01-high0.1to0.5-seed1-coloc-tl3600.out
22|2|20|0.2|9010,22,22-500-10,0.2,$\theta=0.2$,Str1+VI0,True,0.53,8.0,0.0,0.235824426688184,t2-pmed22-r2-R20-theta0.2-bbnc-i-e-facility-mixture-lh9010-low0.001to0.01-high0.1to0.5-seed1-coloc-tl3600.out
22|2|20|0.2|1090,22,22-500-10,0.2,$\theta=0.2$,Str1+VI1,True,2.82,76.0,0.0,0.906383827428002,t2-pmed22-r2-R20-theta0.2-bbnc-i-e-l-facility-mixture-lh1090-low0.001to0.01-high0.1to0.5-seed1-coloc-tl3600.out
22|2|20|0.2|5050,22,22-500-10,0.2,$\theta=0.2$,Str1+VI1,True,1.58,11.0,0.0,0.0714860052790162,t2-pmed22-r2-R20-theta0.2-bbnc-i-e-l-facility-mixture-lh5050-low0.001to0.01-high0.1to0.5-seed1-coloc-tl3600.out
22|2|20|0.2|9010,22,22-500-10,0.2,$\theta=0.2$,Str1+VI1,True,0.39,0.0,0.0,0.0,t2-pmed22-r2-R20-theta0.2-bbnc-i-e-l-facility-mixture-lh9010-low0.001to0.01-high0.1to0.5-seed1-coloc-tl3600.out
23|1|20|0.01|1090,23,23-500-50,0.01,$\theta=0.01$,Str0+VI0,False,3600.0,484394.0,0.0269126559536614,0.622696019293256,t2-pmed23-r1-R20-theta0.01-bbnc-i-facility-mixture-lh1090-low0.001to0.01-high0.1to0.5-seed1-coloc-tl3600.out
23|1|20|0.01|5050,23,23-500-50,0.01,$\theta=0.01$,Str0+VI0,True,462.03,62093.0,0.0,0.568818755953018,t2-pmed23-r1-R20-theta0.01-bbnc-i-facility-mixture-lh5050-low0.001to0.01-high0.1to0.5-seed1-coloc-tl3600.out
23|1|20|0.01|9010,23,23-500-50,0.01,$\theta=0.01$,Str0+VI0,True,11.87,1919.0,0.0,0.335191168774438,t2-pmed23-r1-R20-theta0.01-bbnc-i-facility-mixture-lh9010-low0.001to0.01-high0.1to0.5-seed1-coloc-tl3600.out
23|1|20|0.01|1090,23,23-500-50,0.01,$\theta=0.01$,Str0+VI1,True,1684.41,298571.0,0.0,0.371088537086692,t2-pmed23-r1-R20-theta0.01-bbnc-i-l-facility-mixture-lh1090-low0.001to0.01-high0.1to0.5-seed1-coloc-tl3600.out
23|1|20|0.01|5050,23,23-500-50,0.01,$\theta=0.01$,Str0+VI1,True,90.92,4056.0,0.0,0.433164317194465,t2-pmed23-r1-R20-theta0.01-bbnc-i-l-facility-mixture-lh5050-low0.001to0.01-high0.1to0.5-seed1-coloc-tl3600.out
23|1|20|0.01|9010,23,23-500-50,0.01,$\theta=0.01$,Str0+VI1,True,13.99,1628.0,0.0,0.211365283716824,t2-pmed23-r1-R20-theta0.01-bbnc-i-l-facility-mixture-lh9010-low0.001to0.01-high0.1to0.5-seed1-coloc-tl3600.out
23|1|20|0.01|1090,23,23-500-50,0.01,$\theta=0.01$,Str1+VI0,False,3600.0,406072.0,0.0518648231426356,0.525165241927526,t2-pmed23-r1-R20-theta0.01-bbnc-i-e-facility-mixture-lh1090-low0.001to0.01-high0.1to0.5-seed1-coloc-tl3600.out
23|1|20|0.01|5050,23,23-500-50,0.01,$\theta=0.01$,Str1+VI0,True,398.21,48455.0,0.0,0.507112050374122,t2-pmed23-r1-R20-theta0.01-bbnc-i-e-facility-mixture-lh5050-low0.001to0.01-high0.1to0.5-seed1-coloc-tl3600.out
23|1|20|0.01|9010,23,23-500-50,0.01,$\theta=0.01$,Str1+VI0,True,15.62,3411.0,0.0,0.320782160685274,t2-pmed23-r1-R20-theta0.01-bbnc-i-e-facility-mixture-lh9010-low0.001to0.01-high0.1to0.5-seed1-coloc-tl3600.out
23|1|20|0.01|1090,23,23-500-50,0.01,$\theta=0.01$,Str1+VI1,True,2000.84,237765.0,0.0,0.358008602058659,t2-pmed23-r1-R20-theta0.01-bbnc-i-e-l-facility-mixture-lh1090-low0.001to0.01-high0.1to0.5-seed1-coloc-tl3600.out
23|1|20|0.01|5050,23,23-500-50,0.01,$\theta=0.01$,Str1+VI1,True,88.85,5422.0,0.0,0.380750922409162,t2-pmed23-r1-R20-theta0.01-bbnc-i-e-l-facility-mixture-lh5050-low0.001to0.01-high0.1to0.5-seed1-coloc-tl3600.out
23|1|20|0.01|9010,23,23-500-50,0.01,$\theta=0.01$,Str1+VI1,True,5.94,422.0,0.0,0.195328317566662,t2-pmed23-r1-R20-theta0.01-bbnc-i-e-l-facility-mixture-lh9010-low0.001to0.01-high0.1to0.5-seed1-coloc-tl3600.out
23|1|20|0.1|1090,23,23-500-50,0.1,$\theta=0.1$,Str0+VI0,False,3600.01,475651.0,0.0115599234201909,0.552419831611549,t2-pmed23-r1-R20-theta0.1-bbnc-i-facility-mixture-lh1090-low0.001to0.01-high0.1to0.5-seed1-coloc-tl3600.out
23|1|20|0.1|5050,23,23-500-50,0.1,$\theta=0.1$,Str0+VI0,True,329.02,53257.0,0.0,0.583896842295052,t2-pmed23-r1-R20-theta0.1-bbnc-i-facility-mixture-lh5050-low0.001to0.01-high0.1to0.5-seed1-coloc-tl3600.out
23|1|20|0.1|9010,23,23-500-50,0.1,$\theta=0.1$,Str0+VI0,True,12.3,2078.0,0.0,0.237375519366843,t2-pmed23-r1-R20-theta0.1-bbnc-i-facility-mixture-lh9010-low0.001to0.01-high0.1to0.5-seed1-coloc-tl3600.out
23|1|20|0.1|1090,23,23-500-50,0.1,$\theta=0.1$,Str0+VI1,True,3109.58,388054.0,0.0,0.412616323586872,t2-pmed23-r1-R20-theta0.1-bbnc-i-l-facility-mixture-lh1090-low0.001to0.01-high0.1to0.5-seed1-coloc-tl3600.out
23|1|20|0.1|5050,23,23-500-50,0.1,$\theta=0.1$,Str0+VI1,True,111.75,6403.0,0.0,0.354134883056047,t2-pmed23-r1-R20-theta0.1-bbnc-i-l-facility-mixture-lh5050-low0.001to0.01-high0.1to0.5-seed1-coloc-tl3600.out
23|1|20|0.1|9010,23,23-500-50,0.1,$\theta=0.1$,Str0+VI1,True,8.07,792.0,0.0,0.122954857440255,t2-pmed23-r1-R20-theta0.1-bbnc-i-l-facility-mixture-lh9010-low0.001to0.01-high0.1to0.5-seed1-coloc-tl3600.out
23|1|20|0.1|1090,23,23-500-50,0.1,$\theta=0.1$,Str1+VI0,True,2733.82,338676.0,0.0,0.534000830566108,t2-pmed23-r1-R20-theta0.1-bbnc-i-e-facility-mixture-lh1090-low0.001to0.01-high0.1to0.5-seed1-coloc-tl3600.out
23|1|20|0.1|5050,23,23-500-50,0.1,$\theta=0.1$,Str1+VI0,True,425.89,71098.0,0.0,0.414386042529206,t2-pmed23-r1-R20-theta0.1-bbnc-i-e-facility-mixture-lh5050-low0.001to0.01-high0.1to0.5-seed1-coloc-tl3600.out
23|1|20|0.1|9010,23,23-500-50,0.1,$\theta=0.1$,Str1+VI0,True,14.26,3552.0,0.0,0.247300837300259,t2-pmed23-r1-R20-theta0.1-bbnc-i-e-facility-mixture-lh9010-low0.001to0.01-high0.1to0.5-seed1-coloc-tl3600.out
23|1|20|0.1|1090,23,23-500-50,0.1,$\theta=0.1$,Str1+VI1,True,2866.56,357161.0,0.0,0.361167131736635,t2-pmed23-r1-R20-theta0.1-bbnc-i-e-l-facility-mixture-lh1090-low0.001to0.01-high0.1to0.5-seed1-coloc-tl3600.out
23|1|20|0.1|5050,23,23-500-50,0.1,$\theta=0.1$,Str1+VI1,True,95.68,4128.0,0.0,0.352958424027103,t2-pmed23-r1-R20-theta0.1-bbnc-i-e-l-facility-mixture-lh5050-low0.001to0.01-high0.1to0.5-seed1-coloc-tl3600.out
23|1|20|0.1|9010,23,23-500-50,0.1,$\theta=0.1$,Str1+VI1,True,4.99,393.0,0.0,0.129287060582709,t2-pmed23-r1-R20-theta0.1-bbnc-i-e-l-facility-mixture-lh9010-low0.001to0.01-high0.1to0.5-seed1-coloc-tl3600.out
23|1|20|0.2|1090,23,23-500-50,0.2,$\theta=0.2$,Str0+VI0,True,623.73,96487.0,0.0,0.547741407918247,t2-pmed23-r1-R20-theta0.2-bbnc-i-facility-mixture-lh1090-low0.001to0.01-high0.1to0.5-seed1-coloc-tl3600.out
23|1|20|0.2|5050,23,23-500-50,0.2,$\theta=0.2$,Str0+VI0,True,419.6,71992.0,0.0,0.418739401642385,t2-pmed23-r1-R20-theta0.2-bbnc-i-facility-mixture-lh5050-low0.001to0.01-high0.1to0.5-seed1-coloc-tl3600.out
23|1|20|0.2|9010,23,23-500-50,0.2,$\theta=0.2$,Str0+VI0,True,12.45,2120.0,0.0,0.313159723513538,t2-pmed23-r1-R20-theta0.2-bbnc-i-facility-mixture-lh9010-low0.001to0.01-high0.1to0.5-seed1-coloc-tl3600.out
23|1|20|0.2|1090,23,23-500-50,0.2,$\theta=0.2$,Str0+VI1,True,172.76,4772.0,0.0,0.308679273722795,t2-pmed23-r1-R20-theta0.2-bbnc-i-l-facility-mixture-lh1090-low0.001to0.01-high0.1to0.5-seed1-coloc-tl3600.out
23|1|20|0.2|5050,23,23-500-50,0.2,$\theta=0.2$,Str0+VI1,True,80.19,3889.0,0.0,0.276349141722592,t2-pmed23-r1-R20-theta0.2-bbnc-i-l-facility-mixture-lh5050-low0.001to0.01-high0.1to0.5-seed1-coloc-tl3600.out
23|1|20|0.2|9010,23,23-500-50,0.2,$\theta=0.2$,Str0+VI1,True,19.62,2328.0,0.0,0.151970178784494,t2-pmed23-r1-R20-theta0.2-bbnc-i-l-facility-mixture-lh9010-low0.001to0.01-high0.1to0.5-seed1-coloc-tl3600.out
23|1|20|0.2|1090,23,23-500-50,0.2,$\theta=0.2$,Str1+VI0,True,474.07,52656.0,0.0,0.423655051458672,t2-pmed23-r1-R20-theta0.2-bbnc-i-e-facility-mixture-lh1090-low0.001to0.01-high0.1to0.5-seed1-coloc-tl3600.out
23|1|20|0.2|5050,23,23-500-50,0.2,$\theta=0.2$,Str1+VI0,True,450.11,69212.0,0.0,0.44375324786116,t2-pmed23-r1-R20-theta0.2-bbnc-i-e-facility-mixture-lh5050-low0.001to0.01-high0.1to0.5-seed1-coloc-tl3600.out
23|1|20|0.2|9010,23,23-500-50,0.2,$\theta=0.2$,Str1+VI0,True,12.95,2340.0,0.0,0.261105450328952,t2-pmed23-r1-R20-theta0.2-bbnc-i-e-facility-mixture-lh9010-low0.001to0.01-high0.1to0.5-seed1-coloc-tl3600.out
23|1|20|0.2|1090,23,23-500-50,0.2,$\theta=0.2$,Str1+VI1,True,134.78,4264.0,0.0,0.2760455075407,t2-pmed23-r1-R20-theta0.2-bbnc-i-e-l-facility-mixture-lh1090-low0.001to0.01-high0.1to0.5-seed1-coloc-tl3600.out
23|1|20|0.2|5050,23,23-500-50,0.2,$\theta=0.2$,Str1+VI1,True,83.75,3650.0,0.0,0.277244448424651,t2-pmed23-r1-R20-theta0.2-bbnc-i-e-l-facility-mixture-lh5050-low0.001to0.01-high0.1to0.5-seed1-coloc-tl3600.out
23|1|20|0.2|9010,23,23-500-50,0.2,$\theta=0.2$,Str1+VI1,True,13.32,1364.0,0.0,0.150139777910313,t2-pmed23-r1-R20-theta0.2-bbnc-i-e-l-facility-mixture-lh9010-low0.001to0.01-high0.1to0.5-seed1-coloc-tl3600.out
23|2|20|0.01|1090,23,23-500-50,0.01,$\theta=0.01$,Str0+VI0,True,1622.51,276159.0,0.0,0.62278448039159,t2-pmed23-r2-R20-theta0.01-bbnc-i-facility-mixture-lh1090-low0.001to0.01-high0.1to0.5-seed1-coloc-tl3600.out
23|2|20|0.01|5050,23,23-500-50,0.01,$\theta=0.01$,Str0+VI0,True,1754.2,259530.0,0.0,0.853081354570609,t2-pmed23-r2-R20-theta0.01-bbnc-i-facility-mixture-lh5050-low0.001to0.01-high0.1to0.5-seed1-coloc-tl3600.out
23|2|20|0.01|9010,23,23-500-50,0.01,$\theta=0.01$,Str0+VI0,True,14.71,2425.0,0.0,0.31049351162723,t2-pmed23-r2-R20-theta0.01-bbnc-i-facility-mixture-lh9010-low0.001to0.01-high0.1to0.5-seed1-coloc-tl3600.out
23|2|20|0.01|1090,23,23-500-50,0.01,$\theta=0.01$,Str0+VI1,True,293.68,15821.0,0.0,0.380286860587016,t2-pmed23-r2-R20-theta0.01-bbnc-i-l-facility-mixture-lh1090-low0.001to0.01-high0.1to0.5-seed1-coloc-tl3600.out
23|2|20|0.01|5050,23,23-500-50,0.01,$\theta=0.01$,Str0+VI1,True,144.73,7761.0,0.0,0.540511813703661,t2-pmed23-r2-R20-theta0.01-bbnc-i-l-facility-mixture-lh5050-low0.001to0.01-high0.1to0.5-seed1-coloc-tl3600.out
23|2|20|0.01|9010,23,23-500-50,0.01,$\theta=0.01$,Str0+VI1,True,9.44,824.0,0.0,0.206045996972559,t2-pmed23-r2-R20-theta0.01-bbnc-i-l-facility-mixture-lh9010-low0.001to0.01-high0.1to0.5-seed1-coloc-tl3600.out
23|2|20|0.01|1090,23,23-500-50,0.01,$\theta=0.01$,Str1+VI0,True,2381.69,305595.0,0.0,0.565300490863397,t2-pmed23-r2-R20-theta0.01-bbnc-i-e-facility-mixture-lh1090-low0.001to0.01-high0.1to0.5-seed1-coloc-tl3600.out
23|2|20|0.01|5050,23,23-500-50,0.01,$\theta=0.01$,Str1+VI0,True,930.72,127379.0,0.0,0.736501502624572,t2-pmed23-r2-R20-theta0.01-bbnc-i-e-facility-mixture-lh5050-low0.001to0.01-high0.1to0.5-seed1-coloc-tl3600.out
23|2|20|0.01|9010,23,23-500-50,0.01,$\theta=0.01$,Str1+VI0,True,12.98,2565.0,0.0,0.263106852951374,t2-pmed23-r2-R20-theta0.01-bbnc-i-e-facility-mixture-lh9010-low0.001to0.01-high0.1to0.5-seed1-coloc-tl3600.out
23|2|20|0.01|1090,23,23-500-50,0.01,$\theta=0.01$,Str1+VI1,True,202.73,8750.0,0.0,0.355589423315414,t2-pmed23-r2-R20-theta0.01-bbnc-i-e-l-facility-mixture-lh1090-low0.001to0.01-high0.1to0.5-seed1-coloc-tl3600.out
23|2|20|0.01|5050,23,23-500-50,0.01,$\theta=0.01$,Str1+VI1,True,153.45,6933.0,0.0,0.500583109361342,t2-pmed23-r2-R20-theta0.01-bbnc-i-e-l-facility-mixture-lh5050-low0.001to0.01-high0.1to0.5-seed1-coloc-tl3600.out
23|2|20|0.01|9010,23,23-500-50,0.01,$\theta=0.01$,Str1+VI1,True,5.05,368.0,0.0,0.156944464666085,t2-pmed23-r2-R20-theta0.01-bbnc-i-e-l-facility-mixture-lh9010-low0.001to0.01-high0.1to0.5-seed1-coloc-tl3600.out
23|2|20|0.1|1090,23,23-500-50,0.1,$\theta=0.1$,Str0+VI0,True,631.35,80738.0,0.0,0.491166287436213,t2-pmed23-r2-R20-theta0.1-bbnc-i-facility-mixture-lh1090-low0.001to0.01-high0.1to0.5-seed1-coloc-tl3600.out
23|2|20|0.1|5050,23,23-500-50,0.1,$\theta=0.1$,Str0+VI0,True,2185.1,336473.0,0.0,0.797675565340084,t2-pmed23-r2-R20-theta0.1-bbnc-i-facility-mixture-lh5050-low0.001to0.01-high0.1to0.5-seed1-coloc-tl3600.out
23|2|20|0.1|9010,23,23-500-50,0.1,$\theta=0.1$,Str0+VI0,True,8.85,1134.0,0.0,0.291703592284908,t2-pmed23-r2-R20-theta0.1-bbnc-i-facility-mixture-lh9010-low0.001to0.01-high0.1to0.5-seed1-coloc-tl3600.out
23|2|20|0.1|1090,23,23-500-50,0.1,$\theta=0.1$,Str0+VI1,True,188.68,7804.0,0.0,0.296040688546847,t2-pmed23-r2-R20-theta0.1-bbnc-i-l-facility-mixture-lh1090-low0.001to0.01-high0.1to0.5-seed1-coloc-tl3600.out
23|2|20|0.1|5050,23,23-500-50,0.1,$\theta=0.1$,Str0+VI1,True,170.12,8898.0,0.0,0.534864698674198,t2-pmed23-r2-R20-theta0.1-bbnc-i-l-facility-mixture-lh5050-low0.001to0.01-high0.1to0.5-seed1-coloc-tl3600.out
23|2|20|0.1|9010,23,23-500-50,0.1,$\theta=0.1$,Str0+VI1,True,3.25,233.0,0.0,0.106736639247462,t2-pmed23-r2-R20-theta0.1-bbnc-i-l-facility-mixture-lh9010-low0.001to0.01-high0.1to0.5-seed1-coloc-tl3600.out
23|2|20|0.1|1090,23,23-500-50,0.1,$\theta=0.1$,Str1+VI0,True,721.62,79278.0,0.0,0.434343847436279,t2-pmed23-r2-R20-theta0.1-bbnc-i-e-facility-mixture-lh1090-low0.001to0.01-high0.1to0.5-seed1-coloc-tl3600.out
23|2|20|0.1|5050,23,23-500-50,0.1,$\theta=0.1$,Str1+VI0,True,1513.46,190789.0,0.0,0.67074748795478,t2-pmed23-r2-R20-theta0.1-bbnc-i-e-facility-mixture-lh5050-low0.001to0.01-high0.1to0.5-seed1-coloc-tl3600.out
23|2|20|0.1|9010,23,23-500-50,0.1,$\theta=0.1$,Str1+VI0,True,11.37,1813.0,0.0,0.240773812877709,t2-pmed23-r2-R20-theta0.1-bbnc-i-e-facility-mixture-lh9010-low0.001to0.01-high0.1to0.5-seed1-coloc-tl3600.out
23|2|20|0.1|1090,23,23-500-50,0.1,$\theta=0.1$,Str1+VI1,True,111.45,3352.0,0.0,0.281829679123297,t2-pmed23-r2-R20-theta0.1-bbnc-i-e-l-facility-mixture-lh1090-low0.001to0.01-high0.1to0.5-seed1-coloc-tl3600.out
23|2|20|0.1|5050,23,23-500-50,0.1,$\theta=0.1$,Str1+VI1,True,156.26,8113.0,0.0,0.50583223428256,t2-pmed23-r2-R20-theta0.1-bbnc-i-e-l-facility-mixture-lh5050-low0.001to0.01-high0.1to0.5-seed1-coloc-tl3600.out
23|2|20|0.1|9010,23,23-500-50,0.1,$\theta=0.1$,Str1+VI1,True,2.0,100.0,0.0,0.0897706962123106,t2-pmed23-r2-R20-theta0.1-bbnc-i-e-l-facility-mixture-lh9010-low0.001to0.01-high0.1to0.5-seed1-coloc-tl3600.out
23|2|20|0.2|1090,23,23-500-50,0.2,$\theta=0.2$,Str0+VI0,True,485.54,70885.0,0.0,0.458370063965732,t2-pmed23-r2-R20-theta0.2-bbnc-i-facility-mixture-lh1090-low0.001to0.01-high0.1to0.5-seed1-coloc-tl3600.out
23|2|20|0.2|5050,23,23-500-50,0.2,$\theta=0.2$,Str0+VI0,True,453.04,68388.0,0.0,0.76415792757103,t2-pmed23-r2-R20-theta0.2-bbnc-i-facility-mixture-lh5050-low0.001to0.01-high0.1to0.5-seed1-coloc-tl3600.out
23|2|20|0.2|9010,23,23-500-50,0.2,$\theta=0.2$,Str0+VI0,True,9.2,1132.0,0.0,0.29532618853311,t2-pmed23-r2-R20-theta0.2-bbnc-i-facility-mixture-lh9010-low0.001to0.01-high0.1to0.5-seed1-coloc-tl3600.out
23|2|20|0.2|1090,23,23-500-50,0.2,$\theta=0.2$,Str0+VI1,True,94.34,2577.0,0.0,0.244634386744222,t2-pmed23-r2-R20-theta0.2-bbnc-i-l-facility-mixture-lh1090-low0.001to0.01-high0.1to0.5-seed1-coloc-tl3600.out
23|2|20|0.2|5050,23,23-500-50,0.2,$\theta=0.2$,Str0+VI1,True,99.58,4609.0,0.0,0.423131778046999,t2-pmed23-r2-R20-theta0.2-bbnc-i-l-facility-mixture-lh5050-low0.001to0.01-high0.1to0.5-seed1-coloc-tl3600.out
23|2|20|0.2|9010,23,23-500-50,0.2,$\theta=0.2$,Str0+VI1,True,2.67,148.0,0.0,0.054864000388837,t2-pmed23-r2-R20-theta0.2-bbnc-i-l-facility-mixture-lh9010-low0.001to0.01-high0.1to0.5-seed1-coloc-tl3600.out
23|2|20|0.2|1090,23,23-500-50,0.2,$\theta=0.2$,Str1+VI0,True,312.49,33378.0,0.0,0.395604491779365,t2-pmed23-r2-R20-theta0.2-bbnc-i-e-facility-mixture-lh1090-low0.001to0.01-high0.1to0.5-seed1-coloc-tl3600.out
23|2|20|0.2|5050,23,23-500-50,0.2,$\theta=0.2$,Str1+VI0,True,882.69,136172.0,0.0,0.723697247410001,t2-pmed23-r2-R20-theta0.2-bbnc-i-e-facility-mixture-lh5050-low0.001to0.01-high0.1to0.5-seed1-coloc-tl3600.out
23|2|20|0.2|9010,23,23-500-50,0.2,$\theta=0.2$,Str1+VI0,True,12.58,2979.0,0.0,0.235680816634121,t2-pmed23-r2-R20-theta0.2-bbnc-i-e-facility-mixture-lh9010-low0.001to0.01-high0.1to0.5-seed1-coloc-tl3600.out
23|2|20|0.2|1090,23,23-500-50,0.2,$\theta=0.2$,Str1+VI1,True,92.08,3187.0,0.0,0.225789743955786,t2-pmed23-r2-R20-theta0.2-bbnc-i-e-l-facility-mixture-lh1090-low0.001to0.01-high0.1to0.5-seed1-coloc-tl3600.out
23|2|20|0.2|5050,23,23-500-50,0.2,$\theta=0.2$,Str1+VI1,True,141.24,6717.0,0.0,0.395294196143318,t2-pmed23-r2-R20-theta0.2-bbnc-i-e-l-facility-mixture-lh5050-low0.001to0.01-high0.1to0.5-seed1-coloc-tl3600.out
23|2|20|0.2|9010,23,23-500-50,0.2,$\theta=0.2$,Str1+VI1,True,3.08,216.0,0.0,0.0815157579097416,t2-pmed23-r2-R20-theta0.2-bbnc-i-e-l-facility-mixture-lh9010-low0.001to0.01-high0.1to0.5-seed1-coloc-tl3600.out
24|1|20|0.01|1090,24,24-500-100,0.01,$\theta=0.01$,Str0+VI0,False,3600.0,207106.0,0.417120248423481,1.10209970636066,t2-pmed24-r1-R20-theta0.01-bbnc-i-facility-mixture-lh1090-low0.001to0.01-high0.1to0.5-seed1-coloc-tl3600.out
24|1|20|0.01|5050,24,24-500-100,0.01,$\theta=0.01$,Str0+VI0,False,3600.0,324293.0,0.207788450492484,0.877805069831182,t2-pmed24-r1-R20-theta0.01-bbnc-i-facility-mixture-lh5050-low0.001to0.01-high0.1to0.5-seed1-coloc-tl3600.out
24|1|20|0.01|9010,24,24-500-100,0.01,$\theta=0.01$,Str0+VI0,True,343.64,65788.0,0.0,0.444354651358633,t2-pmed24-r1-R20-theta0.01-bbnc-i-facility-mixture-lh9010-low0.001to0.01-high0.1to0.5-seed1-coloc-tl3600.out
24|1|20|0.01|1090,24,24-500-100,0.01,$\theta=0.01$,Str0+VI1,False,3600.0,161367.0,0.272430422738481,0.677678367545808,t2-pmed24-r1-R20-theta0.01-bbnc-i-l-facility-mixture-lh1090-low0.001to0.01-high0.1to0.5-seed1-coloc-tl3600.out
24|1|20|0.01|5050,24,24-500-100,0.01,$\theta=0.01$,Str0+VI1,False,3600.0,283982.0,0.058247263984669,0.404040606989604,t2-pmed24-r1-R20-theta0.01-bbnc-i-l-facility-mixture-lh5050-low0.001to0.01-high0.1to0.5-seed1-coloc-tl3600.out
24|1|20|0.01|9010,24,24-500-100,0.01,$\theta=0.01$,Str0+VI1,True,46.04,2834.0,0.0,0.279544514250035,t2-pmed24-r1-R20-theta0.01-bbnc-i-l-facility-mixture-lh9010-low0.001to0.01-high0.1to0.5-seed1-coloc-tl3600.out
24|1|20|0.01|1090,24,24-500-100,0.01,$\theta=0.01$,Str1+VI0,False,3600.0,241329.0,0.300247551675131,0.884242497452104,t2-pmed24-r1-R20-theta0.01-bbnc-i-e-facility-mixture-lh1090-low0.001to0.01-high0.1to0.5-seed1-coloc-tl3600.out
24|1|20|0.01|5050,24,24-500-100,0.01,$\theta=0.01$,Str1+VI0,False,3600.0,304353.0,0.111052901615895,0.712307935735879,t2-pmed24-r1-R20-theta0.01-bbnc-i-e-facility-mixture-lh5050-low0.001to0.01-high0.1to0.5-seed1-coloc-tl3600.out
24|1|20|0.01|9010,24,24-500-100,0.01,$\theta=0.01$,Str1+VI0,True,81.51,15043.0,0.0,0.367601529651302,t2-pmed24-r1-R20-theta0.01-bbnc-i-e-facility-mixture-lh9010-low0.001to0.01-high0.1to0.5-seed1-coloc-tl3600.out
24|1|20|0.01|1090,24,24-500-100,0.01,$\theta=0.01$,Str1+VI1,False,3600.0,206423.0,0.216566483879697,0.574382502863426,t2-pmed24-r1-R20-theta0.01-bbnc-i-e-l-facility-mixture-lh1090-low0.001to0.01-high0.1to0.5-seed1-coloc-tl3600.out
24|1|20|0.01|5050,24,24-500-100,0.01,$\theta=0.01$,Str1+VI1,True,896.47,78721.0,0.0,0.348040806077092,t2-pmed24-r1-R20-theta0.01-bbnc-i-e-l-facility-mixture-lh5050-low0.001to0.01-high0.1to0.5-seed1-coloc-tl3600.out
24|1|20|0.01|9010,24,24-500-100,0.01,$\theta=0.01$,Str1+VI1,True,78.9,9550.0,0.0,0.26484369836611,t2-pmed24-r1-R20-theta0.01-bbnc-i-e-l-facility-mixture-lh9010-low0.001to0.01-high0.1to0.5-seed1-coloc-tl3600.out
24|1|20|0.1|1090,24,24-500-100,0.1,$\theta=0.1$,Str0+VI0,False,3600.01,250446.0,0.289965388108909,1.05548138270568,t2-pmed24-r1-R20-theta0.1-bbnc-i-facility-mixture-lh1090-low0.001to0.01-high0.1to0.5-seed1-coloc-tl3600.out
24|1|20|0.1|5050,24,24-500-100,0.1,$\theta=0.1$,Str0+VI0,False,3600.0,371214.0,0.0887624297797564,0.761631757069979,t2-pmed24-r1-R20-theta0.1-bbnc-i-facility-mixture-lh5050-low0.001to0.01-high0.1to0.5-seed1-coloc-tl3600.out
24|1|20|0.1|9010,24,24-500-100,0.1,$\theta=0.1$,Str0+VI0,True,457.34,103514.0,0.0,0.373906423523574,t2-pmed24-r1-R20-theta0.1-bbnc-i-facility-mixture-lh9010-low0.001to0.01-high0.1to0.5-seed1-coloc-tl3600.out
24|1|20|0.1|1090,24,24-500-100,0.1,$\theta=0.1$,Str0+VI1,False,3600.0,228426.0,0.216145470436985,0.591153314760955,t2-pmed24-r1-R20-theta0.1-bbnc-i-l-facility-mixture-lh1090-low0.001to0.01-high0.1to0.5-seed1-coloc-tl3600.out
24|1|20|0.1|5050,24,24-500-100,0.1,$\theta=0.1$,Str0+VI1,True,769.75,105127.0,0.0,0.311278784529078,t2-pmed24-r1-R20-theta0.1-bbnc-i-l-facility-mixture-lh5050-low0.001to0.01-high0.1to0.5-seed1-coloc-tl3600.out
24|1|20|0.1|9010,24,24-500-100,0.1,$\theta=0.1$,Str0+VI1,True,90.3,11322.0,0.0,0.257783320008117,t2-pmed24-r1-R20-theta0.1-bbnc-i-l-facility-mixture-lh9010-low0.001to0.01-high0.1to0.5-seed1-coloc-tl3600.out
24|1|20|0.1|1090,24,24-500-100,0.1,$\theta=0.1$,Str1+VI0,False,3600.0,240335.0,0.239075052239652,0.810915399941397,t2-pmed24-r1-R20-theta0.1-bbnc-i-e-facility-mixture-lh1090-low0.001to0.01-high0.1to0.5-seed1-coloc-tl3600.out
24|1|20|0.1|5050,24,24-500-100,0.1,$\theta=0.1$,Str1+VI0,True,819.34,101044.0,0.0,0.636822114788353,t2-pmed24-r1-R20-theta0.1-bbnc-i-e-facility-mixture-lh5050-low0.001to0.01-high0.1to0.5-seed1-coloc-tl3600.out
24|1|20|0.1|9010,24,24-500-100,0.1,$\theta=0.1$,Str1+VI0,True,72.06,12970.0,0.0,0.323601224679,t2-pmed24-r1-R20-theta0.1-bbnc-i-e-facility-mixture-lh9010-low0.001to0.01-high0.1to0.5-seed1-coloc-tl3600.out
24|1|20|0.1|1090,24,24-500-100,0.1,$\theta=0.1$,Str1+VI1,False,3600.0,116568.0,0.132203017517,0.464465176320291,t2-pmed24-r1-R20-theta0.1-bbnc-i-e-l-facility-mixture-lh1090-low0.001to0.01-high0.1to0.5-seed1-coloc-tl3600.out
24|1|20|0.1|5050,24,24-500-100,0.1,$\theta=0.1$,Str1+VI1,True,662.04,80115.0,0.0,0.268111238597336,t2-pmed24-r1-R20-theta0.1-bbnc-i-e-l-facility-mixture-lh5050-low0.001to0.01-high0.1to0.5-seed1-coloc-tl3600.out
24|1|20|0.1|9010,24,24-500-100,0.1,$\theta=0.1$,Str1+VI1,True,85.12,10496.0,0.0,0.223753594825831,t2-pmed24-r1-R20-theta0.1-bbnc-i-e-l-facility-mixture-lh9010-low0.001to0.01-high0.1to0.5-seed1-coloc-tl3600.out
24|1|20|0.2|1090,24,24-500-100,0.2,$\theta=0.2$,Str0+VI0,False,3600.01,264603.0,0.217145820081801,0.900340191819247,t2-pmed24-r1-R20-theta0.2-bbnc-i-facility-mixture-lh1090-low0.001to0.01-high0.1to0.5-seed1-coloc-tl3600.out
24|1|20|0.2|5050,24,24-500-100,0.2,$\theta=0.2$,Str0+VI0,True,2991.96,464512.0,0.0,0.630276508505969,t2-pmed24-r1-R20-theta0.2-bbnc-i-facility-mixture-lh5050-low0.001to0.01-high0.1to0.5-seed1-coloc-tl3600.out
24|1|20|0.2|9010,24,24-500-100,0.2,$\theta=0.2$,Str0+VI0,True,111.95,19689.0,0.0,0.442663026167409,t2-pmed24-r1-R20-theta0.2-bbnc-i-facility-mixture-lh9010-low0.001to0.01-high0.1to0.5-seed1-coloc-tl3600.out
24|1|20|0.2|1090,24,24-500-100,0.2,$\theta=0.2$,Str0+VI1,False,3600.0,213211.0,0.098672759482973,0.412188353356797,t2-pmed24-r1-R20-theta0.2-bbnc-i-l-facility-mixture-lh1090-low0.001to0.01-high0.1to0.5-seed1-coloc-tl3600.out
24|1|20|0.2|5050,24,24-500-100,0.2,$\theta=0.2$,Str0+VI1,True,151.28,12497.0,0.0,0.248388421397307,t2-pmed24-r1-R20-theta0.2-bbnc-i-l-facility-mixture-lh5050-low0.001to0.01-high0.1to0.5-seed1-coloc-tl3600.out
24|1|20|0.2|9010,24,24-500-100,0.2,$\theta=0.2$,Str0+VI1,True,61.31,8021.0,0.0,0.169807077147016,t2-pmed24-r1-R20-theta0.2-bbnc-i-l-facility-mixture-lh9010-low0.001to0.01-high0.1to0.5-seed1-coloc-tl3600.out
24|1|20|0.2|1090,24,24-500-100,0.2,$\theta=0.2$,Str1+VI0,False,3600.01,240203.0,0.108224892937336,0.665482324937246,t2-pmed24-r1-R20-theta0.2-bbnc-i-e-facility-mixture-lh1090-low0.001to0.01-high0.1to0.5-seed1-coloc-tl3600.out
24|1|20|0.2|5050,24,24-500-100,0.2,$\theta=0.2$,Str1+VI0,True,1763.98,260937.0,0.0,0.543963565493033,t2-pmed24-r1-R20-theta0.2-bbnc-i-e-facility-mixture-lh5050-low0.001to0.01-high0.1to0.5-seed1-coloc-tl3600.out
24|1|20|0.2|9010,24,24-500-100,0.2,$\theta=0.2$,Str1+VI0,True,159.32,34837.0,0.0,0.375508613364737,t2-pmed24-r1-R20-theta0.2-bbnc-i-e-facility-mixture-lh9010-low0.001to0.01-high0.1to0.5-seed1-coloc-tl3600.out
24|1|20|0.2|1090,24,24-500-100,0.2,$\theta=0.2$,Str1+VI1,False,3600.0,147213.0,0.00422115814401786,0.301128500281631,t2-pmed24-r1-R20-theta0.2-bbnc-i-e-l-facility-mixture-lh1090-low0.001to0.01-high0.1to0.5-seed1-coloc-tl3600.out
24|1|20|0.2|5050,24,24-500-100,0.2,$\theta=0.2$,Str1+VI1,True,230.65,17320.0,0.0,0.234727644228454,t2-pmed24-r1-R20-theta0.2-bbnc-i-e-l-facility-mixture-lh5050-low0.001to0.01-high0.1to0.5-seed1-coloc-tl3600.out
24|1|20|0.2|9010,24,24-500-100,0.2,$\theta=0.2$,Str1+VI1,True,105.08,16420.0,0.0,0.168373422257435,t2-pmed24-r1-R20-theta0.2-bbnc-i-e-l-facility-mixture-lh9010-low0.001to0.01-high0.1to0.5-seed1-coloc-tl3600.out
24|2|20|0.01|1090,24,24-500-100,0.01,$\theta=0.01$,Str0+VI0,False,3600.0,232919.0,0.469000060245021,1.24655257999967,t2-pmed24-r2-R20-theta0.01-bbnc-i-facility-mixture-lh1090-low0.001to0.01-high0.1to0.5-seed1-coloc-tl3600.out
24|2|20|0.01|5050,24,24-500-100,0.01,$\theta=0.01$,Str0+VI0,False,3600.0,288062.0,0.239407791705613,0.91615860176233,t2-pmed24-r2-R20-theta0.01-bbnc-i-facility-mixture-lh5050-low0.001to0.01-high0.1to0.5-seed1-coloc-tl3600.out
24|2|20|0.01|9010,24,24-500-100,0.01,$\theta=0.01$,Str0+VI0,True,653.67,101758.0,0.0,0.592678978523872,t2-pmed24-r2-R20-theta0.01-bbnc-i-facility-mixture-lh9010-low0.001to0.01-high0.1to0.5-seed1-coloc-tl3600.out
24|2|20|0.01|1090,24,24-500-100,0.01,$\theta=0.01$,Str0+VI1,False,3600.0,216819.0,0.276129874237865,0.658943470302614,t2-pmed24-r2-R20-theta0.01-bbnc-i-l-facility-mixture-lh1090-low0.001to0.01-high0.1to0.5-seed1-coloc-tl3600.out
24|2|20|0.01|5050,24,24-500-100,0.01,$\theta=0.01$,Str0+VI1,True,2259.83,212180.0,0.0,0.476271147394577,t2-pmed24-r2-R20-theta0.01-bbnc-i-l-facility-mixture-lh5050-low0.001to0.01-high0.1to0.5-seed1-coloc-tl3600.out
24|2|20|0.01|9010,24,24-500-100,0.01,$\theta=0.01$,Str0+VI1,True,133.02,15470.0,0.0,0.359628556466289,t2-pmed24-r2-R20-theta0.01-bbnc-i-l-facility-mixture-lh9010-low0.001to0.01-high0.1to0.5-seed1-coloc-tl3600.out
24|2|20|0.01|1090,24,24-500-100,0.01,$\theta=0.01$,Str1+VI0,False,3600.0,215030.0,0.271797111687762,0.918255597156254,t2-pmed24-r2-R20-theta0.01-bbnc-i-e-facility-mixture-lh1090-low0.001to0.01-high0.1to0.5-seed1-coloc-tl3600.out
24|2|20|0.01|5050,24,24-500-100,0.01,$\theta=0.01$,Str1+VI0,False,3600.0,301547.0,0.108057741223578,0.716874188273195,t2-pmed24-r2-R20-theta0.01-bbnc-i-e-facility-mixture-lh5050-low0.001to0.01-high0.1to0.5-seed1-coloc-tl3600.out
24|2|20|0.01|9010,24,24-500-100,0.01,$\theta=0.01$,Str1+VI0,True,341.11,60740.0,0.0,0.556623278626873,t2-pmed24-r2-R20-theta0.01-bbnc-i-e-facility-mixture-lh9010-low0.001to0.01-high0.1to0.5-seed1-coloc-tl3600.out
24|2|20|0.01|1090,24,24-500-100,0.01,$\theta=0.01$,Str1+VI1,False,3600.0,229519.0,0.224008259698154,0.568960672381899,t2-pmed24-r2-R20-theta0.01-bbnc-i-e-l-facility-mixture-lh1090-low0.001to0.01-high0.1to0.5-seed1-coloc-tl3600.out
24|2|20|0.01|5050,24,24-500-100,0.01,$\theta=0.01$,Str1+VI1,True,1116.09,91731.0,0.0,0.415170477484408,t2-pmed24-r2-R20-theta0.01-bbnc-i-e-l-facility-mixture-lh5050-low0.001to0.01-high0.1to0.5-seed1-coloc-tl3600.out
24|2|20|0.01|9010,24,24-500-100,0.01,$\theta=0.01$,Str1+VI1,True,74.19,6369.0,0.0,0.321654945839326,t2-pmed24-r2-R20-theta0.01-bbnc-i-e-l-facility-mixture-lh9010-low0.001to0.01-high0.1to0.5-seed1-coloc-tl3600.out
24|2|20|0.1|1090,24,24-500-100,0.1,$\theta=0.1$,Str0+VI0,False,3600.0,205040.0,0.320829484362278,1.12035473095509,t2-pmed24-r2-R20-theta0.1-bbnc-i-facility-mixture-lh1090-low0.001to0.01-high0.1to0.5-seed1-coloc-tl3600.out
24|2|20|0.1|5050,24,24-500-100,0.1,$\theta=0.1$,Str0+VI0,False,3600.0,405719.0,0.0799070766218805,0.792852748477037,t2-pmed24-r2-R20-theta0.1-bbnc-i-facility-mixture-lh5050-low0.001to0.01-high0.1to0.5-seed1-coloc-tl3600.out
24|2|20|0.1|9010,24,24-500-100,0.1,$\theta=0.1$,Str0+VI0,True,2861.78,528284.0,0.0,0.683567373336738,t2-pmed24-r2-R20-theta0.1-bbnc-i-facility-mixture-lh9010-low0.001to0.01-high0.1to0.5-seed1-coloc-tl3600.out
24|2|20|0.1|1090,24,24-500-100,0.1,$\theta=0.1$,Str0+VI1,False,3600.0,228676.0,0.235679433756048,0.602138907928378,t2-pmed24-r2-R20-theta0.1-bbnc-i-l-facility-mixture-lh1090-low0.001to0.01-high0.1to0.5-seed1-coloc-tl3600.out
24|2|20|0.1|5050,24,24-500-100,0.1,$\theta=0.1$,Str0+VI1,True,1001.77,132778.0,0.0,0.311387130827197,t2-pmed24-r2-R20-theta0.1-bbnc-i-l-facility-mixture-lh5050-low0.001to0.01-high0.1to0.5-seed1-coloc-tl3600.out
24|2|20|0.1|9010,24,24-500-100,0.1,$\theta=0.1$,Str0+VI1,True,491.13,85057.0,0.0,0.396958458027719,t2-pmed24-r2-R20-theta0.1-bbnc-i-l-facility-mixture-lh9010-low0.001to0.01-high0.1to0.5-seed1-coloc-tl3600.out
24|2|20|0.1|1090,24,24-500-100,0.1,$\theta=0.1$,Str1+VI0,False,3600.0,262422.0,0.232994117792992,0.88272223696266,t2-pmed24-r2-R20-theta0.1-bbnc-i-e-facility-mixture-lh1090-low0.001to0.01-high0.1to0.5-seed1-coloc-tl3600.out
24|2|20|0.1|5050,24,24-500-100,0.1,$\theta=0.1$,Str1+VI0,False,3600.0,407632.0,0.0231523942063156,0.612524433161198,t2-pmed24-r2-R20-theta0.1-bbnc-i-e-facility-mixture-lh5050-low0.001to0.01-high0.1to0.5-seed1-coloc-tl3600.out
24|2|20|0.1|9010,24,24-500-100,0.1,$\theta=0.1$,Str1+VI0,True,678.95,111635.0,0.0,0.590186281510705,t2-pmed24-r2-R20-theta0.1-bbnc-i-e-facility-mixture-lh9010-low0.001to0.01-high0.1to0.5-seed1-coloc-tl3600.out
24|2|20|0.1|1090,24,24-500-100,0.1,$\theta=0.1$,Str1+VI1,False,3600.0,224646.0,0.243596881199382,0.53256949937879,t2-pmed24-r2-R20-theta0.1-bbnc-i-e-l-facility-mixture-lh1090-low0.001to0.01-high0.1to0.5-seed1-coloc-tl3600.out
24|2|20|0.1|5050,24,24-500-100,0.1,$\theta=0.1$,Str1+VI1,True,191.9,13048.0,0.0,0.279885201151607,t2-pmed24-r2-R20-theta0.1-bbnc-i-e-l-facility-mixture-lh5050-low0.001to0.01-high0.1to0.5-seed1-coloc-tl3600.out
24|2|20|0.1|9010,24,24-500-100,0.1,$\theta=0.1$,Str1+VI1,True,839.84,156405.0,0.0,0.332592148822371,t2-pmed24-r2-R20-theta0.1-bbnc-i-e-l-facility-mixture-lh9010-low0.001to0.01-high0.1to0.5-seed1-coloc-tl3600.out
24|2|20|0.2|1090,24,24-500-100,0.2,$\theta=0.2$,Str0+VI0,False,3600.02,278797.0,0.319030570482402,1.19803440168344,t2-pmed24-r2-R20-theta0.2-bbnc-i-facility-mixture-lh1090-low0.001to0.01-high0.1to0.5-seed1-coloc-tl3600.out
24|2|20|0.2|5050,24,24-500-100,0.2,$\theta=0.2$,Str0+VI0,True,464.62,71627.0,0.0,0.626871322371062,t2-pmed24-r2-R20-theta0.2-bbnc-i-facility-mixture-lh5050-low0.001to0.01-high0.1to0.5-seed1-coloc-tl3600.out
24|2|20|0.2|9010,24,24-500-100,0.2,$\theta=0.2$,Str0+VI0,True,436.29,87943.0,0.0,0.701248087151666,t2-pmed24-r2-R20-theta0.2-bbnc-i-facility-mixture-lh9010-low0.001to0.01-high0.1to0.5-seed1-coloc-tl3600.out
24|2|20|0.2|1090,24,24-500-100,0.2,$\theta=0.2$,Str0+VI1,False,3600.01,199650.0,0.151730809423424,0.464775124729264,t2-pmed24-r2-R20-theta0.2-bbnc-i-l-facility-mixture-lh1090-low0.001to0.01-high0.1to0.5-seed1-coloc-tl3600.out
24|2|20|0.2|5050,24,24-500-100,0.2,$\theta=0.2$,Str0+VI1,True,251.9,27463.0,0.0,0.239660006893593,t2-pmed24-r2-R20-theta0.2-bbnc-i-l-facility-mixture-lh5050-low0.001to0.01-high0.1to0.5-seed1-coloc-tl3600.out
24|2|20|0.2|9010,24,24-500-100,0.2,$\theta=0.2$,Str0+VI1,True,37.46,2546.0,0.0,0.288626557577898,t2-pmed24-r2-R20-theta0.2-bbnc-i-l-facility-mixture-lh9010-low0.001to0.01-high0.1to0.5-seed1-coloc-tl3600.out
24|2|20|0.2|1090,24,24-500-100,0.2,$\theta=0.2$,Str1+VI0,False,3600.0,250122.0,0.137790820858663,0.814264915252642,t2-pmed24-r2-R20-theta0.2-bbnc-i-e-facility-mixture-lh1090-low0.001to0.01-high0.1to0.5-seed1-coloc-tl3600.out
24|2|20|0.2|5050,24,24-500-100,0.2,$\theta=0.2$,Str1+VI0,True,709.8,97933.0,0.0,0.52609422245948,t2-pmed24-r2-R20-theta0.2-bbnc-i-e-facility-mixture-lh5050-low0.001to0.01-high0.1to0.5-seed1-coloc-tl3600.out
24|2|20|0.2|9010,24,24-500-100,0.2,$\theta=0.2$,Str1+VI0,True,190.95,32400.0,0.0,0.646402863158017,t2-pmed24-r2-R20-theta0.2-bbnc-i-e-facility-mixture-lh9010-low0.001to0.01-high0.1to0.5-seed1-coloc-tl3600.out
24|2|20|0.2|1090,24,24-500-100,0.2,$\theta=0.2$,Str1+VI1,True,3170.14,127567.0,0.0,0.326732654183919,t2-pmed24-r2-R20-theta0.2-bbnc-i-e-l-facility-mixture-lh1090-low0.001to0.01-high0.1to0.5-seed1-coloc-tl3600.out
24|2|20|0.2|5050,24,24-500-100,0.2,$\theta=0.2$,Str1+VI1,True,80.41,4037.0,0.0,0.208308695136364,t2-pmed24-r2-R20-theta0.2-bbnc-i-e-l-facility-mixture-lh5050-low0.001to0.01-high0.1to0.5-seed1-coloc-tl3600.out
24|2|20|0.2|9010,24,24-500-100,0.2,$\theta=0.2$,Str1+VI1,True,114.81,15074.0,0.0,0.325380953979517,t2-pmed24-r2-R20-theta0.2-bbnc-i-e-l-facility-mixture-lh9010-low0.001to0.01-high0.1to0.5-seed1-coloc-tl3600.out
25|1|20|0.01|1090,25,25-500-167,0.01,$\theta=0.01$,Str0+VI0,False,3600.0,130655.0,1.0706881976223,2.20573341017807,t2-pmed25-r1-R20-theta0.01-bbnc-i-facility-mixture-lh1090-low0.001to0.01-high0.1to0.5-seed1-coloc-tl3600.out
25|1|20|0.01|5050,25,25-500-167,0.01,$\theta=0.01$,Str0+VI0,False,3600.01,180375.0,0.748575321588991,1.85399201734434,t2-pmed25-r1-R20-theta0.01-bbnc-i-facility-mixture-lh5050-low0.001to0.01-high0.1to0.5-seed1-coloc-tl3600.out
25|1|20|0.01|9010,25,25-500-167,0.01,$\theta=0.01$,Str0+VI0,True,177.5,32599.0,0.0,0.527517602601886,t2-pmed25-r1-R20-theta0.01-bbnc-i-facility-mixture-lh9010-low0.001to0.01-high0.1to0.5-seed1-coloc-tl3600.out
25|1|20|0.01|1090,25,25-500-167,0.01,$\theta=0.01$,Str0+VI1,False,3600.0,57103.0,0.750466224509156,1.22968423862894,t2-pmed25-r1-R20-theta0.01-bbnc-i-l-facility-mixture-lh1090-low0.001to0.01-high0.1to0.5-seed1-coloc-tl3600.out
25|1|20|0.01|5050,25,25-500-167,0.01,$\theta=0.01$,Str0+VI1,False,3600.01,128931.0,0.386571470228022,0.822117226025503,t2-pmed25-r1-R20-theta0.01-bbnc-i-l-facility-mixture-lh5050-low0.001to0.01-high0.1to0.5-seed1-coloc-tl3600.out
25|1|20|0.01|9010,25,25-500-167,0.01,$\theta=0.01$,Str0+VI1,True,26.93,1171.0,0.0,0.160771514929572,t2-pmed25-r1-R20-theta0.01-bbnc-i-l-facility-mixture-lh9010-low0.001to0.01-high0.1to0.5-seed1-coloc-tl3600.out
25|1|20|0.01|1090,25,25-500-167,0.01,$\theta=0.01$,Str1+VI0,False,3600.0,193981.0,0.287246881998043,1.24871939522583,t2-pmed25-r1-R20-theta0.01-bbnc-i-e-facility-mixture-lh1090-low0.001to0.01-high0.1to0.5-seed1-coloc-tl3600.out
25|1|20|0.01|5050,25,25-500-167,0.01,$\theta=0.01$,Str1+VI0,False,3600.0,224422.0,0.274689955013968,1.26313373463139,t2-pmed25-r1-R20-theta0.01-bbnc-i-e-facility-mixture-lh5050-low0.001to0.01-high0.1to0.5-seed1-coloc-tl3600.out
25|1|20|0.01|9010,25,25-500-167,0.01,$\theta=0.01$,Str1+VI0,True,27.17,3197.0,0.0,0.507758396585118,t2-pmed25-r1-R20-theta0.01-bbnc-i-e-facility-mixture-lh9010-low0.001to0.01-high0.1to0.5-seed1-coloc-tl3600.out
25|1|20|0.01|1090,25,25-500-167,0.01,$\theta=0.01$,Str1+VI1,False,3600.01,142633.0,0.446953638275262,0.774997501004378,t2-pmed25-r1-R20-theta0.01-bbnc-i-e-l-facility-mixture-lh1090-low0.001to0.01-high0.1to0.5-seed1-coloc-tl3600.out
25|1|20|0.01|5050,25,25-500-167,0.01,$\theta=0.01$,Str1+VI1,False,3600.0,214763.0,0.252618754479669,0.565409533139269,t2-pmed25-r1-R20-theta0.01-bbnc-i-e-l-facility-mixture-lh5050-low0.001to0.01-high0.1to0.5-seed1-coloc-tl3600.out
25|1|20|0.01|9010,25,25-500-167,0.01,$\theta=0.01$,Str1+VI1,True,31.46,1792.0,0.0,0.121678591756039,t2-pmed25-r1-R20-theta0.01-bbnc-i-e-l-facility-mixture-lh9010-low0.001to0.01-high0.1to0.5-seed1-coloc-tl3600.out
25|1|20|0.1|1090,25,25-500-167,0.1,$\theta=0.1$,Str0+VI0,False,3600.01,142053.0,0.927195240455351,2.26456630170388,t2-pmed25-r1-R20-theta0.1-bbnc-i-facility-mixture-lh1090-low0.001to0.01-high0.1to0.5-seed1-coloc-tl3600.out
25|1|20|0.1|5050,25,25-500-167,0.1,$\theta=0.1$,Str0+VI0,False,3600.01,181742.0,0.63574922335619,1.89334180114816,t2-pmed25-r1-R20-theta0.1-bbnc-i-facility-mixture-lh5050-low0.001to0.01-high0.1to0.5-seed1-coloc-tl3600.out
25|1|20|0.1|9010,25,25-500-167,0.1,$\theta=0.1$,Str0+VI0,True,48.02,7522.0,0.0,0.493496596743972,t2-pmed25-r1-R20-theta0.1-bbnc-i-facility-mixture-lh9010-low0.001to0.01-high0.1to0.5-seed1-coloc-tl3600.out
25|1|20|0.1|1090,25,25-500-167,0.1,$\theta=0.1$,Str0+VI1,False,3600.0,115775.0,0.435222962963588,0.894000992706596,t2-pmed25-r1-R20-theta0.1-bbnc-i-l-facility-mixture-lh1090-low0.001to0.01-high0.1to0.5-seed1-coloc-tl3600.out
25|1|20|0.1|5050,25,25-500-167,0.1,$\theta=0.1$,Str0+VI1,False,3600.01,240473.0,0.209114205584199,0.595617977900979,t2-pmed25-r1-R20-theta0.1-bbnc-i-l-facility-mixture-lh5050-low0.001to0.01-high0.1to0.5-seed1-coloc-tl3600.out
25|1|20|0.1|9010,25,25-500-167,0.1,$\theta=0.1$,Str0+VI1,True,33.15,2248.0,0.0,0.107839266938228,t2-pmed25-r1-R20-theta0.1-bbnc-i-l-facility-mixture-lh9010-low0.001to0.01-high0.1to0.5-seed1-coloc-tl3600.out
25|1|20|0.1|1090,25,25-500-167,0.1,$\theta=0.1$,Str1+VI0,False,3600.01,142209.0,0.339774417748224,1.38263120257308,t2-pmed25-r1-R20-theta0.1-bbnc-i-e-facility-mixture-lh1090-low0.001to0.01-high0.1to0.5-seed1-coloc-tl3600.out
25|1|20|0.1|5050,25,25-500-167,0.1,$\theta=0.1$,Str1+VI0,False,3600.0,178782.0,0.197100760203727,1.23654545659131,t2-pmed25-r1-R20-theta0.1-bbnc-i-e-facility-mixture-lh5050-low0.001to0.01-high0.1to0.5-seed1-coloc-tl3600.out
25|1|20|0.1|9010,25,25-500-167,0.1,$\theta=0.1$,Str1+VI0,True,59.25,8385.0,0.0,0.451692072020043,t2-pmed25-r1-R20-theta0.1-bbnc-i-e-facility-mixture-lh9010-low0.001to0.01-high0.1to0.5-seed1-coloc-tl3600.out
25|1|20|0.1|1090,25,25-500-167,0.1,$\theta=0.1$,Str1+VI1,False,3600.0,162545.0,0.259518224407589,0.575774307390144,t2-pmed25-r1-R20-theta0.1-bbnc-i-e-l-facility-mixture-lh1090-low0.001to0.01-high0.1to0.5-seed1-coloc-tl3600.out
25|1|20|0.1|5050,25,25-500-167,0.1,$\theta=0.1$,Str1+VI1,False,3600.0,123144.0,0.115685588916105,0.452063496417394,t2-pmed25-r1-R20-theta0.1-bbnc-i-e-l-facility-mixture-lh5050-low0.001to0.01-high0.1to0.5-seed1-coloc-tl3600.out
25|1|20|0.1|9010,25,25-500-167,0.1,$\theta=0.1$,Str1+VI1,True,66.59,10177.0,0.0,0.110593326498971,t2-pmed25-r1-R20-theta0.1-bbnc-i-e-l-facility-mixture-lh9010-low0.001to0.01-high0.1to0.5-seed1-coloc-tl3600.out
25|1|20|0.2|1090,25,25-500-167,0.2,$\theta=0.2$,Str0+VI0,False,3600.0,148157.0,0.66513104352045,1.97898708858946,t2-pmed25-r1-R20-theta0.2-bbnc-i-facility-mixture-lh1090-low0.001to0.01-high0.1to0.5-seed1-coloc-tl3600.out
25|1|20|0.2|5050,25,25-500-167,0.2,$\theta=0.2$,Str0+VI0,False,3600.01,182898.0,0.529294871764964,1.89444222971324,t2-pmed25-r1-R20-theta0.2-bbnc-i-facility-mixture-lh5050-low0.001to0.01-high0.1to0.5-seed1-coloc-tl3600.out
25|1|20|0.2|9010,25,25-500-167,0.2,$\theta=0.2$,Str0+VI0,True,22.28,2078.0,0.0,0.534862315446084,t2-pmed25-r1-R20-theta0.2-bbnc-i-facility-mixture-lh9010-low0.001to0.01-high0.1to0.5-seed1-coloc-tl3600.out
25|1|20|0.2|1090,25,25-500-167,0.2,$\theta=0.2$,Str0+VI1,False,3600.01,140257.0,0.359837485477502,0.672513997442659,t2-pmed25-r1-R20-theta0.2-bbnc-i-l-facility-mixture-lh1090-low0.001to0.01-high0.1to0.5-seed1-coloc-tl3600.out
25|1|20|0.2|5050,25,25-500-167,0.2,$\theta=0.2$,Str0+VI1,False,3600.01,200234.0,0.145996957101782,0.515066923286269,t2-pmed25-r1-R20-theta0.2-bbnc-i-l-facility-mixture-lh5050-low0.001to0.01-high0.1to0.5-seed1-coloc-tl3600.out
25|1|20|0.2|9010,25,25-500-167,0.2,$\theta=0.2$,Str0+VI1,True,31.4,1721.0,0.0,0.175031857824119,t2-pmed25-r1-R20-theta0.2-bbnc-i-l-facility-mixture-lh9010-low0.001to0.01-high0.1to0.5-seed1-coloc-tl3600.out
25|1|20|0.2|1090,25,25-500-167,0.2,$\theta=0.2$,Str1+VI0,False,3600.01,137015.0,0.258622729502907,1.27602489625729,t2-pmed25-r1-R20-theta0.2-bbnc-i-e-facility-mixture-lh1090-low0.001to0.01-high0.1to0.5-seed1-coloc-tl3600.out
25|1|20|0.2|5050,25,25-500-167,0.2,$\theta=0.2$,Str1+VI0,False,3600.0,199494.0,0.223798284073428,1.34810332383339,t2-pmed25-r1-R20-theta0.2-bbnc-i-e-facility-mixture-lh5050-low0.001to0.01-high0.1to0.5-seed1-coloc-tl3600.out
25|1|20|0.2|9010,25,25-500-167,0.2,$\theta=0.2$,Str1+VI0,True,51.41,6363.0,0.0,0.507772334435291,t2-pmed25-r1-R20-theta0.2-bbnc-i-e-facility-mixture-lh9010-low0.001to0.01-high0.1to0.5-seed1-coloc-tl3600.out
25|1|20|0.2|1090,25,25-500-167,0.2,$\theta=0.2$,Str1+VI1,False,3600.0,105743.0,0.287204192589872,0.512209075759629,t2-pmed25-r1-R20-theta0.2-bbnc-i-e-l-facility-mixture-lh1090-low0.001to0.01-high0.1to0.5-seed1-coloc-tl3600.out
25|1|20|0.2|5050,25,25-500-167,0.2,$\theta=0.2$,Str1+VI1,False,3600.0,206770.0,0.0815518442708665,0.370417456778042,t2-pmed25-r1-R20-theta0.2-bbnc-i-e-l-facility-mixture-lh5050-low0.001to0.01-high0.1to0.5-seed1-coloc-tl3600.out
25|1|20|0.2|9010,25,25-500-167,0.2,$\theta=0.2$,Str1+VI1,True,33.61,2093.0,0.0,0.117318370621796,t2-pmed25-r1-R20-theta0.2-bbnc-i-e-l-facility-mixture-lh9010-low0.001to0.01-high0.1to0.5-seed1-coloc-tl3600.out
25|2|20|0.01|1090,25,25-500-167,0.01,$\theta=0.01$,Str0+VI0,False,3600.0,131559.0,0.979149415221272,2.15222563910388,t2-pmed25-r2-R20-theta0.01-bbnc-i-facility-mixture-lh1090-low0.001to0.01-high0.1to0.5-seed1-coloc-tl3600.out
25|2|20|0.01|5050,25,25-500-167,0.01,$\theta=0.01$,Str0+VI0,False,3600.0,157104.0,0.987868339231042,2.12041127386959,t2-pmed25-r2-R20-theta0.01-bbnc-i-facility-mixture-lh5050-low0.001to0.01-high0.1to0.5-seed1-coloc-tl3600.out
25|2|20|0.01|9010,25,25-500-167,0.01,$\theta=0.01$,Str0+VI0,True,784.75,151218.0,0.0,0.773924431740884,t2-pmed25-r2-R20-theta0.01-bbnc-i-facility-mixture-lh9010-low0.001to0.01-high0.1to0.5-seed1-coloc-tl3600.out
25|2|20|0.01|1090,25,25-500-167,0.01,$\theta=0.01$,Str0+VI1,False,3600.01,80801.0,1.019620691013,1.46831183119375,t2-pmed25-r2-R20-theta0.01-bbnc-i-l-facility-mixture-lh1090-low0.001to0.01-high0.1to0.5-seed1-coloc-tl3600.out
25|2|20|0.01|5050,25,25-500-167,0.01,$\theta=0.01$,Str0+VI1,False,3600.0,184727.0,0.809975687642855,1.26060332818498,t2-pmed25-r2-R20-theta0.01-bbnc-i-l-facility-mixture-lh5050-low0.001to0.01-high0.1to0.5-seed1-coloc-tl3600.out
25|2|20|0.01|9010,25,25-500-167,0.01,$\theta=0.01$,Str0+VI1,True,45.08,3136.0,0.0,0.286009669403239,t2-pmed25-r2-R20-theta0.01-bbnc-i-l-facility-mixture-lh9010-low0.001to0.01-high0.1to0.5-seed1-coloc-tl3600.out
25|2|20|0.01|1090,25,25-500-167,0.01,$\theta=0.01$,Str1+VI0,False,3600.01,130824.0,0.34530691052653,1.2528503587985,t2-pmed25-r2-R20-theta0.01-bbnc-i-e-facility-mixture-lh1090-low0.001to0.01-high0.1to0.5-seed1-coloc-tl3600.out
25|2|20|0.01|5050,25,25-500-167,0.01,$\theta=0.01$,Str1+VI0,False,3600.0,195951.0,0.381198085618429,1.36266761403653,t2-pmed25-r2-R20-theta0.01-bbnc-i-e-facility-mixture-lh5050-low0.001to0.01-high0.1to0.5-seed1-coloc-tl3600.out
25|2|20|0.01|9010,25,25-500-167,0.01,$\theta=0.01$,Str1+VI0,True,55.95,9486.0,0.0,0.675175701704969,t2-pmed25-r2-R20-theta0.01-bbnc-i-e-facility-mixture-lh9010-low0.001to0.01-high0.1to0.5-seed1-coloc-tl3600.out
25|2|20|0.01|1090,25,25-500-167,0.01,$\theta=0.01$,Str1+VI1,False,3600.0,191088.0,0.32817128103386,0.640379470885494,t2-pmed25-r2-R20-theta0.01-bbnc-i-e-l-facility-mixture-lh1090-low0.001to0.01-high0.1to0.5-seed1-coloc-tl3600.out
25|2|20|0.01|5050,25,25-500-167,0.01,$\theta=0.01$,Str1+VI1,False,3600.01,144203.0,0.260801897173124,0.651294770787705,t2-pmed25-r2-R20-theta0.01-bbnc-i-e-l-facility-mixture-lh5050-low0.001to0.01-high0.1to0.5-seed1-coloc-tl3600.out
25|2|20|0.01|9010,25,25-500-167,0.01,$\theta=0.01$,Str1+VI1,True,64.16,8376.0,0.0,0.202399800805791,t2-pmed25-r2-R20-theta0.01-bbnc-i-e-l-facility-mixture-lh9010-low0.001to0.01-high0.1to0.5-seed1-coloc-tl3600.out
25|2|20|0.1|1090,25,25-500-167,0.1,$\theta=0.1$,Str0+VI0,False,3600.01,118239.0,0.911740692001358,2.16854570880381,t2-pmed25-r2-R20-theta0.1-bbnc-i-facility-mixture-lh1090-low0.001to0.01-high0.1to0.5-seed1-coloc-tl3600.out
25|2|20|0.1|5050,25,25-500-167,0.1,$\theta=0.1$,Str0+VI0,False,3600.01,157825.0,0.767190752172285,2.02210161644421,t2-pmed25-r2-R20-theta0.1-bbnc-i-facility-mixture-lh5050-low0.001to0.01-high0.1to0.5-seed1-coloc-tl3600.out
25|2|20|0.1|9010,25,25-500-167,0.1,$\theta=0.1$,Str0+VI0,True,267.84,46292.0,0.0,0.668690156742202,t2-pmed25-r2-R20-theta0.1-bbnc-i-facility-mixture-lh9010-low0.001to0.01-high0.1to0.5-seed1-coloc-tl3600.out
25|2|20|0.1|1090,25,25-500-167,0.1,$\theta=0.1$,Str0+VI1,False,3600.0,117604.0,0.713730997488988,1.11727127427182,t2-pmed25-r2-R20-theta0.1-bbnc-i-l-facility-mixture-lh1090-low0.001to0.01-high0.1to0.5-seed1-coloc-tl3600.out
25|2|20|0.1|5050,25,25-500-167,0.1,$\theta=0.1$,Str0+VI1,False,3600.0,209411.0,0.592825047686509,0.980746707430556,t2-pmed25-r2-R20-theta0.1-bbnc-i-l-facility-mixture-lh5050-low0.001to0.01-high0.1to0.5-seed1-coloc-tl3600.out
25|2|20|0.1|9010,25,25-500-167,0.1,$\theta=0.1$,Str0+VI1,True,44.06,3013.0,0.0,0.308360626713943,t2-pmed25-r2-R20-theta0.1-bbnc-i-l-facility-mixture-lh9010-low0.001to0.01-high0.1to0.5-seed1-coloc-tl3600.out
25|2|20|0.1|1090,25,25-500-167,0.1,$\theta=0.1$,Str1+VI0,False,3600.0,139490.0,0.388460037475429,1.48786909751494,t2-pmed25-r2-R20-theta0.1-bbnc-i-e-facility-mixture-lh1090-low0.001to0.01-high0.1to0.5-seed1-coloc-tl3600.out
25|2|20|0.1|5050,25,25-500-167,0.1,$\theta=0.1$,Str1+VI0,False,3600.0,159315.0,0.36655031251881,1.48107336957451,t2-pmed25-r2-R20-theta0.1-bbnc-i-e-facility-mixture-lh5050-low0.001to0.01-high0.1to0.5-seed1-coloc-tl3600.out
25|2|20|0.1|9010,25,25-500-167,0.1,$\theta=0.1$,Str1+VI0,True,134.34,20637.0,0.0,0.661073537194595,t2-pmed25-r2-R20-theta0.1-bbnc-i-e-facility-mixture-lh9010-low0.001to0.01-high0.1to0.5-seed1-coloc-tl3600.out
25|2|20|0.1|1090,25,25-500-167,0.1,$\theta=0.1$,Str1+VI1,False,3600.0,105844.0,0.308879309863573,0.625320806104173,t2-pmed25-r2-R20-theta0.1-bbnc-i-e-l-facility-mixture-lh1090-low0.001to0.01-high0.1to0.5-seed1-coloc-tl3600.out
25|2|20|0.1|5050,25,25-500-167,0.1,$\theta=0.1$,Str1+VI1,False,3600.0,233980.0,0.201952080853572,0.550933698413828,t2-pmed25-r2-R20-theta0.1-bbnc-i-e-l-facility-mixture-lh5050-low0.001to0.01-high0.1to0.5-seed1-coloc-tl3600.out
25|2|20|0.1|9010,25,25-500-167,0.1,$\theta=0.1$,Str1+VI1,True,37.03,2023.0,0.0,0.227822409297296,t2-pmed25-r2-R20-theta0.1-bbnc-i-e-l-facility-mixture-lh9010-low0.001to0.01-high0.1to0.5-seed1-coloc-tl3600.out
25|2|20|0.2|1090,25,25-500-167,0.2,$\theta=0.2$,Str0+VI0,False,3600.0,141278.0,0.654253601804895,2.11334906930376,t2-pmed25-r2-R20-theta0.2-bbnc-i-facility-mixture-lh1090-low0.001to0.01-high0.1to0.5-seed1-coloc-tl3600.out
25|2|20|0.2|5050,25,25-500-167,0.2,$\theta=0.2$,Str0+VI0,False,3600.01,191280.0,0.593247741212379,1.94957394216932,t2-pmed25-r2-R20-theta0.2-bbnc-i-facility-mixture-lh5050-low0.001to0.01-high0.1to0.5-seed1-coloc-tl3600.out
25|2|20|0.2|9010,25,25-500-167,0.2,$\theta=0.2$,Str0+VI0,True,863.67,142570.0,0.0,0.861812339621726,t2-pmed25-r2-R20-theta0.2-bbnc-i-facility-mixture-lh9010-low0.001to0.01-high0.1to0.5-seed1-coloc-tl3600.out
25|2|20|0.2|1090,25,25-500-167,0.2,$\theta=0.2$,Str0+VI1,False,3600.0,138954.0,0.517775719964209,0.887169661806253,t2-pmed25-r2-R20-theta0.2-bbnc-i-l-facility-mixture-lh1090-low0.001to0.01-high0.1to0.5-seed1-coloc-tl3600.out
25|2|20|0.2|5050,25,25-500-167,0.2,$\theta=0.2$,Str0+VI1,False,3600.0,186933.0,0.258676458827109,0.608354118097362,t2-pmed25-r2-R20-theta0.2-bbnc-i-l-facility-mixture-lh5050-low0.001to0.01-high0.1to0.5-seed1-coloc-tl3600.out
25|2|20|0.2|9010,25,25-500-167,0.2,$\theta=0.2$,Str0+VI1,True,96.66,11336.0,0.0,0.364079445624942,t2-pmed25-r2-R20-theta0.2-bbnc-i-l-facility-mixture-lh9010-low0.001to0.01-high0.1to0.5-seed1-coloc-tl3600.out
25|2|20|0.2|1090,25,25-500-167,0.2,$\theta=0.2$,Str1+VI0,False,3600.01,142414.0,0.435479503985767,1.50106605423436,t2-pmed25-r2-R20-theta0.2-bbnc-i-e-facility-mixture-lh1090-low0.001to0.01-high0.1to0.5-seed1-coloc-tl3600.out
25|2|20|0.2|5050,25,25-500-167,0.2,$\theta=0.2$,Str1+VI0,False,3600.0,178699.0,0.335552215029903,1.49996025893858,t2-pmed25-r2-R20-theta0.2-bbnc-i-e-facility-mixture-lh5050-low0.001to0.01-high0.1to0.5-seed1-coloc-tl3600.out
25|2|20|0.2|9010,25,25-500-167,0.2,$\theta=0.2$,Str1+VI0,True,532.27,84793.0,0.0,0.766852934395538,t2-pmed25-r2-R20-theta0.2-bbnc-i-e-facility-mixture-lh9010-low0.001to0.01-high0.1to0.5-seed1-coloc-tl3600.out
25|2|20|0.2|1090,25,25-500-167,0.2,$\theta=0.2$,Str1+VI1,False,3600.0,123703.0,0.302127909077831,0.566064010700907,t2-pmed25-r2-R20-theta0.2-bbnc-i-e-l-facility-mixture-lh1090-low0.001to0.01-high0.1to0.5-seed1-coloc-tl3600.out
25|2|20|0.2|5050,25,25-500-167,0.2,$\theta=0.2$,Str1+VI1,False,3600.0,222386.0,0.179749126017833,0.490184995915563,t2-pmed25-r2-R20-theta0.2-bbnc-i-e-l-facility-mixture-lh5050-low0.001to0.01-high0.1to0.5-seed1-coloc-tl3600.out
25|2|20|0.2|9010,25,25-500-167,0.2,$\theta=0.2$,Str1+VI1,True,75.98,8823.0,0.0,0.304748912277311,t2-pmed25-r2-R20-theta0.2-bbnc-i-e-l-facility-mixture-lh9010-low0.001to0.01-high0.1to0.5-seed1-coloc-tl3600.out
26|1|20|0.01|1090,26,26-600-5,0.01,$\theta=0.01$,Str0+VI0,True,1.67,34.0,0.0,0.692162240891858,t2-pmed26-r1-R20-theta0.01-bbnc-i-facility-mixture-lh1090-low0.001to0.01-high0.1to0.5-seed1-coloc-tl3600.out
26|1|20|0.01|5050,26,26-600-5,0.01,$\theta=0.01$,Str0+VI0,True,0.68,7.0,0.0,0.0915914079573574,t2-pmed26-r1-R20-theta0.01-bbnc-i-facility-mixture-lh5050-low0.001to0.01-high0.1to0.5-seed1-coloc-tl3600.out
26|1|20|0.01|9010,26,26-600-5,0.01,$\theta=0.01$,Str0+VI0,True,1.02,6.0,0.0,0.0455427385512328,t2-pmed26-r1-R20-theta0.01-bbnc-i-facility-mixture-lh9010-low0.001to0.01-high0.1to0.5-seed1-coloc-tl3600.out
26|1|20|0.01|1090,26,26-600-5,0.01,$\theta=0.01$,Str0+VI1,True,2.51,15.0,0.0,0.400575068489897,t2-pmed26-r1-R20-theta0.01-bbnc-i-l-facility-mixture-lh1090-low0.001to0.01-high0.1to0.5-seed1-coloc-tl3600.out
26|1|20|0.01|5050,26,26-600-5,0.01,$\theta=0.01$,Str0+VI1,True,0.66,0.0,0.0,0.0,t2-pmed26-r1-R20-theta0.01-bbnc-i-l-facility-mixture-lh5050-low0.001to0.01-high0.1to0.5-seed1-coloc-tl3600.out
26|1|20|0.01|9010,26,26-600-5,0.01,$\theta=0.01$,Str0+VI1,True,1.49,0.0,0.0,0.0,t2-pmed26-r1-R20-theta0.01-bbnc-i-l-facility-mixture-lh9010-low0.001to0.01-high0.1to0.5-seed1-coloc-tl3600.out
26|1|20|0.01|1090,26,26-600-5,0.01,$\theta=0.01$,Str1+VI0,True,1.72,32.0,0.0,0.644078921981022,t2-pmed26-r1-R20-theta0.01-bbnc-i-e-facility-mixture-lh1090-low0.001to0.01-high0.1to0.5-seed1-coloc-tl3600.out
26|1|20|0.01|5050,26,26-600-5,0.01,$\theta=0.01$,Str1+VI0,True,0.96,7.0,0.0,0.0957480228102229,t2-pmed26-r1-R20-theta0.01-bbnc-i-e-facility-mixture-lh5050-low0.001to0.01-high0.1to0.5-seed1-coloc-tl3600.out
26|1|20|0.01|9010,26,26-600-5,0.01,$\theta=0.01$,Str1+VI0,True,1.09,4.0,0.0,0.060470745284217,t2-pmed26-r1-R20-theta0.01-bbnc-i-e-facility-mixture-lh9010-low0.001to0.01-high0.1to0.5-seed1-coloc-tl3600.out
26|1|20|0.01|1090,26,26-600-5,0.01,$\theta=0.01$,Str1+VI1,True,2.74,15.0,0.0,0.401957626874621,t2-pmed26-r1-R20-theta0.01-bbnc-i-e-l-facility-mixture-lh1090-low0.001to0.01-high0.1to0.5-seed1-coloc-tl3600.out
26|1|20|0.01|5050,26,26-600-5,0.01,$\theta=0.01$,Str1+VI1,True,0.83,0.0,0.0,0.0,t2-pmed26-r1-R20-theta0.01-bbnc-i-e-l-facility-mixture-lh5050-low0.001to0.01-high0.1to0.5-seed1-coloc-tl3600.out
26|1|20|0.01|9010,26,26-600-5,0.01,$\theta=0.01$,Str1+VI1,True,1.55,0.0,0.0,0.0,t2-pmed26-r1-R20-theta0.01-bbnc-i-e-l-facility-mixture-lh9010-low0.001to0.01-high0.1to0.5-seed1-coloc-tl3600.out
26|1|20|0.1|1090,26,26-600-5,0.1,$\theta=0.1$,Str0+VI0,True,1.43,24.0,0.0,0.418726064507304,t2-pmed26-r1-R20-theta0.1-bbnc-i-facility-mixture-lh1090-low0.001to0.01-high0.1to0.5-seed1-coloc-tl3600.out
26|1|20|0.1|5050,26,26-600-5,0.1,$\theta=0.1$,Str0+VI0,True,0.9,9.0,0.0,0.136009980917783,t2-pmed26-r1-R20-theta0.1-bbnc-i-facility-mixture-lh5050-low0.001to0.01-high0.1to0.5-seed1-coloc-tl3600.out
26|1|20|0.1|9010,26,26-600-5,0.1,$\theta=0.1$,Str0+VI0,True,0.42,0.0,0.0,0.0,t2-pmed26-r1-R20-theta0.1-bbnc-i-facility-mixture-lh9010-low0.001to0.01-high0.1to0.5-seed1-coloc-tl3600.out
26|1|20|0.1|1090,26,26-600-5,0.1,$\theta=0.1$,Str0+VI1,True,2.47,9.0,0.0,0.227173877703545,t2-pmed26-r1-R20-theta0.1-bbnc-i-l-facility-mixture-lh1090-low0.001to0.01-high0.1to0.5-seed1-coloc-tl3600.out
26|1|20|0.1|5050,26,26-600-5,0.1,$\theta=0.1$,Str0+VI1,True,1.06,3.0,0.0,0.0,t2-pmed26-r1-R20-theta0.1-bbnc-i-l-facility-mixture-lh5050-low0.001to0.01-high0.1to0.5-seed1-coloc-tl3600.out
26|1|20|0.1|9010,26,26-600-5,0.1,$\theta=0.1$,Str0+VI1,True,0.64,0.0,0.0,0.0,t2-pmed26-r1-R20-theta0.1-bbnc-i-l-facility-mixture-lh9010-low0.001to0.01-high0.1to0.5-seed1-coloc-tl3600.out
26|1|20|0.1|1090,26,26-600-5,0.1,$\theta=0.1$,Str1+VI0,True,1.65,23.0,0.0,0.460767475892478,t2-pmed26-r1-R20-theta0.1-bbnc-i-e-facility-mixture-lh1090-low0.001to0.01-high0.1to0.5-seed1-coloc-tl3600.out
26|1|20|0.1|5050,26,26-600-5,0.1,$\theta=0.1$,Str1+VI0,True,1.04,7.0,0.0,0.12820354653581,t2-pmed26-r1-R20-theta0.1-bbnc-i-e-facility-mixture-lh5050-low0.001to0.01-high0.1to0.5-seed1-coloc-tl3600.out
26|1|20|0.1|9010,26,26-600-5,0.1,$\theta=0.1$,Str1+VI0,True,1.05,0.0,0.0,0.0,t2-pmed26-r1-R20-theta0.1-bbnc-i-e-facility-mixture-lh9010-low0.001to0.01-high0.1to0.5-seed1-coloc-tl3600.out
26|1|20|0.1|1090,26,26-600-5,0.1,$\theta=0.1$,Str1+VI1,True,2.93,9.0,0.0,0.206263997641733,t2-pmed26-r1-R20-theta0.1-bbnc-i-e-l-facility-mixture-lh1090-low0.001to0.01-high0.1to0.5-seed1-coloc-tl3600.out
26|1|20|0.1|5050,26,26-600-5,0.1,$\theta=0.1$,Str1+VI1,True,1.09,3.0,0.0,0.0,t2-pmed26-r1-R20-theta0.1-bbnc-i-e-l-facility-mixture-lh5050-low0.001to0.01-high0.1to0.5-seed1-coloc-tl3600.out
26|1|20|0.1|9010,26,26-600-5,0.1,$\theta=0.1$,Str1+VI1,True,0.92,0.0,0.0,0.0,t2-pmed26-r1-R20-theta0.1-bbnc-i-e-l-facility-mixture-lh9010-low0.001to0.01-high0.1to0.5-seed1-coloc-tl3600.out
26|1|20|0.2|1090,26,26-600-5,0.2,$\theta=0.2$,Str0+VI0,True,1.35,23.0,0.0,0.483239159125938,t2-pmed26-r1-R20-theta0.2-bbnc-i-facility-mixture-lh1090-low0.001to0.01-high0.1to0.5-seed1-coloc-tl3600.out
26|1|20|0.2|5050,26,26-600-5,0.2,$\theta=0.2$,Str0+VI0,True,0.75,9.0,0.0,0.0777828202340829,t2-pmed26-r1-R20-theta0.2-bbnc-i-facility-mixture-lh5050-low0.001to0.01-high0.1to0.5-seed1-coloc-tl3600.out
26|1|20|0.2|9010,26,26-600-5,0.2,$\theta=0.2$,Str0+VI0,True,0.56,2.0,0.0,0.0,t2-pmed26-r1-R20-theta0.2-bbnc-i-facility-mixture-lh9010-low0.001to0.01-high0.1to0.5-seed1-coloc-tl3600.out
26|1|20|0.2|1090,26,26-600-5,0.2,$\theta=0.2$,Str0+VI1,True,2.12,9.0,0.0,0.172299148881535,t2-pmed26-r1-R20-theta0.2-bbnc-i-l-facility-mixture-lh1090-low0.001to0.01-high0.1to0.5-seed1-coloc-tl3600.out
26|1|20|0.2|5050,26,26-600-5,0.2,$\theta=0.2$,Str0+VI1,True,0.6,0.0,0.0,0.0,t2-pmed26-r1-R20-theta0.2-bbnc-i-l-facility-mixture-lh5050-low0.001to0.01-high0.1to0.5-seed1-coloc-tl3600.out
26|1|20|0.2|9010,26,26-600-5,0.2,$\theta=0.2$,Str0+VI1,True,0.69,0.0,0.0,0.0,t2-pmed26-r1-R20-theta0.2-bbnc-i-l-facility-mixture-lh9010-low0.001to0.01-high0.1to0.5-seed1-coloc-tl3600.out
26|1|20|0.2|1090,26,26-600-5,0.2,$\theta=0.2$,Str1+VI0,True,1.43,22.0,0.0,0.476078698939613,t2-pmed26-r1-R20-theta0.2-bbnc-i-e-facility-mixture-lh1090-low0.001to0.01-high0.1to0.5-seed1-coloc-tl3600.out
26|1|20|0.2|5050,26,26-600-5,0.2,$\theta=0.2$,Str1+VI0,True,0.86,9.0,0.0,0.0979477278476181,t2-pmed26-r1-R20-theta0.2-bbnc-i-e-facility-mixture-lh5050-low0.001to0.01-high0.1to0.5-seed1-coloc-tl3600.out
26|1|20|0.2|9010,26,26-600-5,0.2,$\theta=0.2$,Str1+VI0,True,0.81,5.0,0.0,0.160919863942742,t2-pmed26-r1-R20-theta0.2-bbnc-i-e-facility-mixture-lh9010-low0.001to0.01-high0.1to0.5-seed1-coloc-tl3600.out
26|1|20|0.2|1090,26,26-600-5,0.2,$\theta=0.2$,Str1+VI1,True,2.47,7.0,0.0,0.338108592613485,t2-pmed26-r1-R20-theta0.2-bbnc-i-e-l-facility-mixture-lh1090-low0.001to0.01-high0.1to0.5-seed1-coloc-tl3600.out
26|1|20|0.2|5050,26,26-600-5,0.2,$\theta=0.2$,Str1+VI1,True,0.64,0.0,0.0,0.0,t2-pmed26-r1-R20-theta0.2-bbnc-i-e-l-facility-mixture-lh5050-low0.001to0.01-high0.1to0.5-seed1-coloc-tl3600.out
26|1|20|0.2|9010,26,26-600-5,0.2,$\theta=0.2$,Str1+VI1,True,0.79,0.0,0.0,0.0,t2-pmed26-r1-R20-theta0.2-bbnc-i-e-l-facility-mixture-lh9010-low0.001to0.01-high0.1to0.5-seed1-coloc-tl3600.out
26|2|20|0.01|1090,26,26-600-5,0.01,$\theta=0.01$,Str0+VI0,True,1.99,29.0,0.0,0.610669660154774,t2-pmed26-r2-R20-theta0.01-bbnc-i-facility-mixture-lh1090-low0.001to0.01-high0.1to0.5-seed1-coloc-tl3600.out
26|2|20|0.01|5050,26,26-600-5,0.01,$\theta=0.01$,Str0+VI0,True,0.75,9.0,0.0,0.0930761727160441,t2-pmed26-r2-R20-theta0.01-bbnc-i-facility-mixture-lh5050-low0.001to0.01-high0.1to0.5-seed1-coloc-tl3600.out
26|2|20|0.01|9010,26,26-600-5,0.01,$\theta=0.01$,Str0+VI0,True,0.98,7.0,0.0,0.0446665225993447,t2-pmed26-r2-R20-theta0.01-bbnc-i-facility-mixture-lh9010-low0.001to0.01-high0.1to0.5-seed1-coloc-tl3600.out
26|2|20|0.01|1090,26,26-600-5,0.01,$\theta=0.01$,Str0+VI1,True,2.37,13.0,0.0,0.330312267049939,t2-pmed26-r2-R20-theta0.01-bbnc-i-l-facility-mixture-lh1090-low0.001to0.01-high0.1to0.5-seed1-coloc-tl3600.out
26|2|20|0.01|5050,26,26-600-5,0.01,$\theta=0.01$,Str0+VI1,True,0.66,0.0,0.0,0.0,t2-pmed26-r2-R20-theta0.01-bbnc-i-l-facility-mixture-lh5050-low0.001to0.01-high0.1to0.5-seed1-coloc-tl3600.out
26|2|20|0.01|9010,26,26-600-5,0.01,$\theta=0.01$,Str0+VI1,True,1.63,2.0,0.0,0.0,t2-pmed26-r2-R20-theta0.01-bbnc-i-l-facility-mixture-lh9010-low0.001to0.01-high0.1to0.5-seed1-coloc-tl3600.out
26|2|20|0.01|1090,26,26-600-5,0.01,$\theta=0.01$,Str1+VI0,True,1.84,31.0,0.0,0.624472320551574,t2-pmed26-r2-R20-theta0.01-bbnc-i-e-facility-mixture-lh1090-low0.001to0.01-high0.1to0.5-seed1-coloc-tl3600.out
26|2|20|0.01|5050,26,26-600-5,0.01,$\theta=0.01$,Str1+VI0,True,0.81,7.0,0.0,0.0576429845284782,t2-pmed26-r2-R20-theta0.01-bbnc-i-e-facility-mixture-lh5050-low0.001to0.01-high0.1to0.5-seed1-coloc-tl3600.out
26|2|20|0.01|9010,26,26-600-5,0.01,$\theta=0.01$,Str1+VI0,True,1.08,5.0,0.0,0.0936233986233624,t2-pmed26-r2-R20-theta0.01-bbnc-i-e-facility-mixture-lh9010-low0.001to0.01-high0.1to0.5-seed1-coloc-tl3600.out
26|2|20|0.01|1090,26,26-600-5,0.01,$\theta=0.01$,Str1+VI1,True,2.35,13.0,0.0,0.456629088600629,t2-pmed26-r2-R20-theta0.01-bbnc-i-e-l-facility-mixture-lh1090-low0.001to0.01-high0.1to0.5-seed1-coloc-tl3600.out
26|2|20|0.01|5050,26,26-600-5,0.01,$\theta=0.01$,Str1+VI1,True,0.73,0.0,0.0,0.0,t2-pmed26-r2-R20-theta0.01-bbnc-i-e-l-facility-mixture-lh5050-low0.001to0.01-high0.1to0.5-seed1-coloc-tl3600.out
26|2|20|0.01|9010,26,26-600-5,0.01,$\theta=0.01$,Str1+VI1,True,1.69,2.0,0.0,0.0,t2-pmed26-r2-R20-theta0.01-bbnc-i-e-l-facility-mixture-lh9010-low0.001to0.01-high0.1to0.5-seed1-coloc-tl3600.out
26|2|20|0.1|1090,26,26-600-5,0.1,$\theta=0.1$,Str0+VI0,True,1.25,34.0,0.0,0.507598745989738,t2-pmed26-r2-R20-theta0.1-bbnc-i-facility-mixture-lh1090-low0.001to0.01-high0.1to0.5-seed1-coloc-tl3600.out
26|2|20|0.1|5050,26,26-600-5,0.1,$\theta=0.1$,Str0+VI0,True,0.8,5.0,0.0,0.0791432919023404,t2-pmed26-r2-R20-theta0.1-bbnc-i-facility-mixture-lh5050-low0.001to0.01-high0.1to0.5-seed1-coloc-tl3600.out
26|2|20|0.1|9010,26,26-600-5,0.1,$\theta=0.1$,Str0+VI0,True,0.49,0.0,0.0,0.0,t2-pmed26-r2-R20-theta0.1-bbnc-i-facility-mixture-lh9010-low0.001to0.01-high0.1to0.5-seed1-coloc-tl3600.out
26|2|20|0.1|1090,26,26-600-5,0.1,$\theta=0.1$,Str0+VI1,True,2.45,13.0,0.0,0.284071431448793,t2-pmed26-r2-R20-theta0.1-bbnc-i-l-facility-mixture-lh1090-low0.001to0.01-high0.1to0.5-seed1-coloc-tl3600.out
26|2|20|0.1|5050,26,26-600-5,0.1,$\theta=0.1$,Str0+VI1,True,0.91,3.0,0.0,0.0,t2-pmed26-r2-R20-theta0.1-bbnc-i-l-facility-mixture-lh5050-low0.001to0.01-high0.1to0.5-seed1-coloc-tl3600.out
26|2|20|0.1|9010,26,26-600-5,0.1,$\theta=0.1$,Str0+VI1,True,0.5,0.0,0.0,0.0,t2-pmed26-r2-R20-theta0.1-bbnc-i-l-facility-mixture-lh9010-low0.001to0.01-high0.1to0.5-seed1-coloc-tl3600.out
26|2|20|0.1|1090,26,26-600-5,0.1,$\theta=0.1$,Str1+VI0,True,1.76,31.0,0.0,0.524110602132273,t2-pmed26-r2-R20-theta0.1-bbnc-i-e-facility-mixture-lh1090-low0.001to0.01-high0.1to0.5-seed1-coloc-tl3600.out
26|2|20|0.1|5050,26,26-600-5,0.1,$\theta=0.1$,Str1+VI0,True,0.91,9.0,0.0,0.111782600999024,t2-pmed26-r2-R20-theta0.1-bbnc-i-e-facility-mixture-lh5050-low0.001to0.01-high0.1to0.5-seed1-coloc-tl3600.out
26|2|20|0.1|9010,26,26-600-5,0.1,$\theta=0.1$,Str1+VI0,True,0.8,0.0,0.0,0.0,t2-pmed26-r2-R20-theta0.1-bbnc-i-e-facility-mixture-lh9010-low0.001to0.01-high0.1to0.5-seed1-coloc-tl3600.out
26|2|20|0.1|1090,26,26-600-5,0.1,$\theta=0.1$,Str1+VI1,True,2.64,11.0,0.0,0.250633637211628,t2-pmed26-r2-R20-theta0.1-bbnc-i-e-l-facility-mixture-lh1090-low0.001to0.01-high0.1to0.5-seed1-coloc-tl3600.out
26|2|20|0.1|5050,26,26-600-5,0.1,$\theta=0.1$,Str1+VI1,True,0.91,0.0,0.0,0.0,t2-pmed26-r2-R20-theta0.1-bbnc-i-e-l-facility-mixture-lh5050-low0.001to0.01-high0.1to0.5-seed1-coloc-tl3600.out
26|2|20|0.1|9010,26,26-600-5,0.1,$\theta=0.1$,Str1+VI1,True,1.02,0.0,0.0,0.0,t2-pmed26-r2-R20-theta0.1-bbnc-i-e-l-facility-mixture-lh9010-low0.001to0.01-high0.1to0.5-seed1-coloc-tl3600.out
26|2|20|0.2|1090,26,26-600-5,0.2,$\theta=0.2$,Str0+VI0,True,1.5,21.0,0.0,0.506296805587222,t2-pmed26-r2-R20-theta0.2-bbnc-i-facility-mixture-lh1090-low0.001to0.01-high0.1to0.5-seed1-coloc-tl3600.out
26|2|20|0.2|5050,26,26-600-5,0.2,$\theta=0.2$,Str0+VI0,True,0.79,7.0,0.0,0.10267787644187,t2-pmed26-r2-R20-theta0.2-bbnc-i-facility-mixture-lh5050-low0.001to0.01-high0.1to0.5-seed1-coloc-tl3600.out
26|2|20|0.2|9010,26,26-600-5,0.2,$\theta=0.2$,Str0+VI0,True,0.52,0.0,0.0,0.0,t2-pmed26-r2-R20-theta0.2-bbnc-i-facility-mixture-lh9010-low0.001to0.01-high0.1to0.5-seed1-coloc-tl3600.out
26|2|20|0.2|1090,26,26-600-5,0.2,$\theta=0.2$,Str0+VI1,True,2.33,9.0,0.0,0.335138359242203,t2-pmed26-r2-R20-theta0.2-bbnc-i-l-facility-mixture-lh1090-low0.001to0.01-high0.1to0.5-seed1-coloc-tl3600.out
26|2|20|0.2|5050,26,26-600-5,0.2,$\theta=0.2$,Str0+VI1,True,0.84,0.0,0.0,0.0,t2-pmed26-r2-R20-theta0.2-bbnc-i-l-facility-mixture-lh5050-low0.001to0.01-high0.1to0.5-seed1-coloc-tl3600.out
26|2|20|0.2|9010,26,26-600-5,0.2,$\theta=0.2$,Str0+VI1,True,0.57,0.0,0.0,0.0,t2-pmed26-r2-R20-theta0.2-bbnc-i-l-facility-mixture-lh9010-low0.001to0.01-high0.1to0.5-seed1-coloc-tl3600.out
26|2|20|0.2|1090,26,26-600-5,0.2,$\theta=0.2$,Str1+VI0,True,1.48,23.0,0.0,0.491585365967158,t2-pmed26-r2-R20-theta0.2-bbnc-i-e-facility-mixture-lh1090-low0.001to0.01-high0.1to0.5-seed1-coloc-tl3600.out
26|2|20|0.2|5050,26,26-600-5,0.2,$\theta=0.2$,Str1+VI0,True,0.99,17.0,0.0,0.300439473920972,t2-pmed26-r2-R20-theta0.2-bbnc-i-e-facility-mixture-lh5050-low0.001to0.01-high0.1to0.5-seed1-coloc-tl3600.out
26|2|20|0.2|9010,26,26-600-5,0.2,$\theta=0.2$,Str1+VI0,True,0.64,0.0,0.0,0.0,t2-pmed26-r2-R20-theta0.2-bbnc-i-e-facility-mixture-lh9010-low0.001to0.01-high0.1to0.5-seed1-coloc-tl3600.out
26|2|20|0.2|1090,26,26-600-5,0.2,$\theta=0.2$,Str1+VI1,True,2.85,13.0,0.0,0.38357725273289,t2-pmed26-r2-R20-theta0.2-bbnc-i-e-l-facility-mixture-lh1090-low0.001to0.01-high0.1to0.5-seed1-coloc-tl3600.out
26|2|20|0.2|5050,26,26-600-5,0.2,$\theta=0.2$,Str1+VI1,True,0.95,0.0,0.0,0.0,t2-pmed26-r2-R20-theta0.2-bbnc-i-e-l-facility-mixture-lh5050-low0.001to0.01-high0.1to0.5-seed1-coloc-tl3600.out
26|2|20|0.2|9010,26,26-600-5,0.2,$\theta=0.2$,Str1+VI1,True,0.68,0.0,0.0,0.0,t2-pmed26-r2-R20-theta0.2-bbnc-i-e-l-facility-mixture-lh9010-low0.001to0.01-high0.1to0.5-seed1-coloc-tl3600.out
27|1|20|0.01|1090,27,27-600-10,0.01,$\theta=0.01$,Str0+VI0,True,9.83,593.0,0.0,0.754858745187664,t2-pmed27-r1-R20-theta0.01-bbnc-i-facility-mixture-lh1090-low0.001to0.01-high0.1to0.5-seed1-coloc-tl3600.out
27|1|20|0.01|5050,27,27-600-10,0.01,$\theta=0.01$,Str0+VI0,True,1.36,44.0,0.0,0.244099701506799,t2-pmed27-r1-R20-theta0.01-bbnc-i-facility-mixture-lh5050-low0.001to0.01-high0.1to0.5-seed1-coloc-tl3600.out
27|1|20|0.01|9010,27,27-600-10,0.01,$\theta=0.01$,Str0+VI0,True,1.15,33.0,0.0,0.230436256220014,t2-pmed27-r1-R20-theta0.01-bbnc-i-facility-mixture-lh9010-low0.001to0.01-high0.1to0.5-seed1-coloc-tl3600.out
27|1|20|0.01|1090,27,27-600-10,0.01,$\theta=0.01$,Str0+VI1,True,4.82,75.0,0.0,0.409343148390022,t2-pmed27-r1-R20-theta0.01-bbnc-i-l-facility-mixture-lh1090-low0.001to0.01-high0.1to0.5-seed1-coloc-tl3600.out
27|1|20|0.01|5050,27,27-600-10,0.01,$\theta=0.01$,Str0+VI1,True,1.96,12.0,0.0,0.0361424115778379,t2-pmed27-r1-R20-theta0.01-bbnc-i-l-facility-mixture-lh5050-low0.001to0.01-high0.1to0.5-seed1-coloc-tl3600.out
27|1|20|0.01|9010,27,27-600-10,0.01,$\theta=0.01$,Str0+VI1,True,1.98,19.0,0.0,0.107210594405815,t2-pmed27-r1-R20-theta0.01-bbnc-i-l-facility-mixture-lh9010-low0.001to0.01-high0.1to0.5-seed1-coloc-tl3600.out
27|1|20|0.01|1090,27,27-600-10,0.01,$\theta=0.01$,Str1+VI0,True,11.08,559.0,0.0,0.713182529917409,t2-pmed27-r1-R20-theta0.01-bbnc-i-e-facility-mixture-lh1090-low0.001to0.01-high0.1to0.5-seed1-coloc-tl3600.out
27|1|20|0.01|5050,27,27-600-10,0.01,$\theta=0.01$,Str1+VI0,True,1.12,37.0,0.0,0.231927527893708,t2-pmed27-r1-R20-theta0.01-bbnc-i-e-facility-mixture-lh5050-low0.001to0.01-high0.1to0.5-seed1-coloc-tl3600.out
27|1|20|0.01|9010,27,27-600-10,0.01,$\theta=0.01$,Str1+VI0,True,1.6,28.0,0.0,0.231686382523324,t2-pmed27-r1-R20-theta0.01-bbnc-i-e-facility-mixture-lh9010-low0.001to0.01-high0.1to0.5-seed1-coloc-tl3600.out
27|1|20|0.01|1090,27,27-600-10,0.01,$\theta=0.01$,Str1+VI1,True,4.43,93.0,0.0,0.406378019947481,t2-pmed27-r1-R20-theta0.01-bbnc-i-e-l-facility-mixture-lh1090-low0.001to0.01-high0.1to0.5-seed1-coloc-tl3600.out
27|1|20|0.01|5050,27,27-600-10,0.01,$\theta=0.01$,Str1+VI1,True,1.71,11.0,0.0,0.0399318425072408,t2-pmed27-r1-R20-theta0.01-bbnc-i-e-l-facility-mixture-lh5050-low0.001to0.01-high0.1to0.5-seed1-coloc-tl3600.out
27|1|20|0.01|9010,27,27-600-10,0.01,$\theta=0.01$,Str1+VI1,True,2.16,16.0,0.0,0.172391230397208,t2-pmed27-r1-R20-theta0.01-bbnc-i-e-l-facility-mixture-lh9010-low0.001to0.01-high0.1to0.5-seed1-coloc-tl3600.out
27|1|20|0.1|1090,27,27-600-10,0.1,$\theta=0.1$,Str0+VI0,True,9.8,723.0,0.0,0.782956427809281,t2-pmed27-r1-R20-theta0.1-bbnc-i-facility-mixture-lh1090-low0.001to0.01-high0.1to0.5-seed1-coloc-tl3600.out
27|1|20|0.1|5050,27,27-600-10,0.1,$\theta=0.1$,Str0+VI0,True,1.15,24.0,0.0,0.119993806403049,t2-pmed27-r1-R20-theta0.1-bbnc-i-facility-mixture-lh5050-low0.001to0.01-high0.1to0.5-seed1-coloc-tl3600.out
27|1|20|0.1|9010,27,27-600-10,0.1,$\theta=0.1$,Str0+VI0,True,1.36,31.0,0.0,0.222336468884515,t2-pmed27-r1-R20-theta0.1-bbnc-i-facility-mixture-lh9010-low0.001to0.01-high0.1to0.5-seed1-coloc-tl3600.out
27|1|20|0.1|1090,27,27-600-10,0.1,$\theta=0.1$,Str0+VI1,True,5.3,87.0,0.0,0.400519234795983,t2-pmed27-r1-R20-theta0.1-bbnc-i-l-facility-mixture-lh1090-low0.001to0.01-high0.1to0.5-seed1-coloc-tl3600.out
27|1|20|0.1|5050,27,27-600-10,0.1,$\theta=0.1$,Str0+VI1,True,1.22,5.0,0.0,0.00216949550036051,t2-pmed27-r1-R20-theta0.1-bbnc-i-l-facility-mixture-lh5050-low0.001to0.01-high0.1to0.5-seed1-coloc-tl3600.out
27|1|20|0.1|9010,27,27-600-10,0.1,$\theta=0.1$,Str0+VI1,True,2.09,13.0,0.0,0.139246291039196,t2-pmed27-r1-R20-theta0.1-bbnc-i-l-facility-mixture-lh9010-low0.001to0.01-high0.1to0.5-seed1-coloc-tl3600.out
27|1|20|0.1|1090,27,27-600-10,0.1,$\theta=0.1$,Str1+VI0,True,10.3,774.0,0.0,0.80875713161229,t2-pmed27-r1-R20-theta0.1-bbnc-i-e-facility-mixture-lh1090-low0.001to0.01-high0.1to0.5-seed1-coloc-tl3600.out
27|1|20|0.1|5050,27,27-600-10,0.1,$\theta=0.1$,Str1+VI0,True,1.19,28.0,0.0,0.141747051798009,t2-pmed27-r1-R20-theta0.1-bbnc-i-e-facility-mixture-lh5050-low0.001to0.01-high0.1to0.5-seed1-coloc-tl3600.out
27|1|20|0.1|9010,27,27-600-10,0.1,$\theta=0.1$,Str1+VI0,True,1.56,25.0,0.0,0.175916135715489,t2-pmed27-r1-R20-theta0.1-bbnc-i-e-facility-mixture-lh9010-low0.001to0.01-high0.1to0.5-seed1-coloc-tl3600.out
27|1|20|0.1|1090,27,27-600-10,0.1,$\theta=0.1$,Str1+VI1,True,5.59,102.0,0.0,0.461993634069468,t2-pmed27-r1-R20-theta0.1-bbnc-i-e-l-facility-mixture-lh1090-low0.001to0.01-high0.1to0.5-seed1-coloc-tl3600.out
27|1|20|0.1|5050,27,27-600-10,0.1,$\theta=0.1$,Str1+VI1,True,1.22,2.0,0.0,0.0,t2-pmed27-r1-R20-theta0.1-bbnc-i-e-l-facility-mixture-lh5050-low0.001to0.01-high0.1to0.5-seed1-coloc-tl3600.out
27|1|20|0.1|9010,27,27-600-10,0.1,$\theta=0.1$,Str1+VI1,True,2.43,17.0,0.0,0.171340167933439,t2-pmed27-r1-R20-theta0.1-bbnc-i-e-l-facility-mixture-lh9010-low0.001to0.01-high0.1to0.5-seed1-coloc-tl3600.out
27|1|20|0.2|1090,27,27-600-10,0.2,$\theta=0.2$,Str0+VI0,True,5.79,331.0,0.0,0.587594028508925,t2-pmed27-r1-R20-theta0.2-bbnc-i-facility-mixture-lh1090-low0.001to0.01-high0.1to0.5-seed1-coloc-tl3600.out
27|1|20|0.2|5050,27,27-600-10,0.2,$\theta=0.2$,Str0+VI0,True,0.99,11.0,0.0,0.039762062995047,t2-pmed27-r1-R20-theta0.2-bbnc-i-facility-mixture-lh5050-low0.001to0.01-high0.1to0.5-seed1-coloc-tl3600.out
27|1|20|0.2|9010,27,27-600-10,0.2,$\theta=0.2$,Str0+VI0,True,1.25,34.0,0.0,0.270581588456175,t2-pmed27-r1-R20-theta0.2-bbnc-i-facility-mixture-lh9010-low0.001to0.01-high0.1to0.5-seed1-coloc-tl3600.out
27|1|20|0.2|1090,27,27-600-10,0.2,$\theta=0.2$,Str0+VI1,True,3.96,64.0,0.0,0.384852780823587,t2-pmed27-r1-R20-theta0.2-bbnc-i-l-facility-mixture-lh1090-low0.001to0.01-high0.1to0.5-seed1-coloc-tl3600.out
27|1|20|0.2|5050,27,27-600-10,0.2,$\theta=0.2$,Str0+VI1,True,1.07,0.0,0.0,0.0,t2-pmed27-r1-R20-theta0.2-bbnc-i-l-facility-mixture-lh5050-low0.001to0.01-high0.1to0.5-seed1-coloc-tl3600.out
27|1|20|0.2|9010,27,27-600-10,0.2,$\theta=0.2$,Str0+VI1,True,2.17,17.0,0.0,0.172158266925941,t2-pmed27-r1-R20-theta0.2-bbnc-i-l-facility-mixture-lh9010-low0.001to0.01-high0.1to0.5-seed1-coloc-tl3600.out
27|1|20|0.2|1090,27,27-600-10,0.2,$\theta=0.2$,Str1+VI0,True,6.7,411.0,0.0,0.675157595401769,t2-pmed27-r1-R20-theta0.2-bbnc-i-e-facility-mixture-lh1090-low0.001to0.01-high0.1to0.5-seed1-coloc-tl3600.out
27|1|20|0.2|5050,27,27-600-10,0.2,$\theta=0.2$,Str1+VI0,True,1.14,21.0,0.0,0.12844506369587,t2-pmed27-r1-R20-theta0.2-bbnc-i-e-facility-mixture-lh5050-low0.001to0.01-high0.1to0.5-seed1-coloc-tl3600.out
27|1|20|0.2|9010,27,27-600-10,0.2,$\theta=0.2$,Str1+VI0,True,1.41,25.0,0.0,0.21926990066216,t2-pmed27-r1-R20-theta0.2-bbnc-i-e-facility-mixture-lh9010-low0.001to0.01-high0.1to0.5-seed1-coloc-tl3600.out
27|1|20|0.2|1090,27,27-600-10,0.2,$\theta=0.2$,Str1+VI1,True,3.73,42.0,0.0,0.358937182307389,t2-pmed27-r1-R20-theta0.2-bbnc-i-e-l-facility-mixture-lh1090-low0.001to0.01-high0.1to0.5-seed1-coloc-tl3600.out
27|1|20|0.2|5050,27,27-600-10,0.2,$\theta=0.2$,Str1+VI1,True,1.5,2.0,0.0,0.0,t2-pmed27-r1-R20-theta0.2-bbnc-i-e-l-facility-mixture-lh5050-low0.001to0.01-high0.1to0.5-seed1-coloc-tl3600.out
27|1|20|0.2|9010,27,27-600-10,0.2,$\theta=0.2$,Str1+VI1,True,2.51,19.0,0.0,0.0966860509349804,t2-pmed27-r1-R20-theta0.2-bbnc-i-e-l-facility-mixture-lh9010-low0.001to0.01-high0.1to0.5-seed1-coloc-tl3600.out
27|2|20|0.01|1090,27,27-600-10,0.01,$\theta=0.01$,Str0+VI0,True,12.26,811.0,0.0,0.942655270265024,t2-pmed27-r2-R20-theta0.01-bbnc-i-facility-mixture-lh1090-low0.001to0.01-high0.1to0.5-seed1-coloc-tl3600.out
27|2|20|0.01|5050,27,27-600-10,0.01,$\theta=0.01$,Str0+VI0,True,1.11,29.0,0.0,0.183830363053199,t2-pmed27-r2-R20-theta0.01-bbnc-i-facility-mixture-lh5050-low0.001to0.01-high0.1to0.5-seed1-coloc-tl3600.out
27|2|20|0.01|9010,27,27-600-10,0.01,$\theta=0.01$,Str0+VI0,True,1.57,36.0,0.0,0.320546562107464,t2-pmed27-r2-R20-theta0.01-bbnc-i-facility-mixture-lh9010-low0.001to0.01-high0.1to0.5-seed1-coloc-tl3600.out
27|2|20|0.01|1090,27,27-600-10,0.01,$\theta=0.01$,Str0+VI1,True,5.0,79.0,0.0,0.391473932012037,t2-pmed27-r2-R20-theta0.01-bbnc-i-l-facility-mixture-lh1090-low0.001to0.01-high0.1to0.5-seed1-coloc-tl3600.out
27|2|20|0.01|5050,27,27-600-10,0.01,$\theta=0.01$,Str0+VI1,True,1.33,6.0,0.0,0.0311552656307551,t2-pmed27-r2-R20-theta0.01-bbnc-i-l-facility-mixture-lh5050-low0.001to0.01-high0.1to0.5-seed1-coloc-tl3600.out
27|2|20|0.01|9010,27,27-600-10,0.01,$\theta=0.01$,Str0+VI1,True,2.35,24.0,0.0,0.227179752243648,t2-pmed27-r2-R20-theta0.01-bbnc-i-l-facility-mixture-lh9010-low0.001to0.01-high0.1to0.5-seed1-coloc-tl3600.out
27|2|20|0.01|1090,27,27-600-10,0.01,$\theta=0.01$,Str1+VI0,True,11.36,785.0,0.0,0.77783983461587,t2-pmed27-r2-R20-theta0.01-bbnc-i-e-facility-mixture-lh1090-low0.001to0.01-high0.1to0.5-seed1-coloc-tl3600.out
27|2|20|0.01|5050,27,27-600-10,0.01,$\theta=0.01$,Str1+VI0,True,1.14,30.0,0.0,0.212237847043302,t2-pmed27-r2-R20-theta0.01-bbnc-i-e-facility-mixture-lh5050-low0.001to0.01-high0.1to0.5-seed1-coloc-tl3600.out
27|2|20|0.01|9010,27,27-600-10,0.01,$\theta=0.01$,Str1+VI0,True,1.77,34.0,0.0,0.254394829809905,t2-pmed27-r2-R20-theta0.01-bbnc-i-e-facility-mixture-lh9010-low0.001to0.01-high0.1to0.5-seed1-coloc-tl3600.out
27|2|20|0.01|1090,27,27-600-10,0.01,$\theta=0.01$,Str1+VI1,True,6.24,84.0,0.0,0.395259371708021,t2-pmed27-r2-R20-theta0.01-bbnc-i-e-l-facility-mixture-lh1090-low0.001to0.01-high0.1to0.5-seed1-coloc-tl3600.out
27|2|20|0.01|5050,27,27-600-10,0.01,$\theta=0.01$,Str1+VI1,True,1.65,11.0,0.0,0.0381236796308429,t2-pmed27-r2-R20-theta0.01-bbnc-i-e-l-facility-mixture-lh5050-low0.001to0.01-high0.1to0.5-seed1-coloc-tl3600.out
27|2|20|0.01|9010,27,27-600-10,0.01,$\theta=0.01$,Str1+VI1,True,2.91,13.0,0.0,0.215107078811594,t2-pmed27-r2-R20-theta0.01-bbnc-i-e-l-facility-mixture-lh9010-low0.001to0.01-high0.1to0.5-seed1-coloc-tl3600.out
27|2|20|0.1|1090,27,27-600-10,0.1,$\theta=0.1$,Str0+VI0,True,9.21,597.0,0.0,0.745114235814459,t2-pmed27-r2-R20-theta0.1-bbnc-i-facility-mixture-lh1090-low0.001to0.01-high0.1to0.5-seed1-coloc-tl3600.out
27|2|20|0.1|5050,27,27-600-10,0.1,$\theta=0.1$,Str0+VI0,True,1.19,41.0,0.0,0.221902893427996,t2-pmed27-r2-R20-theta0.1-bbnc-i-facility-mixture-lh5050-low0.001to0.01-high0.1to0.5-seed1-coloc-tl3600.out
27|2|20|0.1|9010,27,27-600-10,0.1,$\theta=0.1$,Str0+VI0,True,1.37,34.0,0.0,0.257649528000775,t2-pmed27-r2-R20-theta0.1-bbnc-i-facility-mixture-lh9010-low0.001to0.01-high0.1to0.5-seed1-coloc-tl3600.out
27|2|20|0.1|1090,27,27-600-10,0.1,$\theta=0.1$,Str0+VI1,True,4.81,100.0,0.0,0.470469841399714,t2-pmed27-r2-R20-theta0.1-bbnc-i-l-facility-mixture-lh1090-low0.001to0.01-high0.1to0.5-seed1-coloc-tl3600.out
27|2|20|0.1|5050,27,27-600-10,0.1,$\theta=0.1$,Str0+VI1,True,1.49,5.0,0.0,0.0102848909963972,t2-pmed27-r2-R20-theta0.1-bbnc-i-l-facility-mixture-lh5050-low0.001to0.01-high0.1to0.5-seed1-coloc-tl3600.out
27|2|20|0.1|9010,27,27-600-10,0.1,$\theta=0.1$,Str0+VI1,True,2.46,18.0,0.0,0.162655477664676,t2-pmed27-r2-R20-theta0.1-bbnc-i-l-facility-mixture-lh9010-low0.001to0.01-high0.1to0.5-seed1-coloc-tl3600.out
27|2|20|0.1|1090,27,27-600-10,0.1,$\theta=0.1$,Str1+VI0,True,8.04,524.0,0.0,0.668283322750499,t2-pmed27-r2-R20-theta0.1-bbnc-i-e-facility-mixture-lh1090-low0.001to0.01-high0.1to0.5-seed1-coloc-tl3600.out
27|2|20|0.1|5050,27,27-600-10,0.1,$\theta=0.1$,Str1+VI0,True,1.27,31.0,0.0,0.149129406340878,t2-pmed27-r2-R20-theta0.1-bbnc-i-e-facility-mixture-lh5050-low0.001to0.01-high0.1to0.5-seed1-coloc-tl3600.out
27|2|20|0.1|9010,27,27-600-10,0.1,$\theta=0.1$,Str1+VI0,True,1.45,42.0,0.0,0.430484244682983,t2-pmed27-r2-R20-theta0.1-bbnc-i-e-facility-mixture-lh9010-low0.001to0.01-high0.1to0.5-seed1-coloc-tl3600.out
27|2|20|0.1|1090,27,27-600-10,0.1,$\theta=0.1$,Str1+VI1,True,7.31,92.0,0.0,0.508604007897,t2-pmed27-r2-R20-theta0.1-bbnc-i-e-l-facility-mixture-lh1090-low0.001to0.01-high0.1to0.5-seed1-coloc-tl3600.out
27|2|20|0.1|5050,27,27-600-10,0.1,$\theta=0.1$,Str1+VI1,True,1.38,5.0,0.0,0.0102431292428096,t2-pmed27-r2-R20-theta0.1-bbnc-i-e-l-facility-mixture-lh5050-low0.001to0.01-high0.1to0.5-seed1-coloc-tl3600.out
27|2|20|0.1|9010,27,27-600-10,0.1,$\theta=0.1$,Str1+VI1,True,2.0,22.0,0.0,0.217569205761742,t2-pmed27-r2-R20-theta0.1-bbnc-i-e-l-facility-mixture-lh9010-low0.001to0.01-high0.1to0.5-seed1-coloc-tl3600.out
27|2|20|0.2|1090,27,27-600-10,0.2,$\theta=0.2$,Str0+VI0,True,7.08,421.0,0.0,0.702911796929806,t2-pmed27-r2-R20-theta0.2-bbnc-i-facility-mixture-lh1090-low0.001to0.01-high0.1to0.5-seed1-coloc-tl3600.out
27|2|20|0.2|5050,27,27-600-10,0.2,$\theta=0.2$,Str0+VI0,True,1.29,41.0,0.0,0.201940761992284,t2-pmed27-r2-R20-theta0.2-bbnc-i-facility-mixture-lh5050-low0.001to0.01-high0.1to0.5-seed1-coloc-tl3600.out
27|2|20|0.2|9010,27,27-600-10,0.2,$\theta=0.2$,Str0+VI0,True,1.04,27.0,0.0,0.113060086607043,t2-pmed27-r2-R20-theta0.2-bbnc-i-facility-mixture-lh9010-low0.001to0.01-high0.1to0.5-seed1-coloc-tl3600.out
27|2|20|0.2|1090,27,27-600-10,0.2,$\theta=0.2$,Str0+VI1,True,2.75,31.0,0.0,0.258695265863613,t2-pmed27-r2-R20-theta0.2-bbnc-i-l-facility-mixture-lh1090-low0.001to0.01-high0.1to0.5-seed1-coloc-tl3600.out
27|2|20|0.2|5050,27,27-600-10,0.2,$\theta=0.2$,Str0+VI1,True,1.37,7.0,0.0,0.0152829516308326,t2-pmed27-r2-R20-theta0.2-bbnc-i-l-facility-mixture-lh5050-low0.001to0.01-high0.1to0.5-seed1-coloc-tl3600.out
27|2|20|0.2|9010,27,27-600-10,0.2,$\theta=0.2$,Str0+VI1,True,2.12,12.0,0.0,0.144188771829421,t2-pmed27-r2-R20-theta0.2-bbnc-i-l-facility-mixture-lh9010-low0.001to0.01-high0.1to0.5-seed1-coloc-tl3600.out
27|2|20|0.2|1090,27,27-600-10,0.2,$\theta=0.2$,Str1+VI0,True,5.2,266.0,0.0,0.62656789688705,t2-pmed27-r2-R20-theta0.2-bbnc-i-e-facility-mixture-lh1090-low0.001to0.01-high0.1to0.5-seed1-coloc-tl3600.out
27|2|20|0.2|5050,27,27-600-10,0.2,$\theta=0.2$,Str1+VI0,True,1.39,36.0,0.0,0.18432933049433,t2-pmed27-r2-R20-theta0.2-bbnc-i-e-facility-mixture-lh5050-low0.001to0.01-high0.1to0.5-seed1-coloc-tl3600.out
27|2|20|0.2|9010,27,27-600-10,0.2,$\theta=0.2$,Str1+VI0,True,1.44,29.0,0.0,0.21640090724119,t2-pmed27-r2-R20-theta0.2-bbnc-i-e-facility-mixture-lh9010-low0.001to0.01-high0.1to0.5-seed1-coloc-tl3600.out
27|2|20|0.2|1090,27,27-600-10,0.2,$\theta=0.2$,Str1+VI1,True,2.96,37.0,0.0,0.233742012927103,t2-pmed27-r2-R20-theta0.2-bbnc-i-e-l-facility-mixture-lh1090-low0.001to0.01-high0.1to0.5-seed1-coloc-tl3600.out
27|2|20|0.2|5050,27,27-600-10,0.2,$\theta=0.2$,Str1+VI1,True,1.7,7.0,0.0,0.0202683230623326,t2-pmed27-r2-R20-theta0.2-bbnc-i-e-l-facility-mixture-lh5050-low0.001to0.01-high0.1to0.5-seed1-coloc-tl3600.out
27|2|20|0.2|9010,27,27-600-10,0.2,$\theta=0.2$,Str1+VI1,True,2.0,13.0,0.0,0.142674609847643,t2-pmed27-r2-R20-theta0.2-bbnc-i-e-l-facility-mixture-lh9010-low0.001to0.01-high0.1to0.5-seed1-coloc-tl3600.out
28|1|20|0.01|1090,28,28-600-60,0.01,$\theta=0.01$,Str0+VI0,False,3600.01,209094.0,0.184516052140514,0.53391041534292,t2-pmed28-r1-R20-theta0.01-bbnc-i-facility-mixture-lh1090-low0.001to0.01-high0.1to0.5-seed1-coloc-tl3600.out
28|1|20|0.01|5050,28,28-600-60,0.01,$\theta=0.01$,Str0+VI0,False,3600.0,212106.0,0.134693350901685,0.442810217893083,t2-pmed28-r1-R20-theta0.01-bbnc-i-facility-mixture-lh5050-low0.001to0.01-high0.1to0.5-seed1-coloc-tl3600.out
28|1|20|0.01|9010,28,28-600-60,0.01,$\theta=0.01$,Str0+VI0,True,15.55,1778.0,0.0,0.228036367022684,t2-pmed28-r1-R20-theta0.01-bbnc-i-facility-mixture-lh9010-low0.001to0.01-high0.1to0.5-seed1-coloc-tl3600.out
28|1|20|0.01|1090,28,28-600-60,0.01,$\theta=0.01$,Str0+VI1,False,3600.01,202594.0,0.149173939857627,0.415200983443657,t2-pmed28-r1-R20-theta0.01-bbnc-i-l-facility-mixture-lh1090-low0.001to0.01-high0.1to0.5-seed1-coloc-tl3600.out
28|1|20|0.01|5050,28,28-600-60,0.01,$\theta=0.01$,Str0+VI1,False,3600.0,165688.0,0.0777205319335376,0.358216235128332,t2-pmed28-r1-R20-theta0.01-bbnc-i-l-facility-mixture-lh5050-low0.001to0.01-high0.1to0.5-seed1-coloc-tl3600.out
28|1|20|0.01|9010,28,28-600-60,0.01,$\theta=0.01$,Str0+VI1,True,17.95,1006.0,0.0,0.0914712670486096,t2-pmed28-r1-R20-theta0.01-bbnc-i-l-facility-mixture-lh9010-low0.001to0.01-high0.1to0.5-seed1-coloc-tl3600.out
28|1|20|0.01|1090,28,28-600-60,0.01,$\theta=0.01$,Str1+VI0,False,3600.0,152936.0,0.190272807189451,0.505406520449723,t2-pmed28-r1-R20-theta0.01-bbnc-i-e-facility-mixture-lh1090-low0.001to0.01-high0.1to0.5-seed1-coloc-tl3600.out
28|1|20|0.01|5050,28,28-600-60,0.01,$\theta=0.01$,Str1+VI0,False,3600.01,185392.0,0.102153567208768,0.463776553175546,t2-pmed28-r1-R20-theta0.01-bbnc-i-e-facility-mixture-lh5050-low0.001to0.01-high0.1to0.5-seed1-coloc-tl3600.out
28|1|20|0.01|9010,28,28-600-60,0.01,$\theta=0.01$,Str1+VI0,True,16.16,1845.0,0.0,0.158117424491518,t2-pmed28-r1-R20-theta0.01-bbnc-i-e-facility-mixture-lh9010-low0.001to0.01-high0.1to0.5-seed1-coloc-tl3600.out
28|1|20|0.01|1090,28,28-600-60,0.01,$\theta=0.01$,Str1+VI1,False,3600.01,168844.0,0.130482078398691,0.366147857882353,t2-pmed28-r1-R20-theta0.01-bbnc-i-e-l-facility-mixture-lh1090-low0.001to0.01-high0.1to0.5-seed1-coloc-tl3600.out
28|1|20|0.01|5050,28,28-600-60,0.01,$\theta=0.01$,Str1+VI1,False,3600.0,168412.0,0.0884456547577981,0.344659100422115,t2-pmed28-r1-R20-theta0.01-bbnc-i-e-l-facility-mixture-lh5050-low0.001to0.01-high0.1to0.5-seed1-coloc-tl3600.out
28|1|20|0.01|9010,28,28-600-60,0.01,$\theta=0.01$,Str1+VI1,True,11.72,411.0,0.0,0.0579971764215529,t2-pmed28-r1-R20-theta0.01-bbnc-i-e-l-facility-mixture-lh9010-low0.001to0.01-high0.1to0.5-seed1-coloc-tl3600.out
28|1|20|0.1|1090,28,28-600-60,0.1,$\theta=0.1$,Str0+VI0,False,3600.0,212602.0,0.157951215762054,0.510750050142565,t2-pmed28-r1-R20-theta0.1-bbnc-i-facility-mixture-lh1090-low0.001to0.01-high0.1to0.5-seed1-coloc-tl3600.out
28|1|20|0.1|5050,28,28-600-60,0.1,$\theta=0.1$,Str0+VI0,False,3600.01,228798.0,0.0912145662618322,0.472311529374936,t2-pmed28-r1-R20-theta0.1-bbnc-i-facility-mixture-lh5050-low0.001to0.01-high0.1to0.5-seed1-coloc-tl3600.out
28|1|20|0.1|9010,28,28-600-60,0.1,$\theta=0.1$,Str0+VI0,True,32.3,5088.0,0.0,0.210513477845212,t2-pmed28-r1-R20-theta0.1-bbnc-i-facility-mixture-lh9010-low0.001to0.01-high0.1to0.5-seed1-coloc-tl3600.out
28|1|20|0.1|1090,28,28-600-60,0.1,$\theta=0.1$,Str0+VI1,False,3600.01,175191.0,0.100012555593003,0.346447080806962,t2-pmed28-r1-R20-theta0.1-bbnc-i-l-facility-mixture-lh1090-low0.001to0.01-high0.1to0.5-seed1-coloc-tl3600.out
28|1|20|0.1|5050,28,28-600-60,0.1,$\theta=0.1$,Str0+VI1,False,3600.01,183398.0,0.0516238324007392,0.348511176365744,t2-pmed28-r1-R20-theta0.1-bbnc-i-l-facility-mixture-lh5050-low0.001to0.01-high0.1to0.5-seed1-coloc-tl3600.out
28|1|20|0.1|9010,28,28-600-60,0.1,$\theta=0.1$,Str0+VI1,True,39.73,4188.0,0.0,0.114386121268149,t2-pmed28-r1-R20-theta0.1-bbnc-i-l-facility-mixture-lh9010-low0.001to0.01-high0.1to0.5-seed1-coloc-tl3600.out
28|1|20|0.1|1090,28,28-600-60,0.1,$\theta=0.1$,Str1+VI0,False,3600.01,161435.0,0.0912879497741751,0.419278416428398,t2-pmed28-r1-R20-theta0.1-bbnc-i-e-facility-mixture-lh1090-low0.001to0.01-high0.1to0.5-seed1-coloc-tl3600.out
28|1|20|0.1|5050,28,28-600-60,0.1,$\theta=0.1$,Str1+VI0,False,3600.0,251824.0,0.0650039677469102,0.390803115170949,t2-pmed28-r1-R20-theta0.1-bbnc-i-e-facility-mixture-lh5050-low0.001to0.01-high0.1to0.5-seed1-coloc-tl3600.out
28|1|20|0.1|9010,28,28-600-60,0.1,$\theta=0.1$,Str1+VI0,True,36.53,5939.0,0.0,0.211098611053647,t2-pmed28-r1-R20-theta0.1-bbnc-i-e-facility-mixture-lh9010-low0.001to0.01-high0.1to0.5-seed1-coloc-tl3600.out
28|1|20|0.1|1090,28,28-600-60,0.1,$\theta=0.1$,Str1+VI1,False,3600.0,200282.0,0.0771825803869754,0.300910909499378,t2-pmed28-r1-R20-theta0.1-bbnc-i-e-l-facility-mixture-lh1090-low0.001to0.01-high0.1to0.5-seed1-coloc-tl3600.out
28|1|20|0.1|5050,28,28-600-60,0.1,$\theta=0.1$,Str1+VI1,False,3600.0,141112.0,0.0488328535292661,0.29288610724657,t2-pmed28-r1-R20-theta0.1-bbnc-i-e-l-facility-mixture-lh5050-low0.001to0.01-high0.1to0.5-seed1-coloc-tl3600.out
28|1|20|0.1|9010,28,28-600-60,0.1,$\theta=0.1$,Str1+VI1,True,29.7,2902.0,0.0,0.116110262816627,t2-pmed28-r1-R20-theta0.1-bbnc-i-e-l-facility-mixture-lh9010-low0.001to0.01-high0.1to0.5-seed1-coloc-tl3600.out
28|1|20|0.2|1090,28,28-600-60,0.2,$\theta=0.2$,Str0+VI0,False,3600.0,210535.0,0.141021523199815,0.572716633878759,t2-pmed28-r1-R20-theta0.2-bbnc-i-facility-mixture-lh1090-low0.001to0.01-high0.1to0.5-seed1-coloc-tl3600.out
28|1|20|0.2|5050,28,28-600-60,0.2,$\theta=0.2$,Str0+VI0,False,3600.0,253776.0,0.0347942230371766,0.410229822741787,t2-pmed28-r1-R20-theta0.2-bbnc-i-facility-mixture-lh5050-low0.001to0.01-high0.1to0.5-seed1-coloc-tl3600.out
28|1|20|0.2|9010,28,28-600-60,0.2,$\theta=0.2$,Str0+VI0,True,21.01,2291.0,0.0,0.233585427674655,t2-pmed28-r1-R20-theta0.2-bbnc-i-facility-mixture-lh9010-low0.001to0.01-high0.1to0.5-seed1-coloc-tl3600.out
28|1|20|0.2|1090,28,28-600-60,0.2,$\theta=0.2$,Str0+VI1,False,3600.01,197129.0,0.108423170271717,0.343893114805385,t2-pmed28-r1-R20-theta0.2-bbnc-i-l-facility-mixture-lh1090-low0.001to0.01-high0.1to0.5-seed1-coloc-tl3600.out
28|1|20|0.2|5050,28,28-600-60,0.2,$\theta=0.2$,Str0+VI1,True,3203.05,313750.0,0.0,0.266136680945854,t2-pmed28-r1-R20-theta0.2-bbnc-i-l-facility-mixture-lh5050-low0.001to0.01-high0.1to0.5-seed1-coloc-tl3600.out
28|1|20|0.2|9010,28,28-600-60,0.2,$\theta=0.2$,Str0+VI1,True,19.15,977.0,0.0,0.123831323129881,t2-pmed28-r1-R20-theta0.2-bbnc-i-l-facility-mixture-lh9010-low0.001to0.01-high0.1to0.5-seed1-coloc-tl3600.out
28|1|20|0.2|1090,28,28-600-60,0.2,$\theta=0.2$,Str1+VI0,False,3600.0,168905.0,0.110833834935516,0.411958053991186,t2-pmed28-r1-R20-theta0.2-bbnc-i-e-facility-mixture-lh1090-low0.001to0.01-high0.1to0.5-seed1-coloc-tl3600.out
28|1|20|0.2|5050,28,28-600-60,0.2,$\theta=0.2$,Str1+VI0,True,3156.34,274982.0,0.0,0.331315747970743,t2-pmed28-r1-R20-theta0.2-bbnc-i-e-facility-mixture-lh5050-low0.001to0.01-high0.1to0.5-seed1-coloc-tl3600.out
28|1|20|0.2|9010,28,28-600-60,0.2,$\theta=0.2$,Str1+VI0,True,23.34,2837.0,0.0,0.200897833322567,t2-pmed28-r1-R20-theta0.2-bbnc-i-e-facility-mixture-lh9010-low0.001to0.01-high0.1to0.5-seed1-coloc-tl3600.out
28|1|20|0.2|1090,28,28-600-60,0.2,$\theta=0.2$,Str1+VI1,False,3600.0,207433.0,0.083373632230635,0.287494179831818,t2-pmed28-r1-R20-theta0.2-bbnc-i-e-l-facility-mixture-lh1090-low0.001to0.01-high0.1to0.5-seed1-coloc-tl3600.out
28|1|20|0.2|5050,28,28-600-60,0.2,$\theta=0.2$,Str1+VI1,True,1953.83,174843.0,0.0,0.221376989029084,t2-pmed28-r1-R20-theta0.2-bbnc-i-e-l-facility-mixture-lh5050-low0.001to0.01-high0.1to0.5-seed1-coloc-tl3600.out
28|1|20|0.2|9010,28,28-600-60,0.2,$\theta=0.2$,Str1+VI1,True,18.34,930.0,0.0,0.1206337290829,t2-pmed28-r1-R20-theta0.2-bbnc-i-e-l-facility-mixture-lh9010-low0.001to0.01-high0.1to0.5-seed1-coloc-tl3600.out
28|2|20|0.01|1090,28,28-600-60,0.01,$\theta=0.01$,Str0+VI0,False,3600.01,188183.0,0.203919776760266,0.64656857534691,t2-pmed28-r2-R20-theta0.01-bbnc-i-facility-mixture-lh1090-low0.001to0.01-high0.1to0.5-seed1-coloc-tl3600.out
28|2|20|0.01|5050,28,28-600-60,0.01,$\theta=0.01$,Str0+VI0,False,3600.0,177342.0,0.157540410330256,0.5373030534802,t2-pmed28-r2-R20-theta0.01-bbnc-i-facility-mixture-lh5050-low0.001to0.01-high0.1to0.5-seed1-coloc-tl3600.out
28|2|20|0.01|9010,28,28-600-60,0.01,$\theta=0.01$,Str0+VI0,True,159.12,22992.0,0.0,0.557941182680112,t2-pmed28-r2-R20-theta0.01-bbnc-i-facility-mixture-lh9010-low0.001to0.01-high0.1to0.5-seed1-coloc-tl3600.out
28|2|20|0.01|1090,28,28-600-60,0.01,$\theta=0.01$,Str0+VI1,False,3600.0,154561.0,0.144407879280876,0.457917886644717,t2-pmed28-r2-R20-theta0.01-bbnc-i-l-facility-mixture-lh1090-low0.001to0.01-high0.1to0.5-seed1-coloc-tl3600.out
28|2|20|0.01|5050,28,28-600-60,0.01,$\theta=0.01$,Str0+VI1,False,3600.0,147662.0,0.0866340105913651,0.410731180991742,t2-pmed28-r2-R20-theta0.01-bbnc-i-l-facility-mixture-lh5050-low0.001to0.01-high0.1to0.5-seed1-coloc-tl3600.out
28|2|20|0.01|9010,28,28-600-60,0.01,$\theta=0.01$,Str0+VI1,True,51.14,4986.0,0.0,0.194915801459094,t2-pmed28-r2-R20-theta0.01-bbnc-i-l-facility-mixture-lh9010-low0.001to0.01-high0.1to0.5-seed1-coloc-tl3600.out
28|2|20|0.01|1090,28,28-600-60,0.01,$\theta=0.01$,Str1+VI0,False,3600.0,140786.0,0.21400755192061,0.556056214569373,t2-pmed28-r2-R20-theta0.01-bbnc-i-e-facility-mixture-lh1090-low0.001to0.01-high0.1to0.5-seed1-coloc-tl3600.out
28|2|20|0.01|5050,28,28-600-60,0.01,$\theta=0.01$,Str1+VI0,False,3600.0,174472.0,0.114128899891206,0.47185539803269,t2-pmed28-r2-R20-theta0.01-bbnc-i-e-facility-mixture-lh5050-low0.001to0.01-high0.1to0.5-seed1-coloc-tl3600.out
28|2|20|0.01|9010,28,28-600-60,0.01,$\theta=0.01$,Str1+VI0,True,159.92,26353.0,0.0,0.454419428730239,t2-pmed28-r2-R20-theta0.01-bbnc-i-e-facility-mixture-lh9010-low0.001to0.01-high0.1to0.5-seed1-coloc-tl3600.out
28|2|20|0.01|1090,28,28-600-60,0.01,$\theta=0.01$,Str1+VI1,False,3600.0,147166.0,0.153332196226953,0.410073419249668,t2-pmed28-r2-R20-theta0.01-bbnc-i-e-l-facility-mixture-lh1090-low0.001to0.01-high0.1to0.5-seed1-coloc-tl3600.out
28|2|20|0.01|5050,28,28-600-60,0.01,$\theta=0.01$,Str1+VI1,False,3600.01,155048.0,0.0966634296900041,0.371402156206591,t2-pmed28-r2-R20-theta0.01-bbnc-i-e-l-facility-mixture-lh5050-low0.001to0.01-high0.1to0.5-seed1-coloc-tl3600.out
28|2|20|0.01|9010,28,28-600-60,0.01,$\theta=0.01$,Str1+VI1,True,52.4,6208.0,0.0,0.17973317124576,t2-pmed28-r2-R20-theta0.01-bbnc-i-e-l-facility-mixture-lh9010-low0.001to0.01-high0.1to0.5-seed1-coloc-tl3600.out
28|2|20|0.1|1090,28,28-600-60,0.1,$\theta=0.1$,Str0+VI0,False,3600.0,199836.0,0.175738181021978,0.607790764305651,t2-pmed28-r2-R20-theta0.1-bbnc-i-facility-mixture-lh1090-low0.001to0.01-high0.1to0.5-seed1-coloc-tl3600.out
28|2|20|0.1|5050,28,28-600-60,0.1,$\theta=0.1$,Str0+VI0,False,3600.0,238508.0,0.103214871827222,0.599933217735611,t2-pmed28-r2-R20-theta0.1-bbnc-i-facility-mixture-lh5050-low0.001to0.01-high0.1to0.5-seed1-coloc-tl3600.out
28|2|20|0.1|9010,28,28-600-60,0.1,$\theta=0.1$,Str0+VI0,True,180.92,25713.0,0.0,0.543503571286019,t2-pmed28-r2-R20-theta0.1-bbnc-i-facility-mixture-lh9010-low0.001to0.01-high0.1to0.5-seed1-coloc-tl3600.out
28|2|20|0.1|1090,28,28-600-60,0.1,$\theta=0.1$,Str0+VI1,False,3600.0,186007.0,0.13101792726176,0.383942244600644,t2-pmed28-r2-R20-theta0.1-bbnc-i-l-facility-mixture-lh1090-low0.001to0.01-high0.1to0.5-seed1-coloc-tl3600.out
28|2|20|0.1|5050,28,28-600-60,0.1,$\theta=0.1$,Str0+VI1,False,3600.0,311838.0,0.0467945782829184,0.328074778496737,t2-pmed28-r2-R20-theta0.1-bbnc-i-l-facility-mixture-lh5050-low0.001to0.01-high0.1to0.5-seed1-coloc-tl3600.out
28|2|20|0.1|9010,28,28-600-60,0.1,$\theta=0.1$,Str0+VI1,True,48.43,4431.0,0.0,0.196895165314717,t2-pmed28-r2-R20-theta0.1-bbnc-i-l-facility-mixture-lh9010-low0.001to0.01-high0.1to0.5-seed1-coloc-tl3600.out
28|2|20|0.1|1090,28,28-600-60,0.1,$\theta=0.1$,Str1+VI0,False,3600.0,159122.0,0.124769141515859,0.45576607509632,t2-pmed28-r2-R20-theta0.1-bbnc-i-e-facility-mixture-lh1090-low0.001to0.01-high0.1to0.5-seed1-coloc-tl3600.out
28|2|20|0.1|5050,28,28-600-60,0.1,$\theta=0.1$,Str1+VI0,False,3600.0,171284.0,0.0416898285556765,0.387132234553392,t2-pmed28-r2-R20-theta0.1-bbnc-i-e-facility-mixture-lh5050-low0.001to0.01-high0.1to0.5-seed1-coloc-tl3600.out
28|2|20|0.1|9010,28,28-600-60,0.1,$\theta=0.1$,Str1+VI0,True,156.83,26222.0,0.0,0.45225237409383,t2-pmed28-r2-R20-theta0.1-bbnc-i-e-facility-mixture-lh9010-low0.001to0.01-high0.1to0.5-seed1-coloc-tl3600.out
28|2|20|0.1|1090,28,28-600-60,0.1,$\theta=0.1$,Str1+VI1,False,3600.01,186900.0,0.122680239968767,0.359703173499099,t2-pmed28-r2-R20-theta0.1-bbnc-i-e-l-facility-mixture-lh1090-low0.001to0.01-high0.1to0.5-seed1-coloc-tl3600.out
28|2|20|0.1|5050,28,28-600-60,0.1,$\theta=0.1$,Str1+VI1,False,3600.0,246641.0,0.0490560320620823,0.295221476515565,t2-pmed28-r2-R20-theta0.1-bbnc-i-e-l-facility-mixture-lh5050-low0.001to0.01-high0.1to0.5-seed1-coloc-tl3600.out
28|2|20|0.1|9010,28,28-600-60,0.1,$\theta=0.1$,Str1+VI1,True,44.35,4418.0,0.0,0.185357001649439,t2-pmed28-r2-R20-theta0.1-bbnc-i-e-l-facility-mixture-lh9010-low0.001to0.01-high0.1to0.5-seed1-coloc-tl3600.out
28|2|20|0.2|1090,28,28-600-60,0.2,$\theta=0.2$,Str0+VI0,False,3600.0,226658.0,0.0941785351435763,0.558854036771027,t2-pmed28-r2-R20-theta0.2-bbnc-i-facility-mixture-lh1090-low0.001to0.01-high0.1to0.5-seed1-coloc-tl3600.out
28|2|20|0.2|5050,28,28-600-60,0.2,$\theta=0.2$,Str0+VI0,True,2275.48,200911.0,0.0,0.464662538680205,t2-pmed28-r2-R20-theta0.2-bbnc-i-facility-mixture-lh5050-low0.001to0.01-high0.1to0.5-seed1-coloc-tl3600.out
28|2|20|0.2|9010,28,28-600-60,0.2,$\theta=0.2$,Str0+VI0,True,16.55,1363.0,0.0,0.52112088405184,t2-pmed28-r2-R20-theta0.2-bbnc-i-facility-mixture-lh9010-low0.001to0.01-high0.1to0.5-seed1-coloc-tl3600.out
28|2|20|0.2|1090,28,28-600-60,0.2,$\theta=0.2$,Str0+VI1,False,3600.01,205182.0,0.0513721509015102,0.299613120241373,t2-pmed28-r2-R20-theta0.2-bbnc-i-l-facility-mixture-lh1090-low0.001to0.01-high0.1to0.5-seed1-coloc-tl3600.out
28|2|20|0.2|5050,28,28-600-60,0.2,$\theta=0.2$,Str0+VI1,True,2292.35,254513.0,0.0,0.252613617964656,t2-pmed28-r2-R20-theta0.2-bbnc-i-l-facility-mixture-lh5050-low0.001to0.01-high0.1to0.5-seed1-coloc-tl3600.out
28|2|20|0.2|9010,28,28-600-60,0.2,$\theta=0.2$,Str0+VI1,True,17.91,951.0,0.0,0.137034044107151,t2-pmed28-r2-R20-theta0.2-bbnc-i-l-facility-mixture-lh9010-low0.001to0.01-high0.1to0.5-seed1-coloc-tl3600.out
28|2|20|0.2|1090,28,28-600-60,0.2,$\theta=0.2$,Str1+VI0,False,3600.0,206384.0,0.0776383634054531,0.445292146087242,t2-pmed28-r2-R20-theta0.2-bbnc-i-e-facility-mixture-lh1090-low0.001to0.01-high0.1to0.5-seed1-coloc-tl3600.out
28|2|20|0.2|5050,28,28-600-60,0.2,$\theta=0.2$,Str1+VI0,True,1795.01,187047.0,0.0,0.36093968286831,t2-pmed28-r2-R20-theta0.2-bbnc-i-e-facility-mixture-lh5050-low0.001to0.01-high0.1to0.5-seed1-coloc-tl3600.out
28|2|20|0.2|9010,28,28-600-60,0.2,$\theta=0.2$,Str1+VI0,True,17.07,1397.0,0.0,0.44619791258691,t2-pmed28-r2-R20-theta0.2-bbnc-i-e-facility-mixture-lh9010-low0.001to0.01-high0.1to0.5-seed1-coloc-tl3600.out
28|2|20|0.2|1090,28,28-600-60,0.2,$\theta=0.2$,Str1+VI1,False,3600.01,198725.0,0.0565081754912398,0.25903127057596,t2-pmed28-r2-R20-theta0.2-bbnc-i-e-l-facility-mixture-lh1090-low0.001to0.01-high0.1to0.5-seed1-coloc-tl3600.out
28|2|20|0.2|5050,28,28-600-60,0.2,$\theta=0.2$,Str1+VI1,True,2466.31,231752.0,0.0,0.231723170755418,t2-pmed28-r2-R20-theta0.2-bbnc-i-e-l-facility-mixture-lh5050-low0.001to0.01-high0.1to0.5-seed1-coloc-tl3600.out
28|2|20|0.2|9010,28,28-600-60,0.2,$\theta=0.2$,Str1+VI1,True,20.32,1013.0,0.0,0.12926196820061,t2-pmed28-r2-R20-theta0.2-bbnc-i-e-l-facility-mixture-lh9010-low0.001to0.01-high0.1to0.5-seed1-coloc-tl3600.out
29|1|20|0.01|1090,29,29-600-120,0.01,$\theta=0.01$,Str0+VI0,False,3600.0,103969.0,0.684209216298965,1.27682681868963,t2-pmed29-r1-R20-theta0.01-bbnc-i-facility-mixture-lh1090-low0.001to0.01-high0.1to0.5-seed1-coloc-tl3600.out
29|1|20|0.01|5050,29,29-600-120,0.01,$\theta=0.01$,Str0+VI0,False,3600.0,181551.0,0.335590571575085,0.773944602569353,t2-pmed29-r1-R20-theta0.01-bbnc-i-facility-mixture-lh5050-low0.001to0.01-high0.1to0.5-seed1-coloc-tl3600.out
29|1|20|0.01|9010,29,29-600-120,0.01,$\theta=0.01$,Str0+VI0,False,3600.0,359478.0,0.0270192366331002,0.565626561382556,t2-pmed29-r1-R20-theta0.01-bbnc-i-facility-mixture-lh9010-low0.001to0.01-high0.1to0.5-seed1-coloc-tl3600.out
29|1|20|0.01|1090,29,29-600-120,0.01,$\theta=0.01$,Str0+VI1,False,3600.0,78879.0,0.665442214711572,0.932167216868512,t2-pmed29-r1-R20-theta0.01-bbnc-i-l-facility-mixture-lh1090-low0.001to0.01-high0.1to0.5-seed1-coloc-tl3600.out
29|1|20|0.01|5050,29,29-600-120,0.01,$\theta=0.01$,Str0+VI1,False,3600.01,181863.0,0.202757491865046,0.454522896429514,t2-pmed29-r1-R20-theta0.01-bbnc-i-l-facility-mixture-lh5050-low0.001to0.01-high0.1to0.5-seed1-coloc-tl3600.out
29|1|20|0.01|9010,29,29-600-120,0.01,$\theta=0.01$,Str0+VI1,True,3594.51,462683.0,0.0,0.305492857647413,t2-pmed29-r1-R20-theta0.01-bbnc-i-l-facility-mixture-lh9010-low0.001to0.01-high0.1to0.5-seed1-coloc-tl3600.out
29|1|20|0.01|1090,29,29-600-120,0.01,$\theta=0.01$,Str1+VI0,False,3600.01,119099.0,0.347092058622526,0.791701329318301,t2-pmed29-r1-R20-theta0.01-bbnc-i-e-facility-mixture-lh1090-low0.001to0.01-high0.1to0.5-seed1-coloc-tl3600.out
29|1|20|0.01|5050,29,29-600-120,0.01,$\theta=0.01$,Str1+VI0,False,3600.0,171102.0,0.181603854682632,0.635167937939135,t2-pmed29-r1-R20-theta0.01-bbnc-i-e-facility-mixture-lh5050-low0.001to0.01-high0.1to0.5-seed1-coloc-tl3600.out
29|1|20|0.01|9010,29,29-600-120,0.01,$\theta=0.01$,Str1+VI0,True,1732.49,244684.0,0.0,0.498882590974529,t2-pmed29-r1-R20-theta0.01-bbnc-i-e-facility-mixture-lh9010-low0.001to0.01-high0.1to0.5-seed1-coloc-tl3600.out
29|1|20|0.01|1090,29,29-600-120,0.01,$\theta=0.01$,Str1+VI1,False,3600.0,120217.0,0.281998620341253,0.480451627545042,t2-pmed29-r1-R20-theta0.01-bbnc-i-e-l-facility-mixture-lh1090-low0.001to0.01-high0.1to0.5-seed1-coloc-tl3600.out
29|1|20|0.01|5050,29,29-600-120,0.01,$\theta=0.01$,Str1+VI1,False,3600.0,114327.0,0.105389666315608,0.340502509441714,t2-pmed29-r1-R20-theta0.01-bbnc-i-e-l-facility-mixture-lh5050-low0.001to0.01-high0.1to0.5-seed1-coloc-tl3600.out
29|1|20|0.01|9010,29,29-600-120,0.01,$\theta=0.01$,Str1+VI1,True,1760.61,280415.0,0.0,0.286782431290814,t2-pmed29-r1-R20-theta0.01-bbnc-i-e-l-facility-mixture-lh9010-low0.001to0.01-high0.1to0.5-seed1-coloc-tl3600.out
29|1|20|0.1|1090,29,29-600-120,0.1,$\theta=0.1$,Str0+VI0,False,3600.0,114386.0,0.645960613953474,1.26956499538584,t2-pmed29-r1-R20-theta0.1-bbnc-i-facility-mixture-lh1090-low0.001to0.01-high0.1to0.5-seed1-coloc-tl3600.out
29|1|20|0.1|5050,29,29-600-120,0.1,$\theta=0.1$,Str0+VI0,False,3600.0,199784.0,0.290768969153783,0.861754206396454,t2-pmed29-r1-R20-theta0.1-bbnc-i-facility-mixture-lh5050-low0.001to0.01-high0.1to0.5-seed1-coloc-tl3600.out
29|1|20|0.1|9010,29,29-600-120,0.1,$\theta=0.1$,Str0+VI0,True,452.89,55741.0,0.0,0.502996242664175,t2-pmed29-r1-R20-theta0.1-bbnc-i-facility-mixture-lh9010-low0.001to0.01-high0.1to0.5-seed1-coloc-tl3600.out
29|1|20|0.1|1090,29,29-600-120,0.1,$\theta=0.1$,Str0+VI1,False,3600.0,105736.0,0.576488712765089,0.84679481220765,t2-pmed29-r1-R20-theta0.1-bbnc-i-l-facility-mixture-lh1090-low0.001to0.01-high0.1to0.5-seed1-coloc-tl3600.out
29|1|20|0.1|5050,29,29-600-120,0.1,$\theta=0.1$,Str0+VI1,False,3600.01,195948.0,0.221563263830225,0.412603520631244,t2-pmed29-r1-R20-theta0.1-bbnc-i-l-facility-mixture-lh5050-low0.001to0.01-high0.1to0.5-seed1-coloc-tl3600.out
29|1|20|0.1|9010,29,29-600-120,0.1,$\theta=0.1$,Str0+VI1,True,133.43,12419.0,0.0,0.260666475764539,t2-pmed29-r1-R20-theta0.1-bbnc-i-l-facility-mixture-lh9010-low0.001to0.01-high0.1to0.5-seed1-coloc-tl3600.out
29|1|20|0.1|1090,29,29-600-120,0.1,$\theta=0.1$,Str1+VI0,False,3600.0,120347.0,0.304526614405001,0.764559551418987,t2-pmed29-r1-R20-theta0.1-bbnc-i-e-facility-mixture-lh1090-low0.001to0.01-high0.1to0.5-seed1-coloc-tl3600.out
29|1|20|0.1|5050,29,29-600-120,0.1,$\theta=0.1$,Str1+VI0,False,3600.0,179366.0,0.131663188934975,0.610557624764511,t2-pmed29-r1-R20-theta0.1-bbnc-i-e-facility-mixture-lh5050-low0.001to0.01-high0.1to0.5-seed1-coloc-tl3600.out
29|1|20|0.1|9010,29,29-600-120,0.1,$\theta=0.1$,Str1+VI0,True,294.66,38237.0,0.0,0.441070953649637,t2-pmed29-r1-R20-theta0.1-bbnc-i-e-facility-mixture-lh9010-low0.001to0.01-high0.1to0.5-seed1-coloc-tl3600.out
29|1|20|0.1|1090,29,29-600-120,0.1,$\theta=0.1$,Str1+VI1,False,3600.01,130619.0,0.266834255508883,0.468583483985622,t2-pmed29-r1-R20-theta0.1-bbnc-i-e-l-facility-mixture-lh1090-low0.001to0.01-high0.1to0.5-seed1-coloc-tl3600.out
29|1|20|0.1|5050,29,29-600-120,0.1,$\theta=0.1$,Str1+VI1,False,3600.0,112434.0,0.0577080424880368,0.263475570053476,t2-pmed29-r1-R20-theta0.1-bbnc-i-e-l-facility-mixture-lh5050-low0.001to0.01-high0.1to0.5-seed1-coloc-tl3600.out
29|1|20|0.1|9010,29,29-600-120,0.1,$\theta=0.1$,Str1+VI1,True,70.55,3411.0,0.0,0.247074568229915,t2-pmed29-r1-R20-theta0.1-bbnc-i-e-l-facility-mixture-lh9010-low0.001to0.01-high0.1to0.5-seed1-coloc-tl3600.out
29|1|20|0.2|1090,29,29-600-120,0.2,$\theta=0.2$,Str0+VI0,False,3600.0,116386.0,0.554951952366467,1.28632504572526,t2-pmed29-r1-R20-theta0.2-bbnc-i-facility-mixture-lh1090-low0.001to0.01-high0.1to0.5-seed1-coloc-tl3600.out
29|1|20|0.2|5050,29,29-600-120,0.2,$\theta=0.2$,Str0+VI0,False,3600.0,218242.0,0.231197957333951,0.869644929397976,t2-pmed29-r1-R20-theta0.2-bbnc-i-facility-mixture-lh5050-low0.001to0.01-high0.1to0.5-seed1-coloc-tl3600.out
29|1|20|0.2|9010,29,29-600-120,0.2,$\theta=0.2$,Str0+VI0,True,90.07,11835.0,0.0,0.396267931989094,t2-pmed29-r1-R20-theta0.2-bbnc-i-facility-mixture-lh9010-low0.001to0.01-high0.1to0.5-seed1-coloc-tl3600.out
29|1|20|0.2|1090,29,29-600-120,0.2,$\theta=0.2$,Str0+VI1,False,3600.0,110503.0,0.448422403842468,0.693766930106744,t2-pmed29-r1-R20-theta0.2-bbnc-i-l-facility-mixture-lh1090-low0.001to0.01-high0.1to0.5-seed1-coloc-tl3600.out
29|1|20|0.2|5050,29,29-600-120,0.2,$\theta=0.2$,Str0+VI1,False,3600.01,199382.0,0.143036593095898,0.334487525379688,t2-pmed29-r1-R20-theta0.2-bbnc-i-l-facility-mixture-lh5050-low0.001to0.01-high0.1to0.5-seed1-coloc-tl3600.out
29|1|20|0.2|9010,29,29-600-120,0.2,$\theta=0.2$,Str0+VI1,True,53.28,2597.0,0.0,0.17025806076214,t2-pmed29-r1-R20-theta0.2-bbnc-i-l-facility-mixture-lh9010-low0.001to0.01-high0.1to0.5-seed1-coloc-tl3600.out
29|1|20|0.2|1090,29,29-600-120,0.2,$\theta=0.2$,Str1+VI0,False,3600.0,136363.0,0.261664851789799,0.817901374513792,t2-pmed29-r1-R20-theta0.2-bbnc-i-e-facility-mixture-lh1090-low0.001to0.01-high0.1to0.5-seed1-coloc-tl3600.out
29|1|20|0.2|5050,29,29-600-120,0.2,$\theta=0.2$,Str1+VI0,False,3600.01,188450.0,0.13663319915654,0.633251675314873,t2-pmed29-r1-R20-theta0.2-bbnc-i-e-facility-mixture-lh5050-low0.001to0.01-high0.1to0.5-seed1-coloc-tl3600.out
29|1|20|0.2|9010,29,29-600-120,0.2,$\theta=0.2$,Str1+VI0,True,70.27,9512.0,0.0,0.301848038568066,t2-pmed29-r1-R20-theta0.2-bbnc-i-e-facility-mixture-lh9010-low0.001to0.01-high0.1to0.5-seed1-coloc-tl3600.out
29|1|20|0.2|1090,29,29-600-120,0.2,$\theta=0.2$,Str1+VI1,False,3600.0,94712.0,0.248684826377427,0.445993426119705,t2-pmed29-r1-R20-theta0.2-bbnc-i-e-l-facility-mixture-lh1090-low0.001to0.01-high0.1to0.5-seed1-coloc-tl3600.out
29|1|20|0.2|5050,29,29-600-120,0.2,$\theta=0.2$,Str1+VI1,False,3600.0,101059.0,0.0396155374162972,0.227515703624338,t2-pmed29-r1-R20-theta0.2-bbnc-i-e-l-facility-mixture-lh5050-low0.001to0.01-high0.1to0.5-seed1-coloc-tl3600.out
29|1|20|0.2|9010,29,29-600-120,0.2,$\theta=0.2$,Str1+VI1,True,48.3,2941.0,0.0,0.13402931019023,t2-pmed29-r1-R20-theta0.2-bbnc-i-e-l-facility-mixture-lh9010-low0.001to0.01-high0.1to0.5-seed1-coloc-tl3600.out
29|2|20|0.01|1090,29,29-600-120,0.01,$\theta=0.01$,Str0+VI0,False,3600.0,95361.0,0.868605133355818,1.5405495765344,t2-pmed29-r2-R20-theta0.01-bbnc-i-facility-mixture-lh1090-low0.001to0.01-high0.1to0.5-seed1-coloc-tl3600.out
29|2|20|0.01|5050,29,29-600-120,0.01,$\theta=0.01$,Str0+VI0,False,3600.01,193843.0,0.39709990407854,0.90647885136086,t2-pmed29-r2-R20-theta0.01-bbnc-i-facility-mixture-lh5050-low0.001to0.01-high0.1to0.5-seed1-coloc-tl3600.out
29|2|20|0.01|9010,29,29-600-120,0.01,$\theta=0.01$,Str0+VI0,False,3600.0,331051.0,0.0674883790340338,0.715865286413818,t2-pmed29-r2-R20-theta0.01-bbnc-i-facility-mixture-lh9010-low0.001to0.01-high0.1to0.5-seed1-coloc-tl3600.out
29|2|20|0.01|1090,29,29-600-120,0.01,$\theta=0.01$,Str0+VI1,False,3600.0,75599.0,0.697988896085706,1.00521487879883,t2-pmed29-r2-R20-theta0.01-bbnc-i-l-facility-mixture-lh1090-low0.001to0.01-high0.1to0.5-seed1-coloc-tl3600.out
29|2|20|0.01|5050,29,29-600-120,0.01,$\theta=0.01$,Str0+VI1,False,3600.0,153782.0,0.309087125597757,0.60047573225321,t2-pmed29-r2-R20-theta0.01-bbnc-i-l-facility-mixture-lh5050-low0.001to0.01-high0.1to0.5-seed1-coloc-tl3600.out
29|2|20|0.01|9010,29,29-600-120,0.01,$\theta=0.01$,Str0+VI1,True,2545.42,403221.0,0.0,0.399085895642257,t2-pmed29-r2-R20-theta0.01-bbnc-i-l-facility-mixture-lh9010-low0.001to0.01-high0.1to0.5-seed1-coloc-tl3600.out
29|2|20|0.01|1090,29,29-600-120,0.01,$\theta=0.01$,Str1+VI0,False,3600.0,116057.0,0.414176085832396,0.885225642781068,t2-pmed29-r2-R20-theta0.01-bbnc-i-e-facility-mixture-lh1090-low0.001to0.01-high0.1to0.5-seed1-coloc-tl3600.out
29|2|20|0.01|5050,29,29-600-120,0.01,$\theta=0.01$,Str1+VI0,False,3600.0,162391.0,0.233819483353853,0.660668131626373,t2-pmed29-r2-R20-theta0.01-bbnc-i-e-facility-mixture-lh5050-low0.001to0.01-high0.1to0.5-seed1-coloc-tl3600.out
29|2|20|0.01|9010,29,29-600-120,0.01,$\theta=0.01$,Str1+VI0,True,1852.59,196763.0,0.0,0.618527684737293,t2-pmed29-r2-R20-theta0.01-bbnc-i-e-facility-mixture-lh9010-low0.001to0.01-high0.1to0.5-seed1-coloc-tl3600.out
29|2|20|0.01|1090,29,29-600-120,0.01,$\theta=0.01$,Str1+VI1,False,3600.0,77663.0,0.39926511717279,0.63667552274901,t2-pmed29-r2-R20-theta0.01-bbnc-i-e-l-facility-mixture-lh1090-low0.001to0.01-high0.1to0.5-seed1-coloc-tl3600.out
29|2|20|0.01|5050,29,29-600-120,0.01,$\theta=0.01$,Str1+VI1,False,3600.01,138110.0,0.126547507931901,0.352300681358041,t2-pmed29-r2-R20-theta0.01-bbnc-i-e-l-facility-mixture-lh5050-low0.001to0.01-high0.1to0.5-seed1-coloc-tl3600.out
29|2|20|0.01|9010,29,29-600-120,0.01,$\theta=0.01$,Str1+VI1,True,506.78,26983.0,0.0,0.368133308452278,t2-pmed29-r2-R20-theta0.01-bbnc-i-e-l-facility-mixture-lh9010-low0.001to0.01-high0.1to0.5-seed1-coloc-tl3600.out
29|2|20|0.1|1090,29,29-600-120,0.1,$\theta=0.1$,Str0+VI0,False,3600.0,102011.0,0.763297520811207,1.44938488961255,t2-pmed29-r2-R20-theta0.1-bbnc-i-facility-mixture-lh1090-low0.001to0.01-high0.1to0.5-seed1-coloc-tl3600.out
29|2|20|0.1|5050,29,29-600-120,0.1,$\theta=0.1$,Str0+VI0,False,3600.0,176261.0,0.415204862176526,0.972273940221438,t2-pmed29-r2-R20-theta0.1-bbnc-i-facility-mixture-lh5050-low0.001to0.01-high0.1to0.5-seed1-coloc-tl3600.out
29|2|20|0.1|9010,29,29-600-120,0.1,$\theta=0.1$,Str0+VI0,False,3600.0,469337.0,0.0252022397640302,0.662602939238023,t2-pmed29-r2-R20-theta0.1-bbnc-i-facility-mixture-lh9010-low0.001to0.01-high0.1to0.5-seed1-coloc-tl3600.out
29|2|20|0.1|1090,29,29-600-120,0.1,$\theta=0.1$,Str0+VI1,False,3600.0,95556.0,0.697179197358531,1.0254528167497,t2-pmed29-r2-R20-theta0.1-bbnc-i-l-facility-mixture-lh1090-low0.001to0.01-high0.1to0.5-seed1-coloc-tl3600.out
29|2|20|0.1|5050,29,29-600-120,0.1,$\theta=0.1$,Str0+VI1,False,3600.0,293608.0,0.111168571422818,0.356176942808147,t2-pmed29-r2-R20-theta0.1-bbnc-i-l-facility-mixture-lh5050-low0.001to0.01-high0.1to0.5-seed1-coloc-tl3600.out
29|2|20|0.1|9010,29,29-600-120,0.1,$\theta=0.1$,Str0+VI1,True,429.91,43923.0,0.0,0.328385817942334,t2-pmed29-r2-R20-theta0.1-bbnc-i-l-facility-mixture-lh9010-low0.001to0.01-high0.1to0.5-seed1-coloc-tl3600.out
29|2|20|0.1|1090,29,29-600-120,0.1,$\theta=0.1$,Str1+VI0,False,3600.0,102270.0,0.400987432789954,0.93264317634284,t2-pmed29-r2-R20-theta0.1-bbnc-i-e-facility-mixture-lh1090-low0.001to0.01-high0.1to0.5-seed1-coloc-tl3600.out
29|2|20|0.1|5050,29,29-600-120,0.1,$\theta=0.1$,Str1+VI0,False,3600.0,137335.0,0.118539399807769,0.592804600023807,t2-pmed29-r2-R20-theta0.1-bbnc-i-e-facility-mixture-lh5050-low0.001to0.01-high0.1to0.5-seed1-coloc-tl3600.out
29|2|20|0.1|9010,29,29-600-120,0.1,$\theta=0.1$,Str1+VI0,True,1493.87,160320.0,0.0,0.554020185136231,t2-pmed29-r2-R20-theta0.1-bbnc-i-e-facility-mixture-lh9010-low0.001to0.01-high0.1to0.5-seed1-coloc-tl3600.out
29|2|20|0.1|1090,29,29-600-120,0.1,$\theta=0.1$,Str1+VI1,False,3600.0,74771.0,0.330204126640261,0.55368937921616,t2-pmed29-r2-R20-theta0.1-bbnc-i-e-l-facility-mixture-lh1090-low0.001to0.01-high0.1to0.5-seed1-coloc-tl3600.out
29|2|20|0.1|5050,29,29-600-120,0.1,$\theta=0.1$,Str1+VI1,False,3600.0,108342.0,0.0463041729099796,0.276940399025754,t2-pmed29-r2-R20-theta0.1-bbnc-i-e-l-facility-mixture-lh5050-low0.001to0.01-high0.1to0.5-seed1-coloc-tl3600.out
29|2|20|0.1|9010,29,29-600-120,0.1,$\theta=0.1$,Str1+VI1,True,993.49,117826.0,0.0,0.285292677050855,t2-pmed29-r2-R20-theta0.1-bbnc-i-e-l-facility-mixture-lh9010-low0.001to0.01-high0.1to0.5-seed1-coloc-tl3600.out
29|2|20|0.2|1090,29,29-600-120,0.2,$\theta=0.2$,Str0+VI0,False,3600.0,114737.0,0.49771793737245,1.31273838859566,t2-pmed29-r2-R20-theta0.2-bbnc-i-facility-mixture-lh1090-low0.001to0.01-high0.1to0.5-seed1-coloc-tl3600.out
29|2|20|0.2|5050,29,29-600-120,0.2,$\theta=0.2$,Str0+VI0,False,3600.01,194554.0,0.25238210144955,0.909186070821614,t2-pmed29-r2-R20-theta0.2-bbnc-i-facility-mixture-lh5050-low0.001to0.01-high0.1to0.5-seed1-coloc-tl3600.out
29|2|20|0.2|9010,29,29-600-120,0.2,$\theta=0.2$,Str0+VI0,True,606.23,68217.0,0.0,0.539157004889338,t2-pmed29-r2-R20-theta0.2-bbnc-i-facility-mixture-lh9010-low0.001to0.01-high0.1to0.5-seed1-coloc-tl3600.out
29|2|20|0.2|1090,29,29-600-120,0.2,$\theta=0.2$,Str0+VI1,False,3600.0,118877.0,0.337164739616016,0.640065705731394,t2-pmed29-r2-R20-theta0.2-bbnc-i-l-facility-mixture-lh1090-low0.001to0.01-high0.1to0.5-seed1-coloc-tl3600.out
29|2|20|0.2|5050,29,29-600-120,0.2,$\theta=0.2$,Str0+VI1,False,3600.0,202954.0,0.164866888574412,0.370261394058939,t2-pmed29-r2-R20-theta0.2-bbnc-i-l-facility-mixture-lh5050-low0.001to0.01-high0.1to0.5-seed1-coloc-tl3600.out
29|2|20|0.2|9010,29,29-600-120,0.2,$\theta=0.2$,Str0+VI1,True,98.85,4384.0,0.0,0.248813257119198,t2-pmed29-r2-R20-theta0.2-bbnc-i-l-facility-mixture-lh9010-low0.001to0.01-high0.1to0.5-seed1-coloc-tl3600.out
29|2|20|0.2|1090,29,29-600-120,0.2,$\theta=0.2$,Str1+VI0,False,3600.0,113342.0,0.323970927474145,0.911908476402163,t2-pmed29-r2-R20-theta0.2-bbnc-i-e-facility-mixture-lh1090-low0.001to0.01-high0.1to0.5-seed1-coloc-tl3600.out
29|2|20|0.2|5050,29,29-600-120,0.2,$\theta=0.2$,Str1+VI0,False,3600.0,193874.0,0.12462799903478,0.655485565644124,t2-pmed29-r2-R20-theta0.2-bbnc-i-e-facility-mixture-lh5050-low0.001to0.01-high0.1to0.5-seed1-coloc-tl3600.out
29|2|20|0.2|9010,29,29-600-120,0.2,$\theta=0.2$,Str1+VI0,True,226.58,24347.0,0.0,0.498586294897692,t2-pmed29-r2-R20-theta0.2-bbnc-i-e-facility-mixture-lh9010-low0.001to0.01-high0.1to0.5-seed1-coloc-tl3600.out
29|2|20|0.2|1090,29,29-600-120,0.2,$\theta=0.2$,Str1+VI1,False,3600.0,72382.0,0.20833987258773,0.412147232541446,t2-pmed29-r2-R20-theta0.2-bbnc-i-e-l-facility-mixture-lh1090-low0.001to0.01-high0.1to0.5-seed1-coloc-tl3600.out
29|2|20|0.2|5050,29,29-600-120,0.2,$\theta=0.2$,Str1+VI1,False,3600.01,152754.0,0.0807760096139272,0.275127568846277,t2-pmed29-r2-R20-theta0.2-bbnc-i-e-l-facility-mixture-lh5050-low0.001to0.01-high0.1to0.5-seed1-coloc-tl3600.out
29|2|20|0.2|9010,29,29-600-120,0.2,$\theta=0.2$,Str1+VI1,True,235.13,23996.0,0.0,0.213322271061388,t2-pmed29-r2-R20-theta0.2-bbnc-i-e-l-facility-mixture-lh9010-low0.001to0.01-high0.1to0.5-seed1-coloc-tl3600.out
3|1|20|0.01|1090,3,3-100-10,0.01,$\theta=0.01$,Str0+VI0,True,0.21,266.0,0.0,1.96852928610848,t2-pmed3-r1-R20-theta0.01-bbnc-i-facility-mixture-lh1090-low0.001to0.01-high0.1to0.5-seed1-coloc-tl3600.out
3|1|20|0.01|5050,3,3-100-10,0.01,$\theta=0.01$,Str0+VI0,True,0.06,15.0,0.0,0.90504238337542,t2-pmed3-r1-R20-theta0.01-bbnc-i-facility-mixture-lh5050-low0.001to0.01-high0.1to0.5-seed1-coloc-tl3600.out
3|1|20|0.01|9010,3,3-100-10,0.01,$\theta=0.01$,Str0+VI0,True,0.11,94.0,0.0,2.42861752988097,t2-pmed3-r1-R20-theta0.01-bbnc-i-facility-mixture-lh9010-low0.001to0.01-high0.1to0.5-seed1-coloc-tl3600.out
3|1|20|0.01|1090,3,3-100-10,0.01,$\theta=0.01$,Str0+VI1,True,0.06,8.0,0.0,0.0548588568052702,t2-pmed3-r1-R20-theta0.01-bbnc-i-l-facility-mixture-lh1090-low0.001to0.01-high0.1to0.5-seed1-coloc-tl3600.out
3|1|20|0.01|5050,3,3-100-10,0.01,$\theta=0.01$,Str0+VI1,True,0.08,3.0,0.0,0.0,t2-pmed3-r1-R20-theta0.01-bbnc-i-l-facility-mixture-lh5050-low0.001to0.01-high0.1to0.5-seed1-coloc-tl3600.out
3|1|20|0.01|9010,3,3-100-10,0.01,$\theta=0.01$,Str0+VI1,True,0.07,11.0,0.0,1.29709714938547,t2-pmed3-r1-R20-theta0.01-bbnc-i-l-facility-mixture-lh9010-low0.001to0.01-high0.1to0.5-seed1-coloc-tl3600.out
3|1|20|0.01|1090,3,3-100-10,0.01,$\theta=0.01$,Str1+VI0,True,0.09,47.0,0.0,1.46263927679033,t2-pmed3-r1-R20-theta0.01-bbnc-i-e-facility-mixture-lh1090-low0.001to0.01-high0.1to0.5-seed1-coloc-tl3600.out
3|1|20|0.01|5050,3,3-100-10,0.01,$\theta=0.01$,Str1+VI0,True,0.09,31.0,0.0,0.712149914587015,t2-pmed3-r1-R20-theta0.01-bbnc-i-e-facility-mixture-lh5050-low0.001to0.01-high0.1to0.5-seed1-coloc-tl3600.out
3|1|20|0.01|9010,3,3-100-10,0.01,$\theta=0.01$,Str1+VI0,True,0.66,1000.0,0.0,1.53936323872894,t2-pmed3-r1-R20-theta0.01-bbnc-i-e-facility-mixture-lh9010-low0.001to0.01-high0.1to0.5-seed1-coloc-tl3600.out
3|1|20|0.01|1090,3,3-100-10,0.01,$\theta=0.01$,Str1+VI1,True,0.07,6.0,0.0,0.0667195675648658,t2-pmed3-r1-R20-theta0.01-bbnc-i-e-l-facility-mixture-lh1090-low0.001to0.01-high0.1to0.5-seed1-coloc-tl3600.out
3|1|20|0.01|5050,3,3-100-10,0.01,$\theta=0.01$,Str1+VI1,True,0.06,2.0,0.0,0.0,t2-pmed3-r1-R20-theta0.01-bbnc-i-e-l-facility-mixture-lh5050-low0.001to0.01-high0.1to0.5-seed1-coloc-tl3600.out
3|1|20|0.01|9010,3,3-100-10,0.01,$\theta=0.01$,Str1+VI1,True,0.08,35.0,0.0,1.17450184858293,t2-pmed3-r1-R20-theta0.01-bbnc-i-e-l-facility-mixture-lh9010-low0.001to0.01-high0.1to0.5-seed1-coloc-tl3600.out
3|1|20|0.1|1090,3,3-100-10,0.1,$\theta=0.1$,Str0+VI0,True,0.25,380.0,0.0,1.82652290791415,t2-pmed3-r1-R20-theta0.1-bbnc-i-facility-mixture-lh1090-low0.001to0.01-high0.1to0.5-seed1-coloc-tl3600.out
3|1|20|0.1|5050,3,3-100-10,0.1,$\theta=0.1$,Str0+VI0,True,0.05,14.0,0.0,0.476281107408241,t2-pmed3-r1-R20-theta0.1-bbnc-i-facility-mixture-lh5050-low0.001to0.01-high0.1to0.5-seed1-coloc-tl3600.out
3|1|20|0.1|9010,3,3-100-10,0.1,$\theta=0.1$,Str0+VI0,True,0.12,44.0,0.0,1.60682187636437,t2-pmed3-r1-R20-theta0.1-bbnc-i-facility-mixture-lh9010-low0.001to0.01-high0.1to0.5-seed1-coloc-tl3600.out
3|1|20|0.1|1090,3,3-100-10,0.1,$\theta=0.1$,Str0+VI1,True,0.05,5.0,0.0,0.0165109192508492,t2-pmed3-r1-R20-theta0.1-bbnc-i-l-facility-mixture-lh1090-low0.001to0.01-high0.1to0.5-seed1-coloc-tl3600.out
3|1|20|0.1|5050,3,3-100-10,0.1,$\theta=0.1$,Str0+VI1,True,0.05,7.0,0.0,0.179841478885546,t2-pmed3-r1-R20-theta0.1-bbnc-i-l-facility-mixture-lh5050-low0.001to0.01-high0.1to0.5-seed1-coloc-tl3600.out
3|1|20|0.1|9010,3,3-100-10,0.1,$\theta=0.1$,Str0+VI1,True,0.11,66.0,0.0,0.388708676301606,t2-pmed3-r1-R20-theta0.1-bbnc-i-l-facility-mixture-lh9010-low0.001to0.01-high0.1to0.5-seed1-coloc-tl3600.out
3|1|20|0.1|1090,3,3-100-10,0.1,$\theta=0.1$,Str1+VI0,True,0.19,270.0,0.0,1.13965781760957,t2-pmed3-r1-R20-theta0.1-bbnc-i-e-facility-mixture-lh1090-low0.001to0.01-high0.1to0.5-seed1-coloc-tl3600.out
3|1|20|0.1|5050,3,3-100-10,0.1,$\theta=0.1$,Str1+VI0,True,0.05,4.0,0.0,0.0971189167123001,t2-pmed3-r1-R20-theta0.1-bbnc-i-e-facility-mixture-lh5050-low0.001to0.01-high0.1to0.5-seed1-coloc-tl3600.out
3|1|20|0.1|9010,3,3-100-10,0.1,$\theta=0.1$,Str1+VI0,True,1.06,1968.0,0.0,1.29465728515848,t2-pmed3-r1-R20-theta0.1-bbnc-i-e-facility-mixture-lh9010-low0.001to0.01-high0.1to0.5-seed1-coloc-tl3600.out
3|1|20|0.1|1090,3,3-100-10,0.1,$\theta=0.1$,Str1+VI1,True,0.06,3.0,0.0,0.0,t2-pmed3-r1-R20-theta0.1-bbnc-i-e-l-facility-mixture-lh1090-low0.001to0.01-high0.1to0.5-seed1-coloc-tl3600.out
3|1|20|0.1|5050,3,3-100-10,0.1,$\theta=0.1$,Str1+VI1,True,0.04,0.0,0.0,0.0,t2-pmed3-r1-R20-theta0.1-bbnc-i-e-l-facility-mixture-lh5050-low0.001to0.01-high0.1to0.5-seed1-coloc-tl3600.out
3|1|20|0.1|9010,3,3-100-10,0.1,$\theta=0.1$,Str1+VI1,True,0.06,16.0,0.0,0.429711030663156,t2-pmed3-r1-R20-theta0.1-bbnc-i-e-l-facility-mixture-lh9010-low0.001to0.01-high0.1to0.5-seed1-coloc-tl3600.out
3|1|20|0.2|1090,3,3-100-10,0.2,$\theta=0.2$,Str0+VI0,True,0.13,156.0,0.0,1.51807945564079,t2-pmed3-r1-R20-theta0.2-bbnc-i-facility-mixture-lh1090-low0.001to0.01-high0.1to0.5-seed1-coloc-tl3600.out
3|1|20|0.2|5050,3,3-100-10,0.2,$\theta=0.2$,Str0+VI0,True,0.05,13.0,0.0,0.377517561793443,t2-pmed3-r1-R20-theta0.2-bbnc-i-facility-mixture-lh5050-low0.001to0.01-high0.1to0.5-seed1-coloc-tl3600.out
3|1|20|0.2|9010,3,3-100-10,0.2,$\theta=0.2$,Str0+VI0,True,0.05,8.0,0.0,0.703807765242849,t2-pmed3-r1-R20-theta0.2-bbnc-i-facility-mixture-lh9010-low0.001to0.01-high0.1to0.5-seed1-coloc-tl3600.out
3|1|20|0.2|1090,3,3-100-10,0.2,$\theta=0.2$,Str0+VI1,True,0.04,0.0,0.0,0.0,t2-pmed3-r1-R20-theta0.2-bbnc-i-l-facility-mixture-lh1090-low0.001to0.01-high0.1to0.5-seed1-coloc-tl3600.out
3|1|20|0.2|5050,3,3-100-10,0.2,$\theta=0.2$,Str0+VI1,True,0.05,3.0,0.0,0.0,t2-pmed3-r1-R20-theta0.2-bbnc-i-l-facility-mixture-lh5050-low0.001to0.01-high0.1to0.5-seed1-coloc-tl3600.out
3|1|20|0.2|9010,3,3-100-10,0.2,$\theta=0.2$,Str0+VI1,True,0.06,0.0,0.0,0.0,t2-pmed3-r1-R20-theta0.2-bbnc-i-l-facility-mixture-lh9010-low0.001to0.01-high0.1to0.5-seed1-coloc-tl3600.out
3|1|20|0.2|1090,3,3-100-10,0.2,$\theta=0.2$,Str1+VI0,True,0.14,199.0,0.0,1.56347112825555,t2-pmed3-r1-R20-theta0.2-bbnc-i-e-facility-mixture-lh1090-low0.001to0.01-high0.1to0.5-seed1-coloc-tl3600.out
3|1|20|0.2|5050,3,3-100-10,0.2,$\theta=0.2$,Str1+VI0,True,0.06,26.0,0.0,0.439675441983804,t2-pmed3-r1-R20-theta0.2-bbnc-i-e-facility-mixture-lh5050-low0.001to0.01-high0.1to0.5-seed1-coloc-tl3600.out
3|1|20|0.2|9010,3,3-100-10,0.2,$\theta=0.2$,Str1+VI0,True,0.28,530.0,0.0,1.17956605131737,t2-pmed3-r1-R20-theta0.2-bbnc-i-e-facility-mixture-lh9010-low0.001to0.01-high0.1to0.5-seed1-coloc-tl3600.out
3|1|20|0.2|1090,3,3-100-10,0.2,$\theta=0.2$,Str1+VI1,True,0.04,0.0,0.0,0.0,t2-pmed3-r1-R20-theta0.2-bbnc-i-e-l-facility-mixture-lh1090-low0.001to0.01-high0.1to0.5-seed1-coloc-tl3600.out
3|1|20|0.2|5050,3,3-100-10,0.2,$\theta=0.2$,Str1+VI1,True,0.04,0.0,0.0,0.0,t2-pmed3-r1-R20-theta0.2-bbnc-i-e-l-facility-mixture-lh5050-low0.001to0.01-high0.1to0.5-seed1-coloc-tl3600.out
3|1|20|0.2|9010,3,3-100-10,0.2,$\theta=0.2$,Str1+VI1,True,0.04,0.0,0.0,0.0,t2-pmed3-r1-R20-theta0.2-bbnc-i-e-l-facility-mixture-lh9010-low0.001to0.01-high0.1to0.5-seed1-coloc-tl3600.out
3|2|20|0.01|1090,3,3-100-10,0.01,$\theta=0.01$,Str0+VI0,True,0.2,266.0,0.0,1.96852928610848,t2-pmed3-r2-R20-theta0.01-bbnc-i-facility-mixture-lh1090-low0.001to0.01-high0.1to0.5-seed1-coloc-tl3600.out
3|2|20|0.01|5050,3,3-100-10,0.01,$\theta=0.01$,Str0+VI0,True,0.06,15.0,0.0,0.90504238337542,t2-pmed3-r2-R20-theta0.01-bbnc-i-facility-mixture-lh5050-low0.001to0.01-high0.1to0.5-seed1-coloc-tl3600.out
3|2|20|0.01|9010,3,3-100-10,0.01,$\theta=0.01$,Str0+VI0,True,0.11,94.0,0.0,2.42861752988097,t2-pmed3-r2-R20-theta0.01-bbnc-i-facility-mixture-lh9010-low0.001to0.01-high0.1to0.5-seed1-coloc-tl3600.out
3|2|20|0.01|1090,3,3-100-10,0.01,$\theta=0.01$,Str0+VI1,True,0.06,8.0,0.0,0.0548588568052702,t2-pmed3-r2-R20-theta0.01-bbnc-i-l-facility-mixture-lh1090-low0.001to0.01-high0.1to0.5-seed1-coloc-tl3600.out
3|2|20|0.01|5050,3,3-100-10,0.01,$\theta=0.01$,Str0+VI1,True,0.06,3.0,0.0,0.0,t2-pmed3-r2-R20-theta0.01-bbnc-i-l-facility-mixture-lh5050-low0.001to0.01-high0.1to0.5-seed1-coloc-tl3600.out
3|2|20|0.01|9010,3,3-100-10,0.01,$\theta=0.01$,Str0+VI1,True,0.11,11.0,0.0,1.29709714938547,t2-pmed3-r2-R20-theta0.01-bbnc-i-l-facility-mixture-lh9010-low0.001to0.01-high0.1to0.5-seed1-coloc-tl3600.out
3|2|20|0.01|1090,3,3-100-10,0.01,$\theta=0.01$,Str1+VI0,True,0.09,47.0,0.0,1.46263927679033,t2-pmed3-r2-R20-theta0.01-bbnc-i-e-facility-mixture-lh1090-low0.001to0.01-high0.1to0.5-seed1-coloc-tl3600.out
3|2|20|0.01|5050,3,3-100-10,0.01,$\theta=0.01$,Str1+VI0,True,0.07,31.0,0.0,0.712149914587015,t2-pmed3-r2-R20-theta0.01-bbnc-i-e-facility-mixture-lh5050-low0.001to0.01-high0.1to0.5-seed1-coloc-tl3600.out
3|2|20|0.01|9010,3,3-100-10,0.01,$\theta=0.01$,Str1+VI0,True,0.66,1000.0,0.0,1.53936323872894,t2-pmed3-r2-R20-theta0.01-bbnc-i-e-facility-mixture-lh9010-low0.001to0.01-high0.1to0.5-seed1-coloc-tl3600.out
3|2|20|0.01|1090,3,3-100-10,0.01,$\theta=0.01$,Str1+VI1,True,0.07,6.0,0.0,0.0667195675648658,t2-pmed3-r2-R20-theta0.01-bbnc-i-e-l-facility-mixture-lh1090-low0.001to0.01-high0.1to0.5-seed1-coloc-tl3600.out
3|2|20|0.01|5050,3,3-100-10,0.01,$\theta=0.01$,Str1+VI1,True,0.06,2.0,0.0,0.0,t2-pmed3-r2-R20-theta0.01-bbnc-i-e-l-facility-mixture-lh5050-low0.001to0.01-high0.1to0.5-seed1-coloc-tl3600.out
3|2|20|0.01|9010,3,3-100-10,0.01,$\theta=0.01$,Str1+VI1,True,0.09,35.0,0.0,1.17450184858293,t2-pmed3-r2-R20-theta0.01-bbnc-i-e-l-facility-mixture-lh9010-low0.001to0.01-high0.1to0.5-seed1-coloc-tl3600.out
3|2|20|0.1|1090,3,3-100-10,0.1,$\theta=0.1$,Str0+VI0,True,0.25,380.0,0.0,1.82652290791415,t2-pmed3-r2-R20-theta0.1-bbnc-i-facility-mixture-lh1090-low0.001to0.01-high0.1to0.5-seed1-coloc-tl3600.out
3|2|20|0.1|5050,3,3-100-10,0.1,$\theta=0.1$,Str0+VI0,True,0.05,14.0,0.0,0.476281107408241,t2-pmed3-r2-R20-theta0.1-bbnc-i-facility-mixture-lh5050-low0.001to0.01-high0.1to0.5-seed1-coloc-tl3600.out
3|2|20|0.1|9010,3,3-100-10,0.1,$\theta=0.1$,Str0+VI0,True,0.09,44.0,0.0,1.60682187636437,t2-pmed3-r2-R20-theta0.1-bbnc-i-facility-mixture-lh9010-low0.001to0.01-high0.1to0.5-seed1-coloc-tl3600.out
3|2|20|0.1|1090,3,3-100-10,0.1,$\theta=0.1$,Str0+VI1,True,0.05,5.0,0.0,0.0165109192508492,t2-pmed3-r2-R20-theta0.1-bbnc-i-l-facility-mixture-lh1090-low0.001to0.01-high0.1to0.5-seed1-coloc-tl3600.out
3|2|20|0.1|5050,3,3-100-10,0.1,$\theta=0.1$,Str0+VI1,True,0.05,7.0,0.0,0.179841478885546,t2-pmed3-r2-R20-theta0.1-bbnc-i-l-facility-mixture-lh5050-low0.001to0.01-high0.1to0.5-seed1-coloc-tl3600.out
3|2|20|0.1|9010,3,3-100-10,0.1,$\theta=0.1$,Str0+VI1,True,0.12,66.0,0.0,0.388708676301606,t2-pmed3-r2-R20-theta0.1-bbnc-i-l-facility-mixture-lh9010-low0.001to0.01-high0.1to0.5-seed1-coloc-tl3600.out
3|2|20|0.1|1090,3,3-100-10,0.1,$\theta=0.1$,Str1+VI0,True,0.19,270.0,0.0,1.13965781760957,t2-pmed3-r2-R20-theta0.1-bbnc-i-e-facility-mixture-lh1090-low0.001to0.01-high0.1to0.5-seed1-coloc-tl3600.out
3|2|20|0.1|5050,3,3-100-10,0.1,$\theta=0.1$,Str1+VI0,True,0.06,4.0,0.0,0.0971189167123001,t2-pmed3-r2-R20-theta0.1-bbnc-i-e-facility-mixture-lh5050-low0.001to0.01-high0.1to0.5-seed1-coloc-tl3600.out
3|2|20|0.1|9010,3,3-100-10,0.1,$\theta=0.1$,Str1+VI0,True,1.1,1968.0,0.0,1.29465728515848,t2-pmed3-r2-R20-theta0.1-bbnc-i-e-facility-mixture-lh9010-low0.001to0.01-high0.1to0.5-seed1-coloc-tl3600.out
3|2|20|0.1|1090,3,3-100-10,0.1,$\theta=0.1$,Str1+VI1,True,0.06,3.0,0.0,0.0,t2-pmed3-r2-R20-theta0.1-bbnc-i-e-l-facility-mixture-lh1090-low0.001to0.01-high0.1to0.5-seed1-coloc-tl3600.out
3|2|20|0.1|5050,3,3-100-10,0.1,$\theta=0.1$,Str1+VI1,True,0.04,0.0,0.0,0.0,t2-pmed3-r2-R20-theta0.1-bbnc-i-e-l-facility-mixture-lh5050-low0.001to0.01-high0.1to0.5-seed1-coloc-tl3600.out
3|2|20|0.1|9010,3,3-100-10,0.1,$\theta=0.1$,Str1+VI1,True,0.06,16.0,0.0,0.429711030663156,t2-pmed3-r2-R20-theta0.1-bbnc-i-e-l-facility-mixture-lh9010-low0.001to0.01-high0.1to0.5-seed1-coloc-tl3600.out
3|2|20|0.2|1090,3,3-100-10,0.2,$\theta=0.2$,Str0+VI0,True,0.14,156.0,0.0,1.51807945564079,t2-pmed3-r2-R20-theta0.2-bbnc-i-facility-mixture-lh1090-low0.001to0.01-high0.1to0.5-seed1-coloc-tl3600.out
3|2|20|0.2|5050,3,3-100-10,0.2,$\theta=0.2$,Str0+VI0,True,0.05,13.0,0.0,0.377517561793443,t2-pmed3-r2-R20-theta0.2-bbnc-i-facility-mixture-lh5050-low0.001to0.01-high0.1to0.5-seed1-coloc-tl3600.out
3|2|20|0.2|9010,3,3-100-10,0.2,$\theta=0.2$,Str0+VI0,True,0.04,8.0,0.0,0.703807765242849,t2-pmed3-r2-R20-theta0.2-bbnc-i-facility-mixture-lh9010-low0.001to0.01-high0.1to0.5-seed1-coloc-tl3600.out
3|2|20|0.2|1090,3,3-100-10,0.2,$\theta=0.2$,Str0+VI1,True,0.03,0.0,0.0,0.0,t2-pmed3-r2-R20-theta0.2-bbnc-i-l-facility-mixture-lh1090-low0.001to0.01-high0.1to0.5-seed1-coloc-tl3600.out
3|2|20|0.2|5050,3,3-100-10,0.2,$\theta=0.2$,Str0+VI1,True,0.05,3.0,0.0,0.0,t2-pmed3-r2-R20-theta0.2-bbnc-i-l-facility-mixture-lh5050-low0.001to0.01-high0.1to0.5-seed1-coloc-tl3600.out
3|2|20|0.2|9010,3,3-100-10,0.2,$\theta=0.2$,Str0+VI1,True,0.05,0.0,0.0,0.0,t2-pmed3-r2-R20-theta0.2-bbnc-i-l-facility-mixture-lh9010-low0.001to0.01-high0.1to0.5-seed1-coloc-tl3600.out
3|2|20|0.2|1090,3,3-100-10,0.2,$\theta=0.2$,Str1+VI0,True,0.16,199.0,0.0,1.56347112825555,t2-pmed3-r2-R20-theta0.2-bbnc-i-e-facility-mixture-lh1090-low0.001to0.01-high0.1to0.5-seed1-coloc-tl3600.out
3|2|20|0.2|5050,3,3-100-10,0.2,$\theta=0.2$,Str1+VI0,True,0.06,26.0,0.0,0.439675441983804,t2-pmed3-r2-R20-theta0.2-bbnc-i-e-facility-mixture-lh5050-low0.001to0.01-high0.1to0.5-seed1-coloc-tl3600.out
3|2|20|0.2|9010,3,3-100-10,0.2,$\theta=0.2$,Str1+VI0,True,0.27,530.0,0.0,1.17956605131737,t2-pmed3-r2-R20-theta0.2-bbnc-i-e-facility-mixture-lh9010-low0.001to0.01-high0.1to0.5-seed1-coloc-tl3600.out
3|2|20|0.2|1090,3,3-100-10,0.2,$\theta=0.2$,Str1+VI1,True,0.04,0.0,0.0,0.0,t2-pmed3-r2-R20-theta0.2-bbnc-i-e-l-facility-mixture-lh1090-low0.001to0.01-high0.1to0.5-seed1-coloc-tl3600.out
3|2|20|0.2|5050,3,3-100-10,0.2,$\theta=0.2$,Str1+VI1,True,0.06,0.0,0.0,0.0,t2-pmed3-r2-R20-theta0.2-bbnc-i-e-l-facility-mixture-lh5050-low0.001to0.01-high0.1to0.5-seed1-coloc-tl3600.out
3|2|20|0.2|9010,3,3-100-10,0.2,$\theta=0.2$,Str1+VI1,True,0.05,0.0,0.0,0.0,t2-pmed3-r2-R20-theta0.2-bbnc-i-e-l-facility-mixture-lh9010-low0.001to0.01-high0.1to0.5-seed1-coloc-tl3600.out
30|1|20|0.01|1090,30,30-600-200,0.01,$\theta=0.01$,Str0+VI0,False,3600.0,74704.0,0.581956014972363,0.944002363496359,t2-pmed30-r1-R20-theta0.01-bbnc-i-facility-mixture-lh1090-low0.001to0.01-high0.1to0.5-seed1-coloc-tl3600.out
30|1|20|0.01|5050,30,30-600-200,0.01,$\theta=0.01$,Str0+VI0,False,3600.0,74316.0,0.468107076158561,1.00267627633116,t2-pmed30-r1-R20-theta0.01-bbnc-i-facility-mixture-lh5050-low0.001to0.01-high0.1to0.5-seed1-coloc-tl3600.out
30|1|20|0.01|9010,30,30-600-200,0.01,$\theta=0.01$,Str0+VI0,False,3600.0,303406.0,0.089532046656978,0.549281430189495,t2-pmed30-r1-R20-theta0.01-bbnc-i-facility-mixture-lh9010-low0.001to0.01-high0.1to0.5-seed1-coloc-tl3600.out
30|1|20|0.01|1090,30,30-600-200,0.01,$\theta=0.01$,Str0+VI1,False,3600.0,52993.0,0.568293369147013,0.838296194405642,t2-pmed30-r1-R20-theta0.01-bbnc-i-l-facility-mixture-lh1090-low0.001to0.01-high0.1to0.5-seed1-coloc-tl3600.out
30|1|20|0.01|5050,30,30-600-200,0.01,$\theta=0.01$,Str0+VI1,False,3600.0,39176.0,0.458405064289315,0.788514138589536,t2-pmed30-r1-R20-theta0.01-bbnc-i-l-facility-mixture-lh5050-low0.001to0.01-high0.1to0.5-seed1-coloc-tl3600.out
30|1|20|0.01|9010,30,30-600-200,0.01,$\theta=0.01$,Str0+VI1,True,241.1,18646.0,0.0,0.220529303356372,t2-pmed30-r1-R20-theta0.01-bbnc-i-l-facility-mixture-lh9010-low0.001to0.01-high0.1to0.5-seed1-coloc-tl3600.out
30|1|20|0.01|1090,30,30-600-200,0.01,$\theta=0.01$,Str1+VI0,False,3600.0,68559.0,0.219806709796861,0.527605475076171,t2-pmed30-r1-R20-theta0.01-bbnc-i-e-facility-mixture-lh1090-low0.001to0.01-high0.1to0.5-seed1-coloc-tl3600.out
30|1|20|0.01|5050,30,30-600-200,0.01,$\theta=0.01$,Str1+VI0,False,3600.0,101113.0,0.271091047301523,0.72370044546761,t2-pmed30-r1-R20-theta0.01-bbnc-i-e-facility-mixture-lh5050-low0.001to0.01-high0.1to0.5-seed1-coloc-tl3600.out
30|1|20|0.01|9010,30,30-600-200,0.01,$\theta=0.01$,Str1+VI0,True,2306.94,139165.0,0.0,0.438661798211979,t2-pmed30-r1-R20-theta0.01-bbnc-i-e-facility-mixture-lh9010-low0.001to0.01-high0.1to0.5-seed1-coloc-tl3600.out
30|1|20|0.01|1090,30,30-600-200,0.01,$\theta=0.01$,Str1+VI1,False,3600.0,69301.0,0.269895027070312,0.445957367183115,t2-pmed30-r1-R20-theta0.01-bbnc-i-e-l-facility-mixture-lh1090-low0.001to0.01-high0.1to0.5-seed1-coloc-tl3600.out
30|1|20|0.01|5050,30,30-600-200,0.01,$\theta=0.01$,Str1+VI1,False,3600.0,115983.0,0.262547585095782,0.514200367119232,t2-pmed30-r1-R20-theta0.01-bbnc-i-e-l-facility-mixture-lh5050-low0.001to0.01-high0.1to0.5-seed1-coloc-tl3600.out
30|1|20|0.01|9010,30,30-600-200,0.01,$\theta=0.01$,Str1+VI1,True,74.08,3203.0,0.0,0.17256479757795,t2-pmed30-r1-R20-theta0.01-bbnc-i-e-l-facility-mixture-lh9010-low0.001to0.01-high0.1to0.5-seed1-coloc-tl3600.out
30|1|20|0.1|1090,30,30-600-200,0.1,$\theta=0.1$,Str0+VI0,False,3600.01,71586.0,0.530235220002495,1.17920174377916,t2-pmed30-r1-R20-theta0.1-bbnc-i-facility-mixture-lh1090-low0.001to0.01-high0.1to0.5-seed1-coloc-tl3600.out
30|1|20|0.1|5050,30,30-600-200,0.1,$\theta=0.1$,Str0+VI0,False,3600.0,88053.0,0.41780803870611,1.13482836611848,t2-pmed30-r1-R20-theta0.1-bbnc-i-facility-mixture-lh5050-low0.001to0.01-high0.1to0.5-seed1-coloc-tl3600.out
30|1|20|0.1|9010,30,30-600-200,0.1,$\theta=0.1$,Str0+VI0,False,3600.0,289060.0,0.103251874698564,0.676754281244954,t2-pmed30-r1-R20-theta0.1-bbnc-i-facility-mixture-lh9010-low0.001to0.01-high0.1to0.5-seed1-coloc-tl3600.out
30|1|20|0.1|1090,30,30-600-200,0.1,$\theta=0.1$,Str0+VI1,False,3600.0,73857.0,0.496579999804424,0.817666393363261,t2-pmed30-r1-R20-theta0.1-bbnc-i-l-facility-mixture-lh1090-low0.001to0.01-high0.1to0.5-seed1-coloc-tl3600.out
30|1|20|0.1|5050,30,30-600-200,0.1,$\theta=0.1$,Str0+VI1,False,3600.0,56782.0,0.441644526341877,0.799145107071883,t2-pmed30-r1-R20-theta0.1-bbnc-i-l-facility-mixture-lh5050-low0.001to0.01-high0.1to0.5-seed1-coloc-tl3600.out
30|1|20|0.1|9010,30,30-600-200,0.1,$\theta=0.1$,Str0+VI1,True,966.01,67174.0,0.0,0.235377173921178,t2-pmed30-r1-R20-theta0.1-bbnc-i-l-facility-mixture-lh9010-low0.001to0.01-high0.1to0.5-seed1-coloc-tl3600.out
30|1|20|0.1|1090,30,30-600-200,0.1,$\theta=0.1$,Str1+VI0,False,3600.0,81576.0,0.319366709857984,0.830043688607528,t2-pmed30-r1-R20-theta0.1-bbnc-i-e-facility-mixture-lh1090-low0.001to0.01-high0.1to0.5-seed1-coloc-tl3600.out
30|1|20|0.1|5050,30,30-600-200,0.1,$\theta=0.1$,Str1+VI0,False,3600.0,108153.0,0.309740593342486,0.915456976343795,t2-pmed30-r1-R20-theta0.1-bbnc-i-e-facility-mixture-lh5050-low0.001to0.01-high0.1to0.5-seed1-coloc-tl3600.out
30|1|20|0.1|9010,30,30-600-200,0.1,$\theta=0.1$,Str1+VI0,False,3600.0,193880.0,0.0389038113437819,0.587908516306178,t2-pmed30-r1-R20-theta0.1-bbnc-i-e-facility-mixture-lh9010-low0.001to0.01-high0.1to0.5-seed1-coloc-tl3600.out
30|1|20|0.1|1090,30,30-600-200,0.1,$\theta=0.1$,Str1+VI1,False,3600.0,63580.0,0.263763139158296,0.493005860695246,t2-pmed30-r1-R20-theta0.1-bbnc-i-e-l-facility-mixture-lh1090-low0.001to0.01-high0.1to0.5-seed1-coloc-tl3600.out
30|1|20|0.1|5050,30,30-600-200,0.1,$\theta=0.1$,Str1+VI1,False,3600.01,99781.0,0.259031080913221,0.567056885153202,t2-pmed30-r1-R20-theta0.1-bbnc-i-e-l-facility-mixture-lh5050-low0.001to0.01-high0.1to0.5-seed1-coloc-tl3600.out
30|1|20|0.1|9010,30,30-600-200,0.1,$\theta=0.1$,Str1+VI1,True,160.13,8850.0,0.0,0.204749109616689,t2-pmed30-r1-R20-theta0.1-bbnc-i-e-l-facility-mixture-lh9010-low0.001to0.01-high0.1to0.5-seed1-coloc-tl3600.out
30|1|20|0.2|1090,30,30-600-200,0.2,$\theta=0.2$,Str0+VI0,False,3600.01,105000.0,0.520400454754504,1.32281019822631,t2-pmed30-r1-R20-theta0.2-bbnc-i-facility-mixture-lh1090-low0.001to0.01-high0.1to0.5-seed1-coloc-tl3600.out
30|1|20|0.2|5050,30,30-600-200,0.2,$\theta=0.2$,Str0+VI0,False,3600.01,101153.0,0.405140876719076,1.308030470867,t2-pmed30-r1-R20-theta0.2-bbnc-i-facility-mixture-lh5050-low0.001to0.01-high0.1to0.5-seed1-coloc-tl3600.out
30|1|20|0.2|9010,30,30-600-200,0.2,$\theta=0.2$,Str0+VI0,False,3600.0,240459.0,0.087808280367511,0.730635295228595,t2-pmed30-r1-R20-theta0.2-bbnc-i-facility-mixture-lh9010-low0.001to0.01-high0.1to0.5-seed1-coloc-tl3600.out
30|1|20|0.2|1090,30,30-600-200,0.2,$\theta=0.2$,Str0+VI1,False,3600.0,73676.0,0.42254382822798,0.703396504509592,t2-pmed30-r1-R20-theta0.2-bbnc-i-l-facility-mixture-lh1090-low0.001to0.01-high0.1to0.5-seed1-coloc-tl3600.out
30|1|20|0.2|5050,30,30-600-200,0.2,$\theta=0.2$,Str0+VI1,False,3600.0,90858.0,0.337511601018214,0.69719738400532,t2-pmed30-r1-R20-theta0.2-bbnc-i-l-facility-mixture-lh5050-low0.001to0.01-high0.1to0.5-seed1-coloc-tl3600.out
30|1|20|0.2|9010,30,30-600-200,0.2,$\theta=0.2$,Str0+VI1,False,3600.0,287145.0,0.0174410755290358,0.252782268349639,t2-pmed30-r1-R20-theta0.2-bbnc-i-l-facility-mixture-lh9010-low0.001to0.01-high0.1to0.5-seed1-coloc-tl3600.out
30|1|20|0.2|1090,30,30-600-200,0.2,$\theta=0.2$,Str1+VI0,False,3600.0,75460.0,0.50301864063483,1.14322124343453,t2-pmed30-r1-R20-theta0.2-bbnc-i-e-facility-mixture-lh1090-low0.001to0.01-high0.1to0.5-seed1-coloc-tl3600.out
30|1|20|0.2|5050,30,30-600-200,0.2,$\theta=0.2$,Str1+VI0,False,3600.0,103971.0,0.2358016431194,1.02667195926616,t2-pmed30-r1-R20-theta0.2-bbnc-i-e-facility-mixture-lh5050-low0.001to0.01-high0.1to0.5-seed1-coloc-tl3600.out
30|1|20|0.2|9010,30,30-600-200,0.2,$\theta=0.2$,Str1+VI0,False,3600.01,256315.0,0.0668630410567717,0.660742612764557,t2-pmed30-r1-R20-theta0.2-bbnc-i-e-facility-mixture-lh9010-low0.001to0.01-high0.1to0.5-seed1-coloc-tl3600.out
30|1|20|0.2|1090,30,30-600-200,0.2,$\theta=0.2$,Str1+VI1,False,3600.0,93856.0,0.449639519532097,0.668503441992599,t2-pmed30-r1-R20-theta0.2-bbnc-i-e-l-facility-mixture-lh1090-low0.001to0.01-high0.1to0.5-seed1-coloc-tl3600.out
30|1|20|0.2|5050,30,30-600-200,0.2,$\theta=0.2$,Str1+VI1,False,3600.0,78643.0,0.237239423502583,0.538442157807376,t2-pmed30-r1-R20-theta0.2-bbnc-i-e-l-facility-mixture-lh5050-low0.001to0.01-high0.1to0.5-seed1-coloc-tl3600.out
30|1|20|0.2|9010,30,30-600-200,0.2,$\theta=0.2$,Str1+VI1,True,350.13,22126.0,0.0,0.223179610391623,t2-pmed30-r1-R20-theta0.2-bbnc-i-e-l-facility-mixture-lh9010-low0.001to0.01-high0.1to0.5-seed1-coloc-tl3600.out
30|2|20|0.01|1090,30,30-600-200,0.01,$\theta=0.01$,Str0+VI0,False,3600.0,76971.0,0.567527645132406,0.936135713354367,t2-pmed30-r2-R20-theta0.01-bbnc-i-facility-mixture-lh1090-low0.001to0.01-high0.1to0.5-seed1-coloc-tl3600.out
30|2|20|0.01|5050,30,30-600-200,0.01,$\theta=0.01$,Str0+VI0,False,3600.0,82540.0,0.514719406586142,1.07188839187814,t2-pmed30-r2-R20-theta0.01-bbnc-i-facility-mixture-lh5050-low0.001to0.01-high0.1to0.5-seed1-coloc-tl3600.out
30|2|20|0.01|9010,30,30-600-200,0.01,$\theta=0.01$,Str0+VI0,False,3600.0,260212.0,0.269320185373083,0.793579032547739,t2-pmed30-r2-R20-theta0.01-bbnc-i-facility-mixture-lh9010-low0.001to0.01-high0.1to0.5-seed1-coloc-tl3600.out
30|2|20|0.01|1090,30,30-600-200,0.01,$\theta=0.01$,Str0+VI1,False,3600.0,44839.0,0.558324472228612,0.847914877533659,t2-pmed30-r2-R20-theta0.01-bbnc-i-l-facility-mixture-lh1090-low0.001to0.01-high0.1to0.5-seed1-coloc-tl3600.out
30|2|20|0.01|5050,30,30-600-200,0.01,$\theta=0.01$,Str0+VI1,False,3600.0,46028.0,0.557963931307351,0.897909879060805,t2-pmed30-r2-R20-theta0.01-bbnc-i-l-facility-mixture-lh5050-low0.001to0.01-high0.1to0.5-seed1-coloc-tl3600.out
30|2|20|0.01|9010,30,30-600-200,0.01,$\theta=0.01$,Str0+VI1,False,3600.0,287143.0,0.109122418136836,0.41790803419864,t2-pmed30-r2-R20-theta0.01-bbnc-i-l-facility-mixture-lh9010-low0.001to0.01-high0.1to0.5-seed1-coloc-tl3600.out
30|2|20|0.01|1090,30,30-600-200,0.01,$\theta=0.01$,Str1+VI0,False,3600.0,76989.0,0.208118418321295,0.53853331511309,t2-pmed30-r2-R20-theta0.01-bbnc-i-e-facility-mixture-lh1090-low0.001to0.01-high0.1to0.5-seed1-coloc-tl3600.out
30|2|20|0.01|5050,30,30-600-200,0.01,$\theta=0.01$,Str1+VI0,False,3600.0,99288.0,0.300091175268064,0.753667941607664,t2-pmed30-r2-R20-theta0.01-bbnc-i-e-facility-mixture-lh5050-low0.001to0.01-high0.1to0.5-seed1-coloc-tl3600.out
30|2|20|0.01|9010,30,30-600-200,0.01,$\theta=0.01$,Str1+VI0,False,3600.01,191823.0,0.0908271249745863,0.573962408560375,t2-pmed30-r2-R20-theta0.01-bbnc-i-e-facility-mixture-lh9010-low0.001to0.01-high0.1to0.5-seed1-coloc-tl3600.out
30|2|20|0.01|1090,30,30-600-200,0.01,$\theta=0.01$,Str1+VI1,False,3600.0,64239.0,0.230808484531775,0.415621406649257,t2-pmed30-r2-R20-theta0.01-bbnc-i-e-l-facility-mixture-lh1090-low0.001to0.01-high0.1to0.5-seed1-coloc-tl3600.out
30|2|20|0.01|5050,30,30-600-200,0.01,$\theta=0.01$,Str1+VI1,False,3600.0,91481.0,0.30999759257259,0.566885862090357,t2-pmed30-r2-R20-theta0.01-bbnc-i-e-l-facility-mixture-lh5050-low0.001to0.01-high0.1to0.5-seed1-coloc-tl3600.out
30|2|20|0.01|9010,30,30-600-200,0.01,$\theta=0.01$,Str1+VI1,True,828.94,55589.0,0.0,0.302270553958765,t2-pmed30-r2-R20-theta0.01-bbnc-i-e-l-facility-mixture-lh9010-low0.001to0.01-high0.1to0.5-seed1-coloc-tl3600.out
30|2|20|0.1|1090,30,30-600-200,0.1,$\theta=0.1$,Str0+VI0,False,3600.0,66060.0,0.560539241039482,1.23357100486893,t2-pmed30-r2-R20-theta0.1-bbnc-i-facility-mixture-lh1090-low0.001to0.01-high0.1to0.5-seed1-coloc-tl3600.out
30|2|20|0.1|5050,30,30-600-200,0.1,$\theta=0.1$,Str0+VI0,False,3600.0,98809.0,0.479343761546212,1.34018921186362,t2-pmed30-r2-R20-theta0.1-bbnc-i-facility-mixture-lh5050-low0.001to0.01-high0.1to0.5-seed1-coloc-tl3600.out
30|2|20|0.1|9010,30,30-600-200,0.1,$\theta=0.1$,Str0+VI0,False,3600.0,280721.0,0.214168914485037,0.935157519681552,t2-pmed30-r2-R20-theta0.1-bbnc-i-facility-mixture-lh9010-low0.001to0.01-high0.1to0.5-seed1-coloc-tl3600.out
30|2|20|0.1|1090,30,30-600-200,0.1,$\theta=0.1$,Str0+VI1,False,3600.0,66445.0,0.516260256346894,0.817911241898932,t2-pmed30-r2-R20-theta0.1-bbnc-i-l-facility-mixture-lh1090-low0.001to0.01-high0.1to0.5-seed1-coloc-tl3600.out
30|2|20|0.1|5050,30,30-600-200,0.1,$\theta=0.1$,Str0+VI1,False,3600.0,72019.0,0.458496202500701,0.857270196983431,t2-pmed30-r2-R20-theta0.1-bbnc-i-l-facility-mixture-lh5050-low0.001to0.01-high0.1to0.5-seed1-coloc-tl3600.out
30|2|20|0.1|9010,30,30-600-200,0.1,$\theta=0.1$,Str0+VI1,False,3600.01,240620.0,0.0715691072358881,0.47247117929808,t2-pmed30-r2-R20-theta0.1-bbnc-i-l-facility-mixture-lh9010-low0.001to0.01-high0.1to0.5-seed1-coloc-tl3600.out
30|2|20|0.1|1090,30,30-600-200,0.1,$\theta=0.1$,Str1+VI0,False,3600.0,101673.0,0.505231352488614,1.0709009798128,t2-pmed30-r2-R20-theta0.1-bbnc-i-e-facility-mixture-lh1090-low0.001to0.01-high0.1to0.5-seed1-coloc-tl3600.out
30|2|20|0.1|5050,30,30-600-200,0.1,$\theta=0.1$,Str1+VI0,False,3600.01,109150.0,0.3499459278881,1.05014045805292,t2-pmed30-r2-R20-theta0.1-bbnc-i-e-facility-mixture-lh5050-low0.001to0.01-high0.1to0.5-seed1-coloc-tl3600.out
30|2|20|0.1|9010,30,30-600-200,0.1,$\theta=0.1$,Str1+VI0,False,3600.0,188568.0,0.0922264538469094,0.783854978440524,t2-pmed30-r2-R20-theta0.1-bbnc-i-e-facility-mixture-lh9010-low0.001to0.01-high0.1to0.5-seed1-coloc-tl3600.out
30|2|20|0.1|1090,30,30-600-200,0.1,$\theta=0.1$,Str1+VI1,False,3600.0,87838.0,0.48621440517231,0.704826831760209,t2-pmed30-r2-R20-theta0.1-bbnc-i-e-l-facility-mixture-lh1090-low0.001to0.01-high0.1to0.5-seed1-coloc-tl3600.out
30|2|20|0.1|5050,30,30-600-200,0.1,$\theta=0.1$,Str1+VI1,False,3600.01,104151.0,0.297662295285847,0.635636398774567,t2-pmed30-r2-R20-theta0.1-bbnc-i-e-l-facility-mixture-lh5050-low0.001to0.01-high0.1to0.5-seed1-coloc-tl3600.out
30|2|20|0.1|9010,30,30-600-200,0.1,$\theta=0.1$,Str1+VI1,True,1347.44,66781.0,0.0,0.410833353032699,t2-pmed30-r2-R20-theta0.1-bbnc-i-e-l-facility-mixture-lh9010-low0.001to0.01-high0.1to0.5-seed1-coloc-tl3600.out
30|2|20|0.2|1090,30,30-600-200,0.2,$\theta=0.2$,Str0+VI0,False,3600.0,91767.0,0.531136948159155,1.37285690694938,t2-pmed30-r2-R20-theta0.2-bbnc-i-facility-mixture-lh1090-low0.001to0.01-high0.1to0.5-seed1-coloc-tl3600.out
30|2|20|0.2|5050,30,30-600-200,0.2,$\theta=0.2$,Str0+VI0,False,3600.0,89674.0,0.469861825128653,1.53035864241796,t2-pmed30-r2-R20-theta0.2-bbnc-i-facility-mixture-lh5050-low0.001to0.01-high0.1to0.5-seed1-coloc-tl3600.out
30|2|20|0.2|9010,30,30-600-200,0.2,$\theta=0.2$,Str0+VI0,False,3600.0,226746.0,0.350294539030655,1.22413495839947,t2-pmed30-r2-R20-theta0.2-bbnc-i-facility-mixture-lh9010-low0.001to0.01-high0.1to0.5-seed1-coloc-tl3600.out
30|2|20|0.2|1090,30,30-600-200,0.2,$\theta=0.2$,Str0+VI1,False,3600.0,69436.0,0.349802227256645,0.600524932838916,t2-pmed30-r2-R20-theta0.2-bbnc-i-l-facility-mixture-lh1090-low0.001to0.01-high0.1to0.5-seed1-coloc-tl3600.out
30|2|20|0.2|5050,30,30-600-200,0.2,$\theta=0.2$,Str0+VI1,False,3600.01,89974.0,0.373200175127881,0.742961156817754,t2-pmed30-r2-R20-theta0.2-bbnc-i-l-facility-mixture-lh5050-low0.001to0.01-high0.1to0.5-seed1-coloc-tl3600.out
30|2|20|0.2|9010,30,30-600-200,0.2,$\theta=0.2$,Str0+VI1,False,3600.0,257412.0,0.22595486836135,0.636664593556365,t2-pmed30-r2-R20-theta0.2-bbnc-i-l-facility-mixture-lh9010-low0.001to0.01-high0.1to0.5-seed1-coloc-tl3600.out
30|2|20|0.2|1090,30,30-600-200,0.2,$\theta=0.2$,Str1+VI0,False,3600.0,111939.0,0.327728162320581,0.978746241303822,t2-pmed30-r2-R20-theta0.2-bbnc-i-e-facility-mixture-lh1090-low0.001to0.01-high0.1to0.5-seed1-coloc-tl3600.out
30|2|20|0.2|5050,30,30-600-200,0.2,$\theta=0.2$,Str1+VI0,False,3600.01,85970.0,0.293930834185117,1.25725567349659,t2-pmed30-r2-R20-theta0.2-bbnc-i-e-facility-mixture-lh5050-low0.001to0.01-high0.1to0.5-seed1-coloc-tl3600.out
30|2|20|0.2|9010,30,30-600-200,0.2,$\theta=0.2$,Str1+VI0,False,3600.0,183599.0,0.139277676392033,0.962143043495131,t2-pmed30-r2-R20-theta0.2-bbnc-i-e-facility-mixture-lh9010-low0.001to0.01-high0.1to0.5-seed1-coloc-tl3600.out
30|2|20|0.2|1090,30,30-600-200,0.2,$\theta=0.2$,Str1+VI1,False,3600.0,79564.0,0.258823938415045,0.469277140278832,t2-pmed30-r2-R20-theta0.2-bbnc-i-e-l-facility-mixture-lh1090-low0.001to0.01-high0.1to0.5-seed1-coloc-tl3600.out
30|2|20|0.2|5050,30,30-600-200,0.2,$\theta=0.2$,Str1+VI1,False,3600.01,114900.0,0.24695811411071,0.529570128836163,t2-pmed30-r2-R20-theta0.2-bbnc-i-e-l-facility-mixture-lh5050-low0.001to0.01-high0.1to0.5-seed1-coloc-tl3600.out
30|2|20|0.2|9010,30,30-600-200,0.2,$\theta=0.2$,Str1+VI1,False,3600.01,178542.0,0.0772193056729603,0.448167424839785,t2-pmed30-r2-R20-theta0.2-bbnc-i-e-l-facility-mixture-lh9010-low0.001to0.01-high0.1to0.5-seed1-coloc-tl3600.out
31|1|20|0.01|1090,31,31-700-5,0.01,$\theta=0.01$,Str0+VI0,True,5.67,89.0,0.0,1.06076585807739,t2-pmed31-r1-R20-theta0.01-bbnc-i-facility-mixture-lh1090-low0.001to0.01-high0.1to0.5-seed1-coloc-tl3600.out
31|1|20|0.01|5050,31,31-700-5,0.01,$\theta=0.01$,Str0+VI0,True,2.7,15.0,0.0,0.421683362955985,t2-pmed31-r1-R20-theta0.01-bbnc-i-facility-mixture-lh5050-low0.001to0.01-high0.1to0.5-seed1-coloc-tl3600.out
31|1|20|0.01|9010,31,31-700-5,0.01,$\theta=0.01$,Str0+VI0,True,1.55,7.0,0.0,0.219872335383456,t2-pmed31-r1-R20-theta0.01-bbnc-i-facility-mixture-lh9010-low0.001to0.01-high0.1to0.5-seed1-coloc-tl3600.out
31|1|20|0.01|1090,31,31-700-5,0.01,$\theta=0.01$,Str0+VI1,True,5.81,37.0,0.0,1.17903939663154,t2-pmed31-r1-R20-theta0.01-bbnc-i-l-facility-mixture-lh1090-low0.001to0.01-high0.1to0.5-seed1-coloc-tl3600.out
31|1|20|0.01|5050,31,31-700-5,0.01,$\theta=0.01$,Str0+VI1,True,4.68,23.0,0.0,0.500148700147795,t2-pmed31-r1-R20-theta0.01-bbnc-i-l-facility-mixture-lh5050-low0.001to0.01-high0.1to0.5-seed1-coloc-tl3600.out
31|1|20|0.01|9010,31,31-700-5,0.01,$\theta=0.01$,Str0+VI1,True,2.73,4.0,0.0,0.0032838239723816,t2-pmed31-r1-R20-theta0.01-bbnc-i-l-facility-mixture-lh9010-low0.001to0.01-high0.1to0.5-seed1-coloc-tl3600.out
31|1|20|0.01|1090,31,31-700-5,0.01,$\theta=0.01$,Str1+VI0,True,6.96,81.0,0.0,1.01072583609502,t2-pmed31-r1-R20-theta0.01-bbnc-i-e-facility-mixture-lh1090-low0.001to0.01-high0.1to0.5-seed1-coloc-tl3600.out
31|1|20|0.01|5050,31,31-700-5,0.01,$\theta=0.01$,Str1+VI0,True,3.03,17.0,0.0,0.467824868759381,t2-pmed31-r1-R20-theta0.01-bbnc-i-e-facility-mixture-lh5050-low0.001to0.01-high0.1to0.5-seed1-coloc-tl3600.out
31|1|20|0.01|9010,31,31-700-5,0.01,$\theta=0.01$,Str1+VI0,True,1.61,7.0,0.0,0.196954527530219,t2-pmed31-r1-R20-theta0.01-bbnc-i-e-facility-mixture-lh9010-low0.001to0.01-high0.1to0.5-seed1-coloc-tl3600.out
31|1|20|0.01|1090,31,31-700-5,0.01,$\theta=0.01$,Str1+VI1,True,6.59,37.0,0.0,0.874769219452711,t2-pmed31-r1-R20-theta0.01-bbnc-i-e-l-facility-mixture-lh1090-low0.001to0.01-high0.1to0.5-seed1-coloc-tl3600.out
31|1|20|0.01|5050,31,31-700-5,0.01,$\theta=0.01$,Str1+VI1,True,4.61,11.0,0.0,0.492411771296694,t2-pmed31-r1-R20-theta0.01-bbnc-i-e-l-facility-mixture-lh5050-low0.001to0.01-high0.1to0.5-seed1-coloc-tl3600.out
31|1|20|0.01|9010,31,31-700-5,0.01,$\theta=0.01$,Str1+VI1,True,2.68,3.0,0.0,0.0,t2-pmed31-r1-R20-theta0.01-bbnc-i-e-l-facility-mixture-lh9010-low0.001to0.01-high0.1to0.5-seed1-coloc-tl3600.out
31|1|20|0.1|1090,31,31-700-5,0.1,$\theta=0.1$,Str0+VI0,True,6.19,77.0,0.0,1.24111357066674,t2-pmed31-r1-R20-theta0.1-bbnc-i-facility-mixture-lh1090-low0.001to0.01-high0.1to0.5-seed1-coloc-tl3600.out
31|1|20|0.1|5050,31,31-700-5,0.1,$\theta=0.1$,Str0+VI0,True,2.71,21.0,0.0,0.637492912648566,t2-pmed31-r1-R20-theta0.1-bbnc-i-facility-mixture-lh5050-low0.001to0.01-high0.1to0.5-seed1-coloc-tl3600.out
31|1|20|0.1|9010,31,31-700-5,0.1,$\theta=0.1$,Str0+VI0,True,1.22,6.0,0.0,0.0238560140956039,t2-pmed31-r1-R20-theta0.1-bbnc-i-facility-mixture-lh9010-low0.001to0.01-high0.1to0.5-seed1-coloc-tl3600.out
31|1|20|0.1|1090,31,31-700-5,0.1,$\theta=0.1$,Str0+VI1,True,7.0,49.0,0.0,1.19100523505658,t2-pmed31-r1-R20-theta0.1-bbnc-i-l-facility-mixture-lh1090-low0.001to0.01-high0.1to0.5-seed1-coloc-tl3600.out
31|1|20|0.1|5050,31,31-700-5,0.1,$\theta=0.1$,Str0+VI1,True,3.91,29.0,0.0,0.541764545957814,t2-pmed31-r1-R20-theta0.1-bbnc-i-l-facility-mixture-lh5050-low0.001to0.01-high0.1to0.5-seed1-coloc-tl3600.out
31|1|20|0.1|9010,31,31-700-5,0.1,$\theta=0.1$,Str0+VI1,True,1.37,0.0,0.0,0.0,t2-pmed31-r1-R20-theta0.1-bbnc-i-l-facility-mixture-lh9010-low0.001to0.01-high0.1to0.5-seed1-coloc-tl3600.out
31|1|20|0.1|1090,31,31-700-5,0.1,$\theta=0.1$,Str1+VI0,True,6.06,107.0,0.0,1.24576945508062,t2-pmed31-r1-R20-theta0.1-bbnc-i-e-facility-mixture-lh1090-low0.001to0.01-high0.1to0.5-seed1-coloc-tl3600.out
31|1|20|0.1|5050,31,31-700-5,0.1,$\theta=0.1$,Str1+VI0,True,3.13,31.0,0.0,0.629313058831334,t2-pmed31-r1-R20-theta0.1-bbnc-i-e-facility-mixture-lh5050-low0.001to0.01-high0.1to0.5-seed1-coloc-tl3600.out
31|1|20|0.1|9010,31,31-700-5,0.1,$\theta=0.1$,Str1+VI0,True,1.22,5.0,0.0,0.0679191090963463,t2-pmed31-r1-R20-theta0.1-bbnc-i-e-facility-mixture-lh9010-low0.001to0.01-high0.1to0.5-seed1-coloc-tl3600.out
31|1|20|0.1|1090,31,31-700-5,0.1,$\theta=0.1$,Str1+VI1,True,7.49,57.0,0.0,1.1232057655207,t2-pmed31-r1-R20-theta0.1-bbnc-i-e-l-facility-mixture-lh1090-low0.001to0.01-high0.1to0.5-seed1-coloc-tl3600.out
31|1|20|0.1|5050,31,31-700-5,0.1,$\theta=0.1$,Str1+VI1,True,4.84,17.0,0.0,0.715705240704342,t2-pmed31-r1-R20-theta0.1-bbnc-i-e-l-facility-mixture-lh5050-low0.001to0.01-high0.1to0.5-seed1-coloc-tl3600.out
31|1|20|0.1|9010,31,31-700-5,0.1,$\theta=0.1$,Str1+VI1,True,1.34,0.0,0.0,0.0,t2-pmed31-r1-R20-theta0.1-bbnc-i-e-l-facility-mixture-lh9010-low0.001to0.01-high0.1to0.5-seed1-coloc-tl3600.out
31|1|20|0.2|1090,31,31-700-5,0.2,$\theta=0.2$,Str0+VI0,True,6.72,89.0,0.0,1.59729799813297,t2-pmed31-r1-R20-theta0.2-bbnc-i-facility-mixture-lh1090-low0.001to0.01-high0.1to0.5-seed1-coloc-tl3600.out
31|1|20|0.2|5050,31,31-700-5,0.2,$\theta=0.2$,Str0+VI0,True,2.6,25.0,0.0,0.562751726223426,t2-pmed31-r1-R20-theta0.2-bbnc-i-facility-mixture-lh5050-low0.001to0.01-high0.1to0.5-seed1-coloc-tl3600.out
31|1|20|0.2|9010,31,31-700-5,0.2,$\theta=0.2$,Str0+VI0,True,0.79,5.0,0.0,0.0625430204888637,t2-pmed31-r1-R20-theta0.2-bbnc-i-facility-mixture-lh9010-low0.001to0.01-high0.1to0.5-seed1-coloc-tl3600.out
31|1|20|0.2|1090,31,31-700-5,0.2,$\theta=0.2$,Str0+VI1,True,8.4,49.0,0.0,1.23170487155551,t2-pmed31-r1-R20-theta0.2-bbnc-i-l-facility-mixture-lh1090-low0.001to0.01-high0.1to0.5-seed1-coloc-tl3600.out
31|1|20|0.2|5050,31,31-700-5,0.2,$\theta=0.2$,Str0+VI1,True,4.67,23.0,0.0,0.544744022057043,t2-pmed31-r1-R20-theta0.2-bbnc-i-l-facility-mixture-lh5050-low0.001to0.01-high0.1to0.5-seed1-coloc-tl3600.out
31|1|20|0.2|9010,31,31-700-5,0.2,$\theta=0.2$,Str0+VI1,True,1.05,0.0,0.0,0.0,t2-pmed31-r1-R20-theta0.2-bbnc-i-l-facility-mixture-lh9010-low0.001to0.01-high0.1to0.5-seed1-coloc-tl3600.out
31|1|20|0.2|1090,31,31-700-5,0.2,$\theta=0.2$,Str1+VI0,True,6.23,121.0,0.0,1.56464088556972,t2-pmed31-r1-R20-theta0.2-bbnc-i-e-facility-mixture-lh1090-low0.001to0.01-high0.1to0.5-seed1-coloc-tl3600.out
31|1|20|0.2|5050,31,31-700-5,0.2,$\theta=0.2$,Str1+VI0,True,3.24,23.0,0.0,0.530299288485074,t2-pmed31-r1-R20-theta0.2-bbnc-i-e-facility-mixture-lh5050-low0.001to0.01-high0.1to0.5-seed1-coloc-tl3600.out
31|1|20|0.2|9010,31,31-700-5,0.2,$\theta=0.2$,Str1+VI0,True,1.13,0.0,0.0,0.0,t2-pmed31-r1-R20-theta0.2-bbnc-i-e-facility-mixture-lh9010-low0.001to0.01-high0.1to0.5-seed1-coloc-tl3600.out
31|1|20|0.2|1090,31,31-700-5,0.2,$\theta=0.2$,Str1+VI1,True,7.65,41.0,0.0,1.46270816766356,t2-pmed31-r1-R20-theta0.2-bbnc-i-e-l-facility-mixture-lh1090-low0.001to0.01-high0.1to0.5-seed1-coloc-tl3600.out
31|1|20|0.2|5050,31,31-700-5,0.2,$\theta=0.2$,Str1+VI1,True,4.52,17.0,0.0,0.569135817229848,t2-pmed31-r1-R20-theta0.2-bbnc-i-e-l-facility-mixture-lh5050-low0.001to0.01-high0.1to0.5-seed1-coloc-tl3600.out
31|1|20|0.2|9010,31,31-700-5,0.2,$\theta=0.2$,Str1+VI1,True,1.17,0.0,0.0,0.0,t2-pmed31-r1-R20-theta0.2-bbnc-i-e-l-facility-mixture-lh9010-low0.001to0.01-high0.1to0.5-seed1-coloc-tl3600.out
31|2|20|0.01|1090,31,31-700-5,0.01,$\theta=0.01$,Str0+VI0,True,6.45,108.0,0.0,1.16479617506453,t2-pmed31-r2-R20-theta0.01-bbnc-i-facility-mixture-lh1090-low0.001to0.01-high0.1to0.5-seed1-coloc-tl3600.out
31|2|20|0.01|5050,31,31-700-5,0.01,$\theta=0.01$,Str0+VI0,True,2.82,21.0,0.0,0.600390413882387,t2-pmed31-r2-R20-theta0.01-bbnc-i-facility-mixture-lh5050-low0.001to0.01-high0.1to0.5-seed1-coloc-tl3600.out
31|2|20|0.01|9010,31,31-700-5,0.01,$\theta=0.01$,Str0+VI0,True,1.48,5.0,0.0,0.15807681302831,t2-pmed31-r2-R20-theta0.01-bbnc-i-facility-mixture-lh9010-low0.001to0.01-high0.1to0.5-seed1-coloc-tl3600.out
31|2|20|0.01|1090,31,31-700-5,0.01,$\theta=0.01$,Str0+VI1,True,8.21,35.0,0.0,0.949087283506463,t2-pmed31-r2-R20-theta0.01-bbnc-i-l-facility-mixture-lh1090-low0.001to0.01-high0.1to0.5-seed1-coloc-tl3600.out
31|2|20|0.01|5050,31,31-700-5,0.01,$\theta=0.01$,Str0+VI1,True,4.76,13.0,0.0,0.394588772504556,t2-pmed31-r2-R20-theta0.01-bbnc-i-l-facility-mixture-lh5050-low0.001to0.01-high0.1to0.5-seed1-coloc-tl3600.out
31|2|20|0.01|9010,31,31-700-5,0.01,$\theta=0.01$,Str0+VI1,True,2.34,5.0,0.0,0.0103571339620962,t2-pmed31-r2-R20-theta0.01-bbnc-i-l-facility-mixture-lh9010-low0.001to0.01-high0.1to0.5-seed1-coloc-tl3600.out
31|2|20|0.01|1090,31,31-700-5,0.01,$\theta=0.01$,Str1+VI0,True,7.0,84.0,0.0,1.1652025315024,t2-pmed31-r2-R20-theta0.01-bbnc-i-e-facility-mixture-lh1090-low0.001to0.01-high0.1to0.5-seed1-coloc-tl3600.out
31|2|20|0.01|5050,31,31-700-5,0.01,$\theta=0.01$,Str1+VI0,True,3.1,25.0,0.0,0.605071056715805,t2-pmed31-r2-R20-theta0.01-bbnc-i-e-facility-mixture-lh5050-low0.001to0.01-high0.1to0.5-seed1-coloc-tl3600.out
31|2|20|0.01|9010,31,31-700-5,0.01,$\theta=0.01$,Str1+VI0,True,1.77,7.0,0.0,0.176375939672932,t2-pmed31-r2-R20-theta0.01-bbnc-i-e-facility-mixture-lh9010-low0.001to0.01-high0.1to0.5-seed1-coloc-tl3600.out
31|2|20|0.01|1090,31,31-700-5,0.01,$\theta=0.01$,Str1+VI1,True,7.92,43.0,0.0,0.915049940072953,t2-pmed31-r2-R20-theta0.01-bbnc-i-e-l-facility-mixture-lh1090-low0.001to0.01-high0.1to0.5-seed1-coloc-tl3600.out
31|2|20|0.01|5050,31,31-700-5,0.01,$\theta=0.01$,Str1+VI1,True,5.64,17.0,0.0,0.488582957281456,t2-pmed31-r2-R20-theta0.01-bbnc-i-e-l-facility-mixture-lh5050-low0.001to0.01-high0.1to0.5-seed1-coloc-tl3600.out
31|2|20|0.01|9010,31,31-700-5,0.01,$\theta=0.01$,Str1+VI1,True,2.54,0.0,0.0,0.0,t2-pmed31-r2-R20-theta0.01-bbnc-i-e-l-facility-mixture-lh9010-low0.001to0.01-high0.1to0.5-seed1-coloc-tl3600.out
31|2|20|0.1|1090,31,31-700-5,0.1,$\theta=0.1$,Str0+VI0,True,6.74,147.0,0.0,1.85952717914677,t2-pmed31-r2-R20-theta0.1-bbnc-i-facility-mixture-lh1090-low0.001to0.01-high0.1to0.5-seed1-coloc-tl3600.out
31|2|20|0.1|5050,31,31-700-5,0.1,$\theta=0.1$,Str0+VI0,True,2.7,23.0,0.0,0.704574139827324,t2-pmed31-r2-R20-theta0.1-bbnc-i-facility-mixture-lh5050-low0.001to0.01-high0.1to0.5-seed1-coloc-tl3600.out
31|2|20|0.1|9010,31,31-700-5,0.1,$\theta=0.1$,Str0+VI0,True,0.92,5.0,0.0,0.0527072888235343,t2-pmed31-r2-R20-theta0.1-bbnc-i-facility-mixture-lh9010-low0.001to0.01-high0.1to0.5-seed1-coloc-tl3600.out
31|2|20|0.1|1090,31,31-700-5,0.1,$\theta=0.1$,Str0+VI1,True,8.84,48.0,0.0,1.12480936677923,t2-pmed31-r2-R20-theta0.1-bbnc-i-l-facility-mixture-lh1090-low0.001to0.01-high0.1to0.5-seed1-coloc-tl3600.out
31|2|20|0.1|5050,31,31-700-5,0.1,$\theta=0.1$,Str0+VI1,True,4.87,21.0,0.0,0.557428967874208,t2-pmed31-r2-R20-theta0.1-bbnc-i-l-facility-mixture-lh5050-low0.001to0.01-high0.1to0.5-seed1-coloc-tl3600.out
31|2|20|0.1|9010,31,31-700-5,0.1,$\theta=0.1$,Str0+VI1,True,1.39,0.0,0.0,0.0,t2-pmed31-r2-R20-theta0.1-bbnc-i-l-facility-mixture-lh9010-low0.001to0.01-high0.1to0.5-seed1-coloc-tl3600.out
31|2|20|0.1|1090,31,31-700-5,0.1,$\theta=0.1$,Str1+VI0,True,6.32,111.0,0.0,1.44791154205049,t2-pmed31-r2-R20-theta0.1-bbnc-i-e-facility-mixture-lh1090-low0.001to0.01-high0.1to0.5-seed1-coloc-tl3600.out
31|2|20|0.1|5050,31,31-700-5,0.1,$\theta=0.1$,Str1+VI0,True,3.34,28.0,0.0,0.709426496155507,t2-pmed31-r2-R20-theta0.1-bbnc-i-e-facility-mixture-lh5050-low0.001to0.01-high0.1to0.5-seed1-coloc-tl3600.out
31|2|20|0.1|9010,31,31-700-5,0.1,$\theta=0.1$,Str1+VI0,True,1.64,7.0,0.0,0.0293995412141723,t2-pmed31-r2-R20-theta0.1-bbnc-i-e-facility-mixture-lh9010-low0.001to0.01-high0.1to0.5-seed1-coloc-tl3600.out
31|2|20|0.1|1090,31,31-700-5,0.1,$\theta=0.1$,Str1+VI1,True,8.34,39.0,0.0,1.00805926749845,t2-pmed31-r2-R20-theta0.1-bbnc-i-e-l-facility-mixture-lh1090-low0.001to0.01-high0.1to0.5-seed1-coloc-tl3600.out
31|2|20|0.1|5050,31,31-700-5,0.1,$\theta=0.1$,Str1+VI1,True,4.88,11.0,0.0,0.559501289510614,t2-pmed31-r2-R20-theta0.1-bbnc-i-e-l-facility-mixture-lh5050-low0.001to0.01-high0.1to0.5-seed1-coloc-tl3600.out
31|2|20|0.1|9010,31,31-700-5,0.1,$\theta=0.1$,Str1+VI1,True,1.55,0.0,0.0,0.0,t2-pmed31-r2-R20-theta0.1-bbnc-i-e-l-facility-mixture-lh9010-low0.001to0.01-high0.1to0.5-seed1-coloc-tl3600.out
31|2|20|0.2|1090,31,31-700-5,0.2,$\theta=0.2$,Str0+VI0,True,5.86,87.0,0.0,1.36639981586082,t2-pmed31-r2-R20-theta0.2-bbnc-i-facility-mixture-lh1090-low0.001to0.01-high0.1to0.5-seed1-coloc-tl3600.out
31|2|20|0.2|5050,31,31-700-5,0.2,$\theta=0.2$,Str0+VI0,True,2.88,27.0,0.0,0.58984929360138,t2-pmed31-r2-R20-theta0.2-bbnc-i-facility-mixture-lh5050-low0.001to0.01-high0.1to0.5-seed1-coloc-tl3600.out
31|2|20|0.2|9010,31,31-700-5,0.2,$\theta=0.2$,Str0+VI0,True,0.97,3.0,0.0,0.0,t2-pmed31-r2-R20-theta0.2-bbnc-i-facility-mixture-lh9010-low0.001to0.01-high0.1to0.5-seed1-coloc-tl3600.out
31|2|20|0.2|1090,31,31-700-5,0.2,$\theta=0.2$,Str0+VI1,True,7.06,37.0,0.0,1.58479391086608,t2-pmed31-r2-R20-theta0.2-bbnc-i-l-facility-mixture-lh1090-low0.001to0.01-high0.1to0.5-seed1-coloc-tl3600.out
31|2|20|0.2|5050,31,31-700-5,0.2,$\theta=0.2$,Str0+VI1,True,4.27,17.0,0.0,0.519962976398463,t2-pmed31-r2-R20-theta0.2-bbnc-i-l-facility-mixture-lh5050-low0.001to0.01-high0.1to0.5-seed1-coloc-tl3600.out
31|2|20|0.2|9010,31,31-700-5,0.2,$\theta=0.2$,Str0+VI1,True,1.03,0.0,0.0,0.0,t2-pmed31-r2-R20-theta0.2-bbnc-i-l-facility-mixture-lh9010-low0.001to0.01-high0.1to0.5-seed1-coloc-tl3600.out
31|2|20|0.2|1090,31,31-700-5,0.2,$\theta=0.2$,Str1+VI0,True,5.13,89.0,0.0,1.42899489924995,t2-pmed31-r2-R20-theta0.2-bbnc-i-e-facility-mixture-lh1090-low0.001to0.01-high0.1to0.5-seed1-coloc-tl3600.out
31|2|20|0.2|5050,31,31-700-5,0.2,$\theta=0.2$,Str1+VI0,True,3.17,25.0,0.0,0.680296845734905,t2-pmed31-r2-R20-theta0.2-bbnc-i-e-facility-mixture-lh5050-low0.001to0.01-high0.1to0.5-seed1-coloc-tl3600.out
31|2|20|0.2|9010,31,31-700-5,0.2,$\theta=0.2$,Str1+VI0,True,1.31,3.0,0.0,0.0,t2-pmed31-r2-R20-theta0.2-bbnc-i-e-facility-mixture-lh9010-low0.001to0.01-high0.1to0.5-seed1-coloc-tl3600.out
31|2|20|0.2|1090,31,31-700-5,0.2,$\theta=0.2$,Str1+VI1,True,10.77,37.0,0.0,1.20613374425809,t2-pmed31-r2-R20-theta0.2-bbnc-i-e-l-facility-mixture-lh1090-low0.001to0.01-high0.1to0.5-seed1-coloc-tl3600.out
31|2|20|0.2|5050,31,31-700-5,0.2,$\theta=0.2$,Str1+VI1,True,5.45,19.0,0.0,0.463475250479669,t2-pmed31-r2-R20-theta0.2-bbnc-i-e-l-facility-mixture-lh5050-low0.001to0.01-high0.1to0.5-seed1-coloc-tl3600.out
31|2|20|0.2|9010,31,31-700-5,0.2,$\theta=0.2$,Str1+VI1,True,1.37,0.0,0.0,0.0,t2-pmed31-r2-R20-theta0.2-bbnc-i-e-l-facility-mixture-lh9010-low0.001to0.01-high0.1to0.5-seed1-coloc-tl3600.out
32|1|20|0.01|1090,32,32-700-10,0.01,$\theta=0.01$,Str0+VI0,True,60.55,1636.0,0.0,1.20644469247029,t2-pmed32-r1-R20-theta0.01-bbnc-i-facility-mixture-lh1090-low0.001to0.01-high0.1to0.5-seed1-coloc-tl3600.out
32|1|20|0.01|5050,32,32-700-10,0.01,$\theta=0.01$,Str0+VI0,True,19.95,612.0,0.0,0.873980084223939,t2-pmed32-r1-R20-theta0.01-bbnc-i-facility-mixture-lh5050-low0.001to0.01-high0.1to0.5-seed1-coloc-tl3600.out
32|1|20|0.01|9010,32,32-700-10,0.01,$\theta=0.01$,Str0+VI0,True,2.96,94.0,0.0,0.496990062714728,t2-pmed32-r1-R20-theta0.01-bbnc-i-facility-mixture-lh9010-low0.001to0.01-high0.1to0.5-seed1-coloc-tl3600.out
32|1|20|0.01|1090,32,32-700-10,0.01,$\theta=0.01$,Str0+VI1,True,23.41,225.0,0.0,0.887905826526165,t2-pmed32-r1-R20-theta0.01-bbnc-i-l-facility-mixture-lh1090-low0.001to0.01-high0.1to0.5-seed1-coloc-tl3600.out
32|1|20|0.01|5050,32,32-700-10,0.01,$\theta=0.01$,Str0+VI1,True,11.47,95.0,0.0,0.620711625918868,t2-pmed32-r1-R20-theta0.01-bbnc-i-l-facility-mixture-lh5050-low0.001to0.01-high0.1to0.5-seed1-coloc-tl3600.out
32|1|20|0.01|9010,32,32-700-10,0.01,$\theta=0.01$,Str0+VI1,True,4.85,27.0,0.0,0.294610246524844,t2-pmed32-r1-R20-theta0.01-bbnc-i-l-facility-mixture-lh9010-low0.001to0.01-high0.1to0.5-seed1-coloc-tl3600.out
32|1|20|0.01|1090,32,32-700-10,0.01,$\theta=0.01$,Str1+VI0,True,53.29,1560.0,0.0,1.10784434683455,t2-pmed32-r1-R20-theta0.01-bbnc-i-e-facility-mixture-lh1090-low0.001to0.01-high0.1to0.5-seed1-coloc-tl3600.out
32|1|20|0.01|5050,32,32-700-10,0.01,$\theta=0.01$,Str1+VI0,True,19.32,542.0,0.0,0.808760548613527,t2-pmed32-r1-R20-theta0.01-bbnc-i-e-facility-mixture-lh5050-low0.001to0.01-high0.1to0.5-seed1-coloc-tl3600.out
32|1|20|0.01|9010,32,32-700-10,0.01,$\theta=0.01$,Str1+VI0,True,3.92,82.0,0.0,0.502151688273417,t2-pmed32-r1-R20-theta0.01-bbnc-i-e-facility-mixture-lh9010-low0.001to0.01-high0.1to0.5-seed1-coloc-tl3600.out
32|1|20|0.01|1090,32,32-700-10,0.01,$\theta=0.01$,Str1+VI1,True,26.79,197.0,0.0,0.812213630474288,t2-pmed32-r1-R20-theta0.01-bbnc-i-e-l-facility-mixture-lh1090-low0.001to0.01-high0.1to0.5-seed1-coloc-tl3600.out
32|1|20|0.01|5050,32,32-700-10,0.01,$\theta=0.01$,Str1+VI1,True,11.27,81.0,0.0,0.687343605761643,t2-pmed32-r1-R20-theta0.01-bbnc-i-e-l-facility-mixture-lh5050-low0.001to0.01-high0.1to0.5-seed1-coloc-tl3600.out
32|1|20|0.01|9010,32,32-700-10,0.01,$\theta=0.01$,Str1+VI1,True,5.79,19.0,0.0,0.335103995694396,t2-pmed32-r1-R20-theta0.01-bbnc-i-e-l-facility-mixture-lh9010-low0.001to0.01-high0.1to0.5-seed1-coloc-tl3600.out
32|1|20|0.1|1090,32,32-700-10,0.1,$\theta=0.1$,Str0+VI0,True,47.18,1185.0,0.0,1.06478254687056,t2-pmed32-r1-R20-theta0.1-bbnc-i-facility-mixture-lh1090-low0.001to0.01-high0.1to0.5-seed1-coloc-tl3600.out
32|1|20|0.1|5050,32,32-700-10,0.1,$\theta=0.1$,Str0+VI0,True,16.25,567.0,0.0,0.961952708119938,t2-pmed32-r1-R20-theta0.1-bbnc-i-facility-mixture-lh5050-low0.001to0.01-high0.1to0.5-seed1-coloc-tl3600.out
32|1|20|0.1|9010,32,32-700-10,0.1,$\theta=0.1$,Str0+VI0,True,2.65,70.0,0.0,0.56353506410396,t2-pmed32-r1-R20-theta0.1-bbnc-i-facility-mixture-lh9010-low0.001to0.01-high0.1to0.5-seed1-coloc-tl3600.out
32|1|20|0.1|1090,32,32-700-10,0.1,$\theta=0.1$,Str0+VI1,True,18.45,139.0,0.0,0.777270280074891,t2-pmed32-r1-R20-theta0.1-bbnc-i-l-facility-mixture-lh1090-low0.001to0.01-high0.1to0.5-seed1-coloc-tl3600.out
32|1|20|0.1|5050,32,32-700-10,0.1,$\theta=0.1$,Str0+VI1,True,9.95,114.0,0.0,0.620471425056971,t2-pmed32-r1-R20-theta0.1-bbnc-i-l-facility-mixture-lh5050-low0.001to0.01-high0.1to0.5-seed1-coloc-tl3600.out
32|1|20|0.1|9010,32,32-700-10,0.1,$\theta=0.1$,Str0+VI1,True,5.63,26.0,0.0,0.333924691990675,t2-pmed32-r1-R20-theta0.1-bbnc-i-l-facility-mixture-lh9010-low0.001to0.01-high0.1to0.5-seed1-coloc-tl3600.out
32|1|20|0.1|1090,32,32-700-10,0.1,$\theta=0.1$,Str1+VI0,True,37.77,997.0,0.0,1.10750893298467,t2-pmed32-r1-R20-theta0.1-bbnc-i-e-facility-mixture-lh1090-low0.001to0.01-high0.1to0.5-seed1-coloc-tl3600.out
32|1|20|0.1|5050,32,32-700-10,0.1,$\theta=0.1$,Str1+VI0,True,17.74,516.0,0.0,0.873650804004663,t2-pmed32-r1-R20-theta0.1-bbnc-i-e-facility-mixture-lh5050-low0.001to0.01-high0.1to0.5-seed1-coloc-tl3600.out
32|1|20|0.1|9010,32,32-700-10,0.1,$\theta=0.1$,Str1+VI0,True,3.24,79.0,0.0,0.601467089134458,t2-pmed32-r1-R20-theta0.1-bbnc-i-e-facility-mixture-lh9010-low0.001to0.01-high0.1to0.5-seed1-coloc-tl3600.out
32|1|20|0.1|1090,32,32-700-10,0.1,$\theta=0.1$,Str1+VI1,True,21.26,182.0,0.0,0.773269303888796,t2-pmed32-r1-R20-theta0.1-bbnc-i-e-l-facility-mixture-lh1090-low0.001to0.01-high0.1to0.5-seed1-coloc-tl3600.out
32|1|20|0.1|5050,32,32-700-10,0.1,$\theta=0.1$,Str1+VI1,True,10.88,89.0,0.0,0.656695080975446,t2-pmed32-r1-R20-theta0.1-bbnc-i-e-l-facility-mixture-lh5050-low0.001to0.01-high0.1to0.5-seed1-coloc-tl3600.out
32|1|20|0.1|9010,32,32-700-10,0.1,$\theta=0.1$,Str1+VI1,True,5.18,23.0,0.0,0.317218449042846,t2-pmed32-r1-R20-theta0.1-bbnc-i-e-l-facility-mixture-lh9010-low0.001to0.01-high0.1to0.5-seed1-coloc-tl3600.out
32|1|20|0.2|1090,32,32-700-10,0.2,$\theta=0.2$,Str0+VI0,True,28.73,543.0,0.0,0.896938181815159,t2-pmed32-r1-R20-theta0.2-bbnc-i-facility-mixture-lh1090-low0.001to0.01-high0.1to0.5-seed1-coloc-tl3600.out
32|1|20|0.2|5050,32,32-700-10,0.2,$\theta=0.2$,Str0+VI0,True,14.82,445.0,0.0,0.934326264912212,t2-pmed32-r1-R20-theta0.2-bbnc-i-facility-mixture-lh5050-low0.001to0.01-high0.1to0.5-seed1-coloc-tl3600.out
32|1|20|0.2|9010,32,32-700-10,0.2,$\theta=0.2$,Str0+VI0,True,2.21,34.0,0.0,0.441674735290885,t2-pmed32-r1-R20-theta0.2-bbnc-i-facility-mixture-lh9010-low0.001to0.01-high0.1to0.5-seed1-coloc-tl3600.out
32|1|20|0.2|1090,32,32-700-10,0.2,$\theta=0.2$,Str0+VI1,True,15.78,127.0,0.0,0.682798359430384,t2-pmed32-r1-R20-theta0.2-bbnc-i-l-facility-mixture-lh1090-low0.001to0.01-high0.1to0.5-seed1-coloc-tl3600.out
32|1|20|0.2|5050,32,32-700-10,0.2,$\theta=0.2$,Str0+VI1,True,11.58,95.0,0.0,0.740959461799388,t2-pmed32-r1-R20-theta0.2-bbnc-i-l-facility-mixture-lh5050-low0.001to0.01-high0.1to0.5-seed1-coloc-tl3600.out
32|1|20|0.2|9010,32,32-700-10,0.2,$\theta=0.2$,Str0+VI1,True,3.89,19.0,0.0,0.195761229224407,t2-pmed32-r1-R20-theta0.2-bbnc-i-l-facility-mixture-lh9010-low0.001to0.01-high0.1to0.5-seed1-coloc-tl3600.out
32|1|20|0.2|1090,32,32-700-10,0.2,$\theta=0.2$,Str1+VI0,True,27.43,572.0,0.0,0.923382996940763,t2-pmed32-r1-R20-theta0.2-bbnc-i-e-facility-mixture-lh1090-low0.001to0.01-high0.1to0.5-seed1-coloc-tl3600.out
32|1|20|0.2|5050,32,32-700-10,0.2,$\theta=0.2$,Str1+VI0,True,15.92,445.0,0.0,0.979411099160237,t2-pmed32-r1-R20-theta0.2-bbnc-i-e-facility-mixture-lh5050-low0.001to0.01-high0.1to0.5-seed1-coloc-tl3600.out
32|1|20|0.2|9010,32,32-700-10,0.2,$\theta=0.2$,Str1+VI0,True,2.54,56.0,0.0,0.503492908847233,t2-pmed32-r1-R20-theta0.2-bbnc-i-e-facility-mixture-lh9010-low0.001to0.01-high0.1to0.5-seed1-coloc-tl3600.out
32|1|20|0.2|1090,32,32-700-10,0.2,$\theta=0.2$,Str1+VI1,True,19.27,137.0,0.0,0.747321707802772,t2-pmed32-r1-R20-theta0.2-bbnc-i-e-l-facility-mixture-lh1090-low0.001to0.01-high0.1to0.5-seed1-coloc-tl3600.out
32|1|20|0.2|5050,32,32-700-10,0.2,$\theta=0.2$,Str1+VI1,True,11.56,101.0,0.0,0.656489860994956,t2-pmed32-r1-R20-theta0.2-bbnc-i-e-l-facility-mixture-lh5050-low0.001to0.01-high0.1to0.5-seed1-coloc-tl3600.out
32|1|20|0.2|9010,32,32-700-10,0.2,$\theta=0.2$,Str1+VI1,True,4.04,19.0,0.0,0.202301469234232,t2-pmed32-r1-R20-theta0.2-bbnc-i-e-l-facility-mixture-lh9010-low0.001to0.01-high0.1to0.5-seed1-coloc-tl3600.out
32|2|20|0.01|1090,32,32-700-10,0.01,$\theta=0.01$,Str0+VI0,True,82.18,2460.0,0.0,1.29090028226507,t2-pmed32-r2-R20-theta0.01-bbnc-i-facility-mixture-lh1090-low0.001to0.01-high0.1to0.5-seed1-coloc-tl3600.out
32|2|20|0.01|5050,32,32-700-10,0.01,$\theta=0.01$,Str0+VI0,True,23.1,812.0,0.0,1.06625174494617,t2-pmed32-r2-R20-theta0.01-bbnc-i-facility-mixture-lh5050-low0.001to0.01-high0.1to0.5-seed1-coloc-tl3600.out
32|2|20|0.01|9010,32,32-700-10,0.01,$\theta=0.01$,Str0+VI0,True,3.68,108.0,0.0,0.77282693709533,t2-pmed32-r2-R20-theta0.01-bbnc-i-facility-mixture-lh9010-low0.001to0.01-high0.1to0.5-seed1-coloc-tl3600.out
32|2|20|0.01|1090,32,32-700-10,0.01,$\theta=0.01$,Str0+VI1,True,32.92,246.0,0.0,0.914655724715926,t2-pmed32-r2-R20-theta0.01-bbnc-i-l-facility-mixture-lh1090-low0.001to0.01-high0.1to0.5-seed1-coloc-tl3600.out
32|2|20|0.01|5050,32,32-700-10,0.01,$\theta=0.01$,Str0+VI1,True,13.08,118.0,0.0,0.77764241942395,t2-pmed32-r2-R20-theta0.01-bbnc-i-l-facility-mixture-lh5050-low0.001to0.01-high0.1to0.5-seed1-coloc-tl3600.out
32|2|20|0.01|9010,32,32-700-10,0.01,$\theta=0.01$,Str0+VI1,True,5.9,42.0,0.0,0.501186962839513,t2-pmed32-r2-R20-theta0.01-bbnc-i-l-facility-mixture-lh9010-low0.001to0.01-high0.1to0.5-seed1-coloc-tl3600.out
32|2|20|0.01|1090,32,32-700-10,0.01,$\theta=0.01$,Str1+VI0,True,64.56,1694.0,0.0,1.24597829226131,t2-pmed32-r2-R20-theta0.01-bbnc-i-e-facility-mixture-lh1090-low0.001to0.01-high0.1to0.5-seed1-coloc-tl3600.out
32|2|20|0.01|5050,32,32-700-10,0.01,$\theta=0.01$,Str1+VI0,True,23.94,919.0,0.0,1.04367720264239,t2-pmed32-r2-R20-theta0.01-bbnc-i-e-facility-mixture-lh5050-low0.001to0.01-high0.1to0.5-seed1-coloc-tl3600.out
32|2|20|0.01|9010,32,32-700-10,0.01,$\theta=0.01$,Str1+VI0,True,4.43,113.0,0.0,0.777804113407734,t2-pmed32-r2-R20-theta0.01-bbnc-i-e-facility-mixture-lh9010-low0.001to0.01-high0.1to0.5-seed1-coloc-tl3600.out
32|2|20|0.01|1090,32,32-700-10,0.01,$\theta=0.01$,Str1+VI1,True,29.8,213.0,0.0,0.909098401858178,t2-pmed32-r2-R20-theta0.01-bbnc-i-e-l-facility-mixture-lh1090-low0.001to0.01-high0.1to0.5-seed1-coloc-tl3600.out
32|2|20|0.01|5050,32,32-700-10,0.01,$\theta=0.01$,Str1+VI1,True,15.9,131.0,0.0,0.798650547155011,t2-pmed32-r2-R20-theta0.01-bbnc-i-e-l-facility-mixture-lh5050-low0.001to0.01-high0.1to0.5-seed1-coloc-tl3600.out
32|2|20|0.01|9010,32,32-700-10,0.01,$\theta=0.01$,Str1+VI1,True,6.53,53.0,0.0,0.505634276259759,t2-pmed32-r2-R20-theta0.01-bbnc-i-e-l-facility-mixture-lh9010-low0.001to0.01-high0.1to0.5-seed1-coloc-tl3600.out
32|2|20|0.1|1090,32,32-700-10,0.1,$\theta=0.1$,Str0+VI0,True,54.66,1180.0,0.0,1.09412830006021,t2-pmed32-r2-R20-theta0.1-bbnc-i-facility-mixture-lh1090-low0.001to0.01-high0.1to0.5-seed1-coloc-tl3600.out
32|2|20|0.1|5050,32,32-700-10,0.1,$\theta=0.1$,Str0+VI0,True,24.58,741.0,0.0,1.06393111968007,t2-pmed32-r2-R20-theta0.1-bbnc-i-facility-mixture-lh5050-low0.001to0.01-high0.1to0.5-seed1-coloc-tl3600.out
32|2|20|0.1|9010,32,32-700-10,0.1,$\theta=0.1$,Str0+VI0,True,3.27,83.0,0.0,0.683404287442229,t2-pmed32-r2-R20-theta0.1-bbnc-i-facility-mixture-lh9010-low0.001to0.01-high0.1to0.5-seed1-coloc-tl3600.out
32|2|20|0.1|1090,32,32-700-10,0.1,$\theta=0.1$,Str0+VI1,True,22.47,175.0,0.0,0.845123891990922,t2-pmed32-r2-R20-theta0.1-bbnc-i-l-facility-mixture-lh1090-low0.001to0.01-high0.1to0.5-seed1-coloc-tl3600.out
32|2|20|0.1|5050,32,32-700-10,0.1,$\theta=0.1$,Str0+VI1,True,12.96,122.0,0.0,0.740371915348225,t2-pmed32-r2-R20-theta0.1-bbnc-i-l-facility-mixture-lh5050-low0.001to0.01-high0.1to0.5-seed1-coloc-tl3600.out
32|2|20|0.1|9010,32,32-700-10,0.1,$\theta=0.1$,Str0+VI1,True,4.95,27.0,0.0,0.378943824535978,t2-pmed32-r2-R20-theta0.1-bbnc-i-l-facility-mixture-lh9010-low0.001to0.01-high0.1to0.5-seed1-coloc-tl3600.out
32|2|20|0.1|1090,32,32-700-10,0.1,$\theta=0.1$,Str1+VI0,True,43.37,1077.0,0.0,1.08974699370298,t2-pmed32-r2-R20-theta0.1-bbnc-i-e-facility-mixture-lh1090-low0.001to0.01-high0.1to0.5-seed1-coloc-tl3600.out
32|2|20|0.1|5050,32,32-700-10,0.1,$\theta=0.1$,Str1+VI0,True,21.29,614.0,0.0,0.928338082157985,t2-pmed32-r2-R20-theta0.1-bbnc-i-e-facility-mixture-lh5050-low0.001to0.01-high0.1to0.5-seed1-coloc-tl3600.out
32|2|20|0.1|9010,32,32-700-10,0.1,$\theta=0.1$,Str1+VI0,True,3.02,86.0,0.0,0.679177423519119,t2-pmed32-r2-R20-theta0.1-bbnc-i-e-facility-mixture-lh9010-low0.001to0.01-high0.1to0.5-seed1-coloc-tl3600.out
32|2|20|0.1|1090,32,32-700-10,0.1,$\theta=0.1$,Str1+VI1,True,22.44,169.0,0.0,0.794809962148299,t2-pmed32-r2-R20-theta0.1-bbnc-i-e-l-facility-mixture-lh1090-low0.001to0.01-high0.1to0.5-seed1-coloc-tl3600.out
32|2|20|0.1|5050,32,32-700-10,0.1,$\theta=0.1$,Str1+VI1,True,13.16,133.0,0.0,0.776424437219085,t2-pmed32-r2-R20-theta0.1-bbnc-i-e-l-facility-mixture-lh5050-low0.001to0.01-high0.1to0.5-seed1-coloc-tl3600.out
32|2|20|0.1|9010,32,32-700-10,0.1,$\theta=0.1$,Str1+VI1,True,3.89,27.0,0.0,0.429207686926423,t2-pmed32-r2-R20-theta0.1-bbnc-i-e-l-facility-mixture-lh9010-low0.001to0.01-high0.1to0.5-seed1-coloc-tl3600.out
32|2|20|0.2|1090,32,32-700-10,0.2,$\theta=0.2$,Str0+VI0,True,33.22,808.0,0.0,0.96137679080116,t2-pmed32-r2-R20-theta0.2-bbnc-i-facility-mixture-lh1090-low0.001to0.01-high0.1to0.5-seed1-coloc-tl3600.out
32|2|20|0.2|5050,32,32-700-10,0.2,$\theta=0.2$,Str0+VI0,True,17.72,596.0,0.0,1.01799178834164,t2-pmed32-r2-R20-theta0.2-bbnc-i-facility-mixture-lh5050-low0.001to0.01-high0.1to0.5-seed1-coloc-tl3600.out
32|2|20|0.2|9010,32,32-700-10,0.2,$\theta=0.2$,Str0+VI0,True,2.7,57.0,0.0,0.553680341159673,t2-pmed32-r2-R20-theta0.2-bbnc-i-facility-mixture-lh9010-low0.001to0.01-high0.1to0.5-seed1-coloc-tl3600.out
32|2|20|0.2|1090,32,32-700-10,0.2,$\theta=0.2$,Str0+VI1,True,14.71,115.0,0.0,0.822630186235464,t2-pmed32-r2-R20-theta0.2-bbnc-i-l-facility-mixture-lh1090-low0.001to0.01-high0.1to0.5-seed1-coloc-tl3600.out
32|2|20|0.2|5050,32,32-700-10,0.2,$\theta=0.2$,Str0+VI1,True,14.81,129.0,0.0,0.78856123522235,t2-pmed32-r2-R20-theta0.2-bbnc-i-l-facility-mixture-lh5050-low0.001to0.01-high0.1to0.5-seed1-coloc-tl3600.out
32|2|20|0.2|9010,32,32-700-10,0.2,$\theta=0.2$,Str0+VI1,True,4.36,23.0,0.0,0.341128932996463,t2-pmed32-r2-R20-theta0.2-bbnc-i-l-facility-mixture-lh9010-low0.001to0.01-high0.1to0.5-seed1-coloc-tl3600.out
32|2|20|0.2|1090,32,32-700-10,0.2,$\theta=0.2$,Str1+VI0,True,26.35,592.0,0.0,1.09413171978688,t2-pmed32-r2-R20-theta0.2-bbnc-i-e-facility-mixture-lh1090-low0.001to0.01-high0.1to0.5-seed1-coloc-tl3600.out
32|2|20|0.2|5050,32,32-700-10,0.2,$\theta=0.2$,Str1+VI0,True,16.66,491.0,0.0,1.0592623532614,t2-pmed32-r2-R20-theta0.2-bbnc-i-e-facility-mixture-lh5050-low0.001to0.01-high0.1to0.5-seed1-coloc-tl3600.out
32|2|20|0.2|9010,32,32-700-10,0.2,$\theta=0.2$,Str1+VI0,True,3.35,61.0,0.0,0.577655801300981,t2-pmed32-r2-R20-theta0.2-bbnc-i-e-facility-mixture-lh9010-low0.001to0.01-high0.1to0.5-seed1-coloc-tl3600.out
32|2|20|0.2|1090,32,32-700-10,0.2,$\theta=0.2$,Str1+VI1,True,14.57,111.0,0.0,0.764067398111058,t2-pmed32-r2-R20-theta0.2-bbnc-i-e-l-facility-mixture-lh1090-low0.001to0.01-high0.1to0.5-seed1-coloc-tl3600.out
32|2|20|0.2|5050,32,32-700-10,0.2,$\theta=0.2$,Str1+VI1,True,14.9,105.0,0.0,0.82269777475811,t2-pmed32-r2-R20-theta0.2-bbnc-i-e-l-facility-mixture-lh5050-low0.001to0.01-high0.1to0.5-seed1-coloc-tl3600.out
32|2|20|0.2|9010,32,32-700-10,0.2,$\theta=0.2$,Str1+VI1,True,4.65,35.0,0.0,0.405446886797799,t2-pmed32-r2-R20-theta0.2-bbnc-i-e-l-facility-mixture-lh9010-low0.001to0.01-high0.1to0.5-seed1-coloc-tl3600.out
33|1|20|0.01|1090,33,33-700-70,0.01,$\theta=0.01$,Str0+VI0,False,3600.0,132124.0,0.232306007991157,0.511857766497211,t2-pmed33-r1-R20-theta0.01-bbnc-i-facility-mixture-lh1090-low0.001to0.01-high0.1to0.5-seed1-coloc-tl3600.out
33|1|20|0.01|5050,33,33-700-70,0.01,$\theta=0.01$,Str0+VI0,False,3600.0,187997.0,0.0654738842657697,0.376275582192181,t2-pmed33-r1-R20-theta0.01-bbnc-i-facility-mixture-lh5050-low0.001to0.01-high0.1to0.5-seed1-coloc-tl3600.out
33|1|20|0.01|9010,33,33-700-70,0.01,$\theta=0.01$,Str0+VI0,True,40.54,4313.0,0.0,0.213772201760286,t2-pmed33-r1-R20-theta0.01-bbnc-i-facility-mixture-lh9010-low0.001to0.01-high0.1to0.5-seed1-coloc-tl3600.out
33|1|20|0.01|1090,33,33-700-70,0.01,$\theta=0.01$,Str0+VI1,False,3600.0,102686.0,0.145841411352921,0.365851947784059,t2-pmed33-r1-R20-theta0.01-bbnc-i-l-facility-mixture-lh1090-low0.001to0.01-high0.1to0.5-seed1-coloc-tl3600.out
33|1|20|0.01|5050,33,33-700-70,0.01,$\theta=0.01$,Str0+VI1,True,2224.98,220354.0,0.0,0.190881023149596,t2-pmed33-r1-R20-theta0.01-bbnc-i-l-facility-mixture-lh5050-low0.001to0.01-high0.1to0.5-seed1-coloc-tl3600.out
33|1|20|0.01|9010,33,33-700-70,0.01,$\theta=0.01$,Str0+VI1,True,39.95,3079.0,0.0,0.0920075613331576,t2-pmed33-r1-R20-theta0.01-bbnc-i-l-facility-mixture-lh9010-low0.001to0.01-high0.1to0.5-seed1-coloc-tl3600.out
33|1|20|0.01|1090,33,33-700-70,0.01,$\theta=0.01$,Str1+VI0,False,3600.01,112518.0,0.148932673116523,0.385309527125268,t2-pmed33-r1-R20-theta0.01-bbnc-i-e-facility-mixture-lh1090-low0.001to0.01-high0.1to0.5-seed1-coloc-tl3600.out
33|1|20|0.01|5050,33,33-700-70,0.01,$\theta=0.01$,Str1+VI0,False,3600.0,256579.0,0.0358439293952429,0.279538810909798,t2-pmed33-r1-R20-theta0.01-bbnc-i-e-facility-mixture-lh5050-low0.001to0.01-high0.1to0.5-seed1-coloc-tl3600.out
33|1|20|0.01|9010,33,33-700-70,0.01,$\theta=0.01$,Str1+VI0,True,25.22,2002.0,0.0,0.160435029948881,t2-pmed33-r1-R20-theta0.01-bbnc-i-e-facility-mixture-lh9010-low0.001to0.01-high0.1to0.5-seed1-coloc-tl3600.out
33|1|20|0.01|1090,33,33-700-70,0.01,$\theta=0.01$,Str1+VI1,False,3600.01,104670.0,0.138267796472971,0.322089678554628,t2-pmed33-r1-R20-theta0.01-bbnc-i-e-l-facility-mixture-lh1090-low0.001to0.01-high0.1to0.5-seed1-coloc-tl3600.out
33|1|20|0.01|5050,33,33-700-70,0.01,$\theta=0.01$,Str1+VI1,False,3600.0,264847.0,0.0218814245181542,0.179077181934821,t2-pmed33-r1-R20-theta0.01-bbnc-i-e-l-facility-mixture-lh5050-low0.001to0.01-high0.1to0.5-seed1-coloc-tl3600.out
33|1|20|0.01|9010,33,33-700-70,0.01,$\theta=0.01$,Str1+VI1,True,29.78,1339.0,0.0,0.0690283585769799,t2-pmed33-r1-R20-theta0.01-bbnc-i-e-l-facility-mixture-lh9010-low0.001to0.01-high0.1to0.5-seed1-coloc-tl3600.out
33|1|20|0.1|1090,33,33-700-70,0.1,$\theta=0.1$,Str0+VI0,False,3600.0,154678.0,0.146932781785842,0.424946566667799,t2-pmed33-r1-R20-theta0.1-bbnc-i-facility-mixture-lh1090-low0.001to0.01-high0.1to0.5-seed1-coloc-tl3600.out
33|1|20|0.1|5050,33,33-700-70,0.1,$\theta=0.1$,Str0+VI0,True,2143.15,210832.0,0.0,0.287077195559069,t2-pmed33-r1-R20-theta0.1-bbnc-i-facility-mixture-lh5050-low0.001to0.01-high0.1to0.5-seed1-coloc-tl3600.out
33|1|20|0.1|9010,33,33-700-70,0.1,$\theta=0.1$,Str0+VI0,True,26.09,1804.0,0.0,0.180035782286583,t2-pmed33-r1-R20-theta0.1-bbnc-i-facility-mixture-lh9010-low0.001to0.01-high0.1to0.5-seed1-coloc-tl3600.out
33|1|20|0.1|1090,33,33-700-70,0.1,$\theta=0.1$,Str0+VI1,False,3600.01,132595.0,0.142517746673957,0.320567536858477,t2-pmed33-r1-R20-theta0.1-bbnc-i-l-facility-mixture-lh1090-low0.001to0.01-high0.1to0.5-seed1-coloc-tl3600.out
33|1|20|0.1|5050,33,33-700-70,0.1,$\theta=0.1$,Str0+VI1,False,3600.0,443804.0,0.00251562056417839,0.145366754174185,t2-pmed33-r1-R20-theta0.1-bbnc-i-l-facility-mixture-lh5050-low0.001to0.01-high0.1to0.5-seed1-coloc-tl3600.out
33|1|20|0.1|9010,33,33-700-70,0.1,$\theta=0.1$,Str0+VI1,True,27.7,1172.0,0.0,0.0707140540843473,t2-pmed33-r1-R20-theta0.1-bbnc-i-l-facility-mixture-lh9010-low0.001to0.01-high0.1to0.5-seed1-coloc-tl3600.out
33|1|20|0.1|1090,33,33-700-70,0.1,$\theta=0.1$,Str1+VI0,False,3600.0,107384.0,0.126456536536059,0.361936858056417,t2-pmed33-r1-R20-theta0.1-bbnc-i-e-facility-mixture-lh1090-low0.001to0.01-high0.1to0.5-seed1-coloc-tl3600.out
33|1|20|0.1|5050,33,33-700-70,0.1,$\theta=0.1$,Str1+VI0,True,2634.32,265331.0,0.0,0.232844818922009,t2-pmed33-r1-R20-theta0.1-bbnc-i-e-facility-mixture-lh5050-low0.001to0.01-high0.1to0.5-seed1-coloc-tl3600.out
33|1|20|0.1|9010,33,33-700-70,0.1,$\theta=0.1$,Str1+VI0,True,23.04,1900.0,0.0,0.168795912830494,t2-pmed33-r1-R20-theta0.1-bbnc-i-e-facility-mixture-lh9010-low0.001to0.01-high0.1to0.5-seed1-coloc-tl3600.out
33|1|20|0.1|1090,33,33-700-70,0.1,$\theta=0.1$,Str1+VI1,False,3600.0,67027.0,0.0765056911952109,0.262201743744171,t2-pmed33-r1-R20-theta0.1-bbnc-i-e-l-facility-mixture-lh1090-low0.001to0.01-high0.1to0.5-seed1-coloc-tl3600.out
33|1|20|0.1|5050,33,33-700-70,0.1,$\theta=0.1$,Str1+VI1,True,1097.03,110871.0,0.0,0.143457053410438,t2-pmed33-r1-R20-theta0.1-bbnc-i-e-l-facility-mixture-lh5050-low0.001to0.01-high0.1to0.5-seed1-coloc-tl3600.out
33|1|20|0.1|9010,33,33-700-70,0.1,$\theta=0.1$,Str1+VI1,True,34.23,1621.0,0.0,0.0747936030273534,t2-pmed33-r1-R20-theta0.1-bbnc-i-e-l-facility-mixture-lh9010-low0.001to0.01-high0.1to0.5-seed1-coloc-tl3600.out
33|1|20|0.2|1090,33,33-700-70,0.2,$\theta=0.2$,Str0+VI0,False,3600.0,167707.0,0.117672686141885,0.390097019034322,t2-pmed33-r1-R20-theta0.2-bbnc-i-facility-mixture-lh1090-low0.001to0.01-high0.1to0.5-seed1-coloc-tl3600.out
33|1|20|0.2|5050,33,33-700-70,0.2,$\theta=0.2$,Str0+VI0,True,460.23,41653.0,0.0,0.236089974389526,t2-pmed33-r1-R20-theta0.2-bbnc-i-facility-mixture-lh5050-low0.001to0.01-high0.1to0.5-seed1-coloc-tl3600.out
33|1|20|0.2|9010,33,33-700-70,0.2,$\theta=0.2$,Str0+VI0,True,32.57,2751.0,0.0,0.246325122377053,t2-pmed33-r1-R20-theta0.2-bbnc-i-facility-mixture-lh9010-low0.001to0.01-high0.1to0.5-seed1-coloc-tl3600.out
33|1|20|0.2|1090,33,33-700-70,0.2,$\theta=0.2$,Str0+VI1,False,3600.0,151187.0,0.0943675292550623,0.251399173473193,t2-pmed33-r1-R20-theta0.2-bbnc-i-l-facility-mixture-lh1090-low0.001to0.01-high0.1to0.5-seed1-coloc-tl3600.out
33|1|20|0.2|5050,33,33-700-70,0.2,$\theta=0.2$,Str0+VI1,True,411.47,33203.0,0.0,0.126435790590377,t2-pmed33-r1-R20-theta0.2-bbnc-i-l-facility-mixture-lh5050-low0.001to0.01-high0.1to0.5-seed1-coloc-tl3600.out
33|1|20|0.2|9010,33,33-700-70,0.2,$\theta=0.2$,Str0+VI1,True,53.62,2642.0,0.0,0.121537014347996,t2-pmed33-r1-R20-theta0.2-bbnc-i-l-facility-mixture-lh9010-low0.001to0.01-high0.1to0.5-seed1-coloc-tl3600.out
33|1|20|0.2|1090,33,33-700-70,0.2,$\theta=0.2$,Str1+VI0,False,3600.0,109550.0,0.113118849361176,0.338300186366719,t2-pmed33-r1-R20-theta0.2-bbnc-i-e-facility-mixture-lh1090-low0.001to0.01-high0.1to0.5-seed1-coloc-tl3600.out
33|1|20|0.2|5050,33,33-700-70,0.2,$\theta=0.2$,Str1+VI0,True,855.15,90828.0,0.0,0.180144582043184,t2-pmed33-r1-R20-theta0.2-bbnc-i-e-facility-mixture-lh5050-low0.001to0.01-high0.1to0.5-seed1-coloc-tl3600.out
33|1|20|0.2|9010,33,33-700-70,0.2,$\theta=0.2$,Str1+VI0,True,43.74,4705.0,0.0,0.191334176136165,t2-pmed33-r1-R20-theta0.2-bbnc-i-e-facility-mixture-lh9010-low0.001to0.01-high0.1to0.5-seed1-coloc-tl3600.out
33|1|20|0.2|1090,33,33-700-70,0.2,$\theta=0.2$,Str1+VI1,False,3600.0,84696.0,0.0417278023047044,0.218955673523347,t2-pmed33-r1-R20-theta0.2-bbnc-i-e-l-facility-mixture-lh1090-low0.001to0.01-high0.1to0.5-seed1-coloc-tl3600.out
33|1|20|0.2|5050,33,33-700-70,0.2,$\theta=0.2$,Str1+VI1,True,389.82,34980.0,0.0,0.106633357349857,t2-pmed33-r1-R20-theta0.2-bbnc-i-e-l-facility-mixture-lh5050-low0.001to0.01-high0.1to0.5-seed1-coloc-tl3600.out
33|1|20|0.2|9010,33,33-700-70,0.2,$\theta=0.2$,Str1+VI1,True,61.71,5187.0,0.0,0.0795763768298418,t2-pmed33-r1-R20-theta0.2-bbnc-i-e-l-facility-mixture-lh9010-low0.001to0.01-high0.1to0.5-seed1-coloc-tl3600.out
33|2|20|0.01|1090,33,33-700-70,0.01,$\theta=0.01$,Str0+VI0,False,3600.0,137573.0,0.217219393952239,0.537632309117239,t2-pmed33-r2-R20-theta0.01-bbnc-i-facility-mixture-lh1090-low0.001to0.01-high0.1to0.5-seed1-coloc-tl3600.out
33|2|20|0.01|5050,33,33-700-70,0.01,$\theta=0.01$,Str0+VI0,False,3600.01,225997.0,0.0892443136073824,0.414911594905145,t2-pmed33-r2-R20-theta0.01-bbnc-i-facility-mixture-lh5050-low0.001to0.01-high0.1to0.5-seed1-coloc-tl3600.out
33|2|20|0.01|9010,33,33-700-70,0.01,$\theta=0.01$,Str0+VI0,True,161.62,21621.0,0.0,0.309193974156553,t2-pmed33-r2-R20-theta0.01-bbnc-i-facility-mixture-lh9010-low0.001to0.01-high0.1to0.5-seed1-coloc-tl3600.out
33|2|20|0.01|1090,33,33-700-70,0.01,$\theta=0.01$,Str0+VI1,False,3600.01,116316.0,0.177142056453257,0.394171050318532,t2-pmed33-r2-R20-theta0.01-bbnc-i-l-facility-mixture-lh1090-low0.001to0.01-high0.1to0.5-seed1-coloc-tl3600.out
33|2|20|0.01|5050,33,33-700-70,0.01,$\theta=0.01$,Str0+VI1,False,3600.0,224069.0,0.0461272598612472,0.22535097414956,t2-pmed33-r2-R20-theta0.01-bbnc-i-l-facility-mixture-lh5050-low0.001to0.01-high0.1to0.5-seed1-coloc-tl3600.out
33|2|20|0.01|9010,33,33-700-70,0.01,$\theta=0.01$,Str0+VI1,True,71.61,4189.0,0.0,0.204417287321532,t2-pmed33-r2-R20-theta0.01-bbnc-i-l-facility-mixture-lh9010-low0.001to0.01-high0.1to0.5-seed1-coloc-tl3600.out
33|2|20|0.01|1090,33,33-700-70,0.01,$\theta=0.01$,Str1+VI0,False,3600.0,109173.0,0.20775275877557,0.434220384973057,t2-pmed33-r2-R20-theta0.01-bbnc-i-e-facility-mixture-lh1090-low0.001to0.01-high0.1to0.5-seed1-coloc-tl3600.out
33|2|20|0.01|5050,33,33-700-70,0.01,$\theta=0.01$,Str1+VI0,False,3600.0,180050.0,0.066568986057072,0.312881914506909,t2-pmed33-r2-R20-theta0.01-bbnc-i-e-facility-mixture-lh5050-low0.001to0.01-high0.1to0.5-seed1-coloc-tl3600.out
33|2|20|0.01|9010,33,33-700-70,0.01,$\theta=0.01$,Str1+VI0,True,106.31,15655.0,0.0,0.293710558815299,t2-pmed33-r2-R20-theta0.01-bbnc-i-e-facility-mixture-lh9010-low0.001to0.01-high0.1to0.5-seed1-coloc-tl3600.out
33|2|20|0.01|1090,33,33-700-70,0.01,$\theta=0.01$,Str1+VI1,False,3600.0,104975.0,0.131378804404437,0.319447701222741,t2-pmed33-r2-R20-theta0.01-bbnc-i-e-l-facility-mixture-lh1090-low0.001to0.01-high0.1to0.5-seed1-coloc-tl3600.out
33|2|20|0.01|5050,33,33-700-70,0.01,$\theta=0.01$,Str1+VI1,False,3600.01,202864.0,0.041548985395506,0.210436582505382,t2-pmed33-r2-R20-theta0.01-bbnc-i-e-l-facility-mixture-lh5050-low0.001to0.01-high0.1to0.5-seed1-coloc-tl3600.out
33|2|20|0.01|9010,33,33-700-70,0.01,$\theta=0.01$,Str1+VI1,True,61.48,3754.0,0.0,0.15709880292645,t2-pmed33-r2-R20-theta0.01-bbnc-i-e-l-facility-mixture-lh9010-low0.001to0.01-high0.1to0.5-seed1-coloc-tl3600.out
33|2|20|0.1|1090,33,33-700-70,0.1,$\theta=0.1$,Str0+VI0,False,3600.01,175518.0,0.215445866772719,0.49226816890485,t2-pmed33-r2-R20-theta0.1-bbnc-i-facility-mixture-lh1090-low0.001to0.01-high0.1to0.5-seed1-coloc-tl3600.out
33|2|20|0.1|5050,33,33-700-70,0.1,$\theta=0.1$,Str0+VI0,True,1311.52,112341.0,0.0,0.255987603342236,t2-pmed33-r2-R20-theta0.1-bbnc-i-facility-mixture-lh5050-low0.001to0.01-high0.1to0.5-seed1-coloc-tl3600.out
33|2|20|0.1|9010,33,33-700-70,0.1,$\theta=0.1$,Str0+VI0,True,40.47,3631.0,0.0,0.24858226758319,t2-pmed33-r2-R20-theta0.1-bbnc-i-facility-mixture-lh9010-low0.001to0.01-high0.1to0.5-seed1-coloc-tl3600.out
33|2|20|0.1|1090,33,33-700-70,0.1,$\theta=0.1$,Str0+VI1,False,3600.01,142532.0,0.175654002485097,0.362447381899773,t2-pmed33-r2-R20-theta0.1-bbnc-i-l-facility-mixture-lh1090-low0.001to0.01-high0.1to0.5-seed1-coloc-tl3600.out
33|2|20|0.1|5050,33,33-700-70,0.1,$\theta=0.1$,Str0+VI1,True,563.29,39374.0,0.0,0.153525628701888,t2-pmed33-r2-R20-theta0.1-bbnc-i-l-facility-mixture-lh5050-low0.001to0.01-high0.1to0.5-seed1-coloc-tl3600.out
33|2|20|0.1|9010,33,33-700-70,0.1,$\theta=0.1$,Str0+VI1,True,63.69,2710.0,0.0,0.158164427033071,t2-pmed33-r2-R20-theta0.1-bbnc-i-l-facility-mixture-lh9010-low0.001to0.01-high0.1to0.5-seed1-coloc-tl3600.out
33|2|20|0.1|1090,33,33-700-70,0.1,$\theta=0.1$,Str1+VI0,False,3600.0,101102.0,0.146462769435665,0.404584030651184,t2-pmed33-r2-R20-theta0.1-bbnc-i-e-facility-mixture-lh1090-low0.001to0.01-high0.1to0.5-seed1-coloc-tl3600.out
33|2|20|0.1|5050,33,33-700-70,0.1,$\theta=0.1$,Str1+VI0,True,2042.75,173963.0,0.0,0.213922309460223,t2-pmed33-r2-R20-theta0.1-bbnc-i-e-facility-mixture-lh5050-low0.001to0.01-high0.1to0.5-seed1-coloc-tl3600.out
33|2|20|0.1|9010,33,33-700-70,0.1,$\theta=0.1$,Str1+VI0,True,122.19,20391.0,0.0,0.230167146016562,t2-pmed33-r2-R20-theta0.1-bbnc-i-e-facility-mixture-lh9010-low0.001to0.01-high0.1to0.5-seed1-coloc-tl3600.out
33|2|20|0.1|1090,33,33-700-70,0.1,$\theta=0.1$,Str1+VI1,False,3600.01,97932.0,0.136644464423032,0.315078516809763,t2-pmed33-r2-R20-theta0.1-bbnc-i-e-l-facility-mixture-lh1090-low0.001to0.01-high0.1to0.5-seed1-coloc-tl3600.out
33|2|20|0.1|5050,33,33-700-70,0.1,$\theta=0.1$,Str1+VI1,True,931.87,86718.0,0.0,0.136196943591761,t2-pmed33-r2-R20-theta0.1-bbnc-i-e-l-facility-mixture-lh5050-low0.001to0.01-high0.1to0.5-seed1-coloc-tl3600.out
33|2|20|0.1|9010,33,33-700-70,0.1,$\theta=0.1$,Str1+VI1,True,44.5,2593.0,0.0,0.137003049855334,t2-pmed33-r2-R20-theta0.1-bbnc-i-e-l-facility-mixture-lh9010-low0.001to0.01-high0.1to0.5-seed1-coloc-tl3600.out
33|2|20|0.2|1090,33,33-700-70,0.2,$\theta=0.2$,Str0+VI0,False,3600.01,165612.0,0.128928726120769,0.391503924671039,t2-pmed33-r2-R20-theta0.2-bbnc-i-facility-mixture-lh1090-low0.001to0.01-high0.1to0.5-seed1-coloc-tl3600.out
33|2|20|0.2|5050,33,33-700-70,0.2,$\theta=0.2$,Str0+VI0,True,189.48,15116.0,0.0,0.193473594805845,t2-pmed33-r2-R20-theta0.2-bbnc-i-facility-mixture-lh5050-low0.001to0.01-high0.1to0.5-seed1-coloc-tl3600.out
33|2|20|0.2|9010,33,33-700-70,0.2,$\theta=0.2$,Str0+VI0,True,39.11,4098.0,0.0,0.292758030379567,t2-pmed33-r2-R20-theta0.2-bbnc-i-facility-mixture-lh9010-low0.001to0.01-high0.1to0.5-seed1-coloc-tl3600.out
33|2|20|0.2|1090,33,33-700-70,0.2,$\theta=0.2$,Str0+VI1,False,3600.0,148635.0,0.0908516452215712,0.241406036879428,t2-pmed33-r2-R20-theta0.2-bbnc-i-l-facility-mixture-lh1090-low0.001to0.01-high0.1to0.5-seed1-coloc-tl3600.out
33|2|20|0.2|5050,33,33-700-70,0.2,$\theta=0.2$,Str0+VI1,True,174.72,9087.0,0.0,0.111748079425853,t2-pmed33-r2-R20-theta0.2-bbnc-i-l-facility-mixture-lh5050-low0.001to0.01-high0.1to0.5-seed1-coloc-tl3600.out
33|2|20|0.2|9010,33,33-700-70,0.2,$\theta=0.2$,Str0+VI1,True,74.7,6023.0,0.0,0.154665654250221,t2-pmed33-r2-R20-theta0.2-bbnc-i-l-facility-mixture-lh9010-low0.001to0.01-high0.1to0.5-seed1-coloc-tl3600.out
33|2|20|0.2|1090,33,33-700-70,0.2,$\theta=0.2$,Str1+VI0,False,3600.0,128469.0,0.087114592153935,0.302024225928226,t2-pmed33-r2-R20-theta0.2-bbnc-i-e-facility-mixture-lh1090-low0.001to0.01-high0.1to0.5-seed1-coloc-tl3600.out
33|2|20|0.2|5050,33,33-700-70,0.2,$\theta=0.2$,Str1+VI0,True,109.91,6749.0,0.0,0.16561055861746,t2-pmed33-r2-R20-theta0.2-bbnc-i-e-facility-mixture-lh5050-low0.001to0.01-high0.1to0.5-seed1-coloc-tl3600.out
33|2|20|0.2|9010,33,33-700-70,0.2,$\theta=0.2$,Str1+VI0,True,41.35,3182.0,0.0,0.289929156580302,t2-pmed33-r2-R20-theta0.2-bbnc-i-e-facility-mixture-lh9010-low0.001to0.01-high0.1to0.5-seed1-coloc-tl3600.out
33|2|20|0.2|1090,33,33-700-70,0.2,$\theta=0.2$,Str1+VI1,False,3600.0,66781.0,0.0360081114914578,0.210503662368466,t2-pmed33-r2-R20-theta0.2-bbnc-i-e-l-facility-mixture-lh1090-low0.001to0.01-high0.1to0.5-seed1-coloc-tl3600.out
33|2|20|0.2|5050,33,33-700-70,0.2,$\theta=0.2$,Str1+VI1,True,254.34,17654.0,0.0,0.0978985398043454,t2-pmed33-r2-R20-theta0.2-bbnc-i-e-l-facility-mixture-lh5050-low0.001to0.01-high0.1to0.5-seed1-coloc-tl3600.out
33|2|20|0.2|9010,33,33-700-70,0.2,$\theta=0.2$,Str1+VI1,True,66.73,4196.0,0.0,0.122042730261495,t2-pmed33-r2-R20-theta0.2-bbnc-i-e-l-facility-mixture-lh9010-low0.001to0.01-high0.1to0.5-seed1-coloc-tl3600.out
34|1|20|0.01|1090,34,34-700-140,0.01,$\theta=0.01$,Str0+VI0,False,3600.0,77751.0,0.424521504553453,0.693358221628002,t2-pmed34-r1-R20-theta0.01-bbnc-i-facility-mixture-lh1090-low0.001to0.01-high0.1to0.5-seed1-coloc-tl3600.out
34|1|20|0.01|5050,34,34-700-140,0.01,$\theta=0.01$,Str0+VI0,False,3600.0,86560.0,0.410939557241262,0.784243547666034,t2-pmed34-r1-R20-theta0.01-bbnc-i-facility-mixture-lh5050-low0.001to0.01-high0.1to0.5-seed1-coloc-tl3600.out
34|1|20|0.01|9010,34,34-700-140,0.01,$\theta=0.01$,Str0+VI0,False,3600.01,268093.0,0.0509134354570207,0.305587626200948,t2-pmed34-r1-R20-theta0.01-bbnc-i-facility-mixture-lh9010-low0.001to0.01-high0.1to0.5-seed1-coloc-tl3600.out
34|1|20|0.01|1090,34,34-700-140,0.01,$\theta=0.01$,Str0+VI1,False,3600.0,36235.0,0.35985835125442,0.588913901777581,t2-pmed34-r1-R20-theta0.01-bbnc-i-l-facility-mixture-lh1090-low0.001to0.01-high0.1to0.5-seed1-coloc-tl3600.out
34|1|20|0.01|5050,34,34-700-140,0.01,$\theta=0.01$,Str0+VI1,False,3600.0,107568.0,0.363669662258263,0.615711406527514,t2-pmed34-r1-R20-theta0.01-bbnc-i-l-facility-mixture-lh5050-low0.001to0.01-high0.1to0.5-seed1-coloc-tl3600.out
34|1|20|0.01|9010,34,34-700-140,0.01,$\theta=0.01$,Str0+VI1,False,3600.0,410295.0,0.00588355362555893,0.185379715060817,t2-pmed34-r1-R20-theta0.01-bbnc-i-l-facility-mixture-lh9010-low0.001to0.01-high0.1to0.5-seed1-coloc-tl3600.out
34|1|20|0.01|1090,34,34-700-140,0.01,$\theta=0.01$,Str1+VI0,False,3600.0,57992.0,0.102959692685779,0.30366703682098,t2-pmed34-r1-R20-theta0.01-bbnc-i-e-facility-mixture-lh1090-low0.001to0.01-high0.1to0.5-seed1-coloc-tl3600.out
34|1|20|0.01|5050,34,34-700-140,0.01,$\theta=0.01$,Str1+VI0,False,3600.01,98204.0,0.126790372990399,0.400732794994353,t2-pmed34-r1-R20-theta0.01-bbnc-i-e-facility-mixture-lh5050-low0.001to0.01-high0.1to0.5-seed1-coloc-tl3600.out
34|1|20|0.01|9010,34,34-700-140,0.01,$\theta=0.01$,Str1+VI0,False,3600.0,299422.0,0.0171088689166713,0.257787512058107,t2-pmed34-r1-R20-theta0.01-bbnc-i-e-facility-mixture-lh9010-low0.001to0.01-high0.1to0.5-seed1-coloc-tl3600.out
34|1|20|0.01|1090,34,34-700-140,0.01,$\theta=0.01$,Str1+VI1,False,3600.0,70210.0,0.10503507388744,0.252696430486118,t2-pmed34-r1-R20-theta0.01-bbnc-i-e-l-facility-mixture-lh1090-low0.001to0.01-high0.1to0.5-seed1-coloc-tl3600.out
34|1|20|0.01|5050,34,34-700-140,0.01,$\theta=0.01$,Str1+VI1,False,3600.0,88790.0,0.206006375798494,0.390632017474553,t2-pmed34-r1-R20-theta0.01-bbnc-i-e-l-facility-mixture-lh5050-low0.001to0.01-high0.1to0.5-seed1-coloc-tl3600.out
34|1|20|0.01|9010,34,34-700-140,0.01,$\theta=0.01$,Str1+VI1,False,3600.01,373218.0,0.00562512004473492,0.168447897024774,t2-pmed34-r1-R20-theta0.01-bbnc-i-e-l-facility-mixture-lh9010-low0.001to0.01-high0.1to0.5-seed1-coloc-tl3600.out
34|1|20|0.1|1090,34,34-700-140,0.1,$\theta=0.1$,Str0+VI0,False,3600.0,82793.0,0.227573539012697,0.642677421093249,t2-pmed34-r1-R20-theta0.1-bbnc-i-facility-mixture-lh1090-low0.001to0.01-high0.1to0.5-seed1-coloc-tl3600.out
34|1|20|0.1|5050,34,34-700-140,0.1,$\theta=0.1$,Str0+VI0,False,3600.0,86952.0,0.216175314377798,0.662191621245495,t2-pmed34-r1-R20-theta0.1-bbnc-i-facility-mixture-lh5050-low0.001to0.01-high0.1to0.5-seed1-coloc-tl3600.out
34|1|20|0.1|9010,34,34-700-140,0.1,$\theta=0.1$,Str0+VI0,False,3600.0,240984.0,0.0610830470124494,0.292854199361785,t2-pmed34-r1-R20-theta0.1-bbnc-i-facility-mixture-lh9010-low0.001to0.01-high0.1to0.5-seed1-coloc-tl3600.out
34|1|20|0.1|1090,34,34-700-140,0.1,$\theta=0.1$,Str0+VI1,False,3600.0,69888.0,0.160226861606629,0.393009861475287,t2-pmed34-r1-R20-theta0.1-bbnc-i-l-facility-mixture-lh1090-low0.001to0.01-high0.1to0.5-seed1-coloc-tl3600.out
34|1|20|0.1|5050,34,34-700-140,0.1,$\theta=0.1$,Str0+VI1,False,3600.0,72683.0,0.246206566254365,0.45633855358431,t2-pmed34-r1-R20-theta0.1-bbnc-i-l-facility-mixture-lh5050-low0.001to0.01-high0.1to0.5-seed1-coloc-tl3600.out
34|1|20|0.1|9010,34,34-700-140,0.1,$\theta=0.1$,Str0+VI1,False,3600.0,389225.0,0.0100752174784386,0.156316048072543,t2-pmed34-r1-R20-theta0.1-bbnc-i-l-facility-mixture-lh9010-low0.001to0.01-high0.1to0.5-seed1-coloc-tl3600.out
34|1|20|0.1|1090,34,34-700-140,0.1,$\theta=0.1$,Str1+VI0,False,3600.0,67227.0,0.11795729005726,0.39679751466505,t2-pmed34-r1-R20-theta0.1-bbnc-i-e-facility-mixture-lh1090-low0.001to0.01-high0.1to0.5-seed1-coloc-tl3600.out
34|1|20|0.1|5050,34,34-700-140,0.1,$\theta=0.1$,Str1+VI0,False,3600.0,95747.0,0.125074383932546,0.509834428564253,t2-pmed34-r1-R20-theta0.1-bbnc-i-e-facility-mixture-lh5050-low0.001to0.01-high0.1to0.5-seed1-coloc-tl3600.out
34|1|20|0.1|9010,34,34-700-140,0.1,$\theta=0.1$,Str1+VI0,False,3600.0,198710.0,0.0341742578861526,0.243761990458764,t2-pmed34-r1-R20-theta0.1-bbnc-i-e-facility-mixture-lh9010-low0.001to0.01-high0.1to0.5-seed1-coloc-tl3600.out
34|1|20|0.1|1090,34,34-700-140,0.1,$\theta=0.1$,Str1+VI1,False,3600.0,56863.0,0.103152012371172,0.244992278558898,t2-pmed34-r1-R20-theta0.1-bbnc-i-e-l-facility-mixture-lh1090-low0.001to0.01-high0.1to0.5-seed1-coloc-tl3600.out
34|1|20|0.1|5050,34,34-700-140,0.1,$\theta=0.1$,Str1+VI1,False,3600.01,102181.0,0.116769160248256,0.293340021797813,t2-pmed34-r1-R20-theta0.1-bbnc-i-e-l-facility-mixture-lh5050-low0.001to0.01-high0.1to0.5-seed1-coloc-tl3600.out
34|1|20|0.1|9010,34,34-700-140,0.1,$\theta=0.1$,Str1+VI1,True,2436.74,264355.0,0.0,0.143112819986118,t2-pmed34-r1-R20-theta0.1-bbnc-i-e-l-facility-mixture-lh9010-low0.001to0.01-high0.1to0.5-seed1-coloc-tl3600.out
34|1|20|0.2|1090,34,34-700-140,0.2,$\theta=0.2$,Str0+VI0,False,3600.0,85911.0,0.215741493691465,0.663588156577832,t2-pmed34-r1-R20-theta0.2-bbnc-i-facility-mixture-lh1090-low0.001to0.01-high0.1to0.5-seed1-coloc-tl3600.out
34|1|20|0.2|5050,34,34-700-140,0.2,$\theta=0.2$,Str0+VI0,False,3600.0,102391.0,0.242120497579,0.752563904793182,t2-pmed34-r1-R20-theta0.2-bbnc-i-facility-mixture-lh5050-low0.001to0.01-high0.1to0.5-seed1-coloc-tl3600.out
34|1|20|0.2|9010,34,34-700-140,0.2,$\theta=0.2$,Str0+VI0,False,3600.0,260085.0,0.0947671381759894,0.452256310980474,t2-pmed34-r1-R20-theta0.2-bbnc-i-facility-mixture-lh9010-low0.001to0.01-high0.1to0.5-seed1-coloc-tl3600.out
34|1|20|0.2|1090,34,34-700-140,0.2,$\theta=0.2$,Str0+VI1,False,3600.0,92828.0,0.151310908576184,0.327827479005076,t2-pmed34-r1-R20-theta0.2-bbnc-i-l-facility-mixture-lh1090-low0.001to0.01-high0.1to0.5-seed1-coloc-tl3600.out
34|1|20|0.2|5050,34,34-700-140,0.2,$\theta=0.2$,Str0+VI1,False,3600.01,80551.0,0.129191893588829,0.337743591734465,t2-pmed34-r1-R20-theta0.2-bbnc-i-l-facility-mixture-lh5050-low0.001to0.01-high0.1to0.5-seed1-coloc-tl3600.out
34|1|20|0.2|9010,34,34-700-140,0.2,$\theta=0.2$,Str0+VI1,True,1531.7,147628.0,0.0,0.166404172107124,t2-pmed34-r1-R20-theta0.2-bbnc-i-l-facility-mixture-lh9010-low0.001to0.01-high0.1to0.5-seed1-coloc-tl3600.out
34|1|20|0.2|1090,34,34-700-140,0.2,$\theta=0.2$,Str1+VI0,False,3600.01,87924.0,0.0881458232850686,0.413467471035855,t2-pmed34-r1-R20-theta0.2-bbnc-i-e-facility-mixture-lh1090-low0.001to0.01-high0.1to0.5-seed1-coloc-tl3600.out
34|1|20|0.2|5050,34,34-700-140,0.2,$\theta=0.2$,Str1+VI0,False,3600.0,103281.0,0.0982368592393405,0.509751725764317,t2-pmed34-r1-R20-theta0.2-bbnc-i-e-facility-mixture-lh5050-low0.001to0.01-high0.1to0.5-seed1-coloc-tl3600.out
34|1|20|0.2|9010,34,34-700-140,0.2,$\theta=0.2$,Str1+VI0,False,3600.0,192237.0,0.0560674476990212,0.354433669556546,t2-pmed34-r1-R20-theta0.2-bbnc-i-e-facility-mixture-lh9010-low0.001to0.01-high0.1to0.5-seed1-coloc-tl3600.out
34|1|20|0.2|1090,34,34-700-140,0.2,$\theta=0.2$,Str1+VI1,False,3600.01,81749.0,0.0557413731096649,0.177445989996813,t2-pmed34-r1-R20-theta0.2-bbnc-i-e-l-facility-mixture-lh1090-low0.001to0.01-high0.1to0.5-seed1-coloc-tl3600.out
34|1|20|0.2|5050,34,34-700-140,0.2,$\theta=0.2$,Str1+VI1,False,3600.0,82889.0,0.058928507602862,0.217662309351028,t2-pmed34-r1-R20-theta0.2-bbnc-i-e-l-facility-mixture-lh5050-low0.001to0.01-high0.1to0.5-seed1-coloc-tl3600.out
34|1|20|0.2|9010,34,34-700-140,0.2,$\theta=0.2$,Str1+VI1,True,1122.78,81370.0,0.0,0.148851818895533,t2-pmed34-r1-R20-theta0.2-bbnc-i-e-l-facility-mixture-lh9010-low0.001to0.01-high0.1to0.5-seed1-coloc-tl3600.out
34|2|20|0.01|1090,34,34-700-140,0.01,$\theta=0.01$,Str0+VI0,False,3600.0,73885.0,0.382959404225165,0.629767760243096,t2-pmed34-r2-R20-theta0.01-bbnc-i-facility-mixture-lh1090-low0.001to0.01-high0.1to0.5-seed1-coloc-tl3600.out
34|2|20|0.01|5050,34,34-700-140,0.01,$\theta=0.01$,Str0+VI0,False,3600.0,97475.0,0.397905223392727,0.766935982075891,t2-pmed34-r2-R20-theta0.01-bbnc-i-facility-mixture-lh5050-low0.001to0.01-high0.1to0.5-seed1-coloc-tl3600.out
34|2|20|0.01|9010,34,34-700-140,0.01,$\theta=0.01$,Str0+VI0,False,3600.01,241786.0,0.11860445476502,0.425903571054855,t2-pmed34-r2-R20-theta0.01-bbnc-i-facility-mixture-lh9010-low0.001to0.01-high0.1to0.5-seed1-coloc-tl3600.out
34|2|20|0.01|1090,34,34-700-140,0.01,$\theta=0.01$,Str0+VI1,False,3600.0,49482.0,0.434309602162201,0.636489827435265,t2-pmed34-r2-R20-theta0.01-bbnc-i-l-facility-mixture-lh1090-low0.001to0.01-high0.1to0.5-seed1-coloc-tl3600.out
34|2|20|0.01|5050,34,34-700-140,0.01,$\theta=0.01$,Str0+VI1,False,3600.0,59391.0,0.528489068514306,0.775486238259893,t2-pmed34-r2-R20-theta0.01-bbnc-i-l-facility-mixture-lh5050-low0.001to0.01-high0.1to0.5-seed1-coloc-tl3600.out
34|2|20|0.01|9010,34,34-700-140,0.01,$\theta=0.01$,Str0+VI1,True,3394.61,280874.0,0.0,0.218798716083503,t2-pmed34-r2-R20-theta0.01-bbnc-i-l-facility-mixture-lh9010-low0.001to0.01-high0.1to0.5-seed1-coloc-tl3600.out
34|2|20|0.01|1090,34,34-700-140,0.01,$\theta=0.01$,Str1+VI0,False,3600.0,79489.0,0.120460812835327,0.320324091905137,t2-pmed34-r2-R20-theta0.01-bbnc-i-e-facility-mixture-lh1090-low0.001to0.01-high0.1to0.5-seed1-coloc-tl3600.out
34|2|20|0.01|5050,34,34-700-140,0.01,$\theta=0.01$,Str1+VI0,False,3600.0,88719.0,0.158426396024147,0.428320311744273,t2-pmed34-r2-R20-theta0.01-bbnc-i-e-facility-mixture-lh5050-low0.001to0.01-high0.1to0.5-seed1-coloc-tl3600.out
34|2|20|0.01|9010,34,34-700-140,0.01,$\theta=0.01$,Str1+VI0,False,3600.01,143287.0,0.100298249537819,0.382058740153459,t2-pmed34-r2-R20-theta0.01-bbnc-i-e-facility-mixture-lh9010-low0.001to0.01-high0.1to0.5-seed1-coloc-tl3600.out
34|2|20|0.01|1090,34,34-700-140,0.01,$\theta=0.01$,Str1+VI1,False,3600.01,58490.0,0.11767737642315,0.265265925289174,t2-pmed34-r2-R20-theta0.01-bbnc-i-e-l-facility-mixture-lh1090-low0.001to0.01-high0.1to0.5-seed1-coloc-tl3600.out
34|2|20|0.01|5050,34,34-700-140,0.01,$\theta=0.01$,Str1+VI1,False,3600.0,104102.0,0.162502988082739,0.342981600194839,t2-pmed34-r2-R20-theta0.01-bbnc-i-e-l-facility-mixture-lh5050-low0.001to0.01-high0.1to0.5-seed1-coloc-tl3600.out
34|2|20|0.01|9010,34,34-700-140,0.01,$\theta=0.01$,Str1+VI1,False,3600.0,236007.0,0.0212206255382091,0.189460661349011,t2-pmed34-r2-R20-theta0.01-bbnc-i-e-l-facility-mixture-lh9010-low0.001to0.01-high0.1to0.5-seed1-coloc-tl3600.out
34|2|20|0.1|1090,34,34-700-140,0.1,$\theta=0.1$,Str0+VI0,False,3600.0,85958.0,0.26690863354361,0.657532800826328,t2-pmed34-r2-R20-theta0.1-bbnc-i-facility-mixture-lh1090-low0.001to0.01-high0.1to0.5-seed1-coloc-tl3600.out
34|2|20|0.1|5050,34,34-700-140,0.1,$\theta=0.1$,Str0+VI0,False,3600.01,85404.0,0.289816674563639,0.757294030652109,t2-pmed34-r2-R20-theta0.1-bbnc-i-facility-mixture-lh5050-low0.001to0.01-high0.1to0.5-seed1-coloc-tl3600.out
34|2|20|0.1|9010,34,34-700-140,0.1,$\theta=0.1$,Str0+VI0,False,3600.0,286046.0,0.0934078980979336,0.422024514823397,t2-pmed34-r2-R20-theta0.1-bbnc-i-facility-mixture-lh9010-low0.001to0.01-high0.1to0.5-seed1-coloc-tl3600.out
34|2|20|0.1|1090,34,34-700-140,0.1,$\theta=0.1$,Str0+VI1,False,3600.0,42741.0,0.237869068151394,0.429793903356128,t2-pmed34-r2-R20-theta0.1-bbnc-i-l-facility-mixture-lh1090-low0.001to0.01-high0.1to0.5-seed1-coloc-tl3600.out
34|2|20|0.1|5050,34,34-700-140,0.1,$\theta=0.1$,Str0+VI1,False,3600.01,65394.0,0.340171505014465,0.556127765124803,t2-pmed34-r2-R20-theta0.1-bbnc-i-l-facility-mixture-lh5050-low0.001to0.01-high0.1to0.5-seed1-coloc-tl3600.out
34|2|20|0.1|9010,34,34-700-140,0.1,$\theta=0.1$,Str0+VI1,False,3600.0,310596.0,0.0160275048339879,0.185874486825255,t2-pmed34-r2-R20-theta0.1-bbnc-i-l-facility-mixture-lh9010-low0.001to0.01-high0.1to0.5-seed1-coloc-tl3600.out
34|2|20|0.1|1090,34,34-700-140,0.1,$\theta=0.1$,Str1+VI0,False,3600.0,87394.0,0.127892499374856,0.44290797424676,t2-pmed34-r2-R20-theta0.1-bbnc-i-e-facility-mixture-lh1090-low0.001to0.01-high0.1to0.5-seed1-coloc-tl3600.out
34|2|20|0.1|5050,34,34-700-140,0.1,$\theta=0.1$,Str1+VI0,False,3600.0,93617.0,0.183677803269265,0.569533571610215,t2-pmed34-r2-R20-theta0.1-bbnc-i-e-facility-mixture-lh5050-low0.001to0.01-high0.1to0.5-seed1-coloc-tl3600.out
34|2|20|0.1|9010,34,34-700-140,0.1,$\theta=0.1$,Str1+VI0,False,3600.0,148573.0,0.0734783260060143,0.411715419926314,t2-pmed34-r2-R20-theta0.1-bbnc-i-e-facility-mixture-lh9010-low0.001to0.01-high0.1to0.5-seed1-coloc-tl3600.out
34|2|20|0.1|1090,34,34-700-140,0.1,$\theta=0.1$,Str1+VI1,False,3600.0,83585.0,0.131083241755914,0.250591258093411,t2-pmed34-r2-R20-theta0.1-bbnc-i-e-l-facility-mixture-lh1090-low0.001to0.01-high0.1to0.5-seed1-coloc-tl3600.out
34|2|20|0.1|5050,34,34-700-140,0.1,$\theta=0.1$,Str1+VI1,False,3600.0,77109.0,0.184263717785995,0.361916924094323,t2-pmed34-r2-R20-theta0.1-bbnc-i-e-l-facility-mixture-lh5050-low0.001to0.01-high0.1to0.5-seed1-coloc-tl3600.out
34|2|20|0.1|9010,34,34-700-140,0.1,$\theta=0.1$,Str1+VI1,False,3600.01,307601.0,0.026568672814115,0.17304336404817,t2-pmed34-r2-R20-theta0.1-bbnc-i-e-l-facility-mixture-lh9010-low0.001to0.01-high0.1to0.5-seed1-coloc-tl3600.out
34|2|20|0.2|1090,34,34-700-140,0.2,$\theta=0.2$,Str0+VI0,False,3600.0,94990.0,0.160368485957129,0.619133790233328,t2-pmed34-r2-R20-theta0.2-bbnc-i-facility-mixture-lh1090-low0.001to0.01-high0.1to0.5-seed1-coloc-tl3600.out
34|2|20|0.2|5050,34,34-700-140,0.2,$\theta=0.2$,Str0+VI0,False,3600.0,115390.0,0.213264404356134,0.826231804894441,t2-pmed34-r2-R20-theta0.2-bbnc-i-facility-mixture-lh5050-low0.001to0.01-high0.1to0.5-seed1-coloc-tl3600.out
34|2|20|0.2|9010,34,34-700-140,0.2,$\theta=0.2$,Str0+VI0,False,3600.0,176746.0,0.134739247138121,0.595313696900977,t2-pmed34-r2-R20-theta0.2-bbnc-i-facility-mixture-lh9010-low0.001to0.01-high0.1to0.5-seed1-coloc-tl3600.out
34|2|20|0.2|1090,34,34-700-140,0.2,$\theta=0.2$,Str0+VI1,False,3600.0,102256.0,0.143107509576621,0.293608904429581,t2-pmed34-r2-R20-theta0.2-bbnc-i-l-facility-mixture-lh1090-low0.001to0.01-high0.1to0.5-seed1-coloc-tl3600.out
34|2|20|0.2|5050,34,34-700-140,0.2,$\theta=0.2$,Str0+VI1,False,3600.0,137125.0,0.146164138354889,0.334981915129356,t2-pmed34-r2-R20-theta0.2-bbnc-i-l-facility-mixture-lh5050-low0.001to0.01-high0.1to0.5-seed1-coloc-tl3600.out
34|2|20|0.2|9010,34,34-700-140,0.2,$\theta=0.2$,Str0+VI1,False,3600.0,192499.0,0.0455608899764405,0.201385972869486,t2-pmed34-r2-R20-theta0.2-bbnc-i-l-facility-mixture-lh9010-low0.001to0.01-high0.1to0.5-seed1-coloc-tl3600.out
34|2|20|0.2|1090,34,34-700-140,0.2,$\theta=0.2$,Str1+VI0,False,3600.0,107658.0,0.0890587425993426,0.430808377165952,t2-pmed34-r2-R20-theta0.2-bbnc-i-e-facility-mixture-lh1090-low0.001to0.01-high0.1to0.5-seed1-coloc-tl3600.out
34|2|20|0.2|5050,34,34-700-140,0.2,$\theta=0.2$,Str1+VI0,False,3600.0,109077.0,0.131660543387834,0.577462267989686,t2-pmed34-r2-R20-theta0.2-bbnc-i-e-facility-mixture-lh5050-low0.001to0.01-high0.1to0.5-seed1-coloc-tl3600.out
34|2|20|0.2|9010,34,34-700-140,0.2,$\theta=0.2$,Str1+VI0,False,3600.01,189024.0,0.103967589340043,0.513117219946871,t2-pmed34-r2-R20-theta0.2-bbnc-i-e-facility-mixture-lh9010-low0.001to0.01-high0.1to0.5-seed1-coloc-tl3600.out
34|2|20|0.2|1090,34,34-700-140,0.2,$\theta=0.2$,Str1+VI1,False,3600.0,106218.0,0.0549671316121657,0.152665269710451,t2-pmed34-r2-R20-theta0.2-bbnc-i-e-l-facility-mixture-lh1090-low0.001to0.01-high0.1to0.5-seed1-coloc-tl3600.out
34|2|20|0.2|5050,34,34-700-140,0.2,$\theta=0.2$,Str1+VI1,False,3600.0,114100.0,0.127166877024268,0.268377106523453,t2-pmed34-r2-R20-theta0.2-bbnc-i-e-l-facility-mixture-lh5050-low0.001to0.01-high0.1to0.5-seed1-coloc-tl3600.out
34|2|20|0.2|9010,34,34-700-140,0.2,$\theta=0.2$,Str1+VI1,False,3600.0,243605.0,0.00857165038247453,0.174602219526099,t2-pmed34-r2-R20-theta0.2-bbnc-i-e-l-facility-mixture-lh9010-low0.001to0.01-high0.1to0.5-seed1-coloc-tl3600.out
35|1|20|0.01|1090,35,35-800-5,0.01,$\theta=0.01$,Str0+VI0,True,4.49,23.0,0.0,0.308438459621257,t2-pmed35-r1-R20-theta0.01-bbnc-i-facility-mixture-lh1090-low0.001to0.01-high0.1to0.5-seed1-coloc-tl3600.out
35|1|20|0.01|5050,35,35-800-5,0.01,$\theta=0.01$,Str0+VI0,True,5.36,57.0,0.0,0.79326481346202,t2-pmed35-r1-R20-theta0.01-bbnc-i-facility-mixture-lh5050-low0.001to0.01-high0.1to0.5-seed1-coloc-tl3600.out
35|1|20|0.01|9010,35,35-800-5,0.01,$\theta=0.01$,Str0+VI0,True,1.63,9.0,0.0,0.0605894971913506,t2-pmed35-r1-R20-theta0.01-bbnc-i-facility-mixture-lh9010-low0.001to0.01-high0.1to0.5-seed1-coloc-tl3600.out
35|1|20|0.01|1090,35,35-800-5,0.01,$\theta=0.01$,Str0+VI1,True,9.22,13.0,0.0,0.197831170172601,t2-pmed35-r1-R20-theta0.01-bbnc-i-l-facility-mixture-lh1090-low0.001to0.01-high0.1to0.5-seed1-coloc-tl3600.out
35|1|20|0.01|5050,35,35-800-5,0.01,$\theta=0.01$,Str0+VI1,True,10.84,43.0,0.0,0.640729804034313,t2-pmed35-r1-R20-theta0.01-bbnc-i-l-facility-mixture-lh5050-low0.001to0.01-high0.1to0.5-seed1-coloc-tl3600.out
35|1|20|0.01|9010,35,35-800-5,0.01,$\theta=0.01$,Str0+VI1,True,2.9,5.0,0.0,0.0476540594928099,t2-pmed35-r1-R20-theta0.01-bbnc-i-l-facility-mixture-lh9010-low0.001to0.01-high0.1to0.5-seed1-coloc-tl3600.out
35|1|20|0.01|1090,35,35-800-5,0.01,$\theta=0.01$,Str1+VI0,True,4.07,24.0,0.0,0.217078288959267,t2-pmed35-r1-R20-theta0.01-bbnc-i-e-facility-mixture-lh1090-low0.001to0.01-high0.1to0.5-seed1-coloc-tl3600.out
35|1|20|0.01|5050,35,35-800-5,0.01,$\theta=0.01$,Str1+VI0,True,6.62,51.0,0.0,0.747088120524223,t2-pmed35-r1-R20-theta0.01-bbnc-i-e-facility-mixture-lh5050-low0.001to0.01-high0.1to0.5-seed1-coloc-tl3600.out
35|1|20|0.01|9010,35,35-800-5,0.01,$\theta=0.01$,Str1+VI0,True,2.2,3.0,0.0,0.0,t2-pmed35-r1-R20-theta0.01-bbnc-i-e-facility-mixture-lh9010-low0.001to0.01-high0.1to0.5-seed1-coloc-tl3600.out
35|1|20|0.01|1090,35,35-800-5,0.01,$\theta=0.01$,Str1+VI1,True,8.08,17.0,0.0,0.186368636920821,t2-pmed35-r1-R20-theta0.01-bbnc-i-e-l-facility-mixture-lh1090-low0.001to0.01-high0.1to0.5-seed1-coloc-tl3600.out
35|1|20|0.01|5050,35,35-800-5,0.01,$\theta=0.01$,Str1+VI1,True,11.95,29.0,0.0,0.589815955813567,t2-pmed35-r1-R20-theta0.01-bbnc-i-e-l-facility-mixture-lh5050-low0.001to0.01-high0.1to0.5-seed1-coloc-tl3600.out
35|1|20|0.01|9010,35,35-800-5,0.01,$\theta=0.01$,Str1+VI1,True,3.58,5.0,0.0,0.0533782702414682,t2-pmed35-r1-R20-theta0.01-bbnc-i-e-l-facility-mixture-lh9010-low0.001to0.01-high0.1to0.5-seed1-coloc-tl3600.out
35|1|20|0.1|1090,35,35-800-5,0.1,$\theta=0.1$,Str0+VI0,True,4.41,19.0,0.0,0.204264788976163,t2-pmed35-r1-R20-theta0.1-bbnc-i-facility-mixture-lh1090-low0.001to0.01-high0.1to0.5-seed1-coloc-tl3600.out
35|1|20|0.1|5050,35,35-800-5,0.1,$\theta=0.1$,Str0+VI0,True,5.62,55.0,0.0,0.761484569501909,t2-pmed35-r1-R20-theta0.1-bbnc-i-facility-mixture-lh5050-low0.001to0.01-high0.1to0.5-seed1-coloc-tl3600.out
35|1|20|0.1|9010,35,35-800-5,0.1,$\theta=0.1$,Str0+VI0,True,1.49,7.0,0.0,0.0138233693623399,t2-pmed35-r1-R20-theta0.1-bbnc-i-facility-mixture-lh9010-low0.001to0.01-high0.1to0.5-seed1-coloc-tl3600.out
35|1|20|0.1|1090,35,35-800-5,0.1,$\theta=0.1$,Str0+VI1,True,7.15,17.0,0.0,0.172496277077792,t2-pmed35-r1-R20-theta0.1-bbnc-i-l-facility-mixture-lh1090-low0.001to0.01-high0.1to0.5-seed1-coloc-tl3600.out
35|1|20|0.1|5050,35,35-800-5,0.1,$\theta=0.1$,Str0+VI1,True,11.44,31.0,0.0,0.623262266628592,t2-pmed35-r1-R20-theta0.1-bbnc-i-l-facility-mixture-lh5050-low0.001to0.01-high0.1to0.5-seed1-coloc-tl3600.out
35|1|20|0.1|9010,35,35-800-5,0.1,$\theta=0.1$,Str0+VI1,True,2.38,0.0,0.0,0.0,t2-pmed35-r1-R20-theta0.1-bbnc-i-l-facility-mixture-lh9010-low0.001to0.01-high0.1to0.5-seed1-coloc-tl3600.out
35|1|20|0.1|1090,35,35-800-5,0.1,$\theta=0.1$,Str1+VI0,True,4.5,23.0,0.0,0.241601036110891,t2-pmed35-r1-R20-theta0.1-bbnc-i-e-facility-mixture-lh1090-low0.001to0.01-high0.1to0.5-seed1-coloc-tl3600.out
35|1|20|0.1|5050,35,35-800-5,0.1,$\theta=0.1$,Str1+VI0,True,6.83,57.0,0.0,0.788353531124829,t2-pmed35-r1-R20-theta0.1-bbnc-i-e-facility-mixture-lh5050-low0.001to0.01-high0.1to0.5-seed1-coloc-tl3600.out
35|1|20|0.1|9010,35,35-800-5,0.1,$\theta=0.1$,Str1+VI0,True,1.57,3.0,0.0,0.0,t2-pmed35-r1-R20-theta0.1-bbnc-i-e-facility-mixture-lh9010-low0.001to0.01-high0.1to0.5-seed1-coloc-tl3600.out
35|1|20|0.1|1090,35,35-800-5,0.1,$\theta=0.1$,Str1+VI1,True,6.84,11.0,0.0,0.10781983678077,t2-pmed35-r1-R20-theta0.1-bbnc-i-e-l-facility-mixture-lh1090-low0.001to0.01-high0.1to0.5-seed1-coloc-tl3600.out
35|1|20|0.1|5050,35,35-800-5,0.1,$\theta=0.1$,Str1+VI1,True,15.23,35.0,0.0,0.573681374387059,t2-pmed35-r1-R20-theta0.1-bbnc-i-e-l-facility-mixture-lh5050-low0.001to0.01-high0.1to0.5-seed1-coloc-tl3600.out
35|1|20|0.1|9010,35,35-800-5,0.1,$\theta=0.1$,Str1+VI1,True,2.71,0.0,0.0,0.0,t2-pmed35-r1-R20-theta0.1-bbnc-i-e-l-facility-mixture-lh9010-low0.001to0.01-high0.1to0.5-seed1-coloc-tl3600.out
35|1|20|0.2|1090,35,35-800-5,0.2,$\theta=0.2$,Str0+VI0,True,3.65,22.0,0.0,0.21632528311478,t2-pmed35-r1-R20-theta0.2-bbnc-i-facility-mixture-lh1090-low0.001to0.01-high0.1to0.5-seed1-coloc-tl3600.out
35|1|20|0.2|5050,35,35-800-5,0.2,$\theta=0.2$,Str0+VI0,True,5.22,48.0,0.0,0.703095767236984,t2-pmed35-r1-R20-theta0.2-bbnc-i-facility-mixture-lh5050-low0.001to0.01-high0.1to0.5-seed1-coloc-tl3600.out
35|1|20|0.2|9010,35,35-800-5,0.2,$\theta=0.2$,Str0+VI0,True,1.66,3.0,0.0,0.0,t2-pmed35-r1-R20-theta0.2-bbnc-i-facility-mixture-lh9010-low0.001to0.01-high0.1to0.5-seed1-coloc-tl3600.out
35|1|20|0.2|1090,35,35-800-5,0.2,$\theta=0.2$,Str0+VI1,True,8.44,15.0,0.0,0.209981398317642,t2-pmed35-r1-R20-theta0.2-bbnc-i-l-facility-mixture-lh1090-low0.001to0.01-high0.1to0.5-seed1-coloc-tl3600.out
35|1|20|0.2|5050,35,35-800-5,0.2,$\theta=0.2$,Str0+VI1,True,11.26,31.0,0.0,0.601787609066354,t2-pmed35-r1-R20-theta0.2-bbnc-i-l-facility-mixture-lh5050-low0.001to0.01-high0.1to0.5-seed1-coloc-tl3600.out
35|1|20|0.2|9010,35,35-800-5,0.2,$\theta=0.2$,Str0+VI1,True,2.06,0.0,0.0,0.0,t2-pmed35-r1-R20-theta0.2-bbnc-i-l-facility-mixture-lh9010-low0.001to0.01-high0.1to0.5-seed1-coloc-tl3600.out
35|1|20|0.2|1090,35,35-800-5,0.2,$\theta=0.2$,Str1+VI0,True,3.89,25.0,0.0,0.256356967196463,t2-pmed35-r1-R20-theta0.2-bbnc-i-e-facility-mixture-lh1090-low0.001to0.01-high0.1to0.5-seed1-coloc-tl3600.out
35|1|20|0.2|5050,35,35-800-5,0.2,$\theta=0.2$,Str1+VI0,True,6.1,51.0,0.0,0.730596861852851,t2-pmed35-r1-R20-theta0.2-bbnc-i-e-facility-mixture-lh5050-low0.001to0.01-high0.1to0.5-seed1-coloc-tl3600.out
35|1|20|0.2|9010,35,35-800-5,0.2,$\theta=0.2$,Str1+VI0,True,1.84,5.0,0.0,0.0446792897793789,t2-pmed35-r1-R20-theta0.2-bbnc-i-e-facility-mixture-lh9010-low0.001to0.01-high0.1to0.5-seed1-coloc-tl3600.out
35|1|20|0.2|1090,35,35-800-5,0.2,$\theta=0.2$,Str1+VI1,True,7.06,17.0,0.0,0.20742658239231,t2-pmed35-r1-R20-theta0.2-bbnc-i-e-l-facility-mixture-lh1090-low0.001to0.01-high0.1to0.5-seed1-coloc-tl3600.out
35|1|20|0.2|5050,35,35-800-5,0.2,$\theta=0.2$,Str1+VI1,True,11.07,25.0,0.0,0.570415805285187,t2-pmed35-r1-R20-theta0.2-bbnc-i-e-l-facility-mixture-lh5050-low0.001to0.01-high0.1to0.5-seed1-coloc-tl3600.out
35|1|20|0.2|9010,35,35-800-5,0.2,$\theta=0.2$,Str1+VI1,True,2.48,0.0,0.0,0.0,t2-pmed35-r1-R20-theta0.2-bbnc-i-e-l-facility-mixture-lh9010-low0.001to0.01-high0.1to0.5-seed1-coloc-tl3600.out
35|2|20|0.01|1090,35,35-800-5,0.01,$\theta=0.01$,Str0+VI0,True,4.5,27.0,0.0,0.244124839527818,t2-pmed35-r2-R20-theta0.01-bbnc-i-facility-mixture-lh1090-low0.001to0.01-high0.1to0.5-seed1-coloc-tl3600.out
35|2|20|0.01|5050,35,35-800-5,0.01,$\theta=0.01$,Str0+VI0,True,6.67,75.0,0.0,0.829723445998818,t2-pmed35-r2-R20-theta0.01-bbnc-i-facility-mixture-lh5050-low0.001to0.01-high0.1to0.5-seed1-coloc-tl3600.out
35|2|20|0.01|9010,35,35-800-5,0.01,$\theta=0.01$,Str0+VI0,True,1.93,7.0,0.0,0.0876880074218979,t2-pmed35-r2-R20-theta0.01-bbnc-i-facility-mixture-lh9010-low0.001to0.01-high0.1to0.5-seed1-coloc-tl3600.out
35|2|20|0.01|1090,35,35-800-5,0.01,$\theta=0.01$,Str0+VI1,True,9.8,15.0,0.0,0.189555186048948,t2-pmed35-r2-R20-theta0.01-bbnc-i-l-facility-mixture-lh1090-low0.001to0.01-high0.1to0.5-seed1-coloc-tl3600.out
35|2|20|0.01|5050,35,35-800-5,0.01,$\theta=0.01$,Str0+VI1,True,13.03,24.0,0.0,0.650278282802175,t2-pmed35-r2-R20-theta0.01-bbnc-i-l-facility-mixture-lh5050-low0.001to0.01-high0.1to0.5-seed1-coloc-tl3600.out
35|2|20|0.01|9010,35,35-800-5,0.01,$\theta=0.01$,Str0+VI1,True,2.99,5.0,0.0,0.0319014788328186,t2-pmed35-r2-R20-theta0.01-bbnc-i-l-facility-mixture-lh9010-low0.001to0.01-high0.1to0.5-seed1-coloc-tl3600.out
35|2|20|0.01|1090,35,35-800-5,0.01,$\theta=0.01$,Str1+VI0,True,5.17,33.0,0.0,0.239614747766663,t2-pmed35-r2-R20-theta0.01-bbnc-i-e-facility-mixture-lh1090-low0.001to0.01-high0.1to0.5-seed1-coloc-tl3600.out
35|2|20|0.01|5050,35,35-800-5,0.01,$\theta=0.01$,Str1+VI0,True,6.86,74.0,0.0,0.752952130863254,t2-pmed35-r2-R20-theta0.01-bbnc-i-e-facility-mixture-lh5050-low0.001to0.01-high0.1to0.5-seed1-coloc-tl3600.out
35|2|20|0.01|9010,35,35-800-5,0.01,$\theta=0.01$,Str1+VI0,True,1.87,5.0,0.0,0.0282316415007118,t2-pmed35-r2-R20-theta0.01-bbnc-i-e-facility-mixture-lh9010-low0.001to0.01-high0.1to0.5-seed1-coloc-tl3600.out
35|2|20|0.01|1090,35,35-800-5,0.01,$\theta=0.01$,Str1+VI1,True,8.15,19.0,0.0,0.230002034364627,t2-pmed35-r2-R20-theta0.01-bbnc-i-e-l-facility-mixture-lh1090-low0.001to0.01-high0.1to0.5-seed1-coloc-tl3600.out
35|2|20|0.01|5050,35,35-800-5,0.01,$\theta=0.01$,Str1+VI1,True,15.01,28.0,0.0,0.624491611691015,t2-pmed35-r2-R20-theta0.01-bbnc-i-e-l-facility-mixture-lh5050-low0.001to0.01-high0.1to0.5-seed1-coloc-tl3600.out
35|2|20|0.01|9010,35,35-800-5,0.01,$\theta=0.01$,Str1+VI1,True,3.01,5.0,0.0,0.0348841593791054,t2-pmed35-r2-R20-theta0.01-bbnc-i-e-l-facility-mixture-lh9010-low0.001to0.01-high0.1to0.5-seed1-coloc-tl3600.out
35|2|20|0.1|1090,35,35-800-5,0.1,$\theta=0.1$,Str0+VI0,True,3.71,31.0,0.0,0.309412792893428,t2-pmed35-r2-R20-theta0.1-bbnc-i-facility-mixture-lh1090-low0.001to0.01-high0.1to0.5-seed1-coloc-tl3600.out
35|2|20|0.1|5050,35,35-800-5,0.1,$\theta=0.1$,Str0+VI0,True,6.15,60.0,0.0,0.728024796705388,t2-pmed35-r2-R20-theta0.1-bbnc-i-facility-mixture-lh5050-low0.001to0.01-high0.1to0.5-seed1-coloc-tl3600.out
35|2|20|0.1|9010,35,35-800-5,0.1,$\theta=0.1$,Str0+VI0,True,1.77,9.0,0.0,0.0512531356960861,t2-pmed35-r2-R20-theta0.1-bbnc-i-facility-mixture-lh9010-low0.001to0.01-high0.1to0.5-seed1-coloc-tl3600.out
35|2|20|0.1|1090,35,35-800-5,0.1,$\theta=0.1$,Str0+VI1,True,8.62,15.0,0.0,0.156937971848477,t2-pmed35-r2-R20-theta0.1-bbnc-i-l-facility-mixture-lh1090-low0.001to0.01-high0.1to0.5-seed1-coloc-tl3600.out
35|2|20|0.1|5050,35,35-800-5,0.1,$\theta=0.1$,Str0+VI1,True,13.46,36.0,0.0,0.583302674096218,t2-pmed35-r2-R20-theta0.1-bbnc-i-l-facility-mixture-lh5050-low0.001to0.01-high0.1to0.5-seed1-coloc-tl3600.out
35|2|20|0.1|9010,35,35-800-5,0.1,$\theta=0.1$,Str0+VI1,True,3.65,3.0,0.0,0.0,t2-pmed35-r2-R20-theta0.1-bbnc-i-l-facility-mixture-lh9010-low0.001to0.01-high0.1to0.5-seed1-coloc-tl3600.out
35|2|20|0.1|1090,35,35-800-5,0.1,$\theta=0.1$,Str1+VI0,True,3.87,20.0,0.0,0.259929058981374,t2-pmed35-r2-R20-theta0.1-bbnc-i-e-facility-mixture-lh1090-low0.001to0.01-high0.1to0.5-seed1-coloc-tl3600.out
35|2|20|0.1|5050,35,35-800-5,0.1,$\theta=0.1$,Str1+VI0,True,5.93,51.0,0.0,0.697867915078504,t2-pmed35-r2-R20-theta0.1-bbnc-i-e-facility-mixture-lh5050-low0.001to0.01-high0.1to0.5-seed1-coloc-tl3600.out
35|2|20|0.1|9010,35,35-800-5,0.1,$\theta=0.1$,Str1+VI0,True,2.12,3.0,0.0,0.0,t2-pmed35-r2-R20-theta0.1-bbnc-i-e-facility-mixture-lh9010-low0.001to0.01-high0.1to0.5-seed1-coloc-tl3600.out
35|2|20|0.1|1090,35,35-800-5,0.1,$\theta=0.1$,Str1+VI1,True,7.77,15.0,0.0,0.150596160280901,t2-pmed35-r2-R20-theta0.1-bbnc-i-e-l-facility-mixture-lh1090-low0.001to0.01-high0.1to0.5-seed1-coloc-tl3600.out
35|2|20|0.1|5050,35,35-800-5,0.1,$\theta=0.1$,Str1+VI1,True,11.73,27.0,0.0,0.636794252061438,t2-pmed35-r2-R20-theta0.1-bbnc-i-e-l-facility-mixture-lh5050-low0.001to0.01-high0.1to0.5-seed1-coloc-tl3600.out
35|2|20|0.1|9010,35,35-800-5,0.1,$\theta=0.1$,Str1+VI1,True,3.89,3.0,0.0,0.0,t2-pmed35-r2-R20-theta0.1-bbnc-i-e-l-facility-mixture-lh9010-low0.001to0.01-high0.1to0.5-seed1-coloc-tl3600.out
35|2|20|0.2|1090,35,35-800-5,0.2,$\theta=0.2$,Str0+VI0,True,3.61,17.0,0.0,0.390738352932111,t2-pmed35-r2-R20-theta0.2-bbnc-i-facility-mixture-lh1090-low0.001to0.01-high0.1to0.5-seed1-coloc-tl3600.out
35|2|20|0.2|5050,35,35-800-5,0.2,$\theta=0.2$,Str0+VI0,True,5.88,44.0,0.0,0.727232490315508,t2-pmed35-r2-R20-theta0.2-bbnc-i-facility-mixture-lh5050-low0.001to0.01-high0.1to0.5-seed1-coloc-tl3600.out
35|2|20|0.2|9010,35,35-800-5,0.2,$\theta=0.2$,Str0+VI0,True,1.53,0.0,0.0,0.0,t2-pmed35-r2-R20-theta0.2-bbnc-i-facility-mixture-lh9010-low0.001to0.01-high0.1to0.5-seed1-coloc-tl3600.out
35|2|20|0.2|1090,35,35-800-5,0.2,$\theta=0.2$,Str0+VI1,True,6.86,20.0,0.0,0.295919553930698,t2-pmed35-r2-R20-theta0.2-bbnc-i-l-facility-mixture-lh1090-low0.001to0.01-high0.1to0.5-seed1-coloc-tl3600.out
35|2|20|0.2|5050,35,35-800-5,0.2,$\theta=0.2$,Str0+VI1,True,9.95,46.0,0.0,0.595370166627145,t2-pmed35-r2-R20-theta0.2-bbnc-i-l-facility-mixture-lh5050-low0.001to0.01-high0.1to0.5-seed1-coloc-tl3600.out
35|2|20|0.2|9010,35,35-800-5,0.2,$\theta=0.2$,Str0+VI1,True,2.2,0.0,0.0,0.0,t2-pmed35-r2-R20-theta0.2-bbnc-i-l-facility-mixture-lh9010-low0.001to0.01-high0.1to0.5-seed1-coloc-tl3600.out
35|2|20|0.2|1090,35,35-800-5,0.2,$\theta=0.2$,Str1+VI0,True,4.33,19.0,0.0,0.36100258342116,t2-pmed35-r2-R20-theta0.2-bbnc-i-e-facility-mixture-lh1090-low0.001to0.01-high0.1to0.5-seed1-coloc-tl3600.out
35|2|20|0.2|5050,35,35-800-5,0.2,$\theta=0.2$,Str1+VI0,True,6.91,53.0,0.0,0.721345409082169,t2-pmed35-r2-R20-theta0.2-bbnc-i-e-facility-mixture-lh5050-low0.001to0.01-high0.1to0.5-seed1-coloc-tl3600.out
35|2|20|0.2|9010,35,35-800-5,0.2,$\theta=0.2$,Str1+VI0,True,1.65,0.0,0.0,0.0,t2-pmed35-r2-R20-theta0.2-bbnc-i-e-facility-mixture-lh9010-low0.001to0.01-high0.1to0.5-seed1-coloc-tl3600.out
35|2|20|0.2|1090,35,35-800-5,0.2,$\theta=0.2$,Str1+VI1,True,9.36,13.0,0.0,0.223584608646626,t2-pmed35-r2-R20-theta0.2-bbnc-i-e-l-facility-mixture-lh1090-low0.001to0.01-high0.1to0.5-seed1-coloc-tl3600.out
35|2|20|0.2|5050,35,35-800-5,0.2,$\theta=0.2$,Str1+VI1,True,11.4,29.0,0.0,0.578190896719792,t2-pmed35-r2-R20-theta0.2-bbnc-i-e-l-facility-mixture-lh5050-low0.001to0.01-high0.1to0.5-seed1-coloc-tl3600.out
35|2|20|0.2|9010,35,35-800-5,0.2,$\theta=0.2$,Str1+VI1,True,2.37,0.0,0.0,0.0,t2-pmed35-r2-R20-theta0.2-bbnc-i-e-l-facility-mixture-lh9010-low0.001to0.01-high0.1to0.5-seed1-coloc-tl3600.out
36|1|20|0.01|1090,36,36-800-10,0.01,$\theta=0.01$,Str0+VI0,True,123.37,1659.0,0.0,1.05738357289568,t2-pmed36-r1-R20-theta0.01-bbnc-i-facility-mixture-lh1090-low0.001to0.01-high0.1to0.5-seed1-coloc-tl3600.out
36|1|20|0.01|5050,36,36-800-10,0.01,$\theta=0.01$,Str0+VI0,True,34.3,619.0,0.0,0.705469048190645,t2-pmed36-r1-R20-theta0.01-bbnc-i-facility-mixture-lh5050-low0.001to0.01-high0.1to0.5-seed1-coloc-tl3600.out
36|1|20|0.01|9010,36,36-800-10,0.01,$\theta=0.01$,Str0+VI0,True,2.47,33.0,0.0,0.282070457487914,t2-pmed36-r1-R20-theta0.01-bbnc-i-facility-mixture-lh9010-low0.001to0.01-high0.1to0.5-seed1-coloc-tl3600.out
36|1|20|0.01|1090,36,36-800-10,0.01,$\theta=0.01$,Str0+VI1,True,44.39,269.0,0.0,0.814810939524652,t2-pmed36-r1-R20-theta0.01-bbnc-i-l-facility-mixture-lh1090-low0.001to0.01-high0.1to0.5-seed1-coloc-tl3600.out
36|1|20|0.01|5050,36,36-800-10,0.01,$\theta=0.01$,Str0+VI1,True,30.87,152.0,0.0,0.625029924536205,t2-pmed36-r1-R20-theta0.01-bbnc-i-l-facility-mixture-lh5050-low0.001to0.01-high0.1to0.5-seed1-coloc-tl3600.out
36|1|20|0.01|9010,36,36-800-10,0.01,$\theta=0.01$,Str0+VI1,True,5.1,23.0,0.0,0.25920150861197,t2-pmed36-r1-R20-theta0.01-bbnc-i-l-facility-mixture-lh9010-low0.001to0.01-high0.1to0.5-seed1-coloc-tl3600.out
36|1|20|0.01|1090,36,36-800-10,0.01,$\theta=0.01$,Str1+VI0,True,105.77,1535.0,0.0,1.03243418324316,t2-pmed36-r1-R20-theta0.01-bbnc-i-e-facility-mixture-lh1090-low0.001to0.01-high0.1to0.5-seed1-coloc-tl3600.out
36|1|20|0.01|5050,36,36-800-10,0.01,$\theta=0.01$,Str1+VI0,True,37.31,617.0,0.0,0.744257194617464,t2-pmed36-r1-R20-theta0.01-bbnc-i-e-facility-mixture-lh5050-low0.001to0.01-high0.1to0.5-seed1-coloc-tl3600.out
36|1|20|0.01|9010,36,36-800-10,0.01,$\theta=0.01$,Str1+VI0,True,3.07,39.0,0.0,0.280853549906509,t2-pmed36-r1-R20-theta0.01-bbnc-i-e-facility-mixture-lh9010-low0.001to0.01-high0.1to0.5-seed1-coloc-tl3600.out
36|1|20|0.01|1090,36,36-800-10,0.01,$\theta=0.01$,Str1+VI1,True,53.22,261.0,0.0,0.923402238331267,t2-pmed36-r1-R20-theta0.01-bbnc-i-e-l-facility-mixture-lh1090-low0.001to0.01-high0.1to0.5-seed1-coloc-tl3600.out
36|1|20|0.01|5050,36,36-800-10,0.01,$\theta=0.01$,Str1+VI1,True,30.29,162.0,0.0,0.63478803255577,t2-pmed36-r1-R20-theta0.01-bbnc-i-e-l-facility-mixture-lh5050-low0.001to0.01-high0.1to0.5-seed1-coloc-tl3600.out
36|1|20|0.01|9010,36,36-800-10,0.01,$\theta=0.01$,Str1+VI1,True,6.19,29.0,0.0,0.223143645609837,t2-pmed36-r1-R20-theta0.01-bbnc-i-e-l-facility-mixture-lh9010-low0.001to0.01-high0.1to0.5-seed1-coloc-tl3600.out
36|1|20|0.1|1090,36,36-800-10,0.1,$\theta=0.1$,Str0+VI0,True,136.26,1926.0,0.0,1.20494704706003,t2-pmed36-r1-R20-theta0.1-bbnc-i-facility-mixture-lh1090-low0.001to0.01-high0.1to0.5-seed1-coloc-tl3600.out
36|1|20|0.1|5050,36,36-800-10,0.1,$\theta=0.1$,Str0+VI0,True,51.89,866.0,0.0,0.849921249884127,t2-pmed36-r1-R20-theta0.1-bbnc-i-facility-mixture-lh5050-low0.001to0.01-high0.1to0.5-seed1-coloc-tl3600.out
36|1|20|0.1|9010,36,36-800-10,0.1,$\theta=0.1$,Str0+VI0,True,1.98,21.0,0.0,0.22090319204188,t2-pmed36-r1-R20-theta0.1-bbnc-i-facility-mixture-lh9010-low0.001to0.01-high0.1to0.5-seed1-coloc-tl3600.out
36|1|20|0.1|1090,36,36-800-10,0.1,$\theta=0.1$,Str0+VI1,True,58.57,276.0,0.0,0.981042582011625,t2-pmed36-r1-R20-theta0.1-bbnc-i-l-facility-mixture-lh1090-low0.001to0.01-high0.1to0.5-seed1-coloc-tl3600.out
36|1|20|0.1|5050,36,36-800-10,0.1,$\theta=0.1$,Str0+VI1,True,30.0,151.0,0.0,0.619487762564667,t2-pmed36-r1-R20-theta0.1-bbnc-i-l-facility-mixture-lh5050-low0.001to0.01-high0.1to0.5-seed1-coloc-tl3600.out
36|1|20|0.1|9010,36,36-800-10,0.1,$\theta=0.1$,Str0+VI1,True,4.67,19.0,0.0,0.154006824373253,t2-pmed36-r1-R20-theta0.1-bbnc-i-l-facility-mixture-lh9010-low0.001to0.01-high0.1to0.5-seed1-coloc-tl3600.out
36|1|20|0.1|1090,36,36-800-10,0.1,$\theta=0.1$,Str1+VI0,True,108.88,1764.0,0.0,1.16207916091651,t2-pmed36-r1-R20-theta0.1-bbnc-i-e-facility-mixture-lh1090-low0.001to0.01-high0.1to0.5-seed1-coloc-tl3600.out
36|1|20|0.1|5050,36,36-800-10,0.1,$\theta=0.1$,Str1+VI0,True,58.38,1138.0,0.0,0.950942231042243,t2-pmed36-r1-R20-theta0.1-bbnc-i-e-facility-mixture-lh5050-low0.001to0.01-high0.1to0.5-seed1-coloc-tl3600.out
36|1|20|0.1|9010,36,36-800-10,0.1,$\theta=0.1$,Str1+VI0,True,2.77,29.0,0.0,0.222263740267978,t2-pmed36-r1-R20-theta0.1-bbnc-i-e-facility-mixture-lh9010-low0.001to0.01-high0.1to0.5-seed1-coloc-tl3600.out
36|1|20|0.1|1090,36,36-800-10,0.1,$\theta=0.1$,Str1+VI1,True,56.17,295.0,0.0,0.957792256657558,t2-pmed36-r1-R20-theta0.1-bbnc-i-e-l-facility-mixture-lh1090-low0.001to0.01-high0.1to0.5-seed1-coloc-tl3600.out
36|1|20|0.1|5050,36,36-800-10,0.1,$\theta=0.1$,Str1+VI1,True,32.1,152.0,0.0,0.582817560745083,t2-pmed36-r1-R20-theta0.1-bbnc-i-e-l-facility-mixture-lh5050-low0.001to0.01-high0.1to0.5-seed1-coloc-tl3600.out
36|1|20|0.1|9010,36,36-800-10,0.1,$\theta=0.1$,Str1+VI1,True,5.36,15.0,0.0,0.158767738328375,t2-pmed36-r1-R20-theta0.1-bbnc-i-e-l-facility-mixture-lh9010-low0.001to0.01-high0.1to0.5-seed1-coloc-tl3600.out
36|1|20|0.2|1090,36,36-800-10,0.2,$\theta=0.2$,Str0+VI0,True,95.79,1343.0,0.0,1.0719366982593,t2-pmed36-r1-R20-theta0.2-bbnc-i-facility-mixture-lh1090-low0.001to0.01-high0.1to0.5-seed1-coloc-tl3600.out
36|1|20|0.2|5050,36,36-800-10,0.2,$\theta=0.2$,Str0+VI0,True,40.15,603.0,0.0,0.747321371820742,t2-pmed36-r1-R20-theta0.2-bbnc-i-facility-mixture-lh5050-low0.001to0.01-high0.1to0.5-seed1-coloc-tl3600.out
36|1|20|0.2|9010,36,36-800-10,0.2,$\theta=0.2$,Str0+VI0,True,1.94,12.0,0.0,0.0779050915411886,t2-pmed36-r1-R20-theta0.2-bbnc-i-facility-mixture-lh9010-low0.001to0.01-high0.1to0.5-seed1-coloc-tl3600.out
36|1|20|0.2|1090,36,36-800-10,0.2,$\theta=0.2$,Str0+VI1,True,50.17,277.0,0.0,0.97019066308335,t2-pmed36-r1-R20-theta0.2-bbnc-i-l-facility-mixture-lh1090-low0.001to0.01-high0.1to0.5-seed1-coloc-tl3600.out
36|1|20|0.2|5050,36,36-800-10,0.2,$\theta=0.2$,Str0+VI1,True,29.06,163.0,0.0,0.635790196053559,t2-pmed36-r1-R20-theta0.2-bbnc-i-l-facility-mixture-lh5050-low0.001to0.01-high0.1to0.5-seed1-coloc-tl3600.out
36|1|20|0.2|9010,36,36-800-10,0.2,$\theta=0.2$,Str0+VI1,True,4.05,9.0,0.0,0.0496100387597545,t2-pmed36-r1-R20-theta0.2-bbnc-i-l-facility-mixture-lh9010-low0.001to0.01-high0.1to0.5-seed1-coloc-tl3600.out
36|1|20|0.2|1090,36,36-800-10,0.2,$\theta=0.2$,Str1+VI0,True,85.14,1257.0,0.0,1.13287292277098,t2-pmed36-r1-R20-theta0.2-bbnc-i-e-facility-mixture-lh1090-low0.001to0.01-high0.1to0.5-seed1-coloc-tl3600.out
36|1|20|0.2|5050,36,36-800-10,0.2,$\theta=0.2$,Str1+VI0,True,36.53,537.0,0.0,0.752864076302625,t2-pmed36-r1-R20-theta0.2-bbnc-i-e-facility-mixture-lh5050-low0.001to0.01-high0.1to0.5-seed1-coloc-tl3600.out
36|1|20|0.2|9010,36,36-800-10,0.2,$\theta=0.2$,Str1+VI0,True,2.39,19.0,0.0,0.133719214902716,t2-pmed36-r1-R20-theta0.2-bbnc-i-e-facility-mixture-lh9010-low0.001to0.01-high0.1to0.5-seed1-coloc-tl3600.out
36|1|20|0.2|1090,36,36-800-10,0.2,$\theta=0.2$,Str1+VI1,True,53.18,323.0,0.0,0.996996607467718,t2-pmed36-r1-R20-theta0.2-bbnc-i-e-l-facility-mixture-lh1090-low0.001to0.01-high0.1to0.5-seed1-coloc-tl3600.out
36|1|20|0.2|5050,36,36-800-10,0.2,$\theta=0.2$,Str1+VI1,True,32.57,167.0,0.0,0.595751651918315,t2-pmed36-r1-R20-theta0.2-bbnc-i-e-l-facility-mixture-lh5050-low0.001to0.01-high0.1to0.5-seed1-coloc-tl3600.out
36|1|20|0.2|9010,36,36-800-10,0.2,$\theta=0.2$,Str1+VI1,True,5.3,9.0,0.0,0.0449583377839177,t2-pmed36-r1-R20-theta0.2-bbnc-i-e-l-facility-mixture-lh9010-low0.001to0.01-high0.1to0.5-seed1-coloc-tl3600.out
36|2|20|0.01|1090,36,36-800-10,0.01,$\theta=0.01$,Str0+VI0,True,161.24,2016.0,0.0,1.10327409899439,t2-pmed36-r2-R20-theta0.01-bbnc-i-facility-mixture-lh1090-low0.001to0.01-high0.1to0.5-seed1-coloc-tl3600.out
36|2|20|0.01|5050,36,36-800-10,0.01,$\theta=0.01$,Str0+VI0,True,55.69,1004.0,0.0,0.808576864953003,t2-pmed36-r2-R20-theta0.01-bbnc-i-facility-mixture-lh5050-low0.001to0.01-high0.1to0.5-seed1-coloc-tl3600.out
36|2|20|0.01|9010,36,36-800-10,0.01,$\theta=0.01$,Str0+VI0,True,2.53,33.0,0.0,0.302663098308984,t2-pmed36-r2-R20-theta0.01-bbnc-i-facility-mixture-lh9010-low0.001to0.01-high0.1to0.5-seed1-coloc-tl3600.out
36|2|20|0.01|1090,36,36-800-10,0.01,$\theta=0.01$,Str0+VI1,True,54.09,262.0,0.0,0.828253396461815,t2-pmed36-r2-R20-theta0.01-bbnc-i-l-facility-mixture-lh1090-low0.001to0.01-high0.1to0.5-seed1-coloc-tl3600.out
36|2|20|0.01|5050,36,36-800-10,0.01,$\theta=0.01$,Str0+VI1,True,26.09,165.0,0.0,0.610684317650278,t2-pmed36-r2-R20-theta0.01-bbnc-i-l-facility-mixture-lh5050-low0.001to0.01-high0.1to0.5-seed1-coloc-tl3600.out
36|2|20|0.01|9010,36,36-800-10,0.01,$\theta=0.01$,Str0+VI1,True,5.13,32.0,0.0,0.208920740822611,t2-pmed36-r2-R20-theta0.01-bbnc-i-l-facility-mixture-lh9010-low0.001to0.01-high0.1to0.5-seed1-coloc-tl3600.out
36|2|20|0.01|1090,36,36-800-10,0.01,$\theta=0.01$,Str1+VI0,True,120.4,1831.0,0.0,1.17870560535432,t2-pmed36-r2-R20-theta0.01-bbnc-i-e-facility-mixture-lh1090-low0.001to0.01-high0.1to0.5-seed1-coloc-tl3600.out
36|2|20|0.01|5050,36,36-800-10,0.01,$\theta=0.01$,Str1+VI0,True,47.39,866.0,0.0,0.835833467739416,t2-pmed36-r2-R20-theta0.01-bbnc-i-e-facility-mixture-lh5050-low0.001to0.01-high0.1to0.5-seed1-coloc-tl3600.out
36|2|20|0.01|9010,36,36-800-10,0.01,$\theta=0.01$,Str1+VI0,True,2.83,31.0,0.0,0.344462506325873,t2-pmed36-r2-R20-theta0.01-bbnc-i-e-facility-mixture-lh9010-low0.001to0.01-high0.1to0.5-seed1-coloc-tl3600.out
36|2|20|0.01|1090,36,36-800-10,0.01,$\theta=0.01$,Str1+VI1,True,41.11,213.0,0.0,0.884505998408457,t2-pmed36-r2-R20-theta0.01-bbnc-i-e-l-facility-mixture-lh1090-low0.001to0.01-high0.1to0.5-seed1-coloc-tl3600.out
36|2|20|0.01|5050,36,36-800-10,0.01,$\theta=0.01$,Str1+VI1,True,30.41,153.0,0.0,0.604133468417472,t2-pmed36-r2-R20-theta0.01-bbnc-i-e-l-facility-mixture-lh5050-low0.001to0.01-high0.1to0.5-seed1-coloc-tl3600.out
36|2|20|0.01|9010,36,36-800-10,0.01,$\theta=0.01$,Str1+VI1,True,5.44,23.0,0.0,0.191129069814252,t2-pmed36-r2-R20-theta0.01-bbnc-i-e-l-facility-mixture-lh9010-low0.001to0.01-high0.1to0.5-seed1-coloc-tl3600.out
36|2|20|0.1|1090,36,36-800-10,0.1,$\theta=0.1$,Str0+VI0,True,115.36,1634.0,0.0,1.07257606966505,t2-pmed36-r2-R20-theta0.1-bbnc-i-facility-mixture-lh1090-low0.001to0.01-high0.1to0.5-seed1-coloc-tl3600.out
36|2|20|0.1|5050,36,36-800-10,0.1,$\theta=0.1$,Str0+VI0,True,82.41,1556.0,0.0,1.06285376182116,t2-pmed36-r2-R20-theta0.1-bbnc-i-facility-mixture-lh5050-low0.001to0.01-high0.1to0.5-seed1-coloc-tl3600.out
36|2|20|0.1|9010,36,36-800-10,0.1,$\theta=0.1$,Str0+VI0,True,2.19,28.0,0.0,0.259657328908997,t2-pmed36-r2-R20-theta0.1-bbnc-i-facility-mixture-lh9010-low0.001to0.01-high0.1to0.5-seed1-coloc-tl3600.out
36|2|20|0.1|1090,36,36-800-10,0.1,$\theta=0.1$,Str0+VI1,True,68.75,328.0,0.0,0.873898297055672,t2-pmed36-r2-R20-theta0.1-bbnc-i-l-facility-mixture-lh1090-low0.001to0.01-high0.1to0.5-seed1-coloc-tl3600.out
36|2|20|0.1|5050,36,36-800-10,0.1,$\theta=0.1$,Str0+VI1,True,33.86,201.0,0.0,0.70370532667379,t2-pmed36-r2-R20-theta0.1-bbnc-i-l-facility-mixture-lh5050-low0.001to0.01-high0.1to0.5-seed1-coloc-tl3600.out
36|2|20|0.1|9010,36,36-800-10,0.1,$\theta=0.1$,Str0+VI1,True,4.61,25.0,0.0,0.132808659031727,t2-pmed36-r2-R20-theta0.1-bbnc-i-l-facility-mixture-lh9010-low0.001to0.01-high0.1to0.5-seed1-coloc-tl3600.out
36|2|20|0.1|1090,36,36-800-10,0.1,$\theta=0.1$,Str1+VI0,True,91.71,1310.0,0.0,1.02750410026064,t2-pmed36-r2-R20-theta0.1-bbnc-i-e-facility-mixture-lh1090-low0.001to0.01-high0.1to0.5-seed1-coloc-tl3600.out
36|2|20|0.1|5050,36,36-800-10,0.1,$\theta=0.1$,Str1+VI0,True,62.98,1271.0,0.0,0.962405721482214,t2-pmed36-r2-R20-theta0.1-bbnc-i-e-facility-mixture-lh5050-low0.001to0.01-high0.1to0.5-seed1-coloc-tl3600.out
36|2|20|0.1|9010,36,36-800-10,0.1,$\theta=0.1$,Str1+VI0,True,2.62,21.0,0.0,0.19970918623099,t2-pmed36-r2-R20-theta0.1-bbnc-i-e-facility-mixture-lh9010-low0.001to0.01-high0.1to0.5-seed1-coloc-tl3600.out
36|2|20|0.1|1090,36,36-800-10,0.1,$\theta=0.1$,Str1+VI1,True,43.74,216.0,0.0,0.961757227086281,t2-pmed36-r2-R20-theta0.1-bbnc-i-e-l-facility-mixture-lh1090-low0.001to0.01-high0.1to0.5-seed1-coloc-tl3600.out
36|2|20|0.1|5050,36,36-800-10,0.1,$\theta=0.1$,Str1+VI1,True,30.67,164.0,0.0,0.720709164408766,t2-pmed36-r2-R20-theta0.1-bbnc-i-e-l-facility-mixture-lh5050-low0.001to0.01-high0.1to0.5-seed1-coloc-tl3600.out
36|2|20|0.1|9010,36,36-800-10,0.1,$\theta=0.1$,Str1+VI1,True,4.95,18.0,0.0,0.135132874257031,t2-pmed36-r2-R20-theta0.1-bbnc-i-e-l-facility-mixture-lh9010-low0.001to0.01-high0.1to0.5-seed1-coloc-tl3600.out
36|2|20|0.2|1090,36,36-800-10,0.2,$\theta=0.2$,Str0+VI0,True,86.69,1041.0,0.0,1.10252330024501,t2-pmed36-r2-R20-theta0.2-bbnc-i-facility-mixture-lh1090-low0.001to0.01-high0.1to0.5-seed1-coloc-tl3600.out
36|2|20|0.2|5050,36,36-800-10,0.2,$\theta=0.2$,Str0+VI0,True,37.74,615.0,0.0,0.744217554512689,t2-pmed36-r2-R20-theta0.2-bbnc-i-facility-mixture-lh5050-low0.001to0.01-high0.1to0.5-seed1-coloc-tl3600.out
36|2|20|0.2|9010,36,36-800-10,0.2,$\theta=0.2$,Str0+VI0,True,1.79,13.0,0.0,0.097838836747885,t2-pmed36-r2-R20-theta0.2-bbnc-i-facility-mixture-lh9010-low0.001to0.01-high0.1to0.5-seed1-coloc-tl3600.out
36|2|20|0.2|1090,36,36-800-10,0.2,$\theta=0.2$,Str0+VI1,True,46.22,207.0,0.0,0.963320530433144,t2-pmed36-r2-R20-theta0.2-bbnc-i-l-facility-mixture-lh1090-low0.001to0.01-high0.1to0.5-seed1-coloc-tl3600.out
36|2|20|0.2|5050,36,36-800-10,0.2,$\theta=0.2$,Str0+VI1,True,27.33,157.0,0.0,0.676402849695243,t2-pmed36-r2-R20-theta0.2-bbnc-i-l-facility-mixture-lh5050-low0.001to0.01-high0.1to0.5-seed1-coloc-tl3600.out
36|2|20|0.2|9010,36,36-800-10,0.2,$\theta=0.2$,Str0+VI1,True,3.96,7.0,0.0,0.02310379063908,t2-pmed36-r2-R20-theta0.2-bbnc-i-l-facility-mixture-lh9010-low0.001to0.01-high0.1to0.5-seed1-coloc-tl3600.out
36|2|20|0.2|1090,36,36-800-10,0.2,$\theta=0.2$,Str1+VI0,True,64.72,906.0,0.0,0.978039010061682,t2-pmed36-r2-R20-theta0.2-bbnc-i-e-facility-mixture-lh1090-low0.001to0.01-high0.1to0.5-seed1-coloc-tl3600.out
36|2|20|0.2|5050,36,36-800-10,0.2,$\theta=0.2$,Str1+VI0,True,31.87,495.0,0.0,0.710717831907827,t2-pmed36-r2-R20-theta0.2-bbnc-i-e-facility-mixture-lh5050-low0.001to0.01-high0.1to0.5-seed1-coloc-tl3600.out
36|2|20|0.2|9010,36,36-800-10,0.2,$\theta=0.2$,Str1+VI0,True,2.16,11.0,0.0,0.0661195987855982,t2-pmed36-r2-R20-theta0.2-bbnc-i-e-facility-mixture-lh9010-low0.001to0.01-high0.1to0.5-seed1-coloc-tl3600.out
36|2|20|0.2|1090,36,36-800-10,0.2,$\theta=0.2$,Str1+VI1,True,42.9,210.0,0.0,0.975557331791115,t2-pmed36-r2-R20-theta0.2-bbnc-i-e-l-facility-mixture-lh1090-low0.001to0.01-high0.1to0.5-seed1-coloc-tl3600.out
36|2|20|0.2|5050,36,36-800-10,0.2,$\theta=0.2$,Str1+VI1,True,30.23,167.0,0.0,0.71400940809588,t2-pmed36-r2-R20-theta0.2-bbnc-i-e-l-facility-mixture-lh5050-low0.001to0.01-high0.1to0.5-seed1-coloc-tl3600.out
36|2|20|0.2|9010,36,36-800-10,0.2,$\theta=0.2$,Str1+VI1,True,5.07,6.0,0.0,0.0210962915392705,t2-pmed36-r2-R20-theta0.2-bbnc-i-e-l-facility-mixture-lh9010-low0.001to0.01-high0.1to0.5-seed1-coloc-tl3600.out
37|1|20|0.01|1090,37,37-800-80,0.01,$\theta=0.01$,Str0+VI0,False,3600.0,119441.0,0.123838873788629,0.321586353735631,t2-pmed37-r1-R20-theta0.01-bbnc-i-facility-mixture-lh1090-low0.001to0.01-high0.1to0.5-seed1-coloc-tl3600.out
37|1|20|0.01|5050,37,37-800-80,0.01,$\theta=0.01$,Str0+VI0,False,3600.02,135056.0,0.126052143517301,0.37116966459833,t2-pmed37-r1-R20-theta0.01-bbnc-i-facility-mixture-lh5050-low0.001to0.01-high0.1to0.5-seed1-coloc-tl3600.out
37|1|20|0.01|9010,37,37-800-80,0.01,$\theta=0.01$,Str0+VI0,True,78.19,9683.0,0.0,0.152534461061343,t2-pmed37-r1-R20-theta0.01-bbnc-i-facility-mixture-lh9010-low0.001to0.01-high0.1to0.5-seed1-coloc-tl3600.out
37|1|20|0.01|1090,37,37-800-80,0.01,$\theta=0.01$,Str0+VI1,False,3600.0,111422.0,0.117914063413815,0.244784736974473,t2-pmed37-r1-R20-theta0.01-bbnc-i-l-facility-mixture-lh1090-low0.001to0.01-high0.1to0.5-seed1-coloc-tl3600.out
37|1|20|0.01|5050,37,37-800-80,0.01,$\theta=0.01$,Str0+VI1,False,3600.0,127252.0,0.0998149281270866,0.236858316405372,t2-pmed37-r1-R20-theta0.01-bbnc-i-l-facility-mixture-lh5050-low0.001to0.01-high0.1to0.5-seed1-coloc-tl3600.out
37|1|20|0.01|9010,37,37-800-80,0.01,$\theta=0.01$,Str0+VI1,True,78.24,5764.0,0.0,0.0911360019681633,t2-pmed37-r1-R20-theta0.01-bbnc-i-l-facility-mixture-lh9010-low0.001to0.01-high0.1to0.5-seed1-coloc-tl3600.out
37|1|20|0.01|1090,37,37-800-80,0.01,$\theta=0.01$,Str1+VI0,False,3600.0,113378.0,0.122786849614678,0.23984084750353,t2-pmed37-r1-R20-theta0.01-bbnc-i-e-facility-mixture-lh1090-low0.001to0.01-high0.1to0.5-seed1-coloc-tl3600.out
37|1|20|0.01|5050,37,37-800-80,0.01,$\theta=0.01$,Str1+VI0,False,3600.0,108316.0,0.0939828874124783,0.277663721420789,t2-pmed37-r1-R20-theta0.01-bbnc-i-e-facility-mixture-lh5050-low0.001to0.01-high0.1to0.5-seed1-coloc-tl3600.out
37|1|20|0.01|9010,37,37-800-80,0.01,$\theta=0.01$,Str1+VI0,True,50.48,5376.0,0.0,0.136863827022196,t2-pmed37-r1-R20-theta0.01-bbnc-i-e-facility-mixture-lh9010-low0.001to0.01-high0.1to0.5-seed1-coloc-tl3600.out
37|1|20|0.01|1090,37,37-800-80,0.01,$\theta=0.01$,Str1+VI1,False,3600.01,88304.0,0.116701467663812,0.21395106449609,t2-pmed37-r1-R20-theta0.01-bbnc-i-e-l-facility-mixture-lh1090-low0.001to0.01-high0.1to0.5-seed1-coloc-tl3600.out
37|1|20|0.01|5050,37,37-800-80,0.01,$\theta=0.01$,Str1+VI1,False,3600.01,91090.0,0.083126928624864,0.218574394581003,t2-pmed37-r1-R20-theta0.01-bbnc-i-e-l-facility-mixture-lh5050-low0.001to0.01-high0.1to0.5-seed1-coloc-tl3600.out
37|1|20|0.01|9010,37,37-800-80,0.01,$\theta=0.01$,Str1+VI1,True,66.89,2837.0,0.0,0.0963846722385834,t2-pmed37-r1-R20-theta0.01-bbnc-i-e-l-facility-mixture-lh9010-low0.001to0.01-high0.1to0.5-seed1-coloc-tl3600.out
37|1|20|0.1|1090,37,37-800-80,0.1,$\theta=0.1$,Str0+VI0,False,3600.01,136198.0,0.13103803998798,0.299852791701744,t2-pmed37-r1-R20-theta0.1-bbnc-i-facility-mixture-lh1090-low0.001to0.01-high0.1to0.5-seed1-coloc-tl3600.out
37|1|20|0.1|5050,37,37-800-80,0.1,$\theta=0.1$,Str0+VI0,False,3600.01,148457.0,0.084669270275719,0.300970831448553,t2-pmed37-r1-R20-theta0.1-bbnc-i-facility-mixture-lh5050-low0.001to0.01-high0.1to0.5-seed1-coloc-tl3600.out
37|1|20|0.1|9010,37,37-800-80,0.1,$\theta=0.1$,Str0+VI0,True,63.73,5813.0,0.0,0.157867689342424,t2-pmed37-r1-R20-theta0.1-bbnc-i-facility-mixture-lh9010-low0.001to0.01-high0.1to0.5-seed1-coloc-tl3600.out
37|1|20|0.1|1090,37,37-800-80,0.1,$\theta=0.1$,Str0+VI1,False,3600.01,123148.0,0.108681989085926,0.220543513447415,t2-pmed37-r1-R20-theta0.1-bbnc-i-l-facility-mixture-lh1090-low0.001to0.01-high0.1to0.5-seed1-coloc-tl3600.out
37|1|20|0.1|5050,37,37-800-80,0.1,$\theta=0.1$,Str0+VI1,False,3600.01,167107.0,0.0648213412919957,0.200388359009054,t2-pmed37-r1-R20-theta0.1-bbnc-i-l-facility-mixture-lh5050-low0.001to0.01-high0.1to0.5-seed1-coloc-tl3600.out
37|1|20|0.1|9010,37,37-800-80,0.1,$\theta=0.1$,Str0+VI1,True,71.97,2051.0,0.0,0.127114381251309,t2-pmed37-r1-R20-theta0.1-bbnc-i-l-facility-mixture-lh9010-low0.001to0.01-high0.1to0.5-seed1-coloc-tl3600.out
37|1|20|0.1|1090,37,37-800-80,0.1,$\theta=0.1$,Str1+VI0,False,3600.0,103257.0,0.106126838071104,0.2281730763665,t2-pmed37-r1-R20-theta0.1-bbnc-i-e-facility-mixture-lh1090-low0.001to0.01-high0.1to0.5-seed1-coloc-tl3600.out
37|1|20|0.1|5050,37,37-800-80,0.1,$\theta=0.1$,Str1+VI0,False,3600.0,96795.0,0.0580406347589466,0.259704950380541,t2-pmed37-r1-R20-theta0.1-bbnc-i-e-facility-mixture-lh5050-low0.001to0.01-high0.1to0.5-seed1-coloc-tl3600.out
37|1|20|0.1|9010,37,37-800-80,0.1,$\theta=0.1$,Str1+VI0,True,111.85,13394.0,0.0,0.144557199842029,t2-pmed37-r1-R20-theta0.1-bbnc-i-e-facility-mixture-lh9010-low0.001to0.01-high0.1to0.5-seed1-coloc-tl3600.out
37|1|20|0.1|1090,37,37-800-80,0.1,$\theta=0.1$,Str1+VI1,False,3600.01,92622.0,0.0704218520444434,0.182047972014129,t2-pmed37-r1-R20-theta0.1-bbnc-i-e-l-facility-mixture-lh1090-low0.001to0.01-high0.1to0.5-seed1-coloc-tl3600.out
37|1|20|0.1|5050,37,37-800-80,0.1,$\theta=0.1$,Str1+VI1,False,3600.01,153857.0,0.0578269676289959,0.170490567378355,t2-pmed37-r1-R20-theta0.1-bbnc-i-e-l-facility-mixture-lh5050-low0.001to0.01-high0.1to0.5-seed1-coloc-tl3600.out
37|1|20|0.1|9010,37,37-800-80,0.1,$\theta=0.1$,Str1+VI1,True,118.13,7580.0,0.0,0.117113596236489,t2-pmed37-r1-R20-theta0.1-bbnc-i-e-l-facility-mixture-lh9010-low0.001to0.01-high0.1to0.5-seed1-coloc-tl3600.out
37|1|20|0.2|1090,37,37-800-80,0.2,$\theta=0.2$,Str0+VI0,False,3600.0,157623.0,0.112680536169846,0.29882929682465,t2-pmed37-r1-R20-theta0.2-bbnc-i-facility-mixture-lh1090-low0.001to0.01-high0.1to0.5-seed1-coloc-tl3600.out
37|1|20|0.2|5050,37,37-800-80,0.2,$\theta=0.2$,Str0+VI0,False,3600.0,144065.0,0.0603615950457772,0.276229820142232,t2-pmed37-r1-R20-theta0.2-bbnc-i-facility-mixture-lh5050-low0.001to0.01-high0.1to0.5-seed1-coloc-tl3600.out
37|1|20|0.2|9010,37,37-800-80,0.2,$\theta=0.2$,Str0+VI0,True,90.45,10342.0,0.0,0.178762148537383,t2-pmed37-r1-R20-theta0.2-bbnc-i-facility-mixture-lh9010-low0.001to0.01-high0.1to0.5-seed1-coloc-tl3600.out
37|1|20|0.2|1090,37,37-800-80,0.2,$\theta=0.2$,Str0+VI1,False,3600.01,123144.0,0.106870511113376,0.199609942480546,t2-pmed37-r1-R20-theta0.2-bbnc-i-l-facility-mixture-lh1090-low0.001to0.01-high0.1to0.5-seed1-coloc-tl3600.out
37|1|20|0.2|5050,37,37-800-80,0.2,$\theta=0.2$,Str0+VI1,False,3600.0,224447.0,0.0371544813305778,0.157499399624039,t2-pmed37-r1-R20-theta0.2-bbnc-i-l-facility-mixture-lh5050-low0.001to0.01-high0.1to0.5-seed1-coloc-tl3600.out
37|1|20|0.2|9010,37,37-800-80,0.2,$\theta=0.2$,Str0+VI1,True,78.86,3827.0,0.0,0.13469219594403,t2-pmed37-r1-R20-theta0.2-bbnc-i-l-facility-mixture-lh9010-low0.001to0.01-high0.1to0.5-seed1-coloc-tl3600.out
37|1|20|0.2|1090,37,37-800-80,0.2,$\theta=0.2$,Str1+VI0,False,3600.0,102051.0,0.0778248174643574,0.221750142870443,t2-pmed37-r1-R20-theta0.2-bbnc-i-e-facility-mixture-lh1090-low0.001to0.01-high0.1to0.5-seed1-coloc-tl3600.out
37|1|20|0.2|5050,37,37-800-80,0.2,$\theta=0.2$,Str1+VI0,False,3600.01,156189.0,0.0450803258084064,0.201938739556525,t2-pmed37-r1-R20-theta0.2-bbnc-i-e-facility-mixture-lh5050-low0.001to0.01-high0.1to0.5-seed1-coloc-tl3600.out
37|1|20|0.2|9010,37,37-800-80,0.2,$\theta=0.2$,Str1+VI0,True,112.77,12938.0,0.0,0.154015206167892,t2-pmed37-r1-R20-theta0.2-bbnc-i-e-facility-mixture-lh9010-low0.001to0.01-high0.1to0.5-seed1-coloc-tl3600.out
37|1|20|0.2|1090,37,37-800-80,0.2,$\theta=0.2$,Str1+VI1,False,3600.0,112209.0,0.0910732462007542,0.169497624590235,t2-pmed37-r1-R20-theta0.2-bbnc-i-e-l-facility-mixture-lh1090-low0.001to0.01-high0.1to0.5-seed1-coloc-tl3600.out
37|1|20|0.2|5050,37,37-800-80,0.2,$\theta=0.2$,Str1+VI1,False,3600.0,170652.0,0.0432812658846412,0.136010136603154,t2-pmed37-r1-R20-theta0.2-bbnc-i-e-l-facility-mixture-lh5050-low0.001to0.01-high0.1to0.5-seed1-coloc-tl3600.out
37|1|20|0.2|9010,37,37-800-80,0.2,$\theta=0.2$,Str1+VI1,True,120.55,11142.0,0.0,0.129007470994406,t2-pmed37-r1-R20-theta0.2-bbnc-i-e-l-facility-mixture-lh9010-low0.001to0.01-high0.1to0.5-seed1-coloc-tl3600.out
37|2|20|0.01|1090,37,37-800-80,0.01,$\theta=0.01$,Str0+VI0,False,3600.01,123336.0,0.133369436017491,0.376315134727006,t2-pmed37-r2-R20-theta0.01-bbnc-i-facility-mixture-lh1090-low0.001to0.01-high0.1to0.5-seed1-coloc-tl3600.out
37|2|20|0.01|5050,37,37-800-80,0.01,$\theta=0.01$,Str0+VI0,False,3600.0,145692.0,0.163850175918572,0.402698056477528,t2-pmed37-r2-R20-theta0.01-bbnc-i-facility-mixture-lh5050-low0.001to0.01-high0.1to0.5-seed1-coloc-tl3600.out
37|2|20|0.01|9010,37,37-800-80,0.01,$\theta=0.01$,Str0+VI0,True,94.27,11433.0,0.0,0.204246666261774,t2-pmed37-r2-R20-theta0.01-bbnc-i-facility-mixture-lh9010-low0.001to0.01-high0.1to0.5-seed1-coloc-tl3600.out
37|2|20|0.01|1090,37,37-800-80,0.01,$\theta=0.01$,Str0+VI1,False,3600.0,112906.0,0.149361527201837,0.301213691355082,t2-pmed37-r2-R20-theta0.01-bbnc-i-l-facility-mixture-lh1090-low0.001to0.01-high0.1to0.5-seed1-coloc-tl3600.out
37|2|20|0.01|5050,37,37-800-80,0.01,$\theta=0.01$,Str0+VI1,False,3600.0,132323.0,0.137895494842485,0.277234776454413,t2-pmed37-r2-R20-theta0.01-bbnc-i-l-facility-mixture-lh5050-low0.001to0.01-high0.1to0.5-seed1-coloc-tl3600.out
37|2|20|0.01|9010,37,37-800-80,0.01,$\theta=0.01$,Str0+VI1,True,77.41,3577.0,0.0,0.138890841820289,t2-pmed37-r2-R20-theta0.01-bbnc-i-l-facility-mixture-lh9010-low0.001to0.01-high0.1to0.5-seed1-coloc-tl3600.out
37|2|20|0.01|1090,37,37-800-80,0.01,$\theta=0.01$,Str1+VI0,False,3600.01,125465.0,0.153155827704169,0.300888700362585,t2-pmed37-r2-R20-theta0.01-bbnc-i-e-facility-mixture-lh1090-low0.001to0.01-high0.1to0.5-seed1-coloc-tl3600.out
37|2|20|0.01|5050,37,37-800-80,0.01,$\theta=0.01$,Str1+VI0,False,3600.0,91367.0,0.111371965246033,0.311013466980523,t2-pmed37-r2-R20-theta0.01-bbnc-i-e-facility-mixture-lh5050-low0.001to0.01-high0.1to0.5-seed1-coloc-tl3600.out
37|2|20|0.01|9010,37,37-800-80,0.01,$\theta=0.01$,Str1+VI0,True,79.21,8979.0,0.0,0.165627602925239,t2-pmed37-r2-R20-theta0.01-bbnc-i-e-facility-mixture-lh9010-low0.001to0.01-high0.1to0.5-seed1-coloc-tl3600.out
37|2|20|0.01|1090,37,37-800-80,0.01,$\theta=0.01$,Str1+VI1,False,3600.0,90530.0,0.106591186329935,0.216504947608397,t2-pmed37-r2-R20-theta0.01-bbnc-i-e-l-facility-mixture-lh1090-low0.001to0.01-high0.1to0.5-seed1-coloc-tl3600.out
37|2|20|0.01|5050,37,37-800-80,0.01,$\theta=0.01$,Str1+VI1,False,3600.0,103077.0,0.101813898118838,0.244477462421984,t2-pmed37-r2-R20-theta0.01-bbnc-i-e-l-facility-mixture-lh5050-low0.001to0.01-high0.1to0.5-seed1-coloc-tl3600.out
37|2|20|0.01|9010,37,37-800-80,0.01,$\theta=0.01$,Str1+VI1,True,120.65,10214.0,0.0,0.144995090523696,t2-pmed37-r2-R20-theta0.01-bbnc-i-e-l-facility-mixture-lh9010-low0.001to0.01-high0.1to0.5-seed1-coloc-tl3600.out
37|2|20|0.1|1090,37,37-800-80,0.1,$\theta=0.1$,Str0+VI0,False,3600.0,138680.0,0.11610285260157,0.311413183344162,t2-pmed37-r2-R20-theta0.1-bbnc-i-facility-mixture-lh1090-low0.001to0.01-high0.1to0.5-seed1-coloc-tl3600.out
37|2|20|0.1|5050,37,37-800-80,0.1,$\theta=0.1$,Str0+VI0,False,3600.0,162490.0,0.085516980659043,0.32012580403022,t2-pmed37-r2-R20-theta0.1-bbnc-i-facility-mixture-lh5050-low0.001to0.01-high0.1to0.5-seed1-coloc-tl3600.out
37|2|20|0.1|9010,37,37-800-80,0.1,$\theta=0.1$,Str0+VI0,True,320.77,41805.0,0.0,0.209306240561394,t2-pmed37-r2-R20-theta0.1-bbnc-i-facility-mixture-lh9010-low0.001to0.01-high0.1to0.5-seed1-coloc-tl3600.out
37|2|20|0.1|1090,37,37-800-80,0.1,$\theta=0.1$,Str0+VI1,False,3600.01,134070.0,0.103506403312291,0.233003142604451,t2-pmed37-r2-R20-theta0.1-bbnc-i-l-facility-mixture-lh1090-low0.001to0.01-high0.1to0.5-seed1-coloc-tl3600.out
37|2|20|0.1|5050,37,37-800-80,0.1,$\theta=0.1$,Str0+VI1,False,3600.0,171165.0,0.0610908633135747,0.187780502109828,t2-pmed37-r2-R20-theta0.1-bbnc-i-l-facility-mixture-lh5050-low0.001to0.01-high0.1to0.5-seed1-coloc-tl3600.out
37|2|20|0.1|9010,37,37-800-80,0.1,$\theta=0.1$,Str0+VI1,True,125.86,7668.0,0.0,0.180750222993712,t2-pmed37-r2-R20-theta0.1-bbnc-i-l-facility-mixture-lh9010-low0.001to0.01-high0.1to0.5-seed1-coloc-tl3600.out
37|2|20|0.1|1090,37,37-800-80,0.1,$\theta=0.1$,Str1+VI0,False,3600.01,118648.0,0.106103458911497,0.237813492459991,t2-pmed37-r2-R20-theta0.1-bbnc-i-e-facility-mixture-lh1090-low0.001to0.01-high0.1to0.5-seed1-coloc-tl3600.out
37|2|20|0.1|5050,37,37-800-80,0.1,$\theta=0.1$,Str1+VI0,False,3600.0,123624.0,0.0705590786464314,0.273521058941705,t2-pmed37-r2-R20-theta0.1-bbnc-i-e-facility-mixture-lh5050-low0.001to0.01-high0.1to0.5-seed1-coloc-tl3600.out
37|2|20|0.1|9010,37,37-800-80,0.1,$\theta=0.1$,Str1+VI0,True,413.56,56011.0,0.0,0.185274522333161,t2-pmed37-r2-R20-theta0.1-bbnc-i-e-facility-mixture-lh9010-low0.001to0.01-high0.1to0.5-seed1-coloc-tl3600.out
37|2|20|0.1|1090,37,37-800-80,0.1,$\theta=0.1$,Str1+VI1,False,3600.0,96081.0,0.122831222580057,0.221914731926486,t2-pmed37-r2-R20-theta0.1-bbnc-i-e-l-facility-mixture-lh1090-low0.001to0.01-high0.1to0.5-seed1-coloc-tl3600.out
37|2|20|0.1|5050,37,37-800-80,0.1,$\theta=0.1$,Str1+VI1,False,3600.01,154091.0,0.0667529543823023,0.167136886832898,t2-pmed37-r2-R20-theta0.1-bbnc-i-e-l-facility-mixture-lh5050-low0.001to0.01-high0.1to0.5-seed1-coloc-tl3600.out
37|2|20|0.1|9010,37,37-800-80,0.1,$\theta=0.1$,Str1+VI1,True,190.11,14268.0,0.0,0.15545993598564,t2-pmed37-r2-R20-theta0.1-bbnc-i-e-l-facility-mixture-lh9010-low0.001to0.01-high0.1to0.5-seed1-coloc-tl3600.out
37|2|20|0.2|1090,37,37-800-80,0.2,$\theta=0.2$,Str0+VI0,False,3600.0,163545.0,0.0614912448166024,0.24812368740915,t2-pmed37-r2-R20-theta0.2-bbnc-i-facility-mixture-lh1090-low0.001to0.01-high0.1to0.5-seed1-coloc-tl3600.out
37|2|20|0.2|5050,37,37-800-80,0.2,$\theta=0.2$,Str0+VI0,False,3600.0,181384.0,0.0491831551065547,0.282281690909813,t2-pmed37-r2-R20-theta0.2-bbnc-i-facility-mixture-lh5050-low0.001to0.01-high0.1to0.5-seed1-coloc-tl3600.out
37|2|20|0.2|9010,37,37-800-80,0.2,$\theta=0.2$,Str0+VI0,True,266.57,25218.0,0.0,0.271555106338008,t2-pmed37-r2-R20-theta0.2-bbnc-i-facility-mixture-lh9010-low0.001to0.01-high0.1to0.5-seed1-coloc-tl3600.out
37|2|20|0.2|1090,37,37-800-80,0.2,$\theta=0.2$,Str0+VI1,False,3600.0,134207.0,0.0628068981660758,0.169367819716427,t2-pmed37-r2-R20-theta0.2-bbnc-i-l-facility-mixture-lh1090-low0.001to0.01-high0.1to0.5-seed1-coloc-tl3600.out
37|2|20|0.2|5050,37,37-800-80,0.2,$\theta=0.2$,Str0+VI1,False,3600.0,183600.0,0.0273136884796892,0.151203467653353,t2-pmed37-r2-R20-theta0.2-bbnc-i-l-facility-mixture-lh5050-low0.001to0.01-high0.1to0.5-seed1-coloc-tl3600.out
37|2|20|0.2|9010,37,37-800-80,0.2,$\theta=0.2$,Str0+VI1,True,120.73,5725.0,0.0,0.175133687757794,t2-pmed37-r2-R20-theta0.2-bbnc-i-l-facility-mixture-lh9010-low0.001to0.01-high0.1to0.5-seed1-coloc-tl3600.out
37|2|20|0.2|1090,37,37-800-80,0.2,$\theta=0.2$,Str1+VI0,False,3600.0,151717.0,0.0386523127216036,0.207540927658513,t2-pmed37-r2-R20-theta0.2-bbnc-i-e-facility-mixture-lh1090-low0.001to0.01-high0.1to0.5-seed1-coloc-tl3600.out
37|2|20|0.2|5050,37,37-800-80,0.2,$\theta=0.2$,Str1+VI0,False,3600.0,162672.0,0.0285620709979029,0.254953932079291,t2-pmed37-r2-R20-theta0.2-bbnc-i-e-facility-mixture-lh5050-low0.001to0.01-high0.1to0.5-seed1-coloc-tl3600.out
37|2|20|0.2|9010,37,37-800-80,0.2,$\theta=0.2$,Str1+VI0,True,309.42,29478.0,0.0,0.231229888538226,t2-pmed37-r2-R20-theta0.2-bbnc-i-e-facility-mixture-lh9010-low0.001to0.01-high0.1to0.5-seed1-coloc-tl3600.out
37|2|20|0.2|1090,37,37-800-80,0.2,$\theta=0.2$,Str1+VI1,False,3600.0,114175.0,0.0360603940053544,0.127348134917908,t2-pmed37-r2-R20-theta0.2-bbnc-i-e-l-facility-mixture-lh1090-low0.001to0.01-high0.1to0.5-seed1-coloc-tl3600.out
37|2|20|0.2|5050,37,37-800-80,0.2,$\theta=0.2$,Str1+VI1,False,3600.0,173156.0,0.0320137976660712,0.134416847050314,t2-pmed37-r2-R20-theta0.2-bbnc-i-e-l-facility-mixture-lh5050-low0.001to0.01-high0.1to0.5-seed1-coloc-tl3600.out
37|2|20|0.2|9010,37,37-800-80,0.2,$\theta=0.2$,Str1+VI1,True,134.96,7618.0,0.0,0.152338810168539,t2-pmed37-r2-R20-theta0.2-bbnc-i-e-l-facility-mixture-lh9010-low0.001to0.01-high0.1to0.5-seed1-coloc-tl3600.out
38|1|20|0.01|1090,38,38-900-5,0.01,$\theta=0.01$,Str0+VI0,True,17.87,242.0,0.0,1.02572965921915,t2-pmed38-r1-R20-theta0.01-bbnc-i-facility-mixture-lh1090-low0.001to0.01-high0.1to0.5-seed1-coloc-tl3600.out
38|1|20|0.01|5050,38,38-900-5,0.01,$\theta=0.01$,Str0+VI0,True,9.3,73.0,0.0,0.54612276732661,t2-pmed38-r1-R20-theta0.01-bbnc-i-facility-mixture-lh5050-low0.001to0.01-high0.1to0.5-seed1-coloc-tl3600.out
38|1|20|0.01|9010,38,38-900-5,0.01,$\theta=0.01$,Str0+VI0,True,3.83,11.0,0.0,0.0698939860968321,t2-pmed38-r1-R20-theta0.01-bbnc-i-facility-mixture-lh9010-low0.001to0.01-high0.1to0.5-seed1-coloc-tl3600.out
38|1|20|0.01|1090,38,38-900-5,0.01,$\theta=0.01$,Str0+VI1,True,24.4,68.0,0.0,0.779180649044408,t2-pmed38-r1-R20-theta0.01-bbnc-i-l-facility-mixture-lh1090-low0.001to0.01-high0.1to0.5-seed1-coloc-tl3600.out
38|1|20|0.01|5050,38,38-900-5,0.01,$\theta=0.01$,Str0+VI1,True,14.85,41.0,0.0,0.429238433138143,t2-pmed38-r1-R20-theta0.01-bbnc-i-l-facility-mixture-lh5050-low0.001to0.01-high0.1to0.5-seed1-coloc-tl3600.out
38|1|20|0.01|9010,38,38-900-5,0.01,$\theta=0.01$,Str0+VI1,True,8.02,7.0,0.0,0.0581776708619699,t2-pmed38-r1-R20-theta0.01-bbnc-i-l-facility-mixture-lh9010-low0.001to0.01-high0.1to0.5-seed1-coloc-tl3600.out
38|1|20|0.01|1090,38,38-900-5,0.01,$\theta=0.01$,Str1+VI0,True,21.05,257.0,0.0,0.971911624761225,t2-pmed38-r1-R20-theta0.01-bbnc-i-e-facility-mixture-lh1090-low0.001to0.01-high0.1to0.5-seed1-coloc-tl3600.out
38|1|20|0.01|5050,38,38-900-5,0.01,$\theta=0.01$,Str1+VI0,True,9.78,88.0,0.0,0.663472638455529,t2-pmed38-r1-R20-theta0.01-bbnc-i-e-facility-mixture-lh5050-low0.001to0.01-high0.1to0.5-seed1-coloc-tl3600.out
38|1|20|0.01|9010,38,38-900-5,0.01,$\theta=0.01$,Str1+VI0,True,3.95,11.0,0.0,0.0775607041538567,t2-pmed38-r1-R20-theta0.01-bbnc-i-e-facility-mixture-lh9010-low0.001to0.01-high0.1to0.5-seed1-coloc-tl3600.out
38|1|20|0.01|1090,38,38-900-5,0.01,$\theta=0.01$,Str1+VI1,True,23.58,67.0,0.0,0.700160046023307,t2-pmed38-r1-R20-theta0.01-bbnc-i-e-l-facility-mixture-lh1090-low0.001to0.01-high0.1to0.5-seed1-coloc-tl3600.out
38|1|20|0.01|5050,38,38-900-5,0.01,$\theta=0.01$,Str1+VI1,True,15.99,35.0,0.0,0.407230767845518,t2-pmed38-r1-R20-theta0.01-bbnc-i-e-l-facility-mixture-lh5050-low0.001to0.01-high0.1to0.5-seed1-coloc-tl3600.out
38|1|20|0.01|9010,38,38-900-5,0.01,$\theta=0.01$,Str1+VI1,True,7.72,5.0,0.0,0.0582860025183705,t2-pmed38-r1-R20-theta0.01-bbnc-i-e-l-facility-mixture-lh9010-low0.001to0.01-high0.1to0.5-seed1-coloc-tl3600.out
38|1|20|0.1|1090,38,38-900-5,0.1,$\theta=0.1$,Str0+VI0,True,18.23,199.0,0.0,1.00724089877871,t2-pmed38-r1-R20-theta0.1-bbnc-i-facility-mixture-lh1090-low0.001to0.01-high0.1to0.5-seed1-coloc-tl3600.out
38|1|20|0.1|5050,38,38-900-5,0.1,$\theta=0.1$,Str0+VI0,True,8.75,89.0,0.0,0.699291800745782,t2-pmed38-r1-R20-theta0.1-bbnc-i-facility-mixture-lh5050-low0.001to0.01-high0.1to0.5-seed1-coloc-tl3600.out
38|1|20|0.1|9010,38,38-900-5,0.1,$\theta=0.1$,Str0+VI0,True,4.05,9.0,0.0,0.141058371588584,t2-pmed38-r1-R20-theta0.1-bbnc-i-facility-mixture-lh9010-low0.001to0.01-high0.1to0.5-seed1-coloc-tl3600.out
38|1|20|0.1|1090,38,38-900-5,0.1,$\theta=0.1$,Str0+VI1,True,17.45,67.0,0.0,0.717361650730735,t2-pmed38-r1-R20-theta0.1-bbnc-i-l-facility-mixture-lh1090-low0.001to0.01-high0.1to0.5-seed1-coloc-tl3600.out
38|1|20|0.1|5050,38,38-900-5,0.1,$\theta=0.1$,Str0+VI1,True,15.94,45.0,0.0,0.4997007098761,t2-pmed38-r1-R20-theta0.1-bbnc-i-l-facility-mixture-lh5050-low0.001to0.01-high0.1to0.5-seed1-coloc-tl3600.out
38|1|20|0.1|9010,38,38-900-5,0.1,$\theta=0.1$,Str0+VI1,True,9.68,9.0,0.0,0.113073950220968,t2-pmed38-r1-R20-theta0.1-bbnc-i-l-facility-mixture-lh9010-low0.001to0.01-high0.1to0.5-seed1-coloc-tl3600.out
38|1|20|0.1|1090,38,38-900-5,0.1,$\theta=0.1$,Str1+VI0,True,19.35,213.0,0.0,1.06325339075518,t2-pmed38-r1-R20-theta0.1-bbnc-i-e-facility-mixture-lh1090-low0.001to0.01-high0.1to0.5-seed1-coloc-tl3600.out
38|1|20|0.1|5050,38,38-900-5,0.1,$\theta=0.1$,Str1+VI0,True,13.6,73.0,0.0,0.569918879682771,t2-pmed38-r1-R20-theta0.1-bbnc-i-e-facility-mixture-lh5050-low0.001to0.01-high0.1to0.5-seed1-coloc-tl3600.out
38|1|20|0.1|9010,38,38-900-5,0.1,$\theta=0.1$,Str1+VI0,True,3.94,9.0,0.0,0.116591203702814,t2-pmed38-r1-R20-theta0.1-bbnc-i-e-facility-mixture-lh9010-low0.001to0.01-high0.1to0.5-seed1-coloc-tl3600.out
38|1|20|0.1|1090,38,38-900-5,0.1,$\theta=0.1$,Str1+VI1,True,26.67,59.0,0.0,0.839596080941832,t2-pmed38-r1-R20-theta0.1-bbnc-i-e-l-facility-mixture-lh1090-low0.001to0.01-high0.1to0.5-seed1-coloc-tl3600.out
38|1|20|0.1|5050,38,38-900-5,0.1,$\theta=0.1$,Str1+VI1,True,18.33,35.0,0.0,0.490756497220449,t2-pmed38-r1-R20-theta0.1-bbnc-i-e-l-facility-mixture-lh5050-low0.001to0.01-high0.1to0.5-seed1-coloc-tl3600.out
38|1|20|0.1|9010,38,38-900-5,0.1,$\theta=0.1$,Str1+VI1,True,11.11,11.0,0.0,0.0986695062833543,t2-pmed38-r1-R20-theta0.1-bbnc-i-e-l-facility-mixture-lh9010-low0.001to0.01-high0.1to0.5-seed1-coloc-tl3600.out
38|1|20|0.2|1090,38,38-900-5,0.2,$\theta=0.2$,Str0+VI0,True,12.21,120.0,0.0,0.891878638044182,t2-pmed38-r1-R20-theta0.2-bbnc-i-facility-mixture-lh1090-low0.001to0.01-high0.1to0.5-seed1-coloc-tl3600.out
38|1|20|0.2|5050,38,38-900-5,0.2,$\theta=0.2$,Str0+VI0,True,12.11,97.0,0.0,0.87279832631592,t2-pmed38-r1-R20-theta0.2-bbnc-i-facility-mixture-lh5050-low0.001to0.01-high0.1to0.5-seed1-coloc-tl3600.out
38|1|20|0.2|9010,38,38-900-5,0.2,$\theta=0.2$,Str0+VI0,True,4.62,14.0,0.0,0.205819117913719,t2-pmed38-r1-R20-theta0.2-bbnc-i-facility-mixture-lh9010-low0.001to0.01-high0.1to0.5-seed1-coloc-tl3600.out
38|1|20|0.2|1090,38,38-900-5,0.2,$\theta=0.2$,Str0+VI1,True,14.15,55.0,0.0,0.621757792535709,t2-pmed38-r1-R20-theta0.2-bbnc-i-l-facility-mixture-lh1090-low0.001to0.01-high0.1to0.5-seed1-coloc-tl3600.out
38|1|20|0.2|5050,38,38-900-5,0.2,$\theta=0.2$,Str0+VI1,True,24.24,37.0,0.0,0.670292490988718,t2-pmed38-r1-R20-theta0.2-bbnc-i-l-facility-mixture-lh5050-low0.001to0.01-high0.1to0.5-seed1-coloc-tl3600.out
38|1|20|0.2|9010,38,38-900-5,0.2,$\theta=0.2$,Str0+VI1,True,10.9,13.0,0.0,0.256803532620221,t2-pmed38-r1-R20-theta0.2-bbnc-i-l-facility-mixture-lh9010-low0.001to0.01-high0.1to0.5-seed1-coloc-tl3600.out
38|1|20|0.2|1090,38,38-900-5,0.2,$\theta=0.2$,Str1+VI0,True,13.69,131.0,0.0,0.923798777880793,t2-pmed38-r1-R20-theta0.2-bbnc-i-e-facility-mixture-lh1090-low0.001to0.01-high0.1to0.5-seed1-coloc-tl3600.out
38|1|20|0.2|5050,38,38-900-5,0.2,$\theta=0.2$,Str1+VI0,True,14.21,93.0,0.0,0.772667716170448,t2-pmed38-r1-R20-theta0.2-bbnc-i-e-facility-mixture-lh5050-low0.001to0.01-high0.1to0.5-seed1-coloc-tl3600.out
38|1|20|0.2|9010,38,38-900-5,0.2,$\theta=0.2$,Str1+VI0,True,4.53,13.0,0.0,0.234096178982067,t2-pmed38-r1-R20-theta0.2-bbnc-i-e-facility-mixture-lh9010-low0.001to0.01-high0.1to0.5-seed1-coloc-tl3600.out
38|1|20|0.2|1090,38,38-900-5,0.2,$\theta=0.2$,Str1+VI1,True,17.6,52.0,0.0,0.64891064189213,t2-pmed38-r1-R20-theta0.2-bbnc-i-e-l-facility-mixture-lh1090-low0.001to0.01-high0.1to0.5-seed1-coloc-tl3600.out
38|1|20|0.2|5050,38,38-900-5,0.2,$\theta=0.2$,Str1+VI1,True,17.1,39.0,0.0,0.775487701243402,t2-pmed38-r1-R20-theta0.2-bbnc-i-e-l-facility-mixture-lh5050-low0.001to0.01-high0.1to0.5-seed1-coloc-tl3600.out
38|1|20|0.2|9010,38,38-900-5,0.2,$\theta=0.2$,Str1+VI1,True,13.13,17.0,0.0,0.228840599814019,t2-pmed38-r1-R20-theta0.2-bbnc-i-e-l-facility-mixture-lh9010-low0.001to0.01-high0.1to0.5-seed1-coloc-tl3600.out
38|2|20|0.01|1090,38,38-900-5,0.01,$\theta=0.01$,Str0+VI0,True,24.65,303.0,0.0,1.11264884084095,t2-pmed38-r2-R20-theta0.01-bbnc-i-facility-mixture-lh1090-low0.001to0.01-high0.1to0.5-seed1-coloc-tl3600.out
38|2|20|0.01|5050,38,38-900-5,0.01,$\theta=0.01$,Str0+VI0,True,8.74,85.0,0.0,0.655304381225481,t2-pmed38-r2-R20-theta0.01-bbnc-i-facility-mixture-lh5050-low0.001to0.01-high0.1to0.5-seed1-coloc-tl3600.out
38|2|20|0.01|9010,38,38-900-5,0.01,$\theta=0.01$,Str0+VI0,True,3.64,11.0,0.0,0.10182118765337,t2-pmed38-r2-R20-theta0.01-bbnc-i-facility-mixture-lh9010-low0.001to0.01-high0.1to0.5-seed1-coloc-tl3600.out
38|2|20|0.01|1090,38,38-900-5,0.01,$\theta=0.01$,Str0+VI1,True,22.72,89.0,0.0,0.83993303981932,t2-pmed38-r2-R20-theta0.01-bbnc-i-l-facility-mixture-lh1090-low0.001to0.01-high0.1to0.5-seed1-coloc-tl3600.out
38|2|20|0.01|5050,38,38-900-5,0.01,$\theta=0.01$,Str0+VI1,True,20.74,37.0,0.0,0.485635014799622,t2-pmed38-r2-R20-theta0.01-bbnc-i-l-facility-mixture-lh5050-low0.001to0.01-high0.1to0.5-seed1-coloc-tl3600.out
38|2|20|0.01|9010,38,38-900-5,0.01,$\theta=0.01$,Str0+VI1,True,8.01,7.0,0.0,0.0509054132797267,t2-pmed38-r2-R20-theta0.01-bbnc-i-l-facility-mixture-lh9010-low0.001to0.01-high0.1to0.5-seed1-coloc-tl3600.out
38|2|20|0.01|1090,38,38-900-5,0.01,$\theta=0.01$,Str1+VI0,True,25.31,276.0,0.0,0.98138356034678,t2-pmed38-r2-R20-theta0.01-bbnc-i-e-facility-mixture-lh1090-low0.001to0.01-high0.1to0.5-seed1-coloc-tl3600.out
38|2|20|0.01|5050,38,38-900-5,0.01,$\theta=0.01$,Str1+VI0,True,10.32,95.0,0.0,0.7487677331303,t2-pmed38-r2-R20-theta0.01-bbnc-i-e-facility-mixture-lh5050-low0.001to0.01-high0.1to0.5-seed1-coloc-tl3600.out
38|2|20|0.01|9010,38,38-900-5,0.01,$\theta=0.01$,Str1+VI0,True,5.06,11.0,0.0,0.0767385079497983,t2-pmed38-r2-R20-theta0.01-bbnc-i-e-facility-mixture-lh9010-low0.001to0.01-high0.1to0.5-seed1-coloc-tl3600.out
38|2|20|0.01|1090,38,38-900-5,0.01,$\theta=0.01$,Str1+VI1,True,26.49,96.0,0.0,0.793494500961705,t2-pmed38-r2-R20-theta0.01-bbnc-i-e-l-facility-mixture-lh1090-low0.001to0.01-high0.1to0.5-seed1-coloc-tl3600.out
38|2|20|0.01|5050,38,38-900-5,0.01,$\theta=0.01$,Str1+VI1,True,19.82,39.0,0.0,0.46590365413839,t2-pmed38-r2-R20-theta0.01-bbnc-i-e-l-facility-mixture-lh5050-low0.001to0.01-high0.1to0.5-seed1-coloc-tl3600.out
38|2|20|0.01|9010,38,38-900-5,0.01,$\theta=0.01$,Str1+VI1,True,9.96,7.0,0.0,0.0817651671888359,t2-pmed38-r2-R20-theta0.01-bbnc-i-e-l-facility-mixture-lh9010-low0.001to0.01-high0.1to0.5-seed1-coloc-tl3600.out
38|2|20|0.1|1090,38,38-900-5,0.1,$\theta=0.1$,Str0+VI0,True,17.52,173.0,0.0,0.952830272200242,t2-pmed38-r2-R20-theta0.1-bbnc-i-facility-mixture-lh1090-low0.001to0.01-high0.1to0.5-seed1-coloc-tl3600.out
38|2|20|0.1|5050,38,38-900-5,0.1,$\theta=0.1$,Str0+VI0,True,10.64,100.0,0.0,0.640047591231437,t2-pmed38-r2-R20-theta0.1-bbnc-i-facility-mixture-lh5050-low0.001to0.01-high0.1to0.5-seed1-coloc-tl3600.out
38|2|20|0.1|9010,38,38-900-5,0.1,$\theta=0.1$,Str0+VI0,True,4.03,10.0,0.0,0.116265852502866,t2-pmed38-r2-R20-theta0.1-bbnc-i-facility-mixture-lh9010-low0.001to0.01-high0.1to0.5-seed1-coloc-tl3600.out
38|2|20|0.1|1090,38,38-900-5,0.1,$\theta=0.1$,Str0+VI1,True,21.34,49.0,0.0,0.683792086357215,t2-pmed38-r2-R20-theta0.1-bbnc-i-l-facility-mixture-lh1090-low0.001to0.01-high0.1to0.5-seed1-coloc-tl3600.out
38|2|20|0.1|5050,38,38-900-5,0.1,$\theta=0.1$,Str0+VI1,True,22.42,39.0,0.0,0.650679239322213,t2-pmed38-r2-R20-theta0.1-bbnc-i-l-facility-mixture-lh5050-low0.001to0.01-high0.1to0.5-seed1-coloc-tl3600.out
38|2|20|0.1|9010,38,38-900-5,0.1,$\theta=0.1$,Str0+VI1,True,10.3,10.0,0.0,0.128146190319672,t2-pmed38-r2-R20-theta0.1-bbnc-i-l-facility-mixture-lh9010-low0.001to0.01-high0.1to0.5-seed1-coloc-tl3600.out
38|2|20|0.1|1090,38,38-900-5,0.1,$\theta=0.1$,Str1+VI0,True,15.51,152.0,0.0,0.827330652351946,t2-pmed38-r2-R20-theta0.1-bbnc-i-e-facility-mixture-lh1090-low0.001to0.01-high0.1to0.5-seed1-coloc-tl3600.out
38|2|20|0.1|5050,38,38-900-5,0.1,$\theta=0.1$,Str1+VI0,True,11.55,81.0,0.0,0.655453863274097,t2-pmed38-r2-R20-theta0.1-bbnc-i-e-facility-mixture-lh5050-low0.001to0.01-high0.1to0.5-seed1-coloc-tl3600.out
38|2|20|0.1|9010,38,38-900-5,0.1,$\theta=0.1$,Str1+VI0,True,5.93,15.0,0.0,0.161694163176248,t2-pmed38-r2-R20-theta0.1-bbnc-i-e-facility-mixture-lh9010-low0.001to0.01-high0.1to0.5-seed1-coloc-tl3600.out
38|2|20|0.1|1090,38,38-900-5,0.1,$\theta=0.1$,Str1+VI1,True,22.77,53.0,0.0,0.649489762666894,t2-pmed38-r2-R20-theta0.1-bbnc-i-e-l-facility-mixture-lh1090-low0.001to0.01-high0.1to0.5-seed1-coloc-tl3600.out
38|2|20|0.1|5050,38,38-900-5,0.1,$\theta=0.1$,Str1+VI1,True,18.9,29.0,0.0,0.578019669556827,t2-pmed38-r2-R20-theta0.1-bbnc-i-e-l-facility-mixture-lh5050-low0.001to0.01-high0.1to0.5-seed1-coloc-tl3600.out
38|2|20|0.1|9010,38,38-900-5,0.1,$\theta=0.1$,Str1+VI1,True,10.59,9.0,0.0,0.108733018769096,t2-pmed38-r2-R20-theta0.1-bbnc-i-e-l-facility-mixture-lh9010-low0.001to0.01-high0.1to0.5-seed1-coloc-tl3600.out
38|2|20|0.2|1090,38,38-900-5,0.2,$\theta=0.2$,Str0+VI0,True,12.01,111.0,0.0,0.917598487040837,t2-pmed38-r2-R20-theta0.2-bbnc-i-facility-mixture-lh1090-low0.001to0.01-high0.1to0.5-seed1-coloc-tl3600.out
38|2|20|0.2|5050,38,38-900-5,0.2,$\theta=0.2$,Str0+VI0,True,14.47,113.0,0.0,0.952691369754315,t2-pmed38-r2-R20-theta0.2-bbnc-i-facility-mixture-lh5050-low0.001to0.01-high0.1to0.5-seed1-coloc-tl3600.out
38|2|20|0.2|9010,38,38-900-5,0.2,$\theta=0.2$,Str0+VI0,True,3.99,21.0,0.0,0.290380566288172,t2-pmed38-r2-R20-theta0.2-bbnc-i-facility-mixture-lh9010-low0.001to0.01-high0.1to0.5-seed1-coloc-tl3600.out
38|2|20|0.2|1090,38,38-900-5,0.2,$\theta=0.2$,Str0+VI1,True,19.7,47.0,0.0,0.623649775627181,t2-pmed38-r2-R20-theta0.2-bbnc-i-l-facility-mixture-lh1090-low0.001to0.01-high0.1to0.5-seed1-coloc-tl3600.out
38|2|20|0.2|5050,38,38-900-5,0.2,$\theta=0.2$,Str0+VI1,True,17.94,41.0,0.0,0.756743947640394,t2-pmed38-r2-R20-theta0.2-bbnc-i-l-facility-mixture-lh5050-low0.001to0.01-high0.1to0.5-seed1-coloc-tl3600.out
38|2|20|0.2|9010,38,38-900-5,0.2,$\theta=0.2$,Str0+VI1,True,11.93,13.0,0.0,0.201483449561597,t2-pmed38-r2-R20-theta0.2-bbnc-i-l-facility-mixture-lh9010-low0.001to0.01-high0.1to0.5-seed1-coloc-tl3600.out
38|2|20|0.2|1090,38,38-900-5,0.2,$\theta=0.2$,Str1+VI0,True,11.28,121.0,0.0,0.849342026698479,t2-pmed38-r2-R20-theta0.2-bbnc-i-e-facility-mixture-lh1090-low0.001to0.01-high0.1to0.5-seed1-coloc-tl3600.out
38|2|20|0.2|5050,38,38-900-5,0.2,$\theta=0.2$,Str1+VI0,True,13.81,117.0,0.0,0.849473557466614,t2-pmed38-r2-R20-theta0.2-bbnc-i-e-facility-mixture-lh5050-low0.001to0.01-high0.1to0.5-seed1-coloc-tl3600.out
38|2|20|0.2|9010,38,38-900-5,0.2,$\theta=0.2$,Str1+VI0,True,6.6,19.0,0.0,0.297739647725704,t2-pmed38-r2-R20-theta0.2-bbnc-i-e-facility-mixture-lh9010-low0.001to0.01-high0.1to0.5-seed1-coloc-tl3600.out
38|2|20|0.2|1090,38,38-900-5,0.2,$\theta=0.2$,Str1+VI1,True,16.78,35.0,0.0,0.758752717259426,t2-pmed38-r2-R20-theta0.2-bbnc-i-e-l-facility-mixture-lh1090-low0.001to0.01-high0.1to0.5-seed1-coloc-tl3600.out
38|2|20|0.2|5050,38,38-900-5,0.2,$\theta=0.2$,Str1+VI1,True,18.04,49.0,0.0,0.681569880021201,t2-pmed38-r2-R20-theta0.2-bbnc-i-e-l-facility-mixture-lh5050-low0.001to0.01-high0.1to0.5-seed1-coloc-tl3600.out
38|2|20|0.2|9010,38,38-900-5,0.2,$\theta=0.2$,Str1+VI1,True,15.27,11.0,0.0,0.26621584876912,t2-pmed38-r2-R20-theta0.2-bbnc-i-e-l-facility-mixture-lh9010-low0.001to0.01-high0.1to0.5-seed1-coloc-tl3600.out
39|1|20|0.01|1090,39,39-900-10,0.01,$\theta=0.01$,Str0+VI0,True,35.24,494.0,0.0,0.291732314478187,t2-pmed39-r1-R20-theta0.01-bbnc-i-facility-mixture-lh1090-low0.001to0.01-high0.1to0.5-seed1-coloc-tl3600.out
39|1|20|0.01|5050,39,39-900-10,0.01,$\theta=0.01$,Str0+VI0,True,18.99,191.0,0.0,0.255225691348862,t2-pmed39-r1-R20-theta0.01-bbnc-i-facility-mixture-lh5050-low0.001to0.01-high0.1to0.5-seed1-coloc-tl3600.out
39|1|20|0.01|9010,39,39-900-10,0.01,$\theta=0.01$,Str0+VI0,True,4.85,44.0,0.0,0.162090090711037,t2-pmed39-r1-R20-theta0.01-bbnc-i-facility-mixture-lh9010-low0.001to0.01-high0.1to0.5-seed1-coloc-tl3600.out
39|1|20|0.01|1090,39,39-900-10,0.01,$\theta=0.01$,Str0+VI1,True,39.14,111.0,0.0,0.251174307763413,t2-pmed39-r1-R20-theta0.01-bbnc-i-l-facility-mixture-lh1090-low0.001to0.01-high0.1to0.5-seed1-coloc-tl3600.out
39|1|20|0.01|5050,39,39-900-10,0.01,$\theta=0.01$,Str0+VI1,True,46.47,135.0,0.0,0.274746554346071,t2-pmed39-r1-R20-theta0.01-bbnc-i-l-facility-mixture-lh5050-low0.001to0.01-high0.1to0.5-seed1-coloc-tl3600.out
39|1|20|0.01|9010,39,39-900-10,0.01,$\theta=0.01$,Str0+VI1,True,13.06,29.0,0.0,0.165318968297047,t2-pmed39-r1-R20-theta0.01-bbnc-i-l-facility-mixture-lh9010-low0.001to0.01-high0.1to0.5-seed1-coloc-tl3600.out
39|1|20|0.01|1090,39,39-900-10,0.01,$\theta=0.01$,Str1+VI0,True,38.26,458.0,0.0,0.313052874765532,t2-pmed39-r1-R20-theta0.01-bbnc-i-e-facility-mixture-lh1090-low0.001to0.01-high0.1to0.5-seed1-coloc-tl3600.out
39|1|20|0.01|5050,39,39-900-10,0.01,$\theta=0.01$,Str1+VI0,True,24.75,267.0,0.0,0.35514249607067,t2-pmed39-r1-R20-theta0.01-bbnc-i-e-facility-mixture-lh5050-low0.001to0.01-high0.1to0.5-seed1-coloc-tl3600.out
39|1|20|0.01|9010,39,39-900-10,0.01,$\theta=0.01$,Str1+VI0,True,6.62,53.0,0.0,0.183584793095363,t2-pmed39-r1-R20-theta0.01-bbnc-i-e-facility-mixture-lh9010-low0.001to0.01-high0.1to0.5-seed1-coloc-tl3600.out
39|1|20|0.01|1090,39,39-900-10,0.01,$\theta=0.01$,Str1+VI1,True,41.91,128.0,0.0,0.252985065620979,t2-pmed39-r1-R20-theta0.01-bbnc-i-e-l-facility-mixture-lh1090-low0.001to0.01-high0.1to0.5-seed1-coloc-tl3600.out
39|1|20|0.01|5050,39,39-900-10,0.01,$\theta=0.01$,Str1+VI1,True,39.16,111.0,0.0,0.246745314323811,t2-pmed39-r1-R20-theta0.01-bbnc-i-e-l-facility-mixture-lh5050-low0.001to0.01-high0.1to0.5-seed1-coloc-tl3600.out
39|1|20|0.01|9010,39,39-900-10,0.01,$\theta=0.01$,Str1+VI1,True,14.48,39.0,0.0,0.13709802788032,t2-pmed39-r1-R20-theta0.01-bbnc-i-e-l-facility-mixture-lh9010-low0.001to0.01-high0.1to0.5-seed1-coloc-tl3600.out
39|1|20|0.1|1090,39,39-900-10,0.1,$\theta=0.1$,Str0+VI0,True,39.61,481.0,0.0,0.297556060994874,t2-pmed39-r1-R20-theta0.1-bbnc-i-facility-mixture-lh1090-low0.001to0.01-high0.1to0.5-seed1-coloc-tl3600.out
39|1|20|0.1|5050,39,39-900-10,0.1,$\theta=0.1$,Str0+VI0,True,41.68,572.0,0.0,0.324620987107644,t2-pmed39-r1-R20-theta0.1-bbnc-i-facility-mixture-lh5050-low0.001to0.01-high0.1to0.5-seed1-coloc-tl3600.out
39|1|20|0.1|9010,39,39-900-10,0.1,$\theta=0.1$,Str0+VI0,True,6.62,37.0,0.0,0.161002115530351,t2-pmed39-r1-R20-theta0.1-bbnc-i-facility-mixture-lh9010-low0.001to0.01-high0.1to0.5-seed1-coloc-tl3600.out
39|1|20|0.1|1090,39,39-900-10,0.1,$\theta=0.1$,Str0+VI1,True,34.4,114.0,0.0,0.236440415626432,t2-pmed39-r1-R20-theta0.1-bbnc-i-l-facility-mixture-lh1090-low0.001to0.01-high0.1to0.5-seed1-coloc-tl3600.out
39|1|20|0.1|5050,39,39-900-10,0.1,$\theta=0.1$,Str0+VI1,True,49.81,220.0,0.0,0.335481878225455,t2-pmed39-r1-R20-theta0.1-bbnc-i-l-facility-mixture-lh5050-low0.001to0.01-high0.1to0.5-seed1-coloc-tl3600.out
39|1|20|0.1|9010,39,39-900-10,0.1,$\theta=0.1$,Str0+VI1,True,14.34,34.0,0.0,0.147213214460311,t2-pmed39-r1-R20-theta0.1-bbnc-i-l-facility-mixture-lh9010-low0.001to0.01-high0.1to0.5-seed1-coloc-tl3600.out
39|1|20|0.1|1090,39,39-900-10,0.1,$\theta=0.1$,Str1+VI0,True,38.41,450.0,0.0,0.328801360616569,t2-pmed39-r1-R20-theta0.1-bbnc-i-e-facility-mixture-lh1090-low0.001to0.01-high0.1to0.5-seed1-coloc-tl3600.out
39|1|20|0.1|5050,39,39-900-10,0.1,$\theta=0.1$,Str1+VI0,True,45.38,622.0,0.0,0.344486934302795,t2-pmed39-r1-R20-theta0.1-bbnc-i-e-facility-mixture-lh5050-low0.001to0.01-high0.1to0.5-seed1-coloc-tl3600.out
39|1|20|0.1|9010,39,39-900-10,0.1,$\theta=0.1$,Str1+VI0,True,6.28,45.0,0.0,0.172859322637663,t2-pmed39-r1-R20-theta0.1-bbnc-i-e-facility-mixture-lh9010-low0.001to0.01-high0.1to0.5-seed1-coloc-tl3600.out
39|1|20|0.1|1090,39,39-900-10,0.1,$\theta=0.1$,Str1+VI1,True,39.81,103.0,0.0,0.261118048267843,t2-pmed39-r1-R20-theta0.1-bbnc-i-e-l-facility-mixture-lh1090-low0.001to0.01-high0.1to0.5-seed1-coloc-tl3600.out
39|1|20|0.1|5050,39,39-900-10,0.1,$\theta=0.1$,Str1+VI1,True,60.63,230.0,0.0,0.298012545825293,t2-pmed39-r1-R20-theta0.1-bbnc-i-e-l-facility-mixture-lh5050-low0.001to0.01-high0.1to0.5-seed1-coloc-tl3600.out
39|1|20|0.1|9010,39,39-900-10,0.1,$\theta=0.1$,Str1+VI1,True,15.14,27.0,0.0,0.150751716246916,t2-pmed39-r1-R20-theta0.1-bbnc-i-e-l-facility-mixture-lh9010-low0.001to0.01-high0.1to0.5-seed1-coloc-tl3600.out
39|1|20|0.2|1090,39,39-900-10,0.2,$\theta=0.2$,Str0+VI0,True,32.52,431.0,0.0,0.291308451599788,t2-pmed39-r1-R20-theta0.2-bbnc-i-facility-mixture-lh1090-low0.001to0.01-high0.1to0.5-seed1-coloc-tl3600.out
39|1|20|0.2|5050,39,39-900-10,0.2,$\theta=0.2$,Str0+VI0,True,43.59,634.0,0.0,0.388109703976974,t2-pmed39-r1-R20-theta0.2-bbnc-i-facility-mixture-lh5050-low0.001to0.01-high0.1to0.5-seed1-coloc-tl3600.out
39|1|20|0.2|9010,39,39-900-10,0.2,$\theta=0.2$,Str0+VI0,True,6.06,53.0,0.0,0.212097529163473,t2-pmed39-r1-R20-theta0.2-bbnc-i-facility-mixture-lh9010-low0.001to0.01-high0.1to0.5-seed1-coloc-tl3600.out
39|1|20|0.2|1090,39,39-900-10,0.2,$\theta=0.2$,Str0+VI1,True,33.49,130.0,0.0,0.27209357846543,t2-pmed39-r1-R20-theta0.2-bbnc-i-l-facility-mixture-lh1090-low0.001to0.01-high0.1to0.5-seed1-coloc-tl3600.out
39|1|20|0.2|5050,39,39-900-10,0.2,$\theta=0.2$,Str0+VI1,True,61.34,221.0,0.0,0.327116192685806,t2-pmed39-r1-R20-theta0.2-bbnc-i-l-facility-mixture-lh5050-low0.001to0.01-high0.1to0.5-seed1-coloc-tl3600.out
39|1|20|0.2|9010,39,39-900-10,0.2,$\theta=0.2$,Str0+VI1,True,16.99,37.0,0.0,0.23209636568275,t2-pmed39-r1-R20-theta0.2-bbnc-i-l-facility-mixture-lh9010-low0.001to0.01-high0.1to0.5-seed1-coloc-tl3600.out
39|1|20|0.2|1090,39,39-900-10,0.2,$\theta=0.2$,Str1+VI0,True,32.01,407.0,0.0,0.290261269530163,t2-pmed39-r1-R20-theta0.2-bbnc-i-e-facility-mixture-lh1090-low0.001to0.01-high0.1to0.5-seed1-coloc-tl3600.out
39|1|20|0.2|5050,39,39-900-10,0.2,$\theta=0.2$,Str1+VI0,True,39.1,659.0,0.0,0.384649613240095,t2-pmed39-r1-R20-theta0.2-bbnc-i-e-facility-mixture-lh5050-low0.001to0.01-high0.1to0.5-seed1-coloc-tl3600.out
39|1|20|0.2|9010,39,39-900-10,0.2,$\theta=0.2$,Str1+VI0,True,6.94,54.0,0.0,0.232602226862433,t2-pmed39-r1-R20-theta0.2-bbnc-i-e-facility-mixture-lh9010-low0.001to0.01-high0.1to0.5-seed1-coloc-tl3600.out
39|1|20|0.2|1090,39,39-900-10,0.2,$\theta=0.2$,Str1+VI1,True,29.87,103.0,0.0,0.249848281212541,t2-pmed39-r1-R20-theta0.2-bbnc-i-e-l-facility-mixture-lh1090-low0.001to0.01-high0.1to0.5-seed1-coloc-tl3600.out
39|1|20|0.2|5050,39,39-900-10,0.2,$\theta=0.2$,Str1+VI1,True,61.62,195.0,0.0,0.338682490015207,t2-pmed39-r1-R20-theta0.2-bbnc-i-e-l-facility-mixture-lh5050-low0.001to0.01-high0.1to0.5-seed1-coloc-tl3600.out
39|1|20|0.2|9010,39,39-900-10,0.2,$\theta=0.2$,Str1+VI1,True,22.88,47.0,0.0,0.215564051893214,t2-pmed39-r1-R20-theta0.2-bbnc-i-e-l-facility-mixture-lh9010-low0.001to0.01-high0.1to0.5-seed1-coloc-tl3600.out
39|2|20|0.01|1090,39,39-900-10,0.01,$\theta=0.01$,Str0+VI0,True,37.45,486.0,0.0,0.306251959792421,t2-pmed39-r2-R20-theta0.01-bbnc-i-facility-mixture-lh1090-low0.001to0.01-high0.1to0.5-seed1-coloc-tl3600.out
39|2|20|0.01|5050,39,39-900-10,0.01,$\theta=0.01$,Str0+VI0,True,36.85,430.0,0.0,0.31812304293724,t2-pmed39-r2-R20-theta0.01-bbnc-i-facility-mixture-lh5050-low0.001to0.01-high0.1to0.5-seed1-coloc-tl3600.out
39|2|20|0.01|9010,39,39-900-10,0.01,$\theta=0.01$,Str0+VI0,True,5.22,40.0,0.0,0.156700520576572,t2-pmed39-r2-R20-theta0.01-bbnc-i-facility-mixture-lh9010-low0.001to0.01-high0.1to0.5-seed1-coloc-tl3600.out
39|2|20|0.01|1090,39,39-900-10,0.01,$\theta=0.01$,Str0+VI1,True,39.54,128.0,0.0,0.289994187731636,t2-pmed39-r2-R20-theta0.01-bbnc-i-l-facility-mixture-lh1090-low0.001to0.01-high0.1to0.5-seed1-coloc-tl3600.out
39|2|20|0.01|5050,39,39-900-10,0.01,$\theta=0.01$,Str0+VI1,True,43.08,157.0,0.0,0.250296078585686,t2-pmed39-r2-R20-theta0.01-bbnc-i-l-facility-mixture-lh5050-low0.001to0.01-high0.1to0.5-seed1-coloc-tl3600.out
39|2|20|0.01|9010,39,39-900-10,0.01,$\theta=0.01$,Str0+VI1,True,10.16,21.0,0.0,0.12696184897957,t2-pmed39-r2-R20-theta0.01-bbnc-i-l-facility-mixture-lh9010-low0.001to0.01-high0.1to0.5-seed1-coloc-tl3600.out
39|2|20|0.01|1090,39,39-900-10,0.01,$\theta=0.01$,Str1+VI0,True,43.95,653.0,0.0,0.328019845489596,t2-pmed39-r2-R20-theta0.01-bbnc-i-e-facility-mixture-lh1090-low0.001to0.01-high0.1to0.5-seed1-coloc-tl3600.out
39|2|20|0.01|5050,39,39-900-10,0.01,$\theta=0.01$,Str1+VI0,True,20.38,203.0,0.0,0.279814545928782,t2-pmed39-r2-R20-theta0.01-bbnc-i-e-facility-mixture-lh5050-low0.001to0.01-high0.1to0.5-seed1-coloc-tl3600.out
39|2|20|0.01|9010,39,39-900-10,0.01,$\theta=0.01$,Str1+VI0,True,6.22,45.0,0.0,0.161179966379367,t2-pmed39-r2-R20-theta0.01-bbnc-i-e-facility-mixture-lh9010-low0.001to0.01-high0.1to0.5-seed1-coloc-tl3600.out
39|2|20|0.01|1090,39,39-900-10,0.01,$\theta=0.01$,Str1+VI1,True,31.88,109.0,0.0,0.252516994802064,t2-pmed39-r2-R20-theta0.01-bbnc-i-e-l-facility-mixture-lh1090-low0.001to0.01-high0.1to0.5-seed1-coloc-tl3600.out
39|2|20|0.01|5050,39,39-900-10,0.01,$\theta=0.01$,Str1+VI1,True,56.34,160.0,0.0,0.269506608064053,t2-pmed39-r2-R20-theta0.01-bbnc-i-e-l-facility-mixture-lh5050-low0.001to0.01-high0.1to0.5-seed1-coloc-tl3600.out
39|2|20|0.01|9010,39,39-900-10,0.01,$\theta=0.01$,Str1+VI1,True,13.14,25.0,0.0,0.122016072303294,t2-pmed39-r2-R20-theta0.01-bbnc-i-e-l-facility-mixture-lh9010-low0.001to0.01-high0.1to0.5-seed1-coloc-tl3600.out
39|2|20|0.1|1090,39,39-900-10,0.1,$\theta=0.1$,Str0+VI0,True,40.34,523.0,0.0,0.347956778626768,t2-pmed39-r2-R20-theta0.1-bbnc-i-facility-mixture-lh1090-low0.001to0.01-high0.1to0.5-seed1-coloc-tl3600.out
39|2|20|0.1|5050,39,39-900-10,0.1,$\theta=0.1$,Str0+VI0,True,47.51,616.0,0.0,0.346748447976252,t2-pmed39-r2-R20-theta0.1-bbnc-i-facility-mixture-lh5050-low0.001to0.01-high0.1to0.5-seed1-coloc-tl3600.out
39|2|20|0.1|9010,39,39-900-10,0.1,$\theta=0.1$,Str0+VI0,True,5.81,43.0,0.0,0.170165497393595,t2-pmed39-r2-R20-theta0.1-bbnc-i-facility-mixture-lh9010-low0.001to0.01-high0.1to0.5-seed1-coloc-tl3600.out
39|2|20|0.1|1090,39,39-900-10,0.1,$\theta=0.1$,Str0+VI1,True,38.76,123.0,0.0,0.246247597080918,t2-pmed39-r2-R20-theta0.1-bbnc-i-l-facility-mixture-lh1090-low0.001to0.01-high0.1to0.5-seed1-coloc-tl3600.out
39|2|20|0.1|5050,39,39-900-10,0.1,$\theta=0.1$,Str0+VI1,True,65.81,223.0,0.0,0.301732999940438,t2-pmed39-r2-R20-theta0.1-bbnc-i-l-facility-mixture-lh5050-low0.001to0.01-high0.1to0.5-seed1-coloc-tl3600.out
39|2|20|0.1|9010,39,39-900-10,0.1,$\theta=0.1$,Str0+VI1,True,18.32,23.0,0.0,0.156046637718244,t2-pmed39-r2-R20-theta0.1-bbnc-i-l-facility-mixture-lh9010-low0.001to0.01-high0.1to0.5-seed1-coloc-tl3600.out
39|2|20|0.1|1090,39,39-900-10,0.1,$\theta=0.1$,Str1+VI0,True,39.48,566.0,0.0,0.344911556028606,t2-pmed39-r2-R20-theta0.1-bbnc-i-e-facility-mixture-lh1090-low0.001to0.01-high0.1to0.5-seed1-coloc-tl3600.out
39|2|20|0.1|5050,39,39-900-10,0.1,$\theta=0.1$,Str1+VI0,True,40.59,563.0,0.0,0.316541253953408,t2-pmed39-r2-R20-theta0.1-bbnc-i-e-facility-mixture-lh5050-low0.001to0.01-high0.1to0.5-seed1-coloc-tl3600.out
39|2|20|0.1|9010,39,39-900-10,0.1,$\theta=0.1$,Str1+VI0,True,7.19,49.0,0.0,0.176211872528497,t2-pmed39-r2-R20-theta0.1-bbnc-i-e-facility-mixture-lh9010-low0.001to0.01-high0.1to0.5-seed1-coloc-tl3600.out
39|2|20|0.1|1090,39,39-900-10,0.1,$\theta=0.1$,Str1+VI1,True,37.52,120.0,0.0,0.275061954334484,t2-pmed39-r2-R20-theta0.1-bbnc-i-e-l-facility-mixture-lh1090-low0.001to0.01-high0.1to0.5-seed1-coloc-tl3600.out
39|2|20|0.1|5050,39,39-900-10,0.1,$\theta=0.1$,Str1+VI1,True,67.94,251.0,0.0,0.345041617460473,t2-pmed39-r2-R20-theta0.1-bbnc-i-e-l-facility-mixture-lh5050-low0.001to0.01-high0.1to0.5-seed1-coloc-tl3600.out
39|2|20|0.1|9010,39,39-900-10,0.1,$\theta=0.1$,Str1+VI1,True,15.21,31.0,0.0,0.162007520607962,t2-pmed39-r2-R20-theta0.1-bbnc-i-e-l-facility-mixture-lh9010-low0.001to0.01-high0.1to0.5-seed1-coloc-tl3600.out
39|2|20|0.2|1090,39,39-900-10,0.2,$\theta=0.2$,Str0+VI0,True,34.92,469.0,0.0,0.304451025254506,t2-pmed39-r2-R20-theta0.2-bbnc-i-facility-mixture-lh1090-low0.001to0.01-high0.1to0.5-seed1-coloc-tl3600.out
39|2|20|0.2|5050,39,39-900-10,0.2,$\theta=0.2$,Str0+VI0,True,36.8,493.0,0.0,0.366779362803903,t2-pmed39-r2-R20-theta0.2-bbnc-i-facility-mixture-lh5050-low0.001to0.01-high0.1to0.5-seed1-coloc-tl3600.out
39|2|20|0.2|9010,39,39-900-10,0.2,$\theta=0.2$,Str0+VI0,True,8.97,75.0,0.0,0.259218375909851,t2-pmed39-r2-R20-theta0.2-bbnc-i-facility-mixture-lh9010-low0.001to0.01-high0.1to0.5-seed1-coloc-tl3600.out
39|2|20|0.2|1090,39,39-900-10,0.2,$\theta=0.2$,Str0+VI1,True,33.73,133.0,0.0,0.231966001765643,t2-pmed39-r2-R20-theta0.2-bbnc-i-l-facility-mixture-lh1090-low0.001to0.01-high0.1to0.5-seed1-coloc-tl3600.out
39|2|20|0.2|5050,39,39-900-10,0.2,$\theta=0.2$,Str0+VI1,True,50.49,185.0,0.0,0.345284566911857,t2-pmed39-r2-R20-theta0.2-bbnc-i-l-facility-mixture-lh5050-low0.001to0.01-high0.1to0.5-seed1-coloc-tl3600.out
39|2|20|0.2|9010,39,39-900-10,0.2,$\theta=0.2$,Str0+VI1,True,21.63,64.0,0.0,0.236473437714167,t2-pmed39-r2-R20-theta0.2-bbnc-i-l-facility-mixture-lh9010-low0.001to0.01-high0.1to0.5-seed1-coloc-tl3600.out
39|2|20|0.2|1090,39,39-900-10,0.2,$\theta=0.2$,Str1+VI0,True,31.3,431.0,0.0,0.303417856006694,t2-pmed39-r2-R20-theta0.2-bbnc-i-e-facility-mixture-lh1090-low0.001to0.01-high0.1to0.5-seed1-coloc-tl3600.out
39|2|20|0.2|5050,39,39-900-10,0.2,$\theta=0.2$,Str1+VI0,True,35.75,460.0,0.0,0.366734084388208,t2-pmed39-r2-R20-theta0.2-bbnc-i-e-facility-mixture-lh5050-low0.001to0.01-high0.1to0.5-seed1-coloc-tl3600.out
39|2|20|0.2|9010,39,39-900-10,0.2,$\theta=0.2$,Str1+VI0,True,9.57,77.0,0.0,0.2459631059441,t2-pmed39-r2-R20-theta0.2-bbnc-i-e-facility-mixture-lh9010-low0.001to0.01-high0.1to0.5-seed1-coloc-tl3600.out
39|2|20|0.2|1090,39,39-900-10,0.2,$\theta=0.2$,Str1+VI1,True,35.82,99.0,0.0,0.265613285762871,t2-pmed39-r2-R20-theta0.2-bbnc-i-e-l-facility-mixture-lh1090-low0.001to0.01-high0.1to0.5-seed1-coloc-tl3600.out
39|2|20|0.2|5050,39,39-900-10,0.2,$\theta=0.2$,Str1+VI1,True,51.68,193.0,0.0,0.36822714014583,t2-pmed39-r2-R20-theta0.2-bbnc-i-e-l-facility-mixture-lh5050-low0.001to0.01-high0.1to0.5-seed1-coloc-tl3600.out
39|2|20|0.2|9010,39,39-900-10,0.2,$\theta=0.2$,Str1+VI1,True,23.2,54.0,0.0,0.305630382670455,t2-pmed39-r2-R20-theta0.2-bbnc-i-e-l-facility-mixture-lh9010-low0.001to0.01-high0.1to0.5-seed1-coloc-tl3600.out
4|1|20|0.01|1090,4,4-100-20,0.01,$\theta=0.01$,Str0+VI0,True,0.04,0.0,0.0,0.0,t2-pmed4-r1-R20-theta0.01-bbnc-i-facility-mixture-lh1090-low0.001to0.01-high0.1to0.5-seed1-coloc-tl3600.out
4|1|20|0.01|5050,4,4-100-20,0.01,$\theta=0.01$,Str0+VI0,True,0.04,0.0,0.0,0.0,t2-pmed4-r1-R20-theta0.01-bbnc-i-facility-mixture-lh5050-low0.001to0.01-high0.1to0.5-seed1-coloc-tl3600.out
4|1|20|0.01|9010,4,4-100-20,0.01,$\theta=0.01$,Str0+VI0,True,0.03,13.0,0.0,0.00745498601378985,t2-pmed4-r1-R20-theta0.01-bbnc-i-facility-mixture-lh9010-low0.001to0.01-high0.1to0.5-seed1-coloc-tl3600.out
4|1|20|0.01|1090,4,4-100-20,0.01,$\theta=0.01$,Str0+VI1,True,0.04,0.0,0.0,0.0,t2-pmed4-r1-R20-theta0.01-bbnc-i-l-facility-mixture-lh1090-low0.001to0.01-high0.1to0.5-seed1-coloc-tl3600.out
4|1|20|0.01|5050,4,4-100-20,0.01,$\theta=0.01$,Str0+VI1,True,0.04,0.0,0.0,0.0,t2-pmed4-r1-R20-theta0.01-bbnc-i-l-facility-mixture-lh5050-low0.001to0.01-high0.1to0.5-seed1-coloc-tl3600.out
4|1|20|0.01|9010,4,4-100-20,0.01,$\theta=0.01$,Str0+VI1,True,0.04,0.0,0.0,0.0,t2-pmed4-r1-R20-theta0.01-bbnc-i-l-facility-mixture-lh9010-low0.001to0.01-high0.1to0.5-seed1-coloc-tl3600.out
4|1|20|0.01|1090,4,4-100-20,0.01,$\theta=0.01$,Str1+VI0,True,0.03,0.0,0.0,0.0,t2-pmed4-r1-R20-theta0.01-bbnc-i-e-facility-mixture-lh1090-low0.001to0.01-high0.1to0.5-seed1-coloc-tl3600.out
4|1|20|0.01|5050,4,4-100-20,0.01,$\theta=0.01$,Str1+VI0,True,0.04,2.0,0.0,0.0,t2-pmed4-r1-R20-theta0.01-bbnc-i-e-facility-mixture-lh5050-low0.001to0.01-high0.1to0.5-seed1-coloc-tl3600.out
4|1|20|0.01|9010,4,4-100-20,0.01,$\theta=0.01$,Str1+VI0,True,0.03,8.0,0.0,0.00401738376738042,t2-pmed4-r1-R20-theta0.01-bbnc-i-e-facility-mixture-lh9010-low0.001to0.01-high0.1to0.5-seed1-coloc-tl3600.out
4|1|20|0.01|1090,4,4-100-20,0.01,$\theta=0.01$,Str1+VI1,True,0.03,0.0,0.0,0.0,t2-pmed4-r1-R20-theta0.01-bbnc-i-e-l-facility-mixture-lh1090-low0.001to0.01-high0.1to0.5-seed1-coloc-tl3600.out
4|1|20|0.01|5050,4,4-100-20,0.01,$\theta=0.01$,Str1+VI1,True,0.03,0.0,0.0,0.0,t2-pmed4-r1-R20-theta0.01-bbnc-i-e-l-facility-mixture-lh5050-low0.001to0.01-high0.1to0.5-seed1-coloc-tl3600.out
4|1|20|0.01|9010,4,4-100-20,0.01,$\theta=0.01$,Str1+VI1,True,0.04,2.0,0.0,0.0,t2-pmed4-r1-R20-theta0.01-bbnc-i-e-l-facility-mixture-lh9010-low0.001to0.01-high0.1to0.5-seed1-coloc-tl3600.out
4|1|20|0.1|1090,4,4-100-20,0.1,$\theta=0.1$,Str0+VI0,True,0.03,0.0,0.0,0.0,t2-pmed4-r1-R20-theta0.1-bbnc-i-facility-mixture-lh1090-low0.001to0.01-high0.1to0.5-seed1-coloc-tl3600.out
4|1|20|0.1|5050,4,4-100-20,0.1,$\theta=0.1$,Str0+VI0,True,0.04,3.0,0.0,0.0,t2-pmed4-r1-R20-theta0.1-bbnc-i-facility-mixture-lh5050-low0.001to0.01-high0.1to0.5-seed1-coloc-tl3600.out
4|1|20|0.1|9010,4,4-100-20,0.1,$\theta=0.1$,Str0+VI0,True,0.08,10.0,0.0,0.00249270746105663,t2-pmed4-r1-R20-theta0.1-bbnc-i-facility-mixture-lh9010-low0.001to0.01-high0.1to0.5-seed1-coloc-tl3600.out
4|1|20|0.1|1090,4,4-100-20,0.1,$\theta=0.1$,Str0+VI1,True,0.03,0.0,0.0,0.0,t2-pmed4-r1-R20-theta0.1-bbnc-i-l-facility-mixture-lh1090-low0.001to0.01-high0.1to0.5-seed1-coloc-tl3600.out
4|1|20|0.1|5050,4,4-100-20,0.1,$\theta=0.1$,Str0+VI1,True,0.03,0.0,0.0,0.0,t2-pmed4-r1-R20-theta0.1-bbnc-i-l-facility-mixture-lh5050-low0.001to0.01-high0.1to0.5-seed1-coloc-tl3600.out
4|1|20|0.1|9010,4,4-100-20,0.1,$\theta=0.1$,Str0+VI1,True,0.04,2.0,0.0,0.0,t2-pmed4-r1-R20-theta0.1-bbnc-i-l-facility-mixture-lh9010-low0.001to0.01-high0.1to0.5-seed1-coloc-tl3600.out
4|1|20|0.1|1090,4,4-100-20,0.1,$\theta=0.1$,Str1+VI0,True,0.04,0.0,0.0,0.0,t2-pmed4-r1-R20-theta0.1-bbnc-i-e-facility-mixture-lh1090-low0.001to0.01-high0.1to0.5-seed1-coloc-tl3600.out
4|1|20|0.1|5050,4,4-100-20,0.1,$\theta=0.1$,Str1+VI0,True,0.04,0.0,0.0,0.0,t2-pmed4-r1-R20-theta0.1-bbnc-i-e-facility-mixture-lh5050-low0.001to0.01-high0.1to0.5-seed1-coloc-tl3600.out
4|1|20|0.1|9010,4,4-100-20,0.1,$\theta=0.1$,Str1+VI0,True,0.04,8.0,0.0,0.00188094409148069,t2-pmed4-r1-R20-theta0.1-bbnc-i-e-facility-mixture-lh9010-low0.001to0.01-high0.1to0.5-seed1-coloc-tl3600.out
4|1|20|0.1|1090,4,4-100-20,0.1,$\theta=0.1$,Str1+VI1,True,0.03,0.0,0.0,0.0,t2-pmed4-r1-R20-theta0.1-bbnc-i-e-l-facility-mixture-lh1090-low0.001to0.01-high0.1to0.5-seed1-coloc-tl3600.out
4|1|20|0.1|5050,4,4-100-20,0.1,$\theta=0.1$,Str1+VI1,True,0.03,0.0,0.0,0.0,t2-pmed4-r1-R20-theta0.1-bbnc-i-e-l-facility-mixture-lh5050-low0.001to0.01-high0.1to0.5-seed1-coloc-tl3600.out
4|1|20|0.1|9010,4,4-100-20,0.1,$\theta=0.1$,Str1+VI1,True,0.04,2.0,0.0,0.0,t2-pmed4-r1-R20-theta0.1-bbnc-i-e-l-facility-mixture-lh9010-low0.001to0.01-high0.1to0.5-seed1-coloc-tl3600.out
4|1|20|0.2|1090,4,4-100-20,0.2,$\theta=0.2$,Str0+VI0,True,0.03,0.0,0.0,0.0,t2-pmed4-r1-R20-theta0.2-bbnc-i-facility-mixture-lh1090-low0.001to0.01-high0.1to0.5-seed1-coloc-tl3600.out
4|1|20|0.2|5050,4,4-100-20,0.2,$\theta=0.2$,Str0+VI0,True,0.03,0.0,0.0,0.0,t2-pmed4-r1-R20-theta0.2-bbnc-i-facility-mixture-lh5050-low0.001to0.01-high0.1to0.5-seed1-coloc-tl3600.out
4|1|20|0.2|9010,4,4-100-20,0.2,$\theta=0.2$,Str0+VI0,True,0.03,0.0,0.0,0.0,t2-pmed4-r1-R20-theta0.2-bbnc-i-facility-mixture-lh9010-low0.001to0.01-high0.1to0.5-seed1-coloc-tl3600.out
4|1|20|0.2|1090,4,4-100-20,0.2,$\theta=0.2$,Str0+VI1,True,0.03,0.0,0.0,0.0,t2-pmed4-r1-R20-theta0.2-bbnc-i-l-facility-mixture-lh1090-low0.001to0.01-high0.1to0.5-seed1-coloc-tl3600.out
4|1|20|0.2|5050,4,4-100-20,0.2,$\theta=0.2$,Str0+VI1,True,0.03,0.0,0.0,0.0,t2-pmed4-r1-R20-theta0.2-bbnc-i-l-facility-mixture-lh5050-low0.001to0.01-high0.1to0.5-seed1-coloc-tl3600.out
4|1|20|0.2|9010,4,4-100-20,0.2,$\theta=0.2$,Str0+VI1,True,0.04,4.0,0.0,0.000260239701758898,t2-pmed4-r1-R20-theta0.2-bbnc-i-l-facility-mixture-lh9010-low0.001to0.01-high0.1to0.5-seed1-coloc-tl3600.out
4|1|20|0.2|1090,4,4-100-20,0.2,$\theta=0.2$,Str1+VI0,True,0.04,0.0,0.0,0.0,t2-pmed4-r1-R20-theta0.2-bbnc-i-e-facility-mixture-lh1090-low0.001to0.01-high0.1to0.5-seed1-coloc-tl3600.out
4|1|20|0.2|5050,4,4-100-20,0.2,$\theta=0.2$,Str1+VI0,True,0.02,0.0,0.0,0.0,t2-pmed4-r1-R20-theta0.2-bbnc-i-e-facility-mixture-lh5050-low0.001to0.01-high0.1to0.5-seed1-coloc-tl3600.out
4|1|20|0.2|9010,4,4-100-20,0.2,$\theta=0.2$,Str1+VI0,True,0.02,0.0,0.0,0.0,t2-pmed4-r1-R20-theta0.2-bbnc-i-e-facility-mixture-lh9010-low0.001to0.01-high0.1to0.5-seed1-coloc-tl3600.out
4|1|20|0.2|1090,4,4-100-20,0.2,$\theta=0.2$,Str1+VI1,True,0.03,0.0,0.0,0.0,t2-pmed4-r1-R20-theta0.2-bbnc-i-e-l-facility-mixture-lh1090-low0.001to0.01-high0.1to0.5-seed1-coloc-tl3600.out
4|1|20|0.2|5050,4,4-100-20,0.2,$\theta=0.2$,Str1+VI1,True,0.03,0.0,0.0,0.0,t2-pmed4-r1-R20-theta0.2-bbnc-i-e-l-facility-mixture-lh5050-low0.001to0.01-high0.1to0.5-seed1-coloc-tl3600.out
4|1|20|0.2|9010,4,4-100-20,0.2,$\theta=0.2$,Str1+VI1,True,0.03,3.0,0.0,0.0,t2-pmed4-r1-R20-theta0.2-bbnc-i-e-l-facility-mixture-lh9010-low0.001to0.01-high0.1to0.5-seed1-coloc-tl3600.out
4|2|20|0.01|1090,4,4-100-20,0.01,$\theta=0.01$,Str0+VI0,True,0.04,0.0,0.0,0.0,t2-pmed4-r2-R20-theta0.01-bbnc-i-facility-mixture-lh1090-low0.001to0.01-high0.1to0.5-seed1-coloc-tl3600.out
4|2|20|0.01|5050,4,4-100-20,0.01,$\theta=0.01$,Str0+VI0,True,0.04,0.0,0.0,0.0,t2-pmed4-r2-R20-theta0.01-bbnc-i-facility-mixture-lh5050-low0.001to0.01-high0.1to0.5-seed1-coloc-tl3600.out
4|2|20|0.01|9010,4,4-100-20,0.01,$\theta=0.01$,Str0+VI0,True,0.03,13.0,0.0,0.00745498601378985,t2-pmed4-r2-R20-theta0.01-bbnc-i-facility-mixture-lh9010-low0.001to0.01-high0.1to0.5-seed1-coloc-tl3600.out
4|2|20|0.01|1090,4,4-100-20,0.01,$\theta=0.01$,Str0+VI1,True,0.03,0.0,0.0,0.0,t2-pmed4-r2-R20-theta0.01-bbnc-i-l-facility-mixture-lh1090-low0.001to0.01-high0.1to0.5-seed1-coloc-tl3600.out
4|2|20|0.01|5050,4,4-100-20,0.01,$\theta=0.01$,Str0+VI1,True,0.03,0.0,0.0,0.0,t2-pmed4-r2-R20-theta0.01-bbnc-i-l-facility-mixture-lh5050-low0.001to0.01-high0.1to0.5-seed1-coloc-tl3600.out
4|2|20|0.01|9010,4,4-100-20,0.01,$\theta=0.01$,Str0+VI1,True,0.03,0.0,0.0,0.0,t2-pmed4-r2-R20-theta0.01-bbnc-i-l-facility-mixture-lh9010-low0.001to0.01-high0.1to0.5-seed1-coloc-tl3600.out
4|2|20|0.01|1090,4,4-100-20,0.01,$\theta=0.01$,Str1+VI0,True,0.03,0.0,0.0,0.0,t2-pmed4-r2-R20-theta0.01-bbnc-i-e-facility-mixture-lh1090-low0.001to0.01-high0.1to0.5-seed1-coloc-tl3600.out
4|2|20|0.01|5050,4,4-100-20,0.01,$\theta=0.01$,Str1+VI0,True,0.04,2.0,0.0,0.0,t2-pmed4-r2-R20-theta0.01-bbnc-i-e-facility-mixture-lh5050-low0.001to0.01-high0.1to0.5-seed1-coloc-tl3600.out
4|2|20|0.01|9010,4,4-100-20,0.01,$\theta=0.01$,Str1+VI0,True,0.03,8.0,0.0,0.00401738376738042,t2-pmed4-r2-R20-theta0.01-bbnc-i-e-facility-mixture-lh9010-low0.001to0.01-high0.1to0.5-seed1-coloc-tl3600.out
4|2|20|0.01|1090,4,4-100-20,0.01,$\theta=0.01$,Str1+VI1,True,0.03,0.0,0.0,0.0,t2-pmed4-r2-R20-theta0.01-bbnc-i-e-l-facility-mixture-lh1090-low0.001to0.01-high0.1to0.5-seed1-coloc-tl3600.out
4|2|20|0.01|5050,4,4-100-20,0.01,$\theta=0.01$,Str1+VI1,True,0.03,0.0,0.0,0.0,t2-pmed4-r2-R20-theta0.01-bbnc-i-e-l-facility-mixture-lh5050-low0.001to0.01-high0.1to0.5-seed1-coloc-tl3600.out
4|2|20|0.01|9010,4,4-100-20,0.01,$\theta=0.01$,Str1+VI1,True,0.04,2.0,0.0,0.0,t2-pmed4-r2-R20-theta0.01-bbnc-i-e-l-facility-mixture-lh9010-low0.001to0.01-high0.1to0.5-seed1-coloc-tl3600.out
4|2|20|0.1|1090,4,4-100-20,0.1,$\theta=0.1$,Str0+VI0,True,0.04,0.0,0.0,0.0,t2-pmed4-r2-R20-theta0.1-bbnc-i-facility-mixture-lh1090-low0.001to0.01-high0.1to0.5-seed1-coloc-tl3600.out
4|2|20|0.1|5050,4,4-100-20,0.1,$\theta=0.1$,Str0+VI0,True,0.04,3.0,0.0,0.0,t2-pmed4-r2-R20-theta0.1-bbnc-i-facility-mixture-lh5050-low0.001to0.01-high0.1to0.5-seed1-coloc-tl3600.out
4|2|20|0.1|9010,4,4-100-20,0.1,$\theta=0.1$,Str0+VI0,True,0.04,10.0,0.0,0.00249270746105663,t2-pmed4-r2-R20-theta0.1-bbnc-i-facility-mixture-lh9010-low0.001to0.01-high0.1to0.5-seed1-coloc-tl3600.out
4|2|20|0.1|1090,4,4-100-20,0.1,$\theta=0.1$,Str0+VI1,True,0.03,0.0,0.0,0.0,t2-pmed4-r2-R20-theta0.1-bbnc-i-l-facility-mixture-lh1090-low0.001to0.01-high0.1to0.5-seed1-coloc-tl3600.out
4|2|20|0.1|5050,4,4-100-20,0.1,$\theta=0.1$,Str0+VI1,True,0.03,0.0,0.0,0.0,t2-pmed4-r2-R20-theta0.1-bbnc-i-l-facility-mixture-lh5050-low0.001to0.01-high0.1to0.5-seed1-coloc-tl3600.out
4|2|20|0.1|9010,4,4-100-20,0.1,$\theta=0.1$,Str0+VI1,True,0.04,2.0,0.0,0.0,t2-pmed4-r2-R20-theta0.1-bbnc-i-l-facility-mixture-lh9010-low0.001to0.01-high0.1to0.5-seed1-coloc-tl3600.out
4|2|20|0.1|1090,4,4-100-20,0.1,$\theta=0.1$,Str1+VI0,True,0.04,0.0,0.0,0.0,t2-pmed4-r2-R20-theta0.1-bbnc-i-e-facility-mixture-lh1090-low0.001to0.01-high0.1to0.5-seed1-coloc-tl3600.out
4|2|20|0.1|5050,4,4-100-20,0.1,$\theta=0.1$,Str1+VI0,True,0.04,0.0,0.0,0.0,t2-pmed4-r2-R20-theta0.1-bbnc-i-e-facility-mixture-lh5050-low0.001to0.01-high0.1to0.5-seed1-coloc-tl3600.out
4|2|20|0.1|9010,4,4-100-20,0.1,$\theta=0.1$,Str1+VI0,True,0.04,8.0,0.0,0.00188094409148069,t2-pmed4-r2-R20-theta0.1-bbnc-i-e-facility-mixture-lh9010-low0.001to0.01-high0.1to0.5-seed1-coloc-tl3600.out
4|2|20|0.1|1090,4,4-100-20,0.1,$\theta=0.1$,Str1+VI1,True,0.03,0.0,0.0,0.0,t2-pmed4-r2-R20-theta0.1-bbnc-i-e-l-facility-mixture-lh1090-low0.001to0.01-high0.1to0.5-seed1-coloc-tl3600.out
4|2|20|0.1|5050,4,4-100-20,0.1,$\theta=0.1$,Str1+VI1,True,0.03,0.0,0.0,0.0,t2-pmed4-r2-R20-theta0.1-bbnc-i-e-l-facility-mixture-lh5050-low0.001to0.01-high0.1to0.5-seed1-coloc-tl3600.out
4|2|20|0.1|9010,4,4-100-20,0.1,$\theta=0.1$,Str1+VI1,True,0.03,2.0,0.0,0.0,t2-pmed4-r2-R20-theta0.1-bbnc-i-e-l-facility-mixture-lh9010-low0.001to0.01-high0.1to0.5-seed1-coloc-tl3600.out
4|2|20|0.2|1090,4,4-100-20,0.2,$\theta=0.2$,Str0+VI0,True,0.03,0.0,0.0,0.0,t2-pmed4-r2-R20-theta0.2-bbnc-i-facility-mixture-lh1090-low0.001to0.01-high0.1to0.5-seed1-coloc-tl3600.out
4|2|20|0.2|5050,4,4-100-20,0.2,$\theta=0.2$,Str0+VI0,True,0.03,0.0,0.0,0.0,t2-pmed4-r2-R20-theta0.2-bbnc-i-facility-mixture-lh5050-low0.001to0.01-high0.1to0.5-seed1-coloc-tl3600.out
4|2|20|0.2|9010,4,4-100-20,0.2,$\theta=0.2$,Str0+VI0,True,0.03,0.0,0.0,0.0,t2-pmed4-r2-R20-theta0.2-bbnc-i-facility-mixture-lh9010-low0.001to0.01-high0.1to0.5-seed1-coloc-tl3600.out
4|2|20|0.2|1090,4,4-100-20,0.2,$\theta=0.2$,Str0+VI1,True,0.03,0.0,0.0,0.0,t2-pmed4-r2-R20-theta0.2-bbnc-i-l-facility-mixture-lh1090-low0.001to0.01-high0.1to0.5-seed1-coloc-tl3600.out
4|2|20|0.2|5050,4,4-100-20,0.2,$\theta=0.2$,Str0+VI1,True,0.02,0.0,0.0,0.0,t2-pmed4-r2-R20-theta0.2-bbnc-i-l-facility-mixture-lh5050-low0.001to0.01-high0.1to0.5-seed1-coloc-tl3600.out
4|2|20|0.2|9010,4,4-100-20,0.2,$\theta=0.2$,Str0+VI1,True,0.04,4.0,0.0,0.000260239701758898,t2-pmed4-r2-R20-theta0.2-bbnc-i-l-facility-mixture-lh9010-low0.001to0.01-high0.1to0.5-seed1-coloc-tl3600.out
4|2|20|0.2|1090,4,4-100-20,0.2,$\theta=0.2$,Str1+VI0,True,0.04,0.0,0.0,0.0,t2-pmed4-r2-R20-theta0.2-bbnc-i-e-facility-mixture-lh1090-low0.001to0.01-high0.1to0.5-seed1-coloc-tl3600.out
4|2|20|0.2|5050,4,4-100-20,0.2,$\theta=0.2$,Str1+VI0,True,0.03,0.0,0.0,0.0,t2-pmed4-r2-R20-theta0.2-bbnc-i-e-facility-mixture-lh5050-low0.001to0.01-high0.1to0.5-seed1-coloc-tl3600.out
4|2|20|0.2|9010,4,4-100-20,0.2,$\theta=0.2$,Str1+VI0,True,0.03,0.0,0.0,0.0,t2-pmed4-r2-R20-theta0.2-bbnc-i-e-facility-mixture-lh9010-low0.001to0.01-high0.1to0.5-seed1-coloc-tl3600.out
4|2|20|0.2|1090,4,4-100-20,0.2,$\theta=0.2$,Str1+VI1,True,0.02,0.0,0.0,0.0,t2-pmed4-r2-R20-theta0.2-bbnc-i-e-l-facility-mixture-lh1090-low0.001to0.01-high0.1to0.5-seed1-coloc-tl3600.out
4|2|20|0.2|5050,4,4-100-20,0.2,$\theta=0.2$,Str1+VI1,True,0.03,0.0,0.0,0.0,t2-pmed4-r2-R20-theta0.2-bbnc-i-e-l-facility-mixture-lh5050-low0.001to0.01-high0.1to0.5-seed1-coloc-tl3600.out
4|2|20|0.2|9010,4,4-100-20,0.2,$\theta=0.2$,Str1+VI1,True,0.03,3.0,0.0,0.0,t2-pmed4-r2-R20-theta0.2-bbnc-i-e-l-facility-mixture-lh9010-low0.001to0.01-high0.1to0.5-seed1-coloc-tl3600.out
40|1|20|0.01|1090,40,40-900-90,0.01,$\theta=0.01$,Str0+VI0,False,3600.0,81229.0,0.219768051505975,0.42856866408689,t2-pmed40-r1-R20-theta0.01-bbnc-i-facility-mixture-lh1090-low0.001to0.01-high0.1to0.5-seed1-coloc-tl3600.out
40|1|20|0.01|5050,40,40-900-90,0.01,$\theta=0.01$,Str0+VI0,False,3600.0,115308.0,0.193859587923791,0.378585187558889,t2-pmed40-r1-R20-theta0.01-bbnc-i-facility-mixture-lh5050-low0.001to0.01-high0.1to0.5-seed1-coloc-tl3600.out
40|1|20|0.01|9010,40,40-900-90,0.01,$\theta=0.01$,Str0+VI0,True,95.44,7879.0,0.0,0.0962998710090645,t2-pmed40-r1-R20-theta0.01-bbnc-i-facility-mixture-lh9010-low0.001to0.01-high0.1to0.5-seed1-coloc-tl3600.out
40|1|20|0.01|1090,40,40-900-90,0.01,$\theta=0.01$,Str0+VI1,False,3600.02,41874.0,0.219401343506689,0.397104405688772,t2-pmed40-r1-R20-theta0.01-bbnc-i-l-facility-mixture-lh1090-low0.001to0.01-high0.1to0.5-seed1-coloc-tl3600.out
40|1|20|0.01|5050,40,40-900-90,0.01,$\theta=0.01$,Str0+VI1,False,3600.01,90675.0,0.207465701403131,0.363065933177847,t2-pmed40-r1-R20-theta0.01-bbnc-i-l-facility-mixture-lh5050-low0.001to0.01-high0.1to0.5-seed1-coloc-tl3600.out
40|1|20|0.01|9010,40,40-900-90,0.01,$\theta=0.01$,Str0+VI1,True,115.25,2532.0,0.0,0.0615138724878233,t2-pmed40-r1-R20-theta0.01-bbnc-i-l-facility-mixture-lh9010-low0.001to0.01-high0.1to0.5-seed1-coloc-tl3600.out
40|1|20|0.01|1090,40,40-900-90,0.01,$\theta=0.01$,Str1+VI0,False,3600.02,89002.0,0.103237824404202,0.216495797783112,t2-pmed40-r1-R20-theta0.01-bbnc-i-e-facility-mixture-lh1090-low0.001to0.01-high0.1to0.5-seed1-coloc-tl3600.out
40|1|20|0.01|5050,40,40-900-90,0.01,$\theta=0.01$,Str1+VI0,False,3600.0,125391.0,0.0947643387113979,0.238535081060014,t2-pmed40-r1-R20-theta0.01-bbnc-i-e-facility-mixture-lh5050-low0.001to0.01-high0.1to0.5-seed1-coloc-tl3600.out
40|1|20|0.01|9010,40,40-900-90,0.01,$\theta=0.01$,Str1+VI0,True,55.57,4392.0,0.0,0.0687965959082316,t2-pmed40-r1-R20-theta0.01-bbnc-i-e-facility-mixture-lh9010-low0.001to0.01-high0.1to0.5-seed1-coloc-tl3600.out
40|1|20|0.01|1090,40,40-900-90,0.01,$\theta=0.01$,Str1+VI1,False,3600.01,83519.0,0.114396405968406,0.212483665374185,t2-pmed40-r1-R20-theta0.01-bbnc-i-e-l-facility-mixture-lh1090-low0.001to0.01-high0.1to0.5-seed1-coloc-tl3600.out
40|1|20|0.01|5050,40,40-900-90,0.01,$\theta=0.01$,Str1+VI1,False,3600.0,80369.0,0.0789110667989333,0.208599760419779,t2-pmed40-r1-R20-theta0.01-bbnc-i-e-l-facility-mixture-lh5050-low0.001to0.01-high0.1to0.5-seed1-coloc-tl3600.out
40|1|20|0.01|9010,40,40-900-90,0.01,$\theta=0.01$,Str1+VI1,True,139.47,5723.0,0.0,0.0529280735689819,t2-pmed40-r1-R20-theta0.01-bbnc-i-e-l-facility-mixture-lh9010-low0.001to0.01-high0.1to0.5-seed1-coloc-tl3600.out
40|1|20|0.1|1090,40,40-900-90,0.1,$\theta=0.1$,Str0+VI0,False,3600.01,93599.0,0.203786994543303,0.482004315537238,t2-pmed40-r1-R20-theta0.1-bbnc-i-facility-mixture-lh1090-low0.001to0.01-high0.1to0.5-seed1-coloc-tl3600.out
40|1|20|0.1|5050,40,40-900-90,0.1,$\theta=0.1$,Str0+VI0,False,3600.0,136732.0,0.217974343007315,0.424554176854723,t2-pmed40-r1-R20-theta0.1-bbnc-i-facility-mixture-lh5050-low0.001to0.01-high0.1to0.5-seed1-coloc-tl3600.out
40|1|20|0.1|9010,40,40-900-90,0.1,$\theta=0.1$,Str0+VI0,True,281.48,32048.0,0.0,0.132456690549848,t2-pmed40-r1-R20-theta0.1-bbnc-i-facility-mixture-lh9010-low0.001to0.01-high0.1to0.5-seed1-coloc-tl3600.out
40|1|20|0.1|1090,40,40-900-90,0.1,$\theta=0.1$,Str0+VI1,False,3600.0,71458.0,0.182390361432562,0.35542120534515,t2-pmed40-r1-R20-theta0.1-bbnc-i-l-facility-mixture-lh1090-low0.001to0.01-high0.1to0.5-seed1-coloc-tl3600.out
40|1|20|0.1|5050,40,40-900-90,0.1,$\theta=0.1$,Str0+VI1,False,3600.0,126964.0,0.209095202331563,0.341900995901838,t2-pmed40-r1-R20-theta0.1-bbnc-i-l-facility-mixture-lh5050-low0.001to0.01-high0.1to0.5-seed1-coloc-tl3600.out
40|1|20|0.1|9010,40,40-900-90,0.1,$\theta=0.1$,Str0+VI1,True,317.11,22977.0,0.0,0.0821393650115508,t2-pmed40-r1-R20-theta0.1-bbnc-i-l-facility-mixture-lh9010-low0.001to0.01-high0.1to0.5-seed1-coloc-tl3600.out
40|1|20|0.1|1090,40,40-900-90,0.1,$\theta=0.1$,Str1+VI0,False,3600.0,94979.0,0.0801413893310606,0.244479839698382,t2-pmed40-r1-R20-theta0.1-bbnc-i-e-facility-mixture-lh1090-low0.001to0.01-high0.1to0.5-seed1-coloc-tl3600.out
40|1|20|0.1|5050,40,40-900-90,0.1,$\theta=0.1$,Str1+VI0,False,3600.0,107134.0,0.090994653364798,0.243552054288789,t2-pmed40-r1-R20-theta0.1-bbnc-i-e-facility-mixture-lh5050-low0.001to0.01-high0.1to0.5-seed1-coloc-tl3600.out
40|1|20|0.1|9010,40,40-900-90,0.1,$\theta=0.1$,Str1+VI0,True,381.99,45691.0,0.0,0.111025040487048,t2-pmed40-r1-R20-theta0.1-bbnc-i-e-facility-mixture-lh9010-low0.001to0.01-high0.1to0.5-seed1-coloc-tl3600.out
40|1|20|0.1|1090,40,40-900-90,0.1,$\theta=0.1$,Str1+VI1,False,3600.0,67949.0,0.0669796930879882,0.174672843479807,t2-pmed40-r1-R20-theta0.1-bbnc-i-e-l-facility-mixture-lh1090-low0.001to0.01-high0.1to0.5-seed1-coloc-tl3600.out
40|1|20|0.1|5050,40,40-900-90,0.1,$\theta=0.1$,Str1+VI1,False,3600.01,89376.0,0.0798072778912776,0.182501575180402,t2-pmed40-r1-R20-theta0.1-bbnc-i-e-l-facility-mixture-lh5050-low0.001to0.01-high0.1to0.5-seed1-coloc-tl3600.out
40|1|20|0.1|9010,40,40-900-90,0.1,$\theta=0.1$,Str1+VI1,True,376.66,33810.0,0.0,0.0713814068938529,t2-pmed40-r1-R20-theta0.1-bbnc-i-e-l-facility-mixture-lh9010-low0.001to0.01-high0.1to0.5-seed1-coloc-tl3600.out
40|1|20|0.2|1090,40,40-900-90,0.2,$\theta=0.2$,Str0+VI0,False,3600.0,110100.0,0.160167627001162,0.427756726172252,t2-pmed40-r1-R20-theta0.2-bbnc-i-facility-mixture-lh1090-low0.001to0.01-high0.1to0.5-seed1-coloc-tl3600.out
40|1|20|0.2|5050,40,40-900-90,0.2,$\theta=0.2$,Str0+VI0,False,3600.0,149744.0,0.147286636829721,0.385511921436522,t2-pmed40-r1-R20-theta0.2-bbnc-i-facility-mixture-lh5050-low0.001to0.01-high0.1to0.5-seed1-coloc-tl3600.out
40|1|20|0.2|9010,40,40-900-90,0.2,$\theta=0.2$,Str0+VI0,True,299.38,34544.0,0.0,0.140012428420617,t2-pmed40-r1-R20-theta0.2-bbnc-i-facility-mixture-lh9010-low0.001to0.01-high0.1to0.5-seed1-coloc-tl3600.out
40|1|20|0.2|1090,40,40-900-90,0.2,$\theta=0.2$,Str0+VI1,False,3600.01,108681.0,0.1024897857319,0.243029486670575,t2-pmed40-r1-R20-theta0.2-bbnc-i-l-facility-mixture-lh1090-low0.001to0.01-high0.1to0.5-seed1-coloc-tl3600.out
40|1|20|0.2|5050,40,40-900-90,0.2,$\theta=0.2$,Str0+VI1,False,3600.01,118409.0,0.152349886672615,0.246918921951072,t2-pmed40-r1-R20-theta0.2-bbnc-i-l-facility-mixture-lh5050-low0.001to0.01-high0.1to0.5-seed1-coloc-tl3600.out
40|1|20|0.2|9010,40,40-900-90,0.2,$\theta=0.2$,Str0+VI1,True,236.07,12676.0,0.0,0.0757525241791615,t2-pmed40-r1-R20-theta0.2-bbnc-i-l-facility-mixture-lh9010-low0.001to0.01-high0.1to0.5-seed1-coloc-tl3600.out
40|1|20|0.2|1090,40,40-900-90,0.2,$\theta=0.2$,Str1+VI0,False,3600.01,94687.0,0.0559335939294279,0.231475609940767,t2-pmed40-r1-R20-theta0.2-bbnc-i-e-facility-mixture-lh1090-low0.001to0.01-high0.1to0.5-seed1-coloc-tl3600.out
40|1|20|0.2|5050,40,40-900-90,0.2,$\theta=0.2$,Str1+VI0,False,3600.0,120636.0,0.0519773988348087,0.242472263687162,t2-pmed40-r1-R20-theta0.2-bbnc-i-e-facility-mixture-lh5050-low0.001to0.01-high0.1to0.5-seed1-coloc-tl3600.out
40|1|20|0.2|9010,40,40-900-90,0.2,$\theta=0.2$,Str1+VI0,True,355.52,36141.0,0.0,0.114252563548802,t2-pmed40-r1-R20-theta0.2-bbnc-i-e-facility-mixture-lh9010-low0.001to0.01-high0.1to0.5-seed1-coloc-tl3600.out
40|1|20|0.2|1090,40,40-900-90,0.2,$\theta=0.2$,Str1+VI1,False,3600.0,73911.0,0.0402176623151975,0.133855336928245,t2-pmed40-r1-R20-theta0.2-bbnc-i-e-l-facility-mixture-lh1090-low0.001to0.01-high0.1to0.5-seed1-coloc-tl3600.out
40|1|20|0.2|5050,40,40-900-90,0.2,$\theta=0.2$,Str1+VI1,False,3600.01,78405.0,0.0373440839944326,0.126861747258948,t2-pmed40-r1-R20-theta0.2-bbnc-i-e-l-facility-mixture-lh5050-low0.001to0.01-high0.1to0.5-seed1-coloc-tl3600.out
40|1|20|0.2|9010,40,40-900-90,0.2,$\theta=0.2$,Str1+VI1,True,382.11,33084.0,0.0,0.0646881615778559,t2-pmed40-r1-R20-theta0.2-bbnc-i-e-l-facility-mixture-lh9010-low0.001to0.01-high0.1to0.5-seed1-coloc-tl3600.out
40|2|20|0.01|1090,40,40-900-90,0.01,$\theta=0.01$,Str0+VI0,False,3600.0,75993.0,0.246024562105792,0.46958834643098,t2-pmed40-r2-R20-theta0.01-bbnc-i-facility-mixture-lh1090-low0.001to0.01-high0.1to0.5-seed1-coloc-tl3600.out
40|2|20|0.01|5050,40,40-900-90,0.01,$\theta=0.01$,Str0+VI0,False,3600.0,103115.0,0.282294046794105,0.454550089447195,t2-pmed40-r2-R20-theta0.01-bbnc-i-facility-mixture-lh5050-low0.001to0.01-high0.1to0.5-seed1-coloc-tl3600.out
40|2|20|0.01|9010,40,40-900-90,0.01,$\theta=0.01$,Str0+VI0,True,97.98,8578.0,0.0,0.106311853627203,t2-pmed40-r2-R20-theta0.01-bbnc-i-facility-mixture-lh9010-low0.001to0.01-high0.1to0.5-seed1-coloc-tl3600.out
40|2|20|0.01|1090,40,40-900-90,0.01,$\theta=0.01$,Str0+VI1,False,3600.0,70997.0,0.25938007396018,0.454004028357299,t2-pmed40-r2-R20-theta0.01-bbnc-i-l-facility-mixture-lh1090-low0.001to0.01-high0.1to0.5-seed1-coloc-tl3600.out
40|2|20|0.01|5050,40,40-900-90,0.01,$\theta=0.01$,Str0+VI1,False,3600.01,108443.0,0.240832461412807,0.389266706068738,t2-pmed40-r2-R20-theta0.01-bbnc-i-l-facility-mixture-lh5050-low0.001to0.01-high0.1to0.5-seed1-coloc-tl3600.out
40|2|20|0.01|9010,40,40-900-90,0.01,$\theta=0.01$,Str0+VI1,True,120.86,1780.0,0.0,0.0902983780434508,t2-pmed40-r2-R20-theta0.01-bbnc-i-l-facility-mixture-lh9010-low0.001to0.01-high0.1to0.5-seed1-coloc-tl3600.out
40|2|20|0.01|1090,40,40-900-90,0.01,$\theta=0.01$,Str1+VI0,False,3600.0,95854.0,0.103445210382261,0.226832896678838,t2-pmed40-r2-R20-theta0.01-bbnc-i-e-facility-mixture-lh1090-low0.001to0.01-high0.1to0.5-seed1-coloc-tl3600.out
40|2|20|0.01|5050,40,40-900-90,0.01,$\theta=0.01$,Str1+VI0,False,3600.0,92714.0,0.0689669017010501,0.236951031273153,t2-pmed40-r2-R20-theta0.01-bbnc-i-e-facility-mixture-lh5050-low0.001to0.01-high0.1to0.5-seed1-coloc-tl3600.out
40|2|20|0.01|9010,40,40-900-90,0.01,$\theta=0.01$,Str1+VI0,True,96.26,8419.0,0.0,0.0902606984539261,t2-pmed40-r2-R20-theta0.01-bbnc-i-e-facility-mixture-lh9010-low0.001to0.01-high0.1to0.5-seed1-coloc-tl3600.out
40|2|20|0.01|1090,40,40-900-90,0.01,$\theta=0.01$,Str1+VI1,False,3600.01,67073.0,0.0991666125284313,0.210239554033265,t2-pmed40-r2-R20-theta0.01-bbnc-i-e-l-facility-mixture-lh1090-low0.001to0.01-high0.1to0.5-seed1-coloc-tl3600.out
40|2|20|0.01|5050,40,40-900-90,0.01,$\theta=0.01$,Str1+VI1,False,3600.01,96507.0,0.0950370952515906,0.210706702037235,t2-pmed40-r2-R20-theta0.01-bbnc-i-e-l-facility-mixture-lh5050-low0.001to0.01-high0.1to0.5-seed1-coloc-tl3600.out
40|2|20|0.01|9010,40,40-900-90,0.01,$\theta=0.01$,Str1+VI1,True,147.29,6795.0,0.0,0.0708027484430515,t2-pmed40-r2-R20-theta0.01-bbnc-i-e-l-facility-mixture-lh9010-low0.001to0.01-high0.1to0.5-seed1-coloc-tl3600.out
40|2|20|0.1|1090,40,40-900-90,0.1,$\theta=0.1$,Str0+VI0,False,3600.01,100954.0,0.171633931605132,0.447711521497667,t2-pmed40-r2-R20-theta0.1-bbnc-i-facility-mixture-lh1090-low0.001to0.01-high0.1to0.5-seed1-coloc-tl3600.out
40|2|20|0.1|5050,40,40-900-90,0.1,$\theta=0.1$,Str0+VI0,False,3600.0,149934.0,0.132825596354896,0.360201381496113,t2-pmed40-r2-R20-theta0.1-bbnc-i-facility-mixture-lh5050-low0.001to0.01-high0.1to0.5-seed1-coloc-tl3600.out
40|2|20|0.1|9010,40,40-900-90,0.1,$\theta=0.1$,Str0+VI0,True,495.95,61730.0,0.0,0.156342916025251,t2-pmed40-r2-R20-theta0.1-bbnc-i-facility-mixture-lh9010-low0.001to0.01-high0.1to0.5-seed1-coloc-tl3600.out
40|2|20|0.1|1090,40,40-900-90,0.1,$\theta=0.1$,Str0+VI1,False,3600.01,100356.0,0.176077192694891,0.350348109415738,t2-pmed40-r2-R20-theta0.1-bbnc-i-l-facility-mixture-lh1090-low0.001to0.01-high0.1to0.5-seed1-coloc-tl3600.out
40|2|20|0.1|5050,40,40-900-90,0.1,$\theta=0.1$,Str0+VI1,False,3600.01,119845.0,0.161243000996691,0.29040874760028,t2-pmed40-r2-R20-theta0.1-bbnc-i-l-facility-mixture-lh5050-low0.001to0.01-high0.1to0.5-seed1-coloc-tl3600.out
40|2|20|0.1|9010,40,40-900-90,0.1,$\theta=0.1$,Str0+VI1,True,418.5,32941.0,0.0,0.0925530786888241,t2-pmed40-r2-R20-theta0.1-bbnc-i-l-facility-mixture-lh9010-low0.001to0.01-high0.1to0.5-seed1-coloc-tl3600.out
40|2|20|0.1|1090,40,40-900-90,0.1,$\theta=0.1$,Str1+VI0,False,3600.0,94639.0,0.0695528646820509,0.240411076438935,t2-pmed40-r2-R20-theta0.1-bbnc-i-e-facility-mixture-lh1090-low0.001to0.01-high0.1to0.5-seed1-coloc-tl3600.out
40|2|20|0.1|5050,40,40-900-90,0.1,$\theta=0.1$,Str1+VI0,False,3600.0,127125.0,0.0762060568937151,0.261007856196336,t2-pmed40-r2-R20-theta0.1-bbnc-i-e-facility-mixture-lh5050-low0.001to0.01-high0.1to0.5-seed1-coloc-tl3600.out
40|2|20|0.1|9010,40,40-900-90,0.1,$\theta=0.1$,Str1+VI0,True,441.99,51452.0,0.0,0.12275461731383,t2-pmed40-r2-R20-theta0.1-bbnc-i-e-facility-mixture-lh9010-low0.001to0.01-high0.1to0.5-seed1-coloc-tl3600.out
40|2|20|0.1|1090,40,40-900-90,0.1,$\theta=0.1$,Str1+VI1,False,3600.0,92592.0,0.0637293024386628,0.161189322758277,t2-pmed40-r2-R20-theta0.1-bbnc-i-e-l-facility-mixture-lh1090-low0.001to0.01-high0.1to0.5-seed1-coloc-tl3600.out
40|2|20|0.1|5050,40,40-900-90,0.1,$\theta=0.1$,Str1+VI1,False,3600.0,76042.0,0.0711416715546587,0.169605871684685,t2-pmed40-r2-R20-theta0.1-bbnc-i-e-l-facility-mixture-lh5050-low0.001to0.01-high0.1to0.5-seed1-coloc-tl3600.out
40|2|20|0.1|9010,40,40-900-90,0.1,$\theta=0.1$,Str1+VI1,True,436.66,33880.0,0.0,0.0871706079057953,t2-pmed40-r2-R20-theta0.1-bbnc-i-e-l-facility-mixture-lh9010-low0.001to0.01-high0.1to0.5-seed1-coloc-tl3600.out
40|2|20|0.2|1090,40,40-900-90,0.2,$\theta=0.2$,Str0+VI0,False,3600.0,141788.0,0.0882363837781381,0.345591303560212,t2-pmed40-r2-R20-theta0.2-bbnc-i-facility-mixture-lh1090-low0.001to0.01-high0.1to0.5-seed1-coloc-tl3600.out
40|2|20|0.2|5050,40,40-900-90,0.2,$\theta=0.2$,Str0+VI0,False,3600.0,130562.0,0.102500903790333,0.338823688521237,t2-pmed40-r2-R20-theta0.2-bbnc-i-facility-mixture-lh5050-low0.001to0.01-high0.1to0.5-seed1-coloc-tl3600.out
40|2|20|0.2|9010,40,40-900-90,0.2,$\theta=0.2$,Str0+VI0,True,170.06,16316.0,0.0,0.160761244648583,t2-pmed40-r2-R20-theta0.2-bbnc-i-facility-mixture-lh9010-low0.001to0.01-high0.1to0.5-seed1-coloc-tl3600.out
40|2|20|0.2|1090,40,40-900-90,0.2,$\theta=0.2$,Str0+VI1,False,3600.0,161798.0,0.0315615584856106,0.14481950610491,t2-pmed40-r2-R20-theta0.2-bbnc-i-l-facility-mixture-lh1090-low0.001to0.01-high0.1to0.5-seed1-coloc-tl3600.out
40|2|20|0.2|5050,40,40-900-90,0.2,$\theta=0.2$,Str0+VI1,False,3600.0,150872.0,0.0576930503772995,0.158354951631201,t2-pmed40-r2-R20-theta0.2-bbnc-i-l-facility-mixture-lh5050-low0.001to0.01-high0.1to0.5-seed1-coloc-tl3600.out
40|2|20|0.2|9010,40,40-900-90,0.2,$\theta=0.2$,Str0+VI1,True,271.85,21494.0,0.0,0.0775963237169198,t2-pmed40-r2-R20-theta0.2-bbnc-i-l-facility-mixture-lh9010-low0.001to0.01-high0.1to0.5-seed1-coloc-tl3600.out
40|2|20|0.2|1090,40,40-900-90,0.2,$\theta=0.2$,Str1+VI0,False,3600.0,130182.0,0.0252655703164895,0.212839481969779,t2-pmed40-r2-R20-theta0.2-bbnc-i-e-facility-mixture-lh1090-low0.001to0.01-high0.1to0.5-seed1-coloc-tl3600.out
40|2|20|0.2|5050,40,40-900-90,0.2,$\theta=0.2$,Str1+VI0,False,3600.01,141976.0,0.0519201777190089,0.22952696884544,t2-pmed40-r2-R20-theta0.2-bbnc-i-e-facility-mixture-lh5050-low0.001to0.01-high0.1to0.5-seed1-coloc-tl3600.out
40|2|20|0.2|9010,40,40-900-90,0.2,$\theta=0.2$,Str1+VI0,True,219.19,25755.0,0.0,0.138606531934286,t2-pmed40-r2-R20-theta0.2-bbnc-i-e-facility-mixture-lh9010-low0.001to0.01-high0.1to0.5-seed1-coloc-tl3600.out
40|2|20|0.2|1090,40,40-900-90,0.2,$\theta=0.2$,Str1+VI1,False,3600.0,129553.0,0.0192223775148412,0.0950686516079995,t2-pmed40-r2-R20-theta0.2-bbnc-i-e-l-facility-mixture-lh1090-low0.001to0.01-high0.1to0.5-seed1-coloc-tl3600.out
40|2|20|0.2|5050,40,40-900-90,0.2,$\theta=0.2$,Str1+VI1,False,3600.0,105635.0,0.0347656614815873,0.124436026914922,t2-pmed40-r2-R20-theta0.2-bbnc-i-e-l-facility-mixture-lh5050-low0.001to0.01-high0.1to0.5-seed1-coloc-tl3600.out
40|2|20|0.2|9010,40,40-900-90,0.2,$\theta=0.2$,Str1+VI1,True,199.44,12891.0,0.0,0.0591867889053772,t2-pmed40-r2-R20-theta0.2-bbnc-i-e-l-facility-mixture-lh9010-low0.001to0.01-high0.1to0.5-seed1-coloc-tl3600.out
5|1|20|0.01|1090,5,5-100-33,0.01,$\theta=0.01$,Str0+VI0,True,6.21,1115.0,0.0,1.80126064170985,t2-pmed5-r1-R20-theta0.01-bbnc-i-facility-mixture-lh1090-low0.001to0.01-high0.1to0.5-seed1-coloc-tl3600.out
5|1|20|0.01|5050,5,5-100-33,0.01,$\theta=0.01$,Str0+VI0,True,0.59,940.0,0.0,0.773167618498436,t2-pmed5-r1-R20-theta0.01-bbnc-i-facility-mixture-lh5050-low0.001to0.01-high0.1to0.5-seed1-coloc-tl3600.out
5|1|20|0.01|9010,5,5-100-33,0.01,$\theta=0.01$,Str0+VI0,True,0.48,507.0,0.0,0.17952572651355,t2-pmed5-r1-R20-theta0.01-bbnc-i-facility-mixture-lh9010-low0.001to0.01-high0.1to0.5-seed1-coloc-tl3600.out
5|1|20|0.01|1090,5,5-100-33,0.01,$\theta=0.01$,Str0+VI1,True,0.97,1011.0,0.0,0.581916836741782,t2-pmed5-r1-R20-theta0.01-bbnc-i-l-facility-mixture-lh1090-low0.001to0.01-high0.1to0.5-seed1-coloc-tl3600.out
5|1|20|0.01|5050,5,5-100-33,0.01,$\theta=0.01$,Str0+VI1,True,0.05,7.0,0.0,0.0516254342933001,t2-pmed5-r1-R20-theta0.01-bbnc-i-l-facility-mixture-lh5050-low0.001to0.01-high0.1to0.5-seed1-coloc-tl3600.out
5|1|20|0.01|9010,5,5-100-33,0.01,$\theta=0.01$,Str0+VI1,True,0.81,978.0,0.0,0.0213984598603022,t2-pmed5-r1-R20-theta0.01-bbnc-i-l-facility-mixture-lh9010-low0.001to0.01-high0.1to0.5-seed1-coloc-tl3600.out
5|1|20|0.01|1090,5,5-100-33,0.01,$\theta=0.01$,Str1+VI0,True,1.11,1138.0,0.0,1.66523190283464,t2-pmed5-r1-R20-theta0.01-bbnc-i-e-facility-mixture-lh1090-low0.001to0.01-high0.1to0.5-seed1-coloc-tl3600.out
5|1|20|0.01|5050,5,5-100-33,0.01,$\theta=0.01$,Str1+VI0,True,0.96,1456.0,0.0,0.63495162676097,t2-pmed5-r1-R20-theta0.01-bbnc-i-e-facility-mixture-lh5050-low0.001to0.01-high0.1to0.5-seed1-coloc-tl3600.out
5|1|20|0.01|9010,5,5-100-33,0.01,$\theta=0.01$,Str1+VI0,True,0.52,502.0,0.0,0.149658405598378,t2-pmed5-r1-R20-theta0.01-bbnc-i-e-facility-mixture-lh9010-low0.001to0.01-high0.1to0.5-seed1-coloc-tl3600.out
5|1|20|0.01|1090,5,5-100-33,0.01,$\theta=0.01$,Str1+VI1,True,0.1,41.0,0.0,0.468893414263909,t2-pmed5-r1-R20-theta0.01-bbnc-i-e-l-facility-mixture-lh1090-low0.001to0.01-high0.1to0.5-seed1-coloc-tl3600.out
5|1|20|0.01|5050,5,5-100-33,0.01,$\theta=0.01$,Str1+VI1,True,0.05,13.0,0.0,0.0663070130969695,t2-pmed5-r1-R20-theta0.01-bbnc-i-e-l-facility-mixture-lh5050-low0.001to0.01-high0.1to0.5-seed1-coloc-tl3600.out
5|1|20|0.01|9010,5,5-100-33,0.01,$\theta=0.01$,Str1+VI1,True,1.2,984.0,0.0,0.023800194320717,t2-pmed5-r1-R20-theta0.01-bbnc-i-e-l-facility-mixture-lh9010-low0.001to0.01-high0.1to0.5-seed1-coloc-tl3600.out
5|1|20|0.1|1090,5,5-100-33,0.1,$\theta=0.1$,Str0+VI0,True,1.04,1246.0,0.0,1.24898071575512,t2-pmed5-r1-R20-theta0.1-bbnc-i-facility-mixture-lh1090-low0.001to0.01-high0.1to0.5-seed1-coloc-tl3600.out
5|1|20|0.1|5050,5,5-100-33,0.1,$\theta=0.1$,Str0+VI0,True,0.12,109.0,0.0,0.432254754841352,t2-pmed5-r1-R20-theta0.1-bbnc-i-facility-mixture-lh5050-low0.001to0.01-high0.1to0.5-seed1-coloc-tl3600.out
5|1|20|0.1|9010,5,5-100-33,0.1,$\theta=0.1$,Str0+VI0,True,0.53,507.0,0.0,0.148858570771862,t2-pmed5-r1-R20-theta0.1-bbnc-i-facility-mixture-lh9010-low0.001to0.01-high0.1to0.5-seed1-coloc-tl3600.out
5|1|20|0.1|1090,5,5-100-33,0.1,$\theta=0.1$,Str0+VI1,True,0.21,201.0,0.0,0.400244809112207,t2-pmed5-r1-R20-theta0.1-bbnc-i-l-facility-mixture-lh1090-low0.001to0.01-high0.1to0.5-seed1-coloc-tl3600.out
5|1|20|0.1|5050,5,5-100-33,0.1,$\theta=0.1$,Str0+VI1,True,0.04,4.0,0.0,0.0,t2-pmed5-r1-R20-theta0.1-bbnc-i-l-facility-mixture-lh5050-low0.001to0.01-high0.1to0.5-seed1-coloc-tl3600.out
5|1|20|0.1|9010,5,5-100-33,0.1,$\theta=0.1$,Str0+VI1,True,1.31,1956.0,0.0,0.0205045050620002,t2-pmed5-r1-R20-theta0.1-bbnc-i-l-facility-mixture-lh9010-low0.001to0.01-high0.1to0.5-seed1-coloc-tl3600.out
5|1|20|0.1|1090,5,5-100-33,0.1,$\theta=0.1$,Str1+VI0,True,1.15,1511.0,0.0,1.34867309642323,t2-pmed5-r1-R20-theta0.1-bbnc-i-e-facility-mixture-lh1090-low0.001to0.01-high0.1to0.5-seed1-coloc-tl3600.out
5|1|20|0.1|5050,5,5-100-33,0.1,$\theta=0.1$,Str1+VI0,True,0.85,1424.0,0.0,0.586234762979319,t2-pmed5-r1-R20-theta0.1-bbnc-i-e-facility-mixture-lh5050-low0.001to0.01-high0.1to0.5-seed1-coloc-tl3600.out
5|1|20|0.1|9010,5,5-100-33,0.1,$\theta=0.1$,Str1+VI0,True,0.52,495.0,0.0,0.173009542775203,t2-pmed5-r1-R20-theta0.1-bbnc-i-e-facility-mixture-lh9010-low0.001to0.01-high0.1to0.5-seed1-coloc-tl3600.out
5|1|20|0.1|1090,5,5-100-33,0.1,$\theta=0.1$,Str1+VI1,True,0.14,40.0,0.0,0.392450312091421,t2-pmed5-r1-R20-theta0.1-bbnc-i-e-l-facility-mixture-lh1090-low0.001to0.01-high0.1to0.5-seed1-coloc-tl3600.out
5|1|20|0.1|5050,5,5-100-33,0.1,$\theta=0.1$,Str1+VI1,True,0.04,3.0,0.0,0.0,t2-pmed5-r1-R20-theta0.1-bbnc-i-e-l-facility-mixture-lh5050-low0.001to0.01-high0.1to0.5-seed1-coloc-tl3600.out
5|1|20|0.1|9010,5,5-100-33,0.1,$\theta=0.1$,Str1+VI1,True,5.99,10761.0,0.0,0.0155465665215381,t2-pmed5-r1-R20-theta0.1-bbnc-i-e-l-facility-mixture-lh9010-low0.001to0.01-high0.1to0.5-seed1-coloc-tl3600.out
5|1|20|0.2|1090,5,5-100-33,0.2,$\theta=0.2$,Str0+VI0,True,0.43,492.0,0.0,0.662189122728771,t2-pmed5-r1-R20-theta0.2-bbnc-i-facility-mixture-lh1090-low0.001to0.01-high0.1to0.5-seed1-coloc-tl3600.out
5|1|20|0.2|5050,5,5-100-33,0.2,$\theta=0.2$,Str0+VI0,True,0.07,53.0,0.0,0.172712766092113,t2-pmed5-r1-R20-theta0.2-bbnc-i-facility-mixture-lh5050-low0.001to0.01-high0.1to0.5-seed1-coloc-tl3600.out
5|1|20|0.2|9010,5,5-100-33,0.2,$\theta=0.2$,Str0+VI0,True,0.5,506.0,0.0,0.118413712018686,t2-pmed5-r1-R20-theta0.2-bbnc-i-facility-mixture-lh9010-low0.001to0.01-high0.1to0.5-seed1-coloc-tl3600.out
5|1|20|0.2|1090,5,5-100-33,0.2,$\theta=0.2$,Str0+VI1,True,0.09,15.0,0.0,0.279679405519492,t2-pmed5-r1-R20-theta0.2-bbnc-i-l-facility-mixture-lh1090-low0.001to0.01-high0.1to0.5-seed1-coloc-tl3600.out
5|1|20|0.2|5050,5,5-100-33,0.2,$\theta=0.2$,Str0+VI1,True,0.07,4.0,0.0,0.0,t2-pmed5-r1-R20-theta0.2-bbnc-i-l-facility-mixture-lh5050-low0.001to0.01-high0.1to0.5-seed1-coloc-tl3600.out
5|1|20|0.2|9010,5,5-100-33,0.2,$\theta=0.2$,Str0+VI1,True,0.84,986.0,0.0,0.0202132059734582,t2-pmed5-r1-R20-theta0.2-bbnc-i-l-facility-mixture-lh9010-low0.001to0.01-high0.1to0.5-seed1-coloc-tl3600.out
5|1|20|0.2|1090,5,5-100-33,0.2,$\theta=0.2$,Str1+VI0,True,1.0,1483.0,0.0,0.778564867515778,t2-pmed5-r1-R20-theta0.2-bbnc-i-e-facility-mixture-lh1090-low0.001to0.01-high0.1to0.5-seed1-coloc-tl3600.out
5|1|20|0.2|5050,5,5-100-33,0.2,$\theta=0.2$,Str1+VI0,True,0.04,9.0,0.0,0.0792729634983638,t2-pmed5-r1-R20-theta0.2-bbnc-i-e-facility-mixture-lh5050-low0.001to0.01-high0.1to0.5-seed1-coloc-tl3600.out
5|1|20|0.2|9010,5,5-100-33,0.2,$\theta=0.2$,Str1+VI0,True,0.5,504.0,0.0,0.113562752129761,t2-pmed5-r1-R20-theta0.2-bbnc-i-e-facility-mixture-lh9010-low0.001to0.01-high0.1to0.5-seed1-coloc-tl3600.out
5|1|20|0.2|1090,5,5-100-33,0.2,$\theta=0.2$,Str1+VI1,True,0.08,23.0,0.0,0.16032427060818,t2-pmed5-r1-R20-theta0.2-bbnc-i-e-l-facility-mixture-lh1090-low0.001to0.01-high0.1to0.5-seed1-coloc-tl3600.out
5|1|20|0.2|5050,5,5-100-33,0.2,$\theta=0.2$,Str1+VI1,True,0.79,973.0,0.0,0.0139692484295355,t2-pmed5-r1-R20-theta0.2-bbnc-i-e-l-facility-mixture-lh5050-low0.001to0.01-high0.1to0.5-seed1-coloc-tl3600.out
5|1|20|0.2|9010,5,5-100-33,0.2,$\theta=0.2$,Str1+VI1,False,3600.0,7493698.0,0.00077793471221778,0.015998738121807,t2-pmed5-r1-R20-theta0.2-bbnc-i-e-l-facility-mixture-lh9010-low0.001to0.01-high0.1to0.5-seed1-coloc-tl3600.out
5|2|20|0.01|1090,5,5-100-33,0.01,$\theta=0.01$,Str0+VI0,True,1.61,2715.0,0.0,1.74414274633611,t2-pmed5-r2-R20-theta0.01-bbnc-i-facility-mixture-lh1090-low0.001to0.01-high0.1to0.5-seed1-coloc-tl3600.out
5|2|20|0.01|5050,5,5-100-33,0.01,$\theta=0.01$,Str0+VI0,True,0.35,448.0,0.0,0.891166100369452,t2-pmed5-r2-R20-theta0.01-bbnc-i-facility-mixture-lh5050-low0.001to0.01-high0.1to0.5-seed1-coloc-tl3600.out
5|2|20|0.01|9010,5,5-100-33,0.01,$\theta=0.01$,Str0+VI0,True,0.5,487.0,0.0,0.25205104874204,t2-pmed5-r2-R20-theta0.01-bbnc-i-facility-mixture-lh9010-low0.001to0.01-high0.1to0.5-seed1-coloc-tl3600.out
5|2|20|0.01|1090,5,5-100-33,0.01,$\theta=0.01$,Str0+VI1,True,0.09,23.0,0.0,0.39490538502974,t2-pmed5-r2-R20-theta0.01-bbnc-i-l-facility-mixture-lh1090-low0.001to0.01-high0.1to0.5-seed1-coloc-tl3600.out
5|2|20|0.01|5050,5,5-100-33,0.01,$\theta=0.01$,Str0+VI1,True,0.03,0.0,0.0,0.0,t2-pmed5-r2-R20-theta0.01-bbnc-i-l-facility-mixture-lh5050-low0.001to0.01-high0.1to0.5-seed1-coloc-tl3600.out
5|2|20|0.01|9010,5,5-100-33,0.01,$\theta=0.01$,Str0+VI1,True,0.05,12.0,0.0,0.0121932654089134,t2-pmed5-r2-R20-theta0.01-bbnc-i-l-facility-mixture-lh9010-low0.001to0.01-high0.1to0.5-seed1-coloc-tl3600.out
5|2|20|0.01|1090,5,5-100-33,0.01,$\theta=0.01$,Str1+VI0,True,1.34,2303.0,0.0,1.623885022913,t2-pmed5-r2-R20-theta0.01-bbnc-i-e-facility-mixture-lh1090-low0.001to0.01-high0.1to0.5-seed1-coloc-tl3600.out
5|2|20|0.01|5050,5,5-100-33,0.01,$\theta=0.01$,Str1+VI0,True,1.28,2028.0,0.0,0.826179966515751,t2-pmed5-r2-R20-theta0.01-bbnc-i-e-facility-mixture-lh5050-low0.001to0.01-high0.1to0.5-seed1-coloc-tl3600.out
5|2|20|0.01|9010,5,5-100-33,0.01,$\theta=0.01$,Str1+VI0,True,0.85,961.0,0.0,0.523719178979873,t2-pmed5-r2-R20-theta0.01-bbnc-i-e-facility-mixture-lh9010-low0.001to0.01-high0.1to0.5-seed1-coloc-tl3600.out
5|2|20|0.01|1090,5,5-100-33,0.01,$\theta=0.01$,Str1+VI1,True,0.08,14.0,0.0,0.306611948478132,t2-pmed5-r2-R20-theta0.01-bbnc-i-e-l-facility-mixture-lh1090-low0.001to0.01-high0.1to0.5-seed1-coloc-tl3600.out
5|2|20|0.01|5050,5,5-100-33,0.01,$\theta=0.01$,Str1+VI1,True,0.03,0.0,0.0,0.0,t2-pmed5-r2-R20-theta0.01-bbnc-i-e-l-facility-mixture-lh5050-low0.001to0.01-high0.1to0.5-seed1-coloc-tl3600.out
5|2|20|0.01|9010,5,5-100-33,0.01,$\theta=0.01$,Str1+VI1,True,0.05,12.0,0.0,0.0135860039816905,t2-pmed5-r2-R20-theta0.01-bbnc-i-e-l-facility-mixture-lh9010-low0.001to0.01-high0.1to0.5-seed1-coloc-tl3600.out
5|2|20|0.1|1090,5,5-100-33,0.1,$\theta=0.1$,Str0+VI0,True,1.38,1962.0,0.0,1.17343521918198,t2-pmed5-r2-R20-theta0.1-bbnc-i-facility-mixture-lh1090-low0.001to0.01-high0.1to0.5-seed1-coloc-tl3600.out
5|2|20|0.1|5050,5,5-100-33,0.1,$\theta=0.1$,Str0+VI0,True,0.67,694.0,0.0,0.424606450317855,t2-pmed5-r2-R20-theta0.1-bbnc-i-facility-mixture-lh5050-low0.001to0.01-high0.1to0.5-seed1-coloc-tl3600.out
5|2|20|0.1|9010,5,5-100-33,0.1,$\theta=0.1$,Str0+VI0,True,0.51,476.0,0.0,0.141310381725628,t2-pmed5-r2-R20-theta0.1-bbnc-i-facility-mixture-lh9010-low0.001to0.01-high0.1to0.5-seed1-coloc-tl3600.out
5|2|20|0.1|1090,5,5-100-33,0.1,$\theta=0.1$,Str0+VI1,True,0.08,19.0,0.0,0.29697022207736,t2-pmed5-r2-R20-theta0.1-bbnc-i-l-facility-mixture-lh1090-low0.001to0.01-high0.1to0.5-seed1-coloc-tl3600.out
5|2|20|0.1|5050,5,5-100-33,0.1,$\theta=0.1$,Str0+VI1,True,0.02,0.0,0.0,0.0,t2-pmed5-r2-R20-theta0.1-bbnc-i-l-facility-mixture-lh5050-low0.001to0.01-high0.1to0.5-seed1-coloc-tl3600.out
5|2|20|0.1|9010,5,5-100-33,0.1,$\theta=0.1$,Str0+VI1,True,0.05,16.0,0.0,0.0111771203060217,t2-pmed5-r2-R20-theta0.1-bbnc-i-l-facility-mixture-lh9010-low0.001to0.01-high0.1to0.5-seed1-coloc-tl3600.out
5|2|20|0.1|1090,5,5-100-33,0.1,$\theta=0.1$,Str1+VI0,True,0.58,487.0,0.0,1.34481445010675,t2-pmed5-r2-R20-theta0.1-bbnc-i-e-facility-mixture-lh1090-low0.001to0.01-high0.1to0.5-seed1-coloc-tl3600.out
5|2|20|0.1|5050,5,5-100-33,0.1,$\theta=0.1$,Str1+VI0,True,0.77,1014.0,0.0,0.396872952886177,t2-pmed5-r2-R20-theta0.1-bbnc-i-e-facility-mixture-lh5050-low0.001to0.01-high0.1to0.5-seed1-coloc-tl3600.out
5|2|20|0.1|9010,5,5-100-33,0.1,$\theta=0.1$,Str1+VI0,True,0.5,489.0,0.0,0.105093640928873,t2-pmed5-r2-R20-theta0.1-bbnc-i-e-facility-mixture-lh9010-low0.001to0.01-high0.1to0.5-seed1-coloc-tl3600.out
5|2|20|0.1|1090,5,5-100-33,0.1,$\theta=0.1$,Str1+VI1,True,0.09,23.0,0.0,0.229279097827738,t2-pmed5-r2-R20-theta0.1-bbnc-i-e-l-facility-mixture-lh1090-low0.001to0.01-high0.1to0.5-seed1-coloc-tl3600.out
5|2|20|0.1|5050,5,5-100-33,0.1,$\theta=0.1$,Str1+VI1,True,0.03,0.0,0.0,0.0,t2-pmed5-r2-R20-theta0.1-bbnc-i-e-l-facility-mixture-lh5050-low0.001to0.01-high0.1to0.5-seed1-coloc-tl3600.out
5|2|20|0.1|9010,5,5-100-33,0.1,$\theta=0.1$,Str1+VI1,True,0.05,14.0,0.0,0.0174463066955653,t2-pmed5-r2-R20-theta0.1-bbnc-i-e-l-facility-mixture-lh9010-low0.001to0.01-high0.1to0.5-seed1-coloc-tl3600.out
5|2|20|0.2|1090,5,5-100-33,0.2,$\theta=0.2$,Str0+VI0,True,0.87,1013.0,0.0,0.777105411323055,t2-pmed5-r2-R20-theta0.2-bbnc-i-facility-mixture-lh1090-low0.001to0.01-high0.1to0.5-seed1-coloc-tl3600.out
5|2|20|0.2|5050,5,5-100-33,0.2,$\theta=0.2$,Str0+VI0,True,0.05,21.0,0.0,0.127610266513482,t2-pmed5-r2-R20-theta0.2-bbnc-i-facility-mixture-lh5050-low0.001to0.01-high0.1to0.5-seed1-coloc-tl3600.out
5|2|20|0.2|9010,5,5-100-33,0.2,$\theta=0.2$,Str0+VI0,True,0.5,487.0,0.0,0.118870505835838,t2-pmed5-r2-R20-theta0.2-bbnc-i-facility-mixture-lh9010-low0.001to0.01-high0.1to0.5-seed1-coloc-tl3600.out
5|2|20|0.2|1090,5,5-100-33,0.2,$\theta=0.2$,Str0+VI1,True,0.12,77.0,0.0,0.167094527820204,t2-pmed5-r2-R20-theta0.2-bbnc-i-l-facility-mixture-lh1090-low0.001to0.01-high0.1to0.5-seed1-coloc-tl3600.out
5|2|20|0.2|5050,5,5-100-33,0.2,$\theta=0.2$,Str0+VI1,True,0.02,0.0,0.0,0.0,t2-pmed5-r2-R20-theta0.2-bbnc-i-l-facility-mixture-lh5050-low0.001to0.01-high0.1to0.5-seed1-coloc-tl3600.out
5|2|20|0.2|9010,5,5-100-33,0.2,$\theta=0.2$,Str0+VI1,True,0.07,15.0,0.0,0.0138577423994373,t2-pmed5-r2-R20-theta0.2-bbnc-i-l-facility-mixture-lh9010-low0.001to0.01-high0.1to0.5-seed1-coloc-tl3600.out
5|2|20|0.2|1090,5,5-100-33,0.2,$\theta=0.2$,Str1+VI0,True,0.81,1006.0,0.0,0.616123978502507,t2-pmed5-r2-R20-theta0.2-bbnc-i-e-facility-mixture-lh1090-low0.001to0.01-high0.1to0.5-seed1-coloc-tl3600.out
5|2|20|0.2|5050,5,5-100-33,0.2,$\theta=0.2$,Str1+VI0,True,0.51,1014.0,0.0,0.129939205309745,t2-pmed5-r2-R20-theta0.2-bbnc-i-e-facility-mixture-lh5050-low0.001to0.01-high0.1to0.5-seed1-coloc-tl3600.out
5|2|20|0.2|9010,5,5-100-33,0.2,$\theta=0.2$,Str1+VI0,True,0.49,485.0,0.0,0.114905844366664,t2-pmed5-r2-R20-theta0.2-bbnc-i-e-facility-mixture-lh9010-low0.001to0.01-high0.1to0.5-seed1-coloc-tl3600.out
5|2|20|0.2|1090,5,5-100-33,0.2,$\theta=0.2$,Str1+VI1,True,0.08,16.0,0.0,0.0801440269469778,t2-pmed5-r2-R20-theta0.2-bbnc-i-e-l-facility-mixture-lh1090-low0.001to0.01-high0.1to0.5-seed1-coloc-tl3600.out
5|2|20|0.2|5050,5,5-100-33,0.2,$\theta=0.2$,Str1+VI1,True,0.02,0.0,0.0,0.0,t2-pmed5-r2-R20-theta0.2-bbnc-i-e-l-facility-mixture-lh5050-low0.001to0.01-high0.1to0.5-seed1-coloc-tl3600.out
5|2|20|0.2|9010,5,5-100-33,0.2,$\theta=0.2$,Str1+VI1,True,0.05,11.0,0.0,0.0136843968011577,t2-pmed5-r2-R20-theta0.2-bbnc-i-e-l-facility-mixture-lh9010-low0.001to0.01-high0.1to0.5-seed1-coloc-tl3600.out
6|1|20|0.01|1090,6,6-200-5,0.01,$\theta=0.01$,Str0+VI0,True,0.04,0.0,0.0,0.0,t2-pmed6-r1-R20-theta0.01-bbnc-i-facility-mixture-lh1090-low0.001to0.01-high0.1to0.5-seed1-coloc-tl3600.out
6|1|20|0.01|5050,6,6-200-5,0.01,$\theta=0.01$,Str0+VI0,True,0.05,0.0,0.0,0.0,t2-pmed6-r1-R20-theta0.01-bbnc-i-facility-mixture-lh5050-low0.001to0.01-high0.1to0.5-seed1-coloc-tl3600.out
6|1|20|0.01|9010,6,6-200-5,0.01,$\theta=0.01$,Str0+VI0,True,0.07,9.0,0.0,0.254358797565118,t2-pmed6-r1-R20-theta0.01-bbnc-i-facility-mixture-lh9010-low0.001to0.01-high0.1to0.5-seed1-coloc-tl3600.out
6|1|20|0.01|1090,6,6-200-5,0.01,$\theta=0.01$,Str0+VI1,True,0.03,0.0,0.0,0.0,t2-pmed6-r1-R20-theta0.01-bbnc-i-l-facility-mixture-lh1090-low0.001to0.01-high0.1to0.5-seed1-coloc-tl3600.out
6|1|20|0.01|5050,6,6-200-5,0.01,$\theta=0.01$,Str0+VI1,True,0.03,0.0,0.0,0.0,t2-pmed6-r1-R20-theta0.01-bbnc-i-l-facility-mixture-lh5050-low0.001to0.01-high0.1to0.5-seed1-coloc-tl3600.out
6|1|20|0.01|9010,6,6-200-5,0.01,$\theta=0.01$,Str0+VI1,True,0.05,0.0,0.0,0.0,t2-pmed6-r1-R20-theta0.01-bbnc-i-l-facility-mixture-lh9010-low0.001to0.01-high0.1to0.5-seed1-coloc-tl3600.out
6|1|20|0.01|1090,6,6-200-5,0.01,$\theta=0.01$,Str1+VI0,True,0.03,0.0,0.0,0.0,t2-pmed6-r1-R20-theta0.01-bbnc-i-e-facility-mixture-lh1090-low0.001to0.01-high0.1to0.5-seed1-coloc-tl3600.out
6|1|20|0.01|5050,6,6-200-5,0.01,$\theta=0.01$,Str1+VI0,True,0.03,0.0,0.0,0.0,t2-pmed6-r1-R20-theta0.01-bbnc-i-e-facility-mixture-lh5050-low0.001to0.01-high0.1to0.5-seed1-coloc-tl3600.out
6|1|20|0.01|9010,6,6-200-5,0.01,$\theta=0.01$,Str1+VI0,True,0.09,3.0,0.0,0.0,t2-pmed6-r1-R20-theta0.01-bbnc-i-e-facility-mixture-lh9010-low0.001to0.01-high0.1to0.5-seed1-coloc-tl3600.out
6|1|20|0.01|1090,6,6-200-5,0.01,$\theta=0.01$,Str1+VI1,True,0.03,0.0,0.0,0.0,t2-pmed6-r1-R20-theta0.01-bbnc-i-e-l-facility-mixture-lh1090-low0.001to0.01-high0.1to0.5-seed1-coloc-tl3600.out
6|1|20|0.01|5050,6,6-200-5,0.01,$\theta=0.01$,Str1+VI1,True,0.04,0.0,0.0,0.0,t2-pmed6-r1-R20-theta0.01-bbnc-i-e-l-facility-mixture-lh5050-low0.001to0.01-high0.1to0.5-seed1-coloc-tl3600.out
6|1|20|0.01|9010,6,6-200-5,0.01,$\theta=0.01$,Str1+VI1,True,0.05,0.0,0.0,0.0,t2-pmed6-r1-R20-theta0.01-bbnc-i-e-l-facility-mixture-lh9010-low0.001to0.01-high0.1to0.5-seed1-coloc-tl3600.out
6|1|20|0.1|1090,6,6-200-5,0.1,$\theta=0.1$,Str0+VI0,True,0.05,0.0,0.0,0.0,t2-pmed6-r1-R20-theta0.1-bbnc-i-facility-mixture-lh1090-low0.001to0.01-high0.1to0.5-seed1-coloc-tl3600.out
6|1|20|0.1|5050,6,6-200-5,0.1,$\theta=0.1$,Str0+VI0,True,0.04,0.0,0.0,0.0,t2-pmed6-r1-R20-theta0.1-bbnc-i-facility-mixture-lh5050-low0.001to0.01-high0.1to0.5-seed1-coloc-tl3600.out
6|1|20|0.1|9010,6,6-200-5,0.1,$\theta=0.1$,Str0+VI0,True,0.05,0.0,0.0,0.0,t2-pmed6-r1-R20-theta0.1-bbnc-i-facility-mixture-lh9010-low0.001to0.01-high0.1to0.5-seed1-coloc-tl3600.out
6|1|20|0.1|1090,6,6-200-5,0.1,$\theta=0.1$,Str0+VI1,True,0.03,0.0,0.0,0.0,t2-pmed6-r1-R20-theta0.1-bbnc-i-l-facility-mixture-lh1090-low0.001to0.01-high0.1to0.5-seed1-coloc-tl3600.out
6|1|20|0.1|5050,6,6-200-5,0.1,$\theta=0.1$,Str0+VI1,True,0.03,0.0,0.0,0.0,t2-pmed6-r1-R20-theta0.1-bbnc-i-l-facility-mixture-lh5050-low0.001to0.01-high0.1to0.5-seed1-coloc-tl3600.out
6|1|20|0.1|9010,6,6-200-5,0.1,$\theta=0.1$,Str0+VI1,True,0.03,0.0,0.0,0.0,t2-pmed6-r1-R20-theta0.1-bbnc-i-l-facility-mixture-lh9010-low0.001to0.01-high0.1to0.5-seed1-coloc-tl3600.out
6|1|20|0.1|1090,6,6-200-5,0.1,$\theta=0.1$,Str1+VI0,True,0.03,0.0,0.0,0.0,t2-pmed6-r1-R20-theta0.1-bbnc-i-e-facility-mixture-lh1090-low0.001to0.01-high0.1to0.5-seed1-coloc-tl3600.out
6|1|20|0.1|5050,6,6-200-5,0.1,$\theta=0.1$,Str1+VI0,True,0.04,0.0,0.0,0.0,t2-pmed6-r1-R20-theta0.1-bbnc-i-e-facility-mixture-lh5050-low0.001to0.01-high0.1to0.5-seed1-coloc-tl3600.out
6|1|20|0.1|9010,6,6-200-5,0.1,$\theta=0.1$,Str1+VI0,True,0.05,0.0,0.0,0.0,t2-pmed6-r1-R20-theta0.1-bbnc-i-e-facility-mixture-lh9010-low0.001to0.01-high0.1to0.5-seed1-coloc-tl3600.out
6|1|20|0.1|1090,6,6-200-5,0.1,$\theta=0.1$,Str1+VI1,True,0.04,0.0,0.0,0.0,t2-pmed6-r1-R20-theta0.1-bbnc-i-e-l-facility-mixture-lh1090-low0.001to0.01-high0.1to0.5-seed1-coloc-tl3600.out
6|1|20|0.1|5050,6,6-200-5,0.1,$\theta=0.1$,Str1+VI1,True,0.03,0.0,0.0,0.0,t2-pmed6-r1-R20-theta0.1-bbnc-i-e-l-facility-mixture-lh5050-low0.001to0.01-high0.1to0.5-seed1-coloc-tl3600.out
6|1|20|0.1|9010,6,6-200-5,0.1,$\theta=0.1$,Str1+VI1,True,0.05,0.0,0.0,0.0,t2-pmed6-r1-R20-theta0.1-bbnc-i-e-l-facility-mixture-lh9010-low0.001to0.01-high0.1to0.5-seed1-coloc-tl3600.out
6|1|20|0.2|1090,6,6-200-5,0.2,$\theta=0.2$,Str0+VI0,True,0.04,0.0,0.0,0.0,t2-pmed6-r1-R20-theta0.2-bbnc-i-facility-mixture-lh1090-low0.001to0.01-high0.1to0.5-seed1-coloc-tl3600.out
6|1|20|0.2|5050,6,6-200-5,0.2,$\theta=0.2$,Str0+VI0,True,0.03,0.0,0.0,0.0,t2-pmed6-r1-R20-theta0.2-bbnc-i-facility-mixture-lh5050-low0.001to0.01-high0.1to0.5-seed1-coloc-tl3600.out
6|1|20|0.2|9010,6,6-200-5,0.2,$\theta=0.2$,Str0+VI0,True,0.05,0.0,0.0,0.0,t2-pmed6-r1-R20-theta0.2-bbnc-i-facility-mixture-lh9010-low0.001to0.01-high0.1to0.5-seed1-coloc-tl3600.out
6|1|20|0.2|1090,6,6-200-5,0.2,$\theta=0.2$,Str0+VI1,True,0.03,0.0,0.0,0.0,t2-pmed6-r1-R20-theta0.2-bbnc-i-l-facility-mixture-lh1090-low0.001to0.01-high0.1to0.5-seed1-coloc-tl3600.out
6|1|20|0.2|5050,6,6-200-5,0.2,$\theta=0.2$,Str0+VI1,True,0.04,0.0,0.0,0.0,t2-pmed6-r1-R20-theta0.2-bbnc-i-l-facility-mixture-lh5050-low0.001to0.01-high0.1to0.5-seed1-coloc-tl3600.out
6|1|20|0.2|9010,6,6-200-5,0.2,$\theta=0.2$,Str0+VI1,True,0.03,0.0,0.0,0.0,t2-pmed6-r1-R20-theta0.2-bbnc-i-l-facility-mixture-lh9010-low0.001to0.01-high0.1to0.5-seed1-coloc-tl3600.out
6|1|20|0.2|1090,6,6-200-5,0.2,$\theta=0.2$,Str1+VI0,True,0.02,0.0,0.0,0.0,t2-pmed6-r1-R20-theta0.2-bbnc-i-e-facility-mixture-lh1090-low0.001to0.01-high0.1to0.5-seed1-coloc-tl3600.out
6|1|20|0.2|5050,6,6-200-5,0.2,$\theta=0.2$,Str1+VI0,True,0.02,0.0,0.0,0.0,t2-pmed6-r1-R20-theta0.2-bbnc-i-e-facility-mixture-lh5050-low0.001to0.01-high0.1to0.5-seed1-coloc-tl3600.out
6|1|20|0.2|9010,6,6-200-5,0.2,$\theta=0.2$,Str1+VI0,True,0.04,0.0,0.0,0.0,t2-pmed6-r1-R20-theta0.2-bbnc-i-e-facility-mixture-lh9010-low0.001to0.01-high0.1to0.5-seed1-coloc-tl3600.out
6|1|20|0.2|1090,6,6-200-5,0.2,$\theta=0.2$,Str1+VI1,True,0.03,0.0,0.0,0.0,t2-pmed6-r1-R20-theta0.2-bbnc-i-e-l-facility-mixture-lh1090-low0.001to0.01-high0.1to0.5-seed1-coloc-tl3600.out
6|1|20|0.2|5050,6,6-200-5,0.2,$\theta=0.2$,Str1+VI1,True,0.02,0.0,0.0,0.0,t2-pmed6-r1-R20-theta0.2-bbnc-i-e-l-facility-mixture-lh5050-low0.001to0.01-high0.1to0.5-seed1-coloc-tl3600.out
6|1|20|0.2|9010,6,6-200-5,0.2,$\theta=0.2$,Str1+VI1,True,0.03,0.0,0.0,0.0,t2-pmed6-r1-R20-theta0.2-bbnc-i-e-l-facility-mixture-lh9010-low0.001to0.01-high0.1to0.5-seed1-coloc-tl3600.out
6|2|20|0.01|1090,6,6-200-5,0.01,$\theta=0.01$,Str0+VI0,True,0.05,0.0,0.0,0.0,t2-pmed6-r2-R20-theta0.01-bbnc-i-facility-mixture-lh1090-low0.001to0.01-high0.1to0.5-seed1-coloc-tl3600.out
6|2|20|0.01|5050,6,6-200-5,0.01,$\theta=0.01$,Str0+VI0,True,0.04,0.0,0.0,0.0,t2-pmed6-r2-R20-theta0.01-bbnc-i-facility-mixture-lh5050-low0.001to0.01-high0.1to0.5-seed1-coloc-tl3600.out
6|2|20|0.01|9010,6,6-200-5,0.01,$\theta=0.01$,Str0+VI0,True,0.02,0.0,0.0,0.0,t2-pmed6-r2-R20-theta0.01-bbnc-i-facility-mixture-lh9010-low0.001to0.01-high0.1to0.5-seed1-coloc-tl3600.out
6|2|20|0.01|1090,6,6-200-5,0.01,$\theta=0.01$,Str0+VI1,True,0.04,0.0,0.0,0.0,t2-pmed6-r2-R20-theta0.01-bbnc-i-l-facility-mixture-lh1090-low0.001to0.01-high0.1to0.5-seed1-coloc-tl3600.out
6|2|20|0.01|5050,6,6-200-5,0.01,$\theta=0.01$,Str0+VI1,True,0.05,0.0,0.0,0.0,t2-pmed6-r2-R20-theta0.01-bbnc-i-l-facility-mixture-lh5050-low0.001to0.01-high0.1to0.5-seed1-coloc-tl3600.out
6|2|20|0.01|9010,6,6-200-5,0.01,$\theta=0.01$,Str0+VI1,True,0.03,0.0,0.0,0.0,t2-pmed6-r2-R20-theta0.01-bbnc-i-l-facility-mixture-lh9010-low0.001to0.01-high0.1to0.5-seed1-coloc-tl3600.out
6|2|20|0.01|1090,6,6-200-5,0.01,$\theta=0.01$,Str1+VI0,True,0.03,0.0,0.0,0.0,t2-pmed6-r2-R20-theta0.01-bbnc-i-e-facility-mixture-lh1090-low0.001to0.01-high0.1to0.5-seed1-coloc-tl3600.out
6|2|20|0.01|5050,6,6-200-5,0.01,$\theta=0.01$,Str1+VI0,True,0.05,0.0,0.0,0.0,t2-pmed6-r2-R20-theta0.01-bbnc-i-e-facility-mixture-lh5050-low0.001to0.01-high0.1to0.5-seed1-coloc-tl3600.out
6|2|20|0.01|9010,6,6-200-5,0.01,$\theta=0.01$,Str1+VI0,True,0.03,0.0,0.0,0.0,t2-pmed6-r2-R20-theta0.01-bbnc-i-e-facility-mixture-lh9010-low0.001to0.01-high0.1to0.5-seed1-coloc-tl3600.out
6|2|20|0.01|1090,6,6-200-5,0.01,$\theta=0.01$,Str1+VI1,True,0.03,0.0,0.0,0.0,t2-pmed6-r2-R20-theta0.01-bbnc-i-e-l-facility-mixture-lh1090-low0.001to0.01-high0.1to0.5-seed1-coloc-tl3600.out
6|2|20|0.01|5050,6,6-200-5,0.01,$\theta=0.01$,Str1+VI1,True,0.03,0.0,0.0,0.0,t2-pmed6-r2-R20-theta0.01-bbnc-i-e-l-facility-mixture-lh5050-low0.001to0.01-high0.1to0.5-seed1-coloc-tl3600.out
6|2|20|0.01|9010,6,6-200-5,0.01,$\theta=0.01$,Str1+VI1,True,0.03,0.0,0.0,0.0,t2-pmed6-r2-R20-theta0.01-bbnc-i-e-l-facility-mixture-lh9010-low0.001to0.01-high0.1to0.5-seed1-coloc-tl3600.out
6|2|20|0.1|1090,6,6-200-5,0.1,$\theta=0.1$,Str0+VI0,True,0.06,0.0,0.0,0.0,t2-pmed6-r2-R20-theta0.1-bbnc-i-facility-mixture-lh1090-low0.001to0.01-high0.1to0.5-seed1-coloc-tl3600.out
6|2|20|0.1|5050,6,6-200-5,0.1,$\theta=0.1$,Str0+VI0,True,0.04,0.0,0.0,0.0,t2-pmed6-r2-R20-theta0.1-bbnc-i-facility-mixture-lh5050-low0.001to0.01-high0.1to0.5-seed1-coloc-tl3600.out
6|2|20|0.1|9010,6,6-200-5,0.1,$\theta=0.1$,Str0+VI0,True,0.02,0.0,0.0,0.0,t2-pmed6-r2-R20-theta0.1-bbnc-i-facility-mixture-lh9010-low0.001to0.01-high0.1to0.5-seed1-coloc-tl3600.out
6|2|20|0.1|1090,6,6-200-5,0.1,$\theta=0.1$,Str0+VI1,True,0.05,0.0,0.0,0.0,t2-pmed6-r2-R20-theta0.1-bbnc-i-l-facility-mixture-lh1090-low0.001to0.01-high0.1to0.5-seed1-coloc-tl3600.out
6|2|20|0.1|5050,6,6-200-5,0.1,$\theta=0.1$,Str0+VI1,True,0.04,0.0,0.0,0.0,t2-pmed6-r2-R20-theta0.1-bbnc-i-l-facility-mixture-lh5050-low0.001to0.01-high0.1to0.5-seed1-coloc-tl3600.out
6|2|20|0.1|9010,6,6-200-5,0.1,$\theta=0.1$,Str0+VI1,True,0.02,0.0,0.0,0.0,t2-pmed6-r2-R20-theta0.1-bbnc-i-l-facility-mixture-lh9010-low0.001to0.01-high0.1to0.5-seed1-coloc-tl3600.out
6|2|20|0.1|1090,6,6-200-5,0.1,$\theta=0.1$,Str1+VI0,True,0.03,0.0,0.0,0.0,t2-pmed6-r2-R20-theta0.1-bbnc-i-e-facility-mixture-lh1090-low0.001to0.01-high0.1to0.5-seed1-coloc-tl3600.out
6|2|20|0.1|5050,6,6-200-5,0.1,$\theta=0.1$,Str1+VI0,True,0.03,0.0,0.0,0.0,t2-pmed6-r2-R20-theta0.1-bbnc-i-e-facility-mixture-lh5050-low0.001to0.01-high0.1to0.5-seed1-coloc-tl3600.out
6|2|20|0.1|9010,6,6-200-5,0.1,$\theta=0.1$,Str1+VI0,True,0.02,0.0,0.0,0.0,t2-pmed6-r2-R20-theta0.1-bbnc-i-e-facility-mixture-lh9010-low0.001to0.01-high0.1to0.5-seed1-coloc-tl3600.out
6|2|20|0.1|1090,6,6-200-5,0.1,$\theta=0.1$,Str1+VI1,True,0.04,0.0,0.0,0.0,t2-pmed6-r2-R20-theta0.1-bbnc-i-e-l-facility-mixture-lh1090-low0.001to0.01-high0.1to0.5-seed1-coloc-tl3600.out
6|2|20|0.1|5050,6,6-200-5,0.1,$\theta=0.1$,Str1+VI1,True,0.03,0.0,0.0,0.0,t2-pmed6-r2-R20-theta0.1-bbnc-i-e-l-facility-mixture-lh5050-low0.001to0.01-high0.1to0.5-seed1-coloc-tl3600.out
6|2|20|0.1|9010,6,6-200-5,0.1,$\theta=0.1$,Str1+VI1,True,0.03,0.0,0.0,0.0,t2-pmed6-r2-R20-theta0.1-bbnc-i-e-l-facility-mixture-lh9010-low0.001to0.01-high0.1to0.5-seed1-coloc-tl3600.out
6|2|20|0.2|1090,6,6-200-5,0.2,$\theta=0.2$,Str0+VI0,True,0.04,0.0,0.0,0.0,t2-pmed6-r2-R20-theta0.2-bbnc-i-facility-mixture-lh1090-low0.001to0.01-high0.1to0.5-seed1-coloc-tl3600.out
6|2|20|0.2|5050,6,6-200-5,0.2,$\theta=0.2$,Str0+VI0,True,0.05,0.0,0.0,0.0,t2-pmed6-r2-R20-theta0.2-bbnc-i-facility-mixture-lh5050-low0.001to0.01-high0.1to0.5-seed1-coloc-tl3600.out
6|2|20|0.2|9010,6,6-200-5,0.2,$\theta=0.2$,Str0+VI0,True,0.02,0.0,0.0,0.0,t2-pmed6-r2-R20-theta0.2-bbnc-i-facility-mixture-lh9010-low0.001to0.01-high0.1to0.5-seed1-coloc-tl3600.out
6|2|20|0.2|1090,6,6-200-5,0.2,$\theta=0.2$,Str0+VI1,True,0.03,0.0,0.0,0.0,t2-pmed6-r2-R20-theta0.2-bbnc-i-l-facility-mixture-lh1090-low0.001to0.01-high0.1to0.5-seed1-coloc-tl3600.out
6|2|20|0.2|5050,6,6-200-5,0.2,$\theta=0.2$,Str0+VI1,True,0.03,0.0,0.0,0.0,t2-pmed6-r2-R20-theta0.2-bbnc-i-l-facility-mixture-lh5050-low0.001to0.01-high0.1to0.5-seed1-coloc-tl3600.out
6|2|20|0.2|9010,6,6-200-5,0.2,$\theta=0.2$,Str0+VI1,True,0.02,0.0,0.0,0.0,t2-pmed6-r2-R20-theta0.2-bbnc-i-l-facility-mixture-lh9010-low0.001to0.01-high0.1to0.5-seed1-coloc-tl3600.out
6|2|20|0.2|1090,6,6-200-5,0.2,$\theta=0.2$,Str1+VI0,True,0.06,0.0,0.0,0.0,t2-pmed6-r2-R20-theta0.2-bbnc-i-e-facility-mixture-lh1090-low0.001to0.01-high0.1to0.5-seed1-coloc-tl3600.out
6|2|20|0.2|5050,6,6-200-5,0.2,$\theta=0.2$,Str1+VI0,True,0.03,0.0,0.0,0.0,t2-pmed6-r2-R20-theta0.2-bbnc-i-e-facility-mixture-lh5050-low0.001to0.01-high0.1to0.5-seed1-coloc-tl3600.out
6|2|20|0.2|9010,6,6-200-5,0.2,$\theta=0.2$,Str1+VI0,True,0.02,0.0,0.0,0.0,t2-pmed6-r2-R20-theta0.2-bbnc-i-e-facility-mixture-lh9010-low0.001to0.01-high0.1to0.5-seed1-coloc-tl3600.out
6|2|20|0.2|1090,6,6-200-5,0.2,$\theta=0.2$,Str1+VI1,True,0.03,0.0,0.0,0.0,t2-pmed6-r2-R20-theta0.2-bbnc-i-e-l-facility-mixture-lh1090-low0.001to0.01-high0.1to0.5-seed1-coloc-tl3600.out
6|2|20|0.2|5050,6,6-200-5,0.2,$\theta=0.2$,Str1+VI1,True,0.03,0.0,0.0,0.0,t2-pmed6-r2-R20-theta0.2-bbnc-i-e-l-facility-mixture-lh5050-low0.001to0.01-high0.1to0.5-seed1-coloc-tl3600.out
6|2|20|0.2|9010,6,6-200-5,0.2,$\theta=0.2$,Str1+VI1,True,0.02,0.0,0.0,0.0,t2-pmed6-r2-R20-theta0.2-bbnc-i-e-l-facility-mixture-lh9010-low0.001to0.01-high0.1to0.5-seed1-coloc-tl3600.out
7|1|20|0.01|1090,7,7-200-10,0.01,$\theta=0.01$,Str0+VI0,True,0.52,209.0,0.0,2.05108610512386,t2-pmed7-r1-R20-theta0.01-bbnc-i-facility-mixture-lh1090-low0.001to0.01-high0.1to0.5-seed1-coloc-tl3600.out
7|1|20|0.01|5050,7,7-200-10,0.01,$\theta=0.01$,Str0+VI0,True,0.14,17.0,0.0,0.465574016218573,t2-pmed7-r1-R20-theta0.01-bbnc-i-facility-mixture-lh5050-low0.001to0.01-high0.1to0.5-seed1-coloc-tl3600.out
7|1|20|0.01|9010,7,7-200-10,0.01,$\theta=0.01$,Str0+VI0,True,0.07,4.0,0.0,0.167394039254622,t2-pmed7-r1-R20-theta0.01-bbnc-i-facility-mixture-lh9010-low0.001to0.01-high0.1to0.5-seed1-coloc-tl3600.out
7|1|20|0.01|1090,7,7-200-10,0.01,$\theta=0.01$,Str0+VI1,True,0.3,37.0,0.0,1.24018424513256,t2-pmed7-r1-R20-theta0.01-bbnc-i-l-facility-mixture-lh1090-low0.001to0.01-high0.1to0.5-seed1-coloc-tl3600.out
7|1|20|0.01|5050,7,7-200-10,0.01,$\theta=0.01$,Str0+VI1,True,0.13,14.0,0.0,0.176041497166206,t2-pmed7-r1-R20-theta0.01-bbnc-i-l-facility-mixture-lh5050-low0.001to0.01-high0.1to0.5-seed1-coloc-tl3600.out
7|1|20|0.01|9010,7,7-200-10,0.01,$\theta=0.01$,Str0+VI1,True,0.06,0.0,0.0,0.0,t2-pmed7-r1-R20-theta0.01-bbnc-i-l-facility-mixture-lh9010-low0.001to0.01-high0.1to0.5-seed1-coloc-tl3600.out
7|1|20|0.01|1090,7,7-200-10,0.01,$\theta=0.01$,Str1+VI0,True,0.27,78.0,0.0,1.9026498999649,t2-pmed7-r1-R20-theta0.01-bbnc-i-e-facility-mixture-lh1090-low0.001to0.01-high0.1to0.5-seed1-coloc-tl3600.out
7|1|20|0.01|5050,7,7-200-10,0.01,$\theta=0.01$,Str1+VI0,True,0.12,38.0,0.0,0.506323429428271,t2-pmed7-r1-R20-theta0.01-bbnc-i-e-facility-mixture-lh5050-low0.001to0.01-high0.1to0.5-seed1-coloc-tl3600.out
7|1|20|0.01|9010,7,7-200-10,0.01,$\theta=0.01$,Str1+VI0,True,0.07,0.0,0.0,0.0,t2-pmed7-r1-R20-theta0.01-bbnc-i-e-facility-mixture-lh9010-low0.001to0.01-high0.1to0.5-seed1-coloc-tl3600.out
7|1|20|0.01|1090,7,7-200-10,0.01,$\theta=0.01$,Str1+VI1,True,0.28,19.0,0.0,0.87989407202015,t2-pmed7-r1-R20-theta0.01-bbnc-i-e-l-facility-mixture-lh1090-low0.001to0.01-high0.1to0.5-seed1-coloc-tl3600.out
7|1|20|0.01|5050,7,7-200-10,0.01,$\theta=0.01$,Str1+VI1,True,0.11,8.0,0.0,0.125305075635523,t2-pmed7-r1-R20-theta0.01-bbnc-i-e-l-facility-mixture-lh5050-low0.001to0.01-high0.1to0.5-seed1-coloc-tl3600.out
7|1|20|0.01|9010,7,7-200-10,0.01,$\theta=0.01$,Str1+VI1,True,0.08,0.0,0.0,0.0,t2-pmed7-r1-R20-theta0.01-bbnc-i-e-l-facility-mixture-lh9010-low0.001to0.01-high0.1to0.5-seed1-coloc-tl3600.out
7|1|20|0.1|1090,7,7-200-10,0.1,$\theta=0.1$,Str0+VI0,True,0.27,74.0,0.0,1.81084168010148,t2-pmed7-r1-R20-theta0.1-bbnc-i-facility-mixture-lh1090-low0.001to0.01-high0.1to0.5-seed1-coloc-tl3600.out
7|1|20|0.1|5050,7,7-200-10,0.1,$\theta=0.1$,Str0+VI0,True,0.13,24.0,0.0,0.375714532092935,t2-pmed7-r1-R20-theta0.1-bbnc-i-facility-mixture-lh5050-low0.001to0.01-high0.1to0.5-seed1-coloc-tl3600.out
7|1|20|0.1|9010,7,7-200-10,0.1,$\theta=0.1$,Str0+VI0,True,0.05,0.0,0.0,0.0,t2-pmed7-r1-R20-theta0.1-bbnc-i-facility-mixture-lh9010-low0.001to0.01-high0.1to0.5-seed1-coloc-tl3600.out
7|1|20|0.1|1090,7,7-200-10,0.1,$\theta=0.1$,Str0+VI1,True,0.3,17.0,0.0,0.943345541676422,t2-pmed7-r1-R20-theta0.1-bbnc-i-l-facility-mixture-lh1090-low0.001to0.01-high0.1to0.5-seed1-coloc-tl3600.out
7|1|20|0.1|5050,7,7-200-10,0.1,$\theta=0.1$,Str0+VI1,True,0.08,0.0,0.0,0.0,t2-pmed7-r1-R20-theta0.1-bbnc-i-l-facility-mixture-lh5050-low0.001to0.01-high0.1to0.5-seed1-coloc-tl3600.out
7|1|20|0.1|9010,7,7-200-10,0.1,$\theta=0.1$,Str0+VI1,True,0.05,0.0,0.0,0.0,t2-pmed7-r1-R20-theta0.1-bbnc-i-l-facility-mixture-lh9010-low0.001to0.01-high0.1to0.5-seed1-coloc-tl3600.out
7|1|20|0.1|1090,7,7-200-10,0.1,$\theta=0.1$,Str1+VI0,True,0.23,48.0,0.0,1.49895548757768,t2-pmed7-r1-R20-theta0.1-bbnc-i-e-facility-mixture-lh1090-low0.001to0.01-high0.1to0.5-seed1-coloc-tl3600.out
7|1|20|0.1|5050,7,7-200-10,0.1,$\theta=0.1$,Str1+VI0,True,0.11,21.0,0.0,0.462953631050121,t2-pmed7-r1-R20-theta0.1-bbnc-i-e-facility-mixture-lh5050-low0.001to0.01-high0.1to0.5-seed1-coloc-tl3600.out
7|1|20|0.1|9010,7,7-200-10,0.1,$\theta=0.1$,Str1+VI0,True,0.06,0.0,0.0,0.0,t2-pmed7-r1-R20-theta0.1-bbnc-i-e-facility-mixture-lh9010-low0.001to0.01-high0.1to0.5-seed1-coloc-tl3600.out
7|1|20|0.1|1090,7,7-200-10,0.1,$\theta=0.1$,Str1+VI1,True,0.31,19.0,0.0,0.786952636138685,t2-pmed7-r1-R20-theta0.1-bbnc-i-e-l-facility-mixture-lh1090-low0.001to0.01-high0.1to0.5-seed1-coloc-tl3600.out
7|1|20|0.1|5050,7,7-200-10,0.1,$\theta=0.1$,Str1+VI1,True,0.11,5.0,0.0,0.0452831953591748,t2-pmed7-r1-R20-theta0.1-bbnc-i-e-l-facility-mixture-lh5050-low0.001to0.01-high0.1to0.5-seed1-coloc-tl3600.out
7|1|20|0.1|9010,7,7-200-10,0.1,$\theta=0.1$,Str1+VI1,True,0.06,0.0,0.0,0.0,t2-pmed7-r1-R20-theta0.1-bbnc-i-e-l-facility-mixture-lh9010-low0.001to0.01-high0.1to0.5-seed1-coloc-tl3600.out
7|1|20|0.2|1090,7,7-200-10,0.2,$\theta=0.2$,Str0+VI0,True,0.36,140.0,0.0,1.29366988390078,t2-pmed7-r1-R20-theta0.2-bbnc-i-facility-mixture-lh1090-low0.001to0.01-high0.1to0.5-seed1-coloc-tl3600.out
7|1|20|0.2|5050,7,7-200-10,0.2,$\theta=0.2$,Str0+VI0,True,0.08,1.0,0.0,0.0,t2-pmed7-r1-R20-theta0.2-bbnc-i-facility-mixture-lh5050-low0.001to0.01-high0.1to0.5-seed1-coloc-tl3600.out
7|1|20|0.2|9010,7,7-200-10,0.2,$\theta=0.2$,Str0+VI0,True,0.09,6.0,0.0,0.37848877610868,t2-pmed7-r1-R20-theta0.2-bbnc-i-facility-mixture-lh9010-low0.001to0.01-high0.1to0.5-seed1-coloc-tl3600.out
7|1|20|0.2|1090,7,7-200-10,0.2,$\theta=0.2$,Str0+VI1,True,0.28,28.0,0.0,0.677724147334796,t2-pmed7-r1-R20-theta0.2-bbnc-i-l-facility-mixture-lh1090-low0.001to0.01-high0.1to0.5-seed1-coloc-tl3600.out
7|1|20|0.2|5050,7,7-200-10,0.2,$\theta=0.2$,Str0+VI1,True,0.06,0.0,0.0,0.0,t2-pmed7-r1-R20-theta0.2-bbnc-i-l-facility-mixture-lh5050-low0.001to0.01-high0.1to0.5-seed1-coloc-tl3600.out
7|1|20|0.2|9010,7,7-200-10,0.2,$\theta=0.2$,Str0+VI1,True,0.06,0.0,0.0,0.0,t2-pmed7-r1-R20-theta0.2-bbnc-i-l-facility-mixture-lh9010-low0.001to0.01-high0.1to0.5-seed1-coloc-tl3600.out
7|1|20|0.2|1090,7,7-200-10,0.2,$\theta=0.2$,Str1+VI0,True,0.21,36.0,0.0,1.41520805206551,t2-pmed7-r1-R20-theta0.2-bbnc-i-e-facility-mixture-lh1090-low0.001to0.01-high0.1to0.5-seed1-coloc-tl3600.out
7|1|20|0.2|5050,7,7-200-10,0.2,$\theta=0.2$,Str1+VI0,True,0.08,4.0,0.0,0.000182222987497573,t2-pmed7-r1-R20-theta0.2-bbnc-i-e-facility-mixture-lh5050-low0.001to0.01-high0.1to0.5-seed1-coloc-tl3600.out
7|1|20|0.2|9010,7,7-200-10,0.2,$\theta=0.2$,Str1+VI0,True,0.08,19.0,0.0,0.785273104207888,t2-pmed7-r1-R20-theta0.2-bbnc-i-e-facility-mixture-lh9010-low0.001to0.01-high0.1to0.5-seed1-coloc-tl3600.out
7|1|20|0.2|1090,7,7-200-10,0.2,$\theta=0.2$,Str1+VI1,True,0.26,13.0,0.0,0.609082315098341,t2-pmed7-r1-R20-theta0.2-bbnc-i-e-l-facility-mixture-lh1090-low0.001to0.01-high0.1to0.5-seed1-coloc-tl3600.out
7|1|20|0.2|5050,7,7-200-10,0.2,$\theta=0.2$,Str1+VI1,True,0.06,0.0,0.0,0.0,t2-pmed7-r1-R20-theta0.2-bbnc-i-e-l-facility-mixture-lh5050-low0.001to0.01-high0.1to0.5-seed1-coloc-tl3600.out
7|1|20|0.2|9010,7,7-200-10,0.2,$\theta=0.2$,Str1+VI1,True,0.09,4.0,0.0,0.0379653093835577,t2-pmed7-r1-R20-theta0.2-bbnc-i-e-l-facility-mixture-lh9010-low0.001to0.01-high0.1to0.5-seed1-coloc-tl3600.out
7|2|20|0.01|1090,7,7-200-10,0.01,$\theta=0.01$,Str0+VI0,True,0.52,227.0,0.0,1.74343680901722,t2-pmed7-r2-R20-theta0.01-bbnc-i-facility-mixture-lh1090-low0.001to0.01-high0.1to0.5-seed1-coloc-tl3600.out
7|2|20|0.01|5050,7,7-200-10,0.01,$\theta=0.01$,Str0+VI0,True,0.12,15.0,0.0,0.471393507676511,t2-pmed7-r2-R20-theta0.01-bbnc-i-facility-mixture-lh5050-low0.001to0.01-high0.1to0.5-seed1-coloc-tl3600.out
7|2|20|0.01|9010,7,7-200-10,0.01,$\theta=0.01$,Str0+VI0,True,0.06,0.0,0.0,0.0,t2-pmed7-r2-R20-theta0.01-bbnc-i-facility-mixture-lh9010-low0.001to0.01-high0.1to0.5-seed1-coloc-tl3600.out
7|2|20|0.01|1090,7,7-200-10,0.01,$\theta=0.01$,Str0+VI1,True,0.25,31.0,0.0,1.35789474766084,t2-pmed7-r2-R20-theta0.01-bbnc-i-l-facility-mixture-lh1090-low0.001to0.01-high0.1to0.5-seed1-coloc-tl3600.out
7|2|20|0.01|5050,7,7-200-10,0.01,$\theta=0.01$,Str0+VI1,True,0.07,0.0,0.0,0.0,t2-pmed7-r2-R20-theta0.01-bbnc-i-l-facility-mixture-lh5050-low0.001to0.01-high0.1to0.5-seed1-coloc-tl3600.out
7|2|20|0.01|9010,7,7-200-10,0.01,$\theta=0.01$,Str0+VI1,True,0.06,0.0,0.0,0.0,t2-pmed7-r2-R20-theta0.01-bbnc-i-l-facility-mixture-lh9010-low0.001to0.01-high0.1to0.5-seed1-coloc-tl3600.out
7|2|20|0.01|1090,7,7-200-10,0.01,$\theta=0.01$,Str1+VI0,True,0.45,170.0,0.0,1.42579915106404,t2-pmed7-r2-R20-theta0.01-bbnc-i-e-facility-mixture-lh1090-low0.001to0.01-high0.1to0.5-seed1-coloc-tl3600.out
7|2|20|0.01|5050,7,7-200-10,0.01,$\theta=0.01$,Str1+VI0,True,0.13,31.0,0.0,0.668610914756566,t2-pmed7-r2-R20-theta0.01-bbnc-i-e-facility-mixture-lh5050-low0.001to0.01-high0.1to0.5-seed1-coloc-tl3600.out
7|2|20|0.01|9010,7,7-200-10,0.01,$\theta=0.01$,Str1+VI0,True,0.07,0.0,0.0,0.0,t2-pmed7-r2-R20-theta0.01-bbnc-i-e-facility-mixture-lh9010-low0.001to0.01-high0.1to0.5-seed1-coloc-tl3600.out
7|2|20|0.01|1090,7,7-200-10,0.01,$\theta=0.01$,Str1+VI1,True,0.29,36.0,0.0,1.08495815053748,t2-pmed7-r2-R20-theta0.01-bbnc-i-e-l-facility-mixture-lh1090-low0.001to0.01-high0.1to0.5-seed1-coloc-tl3600.out
7|2|20|0.01|5050,7,7-200-10,0.01,$\theta=0.01$,Str1+VI1,True,0.1,5.0,0.0,0.0123159475665092,t2-pmed7-r2-R20-theta0.01-bbnc-i-e-l-facility-mixture-lh5050-low0.001to0.01-high0.1to0.5-seed1-coloc-tl3600.out
7|2|20|0.01|9010,7,7-200-10,0.01,$\theta=0.01$,Str1+VI1,True,0.06,0.0,0.0,0.0,t2-pmed7-r2-R20-theta0.01-bbnc-i-e-l-facility-mixture-lh9010-low0.001to0.01-high0.1to0.5-seed1-coloc-tl3600.out
7|2|20|0.1|1090,7,7-200-10,0.1,$\theta=0.1$,Str0+VI0,True,0.38,175.0,0.0,1.65386375859578,t2-pmed7-r2-R20-theta0.1-bbnc-i-facility-mixture-lh1090-low0.001to0.01-high0.1to0.5-seed1-coloc-tl3600.out
7|2|20|0.1|5050,7,7-200-10,0.1,$\theta=0.1$,Str0+VI0,True,0.1,21.0,0.0,0.279205605363388,t2-pmed7-r2-R20-theta0.1-bbnc-i-facility-mixture-lh5050-low0.001to0.01-high0.1to0.5-seed1-coloc-tl3600.out
7|2|20|0.1|9010,7,7-200-10,0.1,$\theta=0.1$,Str0+VI0,True,0.07,8.0,0.0,0.0494539590539797,t2-pmed7-r2-R20-theta0.1-bbnc-i-facility-mixture-lh9010-low0.001to0.01-high0.1to0.5-seed1-coloc-tl3600.out
7|2|20|0.1|1090,7,7-200-10,0.1,$\theta=0.1$,Str0+VI1,True,0.3,55.0,0.0,1.10916095368263,t2-pmed7-r2-R20-theta0.1-bbnc-i-l-facility-mixture-lh1090-low0.001to0.01-high0.1to0.5-seed1-coloc-tl3600.out
7|2|20|0.1|5050,7,7-200-10,0.1,$\theta=0.1$,Str0+VI1,True,0.07,0.0,0.0,0.0,t2-pmed7-r2-R20-theta0.1-bbnc-i-l-facility-mixture-lh5050-low0.001to0.01-high0.1to0.5-seed1-coloc-tl3600.out
7|2|20|0.1|9010,7,7-200-10,0.1,$\theta=0.1$,Str0+VI1,True,0.03,0.0,0.0,0.0,t2-pmed7-r2-R20-theta0.1-bbnc-i-l-facility-mixture-lh9010-low0.001to0.01-high0.1to0.5-seed1-coloc-tl3600.out
7|2|20|0.1|1090,7,7-200-10,0.1,$\theta=0.1$,Str1+VI0,True,0.37,181.0,0.0,1.49245067349155,t2-pmed7-r2-R20-theta0.1-bbnc-i-e-facility-mixture-lh1090-low0.001to0.01-high0.1to0.5-seed1-coloc-tl3600.out
7|2|20|0.1|5050,7,7-200-10,0.1,$\theta=0.1$,Str1+VI0,True,0.09,11.0,0.0,0.210084413642091,t2-pmed7-r2-R20-theta0.1-bbnc-i-e-facility-mixture-lh5050-low0.001to0.01-high0.1to0.5-seed1-coloc-tl3600.out
7|2|20|0.1|9010,7,7-200-10,0.1,$\theta=0.1$,Str1+VI0,True,0.07,8.0,0.0,0.211793193340366,t2-pmed7-r2-R20-theta0.1-bbnc-i-e-facility-mixture-lh9010-low0.001to0.01-high0.1to0.5-seed1-coloc-tl3600.out
7|2|20|0.1|1090,7,7-200-10,0.1,$\theta=0.1$,Str1+VI1,True,0.27,30.0,0.0,1.1434593515714,t2-pmed7-r2-R20-theta0.1-bbnc-i-e-l-facility-mixture-lh1090-low0.001to0.01-high0.1to0.5-seed1-coloc-tl3600.out
7|2|20|0.1|5050,7,7-200-10,0.1,$\theta=0.1$,Str1+VI1,True,0.06,0.0,0.0,0.0,t2-pmed7-r2-R20-theta0.1-bbnc-i-e-l-facility-mixture-lh5050-low0.001to0.01-high0.1to0.5-seed1-coloc-tl3600.out
7|2|20|0.1|9010,7,7-200-10,0.1,$\theta=0.1$,Str1+VI1,True,0.06,0.0,0.0,0.0,t2-pmed7-r2-R20-theta0.1-bbnc-i-e-l-facility-mixture-lh9010-low0.001to0.01-high0.1to0.5-seed1-coloc-tl3600.out
7|2|20|0.2|1090,7,7-200-10,0.2,$\theta=0.2$,Str0+VI0,True,0.38,174.0,0.0,1.58558928934717,t2-pmed7-r2-R20-theta0.2-bbnc-i-facility-mixture-lh1090-low0.001to0.01-high0.1to0.5-seed1-coloc-tl3600.out
7|2|20|0.2|5050,7,7-200-10,0.2,$\theta=0.2$,Str0+VI0,True,0.09,11.0,0.0,0.106922092888719,t2-pmed7-r2-R20-theta0.2-bbnc-i-facility-mixture-lh5050-low0.001to0.01-high0.1to0.5-seed1-coloc-tl3600.out
7|2|20|0.2|9010,7,7-200-10,0.2,$\theta=0.2$,Str0+VI0,True,0.1,23.0,0.0,0.339619297966325,t2-pmed7-r2-R20-theta0.2-bbnc-i-facility-mixture-lh9010-low0.001to0.01-high0.1to0.5-seed1-coloc-tl3600.out
7|2|20|0.2|1090,7,7-200-10,0.2,$\theta=0.2$,Str0+VI1,True,0.84,44.0,0.0,1.09052487889926,t2-pmed7-r2-R20-theta0.2-bbnc-i-l-facility-mixture-lh1090-low0.001to0.01-high0.1to0.5-seed1-coloc-tl3600.out
7|2|20|0.2|5050,7,7-200-10,0.2,$\theta=0.2$,Str0+VI1,True,0.06,0.0,0.0,0.0,t2-pmed7-r2-R20-theta0.2-bbnc-i-l-facility-mixture-lh5050-low0.001to0.01-high0.1to0.5-seed1-coloc-tl3600.out
7|2|20|0.2|9010,7,7-200-10,0.2,$\theta=0.2$,Str0+VI1,True,0.07,0.0,0.0,0.0,t2-pmed7-r2-R20-theta0.2-bbnc-i-l-facility-mixture-lh9010-low0.001to0.01-high0.1to0.5-seed1-coloc-tl3600.out
7|2|20|0.2|1090,7,7-200-10,0.2,$\theta=0.2$,Str1+VI0,True,0.37,163.0,0.0,1.22287543843427,t2-pmed7-r2-R20-theta0.2-bbnc-i-e-facility-mixture-lh1090-low0.001to0.01-high0.1to0.5-seed1-coloc-tl3600.out
7|2|20|0.2|5050,7,7-200-10,0.2,$\theta=0.2$,Str1+VI0,True,0.07,5.0,0.0,0.173624636946444,t2-pmed7-r2-R20-theta0.2-bbnc-i-e-facility-mixture-lh5050-low0.001to0.01-high0.1to0.5-seed1-coloc-tl3600.out
7|2|20|0.2|9010,7,7-200-10,0.2,$\theta=0.2$,Str1+VI0,True,0.11,21.0,0.0,0.303273685390418,t2-pmed7-r2-R20-theta0.2-bbnc-i-e-facility-mixture-lh9010-low0.001to0.01-high0.1to0.5-seed1-coloc-tl3600.out
7|2|20|0.2|1090,7,7-200-10,0.2,$\theta=0.2$,Str1+VI1,True,0.28,25.0,0.0,0.906005127712532,t2-pmed7-r2-R20-theta0.2-bbnc-i-e-l-facility-mixture-lh1090-low0.001to0.01-high0.1to0.5-seed1-coloc-tl3600.out
7|2|20|0.2|5050,7,7-200-10,0.2,$\theta=0.2$,Str1+VI1,True,0.04,0.0,0.0,0.0,t2-pmed7-r2-R20-theta0.2-bbnc-i-e-l-facility-mixture-lh5050-low0.001to0.01-high0.1to0.5-seed1-coloc-tl3600.out
7|2|20|0.2|9010,7,7-200-10,0.2,$\theta=0.2$,Str1+VI1,True,0.07,0.0,0.0,0.0,t2-pmed7-r2-R20-theta0.2-bbnc-i-e-l-facility-mixture-lh9010-low0.001to0.01-high0.1to0.5-seed1-coloc-tl3600.out
8|1|20|0.01|1090,8,8-200-20,0.01,$\theta=0.01$,Str0+VI0,True,0.12,23.0,0.0,0.0948991267164293,t2-pmed8-r1-R20-theta0.01-bbnc-i-facility-mixture-lh1090-low0.001to0.01-high0.1to0.5-seed1-coloc-tl3600.out
8|1|20|0.01|5050,8,8-200-20,0.01,$\theta=0.01$,Str0+VI0,True,0.13,15.0,0.0,0.247498447324456,t2-pmed8-r1-R20-theta0.01-bbnc-i-facility-mixture-lh5050-low0.001to0.01-high0.1to0.5-seed1-coloc-tl3600.out
8|1|20|0.01|9010,8,8-200-20,0.01,$\theta=0.01$,Str0+VI0,True,0.55,500.0,0.0,0.148626597843655,t2-pmed8-r1-R20-theta0.01-bbnc-i-facility-mixture-lh9010-low0.001to0.01-high0.1to0.5-seed1-coloc-tl3600.out
8|1|20|0.01|1090,8,8-200-20,0.01,$\theta=0.01$,Str0+VI1,True,0.1,3.0,0.0,0.0,t2-pmed8-r1-R20-theta0.01-bbnc-i-l-facility-mixture-lh1090-low0.001to0.01-high0.1to0.5-seed1-coloc-tl3600.out
8|1|20|0.01|5050,8,8-200-20,0.01,$\theta=0.01$,Str0+VI1,True,0.07,0.0,0.0,0.0,t2-pmed8-r1-R20-theta0.01-bbnc-i-l-facility-mixture-lh5050-low0.001to0.01-high0.1to0.5-seed1-coloc-tl3600.out
8|1|20|0.01|9010,8,8-200-20,0.01,$\theta=0.01$,Str0+VI1,True,0.11,3.0,0.0,0.0,t2-pmed8-r1-R20-theta0.01-bbnc-i-l-facility-mixture-lh9010-low0.001to0.01-high0.1to0.5-seed1-coloc-tl3600.out
8|1|20|0.01|1090,8,8-200-20,0.01,$\theta=0.01$,Str1+VI0,True,0.16,14.0,0.0,0.109687758835192,t2-pmed8-r1-R20-theta0.01-bbnc-i-e-facility-mixture-lh1090-low0.001to0.01-high0.1to0.5-seed1-coloc-tl3600.out
8|1|20|0.01|5050,8,8-200-20,0.01,$\theta=0.01$,Str1+VI0,True,0.12,12.0,0.0,0.182971981283114,t2-pmed8-r1-R20-theta0.01-bbnc-i-e-facility-mixture-lh5050-low0.001to0.01-high0.1to0.5-seed1-coloc-tl3600.out
8|1|20|0.01|9010,8,8-200-20,0.01,$\theta=0.01$,Str1+VI0,True,0.41,355.0,0.0,0.129531812235266,t2-pmed8-r1-R20-theta0.01-bbnc-i-e-facility-mixture-lh9010-low0.001to0.01-high0.1to0.5-seed1-coloc-tl3600.out
8|1|20|0.01|1090,8,8-200-20,0.01,$\theta=0.01$,Str1+VI1,True,0.12,2.0,0.0,0.0,t2-pmed8-r1-R20-theta0.01-bbnc-i-e-l-facility-mixture-lh1090-low0.001to0.01-high0.1to0.5-seed1-coloc-tl3600.out
8|1|20|0.01|5050,8,8-200-20,0.01,$\theta=0.01$,Str1+VI1,True,0.1,0.0,0.0,0.0,t2-pmed8-r1-R20-theta0.01-bbnc-i-e-l-facility-mixture-lh5050-low0.001to0.01-high0.1to0.5-seed1-coloc-tl3600.out
8|1|20|0.01|9010,8,8-200-20,0.01,$\theta=0.01$,Str1+VI1,True,0.09,12.0,0.0,0.0579292195788234,t2-pmed8-r1-R20-theta0.01-bbnc-i-e-l-facility-mixture-lh9010-low0.001to0.01-high0.1to0.5-seed1-coloc-tl3600.out
8|1|20|0.1|1090,8,8-200-20,0.1,$\theta=0.1$,Str0+VI0,True,0.12,9.0,0.0,0.0823448687570374,t2-pmed8-r1-R20-theta0.1-bbnc-i-facility-mixture-lh1090-low0.001to0.01-high0.1to0.5-seed1-coloc-tl3600.out
8|1|20|0.1|5050,8,8-200-20,0.1,$\theta=0.1$,Str0+VI0,True,0.11,14.0,0.0,0.0473584918230785,t2-pmed8-r1-R20-theta0.1-bbnc-i-facility-mixture-lh5050-low0.001to0.01-high0.1to0.5-seed1-coloc-tl3600.out
8|1|20|0.1|9010,8,8-200-20,0.1,$\theta=0.1$,Str0+VI0,True,0.37,301.0,0.0,0.127047532080818,t2-pmed8-r1-R20-theta0.1-bbnc-i-facility-mixture-lh9010-low0.001to0.01-high0.1to0.5-seed1-coloc-tl3600.out
8|1|20|0.1|1090,8,8-200-20,0.1,$\theta=0.1$,Str0+VI1,True,0.06,0.0,0.0,0.0,t2-pmed8-r1-R20-theta0.1-bbnc-i-l-facility-mixture-lh1090-low0.001to0.01-high0.1to0.5-seed1-coloc-tl3600.out
8|1|20|0.1|5050,8,8-200-20,0.1,$\theta=0.1$,Str0+VI1,True,0.1,3.0,0.0,0.0,t2-pmed8-r1-R20-theta0.1-bbnc-i-l-facility-mixture-lh5050-low0.001to0.01-high0.1to0.5-seed1-coloc-tl3600.out
8|1|20|0.1|9010,8,8-200-20,0.1,$\theta=0.1$,Str0+VI1,True,0.16,13.0,0.0,0.0667848162518154,t2-pmed8-r1-R20-theta0.1-bbnc-i-l-facility-mixture-lh9010-low0.001to0.01-high0.1to0.5-seed1-coloc-tl3600.out
8|1|20|0.1|1090,8,8-200-20,0.1,$\theta=0.1$,Str1+VI0,True,0.11,10.0,0.0,0.215433477482998,t2-pmed8-r1-R20-theta0.1-bbnc-i-e-facility-mixture-lh1090-low0.001to0.01-high0.1to0.5-seed1-coloc-tl3600.out
8|1|20|0.1|5050,8,8-200-20,0.1,$\theta=0.1$,Str1+VI0,True,0.17,74.0,0.0,0.252545177793811,t2-pmed8-r1-R20-theta0.1-bbnc-i-e-facility-mixture-lh5050-low0.001to0.01-high0.1to0.5-seed1-coloc-tl3600.out
8|1|20|0.1|9010,8,8-200-20,0.1,$\theta=0.1$,Str1+VI0,True,0.21,124.0,0.0,0.289150277916661,t2-pmed8-r1-R20-theta0.1-bbnc-i-e-facility-mixture-lh9010-low0.001to0.01-high0.1to0.5-seed1-coloc-tl3600.out
8|1|20|0.1|1090,8,8-200-20,0.1,$\theta=0.1$,Str1+VI1,True,0.04,0.0,0.0,0.0,t2-pmed8-r1-R20-theta0.1-bbnc-i-e-l-facility-mixture-lh1090-low0.001to0.01-high0.1to0.5-seed1-coloc-tl3600.out
8|1|20|0.1|5050,8,8-200-20,0.1,$\theta=0.1$,Str1+VI1,True,0.12,8.0,0.0,0.00580141524833731,t2-pmed8-r1-R20-theta0.1-bbnc-i-e-l-facility-mixture-lh5050-low0.001to0.01-high0.1to0.5-seed1-coloc-tl3600.out
8|1|20|0.1|9010,8,8-200-20,0.1,$\theta=0.1$,Str1+VI1,True,0.1,23.0,0.0,0.0746497864492893,t2-pmed8-r1-R20-theta0.1-bbnc-i-e-l-facility-mixture-lh9010-low0.001to0.01-high0.1to0.5-seed1-coloc-tl3600.out
8|1|20|0.2|1090,8,8-200-20,0.2,$\theta=0.2$,Str0+VI0,True,0.1,6.0,0.0,0.113611965887767,t2-pmed8-r1-R20-theta0.2-bbnc-i-facility-mixture-lh1090-low0.001to0.01-high0.1to0.5-seed1-coloc-tl3600.out
8|1|20|0.2|5050,8,8-200-20,0.2,$\theta=0.2$,Str0+VI0,True,0.17,67.0,0.0,0.128890362939388,t2-pmed8-r1-R20-theta0.2-bbnc-i-facility-mixture-lh5050-low0.001to0.01-high0.1to0.5-seed1-coloc-tl3600.out
8|1|20|0.2|9010,8,8-200-20,0.2,$\theta=0.2$,Str0+VI0,True,1.02,1053.0,0.0,0.562781573651453,t2-pmed8-r1-R20-theta0.2-bbnc-i-facility-mixture-lh9010-low0.001to0.01-high0.1to0.5-seed1-coloc-tl3600.out
8|1|20|0.2|1090,8,8-200-20,0.2,$\theta=0.2$,Str0+VI1,True,0.07,0.0,0.0,0.0,t2-pmed8-r1-R20-theta0.2-bbnc-i-l-facility-mixture-lh1090-low0.001to0.01-high0.1to0.5-seed1-coloc-tl3600.out
8|1|20|0.2|5050,8,8-200-20,0.2,$\theta=0.2$,Str0+VI1,True,0.1,3.0,0.0,0.0,t2-pmed8-r1-R20-theta0.2-bbnc-i-l-facility-mixture-lh5050-low0.001to0.01-high0.1to0.5-seed1-coloc-tl3600.out
8|1|20|0.2|9010,8,8-200-20,0.2,$\theta=0.2$,Str0+VI1,True,0.11,14.0,0.0,0.0133422647253625,t2-pmed8-r1-R20-theta0.2-bbnc-i-l-facility-mixture-lh9010-low0.001to0.01-high0.1to0.5-seed1-coloc-tl3600.out
8|1|20|0.2|1090,8,8-200-20,0.2,$\theta=0.2$,Str1+VI0,True,0.1,15.0,0.0,0.128929361557327,t2-pmed8-r1-R20-theta0.2-bbnc-i-e-facility-mixture-lh1090-low0.001to0.01-high0.1to0.5-seed1-coloc-tl3600.out
8|1|20|0.2|5050,8,8-200-20,0.2,$\theta=0.2$,Str1+VI0,True,0.17,50.0,0.0,0.217833235715244,t2-pmed8-r1-R20-theta0.2-bbnc-i-e-facility-mixture-lh5050-low0.001to0.01-high0.1to0.5-seed1-coloc-tl3600.out
8|1|20|0.2|9010,8,8-200-20,0.2,$\theta=0.2$,Str1+VI0,True,0.58,539.0,0.0,0.412357926449325,t2-pmed8-r1-R20-theta0.2-bbnc-i-e-facility-mixture-lh9010-low0.001to0.01-high0.1to0.5-seed1-coloc-tl3600.out
8|1|20|0.2|1090,8,8-200-20,0.2,$\theta=0.2$,Str1+VI1,True,0.06,0.0,0.0,0.0,t2-pmed8-r1-R20-theta0.2-bbnc-i-e-l-facility-mixture-lh1090-low0.001to0.01-high0.1to0.5-seed1-coloc-tl3600.out
8|1|20|0.2|5050,8,8-200-20,0.2,$\theta=0.2$,Str1+VI1,True,0.14,17.0,0.0,0.0516271647397111,t2-pmed8-r1-R20-theta0.2-bbnc-i-e-l-facility-mixture-lh5050-low0.001to0.01-high0.1to0.5-seed1-coloc-tl3600.out
8|1|20|0.2|9010,8,8-200-20,0.2,$\theta=0.2$,Str1+VI1,True,0.15,17.0,0.0,0.039963314542875,t2-pmed8-r1-R20-theta0.2-bbnc-i-e-l-facility-mixture-lh9010-low0.001to0.01-high0.1to0.5-seed1-coloc-tl3600.out
8|2|20|0.01|1090,8,8-200-20,0.01,$\theta=0.01$,Str0+VI0,True,0.15,20.0,0.0,0.370157385038957,t2-pmed8-r2-R20-theta0.01-bbnc-i-facility-mixture-lh1090-low0.001to0.01-high0.1to0.5-seed1-coloc-tl3600.out
8|2|20|0.01|5050,8,8-200-20,0.01,$\theta=0.01$,Str0+VI0,True,1.0,923.0,0.0,0.75786340656317,t2-pmed8-r2-R20-theta0.01-bbnc-i-facility-mixture-lh5050-low0.001to0.01-high0.1to0.5-seed1-coloc-tl3600.out
8|2|20|0.01|9010,8,8-200-20,0.01,$\theta=0.01$,Str0+VI0,True,0.06,0.0,0.0,0.0,t2-pmed8-r2-R20-theta0.01-bbnc-i-facility-mixture-lh9010-low0.001to0.01-high0.1to0.5-seed1-coloc-tl3600.out
8|2|20|0.01|1090,8,8-200-20,0.01,$\theta=0.01$,Str0+VI1,True,0.15,17.0,0.0,0.0660703739646915,t2-pmed8-r2-R20-theta0.01-bbnc-i-l-facility-mixture-lh1090-low0.001to0.01-high0.1to0.5-seed1-coloc-tl3600.out
8|2|20|0.01|5050,8,8-200-20,0.01,$\theta=0.01$,Str0+VI1,True,0.11,9.0,0.0,0.091291552032302,t2-pmed8-r2-R20-theta0.01-bbnc-i-l-facility-mixture-lh5050-low0.001to0.01-high0.1to0.5-seed1-coloc-tl3600.out
8|2|20|0.01|9010,8,8-200-20,0.01,$\theta=0.01$,Str0+VI1,True,0.05,0.0,0.0,0.0,t2-pmed8-r2-R20-theta0.01-bbnc-i-l-facility-mixture-lh9010-low0.001to0.01-high0.1to0.5-seed1-coloc-tl3600.out
8|2|20|0.01|1090,8,8-200-20,0.01,$\theta=0.01$,Str1+VI0,True,0.16,34.0,0.0,0.212306764778375,t2-pmed8-r2-R20-theta0.01-bbnc-i-e-facility-mixture-lh1090-low0.001to0.01-high0.1to0.5-seed1-coloc-tl3600.out
8|2|20|0.01|5050,8,8-200-20,0.01,$\theta=0.01$,Str1+VI0,True,0.5,370.0,0.0,0.636840657160565,t2-pmed8-r2-R20-theta0.01-bbnc-i-e-facility-mixture-lh5050-low0.001to0.01-high0.1to0.5-seed1-coloc-tl3600.out
8|2|20|0.01|9010,8,8-200-20,0.01,$\theta=0.01$,Str1+VI0,True,0.07,0.0,0.0,0.0,t2-pmed8-r2-R20-theta0.01-bbnc-i-e-facility-mixture-lh9010-low0.001to0.01-high0.1to0.5-seed1-coloc-tl3600.out
8|2|20|0.01|1090,8,8-200-20,0.01,$\theta=0.01$,Str1+VI1,True,0.15,6.0,0.0,0.0034361925030299,t2-pmed8-r2-R20-theta0.01-bbnc-i-e-l-facility-mixture-lh1090-low0.001to0.01-high0.1to0.5-seed1-coloc-tl3600.out
8|2|20|0.01|5050,8,8-200-20,0.01,$\theta=0.01$,Str1+VI1,True,0.07,3.0,0.0,0.0,t2-pmed8-r2-R20-theta0.01-bbnc-i-e-l-facility-mixture-lh5050-low0.001to0.01-high0.1to0.5-seed1-coloc-tl3600.out
8|2|20|0.01|9010,8,8-200-20,0.01,$\theta=0.01$,Str1+VI1,True,0.06,0.0,0.0,0.0,t2-pmed8-r2-R20-theta0.01-bbnc-i-e-l-facility-mixture-lh9010-low0.001to0.01-high0.1to0.5-seed1-coloc-tl3600.out
8|2|20|0.1|1090,8,8-200-20,0.1,$\theta=0.1$,Str0+VI0,True,0.17,33.0,0.0,0.2636653998198,t2-pmed8-r2-R20-theta0.1-bbnc-i-facility-mixture-lh1090-low0.001to0.01-high0.1to0.5-seed1-coloc-tl3600.out
8|2|20|0.1|5050,8,8-200-20,0.1,$\theta=0.1$,Str0+VI0,True,1.21,1208.0,0.0,0.687500932049786,t2-pmed8-r2-R20-theta0.1-bbnc-i-facility-mixture-lh5050-low0.001to0.01-high0.1to0.5-seed1-coloc-tl3600.out
8|2|20|0.1|9010,8,8-200-20,0.1,$\theta=0.1$,Str0+VI0,True,0.11,59.0,0.0,1.10729130131546,t2-pmed8-r2-R20-theta0.1-bbnc-i-facility-mixture-lh9010-low0.001to0.01-high0.1to0.5-seed1-coloc-tl3600.out
8|2|20|0.1|1090,8,8-200-20,0.1,$\theta=0.1$,Str0+VI1,True,0.15,6.0,0.0,0.00689550920756199,t2-pmed8-r2-R20-theta0.1-bbnc-i-l-facility-mixture-lh1090-low0.001to0.01-high0.1to0.5-seed1-coloc-tl3600.out
8|2|20|0.1|5050,8,8-200-20,0.1,$\theta=0.1$,Str0+VI1,True,0.09,4.0,0.0,0.0207843523862063,t2-pmed8-r2-R20-theta0.1-bbnc-i-l-facility-mixture-lh5050-low0.001to0.01-high0.1to0.5-seed1-coloc-tl3600.out
8|2|20|0.1|9010,8,8-200-20,0.1,$\theta=0.1$,Str0+VI1,True,0.04,0.0,0.0,0.0,t2-pmed8-r2-R20-theta0.1-bbnc-i-l-facility-mixture-lh9010-low0.001to0.01-high0.1to0.5-seed1-coloc-tl3600.out
8|2|20|0.1|1090,8,8-200-20,0.1,$\theta=0.1$,Str1+VI0,True,0.15,19.0,0.0,0.13225189527644,t2-pmed8-r2-R20-theta0.1-bbnc-i-e-facility-mixture-lh1090-low0.001to0.01-high0.1to0.5-seed1-coloc-tl3600.out
8|2|20|0.1|5050,8,8-200-20,0.1,$\theta=0.1$,Str1+VI0,True,0.65,510.0,0.0,0.629818387149906,t2-pmed8-r2-R20-theta0.1-bbnc-i-e-facility-mixture-lh5050-low0.001to0.01-high0.1to0.5-seed1-coloc-tl3600.out
8|2|20|0.1|9010,8,8-200-20,0.1,$\theta=0.1$,Str1+VI0,True,0.09,0.0,0.0,0.0,t2-pmed8-r2-R20-theta0.1-bbnc-i-e-facility-mixture-lh9010-low0.001to0.01-high0.1to0.5-seed1-coloc-tl3600.out
8|2|20|0.1|1090,8,8-200-20,0.1,$\theta=0.1$,Str1+VI1,True,0.1,0.0,0.0,0.0,t2-pmed8-r2-R20-theta0.1-bbnc-i-e-l-facility-mixture-lh1090-low0.001to0.01-high0.1to0.5-seed1-coloc-tl3600.out
8|2|20|0.1|5050,8,8-200-20,0.1,$\theta=0.1$,Str1+VI1,True,0.1,3.0,0.0,0.0,t2-pmed8-r2-R20-theta0.1-bbnc-i-e-l-facility-mixture-lh5050-low0.001to0.01-high0.1to0.5-seed1-coloc-tl3600.out
8|2|20|0.1|9010,8,8-200-20,0.1,$\theta=0.1$,Str1+VI1,True,0.05,0.0,0.0,0.0,t2-pmed8-r2-R20-theta0.1-bbnc-i-e-l-facility-mixture-lh9010-low0.001to0.01-high0.1to0.5-seed1-coloc-tl3600.out
8|2|20|0.2|1090,8,8-200-20,0.2,$\theta=0.2$,Str0+VI0,True,0.1,7.0,0.0,0.0115860903848745,t2-pmed8-r2-R20-theta0.2-bbnc-i-facility-mixture-lh1090-low0.001to0.01-high0.1to0.5-seed1-coloc-tl3600.out
8|2|20|0.2|5050,8,8-200-20,0.2,$\theta=0.2$,Str0+VI0,True,1.51,1580.0,0.0,0.599324271946132,t2-pmed8-r2-R20-theta0.2-bbnc-i-facility-mixture-lh5050-low0.001to0.01-high0.1to0.5-seed1-coloc-tl3600.out
8|2|20|0.2|9010,8,8-200-20,0.2,$\theta=0.2$,Str0+VI0,True,0.07,10.0,0.0,0.252539025302836,t2-pmed8-r2-R20-theta0.2-bbnc-i-facility-mixture-lh9010-low0.001to0.01-high0.1to0.5-seed1-coloc-tl3600.out
8|2|20|0.2|1090,8,8-200-20,0.2,$\theta=0.2$,Str0+VI1,True,0.06,0.0,0.0,0.0,t2-pmed8-r2-R20-theta0.2-bbnc-i-l-facility-mixture-lh1090-low0.001to0.01-high0.1to0.5-seed1-coloc-tl3600.out
8|2|20|0.2|5050,8,8-200-20,0.2,$\theta=0.2$,Str0+VI1,True,0.08,0.0,0.0,0.0,t2-pmed8-r2-R20-theta0.2-bbnc-i-l-facility-mixture-lh5050-low0.001to0.01-high0.1to0.5-seed1-coloc-tl3600.out
8|2|20|0.2|9010,8,8-200-20,0.2,$\theta=0.2$,Str0+VI1,True,0.03,0.0,0.0,0.0,t2-pmed8-r2-R20-theta0.2-bbnc-i-l-facility-mixture-lh9010-low0.001to0.01-high0.1to0.5-seed1-coloc-tl3600.out
8|2|20|0.2|1090,8,8-200-20,0.2,$\theta=0.2$,Str1+VI0,True,0.09,3.0,0.0,0.0,t2-pmed8-r2-R20-theta0.2-bbnc-i-e-facility-mixture-lh1090-low0.001to0.01-high0.1to0.5-seed1-coloc-tl3600.out
8|2|20|0.2|5050,8,8-200-20,0.2,$\theta=0.2$,Str1+VI0,True,0.22,91.0,0.0,0.318887182283367,t2-pmed8-r2-R20-theta0.2-bbnc-i-e-facility-mixture-lh5050-low0.001to0.01-high0.1to0.5-seed1-coloc-tl3600.out
8|2|20|0.2|9010,8,8-200-20,0.2,$\theta=0.2$,Str1+VI0,True,0.06,0.0,0.0,0.0,t2-pmed8-r2-R20-theta0.2-bbnc-i-e-facility-mixture-lh9010-low0.001to0.01-high0.1to0.5-seed1-coloc-tl3600.out
8|2|20|0.2|1090,8,8-200-20,0.2,$\theta=0.2$,Str1+VI1,True,0.07,0.0,0.0,0.0,t2-pmed8-r2-R20-theta0.2-bbnc-i-e-l-facility-mixture-lh1090-low0.001to0.01-high0.1to0.5-seed1-coloc-tl3600.out
8|2|20|0.2|5050,8,8-200-20,0.2,$\theta=0.2$,Str1+VI1,True,0.05,0.0,0.0,0.0,t2-pmed8-r2-R20-theta0.2-bbnc-i-e-l-facility-mixture-lh5050-low0.001to0.01-high0.1to0.5-seed1-coloc-tl3600.out
8|2|20|0.2|9010,8,8-200-20,0.2,$\theta=0.2$,Str1+VI1,True,0.03,0.0,0.0,0.0,t2-pmed8-r2-R20-theta0.2-bbnc-i-e-l-facility-mixture-lh9010-low0.001to0.01-high0.1to0.5-seed1-coloc-tl3600.out
9|1|20|0.01|1090,9,9-200-40,0.01,$\theta=0.01$,Str0+VI0,True,3.96,1428.0,0.0,1.26077805473935,t2-pmed9-r1-R20-theta0.01-bbnc-i-facility-mixture-lh1090-low0.001to0.01-high0.1to0.5-seed1-coloc-tl3600.out
9|1|20|0.01|5050,9,9-200-40,0.01,$\theta=0.01$,Str0+VI0,True,2.8,1509.0,0.0,1.10179622581502,t2-pmed9-r1-R20-theta0.01-bbnc-i-facility-mixture-lh5050-low0.001to0.01-high0.1to0.5-seed1-coloc-tl3600.out
9|1|20|0.01|9010,9,9-200-40,0.01,$\theta=0.01$,Str0+VI0,True,2.08,1105.0,0.0,1.05164966548381,t2-pmed9-r1-R20-theta0.01-bbnc-i-facility-mixture-lh9010-low0.001to0.01-high0.1to0.5-seed1-coloc-tl3600.out
9|1|20|0.01|1090,9,9-200-40,0.01,$\theta=0.01$,Str0+VI1,True,0.58,137.0,0.0,0.246208455808322,t2-pmed9-r1-R20-theta0.01-bbnc-i-l-facility-mixture-lh1090-low0.001to0.01-high0.1to0.5-seed1-coloc-tl3600.out
9|1|20|0.01|5050,9,9-200-40,0.01,$\theta=0.01$,Str0+VI1,True,0.33,87.0,0.0,0.243777052947824,t2-pmed9-r1-R20-theta0.01-bbnc-i-l-facility-mixture-lh5050-low0.001to0.01-high0.1to0.5-seed1-coloc-tl3600.out
9|1|20|0.01|9010,9,9-200-40,0.01,$\theta=0.01$,Str0+VI1,True,0.55,204.0,0.0,0.306555494465381,t2-pmed9-r1-R20-theta0.01-bbnc-i-l-facility-mixture-lh9010-low0.001to0.01-high0.1to0.5-seed1-coloc-tl3600.out
9|1|20|0.01|1090,9,9-200-40,0.01,$\theta=0.01$,Str1+VI0,True,3.38,1238.0,0.0,1.00185819499333,t2-pmed9-r1-R20-theta0.01-bbnc-i-e-facility-mixture-lh1090-low0.001to0.01-high0.1to0.5-seed1-coloc-tl3600.out
9|1|20|0.01|5050,9,9-200-40,0.01,$\theta=0.01$,Str1+VI0,True,1.82,976.0,0.0,0.716631582036041,t2-pmed9-r1-R20-theta0.01-bbnc-i-e-facility-mixture-lh5050-low0.001to0.01-high0.1to0.5-seed1-coloc-tl3600.out
9|1|20|0.01|9010,9,9-200-40,0.01,$\theta=0.01$,Str1+VI0,True,1.39,617.0,0.0,0.933927120113876,t2-pmed9-r1-R20-theta0.01-bbnc-i-e-facility-mixture-lh9010-low0.001to0.01-high0.1to0.5-seed1-coloc-tl3600.out
9|1|20|0.01|1090,9,9-200-40,0.01,$\theta=0.01$,Str1+VI1,True,0.5,145.0,0.0,0.260887995209604,t2-pmed9-r1-R20-theta0.01-bbnc-i-e-l-facility-mixture-lh1090-low0.001to0.01-high0.1to0.5-seed1-coloc-tl3600.out
9|1|20|0.01|5050,9,9-200-40,0.01,$\theta=0.01$,Str1+VI1,True,0.25,35.0,0.0,0.214820401081682,t2-pmed9-r1-R20-theta0.01-bbnc-i-e-l-facility-mixture-lh5050-low0.001to0.01-high0.1to0.5-seed1-coloc-tl3600.out
9|1|20|0.01|9010,9,9-200-40,0.01,$\theta=0.01$,Str1+VI1,True,0.45,204.0,0.0,0.293754235132614,t2-pmed9-r1-R20-theta0.01-bbnc-i-e-l-facility-mixture-lh9010-low0.001to0.01-high0.1to0.5-seed1-coloc-tl3600.out
9|1|20|0.1|1090,9,9-200-40,0.1,$\theta=0.1$,Str0+VI0,True,3.69,1976.0,0.0,0.935224009292053,t2-pmed9-r1-R20-theta0.1-bbnc-i-facility-mixture-lh1090-low0.001to0.01-high0.1to0.5-seed1-coloc-tl3600.out
9|1|20|0.1|5050,9,9-200-40,0.1,$\theta=0.1$,Str0+VI0,True,1.14,749.0,0.0,0.855424985482027,t2-pmed9-r1-R20-theta0.1-bbnc-i-facility-mixture-lh5050-low0.001to0.01-high0.1to0.5-seed1-coloc-tl3600.out
9|1|20|0.1|9010,9,9-200-40,0.1,$\theta=0.1$,Str0+VI0,True,1.11,566.0,0.0,0.550229727192994,t2-pmed9-r1-R20-theta0.1-bbnc-i-facility-mixture-lh9010-low0.001to0.01-high0.1to0.5-seed1-coloc-tl3600.out
9|1|20|0.1|1090,9,9-200-40,0.1,$\theta=0.1$,Str0+VI1,True,0.29,28.0,0.0,0.122955187023426,t2-pmed9-r1-R20-theta0.1-bbnc-i-l-facility-mixture-lh1090-low0.001to0.01-high0.1to0.5-seed1-coloc-tl3600.out
9|1|20|0.1|5050,9,9-200-40,0.1,$\theta=0.1$,Str0+VI1,True,0.23,26.0,0.0,0.163972137301972,t2-pmed9-r1-R20-theta0.1-bbnc-i-l-facility-mixture-lh5050-low0.001to0.01-high0.1to0.5-seed1-coloc-tl3600.out
9|1|20|0.1|9010,9,9-200-40,0.1,$\theta=0.1$,Str0+VI1,True,0.17,38.0,0.0,0.0190979900864735,t2-pmed9-r1-R20-theta0.1-bbnc-i-l-facility-mixture-lh9010-low0.001to0.01-high0.1to0.5-seed1-coloc-tl3600.out
9|1|20|0.1|1090,9,9-200-40,0.1,$\theta=0.1$,Str1+VI0,True,2.12,981.0,0.0,1.02061902884849,t2-pmed9-r1-R20-theta0.1-bbnc-i-e-facility-mixture-lh1090-low0.001to0.01-high0.1to0.5-seed1-coloc-tl3600.out
9|1|20|0.1|5050,9,9-200-40,0.1,$\theta=0.1$,Str1+VI0,True,2.34,1497.0,0.0,0.744053865488524,t2-pmed9-r1-R20-theta0.1-bbnc-i-e-facility-mixture-lh5050-low0.001to0.01-high0.1to0.5-seed1-coloc-tl3600.out
9|1|20|0.1|9010,9,9-200-40,0.1,$\theta=0.1$,Str1+VI0,True,1.67,1073.0,0.0,0.528955371542892,t2-pmed9-r1-R20-theta0.1-bbnc-i-e-facility-mixture-lh9010-low0.001to0.01-high0.1to0.5-seed1-coloc-tl3600.out
9|1|20|0.1|1090,9,9-200-40,0.1,$\theta=0.1$,Str1+VI1,True,0.24,16.0,0.0,0.078284736815413,t2-pmed9-r1-R20-theta0.1-bbnc-i-e-l-facility-mixture-lh1090-low0.001to0.01-high0.1to0.5-seed1-coloc-tl3600.out
9|1|20|0.1|5050,9,9-200-40,0.1,$\theta=0.1$,Str1+VI1,True,0.23,30.0,0.0,0.15277811668559,t2-pmed9-r1-R20-theta0.1-bbnc-i-e-l-facility-mixture-lh5050-low0.001to0.01-high0.1to0.5-seed1-coloc-tl3600.out
9|1|20|0.1|9010,9,9-200-40,0.1,$\theta=0.1$,Str1+VI1,True,0.14,22.0,0.0,0.0301887897737412,t2-pmed9-r1-R20-theta0.1-bbnc-i-e-l-facility-mixture-lh9010-low0.001to0.01-high0.1to0.5-seed1-coloc-tl3600.out
9|1|20|0.2|1090,9,9-200-40,0.2,$\theta=0.2$,Str0+VI0,True,3.83,2764.0,0.0,0.678412713789255,t2-pmed9-r1-R20-theta0.2-bbnc-i-facility-mixture-lh1090-low0.001to0.01-high0.1to0.5-seed1-coloc-tl3600.out
9|1|20|0.2|5050,9,9-200-40,0.2,$\theta=0.2$,Str0+VI0,True,1.14,906.0,0.0,0.743485659187469,t2-pmed9-r1-R20-theta0.2-bbnc-i-facility-mixture-lh5050-low0.001to0.01-high0.1to0.5-seed1-coloc-tl3600.out
9|1|20|0.2|9010,9,9-200-40,0.2,$\theta=0.2$,Str0+VI0,True,1.47,978.0,0.0,0.265208278310728,t2-pmed9-r1-R20-theta0.2-bbnc-i-facility-mixture-lh9010-low0.001to0.01-high0.1to0.5-seed1-coloc-tl3600.out
9|1|20|0.2|1090,9,9-200-40,0.2,$\theta=0.2$,Str0+VI1,True,0.18,8.0,0.0,0.0226611841593158,t2-pmed9-r1-R20-theta0.2-bbnc-i-l-facility-mixture-lh1090-low0.001to0.01-high0.1to0.5-seed1-coloc-tl3600.out
9|1|20|0.2|5050,9,9-200-40,0.2,$\theta=0.2$,Str0+VI1,True,0.13,11.0,0.0,0.0524453573852897,t2-pmed9-r1-R20-theta0.2-bbnc-i-l-facility-mixture-lh5050-low0.001to0.01-high0.1to0.5-seed1-coloc-tl3600.out
9|1|20|0.2|9010,9,9-200-40,0.2,$\theta=0.2$,Str0+VI1,True,0.13,25.0,0.0,0.0105080756001748,t2-pmed9-r1-R20-theta0.2-bbnc-i-l-facility-mixture-lh9010-low0.001to0.01-high0.1to0.5-seed1-coloc-tl3600.out
9|1|20|0.2|1090,9,9-200-40,0.2,$\theta=0.2$,Str1+VI0,True,2.06,978.0,0.0,0.659549656536028,t2-pmed9-r1-R20-theta0.2-bbnc-i-e-facility-mixture-lh1090-low0.001to0.01-high0.1to0.5-seed1-coloc-tl3600.out
9|1|20|0.2|5050,9,9-200-40,0.2,$\theta=0.2$,Str1+VI0,True,1.37,1067.0,0.0,0.52161614213454,t2-pmed9-r1-R20-theta0.2-bbnc-i-e-facility-mixture-lh5050-low0.001to0.01-high0.1to0.5-seed1-coloc-tl3600.out
9|1|20|0.2|9010,9,9-200-40,0.2,$\theta=0.2$,Str1+VI0,True,1.57,967.0,0.0,0.21969601772409,t2-pmed9-r1-R20-theta0.2-bbnc-i-e-facility-mixture-lh9010-low0.001to0.01-high0.1to0.5-seed1-coloc-tl3600.out
9|1|20|0.2|1090,9,9-200-40,0.2,$\theta=0.2$,Str1+VI1,True,0.15,6.0,0.0,0.024164001238584,t2-pmed9-r1-R20-theta0.2-bbnc-i-e-l-facility-mixture-lh1090-low0.001to0.01-high0.1to0.5-seed1-coloc-tl3600.out
9|1|20|0.2|5050,9,9-200-40,0.2,$\theta=0.2$,Str1+VI1,True,0.14,8.0,0.0,0.0642663782830554,t2-pmed9-r1-R20-theta0.2-bbnc-i-e-l-facility-mixture-lh5050-low0.001to0.01-high0.1to0.5-seed1-coloc-tl3600.out
9|1|20|0.2|9010,9,9-200-40,0.2,$\theta=0.2$,Str1+VI1,True,0.13,13.0,0.0,0.00709120337840915,t2-pmed9-r1-R20-theta0.2-bbnc-i-e-l-facility-mixture-lh9010-low0.001to0.01-high0.1to0.5-seed1-coloc-tl3600.out
9|2|20|0.01|1090,9,9-200-40,0.01,$\theta=0.01$,Str0+VI0,True,2.94,1071.0,0.0,1.58585245215525,t2-pmed9-r2-R20-theta0.01-bbnc-i-facility-mixture-lh1090-low0.001to0.01-high0.1to0.5-seed1-coloc-tl3600.out
9|2|20|0.01|5050,9,9-200-40,0.01,$\theta=0.01$,Str0+VI0,True,2.63,1225.0,0.0,1.47939195288319,t2-pmed9-r2-R20-theta0.01-bbnc-i-facility-mixture-lh5050-low0.001to0.01-high0.1to0.5-seed1-coloc-tl3600.out
9|2|20|0.01|9010,9,9-200-40,0.01,$\theta=0.01$,Str0+VI0,True,1.52,610.0,0.0,1.30772559135382,t2-pmed9-r2-R20-theta0.01-bbnc-i-facility-mixture-lh9010-low0.001to0.01-high0.1to0.5-seed1-coloc-tl3600.out
9|2|20|0.01|1090,9,9-200-40,0.01,$\theta=0.01$,Str0+VI1,True,0.21,16.0,0.0,0.068853395837427,t2-pmed9-r2-R20-theta0.01-bbnc-i-l-facility-mixture-lh1090-low0.001to0.01-high0.1to0.5-seed1-coloc-tl3600.out
9|2|20|0.01|5050,9,9-200-40,0.01,$\theta=0.01$,Str0+VI1,True,0.23,39.0,0.0,0.207469909143753,t2-pmed9-r2-R20-theta0.01-bbnc-i-l-facility-mixture-lh5050-low0.001to0.01-high0.1to0.5-seed1-coloc-tl3600.out
9|2|20|0.01|9010,9,9-200-40,0.01,$\theta=0.01$,Str0+VI1,True,0.36,123.0,0.0,0.248908146738121,t2-pmed9-r2-R20-theta0.01-bbnc-i-l-facility-mixture-lh9010-low0.001to0.01-high0.1to0.5-seed1-coloc-tl3600.out
9|2|20|0.01|1090,9,9-200-40,0.01,$\theta=0.01$,Str1+VI0,True,2.87,1526.0,0.0,1.2512784568844,t2-pmed9-r2-R20-theta0.01-bbnc-i-e-facility-mixture-lh1090-low0.001to0.01-high0.1to0.5-seed1-coloc-tl3600.out
9|2|20|0.01|5050,9,9-200-40,0.01,$\theta=0.01$,Str1+VI0,True,2.1,1553.0,0.0,1.17692770574093,t2-pmed9-r2-R20-theta0.01-bbnc-i-e-facility-mixture-lh5050-low0.001to0.01-high0.1to0.5-seed1-coloc-tl3600.out
9|2|20|0.01|9010,9,9-200-40,0.01,$\theta=0.01$,Str1+VI0,True,1.06,498.0,0.0,1.19298599993095,t2-pmed9-r2-R20-theta0.01-bbnc-i-e-facility-mixture-lh9010-low0.001to0.01-high0.1to0.5-seed1-coloc-tl3600.out
9|2|20|0.01|1090,9,9-200-40,0.01,$\theta=0.01$,Str1+VI1,True,0.21,12.0,0.0,0.118512221219107,t2-pmed9-r2-R20-theta0.01-bbnc-i-e-l-facility-mixture-lh1090-low0.001to0.01-high0.1to0.5-seed1-coloc-tl3600.out
9|2|20|0.01|5050,9,9-200-40,0.01,$\theta=0.01$,Str1+VI1,True,0.26,54.0,0.0,0.223461369128478,t2-pmed9-r2-R20-theta0.01-bbnc-i-e-l-facility-mixture-lh5050-low0.001to0.01-high0.1to0.5-seed1-coloc-tl3600.out
9|2|20|0.01|9010,9,9-200-40,0.01,$\theta=0.01$,Str1+VI1,True,1.95,978.0,0.0,0.248701388979821,t2-pmed9-r2-R20-theta0.01-bbnc-i-e-l-facility-mixture-lh9010-low0.001to0.01-high0.1to0.5-seed1-coloc-tl3600.out
9|2|20|0.1|1090,9,9-200-40,0.1,$\theta=0.1$,Str0+VI0,True,3.16,2225.0,0.0,1.0300843572379,t2-pmed9-r2-R20-theta0.1-bbnc-i-facility-mixture-lh1090-low0.001to0.01-high0.1to0.5-seed1-coloc-tl3600.out
9|2|20|0.1|5050,9,9-200-40,0.1,$\theta=0.1$,Str0+VI0,True,2.09,1012.0,0.0,0.913280101382442,t2-pmed9-r2-R20-theta0.1-bbnc-i-facility-mixture-lh5050-low0.001to0.01-high0.1to0.5-seed1-coloc-tl3600.out
9|2|20|0.1|9010,9,9-200-40,0.1,$\theta=0.1$,Str0+VI0,True,1.19,490.0,0.0,0.927657029479658,t2-pmed9-r2-R20-theta0.1-bbnc-i-facility-mixture-lh9010-low0.001to0.01-high0.1to0.5-seed1-coloc-tl3600.out
9|2|20|0.1|1090,9,9-200-40,0.1,$\theta=0.1$,Str0+VI1,True,0.15,4.0,0.0,0.0088825669208744,t2-pmed9-r2-R20-theta0.1-bbnc-i-l-facility-mixture-lh1090-low0.001to0.01-high0.1to0.5-seed1-coloc-tl3600.out
9|2|20|0.1|5050,9,9-200-40,0.1,$\theta=0.1$,Str0+VI1,True,0.32,81.0,0.0,0.243350453533079,t2-pmed9-r2-R20-theta0.1-bbnc-i-l-facility-mixture-lh5050-low0.001to0.01-high0.1to0.5-seed1-coloc-tl3600.out
9|2|20|0.1|9010,9,9-200-40,0.1,$\theta=0.1$,Str0+VI1,True,0.16,25.0,0.0,0.0029299421332461,t2-pmed9-r2-R20-theta0.1-bbnc-i-l-facility-mixture-lh9010-low0.001to0.01-high0.1to0.5-seed1-coloc-tl3600.out
9|2|20|0.1|1090,9,9-200-40,0.1,$\theta=0.1$,Str1+VI0,True,2.84,1491.0,0.0,0.689953150646069,t2-pmed9-r2-R20-theta0.1-bbnc-i-e-facility-mixture-lh1090-low0.001to0.01-high0.1to0.5-seed1-coloc-tl3600.out
9|2|20|0.1|5050,9,9-200-40,0.1,$\theta=0.1$,Str1+VI0,True,1.3,529.0,0.0,0.96663836831022,t2-pmed9-r2-R20-theta0.1-bbnc-i-e-facility-mixture-lh5050-low0.001to0.01-high0.1to0.5-seed1-coloc-tl3600.out
9|2|20|0.1|9010,9,9-200-40,0.1,$\theta=0.1$,Str1+VI0,True,1.09,510.0,0.0,1.1324045871877,t2-pmed9-r2-R20-theta0.1-bbnc-i-e-facility-mixture-lh9010-low0.001to0.01-high0.1to0.5-seed1-coloc-tl3600.out
9|2|20|0.1|1090,9,9-200-40,0.1,$\theta=0.1$,Str1+VI1,True,0.16,5.0,0.0,0.0150722761846517,t2-pmed9-r2-R20-theta0.1-bbnc-i-e-l-facility-mixture-lh1090-low0.001to0.01-high0.1to0.5-seed1-coloc-tl3600.out
9|2|20|0.1|5050,9,9-200-40,0.1,$\theta=0.1$,Str1+VI1,True,0.19,27.0,0.0,0.221312911924574,t2-pmed9-r2-R20-theta0.1-bbnc-i-e-l-facility-mixture-lh5050-low0.001to0.01-high0.1to0.5-seed1-coloc-tl3600.out
9|2|20|0.1|9010,9,9-200-40,0.1,$\theta=0.1$,Str1+VI1,True,0.16,51.0,0.0,0.0227207831843557,t2-pmed9-r2-R20-theta0.1-bbnc-i-e-l-facility-mixture-lh9010-low0.001to0.01-high0.1to0.5-seed1-coloc-tl3600.out
9|2|20|0.2|1090,9,9-200-40,0.2,$\theta=0.2$,Str0+VI0,True,2.58,1833.0,0.0,0.718178018305737,t2-pmed9-r2-R20-theta0.2-bbnc-i-facility-mixture-lh1090-low0.001to0.01-high0.1to0.5-seed1-coloc-tl3600.out
9|2|20|0.2|5050,9,9-200-40,0.2,$\theta=0.2$,Str0+VI0,True,1.5,536.0,0.0,0.904158155173473,t2-pmed9-r2-R20-theta0.2-bbnc-i-facility-mixture-lh5050-low0.001to0.01-high0.1to0.5-seed1-coloc-tl3600.out
9|2|20|0.2|9010,9,9-200-40,0.2,$\theta=0.2$,Str0+VI0,True,0.74,482.0,0.0,0.239767028736933,t2-pmed9-r2-R20-theta0.2-bbnc-i-facility-mixture-lh9010-low0.001to0.01-high0.1to0.5-seed1-coloc-tl3600.out
9|2|20|0.2|1090,9,9-200-40,0.2,$\theta=0.2$,Str0+VI1,True,0.16,8.0,0.0,0.0372168226748298,t2-pmed9-r2-R20-theta0.2-bbnc-i-l-facility-mixture-lh1090-low0.001to0.01-high0.1to0.5-seed1-coloc-tl3600.out
9|2|20|0.2|5050,9,9-200-40,0.2,$\theta=0.2$,Str0+VI1,True,0.17,26.0,0.0,0.167674218884835,t2-pmed9-r2-R20-theta0.2-bbnc-i-l-facility-mixture-lh5050-low0.001to0.01-high0.1to0.5-seed1-coloc-tl3600.out
9|2|20|0.2|9010,9,9-200-40,0.2,$\theta=0.2$,Str0+VI1,True,0.08,0.0,0.0,0.0,t2-pmed9-r2-R20-theta0.2-bbnc-i-l-facility-mixture-lh9010-low0.001to0.01-high0.1to0.5-seed1-coloc-tl3600.out
9|2|20|0.2|1090,9,9-200-40,0.2,$\theta=0.2$,Str1+VI0,True,2.07,1020.0,0.0,0.726584165174041,t2-pmed9-r2-R20-theta0.2-bbnc-i-e-facility-mixture-lh1090-low0.001to0.01-high0.1to0.5-seed1-coloc-tl3600.out
9|2|20|0.2|5050,9,9-200-40,0.2,$\theta=0.2$,Str1+VI0,True,1.87,981.0,0.0,0.707945314117598,t2-pmed9-r2-R20-theta0.2-bbnc-i-e-facility-mixture-lh5050-low0.001to0.01-high0.1to0.5-seed1-coloc-tl3600.out
9|2|20|0.2|9010,9,9-200-40,0.2,$\theta=0.2$,Str1+VI0,True,0.86,485.0,0.0,0.27773041679705,t2-pmed9-r2-R20-theta0.2-bbnc-i-e-facility-mixture-lh9010-low0.001to0.01-high0.1to0.5-seed1-coloc-tl3600.out
9|2|20|0.2|1090,9,9-200-40,0.2,$\theta=0.2$,Str1+VI1,True,0.14,4.0,0.0,0.0,t2-pmed9-r2-R20-theta0.2-bbnc-i-e-l-facility-mixture-lh1090-low0.001to0.01-high0.1to0.5-seed1-coloc-tl3600.out
9|2|20|0.2|5050,9,9-200-40,0.2,$\theta=0.2$,Str1+VI1,True,0.13,24.0,0.0,0.171713333260682,t2-pmed9-r2-R20-theta0.2-bbnc-i-e-l-facility-mixture-lh5050-low0.001to0.01-high0.1to0.5-seed1-coloc-tl3600.out
9|2|20|0.2|9010,9,9-200-40,0.2,$\theta=0.2$,Str1+VI1,True,0.09,0.0,0.0,0.0,t2-pmed9-r2-R20-theta0.2-bbnc-i-e-l-facility-mixture-lh9010-low0.001to0.01-high0.1to0.5-seed1-coloc-tl3600.out
