Version identifier: 20.1.0.0 | 2020-11-10 | 9bedb6d68
CPXPARAM_Threads                                 1
CPXPARAM_TimeLimit                               3600
CPXPARAM_MIP_Tolerances_MIPGap                   0
Generic callback                                 0x60
1 of 1 MIP starts provided solutions.
MIP start 'm1' defined initial solution with objective 666.9115.
Tried aggregator 2 times.
MIP Presolve eliminated 13 rows and 8 columns.
MIP Presolve modified 205 coefficients.
Aggregator did 5 substitutions.
Reduced MIP has 2119 rows, 2787 columns, and 12647 nonzeros.
Reduced MIP has 696 binaries, 691 generals, 0 SOSs, and 0 indicators.
Presolve time = 0.01 sec. (5.14 ticks)
Probing time = 0.00 sec. (0.69 ticks)
Tried aggregator 1 time.
Reduced MIP has 2119 rows, 2787 columns, and 12647 nonzeros.
Reduced MIP has 696 binaries, 691 generals, 0 SOSs, and 0 indicators.
Presolve time = 0.00 sec. (3.04 ticks)
Probing time = 0.00 sec. (0.69 ticks)
MIP emphasis: balance optimality and feasibility.
MIP search method: dynamic search.
Parallel mode: none, using 1 thread.
Root relaxation solution time = 0.03 sec. (35.57 ticks)

        Nodes                                         Cuts/
   Node  Left     Objective  IInf  Best Integer    Best Bound    ItCnt     Gap

*     0+    0                          666.9115      700.0000             4.96%
      0     0      681.5588   322      666.9115      681.5588     1667    2.20%
      0     0      672.4845   519      666.9115     Cuts: 507     2171    0.84%
      0     0      672.0521   553      666.9115     Cuts: 313     2531    0.77%
      0     0      671.9525   625      666.9115     Cuts: 231     2785    0.76%
      0     0      671.8831   675      666.9115     Cuts: 179     2995    0.75%
      0     0      671.8346   709      666.9115     Cuts: 237     3226    0.74%
      0     0      671.7768   689      666.9115     Cuts: 175     3526    0.73%
      0     0      671.7458   727      666.9115     Cuts: 195     3828    0.72%
      0     0      671.7088   715      666.9115     Cuts: 160     4064    0.72%
      0     0      671.6849   743      666.9115     Cuts: 166     4245    0.72%
      0     0      671.6818   755      666.9115 UserPurge2: 29     4346    0.72%
      0     0      671.6814   747      666.9115 UserPurge2: 10     4378    0.72%
      0     0      671.6812   749      666.9115 UserPurge2: 4     4396    0.72%
      0     0      671.6809   757      666.9115 UserPurge2: 5     4426    0.72%
      0     0      671.6808   759      666.9115 UserPurge2: 2     4440    0.72%
      0     0      671.6808   755      666.9115 UserPurge2: 16     4452    0.72%
      0     0      671.6807   761      666.9115 UserPurge2: 2     4470    0.72%
      0     0      671.6807   757      666.9115 UserPurge2: 1     4476    0.72%
      0     0      671.6806   749      666.9115 UserPurge2: 1     4488    0.72%
      0     0      671.6806   753      666.9115 UserPurge2: 2     4490    0.72%
      0     2      671.6806   753      666.9115      671.6797     4490    0.71%
Elapsed time = 4.98 sec. (4870.83 ticks, tree = 0.01 MB, solutions = 1)
      5     7      671.4153   757      666.9115      671.6787     5850    0.71%
      8    10      671.4134   636      666.9115      671.6787     6496    0.71%
     10    12      671.2836   700      666.9115      671.6787     7463    0.71%
     13    15      671.1591   668      666.9115      671.6787     8574    0.71%
     16    18      671.0973   633      666.9115      671.6787     9193    0.71%
     20    22      670.9324   653      666.9115      671.6787    10241    0.71%
     24    26      670.7646   624      666.9115      671.6787    11160    0.71%
     27    29      670.6611   634      666.9115      671.6787    12323    0.71%
     30    32      670.5922   614      666.9115      671.6787    12932    0.71%
     47    49      670.1254   574      666.9115      671.6787    15461    0.71%
Elapsed time = 10.84 sec. (10048.86 ticks, tree = 0.44 MB, solutions = 1)
     71    73      669.4930   543      666.9115      671.6787    19066    0.71%
    100   102      668.7398   462      666.9115      671.6787    22165    0.71%
    130   132      667.6138   401      666.9115      671.6787    25632    0.71%
    186   183      671.6216   786      666.9115      671.6216    29146    0.71%
    192   189      671.4338   800      666.9115      671.5836    31391    0.70%
    198   195      671.3765   738      666.9115      671.5836    33916    0.70%
    200   197      671.2866   733      666.9115      671.5836    34818    0.70%
    210   207      670.7515   702      666.9115      671.5836    37105    0.70%
    220   217      670.3999   623      666.9115      671.5836    39917    0.70%
    235   232      670.1660   580      666.9115      671.5836    42903    0.70%
Elapsed time = 25.10 sec. (21565.37 ticks, tree = 0.89 MB, solutions = 1)
    254   251      669.8730   504      666.9115      671.5836    44992    0.70%
    280   277      669.0421   460      666.9115      671.5836    47903    0.70%
    332   329      667.3884   377      666.9115      671.5836    51331    0.70%
    354   343      671.4014   773      666.9115      671.5380    53851    0.69%
    360   349      671.2410   766      666.9115      671.5380    55995    0.69%
    368   357      670.6598   718      666.9115      671.5380    58565    0.69%
    375   364      670.2386   699      666.9115      671.5380    60877    0.69%
    384   373      669.8165   685      666.9115      671.5380    63001    0.69%
    396   385      669.5891   597      666.9115      671.5380    65655    0.69%
    405   394      671.3326   784      666.9115      671.5380    67881    0.69%
Elapsed time = 37.55 sec. (32807.13 ticks, tree = 1.24 MB, solutions = 1)
    413   402      671.0388   759      666.9115      671.5380    70171    0.69%
    420   409      670.7325   764      666.9115      671.5380    72514    0.69%
    429   418      670.3044   729      666.9115      671.5380    75202    0.69%
    435   424      670.1633   713      666.9115      671.5380    77319    0.69%
    440   429      669.9614   720      666.9115      671.5380    78950    0.69%
    452   441      669.6134   691      666.9115      671.5380    81185    0.69%
    469   458      669.1606   603      666.9115      671.5380    83699    0.69%
    480   469      668.8319   596      666.9115      671.5380    84861    0.69%
    507   496      667.7257   584      666.9115      671.5380    87515    0.69%

Performing restart 1

Repeating presolve.
Tried aggregator 1 time.
MIP Presolve modified 174 coefficients.
Reduced MIP has 2119 rows, 2787 columns, and 12647 nonzeros.
Reduced MIP has 696 binaries, 691 generals, 0 SOSs, and 0 indicators.
Presolve time = 0.00 sec. (3.16 ticks)
Tried aggregator 1 time.
Reduced MIP has 2119 rows, 2787 columns, and 12647 nonzeros.
Reduced MIP has 696 binaries, 691 generals, 0 SOSs, and 0 indicators.
Presolve time = 0.00 sec. (3.13 ticks)
Represolve time = 0.04 sec. (24.96 ticks)
    525     0      670.2215   477      666.9115     Cuts: 290    92904    0.50%
    525     0      670.1063   491      666.9115     Cuts: 230    93170    0.48%
    525     0      669.9740   499      666.9115     Cuts: 422    93636    0.46%
    525     0      669.8935   528      666.9115     Cuts: 231    94061    0.45%
    525     0      669.8237   559      666.9115     Cuts: 257    94480    0.44%
    525     0      669.7466   563      666.9115     Cuts: 222    94954    0.43%
    525     0      669.6926   591      666.9115     Cuts: 196    95351    0.42%
    525     0      669.6491   582      666.9115     Cuts: 219    95762    0.41%
    525     0      669.6124   567      666.9115     Cuts: 222    96082    0.40%
    525     0      669.5861   593      666.9115     Cuts: 175    96373    0.40%
    525     0      669.5403   623      666.9115     Cuts: 169    96779    0.39%
    525     0      669.5099   605      666.9115     Cuts: 209    97143    0.39%
    525     0      669.4915   623      666.9115     Cuts: 225    97457    0.39%
    525     0      669.4713   623      666.9115     Cuts: 198    97805    0.38%
    525     0      669.4592   644      666.9115     Cuts: 144    98084    0.38%
    525     0      669.4395   638      666.9115     Cuts: 170    98450    0.38%
    525     0      669.4375   632      666.9115 UserPurge2: 26    98522    0.38%
    525     0      669.4373   635      666.9115 UserPurge2: 12    98549    0.38%
    525     0      669.4371   626      666.9115 UserPurge2: 9    98583    0.38%
    525     0      669.4370   630      666.9115 UserPurge2: 3    98594    0.38%
    525     0      669.4370   634      666.9115 UserPurge2: 1    98597    0.38%
    525     0      669.4370   630      666.9115 UserPurge2: 1    98609    0.38%
    525     0      669.4369   632      666.9115 UserPurge2: 2    98621    0.38%
    525     0      669.4369   630      666.9115 UserPurge2: 9    98636    0.38%
    525     2      669.4369   630      666.9115      669.4368    98636    0.38%
Elapsed time = 62.75 sec. (56758.19 ticks, tree = 0.01 MB, solutions = 1)
    526     3      669.3987   603      666.9115      669.4359    98890    0.38%
    527     4      669.3903   606      666.9115      669.3986    99305    0.37%
    528     5      669.3696   588      666.9115      669.3985    99641    0.37%
    529     6      669.3559   592      666.9115      669.3902    99789    0.37%
    530     7      669.3437   559      666.9115      669.3902   100465    0.37%
    531     8      669.3382   584      666.9115      669.3902   101191    0.37%
    532     9      669.3341   552      666.9115      669.3902   101513    0.37%
    533    10      669.1969   528      666.9115      669.3902   102350    0.37%
    535    12      669.1499   528      666.9115      669.3902   103194    0.37%
    543    20      669.0084   515      666.9115      669.3902   104737    0.37%
Elapsed time = 89.79 sec. (86626.36 ticks, tree = 0.13 MB, solutions = 1)
    548    25      668.9806   477      666.9115      669.3902   105871    0.37%
    550    27      668.7528   581      666.9115      669.3902   107441    0.37%
    551    28      668.8274   569      666.9115      669.3902   108116    0.37%
    556    33      668.6039   508      666.9115      669.3902   109726    0.37%
    565    42      668.6458   480      666.9115      669.3902   111362    0.37%
    575    52      668.5488   474      666.9115      669.3902   114713    0.37%
    584    61      668.3961   436      666.9115      669.3902   117052    0.37%
    596    73      668.4522   425      666.9115      669.3902   118245    0.37%
    607    84      668.3566   425      666.9115      669.3902   119893    0.37%
    625   102      668.0418   404      666.9115      669.3902   122227    0.37%
Elapsed time = 102.05 sec. (98822.34 ticks, tree = 1.55 MB, solutions = 1)
    648   125      668.0467   331      666.9115      669.3902   124913    0.37%
    675   152      667.4249   339      666.9115      669.3902   127778    0.37%
    692   169      667.1653   317      666.9115      669.3902   129438    0.37%
    725   198      666.9506   286      666.9115      669.3902   132219    0.37%
    739   202      669.2004   662      666.9115      669.3899   133293    0.37%
    745   208      669.0059   629      666.9115      669.3899   134695    0.37%
    750   213      668.9443   669      666.9115      669.3899   136210    0.37%
    753   216      668.9046   637      666.9115      669.3899   137360    0.37%
    760   223      668.7837   597      666.9115      669.3899   139000    0.37%
    765   228      668.7427   556      666.9115      669.3899   140088    0.37%
Elapsed time = 114.61 sec. (110854.34 ticks, tree = 3.72 MB, solutions = 1)
    773   236      668.6730   527      666.9115      669.3899   141953    0.37%
    781   244      668.4771   530      666.9115      669.3899   144316    0.37%
    791   254      668.3206   476      666.9115      669.3899   147095    0.37%
    800   263      668.1070   483      666.9115      669.3899   149230    0.37%
    814   277      668.2088   464      666.9115      669.3899   151565    0.37%
    827   290      668.0562   417      666.9115      669.3899   154324    0.37%
    844   307      667.8783   394      666.9115      669.3899   157398    0.37%
    855   318      667.2659   349      666.9115      669.3899   158988    0.37%
    879   339        cutoff            666.9115      669.3899   161778    0.37%
    890   342      669.2223   665      666.9115      669.3559   163882    0.37%
Elapsed time = 125.17 sec. (120998.98 ticks, tree = 4.65 MB, solutions = 1)
    896   348      669.1450   662      666.9115      669.3559   165995    0.37%
    900   352      669.0854   674      666.9115      669.3559   168166    0.37%
    908   360      668.8715   664      666.9115      669.3559   170345    0.37%
    916   368      668.8921   646      666.9115      669.3559   172812    0.37%
    925   377      668.5157   626      666.9115      669.3559   176384    0.37%
    931   383      669.1443   670      666.9115      669.3552   178145    0.37%
    937   389      668.9835   661      666.9115      669.3552   180459    0.37%
    950   402      668.5826   628      666.9115      669.3552   182917    0.37%
    965   417      667.9476   588      666.9115      669.3552   185002    0.37%
    976   428      667.6426   561      666.9115      669.3552   186727    0.37%
Elapsed time = 139.41 sec. (135370.42 ticks, tree = 5.34 MB, solutions = 1)
   1003   443      669.2697   703      666.9115      669.3519   189562    0.37%
   1005   445      669.1424   658      666.9115      669.3519   190252    0.37%
   1015   455      669.0381   613      666.9115      669.3519   192737    0.37%
   1027   467      668.5626   627      666.9115      669.3519   195506    0.37%
   1037   477      668.5187   609      666.9115      669.3519   197582    0.37%
   1045   485      668.4004   579      666.9115      669.3519   199427    0.37%
   1054   494      668.3522   556      666.9115      669.3519   201750    0.37%
   1066   506      668.2042   491      666.9115      669.3519   203974    0.37%
   1085   525      667.8038   441      666.9115      669.3519   206355    0.37%
   1145   577      668.9269   624      666.9115      669.3400   215123    0.36%
Elapsed time = 154.10 sec. (149520.09 ticks, tree = 9.12 MB, solutions = 1)
   1170   602      668.6359   575      666.9115      669.3400   222842    0.36%
   1273   705      667.1099   354      666.9115      669.3400   231708    0.36%
   1342   756      668.7189   580      666.9115      669.3381   240607    0.36%
   1441   855      667.5878   390      666.9115      669.3381   251485    0.36%
   1546   931      667.1064   514      666.9115      669.3341   261239    0.36%
   1581   960      668.8907   581      666.9115      669.3283   267270    0.36%
   1640  1019      667.8166   495      666.9115      669.3283   276638    0.36%
   1725  1082      668.7736   632      666.9115      669.3216   284838    0.36%
   1776  1119      669.1696   644      666.9115      669.3195   292126    0.36%
   1807  1150      668.8340   554      666.9115      669.3195   298663    0.36%
Elapsed time = 196.10 sec. (189019.71 ticks, tree = 26.25 MB, solutions = 1)
   1885  1228      667.9313   428      666.9115      669.3195   308870    0.36%
   1998  1321      668.9515   597      666.9115      669.3145   316595    0.36%
   2065  1372      669.2018   588      666.9115      669.3120   324582    0.36%
   2120  1427      668.7401   508      666.9115      669.3120   333764    0.36%
   2201  1508      667.5673   410      666.9115      669.3120   342782    0.36%
   2353  1622      668.5566   491      666.9115      669.3025   352544    0.36%
   2421  1674      668.7697   548      666.9115      669.2993   361621    0.36%
   2495  1748      668.0762   437      666.9115      669.2993   371697    0.36%
   2624  1871      669.1342   619      666.9115      669.2988   382399    0.36%
   2682  1929      667.9215   510      666.9115      669.2988   392175    0.36%
Elapsed time = 238.75 sec. (227582.41 ticks, tree = 51.92 MB, solutions = 1)
   2769  1997      669.0656   690      666.9115      669.2987   401505    0.36%
   2834  2062      668.4230   492      666.9115      669.2987   410813    0.36%
   3000  2183      669.0811   611      666.9115      669.2936   421686    0.36%
   3072  2244      669.0244   580      666.9115      669.2842   430532    0.36%
   3151  2323      668.1507   434      666.9115      669.2842   441019    0.36%
   3388  2536      669.1293   618      666.9115      669.2738   452841    0.35%
   3453  2593      669.0640   595      666.9115      669.2697   460570    0.35%
   3505  2645      668.8895   461      666.9115      669.2697   468380    0.35%
   3609  2749      667.4752   335      666.9115      669.2697   479069    0.35%
   3739  2849      668.5179   470      666.9115      669.2693   488599    0.35%
Elapsed time = 281.96 sec. (266052.38 ticks, tree = 82.69 MB, solutions = 1)
   3811  2913      668.7502   500      666.9115      669.2688   498504    0.35%
   3906  3008      667.3930   368      666.9115      669.2688   509578    0.35%
   4049  3090      668.9607   695      666.9115      669.2636   520161    0.35%
   4108  3149      668.0434   530      666.9115      669.2636   529430    0.35%
   4188  3219      669.0562   625      666.9115      669.2636   538262    0.35%
   4253  3284      668.6494   464      666.9115      669.2636   547641    0.35%
   4370  3378      668.5396   650      666.9115      669.2632   558506    0.35%
   4443  3451      667.3230   505      666.9115      669.2632   567725    0.35%
   4539  3525      668.9764   673      666.9115      669.2629   577147    0.35%
   4601  3587      668.2685   512      666.9115      669.2629   586388    0.35%
Elapsed time = 324.24 sec. (304781.90 ticks, tree = 106.99 MB, solutions = 1)
   4695  3669      668.7994   524      666.9115      669.2620   596457    0.35%
   4765  3731      668.8379   554      666.9115      669.2586   606027    0.35%
   4844  3810      667.9505   426      666.9115      669.2586   616109    0.35%
   4972  3918      668.6400   509      666.9115      669.2542   626602    0.35%
   5030  3961      669.0392   588      666.9115      669.2540   634178    0.35%
   5083  4014      668.3685   447      666.9115      669.2540   642922    0.35%
   5183  4094      668.5872   530      666.9115      669.2531   652699    0.35%
   5257  4155      668.4406   547      666.9115      669.2506   662206    0.35%
   5349  4247      666.9548   387      666.9115      669.2506   673263    0.35%
   5400  4288      668.7291   513      666.9115      669.2493   680877    0.35%
Elapsed time = 366.11 sec. (343527.00 ticks, tree = 130.41 MB, solutions = 1)
   5478  4366      668.0297   416      666.9115      669.2493   691206    0.35%
   5572  4439      669.0564   543      666.9115      669.2491   701728    0.35%
   5650  4517      668.4340   431      666.9115      669.2491   712177    0.35%
   5802  4649      668.8875   473      666.9115      669.2490   723218    0.35%
*  6139  4341      integral     0      667.2213      669.2490   731767    0.30%
   6208  4399      668.7020   498      667.2213      669.2473   739205    0.30%
   6274  4454      668.6968   585      667.2213      669.2465   748039    0.30%
   6334  4514      668.2910   455      667.2213      669.2465   757374    0.30%
   6453  4614      668.4159   474      667.2213      669.2461   768260    0.30%
   6544  4685      669.1668   674      667.2213      669.2460   777196    0.30%
Elapsed time = 408.76 sec. (381310.01 ticks, tree = 145.18 MB, solutions = 2)
   6648  4777      668.9295   526      667.2213      669.2459   787077    0.30%
   6719  4844      668.6887   582      667.2213      669.2458   796186    0.30%
   6785  4910      667.8614   474      667.2213      669.2458   805932    0.30%
   6891  5007      667.9836   436      667.2213      669.2449   816374    0.30%
   6981  5080      669.1183   626      667.2213      669.2436   825896    0.30%
   7057  5145      668.7675   525      667.2213      669.2432   833564    0.30%
   7124  5201      668.8179   580      667.2213      669.2431   841844    0.30%
   7202  5279      667.3158   435      667.2213      669.2431   852088    0.30%
   7296  5340      669.0097   632      667.2213      669.2423   861064    0.30%
   7392  5416      668.1784   527      667.2213      669.2418   870743    0.30%
Elapsed time = 449.63 sec. (419665.15 ticks, tree = 169.38 MB, solutions = 2)
   7474  5477      669.0822   617      667.2213      669.2409   878928    0.30%
   7537  5540      668.5190   465      667.2213      669.2409   888728    0.30%
   7665  5628      669.1264   683      667.2213      669.2403   899232    0.30%
   7755  5718      668.0834   293      667.2213      669.2403   907238    0.30%
   8032  5989      667.4478   498      667.2213      669.2395   918092    0.30%
   8125  6066      668.5089   457      667.2213      669.2370   927346    0.30%
   8215  6141      668.5861   516      667.2213      669.2368   937302    0.30%
   8325  6223      669.0929   617      667.2213      669.2368   948317    0.30%
   8424  6311      669.1331   629      667.2213      669.2339   958073    0.30%
   8517  6389      668.2862   516      667.2213      669.2328   967974    0.30%
Elapsed time = 492.27 sec. (458266.83 ticks, tree = 201.79 MB, solutions = 2)
   8585  6449      668.6743   540      667.2213      669.2322   976285    0.30%
   8681  6544      667.2617   358      667.2213      669.2322   987823    0.30%
   8769  6614      668.9824   576      667.2213      669.2317   996328    0.30%
   8847  6687      667.3358   550      667.2213      669.2313  1005726    0.30%
   8925  6751      668.9029   605      667.2213      669.2299  1013464    0.30%
   8987  6813      668.2824   482      667.2213      669.2299  1021916    0.30%
   9084  6888      668.4999   611      667.2213      669.2299  1031878    0.30%
   9187  6971      669.0107   587      667.2213      669.2289  1041719    0.30%
   9267  7043      668.8945   644      667.2213      669.2285  1051448    0.30%
   9325  7101      668.5257   481      667.2213      669.2285  1060549    0.30%
Elapsed time = 533.92 sec. (497619.75 ticks, tree = 225.29 MB, solutions = 2)
   9458  7225      669.1006   571      667.2213      669.2282  1071093    0.30%
   9534  7288      667.9963   517      667.2213      669.2279  1079201    0.30%
   9640  7356      668.8930   616      667.2213      669.2276  1087757    0.30%
   9710  7418      668.8679   529      667.2213      669.2267  1096402    0.30%
   9792  7499      667.2576   398      667.2213      669.2267  1106153    0.30%
   9885  7571      668.8543   564      667.2213      669.2263  1114772    0.30%
   9982  7652      667.5700   482      667.2213      669.2258  1124748    0.30%
  10076  7722      668.6025   645      667.2213      669.2248  1134167    0.30%
  10128  7774      668.3226   500      667.2213      669.2248  1142614    0.30%
  10225  7859      669.0759   553      667.2213      669.2241  1152700    0.30%
Elapsed time = 575.15 sec. (536134.15 ticks, tree = 250.44 MB, solutions = 2)
  10330  7946      667.5053   441      667.2213      669.2236  1162897    0.30%
  10424  8028      668.5046   493      667.2213      669.2231  1172877    0.30%
  10485  8085      668.8809   448      667.2213      669.2208  1182721    0.30%
  10573  8172      667.4033   343      667.2213      669.2208  1193917    0.30%
  10667  8245      668.8778   466      667.2213      669.2206  1203599    0.30%
  10760  8322      668.9574   604      667.2213      669.2201  1213128    0.30%
  10959  8521      667.6823    80      667.2213      669.2201  1222469    0.30%
  11025  8587      667.3598    28      667.2213      669.2201  1223485    0.30%
  11026  8588      669.1010   604      667.2213      669.2198  1223793    0.30%
  11027  8589      669.0949   555      667.2213      669.2197  1224079    0.30%
Elapsed time = 630.10 sec. (585813.52 ticks, tree = 275.11 MB, solutions = 2)
  11126  8675      668.2687   458      667.2213      669.2190  1233805    0.30%
  11234  8756      669.0705   642      667.2213      669.2183  1243803    0.30%
  11283  8805      668.6073   501      667.2213      669.2183  1253174    0.30%
  11386  8892      669.0243   628      667.2213      669.2178  1264045    0.30%
  11488  8979      668.2078   527      667.2213      669.2173  1273879    0.30%
  11557  9038      667.6367   526      667.2213      669.2169  1281705    0.30%
  11641  9104      668.6638   622      667.2213      669.2153  1290683    0.30%
  11683  9146      668.3454   521      667.2213      669.2153  1298443    0.30%
  11758  9215      668.7587   559      667.2213      669.2153  1307977    0.30%
  11863  9307      667.2686   456      667.2213      669.2153  1318536    0.30%
Elapsed time = 670.99 sec. (624220.03 ticks, tree = 298.22 MB, solutions = 2)
  11956  9381      668.1756   514      667.2213      669.2148  1327781    0.30%
  12031  9447      668.4267   572      667.2213      669.2146  1337393    0.30%
  12122  9532      668.6689   555      667.2213      669.2145  1347175    0.30%
  12207  9603      668.8474   634      667.2213      669.2135  1355998    0.30%
  12450  9841      668.9012   661      667.2213      669.2132  1367119    0.30%
  12532  9912      668.8704   564      667.2213      669.2132  1376160    0.30%
  12606  9986      667.9580   448      667.2213      669.2132  1385779    0.30%
  12717 10063      667.7285   545      667.2213      669.2130  1395318    0.30%
  12783 10117      668.9505   517      667.2213      669.2114  1402219    0.30%
  12872 10195      669.0693   585      667.2213      669.2103  1411783    0.30%
Elapsed time = 712.61 sec. (662647.34 ticks, tree = 327.83 MB, solutions = 2)
  12939 10262      668.0588   440      667.2213      669.2103  1421598    0.30%
  13049 10352      669.1602   547      667.2213      669.2102  1432268    0.30%
  13125 10407      667.9101   577      667.2213      669.2101  1440216    0.30%
  13170 10445      668.3668   562      667.2213      669.2096  1446702    0.30%
  13238 10501      668.9309   508      667.2213      669.2096  1455586    0.30%
  13325 10588      667.5516   388      667.2213      669.2096  1466277    0.30%
  13425 10654      668.9104   479      667.2213      669.2088  1475288    0.30%
  13523 10729      669.2026   677      667.2213      669.2084  1484911    0.30%
  13572 10773      669.1458   637      667.2213      669.2079  1491400    0.30%
  13609 10810      668.6298   613      667.2213      669.2079  1499102    0.30%
Elapsed time = 752.41 sec. (701277.66 ticks, tree = 346.65 MB, solutions = 2)
  13651 10852      667.8650   485      667.2213      669.2079  1507620    0.30%
  13735 10914      667.7463   489      667.2213      669.2077  1516708    0.30%
  13849 11017      668.0896   283      667.2213      669.2071  1525748    0.30%
  14061 11212      667.2546   428      667.2213      669.2059  1536024    0.30%
  14109 11247      669.1118   579      667.2213      669.2056  1542147    0.30%
  14163 11301      668.5442   440      667.2213      669.2056  1550302    0.30%
  14290 11394      668.9099   627      667.2213      669.2056  1561266    0.30%
  14375 11473      667.8755   544      667.2213      669.2054  1570939    0.30%
  14463 11541      668.7872   567      667.2213      669.2051  1579163    0.30%
  14519 11593      668.5071   558      667.2213      669.2044  1587285    0.30%
Elapsed time = 793.41 sec. (739945.65 ticks, tree = 372.59 MB, solutions = 2)
  14609 11668      667.2219   348      667.2213      669.2044  1596552    0.30%
  14701 11738      667.5135   518      667.2213      669.2041  1605901    0.30%
  14796 11818      668.6546   537      667.2213      669.2040  1615815    0.30%
  14876 11886      668.6452   534      667.2213      669.2038  1625749    0.30%
  14962 11972      667.4555   364      667.2213      669.2038  1636010    0.30%
  15095 12057      668.3593   580      667.2213      669.2024  1646132    0.30%
  15181 12121      668.8870   597      667.2213      669.2011  1655424    0.30%
  15248 12186      668.7115   558      667.2213      669.2010  1664369    0.30%
  15326 12255      669.0251   581      667.2213      669.2010  1674551    0.30%
  15571 12500      667.3473    56      667.2213      669.2010  1685124    0.30%
Elapsed time = 835.51 sec. (778412.27 ticks, tree = 402.70 MB, solutions = 2)
  15716 12628      667.9999   502      667.2213      669.2000  1695010    0.30%
  15803 12692      668.7934   530      667.2213      669.1998  1703514    0.30%
  15882 12771      668.0280   372      667.2213      669.1998  1714146    0.30%
  16015 12866      667.2446   478      667.2213      669.1995  1724603    0.30%
  16113 12952      667.8161   501      667.2213      669.1983  1734723    0.30%
  16199 13023      668.8096   512      667.2213      669.1974  1744157    0.30%
  16296 13110      668.9067   560      667.2213      669.1973  1754412    0.30%
  16405 13192      669.1333   612      667.2213      669.1970  1764193    0.30%
  16494 13266      669.1056   569      667.2213      669.1968  1774047    0.30%
  16547 13319      668.3685   443      667.2213      669.1968  1782499    0.30%
Elapsed time = 877.09 sec. (816981.16 ticks, tree = 429.77 MB, solutions = 2)
  16640 13396      669.0122   603      667.2213      669.1965  1793245    0.30%
  16744 13493      667.5289   479      667.2213      669.1965  1803106    0.30%
  16837 13560      668.8190   517      667.2213      669.1962  1812599    0.30%
  16925 13648      667.9281   351      667.2213      669.1962  1822727    0.30%
  17062 13753      668.3946   477      667.2213      669.1954  1831870    0.30%
  17178 13842      668.5052   515      667.2213      669.1949  1842161    0.30%
  17275 13918      668.4430   616      667.2213      669.1941  1852215    0.30%
  17325 13968      667.8362   471      667.2213      669.1941  1859995    0.30%
  17423 14043      668.7454   584      667.2213      669.1933  1870342    0.30%
  17523 14126      669.0679   643      667.2213      669.1930  1880740    0.30%
Elapsed time = 918.94 sec. (855614.76 ticks, tree = 456.50 MB, solutions = 2)
  17591 14184      668.6385   661      667.2213      669.1923  1889770    0.30%
  17634 14227      668.1833   519      667.2213      669.1923  1897365    0.30%
  17724 14307      667.6571   531      667.2213      669.1921  1907398    0.30%
  17799 14372      668.9583   523      667.2213      669.1915  1916634    0.30%
  17885 14440      669.0737   594      667.2213      669.1896  1926617    0.30%
  17949 14504      668.3728   457      667.2213      669.1896  1936489    0.30%
  18073 14596      668.9518   612      667.2213      669.1896  1946773    0.30%
  18183 14693      667.3955   506      667.2213      669.1894  1956950    0.29%
  18283 14764      668.9535   555      667.2213      669.1890  1965425    0.29%
  18593 15067      668.8528   665      667.2213      669.1887  1976105    0.29%
Elapsed time = 961.25 sec. (894233.53 ticks, tree = 481.74 MB, solutions = 2)
  18649 15123      668.6659   538      667.2213      669.1887  1985172    0.29%
  18721 15188      668.7645   549      667.2213      669.1886  1993778    0.29%
  18794 15255      667.2388   461      667.2213      669.1879  2002089    0.29%
  18869 15314      668.8507   556      667.2213      669.1870  2010069    0.29%
  18925 15366      668.9659   524      667.2213      669.1869  2018351    0.29%
  19005 15446      667.3121   430      667.2213      669.1869  2029245    0.29%
  19106 15522      668.6304   625      667.2213      669.1867  2039102    0.29%
  19171 15578      668.3751   461      667.2213      669.1865  2046547    0.29%
  19255 15644      669.0125   529      667.2213      669.1864  2056365    0.29%
  19325 15714      667.8174   416      667.2213      669.1864  2066802    0.29%
Elapsed time = 1001.47 sec. (933030.77 ticks, tree = 500.43 MB, solutions = 2)
  19424 15786      668.8138   653      667.2213      669.1858  2076665    0.29%
  19483 15842      668.2152   502      667.2213      669.1856  2083445    0.29%
  19555 15892      668.8472   631      667.2213      669.1851  2092075    0.29%
  19614 15951      668.1019   477      667.2213      669.1851  2101526    0.29%
  19709 16032      667.6192   485      667.2213      669.1848  2111530    0.29%
  19785 16082      668.8852   583      667.2213      669.1844  2118321    0.29%
  19974 16271      667.6276    74      667.2213      669.1844  2126402    0.29%
  20215 16490      668.9010   620      667.2213      669.1831  2135084    0.29%
  20286 16561      668.0956   506      667.2213      669.1831  2145070    0.29%
  20396 16653      667.5559   552      667.2213      669.1818  2155041    0.29%
Elapsed time = 1043.39 sec. (971528.42 ticks, tree = 529.77 MB, solutions = 2)
  20479 16714      668.8004   570      667.2213      669.1806  2163479    0.29%
  20571 16787      667.2473   461      667.2213      669.1806  2172110    0.29%
  20618 16830      668.8141   552      667.2213      669.1799  2179603    0.29%
  20715 16916      667.2794   347      667.2213      669.1799  2189989    0.29%
  20812 16995      667.6917   518      667.2213      669.1793  2199576    0.29%
  20923 17073      667.9820   514      667.2213      669.1786  2210207    0.29%
  20964 17104      668.6894   567      667.2213      669.1785  2216254    0.29%
  21001 17141      668.3647   513      667.2213      669.1785  2224541    0.29%
  21102 17217      668.8470   509      667.2213      669.1782  2234399    0.29%
  21200 17290      669.0191   543      667.2213      669.1772  2244273    0.29%
Elapsed time = 1084.94 sec. (1009945.48 ticks, tree = 545.21 MB, solutions = 2)
  21297 17375      668.7670   632      667.2213      669.1765  2253836    0.29%
  21332 17410      668.4857   514      667.2213      669.1765  2259752    0.29%
  21416 17473      669.0000   561      667.2213      669.1760  2268643    0.29%

Performing restart 2

Repeating presolve.
Tried aggregator 1 time.
MIP Presolve modified 93 coefficients.
Reduced MIP has 2119 rows, 2787 columns, and 12647 nonzeros.
Reduced MIP has 696 binaries, 691 generals, 0 SOSs, and 0 indicators.
Presolve time = 0.00 sec. (3.15 ticks)
Tried aggregator 1 time.
Reduced MIP has 2119 rows, 2787 columns, and 12647 nonzeros.
Reduced MIP has 696 binaries, 691 generals, 0 SOSs, and 0 indicators.
Presolve time = 0.00 sec. (3.13 ticks)
Represolve time = 0.15 sec. (47.10 ticks)
  21529     0      669.3126   579      667.2213      Cuts: 68  2283262    0.29%
  21529     0      669.2986   586      667.2213      Cuts: 46  2283474    0.29%
  21529     0      669.2847   582      667.2213      Cuts: 70  2283724    0.29%
  21529     0      669.2785   590      667.2213      Cuts: 62  2283885    0.29%
  21529     0      669.2727   580      667.2213      Cuts: 46  2284065    0.29%
  21529     0      669.2690   571      667.2213      Cuts: 37  2284215    0.29%
  21529     0      669.2604   595      667.2213      Cuts: 51  2284365    0.29%
  21529     0      669.2514   617      667.2213      Cuts: 52  2284537    0.29%
  21529     0      669.2476   616      667.2213      Cuts: 53  2284691    0.29%
  21529     0      669.2425   605      667.2213      Cuts: 45  2284834    0.29%
  21529     0      669.2358   571      667.2213      Cuts: 58  2284983    0.29%
  21529     0      669.2326   574      667.2213      Cuts: 44  2285098    0.29%
  21529     0      669.2279   555      667.2213      Cuts: 48  2285261    0.29%
  21529     0      669.2250   596      667.2213      Cuts: 53  2285372    0.29%
  21529     0      669.2221   599      667.2213      Cuts: 43  2285512    0.29%
  21529     2      669.2221   601      667.2213      669.1754  2285512    0.29%
  21530     3      669.1965   561      667.2213      669.1754  2285846    0.29%
  21532     5      669.1352   516      667.2213      669.1754  2286691    0.29%
  21535     8      669.1394   512      667.2213      669.1754  2288544    0.29%
  21544    17      669.1224   459      667.2213      669.1754  2289956    0.29%
  21573    46      668.7971   312      667.2213      669.1754  2294789    0.29%
  21689   162      667.8944    64      667.2213      669.1754  2301868    0.29%
Elapsed time = 1137.20 sec. (1062166.00 ticks, tree = 0.50 MB, solutions = 2)
  21777   246      669.0404   581      667.2213      669.1728  2304883    0.29%
  21809   278      668.9753   434      667.2213      669.1725  2312031    0.29%
  21853   322      668.5481   292      667.2213      669.1725  2319527    0.29%
  21968   436      667.3436   120      667.2213      669.1725  2329902    0.29%
  22053   492      667.9843   356      667.2213      669.1706  2338721    0.29%
  22124   547      667.9022   299      667.2213      669.1648  2348146    0.29%
  22190   601      668.4236   401      667.2213      669.1645  2357958    0.29%
  22302   713      667.4573   198      667.2213      669.1645  2368957    0.29%
  22389   784      667.2855   280      667.2213      669.1547  2378147    0.29%
  22483   854      668.2901   405      667.2213      669.1515  2387888    0.29%
Elapsed time = 1174.37 sec. (1100715.94 ticks, tree = 2.06 MB, solutions = 2)
  22584   932      667.5083   317      667.2213      669.1512  2397753    0.29%
  22651   983      668.8016   369      667.2213      669.1509  2408728    0.29%
  22773  1097      668.8126   436      667.2213      669.1501  2419896    0.29%
  22860  1178      667.5594   354      667.2213      669.1494  2430281    0.29%
  22945  1252      668.7260   427      667.2213      669.1466  2441248    0.29%
  23012  1315      668.5685   428      667.2213      669.1461  2453066    0.29%
  23127  1430      667.2628   178      667.2213      669.1461  2465109    0.29%
  23228  1501      668.5620   425      667.2213      669.1400  2475580    0.29%
  23318  1587      668.5321   252      667.2213      669.1394  2485381    0.29%
* 23590  1845      integral     0      667.2226      669.1394  2492427    0.29%
Elapsed time = 1212.15 sec. (1138083.83 ticks, tree = 4.42 MB, solutions = 3)
  23652  1903      668.8209   508      667.2226      669.1351  2503174    0.29%
  23714  1965      667.9719   335      667.2226      669.1351  2514553    0.29%
  23814  2052      668.6790   438      667.2226      669.1332  2525714    0.29%
  23903  2126      668.9713   547      667.2226      669.1324  2536525    0.29%
  23980  2194      668.1500   379      667.2226      669.1317  2546541    0.29%
  24043  2247      668.5770   405      667.2226      669.1295  2557481    0.29%
  24132  2325      668.8682   430      667.2226      669.1286  2568641    0.29%
  24225  2412      667.2735   359      667.2226      669.1261  2578378    0.29%
  24301  2479      668.2815   344      667.2226      669.1224  2589400    0.28%
  24352  2527      668.6053   428      667.2226      669.1217  2599347    0.28%
Elapsed time = 1248.82 sec. (1176536.58 ticks, tree = 6.95 MB, solutions = 3)
  24428  2603      667.4689   256      667.2226      669.1217  2612210    0.28%
  24538  2679      668.8633   544      667.2226      669.1200  2622741    0.28%
  24619  2749      668.3511   405      667.2226      669.1199  2633208    0.28%
  24705  2819      668.9942   507      667.2226      669.1136  2644111    0.28%
  24755  2869      668.3423   322      667.2226      669.1136  2654760    0.28%
  24874  2982      668.9851   448      667.2226      669.1132  2667055    0.28%
  24966  3068      668.5322   245      667.2226      669.1128  2678011    0.28%
* 25192  3038      integral     0      667.3571      669.1128  2685256    0.26%
  25259  3099      668.5286   456      667.3571      669.1101  2695380    0.26%
  25323  3149      668.8669   462      667.3571      669.1047  2705946    0.26%
Elapsed time = 1285.47 sec. (1213411.58 ticks, tree = 8.21 MB, solutions = 4)
  25381  3207      668.1774   314      667.3571      669.1047  2718028    0.26%
  25479  3282      668.4227   403      667.3571      669.1016  2729265    0.26%
  25553  3338      668.9388   478      667.3571      669.1007  2738189    0.26%
  25628  3397      668.4804   396      667.3571      669.0968  2748040    0.26%
  25683  3440      668.2660   443      667.3571      669.0916  2758606    0.26%
  25766  3508      668.5764   366      667.3571      669.0913  2769962    0.26%
  25860  3580      669.0850   490      667.3571      669.0903  2779568    0.26%
  25946  3650      668.3758   393      667.3571      669.0848  2788812    0.26%
  26015  3709      668.2191   348      667.3571      669.0845  2799890    0.26%
  26119  3795      668.6179   432      667.3571      669.0837  2809952    0.26%
Elapsed time = 1322.02 sec. (1252033.47 ticks, tree = 9.71 MB, solutions = 4)
  26209  3872      668.9744   437      667.3571      669.0819  2819414    0.26%
  26295  3948      667.4278   321      667.3571      669.0807  2830087    0.26%
  26353  3999      668.3828   364      667.3571      669.0806  2841054    0.26%
  26458  4087      668.5993   424      667.3571      669.0803  2850211    0.26%
  26632  4253      668.9883   505      667.3571      669.0803  2860716    0.26%
  26715  4325      667.7445   347      667.3571      669.0790  2870293    0.26%
  26789  4381      668.8250   540      667.3571      669.0768  2880124    0.26%
  26848  4440      668.1513   352      667.3571      669.0768  2891795    0.26%
  26940  4512      668.1443   383      667.3571      669.0753  2903370    0.26%
  27010  4569      668.6105   431      667.3571      669.0723  2913220    0.26%
Elapsed time = 1358.85 sec. (1290449.69 ticks, tree = 11.59 MB, solutions = 4)
  27082  4632      667.9698   345      667.3571      669.0719  2924055    0.26%
  27152  4692      667.9033   304      667.3571      669.0701  2935287    0.26%
  27236  4754      668.2773   393      667.3571      669.0695  2946827    0.26%
  27311  4815      668.5415   409      667.3571      669.0687  2957832    0.26%
  27387  4878      668.9015   440      667.3571      669.0681  2967685    0.26%
  27464  4955      667.8687   217      667.3571      669.0681  2978902    0.26%
  27555  5026      668.6963   461      667.3571      669.0677  2988708    0.26%
  27622  5084      668.2082   394      667.3571      669.0677  2999513    0.26%
  27691  5142      669.0395   503      667.3571      669.0653  3010288    0.26%
  27744  5195      668.6032   337      667.3571      669.0653  3021776    0.26%
Elapsed time = 1395.68 sec. (1328905.70 ticks, tree = 13.06 MB, solutions = 4)
  27869  5299      668.6594   393      667.3571      669.0649  3032862    0.26%
  27958  5372      667.3868   363      667.3571      669.0644  3042656    0.26%
  28037  5438      668.2839   381      667.3571      669.0641  3052827    0.26%
  28103  5491      668.6981   405      667.3571      669.0637  3063766    0.26%
  28179  5567      668.0819   282      667.3571      669.0637  3075244    0.26%
  28284  5655      667.3603   323      667.3571      669.0637  3086860    0.26%
  28359  5717      667.7922   380      667.3571      669.0635  3096714    0.26%
  28429  5771      668.8201   480      667.3571      669.0634  3107283    0.26%
  28496  5838      667.8566   300      667.3571      669.0634  3119107    0.26%
  28579  5903      668.7447   441      667.3571      669.0631  3129945    0.26%
Elapsed time = 1432.37 sec. (1367395.67 ticks, tree = 14.73 MB, solutions = 4)
  28666  5980      667.6430   338      667.3571      669.0631  3140540    0.26%
  28734  6029      668.7088   433      667.3571      669.0616  3150281    0.26%
  28810  6105      667.8434   278      667.3571      669.0616  3161698    0.26%
  28886  6168      668.5054   382      667.3571      669.0602  3172294    0.26%
  28966  6232      669.0286   466      667.3571      669.0594  3182696    0.26%
  29151  6417      667.6197    50      667.3571      669.0594  3193774    0.26%
* 29256  6414      integral     0      667.3773      669.0594  3194745    0.25%
  29306  6464      668.1992   395      667.3773      669.0591  3206397    0.25%
  29429  6552      668.8484   435      667.3773      669.0589  3216338    0.25%
  29513  6626      667.5276   366      667.3773      669.0583  3226878    0.25%
Elapsed time = 1467.12 sec. (1402444.10 ticks, tree = 16.40 MB, solutions = 5)
  29584  6680      668.5435   492      667.3773      669.0571  3237458    0.25%
  29640  6726      668.5166   461      667.3773      669.0570  3248412    0.25%
  29727  6813      667.6020   238      667.3773      669.0570  3260056    0.25%
  29794  6866      668.6421   456      667.3773      669.0563  3270915    0.25%
  29883  6931      668.9416   529      667.3773      669.0558  3280970    0.25%
  29958  7002      668.2730   381      667.3773      669.0557  3291288    0.25%
  30048  7079      668.6922   439      667.3773      669.0552  3303538    0.25%
  30127  7146      667.3994   338      667.3773      669.0549  3313975    0.25%
  30210  7211      667.9799   355      667.3773      669.0547  3322356    0.25%
  30281  7269      668.2601   323      667.3773      669.0546  3332374    0.25%
Elapsed time = 1503.64 sec. (1441083.46 ticks, tree = 19.09 MB, solutions = 5)
  30397  7357      668.4043   387      667.3773      669.0545  3342497    0.25%
  30486  7426      668.8600   491      667.3773      669.0530  3351574    0.25%
  30672  7602      668.9602   472      667.3773      669.0524  3363305    0.25%
  30731  7648      668.6821   529      667.3773      669.0523  3372362    0.25%
  30793  7710      667.4475   343      667.3773      669.0523  3384125    0.25%
  30881  7774      668.2299   316      667.3773      669.0518  3393941    0.25%
  30957  7842      667.6312   371      667.3773      669.0515  3404574    0.25%
  31027  7908      668.0204   343      667.3773      669.0515  3415799    0.25%
  31133  7987      668.0653   362      667.3773      669.0514  3425447    0.25%
  31205  8045      668.5494   423      667.3773      669.0510  3436183    0.25%
Elapsed time = 1541.06 sec. (1479556.50 ticks, tree = 20.89 MB, solutions = 5)
  31290  8112      668.9162   522      667.3773      669.0496  3446752    0.25%
  31343  8165      667.8415   347      667.3773      669.0496  3458501    0.25%
  31432  8243      668.1176   379      667.3773      669.0482  3470003    0.25%
  31507  8302      668.8178   449      667.3773      669.0477  3481020    0.25%
  31595  8372      668.9449   468      667.3773      669.0476  3490461    0.25%
  31678  8455      668.0648   217      667.3773      669.0476  3502485    0.25%
  31792  8550      668.8976   515      667.3773      669.0471  3513287    0.25%
  31929  8687      667.6145   113      667.3773      669.0471  3523871    0.25%
  32041  8785      667.9072   345      667.3773      669.0443  3535301    0.25%
  32108  8835      668.0283   361      667.3773      669.0443  3547226    0.25%
Elapsed time = 1578.07 sec. (1517954.38 ticks, tree = 22.99 MB, solutions = 5)
  32194  8908      668.0819   363      667.3773      669.0443  3558496    0.25%
  32276  8977      667.5065   353      667.3773      669.0438  3569722    0.25%
  32357  9032      668.4339   427      667.3773      669.0432  3579540    0.25%
  32439  9114      667.8791   264      667.3773      669.0432  3590849    0.25%
  32534  9193      668.5434   421      667.3773      669.0417  3602050    0.25%
  32624  9267      668.8888   450      667.3773      669.0416  3612413    0.25%
  32687  9320      668.3764   422      667.3773      669.0410  3623370    0.25%
  32766  9384      668.5475   457      667.3773      669.0409  3634662    0.25%
  32843  9450      667.7746   337      667.3773      669.0408  3645766    0.25%
  32926  9519      668.1554   325      667.3773      669.0405  3656432    0.25%
Elapsed time = 1614.95 sec. (1556388.13 ticks, tree = 24.56 MB, solutions = 5)
  33005  9588      668.4242   284      667.3773      669.0404  3667444    0.25%
  33106  9679      668.6371   332      667.3773      669.0403  3678588    0.25%
  33342  9909      668.5688   432      667.3773      669.0402  3689611    0.25%
  33427  9984      668.9136   473      667.3773      669.0400  3700648    0.25%
  33499 10049      668.1577   381      667.3773      669.0399  3711346    0.25%
  33605 10134      668.6155   434      667.3773      669.0398  3722665    0.25%
  33683 10205      668.7411   433      667.3773      669.0392  3733374    0.25%
  33771 10281      668.8995   456      667.3773      669.0379  3743115    0.25%
  33864 10367      668.8737   431      667.3773      669.0375  3754497    0.25%
  33945 10434      668.8348   585      667.3773      669.0370  3766017    0.25%
Elapsed time = 1653.06 sec. (1595204.59 ticks, tree = 26.70 MB, solutions = 5)
  34019 10491      668.4124   444      667.3773      669.0370  3776358    0.25%
  34090 10554      668.6157   382      667.3773      669.0367  3787681    0.25%
  34201 10652      668.6466   452      667.3773      669.0361  3799166    0.25%
  34288 10723      668.6176   434      667.3773      669.0354  3809642    0.25%
  34369 10785      668.8420   546      667.3773      669.0349  3819401    0.25%
  34426 10842      668.4372   328      667.3773      669.0349  3831217    0.25%
  34559 10975      667.6984   103      667.3773      669.0349  3843591    0.25%
  34691 11070      668.8748   415      667.3773      669.0345  3854487    0.25%
  34768 11141      667.4166   336      667.3773      669.0340  3865812    0.25%
  34839 11199      668.7490   379      667.3773      669.0319  3876628    0.25%
Elapsed time = 1690.47 sec. (1633696.65 ticks, tree = 28.57 MB, solutions = 5)
  34969 11308      667.3850   154      667.3773      669.0319  3886430    0.25%
  35039 11366      667.6390   350      667.3773      669.0316  3897580    0.25%
  35129 11434      668.1429   364      667.3773      669.0315  3907195    0.25%
  35189 11488      668.3991   347      667.3773      669.0314  3918529    0.25%
  35318 11597      668.9749   445      667.3773      669.0314  3930115    0.25%
  35403 11669      667.4533   331      667.3773      669.0313  3941227    0.25%
  35486 11733      667.3852   340      667.3773      669.0309  3951982    0.25%
  35531 11774      668.4089   380      667.3773      669.0307  3963592    0.25%
  35620 11849      668.4192   372      667.3773      669.0305  3974412    0.25%
  35696 11918      668.4311   365      667.3773      669.0303  3985396    0.25%
Elapsed time = 1727.28 sec. (1672217.41 ticks, tree = 30.19 MB, solutions = 5)
  35839 12052      668.0321   131      667.3773      669.0301  3995014    0.25%
* 35987 11613      integral     0      667.4365      669.0301  3998483    0.24%
  36059 11685      667.9841   262      667.4365      669.0301  4010763    0.24%
  36184 11783      667.7386   352      667.4365      669.0296  4022484    0.24%
  36261 11842      668.6393   456      667.4365      669.0290  4032456    0.24%
  36339 11911      667.4944   331      667.4365      669.0288  4043236    0.24%
  36399 11963      668.3734   382      667.4365      669.0287  4054978    0.24%
  36491 12046      668.5705   448      667.4365      669.0286  4066992    0.24%
  36580 12116      668.9185   543      667.4365      669.0284  4078309    0.24%
  36649 12180      668.3512   361      667.4365      669.0283  4089248    0.24%
Elapsed time = 1762.35 sec. (1708021.35 ticks, tree = 30.51 MB, solutions = 6)
  36735 12260      667.6740   274      667.4365      669.0281  4100486    0.24%
  36817 12327      668.7872   437      667.4365      669.0278  4110714    0.24%
  36894 12393      668.9318   490      667.4365      669.0274  4122124    0.24%
  36964 12451      668.4449   377      667.4365      669.0274  4132797    0.24%
  37049 12518      668.4951   396      667.4365      669.0272  4143905    0.24%
  37133 12584      668.8602   444      667.4365      669.0266  4154359    0.24%
  37289 12740      667.5899    76      667.4365      669.0266  4165772    0.24%
  37404 12837      668.7049   475      667.4365      669.0265  4177072    0.24%
  37488 12912      667.4629   247      667.4365      669.0265  4188586    0.24%
  37580 12977      667.9549   363      667.4365      669.0259  4198691    0.24%
Elapsed time = 1799.20 sec. (1746336.43 ticks, tree = 32.41 MB, solutions = 6)
  37670 13046      668.5914   384      667.4365      669.0258  4208899    0.24%
  37747 13111      668.3694   390      667.4365      669.0256  4218897    0.24%
  37874 13215      668.7744   424      667.4365      669.0255  4228625    0.24%
  37945 13268      667.9061   360      667.4365      669.0254  4238139    0.24%
  38032 13329      668.0054   354      667.4365      669.0246  4248733    0.24%
  38099 13384      667.9698   338      667.4365      669.0241  4260569    0.24%
  38187 13450      668.6219   415      667.4365      669.0239  4271440    0.24%
  38267 13516      668.6480   442      667.4365      669.0236  4281906    0.24%
  38329 13574      667.9780   394      667.4365      669.0235  4292740    0.24%
  38430 13655      667.4930   324      667.4365      669.0228  4303031    0.24%
Elapsed time = 1836.26 sec. (1784933.63 ticks, tree = 34.00 MB, solutions = 6)
  38539 13751      668.0079   190      667.4365      669.0227  4313630    0.24%
  38704 13902      668.7208   474      667.4365      669.0223  4324745    0.24%
  38773 13966      668.5589   349      667.4365      669.0223  4336346    0.24%
  38868 14055      668.5965   379      667.4365      669.0221  4347263    0.24%
  38964 14129      668.8472   463      667.4365      669.0220  4356886    0.24%
  39043 14196      667.5134   357      667.4365      669.0220  4367439    0.24%
  39104 14249      668.4324   306      667.4365      669.0218  4379879    0.24%
  39206 14337      667.4438   314      667.4365      669.0216  4391602    0.24%
  39276 14394      668.6734   394      667.4365      669.0214  4402174    0.24%
  39347 14458      667.4919   298      667.4365      669.0214  4413615    0.24%
Elapsed time = 1873.80 sec. (1823318.64 ticks, tree = 35.88 MB, solutions = 6)
  39403 14508      668.3902   371      667.4365      669.0214  4424367    0.24%
  39502 14578      668.3967   390      667.4365      669.0212  4434649    0.24%
  39561 14626      667.6106   345      667.4365      669.0211  4443645    0.24%
  39642 14687      667.4392   326      667.4365      669.0209  4454204    0.24%
  39725 14768      667.6020   239      667.4365      669.0209  4465653    0.24%
  39895 14906      667.9240   121      667.4365      669.0206  4475634    0.24%
  40104 15099      668.6475   481      667.4365      669.0195  4486768    0.24%
  40176 15159      668.7121   481      667.4365      669.0188  4497554    0.24%
  40251 15224      668.7076   398      667.4365      669.0188  4508014    0.24%
  40329 15290      668.5838   410      667.4365      669.0184  4518628    0.24%
Elapsed time = 1911.48 sec. (1861728.73 ticks, tree = 37.93 MB, solutions = 6)
  40415 15354      668.5365   409      667.4365      669.0180  4529326    0.24%
  40506 15422      668.2089   355      667.4365      669.0180  4540058    0.24%
  40584 15484      668.8710   490      667.4365      669.0171  4550397    0.24%
  40659 15553      667.4486   354      667.4365      669.0171  4561459    0.24%
  40729 15621      668.2023   296      667.4365      669.0171  4573605    0.24%
  40865 15707      668.9073   464      667.4365      669.0169  4583704    0.24%
  40955 15778      667.5091   319      667.4365      669.0165  4594001    0.24%
  41047 15849      668.7724   364      667.4365      669.0159  4604283    0.24%
  41188 15990      667.5540   108      667.4365      669.0159  4616185    0.24%
  41292 16081      667.8346   337      667.4365      669.0156  4627696    0.24%
Elapsed time = 1948.83 sec. (1900161.54 ticks, tree = 39.77 MB, solutions = 6)
  41378 16153      667.4415   358      667.4365      669.0154  4638405    0.24%
  41449 16220      667.8511   277      667.4365      669.0154  4650547    0.24%
  41530 16281      668.6132   401      667.4365      669.0150  4660164    0.24%
  41616 16352      668.8105   427      667.4365      669.0149  4670473    0.24%
  41699 16425      668.3412   324      667.4365      669.0148  4681424    0.24%
  41797 16504      668.2238   343      667.4365      669.0145  4693455    0.24%
  41879 16563      667.4426   335      667.4365      669.0145  4704685    0.24%
  41964 16635      667.4706   374      667.4365      669.0138  4715103    0.24%
  42020 16685      668.0209   398      667.4365      669.0137  4726165    0.24%
  42110 16759      667.5597   360      667.4365      669.0136  4737777    0.24%
Elapsed time = 1985.26 sec. (1938541.03 ticks, tree = 42.03 MB, solutions = 6)
  42189 16820      667.9715   352      667.4365      669.0127  4748198    0.24%
  42308 16933      667.8639   188      667.4365      669.0124  4758199    0.24%
  42449 17066      667.7786   259      667.4365      669.0123  4769829    0.24%
  42524 17126      668.4341   371      667.4365      669.0118  4780714    0.24%
  42604 17195      668.8257   473      667.4365      669.0117  4791656    0.24%
  42680 17258      668.4714   389      667.4365      669.0114  4802848    0.24%
  42769 17329      668.3994   386      667.4365      669.0112  4813764    0.24%
  42858 17402      668.3113   378      667.4365      669.0110  4824263    0.24%
  42951 17465      668.7895   456      667.4365      669.0108  4834086    0.24%
  43021 17535      668.3344   310      667.4365      669.0108  4845638    0.24%
Elapsed time = 2022.59 sec. (1977074.21 ticks, tree = 43.85 MB, solutions = 6)
  43136 17620      668.8636   505      667.4365      669.0104  4857196    0.24%
  43214 17690      667.6845   345      667.4365      669.0103  4867664    0.24%
  43291 17750      668.4991   382      667.4365      669.0098  4878248    0.24%
  43374 17814      668.7629   414      667.4365      669.0098  4889692    0.24%
  43460 17879      668.1162   366      667.4365      669.0097  4899812    0.24%
  43560 17974      668.2969   210      667.4365      669.0096  4908596    0.24%
  43766 18155      668.9411   485      667.4365      669.0095  4920461    0.24%
  43837 18226      667.9329   328      667.4365      669.0095  4931493    0.24%
  43942 18307      667.5109   360      667.4365      669.0093  4940865    0.24%
  44019 18373      668.2104   343      667.4365      669.0092  4951277    0.24%
Elapsed time = 2060.31 sec. (2015480.12 ticks, tree = 45.80 MB, solutions = 6)
  44101 18438      668.2620   382      667.4365      669.0086  4961337    0.24%
  44185 18509      668.8326   461      667.4365      669.0085  4973380    0.24%
  44266 18576      667.4643   338      667.4365      669.0076  4983759    0.24%
  44329 18624      668.1656   382      667.4365      669.0070  4993413    0.24%
  44409 18700      667.9083   313      667.4365      669.0068  5004769    0.24%
  44512 18773      668.7115   426      667.4365      669.0062  5014868    0.24%
  44604 18846      668.7023   389      667.4365      669.0057  5024628    0.24%
  44680 18907      668.0147   358      667.4365      669.0055  5035897    0.24%
  44775 18985      668.8827   548      667.4365      669.0053  5046509    0.24%
  44909 19119      667.7445   135      667.4365      669.0053  5056781    0.24%
Elapsed time = 2097.10 sec. (2053965.05 ticks, tree = 47.52 MB, solutions = 6)
  45072 19265      668.2552   365      667.4365      669.0049  5067727    0.23%
  45153 19337      667.7137   359      667.4365      669.0047  5078457    0.23%
  45254 19412      668.8188   431      667.4365      669.0045  5088236    0.23%
  45338 19480      667.6181   340      667.4365      669.0043  5098117    0.23%
  45420 19542      668.7762   413      667.4365      669.0041  5107719    0.23%
  45514 19628      668.2749   353      667.4365      669.0040  5118843    0.23%
  45601 19694      668.3743   401      667.4365      669.0038  5128275    0.23%
  45682 19755      668.9251   463      667.4365      669.0027  5138976    0.23%
  45750 19823      668.2737   290      667.4365      669.0027  5150773    0.23%
  45856 19903      668.9806   428      667.4365      669.0027  5161732    0.23%
Elapsed time = 2134.10 sec. (2092365.45 ticks, tree = 49.37 MB, solutions = 6)
  45929 19970      667.7864   380      667.4365      669.0024  5172677    0.23%
  46008 20035      668.2516   357      667.4365      669.0022  5183799    0.23%
  46137 20149      668.7865   352      667.4365      669.0022  5194737    0.23%
  46320 20326      668.7815   391      667.4365      669.0021  5205836    0.23%
  46395 20393      667.4827   320      667.4365      669.0019  5215924    0.23%
  46468 20452      668.3246   368      667.4365      669.0018  5226777    0.23%
  46566 20536      667.7079   366      667.4365      669.0018  5237734    0.23%
  46654 20601      667.7822   354      667.4365      669.0014  5248292    0.23%
  46747 20665      668.7633   464      667.4365      669.0009  5258430    0.23%
  46827 20745      667.4695   313      667.4365      669.0009  5269761    0.23%
Elapsed time = 2171.43 sec. (2130996.99 ticks, tree = 51.37 MB, solutions = 6)
  46915 20803      668.0949   411      667.4365      669.0002  5278947    0.23%
  46994 20858      668.9517   506      667.4365      669.0000  5288751    0.23%
  47073 20923      668.3603   381      667.4365      668.9999  5299192    0.23%
  47171 21008      668.9427   437      667.4365      668.9998  5310713    0.23%
  47261 21081      668.9097   481      667.4365      668.9997  5321774    0.23%
  47347 21152      667.7255   347      667.4365      668.9995  5332336    0.23%
  47419 21211      668.2235   310      667.4365      668.9994  5343411    0.23%
  47544 21321      668.5596   454      667.4365      668.9993  5353865    0.23%
  47627 21383      668.9220   439      667.4365      668.9990  5364130    0.23%
  47714 21463      667.6951   368      667.4365      668.9989  5374477    0.23%
Elapsed time = 2208.11 sec. (2169500.14 ticks, tree = 53.04 MB, solutions = 6)
  47791 21535      668.4798   313      667.4365      668.9988  5386138    0.23%
  47919 21653      667.5306   267      667.4365      668.9988  5396599    0.23%
  47989 21708      668.0511   372      667.4365      668.9987  5406303    0.23%
  48068 21772      668.5935   374      667.4365      668.9985  5417556    0.23%
  48167 21856      667.4646   219      667.4365      668.9985  5428870    0.23%
  48264 21928      667.5199   309      667.4365      668.9983  5439035    0.23%
  48366 22000      667.4548   288      667.4365      668.9980  5449111    0.23%
  48443 22065      667.9834   296      667.4365      668.9980  5460435    0.23%
  48548 22149      668.7604   463      667.4365      668.9975  5471395    0.23%
  48643 22224      668.9069   383      667.4365      668.9972  5481323    0.23%
Elapsed time = 2245.02 sec. (2207837.04 ticks, tree = 54.82 MB, solutions = 6)
  48882 22453      668.5761   458      667.4365      668.9971  5492532    0.23%
  48953 22524      667.7619   265      667.4365      668.9971  5504482    0.23%
  49064 22614      668.8470   469      667.4365      668.9969  5515582    0.23%
  49131 22672      668.0270   382      667.4365      668.9966  5526045    0.23%
  49203 22724      668.7612   436      667.4365      668.9964  5537239    0.23%
  49278 22799      668.1680   264      667.4365      668.9964  5549190    0.23%
  49379 22888      668.7916   458      667.4365      668.9963  5560298    0.23%
  49453 22951      668.1182   381      667.4365      668.9963  5570748    0.23%
  49557 23012      668.7984   445      667.4365      668.9961  5580214    0.23%
  49630 23085      668.3182   321      667.4365      668.9961  5591923    0.23%
Elapsed time = 2282.46 sec. (2246281.49 ticks, tree = 56.86 MB, solutions = 6)
  49746 23181      667.8460   339      667.4365      668.9957  5603345    0.23%
  49815 23241      668.2731   400      667.4365      668.9954  5613831    0.23%
  49902 23312      668.8056   539      667.4365      668.9952  5623392    0.23%
  49969 23379      667.8950   378      667.4365      668.9952  5633582    0.23%
  50056 23445      668.3122   435      667.4365      668.9950  5643474    0.23%
  50172 23552      667.8153   169      667.4365      668.9948  5654057    0.23%
  50322 23682      668.8678   439      667.4365      668.9948  5665597    0.23%
  50386 23746      667.8337   283      667.4365      668.9948  5678067    0.23%
  50477 23824      668.7528   480      667.4365      668.9943  5689934    0.23%
  50549 23888      667.8007   386      667.4365      668.9943  5700852    0.23%
Elapsed time = 2319.28 sec. (2284745.10 ticks, tree = 58.84 MB, solutions = 6)
  50626 23947      668.5771   390      667.4365      668.9942  5711320    0.23%
  50744 24047      667.4709   191      667.4365      668.9942  5722536    0.23%
  50836 24111      668.6045   480      667.4365      668.9941  5732341    0.23%
  50927 24195      667.5033   313      667.4365      668.9940  5742176    0.23%
  51003 24261      668.3979   357      667.4365      668.9939  5753050    0.23%
  51134 24363      668.8481   472      667.4365      668.9938  5765036    0.23%
  51243 24440      668.9906   485      667.4365      668.9937  5773962    0.23%
  51329 24510      667.8807   338      667.4365      668.9937  5784432    0.23%
  51401 24570      668.1795   351      667.4365      668.9937  5795576    0.23%
  51495 24657      668.1549   355      667.4365      668.9937  5806585    0.23%
Elapsed time = 2356.00 sec. (2323146.30 ticks, tree = 60.64 MB, solutions = 6)
  51618 24771      667.9805   195      667.4365      668.9935  5817028    0.23%
  51834 24969      668.8636   511      667.4365      668.9933  5828337    0.23%
  51908 25035      668.7109   431      667.4365      668.9933  5838864    0.23%
  51983 25110      667.6224   252      667.4365      668.9933  5850053    0.23%
  52061 25173      668.1663   384      667.4365      668.9933  5860887    0.23%
  52150 25243      668.6466   450      667.4365      668.9932  5871501    0.23%
  52213 25301      668.6731   401      667.4365      668.9931  5882578    0.23%
  52299 25387      667.6274   250      667.4365      668.9931  5894332    0.23%
  52389 25452      668.5423   373      667.4365      668.9928  5904653    0.23%
  52477 25519      668.3452   387      667.4365      668.9924  5915142    0.23%
Elapsed time = 2393.07 sec. (2361540.56 ticks, tree = 62.68 MB, solutions = 6)
  52559 25596      668.1380   391      667.4365      668.9922  5925888    0.23%
  52683 25692      667.7947   391      667.4365      668.9922  5936483    0.23%
  52781 25758      668.7331   430      667.4365      668.9920  5945885    0.23%
  52866 25823      668.7198   448      667.4365      668.9919  5957037    0.23%
  52942 25899      667.8229   230      667.4365      668.9919  5968554    0.23%
  53100 26042      667.8021   130      667.4365      668.9917  5978842    0.23%
  53255 26186      668.2397   352      667.4365      668.9915  5989292    0.23%
  53365 26261      668.7949   459      667.4365      668.9912  5998130    0.23%
  53442 26338      667.5972   292      667.4365      668.9912  6009442    0.23%
  53535 26404      668.9207   447      667.4365      668.9909  6019132    0.23%
Elapsed time = 2430.32 sec. (2399938.83 ticks, tree = 64.80 MB, solutions = 6)
  53623 26480      667.7792   318      667.4365      668.9908  6029333    0.23%
  53698 26542      668.3626   391      667.4365      668.9907  6040577    0.23%
  53790 26609      668.4950   339      667.4365      668.9906  6051187    0.23%
  53890 26689      668.8340   450      667.4365      668.9904  6061641    0.23%
  53977 26766      667.4584   328      667.4365      668.9902  6071651    0.23%
  54057 26824      668.7254   490      667.4365      668.9901  6081953    0.23%
  54146 26897      667.4452   318      667.4365      668.9900  6092487    0.23%
  54213 26953      668.6303   370      667.4365      668.9899  6103340    0.23%
  54287 27020      668.2464   360      667.4365      668.9898  6114650    0.23%
  54401 27113      668.3543   403      667.4365      668.9896  6124742    0.23%
Elapsed time = 2466.45 sec. (2438440.42 ticks, tree = 66.44 MB, solutions = 6)
  54498 27190      668.6834   441      667.4365      668.9892  6135581    0.23%
  54575 27257      667.5120   333      667.4365      668.9891  6145391    0.23%
  54648 27327      668.2294   357      667.4365      668.9890  6156221    0.23%
  54739 27407      668.0665   374      667.4365      668.9889  6166461    0.23%
  54828 27483      668.4851   360      667.4365      668.9889  6176800    0.23%
  54919 27556      668.9223   547      667.4365      668.9887  6186635    0.23%
  54973 27610      668.1761   370      667.4365      668.9887  6198219    0.23%
  55057 27668      668.8405   493      667.4365      668.9884  6208842    0.23%
  55141 27741      668.0100   346      667.4365      668.9881  6217486    0.23%
  55229 27806      668.6209   433      667.4365      668.9880  6228053    0.23%
Elapsed time = 2502.58 sec. (2477027.43 ticks, tree = 68.03 MB, solutions = 6)
  55325 27902      667.5577   205      667.4365      668.9880  6240157    0.23%
  55438 27968      667.4391   371      667.4365      668.9880  6250573    0.23%
  55519 28045      667.9340   355      667.4365      668.9876  6260427    0.23%
  55647 28154      667.9184   201      667.4365      668.9874  6269900    0.23%
  55808 28306      668.2806   355      667.4365      668.9874  6281437    0.23%
  55907 28393      668.6623   456      667.4365      668.9873  6292587    0.23%
  56006 28473      668.9173   491      667.4365      668.9869  6302555    0.23%
  56103 28558      667.4482   294      667.4365      668.9869  6312511    0.23%
  56163 28615      668.1906   363      667.4365      668.9866  6323747    0.23%
  56269 28703      668.2168   328      667.4365      668.9864  6335011    0.23%
Elapsed time = 2539.82 sec. (2515496.13 ticks, tree = 70.14 MB, solutions = 6)
  56358 28779      668.1269   365      667.4365      668.9863  6345485    0.23%
  56441 28847      668.5075   509      667.4365      668.9859  6355895    0.23%
  56516 28920      667.5298   316      667.4365      668.9859  6366578    0.23%
  56599 28989      668.3327   350      667.4365      668.9857  6376624    0.23%
  56682 29061      668.4244   442      667.4365      668.9856  6387001    0.23%
  56759 29133      668.3172   356      667.4365      668.9856  6397150    0.23%
  56869 29230      668.6038   386      667.4365      668.9853  6408230    0.23%
  56944 29294      668.8643   435      667.4365      668.9852  6419091    0.23%
  57156 29506      667.5160    36      667.4365      668.9852  6429276    0.23%
  57224 29566      668.4222   429      667.4365      668.9848  6441106    0.23%
Elapsed time = 2576.78 sec. (2553950.62 ticks, tree = 72.25 MB, solutions = 6)
  57306 29632      668.5234   484      667.4365      668.9848  6452635    0.23%
  57393 29703      667.4837   340      667.4365      668.9847  6462746    0.23%
  57473 29766      668.3667   360      667.4365      668.9845  6473181    0.23%
  57548 29835      668.3453   381      667.4365      668.9845  6483273    0.23%
  57649 29929      668.0696   379      667.4365      668.9844  6493913    0.23%
  57747 30005      668.6746   372      667.4365      668.9843  6504129    0.23%
  57831 30075      668.6504   478      667.4365      668.9843  6514816    0.23%
  57912 30156      667.5715   282      667.4365      668.9843  6525797    0.23%
  57999 30226      668.4282   419      667.4365      668.9841  6535870    0.23%
  58083 30291      668.4731   508      667.4365      668.9839  6547093    0.23%
Elapsed time = 2612.85 sec. (2592327.00 ticks, tree = 73.94 MB, solutions = 6)
  58154 30357      668.1814   382      667.4365      668.9838  6557815    0.23%
  58247 30443      668.0195   362      667.4365      668.9837  6568943    0.23%
  58346 30535      668.2285   228      667.4365      668.9837  6578522    0.23%
  58532 30705      668.4895   382      667.4365      668.9837  6589954    0.23%
  58604 30763      668.3131   426      667.4365      668.9837  6600968    0.23%
  58695 30854      667.5599   227      667.4365      668.9837  6611898    0.23%
  58803 30918      668.6384   399      667.4365      668.9836  6621913    0.23%
  58889 30985      668.6299   439      667.4365      668.9835  6632858    0.23%
  58965 31047      668.3568   371      667.4365      668.9834  6643914    0.23%
  59049 31126      668.7362   457      667.4365      668.9831  6655384    0.23%
Elapsed time = 2649.80 sec. (2630894.27 ticks, tree = 75.96 MB, solutions = 6)
  59138 31196      668.9200   477      667.4365      668.9831  6665264    0.23%
  59222 31271      668.4100   382      667.4365      668.9830  6674952    0.23%
  59291 31333      668.6013   359      667.4365      668.9830  6686308    0.23%
  59394 31423      668.6958   459      667.4365      668.9830  6697446    0.23%
  59480 31494      668.4332   459      667.4365      668.9825  6708042    0.23%
  59571 31569      667.7695   357      667.4365      668.9825  6717885    0.23%
  59637 31630      668.2928   377      667.4365      668.9824  6729212    0.23%
  59736 31709      668.5975   405      667.4365      668.9824  6739542    0.23%
  59949 31917      668.6350   425      667.4365      668.9823  6750087    0.23%
  60054 31998      667.4836   306      667.4365      668.9822  6759771    0.23%
Elapsed time = 2686.79 sec. (2669383.22 ticks, tree = 78.08 MB, solutions = 6)
  60130 32065      668.8057   429      667.4365      668.9820  6770026    0.23%
  60215 32150      667.6867   244      667.4365      668.9820  6782469    0.23%
  60316 32221      668.3998   395      667.4365      668.9819  6792598    0.23%
  60393 32288      668.3567   377      667.4365      668.9817  6802522    0.23%
  60473 32361      668.1124   336      667.4365      668.9816  6812922    0.23%
  60599 32464      668.8844   381      667.4365      668.9814  6823462    0.23%
  60692 32534      667.9489   327      667.4365      668.9813  6833901    0.23%
  60775 32601      668.8156   461      667.4365      668.9811  6841981    0.23%
  60841 32667      668.0728   346      667.4365      668.9811  6853073    0.23%
  60938 32743      668.5397   376      667.4365      668.9810  6863730    0.23%
Elapsed time = 2722.97 sec. (2707791.10 ticks, tree = 79.79 MB, solutions = 6)
  61035 32817      668.8323   491      667.4365      668.9805  6873722    0.23%
  61116 32890      668.5350   333      667.4365      668.9804  6884968    0.23%
  61240 32996      668.7736   425      667.4365      668.9803  6894882    0.23%
  61328 33070      668.8971   487      667.4365      668.9802  6905337    0.23%
  61418 33144      668.9497   476      667.4365      668.9802  6915723    0.23%
  61482 33208      668.4334   355      667.4365      668.9802  6926792    0.23%
  61598 33311      668.3519   355      667.4365      668.9801  6937618    0.23%
  61693 33396      668.5582   502      667.4365      668.9800  6947561    0.23%
  61787 33481      667.4618   304      667.4365      668.9798  6957052    0.23%
  61856 33544      668.0598   342      667.4365      668.9797  6967760    0.23%
Elapsed time = 2759.59 sec. (2746333.09 ticks, tree = 83.02 MB, solutions = 6)
  61949 33628      667.8095   366      667.4365      668.9796  6978713    0.23%
  62029 33697      668.3344   359      667.4365      668.9796  6989425    0.23%
  62116 33767      667.7586   352      667.4365      668.9795  6999723    0.23%
  62180 33821      668.4477   355      667.4365      668.9795  7011216    0.23%
  62329 33951      668.7259   431      667.4365      668.9793  7022131    0.23%
  62408 34022      668.0586   391      667.4365      668.9793  7032505    0.23%
  62495 34096      668.6076   368      667.4365      668.9791  7042495    0.23%
  62705 34298      668.9271   456      667.4365      668.9788  7053084    0.23%
  62781 34374      668.1372   250      667.4365      668.9788  7062908    0.23%
  62924 34486      668.4037   357      667.4365      668.9786  7072872    0.23%
Elapsed time = 2797.24 sec. (2784913.87 ticks, tree = 85.23 MB, solutions = 6)
  63009 34552      668.6274   411      667.4365      668.9786  7082935    0.23%
  63089 34624      668.5211   393      667.4365      668.9783  7093665    0.23%
  63203 34722      668.7777   510      667.4365      668.9782  7104612    0.23%
  63282 34796      667.6872   348      667.4365      668.9781  7115141    0.23%
  63367 34872      667.7556   360      667.4365      668.9780  7125353    0.23%
  63454 34948      668.0635   222      667.4365      668.9778  7137902    0.23%
  63559 35023      668.7119   416      667.4365      668.9778  7148147    0.23%
  63650 35095      668.9144   508      667.4365      668.9777  7159099    0.23%
  63729 35162      668.8002   419      667.4365      668.9776  7169171    0.23%
  63807 35240      668.1125   257      667.4365      668.9776  7181322    0.23%
Elapsed time = 2833.72 sec. (2823592.34 ticks, tree = 86.97 MB, solutions = 6)
  63957 35362      668.4876   390      667.4365      668.9776  7191905    0.23%
  64046 35438      668.7648   417      667.4365      668.9775  7202530    0.23%
  64224 35616      667.4950    70      667.4365      668.9775  7213500    0.23%
  64309 35689      668.5456   459      667.4365      668.9773  7223774    0.23%
  64400 35779      667.4573   259      667.4365      668.9773  7234504    0.23%
  64491 35851      667.8873   327      667.4365      668.9772  7244675    0.23%
  64581 35918      668.1551   351      667.4365      668.9768  7255426    0.23%
  64641 35974      668.0517   353      667.4365      668.9768  7267236    0.23%
  64749 36067      668.5772   370      667.4365      668.9767  7277937    0.23%
  64830 36136      668.7898   474      667.4365      668.9762  7288440    0.23%
Elapsed time = 2871.03 sec. (2862146.39 ticks, tree = 89.09 MB, solutions = 6)
  64919 36216      667.4406   285      667.4365      668.9762  7297795    0.23%
  64984 36281      667.9220   293      667.4365      668.9762  7310402    0.23%
  65113 36384      667.9629   332      667.4365      668.9760  7321224    0.23%
  65199 36448      668.9232   447      667.4365      668.9758  7330736    0.23%
  65295 36528        cutoff            667.4365      668.9758  7340685    0.23%
  65354 36584      668.3016   388      667.4365      668.9757  7351982    0.23%
  65455 36668      668.2393   344      667.4365      668.9756  7363261    0.23%
  65579 36784      668.0623   194      667.4365      668.9755  7373259    0.23%
* 65748 36706      integral     0      667.4440      668.9755  7377454    0.23%
  65842 36789      667.6173   351      667.4440      668.9754  7387158    0.23%
Elapsed time = 2906.43 sec. (2898195.53 ticks, tree = 90.61 MB, solutions = 7)
  65931 36872      667.8027   282      667.4440      668.9753  7398031    0.23%
  66056 36955      668.3325   362      667.4440      668.9752  7408199    0.23%
  66136 37024      668.8846   375      667.4440      668.9752  7419152    0.23%
  66206 37091      668.6651   360      667.4440      668.9752  7430587    0.23%
  66345 37203      668.8833   501      667.4440      668.9752  7441893    0.23%
  66425 37276      667.9617   379      667.4440      668.9751  7452460    0.23%
  66509 37345      667.8964   422      667.4440      668.9748  7462585    0.23%
  66579 37409      667.5727   342      667.4440      668.9746  7473731    0.23%
  66656 37471      667.5160   379      667.4440      668.9744  7483989    0.23%
  66735 37538      668.2190   338      667.4440      668.9744  7493707    0.23%
Elapsed time = 2943.42 sec. (2936633.64 ticks, tree = 92.37 MB, solutions = 7)
  66804 37597      668.2655   381      667.4440      668.9744  7504175    0.23%
  66892 37678      668.8359   478      667.4440      668.9744  7515131    0.23%
  67069 37855      667.5712    75      667.4440      668.9744  7525443    0.23%
  67167 37937      668.4656   434      667.4440      668.9743  7535513    0.23%
  67255 38011      667.4761   303      667.4440      668.9743  7546585    0.23%
  67333 38076      668.3580   295      667.4440      668.9742  7557413    0.23%
  67459 38171      668.1060   349      667.4440      668.9741  7567975    0.23%
  67538 38238      668.3267   384      667.4440      668.9738  7577709    0.23%
  67625 38313      668.7266   423      667.4440      668.9737  7588402    0.23%
  67718 38406      667.8588   206      667.4440      668.9737  7600483    0.23%
Elapsed time = 2980.59 sec. (2974966.35 ticks, tree = 94.44 MB, solutions = 7)
  67824 38490      668.1743   340      667.4440      668.9735  7611094    0.23%
  67908 38560      668.6397   430      667.4440      668.9734  7621371    0.23%
  67984 38630      668.8157   413      667.4440      668.9734  7632134    0.23%
  68099 38745      667.7534   163      667.4440      668.9734  7643779    0.23%
  68179 38809      668.3191   417      667.4440      668.9732  7654347    0.23%
  68272 38890      668.5478   441      667.4440      668.9729  7663903    0.23%
  68351 38965      668.5071   359      667.4440      668.9729  7674396    0.23%
  68519 39113      668.8301   523      667.4440      668.9726  7686319    0.23%
  68605 39187      668.6826   393      667.4440      668.9726  7696239    0.23%
  68694 39266      668.3874   368      667.4440      668.9725  7706773    0.23%
Elapsed time = 3017.84 sec. (3013489.88 ticks, tree = 96.45 MB, solutions = 7)
  68755 39319      668.7506   471      667.4440      668.9724  7716217    0.23%
  68831 39395      668.3807   275      667.4440      668.9724  7727574    0.23%
  68951 39492      667.5412   361      667.4440      668.9723  7738360    0.23%
  69029 39556      668.5600   412      667.4440      668.9722  7748311    0.23%
  69128 39636      668.8117   441      667.4440      668.9718  7758663    0.23%
  69193 39701      667.7966   287      667.4440      668.9718  7769203    0.23%
  69306 39796      667.5997   342      667.4440      668.9718  7779533    0.23%
  69397 39869      668.4292   341      667.4440      668.9718  7789464    0.23%
  69484 39934      668.8423   459      667.4440      668.9717  7800282    0.23%
  69545 39995      668.2464   265      667.4440      668.9717  7810976    0.23%
Elapsed time = 3054.12 sec. (3051836.74 ticks, tree = 98.16 MB, solutions = 7)
  69684 40111      667.9469   335      667.4440      668.9716  7821838    0.23%
  69788 40195      668.2115   347      667.4440      668.9714  7831612    0.23%
  69892 40292      667.9725   232      667.4440      668.9713  7841245    0.23%
  70055 40449      668.2010   387      667.4440      668.9713  7851214    0.23%
  70167 40539      668.3670   345      667.4440      668.9712  7862242    0.23%
  70260 40618      668.9061   451      667.4440      668.9711  7872550    0.23%
  70338 40691      667.6679   351      667.4440      668.9710  7881921    0.23%
  70413 40758      668.0351   341      667.4440      668.9710  7892906    0.23%
  70530 40866      667.9470   323      667.4440      668.9710  7903132    0.23%
  70617 40943      668.0658   380      667.4440      668.9709  7913232    0.23%
Elapsed time = 3091.65 sec. (3090249.61 ticks, tree = 100.42 MB, solutions = 7)
  70692 41008      668.7828   377      667.4440      668.9708  7923890    0.23%
  70782 41098      668.0657   232      667.4440      668.9708  7935728    0.23%
  70902 41188      668.6116   399      667.4440      668.9707  7947096    0.23%
  70993 41260      668.8030   530      667.4440      668.9704  7957663    0.23%
  71058 41319      668.4200   437      667.4440      668.9704  7968457    0.23%
  71137 41398      667.9628   304      667.4440      668.9704  7979381    0.23%
  71258 41495      668.8289   466      667.4440      668.9702  7990815    0.23%
  71363 41595      667.9901   216      667.4440      668.9702  8000575    0.23%
  71553 41775      667.8184   320      667.4440      668.9701  8010611    0.23%
  71626 41838      668.3065   325      667.4440      668.9700  8021863    0.23%
Elapsed time = 3129.09 sec. (3128845.42 ticks, tree = 102.58 MB, solutions = 7)
  71746 41947      667.4913   333      667.4440      668.9700  8032762    0.23%
  71830 42006      668.2195   437      667.4440      668.9699  8042884    0.23%
  71923 42080      668.7711   421      667.4440      668.9699  8052493    0.23%
  71996 42153      667.9904   281      667.4440      668.9699  8064358    0.23%
  72108 42257      667.9331   357      667.4440      668.9698  8076036    0.23%
  72201 42331      668.3505   312      667.4440      668.9696  8086010    0.23%
  72289 42403      668.7770   554      667.4440      668.9695  8097350    0.23%
  72343 42457      667.9215   354      667.4440      668.9695  8107023    0.23%
  72446 42549      667.5456   354      667.4440      668.9695  8117674    0.23%
  72520 42613      667.5617   402      667.4440      668.9693  8128259    0.23%
Elapsed time = 3165.74 sec. (3167243.02 ticks, tree = 104.41 MB, solutions = 7)
  72600 42671      668.8679   433      667.4440      668.9692  8138493    0.23%
  72686 42757      668.0860   197      667.4440      668.9692  8150456    0.23%
  72771 42829      667.6620   365      667.4440      668.9692  8159550    0.23%
  72895 42940      667.7749   167      667.4440      668.9692  8169492    0.23%
  73046 43076      668.6023   526      667.4440      668.9692  8179861    0.23%
  73111 43136      668.5677   369      667.4440      668.9689  8190775    0.23%
  73211 43236      667.6166   183      667.4440      668.9689  8201971    0.23%
  73323 43318      668.9293   448      667.4440      668.9687  8213144    0.23%
  73406 43392      668.1114   348      667.4440      668.9687  8223515    0.23%
  73480 43449      668.4631   363      667.4440      668.9687  8234316    0.23%
Elapsed time = 3202.75 sec. (3205691.01 ticks, tree = 106.38 MB, solutions = 7)
  73602 43547      668.7273   380      667.4440      668.9687  8245749    0.23%
  73691 43619      668.5189   379      667.4440      668.9686  8256102    0.23%
  73770 43682      668.7751   539      667.4440      668.9685  8267747    0.23%
  73837 43749      667.7351   342      667.4440      668.9685  8279311    0.23%
  73927 43819      668.5487   412      667.4440      668.9685  8288929    0.23%
  74007 43890      667.6220   367      667.4440      668.9684  8298606    0.23%
  74084 43957      668.7451   357      667.4440      668.9684  8309610    0.23%
  74223 44095      667.6783   124      667.4440      668.9684  8321143    0.23%
  74364 44225      667.8897   185      667.4440      668.9683  8332066    0.23%
  74539 44375      668.5914   425      667.4440      668.9682  8342327    0.23%
Elapsed time = 3240.48 sec. (3244205.29 ticks, tree = 108.59 MB, solutions = 7)
  74618 44445      667.8445   365      667.4440      668.9682  8353295    0.23%
  74683 44501      668.1579   348      667.4440      668.9681  8364384    0.23%
  74766 44571      668.3764   380      667.4440      668.9681  8376118    0.23%
  74856 44647      668.6340   462      667.4440      668.9680  8386703    0.23%
  74933 44716      667.9066   368      667.4440      668.9679  8395441    0.23%
  74998 44775      667.9209   341      667.4440      668.9679  8407279    0.23%
  75075 44824      668.8722   524      667.4440      668.9678  8415198    0.23%
  75161 44896      668.3209   338      667.4440      668.9677  8423450    0.23%
  75244 44958      667.4699   283      667.4440      668.9676  8433879    0.23%
  75329 45029      668.3934   227      667.4440      668.9676  8444497    0.23%
Elapsed time = 3277.25 sec. (3282864.82 ticks, tree = 110.12 MB, solutions = 7)
  75447 45116      668.1541   345      667.4440      668.9675  8453845    0.23%
  75528 45183      668.6587   435      667.4440      668.9672  8464554    0.23%
  75590 45237      668.4437   450      667.4440      668.9672  8472786    0.23%
  75659 45298      668.4975   362      667.4440      668.9672  8483619    0.23%
  75761 45398      667.4481   159      667.4440      668.9672  8494980    0.23%
  75829 45447      668.8220   476      667.4440      668.9671  8503761    0.23%
  75914 45527      667.8844   395      667.4440      668.9670  8513207    0.23%
  76012 45598      668.8030   441      667.4440      668.9670  8523170    0.23%
  76062 45648      668.3588   399      667.4440      668.9670  8533205    0.23%
  76148 45722      668.9263   517      667.4440      668.9668  8544036    0.23%
Elapsed time = 3314.36 sec. (3321434.72 ticks, tree = 111.74 MB, solutions = 7)
  76225 45795      667.7711   332      667.4440      668.9668  8554584    0.23%
  76311 45864      667.5318   288      667.4440      668.9668  8562303    0.23%
  76379 45925      668.8761   350      667.4440      668.9666  8571478    0.23%
  76435 45981      668.5862   314      667.4440      668.9666  8581078    0.23%
  76571 46105      668.4294   339      667.4440      668.9666  8592461    0.23%
  76647 46173      667.5146   332      667.4440      668.9666  8601299    0.23%
  76729 46243      668.5294   377      667.4440      668.9665  8610412    0.23%
  76816 46319      668.5428   338      667.4440      668.9664  8621611    0.23%
  76919 46413      667.9116   347      667.4440      668.9663  8630661    0.23%
  77007 46473      668.7867   447      667.4440      668.9661  8638363    0.23%
Elapsed time = 3352.20 sec. (3360229.88 ticks, tree = 113.52 MB, solutions = 7)
  77088 46548      668.5461   369      667.4440      668.9661  8647243    0.23%
  77229 46689      667.5516    82      667.4440      668.9661  8655120    0.23%
  77308 46764      668.4102   337      667.4440      668.9659  8666558    0.23%
  77417 46868      668.7244   456      667.4440      668.9658  8676433    0.23%
  77502 46946      668.4011   350      667.4440      668.9657  8685453    0.23%
  77591 47020      668.6417   504      667.4440      668.9656  8696498    0.23%
  77652 47077      668.5435   408      667.4440      668.9656  8705039    0.23%
  77729 47154      667.5628   256      667.4440      668.9656  8715651    0.23%
  77824 47229      667.5269   366      667.4440      668.9656  8725801    0.23%
  77901 47285      668.9579   396      667.4440      668.9655  8733067    0.23%
Elapsed time = 3390.20 sec. (3399061.71 ticks, tree = 115.41 MB, solutions = 7)
  77979 47352      668.8742   329      667.4440      668.9655  8741147    0.23%
  78110 47459        cutoff            667.4440      668.9655  8753308    0.23%
  78186 47522      668.2401   379      667.4440      668.9654  8762246    0.23%
  78261 47583      668.3809   357      667.4440      668.9654  8769793    0.23%
  78342 47651      667.6047   338      667.4440      668.9653  8778688    0.23%
  78412 47714      668.0966   319      667.4440      668.9653  8790810    0.23%
  78538 47827      668.6329   470      667.4440      668.9652  8802616    0.23%
  78629 47906      667.9501   313      667.4440      668.9652  8811191    0.23%
  78729 47995      668.1701   233      667.4440      668.9651  8820463    0.23%
  78920 48181      668.0220   386      667.4440      668.9651  8830498    0.23%
Elapsed time = 3428.89 sec. (3437922.61 ticks, tree = 117.59 MB, solutions = 7)
  78983 48232      668.2440   451      667.4440      668.9651  8838900    0.23%
  79059 48290      668.7669   477      667.4440      668.9650  8848150    0.23%
  79131 48349      668.0053   405      667.4440      668.9648  8856019    0.23%
  79229 48429      668.8322   463      667.4440      668.9648  8864650    0.23%
  79296 48492      668.3309   366      667.4440      668.9647  8876200    0.23%
  79388 48581      667.4490   171      667.4440      668.9647  8887724    0.23%
  79479 48641      668.7676   516      667.4440      668.9647  8895884    0.23%
  79556 48710      668.5170   361      667.4440      668.9647  8904897    0.23%
  79645 48785      668.8208   505      667.4440      668.9645  8915149    0.23%
  79699 48839      668.3019   328      667.4440      668.9645  8927045    0.23%
Elapsed time = 3465.58 sec. (3476751.94 ticks, tree = 119.09 MB, solutions = 7)
  79793 48921      668.1603   355      667.4440      668.9644  8937623    0.23%
  79873 48988      668.9102   515      667.4440      668.9644  8947256    0.23%
  79936 49047      668.7794   510      667.4440      668.9644  8955708    0.23%
  80013 49114      668.3276   462      667.4440      668.9643  8965979    0.23%
  80077 49174      668.9569   502      667.4440      668.9643  8974679    0.23%
  80169 49259      668.6024   310      667.4440      668.9642  8984512    0.23%
  80329 49419      667.5928    43      667.4440      668.9642  8992944    0.23%
  80455 49534      668.0076   350      667.4440      668.9642  9002016    0.23%
  80516 49586      668.5258   440      667.4440      668.9641  9013576    0.23%
  80580 49643      668.7515   453      667.4440      668.9641  9022972    0.23%
Elapsed time = 3503.65 sec. (3516107.45 ticks, tree = 121.01 MB, solutions = 7)
  80663 49714      668.7250   406      667.4440      668.9640  9030855    0.23%
  80752 49790      668.9294   458      667.4440      668.9639  9039676    0.23%
  80829 49860      668.5843   450      667.4440      668.9639  9050296    0.23%
  80930 49951      668.8563   478      667.4440      668.9638  9061476    0.23%
  81019 50035      667.8477   321      667.4440      668.9638  9071372    0.23%
  81112 50110      668.5270   336      667.4440      668.9637  9079758    0.23%
  81168 50163      668.3537   321      667.4440      668.9637  9090743    0.23%
  81249 50235      668.6970   426      667.4440      668.9637  9100498    0.23%
  81329 50306      667.9721   329      667.4440      668.9637  9109449    0.23%
  81420 50371      668.7500   455      667.4440      668.9637  9119497    0.23%
Elapsed time = 3540.67 sec. (3555218.83 ticks, tree = 122.71 MB, solutions = 7)
  81498 50437      668.8078   435      667.4440      668.9636  9128337    0.23%
  81547 50486      668.4171   307      667.4440      668.9636  9138915    0.23%
  81677 50593      668.8618   435      667.4440      668.9636  9148903    0.23%
  81781 50697      667.9409   155      667.4440      668.9636  9157280    0.23%
  81938 50849      667.6461   366      667.4440      668.9636  9165552    0.23%
  82024 50923      668.6703   370      667.4440      668.9635  9175498    0.23%
  82086 50977      668.6984   377      667.4440      668.9634  9185884    0.23%
  82148 51039      667.9939   313      667.4440      668.9634  9194832    0.23%
  82235 51114      667.8095   297      667.4440      668.9634  9204843    0.23%
  82329 51185      668.4779   441      667.4440      668.9633  9213956    0.23%
Elapsed time = 3579.29 sec. (3594850.19 ticks, tree = 124.67 MB, solutions = 7)
  82422 51266      668.6857   453      667.4440      668.9632  9224235    0.23%
  82478 51322      668.2472   353      667.4440      668.9632  9234119    0.23%
  82593 51420      667.4922   172      667.4440      668.9632  9243141    0.23%
  82671 51472      668.6985   427      667.4440      668.9631  9251030    0.23%
  82731 51527      668.3983   322      667.4440      668.9631  9257596    0.23%

Flow cuts applied:  63
Mixed integer rounding cuts applied:  252
Lift and project cuts applied:  20
Gomory fractional cuts applied:  15
User cuts applied:  906

Root node processing (before b&c):
  Real time             =    4.98 sec. (4870.32 ticks)
Sequential b&c:
  Real time             = 3595.03 sec. (3611901.98 ticks)
                          ------------
Total (root+branch&cut) = 3600.00 sec. (3616772.30 ticks)
|V|                                     700
K                                       140
theta                                   0.10
r                                       1
R                                       20
prob_func                               facility_mixture
mixture_low_share                       0.100000
mixture_low_interval                    [0.001000, 0.010000]
mixture_high_interval                   [0.100000, 0.500000]
mixture_seed                            1
#C1                                     902
#CP                                     59830

@Parameters: 
am_callback_heuristic                   false
am_local_search                         true
am_start_heuristic                      false
colocation                              true
comp                                    false
cutC                                    true
cutC_init                               false
cutF                                    false
cutF_init                               false
cutF_stable                             false
cutF_wrong                              false
cutLocal                                false
cutM                                    true
cutM_init                               true
cutM_stable                             false
cutP                                    true
cutP_init                               false
cutP_stable                             false
init                                    true
init_cutF_zero                          false
init_val_greedy                         true
is_Euclidean                            false
is_local_search                         false
is_right_cutP                           true
is_root                                 false
is_silent                               false
is_start                                false
mycut                                   false
pmed                                    false
pre                                     true
stable_root                             false
str                                     false
two_phase                               false
ubstr                                   false
mode                                    Int

am_callback_node_space                  50
init                                    0
mixture_seed                            1
node_space                              5
nodelimit                               -1
nsepa                                   1
strF                                    0
type_delta                              0

EPS                                     0.001000
EPS_FRAC                                0.00
gap                                     0.00
mixture_high_max                        0.50
mixture_high_min                        0.10
mixture_low_max                         0.01
mixture_low_min                         0.00
mixture_low_share                       0.10
timelimit                               3600.00

Number of Closed Sites: 4 / 560 
Number of Confined Sites-1: 5 / 695 
Number of Confined Sites-k: 691 / 3650 
Preprocess Time: 1.81 + 0.00 sec

Solve Time: 3600.00
Number of Nodes: 82793
Termination Status: TIME_LIMIT

CutInfo: [phase] num / time (sec) / aver. num_nonzero
max              [LP]     0 / 0.00 / 0.00 [init]   541 / 0.01 / 1.85 [rLC]   387 / 0.01 / 4.10 [rUC]   728 / 0.10 / 3.85 [sLC]    53 / 0.09 / 5.42 [sUC]  1541 / 2.35 / 4.30 
prod_oa          [LP]     0 / 0.00 / 0.00 [init]   195 / 0.01 / 38.25 [rLC]   364 / 0.04 / 61.18 [rUC]   562 / 0.29 / 46.20 [sLC]   243 / 0.25 / 43.29 [sUC]  1857 / 6.78 / 44.00 
prod_sm_fixed    [LP]     0 / 0.00 / 0.00 [init]     0 / 0.00 / 0.00 [rLC]     0 / 0.00 / 0.00 [rUC]     0 / 0.00 / 0.00 [sLC]     0 / 0.00 / 0.00 [sUC]     0 / 0.00 / 0.00 
prod_bin         [LP]     0 / 0.00 / 0.00 [init]     0 / 0.00 / 0.00 [rLC]     0 / 0.00 / 0.00 [rUC]     0 / 0.00 / 0.00 [sLC]     0 / 0.00 / 0.00 [sUC]     0 / 0.00 / 0.00 
prod_local       [LP]     0 / 0.00 / 0.00 [init]     0 / 0.00 / 0.00 [rLC]     0 / 0.00 / 0.00 [rUC]     0 / 0.00 / 0.00 [sLC]     0 / 0.00 / 0.00 [sUC]     0 / 0.00 / 0.00 
prod_sm_C        [LP]     0 / 0.00 / 0.00 [init]     0 / 0.00 / 0.00 [rLC]     0 / 0.00 / 0.00 [rUC]     0 / 0.00 / 0.00 [sLC]     0 / 0.00 / 0.00 [sUC]     0 / 0.00 / 0.00 
facet            [LP]     0 / 0.00 / 0.00 [init]     0 / 0.00 / 0.00 [rLC]     0 / 0.00 / 0.00 [rUC]     0 / 0.00 / 0.00 [sLC]     0 / 0.00 / 0.00 [sUC]     0 / 0.00 / 0.00 
Separation Round:   [LP] 0  [init] 1  [rLC] 2  [rUC] 19  [sLC] 16  [sUC] 156998  
Root Best Bound 671.678720
Root Best Integer: 666.911541
Best Bound: 668.962956
Best Integer: 667.444030
1: 1, 2, 6, 15, 23, 26, 27, 38, 49, 56, 57, 77, 81, 83, 84, 88, 94, 108, 124, 125, 132, 143, 145, 148, 151, 158, 171, 174, 185, 193, 195, 196, 217, 218, 220, 224, 233, 238, 240, 241, 243, 245, 247, 252, 255, 260, 263, 268, 277, 295, 296, 303, 315, 317, 319, 324, 335, 336, 338, 357, 363, 364, 370, 373, 376, 389, 397, 414, 425, 435, 440, 442, 449, 456, 457, 458, 463, 464, 470, 471, 476, 485, 493, 506, 515, 519, 537, 539, 548, 563, 565, 574, 576, 592, 597, 598, 606, 612, 630, 642, 650, 653, 676, 680, 682, 688, 691, 697, 700
2: 137, 146, 197, 202, 378, 503, 600, 613, 686
3: 134, 138, 655
4: 329
Objective Value (calc): 667.389558
sum_etaM = 426.912810 / 426.912375
sum_etaP = 694.169721 / 694.109245
nL: 122
nCL: 13
mCL: 4
