Version identifier: 20.1.0.0 | 2020-11-10 | 9bedb6d68
CPXPARAM_Threads                                 1
CPXPARAM_TimeLimit                               3600
CPXPARAM_MIP_Tolerances_MIPGap                   0
Generic callback                                 0x60
1 of 1 MIP starts provided solutions.
MIP start 'm1' defined initial solution with objective 623.4073.
Tried aggregator 2 times.
MIP Presolve eliminated 7 rows and 6 columns.
Aggregator did 1 substitutions.
Reduced MIP has 2435 rows, 2793 columns, and 25313 nonzeros.
Reduced MIP has 697 binaries, 696 generals, 0 SOSs, and 0 indicators.
Presolve time = 0.01 sec. (9.13 ticks)
Probing time = 0.00 sec. (1.29 ticks)
Tried aggregator 1 time.
Reduced MIP has 2435 rows, 2793 columns, and 25313 nonzeros.
Reduced MIP has 697 binaries, 696 generals, 0 SOSs, and 0 indicators.
Presolve time = 0.01 sec. (5.40 ticks)
Probing time = 0.00 sec. (1.29 ticks)
MIP emphasis: balance optimality and feasibility.
MIP search method: dynamic search.
Parallel mode: none, using 1 thread.
Root relaxation solution time = 0.07 sec. (77.30 ticks)

        Nodes                                         Cuts/
   Node  Left     Objective  IInf  Best Integer    Best Bound    ItCnt     Gap

*     0+    0                          623.4073      700.0000            12.29%
      0     0      643.2047    99      623.4073      643.2047     2032    3.18%
      0     0      627.6430   192      623.4073     Cuts: 611     2719    0.68%
      0     0      626.8323   204      623.4073     Cuts: 340     3212    0.55%
      0     0      626.3964   230      623.4073     Cuts: 199     3623    0.48%
      0     0      626.2160   241      623.4073     Cuts: 166     3951    0.45%
      0     0      626.0740   236      623.4073     Cuts: 109     4217    0.43%
      0     0      626.0020   254      623.4073     Cuts: 116     4416    0.42%
      0     0      625.9551   247      623.4073     Cuts: 107     4609    0.41%
      0     0      625.9087   271      623.4073     Cuts: 102     4796    0.40%
      0     0      625.8775   275      623.4073      Cuts: 79     4960    0.40%
      0     0      625.8683   281      623.4073 UserPurge2: 51     5050    0.39%
      0     0      625.8620   263      623.4073 UserPurge2: 22     5109    0.39%
      0     0      625.8459   267      623.4073 UserPurge2: 48     5217    0.39%
      0     0      625.8352   257      623.4073 UserPurge2: 37     5319    0.39%
      0     0      625.8313   259      623.4073 UserPurge2: 22     5380    0.39%
      0     0      625.8301   263      623.4073 UserPurge2: 20     5428    0.39%
      0     0      625.8282   264      623.4073 UserPurge2: 8     5478    0.39%
      0     0      625.8258   266      623.4073 UserPurge2: 19     5516    0.39%
      0     0      625.8248   261      623.4073 UserPurge2: 13     5542    0.39%
      0     0      625.8242   269      623.4073 UserPurge2: 12     5573    0.39%
      0     0      625.8241   267      623.4073 UserPurge2: 7     5583    0.39%
      0     0      625.8241   267      623.4073 UserPurge2: 3     5590    0.39%
      0     0      625.8239   271      623.4073 UserPurge2: 3     5603    0.39%
      0     2      625.8183   269      623.4073      625.8182     5603    0.39%
Elapsed time = 6.91 sec. (3552.45 ticks, tree = 0.01 MB, solutions = 1)
      5     7      625.5436   238      623.4073      625.8182     7512    0.39%
      8    10      625.6073   228      623.4073      625.8182     8482    0.39%
*    10+   10                          623.4555      625.8182             0.38%
     10    12      625.4338   239      623.4555      625.8182     9659    0.38%
     13    15      625.3521   226      623.4555      625.8182    11255    0.38%
     15    17      625.3085   227      623.4555      625.8182    12613    0.38%
     18    20      625.2429   213      623.4555      625.8182    13518    0.38%
     20    22      625.1139   212      623.4555      625.8182    14834    0.38%
     25    27      624.9282   200      623.4555      625.8182    16541    0.38%
     30    32      624.7125   180      623.4555      625.8182    17935    0.38%
     45    47      624.0039   165      623.4555      625.8182    21375    0.38%
Elapsed time = 19.17 sec. (7620.48 ticks, tree = 0.47 MB, solutions = 2)
*    50+   50                          623.4697      625.8182             0.38%
     65    67      623.4923    85      623.4697      625.8182    24250    0.38%
     75    74      625.2595   227      623.4697      625.8039    28283    0.37%
*    80+   76                          623.5060      625.8039             0.37%
     80    78      625.0954   200      623.5060      625.8039    30263    0.37%
     90    88      624.6132   194      623.5060      625.8039    34152    0.37%
    105   103      624.1375   151      623.5060      625.8039    37704    0.37%
    118   116      623.5692   122      623.5060      625.8039    40750    0.37%
    130   120      625.2490   232      623.5060      625.7839    44263    0.37%
    139   129      624.6510   208      623.5060      625.7839    47776    0.37%
*   140+  117                          623.6443      625.7839             0.34%
    146   125      624.2111   182      623.6443      625.7839    49927    0.34%
    158   137      623.6895   154      623.6443      625.7839    52966    0.34%
Elapsed time = 44.81 sec. (18413.50 ticks, tree = 2.82 MB, solutions = 5)
    168   143      625.1342   220      623.6443      625.6944    56861    0.33%
    175   150      624.7448   196      623.6443      625.6944    59468    0.33%
*   180+  142                          623.8862      625.6944             0.29%
    182   146      624.4442   177      623.8862      625.6944    61288    0.29%
    201   159      625.5061   270      623.8862      625.6574    64115    0.28%
    212   170      624.9028   243      623.8862      625.6574    67044    0.28%
    220   178      624.4420   206      623.8862      625.6574    70335    0.28%
    230   188      624.1020   181      623.8862      625.6574    72318    0.28%
    247   195      625.3696   259      623.8862      625.6187    75273    0.28%
    254   202      625.0834   213      623.8862      625.6187    77769    0.28%
*   260+  188                          624.0122      625.6187             0.26%
    260   190      624.6769   194      624.0122      625.6187    80894    0.26%
Elapsed time = 66.86 sec. (29935.46 ticks, tree = 3.93 MB, solutions = 7)
*   270+  193                          624.0378      625.6187             0.25%
*   270+  191                          624.0463      625.6187             0.25%
*   270+  185                          624.1213      625.6187             0.24%
    270   187      624.4613   154      624.1213      625.6187    82982    0.24%
    282   195      625.4845   252      624.1213      625.6187    86626    0.24%
    290   203      624.9616   228      624.1213      625.6187    89186    0.24%
    300   213      624.4528   199      624.1213      625.6187    91511    0.24%
    314   223      625.1556   222      624.1213      625.6104    93801    0.24%
    329   238      624.4940   168      624.1213      625.6104    96446    0.24%
    340   245      625.3979   240      624.1213      625.6072    98561    0.24%
    350   255      624.7280   201      624.1213      625.6072   101546    0.24%
    362   267      624.3003   182      624.1213      625.6072   104635    0.24%
    374   275      625.1594   245      624.1213      625.5672   107290    0.23%
Elapsed time = 82.64 sec. (41374.89 ticks, tree = 5.07 MB, solutions = 10)
    380   281      624.8272   211      624.1213      625.5672   109411    0.23%
    390   291      624.4331   179      624.1213      625.5672   111560    0.23%
    405   302      625.2058   229      624.1213      625.5516   114697    0.23%
    410   307      624.9276   197      624.1213      625.5516   116098    0.23%
    420   317      624.2008   177      624.1213      625.5516   119372    0.23%
    430   323      625.2645   240      624.1213      625.5436   121148    0.23%
    440   333      624.7106   222      624.1213      625.5436   124068    0.23%
    449   342      624.3549   199      624.1213      625.5436   127262    0.23%
    459   348      625.4128   238      624.1213      625.5434   131068    0.23%
    464   353      624.9556   235      624.1213      625.5434   133468    0.23%
Elapsed time = 98.39 sec. (53870.97 ticks, tree = 7.12 MB, solutions = 10)
    475   364      624.4757   194      624.1213      625.5434   136445    0.23%
    488   373      625.4004   238      624.1213      625.5097   138979    0.22%
    500   385      624.6733   200      624.1213      625.5097   141429    0.22%
    520   401      625.2643   239      624.1213      625.5060   144399    0.22%

Performing restart 1

Repeating presolve.
Tried aggregator 1 time.
MIP Presolve modified 483 coefficients.
Reduced MIP has 2435 rows, 2793 columns, and 25313 nonzeros.
Reduced MIP has 697 binaries, 696 generals, 0 SOSs, and 0 indicators.
Presolve time = 0.01 sec. (5.54 ticks)
Tried aggregator 1 time.
Reduced MIP has 2435 rows, 2793 columns, and 25313 nonzeros.
Reduced MIP has 697 binaries, 696 generals, 0 SOSs, and 0 indicators.
Presolve time = 0.01 sec. (5.48 ticks)
Represolve time = 0.05 sec. (36.76 ticks)
    527     0      625.5931   305      624.1213      Cuts: 97   152941    0.22%
    527     0      625.5387   302      624.1213   MIRcuts: 36   153144    0.22%
    527     0      625.5054   275      624.1213      Cuts: 29   153294    0.22%
    527     0      625.4951   295      624.1213   MIRcuts: 25   153397    0.22%
    527     0      625.4847   281      624.1213      Cuts: 21   153476    0.22%
    527     0      625.4805   284      624.1213      Cuts: 14   153536    0.22%
    527     0      625.4785   289      624.1213   MIRcuts: 11   153595    0.22%
    527     0      625.4763   271      624.1213   MIRcuts: 10   153645    0.22%
    527     0      625.4701   270      624.1213      Cuts: 13   153709    0.22%
    527     0      625.4663   287      624.1213   MIRcuts: 12   153756    0.22%
    527     0      625.4471   270      624.1213      Cuts: 26   153887    0.21%
    527     0      625.4359   271      624.1213      Cuts: 22   153981    0.21%
    527     0      625.4314   258      624.1213      Cuts: 16   154040    0.21%
    527     0      625.4294   270      624.1213    MIRcuts: 6   154071    0.21%
    527     0      625.4281   282      624.1213      Cuts: 12   154106    0.21%
    527     0      625.4266   241      624.1213      Cuts: 10   154154    0.21%
    527     0      625.4260   279      624.1213       Cuts: 9   154185    0.21%
    527     2      625.4217   286      624.1213      625.4216   154185    0.21%
    528     3      625.3804   291      624.1213      625.4216   154422    0.21%
    529     4      625.3594   264      624.1213      625.3795   154712    0.20%
    530     5      625.3591   274      624.1213      625.3795   154752    0.20%
    531     6      625.3305   273      624.1213      625.3795   154858    0.20%
    532     7      625.1800   248      624.1213      625.3795   155010    0.20%
Elapsed time = 127.93 sec. (83873.50 ticks, tree = 0.07 MB, solutions = 10)
    537    12      625.0479   239      624.1213      625.3795   156110    0.20%
    545    20      624.9184   203      624.1213      625.3795   157659    0.20%
    550    25      624.5171   213      624.1213      625.3795   159520    0.20%
    562    30        cutoff            624.1213      625.3795   161651    0.20%
    574    37      625.2775   285      624.1213      625.3758   162951    0.20%
    577    40      624.6443   268      624.1213      625.3758   164690    0.20%
    587    48      624.3518   230      624.1213      625.3758   168250    0.20%
    597    54      624.2403   199      624.1213      625.3758   169790    0.20%
    602    54      624.1272   204      624.1213      625.3758   171939    0.20%
    617    63      625.1202   276      624.1213      625.3593   173008    0.20%
Elapsed time = 141.18 sec. (95273.82 ticks, tree = 0.53 MB, solutions = 10)
    630    76      624.8262   200      624.1213      625.3593   174473    0.20%
    646    91      624.5754   171      624.1213      625.3593   175524    0.20%
    657   102      624.2668   154      624.1213      625.3593   176681    0.20%
    675   114      624.6895   258      624.1213      625.3305   179282    0.19%
    687   126      624.4681   190      624.1213      625.3305   180536    0.19%
    707   142      625.2620   268      624.1213      625.3299   182437    0.19%
    723   158      624.8446   200      624.1213      625.3299   185232    0.19%
    736   171      624.6813   167      624.1213      625.3299   186671    0.19%
    756   190      624.2785   135      624.1213      625.3299   188212    0.19%
    777   205      624.4712   265      624.1213      625.3020   190991    0.19%
Elapsed time = 156.94 sec. (105777.86 ticks, tree = 1.20 MB, solutions = 10)
    786   214      624.2430   241      624.1213      625.3020   193841    0.19%
    789   217      624.2077   228      624.1213      625.3020   195620    0.19%
    800   221      624.8100   277      624.1213      625.2767   198288    0.19%
    811   232      624.4156   213      624.1213      625.2767   200827    0.19%
    831   249      624.1317   163      624.1213      625.2767   202595    0.19%
    841   255      624.9697   253      624.1213      625.2622   204979    0.18%
    855   269      624.7932   204      624.1213      625.2622   206621    0.18%
    874   288      624.3127   119      624.1213      625.2622   208489    0.18%
    884   294      624.2901   256      624.1213      625.2619   211089    0.18%
    897   302      625.1398   271      624.1213      625.2427   213190    0.18%
Elapsed time = 168.85 sec. (116286.08 ticks, tree = 1.97 MB, solutions = 10)
    911   316      624.8021   225      624.1213      625.2427   215855    0.18%
    927   332      624.5531   182      624.1213      625.2427   218270    0.18%
    944   348      624.2621   126      624.1213      625.2427   220935    0.18%
    953   353      624.6699   240      624.1213      625.2363   223698    0.18%
    961   361      624.4000   239      624.1213      625.2363   226385    0.18%
    967   365      624.1293   222      624.1213      625.2363   228290    0.18%
    977   369      624.9650   228      624.1213      625.2088   230404    0.17%
    997   389      624.7030   184      624.1213      625.2088   232719    0.17%
   1018   410      624.4195   120      624.1213      625.2088   234248    0.17%
   1108   489      624.6450   247      624.1213      625.1944   241996    0.17%
Elapsed time = 183.92 sec. (130495.52 ticks, tree = 5.07 MB, solutions = 10)
   1173   548      624.5896   142      624.1213      625.1890   250048    0.17%
   1215   583      624.3251   196      624.1213      625.1875   257286    0.17%
   1280   634      625.0222   254      624.1213      625.1657   265023    0.17%
   1340   690      624.5858   166      624.1213      625.1648   272500    0.17%
   1469   794      624.5574   250      624.1213      625.1434   280725    0.16%
   1533   850      624.3995   149      624.1213      625.1433   288613    0.16%
   1599   910      624.2453   145      624.1213      625.1392   294936    0.16%
   1671   966      624.8003   207      624.1213      625.1362   301919    0.16%
   1727  1015      624.3263   202      624.1213      625.1302   310558    0.16%
   1787  1053      624.4028   161      624.1213      625.1253   318389    0.16%
Elapsed time = 220.33 sec. (169173.31 ticks, tree = 17.23 MB, solutions = 10)
   1843  1097      624.6904   230      624.1213      625.1212   325728    0.16%
   1893  1141      624.6013   214      624.1213      625.1212   334801    0.16%
   1968  1199      624.3289   148      624.1213      625.1212   343134    0.16%
   2027  1250      624.7198   201      624.1213      625.1201   350868    0.16%
   2106  1318      624.7192   243      624.1213      625.1128   359551    0.16%
   2170  1373      624.3533   141      624.1213      625.1107   368415    0.16%
   2239  1428      624.5299   162      624.1213      625.0986   376552    0.16%
   2305  1481      624.4921   203      624.1213      625.0958   384997    0.16%
   2366  1536      624.1552   110      624.1213      625.0925   394879    0.16%
   2459  1619      624.4991   155      624.1213      625.0851   403626    0.15%
Elapsed time = 256.87 sec. (207729.09 ticks, tree = 30.76 MB, solutions = 10)
   2545  1695      624.6767   195      624.1213      625.0792   412587    0.15%
   2625  1762      624.2770   143      624.1213      625.0733   421350    0.15%
   2697  1823      624.3046   183      624.1213      625.0674   429811    0.15%
   2776  1890      624.8136   215      624.1213      625.0620   438165    0.15%
   2824  1922      624.9051   243      624.1213      625.0581   446831    0.15%
   2907  1993      624.8532   206      624.1213      625.0523   455242    0.15%
   2965  2047      624.3634   168      624.1213      625.0474   463489    0.15%
   3041  2106      624.7996   255      624.1213      625.0466   471793    0.15%
   3118  2179      624.1582   127      624.1213      625.0465   479617    0.15%
   3171  2222      624.2033   214      624.1213      625.0454   488246    0.15%
Elapsed time = 293.39 sec. (246419.85 ticks, tree = 45.44 MB, solutions = 10)
   3230  2260      624.3735   255      624.1213      625.0380   496022    0.15%
   3291  2310      624.6875   248      624.1213      625.0344   504162    0.15%
   3358  2367      624.3565   147      624.1213      625.0340   512599    0.15%
   3433  2430      624.5309   206      624.1213      625.0316   520697    0.15%
   3503  2488      624.3320   234      624.1213      625.0291   529262    0.15%
   3569  2540      624.9575   230      624.1213      625.0287   537042    0.15%
   3664  2623      624.9595   238      624.1213      625.0240   546122    0.14%
   3759  2699      624.2594   195      624.1213      625.0237   554286    0.14%
   3830  2754      624.7979   232      624.1213      625.0191   563160    0.14%
   3901  2821      624.1454   129      624.1213      625.0181   571234    0.14%
Elapsed time = 329.91 sec. (285142.78 ticks, tree = 60.09 MB, solutions = 10)
   3953  2861      624.8674   239      624.1213      625.0169   579460    0.14%
   4045  2941      624.7726   233      624.1213      625.0102   588672    0.14%
   4135  3027      624.2004   122      624.1213      625.0102   596175    0.14%
   4214  3082        cutoff            624.1213      625.0089   604519    0.14%
   4317  3165      624.4420   168      624.1213      625.0072   612487    0.14%
*  4387+ 3096                          624.1473      625.0068             0.14%
   4432  3127      624.5408   209      624.1473      625.0011   620169    0.14%
   4469  3157      624.3301   204      624.1473      624.9975   626552    0.14%
   4537  3214      624.8820   220      624.1473      624.9964   633415    0.14%
   4604  3275      624.3432   201      624.1473      624.9909   640313    0.14%
   4658  3321      624.4773   186      624.1473      624.9904   647618    0.14%
Elapsed time = 366.73 sec. (323946.03 ticks, tree = 71.15 MB, solutions = 11)
   4717  3374      624.5131   164      624.1473      624.9880   654232    0.13%
   4786  3430      624.2243   136      624.1473      624.9820   661416    0.13%
   4849  3481      624.2459   186      624.1473      624.9806   669084    0.13%
   4927  3545      624.6601   191      624.1473      624.9800   675927    0.13%
   4993  3600      624.4243   224      624.1473      624.9783   683924    0.13%
   5054  3646      624.7047   202      624.1473      624.9754   692231    0.13%
   5107  3688      624.5939   214      624.1473      624.9734   699875    0.13%
   5167  3738      624.7538   208      624.1473      624.9726   708507    0.13%
   5229  3792      624.7640   183      624.1473      624.9724   716834    0.13%
   5302  3858      624.1864   195      624.1473      624.9712   722711    0.13%
Elapsed time = 403.44 sec. (362913.16 ticks, tree = 84.56 MB, solutions = 11)
   5371  3911      624.3878   210      624.1473      624.9696   730553    0.13%
   5417  3951      624.3750   160      624.1473      624.9695   737771    0.13%
   5494  4016      624.2887   168      624.1473      624.9672   745737    0.13%
   5567  4076      624.4746   220      624.1473      624.9653   753767    0.13%
   5632  4125      624.4599   219      624.1473      624.9636   762199    0.13%
   5711  4194      624.6516   209      624.1473      624.9634   769864    0.13%
   5762  4240      624.4376   197      624.1473      624.9631   778200    0.13%
   5828  4296      624.7893   199      624.1473      624.9605   785895    0.13%
   5925  4377      624.1896   128      624.1473      624.9593   793217    0.13%
   6003  4444      624.2528   184      624.1473      624.9580   800510    0.13%
Elapsed time = 439.95 sec. (401631.95 ticks, tree = 101.01 MB, solutions = 11)
   6084  4509      624.4204   159      624.1473      624.9577   808966    0.13%
   6156  4572      624.2540   206      624.1473      624.9573   816723    0.13%
   6204  4606      624.3684   194      624.1473      624.9569   824434    0.13%
   6287  4679      624.5947   162      624.1473      624.9566   833366    0.13%
   6377  4757      624.6366   217      624.1473      624.9565   840956    0.13%
   6449  4814      624.2987   161      624.1473      624.9562   849217    0.13%
   6544  4893      624.3802   157      624.1473      624.9557   857293    0.13%
   6601  4940      624.4231   207      624.1473      624.9556   866273    0.13%
   6685  5006      624.7782   228      624.1473      624.9554   874345    0.13%
   6756  5065      624.4877   195      624.1473      624.9548   882515    0.13%
Elapsed time = 476.65 sec. (440364.08 ticks, tree = 114.92 MB, solutions = 11)
   6808  5102      624.5764   181      624.1473      624.9539   890541    0.13%
   6880  5164      624.5054   183      624.1473      624.9534   898985    0.13%
   6933  5205      624.3698   180      624.1473      624.9522   905964    0.13%
   7014  5268      624.5716   152      624.1473      624.9512   914169    0.13%
   7104  5349      624.2750   169      624.1473      624.9493   922334    0.13%
   7165  5402      624.4131   139      624.1473      624.9482   930668    0.13%
   7248  5473      624.4341   145      624.1473      624.9470   938873    0.13%
   7324  5535      624.6353   231      624.1473      624.9444   946972    0.13%
   7388  5589      624.3074   145      624.1473      624.9436   954485    0.13%
   7457  5647      624.4113   169      624.1473      624.9434   963025    0.13%
Elapsed time = 512.81 sec. (478790.65 ticks, tree = 125.31 MB, solutions = 11)
   7536  5710      624.2547   222      624.1473      624.9431   971174    0.13%
   7599  5762      624.2090   187      624.1473      624.9426   979777    0.13%
   7681  5824      624.6127   233      624.1473      624.9409   987870    0.13%
   7768  5900      624.8606   227      624.1473      624.9394   994930    0.13%
   7830  5952      624.3049   180      624.1473      624.9385  1003581    0.13%
   7907  6019      624.2430   160      624.1473      624.9384  1011618    0.13%
   7977  6065      624.6254   214      624.1473      624.9346  1019914    0.13%
   8049  6129      624.5033   163      624.1473      624.9338  1028375    0.13%
   8108  6178      624.3769   202      624.1473      624.9322  1037171    0.13%
   8172  6224      624.1474   145      624.1473      624.9308  1045067    0.13%
Elapsed time = 548.95 sec. (517254.07 ticks, tree = 140.15 MB, solutions = 11)
   8251  6286      624.6429   232      624.1473      624.9294  1053399    0.13%
   8313  6329      624.4644   205      624.1473      624.9284  1062114    0.13%
   8384  6390      624.3616   171      624.1473      624.9264  1069732    0.12%
   8445  6439      624.4302   190      624.1473      624.9250  1077898    0.12%
   8516  6496      624.5146   193      624.1473      624.9245  1086379    0.12%
   8591  6561      624.2517   165      624.1473      624.9234  1094241    0.12%
   8652  6601      624.7830   226      624.1473      624.9222  1102468    0.12%
   8750  6686      624.6199   242      624.1473      624.9219  1110987    0.12%
   8806  6729      624.4307   184      624.1473      624.9213  1119171    0.12%
   8910  6818      624.4567   150      624.1473      624.9197  1127981    0.12%
Elapsed time = 585.60 sec. (555903.53 ticks, tree = 152.46 MB, solutions = 11)
   9008  6907      624.3086   173      624.1473      624.9193  1136399    0.12%
   9081  6966      624.5288   161      624.1473      624.9189  1143776    0.12%
   9183  7050      624.3928   164      624.1473      624.9184  1151845    0.12%
   9269  7120      624.2027    70      624.1473      624.9174  1159853    0.12%
   9327  7164      624.8586   251      624.1473      624.9166  1165806    0.12%
   9397  7218      624.5558   228      624.1473      624.9156  1174228    0.12%
   9496  7307      624.4356   199      624.1473      624.9144  1182690    0.12%
   9563  7362      624.6154   159      624.1473      624.9134  1191037    0.12%
   9624  7409        cutoff            624.1473      624.9130  1199549    0.12%
   9684  7457      624.3444   236      624.1473      624.9120  1207486    0.12%
Elapsed time = 622.18 sec. (594704.63 ticks, tree = 167.75 MB, solutions = 11)
   9742  7503      624.2529   147      624.1473      624.9109  1214633    0.12%
   9812  7563      624.1613   114      624.1473      624.9095  1222871    0.12%
   9894  7632      624.3728   162      624.1473      624.9057  1231477    0.12%
   9964  7690      624.1686   187      624.1473      624.9041  1239821    0.12%
  10022  7735      624.4349   175      624.1473      624.9031  1248585    0.12%
  10102  7801      624.1636   166      624.1473      624.9025  1256766    0.12%
  10180  7872      624.2796   156      624.1473      624.9024  1264754    0.12%
  10247  7924      624.7441   174      624.1473      624.9013  1272771    0.12%
  10342  8004      624.7987   218      624.1473      624.9009  1280691    0.12%
  10404  8054      624.5344   232      624.1473      624.9007  1289322    0.12%
Elapsed time = 658.60 sec. (633330.99 ticks, tree = 182.54 MB, solutions = 11)
  10487  8121      624.6538   218      624.1473      624.9002  1297967    0.12%
  10527  8157      624.7823   198      624.1473      624.9000  1305267    0.12%
  10637  8254      624.4404   212      624.1473      624.8996  1313961    0.12%
  10696  8298      624.8101   210      624.1473      624.8988  1322531    0.12%
  10784  8374      624.5176   185      624.1473      624.8986  1330673    0.12%
  10845  8420        cutoff            624.1473      624.8984  1339356    0.12%
  10915  8480      624.3071   172      624.1473      624.8978  1347639    0.12%
  10974  8532      624.2035   191      624.1473      624.8972  1355980    0.12%
  11049  8591      624.6157   185      624.1473      624.8962  1363732    0.12%
  11067  8609      624.4092   155      624.1473      624.8962  1365071    0.12%
Elapsed time = 699.03 sec. (675562.14 ticks, tree = 199.95 MB, solutions = 11)
  11068  8610      624.6626   239      624.1473      624.8959  1365872    0.12%
  11069  8611      624.6855   243      624.1473      624.8955  1366355    0.12%
  11154  8684      624.8786   222      624.1473      624.8942  1374507    0.12%
  11265  8784      624.8169   202      624.1473      624.8941  1383132    0.12%
  11328  8830      624.4684   204      624.1473      624.8932  1390541    0.12%
  11399  8891      624.2073   147      624.1473      624.8928  1398955    0.12%
  11478  8950      624.2121   212      624.1473      624.8917  1406631    0.12%
  11548  9011      624.3091   198      624.1473      624.8913  1414905    0.12%
  11621  9069      624.6028   210      624.1473      624.8910  1422839    0.12%
  11707  9142      624.6115   184      624.1473      624.8904  1431151    0.12%
Elapsed time = 753.69 sec. (732156.51 ticks, tree = 210.86 MB, solutions = 11)
  11751  9176        cutoff            624.1473      624.8899  1438536    0.12%
  11817  9228      624.4366   198      624.1473      624.8897  1446347    0.12%
  11890  9285        cutoff            624.1473      624.8890  1455468    0.12%
  11957  9344      624.5472   179      624.1473      624.8885  1463247    0.12%
  12021  9396      624.6138   202      624.1473      624.8882  1471472    0.12%
  12106  9472      624.3863   175      624.1473      624.8877  1479568    0.12%
  12193  9538      624.4317   194      624.1473      624.8869  1486195    0.12%
  12276  9598      624.5974   216      624.1473      624.8865  1494199    0.12%
  12373  9685      624.6399   144      624.1473      624.8861  1502269    0.12%
  12444  9744      624.6060   180      624.1473      624.8853  1510506    0.12%
Elapsed time = 789.67 sec. (770524.50 ticks, tree = 223.36 MB, solutions = 11)
  12535  9826      624.1810   124      624.1473      624.8830  1518633    0.12%
  12600  9875      624.5450   175      624.1473      624.8828  1527015    0.12%
  12670  9935      624.2126   120      624.1473      624.8826  1534643    0.12%
  12742  9991      624.6459   184      624.1473      624.8818  1543292    0.12%
  12840 10077      624.4983   154      624.1473      624.8817  1551699    0.12%
  12920 10143      624.5373   187      624.1473      624.8812  1560075    0.12%
  13007 10219      624.2443   164      624.1473      624.8807  1568531    0.12%
  13080 10282      624.2059   129      624.1473      624.8806  1576944    0.12%
  13130 10322      624.1557   124      624.1473      624.8804  1585224    0.12%
  13220 10404      624.3100   144      624.1473      624.8801  1593285    0.12%
Elapsed time = 825.97 sec. (808925.77 ticks, tree = 241.27 MB, solutions = 11)
  13283 10451      624.4492   225      624.1473      624.8792  1601923    0.12%
  13344 10494      624.8313   249      624.1473      624.8787  1609779    0.12%
  13440 10583      624.6796   229      624.1473      624.8784  1618192    0.12%
  13512 10644      624.3154   170      624.1473      624.8776  1626322    0.12%
  13595 10714      624.3621   196      624.1473      624.8762  1634509    0.12%
  13653 10754      624.6502   214      624.1473      624.8750  1642821    0.12%
  13725 10813      624.5094   188      624.1473      624.8743  1650734    0.12%
  13774 10849      624.3460   183      624.1473      624.8737  1658398    0.12%
  13846 10907      624.3749   130      624.1473      624.8727  1666196    0.12%
  13907 10954      624.2035   170      624.1473      624.8726  1674321    0.12%
Elapsed time = 862.15 sec. (847544.15 ticks, tree = 253.43 MB, solutions = 11)
  14002 11030      624.8252   201      624.1473      624.8720  1681839    0.12%
  14124 11136      624.6262   212      624.1473      624.8718  1690167    0.12%
  14174 11178      624.2219   205      624.1473      624.8717  1698630    0.12%
  14249 11235      624.2904   159      624.1473      624.8705  1706773    0.12%
  14311 11277      624.6631   202      624.1473      624.8697  1715002    0.12%
  14386 11339      624.3256   195      624.1473      624.8692  1723040    0.12%
  14445 11379      624.6605   242      624.1473      624.8685  1731204    0.12%
  14511 11437      624.3010   157      624.1473      624.8682  1739724    0.12%
  14586 11495      624.6669   212      624.1473      624.8679  1748170    0.12%
  14670 11568      624.5128   215      624.1473      624.8677  1756684    0.12%
Elapsed time = 898.76 sec. (886503.24 ticks, tree = 266.12 MB, solutions = 11)
  14728 11610      624.2114   236      624.1473      624.8674  1764740    0.12%
  14792 11660      624.4252   211      624.1473      624.8662  1773014    0.12%
  14874 11731      624.1896   124      624.1473      624.8661  1780944    0.12%
  14942 11782      624.6215   222      624.1473      624.8656  1788582    0.12%
  15011 11843      624.4536   190      624.1473      624.8656  1796962    0.12%
  15089 11905      624.6799   229      624.1473      624.8650  1805442    0.11%
  15145 11951      624.5661   183      624.1473      624.8645  1813764    0.11%
  15227 12019      624.2536   171      624.1473      624.8637  1821965    0.11%
  15277 12057      624.2801   184      624.1473      624.8626  1830762    0.11%
  15367 12133      624.2532   102      624.1473      624.8624  1838159    0.11%
Elapsed time = 934.98 sec. (925139.50 ticks, tree = 274.91 MB, solutions = 11)
  15439 12182      624.1986   231      624.1473      624.8614  1845835    0.11%
  15535 12260      624.4267   233      624.1473      624.8610  1854020    0.11%
  15605 12313      624.6601   181      624.1473      624.8608  1862563    0.11%
  15684 12377      624.6259   211      624.1473      624.8598  1871225    0.11%
  15727 12416      624.5523   174      624.1473      624.8597  1877154    0.11%
  15812 12486      624.3994   192      624.1473      624.8596  1885307    0.11%
  15902 12559      624.6280   204      624.1473      624.8593  1893350    0.11%
  15961 12609      624.2435   132      624.1473      624.8591  1902385    0.11%
  16073 12711      624.2107   132      624.1473      624.8588  1910307    0.11%
  16143 12766      624.5339   148      624.1473      624.8587  1916951    0.11%
Elapsed time = 971.73 sec. (964209.01 ticks, tree = 293.02 MB, solutions = 11)
  16251 12863      624.3353   185      624.1473      624.8581  1925095    0.11%
  16301 12901      624.2003   179      624.1473      624.8579  1932592    0.11%
  16384 12970      624.6558   221      624.1473      624.8574  1940865    0.11%
  16439 13015      624.4849   198      624.1473      624.8567  1949169    0.11%
  16510 13068      624.6013   193      624.1473      624.8564  1957358    0.11%
  16559 13107      624.1585   158      624.1473      624.8564  1964564    0.11%
  16633 13161      624.3935   186      624.1473      624.8555  1972662    0.11%
  16698 13214      624.6145   207      624.1473      624.8552  1981587    0.11%
  16779 13279      624.6200   215      624.1473      624.8548  1990181    0.11%
  16837 13333      624.2437   121      624.1473      624.8545  1998414    0.11%
Elapsed time = 1008.78 sec. (1003308.53 ticks, tree = 304.65 MB, solutions = 11)
  16926 13402      624.5847   176      624.1473      624.8537  2006343    0.11%
  16996 13460      624.5487   179      624.1473      624.8535  2014096    0.11%
  17086 13535      624.7190   174      624.1473      624.8534  2022681    0.11%
  17149 13586      624.4311   170      624.1473      624.8530  2031371    0.11%
  17230 13656      624.4724   140      624.1473      624.8524  2039438    0.11%
  17319 13731      624.6398   247      624.1473      624.8517  2047291    0.11%
  17409 13798      624.5553   194      624.1473      624.8505  2055526    0.11%
  17475 13845      624.4896   212      624.1473      624.8499  2063590    0.11%
  17546 13896      624.3832   223      624.1473      624.8492  2072092    0.11%
  17619 13955      624.5479   188      624.1473      624.8490  2080253    0.11%
Elapsed time = 1045.90 sec. (1042057.40 ticks, tree = 319.55 MB, solutions = 11)
  17691 14015      624.2956   137      624.1473      624.8485  2088788    0.11%
  17802 14108      624.6532   179      624.1473      624.8482  2097698    0.11%
  17865 14154      624.8085   226      624.1473      624.8478  2105165    0.11%
  17959 14234      624.4326   195      624.1473      624.8472  2113136    0.11%
* 17987+12299                          624.2311      624.8471             0.10%
  18016 12327      624.2782    93      624.2311      624.8471  2121080    0.10%
  18057 12352      624.6157   220      624.2311      624.8464  2126699    0.10%
  18097 12388      624.3910   169      624.2311      624.8463  2132855    0.10%
  18157 12428      624.7581   180      624.2311      624.8459  2139365    0.10%
  18228 12486      624.4119   213      624.2311      624.8453  2146986    0.10%
  18303 12545      624.4794   200      624.2311      624.8448  2154439    0.10%
Elapsed time = 1083.24 sec. (1081472.08 ticks, tree = 289.89 MB, solutions = 12)
  18355 12585      624.6872   158      624.2311      624.8441  2160815    0.10%
  18428 12641      624.3837   155      624.2311      624.8440  2167364    0.10%
  18487 12687      624.5838   203      624.2311      624.8437  2173189    0.10%
  18556 12742      624.4686   204      624.2311      624.8432  2181549    0.10%
  18615 12789      624.3849   164      624.2311      624.8428  2188526    0.10%
  18673 12831      624.3978   192      624.2311      624.8424  2196163    0.10%
  18752 12895      624.5567   230      624.2311      624.8419  2204065    0.10%
  18836 12959      624.2889   170      624.2311      624.8408  2212316    0.10%
  18887 12995      624.6773   182      624.2311      624.8403  2217668    0.10%
  18957 13057      624.3890   150      624.2311      624.8400  2224519    0.10%
Elapsed time = 1119.23 sec. (1120399.87 ticks, tree = 305.99 MB, solutions = 12)
  19016 13107      624.5296   175      624.2311      624.8396  2231856    0.10%
  19086 13157      624.6618   216      624.2311      624.8388  2239954    0.10%
  19145 13207      624.6407   200      624.2311      624.8382  2247224    0.10%
  19228 13278      624.7657   192      624.2311      624.8369  2255268    0.10%
  19319 13348      624.7218   171      624.2311      624.8363  2263862    0.10%
  19405 13419      624.5423   227      624.2311      624.8358  2271651    0.10%
  19464 13466      624.6442   161      624.2311      624.8356  2279636    0.10%
  19556 13544      624.4649   242      624.2311      624.8352  2288279    0.10%
  19631 13599      624.4883   222      624.2311      624.8348  2296595    0.10%
  19690 13645      624.5014   170      624.2311      624.8346  2304268    0.10%
Elapsed time = 1156.11 sec. (1159222.32 ticks, tree = 314.81 MB, solutions = 12)
  19759 13696      624.5411   203      624.2311      624.8344  2311285    0.10%
  19822 13745      624.5989   159      624.2311      624.8334  2319953    0.10%
  19878 13789      624.4005   180      624.2311      624.8331  2328323    0.10%
  19954 13852      624.4998   206      624.2311      624.8327  2336452    0.10%
  20024 13909      624.3880   163      624.2311      624.8318  2344216    0.10%
  20097 13955      624.4897   171      624.2311      624.8315  2352397    0.10%
  20156 14000      624.4262   187      624.2311      624.8314  2360052    0.10%
  20206 14034      624.4906   212      624.2311      624.8311  2367906    0.10%
  20265 14081      624.2533   146      624.2311      624.8309  2375751    0.10%
  20358 14154      624.5692   165      624.2311      624.8308  2383965    0.10%
Elapsed time = 1192.31 sec. (1197838.13 ticks, tree = 331.29 MB, solutions = 12)
  20440 14219      624.2342    88      624.2311      624.8306  2391885    0.10%
  20526 14291      624.4976   149      624.2311      624.8300  2399911    0.10%
  20596 14338      624.7190   221      624.2311      624.8296  2407222    0.10%
  20669 14401      624.4363   202      624.2311      624.8295  2415712    0.10%
  20746 14459      624.2446   156      624.2311      624.8291  2423743    0.10%
  20822 14517      624.3913   176      624.2311      624.8287  2431915    0.10%
  20887 14564      624.7666   180      624.2311      624.8285  2440089    0.10%
  20947 14608      624.5147   170      624.2311      624.8282  2447687    0.10%
  21015 14656      624.3870   165      624.2311      624.8277  2455650    0.10%
  21088 14714      624.5808   145      624.2311      624.8272  2463522    0.10%
Elapsed time = 1228.66 sec. (1236430.52 ticks, tree = 347.34 MB, solutions = 12)
  21175 14777      624.2977   199      624.2311      624.8270  2471951    0.10%
  21263 14850      624.5596   211      624.2311      624.8264  2480010    0.10%
  21327 14904      624.6626   184      624.2311      624.8262  2487190    0.10%
* 21387+14860                          624.2346      624.8254             0.09%
  21436 14905      624.6283   210      624.2346      624.8253  2494098    0.09%
  21487 14942        cutoff            624.2346      624.8253  2498626    0.09%
  21532 14975      624.2811   165      624.2346      624.8251  2505852    0.09%
  21585 15014      624.3569   151      624.2346      624.8247  2512562    0.09%
  21639 15054      624.3204   167      624.2346      624.8245  2519731    0.09%
  21707 15104      624.2834   134      624.2346      624.8241  2527346    0.09%
  21770 15142      624.6595   193      624.2346      624.8235  2535505    0.09%
Elapsed time = 1265.60 sec. (1275655.03 ticks, tree = 358.59 MB, solutions = 13)
  21827 15189      624.4099   185      624.2346      624.8234  2540861    0.09%
  21891 15239      624.2977   201      624.2346      624.8231  2547580    0.09%
  21946 15278      624.4658   211      624.2346      624.8227  2554955    0.09%
  22007 15329      624.5366   198      624.2346      624.8225  2560670    0.09%
  22077 15386      624.3788   125      624.2346      624.8222  2569062    0.09%
  22141 15436      624.6166   179      624.2346      624.8218  2576118    0.09%
  22193 15476      624.2709   160      624.2346      624.8217  2584349    0.09%
  22265 15522      624.7819   187      624.2346      624.8212  2592156    0.09%
  22339 15576      624.6246   190      624.2346      624.8210  2600513    0.09%
  22422 15650      624.3245   145      624.2346      624.8209  2608350    0.09%
Elapsed time = 1301.81 sec. (1314475.21 ticks, tree = 371.71 MB, solutions = 13)
  22494 15706      624.4291   165      624.2346      624.8208  2616128    0.09%
  22583 15778      624.4363   166      624.2346      624.8201  2623905    0.09%
  22662 15830      624.4098   169      624.2346      624.8199  2632101    0.09%
  22730 15875      624.3986   172      624.2346      624.8187  2639778    0.09%
  22800 15925      624.5015   195      624.2346      624.8184  2646872    0.09%
  22857 15968      624.3122   158      624.2346      624.8183  2654164    0.09%
  22923 16014      624.2487   153      624.2346      624.8177  2661938    0.09%
  22981 16054        cutoff            624.2346      624.8175  2669262    0.09%
  23042 16100      624.2891   159      624.2346      624.8171  2677810    0.09%
  23112 16156      624.4053   152      624.2346      624.8167  2685081    0.09%
Elapsed time = 1337.67 sec. (1352976.56 ticks, tree = 386.67 MB, solutions = 13)
  23167 16187      624.6499   175      624.2346      624.8156  2692045    0.09%
  23247 16255      624.4898   175      624.2346      624.8149  2699236    0.09%
  23330 16328      624.4335   113      624.2346      624.8147  2706507    0.09%
  23407 16385      624.5961   192      624.2346      624.8140  2714117    0.09%
  23472 16434      624.5975   182      624.2346      624.8138  2721534    0.09%
  23559 16497      624.7127   200      624.2346      624.8136  2729218    0.09%
  23628 16552      624.3282   186      624.2346      624.8133  2737305    0.09%
  23693 16598      624.5540   170      624.2346      624.8131  2744902    0.09%
  23753 16640      624.6945   184      624.2346      624.8125  2752204    0.09%
  23834 16702      624.6839   189      624.2346      624.8122  2760541    0.09%
Elapsed time = 1374.49 sec. (1392340.53 ticks, tree = 405.06 MB, solutions = 13)
  23918 16767      624.6365   193      624.2346      624.8119  2768063    0.09%
  23992 16819      624.5305   159      624.2346      624.8117  2775827    0.09%
  24056 16869      624.5203   158      624.2346      624.8115  2783538    0.09%
  24134 16931      624.3918   136      624.2346      624.8110  2791328    0.09%
  24202 16980      624.6190   205      624.2346      624.8103  2799551    0.09%
  24281 17047      624.4399   160      624.2346      624.8102  2807845    0.09%
  24354 17097      624.4984   166      624.2346      624.8100  2816193    0.09%
  24443 17175      624.4856   169      624.2346      624.8094  2824480    0.09%
  24508 17219      624.4486   163      624.2346      624.8090  2832486    0.09%
  24552 17258      624.2520   148      624.2346      624.8089  2838446    0.09%
Elapsed time = 1411.11 sec. (1430986.72 ticks, tree = 417.54 MB, solutions = 13)
  24627 17317      624.6223   181      624.2346      624.8085  2846150    0.09%
  24698 17361        cutoff            624.2346      624.8082  2853401    0.09%
  24745 17394      624.5981   218      624.2346      624.8078  2861168    0.09%
  24805 17442      624.6200   196      624.2346      624.8076  2868971    0.09%
  24869 17489      624.3779   158      624.2346      624.8074  2876725    0.09%
  24942 17545      624.7925   186      624.2346      624.8069  2884068    0.09%
  25018 17610      624.7447   219      624.2346      624.8067  2892437    0.09%
  25090 17672      624.3261   146      624.2346      624.8064  2900487    0.09%
  25156 17718      624.3533   210      624.2346      624.8060  2909518    0.09%
  25239 17789      624.4279   138      624.2346      624.8058  2917540    0.09%
Elapsed time = 1447.36 sec. (1469539.37 ticks, tree = 426.93 MB, solutions = 13)
  25314 17842      624.5170   189      624.2346      624.8057  2924992    0.09%
  25393 17909      624.3045   179      624.2346      624.8055  2932934    0.09%
  25456 17951      624.5837   202      624.2346      624.8051  2940258    0.09%
  25538 18020      624.3254   133      624.2346      624.8044  2947929    0.09%
  25624 18081      624.7832   208      624.2346      624.8040  2956016    0.09%
  25693 18132      624.5767   212      624.2346      624.8034  2964338    0.09%
  25753 18172      624.3210   183      624.2346      624.8031  2971160    0.09%
  25829 18229      624.5671   189      624.2346      624.8026  2978911    0.09%
  25913 18295      624.7144   198      624.2346      624.8021  2986573    0.09%
  25978 18348      624.7168   180      624.2346      624.8021  2994598    0.09%
Elapsed time = 1483.72 sec. (1508313.89 ticks, tree = 439.94 MB, solutions = 13)
  26050 18402      624.5219   175      624.2346      624.8014  3002697    0.09%
  26156 18492      624.2390    99      624.2346      624.8013  3010632    0.09%
  26230 18554      624.4352   171      624.2346      624.8011  3018436    0.09%
  26302 18606      624.4190   177      624.2346      624.8008  3026123    0.09%
  26373 18666      624.2976   138      624.2346      624.8007  3034637    0.09%
  26450 18727      624.5039   200      624.2346      624.8003  3041926    0.09%
  26513 18780      624.2542   144      624.2346      624.8002  3049835    0.09%
  26563 18811      624.7515   204      624.2346      624.8000  3057173    0.09%
  26632 18862      624.4220   225      624.2346      624.8000  3065241    0.09%
  26736 18953      624.2738   100      624.2346      624.7998  3073514    0.09%
Elapsed time = 1520.41 sec. (1546689.90 ticks, tree = 451.35 MB, solutions = 13)
  26790 18994      624.3140   128      624.2346      624.7995  3081281    0.09%
  26862 19045      624.2863   152      624.2346      624.7991  3088108    0.09%
  26927 19084      624.5453   226      624.2346      624.7987  3095179    0.09%
  26982 19124      624.3658   195      624.2346      624.7985  3103451    0.09%
  27060 19186      624.2358   138      624.2346      624.7984  3111151    0.09%
  27122 19222      624.6407   212      624.2346      624.7981  3119249    0.09%
  27188 19276      624.5665   193      624.2346      624.7979  3126579    0.09%
  27241 19307      624.5465   218      624.2346      624.7977  3134545    0.09%
  27315 19369      624.3492   174      624.2346      624.7976  3142605    0.09%
  27375 19406      624.5491   192      624.2346      624.7975  3149923    0.09%
Elapsed time = 1556.58 sec. (1585584.97 ticks, tree = 464.61 MB, solutions = 13)
  27436 19452      624.4904   188      624.2346      624.7970  3157905    0.09%
  27498 19496      624.3000   209      624.2346      624.7967  3165451    0.09%
  27554 19533      624.4166   189      624.2346      624.7964  3172614    0.09%
  27627 19587      624.6740   195      624.2346      624.7958  3180643    0.09%
  27704 19647      624.3913   173      624.2346      624.7952  3189141    0.09%
  27770 19691      624.2960   188      624.2346      624.7950  3197242    0.09%
  27834 19740      624.3544   172      624.2346      624.7948  3204502    0.09%
  27902 19784      624.3406   178      624.2346      624.7939  3212626    0.09%
  27986 19850      624.6418   198      624.2346      624.7936  3220899    0.09%
  28048 19898      624.3451   189      624.2346      624.7935  3229066    0.09%
Elapsed time = 1592.59 sec. (1624148.90 ticks, tree = 475.67 MB, solutions = 13)
  28119 19944      624.6665   187      624.2346      624.7933  3236772    0.09%
  28189 20000      624.2366   204      624.2346      624.7932  3244280    0.09%
  28269 20064      624.2385   166      624.2346      624.7929  3252114    0.09%
  28338 20110      624.7249   184      624.2346      624.7925  3259864    0.09%
  28426 20184      624.4138   125      624.2346      624.7922  3267873    0.09%
  28500 20234      624.6695   202      624.2346      624.7916  3275773    0.09%
  28584 20306      624.3583   130      624.2346      624.7913  3283658    0.09%
  28662 20358      624.4656   159      624.2346      624.7909  3291345    0.09%
  28745 20424      624.3544   188      624.2346      624.7907  3299280    0.09%
  28799 20464      624.4906   206      624.2346      624.7904  3307445    0.09%
Elapsed time = 1628.91 sec. (1662596.67 ticks, tree = 487.90 MB, solutions = 13)
  28865 20510      624.6591   177      624.2346      624.7901  3315324    0.09%
  28936 20562      624.4035   172      624.2346      624.7900  3323864    0.09%
  29000 20607      624.2943   191      624.2346      624.7894  3331246    0.09%
  29069 20661      624.5699   181      624.2346      624.7892  3338958    0.09%
  29156 20717      624.7394   200      624.2346      624.7889  3347525    0.09%
  29248 20790      624.5531   179      624.2346      624.7886  3355699    0.09%
  29324 20844      624.4542   152      624.2346      624.7885  3364079    0.09%
  29403 20902      624.4130   176      624.2346      624.7884  3371720    0.09%
  29479 20954      624.5789   213      624.2346      624.7881  3380178    0.09%
  29548 21005      624.3541   167      624.2346      624.7877  3387447    0.09%
Elapsed time = 1665.40 sec. (1701266.57 ticks, tree = 499.80 MB, solutions = 13)
  29627 21059      624.2859   115      624.2346      624.7875  3395841    0.09%
  29694 21104      624.6645   185      624.2346      624.7872  3403817    0.09%
  29770 21164      624.3876   170      624.2346      624.7871  3410650    0.09%
  29859 21225        cutoff            624.2346      624.7869  3418322    0.09%
  29931 21279      624.6398   185      624.2346      624.7867  3425926    0.09%
  30012 21334      624.7522   186      624.2346      624.7866  3433606    0.09%
  30091 21386      624.6683   175      624.2346      624.7864  3441378    0.09%
  30164 21442      624.4561   195      624.2346      624.7864  3449684    0.09%
  30225 21491      624.2608   141      624.2346      624.7863  3457077    0.09%
  30309 21553      624.5359   159      624.2346      624.7863  3465341    0.09%
Elapsed time = 1701.93 sec. (1740052.81 ticks, tree = 513.13 MB, solutions = 13)
  30373 21601      624.4597   225      624.2346      624.7862  3473255    0.09%
  30430 21638      624.4285   194      624.2346      624.7861  3481104    0.09%
  30506 21701      624.2453   124      624.2346      624.7860  3488880    0.09%
  30575 21754      624.5831   184      624.2346      624.7858  3496219    0.09%
  30644 21809      624.7062   166      624.2346      624.7857  3503627    0.09%
  30725 21880      624.2651   106      624.2346      624.7856  3511915    0.09%
  30813 21942        cutoff            624.2346      624.7852  3519528    0.09%
  30879 21987      624.3390   167      624.2346      624.7851  3527619    0.09%
  30943 22034      624.3672   170      624.2346      624.7847  3535637    0.09%
  31016 22087      624.5455   227      624.2346      624.7844  3543506    0.09%
Elapsed time = 1738.30 sec. (1778677.39 ticks, tree = 524.22 MB, solutions = 13)
  31091 22140      624.6358   179      624.2346      624.7842  3550746    0.09%
  31155 22190      624.2504   199      624.2346      624.7840  3559137    0.09%
  31222 22239      624.4049   183      624.2346      624.7838  3566797    0.09%
  31293 22288      624.3182   175      624.2346      624.7835  3574383    0.09%
  31346 22314      624.5847   180      624.2346      624.7834  3582827    0.09%
  31416 22363        cutoff            624.2346      624.7832  3589933    0.09%
  31484 22413      624.7195   209      624.2346      624.7829  3597482    0.09%
  31556 22471      624.5133   171      624.2346      624.7828  3605432    0.09%
  31635 22535      624.4371   152      624.2346      624.7828  3613093    0.09%
  31703 22578      624.5845   206      624.2346      624.7826  3620399    0.09%
Elapsed time = 1774.23 sec. (1817472.89 ticks, tree = 533.00 MB, solutions = 13)
  31782 22639      624.6936   204      624.2346      624.7822  3627837    0.09%
  31853 22694      624.5182   176      624.2346      624.7820  3635900    0.09%
  31929 22756      624.4413   164      624.2346      624.7819  3643543    0.09%
  31979 22794      624.3461   180      624.2346      624.7818  3651927    0.09%
  32065 22863      624.4089   216      624.2346      624.7815  3659653    0.09%
  32142 22919      624.4274   207      624.2346      624.7814  3667498    0.09%
  32214 22966      624.5119   155      624.2346      624.7813  3675438    0.09%
  32299 23034      624.4329   170      624.2346      624.7811  3683452    0.09%
  32367 23080      624.6769   155      624.2346      624.7808  3691298    0.09%
  32440 23135      624.4764   167      624.2346      624.7807  3698928    0.09%
Elapsed time = 1810.42 sec. (1855951.93 ticks, tree = 549.74 MB, solutions = 13)
  32520 23195      624.3250   148      624.2346      624.7807  3706631    0.09%
  32593 23242      624.3772   211      624.2346      624.7804  3714713    0.09%
  32661 23287      624.4154   201      624.2346      624.7802  3722856    0.09%
  32727 23333      624.3762   194      624.2346      624.7800  3730669    0.09%
  32802 23393      624.4966   193      624.2346      624.7798  3738269    0.09%
  32858 23433      624.4507   169      624.2346      624.7796  3746000    0.09%
  32935 23488      624.4429   251      624.2346      624.7795  3753434    0.09%
  33005 23540      624.4523   197      624.2346      624.7794  3760702    0.09%
  33077 23597      624.3107   155      624.2346      624.7792  3769215    0.09%
  33150 23651      624.7235   190      624.2346      624.7791  3777282    0.09%
Elapsed time = 1847.06 sec. (1895062.15 ticks, tree = 562.00 MB, solutions = 13)
  33236 23724      624.4569   130      624.2346      624.7790  3785591    0.09%
  33297 23763      624.5705   203      624.2346      624.7788  3793628    0.09%
  33365 23806      624.4376   191      624.2346      624.7787  3800745    0.09%
  33426 23847      624.3289   180      624.2346      624.7784  3808870    0.09%
  33501 23898      624.5910   191      624.2346      624.7783  3817030    0.09%
  33574 23948      624.4246   236      624.2346      624.7782  3824785    0.09%
  33634 23986      624.4664   183      624.2346      624.7781  3832223    0.09%
  33710 24045      624.2839   182      624.2346      624.7778  3840453    0.09%
  33773 24088      624.4778   154      624.2346      624.7774  3847290    0.09%
  33857 24147      624.7764   198      624.2346      624.7773  3855153    0.09%
Elapsed time = 1883.27 sec. (1933636.49 ticks, tree = 572.35 MB, solutions = 13)
  33923 24195      624.2982   185      624.2346      624.7770  3864095    0.09%
  34023 24272        cutoff            624.2346      624.7769  3871646    0.09%
  34082 24323      624.3849   121      624.2346      624.7768  3879468    0.09%
  34177 24397      624.5625   171      624.2346      624.7767  3886367    0.09%
  34253 24454      624.4003   197      624.2346      624.7766  3894183    0.09%
  34326 24507      624.3136   169      624.2346      624.7764  3901869    0.09%
  34389 24550      624.6713   184      624.2346      624.7762  3909317    0.09%
  34477 24629      624.3043   147      624.2346      624.7760  3917699    0.09%
  34549 24681      624.5024   169      624.2346      624.7759  3925644    0.09%
  34610 24719      624.3349   170      624.2346      624.7756  3933400    0.09%
Elapsed time = 1919.85 sec. (1972536.21 ticks, tree = 581.72 MB, solutions = 13)
  34713 24801      624.4609   176      624.2346      624.7751  3941384    0.09%
  34791 24855      624.2390   170      624.2346      624.7750  3949588    0.09%
  34862 24908      624.5938   181      624.2346      624.7750  3957718    0.09%
  34958 24987      624.3685   207      624.2346      624.7748  3966164    0.09%
  35020 25036      624.3421   132      624.2346      624.7748  3974151    0.09%
  35097 25096      624.3284   144      624.2346      624.7748  3981967    0.09%
  35160 25137      624.5973   218      624.2346      624.7747  3989732    0.09%
  35231 25193      624.3902   172      624.2346      624.7744  3997026    0.09%
  35309 25251      624.2834   125      624.2346      624.7743  4004699    0.09%
  35373 25299      624.3508   145      624.2346      624.7742  4012883    0.09%
Elapsed time = 1956.51 sec. (2010999.20 ticks, tree = 588.21 MB, solutions = 13)
  35438 25342      624.3928   159      624.2346      624.7741  4020503    0.09%
  35504 25394      624.3644   144      624.2346      624.7739  4028017    0.09%
  35581 25453      624.3465   158      624.2346      624.7737  4035795    0.09%
  35662 25512      624.3710   150      624.2346      624.7736  4043679    0.09%
  35736 25556      624.3108   168      624.2346      624.7734  4051585    0.09%
  35798 25597      624.3094   193      624.2346      624.7732  4058901    0.09%
  35867 25646      624.2954   194      624.2346      624.7728  4066388    0.09%
  35929 25689      624.2391   142      624.2346      624.7727  4074154    0.09%
  36007 25752      624.3587   103      624.2346      624.7725  4081224    0.09%
  36094 25811      624.5315   186      624.2346      624.7723  4089402    0.09%
Elapsed time = 1992.48 sec. (2049597.05 ticks, tree = 595.97 MB, solutions = 13)
  36156 25859      624.6155   198      624.2346      624.7723  4096429    0.09%
  36231 25914      624.6562   176      624.2346      624.7721  4104594    0.09%
  36312 25977      624.4237   171      624.2346      624.7720  4112615    0.09%
  36398 26042      624.2569   167      624.2346      624.7718  4120763    0.09%
  36459 26081      624.3446   157      624.2346      624.7717  4127749    0.09%
  36527 26127      624.4900   166      624.2346      624.7714  4135217    0.09%
  36598 26177      624.4645   164      624.2346      624.7713  4143388    0.09%
  36674 26228      624.4311   196      624.2346      624.7710  4151217    0.09%
  36732 26270      624.4236   180      624.2346      624.7708  4159030    0.09%
  36799 26325      624.5019   188      624.2346      624.7708  4167452    0.09%
Elapsed time = 2028.64 sec. (2088065.04 ticks, tree = 605.95 MB, solutions = 13)
  36868 26368      624.2579   130      624.2346      624.7705  4175718    0.09%
  36936 26411      624.6727   189      624.2346      624.7704  4183203    0.09%
  37036 26495      624.3795   167      624.2346      624.7702  4191689    0.09%
  37112 26551      624.3517   143      624.2346      624.7700  4199801    0.09%
  37178 26595      624.6253   182      624.2346      624.7699  4207504    0.09%
  37273 26661      624.2913   152      624.2346      624.7695  4215678    0.09%
  37327 26701      624.4225   178      624.2346      624.7692  4222980    0.09%
  37397 26752      624.3121   153      624.2346      624.7689  4231033    0.09%
  37491 26828      624.3918   180      624.2346      624.7686  4238930    0.09%
  37568 26885      624.4658   190      624.2346      624.7684  4247485    0.09%
Elapsed time = 2065.25 sec. (2126481.24 ticks, tree = 616.75 MB, solutions = 13)
  37646 26939        cutoff            624.2346      624.7684  4255770    0.09%
  37715 26986      624.2634   204      624.2346      624.7682  4263812    0.09%
  37801 27048      624.3309   160      624.2346      624.7679  4271815    0.09%
  37864 27083      624.6260   198      624.2346      624.7677  4279413    0.09%
  37931 27128      624.5616   213      624.2346      624.7675  4287372    0.09%
  38012 27189      624.5574   234      624.2346      624.7672  4295552    0.09%
  38076 27235      624.2891   185      624.2346      624.7670  4303525    0.09%
  38143 27285      624.5686   204      624.2346      624.7669  4310843    0.09%
  38212 27331      624.5061   171      624.2346      624.7668  4318390    0.09%
  38283 27380      624.4791   163      624.2346      624.7667  4326137    0.09%
Elapsed time = 2101.60 sec. (2165099.30 ticks, tree = 627.20 MB, solutions = 13)
  38361 27441      624.4343   161      624.2346      624.7666  4334135    0.09%
  38446 27505      624.3681   200      624.2346      624.7664  4342099    0.09%
  38509 27541        cutoff            624.2346      624.7662  4349480    0.09%
  38576 27596      624.4080   172      624.2346      624.7661  4356350    0.09%
  38649 27641      624.4299   210      624.2346      624.7656  4363982    0.09%
  38716 27689      624.2426   159      624.2346      624.7655  4371838    0.09%
  38794 27748      624.7314   172      624.2346      624.7654  4379504    0.09%
  38869 27806      624.7033   173      624.2346      624.7653  4387423    0.09%
  38932 27856      624.4584   172      624.2346      624.7652  4395041    0.08%
  39005 27911      624.4087   123      624.2346      624.7649  4402813    0.08%
Elapsed time = 2137.86 sec. (2203571.90 ticks, tree = 640.81 MB, solutions = 13)
  39087 27969      624.3956   219      624.2346      624.7647  4411048    0.08%
  39147 28003      624.2708   183      624.2346      624.7644  4419471    0.08%
  39210 28045      624.2379   160      624.2346      624.7640  4427221    0.08%
  39272 28086      624.4571   152      624.2346      624.7636  4434125    0.08%
  39336 28134      624.4705   171      624.2346      624.7634  4442302    0.08%
  39412 28194      624.4396   137      624.2346      624.7633  4449578    0.08%
  39484 28241      624.4891   213      624.2346      624.7631  4457709    0.08%
  39555 28292      624.5178   179      624.2346      624.7628  4465809    0.08%
  39618 28335      624.3439   162      624.2346      624.7627  4473745    0.08%
  39715 28413      624.2824   120      624.2346      624.7627  4481845    0.08%
Elapsed time = 2174.16 sec. (2242379.28 ticks, tree = 652.18 MB, solutions = 13)
  39789 28466      624.3420   164      624.2346      624.7626  4489658    0.08%
  39870 28523      624.3869   165      624.2346      624.7624  4497557    0.08%
  39946 28578      624.3704   176      624.2346      624.7622  4505976    0.08%
  40032 28642      624.4004   166      624.2346      624.7619  4513507    0.08%
  40101 28679      624.5458   198      624.2346      624.7617  4521224    0.08%
  40170 28732      624.6759   203      624.2346      624.7615  4528317    0.08%
  40238 28785      624.4215   175      624.2346      624.7613  4536610    0.08%
  40304 28833      624.4166   184      624.2346      624.7612  4544729    0.08%
  40371 28878      624.4546   177      624.2346      624.7610  4552958    0.08%
  40429 28919      624.5119   204      624.2346      624.7608  4560208    0.08%
Elapsed time = 2210.49 sec. (2280868.18 ticks, tree = 666.87 MB, solutions = 13)
  40502 28975      624.2804   146      624.2346      624.7606  4568383    0.08%
  40566 29021      624.2415   165      624.2346      624.7604  4575949    0.08%
  40634 29072      624.3330   134      624.2346      624.7602  4584114    0.08%
  40725 29140      624.5204   161      624.2346      624.7599  4591892    0.08%
  40806 29202      624.5666   143      624.2346      624.7598  4599664    0.08%
  40887 29263      624.4754   224      624.2346      624.7596  4608010    0.08%
  40951 29303      624.7095   180      624.2346      624.7594  4615982    0.08%
  41024 29368      624.3363   133      624.2346      624.7594  4624189    0.08%
  41128 29452      624.2358    96      624.2346      624.7591  4631884    0.08%
  41195 29506      624.2860   119      624.2346      624.7589  4639945    0.08%
Elapsed time = 2247.10 sec. (2319601.71 ticks, tree = 678.32 MB, solutions = 13)
  41277 29564      624.7162   173      624.2346      624.7583  4648594    0.08%
  41367 29626      624.6617   173      624.2346      624.7581  4656687    0.08%
  41436 29678      624.2863   163      624.2346      624.7581  4664919    0.08%
  41506 29731      624.3326   164      624.2346      624.7581  4673054    0.08%
  41573 29771      624.3785   181      624.2346      624.7579  4681177    0.08%
  41628 29805      624.4411   198      624.2346      624.7578  4689308    0.08%
  41683 29846      624.5230   207      624.2346      624.7577  4696928    0.08%
  41754 29905      624.6073   179      624.2346      624.7576  4703829    0.08%
  41832 29966      624.4529   180      624.2346      624.7574  4711695    0.08%
  41909 30028      624.3705   202      624.2346      624.7574  4719788    0.08%
Elapsed time = 2283.83 sec. (2358453.88 ticks, tree = 689.11 MB, solutions = 13)
  41970 30064      624.3147   188      624.2346      624.7571  4727752    0.08%
  42037 30113      624.4385   199      624.2346      624.7570  4735286    0.08%
  42113 30171      624.2379   106      624.2346      624.7565  4742509    0.08%
  42186 30224      624.6235   171      624.2346      624.7560  4750323    0.08%
  42282 30302      624.2811   160      624.2346      624.7556  4757965    0.08%
  42337 30338      624.4565   159      624.2346      624.7556  4765491    0.08%
  42410 30395      624.3557   157      624.2346      624.7553  4773810    0.08%
  42492 30458      624.2356   137      624.2346      624.7552  4781763    0.08%
  42548 30505      624.3636   135      624.2346      624.7550  4788828    0.08%
  42629 30545      624.4301   187      624.2346      624.7547  4795907    0.08%
Elapsed time = 2320.11 sec. (2397008.57 ticks, tree = 702.09 MB, solutions = 13)
  42696 30596      624.5489   152      624.2346      624.7545  4803684    0.08%
  42767 30649      624.3796   225      624.2346      624.7544  4811617    0.08%
  42842 30707      624.3235   173      624.2346      624.7542  4819517    0.08%
  42902 30752      624.4140   155      624.2346      624.7541  4827070    0.08%
  42976 30806      624.4957   182      624.2346      624.7540  4835007    0.08%
  43039 30848      624.4690   195      624.2346      624.7538  4842455    0.08%
  43112 30895      624.3690   181      624.2346      624.7538  4849702    0.08%
  43192 30955      624.5527   169      624.2346      624.7536  4857432    0.08%
  43262 31004      624.3355   158      624.2346      624.7536  4865334    0.08%
  43345 31067      624.4077   185      624.2346      624.7535  4873158    0.08%
Elapsed time = 2356.29 sec. (2435742.86 ticks, tree = 713.64 MB, solutions = 13)
  43415 31125      624.3706   151      624.2346      624.7533  4880513    0.08%
  43484 31177      624.3753   163      624.2346      624.7532  4888749    0.08%
  43577 31242      624.4186   205      624.2346      624.7529  4896695    0.08%
  43644 31287      624.3983   208      624.2346      624.7528  4903568    0.08%
  43707 31328      624.2617   175      624.2346      624.7527  4911658    0.08%
  43786 31383      624.4747   183      624.2346      624.7526  4918717    0.08%
  43861 31444      624.2802   189      624.2346      624.7525  4926899    0.08%
  43937 31504      624.2659   107      624.2346      624.7524  4934596    0.08%
  44042 31559      624.6052   192      624.2346      624.7523  4942751    0.08%
  44111 31613      624.2796   139      624.2346      624.7522  4950859    0.08%
Elapsed time = 2392.75 sec. (2474461.26 ticks, tree = 721.13 MB, solutions = 13)
  44179 31660      624.2853   110      624.2346      624.7520  4958779    0.08%
  44254 31715      624.5460   167      624.2346      624.7519  4966654    0.08%
  44324 31772      624.2538   139      624.2346      624.7518  4973718    0.08%
  44393 31824      624.4300   163      624.2346      624.7517  4981402    0.08%
  44480 31881      624.4378   195      624.2346      624.7515  4989454    0.08%
  44555 31928      624.4338   171      624.2346      624.7514  4997497    0.08%
  44637 31993      624.3948   192      624.2346      624.7512  5005406    0.08%
  44723 32050      624.3809   164      624.2346      624.7511  5012701    0.08%
  44799 32104      624.2626   127      624.2346      624.7511  5020667    0.08%
  44882 32161      624.5098   144      624.2346      624.7509  5028556    0.08%
Elapsed time = 2429.24 sec. (2513356.43 ticks, tree = 736.61 MB, solutions = 13)
  44949 32212      624.4798   216      624.2346      624.7507  5036695    0.08%
  45019 32263      624.5408   153      624.2346      624.7506  5044266    0.08%
  45099 32320      624.2512   148      624.2346      624.7505  5051925    0.08%
  45155 32356      624.6326   212      624.2346      624.7503  5059564    0.08%
  45220 32399      624.4127   193      624.2346      624.7502  5067135    0.08%
  45322 32477      624.4529   176      624.2346      624.7500  5075010    0.08%
  45386 32529      624.2646   104      624.2346      624.7499  5082569    0.08%
  45450 32576      624.3396   191      624.2346      624.7497  5090963    0.08%
  45514 32610      624.5711   180      624.2346      624.7495  5098847    0.08%
  45571 32650      624.4453   212      624.2346      624.7493  5106929    0.08%
Elapsed time = 2465.18 sec. (2551909.61 ticks, tree = 746.57 MB, solutions = 13)
  45644 32709      624.4529   179      624.2346      624.7492  5114643    0.08%
  45721 32761        cutoff            624.2346      624.7491  5122873    0.08%
  45787 32807      624.2440   178      624.2346      624.7489  5130733    0.08%
  45870 32874      624.2681   191      624.2346      624.7488  5138102    0.08%
  45931 32911      624.5255   185      624.2346      624.7485  5145968    0.08%
  46005 32956      624.5611   209      624.2346      624.7484  5154254    0.08%
  46072 33001      624.6250   218      624.2346      624.7483  5162325    0.08%
  46136 33054      624.3086   193      624.2346      624.7482  5168858    0.08%
  46236 33128      624.3535   150      624.2346      624.7479  5176330    0.08%
  46312 33175        cutoff            624.2346      624.7477  5184339    0.08%
Elapsed time = 2501.20 sec. (2590185.47 ticks, tree = 762.65 MB, solutions = 13)
  46385 33232      624.3224   117      624.2346      624.7477  5192503    0.08%
  46459 33281      624.4255   172      624.2346      624.7476  5199878    0.08%
  46528 33324      624.5367   182      624.2346      624.7475  5207347    0.08%
  46594 33372      624.2843   144      624.2346      624.7474  5215672    0.08%
  46668 33426      624.3192   196      624.2346      624.7472  5223351    0.08%
  46741 33477      624.3494   197      624.2346      624.7469  5231562    0.08%
  46845 33556      624.2613   159      624.2346      624.7469  5239720    0.08%
  46927 33622      624.4043   176      624.2346      624.7468  5246923    0.08%
  47007 33674      624.4514   154      624.2346      624.7467  5254582    0.08%
  47084 33726      624.3851   202      624.2346      624.7465  5262751    0.08%
Elapsed time = 2537.75 sec. (2628870.41 ticks, tree = 774.89 MB, solutions = 13)
  47155 33770      624.3317   112      624.2346      624.7463  5270329    0.08%
  47225 33823      624.2828   139      624.2346      624.7463  5278188    0.08%
  47298 33862      624.4809   187      624.2346      624.7458  5285947    0.08%
  47357 33897      624.3599   215      624.2346      624.7457  5293070    0.08%
  47427 33951      624.4509   176      624.2346      624.7456  5300453    0.08%
  47499 33997      624.3074   171      624.2346      624.7455  5308098    0.08%
  47558 34040      624.4509   151      624.2346      624.7455  5315638    0.08%
  47643 34094      624.4187   225      624.2346      624.7454  5324092    0.08%
  47710 34137      624.5024   197      624.2346      624.7450  5332040    0.08%
  47774 34187      624.5303   191      624.2346      624.7448  5339612    0.08%
Elapsed time = 2573.69 sec. (2667475.89 ticks, tree = 785.10 MB, solutions = 13)
  47855 34253      624.2792   188      624.2346      624.7447  5348078    0.08%
  47921 34294      624.5350   202      624.2346      624.7445  5355919    0.08%
  47973 34330        cutoff            624.2346      624.7442  5363928    0.08%
  48043 34372        cutoff            624.2346      624.7441  5371287    0.08%
  48108 34423      624.3803   159      624.2346      624.7440  5378986    0.08%
  48178 34473      624.2568   163      624.2346      624.7439  5386499    0.08%
  48243 34516      624.3267   202      624.2346      624.7438  5394548    0.08%
  48305 34562      624.2690   164      624.2346      624.7437  5402456    0.08%
  48377 34607      624.5405   180      624.2346      624.7436  5409920    0.08%
  48455 34668      624.4960   158      624.2346      624.7435  5417586    0.08%
Elapsed time = 2609.41 sec. (2705881.66 ticks, tree = 797.94 MB, solutions = 13)
  48532 34724      624.5420   166      624.2346      624.7435  5425130    0.08%
  48611 34775      624.5744   184      624.2346      624.7433  5433484    0.08%
  48692 34835        cutoff            624.2346      624.7433  5441368    0.08%
  48769 34894      624.4414   182      624.2346      624.7432  5448760    0.08%
  48830 34943      624.2455   147      624.2346      624.7432  5456835    0.08%
  48896 34978      624.4152   161      624.2346      624.7430  5464390    0.08%
  48960 35030      624.4196   172      624.2346      624.7428  5472073    0.08%
  49038 35085      624.6884   161      624.2346      624.7426  5480020    0.08%
  49105 35127      624.4237   195      624.2346      624.7425  5488254    0.08%
  49197 35201      624.5582   164      624.2346      624.7423  5496265    0.08%
Elapsed time = 2645.80 sec. (2744439.82 ticks, tree = 807.92 MB, solutions = 13)
  49270 35247      624.3822   180      624.2346      624.7421  5504609    0.08%
  49336 35289      624.4258   201      624.2346      624.7419  5512061    0.08%
  49399 35330      624.2445   185      624.2346      624.7417  5519633    0.08%
  49472 35383      624.6510   166      624.2346      624.7414  5527360    0.08%
  49537 35434      624.2702   112      624.2346      624.7413  5535455    0.08%
  49607 35482      624.5404   180      624.2346      624.7412  5544308    0.08%
  49670 35525      624.6685   158      624.2346      624.7411  5552192    0.08%
  49759 35595      624.5041   211      624.2346      624.7409  5560118    0.08%
  49847 35657      624.5194   189      624.2346      624.7407  5567771    0.08%
  49907 35693      624.3058   162      624.2346      624.7406  5575932    0.08%
Elapsed time = 2682.23 sec. (2783161.53 ticks, tree = 817.09 MB, solutions = 13)
  49989 35753      624.6822   169      624.2346      624.7406  5584002    0.08%
  50059 35807      624.2641   132      624.2346      624.7405  5592309    0.08%
  50142 35863      624.2686   107      624.2346      624.7404  5600174    0.08%
  50223 35928      624.3471   105      624.2346      624.7403  5607527    0.08%
  50296 35970      624.5167   216      624.2346      624.7402  5615475    0.08%
  50357 36019      624.3015   159      624.2346      624.7402  5623131    0.08%
  50437 36085      624.2716   107      624.2346      624.7401  5630674    0.08%
  50514 36145      624.6560   165      624.2346      624.7400  5639178    0.08%
  50592 36204      624.3081   158      624.2346      624.7397  5647012    0.08%
  50672 36265      624.2594   102      624.2346      624.7395  5654243    0.08%
Elapsed time = 2718.70 sec. (2821571.67 ticks, tree = 825.26 MB, solutions = 13)
  50744 36314      624.4713   157      624.2346      624.7395  5661995    0.08%
  50815 36363      624.3660   173      624.2346      624.7393  5670165    0.08%
  50906 36436      624.4186   143      624.2346      624.7392  5677926    0.08%
  50990 36495      624.4901   173      624.2346      624.7391  5685713    0.08%
  51050 36537      624.5947   164      624.2346      624.7390  5693104    0.08%
  51132 36598      624.3767   167      624.2346      624.7389  5700943    0.08%
  51197 36638      624.3292   201      624.2346      624.7387  5708729    0.08%
  51270 36693      624.6005   152      624.2346      624.7386  5716574    0.08%
  51335 36741      624.6507   173      624.2346      624.7385  5723845    0.08%
  51408 36797      624.2497   105      624.2346      624.7384  5730684    0.08%
Elapsed time = 2754.63 sec. (2859952.71 ticks, tree = 834.10 MB, solutions = 13)
  51479 36850      624.4345   174      624.2346      624.7382  5738317    0.08%
  51551 36906      624.6625   175      624.2346      624.7379  5746265    0.08%
  51629 36970      624.3773   209      624.2346      624.7379  5754343    0.08%
  51707 37027      624.5339   193      624.2346      624.7377  5762558    0.08%
  51771 37064      624.5869   183      624.2346      624.7376  5769865    0.08%
  51846 37113      624.4480   169      624.2346      624.7375  5777292    0.08%
  51918 37162      624.2828   188      624.2346      624.7374  5785115    0.08%
  51997 37221      624.2993   174      624.2346      624.7373  5792754    0.08%
  52082 37285      624.2376   156      624.2346      624.7372  5800337    0.08%
  52145 37334        cutoff            624.2346      624.7371  5806714    0.08%
Elapsed time = 2791.05 sec. (2898496.22 ticks, tree = 844.82 MB, solutions = 13)
  52218 37367      624.6186   195      624.2346      624.7369  5814772    0.08%
  52294 37428      624.5384   137      624.2346      624.7368  5822457    0.08%
  52386 37495      624.3525   139      624.2346      624.7366  5830464    0.08%
  52459 37540      624.4262   193      624.2346      624.7363  5838614    0.08%
  52521 37577      624.2520   194      624.2346      624.7362  5846476    0.08%
  52581 37613      624.3065   168      624.2346      624.7361  5853652    0.08%
  52670 37674      624.6373   183      624.2346      624.7360  5861904    0.08%
  52741 37728      624.2660   172      624.2346      624.7357  5870053    0.08%
  52806 37771      624.4645   200      624.2346      624.7355  5878342    0.08%
  52871 37806      624.5203   197      624.2346      624.7354  5886608    0.08%
Elapsed time = 2827.29 sec. (2937238.66 ticks, tree = 858.19 MB, solutions = 13)
  52928 37847      624.2918   174      624.2346      624.7353  5894244    0.08%
  53000 37903      624.5676   154      624.2346      624.7351  5901683    0.08%
  53075 37963      624.3056   158      624.2346      624.7350  5909419    0.08%
  53153 38015        cutoff            624.2346      624.7349  5917339    0.08%
  53234 38070      624.3250   199      624.2346      624.7346  5924765    0.08%
  53298 38115      624.6726   200      624.2346      624.7344  5932840    0.08%
  53380 38175      624.5219   143      624.2346      624.7343  5940767    0.08%
  53452 38218        cutoff            624.2346      624.7342  5948811    0.08%
  53518 38268      624.5731   183      624.2346      624.7341  5956887    0.08%
  53591 38327      624.5987   189      624.2346      624.7340  5964699    0.08%
Elapsed time = 2863.40 sec. (2975605.09 ticks, tree = 867.73 MB, solutions = 13)
  53667 38383      624.5309   159      624.2346      624.7339  5972643    0.08%
  53748 38446      624.2887   157      624.2346      624.7339  5980364    0.08%
  53818 38493      624.4275   165      624.2346      624.7337  5988071    0.08%
  53892 38537      624.5642   201      624.2346      624.7335  5996043    0.08%
  53953 38577        cutoff            624.2346      624.7334  6003584    0.08%
  54031 38632      624.6498   199      624.2346      624.7332  6011231    0.08%
  54105 38681        cutoff            624.2346      624.7331  6018925    0.08%
  54176 38728      624.2836   163      624.2346      624.7329  6026253    0.08%
  54238 38774      624.6354   165      624.2346      624.7329  6034270    0.08%
  54336 38856      624.2534    92      624.2346      624.7327  6042241    0.08%
Elapsed time = 2899.84 sec. (3014109.94 ticks, tree = 877.46 MB, solutions = 13)
  54409 38909      624.2461   119      624.2346      624.7326  6050489    0.08%
  54488 38965      624.6248   207      624.2346      624.7325  6058372    0.08%
  54558 39019      624.3390   158      624.2346      624.7325  6064493    0.08%
  54629 39058      624.2736   191      624.2346      624.7323  6071997    0.08%
  54697 39104      624.6092   175      624.2346      624.7322  6079578    0.08%
  54760 39152      624.4587   171      624.2346      624.7321  6087575    0.08%
  54831 39205      624.3890   138      624.2346      624.7320  6095170    0.08%
  54904 39256      624.6188   197      624.2346      624.7318  6103425    0.08%
  54967 39305      624.4267   235      624.2346      624.7317  6110542    0.08%
  55062 39376      624.3251   196      624.2346      624.7316  6118454    0.08%
Elapsed time = 2935.83 sec. (3052547.00 ticks, tree = 885.96 MB, solutions = 13)
  55117 39407      624.2919   151      624.2346      624.7315  6126212    0.08%
  55177 39447      624.3309   234      624.2346      624.7315  6133671    0.08%
  55237 39485      624.4273   201      624.2346      624.7313  6141318    0.08%
  55307 39535        cutoff            624.2346      624.7312  6149397    0.08%
  55361 39573      624.2565   194      624.2346      624.7309  6157638    0.08%
  55415 39600      624.2771   183      624.2346      624.7307  6165502    0.08%
  55480 39641        cutoff            624.2346      624.7305  6173447    0.08%
  55556 39699      624.2886   196      624.2346      624.7303  6180650    0.08%
  55627 39745      624.2370   198      624.2346      624.7302  6188528    0.08%
  55703 39791      624.3957   220      624.2346      624.7299  6196546    0.08%
Elapsed time = 2971.56 sec. (3091228.88 ticks, tree = 894.30 MB, solutions = 13)
  55759 39833      624.6046   162      624.2346      624.7299  6203548    0.08%
  55841 39893      624.6328   222      624.2346      624.7297  6211670    0.08%
  55919 39952      624.3960   138      624.2346      624.7296  6219742    0.08%
  55983 39990      624.3313   167      624.2346      624.7294  6227643    0.08%
  56054 40033      624.3792   168      624.2346      624.7293  6235555    0.08%
  56117 40076      624.4410   169      624.2346      624.7290  6243600    0.08%
  56197 40138      624.2564    87      624.2346      624.7289  6251001    0.08%
  56263 40186      624.5028   166      624.2346      624.7288  6258876    0.08%
  56325 40229      624.3221   193      624.2346      624.7286  6266457    0.08%
  56387 40279      624.2913   149      624.2346      624.7285  6273567    0.08%
Elapsed time = 3007.39 sec. (3129612.41 ticks, tree = 904.80 MB, solutions = 13)
  56463 40325      624.6839   166      624.2346      624.7283  6281469    0.08%
  56536 40382      624.3674   171      624.2346      624.7282  6288330    0.08%
  56607 40427      624.2405   154      624.2346      624.7281  6296179    0.08%
  56685 40489      624.2377   177      624.2346      624.7280  6304070    0.08%
  56746 40531      624.4413   222      624.2346      624.7279  6312528    0.08%
  56820 40584      624.6858   173      624.2346      624.7278  6320280    0.08%
  56904 40649      624.6140   164      624.2346      624.7277  6328385    0.08%
  56983 40714      624.2989   141      624.2346      624.7277  6336316    0.08%
  57047 40756      624.4631   248      624.2346      624.7274  6344456    0.08%
  57133 40822      624.5177   212      624.2346      624.7273  6352618    0.08%
Elapsed time = 3044.11 sec. (3168387.21 ticks, tree = 917.53 MB, solutions = 13)
  57209 40872      624.3813   174      624.2346      624.7271  6360428    0.08%
  57285 40925      624.4141   174      624.2346      624.7270  6368602    0.08%
  57349 40964      624.4595   187      624.2346      624.7267  6376678    0.08%
  57414 41005      624.2369   166      624.2346      624.7265  6384490    0.08%
  57485 41055      624.5937   186      624.2346      624.7264  6392001    0.08%
  57546 41098      624.3181   171      624.2346      624.7264  6399446    0.08%
  57597 41128      624.2871   184      624.2346      624.7264  6408004    0.08%
  57664 41173      624.5122   162      624.2346      624.7263  6415536    0.08%
  57727 41216      624.2740   186      624.2346      624.7262  6422930    0.08%
  57817 41280      624.5548   190      624.2346      624.7261  6431417    0.08%
Elapsed time = 3080.23 sec. (3207080.90 ticks, tree = 927.86 MB, solutions = 13)
  57893 41339      624.3609   201      624.2346      624.7259  6439031    0.08%
  57951 41373      624.5066   169      624.2346      624.7259  6447632    0.08%
  58016 41419      624.3707   180      624.2346      624.7258  6455276    0.08%
  58081 41462        cutoff            624.2346      624.7256  6462903    0.08%
  58150 41521      624.3364   147      624.2346      624.7256  6469549    0.08%
  58220 41567      624.3213   138      624.2346      624.7254  6477135    0.08%
  58303 41626      624.3920   166      624.2346      624.7253  6484462    0.08%
  58363 41663      624.6357   189      624.2346      624.7252  6492550    0.08%
  58449 41735      624.2555    97      624.2346      624.7252  6500388    0.08%
  58525 41791      624.4731   195      624.2346      624.7249  6508431    0.08%
Elapsed time = 3116.32 sec. (3245438.62 ticks, tree = 939.28 MB, solutions = 13)
  58604 41841      624.6475   184      624.2346      624.7248  6516434    0.08%
  58695 41919      624.5021   178      624.2346      624.7248  6524438    0.08%
  58766 41968      624.2809   171      624.2346      624.7247  6531742    0.08%
  58833 42009      624.5691   181      624.2346      624.7246  6540176    0.08%
  58899 42059      624.2948   169      624.2346      624.7246  6547967    0.08%
  58988 42126      624.2423   141      624.2346      624.7245  6555405    0.08%
  59047 42162      624.5881   184      624.2346      624.7243  6562885    0.08%
  59163 42246      624.2788   155      624.2346      624.7242  6570445    0.08%
  59224 42291      624.2498   144      624.2346      624.7240  6577852    0.08%
  59296 42341      624.4477   130      624.2346      624.7239  6585821    0.08%
Elapsed time = 3152.72 sec. (3283995.17 ticks, tree = 955.21 MB, solutions = 13)
  59367 42381      624.2724   173      624.2346      624.7238  6593854    0.08%
  59425 42423      624.4598   131      624.2346      624.7237  6601248    0.08%
  59511 42482      624.5965   165      624.2346      624.7236  6609321    0.08%
  59600 42544      624.3081   135      624.2346      624.7234  6617524    0.08%
  59665 42581      624.3645   171      624.2346      624.7233  6625508    0.08%
  59727 42622      624.6068   171      624.2346      624.7232  6632538    0.08%
  59790 42661      624.4087   166      624.2346      624.7231  6640244    0.08%
  59861 42714      624.6322   175      624.2346      624.7230  6647962    0.08%
  59942 42774      624.4798   196      624.2346      624.7229  6655935    0.08%
  60015 42824      624.3995   169      624.2346      624.7228  6664149    0.08%
Elapsed time = 3189.32 sec. (3322834.34 ticks, tree = 967.29 MB, solutions = 13)
  60088 42880        cutoff            624.2346      624.7226  6671524    0.08%
  60185 42958      624.2713    91      624.2346      624.7226  6679288    0.08%
  60256 43004      624.3967   160      624.2346      624.7225  6686905    0.08%
  60311 43038      624.2835   196      624.2346      624.7224  6694623    0.08%
  60376 43091      624.3979   162      624.2346      624.7224  6702216    0.08%
  60445 43137      624.5806   216      624.2346      624.7223  6709996    0.08%
  60517 43189      624.6880   195      624.2346      624.7222  6718034    0.08%
  60606 43261      624.6517   180      624.2346      624.7222  6725479    0.08%
  60680 43319      624.5047   170      624.2346      624.7221  6733801    0.08%
  60760 43372      624.5634   183      624.2346      624.7220  6742168    0.08%
Elapsed time = 3225.81 sec. (3361438.88 ticks, tree = 975.16 MB, solutions = 13)
  60828 43422      624.4911   208      624.2346      624.7218  6750345    0.08%
  60877 43459      624.6284   168      624.2346      624.7217  6758125    0.08%
  60956 43513      624.3408   175      624.2346      624.7216  6766243    0.08%
  61021 43556      624.2964   178      624.2346      624.7216  6774261    0.08%
Starting limited solution polishing.
  61081 43596      624.3304   193      624.2346      624.7215  6782051    0.08%
  61164 43660      624.2589   136      624.2346      624.7214  6790180    0.08%
  61257 43727      624.5810   150      624.2346      624.7213  6797556    0.08%
  61320 43766      624.2624   134      624.2346      624.7212  6805513    0.08%
  61362 43796      624.3304   205      624.2346      624.7211  6811165    0.08%
  61424 43840      624.2516   151      624.2346      624.7210  6818874    0.08%
Elapsed time = 3262.04 sec. (3400111.24 ticks, tree = 982.03 MB, solutions = 13)
  61499 43895      624.3844   169      624.2346      624.7208  6825668    0.08%
  61558 43936      624.3165   142      624.2346      624.7207  6832864    0.08%
  61627 43987      624.6429   152      624.2346      624.7206  6838709    0.08%
  61715 44051      624.3224   192      624.2346      624.7205  6847125    0.08%
  61757 44080      624.6151   160      624.2346      624.7204  6851950    0.08%
  61827 44136      624.2567   188      624.2346      624.7203  6859630    0.08%
  61901 44194      624.5418   149      624.2346      624.7202  6867278    0.08%
  61962 44245      624.3345   169      624.2346      624.7201  6873665    0.08%
  62027 44288      624.3639   161      624.2346      624.7200  6880227    0.08%
  62093 44317      624.3132   194      624.2346      624.7200  6888215    0.08%
Elapsed time = 3308.03 sec. (3439817.54 ticks, tree = 994.99 MB, solutions = 13)
  62142 44347      624.3741   190      624.2346      624.7198  6893148    0.08%
  62207 44388      624.3242   109      624.2346      624.7197  6901239    0.08%
  62255 44426      624.5002   211      624.2346      624.7196  6906613    0.08%
  62327 44474      624.5248   206      624.2346      624.7195  6913484    0.08%
  62390 44521      624.5558   185      624.2346      624.7193  6921395    0.08%
  62460 44576      624.4482   172      624.2346      624.7192  6927997    0.08%
  62527 44620      624.5565   140      624.2346      624.7191  6935416    0.08%
  62611 44682      624.4136   166      624.2346      624.7190  6943393    0.08%
  62687 44738      624.2428   171      624.2346      624.7189  6950144    0.08%
  62727 44764      624.5952   186      624.2346      624.7188  6955209    0.08%
Elapsed time = 3345.76 sec. (3479102.89 ticks, tree = 1003.37 MB, solutions = 13)
  62795 44812      624.6024   166      624.2346      624.7188  6963488    0.08%
  62847 44846      624.6759   215      624.2346      624.7187  6968717    0.08%
  62900 44889      624.3008   138      624.2346      624.7186  6976718    0.08%
  62944 44920      624.2362   157      624.2346      624.7185  6980921    0.08%
  63012 44963      624.5760   188      624.2346      624.7184  6988653    0.08%
  63065 45004      624.5587   164      624.2346      624.7184  6994017    0.08%
  63141 45064      624.2852   106      624.2346      624.7184  6999758    0.08%
  63227 45125      624.4108   195      624.2346      624.7181  7007631    0.08%
  63296 45180      624.3050   138      624.2346      624.7180  7015222    0.08%
  63347 45208      624.4738   174      624.2346      624.7179  7021687    0.08%
Elapsed time = 3383.75 sec. (3518865.12 ticks, tree = 1016.19 MB, solutions = 13)
  63419 45257      624.3676   192      624.2346      624.7179  7029311    0.08%
  63494 45307      624.5868   173      624.2346      624.7178  7035699    0.08%
  63563 45362      624.5186   158      624.2346      624.7177  7042334    0.08%
  63626 45402      624.6152   185      624.2346      624.7177  7049414    0.08%
  63680 45446      624.3487   167      624.2346      624.7175  7055499    0.08%
  63744 45486      624.3592   141      624.2346      624.7174  7063521    0.08%
  63813 45530        cutoff            624.2346      624.7171  7071546    0.08%
  63877 45569      624.5165   206      624.2346      624.7169  7079500    0.08%
  63927 45610      624.5919   165      624.2346      624.7169  7083853    0.08%
  63999 45660      624.4108   238      624.2346      624.7168  7091931    0.08%
Elapsed time = 3420.08 sec. (3557723.88 ticks, tree = 1024.67 MB, solutions = 13)
  64040 45685      624.4154   222      624.2346      624.7167  7096985    0.08%
  64113 45736      624.2377   135      624.2346      624.7166  7104825    0.08%
  64154 45763      624.4508   151      624.2346      624.7165  7109464    0.08%
  64228 45815      624.3048   155      624.2346      624.7165  7116942    0.08%
  64296 45859      624.6991   180      624.2346      624.7164  7125167    0.08%
  64359 45912      624.5367   168      624.2346      624.7163  7131908    0.08%
  64427 45958      624.4058   179      624.2346      624.7162  7139108    0.08%
  64504 46012      624.2364   135      624.2346      624.7160  7147084    0.08%
  64554 46037      624.4546   168      624.2346      624.7159  7153517    0.08%
  64627 46097      624.2405   174      624.2346      624.7158  7161357    0.08%
Elapsed time = 3458.16 sec. (3597901.66 ticks, tree = 1032.48 MB, solutions = 13)
  64701 46138      624.3060   141      624.2346      624.7157  7169053    0.08%
  64755 46178      624.4281   169      624.2346      624.7156  7174524    0.08%
  64822 46227      624.4189   204      624.2346      624.7154  7182276    0.08%
  64870 46251      624.3102   229      624.2346      624.7153  7189722    0.08%
  64927 46294      624.6107   196      624.2346      624.7153  7195022    0.08%
  65027 46376      624.6135   181      624.2346      624.7152  7202563    0.08%
  65094 46423      624.3994   181      624.2346      624.7152  7210637    0.08%
  65147 46454      624.2636   199      624.2346      624.7151  7216205    0.08%
  65224 46515      624.2542   124      624.2346      624.7150  7224108    0.08%
  65455 46662      624.3754   185      624.2346      624.7145  7253540    0.08%
Elapsed time = 3506.83 sec. (3649576.95 ticks, tree = 1043.57 MB, solutions = 13)
  65714 46842      624.5268   186      624.2346      624.7141  7278705    0.08%
  65921 46994      624.4424   212      624.2346      624.7138  7300869    0.08%
  66144 47143      624.3260   144      624.2346      624.7134  7327128    0.08%
  66387 47317      624.3623   167      624.2346      624.7130  7353855    0.08%
  66682 47524      624.3880   141      624.2346      624.7127  7383422    0.08%
  66927 47694      624.2680   195      624.2346      624.7123  7409234    0.08%

Flow cuts applied:  26
Mixed integer rounding cuts applied:  143
Lift and project cuts applied:  1
Gomory fractional cuts applied:  4
User cuts applied:  1907

Root node processing (before b&c):
  Real time             =    6.91 sec. (3551.07 ticks)
Sequential b&c:
  Real time             = 3593.09 sec. (3745042.06 ticks)
                          ------------
Total (root+branch&cut) = 3600.00 sec. (3748593.13 ticks)
|V|                                     700
K                                       70
theta                                   0.10
r                                       1
R                                       20
prob_func                               facility_mixture
mixture_low_share                       0.100000
mixture_low_interval                    [0.001000, 0.010000]
mixture_high_interval                   [0.100000, 0.500000]
mixture_seed                            1
#C1                                     896
#CP                                     50622

@Parameters: 
am_callback_heuristic                   false
am_local_search                         true
am_start_heuristic                      false
colocation                              true
comp                                    false
cutC                                    true
cutC_init                               false
cutF                                    true
cutF_init                               false
cutF_stable                             false
cutF_wrong                              false
cutLocal                                false
cutM                                    true
cutM_init                               true
cutM_stable                             false
cutP                                    true
cutP_init                               false
cutP_stable                             false
init                                    true
init_cutF_zero                          false
init_val_greedy                         true
is_Euclidean                            false
is_local_search                         true
is_right_cutP                           true
is_root                                 false
is_silent                               false
is_start                                false
mycut                                   false
pmed                                    false
pre                                     true
stable_root                             false
str                                     true
two_phase                               false
ubstr                                   false
mode                                    Int

am_callback_node_space                  50
init                                    0
mixture_seed                            1
node_space                              5
nodelimit                               -1
nsepa                                   1
strF                                    0
type_delta                              0

EPS                                     0.001000
EPS_FRAC                                0.00
gap                                     0.00
mixture_high_max                        0.50
mixture_high_min                        0.10
mixture_low_max                         0.01
mixture_low_min                         0.00
mixture_low_share                       0.10
timelimit                               3600.00

Number of Closed Sites: 3 / 210 
Number of Confined Sites-1: 1 / 69 
Number of Confined Sites-k: 696 / 4429 
Preprocess Time: 1.44 + 0.00 sec

Solve Time: 3600.00
Number of Nodes: 67027
Termination Status: TIME_LIMIT

CutInfo: [phase] num / time (sec) / aver. num_nonzero
max              [LP]     0 / 0.00 / 0.00 [init]   612 / 0.01 / 2.00 [rLC]   471 / 0.02 / 5.13 [rUC]   564 / 0.11 / 4.25 [sLC]     9 / 0.14 / 5.22 [sUC]   674 / 1.93 / 4.73 
prod_oa          [LP]     0 / 0.00 / 0.00 [init]   430 / 0.02 / 45.53 [rLC]   552 / 0.05 / 49.80 [rUC]   549 / 0.39 / 44.01 [sLC]   399 / 0.45 / 53.94 [sUC]   830 / 7.20 / 44.77 
prod_sm_fixed    [LP]     0 / 0.00 / 0.00 [init]     0 / 0.00 / 0.00 [rLC]     0 / 0.00 / 0.00 [rUC]     0 / 0.00 / 0.00 [sLC]     0 / 0.00 / 0.00 [sUC]     0 / 0.00 / 0.00 
prod_bin         [LP]     0 / 0.00 / 0.00 [init]     0 / 0.00 / 0.00 [rLC]     0 / 0.00 / 0.00 [rUC]     0 / 0.00 / 0.00 [sLC]     0 / 0.00 / 0.00 [sUC]     0 / 0.00 / 0.00 
prod_local       [LP]     0 / 0.00 / 0.00 [init]     0 / 0.00 / 0.00 [rLC]     0 / 0.00 / 0.00 [rUC]     0 / 0.00 / 0.00 [sLC]     0 / 0.00 / 0.00 [sUC]     0 / 0.00 / 0.00 
prod_sm_C        [LP]     0 / 0.00 / 0.00 [init]     0 / 0.08 / 0.00 [rLC]     0 / 0.24 / 0.00 [rUC]   559 / 2.69 / 51.34 [sLC]     0 / 2.17 / 0.00 [sUC]  1294 / 45.56 / 60.26 
facet            [LP]     0 / 0.00 / 0.00 [init]     0 / 0.00 / 0.00 [rLC]     0 / 0.00 / 0.00 [rUC]   547 / 0.00 / 0.00 [sLC]     0 / 0.00 / 0.00 [sUC]  1294 / 0.00 / 0.00 
Separation Round:   [LP] 0  [init] 1  [rLC] 3  [rUC] 23  [sLC] 28  [sUC] 118545  
Root Best Bound 625.818200
Root Best Integer: 623.407295
Best Bound: 624.712181
Best Integer: 624.234606
1: 1, 3, 12, 16, 25, 53, 60, 77, 84, 85, 88, 104, 138, 145, 163, 171, 197, 205, 214, 216, 247, 258, 261, 286, 294, 357, 397, 400, 414, 422, 435, 446, 458, 461, 474, 486, 489, 490, 494, 506, 515, 521, 525, 526, 538, 547, 552, 557, 575, 577, 580, 599, 601, 633, 674, 680
2: 33, 116, 225, 279, 284, 330, 692
Objective Value (calc): 624.181585
sum_etaM = 377.941006 / 377.940463
sum_etaP = 651.600561 / 651.541709
nL: 63
nCL: 7
mCL: 2
