Version identifier: 20.1.0.0 | 2020-11-10 | 9bedb6d68
CPXPARAM_Threads                                 1
CPXPARAM_TimeLimit                               3600
CPXPARAM_MIP_Tolerances_MIPGap                   0
Generic callback                                 0x60
1 of 1 MIP starts provided solutions.
MIP start 'm1' defined initial solution with objective 589.0445.
Tried aggregator 2 times.
MIP Presolve eliminated 21 rows and 12 columns.
MIP Presolve modified 287 coefficients.
Aggregator did 9 substitutions.
Reduced MIP has 1859 rows, 2379 columns, and 10443 nonzeros.
Reduced MIP has 594 binaries, 585 generals, 0 SOSs, and 0 indicators.
Presolve time = 0.01 sec. (4.32 ticks)
Probing time = 0.00 sec. (0.58 ticks)
Tried aggregator 1 time.
Reduced MIP has 1859 rows, 2379 columns, and 10443 nonzeros.
Reduced MIP has 594 binaries, 585 generals, 0 SOSs, and 0 indicators.
Presolve time = 0.00 sec. (2.55 ticks)
Probing time = 0.00 sec. (0.58 ticks)
MIP emphasis: balance optimality and feasibility.
MIP search method: dynamic search.
Parallel mode: none, using 1 thread.
Root relaxation solution time = 0.03 sec. (38.14 ticks)

        Nodes                                         Cuts/
   Node  Left     Objective  IInf  Best Integer    Best Bound    ItCnt     Gap

*     0+    0                          589.0445      600.0000             1.86%
      0     0      599.0312   446      589.0445      599.0312     1366    1.70%
      0     0      596.1291   605      589.0445     Cuts: 564     2189    1.20%
      0     0      595.6488   608      589.0445     Cuts: 564     2737    1.12%
      0     0      595.3130   661      589.0445     Cuts: 537     3320    1.06%
      0     0      595.0441   689      589.0445     Cuts: 513     4333    1.02%
      0     0      594.8721   672      589.0445     Cuts: 341     4906    0.99%
      0     0      594.7407   710      589.0445     Cuts: 379     5398    0.97%
      0     0      594.6471   676      589.0445     Cuts: 303     5805    0.95%
      0     0      594.5058   684      589.0445     Cuts: 272     6265    0.93%
      0     0      594.4516   677      589.0445     Cuts: 263     6637    0.92%
      0     0      594.4157   680      589.0445     Cuts: 239     6898    0.91%
      0     0      594.3593   694      589.0445     Cuts: 208     7209    0.90%
      0     0      594.3494   725      589.0445 UserPurge2: 72     7334    0.90%
      0     0      594.3443   704      589.0445 UserPurge2: 50     7418    0.90%
      0     0      594.3406   715      589.0445 UserPurge2: 37     7481    0.90%
      0     0      594.3373   728      589.0445 UserPurge2: 65     7543    0.90%
      0     0      594.3366   721      589.0445 UserPurge2: 30     7591    0.90%
      0     0      594.3359   712      589.0445 UserPurge2: 25     7645    0.90%
      0     0      594.3352   734      589.0445 UserPurge2: 28     7679    0.90%
      0     0      594.3344   735      589.0445 UserPurge2: 22     7716    0.90%
      0     0      594.3343   727      589.0445 UserPurge2: 21     7734    0.90%
      0     0      594.3339   731      589.0445 UserPurge2: 13     7760    0.90%
      0     0      594.3338   727      589.0445 UserPurge2: 15     7781    0.90%
      0     2      594.3338   727      589.0445      594.3337     7781    0.90%
Elapsed time = 7.80 sec. (6922.81 ticks, tree = 0.01 MB, solutions = 1)
      5     7      594.1381   757      589.0445      594.3336     9569    0.90%
      7     9      594.1512   670      589.0445      594.3336    10528    0.90%
     10    12      593.9852   727      589.0445      594.3336    12135    0.90%
     12    14      593.9782   684      589.0445      594.3336    13135    0.90%
     14    16      593.9805   690      589.0445      594.3336    14460    0.90%
     15    17      593.8917   707      589.0445      594.3336    15420    0.90%
     16    18      593.8612   705      589.0445      594.3336    16035    0.90%
     18    20      593.8465   674      589.0445      594.3336    16893    0.90%
     20    22      593.7761   695      589.0445      594.3336    17994    0.90%
     25    27      593.4530   721      589.0445      594.3336    21332    0.90%
Elapsed time = 15.98 sec. (13467.77 ticks, tree = 0.14 MB, solutions = 1)
     31    33      593.2768   683      589.0445      594.3336    23416    0.90%
     39    41      593.0434   647      589.0445      594.3336    26425    0.90%
     40    42      593.0187   635      589.0445      594.3336    27152    0.90%
     47    49      592.7837   627      589.0445      594.3336    30303    0.90%
     52    54      592.5735   625      589.0445      594.3336    32460    0.90%
     60    62      592.4181   599      589.0445      594.3336    35429    0.90%
     70    72      592.0622   581      589.0445      594.3336    38490    0.90%
     76    78      591.8114   576      589.0445      594.3336    41421    0.90%
     80    82      591.8137   567      589.0445      594.3336    42506    0.90%
     90    92      591.3644   556      589.0445      594.3336    45685    0.90%
Elapsed time = 31.80 sec. (25800.42 ticks, tree = 0.44 MB, solutions = 1)
    100   102      591.1273   552      589.0445      594.3336    48244    0.90%
    115   117      590.6482   507      589.0445      594.3336    51334    0.90%
    140   142      590.1876   472      589.0445      594.3336    54241    0.90%
    164   166      589.6961   435      589.0445      594.3336    57696    0.90%
    202   198      594.3027   763      589.0445      594.3026    60495    0.89%
    205   201      594.1672   775      589.0445      594.2829    63040    0.89%
    209   205      594.0425   762      589.0445      594.2829    66163    0.89%
    213   209      594.0186   738      589.0445      594.2829    68267    0.89%
    216   212      593.9436   755      589.0445      594.2829    70831    0.89%
    220   216      593.8149   728      589.0445      594.2829    73061    0.89%
Elapsed time = 48.84 sec. (36997.89 ticks, tree = 0.71 MB, solutions = 1)
    225   221      593.6453   724      589.0445      594.2829    75633    0.89%
    230   226      593.4981   731      589.0445      594.2829    77757    0.89%
    235   231      593.2756   733      589.0445      594.2829    80228    0.89%
    240   236      593.2172   716      589.0445      594.2829    82426    0.89%
    245   241      593.0269   686      589.0445      594.2829    84873    0.89%
    250   246      592.7846   664      589.0445      594.2829    87191    0.89%
    257   253      592.5559   625      589.0445      594.2829    89800    0.89%
    260   256      592.4576   630      589.0445      594.2829    90883    0.89%
    269   265      592.2510   622      589.0445      594.2829    93762    0.89%
    276   272      592.0050   585      589.0445      594.2829    95796    0.89%
Elapsed time = 61.70 sec. (47862.20 ticks, tree = 1.06 MB, solutions = 1)
    281   277      591.8129   574      589.0445      594.2829    97072    0.89%
    290   286      591.4834   587      589.0445      594.2829    98953    0.89%
    300   296      591.2006   548      589.0445      594.2829   100755    0.89%
    313   309      590.6870   545      589.0445      594.2829   103016    0.89%
    323   319      590.6897   525      589.0445      594.2829   103909    0.89%
    336   332      590.3309   515      589.0445      594.2829   106146    0.89%
    343   339      590.1321   494      589.0445      594.2829   107217    0.89%
    367   363      589.4544   446      589.0445      594.2829   109579    0.89%
    383   373      594.0858   764      589.0445      594.2824   111362    0.89%
    386   376      594.0345   771      589.0445      594.2824   113235    0.89%
Elapsed time = 75.98 sec. (58069.26 ticks, tree = 5.52 MB, solutions = 1)
    390   380      593.8866   765      589.0445      594.2824   114926    0.89%
    397   387      593.7697   749      589.0445      594.2824   116809    0.89%
    401   391      593.6713   777      589.0445      594.2824   118229    0.89%
    405   395      594.0303   793      589.0445      594.2718   119806    0.89%
    410   400      593.7000   776      589.0445      594.2718   122592    0.89%
    414   404      593.5239   768      589.0445      594.2718   124604    0.89%
    418   408      593.4112   740      589.0445      594.2718   126876    0.89%
    420   410      593.2997   759      589.0445      594.2718   129316    0.89%
    424   414      593.1561   733      589.0445      594.2718   131318    0.89%
    428   418      592.9382   739      589.0445      594.2718   133440    0.89%
Elapsed time = 90.22 sec. (70443.54 ticks, tree = 6.34 MB, solutions = 1)
    430   420      592.7989   736      589.0445      594.2718   135553    0.89%
    436   426      592.5567   719      589.0445      594.2718   137500    0.89%
    440   430      592.4712   709      589.0445      594.2718   139128    0.89%
    444   434      592.3477   703      589.0445      594.2718   141117    0.89%
    448   438      592.1315   695      589.0445      594.2718   143286    0.89%
    450   440      591.9063   679      589.0445      594.2718   145058    0.89%
    456   446      591.6915   684      589.0445      594.2718   147221    0.89%
    460   450      591.6405   666      589.0445      594.2718   148302    0.89%
    467   457      591.3633   635      589.0445      594.2718   150244    0.89%
    471   461      591.0886   622      589.0445      594.2718   151852    0.89%
Elapsed time = 106.57 sec. (85095.75 ticks, tree = 6.43 MB, solutions = 1)
    480   470      590.9243   605      589.0445      594.2718   153660    0.89%

Performing restart 1

Repeating presolve.
Tried aggregator 1 time.
MIP Presolve modified 196 coefficients.
Reduced MIP has 1859 rows, 2379 columns, and 10443 nonzeros.
Reduced MIP has 594 binaries, 585 generals, 0 SOSs, and 0 indicators.
Presolve time = 0.00 sec. (2.65 ticks)
Tried aggregator 1 time.
Reduced MIP has 1859 rows, 2379 columns, and 10443 nonzeros.
Reduced MIP has 594 binaries, 585 generals, 0 SOSs, and 0 indicators.
Presolve time = 0.00 sec. (2.62 ticks)
Represolve time = 0.05 sec. (30.58 ticks)
    482     0      593.0707   522      589.0445     Cuts: 380   161719    0.68%
    482     0      592.9394   516      589.0445     Cuts: 212   162211    0.66%
    482     0      592.8947   519      589.0445     Cuts: 233   162528    0.65%
    482     0      592.8391   499      589.0445     Cuts: 162   162803    0.64%
    482     0      592.8115   520      589.0445     Cuts: 153   162997    0.64%
    482     0      592.7805   493      589.0445      Cuts: 97   163242    0.63%
    482     0      592.7588   517      589.0445      Cuts: 88   163478    0.63%
    482     0      592.7483   517      589.0445     Cuts: 102   163653    0.63%
    482     0      592.7345   527      589.0445      Cuts: 80   163819    0.63%
    482     0      592.7223   515      589.0445      Cuts: 83   163994    0.62%
    482     0      592.7108   516      589.0445     Cuts: 104   164207    0.62%
    482     0      592.7015   544      589.0445      Cuts: 89   164380    0.62%
    482     0      592.6936   544      589.0445      Cuts: 62   164544    0.62%
    482     0      592.6847   520      589.0445      Cuts: 86   164738    0.62%
    482     0      592.6797   528      589.0445      Cuts: 51   164867    0.62%
    482     0      592.6742   519      589.0445      Cuts: 68   165016    0.62%
    482     2      592.6742   520      589.0445      592.6741   165016    0.62%
    483     3      592.6568   514      589.0445      592.6740   165370    0.62%
    484     4      592.6265   523      589.0445      592.6564   165800    0.61%
    485     5      592.6309   512      589.0445      592.6563   166101    0.61%
    486     6      592.6306   492      589.0445      592.6308   166240    0.61%
    487     7      592.6188   491      589.0445      592.6308   166479    0.61%
    488     8      592.5779   502      589.0445      592.6308   167545    0.61%
    489     9      592.6135   485      589.0445      592.6308   168264    0.61%
    490    10      592.2442   652      589.0445      592.6308   172977    0.61%
Elapsed time = 152.34 sec. (132634.18 ticks, tree = 0.02 MB, solutions = 1)
    491    11      592.5218   626      589.0445      592.6308   174380    0.61%
    492    12      592.4719   602      589.0445      592.6308   176562    0.61%
    493    13      592.5186   628      589.0445      592.6308   176737    0.61%
    494    14      592.4624   606      589.0445      592.6308   177656    0.61%
    496    16      592.5058   574      589.0445      592.6308   178485    0.61%
    497    17      592.3565   619      589.0445      592.6308   179220    0.61%
    500    20      592.3111   637      589.0445      592.6308   181375    0.61%
    502    22      592.2789   578      589.0445      592.6308   182902    0.61%
    504    24      592.2399   610      589.0445      592.6308   183919    0.61%
    509    29      592.1737   551      589.0445      592.6308   186318    0.61%
Elapsed time = 175.47 sec. (158444.01 ticks, tree = 0.10 MB, solutions = 1)
    511    31      592.1378   534      589.0445      592.6308   187839    0.61%
    517    37      592.1013   549      589.0445      592.6308   190770    0.61%
    522    42      591.9363   554      589.0445      592.6308   193128    0.61%
    525    45      592.0494   579      589.0445      592.6308   195619    0.61%
    527    47      591.9386   583      589.0445      592.6308   198641    0.61%
    532    52      591.8494   540      589.0445      592.6308   201487    0.61%
    536    56      591.8104   551      589.0445      592.6308   203990    0.61%
    542    62      591.5710   525      589.0445      592.6308   206511    0.61%
    550    70      590.9494   567      589.0445      592.6308   210084    0.61%
    572    92      590.9856   541      589.0445      592.6308   218170    0.61%
Elapsed time = 194.35 sec. (177377.87 ticks, tree = 0.72 MB, solutions = 1)
    595   115      590.1978   524      589.0445      592.6308   226469    0.61%
    618   138      589.8761   498      589.0445      592.6308   235322    0.61%
    640   160      589.6807   500      589.0445      592.6308   244050    0.61%
    664   175        cutoff            589.0445      592.6308   252577    0.61%
    677   178      592.4947   634      589.0445      592.6308   257445    0.61%
    687   188      592.1165   653      589.0445      592.6308   265682    0.61%
    700   201      591.7571   638      589.0445      592.6308   275634    0.61%
    711   212      591.6460   630      589.0445      592.6308   284041    0.61%
    725   226      591.4383   639      589.0445      592.6308   292103    0.61%
    742   243      591.1126   587      589.0445      592.6308   299121    0.61%
Elapsed time = 236.60 sec. (220041.01 ticks, tree = 1.42 MB, solutions = 1)
    758   259      591.1275   607      589.0445      592.6308   305383    0.61%
    772   273      591.0436   570      589.0445      592.6308   310799    0.61%
    793   294      590.7162   542      589.0445      592.6308   318939    0.61%
    825   326      589.9757   531      589.0445      592.6308   328611    0.61%
    857   352      589.1695   453      589.0445      592.6308   337523    0.61%
    886   359      592.4669   634      589.0445      592.6264   345428    0.61%
    902   375      591.9683   621      589.0445      592.6264   355379    0.61%
    922   395      591.3197   590      589.0445      592.6264   363012    0.61%
    933   406      590.7798   587      589.0445      592.6264   369734    0.61%
    957   428      589.0632   572      589.0445      592.6264   376838    0.61%
Elapsed time = 280.15 sec. (264848.88 ticks, tree = 2.31 MB, solutions = 1)
    975   438      592.4572   592      589.0445      592.5779   385003    0.60%
    986   449      592.1143   634      589.0445      592.5779   392828    0.60%
   1001   464      592.0809   581      589.0445      592.5779   402264    0.60%
   1009   472      591.7697   585      589.0445      592.5779   407892    0.60%
   1022   485      591.6517   542      589.0445      592.5779   414577    0.60%
   1038   501      591.3854   502      589.0445      592.5779   424999    0.60%
   1052   515      591.1007   454      589.0445      592.5779   431576    0.60%
   1076   539      590.4173   494      589.0445      592.5779   440752    0.60%
   1117   580      590.1705   415      589.0445      592.5779   450950    0.60%
   1162   625      589.7952   362      589.0445      592.5779   460571    0.60%
Elapsed time = 317.53 sec. (306273.31 ticks, tree = 3.07 MB, solutions = 1)
   1212   670      589.0636   277      589.0445      592.5779   467302    0.60%
   1242   687      591.7632   596      589.0445      592.5779   475558    0.60%
   1254   699      591.3892   599      589.0445      592.5779   485609    0.60%
   1269   714      591.1437   589      589.0445      592.5779   495317    0.60%
   1287   732      590.9000   549      589.0445      592.5779   504705    0.60%
   1307   752      590.6821   513      589.0445      592.5779   514473    0.60%
   1329   774      590.2846   506      589.0445      592.5779   523467    0.60%
   1362   807      589.6628   427      589.0445      592.5779   531701    0.60%
   1395   832      592.5034   633      589.0445      592.5628   540699    0.60%
   1407   844      592.2674   608      589.0445      592.5628   550100    0.60%
Elapsed time = 353.44 sec. (346647.18 ticks, tree = 3.54 MB, solutions = 1)
   1421   858      591.6286   593      589.0445      592.5628   559524    0.60%
   1435   872      591.6344   595      589.0445      592.5628   568553    0.60%
   1452   889      591.3177   540      589.0445      592.5628   577959    0.60%
   1466   903      591.2465   517      589.0445      592.5628   587400    0.60%
   1486   923      591.1116   471      589.0445      592.5628   596286    0.60%
   1509   946      590.5832   459      589.0445      592.5628   605513    0.60%
   1530   967      590.3207   431      589.0445      592.5628   614692    0.60%
   1568  1005      589.6410   384      589.0445      592.5628   623092    0.60%
   1612  1021      592.4537   581      589.0445      592.5464   629802    0.59%
   1630  1039      592.0368   616      589.0445      592.5464   638766    0.59%
Elapsed time = 388.32 sec. (386061.73 ticks, tree = 3.99 MB, solutions = 1)
   1651  1060      591.3468   567      589.0445      592.5464   647522    0.59%
   1679  1088      590.5352   487      589.0445      592.5464   656807    0.59%
   1710  1117      589.2253   429      589.0445      592.5464   663137    0.59%
   1732  1130      592.3311   633      589.0445      592.5463   670195    0.59%
   1747  1145      592.0352   615      589.0445      592.5463   678856    0.59%
   1760  1158      591.9389   590      589.0445      592.5463   688165    0.59%
   1773  1171      591.6256   594      589.0445      592.5463   696901    0.59%
   1790  1188      591.3393   570      589.0445      592.5463   706682    0.59%
   1810  1208      590.7278   577      589.0445      592.5463   716118    0.59%
   1831  1229      590.6734   515      589.0445      592.5463   724945    0.59%
Elapsed time = 422.82 sec. (425569.09 ticks, tree = 4.51 MB, solutions = 1)
   1862  1260      589.8100   464      589.0445      592.5463   734684    0.59%
   1895  1293      589.7389   407      589.0445      592.5463   743381    0.59%
   1938  1326      589.1205   373      589.0445      592.5463   750822    0.59%
   1963  1340      592.1779   636      589.0445      592.5270   758505    0.59%
   1986  1363      591.2924   599      589.0445      592.5270   767430    0.59%
   2007  1384      590.4140   541      589.0445      592.5270   773970    0.59%
   2045  1420      589.0725   486      589.0445      592.5270   782715    0.59%
   2057  1429      592.0136   644      589.0445      592.5225   790315    0.59%
   2070  1442      592.0706   627      589.0445      592.5225   799198    0.59%
   2084  1456      591.8971   615      589.0445      592.5225   808332    0.59%
Elapsed time = 457.82 sec. (464996.14 ticks, tree = 5.01 MB, solutions = 1)
   2100  1472      591.8259   564      589.0445      592.5225   817873    0.59%
   2114  1486      591.5175   551      589.0445      592.5225   827544    0.59%
   2139  1511      591.3238   502      589.0445      592.5225   838242    0.59%
   2162  1534      591.1929   454      589.0445      592.5225   847128    0.59%
   2199  1571      590.4130   409      589.0445      592.5225   857427    0.59%
   2251  1623      589.7053   313      589.0445      592.5225   868029    0.59%
   2294  1662      589.0506   268      589.0445      592.5225   875346    0.59%
   2322  1676      592.4015   616      589.0445      592.5225   882186    0.59%
   2342  1696      592.0273   585      589.0445      592.5225   890463    0.59%
   2367  1721      591.4039   533      589.0445      592.5225   899180    0.59%
Elapsed time = 495.23 sec. (506925.13 ticks, tree = 5.57 MB, solutions = 1)
   2395  1749      589.9234   504      589.0445      592.5225   907914    0.59%
   2435  1775      589.0525   423      589.0445      592.5225   915905    0.59%
   2450  1786      591.9852   644      589.0445      592.5215   925143    0.59%
   2468  1804      591.8644   570      589.0445      592.5215   933927    0.59%
   2482  1818      591.4744   546      589.0445      592.5215   942185    0.59%
   2502  1838      591.3233   497      589.0445      592.5215   951969    0.59%
   2529  1865      591.0599   475      589.0445      592.5215   961766    0.59%
   2559  1895      590.6133   440      589.0445      592.5215   971553    0.59%
   2614  1950      589.7183   380      589.0445      592.5215   982217    0.59%
   2677  1995      592.3262   637      589.0445      592.5182   989250    0.59%
Elapsed time = 530.48 sec. (546522.43 ticks, tree = 6.16 MB, solutions = 1)
   2702  2020      592.1565   608      589.0445      592.5182   997540    0.59%
   2722  2040      591.6635   583      589.0445      592.5182  1005098    0.59%
   2751  2069      590.7056   519      589.0445      592.5182  1013962    0.59%
   2778  2096      589.3691   487      589.0445      592.5182  1022323    0.59%
   2794  2109      591.4713   628      589.0445      592.5176  1030190    0.59%
   2802  2117      591.6169   630      589.0445      592.5176  1036538    0.59%
   2818  2133      591.4321   614      589.0445      592.5176  1045167    0.59%
   2834  2149      591.2282   610      589.0445      592.5176  1053871    0.59%
   2854  2169      591.1300   571      589.0445      592.5176  1062700    0.59%
   2870  2185      591.0230   556      589.0445      592.5176  1071939    0.59%
Elapsed time = 564.75 sec. (586370.07 ticks, tree = 6.62 MB, solutions = 1)
   2891  2206      590.5815   500      589.0445      592.5176  1080717    0.59%
   2911  2226      590.4352   485      589.0445      592.5176  1090732    0.59%
   2943  2258      589.8046   418      589.0445      592.5176  1100132    0.59%
   2979  2294      589.3637   351      589.0445      592.5176  1107124    0.59%
   3012  2315      592.2185   641      589.0445      592.5110  1114902    0.59%
   3027  2330      592.1313   624      589.0445      592.5110  1123172    0.59%
   3043  2346      591.7781   598      589.0445      592.5110  1131280    0.59%
   3062  2365      591.4214   595      589.0445      592.5110  1141039    0.59%
   3076  2379      591.2679   590      589.0445      592.5110  1150066    0.59%
   3091  2394      590.9001   589      589.0445      592.5110  1158560    0.59%
Elapsed time = 599.56 sec. (626401.80 ticks, tree = 7.07 MB, solutions = 1)
   3105  2408      590.6966   566      589.0445      592.5110  1166993    0.59%
   3122  2425      590.6739   524      589.0445      592.5110  1175869    0.59%
   3145  2448      590.0101   498      589.0445      592.5110  1184708    0.59%
   3179  2482      589.5313   426      589.0445      592.5110  1193749    0.59%
   3222  2506      592.4985   604      589.0445      592.5056  1201891    0.59%
   3232  2516      592.2839   615      589.0445      592.5056  1212544    0.59%
   3251  2535      592.3609   577      589.0445      592.5056  1221049    0.59%
   3264  2548      592.1453   575      589.0445      592.5056  1229993    0.59%
   3282  2566      592.1208   571      589.0445      592.5056  1238426    0.59%
   3299  2583      591.9844   527      589.0445      592.5056  1247434    0.59%
Elapsed time = 638.60 sec. (670971.60 ticks, tree = 7.57 MB, solutions = 1)
   3319  2603      591.6209   492      589.0445      592.5056  1256483    0.59%
   3337  2621      591.5023   476      589.0445      592.5056  1266065    0.59%
   3364  2648      591.0109   454      589.0445      592.5056  1275837    0.59%
   3398  2682      590.3777   402      589.0445      592.5056  1285537    0.59%
   3451  2735      589.6528   343      589.0445      592.5056  1295267    0.59%
   3499  2777      589.0927   287      589.0445      592.5056  1302398    0.59%
   3537  2802      591.9602   603      589.0445      592.5050  1312610    0.59%
   3563  2828      591.3639   533      589.0445      592.5050  1321029    0.59%
   3586  2851      590.1280   520      589.0445      592.5050  1329311    0.59%
   3628  2884      592.4367   655      589.0445      592.5030  1338880    0.59%
Elapsed time = 674.75 sec. (711126.75 ticks, tree = 8.37 MB, solutions = 1)
   3654  2910      592.3183   606      589.0445      592.5030  1347792    0.59%
   3666  2922      592.2229   578      589.0445      592.5030  1357466    0.59%
   3684  2940      591.9011   584      589.0445      592.5030  1365794    0.59%
   3702  2958      591.7512   574      589.0445      592.5030  1374758    0.59%
   3719  2975      591.4011   543      589.0445      592.5030  1384527    0.59%
   3738  2994      591.0873   482      589.0445      592.5030  1394038    0.59%
   3764  3020      590.9738   421      589.0445      592.5030  1403104    0.59%
   3806  3062      590.3789   380      589.0445      592.5030  1413434    0.59%
   3869  3124      589.2227   289      589.0445      592.5030  1423733    0.59%
   3947  3181      592.4394   610      589.0445      592.5016  1430494    0.59%
Elapsed time = 710.25 sec. (750936.98 ticks, tree = 9.03 MB, solutions = 1)
   3968  3202      591.8431   591      589.0445      592.5016  1439093    0.59%
   3991  3225      590.8711   552      589.0445      592.5016  1447457    0.59%
   4020  3254      589.2456   533      589.0445      592.5016  1456522    0.59%
   4038  3266      592.3183   623      589.0445      592.5014  1464749    0.59%
   4056  3284      591.7322   631      589.0445      592.5014  1473880    0.59%
   4074  3302      591.5621   609      589.0445      592.5014  1481986    0.59%
   4087  3315      591.5586   575      589.0445      592.5014  1487457    0.59%
   4104  3332      591.1118   580      589.0445      592.5014  1496326    0.59%
   4127  3355      590.8325   513      589.0445      592.5014  1505497    0.59%
   4147  3375      590.5038   466      589.0445      592.5014  1515051    0.59%
Elapsed time = 744.69 sec. (790626.74 ticks, tree = 9.45 MB, solutions = 1)
   4173  3401      590.3407   410      589.0445      592.5014  1525375    0.59%
   4213  3441      590.0588   368      589.0445      592.5014  1535552    0.59%
   4286  3512      589.1416   285      589.0445      592.5014  1543941    0.59%
   4323  3535      591.9937   614      589.0445      592.5012  1551350    0.59%
   4349  3561      591.5956   583      589.0445      592.5012  1560518    0.59%
   4365  3577      590.7610   560      589.0445      592.5012  1569558    0.59%
   4385  3597      589.8168   511      589.0445      592.5012  1579078    0.59%
   4404  3610      591.9586   619      589.0445      592.4951  1586153    0.59%
   4424  3630      591.7186   611      589.0445      592.4951  1595188    0.59%
   4448  3654      591.2969   587      589.0445      592.4951  1603869    0.59%
Elapsed time = 780.12 sec. (829870.15 ticks, tree = 10.09 MB, solutions = 1)
   4462  3668      591.0163   560      589.0445      592.4951  1613037    0.59%
   4478  3684      590.8489   543      589.0445      592.4951  1622792    0.59%
   4497  3703      590.5004   504      589.0445      592.4951  1631288    0.59%
   4515  3721      590.3831   481      589.0445      592.4951  1641001    0.59%
   4543  3749      590.2358   440      589.0445      592.4951  1650917    0.59%
   4583  3789      589.6270   373      589.0445      592.4951  1661168    0.59%
   4630  3823      592.2056   670      589.0445      592.4949  1668560    0.59%
   4655  3848      591.6300   622      589.0445      592.4949  1676150    0.59%
   4681  3874      591.1801   550      589.0445      592.4949  1684149    0.59%
   4706  3899      589.7555   536      589.0445      592.4949  1693578    0.59%
Elapsed time = 815.02 sec. (869323.54 ticks, tree = 10.64 MB, solutions = 1)
   4731  3921      592.3888   604      589.0445      592.4947  1701566    0.59%
   4744  3934      591.8951   608      589.0445      592.4947  1710097    0.59%
   4765  3955      591.5203   597      589.0445      592.4947  1718910    0.59%
   4782  3972      591.3910   550      589.0445      592.4947  1727594    0.59%
   4798  3988      591.0294   542      589.0445      592.4947  1736743    0.59%
   4824  4014      590.7454   473      589.0445      592.4947  1746608    0.59%
   4852  4042      590.2519   390      589.0445      592.4947  1757083    0.59%
   4893  4083      589.7944   358      589.0445      592.4947  1767389    0.59%
   4939  4119      591.9210   623      589.0445      592.4946  1775954    0.59%
   4957  4137      592.1906   602      589.0445      592.4946  1785180    0.59%
Elapsed time = 850.61 sec. (909545.56 ticks, tree = 11.32 MB, solutions = 1)
   4977  4157      592.0869   590      589.0445      592.4946  1794172    0.59%
   4992  4172      591.9233   550      589.0445      592.4946  1803570    0.59%
   5005  4185      591.7714   560      589.0445      592.4946  1812722    0.59%
   5024  4204      591.2633   559      589.0445      592.4946  1820856    0.59%
   5039  4219      590.8890   553      589.0445      592.4946  1830148    0.59%
   5064  4244      590.5595   505      589.0445      592.4946  1839893    0.59%
   5098  4278      590.2845   448      589.0445      592.4946  1849799    0.59%
   5146  4326      589.6489   361      589.0445      592.4946  1860273    0.59%
   5212  4376      592.4579   622      589.0445      592.4935  1870269    0.59%
   5227  4391      592.1151   593      589.0445      592.4935  1879088    0.59%
Elapsed time = 886.39 sec. (949812.58 ticks, tree = 11.91 MB, solutions = 1)
   5246  4410      591.6809   607      589.0445      592.4935  1887816    0.59%
   5263  4427      591.2410   579      589.0445      592.4935  1896440    0.59%
   5276  4440      590.7926   550      589.0445      592.4935  1905259    0.59%
   5292  4456      590.3205   554      589.0445      592.4935  1912062    0.59%
   5314  4478      590.0498   519      589.0445      592.4935  1921500    0.59%
   5341  4505      589.6633   456      589.0445      592.4935  1931357    0.59%
   5379  4539      589.1400   422      589.0445      592.4935  1940504    0.59%
   5414  4560      592.0229   559      589.0445      592.4899  1948934    0.58%
   5442  4588      591.3763   550      589.0445      592.4899  1958706    0.58%
   5464  4610      590.7128   529      589.0445      592.4899  1967281    0.58%
Elapsed time = 921.17 sec. (989261.21 ticks, tree = 12.40 MB, solutions = 1)
   5503  4649      589.4200   444      589.0445      592.4899  1976568    0.58%
   5532  4668      592.3444   575      589.0445      592.4891  1984463    0.58%
   5551  4687      592.1479   548      589.0445      592.4891  1993990    0.58%
   5562  4698      591.7183   563      589.0445      592.4891  2002811    0.58%
   5582  4718      591.5982   523      589.0445      592.4891  2012245    0.58%
   5601  4737      591.2951   496      589.0445      592.4891  2021873    0.58%
   5630  4766      591.0541   456      589.0445      592.4891  2031079    0.58%
   5662  4798      590.8419   389      589.0445      592.4891  2040647    0.58%
   5697  4833      590.4654   349      589.0445      592.4891  2048699    0.58%
   5771  4907      589.8930   272      589.0445      592.4891  2059370    0.58%
Elapsed time = 956.10 sec. (1028284.49 ticks, tree = 13.10 MB, solutions = 1)
   5856  4982      592.4313   613      589.0445      592.4875  2068275    0.58%
   5886  5012      591.8633   566      589.0445      592.4875  2077101    0.58%
   5919  5045      591.1513   505      589.0445      592.4875  2086335    0.58%
   5951  5077      589.7241   440      589.0445      592.4875  2095373    0.58%
   5976  5095      592.0927   607      589.0445      592.4870  2104041    0.58%
   5993  5112      592.0542   559      589.0445      592.4870  2112737    0.58%
   6007  5126      591.8308   565      589.0445      592.4870  2122720    0.58%
   6026  5145      591.4833   529      589.0445      592.4870  2131683    0.58%
   6045  5164      591.2708   521      589.0445      592.4870  2141140    0.58%
   6065  5184      591.0567   487      589.0445      592.4870  2150918    0.58%
Elapsed time = 991.95 sec. (1068327.44 ticks, tree = 13.71 MB, solutions = 1)
   6086  5205      590.9128   470      589.0445      592.4870  2160270    0.58%
   6108  5227      590.6116   424      589.0445      592.4870  2170189    0.58%
   6147  5266      590.0329   411      589.0445      592.4870  2180757    0.58%
   6195  5314      589.4058   318      589.0445      592.4870  2189599    0.58%
   6258  5341      592.0967   628      589.0445      592.4842  2196691    0.58%
   6292  5375      591.6648   561      589.0445      592.4842  2205392    0.58%
   6317  5400      590.9715   540      589.0445      592.4842  2214035    0.58%
   6337  5420      590.1309   498      589.0445      592.4842  2223398    0.58%
   6359  5438      591.9329   630      589.0445      592.4836  2231503    0.58%
   6380  5459      591.5957   585      589.0445      592.4836  2240331    0.58%
Elapsed time = 1027.56 sec. (1107814.99 ticks, tree = 14.35 MB, solutions = 1)
   6402  5481      591.1622   558      589.0445      592.4836  2249245    0.58%
   6424  5503      591.0467   551      589.0445      592.4836  2258807    0.58%
   6447  5526      590.4255   507      589.0445      592.4836  2267674    0.58%
   6472  5551      590.1290   468      589.0445      592.4836  2278012    0.58%
   6492  5571      589.9015   427      589.0445      592.4836  2285607    0.58%
   6520  5599      589.6772   382      589.0445      592.4836  2294707    0.58%
   6558  5637      589.2851   365      589.0445      592.4836  2302344    0.58%
   6605  5654      592.3403   601      589.0445      592.4835  2308915    0.58%
   6633  5682      592.0018   565      589.0445      592.4835  2316361    0.58%
   6661  5710      590.9480   523      589.0445      592.4835  2325197    0.58%
Elapsed time = 1062.75 sec. (1147174.14 ticks, tree = 14.93 MB, solutions = 1)
   6688  5737      589.7771   496      589.0445      592.4835  2334826    0.58%
   6715  5759      592.4243   579      589.0445      592.4831  2343417    0.58%
   6732  5776      592.1854   552      589.0445      592.4831  2352280    0.58%
   6751  5795      592.1238   557      589.0445      592.4831  2362160    0.58%
   6768  5812      591.8177   534      589.0445      592.4831  2370660    0.58%
   6789  5833      591.5757   494      589.0445      592.4831  2379594    0.58%
   6806  5850      591.4174   464      589.0445      592.4831  2388783    0.58%
   6829  5873      591.2076   427      589.0445      592.4831  2397949    0.58%
   6853  5897      590.8846   406      589.0445      592.4831  2408697    0.58%
   6899  5943      590.1560   337      589.0445      592.4831  2419264    0.58%
Elapsed time = 1096.45 sec. (1185924.85 ticks, tree = 15.47 MB, solutions = 1)
   6998  6027      589.0556   213      589.0445      592.4831  2429014    0.58%
   7038  6049      591.7036   604      589.0445      592.4828  2438410    0.58%
   7060  6071      591.5016   569      589.0445      592.4828  2448296    0.58%
   7084  6095      590.8904   530      589.0445      592.4828  2457812    0.58%
   7110  6121      590.7909   492      589.0445      592.4828  2467481    0.58%
   7134  6145      590.3486   473      589.0445      592.4828  2477294    0.58%
   7172  6183      590.1447   425      589.0445      592.4828  2487607    0.58%
   7215  6222      589.2058   373      589.0445      592.4828  2496588    0.58%
   7259  6234      592.2533   632      589.0445      592.4820  2503816    0.58%
   7272  6247      591.8744   620      589.0445      592.4820  2511947    0.58%
Elapsed time = 1132.13 sec. (1225175.11 ticks, tree = 16.17 MB, solutions = 1)
   7282  6257      591.8828   644      589.0445      592.4820  2516589    0.58%
   7298  6273      591.6901   592      589.0445      592.4820  2525710    0.58%
   7316  6291      591.5250   580      589.0445      592.4820  2533916    0.58%
   7335  6310      591.3043   546      589.0445      592.4820  2543126    0.58%
   7352  6327      590.9347   511      589.0445      592.4820  2552942    0.58%
   7374  6349      590.7447   492      589.0445      592.4820  2562148    0.58%
   7396  6371      590.4942   474      589.0445      592.4820  2571062    0.58%
   7424  6399      589.7615   424      589.0445      592.4820  2581540    0.58%
   7455  6430      589.5240   347      589.0445      592.4820  2590019    0.58%
   7497  6472      589.2717   295      589.0445      592.4820  2597658    0.58%
Elapsed time = 1167.07 sec. (1264809.22 ticks, tree = 16.68 MB, solutions = 1)
   7547  6507      592.3601   525      589.0445      592.4802  2605140    0.58%
   7594  6554      591.9123   438      589.0445      592.4802  2614200    0.58%
   7639  6599      590.9567   294      589.0445      592.4802  2623955    0.58%
   7872  6832      589.5760     2      589.0445      592.4802  2630098    0.58%
   7893  6853      591.5657   635      589.0445      592.4790  2638908    0.58%
   7909  6869      591.5143   589      589.0445      592.4790  2648124    0.58%
   7931  6891      591.4159   559      589.0445      592.4790  2656604    0.58%
   7952  6912      591.0450   494      589.0445      592.4790  2665897    0.58%
   7973  6933      590.8477   507      589.0445      592.4790  2674399    0.58%
   8000  6960      590.8029   481      589.0445      592.4790  2684080    0.58%
Elapsed time = 1202.82 sec. (1303740.31 ticks, tree = 17.83 MB, solutions = 1)
   8024  6984      590.3798   445      589.0445      592.4790  2694187    0.58%
   8051  7011      589.7065   395      589.0445      592.4790  2704291    0.58%
   8084  7044      592.4631   611      589.0445      592.4764  2711973    0.58%
   8122  7082      591.9398   503      589.0445      592.4764  2720477    0.58%
   8153  7113      591.2539   488      589.0445      592.4764  2728558    0.58%
   8177  7137      589.8077   472      589.0445      592.4764  2738570    0.58%
   8209  7154      592.2390   655      589.0445      592.4752  2748427    0.58%
   8225  7170      592.4475   603      589.0445      592.4752  2756286    0.58%
   8239  7184      592.0816   594      589.0445      592.4752  2765374    0.58%
   8256  7201      591.9836   563      589.0445      592.4752  2773717    0.58%
Elapsed time = 1238.22 sec. (1343857.64 ticks, tree = 18.37 MB, solutions = 1)
   8271  7216      591.7745   535      589.0445      592.4752  2782902    0.58%
   8289  7234      591.3271   533      589.0445      592.4752  2792093    0.58%
   8312  7257      591.1869   492      589.0445      592.4752  2800593    0.58%
   8340  7285      590.5727   465      589.0445      592.4752  2810514    0.58%
   8372  7317      590.1667   457      589.0445      592.4752  2820421    0.58%
   8419  7364      589.6837   383      589.0445      592.4752  2831039    0.58%
   8466  7410      589.3261   312      589.0445      592.4752  2837824    0.58%
   8504  7438      591.9225   615      589.0445      592.4731  2846062    0.58%
   8538  7472      591.5798   559      589.0445      592.4731  2853903    0.58%
   8565  7499      590.6744   503      589.0445      592.4731  2862256    0.58%
Elapsed time = 1273.76 sec. (1383355.65 ticks, tree = 19.07 MB, solutions = 1)
   8594  7528      589.4109   480      589.0445      592.4731  2871402    0.58%
   8613  7543      592.1389   613      589.0445      592.4728  2880717    0.58%
   8636  7566      591.9709   542      589.0445      592.4728  2889083    0.58%
   8652  7582      591.7827   526      589.0445      592.4728  2897755    0.58%
   8673  7603      591.7110   518      589.0445      592.4728  2906210    0.58%
   8699  7629      591.4328   480      589.0445      592.4728  2915018    0.58%
   8721  7651      591.1744   460      589.0445      592.4728  2924561    0.58%
   8744  7674      590.5672   432      589.0445      592.4728  2934899    0.58%
   8784  7714      589.8962   380      589.0445      592.4728  2944781    0.58%
   8842  7772      589.4676   297      589.0445      592.4728  2952977    0.58%
Elapsed time = 1308.75 sec. (1422434.76 ticks, tree = 19.73 MB, solutions = 1)
   8896  7814      592.0944   592      589.0445      592.4721  2960972    0.58%
   8921  7839      591.3357   559      589.0445      592.4721  2970040    0.58%
   8952  7870      590.3806   513      589.0445      592.4721  2978511    0.58%
   8978  7896      589.3230   474      589.0445      592.4721  2987831    0.58%
   9009  7914      592.0722   641      589.0445      592.4718  2995381    0.58%
   9034  7939      592.2711   582      589.0445      592.4718  3002654    0.58%
   9047  7952      592.0855   566      589.0445      592.4718  3011866    0.58%
   9060  7965      591.8679   549      589.0445      592.4718  3020762    0.58%
   9079  7984      591.7682   551      589.0445      592.4718  3029879    0.58%
   9102  8007      591.7155   504      589.0445      592.4718  3038003    0.58%
Elapsed time = 1343.62 sec. (1461806.13 ticks, tree = 20.26 MB, solutions = 1)
   9122  8027      591.4259   462      589.0445      592.4718  3047401    0.58%
   9143  8048      591.2455   422      589.0445      592.4718  3056892    0.58%
   9176  8081      590.8436   383      589.0445      592.4718  3067604    0.58%
   9215  8120      590.4785   315      589.0445      592.4718  3077522    0.58%
   9266  8171      589.5918   302      589.0445      592.4718  3087951    0.58%
   9306  8210      592.3955   547      589.0445      592.4715  3094013    0.58%
   9320  8224      592.2406   528      589.0445      592.4715  3103855    0.58%
   9340  8244      592.1692   494      589.0445      592.4715  3113036    0.58%
   9358  8262      591.5665   479      589.0445      592.4715  3122516    0.58%
   9380  8284      591.3027   476      589.0445      592.4715  3131096    0.58%
Elapsed time = 1378.94 sec. (1500946.57 ticks, tree = 21.24 MB, solutions = 1)
   9402  8306      591.1223   448      589.0445      592.4715  3140405    0.58%
   9436  8340      590.5345   395      589.0445      592.4715  3151703    0.58%
   9486  8390      591.7697   636      589.0445      592.4701  3161685    0.58%
   9505  8409      592.2238   635      589.0445      592.4701  3170657    0.58%
   9528  8432      592.0506   564      589.0445      592.4701  3179373    0.58%
   9553  8457      591.6784   510      589.0445      592.4701  3187408    0.58%
   9577  8481      591.5117   478      589.0445      592.4701  3195932    0.58%
   9601  8505      590.8609   466      589.0445      592.4701  3205347    0.58%
   9632  8536      590.5253   423      589.0445      592.4701  3215002    0.58%
   9682  8586      589.9446   352      589.0445      592.4701  3225354    0.58%
Elapsed time = 1414.53 sec. (1540541.85 ticks, tree = 21.96 MB, solutions = 1)
   9714  8618      592.0347   541      589.0445      592.4697  3233492    0.58%
   9741  8645      591.1121   517      589.0445      592.4697  3242958    0.58%
   9769  8673      590.3256   498      589.0445      592.4697  3251484    0.58%
   9824  8705      592.0778   605      589.0445      592.4669  3259145    0.58%
   9845  8726      592.4178   553      589.0445      592.4669  3267874    0.58%
   9864  8745      592.2123   534      589.0445      592.4669  3278127    0.58%
   9880  8761      591.8817   515      589.0445      592.4669  3288292    0.58%
   9900  8781      591.5814   477      589.0445      592.4669  3298177    0.58%
   9926  8807      591.6006   446      589.0445      592.4669  3307992    0.58%
   9948  8829      591.1359   426      589.0445      592.4669  3317844    0.58%
Elapsed time = 1450.09 sec. (1580297.90 ticks, tree = 22.49 MB, solutions = 1)
   9980  8861      590.6621   388      589.0445      592.4669  3327968    0.58%
  10022  8903      590.0766   291      589.0445      592.4669  3338136    0.58%
  10090  8971      592.3409   627      589.0445      592.4657  3348073    0.58%
  10122  9003      591.9328   548      589.0445      592.4657  3355601    0.58%
  10123  9004      592.4655   585      589.0445      592.4655  3355688    0.58%
  10124  9005      592.4651   588      589.0445      592.4654  3355808    0.58%
  10138  9019      592.1680   598      589.0445      592.4651  3366134    0.58%
  10158  9039      592.0314   565      589.0445      592.4651  3374636    0.58%
  10179  9060      591.8440   529      589.0445      592.4651  3384019    0.58%
  10200  9081      591.6375   495      589.0445      592.4651  3393427    0.58%
Elapsed time = 1502.21 sec. (1634930.80 ticks, tree = 23.05 MB, solutions = 1)
  10222  9103      591.3035   465      589.0445      592.4651  3403121    0.58%
  10249  9130      590.9226   438      589.0445      592.4651  3412659    0.58%
  10284  9165      590.6455   382      589.0445      592.4651  3421583    0.58%
  10362  9243      589.5929   279      589.0445      592.4651  3432453    0.58%
  10445  9288      592.3872   561      589.0445      592.4651  3439700    0.58%
  10471  9314      591.9756   518      589.0445      592.4651  3448665    0.58%
  10492  9335      591.1583   455      589.0445      592.4651  3455691    0.58%
  10531  9374      589.3742   438      589.0445      592.4651  3465524    0.58%
  10549  9387      592.2080   567      589.0445      592.4650  3473006    0.58%
  10561  9399      591.8611   576      589.0445      592.4650  3482332    0.58%
Elapsed time = 1538.46 sec. (1674173.22 ticks, tree = 23.83 MB, solutions = 1)
  10576  9414      591.5512   551      589.0445      592.4650  3491542    0.58%
  10596  9434      591.0197   538      589.0445      592.4650  3499648    0.58%
  10614  9452      590.7064   519      589.0445      592.4650  3509417    0.58%
  10639  9477      590.1933   477      589.0445      592.4650  3518068    0.58%
  10668  9506      589.7134   443      589.0445      592.4650  3527589    0.58%
  10700  9537      589.2718   398      589.0445      592.4650  3535232    0.58%
  10750  9558      592.1697   594      589.0445      592.4648  3543611    0.58%
  10767  9575      591.7640   561      589.0445      592.4648  3552012    0.58%
  10789  9597      591.3145   545      589.0445      592.4648  3560322    0.58%
  10811  9619      590.9986   492      589.0445      592.4648  3569526    0.58%
Elapsed time = 1574.02 sec. (1713648.81 ticks, tree = 24.33 MB, solutions = 1)
  10832  9640      590.6071   449      589.0445      592.4648  3578191    0.58%
  10860  9668      590.3975   437      589.0445      592.4648  3587060    0.58%
  10897  9705      589.4908   364      589.0445      592.4648  3595440    0.58%
  10941  9748      589.2231   309      589.0445      592.4648  3602310    0.58%
  10971  9769      592.1043   576      589.0445      592.4644  3611411    0.58%
  10987  9785      591.8737   546      589.0445      592.4644  3620624    0.58%
  11006  9804      591.6862   524      589.0445      592.4644  3629870    0.58%
  11020  9818      591.5003   484      589.0445      592.4644  3639557    0.58%
  11040  9838      591.1575   434      589.0445      592.4644  3648458    0.58%
  11064  9862      590.9344   437      589.0445      592.4644  3658101    0.58%
Elapsed time = 1609.53 sec. (1752994.06 ticks, tree = 24.92 MB, solutions = 1)
  11091  9889      590.5289   402      589.0445      592.4644  3669045    0.58%
  11136  9934      589.8852   322      589.0445      592.4644  3678857    0.58%
  11177  9971      592.1670   622      589.0445      592.4625  3687522    0.58%
  11214 10008      591.9175   522      589.0445      592.4625  3695917    0.58%
  11247 10041      590.9827   471      589.0445      592.4625  3704952    0.58%
  11281 10075      589.2718   458      589.0445      592.4625  3714686    0.58%
  11312 10096      592.0211   574      589.0445      592.4622  3722400    0.58%
  11337 10121      591.5277   584      589.0445      592.4622  3731228    0.58%
  11359 10143      591.4596   558      589.0445      592.4622  3739850    0.58%
  11381 10165      591.3853   538      589.0445      592.4622  3748923    0.58%
Elapsed time = 1645.55 sec. (1792615.03 ticks, tree = 25.62 MB, solutions = 1)
  11404 10188      591.1342   497      589.0445      592.4622  3757672    0.58%
  11428 10212      590.8291   450      589.0445      592.4622  3767803    0.58%
  11462 10246      590.1688   381      589.0445      592.4622  3777550    0.58%
  11502 10286      589.5414   344      589.0445      592.4622  3786956    0.58%
  11551 10335      589.2673   267      589.0445      592.4622  3794379    0.58%
  11582 10362      592.0533   559      589.0445      592.4619  3802193    0.58%
  11603 10383      591.2672   508      589.0445      592.4619  3810966    0.58%
  11626 10406      590.4591   449      589.0445      592.4619  3820497    0.58%
  11664 10433      592.3167   599      589.0445      592.4618  3829409    0.58%
  11683 10452      592.2334   571      589.0445      592.4618  3838456    0.58%
Elapsed time = 1681.75 sec. (1832204.34 ticks, tree = 26.31 MB, solutions = 1)
  11699 10468      591.7913   564      589.0445      592.4618  3847492    0.58%
  11724 10493      591.6734   545      589.0445      592.4618  3856560    0.58%
  11741 10510      591.3971   499      589.0445      592.4618  3865392    0.58%
  11765 10534      591.2346   463      589.0445      592.4618  3874588    0.58%
  11788 10557      590.8873   434      589.0445      592.4618  3884000    0.58%
  11819 10588      590.4509   409      589.0445      592.4618  3893588    0.58%
  11864 10633      589.9278   333      589.0445      592.4618  3904043    0.58%
  11923 10680      592.2845   604      589.0445      592.4617  3913609    0.58%
  11966 10723      592.0512   529      589.0445      592.4617  3921658    0.58%
  11989 10746      591.0471   498      589.0445      592.4617  3930686    0.58%
Elapsed time = 1717.02 sec. (1871329.17 ticks, tree = 27.00 MB, solutions = 1)
  12015 10772      589.9892   443      589.0445      592.4617  3939787    0.58%
  12045 10796      591.8239   602      589.0445      592.4615  3949279    0.58%
  12063 10814      591.7075   564      589.0445      592.4615  3958020    0.58%
  12080 10831      591.6189   587      589.0445      592.4615  3966949    0.58%
  12085 10836      591.3871   545      589.0445      592.4615  3970988    0.58%
  12105 10856      591.2378   507      589.0445      592.4615  3979448    0.58%
  12125 10876      590.8446   496      589.0445      592.4615  3988644    0.58%
  12149 10900      590.7786   454      589.0445      592.4615  3998170    0.58%
  12178 10929      590.2723   432      589.0445      592.4615  4007694    0.58%
  12219 10970      589.4800   371      589.0445      592.4615  4018206    0.58%
Elapsed time = 1752.35 sec. (1911180.35 ticks, tree = 27.54 MB, solutions = 1)
  12262 10998      592.4563   629      589.0445      592.4610  4024463    0.58%
  12292 11028      592.0539   573      589.0445      592.4610  4032757    0.58%
  12317 11053      591.3472   526      589.0445      592.4610  4041550    0.58%
  12352 11088      590.2484   492      589.0445      592.4610  4049793    0.58%
  12388 11117      589.0810   412      589.0445      592.4610  4058356    0.58%
  12406 11129      591.9421   584      589.0445      592.4606  4064910    0.58%
  12423 11146      592.1389   556      589.0445      592.4606  4073733    0.58%
  12440 11163      591.5904   565      589.0445      592.4606  4083029    0.58%
  12457 11180      591.4943   550      589.0445      592.4606  4091723    0.58%
  12476 11199      591.2667   539      589.0445      592.4606  4099408    0.58%
Elapsed time = 1787.78 sec. (1950402.47 ticks, tree = 28.05 MB, solutions = 1)
  12502 11225      591.2149   489      589.0445      592.4606  4107250    0.58%
  12524 11247      590.7759   449      589.0445      592.4606  4115843    0.58%
  12556 11279      590.1567   412      589.0445      592.4606  4125697    0.58%
  12597 11320      589.6238   383      589.0445      592.4606  4134716    0.58%
  12643 11349      592.3603   642      589.0445      592.4601  4142449    0.58%
  12658 11364      592.1208   617      589.0445      592.4601  4151282    0.58%
  12678 11384      592.0508   579      589.0445      592.4601  4159809    0.58%
  12696 11402      591.8402   536      589.0445      592.4601  4168476    0.58%
  12719 11425      591.4218   550      589.0445      592.4601  4177256    0.58%
  12743 11449      591.1376   508      589.0445      592.4601  4186567    0.58%
Elapsed time = 1823.67 sec. (1989967.72 ticks, tree = 28.65 MB, solutions = 1)
  12778 11484      590.5313   450      589.0445      592.4601  4196076    0.58%
  12821 11527      589.9003   385      589.0445      592.4601  4206254    0.58%
  12868 11574      589.2280   334      589.0445      592.4601  4215069    0.58%
  12882 11578      592.3025   571      589.0445      592.4596  4217455    0.58%
  12898 11594      592.0708   567      589.0445      592.4596  4226858    0.58%
  12918 11614      591.9966   531      589.0445      592.4596  4236016    0.58%
  12941 11637      591.6109   488      589.0445      592.4596  4245328    0.58%
  12964 11660      591.5198   451      589.0445      592.4596  4254289    0.58%
  12994 11690      591.1672   388      589.0445      592.4596  4263691    0.58%
  13028 11724      590.5053   348      589.0445      592.4596  4273869    0.58%
Elapsed time = 1859.23 sec. (2029183.57 ticks, tree = 29.29 MB, solutions = 1)
  13090 11786      589.6530   279      589.0445      592.4596  4284391    0.58%
  13152 11827      589.0544   210      589.0445      592.4596  4291236    0.58%
  13182 11852      592.2048   585      589.0445      592.4593  4298760    0.58%
  13206 11876      591.5926   557      589.0445      592.4593  4306457    0.58%
  13235 11905      590.5716   514      589.0445      592.4593  4315092    0.58%
  13273 11942      589.0523   457      589.0445      592.4593  4323285    0.58%
  13293 11958      592.1715   586      589.0445      592.4580  4332015    0.58%
  13319 11984      592.0021   542      589.0445      592.4580  4341274    0.58%
  13337 12002      591.7456   526      589.0445      592.4580  4351089    0.58%
  13360 12025      591.2026   468      589.0445      592.4580  4360741    0.58%
Elapsed time = 1895.32 sec. (2068346.70 ticks, tree = 29.98 MB, solutions = 1)
  13394 12059      590.7493   460      589.0445      592.4580  4369723    0.58%
  13432 12097      590.3341   400      589.0445      592.4580  4380242    0.58%
  13486 12151      589.6024   339      589.0445      592.4580  4390475    0.58%
  13529 12183      592.0233   563      589.0445      592.4578  4399256    0.58%
  13561 12215      591.5387   480      589.0445      592.4578  4407123    0.58%
  13581 12235      590.8610   440      589.0445      592.4578  4415818    0.58%
  13617 12271      589.1330   444      589.0445      592.4578  4424931    0.58%
  13645 12287      592.1797   641      589.0445      592.4573  4433536    0.58%
  13666 12308      591.9818   604      589.0445      592.4573  4442687    0.58%
  13679 12321      591.8644   585      589.0445      592.4573  4451112    0.58%
Elapsed time = 1931.71 sec. (2108366.58 ticks, tree = 30.67 MB, solutions = 1)
  13691 12333      591.7302   573      589.0445      592.4573  4458999    0.58%
  13706 12348      591.6316   566      589.0445      592.4573  4467441    0.58%
  13723 12365      591.3464   528      589.0445      592.4573  4475610    0.58%
  13747 12389      591.2797   459      589.0445      592.4573  4484388    0.58%
  13776 12418      590.7611   402      589.0445      592.4573  4493016    0.58%
  13808 12450      590.4648   377      589.0445      592.4573  4503001    0.58%
  13852 12494      589.9995   314      589.0445      592.4573  4513818    0.58%
  13906 12548      589.2019   236      589.0445      592.4573  4523524    0.58%
  13979 12599      592.1331   540      589.0445      592.4573  4531967    0.58%
  14012 12632      591.3588   445      589.0445      592.4573  4540234    0.58%
Elapsed time = 1968.04 sec. (2147867.90 ticks, tree = 31.53 MB, solutions = 1)
  14043 12663      589.9367   445      589.0445      592.4573  4549314    0.58%
  14082 12683      592.2631   574      589.0445      592.4573  4554879    0.58%
  14102 12703      592.2098   536      589.0445      592.4573  4564422    0.58%
  14119 12720      591.8168   524      589.0445      592.4573  4575070    0.58%
  14137 12738      591.7036   492      589.0445      592.4573  4584486    0.58%
  14159 12760      591.2512   521      589.0445      592.4573  4594453    0.58%
  14181 12782      590.9646   479      589.0445      592.4573  4603385    0.58%
  14210 12811      590.5984   434      589.0445      592.4573  4612981    0.58%
  14255 12856      590.3699   357      589.0445      592.4573  4623224    0.58%
  14352 12953      589.6143   193      589.0445      592.4573  4634616    0.58%
Elapsed time = 2004.00 sec. (2187526.44 ticks, tree = 32.29 MB, solutions = 1)
  14433 13014      591.6467   547      589.0445      592.4571  4643375    0.58%
  14457 13038      591.0288   561      589.0445      592.4571  4652779    0.58%
  14489 13070      590.1862   516      589.0445      592.4571  4660838    0.58%
  14532 13101      591.8112   596      589.0445      592.4571  4669787    0.58%
  14556 13125      591.7869   564      589.0445      592.4571  4678640    0.58%
  14570 13139      591.7238   555      589.0445      592.4571  4688018    0.58%
  14590 13159      591.4669   534      589.0445      592.4571  4697191    0.58%
  14613 13182      591.4098   509      589.0445      592.4571  4706853    0.58%
  14635 13204      591.2074   490      589.0445      592.4571  4716543    0.58%
  14662 13231      590.7052   397      589.0445      592.4571  4726045    0.58%
Elapsed time = 2040.63 sec. (2228180.23 ticks, tree = 32.90 MB, solutions = 1)
  14695 13264      590.1135   332      589.0445      592.4571  4735962    0.58%
  14740 13309      589.4878   292      589.0445      592.4571  4747394    0.58%
  14773 13335      592.1935   569      589.0445      592.4562  4755568    0.58%
  14787 13349      592.0632   554      589.0445      592.4562  4764986    0.58%
  14805 13367      592.0203   513      589.0445      592.4562  4774048    0.58%
  14830 13392      591.5818   449      589.0445      592.4562  4783335    0.58%
  14855 13417      590.9651   409      589.0445      592.4562  4793791    0.58%
  14885 13447      590.4234   369      589.0445      592.4562  4802660    0.58%
  14930 13492      589.5137   310      589.0445      592.4562  4813406    0.58%
  14966 13516      592.2432   584      589.0445      592.4558  4822658    0.58%
Elapsed time = 2076.39 sec. (2267672.84 ticks, tree = 33.57 MB, solutions = 1)
  14986 13536      592.1277   550      589.0445      592.4558  4831589    0.58%
  15005 13555      591.8926   493      589.0445      592.4558  4841089    0.58%
  15023 13573      591.7352   487      589.0445      592.4558  4849994    0.58%
  15050 13600      591.2432   444      589.0445      592.4558  4858675    0.58%
  15083 13633      590.5665   389      589.0445      592.4558  4867129    0.58%
  15156 13706      589.7316   319      589.0445      592.4558  4878229    0.58%
  15212 13749      592.0266   544      589.0445      592.4555  4886840    0.58%
  15245 13782      591.3605   481      589.0445      592.4555  4895802    0.58%
  15279 13816      590.1097   442      589.0445      592.4555  4904432    0.58%
  15329 13849      592.1564   584      589.0445      592.4552  4914044    0.58%
Elapsed time = 2112.38 sec. (2306986.11 ticks, tree = 34.35 MB, solutions = 1)
  15342 13862      592.1819   540      589.0445      592.4552  4924179    0.58%
  15364 13884      592.0023   528      589.0445      592.4552  4933572    0.58%
  15385 13905      591.6370   522      589.0445      592.4552  4942143    0.58%
  15403 13923      591.2304   501      589.0445      592.4552  4951847    0.58%
  15426 13946      590.8570   420      589.0445      592.4552  4960798    0.58%
  15461 13981      590.2321   386      589.0445      592.4552  4970895    0.58%
  15501 14021      589.6265   337      589.0445      592.4552  4980984    0.58%
  15549 14049      592.1219   572      589.0445      592.4550  4988960    0.58%
  15582 14082      591.5359   469      589.0445      592.4550  4997287    0.58%
  15621 14121      590.3619   443      589.0445      592.4550  5006944    0.58%
Elapsed time = 2148.41 sec. (2346914.34 ticks, tree = 35.00 MB, solutions = 1)
  15651 14143      591.9057   602      589.0445      592.4550  5015268    0.58%
  15665 14157      591.4681   620      589.0445      592.4550  5024356    0.58%
  15682 14174      591.4423   608      589.0445      592.4550  5032030    0.58%
  15700 14192      591.5251   553      589.0445      592.4550  5041249    0.58%
  15719 14211      591.2674   526      589.0445      592.4550  5049731    0.58%
  15737 14229      591.2480   518      589.0445      592.4550  5059138    0.58%
  15761 14253      590.9541   460      589.0445      592.4550  5068484    0.58%
  15785 14277      590.0998   430      589.0445      592.4550  5077375    0.58%
  15825 14317      589.7676   359      589.0445      592.4550  5087544    0.58%
  15868 14360      589.2665   297      589.0445      592.4550  5096570    0.58%
Elapsed time = 2185.40 sec. (2388250.64 ticks, tree = 35.54 MB, solutions = 1)
  15911 14388      592.0896   596      589.0445      592.4549  5105226    0.58%
  15932 14409      591.3482   578      589.0445      592.4549  5113203    0.58%
  15954 14431      590.6657   503      589.0445      592.4549  5122270    0.58%
  15997 14474      589.4119   468      589.0445      592.4549  5130438    0.58%
  16017 14487      591.5310   636      589.0445      592.4549  5139733    0.58%
  16044 14514      591.4900   566      589.0445      592.4549  5147847    0.58%
  16061 14531      591.3244   565      589.0445      592.4549  5158146    0.58%
  16081 14551      591.2546   529      589.0445      592.4549  5167375    0.58%
  16097 14567      590.9231   499      589.0445      592.4549  5174558    0.58%
  16116 14586      590.3063   472      589.0445      592.4549  5183559    0.58%
Elapsed time = 2220.90 sec. (2428147.23 ticks, tree = 36.01 MB, solutions = 1)
  16146 14616      589.8666   435      589.0445      592.4549  5193632    0.58%
  16177 14647      589.2275   397      589.0445      592.4549  5202707    0.58%
  16232 14675      591.7863   577      589.0445      592.4545  5210474    0.58%
  16258 14701      591.0001   586      589.0445      592.4545  5219608    0.58%
  16285 14728      590.1438   494      589.0445      592.4545  5227711    0.58%
  16315 14758      589.1818   446      589.0445      592.4545  5235832    0.58%
  16342 14773      592.1716   569      589.0445      592.4544  5243379    0.58%
  16364 14795      591.9239   545      589.0445      592.4544  5253648    0.58%
  16386 14817      591.5927   530      589.0445      592.4544  5263457    0.58%
  16404 14835      591.5845   509      589.0445      592.4544  5272860    0.58%
Elapsed time = 2256.53 sec. (2467732.29 ticks, tree = 36.57 MB, solutions = 1)
  16423 14854      591.2937   489      589.0445      592.4544  5281654    0.58%
  16443 14874      591.1510   445      589.0445      592.4544  5291227    0.58%
  16465 14896      590.8656   415      589.0445      592.4544  5301916    0.58%
  16504 14935      590.3950   366      589.0445      592.4544  5312212    0.58%
  16550 14981      590.0897   292      589.0445      592.4544  5322986    0.58%
  16619 15030      592.1137   587      589.0445      592.4540  5332032    0.58%
  16638 15049      591.9414   571      589.0445      592.4540  5341103    0.58%
  16657 15068      591.6871   537      589.0445      592.4540  5350735    0.58%
  16675 15086      591.5146   539      589.0445      592.4540  5359792    0.58%
  16695 15106      591.3712   522      589.0445      592.4540  5368459    0.58%
Elapsed time = 2292.09 sec. (2507179.08 ticks, tree = 37.21 MB, solutions = 1)
  16715 15126      590.8040   461      589.0445      592.4540  5378533    0.58%
  16743 15154      590.4344   404      589.0445      592.4540  5387371    0.58%
  16792 15203      590.1468   364      589.0445      592.4540  5398605    0.58%
  16836 15238      592.2524   609      589.0445      592.4536  5407293    0.58%
  16862 15264      591.8926   592      589.0445      592.4536  5416957    0.58%
  16882 15284      591.6643   532      589.0445      592.4536  5426136    0.58%
  16903 15305      591.5223   519      589.0445      592.4536  5435254    0.58%
  16922 15324      591.2435   445      589.0445      592.4536  5445036    0.58%
  16951 15353      590.5532   441      589.0445      592.4536  5453471    0.58%
  16994 15396      589.6311   358      589.0445      592.4536  5463748    0.58%
Elapsed time = 2328.18 sec. (2547171.18 ticks, tree = 37.98 MB, solutions = 1)
  17031 15433      589.2692   332      589.0445      592.4536  5471092    0.58%
  17069 15465      592.0825   545      589.0445      592.4535  5479858    0.58%
  17103 15499      591.6719   457      589.0445      592.4535  5487519    0.58%
  17140 15536      590.2370   421      589.0445      592.4535  5496597    0.58%
  17173 15558      591.6102   611      589.0445      592.4535  5504443    0.58%
  17196 15581      591.7944   558      589.0445      592.4535  5513105    0.58%
  17214 15599      591.5071   536      589.0445      592.4535  5523186    0.58%
  17234 15619      591.3666   495      589.0445      592.4535  5532964    0.58%
  17254 15639      591.1956   492      589.0445      592.4535  5541538    0.58%
  17283 15668      590.7825   432      589.0445      592.4535  5550402    0.58%
Elapsed time = 2364.04 sec. (2586661.51 ticks, tree = 38.59 MB, solutions = 1)
  17316 15701      590.0877   404      589.0445      592.4535  5559604    0.58%
  17364 15749      589.6269   307      589.0445      592.4535  5570279    0.58%
  17420 15789      592.2964   583      589.0445      592.4535  5577827    0.58%
  17451 15820      591.8146   509      589.0445      592.4535  5586057    0.58%
  17477 15846      591.2510   500      589.0445      592.4535  5594082    0.58%
  17517 15886      589.7476   413      589.0445      592.4535  5603949    0.58%
  17555 15911      592.0717   557      589.0445      592.4534  5613705    0.58%
  17576 15932      591.9449   517      589.0445      592.4534  5622642    0.58%
  17597 15953      591.5460   493      589.0445      592.4534  5632082    0.58%
  17620 15976      591.5070   459      589.0445      592.4534  5641170    0.58%
Elapsed time = 2400.62 sec. (2626587.80 ticks, tree = 39.32 MB, solutions = 1)
  17642 15998      591.2466   452      589.0445      592.4534  5650589    0.58%
  17669 16025      590.9120   399      589.0445      592.4534  5660261    0.58%
  17699 16055      590.5990   389      589.0445      592.4534  5669088    0.58%
  17737 16093      590.2527   335      589.0445      592.4534  5679785    0.58%
  17801 16156      589.1906   277      589.0445      592.4534  5690343    0.58%
  17881 16190      591.9659   539      589.0445      592.4533  5698819    0.58%
  17912 16221      591.3577   489      589.0445      592.4533  5707389    0.58%
  17945 16254      590.3354   467      589.0445      592.4533  5717097    0.58%
  17972 16275      592.0358   549      589.0445      592.4530  5725852    0.58%
  17987 16290      591.9602   557      589.0445      592.4530  5734747    0.58%
Elapsed time = 2436.87 sec. (2665903.55 ticks, tree = 40.08 MB, solutions = 1)
  18001 16304      591.7592   533      589.0445      592.4530  5744325    0.58%
  18016 16319      591.6111   530      589.0445      592.4530  5753119    0.58%
  18029 16332      591.3615   499      589.0445      592.4530  5762231    0.58%
  18048 16351      591.4069   481      589.0445      592.4530  5770414    0.58%
  18066 16369      591.2561   455      589.0445      592.4530  5779256    0.58%
  18083 16386      590.8681   466      589.0445      592.4530  5785709    0.58%
  18109 16412      590.8133   377      589.0445      592.4530  5795394    0.58%
  18151 16454      590.2519   335      589.0445      592.4530  5805978    0.58%
  18213 16516      589.6027   242      589.0445      592.4530  5816896    0.58%
  18328 16584      592.2874   567      589.0445      592.4527  5825398    0.58%
Elapsed time = 2473.75 sec. (2705232.77 ticks, tree = 41.48 MB, solutions = 1)
  18351 16607      591.6832   573      589.0445      592.4527  5834163    0.58%
  18382 16638      591.1650   487      589.0445      592.4527  5842226    0.58%
  18424 16680      589.8357   421      589.0445      592.4527  5851716    0.58%
  18453 16705      591.9891   580      589.0445      592.4517  5859147    0.58%
  18477 16729      591.6305   551      589.0445      592.4517  5868898    0.58%
  18498 16750      591.3628   537      589.0445      592.4517  5878026    0.58%
  18519 16771      591.1449   521      589.0445      592.4517  5886737    0.58%
  18538 16790      591.0629   488      589.0445      592.4517  5895324    0.58%
  18562 16814      590.8294   428      589.0445      592.4517  5904953    0.58%
  18598 16850      590.2262   361      589.0445      592.4517  5915105    0.58%
Elapsed time = 2509.19 sec. (2744590.13 ticks, tree = 42.10 MB, solutions = 1)
  18650 16902      589.5282   296      589.0445      592.4517  5925937    0.58%
  18702 16941      592.3989   551      589.0445      592.4515  5934051    0.58%
  18717 16956      592.0541   532      589.0445      592.4515  5943802    0.58%
  18736 16975      591.9054   540      589.0445      592.4515  5953526    0.58%
  18755 16994      591.6333   472      589.0445      592.4515  5962933    0.58%
  18783 17022      591.2433   394      589.0445      592.4515  5972389    0.58%
  18829 17068      589.9677   371      589.0445      592.4515  5981944    0.58%
  18879 17118      589.6659   315      589.0445      592.4515  5991501    0.58%
  18924 17158      589.1849   219      589.0445      592.4515  5998810    0.58%
  18954 17176      591.8816   629      589.0445      592.4514  6006776    0.58%
Elapsed time = 2546.01 sec. (2784468.69 ticks, tree = 42.89 MB, solutions = 1)
  18980 17202      591.9519   570      589.0445      592.4514  6015076    0.58%
  19001 17223      591.6680   594      589.0445      592.4514  6023375    0.58%
  19024 17246      591.3479   521      589.0445      592.4514  6031382    0.58%
  19041 17263      591.3716   492      589.0445      592.4514  6040250    0.58%
  19062 17284      591.1363   453      589.0445      592.4514  6048763    0.58%
  19097 17319      590.5259   367      589.0445      592.4514  6057982    0.58%
  19151 17373      589.6116   329      589.0445      592.4514  6068410    0.58%
  19206 17411      592.1792   640      589.0445      592.4511  6077874    0.58%
  19241 17446      591.7395   552      589.0445      592.4511  6086327    0.58%
  19267 17472      591.0782   494      589.0445      592.4511  6094285    0.58%
Elapsed time = 2581.31 sec. (2823577.33 ticks, tree = 43.57 MB, solutions = 1)
  19305 17510      589.5864   455      589.0445      592.4511  6103723    0.58%
  19332 17534      591.7480   582      589.0445      592.4511  6113047    0.58%
  19351 17553      591.6361   580      589.0445      592.4511  6122414    0.58%
  19373 17575      591.3201   550      589.0445      592.4511  6131268    0.58%
  19392 17594      591.1881   535      589.0445      592.4511  6139905    0.58%
  19413 17615      590.7799   519      589.0445      592.4511  6148477    0.58%
  19440 17642      590.2305   455      589.0445      592.4511  6158117    0.58%
  19473 17675      590.0725   438      589.0445      592.4511  6167912    0.58%
  19514 17716      589.5458   366      589.0445      592.4511  6177728    0.58%
  19559 17752      592.3035   601      589.0445      592.4501  6185772    0.58%
Elapsed time = 2617.26 sec. (2863686.56 ticks, tree = 44.23 MB, solutions = 1)
  19587 17780      591.6992   559      589.0445      592.4501  6192906    0.58%
  19610 17803      591.1080   550      589.0445      592.4501  6200180    0.58%
  19645 17838      589.7996   478      589.0445      592.4501  6208654    0.58%
  19669 17858      592.2446   633      589.0445      592.4501  6216449    0.58%
  19689 17878      591.7907   564      589.0445      592.4501  6225531    0.58%
  19705 17894      591.7939   538      589.0445      592.4501  6234060    0.58%
  19722 17911      591.4396   549      589.0445      592.4501  6242841    0.58%
  19743 17932      591.3745   498      589.0445      592.4501  6251027    0.58%

Performing restart 2

Repeating presolve.
Tried aggregator 1 time.
MIP Presolve modified 96 coefficients.
Reduced MIP has 1859 rows, 2379 columns, and 10443 nonzeros.
Reduced MIP has 594 binaries, 585 generals, 0 SOSs, and 0 indicators.
Presolve time = 0.00 sec. (2.64 ticks)
Tried aggregator 1 time.
Reduced MIP has 1859 rows, 2379 columns, and 10443 nonzeros.
Reduced MIP has 594 binaries, 585 generals, 0 SOSs, and 0 indicators.
Presolve time = 0.00 sec. (2.62 ticks)
Represolve time = 0.12 sec. (50.69 ticks)
  19766     0      592.5500   595      589.0445     Cuts: 148  6268539    0.58%
  19766     0      592.5279   579      589.0445     Cuts: 107  6268853    0.58%
  19766     0      592.5204   585      589.0445     Cuts: 116  6268994    0.58%
  19766     0      592.5138   565      589.0445      Cuts: 63  6269127    0.58%
  19766     0      592.5079   583      589.0445      Cuts: 88  6269290    0.58%
  19766     0      592.5027   581      589.0445      Cuts: 56  6269401    0.58%
  19766     0      592.4969   563      589.0445      Cuts: 42  6269522    0.58%
  19766     0      592.4957   577      589.0445      Cuts: 44  6269617    0.58%
  19766     0      592.4943   533      589.0445      Cuts: 38  6269710    0.58%
  19766     0      592.4921   548      589.0445      Cuts: 31  6269788    0.58%
  19766     0      592.4797   567      589.0445      Cuts: 59  6269972    0.58%
  19766     0      592.4727   570      589.0445      Cuts: 64  6270124    0.58%
  19766     2      592.4727   578      589.0445      592.4501  6270124    0.58%
  19767     3      592.4550   518      589.0445      592.4501  6270442    0.58%
Elapsed time = 2672.83 sec. (2924304.55 ticks, tree = 0.01 MB, solutions = 1)
  19768     4      592.4370   519      589.0445      592.4501  6270920    0.58%
  19769     5      592.4275   530      589.0445      592.4369  6271356    0.58%
  19771     7      592.4257   514      589.0445      592.4369  6271782    0.58%
  19773     9      592.2658   527      589.0445      592.4369  6273108    0.58%
  19786    22      591.4461   474      589.0445      592.4369  6276258    0.58%
  19807    43      591.1148   432      589.0445      592.4369  6280048    0.58%
  19897   133      590.1469   258      589.0445      592.4369  6288837    0.58%
  20009   234      591.9328   451      589.0445      592.4369  6296365    0.58%
  20126   351      590.7866   163      589.0445      592.4369  6308813    0.58%
  20294   515      592.3276   525      589.0445      592.4257  6314311    0.57%
Elapsed time = 2721.71 sec. (2976117.24 ticks, tree = 1.31 MB, solutions = 1)
  20341   562      592.0240   416      589.0445      592.4257  6319021    0.57%
  20396   617      592.0273   437      589.0445      592.4248  6327425    0.57%
  20473   694      590.8387   352      589.0445      592.4248  6339862    0.57%
  20563   784      590.2809   243      589.0445      592.4248  6350710    0.57%
  20623   844      591.2499   408      589.0445      592.4206  6363637    0.57%
  20733   954      589.9093   247      589.0445      592.4206  6378236    0.57%
  20826  1047      591.6872   420      589.0445      592.4172  6390647    0.57%
  20948  1169      590.5938   225      589.0445      592.4172  6403828    0.57%
  21088  1309      589.6328   229      589.0445      592.4172  6415296    0.57%
  21184  1402      591.1984   396      589.0445      592.4154  6427203    0.57%
Elapsed time = 2759.87 sec. (3014565.27 ticks, tree = 3.24 MB, solutions = 1)
  21368  1585      592.3900   515      589.0445      592.4152  6441078    0.57%
  21526  1742      589.1022   172      589.0445      592.4152  6452763    0.57%
  21620  1832      591.0390   350      589.0445      592.4134  6466895    0.57%
  21776  1984      591.6118   492      589.0445      592.4108  6479354    0.57%
  21920  2115      592.2612   539      589.0445      592.4101  6491397    0.57%
  21999  2194      590.4310   387      589.0445      592.4101  6505878    0.57%
  22128  2308      592.3239   511      589.0445      592.4100  6518602    0.57%
  22302  2469      592.3675   539      589.0445      592.4098  6529638    0.57%
  22396  2563      590.7719   361      589.0445      592.4098  6546069    0.57%
  22568  2718      592.3683   514      589.0445      592.4049  6558659    0.57%
Elapsed time = 2801.44 sec. (3053085.79 ticks, tree = 6.16 MB, solutions = 1)
  22656  2806      590.6747   350      589.0445      592.4049  6574423    0.57%
  22776  2926      591.0178   516      589.0445      592.4006  6590009    0.57%
  22883  3033      589.7956   276      589.0445      592.4006  6606827    0.57%
  23027  3177      591.7843   349      589.0445      592.4005  6619254    0.57%
  23171  3312      591.6193   465      589.0445      592.4005  6631458    0.57%
  23239  3380      590.8792   357      589.0445      592.4005  6646708    0.57%
  23383  3524      592.1193   464      589.0445      592.4001  6659665    0.57%
  23551  3669      592.3285   527      589.0445      592.3952  6670105    0.57%
  23619  3737      591.5487   357      589.0445      592.3952  6683608    0.57%
  23768  3886      591.5987   538      589.0445      592.3922  6696112    0.57%
Elapsed time = 2841.85 sec. (3092023.67 ticks, tree = 8.72 MB, solutions = 1)
  23896  4010      592.3749   475      589.0445      592.3900  6707251    0.57%
  23966  4080      591.7740   342      589.0445      592.3900  6722769    0.57%
  24107  4221      590.1830   201      589.0445      592.3900  6736326    0.57%
  24247  4361      591.0141   317      589.0445      592.3897  6747546    0.57%
  24363  4472      591.3981   441      589.0445      592.3863  6759590    0.57%
  24464  4573      590.4188   263      589.0445      592.3863  6772475    0.57%
  24612  4721      591.2027   419      589.0445      592.3860  6785253    0.57%
  24717  4826      590.3947   264      589.0445      592.3860  6797905    0.57%
  24826  4935      591.2883   372      589.0445      592.3859  6811897    0.57%
  24969  5077      592.2756   501      589.0445      592.3829  6825577    0.57%
Elapsed time = 2882.14 sec. (3130485.04 ticks, tree = 11.44 MB, solutions = 1)
  25139  5240      591.4321   486      589.0445      592.3820  6836813    0.57%
  25227  5328      590.6596   314      589.0445      592.3820  6852174    0.57%
  25413  5512      591.5250   386      589.0445      592.3815  6864404    0.57%
  25564  5648      591.0562   509      589.0445      592.3805  6877330    0.57%
  25652  5736      590.0029   366      589.0445      592.3805  6892042    0.57%
  25759  5833      591.7042   378      589.0445      592.3802  6904334    0.57%
  25905  5974      591.6768   440      589.0445      592.3786  6917373    0.57%
  25992  6061      590.6699   317      589.0445      592.3786  6930019    0.57%
  26194  6263      592.0157   438      589.0445      592.3761  6943801    0.57%
  26374  6429      590.9334   507      589.0445      592.3744  6955457    0.57%
Elapsed time = 2923.95 sec. (3168979.31 ticks, tree = 14.36 MB, solutions = 1)
  26464  6519      589.2370   358      589.0445      592.3744  6970136    0.57%
  26556  6586      591.8422   401      589.0445      592.3743  6985350    0.57%
  26688  6718      590.2353   215      589.0445      592.3743  6999625    0.57%
  26819  6849      591.1458   400      589.0445      592.3732  7013533    0.57%
  26936  6966      589.9724   243      589.0445      592.3732  7027137    0.57%
  27074  7104      590.8121   200      589.0445      592.3722  7041934    0.56%
  27223  7253      591.6237   410      589.0445      592.3722  7055845    0.56%
  27380  7410      592.2303   473      589.0445      592.3708  7069228    0.56%
  27558  7582      592.0905   518      589.0445      592.3694  7080520    0.56%
  27627  7651      591.6216   362      589.0445      592.3694  7095612    0.56%
Elapsed time = 2964.30 sec. (3207423.80 ticks, tree = 16.96 MB, solutions = 1)
  27766  7790      589.9669   186      589.0445      592.3694  7109574    0.56%
  27938  7955      592.3114   520      589.0445      592.3691  7123366    0.56%
  28010  8027      591.4422   391      589.0445      592.3691  7138166    0.56%
  28170  8187      591.6614   562      589.0445      592.3688  7151508    0.56%
  28325  8329      592.1450   529      589.0445      592.3686  7163058    0.56%
  28408  8412      591.0996   358      589.0445      592.3686  7179002    0.56%
  28569  8571      592.1771   466      589.0445      592.3682  7192739    0.56%
  28655  8657      591.1564   309      589.0445      592.3682  7208803    0.56%
  28796  8798      592.0161   457      589.0445      592.3676  7224046    0.56%
  28890  8892      590.9659   287      589.0445      592.3676  7239636    0.56%
Elapsed time = 3005.57 sec. (3246331.59 ticks, tree = 19.96 MB, solutions = 1)
  29055  9057      590.7582   273      589.0445      592.3676  7252659    0.56%
  29181  9177      590.8472   410      589.0445      592.3676  7266827    0.56%
  29326  9322      589.3457   194      589.0445      592.3676  7280252    0.56%
  29494  9486      589.5340   229      589.0445      592.3675  7291506    0.56%
  29578  9566      591.2455   353      589.0445      592.3675  7306300    0.56%
  29763  9742      589.0615   111      589.0445      592.3675  7319726    0.56%
  29912  9888      589.4878   207      589.0445      592.3669  7332012    0.56%
  30006  9974      591.1153   366      589.0445      592.3664  7346149    0.56%
  30182 10150      592.1929   469      589.0445      592.3660  7360016    0.56%
  30337 10300      592.3106   513      589.0445      592.3658  7372211    0.56%
Elapsed time = 3046.91 sec. (3284666.12 ticks, tree = 22.98 MB, solutions = 1)
  30406 10369      591.1165   387      589.0445      592.3658  7386640    0.56%
  30517 10480      589.5961   246      589.0445      592.3658  7401067    0.56%
  30608 10571      591.6740   446      589.0445      592.3649  7415772    0.56%
  30690 10653      590.9304   309      589.0445      592.3649  7430038    0.56%
  30791 10754      591.6902   401      589.0445      592.3642  7445161    0.56%
  30890 10853      590.6079   276      589.0445      592.3642  7460943    0.56%
  31042 11005      590.8125   306      589.0445      592.3617  7474347    0.56%
  31185 11134      591.7697   409      589.0445      592.3611  7488387    0.56%
  31303 11252      590.0199   241      589.0445      592.3611  7502457    0.56%
  31451 11400      590.2185   274      589.0445      592.3604  7516654    0.56%
Elapsed time = 3085.89 sec. (3323027.18 ticks, tree = 25.33 MB, solutions = 1)
  31601 11524      591.6343   433      589.0445      592.3603  7528854    0.56%
  31734 11657      590.3790   240      589.0445      592.3603  7542568    0.56%
  31909 11832      589.2559   196      589.0445      592.3601  7555017    0.56%
  31998 11909      591.5654   362      589.0445      592.3600  7570694    0.56%
  32179 12090      592.2739   454      589.0445      592.3599  7585063    0.56%
  32355 12258      592.1852   472      589.0445      592.3597  7597562    0.56%
  32435 12338      591.0871   321      589.0445      592.3597  7612785    0.56%
  32574 12477      592.2021   528      589.0445      592.3590  7627451    0.56%
  32655 12558      591.5969   372      589.0445      592.3590  7641280    0.56%
  32787 12690      591.4707   475      589.0445      592.3585  7654576    0.56%
Elapsed time = 3126.75 sec. (3361496.47 ticks, tree = 28.12 MB, solutions = 1)
  32857 12760      590.8131   368      589.0445      592.3585  7668960    0.56%
  33002 12905      591.8563   373      589.0445      592.3582  7682023    0.56%
  33145 13040      591.2176   466      589.0445      592.3562  7695810    0.56%
  33213 13108      590.7988   382      589.0445      592.3562  7711058    0.56%
  33375 13269      592.1016   435      589.0445      592.3562  7724327    0.56%
  33531 13412      592.1079   445      589.0445      592.3558  7737403    0.56%
  33606 13487      590.8608   311      589.0445      592.3558  7752600    0.56%
  33790 13656      592.1413   413      589.0445      592.3557  7766320    0.56%
  33956 13812      591.8056   426      589.0445      592.3551  7778492    0.56%
  34081 13937      590.3571   245      589.0445      592.3551  7791961    0.56%
Elapsed time = 3167.81 sec. (3400057.82 ticks, tree = 30.88 MB, solutions = 1)
  34248 14104      590.9948   303      589.0445      592.3550  7805244    0.56%
  34381 14227      591.6783   448      589.0445      592.3538  7819084    0.56%
  34460 14306      590.8453   336      589.0445      592.3538  7833482    0.56%
  34579 14425      592.0216   430      589.0445      592.3536  7848036    0.56%
  34658 14504      590.7279   311      589.0445      592.3536  7863167    0.56%
  34793 14639      592.0211   415      589.0445      592.3534  7878075    0.56%
  34885 14731      591.2447   270      589.0445      592.3534  7893183    0.56%
  35024 14870      591.0999   344      589.0445      592.3529  7906963    0.56%
  35163 14996      591.2398   433      589.0445      592.3529  7921900    0.56%
  35253 15086      590.2168   274      589.0445      592.3529  7937130    0.56%
Elapsed time = 3207.41 sec. (3438392.90 ticks, tree = 33.32 MB, solutions = 1)
  35433 15266      590.9485   326      589.0445      592.3518  7949996    0.56%
  35556 15379      591.9019   414      589.0445      592.3508  7964441    0.56%
  35644 15467      591.0773   275      589.0445      592.3508  7979650    0.56%
  35805 15628      591.3219   419      589.0445      592.3504  7993844    0.56%
  35955 15763      591.6737   433      589.0445      592.3497  8005946    0.56%
  36040 15848      590.4478   313      589.0445      592.3497  8020630    0.56%
  36206 16014      591.6114   425      589.0445      592.3497  8034539    0.56%
  36354 16150      591.9848   437      589.0445      592.3490  8047439    0.56%
  36439 16235      591.3027   309      589.0445      592.3490  8062493    0.56%
  36584 16371      591.9269   480      589.0445      592.3484  8074254    0.56%
Elapsed time = 3248.58 sec. (3476924.33 ticks, tree = 36.09 MB, solutions = 1)
  36666 16453      591.2526   319      589.0445      592.3484  8089105    0.56%
  36779 16566      592.0944   440      589.0445      592.3480  8099859    0.56%
  36873 16660      591.0909   282      589.0445      592.3480  8114019    0.56%
  36993 16780      591.9356   441      589.0445      592.3477  8124631    0.56%
  37142 16913      592.2239   437      589.0445      592.3476  8134337    0.56%
  37198 16969      591.7197   346      589.0445      592.3476  8146747    0.56%
  37325 17096      589.9566   147      589.0445      592.3476  8159625    0.56%
  37466 17237      590.1733   241      589.0445      592.3474  8170455    0.56%
  37566 17327      591.8582   371      589.0445      592.3474  8182289    0.56%
  37738 17499      590.2545   134      589.0445      592.3474  8193101    0.56%
Elapsed time = 3290.14 sec. (3516145.11 ticks, tree = 39.17 MB, solutions = 1)
  37866 17627      591.0792   265      589.0445      592.3473  8203886    0.56%
  37972 17724      591.9712   396      589.0445      592.3470  8215960    0.56%
  38066 17818      591.4661   244      589.0445      592.3470  8230389    0.56%
  38214 17966      591.4635   371      589.0445      592.3461  8242585    0.56%
  38346 18092      591.8527   419      589.0445      592.3460  8254557    0.56%
  38441 18187      591.3528   283      589.0445      592.3460  8268933    0.56%
  38577 18323      592.2538   416      589.0445      592.3448  8280550    0.56%
  38664 18410      591.2425   313      589.0445      592.3448  8296233    0.56%
  38780 18526      591.9474   433      589.0445      592.3445  8309050    0.56%
  38852 18598      591.3770   352      589.0445      592.3445  8323999    0.56%
Elapsed time = 3332.09 sec. (3556249.49 ticks, tree = 41.50 MB, solutions = 1)
  38968 18714      591.7165   477      589.0445      592.3440  8336538    0.56%
  39081 18827      589.9928   206      589.0445      592.3440  8346855    0.56%
  39166 18899      591.9658   434      589.0445      592.3439  8358260    0.56%
  39266 18999      590.8421   285      589.0445      592.3439  8372398    0.56%
  39410 19143      591.2057   418      589.0445      592.3428  8383703    0.56%
  39528 19250      592.1268   433      589.0445      592.3428  8393440    0.56%
  39601 19323      590.8762   325      589.0445      592.3428  8404921    0.56%
  39766 19488      589.5426    82      589.0445      592.3428  8413345    0.56%
  39881 19603      589.4908   237      589.0445      592.3425  8424685    0.56%
  39960 19675      591.6937   412      589.0445      592.3422  8440004    0.56%
Elapsed time = 3373.73 sec. (3595478.72 ticks, tree = 43.81 MB, solutions = 1)
  40066 19781      590.1768   217      589.0445      592.3422  8452096    0.56%
  40226 19941      591.2008   357      589.0445      592.3416  8462821    0.56%
  40362 20065      591.4728   434      589.0445      592.3416  8473591    0.56%
  40466 20169      590.5099   273      589.0445      592.3416  8485199    0.56%
  40611 20314      591.5676   398      589.0445      592.3414  8497982    0.56%
  40693 20396      590.6501   278      589.0445      592.3414  8509341    0.56%
  40800 20503      591.4170   461      589.0445      592.3412  8521079    0.56%
  40879 20582      590.6496   321      589.0445      592.3412  8535074    0.56%
  40997 20700      592.0230   435      589.0445      592.3412  8545679    0.56%
  41124 20823      592.0973   509      589.0445      592.3405  8555097    0.56%
Elapsed time = 3415.17 sec. (3634451.51 ticks, tree = 46.27 MB, solutions = 1)
  41207 20906      590.5464   334      589.0445      592.3405  8567805    0.56%
  41366 21058      589.0701   131      589.0445      592.3405  8579946    0.56%
  41497 21188      590.3333   211      589.0445      592.3403  8590326    0.56%
  41576 21263      591.6073   412      589.0445      592.3402  8603656    0.56%
  41662 21349      590.8746   250      589.0445      592.3402  8618300    0.56%
  41781 21468      592.1932   463      589.0445      592.3394  8627902    0.56%
  41930 21613      592.1575   496      589.0445      592.3388  8636872    0.56%
  42008 21691      591.3426   335      589.0445      592.3388  8648317    0.56%
  42166 21849      589.6947   115      589.0445      592.3388  8655891    0.56%
  42276 21959      590.3515   181      589.0445      592.3377  8669699    0.56%
Elapsed time = 3456.30 sec. (3673227.79 ticks, tree = 48.70 MB, solutions = 1)
  42418 22101      591.8166   355      589.0445      592.3377  8682988    0.56%
  42538 22221      590.8012   203      589.0445      592.3377  8693898    0.56%
  42610 22293      591.3001   435      589.0445      592.3376  8705927    0.56%
  42685 22368      590.4322   305      589.0445      592.3376  8719313    0.56%
  42788 22471      591.7866   450      589.0445      592.3353  8733392    0.56%
  42870 22553      590.8521   369      589.0445      592.3353  8745678    0.56%
  42993 22676      592.0363   445      589.0445      592.3353  8757011    0.56%
  43164 22837      592.2672   528      589.0445      592.3352  8768013    0.56%
  43212 22885      591.7416   426      589.0445      592.3352  8778720    0.56%
  43269 22942      591.4374   339      589.0445      592.3352  8788689    0.56%
Elapsed time = 3495.99 sec. (3711792.30 ticks, tree = 50.79 MB, solutions = 1)
  43399 23072      591.7918   411      589.0445      592.3348  8800131    0.56%
  43524 23192      592.0696   498      589.0445      592.3347  8810116    0.56%
  43606 23274      590.9957   330      589.0445      592.3347  8822071    0.56%
  43766 23429      592.1700   508      589.0445      592.3339  8831399    0.56%
  43923 23581      592.1809   463      589.0445      592.3332  8840553    0.56%
  43967 23625      591.6292   377      589.0445      592.3332  8849409    0.56%
  44066 23724      590.0751   262      589.0445      592.3332  8863459    0.56%
  44223 23879      591.3468   351      589.0445      592.3332  8875122    0.56%
  44354 24001      592.0503   470      589.0445      592.3328  8884339    0.56%
  44405 24052      590.6620   387      589.0445      592.3328  8895515    0.56%
Elapsed time = 3537.34 sec. (3750907.49 ticks, tree = 53.23 MB, solutions = 1)
  44503 24150      589.8421   256      589.0445      592.3328  8908241    0.56%
  44602 24247      592.1367   432      589.0445      592.3327  8920696    0.56%
  44691 24336      591.0000   275      589.0445      592.3327  8931910    0.56%
  44801 24446      591.4351   411      589.0445      592.3327  8945549    0.56%
  44873 24518      590.4497   320      589.0445      592.3327  8958554    0.56%
  44967 24607      591.6365   531      589.0445      592.3326  8967983    0.56%
  45115 24750      592.3103   470      589.0445      592.3323  8977102    0.56%
  45166 24801      591.4736   374      589.0445      592.3323  8989277    0.56%
  45266 24901      589.4337   257      589.0445      592.3323  9001900    0.56%
  45666 25290      589.8890   185      589.0445      592.3317  9052293    0.56%
Elapsed time = 3589.23 sec. (3801823.71 ticks, tree = 55.90 MB, solutions = 1)

Flow cuts applied:  39
Mixed integer rounding cuts applied:  302
Lift and project cuts applied:  31
Gomory fractional cuts applied:  7
User cuts applied:  1104

Root node processing (before b&c):
  Real time             =    7.80 sec. (6922.19 ticks)
Sequential b&c:
  Real time             = 3592.20 sec. (3805144.58 ticks)
                          ------------
Total (root+branch&cut) = 3600.00 sec. (3812066.78 ticks)
|V|                                     600
K                                       200
theta                                   0.01
r                                       2
R                                       20
prob_func                               facility_mixture
mixture_low_share                       0.500000
mixture_low_interval                    [0.001000, 0.010000]
mixture_high_interval                   [0.100000, 0.500000]
mixture_seed                            1
#C1                                     842
#CP                                     21738

@Parameters: 
am_callback_heuristic                   false
am_local_search                         true
am_start_heuristic                      false
colocation                              true
comp                                    false
cutC                                    true
cutC_init                               false
cutF                                    true
cutF_init                               false
cutF_stable                             false
cutF_wrong                              false
cutLocal                                false
cutM                                    true
cutM_init                               true
cutM_stable                             false
cutP                                    true
cutP_init                               false
cutP_stable                             false
init                                    true
init_cutF_zero                          false
init_val_greedy                         true
is_Euclidean                            false
is_local_search                         false
is_right_cutP                           true
is_root                                 false
is_silent                               false
is_start                                false
mycut                                   false
pmed                                    false
pre                                     true
stable_root                             false
str                                     false
two_phase                               false
ubstr                                   false
mode                                    Int

am_callback_node_space                  50
init                                    0
mixture_seed                            1
node_space                              5
nodelimit                               -1
nsepa                                   1
strF                                    0
type_delta                              0

EPS                                     0.001000
EPS_FRAC                                0.00
gap                                     0.00
mixture_high_max                        0.50
mixture_high_min                        0.10
mixture_low_max                         0.01
mixture_low_min                         0.00
mixture_low_share                       0.50
timelimit                               3600.00

Number of Closed Sites: 6 / 1200 
Number of Confined Sites-1: 9 / 1791 
Number of Confined Sites-k: 585 / 11585 
Preprocess Time: 1.81 + 0.00 sec

Solve Time: 3600.00
Number of Nodes: 46028
Termination Status: TIME_LIMIT

CutInfo: [phase] num / time (sec) / aver. num_nonzero
max              [LP]     0 / 0.00 / 0.00 [init]   435 / 0.01 / 1.71 [rLC]   284 / 0.01 / 3.09 [rUC]  1288 / 0.10 / 3.70 [sLC]    67 / 0.01 / 5.79 [sUC]  1366 / 2.47 / 4.60 
prod_oa          [LP]     0 / 0.00 / 0.00 [init]   253 / 0.01 / 24.08 [rLC]   310 / 0.01 / 34.89 [rUC]  1002 / 0.14 / 34.53 [sLC]   228 / 0.01 / 31.97 [sUC]  2063 / 3.86 / 29.35 
prod_sm_fixed    [LP]     0 / 0.00 / 0.00 [init]     0 / 0.00 / 0.00 [rLC]     0 / 0.00 / 0.00 [rUC]     0 / 0.00 / 0.00 [sLC]     0 / 0.00 / 0.00 [sUC]     0 / 0.00 / 0.00 
prod_bin         [LP]     0 / 0.00 / 0.00 [init]     0 / 0.00 / 0.00 [rLC]     0 / 0.00 / 0.00 [rUC]     0 / 0.00 / 0.00 [sLC]     0 / 0.00 / 0.00 [sUC]     0 / 0.00 / 0.00 
prod_local       [LP]     0 / 0.00 / 0.00 [init]     0 / 0.00 / 0.00 [rLC]     0 / 0.00 / 0.00 [rUC]     0 / 0.00 / 0.00 [sLC]     0 / 0.00 / 0.00 [sUC]     0 / 0.00 / 0.00 
prod_sm_C        [LP]     0 / 0.00 / 0.00 [init]     0 / 0.04 / 0.00 [rLC]     0 / 0.06 / 0.00 [rUC]  1206 / 1.14 / 31.12 [sLC]     0 / 0.06 / 0.00 [sUC]  3014 / 29.18 / 39.37 
facet            [LP]     0 / 0.00 / 0.00 [init]     0 / 0.00 / 0.00 [rLC]     0 / 0.00 / 0.00 [rUC]  1206 / 0.00 / 0.00 [sLC]     0 / 0.00 / 0.00 [sUC]  3014 / 0.00 / 0.00 
Separation Round:   [LP] 0  [init] 1  [rLC] 2  [rUC] 22  [sLC] 2  [sUC] 91049  
Root Best Bound 594.333616
Root Best Integer: 589.044527
Best Bound: 592.331183
Best Integer: 589.044527
1: 19, 33, 41, 42, 44, 55, 66, 70, 71, 89, 90, 97, 99, 111, 116, 130, 136, 137, 149, 150, 151, 152, 153, 155, 158, 163, 164, 175, 178, 180, 186, 192, 197, 198, 203, 207, 215, 236, 247, 251, 252, 256, 261, 263, 280, 288, 297, 300, 304, 314, 316, 318, 320, 325, 327, 336, 337, 341, 350, 358, 374, 380, 386, 391, 394, 396, 398, 400, 406, 407, 416, 420, 431, 435, 456, 459, 464, 478, 479, 482, 487, 507, 508, 511, 525, 532, 540, 543, 545, 546, 559, 562, 565, 566, 568, 571, 580, 582, 583, 589, 591, 596, 598, 600
2: 24, 196, 302, 326, 372, 403, 501, 556, 561
3: 47, 67, 85, 132, 189, 219, 235, 291, 299
4: 13, 123, 159
5: 68, 106, 366
6: 194, 218, 345, 492
Objective Value (calc): 589.044527
sum_etaM = 365.943380 / 365.943380
sum_etaP = 591.298074 / 591.298074
nL: 132
nCL: 28
mCL: 6
