Version identifier: 20.1.0.0 | 2020-11-10 | 9bedb6d68
CPXPARAM_Threads                                 1
CPXPARAM_TimeLimit                               3600
CPXPARAM_MIP_Tolerances_MIPGap                   0
Generic callback                                 0x60
1 of 1 MIP starts provided solutions.
MIP start 'm1' defined initial solution with objective 638.9340.
Tried aggregator 2 times.
MIP Presolve eliminated 17 rows and 12 columns.
Aggregator did 5 substitutions.
Reduced MIP has 2120 rows, 2783 columns, and 16850 nonzeros.
Reduced MIP has 694 binaries, 689 generals, 0 SOSs, and 0 indicators.
Presolve time = 0.01 sec. (6.55 ticks)
Probing time = 0.00 sec. (0.88 ticks)
Tried aggregator 1 time.
Reduced MIP has 2120 rows, 2783 columns, and 16850 nonzeros.
Reduced MIP has 694 binaries, 689 generals, 0 SOSs, and 0 indicators.
Presolve time = 0.01 sec. (3.92 ticks)
Probing time = 0.00 sec. (0.88 ticks)
MIP emphasis: balance optimality and feasibility.
MIP search method: dynamic search.
Parallel mode: none, using 1 thread.
Root relaxation solution time = 0.03 sec. (34.39 ticks)

        Nodes                                         Cuts/
   Node  Left     Objective  IInf  Best Integer    Best Bound    ItCnt     Gap

*     0+    0                          638.9340      700.0000             9.56%
      0     0      668.4272   241      638.9340      668.4272     1466    4.62%
      0     0      644.6407   292      638.9340     Cuts: 574     2053    0.89%
      0     0      643.5912   309      638.9340     Cuts: 303     2356    0.73%
      0     0      643.3175   322      638.9340     Cuts: 166     2602    0.69%
      0     0      643.1981   323      638.9340      Cuts: 82     2801    0.67%
      0     0      643.1564   311      638.9340      Cuts: 58     2907    0.66%
      0     0      643.1369   329      638.9340      Cuts: 37     2973    0.66%
      0     0      643.1332   316      638.9340      Cuts: 22     3021    0.66%
      0     0      643.1286   324      638.9340      Cuts: 14     3060    0.66%
      0     0      643.1285   324      638.9340 UserPurge2: 1     3067    0.66%
      0     0      643.1284   324      638.9340 UserPurge2: 1     3072    0.66%
      0     0      643.1275   326      638.9340 UserPurge2: 5     3084    0.66%
      0     0      643.1274   328      638.9340 UserPurge2: 6     3088    0.66%
      0     0      643.1253   328      638.9340 UserPurge2: 7     3108    0.66%
      0     0      643.1252   324      638.9340 UserPurge2: 5     3117    0.66%
      0     0      643.1251   326      638.9340 UserPurge2: 1     3122    0.66%
      0     2      643.1251   326      638.9340      643.1251     3122    0.66%
Elapsed time = 2.43 sec. (1996.76 ticks, tree = 0.01 MB, solutions = 1)
      9    11      642.8570   323      638.9340      643.1251     4384    0.66%
     15    17      642.6037   277      638.9340      643.1251     5374    0.66%
     20    22      642.3260   269      638.9340      643.1251     6251    0.66%
     36    38      642.2608   246      638.9340      643.1251     6952    0.66%
     49    51      642.0451   215      638.9340      643.1251     7479    0.66%
     60    62      641.5182   208      638.9340      643.1251     8480    0.66%
     77    79      640.8154   173      638.9340      643.1251     9696    0.66%
     90    92      640.3362   171      638.9340      643.1251    10734    0.66%
    100   102      639.8106   160      638.9340      643.1251    11341    0.66%
    143   142      642.1417   305      638.9340      643.0163    15145    0.64%
Elapsed time = 8.78 sec. (5339.56 ticks, tree = 0.40 MB, solutions = 1)
    210   209      639.5825   148      638.9340      643.0163    19677    0.64%
    260   251      641.9965   293      638.9340      643.0160    23923    0.64%
    290   281      640.8445   217      638.9340      643.0160    28352    0.64%
    361   348        cutoff            638.9340      643.0160    33077    0.64%
    390   377      641.2253   239      638.9340      642.9973    37788    0.64%
    455   442      639.1128   109      638.9340      642.9973    41802    0.64%
    481   461      642.1839   315      638.9340      642.9970    44195    0.64%

Performing restart 1

Repeating presolve.
Tried aggregator 1 time.
MIP Presolve modified 256 coefficients.
Reduced MIP has 2120 rows, 2783 columns, and 16850 nonzeros.
Reduced MIP has 694 binaries, 689 generals, 0 SOSs, and 0 indicators.
Presolve time = 0.01 sec. (4.06 ticks)
Tried aggregator 1 time.
Reduced MIP has 2120 rows, 2783 columns, and 16850 nonzeros.
Reduced MIP has 694 binaries, 689 generals, 0 SOSs, and 0 indicators.
Presolve time = 0.01 sec. (4.01 ticks)
Represolve time = 0.03 sec. (21.95 ticks)
    482     0      642.1406   436      638.9340     Cuts: 220    49398    0.50%
    482     0      641.8960   433      638.9340     Cuts: 182    49799    0.46%
    482     0      641.7033   447      638.9340     Cuts: 184    50114    0.43%
    482     0      641.5686   427      638.9340     Cuts: 197    50394    0.41%
    482     0      641.4754   424      638.9340     Cuts: 187    50606    0.40%
    482     0      641.3924   429      638.9340     Cuts: 144    50897    0.38%
    482     0      641.3374   470      638.9340     Cuts: 142    51150    0.38%
    482     0      641.2635   470      638.9340     Cuts: 136    51375    0.36%
    482     0      641.2078   489      638.9340     Cuts: 146    51631    0.36%
    482     0      641.1658   479      638.9340     Cuts: 149    51926    0.35%
    482     0      641.1276   439      638.9340     Cuts: 181    52230    0.34%
    482     0      641.0889   463      638.9340     Cuts: 152    52514    0.34%
    482     0      641.0675   492      638.9340     Cuts: 134    52747    0.33%
    482     0      641.0508   461      638.9340     Cuts: 132    52980    0.33%
    482     0      641.0308   487      638.9340     Cuts: 126    53244    0.33%
    482     0      641.0122   453      638.9340     Cuts: 130    53468    0.33%
    482     0      641.0028   449      638.9340      Cuts: 97    53637    0.32%
    482     0      640.9893   456      638.9340      Cuts: 96    53851    0.32%
    482     0      640.9812   481      638.9340     Cuts: 114    54012    0.32%
    482     2      640.9812   481      638.9340      640.9797    54012    0.32%
    483     3      640.9374   454      638.9340      640.9365    54209    0.31%
    484     4      640.9022   446      638.9340      640.9185    54529    0.31%
Elapsed time = 31.49 sec. (24257.61 ticks, tree = 0.01 MB, solutions = 1)
    485     5      640.8916   434      638.9340      640.9185    54709    0.31%
    486     6      640.8117   420      638.9340      640.9185    54800    0.31%
    487     7      640.8786   418      638.9340      640.9185    54919    0.31%
    489     9      640.8493   390      638.9340      640.9185    55131    0.31%
    490    10      640.7505   436      638.9340      640.9185    56051    0.31%
    491    11      640.7395   428      638.9340      640.9185    56345    0.31%
    493    13      640.7353   430      638.9340      640.9185    56715    0.31%
    495    15      640.7314   421      638.9340      640.9185    57201    0.31%
    497    17      640.7197   396      638.9340      640.9185    57705    0.31%
    500    20      640.6234   389      638.9340      640.9185    58706    0.31%
Elapsed time = 45.10 sec. (38890.37 ticks, tree = 0.10 MB, solutions = 1)
    502    22      640.5792   374      638.9340      640.9185    59210    0.31%
    504    24      640.5419   339      638.9340      640.9185    59660    0.31%
    506    26      640.5120   350      638.9340      640.9185    60372    0.31%
    508    28      640.5963   327      638.9340      640.9185    60833    0.31%
    511    31      640.5398   327      638.9340      640.9185    61575    0.31%
    513    33      640.4850   309      638.9340      640.9185    62599    0.31%
    516    36      640.4515   307      638.9340      640.9185    63894    0.31%
    520    40      640.1944   286      638.9340      640.9185    64714    0.31%
    525    45      640.3887   299      638.9340      640.9185    65722    0.31%
    532    52      640.3455   287      638.9340      640.9185    66852    0.31%
Elapsed time = 55.51 sec. (49807.34 ticks, tree = 0.25 MB, solutions = 1)
    542    62      640.2196   237      638.9340      640.9185    68155    0.31%
    552    72      639.9586   238      638.9340      640.9185    70456    0.31%
    563    83      639.8194   236      638.9340      640.9185    71940    0.31%
    575    95      639.3118   190      638.9340      640.9185    73492    0.31%
    596   114      639.0251   171      638.9340      640.9185    75202    0.31%
    611   119      640.7937   481      638.9340      640.9066    76221    0.31%
    613   121      640.7356   448      638.9340      640.9066    76578    0.31%
    615   123      640.7083   438      638.9340      640.9066    77417    0.31%
    618   126      640.4797   419      638.9340      640.9066    78376    0.31%
    622   130      640.6364   411      638.9340      640.9066    79547    0.31%
Elapsed time = 66.12 sec. (60545.16 ticks, tree = 1.24 MB, solutions = 1)
    629   137      640.2864   371      638.9340      640.9066    81304    0.31%
    636   144      640.3599   368      638.9340      640.9066    83109    0.31%
    648   156      640.3350   345      638.9340      640.9066    85314    0.31%
    660   168      640.1516   293      638.9340      640.9066    87292    0.31%
    669   177      640.1544   250      638.9340      640.9066    88113    0.31%
    703   211      639.6839   173      638.9340      640.9066    90062    0.31%
    749   257      639.2055    70      638.9340      640.9066    91762    0.31%
*   762+  267                          638.9678      640.9066             0.30%
    784   291      639.0572    44      638.9678      640.9066    92728    0.30%
*   817   297      integral     0      638.9956      640.9066    92978    0.30%
    822   300      640.7479   474      638.9956      640.8909    94225    0.30%
Elapsed time = 76.57 sec. (70271.80 ticks, tree = 5.59 MB, solutions = 3)
    833   311      640.5158   376      638.9956      640.8909    95751    0.30%
    854   332      640.2177   233      638.9956      640.8909    97690    0.30%
    877   355      639.8778   177      638.9956      640.8909    98828    0.30%
    886   364      640.6985   447      638.9956      640.8783   100270    0.29%
    902   380      640.4212   345      638.9956      640.8783   102180    0.29%
    915   393      640.1949   266      638.9956      640.8783   103589    0.29%
    942   420      639.7341   156      638.9956      640.8783   105024    0.29%
    982   460      639.2309    45      638.9956      640.8783   106238    0.29%
*  1003   471      integral     0      639.0230      640.8783   106525    0.29%
   1021   487      640.4387   352      639.0230      640.8491   108833    0.29%
Elapsed time = 86.68 sec. (79420.72 ticks, tree = 9.06 MB, solutions = 4)
   1037   503      640.1681   251      639.0230      640.8491   110235    0.29%
   1082   548      639.4880   119      639.0230      640.8491   111764    0.29%
   1129   582      640.6229   408      639.0230      640.8418   114009    0.28%
   1143   596      640.2471   348      639.0230      640.8418   116009    0.28%
   1162   615      639.9767   243      639.0230      640.8418   118473    0.28%
   1184   637      639.7024   184      639.0230      640.8418   120320    0.28%
   1213   666      639.4079   171      639.0230      640.8418   121764    0.28%
   1289   730      640.5915   438      639.0230      640.8116   125001    0.28%
   1308   749      640.2448   316      639.0230      640.8116   127048    0.28%
   1341   782      639.9337   136      639.0230      640.8116   128735    0.28%
Elapsed time = 97.50 sec. (89546.26 ticks, tree = 14.16 MB, solutions = 4)
   1398   825      640.6019   435      639.0230      640.8114   131053    0.28%
   1411   838      640.3773   372      639.0230      640.8114   132880    0.28%
   1442   869      640.0575   185      639.0230      640.8114   134846    0.28%
*  1500   803      integral     0      639.2140      640.8114   136459    0.25%
   1512   813      640.4167   365      639.2140      640.7989   138673    0.25%
   1538   839      640.0388   235      639.2140      640.7989   140768    0.25%
   1602   900      640.6700   459      639.2140      640.7936   142823    0.25%
   1620   918      640.3228   334      639.2140      640.7936   144949    0.25%
   1679   977      639.5780    82      639.2140      640.7936   147641    0.25%
   1715  1004      640.5124   416      639.2140      640.7864   149640    0.25%
Elapsed time = 108.08 sec. (99084.32 ticks, tree = 11.95 MB, solutions = 5)
   1728  1017      640.3948   347      639.2140      640.7864   151375    0.25%
   1743  1032      640.2298   292      639.2140      640.7864   153456    0.25%
   1761  1050      639.9192   245      639.2140      640.7864   155599    0.25%
   1789  1078      639.4590   170      639.2140      640.7864   157404    0.25%
   1818  1100      640.4485   433      639.2140      640.7808   159268    0.25%
   1839  1121      639.9615   341      639.2140      640.7808   161782    0.25%
   1893  1173      639.2818   125      639.2140      640.7808   164008    0.25%
   1922  1191      640.4534   356      639.2140      640.7476   166557    0.24%
   1943  1212      640.1654   245      639.2140      640.7476   168680    0.24%
   2121  1382      640.5498   366      639.2140      640.7388   178235    0.24%
Elapsed time = 121.73 sec. (112050.97 ticks, tree = 18.38 MB, solutions = 5)
*  2246  1494      integral     0      639.2152      640.7388   182749    0.24%
   2296  1544      639.7372   236      639.2152      640.7305   190682    0.24%
   2448  1672      640.4477   358      639.2152      640.7089   199215    0.23%
   2590  1806      640.0191   158      639.2152      640.7073   207430    0.23%
*  2675  1785      integral     0      639.2686      640.7073   209019    0.23%
   2772  1875      640.3642   382      639.2686      640.7070   216779    0.23%
   2834  1937      639.4900   140      639.2686      640.7070   224188    0.23%
   2988  2068      640.1074   235      639.2686      640.6992   232654    0.22%
   3145  2210      639.2723    41      639.2686      640.6973   241317    0.22%
   3250  2305      640.4145   410      639.2686      640.6951   250018    0.22%
Elapsed time = 157.60 sec. (146133.66 ticks, tree = 31.05 MB, solutions = 7)
   3298  2353      639.8988   192      639.2686      640.6951   256717    0.22%
   3442  2479      640.2863   343      639.2686      640.6927   265944    0.22%
   3630  2645      640.4823   392      639.2686      640.6915   275326    0.22%
   3748  2758      640.3758   341      639.2686      640.6867   284053    0.22%
   3875  2870      640.1303   192      639.2686      640.6848   293279    0.22%
   4057  3033      640.2920   335      639.2686      640.6765   302756    0.22%
   4220  3187      639.6772    80      639.2686      640.6764   311089    0.22%
*  4247  3016      integral     0      639.3392      640.6764   311494    0.21%
   4313  3066      640.5473   400      639.3392      640.6738   318584    0.21%
   4472  3216      639.5528    90      639.3392      640.6718   328150    0.21%
Elapsed time = 194.75 sec. (180775.76 ticks, tree = 39.96 MB, solutions = 8)
   4624  3356      640.0914   292      639.3392      640.6589   336964    0.21%
   4723  3448      639.8844   307      639.3392      640.6575   345661    0.21%
   4815  3530      640.0146   216      639.3392      640.6566   353826    0.21%
   4964  3663      640.5651   406      639.3392      640.6515   362391    0.21%
   5098  3791      639.9743   206      639.3392      640.6499   371173    0.21%
   5203  3891      640.0929   227      639.3392      640.6499   379927    0.21%
   5408  4077      639.6003   145      639.3392      640.6483   389146    0.20%
*  5502+ 4037                          639.3799      640.6466             0.20%
   5524  4057      640.2093   342      639.3799      640.6460   397037    0.20%
   5644  4157      640.1015   230      639.3799      640.6443   403380    0.20%
   5742  4249      640.0370   322      639.3799      640.6437   410108    0.20%
Elapsed time = 235.75 sec. (219505.97 ticks, tree = 56.61 MB, solutions = 9)
   5831  4328      640.2779   280      639.3799      640.6413   416970    0.20%
   5992  4477      640.4891   402      639.3799      640.6375   425283    0.20%
   6122  4598      639.9348   203      639.3799      640.6338   432464    0.20%
   6235  4699      639.5875   242      639.3799      640.6330   442373    0.20%
   6335  4787      640.2601   332      639.3799      640.6319   449632    0.20%
   6496  4935      640.3692   422      639.3799      640.6306   458542    0.20%
   6598  5030      639.8609   273      639.3799      640.6288   466620    0.20%
   6682  5107      639.8863   172      639.3799      640.6285   474357    0.20%
   6842  5254      640.3345   334      639.3799      640.6261   483174    0.19%
   6982  5381      639.6115   142      639.3799      640.6254   491160    0.19%
Elapsed time = 276.08 sec. (258079.34 ticks, tree = 78.96 MB, solutions = 9)
   7055  5449      639.8706   209      639.3799      640.6253   499120    0.19%
   7211  5591      640.4272   318      639.3799      640.6240   507860    0.19%
   7368  5737      640.4866   411      639.3799      640.6229   516794    0.19%
   7463  5827      639.8430   316      639.3799      640.6226   525406    0.19%
   7584  5935      640.0811   370      639.3799      640.6220   534418    0.19%
   7712  6053      639.9444   392      639.3799      640.6197   543547    0.19%
   7783  6120      639.6366   261      639.3799      640.6187   552173    0.19%
   7906  6227      639.9202   368      639.3799      640.6155   560762    0.19%
   8025  6332      640.2163   382      639.3799      640.6142   568934    0.19%
   8125  6424      639.9535   368      639.3799      640.6128   577338    0.19%
Elapsed time = 316.00 sec. (296628.77 ticks, tree = 105.28 MB, solutions = 9)
   8235  6522      639.9339   212      639.3799      640.6108   586352    0.19%
   8374  6650      640.0780   305      639.3799      640.6095   594692    0.19%
   8482  6750      639.9075   213      639.3799      640.6092   603011    0.19%
   8629  6881      639.9188   349      639.3799      640.6046   611954    0.19%
   8748  6989      640.3472   376      639.3799      640.6024   620975    0.19%
   8841  7068      640.3103   317      639.3799      640.6020   628911    0.19%
   8920  7131      640.2182   255      639.3799      640.6018   635492    0.19%
   9097  7285      640.1960   379      639.3799      640.5994   644684    0.19%
   9203  7384      639.9534   182      639.3799      640.5987   651992    0.19%
   9301  7476      639.7713   228      639.3799      640.5986   659752    0.19%
Elapsed time = 355.74 sec. (335039.41 ticks, tree = 122.37 MB, solutions = 9)
   9415  7582      639.3965    34      639.3799      640.5986   668564    0.19%
   9568  7720      639.6112   107      639.3799      640.5971   676936    0.19%
   9679  7819      639.7680   340      639.3799      640.5967   685922    0.19%
   9777  7909      639.9517   128      639.3799      640.5964   693424    0.19%
*  9819  7236      integral     0      639.4743      640.5964   694407    0.18%
   9930  7336      640.3159   323      639.4743      640.5953   703156    0.18%
  10037  7435      639.8344   307      639.4743      640.5942   711772    0.18%
  10122  7504      639.7534   218      639.4743      640.5938   719643    0.18%
  10123  7505      640.4922   398      639.4743      640.5935   720135    0.18%
  10124  7506      640.4941   388      639.4743      640.5935   720558    0.18%
Elapsed time = 409.93 sec. (385800.28 ticks, tree = 122.55 MB, solutions = 10)
  10223  7599      640.0785   309      639.4743      640.5919   728210    0.17%
  10306  7669      640.2591   245      639.4743      640.5919   736108    0.17%
  10427  7780      640.2169   332      639.4743      640.5910   745131    0.17%
  10543  7885      640.4908   394      639.4743      640.5906   753377    0.17%
  10629  7971      639.7857   134      639.4743      640.5906   762422    0.17%
  10777  8099      639.7920   221      639.4743      640.5888   771232    0.17%
  10890  8203      640.2111   284      639.4743      640.5875   778917    0.17%
  10985  8291      639.6952   309      639.4743      640.5859   788161    0.17%
  11098  8387      640.3520   276      639.4743      640.5853   796337    0.17%
  11236  8512      640.1011   325      639.4743      640.5853   805354    0.17%
Elapsed time = 449.53 sec. (424203.29 ticks, tree = 146.10 MB, solutions = 10)
  11316  8585      639.9725   358      639.4743      640.5844   812916    0.17%
  11402  8665      639.7523   136      639.4743      640.5843   820829    0.17%
  11509  8756      640.1896   220      639.4743      640.5821   829052    0.17%
  11642  8882      640.2920   361      639.4743      640.5816   838007    0.17%
  11735  8975      639.6883   107      639.4743      640.5816   847079    0.17%
  11868  9081      639.7707   195      639.4743      640.5807   855440    0.17%
  11985  9187      640.2318   286      639.4743      640.5793   863608    0.17%
  12084  9280      639.9905   306      639.4743      640.5792   872321    0.17%
  12192  9381      639.8677   170      639.4743      640.5791   880686    0.17%
  12326  9502      639.9512   268      639.4743      640.5789   889049    0.17%
Elapsed time = 489.05 sec. (462874.80 ticks, tree = 165.27 MB, solutions = 10)
  12453  9611      640.2172   348      639.4743      640.5785   897083    0.17%
  12515  9667      639.5108   174      639.4743      640.5785   905278    0.17%
  12632  9763      640.2496   261      639.4743      640.5778   912664    0.17%
  12746  9870      640.1879   332      639.4743      640.5766   920779    0.17%
  12838  9958      639.8295   335      639.4743      640.5758   929206    0.17%
  12945 10053      640.1920   366      639.4743      640.5754   937639    0.17%
  13059 10152      639.6300   207      639.4743      640.5752   945510    0.17%
  13170 10253      640.2481   353      639.4743      640.5733   953986    0.17%
  13282 10359      639.6976   126      639.4743      640.5728   962877    0.17%
  13391 10448      640.2779   307      639.4743      640.5722   971033    0.17%
Elapsed time = 528.26 sec. (501421.63 ticks, tree = 185.94 MB, solutions = 10)
  13533 10579      640.3527   369      639.4743      640.5715   979633    0.17%
  13619 10665      639.7109   123      639.4743      640.5715   987946    0.17%
  13746 10783      640.0687   242      639.4743      640.5714   995841    0.17%
  13885 10911      640.1193   336      639.4743      640.5711  1004481    0.17%
  13963 10985      639.7992   310      639.4743      640.5711  1012856    0.17%
  14062 11070      640.2673   370      639.4743      640.5692  1020609    0.17%
  14154 11152      639.8631   294      639.4743      640.5687  1027947    0.17%
  14268 11253      639.8994   368      639.4743      640.5678  1035917    0.17%
  14382 11351      640.5408   396      639.4743      640.5670  1044020    0.17%
  14496 11461      639.6965   207      639.4743      640.5668  1052110    0.17%
Elapsed time = 567.80 sec. (540139.18 ticks, tree = 201.67 MB, solutions = 10)
  14627 11582      639.9335   359      639.4743      640.5660  1060097    0.17%
  14703 11652      639.8118   195      639.4743      640.5658  1068220    0.17%
  14836 11771      639.8517   246      639.4743      640.5650  1076909    0.17%
  14952 11875      640.0731   357      639.4743      640.5643  1085493    0.17%
  15040 11959      639.6257   146      639.4743      640.5642  1093105    0.17%
  15154 12055      639.8262   295      639.4743      640.5627  1101023    0.17%
  15266 12157      639.7492   350      639.4743      640.5621  1109323    0.17%
  15362 12240      639.5179   102      639.4743      640.5618  1117081    0.17%
  15502 12366      639.7243   205      639.4743      640.5601  1125249    0.17%
  15611 12464      640.0619   341      639.4743      640.5577  1132991    0.17%
Elapsed time = 607.08 sec. (578522.74 ticks, tree = 221.06 MB, solutions = 10)
  15688 12533      639.8828   193      639.4743      640.5577  1140577    0.17%
  15791 12626      639.9070   200      639.4743      640.5556  1149021    0.17%
  15957 12771      639.9965   347      639.4743      640.5549  1158021    0.17%
  16056 12864      639.7089   118      639.4743      640.5547  1166012    0.17%
  16188 12979      639.8718   221      639.4743      640.5541  1173267    0.17%
  16315 13098      640.0210   341      639.4743      640.5534  1181581    0.17%
  16396 13173      639.7649   177      639.4743      640.5530  1189568    0.17%
  16512 13282      639.8523   257      639.4743      640.5516  1197372    0.17%
  16639 13399      639.9596   334      639.4743      640.5508  1206586    0.17%
  16720 13468      640.0263   287      639.4743      640.5496  1214312    0.17%
Elapsed time = 646.33 sec. (616927.19 ticks, tree = 240.47 MB, solutions = 10)
  16864 13605      639.9482   161      639.4743      640.5495  1222983    0.17%
  16995 13716      640.0344   377      639.4743      640.5492  1231490    0.17%
  17045 13762      640.0654   342      639.4743      640.5491  1239374    0.17%
  17180 13887      640.2727   304      639.4743      640.5480  1247203    0.17%
  17329 14025      639.4829    46      639.4743      640.5480  1255170    0.17%
  17387 14069      640.1089   359      639.4743      640.5464  1263046    0.17%
  17519 14192      640.4032   345      639.4743      640.5457  1271869    0.17%
  17621 14285      640.3330   429      639.4743      640.5451  1280331    0.17%
  17693 14353      639.5735   128      639.4743      640.5451  1288169    0.17%
  17814 14460      639.9620   257      639.4743      640.5450  1296416    0.17%
Elapsed time = 685.65 sec. (655514.31 ticks, tree = 257.80 MB, solutions = 10)
  17947 14582      640.1024   374      639.4743      640.5444  1306345    0.17%
  18027 14656      639.9027   305      639.4743      640.5441  1314437    0.17%
  18143 14747      640.2598   397      639.4743      640.5439  1322854    0.17%
  18250 14848      639.6513   181      639.4743      640.5437  1331094    0.17%
  18352 14936      640.2775   365      639.4743      640.5430  1339069    0.17%
  18452 15029      640.1109   260      639.4743      640.5430  1347226    0.17%
  18622 15180      640.3369   382      639.4743      640.5426  1355281    0.17%
  18754 15303      639.4793   100      639.4743      640.5420  1363653    0.17%
  18799 15344      639.8251   259      639.4743      640.5419  1371583    0.17%
  18929 15450      640.3249   319      639.4743      640.5417  1379815    0.17%
Elapsed time = 725.24 sec. (694170.70 ticks, tree = 272.64 MB, solutions = 10)
  19073 15578      640.4557   367      639.4743      640.5409  1387876    0.17%
  19193 15688      639.8134   318      639.4743      640.5405  1395564    0.17%
  19285 15772      640.1013   331      639.4743      640.5402  1403582    0.17%
  19403 15886      639.6208    93      639.4743      640.5400  1410957    0.17%
  19511 15983      640.1666   330      639.4743      640.5398  1418817    0.17%
  19593 16053      640.0393   249      639.4743      640.5397  1426554    0.17%
  19732 16182      639.7848   144      639.4743      640.5396  1435517    0.17%

Performing restart 2

Repeating presolve.
Tried aggregator 1 time.
MIP Presolve modified 48 coefficients.
Reduced MIP has 2120 rows, 2783 columns, and 16850 nonzeros.
Reduced MIP has 694 binaries, 689 generals, 0 SOSs, and 0 indicators.
Presolve time = 0.01 sec. (4.03 ticks)
Tried aggregator 1 time.
Reduced MIP has 2120 rows, 2783 columns, and 16850 nonzeros.
Reduced MIP has 694 binaries, 689 generals, 0 SOSs, and 0 indicators.
Presolve time = 0.01 sec. (4.01 ticks)
Represolve time = 0.20 sec. (46.25 ticks)
  19766     0      640.8146   506      639.4743      Cuts: 95  1442647    0.17%
  19766     0      640.7460   469      639.4743      Cuts: 80  1443041    0.17%
  19766     0      640.7330   468      639.4743      Cuts: 94  1443259    0.17%
  19766     0      640.7225   458      639.4743      Cuts: 58  1443416    0.17%
  19766     0      640.7166   446      639.4743      Cuts: 51  1443543    0.17%
  19766     0      640.7124   437      639.4743      Cuts: 41  1443656    0.17%
  19766     0      640.7074   448      639.4743      Cuts: 32  1443746    0.17%
  19766     0      640.7021   478      639.4743      Cuts: 29  1443878    0.17%
  19766     0      640.6992   478      639.4743      Cuts: 30  1443987    0.17%
  19766     0      640.6734   454      639.4743      Cuts: 35  1444126    0.17%
  19766     0      640.6623   450      639.4743      Cuts: 45  1444283    0.17%
  19766     0      640.6572   448      639.4743      Cuts: 40  1444376    0.17%
  19766     2      640.6572   448      639.4743      640.5396  1444376    0.17%
  19769     5      640.6518   439      639.4743      640.5396  1444795    0.17%
  19774    10      640.5776   395      639.4743      640.5396  1445308    0.17%
Elapsed time = 771.50 sec. (740411.48 ticks, tree = 0.11 MB, solutions = 10)
  19780    16      640.6082   336      639.4743      640.5396  1446119    0.17%
  19790    26      640.5642   269      639.4743      640.5396  1447035    0.17%
  19827    63      640.2775   167      639.4743      640.5396  1449927    0.17%
  19993   214      640.5767   401      639.4743      640.5396  1454291    0.17%
  20056   277      640.0115   110      639.4743      640.5396  1463360    0.17%
  20181   398      640.4734   308      639.4743      640.5396  1471449    0.17%
  20338   550      640.1824   169      639.4743      640.5396  1481801    0.17%
  20474   674      639.8752   290      639.4743      640.5396  1491698    0.17%
  20577   767      639.8739   104      639.4743      640.5396  1502390    0.17%
  20717   899      640.2845   282      639.4743      640.5396  1513800    0.17%
Elapsed time = 810.71 sec. (779234.94 ticks, tree = 1.97 MB, solutions = 10)
  20891  1065      639.6326   118      639.4743      640.5396  1525668    0.17%
  20962  1129      639.8592   240      639.4743      640.5396  1536734    0.17%
  21072  1222      639.7077   109      639.4743      640.5396  1547934    0.17%
  21179  1323      639.6117   114      639.4743      640.5396  1558828    0.17%
  21304  1436      640.4079   382      639.4743      640.5396  1570589    0.17%
  21406  1533      640.1074   337      639.4743      640.5396  1583040    0.17%
  21491  1604      640.3274   342      639.4743      640.5396  1594265    0.17%
  21611  1716      640.0538   303      639.4743      640.5396  1604735    0.17%
  21730  1827      640.1319   217      639.4743      640.5396  1616264    0.17%
  21879  1969      639.7766   138      639.4743      640.5396  1627317    0.17%
Elapsed time = 849.81 sec. (817734.60 ticks, tree = 4.25 MB, solutions = 10)
  21973  2055      639.7432   208      639.4743      640.5396  1639523    0.17%
  22093  2159      640.4195   375      639.4743      640.5396  1651522    0.17%
  22249  2307      639.8258   227      639.4743      640.5396  1662708    0.17%
  22387  2435      640.3685   404      639.4743      640.5396  1674430    0.17%
  22445  2493      639.9788   210      639.4743      640.5396  1687506    0.17%
  22566  2600      639.7688   171      639.4743      640.5396  1699348    0.17%
  22689  2712      640.2051   291      639.4743      640.5396  1710486    0.17%
  22836  2843      640.3705   387      639.4743      640.5396  1721378    0.17%
  22896  2903      639.9421   200      639.4743      640.5396  1734353    0.17%
  23063  3043      640.4582   407      639.4743      640.5396  1746091    0.17%
Elapsed time = 888.01 sec. (856260.37 ticks, tree = 6.54 MB, solutions = 10)
  23171  3146      639.9769   234      639.4743      640.5396  1758165    0.17%
  23354  3311      640.3332   351      639.4743      640.5396  1768428    0.17%
  23419  3376      639.7096   211      639.4743      640.5396  1780171    0.17%
  23550  3492      640.0794   282      639.4743      640.5396  1790643    0.17%
  23698  3635      639.5561    45      639.4743      640.5396  1800970    0.17%
  23842  3750      640.1921   366      639.4743      640.5396  1810926    0.17%
  23932  3833      639.4804   138      639.4743      640.5396  1822253    0.17%
  24034  3924      640.0714   324      639.4743      640.5392  1833216    0.17%
  24156  4035      639.7752   131      639.4743      640.5389  1843988    0.17%
  24306  4174      640.2566   273      639.4743      640.5364  1855060    0.17%
Elapsed time = 925.91 sec. (894630.10 ticks, tree = 8.96 MB, solutions = 10)
  24414  4270      640.1205   370      639.4743      640.5357  1866585    0.17%
  24526  4376      639.8386   155      639.4743      640.5353  1877503    0.17%
  24656  4489      640.3563   332      639.4743      640.5339  1887042    0.17%
  24781  4605      640.1617   313      639.4743      640.5320  1897875    0.17%
  24864  4679      639.9897   195      639.4743      640.5310  1909553    0.17%
  25026  4826      639.5866    60      639.4743      640.5296  1919756    0.17%
  25152  4934      640.2862   303      639.4743      640.5279  1930478    0.16%
  25270  5043      640.1229   272      639.4743      640.5265  1942236    0.16%
  25391  5151      639.9984   166      639.4743      640.5257  1952383    0.16%
  25563  5313      640.2767   352      639.4743      640.5216  1962764    0.16%
Elapsed time = 963.96 sec. (933099.45 ticks, tree = 11.43 MB, solutions = 10)
  25680  5425      639.9393   202      639.4743      640.5193  1973317    0.16%
  25797  5527      640.2559   356      639.4743      640.5181  1982840    0.16%
  25896  5620      640.0534   212      639.4743      640.5174  1993623    0.16%
  26085  5794      639.4809    19      639.4743      640.5170  2004135    0.16%
  26186  5884      640.2771   311      639.4743      640.5157  2016449    0.16%
  26272  5960      640.3209   365      639.4743      640.5143  2028911    0.16%
  26396  6073      640.1043   227      639.4743      640.5070  2039929    0.16%
  26579  6244      640.2301   419      639.4743      640.5057  2050920    0.16%
  26662  6323      640.2338   357      639.4743      640.5041  2062811    0.16%
  26744  6397      640.3423   325      639.4743      640.5029  2075527    0.16%
Elapsed time = 1001.47 sec. (971838.94 ticks, tree = 13.66 MB, solutions = 10)
  26846  6495      639.9191   214      639.4743      640.5026  2086920    0.16%
  26979  6614      640.1812   297      639.4743      640.5011  2097400    0.16%
  27098  6729      640.0552   288      639.4743      640.5009  2108711    0.16%
  27200  6824      639.9925   192      639.4743      640.5006  2120801    0.16%
  27376  6982      640.3904   376      639.4743      640.5000  2131772    0.16%
  27476  7079      640.0100   254      639.4743      640.4994  2143075    0.16%
  27602  7194      640.1426   254      639.4743      640.4980  2154569    0.16%
  27704  7284      640.0786   209      639.4743      640.4971  2165781    0.16%
  27868  7431      640.3387   332      639.4743      640.4944  2175733    0.16%
  28013  7570      639.9923   235      639.4743      640.4939  2186724    0.16%
Elapsed time = 1039.29 sec. (1010293.85 ticks, tree = 16.13 MB, solutions = 10)
  28132  7682      639.8368   205      639.4743      640.4934  2197906    0.16%
  28288  7819      640.3957   392      639.4743      640.4911  2209300    0.16%
  28396  7923      639.9660   253      639.4743      640.4896  2219975    0.16%
  28516  8039      639.5038   129      639.4743      640.4895  2230761    0.16%
  28579  8098      639.6293   211      639.4743      640.4893  2242300    0.16%
  28724  8222      640.1390   300      639.4743      640.4889  2252962    0.16%
  28905  8398      639.5623    63      639.4743      640.4881  2263846    0.16%
  29019  8503      640.1745   340      639.4743      640.4862  2275234    0.16%
  29099  8577      640.1304   357      639.4743      640.4846  2287291    0.16%
  29205  8679      639.9118   187      639.4743      640.4845  2298129    0.16%
Elapsed time = 1076.49 sec. (1048823.35 ticks, tree = 18.76 MB, solutions = 10)
  29341  8805      640.3164   368      639.4743      640.4828  2308835    0.16%
  29455  8913      640.0149   281      639.4743      640.4815  2318629    0.16%
  29573  9018      639.9514   191      639.4743      640.4810  2330314    0.16%
  29760  9192      640.0215   349      639.4743      640.4800  2341691    0.16%
  29859  9283        cutoff            639.4743      640.4793  2352914    0.16%
  29941  9355      640.0000   223      639.4743      640.4784  2364909    0.16%
  30095  9493      640.3796   363      639.4743      640.4774  2375070    0.16%
  30202  9587      640.0556   183      639.4743      640.4772  2385570    0.16%
  30326  9705      639.7976   260      639.4743      640.4762  2398190    0.16%
  30456  9823      640.0904   328      639.4743      640.4751  2409116    0.16%
Elapsed time = 1113.82 sec. (1087299.74 ticks, tree = 21.14 MB, solutions = 10)
  30597  9955      640.3417   335      639.4743      640.4738  2420341    0.16%
  30712 10062      640.0212   247      639.4743      640.4717  2432445    0.16%
  30854 10188      639.6191    72      639.4743      640.4704  2443256    0.16%
  31017 10337      640.0134   219      639.4743      640.4686  2454461    0.16%
  31210 10516      640.2866   357      639.4743      640.4665  2465379    0.16%
  31296 10596      640.2689   272      639.4743      640.4650  2478198    0.15%
  31508 10794      640.1317   382      639.4743      640.4638  2489438    0.15%
  31618 10899      639.9805   152      639.4743      640.4636  2500015    0.15%
  31753 11020      639.6275   152      639.4743      640.4635  2512194    0.15%
  31868 11122      640.0428   263      639.4743      640.4627  2523539    0.15%
Elapsed time = 1152.29 sec. (1125891.06 ticks, tree = 23.88 MB, solutions = 10)
  32012 11258      639.5403   119      639.4743      640.4622  2533955    0.15%
  32113 11350      639.9959   251      639.4743      640.4609  2545661    0.15%
  32247 11470      639.5648   215      639.4743      640.4607  2557154    0.15%
  32375 11588      639.8985   148      639.4743      640.4597  2568089    0.15%
  32501 11701      640.3156   322      639.4743      640.4595  2579762    0.15%
  32586 11777      640.3059   394      639.4743      640.4595  2592149    0.15%
  32705 11891      639.8154   183      639.4743      640.4592  2602784    0.15%
  32871 12040      640.1784   400      639.4743      640.4570  2613684    0.15%
  32946 12111      639.9400   237      639.4743      640.4567  2625455    0.15%
  33080 12236      639.5212    57      639.4743      640.4565  2636224    0.15%
Elapsed time = 1189.89 sec. (1164182.58 ticks, tree = 26.21 MB, solutions = 10)
  33216 12356      640.0378   273      639.4743      640.4525  2647429    0.15%
  33359 12487      640.0886   375      639.4743      640.4521  2658168    0.15%
  33428 12556      639.5181   157      639.4743      640.4521  2670341    0.15%
  33564 12673      639.9495   293      639.4743      640.4518  2681046    0.15%
  33709 12804      640.3937   397      639.4743      640.4508  2691787    0.15%
  33805 12897      640.1001   332      639.4743      640.4508  2702739    0.15%
  33891 12974      640.0723   237      639.4743      640.4501  2714391    0.15%
  34059 13132      640.1810   315      639.4743      640.4497  2725712    0.15%
  34197 13264      639.7307   181      639.4743      640.4497  2736340    0.15%
  34280 13343      639.7027   159      639.4743      640.4496  2748594    0.15%
Elapsed time = 1227.44 sec. (1202704.85 ticks, tree = 28.51 MB, solutions = 10)
  34420 13462      639.4820    61      639.4743      640.4492  2759278    0.15%
  34562 13588      640.1762   398      639.4743      640.4477  2770726    0.15%
  34644 13666      640.1906   289      639.4743      640.4469  2782605    0.15%
  34726 13737      640.0306   239      639.4743      640.4461  2794861    0.15%
  34891 13890      640.1496   326      639.4743      640.4449  2805675    0.15%
  35048 14037      639.4947    31      639.4743      640.4447  2816937    0.15%
  35125 14110      639.6553   154      639.4743      640.4444  2829557    0.15%
  35267 14233      639.9765   231      639.4743      640.4437  2840197    0.15%
  35447 14398      640.2173   382      639.4743      640.4434  2851263    0.15%
  35533 14479      639.9510   258      639.4743      640.4432  2862946    0.15%
Elapsed time = 1265.43 sec. (1241172.73 ticks, tree = 30.89 MB, solutions = 10)
  35658 14596      639.6993   115      639.4743      640.4431  2874625    0.15%
  35807 14729      640.1252   290      639.4743      640.4424  2885066    0.15%
  35943 14859      639.6992    86      639.4743      640.4422  2895724    0.15%
  36048 14958      639.5530   158      639.4743      640.4421  2907042    0.15%
  36208 15099      640.1201   251      639.4743      640.4394  2918173    0.15%
  36366 15248      639.5326    46      639.4743      640.4390  2928841    0.15%
  36498 15364      640.0594   290      639.4743      640.4375  2939743    0.15%
  36593 15455      639.8397   185      639.4743      640.4368  2951534    0.15%
  36712 15561      640.1241   221      639.4743      640.4363  2962954    0.15%
  36882 15722      640.1783   281      639.4743      640.4356  2974271    0.15%
Elapsed time = 1303.63 sec. (1279381.31 ticks, tree = 33.50 MB, solutions = 10)
  36975 15809      639.8477   253      639.4743      640.4356  2985148    0.15%
  37136 15951      640.1680   272      639.4743      640.4354  2996406    0.15%
  37305 16108      640.1360   322      639.4743      640.4353  3008175    0.15%
  37390 16185      640.2196   268      639.4743      640.4352  3020153    0.15%
  37545 16332      639.6878   102      639.4743      640.4351  3030998    0.15%
  37695 16468      640.1829   252      639.4743      640.4339  3041441    0.15%
  37804 16570      639.9118   270      639.4743      640.4332  3052683    0.15%
  37914 16674      639.4776    92      639.4743      640.4331  3064306    0.15%
  38060 16809      639.9519   248      639.4743      640.4323  3074680    0.15%
  38174 16916      639.6193   132      639.4743      640.4314  3084455    0.15%
Elapsed time = 1341.59 sec. (1317727.44 ticks, tree = 36.69 MB, solutions = 10)
  38276 17002      640.0344   182      639.4743      640.4304  3095915    0.15%
  38439 17153      640.0306   316      639.4743      640.4283  3107204    0.15%
  38559 17269      639.5999   103      639.4743      640.4277  3117735    0.15%
  38642 17344      639.5321   188      639.4743      640.4277  3129397    0.15%
  38773 17451      640.1289   255      639.4743      640.4269  3140063    0.15%
  38922 17584      640.1815   293      639.4743      640.4267  3151724    0.15%
  39032 17691      639.8496   184      639.4743      640.4266  3164173    0.15%
  39168 17818      640.3275   302      639.4743      640.4258  3175784    0.15%
  39328 17970      639.8000   127      639.4743      640.4258  3186805    0.15%
  39496 18122      640.1694   331      639.4743      640.4253  3197814    0.15%
Elapsed time = 1379.77 sec. (1356062.57 ticks, tree = 39.24 MB, solutions = 10)
  39586 18202      639.8134   159      639.4743      640.4250  3208992    0.15%
  39776 18383      639.9554   161      639.4743      640.4242  3219820    0.15%
  39957 18550      640.0976   366      639.4743      640.4238  3231642    0.15%
  40031 18616      640.2806   335      639.4743      640.4235  3243354    0.15%
  40154 18732      639.7221   198      639.4743      640.4231  3253730    0.15%
  40299 18864      639.9411   257      639.4743      640.4229  3264308    0.15%
  40389 18949      640.0295   297      639.4743      640.4229  3276733    0.15%
  40457 19006      639.9951   258      639.4743      640.4228  3288752    0.15%
  40592 19132      639.5065    53      639.4743      640.4221  3299353    0.15%
  40715 19241      639.7366   228      639.4743      640.4219  3310875    0.15%
Elapsed time = 1416.58 sec. (1394488.10 ticks, tree = 41.58 MB, solutions = 10)
  40803 19319      639.7732   208      639.4743      640.4217  3322801    0.15%
  40937 19429      640.1529   328      639.4743      640.4215  3333322    0.15%
  41050 19536      639.7459   192      639.4743      640.4214  3343401    0.15%
  41160 19634      640.1317   374      639.4743      640.4208  3353552    0.15%
  41226 19695      639.9851   261      639.4743      640.4197  3365106    0.15%
  41357 19820      639.5214    81      639.4743      640.4195  3375696    0.15%
  41486 19942      640.0698   246      639.4743      640.4195  3385736    0.15%
  41579 20030      639.7238   228      639.4743      640.4192  3398240    0.15%
  41699 20135      640.2916   384      639.4743      640.4189  3409345    0.15%
  41832 20264      639.7597   121      639.4743      640.4189  3420764    0.15%
Elapsed time = 1452.59 sec. (1432965.08 ticks, tree = 43.80 MB, solutions = 10)
  42008 20423      640.2593   322      639.4743      640.4184  3432115    0.15%
  42099 20507      640.2348   307      639.4743      640.4174  3444355    0.15%
  42219 20622      639.5192   130      639.4743      640.4173  3454804    0.15%
  42373 20763      639.9848   191      639.4743      640.4166  3465393    0.15%
  42471 20856      639.9206   199      639.4743      640.4161  3477553    0.15%
  42615 20985      639.4923    54      639.4743      640.4161  3488168    0.15%
  42748 21106      639.7864   142      639.4743      640.4159  3499288    0.15%
  42903 21247      640.0883   231      639.4743      640.4151  3510849    0.15%
  43052 21381      639.6946   169      639.4743      640.4149  3522019    0.15%
  43165 21483      639.9137   292      639.4743      640.4148  3533411    0.15%
Elapsed time = 1490.19 sec. (1471233.84 ticks, tree = 46.37 MB, solutions = 10)
  43294 21600      640.3383   312      639.4743      640.4144  3543469    0.15%
  43386 21683      640.2120   245      639.4743      640.4144  3555078    0.15%
  43557 21847      639.4993   102      639.4743      640.4143  3565676    0.15%
  43690 21965      639.9985   235      639.4743      640.4136  3576773    0.15%
  43815 22082      639.5754   203      639.4743      640.4131  3589132    0.15%
  43962 22209      640.0462   237      639.4743      640.4127  3600182    0.15%
  44134 22367      640.2239   314      639.4743      640.4119  3611195    0.15%
  44232 22458      639.8393   265      639.4743      640.4117  3621896    0.15%
  44314 22536      639.6437   167      639.4743      640.4117  3633414    0.15%
  44423 22633      640.0252   255      639.4743      640.4108  3644494    0.15%
Elapsed time = 1527.61 sec. (1509691.06 ticks, tree = 48.82 MB, solutions = 10)
  44565 22765      640.2128   431      639.4743      640.4106  3655698    0.15%
  44625 22825      639.7587   207      639.4743      640.4106  3668489    0.15%
  44772 22953      640.2546   282      639.4743      640.4099  3678546    0.15%
  44922 23097      639.5287    69      639.4743      640.4088  3689547    0.15%
  45057 23219      639.9404   266      639.4743      640.4085  3701214    0.15%
  45172 23322      639.5184   182      639.4743      640.4084  3712424    0.15%
  45294 23434      639.8959   209      639.4743      640.4083  3723023    0.15%
  45394 23523      640.1124   291      639.4743      640.4082  3734782    0.15%
  45521 23632      640.3638   354      639.4743      640.4076  3746681    0.15%
  45645 23750      639.8387   205      639.4743      640.4070  3757818    0.15%
Elapsed time = 1565.08 sec. (1548196.50 ticks, tree = 51.17 MB, solutions = 10)
  45770 23866      640.0691   322      639.4743      640.4068  3768899    0.15%
  45855 23943      639.9385   177      639.4743      640.4068  3780519    0.15%
  46009 24083      640.2901   347      639.4743      640.4056  3791997    0.15%
  46149 24216      639.7858   155      639.4743      640.4055  3803054    0.15%
  46232 24294      639.6489   188      639.4743      640.4054  3814362    0.15%
  46379 24425      640.0528   287      639.4743      640.4051  3825849    0.15%
  46519 24554      640.0909   291      639.4743      640.4049  3836678    0.15%
  46619 24645      639.5386   214      639.4743      640.4048  3847648    0.15%
  46736 24751      639.9613   182      639.4743      640.4036  3858349    0.15%
  46896 24897      640.1480   261      639.4743      640.4034  3869670    0.15%
Elapsed time = 1602.52 sec. (1586651.91 ticks, tree = 53.56 MB, solutions = 10)
  46995 24990      639.7191   251      639.4743      640.4034  3881395    0.15%
  47126 25098      640.2128   310      639.4743      640.4026  3892252    0.15%
  47254 25214      639.7601   111      639.4743      640.4025  3903088    0.15%
  47392 25338      639.8863   270      639.4743      640.4023  3914465    0.15%
  47507 25441      639.5601   101      639.4743      640.4023  3924776    0.15%
  47639 25562      639.7178   196      639.4743      640.4013  3935539    0.14%
  47748 25660      640.1082   372      639.4743      640.4008  3947034    0.14%
  47821 25723      640.2815   364      639.4743      640.4003  3959226    0.14%
  47939 25838      639.6405   145      639.4743      640.4002  3970305    0.14%
  48051 25940      640.1669   312      639.4743      640.3999  3981534    0.14%
Elapsed time = 1639.45 sec. (1624974.26 ticks, tree = 55.80 MB, solutions = 10)
  48137 26021      640.0119   292      639.4743      640.3998  3993209    0.14%
  48242 26116      639.9016   214      639.4743      640.3997  4004026    0.14%
  48378 26235      640.1347   268      639.4743      640.3993  4015346    0.14%
  48522 26368      640.2538   347      639.4743      640.3992  4026216    0.14%
  48595 26428      640.1885   300      639.4743      640.3990  4038034    0.14%
  48709 26536      639.7211   204      639.4743      640.3989  4048320    0.14%
  48816 26637      640.1544   268      639.4743      640.3989  4058631    0.14%
  48928 26738      640.0801   320      639.4743      640.3988  4069642    0.14%
  49016 26820      639.8316   198      639.4743      640.3984  4081164    0.14%
  49165 26958      640.1254   236      639.4743      640.3983  4091747    0.14%
Elapsed time = 1676.24 sec. (1663309.98 ticks, tree = 57.91 MB, solutions = 10)
  49322 27102      640.2540   308      639.4743      640.3980  4103409    0.14%
  49414 27166      640.0599   270      639.4743      640.3978  4114665    0.14%
  49586 27324      640.1617   317      639.4743      640.3974  4125936    0.14%
  49686 27418      639.7621   167      639.4743      640.3970  4137137    0.14%
  49771 27497      639.5946   210      639.4743      640.3966  4148574    0.14%
  49856 27569      640.1619   283      639.4743      640.3964  4159789    0.14%
  50005 27707      639.7420   114      639.4743      640.3963  4169682    0.14%
  50113 27809      640.1087   284      639.4743      640.3958  4180906    0.14%
  50215 27902      639.9501   275      639.4743      640.3957  4192868    0.14%
  50332 28009      640.0865   324      639.4743      640.3956  4203923    0.14%
Elapsed time = 1714.01 sec. (1701802.56 ticks, tree = 60.10 MB, solutions = 10)
  50484 28158      639.5315    57      639.4743      640.3956  4214977    0.14%
  50565 28225      640.1338   278      639.4743      640.3955  4227116    0.14%
  50698 28348      639.6801   121      639.4743      640.3954  4236855    0.14%
  50828 28466      639.8812   238      639.4743      640.3954  4247403    0.14%
  50956 28567      640.2645   269      639.4743      640.3948  4258576    0.14%
  51117 28718      639.7315   122      639.4743      640.3946  4268880    0.14%
  51235 28824      640.1406   335      639.4743      640.3943  4280223    0.14%
  51322 28907      639.8818   315      639.4743      640.3942  4291764    0.14%
  51422 28996      640.2693   313      639.4743      640.3941  4303234    0.14%
  51549 29114      639.6850   170      639.4743      640.3940  4314418    0.14%
Elapsed time = 1751.66 sec. (1740276.80 ticks, tree = 62.44 MB, solutions = 10)
  51666 29223      640.0349   309      639.4743      640.3937  4325889    0.14%
  51751 29300      640.0500   301      639.4743      640.3936  4337673    0.14%
  51895 29436      640.0935   261      639.4743      640.3929  4348831    0.14%
  52045 29568      640.3226   276      639.4743      640.3927  4360291    0.14%
  52147 29663      639.5055    89      639.4743      640.3927  4373641    0.14%
  52256 29758      640.1694   272      639.4743      640.3925  4383570    0.14%
  52375 29873      639.6130   130      639.4743      640.3922  4394461    0.14%
* 52501 29480      integral     0      639.4839      640.3918  4400593    0.14%
  52565 29540      640.0579   264      639.4839      640.3914  4413276    0.14%
  52704 29668      640.1804   318      639.4839      640.3911  4424127    0.14%
Elapsed time = 1787.37 sec. (1777000.11 ticks, tree = 63.51 MB, solutions = 11)
  52807 29767      639.9220   169      639.4839      640.3910  4435286    0.14%
  52906 29841      640.0531   293      639.4839      640.3908  4447318    0.14%
  53025 29947      640.2486   307      639.4839      640.3905  4458207    0.14%
  53155 30069      640.2753   348      639.4839      640.3902  4469506    0.14%
  53230 30138      639.9764   190      639.4839      640.3901  4481199    0.14%
  53369 30268      640.0847   296      639.4839      640.3897  4491335    0.14%
  53501 30392      639.9040   281      639.4839      640.3896  4502535    0.14%
  53614 30480      640.0024   283      639.4839      640.3896  4513400    0.14%
  53744 30600      640.1606   369      639.4839      640.3893  4524953    0.14%
  53857 30709      639.7785   112      639.4839      640.3892  4535905    0.14%
Elapsed time = 1823.76 sec. (1815526.44 ticks, tree = 65.74 MB, solutions = 11)
  53966 30804      640.0947   295      639.4839      640.3888  4546129    0.14%
  54108 30937      639.6545   124      639.4839      640.3888  4556932    0.14%
  54212 31032      639.8792   250      639.4839      640.3887  4567319    0.14%
  54345 31153      640.0063   317      639.4839      640.3883  4579152    0.14%
  54439 31236      640.0054   343      639.4839      640.3881  4590468    0.14%
  54542 31330      639.6592   131      639.4839      640.3880  4602001    0.14%
  54661 31429      639.9570   290      639.4839      640.3878  4613592    0.14%
  54777 31535      640.2593   311      639.4839      640.3872  4624480    0.14%
  54859 31610      639.6701   286      639.4839      640.3871  4636447    0.14%
  54969 31707      639.4871   107      639.4839      640.3870  4646470    0.14%
Elapsed time = 1860.61 sec. (1853954.04 ticks, tree = 67.84 MB, solutions = 11)
  55085 31817      639.7235   114      639.4839      640.3862  4656275    0.14%
  55221 31942      639.9398   259      639.4839      640.3862  4667180    0.14%
  55316 32029      639.5124   177      639.4839      640.3861  4679035    0.14%
  55426 32129      639.8881   250      639.4839      640.3857  4689734    0.14%
  55553 32244      639.9121   327      639.4839      640.3856  4700167    0.14%
  55625 32305      639.9293   290      639.4839      640.3856  4712390    0.14%
  55751 32420      640.1390   277      639.4839      640.3856  4723220    0.14%
  55872 32525      640.2320   360      639.4839      640.3855  4733329    0.14%
  55935 32578      639.8269   289      639.4839      640.3853  4745958    0.14%
  56032 32665      639.9108   265      639.4839      640.3848  4757097    0.14%
Elapsed time = 1897.08 sec. (1892436.45 ticks, tree = 69.82 MB, solutions = 11)
  56162 32783      639.9219   320      639.4839      640.3846  4767540    0.14%
  56265 32880      639.5673    96      639.4839      640.3846  4778904    0.14%
  56378 32980      639.8439   206      639.4839      640.3843  4790150    0.14%
  56489 33076      639.9368   314      639.4839      640.3842  4802134    0.14%
  56573 33155      639.7073   131      639.4839      640.3840  4813818    0.14%
  56688 33260      639.8306   208      639.4839      640.3838  4824756    0.14%
  56793 33358      639.9789   252      639.4839      640.3836  4836379    0.14%
  56890 33448      639.6816   144      639.4839      640.3835  4847364    0.14%
  57031 33577      639.6962   229      639.4839      640.3831  4858246    0.14%
  57121 33659      639.7059   320      639.4839      640.3828  4869670    0.14%
Elapsed time = 1935.03 sec. (1930836.01 ticks, tree = 73.29 MB, solutions = 11)
  57226 33752      639.9939   291      639.4839      640.3825  4880057    0.14%
  57348 33865      639.9127   291      639.4839      640.3823  4891460    0.14%
  57432 33944      639.6146   194      639.4839      640.3821  4902689    0.14%
  57539 34040      639.7813   153      639.4839      640.3818  4913736    0.14%
  57683 34166      639.9858   256      639.4839      640.3817  4924407    0.14%
  57835 34297      640.2436   353      639.4839      640.3817  4935918    0.14%
  57938 34396      639.8468   189      639.4839      640.3816  4946830    0.14%
  58070 34520      640.2827   390      639.4839      640.3812  4957462    0.14%
  58161 34605      639.6251   255      639.4839      640.3812  4969068    0.14%
  58253 34675      639.5598   227      639.4839      640.3812  4980044    0.14%
Elapsed time = 1972.38 sec. (1969264.76 ticks, tree = 75.42 MB, solutions = 11)
  58346 34760      639.6846   154      639.4839      640.3810  4991526    0.14%
  58444 34849      640.1695   328      639.4839      640.3808  5003452    0.14%
  58552 34951      639.6123   201      639.4839      640.3808  5013847    0.14%
  58667 35058      639.8586   175      639.4839      640.3807  5025103    0.14%
  58753 35139      639.6563   194      639.4839      640.3803  5037338    0.14%
  58846 35221      640.0242   264      639.4839      640.3802  5048611    0.14%
  58960 35325      639.9681   238      639.4839      640.3799  5059119    0.14%
  59064 35424      639.7108   199      639.4839      640.3797  5070773    0.14%
  59179 35523      639.9137   319      639.4839      640.3794  5082615    0.14%
  59291 35623      640.0537   275      639.4839      640.3794  5093647    0.14%
Elapsed time = 2008.88 sec. (2007618.29 ticks, tree = 77.46 MB, solutions = 11)
  59373 35698      639.5255   241      639.4839      640.3793  5105392    0.14%
  59471 35781      640.0586   252      639.4839      640.3790  5116539    0.14%
  59592 35892      640.2254   272      639.4839      640.3787  5127232    0.14%
  59701 35987        cutoff            639.4839      640.3786  5138654    0.14%
  59789 36063      639.5899   242      639.4839      640.3784  5150085    0.14%
  59926 36189      639.5508    93      639.4839      640.3779  5161396    0.14%
  59994 36243      640.1381   285      639.4839      640.3773  5173493    0.14%
  60122 36366      639.7029   133      639.4839      640.3770  5183793    0.14%
  60262 36498      639.8089   226      639.4839      640.3767  5194283    0.14%
  60361 36593      639.7176   159      639.4839      640.3767  5206100    0.14%
Elapsed time = 2045.42 sec. (2045916.58 ticks, tree = 79.49 MB, solutions = 11)
  60476 36693      639.9024   149      639.4839      640.3765  5216796    0.14%
  60616 36821      639.9201   231      639.4839      640.3765  5227532    0.14%
  60713 36911      639.9540   306      639.4839      640.3758  5239519    0.14%
  60815 37002      640.1251   293      639.4839      640.3757  5250365    0.14%
  60948 37130      639.5175    80      639.4839      640.3756  5261691    0.14%
  61016 37185      640.0231   326      639.4839      640.3754  5273438    0.14%
  61123 37281      640.0952   292      639.4839      640.3749  5284320    0.14%
  61251 37395      640.3284   325      639.4839      640.3749  5295773    0.14%
  61336 37467      639.9328   270      639.4839      640.3749  5307800    0.14%
  61466 37582      640.1181   309      639.4839      640.3748  5318893    0.14%
Elapsed time = 2082.86 sec. (2084392.09 ticks, tree = 81.62 MB, solutions = 11)
  61588 37700      639.5381   141      639.4839      640.3748  5328847    0.14%
  61684 37779      639.9317   259      639.4839      640.3746  5340719    0.14%
  61824 37908      640.2527   313      639.4839      640.3741  5350630    0.14%
  61976 38052      639.4863    34      639.4839      640.3740  5362075    0.14%
  62079 38143      639.7300   119      639.4839      640.3739  5374709    0.14%
  62233 38280      639.8610   180      639.4839      640.3736  5385890    0.14%
  62357 38392      640.0758   311      639.4839      640.3734  5396982    0.14%
  62447 38470      640.0057   229      639.4839      640.3732  5409147    0.14%
  62619 38626      640.1699   330      639.4839      640.3728  5419535    0.14%
  62741 38744      639.6439   165      639.4839      640.3727  5430481    0.14%
Elapsed time = 2120.40 sec. (2122765.85 ticks, tree = 84.07 MB, solutions = 11)
  62834 38818      639.9732   201      639.4839      640.3724  5442477    0.14%
  62993 38966      639.9474   301      639.4839      640.3722  5452678    0.14%
  63103 39066      640.0085   259      639.4839      640.3722  5463971    0.14%
  63203 39160      639.6601   190      639.4839      640.3722  5475945    0.14%
  63331 39274      639.6839   208      639.4839      640.3720  5487143    0.14%
  63439 39372      639.6907   253      639.4839      640.3715  5497545    0.14%
  63557 39469      639.9280   252      639.4839      640.3714  5508176    0.14%
  63680 39585      639.9257   184      639.4839      640.3711  5519257    0.14%
  63781 39666      640.1862   293      639.4839      640.3710  5530151    0.14%
  63915 39789      640.0396   344      639.4839      640.3709  5541398    0.14%
Elapsed time = 2157.52 sec. (2161231.12 ticks, tree = 86.27 MB, solutions = 11)
  64017 39879      640.2404   380      639.4839      640.3708  5552478    0.14%
  64106 39962      639.8651   159      639.4839      640.3708  5563679    0.14%
  64230 40075      639.7919   185      639.4839      640.3707  5574544    0.14%
  64378 40210      639.9259   278      639.4839      640.3706  5585370    0.14%
  64471 40299      639.5765   135      639.4839      640.3703  5597336    0.14%
  64595 40403      640.2823   333      639.4839      640.3702  5608360    0.14%
  64701 40504      639.8570   267      639.4839      640.3699  5620148    0.14%
  64814 40606      640.2189   244      639.4839      640.3697  5631906    0.14%
  64979 40755      640.1881   376      639.4839      640.3696  5643108    0.14%
  65067 40837      639.7943   256      639.4839      640.3695  5654734    0.14%
Elapsed time = 2194.61 sec. (2199908.25 ticks, tree = 88.51 MB, solutions = 11)
  65192 40948      639.8594   256      639.4839      640.3694  5666282    0.14%
  65299 41046      639.9661   270      639.4839      640.3692  5677228    0.14%
  65403 41142      639.5922   215      639.4839      640.3692  5688994    0.14%
  65493 41218      639.7011   164      639.4839      640.3690  5700540    0.14%
  65634 41348      639.8488   182      639.4839      640.3688  5711374    0.14%
  65732 41435      639.5069   190      639.4839      640.3687  5723078    0.14%
  65904 41583      640.2356   352      639.4839      640.3685  5733563    0.14%
  66013 41682      640.1290   378      639.4839      640.3685  5745213    0.14%
  66088 41747      639.4918   173      639.4839      640.3685  5757314    0.14%
  66197 41845      639.9839   249      639.4839      640.3684  5767683    0.14%
Elapsed time = 2231.25 sec. (2238202.10 ticks, tree = 90.64 MB, solutions = 11)
  66322 41960      640.2990   287      639.4839      640.3683  5778455    0.14%
  66430 42056      639.7579   149      639.4839      640.3681  5790242    0.14%
  66569 42176      640.0276   236      639.4839      640.3680  5800999    0.14%
  66697 42295      640.0012   287      639.4839      640.3679  5813009    0.14%
  66798 42384      639.7219   166      639.4839      640.3677  5823951    0.14%
  66934 42508      640.1230   252      639.4839      640.3675  5834325    0.14%
  67084 42648      640.3533   381      639.4839      640.3674  5844776    0.14%
  67153 42709      640.0957   270      639.4839      640.3673  5856832    0.14%
  67271 42816      639.8613   234      639.4839      640.3671  5868222    0.14%
  67366 42902      640.1324   273      639.4839      640.3670  5879430    0.14%
Elapsed time = 2269.15 sec. (2276678.48 ticks, tree = 92.89 MB, solutions = 11)
  67490 43008      639.9147   287      639.4839      640.3670  5891662    0.14%
  67611 43114      640.2395   267      639.4839      640.3669  5901608    0.14%
  67733 43224      640.1063   352      639.4839      640.3668  5913271    0.14%
  67797 43280      640.0511   241      639.4839      640.3666  5924470    0.14%
  67933 43404      640.1580   276      639.4839      640.3666  5935496    0.14%
  68075 43534      639.5688   120      639.4839      640.3665  5946428    0.14%
  68187 43630      639.9189   300      639.4839      640.3664  5958092    0.14%
  68301 43740      639.6828   123      639.4839      640.3664  5968041    0.14%
  68415 43846      639.8020   158      639.4839      640.3662  5978771    0.14%
  68527 43944      640.3303   356      639.4839      640.3659  5990840    0.14%
Elapsed time = 2306.18 sec. (2315201.00 ticks, tree = 95.09 MB, solutions = 11)
  68626 44036      639.7360   208      639.4839      640.3657  6001697    0.14%
  68719 44120      639.8758   219      639.4839      640.3652  6012243    0.14%
  68806 44191      640.2078   295      639.4839      640.3652  6024168    0.14%
  68946 44325      639.5405    83      639.4839      640.3651  6034195    0.14%
  69072 44438      639.6283   160      639.4839      640.3648  6044512    0.14%
  69156 44508      640.0263   205      639.4839      640.3648  6055887    0.14%
  69290 44629      640.0032   262      639.4839      640.3647  6066605    0.14%
  69398 44724      640.1187   366      639.4839      640.3646  6077522    0.14%
  69466 44783      639.9742   302      639.4839      640.3645  6089930    0.14%
  69603 44907      640.0454   356      639.4839      640.3643  6100410    0.14%
Elapsed time = 2342.50 sec. (2353608.20 ticks, tree = 97.10 MB, solutions = 11)
  69702 45000      639.7413   172      639.4839      640.3643  6112063    0.14%
  69776 45063      640.2153   348      639.4839      640.3641  6124090    0.14%
  69901 45181      639.8239   144      639.4839      640.3640  6134861    0.14%
  70049 45320      639.9164   154      639.4839      640.3637  6144848    0.14%
  70159 45425      639.5457   153      639.4839      640.3636  6156758    0.14%
  70248 45506      639.7315   185      639.4839      640.3635  6167835    0.14%
  70366 45616      639.6639   251      639.4839      640.3634  6178496    0.14%
  70443 45681      640.1230   318      639.4839      640.3634  6191098    0.14%
  70583 45809      640.2598   348      639.4839      640.3633  6202074    0.14%
  70696 45918      639.6808   140      639.4839      640.3633  6213465    0.14%
Elapsed time = 2379.29 sec. (2392094.63 ticks, tree = 99.22 MB, solutions = 11)
  70784 45993      640.3172   328      639.4839      640.3631  6226039    0.14%
  70898 46102      639.5047   137      639.4839      640.3631  6236768    0.14%
  71002 46198      639.8855   221      639.4839      640.3631  6247473    0.14%
  71098 46287      639.5320   187      639.4839      640.3630  6259458    0.14%
  71228 46408      639.7782   194      639.4839      640.3626  6270805    0.14%
  71366 46535      639.7375   210      639.4839      640.3625  6281817    0.14%
  71451 46606      640.1640   301      639.4839      640.3623  6293045    0.14%
  71571 46718      639.5831   147      639.4839      640.3623  6304658    0.14%
  71684 46822      639.7283   165      639.4839      640.3618  6316550    0.14%
  71817 46938      640.1987   362      639.4839      640.3617  6328949    0.14%
Elapsed time = 2416.36 sec. (2430478.71 ticks, tree = 101.37 MB, solutions = 11)
  71922 47039      639.8006   190      639.4839      640.3617  6340131    0.14%
  72041 47147      639.9822   255      639.4839      640.3616  6351452    0.14%
  72131 47233      639.7727   265      639.4839      640.3615  6363082    0.14%
  72242 47330      639.6642   190      639.4839      640.3614  6373591    0.14%
  72351 47430      639.9847   284      639.4839      640.3612  6383862    0.14%
  72461 47529      640.0878   325      639.4839      640.3609  6394655    0.14%
  72535 47593      640.1390   323      639.4839      640.3608  6406455    0.14%
  72645 47698      639.5664   142      639.4839      640.3608  6416580    0.14%
  72777 47814      639.8092   180      639.4839      640.3605  6426779    0.14%
  72862 47895      639.6281   204      639.4839      640.3604  6437960    0.14%
Elapsed time = 2452.77 sec. (2468808.42 ticks, tree = 103.37 MB, solutions = 11)
  72962 47981      639.6593   185      639.4839      640.3603  6449277    0.14%
  73105 48107      639.8517   152      639.4839      640.3603  6459482    0.14%
  73199 48194      639.9251   166      639.4839      640.3603  6471300    0.14%
  73326 48296      640.2816   279      639.4839      640.3598  6482605    0.14%
  73476 48438      639.5347   168      639.4839      640.3598  6493056    0.14%
  73583 48534      639.7317   275      639.4839      640.3597  6504378    0.14%
  73693 48632      639.5105    94      639.4839      640.3596  6515019    0.14%
  73858 48781      640.0769   305      639.4839      640.3594  6526039    0.14%
  73952 48869      639.6232   222      639.4839      640.3594  6537891    0.14%
  74053 48954      639.9133   264      639.4839      640.3593  6548553    0.14%
Elapsed time = 2490.45 sec. (2507106.28 ticks, tree = 105.61 MB, solutions = 11)
  74181 49070      639.9318   183      639.4839      640.3593  6559148    0.14%
  74261 49145      639.7436   240      639.4839      640.3592  6571604    0.14%
  74356 49228      640.1082   281      639.4839      640.3589  6583773    0.14%
  74497 49353      640.2385   292      639.4839      640.3588  6594772    0.14%
  74603 49449      639.7356   243      639.4839      640.3588  6607373    0.14%
  74716 49544      639.7503   142      639.4839      640.3587  6618226    0.14%
  74839 49654      640.0231   294      639.4839      640.3587  6629098    0.14%
  74946 49751      639.9767   285      639.4839      640.3586  6640589    0.14%
  75041 49830      640.1253   336      639.4839      640.3586  6652076    0.14%
  75176 49958      640.2921   337      639.4839      640.3585  6662403    0.14%
Elapsed time = 2527.34 sec. (2545486.28 ticks, tree = 107.73 MB, solutions = 11)
  75263 50037      639.8365   274      639.4839      640.3584  6674871    0.14%
  75419 50178      640.1515   294      639.4839      640.3583  6686008    0.14%
  75554 50308      639.5682   121      639.4839      640.3580  6696760    0.14%
  75657 50396      639.9661   212      639.4839      640.3579  6708878    0.14%
  75757 50475      640.1220   245      639.4839      640.3579  6720281    0.14%
  75919 50625      640.1408   222      639.4839      640.3577  6731709    0.14%
  76023 50723      639.9300   214      639.4839      640.3577  6743502    0.14%
  76133 50828      639.5425   133      639.4839      640.3576  6754874    0.14%
  76250 50936      639.7094   131      639.4839      640.3574  6765555    0.14%
  76369 51042      640.0466   279      639.4839      640.3572  6776890    0.14%
Elapsed time = 2564.64 sec. (2583870.12 ticks, tree = 110.02 MB, solutions = 11)
  76461 51120      639.6239   227      639.4839      640.3572  6788534    0.14%
  76577 51223      639.9845   232      639.4839      640.3571  6798953    0.14%
  76706 51339      640.0357   334      639.4839      640.3571  6810423    0.14%
  76776 51403      639.9947   194      639.4839      640.3570  6823551    0.14%
  76926 51539      640.0063   187      639.4839      640.3569  6834528    0.14%
  77062 51665      640.1227   244      639.4839      640.3568  6846000    0.14%
  77183 51769      639.8339   176      639.4839      640.3567  6857296    0.14%
  77335 51904      640.0230   231      639.4839      640.3565  6868037    0.14%
  77477 52026      640.1618   295      639.4839      640.3564  6878630    0.14%
  77597 52127      639.5419   154      639.4839      640.3563  6889875    0.14%
Elapsed time = 2602.30 sec. (2622190.77 ticks, tree = 112.32 MB, solutions = 11)
  77722 52243      639.6394   136      639.4839      640.3563  6900762    0.14%
  77814 52324      639.8117   305      639.4839      640.3562  6911573    0.14%
  77910 52407      640.1278   334      639.4839      640.3561  6923506    0.14%
  78005 52493      640.1600   309      639.4839      640.3556  6934892    0.14%
  78097 52582      639.8693   217      639.4839      640.3556  6947192    0.14%
  78214 52685      639.9424   274      639.4839      640.3554  6958697    0.14%
  78334 52797      639.8834   297      639.4839      640.3552  6969667    0.14%
  78436 52887      640.2053   286      639.4839      640.3550  6981345    0.14%
  78567 53010      639.4850   122      639.4839      640.3550  6992051    0.14%
  78689 53125      639.5739   126      639.4839      640.3549  7003356    0.14%
Elapsed time = 2639.05 sec. (2660633.86 ticks, tree = 114.41 MB, solutions = 11)
  78778 53194      640.2569   306      639.4839      640.3549  7015402    0.14%
  78896 53300      640.1143   270      639.4839      640.3547  7025914    0.14%
  79049 53439      640.2763   371      639.4839      640.3546  7036246    0.14%
  79120 53503      639.9790   257      639.4839      640.3546  7048054    0.14%
  79253 53627      639.5368   120      639.4839      640.3542  7058202    0.14%
  79376 53739      639.8977   139      639.4839      640.3541  7068540    0.14%
  79505 53855      639.6896   128      639.4839      640.3540  7080216    0.14%
  79656 53997      639.7737   124      639.4839      640.3537  7091289    0.14%
  79791 54118      639.7473   219      639.4839      640.3536  7102324    0.14%
  79905 54224      640.0875   290      639.4839      640.3534  7113087    0.14%
Elapsed time = 2676.55 sec. (2699086.97 ticks, tree = 116.75 MB, solutions = 11)
  80035 54343      639.9384   334      639.4839      640.3533  7123977    0.14%
  80109 54413      639.8811   216      639.4839      640.3533  7136084    0.14%
  80215 54501      639.7072   152      639.4839      640.3532  7146482    0.14%
  80326 54600      639.9507   240      639.4839      640.3530  7156691    0.14%
  80457 54722      640.2636   305      639.4839      640.3528  7167779    0.14%
  80544 54796      640.2562   354      639.4839      640.3528  7179651    0.14%
  80675 54915      640.1248   301      639.4839      640.3526  7189657    0.14%
  80770 55005      639.6516   205      639.4839      640.3525  7201894    0.14%
  80871 55096      639.9519   218      639.4839      640.3524  7212599    0.14%
  81027 55234      640.0194   369      639.4839      640.3523  7222525    0.14%
Elapsed time = 2713.43 sec. (2737470.68 ticks, tree = 118.87 MB, solutions = 11)
  81111 55314      639.7993   167      639.4839      640.3523  7234754    0.14%
  81230 55419      640.0775   328      639.4839      640.3521  7246379    0.14%
  81366 55552      639.5468    84      639.4839      640.3521  7256727    0.14%
  81498 55674      639.8831   236      639.4839      640.3518  7269035    0.14%
  81621 55777      640.1051   269      639.4839      640.3515  7280048    0.14%
  81752 55898      640.0038   348      639.4839      640.3515  7291038    0.14%
  81841 55971      640.2146   346      639.4839      640.3511  7301547    0.14%
  81961 56087      639.5567   103      639.4839      640.3511  7312226    0.14%
  82096 56213      639.6662   131      639.4839      640.3509  7323154    0.14%
  82193 56300      639.5694   181      639.4839      640.3508  7335382    0.14%
Elapsed time = 2750.60 sec. (2775842.62 ticks, tree = 121.10 MB, solutions = 11)
  82311 56399      640.0932   257      639.4839      640.3505  7345927    0.14%
  82438 56515      640.1488   251      639.4839      640.3504  7356601    0.14%
  82544 56606        cutoff            639.4839      640.3503  7368483    0.14%
  82644 56700      639.8391   279      639.4839      640.3500  7379555    0.14%
  82759 56805      639.9808   275      639.4839      640.3497  7391140    0.14%
  82889 56922      639.5563   104      639.4839      640.3497  7402828    0.14%
  83018 57034      640.0484   257      639.4839      640.3496  7413292    0.14%
  83132 57139      639.8776   211      639.4839      640.3495  7424992    0.14%
  83230 57229      639.6692   225      639.4839      640.3495  7436805    0.14%
  83330 57316      639.8654   273      639.4839      640.3494  7448229    0.14%
Elapsed time = 2787.57 sec. (2814171.87 ticks, tree = 123.23 MB, solutions = 11)
  83425 57397      640.0112   329      639.4839      640.3494  7458988    0.14%
  83502 57469      639.9444   241      639.4839      640.3494  7470960    0.14%
  83614 57561      640.2888   337      639.4839      640.3492  7482656    0.14%
  83727 57667      639.6519   193      639.4839      640.3491  7493706    0.14%
  83829 57758      639.7330   285      639.4839      640.3491  7505117    0.14%
  83924 57843      640.0146   286      639.4839      640.3489  7516440    0.14%
  84043 57956      639.6134   112      639.4839      640.3489  7527255    0.14%
  84175 58074      639.9332   284      639.4839      640.3486  7539058    0.14%
  84266 58153      640.0741   265      639.4839      640.3486  7550708    0.14%
  84400 58279      640.1168   294      639.4839      640.3485  7560804    0.14%
Elapsed time = 2824.16 sec. (2852613.21 ticks, tree = 125.25 MB, solutions = 11)
  84499 58372      639.6340   184      639.4839      640.3485  7572558    0.14%
  84625 58484      640.0821   269      639.4839      640.3483  7583374    0.14%
  84745 58596      639.9803   240      639.4839      640.3483  7593889    0.14%
  84866 58698      640.0865   311      639.4839      640.3482  7604772    0.14%
  84990 58814      640.3365   349      639.4839      640.3481  7615525    0.14%
  85107 58924      639.5168   151      639.4839      640.3480  7626650    0.14%
  85181 58990      640.2498   293      639.4839      640.3478  7639099    0.14%
  85322 59117      640.0519   325      639.4839      640.3476  7649818    0.14%
  85429 59220      639.6911   125      639.4839      640.3475  7660447    0.14%
  85525 59302      639.9429   239      639.4839      640.3475  7672832    0.14%
Elapsed time = 2860.90 sec. (2890979.33 ticks, tree = 127.44 MB, solutions = 11)
  85639 59405      640.2143   255      639.4839      640.3473  7683305    0.14%
  85783 59542      639.6609   179      639.4839      640.3472  7693753    0.13%
  85895 59638      640.2711   305      639.4839      640.3471  7705118    0.13%
  86058 59788      639.9508   299      639.4839      640.3470  7712422    0.13%
  86240 59958      639.9396   333      639.4839      640.3468  7720052    0.13%
  86361 60065      639.9524   256      639.4839      640.3468  7728138    0.13%
  86508 60198      639.6378   289      639.4839      640.3467  7735223    0.13%
  86604 60279      639.8741   144      639.4839      640.3466  7743305    0.13%
  86746 60405      640.2477   318      639.4839      640.3465  7750744    0.13%
  86885 60531      640.2379   293      639.4839      640.3463  7758019    0.13%
Elapsed time = 2900.57 sec. (2929410.85 ticks, tree = 142.57 MB, solutions = 11)
  87041 60665      640.3210   316      639.4839      640.3463  7765015    0.13%
  87172 60789      640.2303   334      639.4839      640.3459  7772883    0.13%
  87267 60871      639.9286   236      639.4839      640.3459  7780798    0.13%
  87415 61003      640.0538   334      639.4839      640.3456  7788483    0.13%
  87541 61117      640.0393   314      639.4839      640.3456  7796263    0.13%
  87671 61231      640.2150   359      639.4839      640.3455  7803685    0.13%
  87806 61354      640.1202   275      639.4839      640.3455  7811091    0.13%
  87911 61445      640.1786   259      639.4839      640.3455  7819083    0.13%
  88076 61589      639.9699   158      639.4839      640.3453  7826664    0.13%
  88222 61724      639.8996   297      639.4839      640.3451  7834734    0.13%
Elapsed time = 2940.62 sec. (2967995.94 ticks, tree = 160.74 MB, solutions = 11)
  88369 61851      640.0912   268      639.4839      640.3450  7842180    0.13%
  88513 61987      640.1159   291      639.4839      640.3449  7849508    0.13%
  88617 62077        cutoff            639.4839      640.3449  7857586    0.13%
  88754 62202      639.5407   150      639.4839      640.3447  7865077    0.13%
  88899 62332      640.2169   295      639.4839      640.3444  7873056    0.13%
  89019 62443      639.5121    96      639.4839      640.3442  7880481    0.13%
  89171 62579      639.5614   104      639.4839      640.3442  7888138    0.13%
  89273 62670      639.8472   274      639.4839      640.3441  7895767    0.13%
  89399 62780      639.7621   274      639.4839      640.3439  7903536    0.13%
  89530 62900      639.5173   140      639.4839      640.3439  7910640    0.13%
Elapsed time = 2980.12 sec. (3006295.35 ticks, tree = 178.60 MB, solutions = 11)
  89677 63020        cutoff            639.4839      640.3437  7917990    0.13%
  89851 63188      639.5500   120      639.4839      640.3436  7925564    0.13%
  89975 63302      639.8016   202      639.4839      640.3430  7933688    0.13%
  90131 63432      639.7679   157      639.4839      640.3427  7941653    0.13%
  90294 63580      640.2413   329      639.4839      640.3424  7949205    0.13%
  90401 63680      640.1497   284      639.4839      640.3423  7957269    0.13%
  90556 63825      640.0894   273      639.4839      640.3420  7965046    0.13%
  90653 63913      639.6405   201      639.4839      640.3418  7972876    0.13%
  90808 64049      639.9933   165      639.4839      640.3415  7980492    0.13%
  90967 64197      639.5977   194      639.4839      640.3415  7988498    0.13%
Elapsed time = 3020.60 sec. (3044626.28 ticks, tree = 199.29 MB, solutions = 11)
  91143 64354      639.5329    55      639.4839      640.3413  7996203    0.13%
  91276 64472      639.6938   167      639.4839      640.3412  8003755    0.13%
  91391 64577      639.6980   203      639.4839      640.3412  8011189    0.13%
  91546 64722      639.5712   120      639.4839      640.3411  8018451    0.13%
  91661 64817      640.1027   246      639.4839      640.3408  8026770    0.13%
  91784 64932      640.0208   205      639.4839      640.3407  8034589    0.13%
  91923 65056      640.0269   316      639.4839      640.3405  8042110    0.13%
  92084 65192      640.1113   289      639.4839      640.3405  8050284    0.13%
  92247 65341      639.6791   219      639.4839      640.3402  8057788    0.13%
  92389 65461      639.7331   192      639.4839      640.3401  8065434    0.13%
Elapsed time = 3061.11 sec. (3082961.49 ticks, tree = 217.55 MB, solutions = 11)
  92553 65607      639.7775   159      639.4839      640.3399  8073280    0.13%
  92694 65736      639.7284   218      639.4839      640.3398  8080741    0.13%
  92857 65874      639.8676   234      639.4839      640.3396  8088329    0.13%
  93040 66043      639.6829   185      639.4839      640.3395  8095851    0.13%
  93183 66161      639.8345   287      639.4839      640.3394  8103822    0.13%
  93327 66295      639.9031   163      639.4839      640.3393  8111518    0.13%
  93486 66440      639.8508   271      639.4839      640.3392  8119067    0.13%
  93634 66556      640.0793   311      639.4839      640.3391  8126628    0.13%
  93771 66680      640.1400   332      639.4839      640.3389  8134118    0.13%
  93898 66801      639.5594   175      639.4839      640.3389  8141762    0.13%
Elapsed time = 3102.24 sec. (3121274.46 ticks, tree = 241.29 MB, solutions = 11)
  94065 66942      639.6765   142      639.4839      640.3388  8149173    0.13%
  94251 67108      640.2404   368      639.4839      640.3387  8157144    0.13%
  94352 67202      639.5159    98      639.4839      640.3387  8165067    0.13%
  94508 67339      640.2081   365      639.4839      640.3385  8172989    0.13%
  94617 67444      639.5425   234      639.4839      640.3385  8180517    0.13%
  94792 67595      639.5680   133      639.4839      640.3384  8187593    0.13%
  94947 67733      639.4991    73      639.4839      640.3381  8194958    0.13%
  95066 67841      639.9611   150      639.4839      640.3380  8202978    0.13%
  95276 68028      640.2158   255      639.4839      640.3380  8210855    0.13%
  95402 68146      639.5860   191      639.4839      640.3379  8219573    0.13%
Elapsed time = 3143.11 sec. (3159679.76 ticks, tree = 257.98 MB, solutions = 11)
  95564 68284      640.1675   327      639.4839      640.3377  8226980    0.13%
  95700 68412      640.1311   344      639.4839      640.3376  8234300    0.13%
  95802 68508      639.6927   178      639.4839      640.3374  8241949    0.13%
  95926 68624      639.6048   166      639.4839      640.3372  8249633    0.13%
  96046 68736      639.7033   219      639.4839      640.3368  8257742    0.13%
  96201 68868      640.0100   234      639.4839      640.3367  8265367    0.13%
  96348 68999      639.9585   249      639.4839      640.3366  8272521    0.13%
  96479 69123      639.4890   113      639.4839      640.3366  8280716    0.13%
  96649 69278      640.2340   307      639.4839      640.3365  8288145    0.13%
  96793 69414      640.2690   354      639.4839      640.3365  8296676    0.13%
Elapsed time = 3183.21 sec. (3198087.23 ticks, tree = 280.63 MB, solutions = 11)
  96909 69516      639.9662   189      639.4839      640.3362  8304373    0.13%
  97072 69662      639.6316    86      639.4839      640.3361  8311646    0.13%
  97210 69787      639.5952   238      639.4839      640.3360  8319352    0.13%
  97391 69950      639.6192    94      639.4839      640.3359  8326155    0.13%
  97550 70081      640.1307   297      639.4839      640.3358  8333544    0.13%
  97655 70179      639.7221   201      639.4839      640.3357  8341716    0.13%
  97802 70314      639.7683   105      639.4839      640.3357  8348725    0.13%
  97969 70464      639.7103   218      639.4839      640.3356  8356547    0.13%
  98127 70599      640.2501   292      639.4839      640.3355  8364528    0.13%
  98305 70759      639.8931   338      639.4839      640.3355  8372184    0.13%
Elapsed time = 3224.01 sec. (3236403.86 ticks, tree = 299.63 MB, solutions = 11)
  98417 70854      640.0035   261      639.4839      640.3353  8379953    0.13%
  98573 71002      639.9182   175      639.4839      640.3351  8387760    0.13%
  98707 71120      640.2803   292      639.4839      640.3348  8395585    0.13%
  98871 71270      640.0415   231      639.4839      640.3346  8403009    0.13%
Starting limited solution polishing.
  99006 71395      640.0660   262      639.4839      640.3345  8410730    0.13%
  99124 71498      640.0273   196      639.4839      640.3344  8418807    0.13%
  99270 71634      640.1235   241      639.4839      640.3343  8426082    0.13%
  99394 71741      639.4916   182      639.4839      640.3343  8432504    0.13%
  99517 71855      639.9159   154      639.4839      640.3340  8438550    0.13%
  99653 71982      639.7306   178      639.4839      640.3339  8445635    0.13%
Elapsed time = 3264.29 sec. (3274697.78 ticks, tree = 317.10 MB, solutions = 11)
  99777 72085      640.1882   352      639.4839      640.3338  8452562    0.13%
  99907 72205      640.1763   369      639.4839      640.3337  8459672    0.13%
 100038 72327      640.2004   312      639.4839      640.3337  8466477    0.13%
 100145 72425      639.6311   216      639.4839      640.3336  8473455    0.13%
 100251 72514      640.2350   327      639.4839      640.3333  8480480    0.13%
 100359 72613      639.6076   236      639.4839      640.3332  8487250    0.13%
 100466 72706      639.9341   273      639.4839      640.3332  8493289    0.13%
 100612 72839      639.9108   183      639.4839      640.3331  8500320    0.13%
 100732 72949      640.1860   320      639.4839      640.3330  8506753    0.13%
 100866 73078      639.6101    91      639.4839      640.3329  8513101    0.13%
Elapsed time = 3305.64 sec. (3314065.46 ticks, tree = 337.65 MB, solutions = 11)
 101000 73202      639.7134   138      639.4839      640.3328  8519541    0.13%
 101121 73300      640.1652   349      639.4839      640.3327  8526135    0.13%
 101255 73422      640.2185   317      639.4839      640.3327  8533204    0.13%
 101366 73528      639.6751   138      639.4839      640.3326  8538873    0.13%
 101466 73611      639.8725   166      639.4839      640.3324  8546778    0.13%
 101605 73739      639.8684   176      639.4839      640.3321  8553219    0.13%
 101714 73838      640.1066   310      639.4839      640.3321  8559066    0.13%
 101809 73929      639.7441   212      639.4839      640.3321  8565649    0.13%
 101933 74047      639.9355   190      639.4839      640.3318  8572469    0.13%
 102046 74150      640.1276   304      639.4839      640.3317  8578844    0.13%
Elapsed time = 3346.44 sec. (3353063.21 ticks, tree = 355.67 MB, solutions = 11)
 102166 74263      639.5580    88      639.4839      640.3317  8584768    0.13%
 102272 74359      639.8286   251      639.4839      640.3315  8591144    0.13%
 102394 74473      639.7437   246      639.4839      640.3315  8598595    0.13%
 102514 74579      640.1322   251      639.4839      640.3315  8605964    0.13%
 102605 74666      639.6170   167      639.4839      640.3314  8610603    0.13%
 102712 74762      639.6482   242      639.4839      640.3312  8617343    0.13%
 102824 74859      640.1640   283      639.4839      640.3311  8623584    0.13%
 102951 74971      640.2643   303      639.4839      640.3310  8629741    0.13%
 103035 75048      640.0444   272      639.4839      640.3309  8636334    0.13%
 103166 75156      640.2357   393      639.4839      640.3308  8642677    0.13%
Elapsed time = 3386.85 sec. (3391767.09 ticks, tree = 371.00 MB, solutions = 11)
 103290 75271      640.2422   323      639.4839      640.3305  8649369    0.13%
 103412 75376      640.2966   306      639.4839      640.3304  8656777    0.13%
 103551 75510      639.7489   149      639.4839      640.3304  8663084    0.13%
 103680 75631      639.5385    96      639.4839      640.3303  8669876    0.13%
 103766 75697      640.1284   350      639.4839      640.3303  8677187    0.13%
 103894 75815      640.1469   292      639.4839      640.3302  8683739    0.13%
 104033 75944        cutoff            639.4839      640.3302  8690467    0.13%
 104097 76008      639.6634   161      639.4839      640.3299  8696492    0.13%
 104214 76109      639.9705   214      639.4839      640.3298  8702495    0.13%
 104366 76246      639.7415   226      639.4839      640.3297  8709685    0.13%
Elapsed time = 3428.39 sec. (3431411.23 ticks, tree = 389.89 MB, solutions = 11)
 104466 76331      639.8580   246      639.4839      640.3296  8717552    0.13%
 104568 76425      640.1155   292      639.4839      640.3294  8722970    0.13%
 104696 76549      639.4992    77      639.4839      640.3293  8729279    0.13%
 104796 76634      639.8589   147      639.4839      640.3293  8735033    0.13%
 104966 76787      639.9109   182      639.4839      640.3291  8741531    0.13%
 105106 76915      639.8350   286      639.4839      640.3291  8748606    0.13%
 105212 77007      640.1391   263      639.4839      640.3290  8755350    0.13%
 105335 77118      639.5126   159      639.4839      640.3288  8761650    0.13%
 105410 77181      639.8439   280      639.4839      640.3287  8767172    0.13%
 105502 77258      640.1913   342      639.4839      640.3285  8772776    0.13%
Elapsed time = 3469.24 sec. (3470647.42 ticks, tree = 406.14 MB, solutions = 11)
 105613 77361      640.0796   331      639.4839      640.3284  8779061    0.13%
 105686 77430      639.7482   306      639.4839      640.3284  8785826    0.13%
 105787 77517      640.2145   272      639.4839      640.3283  8791855    0.13%
 105933 77655      639.4992    79      639.4839      640.3282  8798690    0.13%
 106036 77746      639.6347   220      639.4839      640.3280  8804934    0.13%
 106123 77819      639.9274   290      639.4839      640.3279  8810547    0.13%
 106251 77935      640.1098   288      639.4839      640.3278  8817044    0.13%
 106362 78040      639.6732   165      639.4839      640.3278  8824380    0.13%
 106466 78132      639.5093    92      639.4839      640.3277  8828910    0.13%
 106566 78219      640.2270   369      639.4839      640.3276  8834997    0.13%
Elapsed time = 3509.12 sec. (3509628.21 ticks, tree = 422.53 MB, solutions = 11)
 106666 78313      639.9286   246      639.4839      640.3275  8842195    0.13%
 106788 78421      639.9854   286      639.4839      640.3275  8849356    0.13%
 106900 78522      640.1959   273      639.4839      640.3273  8855500    0.13%
 107017 78632      639.7184   167      639.4839      640.3273  8863821    0.13%
 107144 78741      639.7566   153      639.4839      640.3272  8870204    0.13%
 107266 78848      639.8079   210      639.4839      640.3270  8876546    0.13%
 107356 78927      640.2093   349      639.4839      640.3268  8884806    0.13%
 107466 79032      639.5732   128      639.4839      640.3267  8890134    0.13%
 107574 79125      639.8634   209      639.4839      640.3267  8895963    0.13%
 107682 79222      640.1195   289      639.4839      640.3266  8902218    0.13%
Elapsed time = 3550.20 sec. (3549152.11 ticks, tree = 440.47 MB, solutions = 11)
 107808 79338      639.9489   277      639.4839      640.3265  8908193    0.13%
 107913 79436      639.9663   315      639.4839      640.3264  8913992    0.13%
 108024 79535      640.1921   359      639.4839      640.3264  8922564    0.13%
 108141 79647      639.5647   100      639.4839      640.3264  8928371    0.13%
 108240 79729      640.0318   310      639.4839      640.3263  8934813    0.13%
 108346 79816      639.7952   142      639.4839      640.3262  8941392    0.13%
 108475 79934      639.7468   259      639.4839      640.3261  8947336    0.13%
 108570 80020      640.1307   289      639.4839      640.3261  8953576    0.13%
 108666 80106      639.7523   172      639.4839      640.3260  8960143    0.13%

Flow cuts applied:  45
Mixed integer rounding cuts applied:  228
Lift and project cuts applied:  20
Gomory fractional cuts applied:  12
User cuts applied:  1034

Root node processing (before b&c):
  Real time             =    2.43 sec. (1996.32 ticks)
Sequential b&c:
  Real time             = 3597.57 sec. (3594570.53 ticks)
                          ------------
Total (root+branch&cut) = 3600.00 sec. (3596566.85 ticks)
|V|                                     700
K                                       140
theta                                   0.20
r                                       2
R                                       20
prob_func                               facility_mixture
mixture_low_share                       0.500000
mixture_low_interval                    [0.001000, 0.010000]
mixture_high_interval                   [0.100000, 0.500000]
mixture_seed                            1
#C1                                     1162
#CP                                     59570

@Parameters: 
am_callback_heuristic                   false
am_local_search                         true
am_start_heuristic                      false
colocation                              true
comp                                    false
cutC                                    true
cutC_init                               false
cutF                                    false
cutF_init                               false
cutF_stable                             false
cutF_wrong                              false
cutLocal                                false
cutM                                    true
cutM_init                               true
cutM_stable                             false
cutP                                    true
cutP_init                               false
cutP_stable                             false
init                                    true
init_cutF_zero                          false
init_val_greedy                         true
is_Euclidean                            false
is_local_search                         false
is_right_cutP                           true
is_root                                 false
is_silent                               false
is_start                                false
mycut                                   false
pmed                                    false
pre                                     true
stable_root                             false
str                                     true
two_phase                               false
ubstr                                   false
mode                                    Int

am_callback_node_space                  50
init                                    0
mixture_seed                            1
node_space                              5
nodelimit                               -1
nsepa                                   1
strF                                    0
type_delta                              0

EPS                                     0.001000
EPS_FRAC                                0.00
gap                                     0.00
mixture_high_max                        0.50
mixture_high_min                        0.10
mixture_low_max                         0.01
mixture_low_min                         0.00
mixture_low_share                       0.50
timelimit                               3600.00

Number of Closed Sites: 6 / 840 
Number of Confined Sites-1: 5 / 695 
Number of Confined Sites-k: 689 / 4382 
Preprocess Time: 1.60 + 0.00 sec

Solve Time: 3600.00
Number of Nodes: 109077
Termination Status: TIME_LIMIT

CutInfo: [phase] num / time (sec) / aver. num_nonzero
max              [LP]     0 / 0.00 / 0.00 [init]   479 / 0.01 / 1.57 [rLC]   438 / 0.01 / 6.46 [rUC]   478 / 0.08 / 2.80 [sLC]    21 / 0.22 / 4.57 [sUC]   481 / 2.00 / 3.44 
prod_oa          [LP]     0 / 0.00 / 0.00 [init]   262 / 0.01 / 45.47 [rLC]   410 / 0.04 / 72.27 [rUC]   521 / 0.25 / 49.36 [sLC]   605 / 0.57 / 42.95 [sUC]   996 / 5.23 / 43.03 
prod_sm_fixed    [LP]     0 / 0.00 / 0.00 [init]     0 / 0.00 / 0.00 [rLC]     0 / 0.00 / 0.00 [rUC]     0 / 0.00 / 0.00 [sLC]     0 / 0.00 / 0.00 [sUC]     0 / 0.00 / 0.00 
prod_bin         [LP]     0 / 0.00 / 0.00 [init]     0 / 0.00 / 0.00 [rLC]     0 / 0.00 / 0.00 [rUC]     0 / 0.00 / 0.00 [sLC]     0 / 0.00 / 0.00 [sUC]     0 / 0.00 / 0.00 
prod_local       [LP]     0 / 0.00 / 0.00 [init]     0 / 0.00 / 0.00 [rLC]     0 / 0.00 / 0.00 [rUC]     0 / 0.00 / 0.00 [sLC]     0 / 0.00 / 0.00 [sUC]     0 / 0.00 / 0.00 
prod_sm_C        [LP]     0 / 0.00 / 0.00 [init]     0 / 0.00 / 0.00 [rLC]     0 / 0.00 / 0.00 [rUC]     0 / 0.00 / 0.00 [sLC]     0 / 0.00 / 0.00 [sUC]     0 / 0.00 / 0.00 
facet            [LP]     0 / 0.00 / 0.00 [init]     0 / 0.00 / 0.00 [rLC]     0 / 0.00 / 0.00 [rUC]     0 / 0.00 / 0.00 [sLC]     0 / 0.00 / 0.00 [sUC]     0 / 0.00 / 0.00 
Separation Round:   [LP] 0  [init] 1  [rLC] 2  [rUC] 16  [sLC] 37  [sUC] 210777  
Root Best Bound 643.125083
Root Best Integer: 638.934020
Best Bound: 640.325865
Best Integer: 639.483917
1: 1, 2, 6, 7, 16, 23, 26, 28, 38, 44, 49, 53, 56, 57, 68, 77, 81, 84, 85, 94, 108, 116, 123, 125, 130, 133, 137, 143, 158, 171, 174, 186, 193, 194, 199, 217, 220, 224, 233, 238, 239, 252, 253, 255, 258, 260, 263, 264, 265, 280, 282, 300, 315, 317, 319, 324, 336, 337, 338, 342, 345, 352, 358, 363, 370, 373, 408, 414, 425, 435, 449, 452, 456, 457, 458, 463, 471, 476, 488, 493, 498, 506, 509, 519, 528, 529, 534, 537, 539, 547, 551, 553, 564, 565, 574, 576, 577, 597, 598, 601, 602, 606, 617, 621, 642, 645, 650, 654, 664, 670, 676, 682, 694, 700
2: 124, 197, 202, 218, 277, 357, 448, 485, 613
3: 503
5: 329
Objective Value (calc): 639.432601
sum_etaM = 445.931957 / 445.931957
sum_etaP = 687.871907 / 687.807762
nL: 125
nCL: 11
mCL: 5
