Version identifier: 20.1.0.0 | 2020-11-10 | 9bedb6d68
CPXPARAM_Threads                                 1
CPXPARAM_TimeLimit                               3600
CPXPARAM_MIP_Tolerances_MIPGap                   0
Generic callback                                 0x60
1 of 1 MIP starts provided solutions.
MIP start 'm1' defined initial solution with objective 646.1746.
Tried aggregator 2 times.
MIP Presolve eliminated 15 rows and 10 columns.
MIP Presolve modified 235 coefficients.
Aggregator did 5 substitutions.
Reduced MIP has 2053 rows, 2785 columns, and 13317 nonzeros.
Reduced MIP has 695 binaries, 690 generals, 0 SOSs, and 0 indicators.
Presolve time = 0.01 sec. (5.21 ticks)
Probing time = 0.00 sec. (0.72 ticks)
Tried aggregator 1 time.
Reduced MIP has 2053 rows, 2785 columns, and 13317 nonzeros.
Reduced MIP has 695 binaries, 690 generals, 0 SOSs, and 0 indicators.
Presolve time = 0.00 sec. (3.08 ticks)
Probing time = 0.00 sec. (0.72 ticks)
MIP emphasis: balance optimality and feasibility.
MIP search method: dynamic search.
Parallel mode: none, using 1 thread.
Root relaxation solution time = 0.03 sec. (26.34 ticks)

        Nodes                                         Cuts/
   Node  Left     Objective  IInf  Best Integer    Best Bound    ItCnt     Gap

*     0+    0                          646.1746      700.0000             8.33%
      0     0      672.2401   286      646.1746      672.2401     1399    4.03%
      0     0      652.8058   505      646.1746     Cuts: 507     1828    1.03%
      0     0      651.9194   553      646.1746     Cuts: 342     2179    0.89%
      0     0      651.6636   642      646.1746     Cuts: 266     2391    0.85%
      0     0      651.5266   690      646.1746     Cuts: 210     2601    0.83%
      0     0      651.4480   671      646.1746     Cuts: 224     2840    0.82%
      0     0      651.3870   725      646.1746     Cuts: 184     3065    0.81%
      0     0      651.3463   709      646.1746     Cuts: 179     3279    0.80%
      0     0      651.2910   724      646.1746     Cuts: 153     3523    0.79%
      0     0      651.2642   738      646.1746     Cuts: 148     3785    0.79%
      0     0      651.2395   734      646.1746     Cuts: 162     4024    0.78%
      0     0      651.2377   724      646.1746 UserPurge2: 18     4095    0.78%
      0     0      651.2365   755      646.1746 UserPurge2: 21     4159    0.78%
      0     0      651.2358   769      646.1746 UserPurge2: 14     4194    0.78%
      0     0      651.2357   775      646.1746 UserPurge2: 7     4207    0.78%
      0     0      651.2357   775      646.1746 UserPurge2: 1     4208    0.78%
      0     2      651.2357   775      646.1746      651.2355     4208    0.78%
Elapsed time = 3.90 sec. (3649.56 ticks, tree = 0.01 MB, solutions = 1)
      5     7      650.9686   778      646.1746      651.2355     5191    0.78%
     10    12      650.8267   745      646.1746      651.2355     6227    0.78%
     14    16      650.6673   719      646.1746      651.2355     7233    0.78%
     18    20      650.5641   698      646.1746      651.2355     8259    0.78%
     20    22      650.4934   702      646.1746      651.2355     8717    0.78%
     25    27      650.4877   700      646.1746      651.2355     9582    0.78%
     30    32      650.4143   690      646.1746      651.2355    10655    0.78%
     35    37      650.1977   655      646.1746      651.2355    11574    0.78%
     40    42      650.0733   636      646.1746      651.2355    12471    0.78%
     60    62      649.6008   597      646.1746      651.2355    14451    0.78%
Elapsed time = 9.76 sec. (8645.57 ticks, tree = 0.82 MB, solutions = 1)
     75    77      648.7590   582      646.1746      651.2355    16814    0.78%
    100   102      647.8927   473      646.1746      651.2355    19913    0.78%
    152   148      651.1535   827      646.1746      651.1662    23051    0.77%
    161   157      650.9436   810      646.1746      651.1662    25166    0.77%
    170   166      650.6195   760      646.1746      651.1662    28037    0.77%
    180   176      649.9474   694      646.1746      651.1662    30258    0.77%
    200   196      649.3802   633      646.1746      651.1662    32696    0.77%
    228   224      648.6968   595      646.1746      651.1662    35601    0.77%
    250   246      647.7658   572      646.1746      651.1662    38616    0.77%
    280   276      647.2936   480      646.1746      651.1662    42113    0.77%
Elapsed time = 22.81 sec. (19109.70 ticks, tree = 1.36 MB, solutions = 1)
    310   302      650.8425   806      646.1746      651.0687    45198    0.76%
    320   312      650.2899   731      646.1746      651.0687    47498    0.76%
    336   328      649.6311   683      646.1746      651.0687    50701    0.76%
    348   340      649.1753   642      646.1746      651.0687    53025    0.76%
    370   362      648.5021   604      646.1746      651.0687    55830    0.76%
    397   389      647.8599   506      646.1746      651.0687    58806    0.76%
    406   398      650.5894   788      646.1746      651.0686    60618    0.76%
    421   413      649.7079   725      646.1746      651.0686    63354    0.76%
    440   432      648.8724   594      646.1746      651.0686    66111    0.76%
    476   468      648.1223   475      646.1746      651.0686    69769    0.76%
Elapsed time = 38.78 sec. (29881.75 ticks, tree = 1.73 MB, solutions = 1)

Performing restart 1

Repeating presolve.
Tried aggregator 1 time.
MIP Presolve modified 230 coefficients.
Reduced MIP has 2053 rows, 2785 columns, and 13317 nonzeros.
Reduced MIP has 695 binaries, 690 generals, 0 SOSs, and 0 indicators.
Presolve time = 0.00 sec. (3.20 ticks)
Tried aggregator 1 time.
Reduced MIP has 2053 rows, 2785 columns, and 13317 nonzeros.
Reduced MIP has 695 binaries, 690 generals, 0 SOSs, and 0 indicators.
Presolve time = 0.00 sec. (3.16 ticks)
Represolve time = 1.45 sec. (23.69 ticks)
    497     0      649.7241   497      646.1746     Cuts: 204    75518    0.55%
    497     0      649.5152   477      646.1746     Cuts: 165    75891    0.52%
    497     0      649.4070   508      646.1746     Cuts: 160    76163    0.50%
    497     0      649.3360   530      646.1746     Cuts: 158    76425    0.49%
    497     0      649.2593   531      646.1746     Cuts: 238    76709    0.48%
    497     0      649.2041   544      646.1746     Cuts: 130    76941    0.47%
    497     0      649.1513   577      646.1746     Cuts: 131    77169    0.46%
    497     0      649.1078   596      646.1746     Cuts: 152    77463    0.45%
    497     0      649.0781   576      646.1746     Cuts: 160    77720    0.45%
    497     0      649.0513   588      646.1746     Cuts: 152    77925    0.45%
    497     0      648.9981   551      646.1746     Cuts: 186    78286    0.44%
    497     0      648.9714   593      646.1746     Cuts: 203    78585    0.43%
    497     0      648.9339   562      646.1746     Cuts: 180    78849    0.43%
    497     0      648.9038   614      646.1746     Cuts: 153    79121    0.42%
    497     0      648.8765   576      646.1746     Cuts: 163    79398    0.42%
    497     0      648.8543   606      646.1746     Cuts: 124    79596    0.41%
    497     0      648.8369   608      646.1746     Cuts: 132    79797    0.41%
    497     0      648.8184   634      646.1746     Cuts: 125    80040    0.41%
    497     0      648.8095   602      646.1746     Cuts: 135    80250    0.41%
    497     0      648.7981   648      646.1746     Cuts: 135    80473    0.41%
    497     2      648.7981   648      646.1746      648.7979    80473    0.41%
    498     3      648.7615   594      646.1746      648.7979    80768    0.41%
    499     4      648.7429   600      646.1746      648.7613    81127    0.40%
    500     5      648.7231   668      646.1746      648.7610    81833    0.40%
    501     6      648.6552   653      646.1746      648.7429    82260    0.40%
    502     7      648.6982   632      646.1746      648.7429    82652    0.40%
    503     8      648.6535   624      646.1746      648.7429    83509    0.40%
    504     9      648.6718   618      646.1746      648.7429    84432    0.40%
    505    10      648.6745   613      646.1746      648.7429    85197    0.40%
    506    11      648.6613   615      646.1746      648.7429    85737    0.40%
Elapsed time = 76.69 sec. (64759.79 ticks, tree = 0.06 MB, solutions = 1)
    508    13      648.6453   547      646.1746      648.7429    86468    0.40%
    514    19      648.6206   524      646.1746      648.7429    88176    0.40%
    519    24      648.5491   520      646.1746      648.7429    89035    0.40%
    525    30      648.5752   542      646.1746      648.7429    90181    0.40%
    527    32      648.4629   521      646.1746      648.7429    90955    0.40%
    537    42      648.3474   476      646.1746      648.7429    92428    0.40%
    549    54      648.2946   436      646.1746      648.7429    94174    0.40%
    550    55      648.1392   493      646.1746      648.7429    95084    0.40%
    557    62      648.1318   471      646.1746      648.7429    96534    0.40%
    572    77      647.4904   411      646.1746      648.7429    98622    0.40%
Elapsed time = 87.43 sec. (75799.12 ticks, tree = 0.40 MB, solutions = 1)
    577    82      647.3541   464      646.1746      648.7429    99610    0.40%
    593    98      647.1394   450      646.1746      648.7429   101512    0.40%
    610   114      646.7413   402      646.1746      648.7429   103354    0.40%
    628   132      646.6874   408      646.1746      648.7429   105670    0.40%
    653   153      646.2523   357      646.1746      648.7429   108398    0.40%
    677   165      648.6801   676      646.1746      648.7429   110594    0.40%
    686   174      648.3295   649      646.1746      648.7429   113634    0.40%
    694   182      648.1389   619      646.1746      648.7429   116063    0.40%
    700   188      648.0805   579      646.1746      648.7429   117800    0.40%
    709   197      647.7477   489      646.1746      648.7429   120203    0.40%
Elapsed time = 99.54 sec. (87828.06 ticks, tree = 0.69 MB, solutions = 1)
    720   208      647.7631   459      646.1746      648.7429   122307    0.40%
    733   221      647.4141   477      646.1746      648.7429   124622    0.40%
    744   232      646.9749   473      646.1746      648.7429   125864    0.40%
    751   239      647.0475   511      646.1746      648.7429   126692    0.40%
    768   256      647.0903   471      646.1746      648.7429   128900    0.40%
    793   281      646.9362   438      646.1746      648.7429   130996    0.40%
    827   315      646.5112   365      646.1746      648.7429   132668    0.40%
    864   334      648.5868   676      646.1746      648.6800   134187    0.39%
    874   344      648.3645   646      646.1746      648.6800   136304    0.39%
    880   350      648.2305   640      646.1746      648.6800   138048    0.39%
Elapsed time = 109.99 sec. (97785.20 ticks, tree = 2.93 MB, solutions = 1)
    887   357      648.0332   592      646.1746      648.6800   139790    0.39%
    901   371      648.6731   704      646.1746      648.6779   141491    0.39%
    925   395      648.3365   534      646.1746      648.6779   144306    0.39%
    955   425      647.7428   424      646.1746      648.6779   146211    0.39%
   1012   470      648.5564   728      646.1746      648.6756   148131    0.39%
   1024   482      648.3558   650      646.1746      648.6756   150364    0.39%
   1031   489      648.3365   614      646.1746      648.6756   152402    0.39%
   1057   515      648.1066   532      646.1746      648.6756   155259    0.39%
   1074   532      647.8764   515      646.1746      648.6756   156605    0.39%
   1106   564      647.1336   441      646.1746      648.6756   158767    0.39%
Elapsed time = 120.98 sec. (108070.80 ticks, tree = 5.93 MB, solutions = 1)
   1151   608      646.6895   354      646.1746      648.6756   161300    0.39%
   1209   645      648.4617   694      646.1746      648.6730   163818    0.39%
   1223   659      648.3520   640      646.1746      648.6730   165785    0.39%
   1235   671      648.0806   599      646.1746      648.6730   167647    0.39%
   1257   693      647.7708   534      646.1746      648.6730   169836    0.39%
   1284   720      647.2135   472      646.1746      648.6730   172681    0.39%
   1325   761      646.9675   405      646.1746      648.6730   175414    0.39%
   1359   795      646.8741   320      646.1746      648.6730   177763    0.39%
   1394   830      646.4140   325      646.1746      648.6730   179714    0.39%
   1428   845      648.6251   674      646.1746      648.6714   181945    0.39%
Elapsed time = 132.09 sec. (118184.57 ticks, tree = 13.36 MB, solutions = 1)
   1437   854      648.4531   627      646.1746      648.6714   184305    0.39%
   1447   864      648.2236   559      646.1746      648.6714   186086    0.39%
   1459   876      648.1339   559      646.1746      648.6714   187520    0.39%
   1477   894      647.7131   492      646.1746      648.6714   189294    0.39%
   1512   929      647.2889   432      646.1746      648.6714   192312    0.39%
   1537   954      647.1555   394      646.1746      648.6714   194540    0.39%
   1585  1002      646.6317   274      646.1746      648.6714   197436    0.39%
   1617  1026      648.5082   612      646.1746      648.6711   199437    0.39%
   1653  1060      646.2154   436      646.1746      648.6711   202379    0.39%
   1733  1134      647.4880   459      646.1746      648.6696   211255    0.39%
Elapsed time = 145.61 sec. (131033.24 ticks, tree = 20.52 MB, solutions = 1)
   1937  1315      648.5399   606      646.1746      648.6654   221585    0.39%
   2013  1372      648.0779   608      646.1746      648.6642   230864    0.39%
   2087  1446      646.6068   475      646.1746      648.6642   240142    0.39%
   2209  1536      647.8926   628      646.1746      648.6551   249473    0.38%
   2288  1615      646.6125   405      646.1746      648.6551   258957    0.38%
   2467  1732      648.5757   707      646.1746      648.6534   269584    0.38%
   2540  1805      648.0339   475      646.1746      648.6534   279082    0.38%
   2713  1940      648.5821   647      646.1746      648.6533   289818    0.38%
   2839  2044      648.4393   661      646.1746      648.6501   300007    0.38%
   2953  2158      647.2748   352      646.1746      648.6501   310459    0.38%
Elapsed time = 188.37 sec. (169634.83 ticks, tree = 47.98 MB, solutions = 1)
   3162  2335      648.6190   629      646.1746      648.6447   320462    0.38%
   3231  2404      647.3518   428      646.1746      648.6447   328879    0.38%
   3449  2600      648.1189   652      646.1746      648.6368   339438    0.38%
   3589  2729      646.2915   298      646.1746      648.6368   349654    0.38%
   3717  2795      648.0275   621      646.1746      648.6361   357991    0.38%
   3766  2844      647.4102   536      646.1746      648.6361   366486    0.38%
   3961  2986      646.2522   417      646.1746      648.6355   377644    0.38%
   4019  3031      648.0859   527      646.1746      648.6336   385598    0.38%
   4128  3124      648.0767   667      646.1746      648.6326   395237    0.38%
   4187  3183      647.0451   486      646.1746      648.6326   404002    0.38%
Elapsed time = 230.80 sec. (208364.54 ticks, tree = 69.08 MB, solutions = 1)
   4317  3264      646.2082   250      646.1746      648.6326   414799    0.38%
   4362  3294      648.2638   586      646.1746      648.6307   421549    0.38%
   4441  3373      646.8909   386      646.1746      648.6307   431072    0.38%
   4605  3505      648.0654   621      646.1746      648.6254   440436    0.38%
   4690  3589      646.2385   444      646.1746      648.6254   450004    0.38%
   4845  3697      648.1633   520      646.1746      648.6219   459932    0.38%
   4969  3818      646.2734   588      646.1746      648.6212   469921    0.38%
   5034  3876      647.9807   545      646.1746      648.6212   478448    0.38%
   5221  4050      647.6202   531      646.1746      648.6202   489796    0.38%
   5326  4118      647.5271   633      646.1746      648.6190   498363    0.38%
Elapsed time = 272.67 sec. (246830.91 ticks, tree = 87.32 MB, solutions = 1)
   5467  4238      648.6104   613      646.1746      648.6181   509570    0.38%
   5540  4311      647.7547   468      646.1746      648.6181   518937    0.38%
   5766  4525      648.3550   603      646.1746      648.6180   529992    0.38%
   5892  4643      646.2450   348      646.1746      648.6180   541096    0.38%
*  6176  3412      integral     0      646.8448      648.6174   548444    0.27%
   6272  3492      648.3993   584      646.8448      648.6139   557558    0.27%
   6370  3582      648.2361   709      646.8448      648.6135   567899    0.27%
   6470  3654      648.5254   662      646.8448      648.6131   576388    0.27%
   6564  3723      648.4576   592      646.8448      648.6112   584170    0.27%
   6652  3811      647.5343   405      646.8448      648.6112   593223    0.27%
Elapsed time = 315.14 sec. (284420.11 ticks, tree = 78.54 MB, solutions = 2)
   6868  4001      647.2292   447      646.8448      648.6106   604418    0.27%
   6976  4075      646.9132   504      646.8448      648.6062   612877    0.27%
   7076  4163      647.0689   459      646.8448      648.6061   622229    0.27%
   7243  4276      647.9717   550      646.8448      648.6040   631566    0.27%
   7358  4365      648.1432   616      646.8448      648.6001   641255    0.27%
   7478  4469      646.8878   364      646.8448      648.6001   651889    0.27%
*  7755  4655      integral     0      646.8679      648.5999   659403    0.27%
   7897  4767      647.6997   472      646.8679      648.5976   669141    0.27%
   8007  4855      647.0644   552      646.8679      648.5974   678214    0.27%
   8086  4912      647.3888   607      646.8679      648.5958   684981    0.27%
Elapsed time = 357.88 sec. (321771.45 ticks, tree = 97.46 MB, solutions = 3)
   8234  5011      647.9300   487      646.8679      648.5953   693395    0.27%
   8319  5072      647.3334   497      646.8679      648.5953   700090    0.27%
   8447  5170      648.0279   511      646.8679      648.5941   709825    0.27%
   8560  5247      646.8694   526      646.8679      648.5930   717621    0.27%
   8627  5312      647.2703   509      646.8679      648.5930   726637    0.27%
   8731  5376      647.3828   497      646.8679      648.5922   735035    0.27%
   8901  5490      648.3544   627      646.8679      648.5904   745005    0.27%
   9027  5604      646.9406   320      646.8679      648.5904   754417    0.27%
   9181  5701      646.9196   545      646.8679      648.5883   763355    0.27%
   9291  5790      647.9306   555      646.8679      648.5867   773175    0.27%
Elapsed time = 399.82 sec. (360202.04 ticks, tree = 119.90 MB, solutions = 3)
   9407  5891      646.8922   427      646.8679      648.5862   782308    0.27%
   9530  5975      648.3528   588      646.8679      648.5858   789542    0.27%
   9660  6079      647.4069   468      646.8679      648.5855   799042    0.27%
   9813  6160      648.1924   623      646.8679      648.5853   808274    0.27%
   9938  6248      648.1232   644      646.8679      648.5841   817274    0.27%
  10068  6333      648.2003   657      646.8679      648.5821   826279    0.26%
  10235  6479      647.4205   230      646.8679      648.5806   835999    0.26%
  10437  6671      647.7106   493      646.8679      648.5801   845500    0.26%
  10438  6672      648.4614   633      646.8679      648.5799   845823    0.26%
  10439  6673      648.4326   609      646.8679      648.5799   846120    0.26%
Elapsed time = 457.86 sec. (411741.26 ticks, tree = 135.65 MB, solutions = 3)
  10575  6760      648.3041   648      646.8679      648.5788   854814    0.26%
  10661  6846      647.0499   436      646.8679      648.5788   864086    0.26%
  10786  6932      648.2080   581      646.8679      648.5781   873705    0.26%
  10876  7009      647.5377   468      646.8679      648.5775   883614    0.26%
  11024  7113      647.9702   586      646.8679      648.5771   893548    0.26%
  11132  7204      647.6360   447      646.8679      648.5768   903453    0.26%
  11286  7318      648.2373   591      646.8679      648.5760   913329    0.26%
  11552  7571      648.4148   636      646.8679      648.5755   922231    0.26%
  11665  7681      646.8846   363      646.8679      648.5755   933168    0.26%
  11846  7817      647.1769   423      646.8679      648.5752   943061    0.26%
Elapsed time = 501.97 sec. (450366.44 ticks, tree = 156.44 MB, solutions = 3)
  11959  7882      648.0531   538      646.8679      648.5751   950828    0.26%
  12057  7967      648.1108   498      646.8679      648.5750   961155    0.26%
  12202  8065      647.3895   518      646.8679      648.5736   970617    0.26%
  12334  8166      648.1944   463      646.8679      648.5732   979704    0.26%
  12512  8290      646.9527   480      646.8679      648.5727   989539    0.26%
  12660  8388      648.1970   688      646.8679      648.5723   998769    0.26%
  12728  8456      647.2438   528      646.8679      648.5723  1007567    0.26%
  12822  8510      648.4985   546      646.8679      648.5718  1015683    0.26%
  13197  8867      647.7371   515      646.8679      648.5705  1026770    0.26%
  13297  8933      647.9943   523      646.8679      648.5705  1032638    0.26%
Elapsed time = 545.12 sec. (488880.08 ticks, tree = 185.15 MB, solutions = 3)
  13463  9041      647.9181   619      646.8679      648.5700  1041133    0.26%
  13546  9096      648.3919   596      646.8679      648.5697  1049618    0.26%
  13641  9160      648.1952   589      646.8679      648.5695  1058950    0.26%
  13759  9253      647.8134   501      646.8679      648.5692  1068827    0.26%
  13914  9362      646.8930   417      646.8679      648.5690  1078373    0.26%
  13990  9434      646.9484   448      646.8679      648.5687  1087120    0.26%
  14104  9510      646.8934   620      646.8679      648.5680  1094223    0.26%
  14205  9594      647.2927   603      646.8679      648.5674  1103517    0.26%
  14416  9782      646.9710   129      646.8679      648.5674  1112755    0.26%
  14547  9880      648.5361   630      646.8679      648.5670  1121309    0.26%
Elapsed time = 587.10 sec. (527285.00 ticks, tree = 199.02 MB, solutions = 3)
  14641  9957      647.4739   488      646.8679      648.5669  1130770    0.26%
  14763 10054      646.9395   483      646.8679      648.5663  1140132    0.26%
  14917 10149      648.1594   624      646.8679      648.5659  1149151    0.26%
  15031 10239      648.3408   658      646.8679      648.5657  1159429    0.26%
  15161 10340      646.9465   605      646.8679      648.5656  1168592    0.26%
  15273 10430        cutoff            646.8679      648.5654  1178279    0.26%
  15417 10530      647.9837   506      646.8679      648.5648  1187456    0.26%
  15533 10616      648.3647   575      646.8679      648.5647  1196394    0.26%
  15663 10745      647.0084   305      646.8679      648.5647  1207046    0.26%
  15793 10842      648.0332   546      646.8679      648.5641  1215194    0.26%
Elapsed time = 629.39 sec. (565633.44 ticks, tree = 217.82 MB, solutions = 3)
  15900 10935      647.8883   528      646.8679      648.5638  1225126    0.26%
  16013 11011      647.4604   577      646.8679      648.5636  1234056    0.26%
  16178 11111      646.8822   312      646.8679      648.5630  1244315    0.26%
  16265 11174      647.6582   586      646.8679      648.5623  1253534    0.26%
  16379 11252      648.3818   614      646.8679      648.5617  1263412    0.26%
  16482 11328      648.1354   610      646.8679      648.5611  1272645    0.26%
  16578 11400      647.8259   566      646.8679      648.5611  1280756    0.26%
  16724 11519      647.8035   366      646.8679      648.5608  1290702    0.26%
  16978 11758      647.0259   493      646.8679      648.5604  1300607    0.26%
  17126 11873      648.4146   524      646.8679      648.5597  1310844    0.26%
Elapsed time = 673.18 sec. (604073.06 ticks, tree = 237.76 MB, solutions = 3)
  17257 11970      648.4243   595      646.8679      648.5594  1320960    0.26%
  17440 12097      648.0511   484      646.8679      648.5589  1330755    0.26%
  17537 12167      648.0954   585      646.8679      648.5588  1339518    0.26%
  17692 12269      646.8852   313      646.8679      648.5588  1349643    0.26%
  17814 12359      646.8680   400      646.8679      648.5586  1358270    0.26%
  17907 12440      648.4508   609      646.8679      648.5585  1367807    0.26%
  18012 12528      647.0040   473      646.8679      648.5582  1378159    0.26%
  18128 12611      647.7978   407      646.8679      648.5580  1385758    0.26%
  18399 12859      648.3409   546      646.8679      648.5573  1395190    0.26%
  18514 12959      647.9434   564      646.8679      648.5569  1404121    0.26%
Elapsed time = 716.24 sec. (642557.42 ticks, tree = 258.11 MB, solutions = 3)
  18658 13072      648.4381   613      646.8679      648.5564  1413895    0.26%
  18757 13164      647.8952   637      646.8679      648.5564  1423082    0.26%
  18869 13238      647.1402   501      646.8679      648.5554  1431089    0.26%
  18947 13305      648.2343   555      646.8679      648.5551  1440014    0.26%
  19060 13398      648.2248   575      646.8679      648.5550  1449985    0.26%
  19253 13527      647.3952   495      646.8679      648.5549  1460389    0.26%
  19356 13605      647.8452   561      646.8679      648.5544  1468168    0.26%
  19524 13716      646.8974   341      646.8679      648.5542  1479039    0.26%
  19852 14014      648.5373   545      646.8679      648.5540  1489415    0.26%
  19945 14086      646.8974   422      646.8679      648.5540  1499109    0.26%
Elapsed time = 761.43 sec. (681078.57 ticks, tree = 281.78 MB, solutions = 3)
  20097 14185      648.3172   558      646.8679      648.5530  1507883    0.26%
  20240 14302      648.2182   581      646.8679      648.5527  1518178    0.26%
  20367 14386      648.3041   673      646.8679      648.5525  1525708    0.26%

Performing restart 2

Repeating presolve.
Tried aggregator 1 time.
MIP Presolve modified 49 coefficients.
Reduced MIP has 2053 rows, 2785 columns, and 13317 nonzeros.
Reduced MIP has 695 binaries, 690 generals, 0 SOSs, and 0 indicators.
Presolve time = 0.00 sec. (3.19 ticks)
Tried aggregator 1 time.
Reduced MIP has 2053 rows, 2785 columns, and 13317 nonzeros.
Reduced MIP has 695 binaries, 690 generals, 0 SOSs, and 0 indicators.
Presolve time = 0.00 sec. (3.16 ticks)
Represolve time = 0.15 sec. (45.53 ticks)
  20381     0      648.6439   648      646.8679     Cuts: 105  1531322    0.26%
  20381     0      648.6142   586      646.8679      Cuts: 93  1531639    0.26%
  20381     0      648.6044   638      646.8679      Cuts: 76  1531845    0.26%
  20381     0      648.5852   602      646.8679      Cuts: 84  1532134    0.26%
  20381     0      648.5768   603      646.8679      Cuts: 67  1532348    0.26%
  20381     0      648.5645   592      646.8679     Cuts: 116  1532555    0.26%
  20381     0      648.5589   608      646.8679      Cuts: 58  1532723    0.26%
  20381     0      648.5510   613      646.8679      Cuts: 54  1532921    0.26%
  20381     0      648.5454   641      646.8679      Cuts: 75  1533102    0.26%
  20381     0      648.5416   601      646.8679      Cuts: 54  1533261    0.26%
  20381     0      648.5346   599      646.8679      Cuts: 57  1533439    0.26%
  20381     0      648.5290   573      646.8679      Cuts: 62  1533594    0.26%
  20381     0      648.5248   632      646.8679      Cuts: 53  1533714    0.26%
  20381     0      648.5219   600      646.8679      Cuts: 65  1533832    0.26%
  20381     0      648.5203   661      646.8679      Cuts: 49  1533938    0.26%
  20381     0      648.5186   638      646.8679      Cuts: 43  1534027    0.26%
  20381     0      648.5151   664      646.8679      Cuts: 34  1534104    0.25%
  20381     0      648.5104   620      646.8679      Cuts: 41  1534225    0.25%
  20381     0      648.5038   650      646.8679      Cuts: 42  1534308    0.25%
  20381     0      648.5015   597      646.8679   MIRcuts: 31  1534384    0.25%
  20381     0      648.4995   629      646.8679      Cuts: 36  1534460    0.25%
  20381     0      648.4979   646      646.8679      Cuts: 43  1534558    0.25%
  20381     2      648.4979   650      646.8679      648.4979  1534558    0.25%
  20383     4      648.4972   636      646.8679      648.4971  1534654    0.25%
  20386     7      648.4264   561      646.8679      648.4962  1534966    0.25%
  20390    11      648.4185   475      646.8679      648.4962  1535597    0.25%
  20397    18      648.4143   527      646.8679      648.4962  1536352    0.25%
  20406    27      648.3673   433      646.8679      648.4962  1537444    0.25%
  20419    40      648.2859   308      646.8679      648.4962  1538805    0.25%
Elapsed time = 810.70 sec. (730025.52 ticks, tree = 0.07 MB, solutions = 3)
  20545   161      648.3502   607      646.8679      648.4921  1543908    0.25%
  20554   170      648.3424   581      646.8679      648.4921  1545262    0.25%
  20570   186      648.2727   521      646.8679      648.4921  1548761    0.25%
  20590   206      648.1615   391      646.8679      648.4921  1553116    0.25%
  20658   274      647.2621   214      646.8679      648.4921  1560186    0.25%
  20750   350      647.1520   295      646.8679      648.4881  1567791    0.25%
  20833   413      646.8931   215      646.8679      648.4868  1573811    0.25%
  20915   478      648.2518   507      646.8679      648.4860  1583596    0.25%
  21008   571      647.3810   183      646.8679      648.4860  1593943    0.25%
  21120   670      646.8755   205      646.8679      648.4852  1601784    0.25%
Elapsed time = 848.36 sec. (768857.97 ticks, tree = 1.41 MB, solutions = 3)
  21214   748      648.2316   369      646.8679      648.4826  1610446    0.25%
  21305   821      648.4095   480      646.8679      648.4732  1619247    0.25%
  21384   900      648.0079   262      646.8679      648.4732  1629796    0.25%
  21637  1147      648.3792   443      646.8679      648.4729  1639336    0.25%
  21731  1219      647.8564   414      646.8679      648.4720  1648091    0.25%
  21825  1289      646.9066   232      646.8679      648.4716  1656861    0.25%
  21922  1352      648.3305   495      646.8679      648.4678  1666216    0.25%
  21999  1429      647.1875   271      646.8679      648.4678  1677861    0.25%
  22102  1498      646.8811   357      646.8679      648.4673  1687574    0.25%
  22196  1569      648.1335   387      646.8679      648.4634  1696604    0.25%
Elapsed time = 886.43 sec. (807277.23 ticks, tree = 3.49 MB, solutions = 3)
  22428  1797      648.3755   501      646.8679      648.4597  1704296    0.25%
  22512  1860      648.2532   348      646.8679      648.4596  1713907    0.25%
  22611  1941      648.2361   382      646.8679      648.4588  1724795    0.25%
  22718  2023      646.8799   256      646.8679      648.4576  1733785    0.25%
  22811  2086      647.3558   474      646.8679      648.4482  1743078    0.24%
  22868  2136      648.1017   386      646.8679      648.4464  1753632    0.24%
  22961  2204      647.9339   476      646.8679      648.4442  1762662    0.24%
  23042  2263      648.3557   481      646.8679      648.4437  1771040    0.24%
  23137  2344      648.2351   504      646.8679      648.4434  1777783    0.24%
  23216  2423      647.1445   275      646.8679      648.4434  1786606    0.24%
Elapsed time = 924.39 sec. (845767.00 ticks, tree = 6.89 MB, solutions = 3)
  23333  2485      648.3519   484      646.8679      648.4432  1795282    0.24%
  23426  2559      647.2554   341      646.8679      648.4416  1805093    0.24%
  23529  2622      648.3793   476      646.8679      648.4343  1813997    0.24%
  23586  2679      647.7215   359      646.8679      648.4343  1825108    0.24%
  23695  2764      648.0488   349      646.8679      648.4319  1834920    0.24%
  23952  3017      647.8277   330      646.8679      648.4247  1843608    0.24%
  24050  3080      648.2898   418      646.8679      648.4211  1852913    0.24%
  24147  3166      646.8693   303      646.8679      648.4211  1863111    0.24%
  24253  3232      647.9462   423      646.8679      648.4188  1872126    0.24%
  24339  3313      646.9526   363      646.8679      648.4184  1883377    0.24%
Elapsed time = 962.55 sec. (884111.96 ticks, tree = 9.10 MB, solutions = 3)
  24432  3369      646.8842   374      646.8679      648.4184  1890729    0.24%
  24491  3413      648.2143   450      646.8679      648.4179  1900122    0.24%
  24563  3479      646.9935   377      646.8679      648.4179  1910059    0.24%
  24626  3524      648.1581   575      646.8679      648.4175  1918692    0.24%
  24703  3578      648.0007   412      646.8679      648.4168  1926667    0.24%
  24773  3628      648.3627   561      646.8679      648.4163  1935402    0.24%
  24835  3690      647.6414   362      646.8679      648.4163  1944341    0.24%
  24926  3757      648.3629   570      646.8679      648.4133  1953033    0.24%
  25002  3815      647.9724   526      646.8679      648.4132  1960616    0.24%
  25068  3871      646.8806   427      646.8679      648.4127  1969653    0.24%
Elapsed time = 998.34 sec. (922833.31 ticks, tree = 10.32 MB, solutions = 3)
  25137  3932      647.7120   350      646.8679      648.4124  1978952    0.24%
  25241  4006      647.8363   398      646.8679      648.4120  1986855    0.24%
  25443  4199      648.1046   420      646.8679      648.4117  1994316    0.24%
  25531  4261      648.0589   381      646.8679      648.4117  2002736    0.24%
  25617  4324      646.9615   367      646.8679      648.4109  2010995    0.24%
  25691  4377      648.2103   371      646.8679      648.4108  2019092    0.24%
  25786  4446      647.6403   451      646.8679      648.4100  2027362    0.24%
  25868  4508      647.8182   501      646.8679      648.4087  2035929    0.24%
  25950  4572      647.0072   332      646.8679      648.4086  2044793    0.24%
  25996  4612      647.9115   480      646.8679      648.4085  2054930    0.24%
Elapsed time = 1035.16 sec. (961370.16 ticks, tree = 12.15 MB, solutions = 3)
  26059  4675      647.1357   342      646.8679      648.4085  2064911    0.24%
  26151  4731      648.1310   518      646.8679      648.4083  2072553    0.24%
  26224  4782      646.9346   375      646.8679      648.4082  2081926    0.24%
  26287  4827      648.2049   397      646.8679      648.4053  2091567    0.24%
  26381  4909      648.3128   401      646.8679      648.4050  2101371    0.24%
  26485  4974        cutoff            646.8679      648.4049  2110809    0.24%
  26588  5028      648.2277   413      646.8679      648.4036  2118353    0.24%
  26669  5101      647.3036   413      646.8679      648.4029  2128537    0.24%
  26778  5178      646.9782   265      646.8679      648.4027  2137098    0.24%
  26893  5251      648.0403   394      646.8679      648.4005  2144973    0.24%
Elapsed time = 1071.76 sec. (999948.98 ticks, tree = 13.60 MB, solutions = 3)
  26980  5314      648.0813   430      646.8679      648.3999  2154739    0.24%
  27085  5398      648.1243   359      646.8679      648.3993  2164298    0.24%
  27170  5462      647.1471   367      646.8679      648.3986  2173247    0.24%
  27263  5521      646.9447   334      646.8679      648.3978  2181138    0.24%
  27340  5575      648.1219   545      646.8679      648.3977  2189506    0.24%
  27408  5643      647.5347   362      646.8679      648.3977  2199650    0.24%
  27511  5719      648.2730   502      646.8679      648.3975  2207615    0.24%
  27611  5785      648.3899   667      646.8679      648.3966  2215525    0.24%
  27713  5854      648.2783   386      646.8679      648.3965  2224577    0.24%
  27811  5941      647.3450   354      646.8679      648.3962  2235124    0.24%
Elapsed time = 1108.38 sec. (1038414.49 ticks, tree = 15.17 MB, solutions = 3)
  27897  6002      648.0711   479      646.8679      648.3949  2244132    0.24%
  28001  6077      647.8710   252      646.8679      648.3948  2252201    0.24%
* 28185  5362      integral     0      647.1300      648.3948  2257000    0.20%
  28232  5409      647.8862   440      647.1300      648.3944  2267187    0.20%
  28318  5473      647.1759   416      647.1300      648.3944  2276141    0.20%
  28410  5541      647.3023   318      647.1300      648.3917  2285786    0.19%
  28500  5587      647.9665   446      647.1300      648.3910  2294436    0.19%
  28600  5654      647.9748   414      647.1300      648.3907  2302944    0.19%
  28682  5708      648.1456   586      647.1300      648.3897  2311046    0.19%
  28741  5758      647.9191   448      647.1300      648.3895  2321138    0.19%
Elapsed time = 1143.70 sec. (1075096.12 ticks, tree = 14.11 MB, solutions = 4)
  28819  5829      647.3747   241      647.1300      648.3895  2331720    0.19%
  28912  5895      647.5951   421      647.1300      648.3887  2341377    0.19%
  29010  5972      648.3427   368      647.1300      648.3878  2350323    0.19%
  29115  6049      647.2297   303      647.1300      648.3877  2360531    0.19%
  29218  6113      647.9327   351      647.1300      648.3872  2369259    0.19%
  29420  6305      647.1906   414      647.1300      648.3872  2378199    0.19%
  29525  6371      648.3138   555      647.1300      648.3870  2387783    0.19%
  29596  6430      647.3168   436      647.1300      648.3866  2397290    0.19%
  29678  6492      648.1772   458      647.1300      648.3864  2405783    0.19%
  29741  6543      648.1997   451      647.1300      648.3860  2415584    0.19%
Elapsed time = 1180.87 sec. (1113612.32 ticks, tree = 15.92 MB, solutions = 4)
  29816  6617      647.2632   303      647.1300      648.3860  2426229    0.19%
  29898  6659      648.2601   592      647.1300      648.3850  2434573    0.19%
  29963  6718      647.6060   412      647.1300      648.3846  2444789    0.19%
  30045  6781      648.1125   358      647.1300      648.3841  2453980    0.19%
  30149  6857      648.2816   447      647.1300      648.3840  2463674    0.19%
  30247  6919      647.2325   341      647.1300      648.3839  2472328    0.19%
  30337  6976      647.2330   317      647.1300      648.3837  2480835    0.19%
  30415  7025      647.8952   351      647.1300      648.3836  2490078    0.19%
  30526  7098      648.2609   497      647.1300      648.3833  2499304    0.19%
  30713  7284      647.1807    49      647.1300      648.3833  2509141    0.19%
Elapsed time = 1217.77 sec. (1151926.91 ticks, tree = 17.64 MB, solutions = 4)
  30808  7353      647.1660   332      647.1300      648.3831  2518267    0.19%
  30879  7400      647.4320   403      647.1300      648.3830  2528118    0.19%
  30955  7452      648.0803   499      647.1300      648.3830  2537493    0.19%
  31041  7514      647.8348   412      647.1300      648.3829  2545830    0.19%
  31117  7565      648.0521   557      647.1300      648.3828  2554926    0.19%
  31166  7614      647.8039   351      647.1300      648.3828  2565893    0.19%
  31253  7680      648.0922   426      647.1300      648.3826  2574901    0.19%
  31372  7744      648.2780   568      647.1300      648.3820  2583503    0.19%
  31425  7790      647.9805   449      647.1300      648.3819  2593367    0.19%
  31498  7849      648.3203   634      647.1300      648.3817  2603728    0.19%
Elapsed time = 1254.52 sec. (1190708.72 ticks, tree = 19.01 MB, solutions = 4)
  31566  7906      647.9405   409      647.1300      648.3814  2612197    0.19%
  31660  7968      647.1665   300      647.1300      648.3812  2619331    0.19%
  31733  8019      648.2422   451      647.1300      648.3807  2628722    0.19%
  31795  8081      647.2413   337      647.1300      648.3807  2639355    0.19%
  31940  8210      647.4597   188      647.1300      648.3807  2647563    0.19%
  32076  8323      647.8584   413      647.1300      648.3805  2656689    0.19%
  32151  8372      648.0909   500      647.1300      648.3803  2665838    0.19%
  32222  8443      647.6471   364      647.1300      648.3803  2675585    0.19%
  32307  8514      647.2917   405      647.1300      648.3803  2684816    0.19%
  32407  8580      647.6170   334      647.1300      648.3802  2692568    0.19%
Elapsed time = 1290.92 sec. (1229142.64 ticks, tree = 21.02 MB, solutions = 4)
  32487  8637      648.0607   470      647.1300      648.3799  2701802    0.19%
  32580  8713      647.1418   261      647.1300      648.3799  2711986    0.19%
  32680  8762      648.0953   461      647.1300      648.3797  2721117    0.19%
  32762  8818      647.8536   478      647.1300      648.3792  2729982    0.19%
  32821  8870      647.6080   420      647.1300      648.3792  2739168    0.19%
  32917  8924      647.5430   482      647.1300      648.3790  2748113    0.19%
  33015  8977      648.1107   524      647.1300      648.3788  2755523    0.19%
  33107  9037      648.2594   483      647.1300      648.3784  2764360    0.19%
  33185  9115      647.2892   315      647.1300      648.3784  2773783    0.19%
  33271  9181      647.8826   426      647.1300      648.3779  2782814    0.19%
Elapsed time = 1327.37 sec. (1267895.30 ticks, tree = 22.46 MB, solutions = 4)
  33366  9244      648.0293   441      647.1300      648.3774  2791237    0.19%
  33429  9302      647.5210   363      647.1300      648.3773  2801876    0.19%
  33528  9384      647.2611   322      647.1300      648.3772  2811769    0.19%
  33615  9432      647.9733   450      647.1300      648.3767  2820460    0.19%
  33722  9497      648.3543   379      647.1300      648.3759  2828117    0.19%
  33819  9577      647.9772   452      647.1300      648.3754  2838317    0.19%
  33893  9629      647.1337   429      647.1300      648.3752  2846928    0.19%
  33981  9687      647.1625   271      647.1300      648.3748  2855658    0.19%
  34096  9757      648.1696   477      647.1300      648.3745  2864729    0.19%
  34183  9815      647.2680   354      647.1300      648.3744  2873228    0.19%
Elapsed time = 1363.65 sec. (1306294.65 ticks, tree = 24.05 MB, solutions = 4)
  34287  9875      648.2307   477      647.1300      648.3740  2881144    0.19%
  34481 10069      647.2484    61      647.1300      648.3740  2889838    0.19%
  34604 10151      648.0381   407      647.1300      648.3736  2899186    0.19%
  34676 10205      648.2832   555      647.1300      648.3729  2908120    0.19%
  34750 10252      647.1367   410      647.1300      648.3726  2917294    0.19%
  34841 10323      648.3211   428      647.1300      648.3723  2927076    0.19%
  34926 10384      647.1327   387      647.1300      648.3722  2936080    0.19%
  35002 10448      647.8562   408      647.1300      648.3717  2945648    0.19%
  35065 10503      647.7691   442      647.1300      648.3717  2956108    0.19%
  35169 10588      647.5017   282      647.1300      648.3717  2964399    0.19%
Elapsed time = 1400.69 sec. (1344746.42 ticks, tree = 25.81 MB, solutions = 4)
  35243 10635      647.8415   470      647.1300      648.3715  2973837    0.19%
  35310 10682      648.0632   625      647.1300      648.3714  2983563    0.19%
  35354 10726      647.8375   429      647.1300      648.3714  2994591    0.19%
  35449 10798      648.1594   364      647.1300      648.3712  3003996    0.19%
  35575 10914      647.5591   251      647.1300      648.3711  3011617    0.19%
  35730 11048      647.1694   306      647.1300      648.3711  3019336    0.19%
  35799 11096      647.4947   397      647.1300      648.3711  3028628    0.19%
  35890 11146      647.1396   386      647.1300      648.3710  3038142    0.19%
  35966 11204      647.9172   435      647.1300      648.3709  3047515    0.19%
  36058 11263      647.1440   339      647.1300      648.3707  3055627    0.19%
Elapsed time = 1436.96 sec. (1383209.81 ticks, tree = 27.35 MB, solutions = 4)
  36149 11336      648.2474   376      647.1300      648.3707  3065109    0.19%
  36254 11409      647.9631   488      647.1300      648.3703  3073043    0.19%
  36324 11460      647.9810   418      647.1300      648.3700  3082921    0.19%
  36405 11530      647.1408   335      647.1300      648.3699  3092427    0.19%
  36493 11588      648.3605   395      647.1300      648.3697  3100719    0.19%
  36565 11647      648.0863   446      647.1300      648.3693  3111346    0.19%
  36631 11713      647.7816   298      647.1300      648.3693  3122819    0.19%
  36764 11794      648.0902   334      647.1300      648.3688  3130820    0.19%
  37002 12020      647.6698   465      647.1300      648.3688  3139968    0.19%
  37090 12089      648.2661   454      647.1300      648.3687  3148306    0.19%
Elapsed time = 1474.06 sec. (1421654.52 ticks, tree = 29.28 MB, solutions = 4)
  37166 12158      647.2377   271      647.1300      648.3687  3158591    0.19%
  37276 12223      647.1512   307      647.1300      648.3684  3166276    0.19%
  37342 12267      647.2139   419      647.1300      648.3684  3175157    0.19%
  37407 12319      647.3326   416      647.1300      648.3683  3184640    0.19%
  37488 12377      648.1024   437      647.1300      648.3680  3193095    0.19%
  37589 12456      647.1452   276      647.1300      648.3680  3201226    0.19%
  37662 12510      648.0706   383      647.1300      648.3678  3211372    0.19%
  37752 12581      647.7311   538      647.1300      648.3677  3221319    0.19%
  37831 12638      647.7066   369      647.1300      648.3676  3230422    0.19%
  37943 12701      648.0483   430      647.1300      648.3673  3238702    0.19%
Elapsed time = 1509.80 sec. (1460023.90 ticks, tree = 30.71 MB, solutions = 4)
  38053 12779      647.1568   217      647.1300      648.3673  3248194    0.19%
  38208 12923      647.5509   151      647.1300      648.3672  3256137    0.19%
  38391 13077      647.7575   306      647.1300      648.3671  3264987    0.19%
  38459 13122      648.2206   481      647.1300      648.3669  3274622    0.19%
  38541 13202      647.2859   285      647.1300      648.3669  3284794    0.19%
  38629 13254      648.0616   517      647.1300      648.3668  3293482    0.19%
  38710 13312      647.1320   335      647.1300      648.3667  3302568    0.19%
  38794 13372      647.9446   318      647.1300      648.3661  3311014    0.19%
  38914 13441      647.1454   343      647.1300      648.3660  3320419    0.19%
  38992 13496      647.1802   392      647.1300      648.3656  3329827    0.19%
Elapsed time = 1546.71 sec. (1498389.60 ticks, tree = 32.62 MB, solutions = 4)
  39056 13543      647.8353   370      647.1300      648.3654  3339459    0.19%
  39154 13635      647.1977   206      647.1300      648.3654  3349750    0.19%
  39244 13690      647.9573   542      647.1300      648.3653  3358405    0.19%
  39324 13745      648.0586   478      647.1300      648.3652  3367011    0.19%
  39415 13823      647.5729   344      647.1300      648.3650  3376205    0.19%
  39503 13887      648.0083   586      647.1300      648.3649  3385597    0.19%
  39591 13943      647.1603   236      647.1300      648.3649  3394350    0.19%
  39693 14000      648.1454   402      647.1300      648.3645  3403386    0.19%
  39789 14076      648.0646   479      647.1300      648.3645  3413392    0.19%
  39869 14138      648.0350   591      647.1300      648.3640  3422293    0.19%
Elapsed time = 1582.56 sec. (1536837.64 ticks, tree = 34.10 MB, solutions = 4)
  39936 14190      647.1436   392      647.1300      648.3637  3431269    0.19%
  40032 14275      647.3118   234      647.1300      648.3635  3440335    0.19%
  40147 14345      647.9042   371      647.1300      648.3632  3449088    0.19%
  40240 14413      647.8509   362      647.1300      648.3632  3457778    0.19%
  40334 14488      647.4179   310      647.1300      648.3631  3466534    0.19%
  40471 14564      648.2917   434      647.1300      648.3625  3474843    0.19%
  40587 14635      647.3803   355      647.1300      648.3623  3482639    0.19%
  40728 14761      647.4335   196      647.1300      648.3622  3490325    0.19%
  40856 14882      647.1835   381      647.1300      648.3621  3500524    0.19%
  40940 14928      648.1249   481      647.1300      648.3620  3508858    0.19%
Elapsed time = 1619.48 sec. (1575181.44 ticks, tree = 36.00 MB, solutions = 4)
  41031 14997      648.2637   473      647.1300      648.3617  3517616    0.19%
  41121 15083      647.4136   305      647.1300      648.3616  3527297    0.19%
  41247 15159      647.6740   358      647.1300      648.3615  3536077    0.19%
  41341 15207      648.2362   492      647.1300      648.3615  3544022    0.19%
  41410 15265      647.8731   383      647.1300      648.3614  3554394    0.19%
  41502 15326      647.1792   435      647.1300      648.3612  3563832    0.19%
  41585 15382      647.3907   372      647.1300      648.3612  3572603    0.19%
  41655 15435      648.0422   405      647.1300      648.3610  3582079    0.19%
  41747 15509      647.1395   252      647.1300      648.3610  3591774    0.19%
  41824 15559      647.2265   390      647.1300      648.3610  3600301    0.19%
Elapsed time = 1655.33 sec. (1613671.33 ticks, tree = 37.47 MB, solutions = 4)
  41951 15681      647.5705   195      647.1300      648.3609  3608353    0.19%
  42138 15824      648.3454   512      647.1300      648.3606  3615820    0.19%
  42197 15883      647.7958   368      647.1300      648.3606  3626516    0.19%
  42301 15957      647.1670   310      647.1300      648.3604  3635886    0.19%
  42387 16015      647.1666   299      647.1300      648.3601  3643906    0.19%
  42471 16072      648.0297   413      647.1300      648.3596  3652715    0.19%
  42554 16134      647.6404   347      647.1300      648.3595  3662669    0.19%
  42654 16207      647.9236   407      647.1300      648.3592  3671521    0.19%
  42734 16270      647.1563   386      647.1300      648.3592  3681212    0.19%
  42797 16322      647.4998   356      647.1300      648.3592  3691097    0.19%
Elapsed time = 1692.03 sec. (1652186.56 ticks, tree = 39.31 MB, solutions = 4)
  42906 16402      647.7918   307      647.1300      648.3587  3700257    0.19%
  43011 16466      648.0160   485      647.1300      648.3587  3708293    0.19%
  43114 16552      647.2762   226      647.1300      648.3586  3718348    0.19%
  43205 16599      648.0031   487      647.1300      648.3584  3727126    0.19%
  43389 16773      648.2241   527      647.1300      648.3584  3735274    0.19%
  43470 16829      647.2197   319      647.1300      648.3583  3743776    0.19%
  43586 16915      648.1895   515      647.1300      648.3581  3752653    0.19%
  43698 16993      647.1402   191      647.1300      648.3580  3761309    0.19%
  43786 17056      647.6768   470      647.1300      648.3577  3770816    0.19%
  43865 17120      648.2254   438      647.1300      648.3576  3780378    0.19%
Elapsed time = 1729.08 sec. (1690729.33 ticks, tree = 41.86 MB, solutions = 4)
  43947 17181      647.2434   395      647.1300      648.3575  3788796    0.19%
  44038 17241      647.8916   521      647.1300      648.3572  3797567    0.19%
  44085 17288      647.9458   417      647.1300      648.3572  3808529    0.19%
  44174 17365      647.1325   275      647.1300      648.3572  3819394    0.19%
  44285 17450      648.0896   350      647.1300      648.3569  3827312    0.19%
  44399 17519      648.1942   346      647.1300      648.3566  3836498    0.19%
  44544 17615      648.1392   376      647.1300      648.3565  3845304    0.19%
* 44770 16926      integral     0      647.1625      648.3565  3852588    0.18%
  44831 16968      647.4017   424      647.1625      648.3559  3860771    0.18%
  44910 17025      648.1352   433      647.1625      648.3559  3869044    0.18%
Elapsed time = 1765.69 sec. (1728486.12 ticks, tree = 41.46 MB, solutions = 5)
  44998 17107      648.2486   509      647.1625      648.3557  3880037    0.18%
  45092 17168      647.1641   248      647.1625      648.3557  3888306    0.18%
  45174 17228      648.2506   423      647.1625      648.3554  3897753    0.18%
  45274 17306      648.2826   438      647.1625      648.3554  3907818    0.18%
  45376 17385      648.3236   407      647.1625      648.3551  3915964    0.18%
  45471 17452      648.1552   469      647.1625      648.3549  3924578    0.18%
  45545 17526      647.5100   313      647.1625      648.3549  3935414    0.18%
  45656 17582      647.9393   441      647.1625      648.3546  3944223    0.18%
  45737 17617      648.2808   455      647.1625      648.3545  3951846    0.18%
  45827 17682      647.8612   477      647.1625      648.3545  3959869    0.18%
Elapsed time = 1802.17 sec. (1767150.38 ticks, tree = 42.99 MB, solutions = 5)
  45914 17755      647.2734   289      647.1625      648.3545  3969616    0.18%
  45999 17814      647.8382   322      647.1625      648.3542  3979239    0.18%
  46093 17884      647.8030   482      647.1625      648.3541  3987965    0.18%
  46185 17960      648.0679   410      647.1625      648.3540  3997267    0.18%
  46245 18009      647.7440   476      647.1625      648.3534  4007335    0.18%
  46318 18055      648.0086   401      647.1625      648.3533  4016744    0.18%
  46443 18134      648.2531   527      647.1625      648.3532  4025766    0.18%
  46522 18197      648.3382   402      647.1625      648.3529  4033953    0.18%
  46637 18274      647.1794   202      647.1625      648.3529  4042046    0.18%
  46693 18327      647.4197   363      647.1625      648.3529  4053562    0.18%
Elapsed time = 1838.26 sec. (1805698.40 ticks, tree = 44.45 MB, solutions = 5)
  46768 18380      647.7328   426      647.1625      648.3528  4063741    0.18%
  46841 18430      648.1870   442      647.1625      648.3527  4072370    0.18%
  47041 18628      647.1875    35      647.1625      648.3527  4081307    0.18%
  47152 18711      648.2231   439      647.1625      648.3526  4091593    0.18%
  47275 18781      647.1720   263      647.1625      648.3525  4099369    0.18%
  47393 18856      647.1895   241      647.1625      648.3524  4107174    0.18%
  47491 18920      648.3321   492      647.1625      648.3523  4117399    0.18%
  47570 18987      647.3228   354      647.1625      648.3521  4126940    0.18%
  47669 19057      647.8813   493      647.1625      648.3520  4135674    0.18%
  47755 19118      647.2367   319      647.1625      648.3520  4144407    0.18%
Elapsed time = 1875.70 sec. (1844230.72 ticks, tree = 46.35 MB, solutions = 5)
  47841 19175      647.6615   342      647.1625      648.3519  4152538    0.18%
  47979 19253      647.1694   239      647.1625      648.3518  4159426    0.18%
  48036 19302      647.6837   456      647.1625      648.3518  4169684    0.18%
  48125 19366      647.5653   454      647.1625      648.3516  4178627    0.18%
  48203 19419      648.0453   460      647.1625      648.3514  4187014    0.18%
  48387 19586      648.0362   495      647.1625      648.3514  4195294    0.18%
  48450 19634      647.9473   389      647.1625      648.3513  4205283    0.18%
  48544 19702      647.2083   323      647.1625      648.3512  4214868    0.18%
  48634 19763      647.3660   326      647.1625      648.3511  4223081    0.18%
  48709 19811      648.2370   430      647.1625      648.3509  4232598    0.18%
Elapsed time = 1912.30 sec. (1882610.07 ticks, tree = 47.99 MB, solutions = 5)
  48772 19874      647.5411   315      647.1625      648.3509  4243689    0.18%
  48875 19931      647.6896   525      647.1625      648.3508  4251295    0.18%
  48973 20010      647.2068   350      647.1625      648.3506  4260245    0.18%
  49044 20068      647.8143   363      647.1625      648.3506  4270197    0.18%
  49160 20164      647.2613   334      647.1625      648.3506  4279785    0.18%
  49265 20228      648.2443   511      647.1625      648.3505  4287134    0.18%
  49350 20291      647.3110   293      647.1625      648.3505  4295972    0.18%
  49421 20354      647.8238   303      647.1625      648.3505  4306581    0.18%
  49519 20431      648.0194   307      647.1625      648.3502  4315123    0.18%
  49710 20603      647.1630   301      647.1625      648.3501  4323876    0.18%
Elapsed time = 1949.20 sec. (1920894.65 ticks, tree = 49.89 MB, solutions = 5)
  49781 20656      648.0053   437      647.1625      648.3500  4332692    0.18%
  49856 20718      648.1612   396      647.1625      648.3500  4343812    0.18%
  49947 20782      648.2798   499      647.1625      648.3498  4352296    0.18%
  50029 20838        cutoff            647.1625      648.3498  4360226    0.18%
  50085 20891      647.3487   418      647.1625      648.3498  4372048    0.18%
  50160 20948      647.5341   482      647.1625      648.3497  4382069    0.18%
  50231 20984      648.2661   516      647.1625      648.3496  4390583    0.18%
  50305 21041      648.0713   452      647.1625      648.3494  4399482    0.18%
  50373 21109      647.5918   289      647.1625      648.3494  4410494    0.18%
  50479 21180      647.1814   266      647.1625      648.3491  4418652    0.18%
Elapsed time = 1984.94 sec. (1959385.15 ticks, tree = 51.37 MB, solutions = 5)
  50587 21244      648.2890   419      647.1625      648.3489  4425954    0.18%
  50684 21319      647.1646   235      647.1625      648.3489  4435027    0.18%
  50864 21496      647.4379    99      647.1625      648.3486  4442539    0.18%
  50998 21616      647.2039   283      647.1625      648.3485  4452201    0.18%
  51084 21676      647.7683   365      647.1625      648.3483  4461720    0.18%
  51171 21743      647.2646   528      647.1625      648.3483  4470433    0.18%
  51237 21791      647.1835   446      647.1625      648.3482  4479381    0.18%
  51352 21874      648.3330   508      647.1625      648.3478  4487651    0.18%
  51422 21941      647.3269   383      647.1625      648.3478  4498092    0.18%
  51518 22004      648.0231   466      647.1625      648.3475  4506076    0.18%
Elapsed time = 2022.34 sec. (1997867.73 ticks, tree = 53.33 MB, solutions = 5)
  51593 22062      647.1828   399      647.1625      648.3475  4514704    0.18%
  51672 22126      648.2157   364      647.1625      648.3473  4524474    0.18%
  51783 22208      647.8970   361      647.1625      648.3472  4533714    0.18%
  51867 22261      647.6842   400      647.1625      648.3471  4542474    0.18%
  51978 22325      648.3363   446      647.1625      648.3470  4550081    0.18%
  52053 22400      647.7812   294      647.1625      648.3470  4559542    0.18%
  52161 22481      647.4866   442      647.1625      648.3467  4568531    0.18%
  52248 22547      647.1793   330      647.1625      648.3465  4577403    0.18%
  52339 22627      647.3358   259      647.1625      648.3465  4588065    0.18%
  52449 22686      647.4520   404      647.1625      648.3463  4595238    0.18%
Elapsed time = 2058.98 sec. (2036195.40 ticks, tree = 54.93 MB, solutions = 5)
  52527 22742      648.0090   427      647.1625      648.3462  4604654    0.18%
  52591 22796      647.8703   432      647.1625      648.3462  4615149    0.18%
  52677 22865      647.4766   442      647.1625      648.3461  4625643    0.18%
  52756 22921      647.7280   428      647.1625      648.3458  4634984    0.18%
  52846 22979      648.2216   502      647.1625      648.3457  4643453    0.18%
  52930 23055      647.2305   273      647.1625      648.3457  4653477    0.18%
  53041 23129      647.6191   394      647.1625      648.3455  4661276    0.18%
  53116 23176      647.9411   480      647.1625      648.3454  4670216    0.18%
  53256 23310      648.1367   398      647.1625      648.3453  4678373    0.18%
  53363 23400      648.0597   428      647.1625      648.3452  4688904    0.18%
Elapsed time = 2095.74 sec. (2074787.88 ticks, tree = 56.60 MB, solutions = 5)
  53487 23489      647.1939   251      647.1625      648.3452  4696407    0.18%
  53577 23550      648.2523   476      647.1625      648.3452  4705025    0.18%
  53637 23610      647.8375   370      647.1625      648.3452  4715608    0.18%
  53726 23676      647.1686   384      647.1625      648.3447  4724473    0.18%
  53816 23744      647.9210   457      647.1625      648.3444  4733528    0.18%
  53891 23816      648.2434   451      647.1625      648.3444  4744338    0.18%
  53983 23891      648.2781   553      647.1625      648.3443  4753536    0.18%
  54061 23957      647.3566   381      647.1625      648.3443  4763242    0.18%
  54134 24018      647.5551   363      647.1625      648.3441  4772957    0.18%
  54251 24095      648.1329   533      647.1625      648.3440  4780722    0.18%
Elapsed time = 2132.45 sec. (2113454.84 ticks, tree = 58.22 MB, solutions = 5)
  54333 24164      647.7610   363      647.1625      648.3440  4789548    0.18%
  54479 24299      647.7188   465      647.1625      648.3440  4796966    0.18%
  54548 24351      647.7493   372      647.1625      648.3439  4806925    0.18%
  54641 24416      647.8533   455      647.1625      648.3439  4815469    0.18%
  54766 24508      647.1759   213      647.1625      648.3438  4824072    0.18%
  54887 24581      648.0977   451      647.1625      648.3434  4831930    0.18%
  54952 24646      647.4068   295      647.1625      648.3434  4843419    0.18%
  55041 24702      647.1672   382      647.1625      648.3433  4852314    0.18%
  55126 24768      648.2294   377      647.1625      648.3432  4861428    0.18%
  55238 24848      647.5792   456      647.1625      648.3431  4871578    0.18%
Elapsed time = 2169.43 sec. (2151972.35 ticks, tree = 59.99 MB, solutions = 5)
  55312 24901      648.0182   485      647.1625      648.3429  4879358    0.18%
  55407 24975      647.1784   262      647.1625      648.3428  4887283    0.18%
  55548 25059      648.1730   390      647.1625      648.3426  4896113    0.18%
  55635 25142      647.9710   323      647.1625      648.3426  4903856    0.18%
  55824 25325      647.3401   258      647.1625      648.3426  4912527    0.18%
  55909 25392      647.6152   310      647.1625      648.3424  4922403    0.18%
  56032 25456      647.1907   374      647.1625      648.3424  4930156    0.18%
  56109 25513      647.2892   450      647.1625      648.3422  4938672    0.18%
  56183 25564      647.9273   422      647.1625      648.3419  4947290    0.18%
  56295 25654      647.2285   295      647.1625      648.3417  4956299    0.18%
Elapsed time = 2206.54 sec. (2190321.92 ticks, tree = 61.93 MB, solutions = 5)
  56393 25722      647.1654   234      647.1625      648.3416  4963814    0.18%
  56467 25785      647.2493   382      647.1625      648.3416  4973933    0.18%
  56560 25851      647.1837   341      647.1625      648.3413  4982845    0.18%
  56634 25912      647.4806   335      647.1625      648.3412  4992727    0.18%
  56684 25956      648.0976   486      647.1625      648.3412  5002998    0.18%
  56764 26029      647.9633   365      647.1625      648.3412  5012124    0.18%
  56928 26184      647.3133   368      647.1625      648.3411  5020116    0.18%
  57027 26264      647.7774   378      647.1625      648.3410  5028670    0.18%
  57129 26346      647.6751   371      647.1625      648.3408  5038275    0.18%
  57214 26412      647.9066   433      647.1625      648.3408  5047468    0.18%
Elapsed time = 2243.16 sec. (2228679.20 ticks, tree = 63.74 MB, solutions = 5)
  57333 26507      647.5797   447      647.1625      648.3407  5056301    0.18%
  57416 26573      647.8120   306      647.1625      648.3407  5065674    0.18%
  57545 26664      647.1890   263      647.1625      648.3407  5074591    0.18%
  57652 26748      647.2192   277      647.1625      648.3406  5082759    0.18%
  57745 26811      648.0676   446      647.1625      648.3403  5091618    0.18%
  57838 26871      647.7787   447      647.1625      648.3402  5100929    0.18%
  57940 26950      647.7470   392      647.1625      648.3401  5109881    0.18%
  58041 27023      648.3128   400      647.1625      648.3400  5117491    0.18%
  58148 27106      648.1412   470      647.1625      648.3399  5127674    0.18%
  58248 27168      648.1245   342      647.1625      648.3399  5136209    0.18%
Elapsed time = 2280.75 sec. (2267156.46 ticks, tree = 65.56 MB, solutions = 5)
  58354 27256      648.2018   478      647.1625      648.3396  5145882    0.18%
  58425 27327      647.4448   313      647.1625      648.3396  5155956    0.18%
  58521 27403      647.3185   393      647.1625      648.3395  5165453    0.18%
  58609 27470      647.9238   415      647.1625      648.3394  5174502    0.18%
  58698 27548      647.8587   297      647.1625      648.3394  5184058    0.18%
  58827 27650      647.2589   301      647.1625      648.3393  5193515    0.18%
  58918 27715      648.2368   431      647.1625      648.3392  5202529    0.18%
  58987 27773      647.6407   481      647.1625      648.3392  5213045    0.18%
  59050 27812      648.1881   529      647.1625      648.3390  5224276    0.18%
  59140 27881      647.8818   345      647.1625      648.3390  5232629    0.18%
Elapsed time = 2318.01 sec. (2305535.12 ticks, tree = 67.20 MB, solutions = 5)
  59223 27959      647.7642   303      647.1625      648.3389  5240829    0.18%
  59392 28117      647.2364   274      647.1625      648.3389  5249146    0.18%
  59496 28189      647.3568   334      647.1625      648.3387  5257359    0.18%
  59593 28246      647.2188   370      647.1625      648.3386  5265558    0.18%
  59659 28296      647.5649   409      647.1625      648.3386  5275472    0.18%
  59751 28361      648.0963   439      647.1625      648.3384  5284474    0.18%
  59844 28431      647.7424   453      647.1625      648.3383  5293406    0.18%
  59915 28499      647.3090   352      647.1625      648.3383  5303745    0.18%
  60017 28573      647.1987   300      647.1625      648.3382  5311907    0.18%
  60113 28642      648.1893   421      647.1625      648.3381  5320595    0.18%
Elapsed time = 2354.95 sec. (2343988.15 ticks, tree = 69.00 MB, solutions = 5)
  60226 28734      647.7398   312      647.1625      648.3379  5329696    0.18%
  60353 28814      648.2998   463      647.1625      648.3379  5337908    0.18%
  60472 28922      647.9677   226      647.1625      648.3378  5345922    0.18%
* 60645 29071      integral     0      647.1628      648.3378  5349949    0.18%
* 60663 28264      integral     0      647.1802      648.3378  5350017    0.18%
  60727 28317      647.9058   463      647.1802      648.3378  5359392    0.18%
  60814 28395      647.2586   238      647.1802      648.3378  5367912    0.18%
  60951 28490      647.4201   399      647.1802      648.3377  5376482    0.18%
  61048 28557      647.9160   361      647.1802      648.3375  5385053    0.18%
  61138 28627      647.5360   396      647.1802      648.3375  5394866    0.18%
Elapsed time = 2387.61 sec. (2376344.54 ticks, tree = 68.84 MB, solutions = 7)
  61239 28693      647.6918   365      647.1802      648.3374  5403667    0.18%
  61311 28753      647.9857   424      647.1802      648.3374  5413113    0.18%
  61409 28829      648.2784   392      647.1802      648.3374  5422660    0.18%
  61513 28910      648.1320   401      647.1802      648.3374  5432996    0.18%
  61602 28973      648.2530   459      647.1802      648.3372  5441238    0.18%
  61686 29038      647.4109   482      647.1802      648.3372  5449860    0.18%
  61753 29096      647.4639   330      647.1802      648.3372  5459865    0.18%
  61886 29183      647.1853   215      647.1802      648.3372  5466976    0.18%
  62050 29343      647.3385   140      647.1802      648.3370  5474337    0.18%
  62209 29465      648.2178   471      647.1802      648.3367  5483082    0.18%
Elapsed time = 2425.38 sec. (2415011.67 ticks, tree = 70.86 MB, solutions = 7)
  62276 29528      647.3110   373      647.1802      648.3367  5493646    0.18%
  62362 29586      647.1850   300      647.1802      648.3365  5502356    0.18%
  62470 29677      647.2493   305      647.1802      648.3364  5511284    0.18%
  62549 29732      648.2453   462      647.1802      648.3362  5520918    0.18%
  62664 29817      647.7694   426      647.1802      648.3361  5529761    0.18%
  62756 29889      648.0359   411      647.1802      648.3361  5538727    0.18%
  62853 29978      647.2894   312      647.1802      648.3361  5547615    0.18%
  62949 30049      647.3407   525      647.1802      648.3361  5555784    0.18%
  63038 30110      648.0527   463      647.1802      648.3360  5563258    0.18%
  63116 30187      647.3397   207      647.1802      648.3360  5575075    0.18%
Elapsed time = 2462.06 sec. (2453579.37 ticks, tree = 72.54 MB, solutions = 7)
  63266 30298      647.6035   177      647.1802      648.3359  5581933    0.18%
  63432 30442      648.1948   373      647.1802      648.3357  5589839    0.18%
  63514 30514      647.8546   420      647.1802      648.3354  5600197    0.18%
  63611 30597      648.0704   418      647.1802      648.3354  5611341    0.18%
  63708 30674      648.0147   329      647.1802      648.3353  5619670    0.18%
  63811 30743      648.1374   458      647.1802      648.3352  5628732    0.18%
  63898 30830      647.5574   289      647.1802      648.3352  5639167    0.18%
  64011 30889      648.3019   344      647.1802      648.3350  5647040    0.18%
  64151 30993      647.1899   312      647.1802      648.3350  5654379    0.18%
  64237 31057      647.7718   430      647.1802      648.3350  5663510    0.18%
Elapsed time = 2500.33 sec. (2492207.64 ticks, tree = 74.62 MB, solutions = 7)
  64348 31145      647.6743   298      647.1802      648.3349  5673007    0.18%
  64424 31191      647.8933   506      647.1802      648.3345  5680850    0.18%
  64542 31284      647.9549   379      647.1802      648.3343  5689837    0.18%
  64632 31353      647.9103   494      647.1802      648.3341  5699913    0.18%
  64722 31412      648.0927   427      647.1802      648.3340  5707862    0.18%
  64829 31480      647.1918   227      647.1802      648.3340  5714972    0.18%
  64896 31540      647.7830   428      647.1802      648.3340  5724455    0.18%
  64990 31618      648.1231   373      647.1802      648.3338  5734030    0.18%
  65123 31695      647.8861   413      647.1802      648.3338  5741831    0.18%
  65210 31751      648.1789   407      647.1802      648.3338  5750122    0.18%
Elapsed time = 2537.14 sec. (2530597.07 ticks, tree = 76.27 MB, solutions = 7)
  65313 31827      647.7330   334      647.1802      648.3338  5759771    0.18%
  65417 31908      647.5394   378      647.1802      648.3336  5767940    0.18%
  65508 31972      648.2472   551      647.1802      648.3335  5776146    0.18%
  65568 32031      647.3494   361      647.1802      648.3335  5786401    0.18%
  65715 32141      647.9266   299      647.1802      648.3332  5793799    0.18%
  65863 32260      648.1362   470      647.1802      648.3331  5802145    0.18%
  66078 32463      648.2290   632      647.1802      648.3329  5810453    0.18%
  66121 32506      647.9983   416      647.1802      648.3329  5821237    0.18%
  66195 32580      647.3255   294      647.1802      648.3329  5832736    0.18%
  66308 32640      647.2902   428      647.1802      648.3327  5841252    0.18%
Elapsed time = 2574.99 sec. (2568975.18 ticks, tree = 78.40 MB, solutions = 7)
  66380 32692      648.0506   417      647.1802      648.3326  5850370    0.18%
  66491 32781      648.2423   358      647.1802      648.3324  5858023    0.18%
  66634 32892      647.1880   137      647.1802      648.3322  5866409    0.18%
  66775 32999      647.3024   252      647.1802      648.3321  5873615    0.18%
  66901 33093      648.0210   248      647.1802      648.3320  5881712    0.18%
  67005 33180      647.7453   364      647.1802      648.3320  5890361    0.18%
  67146 33272      648.0616   420      647.1802      648.3319  5897128    0.18%
  67249 33369      647.6702   285      647.1802      648.3318  5906730    0.18%
  67374 33449      647.5645   400      647.1802      648.3317  5915945    0.18%
  67522 33589      647.5106   188      647.1802      648.3317  5922975    0.18%
Elapsed time = 2613.13 sec. (2607349.20 ticks, tree = 82.04 MB, solutions = 7)
  67673 33720      648.1980   326      647.1802      648.3317  5931861    0.18%
  67805 33806      648.2340   369      647.1802      648.3316  5941440    0.18%
  67928 33894      647.2228   375      647.1802      648.3316  5949811    0.18%
  68012 33957      647.7250   440      647.1802      648.3314  5958144    0.18%
  68081 34016      647.8388   371      647.1802      648.3312  5968137    0.18%
  68174 34096        cutoff            647.1802      648.3312  5976896    0.18%
  68287 34188      647.5749   288      647.1802      648.3312  5984664    0.18%
  68381 34267      648.1640   286      647.1802      648.3311  5994247    0.18%
  68526 34386      647.1873   197      647.1802      648.3310  6003593    0.18%
  68595 34436      647.2984   420      647.1802      648.3308  6013287    0.18%
Elapsed time = 2650.87 sec. (2645904.95 ticks, tree = 84.08 MB, solutions = 7)
  68651 34483      647.8402   381      647.1802      648.3308  6023664    0.18%
  68741 34548      648.1137   374      647.1802      648.3307  6033310    0.18%
  68921 34723      648.1440   488      647.1802      648.3307  6041066    0.18%
  69001 34783      648.2968   500      647.1802      648.3306  6049641    0.18%
  69061 34843      647.8587   377      647.1802      648.3306  6060346    0.18%
  69174 34918      648.1940   394      647.1802      648.3305  6069510    0.18%
  69311 35035      648.1029   334      647.1802      648.3304  6076319    0.18%
  69441 35141      648.1723   403      647.1802      648.3303  6084453    0.18%
  69541 35216      647.7332   349      647.1802      648.3302  6094184    0.18%
  69681 35310      647.2173   235      647.1802      648.3302  6101763    0.18%
Elapsed time = 2688.50 sec. (2684329.04 ticks, tree = 86.19 MB, solutions = 7)
  69777 35369      647.9465   487      647.1802      648.3301  6110598    0.18%
  69856 35432      648.0944   548      647.1802      648.3301  6119891    0.18%
  69943 35497      647.2193   265      647.1802      648.3300  6127848    0.18%
  70033 35562      647.9295   306      647.1802      648.3299  6135015    0.18%
  70136 35637      647.7825   423      647.1802      648.3297  6143828    0.18%
  70226 35707      648.0227   401      647.1802      648.3297  6152824    0.18%
  70429 35907      647.9703   331      647.1802      648.3297  6161015    0.18%
  70541 35991      648.2501   392      647.1802      648.3295  6169111    0.18%
  70658 36077      648.0117   500      647.1802      648.3295  6177465    0.18%
  70749 36158        cutoff            647.1802      648.3295  6186332    0.18%
Elapsed time = 2726.17 sec. (2722708.55 ticks, tree = 88.23 MB, solutions = 7)
  70890 36254      647.2899   324      647.1802      648.3294  6193260    0.18%
  71019 36350      647.6277   216      647.1802      648.3293  6201202    0.18%
  71130 36434      647.5893   264      647.1802      648.3293  6210904    0.18%
  71210 36493      648.0097   410      647.1802      648.3291  6220223    0.18%
  71304 36561      648.1247   355      647.1802      648.3291  6228070    0.18%
  71417 36659      647.2157   224      647.1802      648.3291  6237473    0.18%
  71594 36780      647.2892   220      647.1802      648.3290  6244525    0.18%
  71683 36848      647.2832   475      647.1802      648.3289  6253283    0.18%
  71776 36932      647.4289   255      647.1802      648.3289  6263304    0.18%
  71878 36998      648.1291   374      647.1802      648.3286  6271221    0.18%
Elapsed time = 2763.95 sec. (2761031.28 ticks, tree = 90.20 MB, solutions = 7)
  71998 37100      647.3101   242      647.1802      648.3286  6278476    0.18%
  72112 37170      648.0847   384      647.1802      648.3285  6288131    0.18%
  72254 37278      647.5067   350      647.1802      648.3284  6295549    0.18%
  72332 37338      647.2777   292      647.1802      648.3284  6305114    0.18%
  72401 37401      647.7692   378      647.1802      648.3284  6314688    0.18%
  72516 37466      647.4586   501      647.1802      648.3283  6323561    0.18%
  72619 37539      647.8411   325      647.1802      648.3283  6330840    0.18%
  72737 37628      648.0964   433      647.1802      648.3282  6339152    0.18%
  72838 37696      647.8892   293      647.1802      648.3282  6347672    0.18%
  73025 37847      647.2156   194      647.1802      648.3281  6354948    0.18%
Elapsed time = 2802.15 sec. (2799484.76 ticks, tree = 92.21 MB, solutions = 7)
  73166 37980      647.4322   179      647.1802      648.3280  6362676    0.18%
  73289 38093      647.5348   341      647.1802      648.3279  6372609    0.18%
  73381 38157      647.8447   501      647.1802      648.3278  6381532    0.18%
  73494 38240      647.9712   443      647.1802      648.3276  6390005    0.18%
  73581 38320      647.9895   347      647.1802      648.3275  6398991    0.18%
  73691 38391      648.2589   508      647.1802      648.3275  6408289    0.18%
  73811 38486      647.9710   374      647.1802      648.3275  6415826    0.18%
  73899 38566      647.2855   319      647.1802      648.3275  6426227    0.18%
  74027 38661      647.4793   505      647.1802      648.3273  6433808    0.18%
  74154 38758      648.2176   543      647.1802      648.3273  6441715    0.18%
Elapsed time = 2840.57 sec. (2838161.04 ticks, tree = 94.39 MB, solutions = 7)
  74201 38805      648.0795   439      647.1802      648.3273  6452555    0.18%
  74279 38870      647.8117   524      647.1802      648.3272  6463101    0.18%
  74378 38944      648.0984   415      647.1802      648.3271  6471917    0.18%
  74605 39165      648.0596   319      647.1802      648.3271  6479718    0.18%
  74690 39237      647.6476   434      647.1802      648.3270  6489396    0.18%
  74796 39324      647.1991   196      647.1802      648.3270  6498305    0.18%
  74892 39380      647.2338   301      647.1802      648.3268  6505967    0.18%
  74982 39453      647.7853   546      647.1802      648.3267  6514290    0.18%
  75038 39508      647.4251   351      647.1802      648.3267  6525496    0.18%
  75130 39570      648.3185   391      647.1802      648.3266  6533720    0.18%
Elapsed time = 2877.25 sec. (2876670.66 ticks, tree = 96.35 MB, solutions = 7)
  75217 39643      647.4390   561      647.1802      648.3265  6541394    0.18%
  75323 39705      647.9720   327      647.1802      648.3265  6550321    0.18%
  75432 39790      648.1570   438      647.1802      648.3263  6558340    0.18%
  75556 39889      647.3721   343      647.1802      648.3262  6566263    0.18%
  75645 39967      647.9703   297      647.1802      648.3262  6575120    0.18%
  75767 40041      647.2088   403      647.1802      648.3261  6584379    0.18%
  75938 40205      647.2059   124      647.1802      648.3261  6592234    0.18%
  76019 40264      647.4172   389      647.1802      648.3260  6600306    0.18%
  76132 40356      648.0710   316      647.1802      648.3260  6607934    0.18%
  76268 40463      648.2506   393      647.1802      648.3259  6615681    0.18%
Elapsed time = 2914.69 sec. (2915052.82 ticks, tree = 98.50 MB, solutions = 7)
  76389 40560      647.8932   532      647.1802      648.3258  6623498    0.18%
  76447 40618      647.6620   351      647.1802      648.3258  6633944    0.18%
  76561 40715      647.2562   341      647.1802      648.3257  6642799    0.18%
  76657 40787      647.2383   244      647.1802      648.3255  6650899    0.18%
  76791 40883      647.9622   321      647.1802      648.3255  6659207    0.18%
  76926 40977      647.1834   239      647.1802      648.3255  6666451    0.18%
  77010 41037      648.1990   383      647.1802      648.3254  6674490    0.18%
  77111 41119      648.1162   339      647.1802      648.3254  6683404    0.18%
  77240 41223      647.8788   223      647.1802      648.3254  6691259    0.18%
  77480 41447      647.1925   287      647.1802      648.3254  6699794    0.18%
Elapsed time = 2952.64 sec. (2953536.88 ticks, tree = 100.90 MB, solutions = 7)
  77625 41557      647.4482   231      647.1802      648.3253  6707337    0.18%
  77704 41624      647.4276   395      647.1802      648.3252  6716713    0.18%
  77819 41693      648.2128   328      647.1802      648.3250  6724233    0.18%
  77944 41797      647.8837   288      647.1802      648.3249  6732347    0.18%
  78052 41899      647.7166   290      647.1802      648.3249  6741753    0.18%
  78190 41999      648.0283   371      647.1802      648.3248  6749602    0.18%
  78279 42063      648.1434   483      647.1802      648.3247  6756895    0.18%
  78370 42140      647.3641   319      647.1802      648.3247  6765857    0.18%
  78488 42220      647.2010   221      647.1802      648.3247  6772919    0.18%
  78605 42311      647.2776   165      647.1802      648.3246  6780685    0.18%
Elapsed time = 2989.91 sec. (2991873.76 ticks, tree = 102.96 MB, solutions = 7)
  78706 42388      647.7566   430      647.1802      648.3245  6788912    0.18%
  78782 42458      647.7134   423      647.1802      648.3245  6798385    0.18%
  78896 42554      647.4089   411      647.1802      648.3244  6806911    0.18%
  78971 42607      647.6918   371      647.1802      648.3244  6815927    0.18%
  79072 42690      647.7741   464      647.1802      648.3244  6825463    0.18%
  79184 42762      648.2467   426      647.1802      648.3242  6833357    0.18%
  79305 42859      648.0646   381      647.1802      648.3241  6840745    0.18%
  79408 42945      647.3409   343      647.1802      648.3239  6850461    0.18%
  79518 43026      647.5842   311      647.1802      648.3238  6858336    0.18%
  79586 43088      647.5907   447      647.1802      648.3237  6867755    0.18%
Elapsed time = 3026.62 sec. (3030474.25 ticks, tree = 104.79 MB, solutions = 7)
  79678 43159      647.3187   331      647.1802      648.3237  6877140    0.18%
  79806 43261      647.2984   231      647.1802      648.3235  6885152    0.18%
  80066 43494      648.1081   349      647.1802      648.3235  6893863    0.18%
  80191 43590      647.3071   284      647.1802      648.3233  6902887    0.18%
  80301 43667      648.0361   498      647.1802      648.3232  6911033    0.18%
  80383 43743      647.8117   304      647.1802      648.3231  6920560    0.18%
  80491 43801      648.3041   476      647.1802      648.3231  6929038    0.18%
  80610 43895      647.9494   357      647.1802      648.3230  6936768    0.18%
  80725 43986      647.3219   284      647.1802      648.3230  6946178    0.18%
  80834 44048      647.8669   419      647.1802      648.3230  6953028    0.18%
Elapsed time = 3064.45 sec. (3068892.00 ticks, tree = 107.10 MB, solutions = 7)
  80909 44102      647.5196   515      647.1802      648.3230  6961458    0.18%
  80989 44163      647.8432   322      647.1802      648.3229  6970747    0.18%
  81090 44239      648.1291   469      647.1802      648.3229  6979900    0.18%
  81196 44337      647.7981   243      647.1802      648.3228  6988286    0.18%
  81368 44495      648.1742   394      647.1802      648.3228  6996051    0.18%
  81473 44580      647.3269   327      647.1802      648.3227  7005676    0.18%
  81620 44703      647.7817   251      647.1802      648.3227  7012552    0.18%
  81726 44785      647.9850   411      647.1802      648.3224  7021166    0.18%
  81828 44860      647.5345   436      647.1802      648.3224  7029578    0.18%
  81948 44963      647.3111   215      647.1802      648.3222  7037634    0.18%
Elapsed time = 3101.88 sec. (3107200.74 ticks, tree = 109.31 MB, solutions = 7)
  82060 45049      647.8387   337      647.1802      648.3221  7046351    0.18%
  82176 45139      647.3067   299      647.1802      648.3220  7055640    0.18%
  82277 45207      648.1855   305      647.1802      648.3220  7063268    0.18%
  82392 45298      647.1820   261      647.1802      648.3220  7071034    0.18%
  82495 45382      647.2106   219      647.1802      648.3219  7081097    0.18%
  82613 45477      647.8540   289      647.1802      648.3217  7089490    0.18%
  82801 45654      647.2301   298      647.1802      648.3217  7097140    0.18%
  82900 45727      647.9494   478      647.1802      648.3215  7104964    0.18%
  82961 45786      647.2805   366      647.1802      648.3215  7116117    0.18%
  83057 45856      647.9272   315      647.1802      648.3215  7124552    0.18%
Elapsed time = 3139.34 sec. (3145609.69 ticks, tree = 111.47 MB, solutions = 7)
  83149 45932      648.1088   351      647.1802      648.3214  7133738    0.18%
  83269 46022      648.0877   370      647.1802      648.3214  7141757    0.18%
  83407 46106      648.2152   404      647.1802      648.3214  7149601    0.18%
  83496 46164      648.0829   412      647.1802      648.3214  7158605    0.18%
  83607 46255      647.4020   474      647.1802      648.3212  7166115    0.18%
  83676 46318      647.5802   320      647.1802      648.3212  7176264    0.18%
  83778 46402      648.0205   396      647.1802      648.3211  7184425    0.18%
  83937 46525      647.2347   223      647.1802      648.3211  7191686    0.18%
  83990 46567      647.6072   492      647.1802      648.3211  7200467    0.18%
  84074 46615      648.1120   533      647.1802      648.3211  7209862    0.18%
Elapsed time = 3176.21 sec. (3184161.79 ticks, tree = 113.27 MB, solutions = 7)
  84256 46797      647.2480   100      647.1802      648.3211  7217583    0.18%
  84416 46914      648.2141   393      647.1802      648.3209  7225367    0.18%
  84498 46982      647.5456   397      647.1802      648.3208  7234879    0.18%
  84593 47054      647.2175   305      647.1802      648.3208  7244111    0.18%
  84712 47158      647.3933   217      647.1802      648.3207  7252657    0.18%
  84823 47250      648.0031   479      647.1802      648.3207  7261232    0.18%
  84902 47322      648.0321   598      647.1802      648.3206  7272326    0.18%
  84993 47394      648.2222   421      647.1802      648.3205  7281324    0.18%
  85084 47466      647.5670   304      647.1802      648.3205  7289508    0.18%
  85183 47556      647.5304   274      647.1802      648.3205  7298444    0.18%
Elapsed time = 3213.74 sec. (3222695.36 ticks, tree = 115.54 MB, solutions = 7)
  85315 47640      648.2428   491      647.1802      648.3204  7306236    0.18%
  85430 47725      648.2657   393      647.1802      648.3204  7313406    0.18%
  85547 47812      647.2082   389      647.1802      648.3204  7321044    0.18%
  85651 47888      647.8403   449      647.1802      648.3203  7329693    0.18%
  85765 47981      647.8449   268      647.1802      648.3203  7337559    0.18%
  85908 48085      648.0814   559      647.1802      648.3202  7345619    0.18%
  85957 48134      647.5258   446      647.1802      648.3202  7356123    0.18%
Starting limited solution polishing.
  86045 48177      647.9171   444      647.1802      648.3201  7363940    0.18%
  86133 48244      647.8212   376      647.1802      648.3200  7372342    0.18%
  86214 48307      647.5289   529      647.1802      648.3200  7381900    0.18%
Elapsed time = 3250.59 sec. (3261282.02 ticks, tree = 117.33 MB, solutions = 7)
  86281 48355      647.4024   423      647.1802      648.3199  7390303    0.18%
  86376 48433      647.9114   286      647.1802      648.3198  7398489    0.18%
  86513 48544      647.2782   235      647.1802      648.3197  7405764    0.18%
  86619 48621      647.4369   252      647.1802      648.3196  7413479    0.18%
  86728 48692      648.2527   394      647.1802      648.3196  7420609    0.18%
  86808 48761      647.5537   282      647.1802      648.3196  7426697    0.18%
  86897 48832      647.9605   301      647.1802      648.3196  7432302    0.18%
  87070 48997      647.9984   565      647.1802      648.3196  7439704    0.18%
  87108 49035      647.2982   455      647.1802      648.3196  7447711    0.18%
  87181 49082      647.9865   324      647.1802      648.3195  7455336    0.18%
Elapsed time = 3289.26 sec. (3299878.65 ticks, tree = 119.21 MB, solutions = 7)
  87261 49149      647.4286   528      647.1802      648.3195  7464367    0.18%
  87336 49201      647.9160   324      647.1802      648.3195  7470804    0.18%
  87437 49281      648.2261   529      647.1802      648.3195  7478504    0.18%
  87515 49339      648.2619   443      647.1802      648.3195  7485489    0.18%
  87591 49401      647.8719   367      647.1802      648.3194  7492482    0.18%
  87681 49484      647.8286   295      647.1802      648.3194  7502060    0.18%
  87788 49560      648.2342   399      647.1802      648.3193  7508551    0.18%
  87900 49654      647.3304   309      647.1802      648.3192  7515175    0.18%
  87988 49719      647.8486   468      647.1802      648.3190  7523407    0.18%
  88054 49765      647.2349   315      647.1802      648.3190  7534526    0.18%
Elapsed time = 3327.01 sec. (3338717.81 ticks, tree = 120.82 MB, solutions = 7)
  88146 49839      648.2296   510      647.1802      648.3189  7542292    0.18%
  88275 49968      647.5367   168      647.1802      648.3189  7548072    0.18%
  88385 50065      647.1829   403      647.1802      648.3189  7553984    0.18%
  88440 50108        cutoff            647.1802      648.3188  7563169    0.18%
  88522 50171      648.0214   349      647.1802      648.3188  7569598    0.18%
  88621 50258      648.2908   457      647.1802      648.3187  7576547    0.18%
  88714 50341      647.1865   231      647.1802      648.3187  7584297    0.18%
  88801 50408      647.5375   386      647.1802      648.3186  7591339    0.18%
  88874 50464      647.7168   428      647.1802      648.3186  7599699    0.18%
  88981 50551      647.2075   207      647.1802      648.3185  7607120    0.18%
Elapsed time = 3365.16 sec. (3377492.16 ticks, tree = 122.71 MB, solutions = 7)
  89077 50630      647.5454   313      647.1802      648.3185  7615193    0.18%
  89181 50707      648.2007   293      647.1802      648.3184  7622272    0.18%
  89281 50792      648.1682   394      647.1802      648.3183  7630699    0.18%
  89378 50868      648.2101   528      647.1802      648.3183  7641167    0.18%
  89463 50941      648.1175   265      647.1802      648.3183  7647268    0.18%
* 89662 45326      integral     0      647.2575      648.3183  7653259    0.16%
  89742 45388      647.5334   484      647.2575      648.3182  7660196    0.16%
  89801 45431      647.6519   332      647.2575      648.3181  7667392    0.16%
  89890 45501      647.9023   488      647.2575      648.3181  7676796    0.16%
  89981 45579      647.2916   247      647.2575      648.3180  7683552    0.16%
Elapsed time = 3403.93 sec. (3416903.00 ticks, tree = 109.69 MB, solutions = 8)
  90082 45645      648.2374   477      647.2575      648.3180  7691489    0.16%
  90171 45731      647.2964   254      647.2575      648.3180  7701689    0.16%
  90278 45812      647.3010   325      647.2575      648.3177  7709221    0.16%
  90364 45879      648.1863   409      647.2575      648.3177  7715943    0.16%
  90459 45963      647.5338   381      647.2575      648.3177  7723640    0.16%
  90548 46036      647.3280   324      647.2575      648.3177  7731039    0.16%
  90664 46128      648.0023   345      647.2575      648.3176  7737810    0.16%
  90751 46195      647.8832   509      647.2575      648.3176  7744451    0.16%
  90823 46259      648.2291   521      647.2575      648.3175  7753898    0.16%
  90942 46378      647.5134   154      647.2575      648.3175  7760834    0.16%
Elapsed time = 3440.92 sec. (3455404.13 ticks, tree = 111.61 MB, solutions = 8)
  91060 46480      648.2176   363      647.2575      648.3174  7768169    0.16%
  91154 46559      647.2742   222      647.2575      648.3174  7774735    0.16%
  91210 46608      647.8377   371      647.2575      648.3174  7783064    0.16%
  91325 46694      647.4553   271      647.2575      648.3174  7791304    0.16%
  91455 46790      647.2744   239      647.2575      648.3174  7797438    0.16%
  91542 46864      648.0643   301      647.2575      648.3173  7803697    0.16%
  91657 46965      647.3548   192      647.2575      648.3173  7811277    0.16%
  91738 47017      647.3885   406      647.2575      648.3172  7817621    0.16%
  91813 47067      647.2678   402      647.2575      648.3172  7824241    0.16%
  91894 47128      647.9800   461      647.2575      648.3171  7830835    0.16%
Elapsed time = 3478.45 sec. (3493807.54 ticks, tree = 113.43 MB, solutions = 8)
  91965 47183      647.8313   464      647.2575      648.3170  7839997    0.16%
  92060 47249      648.2322   424      647.2575      648.3170  7846855    0.16%
  92149 47317      647.3014   253      647.2575      648.3169  7853376    0.16%
  92209 47364      647.7719   322      647.2575      648.3169  7861623    0.16%
  92321 47449      647.9966   433      647.2575      648.3168  7869921    0.16%
  92422 47531      648.0302   363      647.2575      648.3167  7877289    0.16%
  92495 47573      647.3999   459      647.2575      648.3165  7883389    0.16%
  92584 47636      647.2795   251      647.2575      648.3165  7892121    0.16%
  92717 47729      648.2033   304      647.2575      648.3163  7899119    0.16%
  92802 47795      648.2529   339      647.2575      648.3163  7904903    0.16%
Elapsed time = 3515.60 sec. (3532361.20 ticks, tree = 115.02 MB, solutions = 8)
  92881 47856      647.2637   494      647.2575      648.3162  7912132    0.16%
  92975 47926      647.2693   348      647.2575      648.3162  7919826    0.16%
  93094 48010      647.2606   147      647.2575      648.3162  7925256    0.16%
  93174 48080      647.4531   339      647.2575      648.3161  7935037    0.16%
  93255 48139      647.5659   316      647.2575      648.3160  7941479    0.16%
  93340 48206      648.2614   306      647.2575      648.3159  7947746    0.16%
  93481 48317      647.9120   207      647.2575      648.3159  7954363    0.16%
* 93633 47163      integral     0      647.2774      648.3159  7958800    0.16%
  93681 47210      647.4001   371      647.2774      648.3158  7967914    0.16%
  93778 47264      647.5637   568      647.2774      648.3158  7976382    0.16%
Elapsed time = 3551.98 sec. (3569664.19 ticks, tree = 113.61 MB, solutions = 9)
  93862 47328      647.8207   417      647.2774      648.3158  7983286    0.16%
  93970 47396      647.2797   214      647.2774      648.3158  7992808    0.16%
  94019 47430      648.2966   448      647.2774      648.3157  7997664    0.16%
  94103 47494      647.7845   460      647.2774      648.3157  8003710    0.16%
  94198 47575      647.4047   256      647.2774      648.3157  8008421    0.16%
  94292 47636      647.3043   315      647.2774      648.3157  8016476    0.16%
  94381 47709      647.4313   505      647.2774      648.3156  8024029    0.16%
  94481 47782      647.3149   214      647.2774      648.3156  8031093    0.16%
  94581 47861      647.6924   304      647.2774      648.3155  8039952    0.16%

Flow cuts applied:  68
Mixed integer rounding cuts applied:  257
Lift and project cuts applied:  23
Gomory fractional cuts applied:  18
User cuts applied:  966

Root node processing (before b&c):
  Real time             =    3.90 sec. (3649.09 ticks)
Sequential b&c:
  Real time             = 3596.10 sec. (3615653.20 ticks)
                          ------------
Total (root+branch&cut) = 3600.00 sec. (3619302.29 ticks)
|V|                                     700
K                                       140
theta                                   0.20
r                                       2
R                                       20
prob_func                               facility_mixture
mixture_low_share                       0.100000
mixture_low_interval                    [0.001000, 0.010000]
mixture_high_interval                   [0.100000, 0.500000]
mixture_seed                            1
#C1                                     1162
#CP                                     59570

@Parameters: 
am_callback_heuristic                   false
am_local_search                         true
am_start_heuristic                      false
colocation                              true
comp                                    false
cutC                                    true
cutC_init                               false
cutF                                    false
cutF_init                               false
cutF_stable                             false
cutF_wrong                              false
cutLocal                                false
cutM                                    true
cutM_init                               true
cutM_stable                             false
cutP                                    true
cutP_init                               false
cutP_stable                             false
init                                    true
init_cutF_zero                          false
init_val_greedy                         true
is_Euclidean                            false
is_local_search                         false
is_right_cutP                           true
is_root                                 false
is_silent                               false
is_start                                false
mycut                                   false
pmed                                    false
pre                                     true
stable_root                             false
str                                     false
two_phase                               false
ubstr                                   false
mode                                    Int

am_callback_node_space                  50
init                                    0
mixture_seed                            1
node_space                              5
nodelimit                               -1
nsepa                                   1
strF                                    0
type_delta                              0

EPS                                     0.001000
EPS_FRAC                                0.00
gap                                     0.00
mixture_high_max                        0.50
mixture_high_min                        0.10
mixture_low_max                         0.01
mixture_low_min                         0.00
mixture_low_share                       0.10
timelimit                               3600.00

Number of Closed Sites: 5 / 700 
Number of Confined Sites-1: 5 / 695 
Number of Confined Sites-k: 690 / 3674 
Preprocess Time: 1.92 + 0.00 sec

Solve Time: 3600.00
Number of Nodes: 94990
Termination Status: TIME_LIMIT

CutInfo: [phase] num / time (sec) / aver. num_nonzero
max              [LP]     0 / 0.00 / 0.00 [init]   460 / 0.01 / 1.80 [rLC]   402 / 0.02 / 6.03 [rUC]   710 / 0.09 / 3.61 [sLC]    95 / 0.17 / 4.47 [sUC]   538 / 1.83 / 3.94 
prod_oa          [LP]     0 / 0.00 / 0.00 [init]   212 / 0.01 / 39.45 [rLC]   391 / 0.02 / 68.92 [rUC]   645 / 0.20 / 46.20 [sLC]   398 / 0.30 / 41.76 [sUC]  1142 / 4.21 / 38.62 
prod_sm_fixed    [LP]     0 / 0.00 / 0.00 [init]     0 / 0.00 / 0.00 [rLC]     0 / 0.00 / 0.00 [rUC]     0 / 0.00 / 0.00 [sLC]     0 / 0.00 / 0.00 [sUC]     0 / 0.00 / 0.00 
prod_bin         [LP]     0 / 0.00 / 0.00 [init]     0 / 0.00 / 0.00 [rLC]     0 / 0.00 / 0.00 [rUC]     0 / 0.00 / 0.00 [sLC]     0 / 0.00 / 0.00 [sUC]     0 / 0.00 / 0.00 
prod_local       [LP]     0 / 0.00 / 0.00 [init]     0 / 0.00 / 0.00 [rLC]     0 / 0.00 / 0.00 [rUC]     0 / 0.00 / 0.00 [sLC]     0 / 0.00 / 0.00 [sUC]     0 / 0.00 / 0.00 
prod_sm_C        [LP]     0 / 0.00 / 0.00 [init]     0 / 0.00 / 0.00 [rLC]     0 / 0.00 / 0.00 [rUC]     0 / 0.00 / 0.00 [sLC]     0 / 0.00 / 0.00 [sUC]     0 / 0.00 / 0.00 
facet            [LP]     0 / 0.00 / 0.00 [init]     0 / 0.00 / 0.00 [rLC]     0 / 0.00 / 0.00 [rUC]     0 / 0.00 / 0.00 [sLC]     0 / 0.00 / 0.00 [sUC]     0 / 0.00 / 0.00 
Separation Round:   [LP] 0  [init] 1  [rLC] 2  [rUC] 17  [sLC] 27  [sUC] 176218  
Root Best Bound 651.235492
Root Best Integer: 646.174645
Best Bound: 648.315450
Best Integer: 647.277421
1: 1, 2, 6, 23, 26, 38, 49, 52, 53, 56, 57, 60, 64, 68, 77, 81, 82, 85, 97, 103, 108, 116, 124, 125, 130, 131, 137, 143, 145, 146, 148, 171, 174, 182, 193, 195, 197, 202, 206, 217, 218, 238, 240, 241, 246, 247, 252, 255, 260, 263, 264, 268, 277, 282, 287, 294, 300, 303, 310, 315, 317, 319, 324, 333, 335, 336, 338, 348, 352, 357, 363, 370, 373, 378, 381, 386, 397, 406, 414, 425, 435, 449, 456, 458, 462, 463, 464, 470, 471, 472, 476, 485, 498, 506, 515, 519, 537, 539, 553, 564, 565, 574, 576, 592, 597, 598, 600, 601, 602, 609, 612, 613, 617, 618, 624, 642, 650, 653, 667, 668, 671, 680, 682, 686, 691, 694, 697, 700
2: 134, 138, 503
3: 329, 655
Objective Value (calc): 647.228283
sum_etaM = 471.937780 / 471.936905
sum_etaP = 691.112331 / 691.051127
nL: 133
nCL: 5
mCL: 3
