Version identifier: 20.1.0.0 | 2020-11-10 | 9bedb6d68
CPXPARAM_Threads                                 1
CPXPARAM_TimeLimit                               3600
CPXPARAM_MIP_Tolerances_MIPGap                   0
Generic callback                                 0x60
1 of 1 MIP starts provided solutions.
MIP start 'm1' defined initial solution with objective 501.0458.
Tried aggregator 2 times.
MIP Presolve eliminated 14 rows and 8 columns.
Aggregator did 6 substitutions.
Reduced MIP has 2101 rows, 2386 columns, and 18429 nonzeros.
Reduced MIP has 596 binaries, 590 generals, 0 SOSs, and 0 indicators.
Presolve time = 0.01 sec. (6.96 ticks)
Probing time = 0.00 sec. (0.95 ticks)
Tried aggregator 1 time.
Reduced MIP has 2101 rows, 2386 columns, and 18429 nonzeros.
Reduced MIP has 596 binaries, 590 generals, 0 SOSs, and 0 indicators.
Presolve time = 0.01 sec. (4.11 ticks)
Probing time = 0.00 sec. (0.95 ticks)
MIP emphasis: balance optimality and feasibility.
MIP search method: dynamic search.
Parallel mode: none, using 1 thread.
Root relaxation solution time = 0.06 sec. (61.52 ticks)

        Nodes                                         Cuts/
   Node  Left     Objective  IInf  Best Integer    Best Bound    ItCnt     Gap

*     0+    0                          501.0458      600.0000            19.75%
      0     0      517.7413    92      501.0458      517.7413     1795    3.33%
      0     0      505.2594   182      501.0458     Cuts: 625     2349    0.84%
      0     0      504.4791   169      501.0458     Cuts: 387     2692    0.69%
      0     0      504.3156   171      501.0458     Cuts: 277     2928    0.65%
      0     0      504.1379   191      501.0458      Cuts: 79     3086    0.62%
      0     0      504.0481   198      501.0458     Cuts: 101     3247    0.60%
      0     0      504.0159   209      501.0458     Cuts: 157     3353    0.59%
      0     0      503.9793   209      501.0458      Cuts: 47     3483    0.59%
      0     0      503.9546   205      501.0458      Cuts: 54     3597    0.58%
      0     0      503.9373   192      501.0458      Cuts: 27     3660    0.58%
      0     0      503.9163   200      501.0458      Cuts: 54     3742    0.57%
      0     0      503.8639   198      501.0458 UserPurge2: 32     3825    0.56%
      0     0      503.8522   199      501.0458 UserPurge2: 28     3881    0.56%
      0     0      503.8394   202      501.0458 UserPurge2: 16     3929    0.56%
      0     0      503.8356   197      501.0458 UserPurge2: 11     3962    0.56%
      0     0      503.8310   187      501.0458 UserPurge2: 17     4011    0.56%
      0     0      503.8308   187      501.0458 UserPurge2: 6     4018    0.56%
      0     0      503.8299   185      501.0458 UserPurge2: 4     4034    0.56%
      0     0      503.8295   183      501.0458 UserPurge2: 3     4045    0.56%
      0     0      503.8295   183      501.0458 UserPurge2: 2     4049    0.56%
      0     2      503.7524   181      501.0458      503.7523     4049    0.54%
Elapsed time = 2.38 sec. (2045.74 ticks, tree = 0.01 MB, solutions = 1)
      8    10      503.5218   181      501.0458      503.7523     5661    0.54%
     11    13      503.3783   155      501.0458      503.7523     6339    0.54%
     17    19      503.2151   156      501.0458      503.7523     7658    0.54%
     25    27      502.8552   148      501.0458      503.7523     9133    0.54%
     31    33      502.7727   137      501.0458      503.7523    10169    0.54%
     40    42      502.4764   115      501.0458      503.7523    11783    0.54%
     50    52      501.8679    99      501.0458      503.7523    13198    0.54%
     64    66      501.2235    75      501.0458      503.7523    14909    0.54%
     75    73      503.4392   172      501.0458      503.7240    16680    0.53%
     85    83      503.0821   164      501.0458      503.7240    19875    0.53%
Elapsed time = 6.61 sec. (5369.91 ticks, tree = 0.63 MB, solutions = 1)
*   100+   96                          501.0691      503.7240             0.53%
    109   107      501.7056   105      501.0691      503.7240    24719    0.53%
    134   126      503.1394   161      501.0691      503.7053    30273    0.53%
    162   154      501.9117   104      501.0691      503.7053    34257    0.53%
    200   188      502.7461   142      501.0691      503.6867    38159    0.52%
    239   223      502.9631   163      501.0691      503.6865    42662    0.52%
    265   249      501.9138   109      501.0691      503.6865    45802    0.52%
    301   281      502.7880   146      501.0691      503.6238    50001    0.51%
    340   311      503.3490   172      501.0691      503.6080    55352    0.51%
    370   341      502.0787   104      501.0691      503.6080    59406    0.51%
    405   372      502.6193   134      501.0691      503.6076    62876    0.51%
Elapsed time = 18.71 sec. (15211.04 ticks, tree = 4.07 MB, solutions = 2)
    450   413      502.9126   152      501.0691      503.5218    67171    0.49%

Performing restart 1

Repeating presolve.
Tried aggregator 1 time.
MIP Presolve modified 388 coefficients.
Reduced MIP has 2101 rows, 2386 columns, and 18429 nonzeros.
Reduced MIP has 596 binaries, 590 generals, 0 SOSs, and 0 indicators.
Presolve time = 0.01 sec. (4.23 ticks)
Tried aggregator 1 time.
Reduced MIP has 2101 rows, 2386 columns, and 18429 nonzeros.
Reduced MIP has 596 binaries, 590 generals, 0 SOSs, and 0 indicators.
Presolve time = 0.01 sec. (4.18 ticks)
Represolve time = 0.04 sec. (23.93 ticks)
    491     0      503.1389   246      501.0691     Cuts: 150    74786    0.41%
    491     0      503.0158   226      501.0691     Cuts: 138    75040    0.39%
    491     0      502.9756   209      501.0691      Cuts: 45    75200    0.38%
    491     0      502.9516   212      501.0691      Cuts: 44    75347    0.38%
    491     0      502.9384   213      501.0691      Cuts: 35    75446    0.37%
    491     0      502.8942   239      501.0691      Cuts: 37    75592    0.36%
    491     0      502.8793   239      501.0691      Cuts: 27    75692    0.36%
    491     0      502.8705   235      501.0691      Cuts: 29    75797    0.36%
    491     0      502.8645   218      501.0691   MIRcuts: 19    75867    0.36%
    491     0      502.8605   229      501.0691      Cuts: 22    75925    0.36%
    491     0      502.8548   209      501.0691      Cuts: 22    75994    0.36%
    491     0      502.8535   219      501.0691       Cuts: 9    76032    0.36%
    491     0      502.8521   216      501.0691       Cuts: 8    76054    0.36%
    491     0      502.8510   222      501.0691       Cuts: 2    76072    0.36%
    491     0      502.8509   220      501.0691    MIRcuts: 1    76079    0.36%
    491     2      502.8509   220      501.0691      502.8509    76079    0.36%
    492     3      502.8346   209      501.0691      502.8497    76206    0.36%
    494     5      502.8226   190      501.0691      502.8497    76389    0.36%
    496     7      502.6247   183      501.0691      502.8497    76608    0.36%
    499    10      502.8178   167      501.0691      502.8497    76765    0.36%
    501    12      502.3133   185      501.0691      502.8497    78053    0.36%
    503    14      502.2295   179      501.0691      502.8497    78692    0.36%
    504    15      502.1274   188      501.0691      502.8497    79124    0.36%
    507    18      502.1060   163      501.0691      502.8497    79295    0.36%
Elapsed time = 34.66 sec. (32118.55 ticks, tree = 0.11 MB, solutions = 2)
    510    21      502.0059   158      501.0691      502.8497    79978    0.36%
    513    24      502.0298   161      501.0691      502.8497    80614    0.36%
    517    28      501.9929   149      501.0691      502.8497    81700    0.36%
    526    36      501.6022   134      501.0691      502.8497    83722    0.36%
    550    58      501.1260    83      501.0691      502.8497    85553    0.36%
    561    62      502.6584   223      501.0691      502.8329    86231    0.35%
    567    68      502.6452   192      501.0691      502.8329    87387    0.35%
    575    76      502.3557   181      501.0691      502.8329    89896    0.35%
    584    85      502.4198   168      501.0691      502.8329    91780    0.35%
    604   105      502.1655   122      501.0691      502.8329    94043    0.35%
Elapsed time = 44.29 sec. (43074.03 ticks, tree = 1.59 MB, solutions = 2)
    619   120      501.9776   113      501.0691      502.8329    96439    0.35%
    637   138      501.8689    97      501.0691      502.8329    98396    0.35%
    676   170      502.6187   210      501.0691      502.8328   101055    0.35%
*   691+  160                          501.4276      502.8328             0.28%
    691   162      502.3914   158      501.4276      502.8328   102491    0.28%
    721   192      501.7188    82      501.4276      502.8328   104928    0.28%
    741   205      502.6509   197      501.4276      502.8206   105998    0.28%
    761   225      502.2472   146      501.4276      502.8206   108128    0.28%
*   781+  243                          501.4446      502.8206             0.27%
    796   258      501.8389    61      501.4446      502.8206   109914    0.27%
    811   269      502.3269   175      501.4446      502.8200   111532    0.27%
    847   301      501.4700   116      501.4446      502.8200   114621    0.27%
Elapsed time = 54.26 sec. (53422.82 ticks, tree = 4.27 MB, solutions = 4)
*   851+  273                          501.5049      502.8200             0.26%
    854   278      502.4175   200      501.5049      502.8186   115914    0.26%
    869   293      502.2006   141      501.5049      502.8186   118705    0.26%
    881   305      502.2315   115      501.5049      502.8186   120890    0.26%
    897   321      502.0922   106      501.5049      502.8186   123455    0.26%
    921   345      501.6971    39      501.5049      502.8186   125988    0.26%
    954   363      502.3770   170      501.5049      502.7087   128117    0.24%
    984   393      501.7495    93      501.5049      502.7087   130861    0.24%
   1011   412      502.5275   163      501.5049      502.7081   132412    0.24%
   1051   451      501.7617    65      501.5049      502.7081   134867    0.24%
   1091   479      502.3333   159      501.5049      502.6576   137279    0.23%
Elapsed time = 64.06 sec. (63962.00 ticks, tree = 7.07 MB, solutions = 5)
   1132   515      501.9348   175      501.5049      502.6559   140111    0.23%
   1161   540      502.1748   194      501.5049      502.6559   142597    0.23%
   1171   550      502.1269   180      501.5049      502.6559   144624    0.23%
   1185   564      501.8780   149      501.5049      502.6559   147713    0.23%
   1202   581      501.7635   117      501.5049      502.6559   151162    0.23%
   1232   606      501.8976   139      501.5049      502.6550   154263    0.23%
   1266   630      502.2020   152      501.5049      502.6505   157668    0.23%
   1313   666      501.3842    59      501.5049      502.6505   160426    0.23%
   1334   687      501.9130   108      501.5049      502.6488   162998    0.23%
   1371   716      502.2664   156      501.5049      502.6466   165258    0.23%
Elapsed time = 73.24 sec. (73791.39 ticks, tree = 11.04 MB, solutions = 5)
   1419   758      501.8713   189      501.5049      502.6463   168656    0.23%
   1432   771      501.6421   166      501.5049      502.6463   171242    0.23%
   1451   784      502.2357   178      501.5049      502.6451   173265    0.23%
   1493   819      501.5408    88      501.5049      502.6451   176354    0.23%
   1527   845      501.9004   102      501.5049      502.6424   179162    0.23%
   1568   881      501.8427   131      501.5049      502.6329   182506    0.22%
   1601   907      502.6109   177      501.5049      502.6309   184539    0.22%
   1632   938      501.6996   110      501.5049      502.6309   187075    0.22%
   1661   964      501.7281   148      501.5049      502.6244   190194    0.22%
   1691   989      502.0986   155      501.5049      502.6198   193419    0.22%
Elapsed time = 82.65 sec. (83920.81 ticks, tree = 15.02 MB, solutions = 5)
   1722  1016      502.2063   152      501.5049      502.6193   196774    0.22%
   1758  1052      501.5611    72      501.5049      502.6193   200446    0.22%
   1786  1070      502.2765   187      501.5049      502.6183   203423    0.22%
   1824  1105      501.5458   106      501.5049      502.6183   206728    0.22%
   1843  1118      502.4231   186      501.5049      502.6168   209645    0.22%
   1856  1131      501.8374   118      501.5049      502.6168   212388    0.22%
   1885  1154      502.3790   137      501.5049      502.6167   215632    0.22%
   1940  1199      502.1993   191      501.5049      502.6149   219120    0.22%
   1982  1237      502.2967   172      501.5049      502.6140   222404    0.22%
   2030  1277      502.4306   178      501.5049      502.6107   225705    0.22%
Elapsed time = 92.17 sec. (93930.20 ticks, tree = 20.60 MB, solutions = 5)
   2067  1310      502.1928   155      501.5049      502.6099   229195    0.22%
   2091  1334      501.9119   116      501.5049      502.6099   232551    0.22%
   2136  1361      502.2897   140      501.5049      502.6064   235733    0.22%
   2198  1414      501.7080   149      501.5049      502.6036   239264    0.22%
   2227  1432      502.0696   145      501.5049      502.5948   241810    0.22%
   2270  1471      502.4291   145      501.5049      502.5910   244926    0.22%
   2347  1539      502.4718   196      501.5049      502.5908   248351    0.22%
   2369  1561      501.6780   141      501.5049      502.5908   251636    0.22%
   2401  1584      502.2151   118      501.5049      502.5887   254833    0.22%
   2571  1738      502.1126   199      501.5049      502.5748   268044    0.21%
Elapsed time = 104.87 sec. (106846.68 ticks, tree = 29.59 MB, solutions = 5)
   2727  1868      502.4013   139      501.5049      502.5732   279919    0.21%
   2856  1978      502.1448   156      501.5049      502.5699   292998    0.21%
   3068  2166      502.5166   167      501.5049      502.5664   305864    0.21%
   3200  2275      502.0150   152      501.5049      502.5640   319048    0.21%
   3381  2427      502.1697   140      501.5049      502.5608   331035    0.21%
   3580  2602      501.5525    96      501.5049      502.5552   344566    0.21%
   3791  2789      502.2546   179      501.5049      502.5519   357313    0.21%
   3933  2906      501.9706   135      501.5049      502.5503   370526    0.21%
   4116  3070      501.7215   148      501.5049      502.5487   383145    0.21%
   4316  3230      502.3162   124      501.5049      502.5428   395042    0.21%
Elapsed time = 143.08 sec. (145236.38 ticks, tree = 62.62 MB, solutions = 5)
   4488  3376      501.5815    44      501.5049      502.5404   407809    0.21%
   4641  3514      501.8654   119      501.5049      502.5396   420836    0.21%
   4866  3705      502.4639   140      501.5049      502.5325   434336    0.20%
   5010  3826      502.0215   130      501.5049      502.5312   446785    0.20%
   5221  4009      502.0838   165      501.5049      502.5278   459512    0.20%
   5378  4154      501.6319   107      501.5049      502.5172   472240    0.20%
   5531  4274      502.1980   157      501.5049      502.5151   484194    0.20%
   5688  4399      501.9139   141      501.5049      502.5117   496831    0.20%
   5867  4561      501.8374    80      501.5049      502.5087   509885    0.20%
   6082  4742      501.7213    79      501.5049      502.5077   522528    0.20%
Elapsed time = 181.09 sec. (183562.38 ticks, tree = 93.52 MB, solutions = 5)
   6250  4887      501.8510    80      501.5049      502.5000   536311    0.20%
   6430  5030      502.2659   134      501.5049      502.4959   548302    0.20%
   6558  5143      501.8142    80      501.5049      502.4923   559548    0.20%
   6794  5339      502.4052   183      501.5049      502.4894   571711    0.20%
   6939  5466      502.0929   210      501.5049      502.4859   584003    0.20%
   7064  5566      502.2453   142      501.5049      502.4823   596467    0.19%
   7258  5742      501.9113   110      501.5049      502.4781   609395    0.19%
   7443  5911      501.6522   104      501.5049      502.4749   623002    0.19%
   7630  6073      502.3664   147      501.5049      502.4707   635826    0.19%
   7791  6204      502.2694   107      501.5049      502.4690   648218    0.19%
Elapsed time = 218.84 sec. (221902.70 ticks, tree = 117.13 MB, solutions = 5)
   7934  6322      502.2504   180      501.5049      502.4661   661027    0.19%
   8097  6455      502.2196   121      501.5049      502.4629   673254    0.19%
   8271  6601      501.6052    96      501.5049      502.4607   685953    0.19%
   8463  6754      502.1814   130      501.5049      502.4582   698385    0.19%
   8655  6920      502.2660   142      501.5049      502.4551   711290    0.19%
   8787  7028      502.2226   147      501.5049      502.4524   724212    0.19%
   8976  7176      502.1701   169      501.5049      502.4495   736286    0.19%
   9136  7320      502.1307   110      501.5049      502.4485   749412    0.19%
   9324  7488      501.8587   171      501.5049      502.4454   762821    0.19%
   9480  7607      502.2564   139      501.5049      502.4440   775825    0.19%
Elapsed time = 256.56 sec. (260254.28 ticks, tree = 142.78 MB, solutions = 5)
   9691  7791      502.0962   192      501.5049      502.4428   788222    0.19%
   9829  7908      501.8965   105      501.5049      502.4397   801248    0.19%
  10053  8095      501.6059   193      501.5049      502.4375   814160    0.19%
  10190  8214      501.7819    93      501.5049      502.4365   826516    0.19%
  10311  8318      501.8811   123      501.5049      502.4357   838284    0.19%
  10312  8319      502.2667   144      501.5049      502.4352   838597    0.19%
  10313  8320      502.3509   144      501.5049      502.4351   838838    0.19%
  10442  8433      501.5103    95      501.5049      502.4343   850915    0.19%
  10649  8615      501.6817   102      501.5049      502.4336   863281    0.19%
  10834  8774      501.8501   133      501.5049      502.4312   876077    0.18%
Elapsed time = 303.57 sec. (306991.19 ticks, tree = 161.29 MB, solutions = 5)
  10977  8897      501.8709   125      501.5049      502.4299   888289    0.18%
  11164  9054      501.5701    22      501.5049      502.4282   901099    0.18%
  11340  9202      502.0046   173      501.5049      502.4262   913064    0.18%
  11492  9322      501.5572   189      501.5049      502.4248   926176    0.18%
  11644  9441      501.7073   133      501.5049      502.4241   938413    0.18%
  11811  9577      501.8736   109      501.5049      502.4234   950468    0.18%
  11959  9702      501.9942   142      501.5049      502.4219   962952    0.18%
  12106  9823      502.0937   179      501.5049      502.4200   975512    0.18%
  12249  9934      501.9613   163      501.5049      502.4190   989009    0.18%
  12421 10073      502.1256   138      501.5049      502.4185  1002324    0.18%
Elapsed time = 340.68 sec. (345372.27 ticks, tree = 181.51 MB, solutions = 5)
  12628 10257      501.7338   141      501.5049      502.4175  1015368    0.18%
  12822 10427      501.6490   111      501.5049      502.4168  1027757    0.18%
  13025 10592      502.2458   134      501.5049      502.4162  1040570    0.18%
  13151 10691      502.2857   124      501.5049      502.4154  1053380    0.18%
  13335 10852      501.7711   124      501.5049      502.4147  1066612    0.18%
  13503 10981      501.7589   142      501.5049      502.4121  1078617    0.18%
  13642 11095      502.3583   142      501.5049      502.4107  1091437    0.18%
  13804 11226      501.6521   128      501.5049      502.4101  1104262    0.18%
  13979 11374      502.3419   161      501.5049      502.4088  1116596    0.18%
  14154 11510      502.3457   130      501.5049      502.4081  1128421    0.18%
Elapsed time = 378.51 sec. (383847.40 ticks, tree = 205.02 MB, solutions = 5)
  14330 11654      502.0567   131      501.5049      502.4071  1140136    0.18%
  14516 11798      501.5261    68      501.5049      502.4067  1152019    0.18%
  14701 11943      502.0375   149      501.5049      502.4058  1164094    0.18%
  14876 12086      501.8032   101      501.5049      502.4051  1176151    0.18%
  15070 12244      502.0020   173      501.5049      502.4038  1189728    0.18%
  15252 12389      501.5383   165      501.5049      502.4028  1201713    0.18%
  15422 12516      501.7887    84      501.5049      502.4023  1213358    0.18%
  15612 12665      501.8136   127      501.5049      502.4017  1225406    0.18%
  15798 12817      502.0317    96      501.5049      502.4013  1238433    0.18%
  15968 12948      502.0370   128      501.5049      502.4003  1251422    0.18%
Elapsed time = 416.43 sec. (422363.70 ticks, tree = 234.47 MB, solutions = 5)
  16151 13095      501.5925   107      501.5049      502.3999  1263741    0.18%
  16355 13252      502.0358   104      501.5049      502.3991  1275752    0.18%
  16502 13373      502.0616   141      501.5049      502.3987  1287536    0.18%
  16682 13517      502.1900   113      501.5049      502.3983  1299772    0.18%
  16851 13661      502.2648   178      501.5049      502.3976  1313127    0.18%
  17015 13803      502.1635   154      501.5049      502.3970  1325992    0.18%
  17177 13935      501.6295   128      501.5049      502.3962  1337655    0.18%
  17340 14074      501.7534    78      501.5049      502.3956  1350323    0.18%
  17542 14222      501.9714   163      501.5049      502.3951  1362604    0.18%
  17707 14350      501.9527   128      501.5049      502.3948  1374838    0.18%
Elapsed time = 453.92 sec. (460781.38 ticks, tree = 270.62 MB, solutions = 5)
  17903 14505      502.0652   112      501.5049      502.3936  1387280    0.18%
  18072 14646      501.5689   125      501.5049      502.3933  1399464    0.18%
  18207 14756      501.5064   110      501.5049      502.3930  1411580    0.18%
  18348 14865      502.2413   171      501.5049      502.3924  1423918    0.18%
  18549 15044      501.6090    69      501.5049      502.3915  1436210    0.18%
  18707 15174      501.7112   162      501.5049      502.3908  1448896    0.18%
  18892 15327      501.6520   112      501.5049      502.3906  1460850    0.18%
  19044 15438      501.6933   121      501.5049      502.3897  1472715    0.18%
  19209 15570      501.6527   159      501.5049      502.3889  1485688    0.18%
  19369 15701      501.7207    98      501.5049      502.3883  1497720    0.18%
Elapsed time = 491.28 sec. (499348.79 ticks, tree = 294.88 MB, solutions = 5)
  19521 15832      501.9063   137      501.5049      502.3877  1510095    0.18%
  19668 15944      502.0164   157      501.5049      502.3868  1522542    0.18%
  19837 16086      501.5980    93      501.5049      502.3867  1535745    0.18%
  19985 16201      502.0294   176      501.5049      502.3855  1548176    0.18%
  20130 16312        cutoff            501.5049      502.3853  1560169    0.18%

Performing restart 2

Repeating presolve.
Tried aggregator 1 time.
MIP Presolve eliminated 28 rows and 14 columns.
MIP Presolve modified 43 coefficients.
Reduced MIP has 2073 rows, 2372 columns, and 18373 nonzeros.
Reduced MIP has 596 binaries, 576 generals, 0 SOSs, and 0 indicators.
Presolve time = 0.01 sec. (4.72 ticks)
Tried aggregator 1 time.
Reduced MIP has 2073 rows, 2372 columns, and 18373 nonzeros.
Reduced MIP has 596 binaries, 576 generals, 0 SOSs, and 0 indicators.
Presolve time = 0.01 sec. (4.19 ticks)
Represolve time = 0.10 sec. (37.63 ticks)
  20135     0      502.7774   269      501.5049      Cuts: 46  1565543    0.18%
  20135     0      502.7594   247      501.5049      Cuts: 25  1565684    0.18%
  20135     0      502.7553   256      501.5049      Cuts: 19  1565746    0.18%
  20135     0      502.7522   256      501.5049      Cuts: 14  1565791    0.18%
  20135     0      502.7302   251      501.5049      Cuts: 14  1565879    0.18%
  20135     0      502.7269   226      501.5049      Cuts: 14  1565938    0.18%
  20135     0      502.7257   236      501.5049      Cuts: 12  1565973    0.18%
  20135     0      502.7253   248      501.5049   MIRcuts: 11  1566003    0.18%
  20135     0      502.7246   242      501.5049       Cuts: 7  1566035    0.18%
  20135     2      502.7246   242      501.5049      502.3851  1566035    0.18%
  20141     8      502.6748   235      501.5049      502.3851  1566690    0.18%
  20154    21      502.6422   184      501.5049      502.3851  1568073    0.18%
  20192    56      501.7900   137      501.5049      502.3851  1573016    0.18%
  20286   131      502.1778   102      501.5049      502.3851  1583232    0.18%
Elapsed time = 527.27 sec. (538526.80 ticks, tree = 0.70 MB, solutions = 5)
  20429   253      501.9637    57      501.5049      502.3851  1591302    0.18%
* 20461   274      integral     0      501.5281      502.3851  1591748    0.17%
  20575   366      502.1536   179      501.5281      502.3851  1601507    0.17%
  20742   510      502.0092   147      501.5281      502.3851  1613801    0.17%
  20891   633      501.9252   128      501.5281      502.3851  1626189    0.17%
  21046   763      502.1615   122      501.5281      502.3851  1639120    0.17%
  21282   960      502.2445   180      501.5281      502.3851  1652792    0.17%
  21476  1134      502.1247   167      501.5281      502.3851  1666032    0.17%
  21648  1281      502.1575   152      501.5281      502.3851  1678144    0.17%
  21883  1476      502.2407   170      501.5281      502.3851  1691707    0.17%
Elapsed time = 561.82 sec. (573463.69 ticks, tree = 19.13 MB, solutions = 6)
  22101  1657      501.8855   201      501.5281      502.3851  1706202    0.17%
  22292  1823      501.6913   106      501.5281      502.3851  1719225    0.17%
  22445  1954      502.0518   107      501.5281      502.3851  1732969    0.17%
  22636  2122      501.9801   127      501.5281      502.3851  1747074    0.17%
  22849  2305      502.3435   201      501.5281      502.3851  1760759    0.17%
  23055  2486      502.4860   192      501.5281      502.3851  1774414    0.17%
  23222  2627      501.9150    91      501.5281      502.3851  1787901    0.17%
  23392  2766      501.9608   118      501.5281      502.3851  1801389    0.17%
  23587  2919      501.9574   179      501.5281      502.3851  1815209    0.17%
  23751  3060      502.1802   118      501.5281      502.3851  1828409    0.17%
Elapsed time = 600.52 sec. (611878.37 ticks, tree = 42.26 MB, solutions = 6)
  23937  3213      502.0076   146      501.5281      502.3851  1842228    0.17%
  24108  3363      502.2151   135      501.5281      502.3851  1855755    0.17%
  24274  3513      502.0668   150      501.5281      502.3851  1868510    0.17%
  24500  3698      502.2756   175      501.5281      502.3851  1880998    0.17%
  24674  3853      501.9081   121      501.5281      502.3851  1894016    0.17%
  24829  3988      501.9341   114      501.5281      502.3851  1906843    0.17%
  25034  4162      501.5826   115      501.5281      502.3851  1919293    0.17%
  25277  4360      502.4579   200      501.5281      502.3851  1932312    0.17%
  25418  4480      502.2853   139      501.5281      502.3851  1944162    0.17%
  25596  4632      501.5735   132      501.5281      502.3851  1957253    0.17%
Elapsed time = 639.36 sec. (650229.73 ticks, tree = 65.01 MB, solutions = 6)
  25785  4790      502.0289   174      501.5281      502.3851  1969829    0.17%
  25969  4946      502.1568   188      501.5281      502.3851  1982995    0.17%
  26120  5065      502.0388   160      501.5281      502.3851  1996458    0.17%
  26296  5220      501.8235   115      501.5281      502.3851  2009840    0.17%
  26481  5364      501.5318   136      501.5281      502.3851  2023035    0.17%
  26633  5483      502.3002   152      501.5281      502.3851  2035856    0.17%
  26817  5643      501.5945   134      501.5281      502.3851  2048910    0.17%
  27017  5810      501.8996   125      501.5281      502.3851  2062007    0.17%
  27270  6029      501.6797    66      501.5281      502.3851  2075079    0.17%
  27445  6174      502.2656   136      501.5281      502.3851  2088288    0.17%
Elapsed time = 678.02 sec. (688488.35 ticks, tree = 94.76 MB, solutions = 6)
  27621  6319      501.6588   104      501.5281      502.3851  2101883    0.17%
  27824  6479      502.3963   160      501.5281      502.3851  2115456    0.17%
  28007  6628      501.7997   164      501.5281      502.3851  2129002    0.17%
  28183  6780      501.8903   136      501.5281      502.3851  2142098    0.17%
  28375  6946      501.7014    78      501.5281      502.3851  2155412    0.17%
  28543  7083      501.8934   116      501.5281      502.3851  2168428    0.17%
  28752  7260      501.7786    99      501.5281      502.3851  2181425    0.17%
  28925  7406      502.1664   178      501.5281      502.3851  2194984    0.17%
  29112  7562      501.7447   125      501.5281      502.3851  2207297    0.17%
  29319  7734      501.7152   123      501.5281      502.3851  2221296    0.17%
Elapsed time = 716.69 sec. (726805.64 ticks, tree = 116.71 MB, solutions = 6)
  29532  7914      501.5483    39      501.5281      502.3851  2234799    0.17%
  29706  8056      501.8328   150      501.5281      502.3851  2247617    0.17%
  29869  8184      502.1960   160      501.5281      502.3851  2260003    0.17%
  30075  8360      501.8830   152      501.5281      502.3851  2273607    0.17%
  30275  8516      502.1561   152      501.5281      502.3851  2286949    0.17%
  30457  8675      501.5522   126      501.5281      502.3851  2300774    0.17%
  30661  8849      501.5581   140      501.5281      502.3851  2314134    0.17%
  30861  9010      502.3669   151      501.5281      502.3851  2327488    0.17%
  31023  9155      502.0369   119      501.5281      502.3851  2340686    0.17%
  31246  9345      502.3241   170      501.5281      502.3851  2354687    0.17%
Elapsed time = 755.73 sec. (765326.44 ticks, tree = 141.21 MB, solutions = 6)
  31430  9503      502.0285   164      501.5281      502.3851  2367340    0.17%
  31677  9710      502.2034   173      501.5281      502.3851  2380336    0.17%
  31820  9829      501.8582   130      501.5281      502.3851  2394428    0.17%
  32003  9971      502.2195   154      501.5281      502.3851  2408199    0.17%
  32267 10189      502.2829   157      501.5281      502.3851  2420467    0.17%
  32449 10336      501.8292   122      501.5281      502.3851  2433539    0.17%
  32645 10504      502.1655   143      501.5281      502.3851  2445864    0.17%
  32819 10647      501.8012   115      501.5281      502.3851  2459307    0.17%
  33068 10849      502.1975   122      501.5281      502.3851  2472008    0.17%
  33291 11026      502.3302   138      501.5281      502.3851  2484727    0.17%
Elapsed time = 794.90 sec. (803712.90 ticks, tree = 171.19 MB, solutions = 6)
  33546 11246      501.7596   131      501.5281      502.3851  2497401    0.17%
  33745 11403      502.2180   166      501.5281      502.3851  2510848    0.17%
  33961 11578      502.3615   167      501.5281      502.3851  2523821    0.17%
  34143 11731      502.0920   154      501.5281      502.3851  2536622    0.17%
  34320 11885      501.5451    94      501.5281      502.3851  2549937    0.17%
  34529 12059      501.5431    65      501.5281      502.3851  2563476    0.17%
  34705 12199      502.2632   163      501.5281      502.3851  2576844    0.17%
  34931 12379      502.0321   136      501.5281      502.3846  2590207    0.17%
  35145 12559      501.5457    95      501.5281      502.3834  2604271    0.17%
  35373 12741      502.2910   159      501.5281      502.3821  2617535    0.17%
Elapsed time = 834.03 sec. (842020.79 ticks, tree = 205.75 MB, solutions = 6)
  35591 12925      502.2376   136      501.5281      502.3809  2630262    0.17%
  35784 13076      501.6214   147      501.5281      502.3790  2643961    0.17%
  35974 13225      502.1737   134      501.5281      502.3782  2657077    0.17%
  36155 13384      501.7026    93      501.5281      502.3778  2668820    0.17%
  36371 13562      501.8411   115      501.5281      502.3772  2682352    0.17%
  36588 13735      501.6238   141      501.5281      502.3759  2694280    0.17%
  36816 13922      502.2736   151      501.5281      502.3748  2707046    0.17%
  37003 14077      501.9719   100      501.5281      502.3739  2719778    0.17%
  37206 14242      501.6746   114      501.5281      502.3721  2733201    0.17%
  37385 14393      501.7014   121      501.5281      502.3716  2746375    0.17%
Elapsed time = 873.10 sec. (880322.21 ticks, tree = 234.92 MB, solutions = 6)
  37566 14543      502.1582   122      501.5281      502.3705  2759809    0.17%
  37764 14707      501.9953   161      501.5281      502.3695  2773625    0.17%
  37959 14869      501.6055    58      501.5281      502.3686  2786481    0.17%
  38155 15021      502.1471   150      501.5281      502.3680  2799911    0.17%
  38355 15184      501.5795   167      501.5281      502.3677  2813301    0.17%
  38504 15309      501.7520   106      501.5281      502.3669  2827307    0.17%
  38687 15453      501.8379   111      501.5281      502.3665  2840778    0.17%
  38886 15607      502.2090   144      501.5281      502.3651  2853582    0.17%
  39100 15796      501.8792   108      501.5281      502.3647  2866888    0.17%
  39282 15942      501.6099    89      501.5281      502.3642  2880576    0.17%
Elapsed time = 911.80 sec. (918690.63 ticks, tree = 262.87 MB, solutions = 6)
  39471 16103      502.0989   122      501.5281      502.3635  2893001    0.17%
  39689 16286      501.6915    98      501.5281      502.3633  2906095    0.17%
  39887 16448      502.1194   173      501.5281      502.3620  2918937    0.17%
  40092 16624      501.5967   113      501.5281      502.3608  2932176    0.17%
  40237 16743      501.5910    80      501.5281      502.3601  2946025    0.17%
  40455 16920      502.1729   113      501.5281      502.3593  2959289    0.17%
  40689 17118      501.9292   114      501.5281      502.3583  2971608    0.17%
  40907 17295      501.8977   115      501.5281      502.3572  2984897    0.17%
  41087 17443      502.0816   116      501.5281      502.3566  2997757    0.17%
  41290 17611      501.9855   130      501.5281      502.3559  3010959    0.17%
Elapsed time = 950.68 sec. (956990.23 ticks, tree = 297.55 MB, solutions = 6)
  41490 17765      501.7773    70      501.5281      502.3553  3022985    0.16%
  41677 17920      501.7220   105      501.5281      502.3551  3036379    0.16%
  41898 18101      501.7567    83      501.5281      502.3541  3049513    0.16%
  42135 18301      501.7926    75      501.5281      502.3538  3062225    0.16%
  42354 18480      502.0755   158      501.5281      502.3535  3074595    0.16%
  42540 18643      501.7899    94      501.5281      502.3528  3087498    0.16%
  42780 18847      501.7859    80      501.5281      502.3517  3100511    0.16%
  43009 19021      502.0869   136      501.5281      502.3508  3113192    0.16%
  43181 19164      502.2003   173      501.5281      502.3499  3126666    0.16%
  43346 19306      501.8007   106      501.5281      502.3490  3139015    0.16%
Elapsed time = 989.73 sec. (995356.12 ticks, tree = 329.39 MB, solutions = 6)
  43535 19447      502.2321   158      501.5281      502.3486  3152536    0.16%
  43697 19574      502.1364   149      501.5281      502.3476  3165789    0.16%
  43891 19732      502.0371   198      501.5281      502.3466  3178737    0.16%
  44052 19856      501.6612   186      501.5281      502.3461  3192230    0.16%
  44229 19997      501.8401   136      501.5281      502.3451  3205660    0.16%
  44426 20172      502.2159   131      501.5281      502.3444  3218595    0.16%
  44624 20322      501.8490   161      501.5281      502.3437  3231966    0.16%
  44827 20492      501.7372   127      501.5281      502.3432  3244802    0.16%
  44992 20623      501.7926   133      501.5281      502.3426  3257767    0.16%
  45156 20754      501.6631   119      501.5281      502.3419  3271141    0.16%
Elapsed time = 1027.81 sec. (1033691.57 ticks, tree = 347.26 MB, solutions = 6)
  45352 20921      501.8496   136      501.5281      502.3414  3283065    0.16%
  45534 21064      501.8426   157      501.5281      502.3398  3295784    0.16%
  45780 21279      502.0180   123      501.5281      502.3393  3308492    0.16%
  45965 21418      502.0707   128      501.5281      502.3389  3321473    0.16%
* 46135+19811                          501.5902      502.3383             0.15%
  46145 19823      502.0494   122      501.5902      502.3383  3333519    0.15%
  46313 19958      501.6668   148      501.5902      502.3378  3343925    0.15%
  46453 20073      501.6768   116      501.5902      502.3372  3354189    0.15%
  46635 20214      502.0603   131      501.5902      502.3366  3365560    0.15%
  46819 20361        cutoff            501.5902      502.3354  3376937    0.15%
  47009 20511      501.6993    96      501.5902      502.3351  3389935    0.15%
Elapsed time = 1066.26 sec. (1072351.29 ticks, tree = 335.66 MB, solutions = 7)
  47186 20652      502.1781   143      501.5902      502.3346  3402797    0.15%
  47319 20750      502.2484   144      501.5902      502.3334  3414884    0.15%
  47517 20905      501.8855   123      501.5902      502.3322  3427588    0.15%
  47656 21020      501.8925   128      501.5902      502.3319  3438859    0.15%
  47830 21153      501.8130    94      501.5902      502.3310  3450887    0.15%
  47988 21272      502.0326   134      501.5902      502.3304  3464315    0.15%
  48174 21407      502.1048   164      501.5902      502.3298  3476729    0.15%
  48352 21552      502.2373   144      501.5902      502.3293  3490156    0.15%
  48530 21700      501.7861   149      501.5902      502.3285  3503116    0.15%
  48737 21866      501.9521   154      501.5902      502.3279  3515105    0.15%
Elapsed time = 1103.98 sec. (1110622.44 ticks, tree = 356.09 MB, solutions = 7)
* 48785+18143                          501.7081      502.3279             0.12%
  48903 18234      502.1503   132      501.7081      502.3277  3525297    0.12%
  49040 18335      501.8702   148      501.7081      502.3270  3534425    0.12%
  49174 18442      501.9126   136      501.7081      502.3261  3545497    0.12%
  49324 18554      501.7277   107      501.7081      502.3256  3556403    0.12%
  49485 18675      501.8830   132      501.7081      502.3249  3568544    0.12%
  49635 18789      501.7746   109      501.7081      502.3246  3581270    0.12%
  49783 18904      501.9225   129      501.7081      502.3242  3594784    0.12%
  49940 19017      501.8957   141      501.7081      502.3238  3606613    0.12%
  50074 19110      501.8052   114      501.7081      502.3231  3619129    0.12%
  50252 19245      501.9860   176      501.7081      502.3222  3631723    0.12%
Elapsed time = 1141.06 sec. (1149036.51 ticks, tree = 309.99 MB, solutions = 8)
  50398 19366      501.7280    76      501.7081      502.3217  3645080    0.12%
  50545 19475      502.1168   145      501.7081      502.3214  3656693    0.12%
  50705 19602      501.9873   145      501.7081      502.3205  3669757    0.12%
  50879 19729      501.7560    91      501.7081      502.3201  3683155    0.12%
  51038 19838      501.7845   104      501.7081      502.3199  3696705    0.12%
  51181 19946      501.8051   116      501.7081      502.3193  3710005    0.12%
  51344 20062      501.9905   165      501.7081      502.3187  3723385    0.12%
  51535 20213      501.8009    83      501.7081      502.3176  3736621    0.12%
  51675 20313      502.2502   134      501.7081      502.3172  3749671    0.12%
  51844 20450      502.0071   119      501.7081      502.3167  3763155    0.12%
Elapsed time = 1178.45 sec. (1187430.02 ticks, tree = 326.91 MB, solutions = 8)
  51992 20561      501.8844   101      501.7081      502.3163  3776713    0.12%
  52175 20689      501.9789   151      501.7081      502.3147  3790121    0.12%
  52327 20805      501.8962   126      501.7081      502.3133  3803698    0.12%
  52475 20921      501.8960    77      501.7081      502.3126  3816918    0.12%
  52660 21056      501.9211   135      501.7081      502.3114  3829916    0.12%
  52857 21209      501.9716   142      501.7081      502.3108  3843278    0.12%
  53015 21317      501.8462   141      501.7081      502.3101  3856131    0.12%
  53186 21440      502.1599   165      501.7081      502.3093  3869229    0.12%
  53417 21613      501.8755   180      501.7081      502.3090  3882651    0.12%
  53598 21753      501.7678    92      501.7081      502.3083  3895939    0.12%
Elapsed time = 1216.58 sec. (1225861.07 ticks, tree = 353.47 MB, solutions = 8)
  53741 21860      502.0157   140      501.7081      502.3079  3909058    0.12%
  53913 21979      502.1684   152      501.7081      502.3071  3922439    0.12%
  54113 22135      502.0198   140      501.7081      502.3069  3936126    0.12%
  54307 22279      501.9106   158      501.7081      502.3061  3949019    0.12%
  54511 22441      501.7237    30      501.7081      502.3055  3962223    0.12%
  54696 22577      501.9436   119      501.7081      502.3045  3975228    0.12%
  54867 22704      502.0329   118      501.7081      502.3042  3989126    0.12%
  55073 22845      501.7800   163      501.7081      502.3034  4002157    0.12%
  55266 22990      502.0596   126      501.7081      502.3027  4015513    0.12%
  55427 23110      501.7296    64      501.7081      502.3021  4028151    0.12%
Elapsed time = 1254.71 sec. (1264139.78 ticks, tree = 377.62 MB, solutions = 8)
  55615 23252      502.2109   144      501.7081      502.3018  4041336    0.12%
  55780 23369      501.9813   125      501.7081      502.3009  4053035    0.12%
  55958 23513      502.1514   138      501.7081      502.3008  4065185    0.12%
  56129 23639      501.9653   164      501.7081      502.3000  4078500    0.12%
  56272 23750      501.9467   158      501.7081      502.2998  4091153    0.12%
  56450 23882      502.0562   152      501.7081      502.2995  4104023    0.12%
  56620 24013      502.0011   125      501.7081      502.2990  4116755    0.12%
  56795 24144      501.9383   155      501.7081      502.2988  4129725    0.12%
  56950 24258      501.7446   142      501.7081      502.2984  4143324    0.12%
  57110 24359      502.1936   142      501.7081      502.2979  4156362    0.12%
Elapsed time = 1292.64 sec. (1302493.71 ticks, tree = 397.16 MB, solutions = 8)
  57277 24478      502.0156   137      501.7081      502.2975  4169576    0.12%
  57419 24585      501.7768   159      501.7081      502.2968  4181703    0.12%
  57600 24713      501.8968   121      501.7081      502.2961  4194956    0.12%
  57764 24841      501.7868   105      501.7081      502.2954  4207079    0.12%
  57884 24924      502.1310   159      501.7081      502.2953  4219889    0.12%
  58059 25061      501.7177   106      501.7081      502.2949  4233205    0.12%
  58217 25170      502.0892   198      501.7081      502.2946  4246013    0.12%
  58400 25302      501.7136   113      501.7081      502.2941  4259046    0.12%
  58587 25447      502.0004   127      501.7081      502.2937  4271229    0.12%
  58761 25575      502.0696   147      501.7081      502.2933  4284452    0.12%
Elapsed time = 1330.07 sec. (1340790.18 ticks, tree = 419.84 MB, solutions = 8)
  58926 25696      501.8756   114      501.7081      502.2928  4297839    0.12%
  59106 25834      501.8922   177      501.7081      502.2924  4310728    0.12%
  59300 25984      501.7327   157      501.7081      502.2922  4323748    0.12%
  59482 26115      501.9712   125      501.7081      502.2918  4336212    0.12%
  59654 26237      502.0586   126      501.7081      502.2912  4349322    0.12%
  59858 26389      501.9484   152      501.7081      502.2907  4362004    0.12%
  60029 26507      501.7519   132      501.7081      502.2901  4375321    0.12%
  60176 26606      501.7713    77      501.7081      502.2890  4388752    0.12%
  60347 26728      501.8948   137      501.7081      502.2886  4402048    0.12%
  60496 26831      501.7310    89      501.7081      502.2881  4415195    0.12%
Elapsed time = 1367.75 sec. (1379081.09 ticks, tree = 444.14 MB, solutions = 8)
  60659 26945      501.8311   111      501.7081      502.2876  4428571    0.12%
  60828 27069      501.8263   135      501.7081      502.2874  4441828    0.12%
  60967 27166      501.8518   158      501.7081      502.2870  4453786    0.12%
  61137 27297      501.7801   114      501.7081      502.2867  4466858    0.12%
  61327 27421        cutoff            501.7081      502.2863  4479822    0.12%
  61498 27543      501.9617   121      501.7081      502.2860  4493493    0.12%
  61680 27675      501.9478   151      501.7081      502.2857  4506637    0.12%
  61833 27790      501.7713   131      501.7081      502.2853  4519340    0.12%
  61974 27899      502.1662   161      501.7081      502.2848  4532810    0.11%
  62150 28041      501.7682   114      501.7081      502.2846  4546477    0.11%
Elapsed time = 1405.24 sec. (1417452.23 ticks, tree = 462.37 MB, solutions = 8)
  62325 28177      501.7420   101      501.7081      502.2844  4559739    0.11%
  62495 28301      501.9219   139      501.7081      502.2840  4572948    0.11%
  62672 28433      502.1510   128      501.7081      502.2836  4586578    0.11%
  62827 28552      501.8567   134      501.7081      502.2832  4599387    0.11%
  62976 28655      501.8937   123      501.7081      502.2829  4612253    0.11%
  63150 28780      501.7827    97      501.7081      502.2828  4625748    0.11%
  63319 28897      501.8456   114      501.7081      502.2818  4639300    0.11%
  63473 29010      502.0722   110      501.7081      502.2813  4652378    0.11%
  63659 29141      502.0670   139      501.7081      502.2804  4665231    0.11%
  63797 29245      501.8844   176      501.7081      502.2798  4678711    0.11%
Elapsed time = 1442.71 sec. (1455775.06 ticks, tree = 483.41 MB, solutions = 8)
  63965 29372      502.1939   175      501.7081      502.2794  4691782    0.11%
  64112 29484      501.8102   125      501.7081      502.2788  4705727    0.11%
  64278 29612      501.8982   107      501.7081      502.2783  4718956    0.11%
  64480 29762      502.1043   141      501.7081      502.2781  4732058    0.11%
  64622 29872      501.8215   142      501.7081      502.2778  4745280    0.11%
  64790 30003      501.9811   140      501.7081      502.2775  4758399    0.11%
  64943 30116      501.9893   154      501.7081      502.2771  4769820    0.11%
  65110 30238      501.9276   145      501.7081      502.2768  4783148    0.11%
  65251 30344      501.8646   113      501.7081      502.2762  4796397    0.11%
  65408 30453      502.0561   154      501.7081      502.2759  4809222    0.11%
Elapsed time = 1480.10 sec. (1494043.42 ticks, tree = 503.67 MB, solutions = 8)
  65594 30595      501.7987   140      501.7081      502.2754  4822704    0.11%
  65744 30702      501.8438   127      501.7081      502.2750  4835435    0.11%
  65910 30831      502.1830   153      501.7081      502.2748  4849078    0.11%
  66122 30995      502.1679   183      501.7081      502.2744  4862274    0.11%
  66309 31144      501.9413   158      501.7081      502.2740  4875179    0.11%
  66454 31243      501.9517   176      501.7081      502.2736  4887972    0.11%
  66605 31356      501.9808   115      501.7081      502.2733  4901260    0.11%
  66755 31468      501.8918   153      501.7081      502.2732  4914595    0.11%
  66945 31608      502.1105   137      501.7081      502.2729  4928042    0.11%
  67100 31713      502.1362   173      501.7081      502.2727  4941182    0.11%
Elapsed time = 1517.88 sec. (1532381.59 ticks, tree = 522.51 MB, solutions = 8)
  67284 31851      502.1945   163      501.7081      502.2725  4954254    0.11%
  67459 31976      501.8696   160      501.7081      502.2723  4967665    0.11%
  67604 32075      501.8043   181      501.7081      502.2720  4981466    0.11%
  67744 32178      501.8964   139      501.7081      502.2715  4994437    0.11%
  67891 32280      501.8992   201      501.7081      502.2712  5008298    0.11%
  68081 32416      501.9684   149      501.7081      502.2709  5021440    0.11%
  68223 32530      501.7493   118      501.7081      502.2708  5034979    0.11%
  68400 32643      502.0798   162      501.7081      502.2703  5048401    0.11%
  68546 32743      502.0021   164      501.7081      502.2699  5061633    0.11%
  68708 32876      501.7319   162      501.7081      502.2698  5074844    0.11%
Elapsed time = 1555.53 sec. (1570903.01 ticks, tree = 544.62 MB, solutions = 8)
  68886 33000      502.0382   134      501.7081      502.2693  5087476    0.11%
  69064 33138      501.7659   138      501.7081      502.2691  5099344    0.11%
  69242 33258      501.7950   159      501.7081      502.2686  5112809    0.11%
  69418 33380      501.7118    85      501.7081      502.2683  5126202    0.11%
  69599 33506      501.8053   151      501.7081      502.2678  5140044    0.11%
  69735 33605      501.9949   120      501.7081      502.2672  5153589    0.11%
  69916 33745      501.7968   127      501.7081      502.2669  5166669    0.11%
  70083 33857      501.9694   134      501.7081      502.2665  5180061    0.11%
  70266 33988      502.0526   108      501.7081      502.2662  5193404    0.11%
  70423 34089      501.9096   128      501.7081      502.2658  5207069    0.11%
Elapsed time = 1594.45 sec. (1609273.20 ticks, tree = 559.03 MB, solutions = 8)
  70586 34221      501.8513   108      501.7081      502.2655  5219619    0.11%
  70747 34332      501.8326    97      501.7081      502.2652  5233511    0.11%
  70901 34438      501.9606   168      501.7081      502.2649  5246579    0.11%
  71097 34584      502.0836   152      501.7081      502.2645  5258813    0.11%
  71265 34709      502.0395   139      501.7081      502.2643  5272338    0.11%
  71472 34850        cutoff            501.7081      502.2641  5285202    0.11%
  71620 34955      501.7505   111      501.7081      502.2638  5298631    0.11%
  71785 35072      501.8090   124      501.7081      502.2634  5311293    0.11%
  71944 35181      502.0168   134      501.7081      502.2630  5325053    0.11%
  72104 35296      501.8873   147      501.7081      502.2628  5338121    0.11%
Elapsed time = 1632.06 sec. (1647552.79 ticks, tree = 581.36 MB, solutions = 8)
  72262 35411      501.8346   137      501.7081      502.2625  5351949    0.11%
  72438 35539      501.9998   169      501.7081      502.2622  5365405    0.11%
  72600 35665      501.7822   109      501.7081      502.2617  5377875    0.11%
  72773 35783      502.0332   119      501.7081      502.2616  5391704    0.11%
  72923 35885        cutoff            501.7081      502.2612  5405297    0.11%
  73081 35993      501.9045   102      501.7081      502.2608  5418123    0.11%
  73240 36117      501.7106   106      501.7081      502.2604  5431171    0.11%
  73419 36246      502.1886   141      501.7081      502.2600  5444296    0.11%
  73607 36387      502.0415   150      501.7081      502.2597  5457377    0.11%
  73748 36481      501.8335   133      501.7081      502.2593  5469520    0.11%
Elapsed time = 1669.67 sec. (1685858.67 ticks, tree = 600.26 MB, solutions = 8)
  73921 36595      501.9776   150      501.7081      502.2589  5482583    0.11%
  74111 36727      502.0917   148      501.7081      502.2584  5496267    0.11%
  74270 36844      501.8548    91      501.7081      502.2582  5509194    0.11%
  74445 36971        cutoff            501.7081      502.2578  5522450    0.11%
  74630 37102      502.1816   141      501.7081      502.2574  5534931    0.11%
  74809 37242      501.8816   109      501.7081      502.2572  5548000    0.11%
  74952 37333      501.7133   120      501.7081      502.2566  5561238    0.11%
  75143 37462        cutoff            501.7081      502.2564  5574683    0.11%
  75325 37584      502.0968   141      501.7081      502.2562  5588203    0.11%
  75513 37726      502.1007   137      501.7081      502.2558  5600892    0.11%
Elapsed time = 1707.66 sec. (1724191.97 ticks, tree = 616.89 MB, solutions = 8)
  75703 37863      501.8196   142      501.7081      502.2555  5613623    0.11%
  75861 37981      502.0878   194      501.7081      502.2552  5627341    0.11%
  76049 38120      501.8135   157      501.7081      502.2551  5640665    0.11%
  76212 38233      502.0862   146      501.7081      502.2548  5653173    0.11%
  76396 38370      501.7591   111      501.7081      502.2546  5666590    0.11%
  76579 38503        cutoff            501.7081      502.2544  5679755    0.11%
  76725 38603        cutoff            501.7081      502.2542  5693278    0.11%
  76929 38746      501.7383   113      501.7081      502.2539  5706778    0.11%
  77104 38865        cutoff            501.7081      502.2536  5720020    0.11%
  77286 38989      501.8614   147      501.7081      502.2533  5733203    0.11%
Elapsed time = 1745.62 sec. (1762467.26 ticks, tree = 638.56 MB, solutions = 8)
  77439 39100      501.8592    79      501.7081      502.2531  5746269    0.11%
  77609 39219      502.0337   150      501.7081      502.2529  5759726    0.11%
  77762 39319      501.7270   149      501.7081      502.2525  5772953    0.11%
  77924 39436      501.7862   136      501.7081      502.2523  5786441    0.11%
  78111 39572      502.0030   124      501.7081      502.2520  5799822    0.11%
  78285 39682      502.0857   135      501.7081      502.2517  5813466    0.11%
  78458 39792      501.8860   144      501.7081      502.2513  5826563    0.11%
  78633 39919      502.0242   146      501.7081      502.2510  5839553    0.11%
  78808 40059      501.8281   174      501.7081      502.2507  5852277    0.11%
  78965 40163      502.1982   140      501.7081      502.2504  5865800    0.11%
Elapsed time = 1783.34 sec. (1800768.40 ticks, tree = 655.64 MB, solutions = 8)
  79159 40312      502.0592   132      501.7081      502.2501  5878999    0.11%
  79330 40443      501.8135   126      501.7081      502.2499  5892720    0.11%
  79531 40594      501.7854   125      501.7081      502.2497  5905306    0.11%
  79698 40706      501.7203   129      501.7081      502.2493  5918994    0.11%
  79900 40855      501.7935   146      501.7081      502.2485  5931746    0.11%
  80089 40991      502.1264   164      501.7081      502.2482  5944898    0.11%
  80255 41109      502.0894   152      501.7081      502.2479  5957676    0.11%
  80434 41255      501.8847   118      501.7081      502.2478  5971196    0.11%
  80593 41359      502.1904   130      501.7081      502.2476  5984722    0.11%
  80798 41505      501.7748   152      501.7081      502.2471  5998159    0.11%
Elapsed time = 1821.71 sec. (1839148.98 ticks, tree = 680.15 MB, solutions = 8)
  80961 41623        cutoff            501.7081      502.2466  6011753    0.11%
  81147 41756      501.7812   104      501.7081      502.2464  6025160    0.11%
  81320 41877      502.1123   160      501.7081      502.2463  6038467    0.11%
  81489 41998      501.7906   179      501.7081      502.2461  6052197    0.11%
  81653 42121        cutoff            501.7081      502.2459  6065504    0.11%
  81838 42253      502.0736   153      501.7081      502.2455  6079102    0.11%
  82007 42371      501.9987   125      501.7081      502.2452  6092222    0.11%
  82173 42485      502.1295   158      501.7081      502.2449  6104888    0.11%
  82375 42630      502.1099   158      501.7081      502.2445  6118932    0.11%
  82518 42729      501.9468   159      501.7081      502.2444  6132207    0.11%
Elapsed time = 1859.66 sec. (1877547.72 ticks, tree = 701.12 MB, solutions = 8)
  82678 42848      501.7784   149      501.7081      502.2443  6145293    0.11%
  82872 42995      501.7651   114      501.7081      502.2440  6158804    0.11%
  83045 43112      502.1404   135      501.7081      502.2438  6171921    0.11%
  83219 43242      501.8276   143      501.7081      502.2436  6185060    0.11%
  83411 43391      502.0370   187      501.7081      502.2433  6198842    0.11%
  83567 43498      501.8959   146      501.7081      502.2430  6212349    0.11%
  83762 43623      502.0713   120      501.7081      502.2428  6225723    0.11%
  83941 43739        cutoff            501.7081      502.2425  6238940    0.11%
  84107 43847      501.9182   183      501.7081      502.2419  6252369    0.11%
  84264 43968      501.7642   113      501.7081      502.2417  6265688    0.11%
Elapsed time = 1897.73 sec. (1915923.57 ticks, tree = 723.83 MB, solutions = 8)
  84427 44084      501.9825   118      501.7081      502.2413  6278823    0.11%
  84615 44223      501.9850   132      501.7081      502.2409  6292197    0.11%
  84775 44330      502.0061   175      501.7081      502.2407  6306238    0.11%
  84927 44445      502.0635   159      501.7081      502.2406  6319516    0.11%
  85072 44536      502.0748   121      501.7081      502.2404  6332764    0.11%
  85246 44664      501.8562   115      501.7081      502.2400  6346661    0.11%
  85411 44780      501.8871   126      501.7081      502.2399  6360036    0.11%
  85581 44899      501.7146    97      501.7081      502.2396  6373170    0.11%
  85741 45007      501.9414   114      501.7081      502.2393  6386146    0.11%
  85907 45130      502.0084   153      501.7081      502.2390  6399717    0.11%
Elapsed time = 1935.44 sec. (1954251.64 ticks, tree = 745.06 MB, solutions = 8)
  86077 45239      502.0919   141      501.7081      502.2388  6413275    0.11%
  86225 45337      501.8896   130      501.7081      502.2385  6427372    0.11%
  86421 45476      501.8785   109      501.7081      502.2382  6440090    0.11%
  86606 45624      501.7890   105      501.7081      502.2381  6453133    0.11%
  86801 45764      501.9086   103      501.7081      502.2378  6466700    0.11%
  86968 45886      502.1395   154      501.7081      502.2376  6480272    0.11%
  87156 46025      502.0593   128      501.7081      502.2374  6493331    0.11%
  87324 46128      501.9564   147      501.7081      502.2371  6507298    0.11%
  87493 46248      502.0612   137      501.7081      502.2368  6519944    0.11%
  87655 46371      501.8393   161      501.7081      502.2366  6533204    0.11%
Elapsed time = 1973.46 sec. (1992498.32 ticks, tree = 759.21 MB, solutions = 8)
  87820 46487      502.1941   152      501.7081      502.2365  6546712    0.11%
  87983 46608      502.0395   110      501.7081      502.2361  6560069    0.11%
  88179 46737      501.7095   146      501.7081      502.2357  6572009    0.11%
  88339 46847      502.1708   135      501.7081      502.2354  6585379    0.11%
  88561 47017      501.7837   152      501.7081      502.2351  6598605    0.11%
  88748 47144      502.0619   172      501.7081      502.2350  6612268    0.11%
  88902 47259      501.8554   118      501.7081      502.2347  6626039    0.10%
  89042 47355      501.7435   131      501.7081      502.2346  6639142    0.10%
  89241 47497      501.9782   117      501.7081      502.2344  6652749    0.10%
  89408 47621      501.7750   166      501.7081      502.2342  6665325    0.10%
Elapsed time = 2011.50 sec. (2030826.82 ticks, tree = 779.51 MB, solutions = 8)
  89625 47774      502.0378   133      501.7081      502.2339  6678535    0.10%
  89791 47898      502.0503   153      501.7081      502.2336  6691730    0.10%
  89952 48024      501.7306   109      501.7081      502.2335  6705648    0.10%
  90135 48155      501.7974    80      501.7081      502.2332  6719031    0.10%
  90320 48281      501.8177   175      501.7081      502.2329  6732250    0.10%
  90502 48411      501.9243   162      501.7081      502.2326  6745765    0.10%
  90654 48522        cutoff            501.7081      502.2324  6759415    0.10%
  90794 48617      501.9060   118      501.7081      502.2322  6773395    0.10%
  90956 48727      501.8580   141      501.7081      502.2319  6786405    0.10%
  91143 48854      501.8295   132      501.7081      502.2317  6799607    0.10%
Elapsed time = 2049.57 sec. (2069117.04 ticks, tree = 796.44 MB, solutions = 8)
  91304 48966      502.1654   174      501.7081      502.2313  6813385    0.10%
  91452 49063      501.7082   132      501.7081      502.2312  6826445    0.10%
  91637 49205      501.8102   145      501.7081      502.2308  6839049    0.10%
  91793 49320      502.2152   132      501.7081      502.2306  6851599    0.10%
  91952 49440      501.7377   121      501.7081      502.2304  6865134    0.10%
  92142 49567      502.1401   133      501.7081      502.2301  6878240    0.10%
  92311 49685      501.7384    80      501.7081      502.2299  6891860    0.10%
  92497 49807      501.7742   107      501.7081      502.2296  6905054    0.10%
  92675 49930      501.8322   152      501.7081      502.2293  6917923    0.10%
  92876 50061      501.8000    60      501.7081      502.2291  6931088    0.10%
Elapsed time = 2087.53 sec. (2107436.55 ticks, tree = 817.06 MB, solutions = 8)
  93033 50181      501.8229   106      501.7081      502.2289  6943710    0.10%
  93242 50326      501.8529   137      501.7081      502.2288  6956955    0.10%
  93432 50464      502.1384   144      501.7081      502.2286  6969793    0.10%
  93590 50579      501.9390   110      501.7081      502.2284  6982888    0.10%
  93745 50684      501.9453   145      501.7081      502.2281  6994979    0.10%
  93912 50803      501.9669   170      501.7081      502.2277  7008104    0.10%
  94066 50925      501.9980   148      501.7081      502.2275  7021478    0.10%
  94208 51013      501.8903   126      501.7081      502.2272  7034192    0.10%
  94383 51140      501.8176   159      501.7081      502.2270  7047882    0.10%
  94546 51258      501.7652   117      501.7081      502.2268  7061113    0.10%
Elapsed time = 2125.26 sec. (2145727.00 ticks, tree = 839.70 MB, solutions = 8)
  94715 51385      502.1362   141      501.7081      502.2265  7074914    0.10%
  94894 51501      502.0953   132      501.7081      502.2262  7088029    0.10%
  95072 51622      502.1741   155      501.7081      502.2258  7100916    0.10%
  95229 51747      501.8481    99      501.7081      502.2255  7114348    0.10%
  95402 51878      501.8103   152      501.7081      502.2252  7127159    0.10%
  95569 52004      501.8437   141      501.7081      502.2251  7141102    0.10%
  95740 52128      501.9779   172      501.7081      502.2248  7153876    0.10%
  95905 52242      501.7880   141      501.7081      502.2247  7167096    0.10%
  96077 52371      502.0093   170      501.7081      502.2244  7180501    0.10%
  96249 52493      501.9850   164      501.7081      502.2241  7193538    0.10%
Elapsed time = 2163.09 sec. (2183987.66 ticks, tree = 858.18 MB, solutions = 8)
  96480 52671      501.7784   108      501.7081      502.2236  7206244    0.10%
  96646 52771      502.0445   130      501.7081      502.2232  7218562    0.10%
  96833 52905      501.9672   130      501.7081      502.2230  7231536    0.10%
  97035 53031      501.8827   127      501.7081      502.2227  7244190    0.10%
  97215 53157      501.9450   157      501.7081      502.2225  7257412    0.10%
  97375 53262        cutoff            501.7081      502.2221  7270735    0.10%
  97573 53405      501.7930    79      501.7081      502.2220  7283889    0.10%
  97746 53525      501.9652   125      501.7081      502.2217  7296741    0.10%
  97917 53637      501.7186   143      501.7081      502.2213  7310622    0.10%
  98070 53734      502.0665   159      501.7081      502.2211  7323661    0.10%
Elapsed time = 2201.10 sec. (2222297.33 ticks, tree = 878.05 MB, solutions = 8)
  98257 53872      501.8008   126      501.7081      502.2210  7336590    0.10%
  98439 54001      501.7920   114      501.7081      502.2206  7349870    0.10%
  98617 54119      501.9418   119      501.7081      502.2204  7363159    0.10%
  98795 54244      501.9466   118      501.7081      502.2202  7376685    0.10%
  98994 54379      501.9802   106      501.7081      502.2201  7390141    0.10%
  99180 54510      501.8791   138      501.7081      502.2199  7403373    0.10%
  99370 54650      501.9078   117      501.7081      502.2196  7415615    0.10%
  99545 54772      501.7118    84      501.7081      502.2194  7428900    0.10%
  99720 54913      501.7241   127      501.7081      502.2192  7442343    0.10%
  99904 55020      502.1024   193      501.7081      502.2190  7455774    0.10%
Elapsed time = 2239.28 sec. (2260599.42 ticks, tree = 900.97 MB, solutions = 8)
 100060 55134      501.7915   129      501.7081      502.2188  7468672    0.10%
 100223 55249      501.7963   122      501.7081      502.2187  7481217    0.10%
 100431 55402      501.9269   140      501.7081      502.2184  7494714    0.10%
 100618 55554      501.7363   106      501.7081      502.2183  7507770    0.10%
 100803 55688      502.0136   130      501.7081      502.2182  7521203    0.10%
 100959 55792      502.0475   200      501.7081      502.2180  7535241    0.10%
 101126 55910      502.0481   141      501.7081      502.2179  7548588    0.10%
 101296 56038      501.8597   117      501.7081      502.2178  7561986    0.10%
 101455 56146      501.7384    99      501.7081      502.2176  7574112    0.10%
 101640 56276        cutoff            501.7081      502.2174  7586898    0.10%
Elapsed time = 2277.15 sec. (2298899.44 ticks, tree = 920.83 MB, solutions = 8)
 101815 56405      501.8859   118      501.7081      502.2172  7599894    0.10%
 102003 56532      501.9118   129      501.7081      502.2171  7613063    0.10%
 102173 56649      501.7563   162      501.7081      502.2167  7625804    0.10%
 102335 56767      502.0215   148      501.7081      502.2165  7639844    0.10%
 102521 56887      502.0639   148      501.7081      502.2163  7652917    0.10%
 102670 56974      502.0675   165      501.7081      502.2161  7666239    0.10%
 102855 57108      502.0029   137      501.7081      502.2159  7679490    0.10%
 103058 57256      501.7361   112      501.7081      502.2157  7692892    0.10%
 103240 57385      501.9379   151      501.7081      502.2154  7706374    0.10%
 103455 57534      502.1419   148      501.7081      502.2151  7719434    0.10%
Elapsed time = 2315.23 sec. (2337232.31 ticks, tree = 942.22 MB, solutions = 8)
 103629 57665      501.8177   122      501.7081      502.2149  7733152    0.10%
 103831 57797      502.1350   156      501.7081      502.2148  7746539    0.10%
 104023 57933      501.8405   134      501.7081      502.2145  7759843    0.10%
 104202 58071      501.7453    86      501.7081      502.2142  7772709    0.10%
 104382 58197      501.7358   148      501.7081      502.2138  7786245    0.10%
 104563 58321      501.8007   125      501.7081      502.2138  7799961    0.10%
 104725 58430      501.7715   161      501.7081      502.2137  7813516    0.10%
 104914 58555      501.7585   177      501.7081      502.2134  7827195    0.10%
 105140 58715      502.0600   140      501.7081      502.2131  7840257    0.10%
 105334 58847      502.0060   127      501.7081      502.2130  7853648    0.10%
Elapsed time = 2353.58 sec. (2375615.50 ticks, tree = 962.61 MB, solutions = 8)
 105459 58936      501.7654   122      501.7081      502.2128  7865899    0.10%
 105651 59065      502.0247   148      501.7081      502.2126  7879459    0.10%
 105826 59184      501.8731   144      501.7081      502.2125  7892591    0.10%
 105989 59303      501.8588   136      501.7081      502.2124  7905927    0.10%
 106197 59463      501.7164   153      501.7081      502.2122  7918923    0.10%
 106373 59584      501.7553   133      501.7081      502.2120  7932234    0.10%
 106545 59706      501.7244   113      501.7081      502.2117  7945221    0.10%
 106719 59814      501.9221   115      501.7081      502.2114  7958835    0.10%
 106881 59925      501.9198   119      501.7081      502.2112  7972253    0.10%
 107047 60036      502.0338   172      501.7081      502.2111  7985225    0.10%
Elapsed time = 2391.42 sec. (2413895.40 ticks, tree = 984.87 MB, solutions = 8)
 107219 60151      502.0471   121      501.7081      502.2110  7999001    0.10%
 107413 60299      501.7414   111      501.7081      502.2109  8012216    0.10%
 107596 60431      501.8241   101      501.7081      502.2107  8025324    0.10%
 107771 60556      501.9805   202      501.7081      502.2105  8038927    0.10%
 107902 60638      501.7082   131      501.7081      502.2104  8052737    0.10%
 108095 60762      502.0676   138      501.7081      502.2102  8065728    0.10%
 108244 60866      501.8828   109      501.7081      502.2101  8078408    0.10%
 108437 60997      501.8780   138      501.7081      502.2100  8091970    0.10%
 108610 61124      501.7419   122      501.7081      502.2098  8104750    0.10%
 108782 61244      502.0955   125      501.7081      502.2096  8118177    0.10%
Elapsed time = 2429.29 sec. (2452238.56 ticks, tree = 998.02 MB, solutions = 8)
 108973 61369      502.0610   160      501.7081      502.2093  8132138    0.10%
 109159 61500      501.8601   123      501.7081      502.2092  8145360    0.10%
 109312 61611      502.1279   177      501.7081      502.2090  8158852    0.10%
 109491 61741      502.1131   144      501.7081      502.2088  8171586    0.10%
 109671 61862      502.0997   151      501.7081      502.2087  8184914    0.10%
 109859 61994      501.9104   121      501.7081      502.2085  8197519    0.10%
 110026 62115      501.8896   116      501.7081      502.2085  8210658    0.10%
 110181 62209      501.7134   160      501.7081      502.2082  8224113    0.10%
 110355 62327      501.7652   121      501.7081      502.2080  8237119    0.10%
 110525 62448      501.8543    86      501.7081      502.2077  8249946    0.10%
Elapsed time = 2467.21 sec. (2490606.93 ticks, tree = 1016.06 MB, solutions = 8)
 110733 62584      502.0656   159      501.7081      502.2076  8262802    0.10%
 110910 62700      501.8557   154      501.7081      502.2074  8276444    0.10%
 111092 62834      501.8587   117      501.7081      502.2073  8289481    0.10%
 111247 62951      502.0663   146      501.7081      502.2072  8302770    0.10%
 111459 63103      501.8811   119      501.7081      502.2071  8315439    0.10%
 111659 63244        cutoff            501.7081      502.2069  8328815    0.10%
 111815 63347      502.0303   135      501.7081      502.2067  8341318    0.10%
 111992 63469      501.9452   135      501.7081      502.2064  8355037    0.10%
 112202 63619      501.9813   135      501.7081      502.2063  8368200    0.10%
 112374 63730      502.1064   162      501.7081      502.2061  8381697    0.10%
Elapsed time = 2505.35 sec. (2528879.43 ticks, tree = 1035.31 MB, solutions = 8)
 112585 63876      502.0404   134      501.7081      502.2059  8394875    0.10%
 112766 64010        cutoff            501.7081      502.2058  8408028    0.10%
 112930 64118      502.0892   124      501.7081      502.2055  8421630    0.10%
 113125 64260      502.0241   150      501.7081      502.2054  8434952    0.10%
 113329 64404      501.8375    98      501.7081      502.2053  8448099    0.10%
 113515 64519      501.8994   104      501.7081      502.2051  8461498    0.10%
 113705 64655      501.9814   135      501.7081      502.2048  8474907    0.10%
 113881 64773        cutoff            501.7081      502.2047  8487421    0.10%
 114068 64895      501.9421   142      501.7081      502.2044  8501038    0.10%
 114243 65017      501.8143   140      501.7081      502.2043  8514353    0.10%
Elapsed time = 2543.59 sec. (2567245.23 ticks, tree = 1054.90 MB, solutions = 8)
 114439 65150      501.9220   122      501.7081      502.2041  8527844    0.10%
 114645 65293      501.7300   137      501.7081      502.2038  8540723    0.10%
 114847 65437      501.7331    57      501.7081      502.2036  8554160    0.10%
 115007 65537      501.9180   163      501.7081      502.2033  8567267    0.10%
 115164 65637      502.0359   178      501.7081      502.2030  8581092    0.10%
 115335 65754      501.9389   135      501.7081      502.2028  8594892    0.10%
 115543 65896      501.8769   101      501.7081      502.2026  8608515    0.10%
 115746 66042      502.1340   117      501.7081      502.2025  8621773    0.10%
 115948 66176      502.1178   159      501.7081      502.2024  8635424    0.10%
 116124 66300      501.9451    95      501.7081      502.2022  8648984    0.10%
Elapsed time = 2582.01 sec. (2605730.98 ticks, tree = 1075.56 MB, solutions = 8)
 116295 66412      501.8385   118      501.7081      502.2020  8662051    0.10%
 116500 66545      502.0886   146      501.7081      502.2018  8675187    0.10%
 116685 66678      502.0872   124      501.7081      502.2017  8688434    0.10%
 116880 66816      502.0049   143      501.7081      502.2014  8702009    0.10%
 117062 66936      502.0510   156      501.7081      502.2013  8715015    0.10%
 117239 67066      501.7801   116      501.7081      502.2010  8728559    0.10%
 117416 67181      501.9808   146      501.7081      502.2007  8742204    0.10%
 117599 67311      501.8181   181      501.7081      502.2006  8756126    0.10%
 117785 67421      502.1270   116      501.7081      502.2003  8769490    0.10%
 117947 67543      501.8184   139      501.7081      502.2002  8783190    0.10%
Elapsed time = 2620.27 sec. (2644094.96 ticks, tree = 1099.55 MB, solutions = 8)
 118111 67660      501.7331   100      501.7081      502.1999  8796874    0.10%
 118297 67785      501.7447    99      501.7081      502.1997  8810623    0.10%
 118504 67932      501.7124   127      501.7081      502.1995  8824253    0.10%
 118677 68043      502.0157   150      501.7081      502.1993  8837586    0.10%
 118861 68168      502.0456   137      501.7081      502.1991  8851557    0.10%
 119014 68264      501.8905   169      501.7081      502.1989  8864795    0.10%
 119194 68392      502.0529   171      501.7081      502.1987  8878557    0.10%
 119355 68515      501.8567   167      501.7081      502.1987  8891607    0.10%
 119508 68610      501.7402   142      501.7081      502.1985  8905790    0.10%
 119705 68748      502.1318   129      501.7081      502.1983  8918840    0.10%
Elapsed time = 2658.52 sec. (2682483.99 ticks, tree = 1114.73 MB, solutions = 8)
 119890 68873      501.7591   139      501.7081      502.1981  8931973    0.10%
 120065 68993      501.8899   130      501.7081      502.1980  8945543    0.10%
 120258 69123      502.0750   131      501.7081      502.1978  8958260    0.10%
 120424 69249      501.8565   126      501.7081      502.1977  8971824    0.10%
 120617 69384      501.7466   110      501.7081      502.1976  8984998    0.10%
 120807 69523      501.7275   136      501.7081      502.1974  8998796    0.10%
 120994 69658      501.8121   109      501.7081      502.1973  9012111    0.10%
 121145 69754      501.9913   153      501.7081      502.1972  9025174    0.10%
 121327 69877      501.9737   165      501.7081      502.1970  9038216    0.10%
 121508 69999      501.8923   132      501.7081      502.1969  9051671    0.10%
Elapsed time = 2696.69 sec. (2720878.85 ticks, tree = 1133.55 MB, solutions = 8)
 121702 70116      501.7357   110      501.7081      502.1967  9065556    0.10%
 121879 70240      501.9136   126      501.7081      502.1965  9079177    0.10%
 122095 70401      501.9080   121      501.7081      502.1964  9092835    0.10%
 122279 70528        cutoff            501.7081      502.1963  9105409    0.10%
 122432 70628      502.1090   138      501.7081      502.1961  9118897    0.10%
 122644 70778      501.7259    66      501.7081      502.1960  9131970    0.10%
 122835 70913      501.7328    79      501.7081      502.1958  9145302    0.10%
 122985 71014      501.8808   128      501.7081      502.1957  9158826    0.10%
 123181 71149      501.9444   118      501.7081      502.1955  9172334    0.10%
 123371 71280      501.7498    94      501.7081      502.1953  9185903    0.10%
Elapsed time = 2735.00 sec. (2759179.57 ticks, tree = 1156.94 MB, solutions = 8)
 123528 71378      501.8224   144      501.7081      502.1950  9199254    0.10%
 123692 71484      501.9100   138      501.7081      502.1948  9212575    0.10%
 123868 71606      501.8894   167      501.7081      502.1946  9226171    0.10%
 124060 71732      501.8472   160      501.7081      502.1944  9239926    0.10%
 124247 71852      501.8529   112      501.7081      502.1943  9253683    0.10%
 124453 71979      502.0063   152      501.7081      502.1941  9267063    0.10%
 124657 72133      501.7943    76      501.7081      502.1939  9280590    0.10%
 124827 72258      501.7897   104      501.7081      502.1938  9293909    0.10%
 125002 72376      501.7111   104      501.7081      502.1936  9306913    0.10%
 125161 72477      501.7132   103      501.7081      502.1936  9320708    0.10%
Elapsed time = 2773.20 sec. (2797567.96 ticks, tree = 1175.46 MB, solutions = 8)
 125350 72605      501.7123    39      501.7081      502.1935  9333860    0.10%
 125550 72751      501.7107    86      501.7081      502.1933  9347159    0.10%
 125728 72874      501.9120   107      501.7081      502.1932  9360789    0.10%
 125916 73012      501.7483   108      501.7081      502.1930  9373800    0.10%
 126084 73112      502.0088   115      501.7081      502.1928  9387745    0.10%
 126270 73240      501.7882    78      501.7081      502.1926  9401465    0.10%
 126428 73349      501.7775   155      501.7081      502.1924  9414546    0.10%
 126620 73482      501.7609   122      501.7081      502.1923  9427929    0.10%
 126783 73598      501.9255   121      501.7081      502.1922  9441136    0.10%
 126961 73724      501.9451   115      501.7081      502.1920  9454261    0.10%
Elapsed time = 2811.33 sec. (2835826.90 ticks, tree = 1198.74 MB, solutions = 8)
 127139 73846      502.0965   166      501.7081      502.1919  9467803    0.10%
 127332 73986      501.7206   120      501.7081      502.1918  9481346    0.10%
 127509 74102      501.9747   151      501.7081      502.1916  9494702    0.10%
 127701 74225      502.0390   129      501.7081      502.1915  9508274    0.10%
 127868 74336        cutoff            501.7081      502.1913  9521582    0.10%
 128045 74460      502.1277   129      501.7081      502.1912  9535327    0.10%
 128232 74588      501.9821   128      501.7081      502.1910  9549410    0.10%
 128419 74706      501.7237   111      501.7081      502.1909  9562868    0.10%
 128623 74853      502.0173   126      501.7081      502.1908  9576293    0.10%
 128842 75023      501.7222   155      501.7081      502.1906  9589359    0.10%
Elapsed time = 2849.83 sec. (2874158.25 ticks, tree = 1216.82 MB, solutions = 8)
 129027 75143      501.7850   153      501.7081      502.1905  9602432    0.10%
 129208 75263      502.0246   119      501.7081      502.1903  9616062    0.10%
 129383 75382      501.8714   118      501.7081      502.1903  9629906    0.10%
 129541 75493      501.9350   137      501.7081      502.1901  9643597    0.10%
 129711 75602      501.7363   126      501.7081      502.1899  9657222    0.10%
 129855 75699      502.0015   158      501.7081      502.1896  9670647    0.10%
 130022 75812      501.9678   145      501.7081      502.1895  9684348    0.10%
 130222 75954      502.0373   134      501.7081      502.1894  9697956    0.10%
 130387 76076      501.7981   105      501.7081      502.1893  9711349    0.10%
 130589 76229      501.7627    97      501.7081      502.1892  9724858    0.10%
Elapsed time = 2887.79 sec. (2912416.47 ticks, tree = 1236.68 MB, solutions = 8)
 130752 76328        cutoff            501.7081      502.1891  9738896    0.10%
 130935 76458      501.9477    84      501.7081      502.1890  9751779    0.10%
 131143 76602      501.8313   146      501.7081      502.1889  9765167    0.10%
 131314 76729      501.9010   131      501.7081      502.1888  9779053    0.10%
 131507 76855      502.0139   101      501.7081      502.1887  9791169    0.10%
 131711 76987      502.0228   133      501.7081      502.1885  9804707    0.10%
 131893 77113      502.0568   140      501.7081      502.1884  9818172    0.10%
 132089 77262      501.8983   132      501.7081      502.1882  9831503    0.10%
 132273 77389      501.7867   148      501.7081      502.1881  9845656    0.10%
 132450 77504      501.9691   185      501.7081      502.1880  9859521    0.10%
Elapsed time = 2926.28 sec. (2950792.90 ticks, tree = 1255.60 MB, solutions = 8)
 132624 77620      501.8099    96      501.7081      502.1877  9873121    0.10%
 132855 77772      501.8914    93      501.7081      502.1876  9886335    0.10%
 133068 77916      502.0679   117      501.7081      502.1875  9899105    0.10%
 133278 78062      502.0929   133      501.7081      502.1873  9913006    0.10%
 133477 78183      501.9190   154      501.7081      502.1871  9926630    0.10%
 133673 78314      502.0853   131      501.7081      502.1869  9939975    0.10%
 133871 78469      501.7298   101      501.7081      502.1868  9952667    0.10%
 134039 78570      502.1063   141      501.7081      502.1866  9966632    0.10%
 134236 78691      502.0487   142      501.7081      502.1864  9980050    0.10%
 134424 78810      501.8724   133      501.7081      502.1863  9993475    0.10%
Elapsed time = 2965.03 sec. (2989163.34 ticks, tree = 1281.07 MB, solutions = 8)
 134625 78952      501.9729   147      501.7081      502.1862 10006067    0.10%
 134796 79066      502.0839   115      501.7081      502.1860 10019789    0.10%
 134965 79195      501.7115    62      501.7081      502.1859 10033670    0.10%
 135154 79328      501.8523   117      501.7081      502.1858 10046933    0.10%
 135373 79497      501.9209   129      501.7081      502.1856 10059863    0.10%
 135557 79622      501.9439   122      501.7081      502.1853 10073600    0.10%
 135747 79752      501.7151    58      501.7081      502.1851 10086850    0.10%
 135910 79871      502.0189   137      501.7081      502.1849 10100144    0.10%
 136090 79985      501.7164   116      501.7081      502.1847 10113996    0.10%
 136304 80123      501.8642   150      501.7081      502.1846 10127025    0.09%
Elapsed time = 3003.44 sec. (3027460.29 ticks, tree = 1299.06 MB, solutions = 8)
 136503 80260      501.9422   140      501.7081      502.1846 10140369    0.09%
 136687 80383      501.7383   111      501.7081      502.1845 10153868    0.09%
 136892 80537      501.8476   123      501.7081      502.1843 10167154    0.09%
 137103 80682      501.8394   124      501.7081      502.1841 10180066    0.09%
 137284 80801      501.7428    87      501.7081      502.1840 10193690    0.09%
 137424 80881      501.7487   162      501.7081      502.1838 10206519    0.09%
 137618 81013      502.0996   142      501.7081      502.1836 10219535    0.09%
 137792 81145      501.7331   143      501.7081      502.1836 10233074    0.09%
 137993 81280      501.7238   110      501.7081      502.1832 10246373    0.09%
 138169 81401      501.7813   145      501.7081      502.1829 10259022    0.09%
Elapsed time = 3041.68 sec. (3065762.41 ticks, tree = 1323.81 MB, solutions = 8)
 138391 81562      501.8066   168      501.7081      502.1828 10272298    0.09%
 138550 81678      501.7410   119      501.7081      502.1827 10284876    0.09%
 138709 81790      501.7886    95      501.7081      502.1826 10298648    0.09%
 138889 81906      501.7529   134      501.7081      502.1824 10312119    0.09%
 139108 82049        cutoff            501.7081      502.1823 10324965    0.09%
 139291 82187      501.9234   128      501.7081      502.1820 10338485    0.09%
 139479 82316      501.7804   100      501.7081      502.1819 10352057    0.09%
 139672 82445        cutoff            501.7081      502.1818 10365531    0.09%
 139859 82560      501.7837    82      501.7081      502.1817 10379119    0.09%
 140055 82683      502.0336   147      501.7081      502.1815 10392875    0.09%
Elapsed time = 3079.89 sec. (3104006.33 ticks, tree = 1338.99 MB, solutions = 8)
 140243 82813      501.8335   120      501.7081      502.1814 10406264    0.09%
 140401 82913      501.7269   100      501.7081      502.1813 10419873    0.09%
 140578 83039      501.8356   153      501.7081      502.1812 10432867    0.09%
 140769 83177      501.9658   155      501.7081      502.1810 10446324    0.09%
 140945 83305      502.0825   140      501.7081      502.1809 10459711    0.09%
 141151 83447      501.9170   147      501.7081      502.1808 10472893    0.09%
 141312 83566      501.9258   123      501.7081      502.1806 10486739    0.09%
 141464 83665      501.9079   127      501.7081      502.1806 10499977    0.09%
 141636 83790      502.0653   127      501.7081      502.1805 10513310    0.09%
 141830 83930      501.7192   157      501.7081      502.1804 10526231    0.09%
Elapsed time = 3117.68 sec. (3142270.41 ticks, tree = 1356.43 MB, solutions = 8)
 141991 84038      502.1211   142      501.7081      502.1802 10539440    0.09%
 142183 84163      501.9557   157      501.7081      502.1801 10553220    0.09%
 142382 84293      502.0537   129      501.7081      502.1799 10566745    0.09%
 142560 84426      502.0860   170      501.7081      502.1798 10579581    0.09%
 142737 84557      501.7375   103      501.7081      502.1797 10592879    0.09%
 142917 84666      501.7954   126      501.7081      502.1795 10606588    0.09%
 143087 84783      501.7518   100      501.7081      502.1793 10619851    0.09%
 143245 84876      501.8726   156      501.7081      502.1791 10633391    0.09%
 143397 84972      501.9652   184      501.7081      502.1790 10646794    0.09%
 143585 85109      501.9342   127      501.7081      502.1789 10660155    0.09%
Elapsed time = 3155.60 sec. (3180743.59 ticks, tree = 1375.04 MB, solutions = 8)
 143774 85241      501.9795   132      501.7081      502.1788 10674062    0.09%
 143949 85366      501.8149   105      501.7081      502.1786 10687994    0.09%
 144155 85492      502.0716   148      501.7081      502.1785 10699720    0.09%
 144322 85607      501.8426   169      501.7081      502.1784 10712923    0.09%
 144468 85705      501.9714   135      501.7081      502.1784 10726259    0.09%
 144634 85830      501.7668   161      501.7081      502.1782 10739285    0.09%
 144833 85973      501.7300   144      501.7081      502.1781 10752782    0.09%
 145006 86091      502.1131   118      501.7081      502.1780 10766832    0.09%
 145214 86233      501.9675   123      501.7081      502.1778 10780681    0.09%
 145382 86354      501.9319   140      501.7081      502.1778 10794351    0.09%
Elapsed time = 3193.57 sec. (3219068.17 ticks, tree = 1390.43 MB, solutions = 8)
 145578 86497      501.7444   182      501.7081      502.1776 10807606    0.09%
 145753 86605      501.7612   120      501.7081      502.1775 10821468    0.09%
 145951 86738      501.9873   136      501.7081      502.1773 10835272    0.09%
 146133 86865      501.8538    94      501.7081      502.1771 10848758    0.09%
 146331 86995      501.8057    78      501.7081      502.1770 10861781    0.09%
 146505 87104      501.7182   118      501.7081      502.1769 10875509    0.09%
 146687 87216      501.9907   119      501.7081      502.1767 10888773    0.09%
 146912 87360      501.7874   113      501.7081      502.1765 10902304    0.09%
 147103 87482      502.0822   134      501.7081      502.1763 10915067    0.09%
 147276 87605      502.0677   133      501.7081      502.1762 10928858    0.09%
Elapsed time = 3231.72 sec. (3257351.03 ticks, tree = 1404.89 MB, solutions = 8)
 147450 87726      501.7412   150      501.7081      502.1761 10942065    0.09%
 147617 87831      501.9495   134      501.7081      502.1759 10955762    0.09%
Starting limited solution polishing.
 147797 87938      501.7608   128      501.7081      502.1757 10968829    0.09%
 147990 88070      502.0376   139      501.7081      502.1756 10981925    0.09%
 148155 88188      501.7149   115      501.7081      502.1755 10994220    0.09%
 148297 88275      501.9786   148      501.7081      502.1753 11006310    0.09%
 148470 88390      502.1377   140      501.7081      502.1752 11016809    0.09%
 148621 88493      501.7865   114      501.7081      502.1750 11030308    0.09%
 148780 88601      501.7204    87      501.7081      502.1749 11041784    0.09%
 148935 88708      501.7840   123      501.7081      502.1748 11054398    0.09%
Elapsed time = 3270.11 sec. (3295928.67 ticks, tree = 1421.56 MB, solutions = 8)
 149094 88812      502.0417   127      501.7081      502.1747 11066671    0.09%
 149266 88919      502.0666   147      501.7081      502.1745 11078693    0.09%
 149435 89022      502.0903   134      501.7081      502.1744 11090553    0.09%
 149590 89134      501.8937   118      501.7081      502.1744 11103370    0.09%
 149731 89228      501.9792   156      501.7081      502.1743 11114585    0.09%
 149855 89312      501.7323   127      501.7081      502.1741 11124578    0.09%
 150048 89437      502.1196   141      501.7081      502.1740 11135142    0.09%
 150214 89545      501.9582   167      501.7081      502.1738 11148890    0.09%
 150349 89634      501.9158   135      501.7081      502.1737 11159059    0.09%
 150482 89721      501.8579   105      501.7081      502.1736 11170013    0.09%
Elapsed time = 3308.35 sec. (3334329.47 ticks, tree = 1435.88 MB, solutions = 8)
 150599 89793      501.9279   119      501.7081      502.1735 11179081    0.09%
 150750 89882      502.0345   130      501.7081      502.1734 11192066    0.09%
 150894 89984      501.7550   106      501.7081      502.1733 11205047    0.09%
 151086 90105      502.0624   138      501.7081      502.1731 11217192    0.09%
 151235 90196      501.7235    75      501.7081      502.1731 11228521    0.09%
 151412 90311      501.9485   151      501.7081      502.1730 11239598    0.09%
 151578 90433      501.7087    87      501.7081      502.1729 11251697    0.09%
 151714 90529        cutoff            501.7081      502.1728 11262100    0.09%
 151835 90621      501.8453   143      501.7081      502.1727 11270515    0.09%
 151985 90722      502.0284   128      501.7081      502.1726 11282569    0.09%
Elapsed time = 3346.76 sec. (3372972.61 ticks, tree = 1451.13 MB, solutions = 8)
 152115 90805        cutoff            501.7081      502.1725 11293832    0.09%
 152235 90881      501.7222   147      501.7081      502.1724 11304632    0.09%
 152406 90995      501.7712   105      501.7081      502.1723 11317473    0.09%
 152534 91086      501.9408   159      501.7081      502.1723 11326724    0.09%
 152635 91149      501.8711   104      501.7081      502.1722 11334656    0.09%
 152799 91260      502.1240   146      501.7081      502.1721 11345604    0.09%
 152935 91341      502.0996   129      501.7081      502.1720 11357671    0.09%
 153146 91498      501.9933   136      501.7081      502.1719 11369186    0.09%
 153274 91588      501.8995   139      501.7081      502.1718 11379472    0.09%
 153435 91708      501.7353    69      501.7081      502.1717 11390837    0.09%
Elapsed time = 3386.62 sec. (3413018.45 ticks, tree = 1463.57 MB, solutions = 8)
 153575 91790      501.9783   125      501.7081      502.1715 11402521    0.09%
 153735 91903      501.8095   168      501.7081      502.1714 11412172    0.09%
 153852 91975      501.7903   122      501.7081      502.1714 11420707    0.09%
 154005 92071      502.0043   128      501.7081      502.1713 11430158    0.09%
 154135 92161      502.0006   108      501.7081      502.1712 11438497    0.09%
 154268 92247      501.7250   114      501.7081      502.1712 11449389    0.09%
 154435 92368      501.7623    96      501.7081      502.1711 11461326    0.09%
 154571 92459      502.0175   132      501.7081      502.1709 11469949    0.09%
 154735 92583      501.7381   124      501.7081      502.1708 11482622    0.09%
 154870 92667      501.7456   158      501.7081      502.1707 11492901    0.09%
Elapsed time = 3425.83 sec. (3452257.83 ticks, tree = 1479.68 MB, solutions = 8)
 155055 92785        cutoff            501.7081      502.1706 11502680    0.09%
 155241 92900      501.8442   157      501.7081      502.1704 11514610    0.09%
 155420 93032      501.9314   121      501.7081      502.1704 11526833    0.09%
 155535 93114      501.9468   103      501.7081      502.1704 11535417    0.09%
 155677 93205      502.0407   137      501.7081      502.1703 11546322    0.09%
 155791 93274      502.0356   145      501.7081      502.1702 11556042    0.09%
 155935 93379      501.8430   124      501.7081      502.1701 11566036    0.09%
 156125 93507      501.8161   127      501.7081      502.1701 11578016    0.09%
 156247 93589      501.7713    79      501.7081      502.1699 11584870    0.09%
 156380 93672      501.9651   125      501.7081      502.1698 11594600    0.09%
Elapsed time = 3465.17 sec. (3491340.59 ticks, tree = 1500.70 MB, solutions = 8)
 156535 93773      502.0647   146      501.7081      502.1697 11605477    0.09%
 156659 93862      501.8866   166      501.7081      502.1696 11615368    0.09%
 156818 93966      501.9397   139      501.7081      502.1695 11625975    0.09%
 156964 94059      501.8441   155      501.7081      502.1693 11637706    0.09%
 157148 94174      501.8879   155      501.7081      502.1692 11651889    0.09%
 157299 94262        cutoff            501.7081      502.1690 11662523    0.09%
 157483 94397        cutoff            501.7081      502.1690 11673032    0.09%
 157618 94484      501.9055   136      501.7081      502.1689 11682983    0.09%
 157787 94591      502.0711   142      501.7081      502.1688 11694457    0.09%
 157935 94683      501.8002   131      501.7081      502.1687 11706479    0.09%
Elapsed time = 3504.02 sec. (3530318.39 ticks, tree = 1515.41 MB, solutions = 8)
 158057 94763      501.8778   134      501.7081      502.1686 11717285    0.09%
 158193 94856        cutoff            501.7081      502.1685 11729678    0.09%
 158320 94935      502.0932   120      501.7081      502.1683 11740074    0.09%
 158435 95013      502.0572   133      501.7081      502.1683 11748276    0.09%
 158579 95112      501.8797   119      501.7081      502.1682 11759854    0.09%
 158735 95228      502.0244   116      501.7081      502.1681 11770868    0.09%
 158918 95358      501.8506    98      501.7081      502.1679 11783221    0.09%
 159055 95444      502.0409   151      501.7081      502.1678 11793805    0.09%
 159201 95534      501.9330   125      501.7081      502.1677 11805336    0.09%
 159761 95916      501.7326   133      501.7081      502.1673 11847253    0.09%
Elapsed time = 3553.95 sec. (3580638.57 ticks, tree = 1524.09 MB, solutions = 8)
 160390 96322      502.0106   120      501.7081      502.1669 11889809    0.09%
 160894 96643      501.7984   123      501.7081      502.1664 11927342    0.09%
 161434 97007      501.8792   111      501.7081      502.1661 11969186    0.09%
Advanced basis not built.

Flow cuts applied:  46
Mixed integer rounding cuts applied:  169
Lift and project cuts applied:  9
Gomory fractional cuts applied:  8
User cuts applied:  1149

Root node processing (before b&c):
  Real time             =    2.38 sec. (2044.58 ticks)
Sequential b&c:
  Real time             = 3597.62 sec. (3625103.44 ticks)
                          ------------
Total (root+branch&cut) = 3600.01 sec. (3627148.02 ticks)
|V|                                     600
K                                       60
theta                                   0.10
r                                       1
R                                       20
prob_func                               facility_mixture
mixture_low_share                       0.100000
mixture_low_interval                    [0.001000, 0.010000]
mixture_high_interval                   [0.100000, 0.500000]
mixture_seed                            1
#C1                                     760
#CP                                     34540

@Parameters: 
am_callback_heuristic                   false
am_local_search                         true
am_start_heuristic                      false
colocation                              true
comp                                    false
cutC                                    true
cutC_init                               false
cutF                                    false
cutF_init                               false
cutF_stable                             false
cutF_wrong                              false
cutLocal                                false
cutM                                    true
cutM_init                               true
cutM_stable                             false
cutP                                    true
cutP_init                               false
cutP_stable                             false
init                                    true
init_cutF_zero                          false
init_val_greedy                         true
is_Euclidean                            false
is_local_search                         false
is_right_cutP                           true
is_root                                 false
is_silent                               false
is_start                                false
mycut                                   false
pmed                                    false
pre                                     true
stable_root                             false
str                                     true
two_phase                               false
ubstr                                   false
mode                                    Int

am_callback_node_space                  50
init                                    0
mixture_seed                            1
node_space                              5
nodelimit                               -1
nsepa                                   1
strF                                    0
type_delta                              0

EPS                                     0.001000
EPS_FRAC                                0.00
gap                                     0.00
mixture_high_max                        0.50
mixture_high_min                        0.10
mixture_low_max                         0.01
mixture_low_min                         0.00
mixture_low_share                       0.10
timelimit                               3600.00

Number of Closed Sites: 4 / 240 
Number of Confined Sites-1: 6 / 354 
Number of Confined Sites-k: 590 / 3778 
Preprocess Time: 1.35 + 0.00 sec

Solve Time: 3600.01
Number of Nodes: 161435
Termination Status: TIME_LIMIT

CutInfo: [phase] num / time (sec) / aver. num_nonzero
max              [LP]     0 / 0.00 / 0.00 [init]   527 / 0.01 / 1.94 [rLC]   241 / 0.02 / 6.27 [rUC]   621 / 0.08 / 4.34 [sLC]   107 / 0.18 / 4.21 [sUC]   549 / 1.41 / 4.93 
prod_oa          [LP]     0 / 0.00 / 0.00 [init]   393 / 0.01 / 34.45 [rLC]   545 / 0.03 / 40.60 [rUC]   532 / 0.26 / 36.28 [sLC]  1204 / 0.37 / 41.85 [sUC]   964 / 3.83 / 36.36 
prod_sm_fixed    [LP]     0 / 0.00 / 0.00 [init]     0 / 0.00 / 0.00 [rLC]     0 / 0.00 / 0.00 [rUC]     0 / 0.00 / 0.00 [sLC]     0 / 0.00 / 0.00 [sUC]     0 / 0.00 / 0.00 
prod_bin         [LP]     0 / 0.00 / 0.00 [init]     0 / 0.00 / 0.00 [rLC]     0 / 0.00 / 0.00 [rUC]     0 / 0.00 / 0.00 [sLC]     0 / 0.00 / 0.00 [sUC]     0 / 0.00 / 0.00 
prod_local       [LP]     0 / 0.00 / 0.00 [init]     0 / 0.00 / 0.00 [rLC]     0 / 0.00 / 0.00 [rUC]     0 / 0.00 / 0.00 [sLC]     0 / 0.00 / 0.00 [sUC]     0 / 0.00 / 0.00 
prod_sm_C        [LP]     0 / 0.00 / 0.00 [init]     0 / 0.00 / 0.00 [rLC]     0 / 0.00 / 0.00 [rUC]     0 / 0.00 / 0.00 [sLC]     0 / 0.00 / 0.00 [sUC]     0 / 0.00 / 0.00 
facet            [LP]     0 / 0.00 / 0.00 [init]     0 / 0.00 / 0.00 [rLC]     0 / 0.00 / 0.00 [rUC]     0 / 0.00 / 0.00 [sLC]     0 / 0.00 / 0.00 [sUC]     0 / 0.00 / 0.00 
Separation Round:   [LP] 0  [init] 1  [rLC] 3  [rUC] 21  [sLC] 33  [sUC] 284720  
Root Best Bound 503.752310
Root Best Integer: 501.045791
Best Bound: 502.166057
Best Integer: 501.708058
1: 13, 46, 47, 55, 57, 65, 68, 85, 112, 136, 161, 165, 186, 222, 235, 241, 254, 271, 272, 293, 300, 301, 302, 314, 320, 322, 337, 401, 414, 423, 426, 450, 465, 466, 470, 489, 490, 500, 503, 513, 532, 534, 555, 570, 579
2: 22, 60, 349, 361, 397, 448
3: 105
Objective Value (calc): 501.649004
sum_etaM = 314.450612 / 314.447419
sum_etaP = 522.514441 / 522.449180
nL: 52
nCL: 7
mCL: 3
