Version identifier: 20.1.0.0 | 2020-11-10 | 9bedb6d68
CPXPARAM_Threads                                 1
CPXPARAM_TimeLimit                               3600
CPXPARAM_MIP_Tolerances_MIPGap                   0
Generic callback                                 0x60
1 of 1 MIP starts provided solutions.
MIP start 'm1' defined initial solution with objective 510.3839.
Tried aggregator 2 times.
MIP Presolve eliminated 12 rows and 6 columns.
Aggregator did 6 substitutions.
Reduced MIP has 2116 rows, 2388 columns, and 18581 nonzeros.
Reduced MIP has 597 binaries, 591 generals, 0 SOSs, and 0 indicators.
Presolve time = 0.01 sec. (7.02 ticks)
Probing time = 0.00 sec. (0.95 ticks)
Tried aggregator 1 time.
Reduced MIP has 2116 rows, 2388 columns, and 18581 nonzeros.
Reduced MIP has 597 binaries, 591 generals, 0 SOSs, and 0 indicators.
Presolve time = 0.01 sec. (4.14 ticks)
Probing time = 0.00 sec. (0.95 ticks)
MIP emphasis: balance optimality and feasibility.
MIP search method: dynamic search.
Parallel mode: none, using 1 thread.
Root relaxation solution time = 0.05 sec. (51.40 ticks)

        Nodes                                         Cuts/
   Node  Left     Objective  IInf  Best Integer    Best Bound    ItCnt     Gap

*     0+    0                          510.3839      600.0000            17.56%
      0     0      525.5942    62      510.3839      525.5942     1771    2.98%
      0     0      515.0707   151      510.3839     Cuts: 456     2391    0.92%
      0     0      514.1655   153      510.3839     Cuts: 224     2795    0.74%
      0     0      513.9529   159      510.3839     Cuts: 156     3020    0.70%
      0     0      513.5718   175      510.3839      Cuts: 98     3307    0.62%
      0     0      513.5093   161      510.3839     Cuts: 132     3411    0.61%
      0     0      513.4597   155      510.3839      Cuts: 34     3499    0.60%
      0     0      513.4278   154      510.3839      Cuts: 32     3569    0.60%
      0     0      513.4002   145      510.3839      Cuts: 37     3640    0.59%
      0     0      513.3900   154      510.3839      Cuts: 26     3690    0.59%
      0     0      513.3889   151      510.3839 UserPurge2: 14     3713    0.59%
      0     0      513.3743   150      510.3839 UserPurge2: 11     3742    0.59%
      0     0      513.3730   152      510.3839 UserPurge2: 2     3756    0.59%
      0     0      513.3730   148      510.3839 UserPurge2: 1     3757    0.59%
      0     2      513.3623   150      510.3839      513.3623     3757    0.58%
Elapsed time = 2.12 sec. (1713.32 ticks, tree = 0.01 MB, solutions = 1)
      9    11      513.2326   128      510.3839      513.3623     5329    0.58%
     16    18      512.9345   105      510.3839      513.3623     6752    0.58%
     27    29      512.4726    96      510.3839      513.3623     8190    0.58%
     38    40      511.8831    56      510.3839      513.3623     9500    0.58%
     55    57      510.6947    45      510.3839      513.3623    11318    0.58%
     67    63      512.8061   143      510.3839      513.2820    13023    0.57%
     74    70      512.3860   116      510.3839      513.2820    14455    0.57%
     78    74      512.1818   118      510.3839      513.2820    16078    0.57%
     89    85      511.6288    88      510.3839      513.2820    17807    0.57%
*    90+   84                          510.5754      513.2820             0.53%
    120   112      512.6986   139      510.5754      513.2819    20726    0.53%
Elapsed time = 7.11 sec. (5061.81 ticks, tree = 1.08 MB, solutions = 2)
    162   150      512.8271   126      510.5754      513.2761    26671    0.53%
    196   184      510.8416    42      510.5754      513.2761    30907    0.53%
    230   214      511.4759    78      510.5754      513.2747    34097    0.53%
    268   244      511.7912    97      510.5754      513.2577    38846    0.53%
    296   266      512.8781   143      510.5754      513.2577    43473    0.53%
*   310+  277                          510.5904      513.2577             0.52%
*   320+  284                          510.6520      513.2577             0.51%
    324   290      511.2031    58      510.6520      513.2577    48102    0.51%
    360   322      511.5401    94      510.6520      513.2442    53079    0.51%
    409   366      511.4496    62      510.6520      513.2313    57210    0.51%
    459   410      511.7768    85      510.6520      513.2310    60432    0.51%
*   500+  416                          510.7496      513.2160             0.48%
    500   418      512.1567    99      510.7496      513.2160    64318    0.48%
Elapsed time = 19.26 sec. (15091.13 ticks, tree = 5.28 MB, solutions = 5)
    540   454      512.7879   123      510.7496      513.1482    68244    0.47%
*   550+  441                          510.8349      513.1482             0.45%
    580   470      512.8086   112      510.8349      513.0461    71363    0.43%
    629   512      511.9500    84      510.8349      513.0459    75347    0.43%
    675   552      511.4622    82      510.8349      513.0092    79350    0.43%
    717   590      511.2906    86      510.8349      512.9966    83373    0.42%
    753   622      511.1153    54      510.8349      512.9818    86443    0.42%
    811   669      512.5405   137      510.8349      512.9474    90259    0.41%
    845   700      512.6760   125      510.8349      512.9454    93745    0.41%
    880   731      512.5702   139      510.8349      512.9344    97187    0.41%
    921   768      512.6007   102      510.8349      512.9299   101955    0.41%
Elapsed time = 30.29 sec. (25379.76 ticks, tree = 12.11 MB, solutions = 6)
    964   807      512.3114   115      510.8349      512.9227   105451    0.41%
   1014   851      511.8859   100      510.8349      512.9212   110049    0.41%
   1062   896      511.6835    78      510.8349      512.9178   114444    0.41%
   1105   936      511.6809    87      510.8349      512.9161   119082    0.41%

Performing restart 1

Repeating presolve.
Tried aggregator 1 time.
MIP Presolve modified 398 coefficients.
Reduced MIP has 2116 rows, 2388 columns, and 18581 nonzeros.
Reduced MIP has 597 binaries, 591 generals, 0 SOSs, and 0 indicators.
Presolve time = 0.01 sec. (4.27 ticks)
Tried aggregator 1 time.
Reduced MIP has 2116 rows, 2388 columns, and 18581 nonzeros.
Reduced MIP has 597 binaries, 591 generals, 0 SOSs, and 0 indicators.
Presolve time = 0.01 sec. (4.22 ticks)
Represolve time = 0.04 sec. (24.14 ticks)
   1168     0      512.9116   186      510.8349      Cuts: 90   127044    0.40%
   1168     0      512.8609   167      510.8349     Cuts: 133   127210    0.40%
   1168     0      512.8252   170      510.8349      Cuts: 85   127320    0.39%
   1168     0      512.7889   193      510.8349      Cuts: 33   127431    0.38%
   1168     0      512.7671   161      510.8349      Cuts: 55   127514    0.38%
   1168     0      512.7571   160      510.8349      Cuts: 22   127573    0.38%
   1168     0      512.7457   156      510.8349      Cuts: 18   127621    0.37%
   1168     0      512.7407   148      510.8349      Cuts: 13   127648    0.37%
   1168     0      512.7360   158      510.8349       Cuts: 8   127679    0.37%
   1168     0      512.7338   144      510.8349      Cuts: 13   127711    0.37%
   1168     0      512.7031   152      510.8349      Cuts: 31   127794    0.37%
   1168     0      512.6836   170      510.8349      Cuts: 33   127885    0.36%
   1168     0      512.6733   156      510.8349      Cuts: 20   127943    0.36%
   1168     0      512.6692   167      510.8349      Cuts: 12   127986    0.36%
   1168     0      512.6678   151      510.8349      Cuts: 14   128019    0.36%
   1168     0      512.6432   174      510.8349      Cuts: 24   128114    0.35%
   1168     0      512.6379   161      510.8349      Cuts: 17   128174    0.35%
   1168     0      512.6368   172      510.8349       Cuts: 7   128203    0.35%
   1168     2      512.6301   167      510.8349      512.6292   128203    0.35%
   1170     4      512.4939   153      510.8349      512.5801   128667    0.34%
   1172     6      512.3490   153      510.8349      512.5801   129208    0.34%
   1175     9      512.2490   135      510.8349      512.5801   130696    0.34%
   1177    11      512.2057   135      510.8349      512.5801   131761    0.34%
   1179    13      511.9812   130      510.8349      512.5801   132192    0.34%
Elapsed time = 48.08 sec. (44088.23 ticks, tree = 0.07 MB, solutions = 6)
   1182    16      511.9298   126      510.8349      512.5801   133012    0.34%
   1192    26      511.7056   114      510.8349      512.5801   134630    0.34%
   1212    46      511.5070    75      510.8349      512.5801   136953    0.34%
   1272   101      510.8869    17      510.8349      512.5801   140746    0.34%
   1288   109      512.0150   133      510.8349      512.5202   143028    0.33%
   1302   123      512.1054   134      510.8349      512.5202   146640    0.33%
   1316   137      511.6995   102      510.8349      512.5202   149047    0.33%
   1356   175      510.9735    73      510.8349      512.5202   153494    0.33%
   1378   192      511.9679   134      510.8349      512.4719   156886    0.32%
   1426   236      512.3016   165      510.8349      512.3992   161533    0.31%
Elapsed time = 57.29 sec. (54579.35 ticks, tree = 0.58 MB, solutions = 6)
   1452   262      511.4498    97      510.8349      512.3992   165408    0.31%
   1500   303      511.9800   140      510.8349      512.3858   169559    0.30%
   1557   358      511.0032    33      510.8349      512.3858   173926    0.30%
   1583   378      511.7885   120      510.8349      512.3788   178971    0.30%
   1608   403      511.5555    93      510.8349      512.3788   183416    0.30%
   1657   439      512.2791   146      510.8349      512.3786   187362    0.30%
   1688   470      511.2606    65      510.8349      512.3786   189887    0.30%
   1734   510      511.6074    99      510.8349      512.3722   193071    0.30%
   1789   561      511.7741   102      510.8349      512.3516   196325    0.30%
   1832   600      511.8350   130      510.8349      512.3490   199722    0.30%
Elapsed time = 66.54 sec. (64336.46 ticks, tree = 3.12 MB, solutions = 6)
   1887   651      511.7179   119      510.8349      512.3485   203173    0.30%
   1914   678      511.3246    83      510.8349      512.3485   206118    0.30%
   1954   705      511.9254   110      510.8349      512.3015   209664    0.29%
   2014   757      511.8914   152      510.8349      512.2846   212671    0.28%
   2058   797      512.0495   166      510.8349      512.2791   215856    0.28%
   2127   854      511.9158   129      510.8349      512.2747   219682    0.28%
   2170   891      512.0310   152      510.8349      512.2731   222810    0.28%
   2191   910      511.0314   115      510.8349      512.2731   226492    0.28%
   2218   931      511.7181    96      510.8349      512.2610   229315    0.28%
   2265   973      511.5362    84      510.8349      512.2558   232942    0.28%
Elapsed time = 76.30 sec. (74292.23 ticks, tree = 9.09 MB, solutions = 6)
   2323  1015      511.6629   100      510.8349      512.2493   235538    0.28%
   2378  1064      511.6547    91      510.8349      512.2446   239189    0.28%
   2416  1098      510.9729   131      510.8349      512.2419   243143    0.28%
   2449  1120      511.8015   101      510.8349      512.2405   246265    0.28%
   2493  1158      511.4294   109      510.8349      512.2403   249590    0.28%
   2528  1187      511.6323   107      510.8349      512.2395   252870    0.27%
   2570  1218      511.6001    91      510.8349      512.2391   255965    0.27%
   2610  1252      511.7989   131      510.8349      512.2387   259604    0.27%
   2633  1275      511.1789    84      510.8349      512.2387   263093    0.27%
   2660  1297      511.5052   102      510.8349      512.2376   266369    0.27%
Elapsed time = 85.77 sec. (84071.71 ticks, tree = 13.70 MB, solutions = 6)
   2703  1336      511.4212    73      510.8349      512.2376   269850    0.27%
   2758  1386      511.6147    91      510.8349      512.2350   273082    0.27%
   2809  1433      511.4589    87      510.8349      512.2271   276698    0.27%
   2848  1467      511.2990   115      510.8349      512.2110   279635    0.27%
   2897  1511      511.0561    46      510.8349      512.2073   283113    0.27%
   2979  1573        cutoff            510.8349      512.2056   286284    0.27%
   3031  1619        cutoff            510.8349      512.2053   289295    0.27%
   3080  1660      511.8685   143      510.8349      512.2017   292959    0.27%
   3115  1695      510.8871    88      510.8349      512.2017   296478    0.27%
   3169  1737      511.9456   133      510.8349      512.1985   300043    0.27%
Elapsed time = 95.65 sec. (93924.04 ticks, tree = 21.68 MB, solutions = 6)
   3208  1772      511.7261   123      510.8349      512.1978   303638    0.27%
   3262  1816      511.6450   130      510.8349      512.1759   307106    0.26%
   3300  1850      511.8278    98      510.8349      512.1755   310762    0.26%
   3343  1893      511.1841    41      510.8349      512.1755   314527    0.26%
   3419  1946      511.1791    74      510.8349      512.1739   317876    0.26%
   3468  1989      511.3797    72      510.8349      512.1693   321125    0.26%
   3531  2045      511.0818    46      510.8349      512.1621   324646    0.26%
   3594  2099      511.9801   120      510.8349      512.1523   328056    0.26%
   3616  2121      511.3212    79      510.8349      512.1523   331820    0.26%
   3791  2267      511.1518    94      510.8349      512.1438   344993    0.26%
Elapsed time = 108.14 sec. (106414.03 ticks, tree = 31.08 MB, solutions = 6)
   3975  2422      510.8665    61      510.8349      512.1402   358559    0.26%
   4168  2585      511.9890   111      510.8349      512.1372   372520    0.25%
   4332  2728      511.5312    95      510.8349      512.1320   385735    0.25%
   4566  2924      511.1390    86      510.8349      512.1241   399116    0.25%
   4749  3079      511.0949    99      510.8349      512.1052   413245    0.25%
   4916  3223      511.3148   104      510.8349      512.0961   426276    0.25%
   5109  3385      511.5810   123      510.8349      512.0900   439986    0.25%
   5321  3564      511.7346   119      510.8349      512.0866   453538    0.25%
   5544  3758      511.5889   102      510.8349      512.0828   467375    0.24%
   5721  3911      511.7755   110      510.8349      512.0799   481053    0.24%
Elapsed time = 146.50 sec. (144729.90 ticks, tree = 63.57 MB, solutions = 6)
   5910  4079      511.9070   108      510.8349      512.0747   495304    0.24%
   6092  4241      511.1144    90      510.8349      512.0670   509420    0.24%
   6283  4407      510.9715    90      510.8349      512.0606   523653    0.24%
   6437  4538      511.6517   124      510.8349      512.0541   537389    0.24%
   6604  4683      511.5715    90      510.8349      512.0486   551128    0.24%
   6764  4822      511.4550    82      510.8349      512.0461   565212    0.24%
   6949  4983      511.8027   123      510.8349      512.0436   579002    0.24%
   7126  5138      511.4667   139      510.8349      512.0414   592919    0.24%
   7314  5297      511.4286    76      510.8349      512.0353   607073    0.23%
   7495  5449      511.0354    97      510.8349      512.0318   621139    0.23%
Elapsed time = 184.55 sec. (183259.53 ticks, tree = 91.49 MB, solutions = 6)
   7637  5566      511.5888    99      510.8349      512.0297   633320    0.23%
   7815  5721      511.4866    99      510.8349      512.0232   646842    0.23%
   8009  5887      511.6597   103      510.8349      512.0211   660702    0.23%
   8206  6061      511.3198    79      510.8349      512.0164   674964    0.23%
*  8368+ 5423                          510.9474      512.0154             0.21%
   8388  5431      511.8088   103      510.9474      512.0153   687283    0.21%
*  8398+ 5319                          510.9651      512.0153             0.21%
   8504  5410      511.8892   142      510.9651      512.0140   696717    0.21%
   8628  5516      511.6605   150      510.9651      512.0103   708823    0.20%
   8774  5636      511.6784   103      510.9651      512.0071   721494    0.20%
   8922  5760      511.2457    80      510.9651      512.0025   734103    0.20%
   9088  5898      511.5829   106      510.9651      512.0008   747647    0.20%
Elapsed time = 221.87 sec. (221872.33 ticks, tree = 102.06 MB, solutions = 8)
   9230  6014      511.4730    95      510.9651      511.9956   760583    0.20%
*  9408+ 5813                          511.0043      511.9943             0.19%
   9418  5825      511.5698    69      511.0043      511.9943   774245    0.19%
   9538  5919      511.8178   128      511.0043      511.9911   783950    0.19%
   9699  6046      511.7342   127      511.0043      511.9890   795542    0.19%
   9831  6155      511.6839   141      511.0043      511.9857   807596    0.19%
   9981  6275      511.2633   108      511.0043      511.9845   821232    0.19%
  10128  6392      511.7671    92      511.0043      511.9816   833137    0.19%
  10314  6545      511.3291    87      511.0043      511.9789   846484    0.19%
  10472  6675      511.7624   130      511.0043      511.9732   860054    0.19%
  10638  6813      511.1248    98      511.0043      511.9695   873266    0.19%
Elapsed time = 259.22 sec. (260592.09 ticks, tree = 118.88 MB, solutions = 9)
  10803  6952      511.7143   124      511.0043      511.9665   886806    0.19%
  10962  7081      511.4668    81      511.0043      511.9648   900413    0.19%
  11116  7204      511.2495   118      511.0043      511.9593   914768    0.19%
  11279  7335      511.8001   102      511.0043      511.9558   927958    0.19%
  11328  7380      511.2887    57      511.0043      511.9553   931000    0.19%
  11329  7381      511.7503   121      511.0043      511.9553   931298    0.19%
  11330  7382      511.7825   143      511.0043      511.9552   931580    0.19%
  11483  7516      511.2169    64      511.0043      511.9540   945638    0.19%
  11661  7647      511.8393   145      511.0043      511.9497   959397    0.19%
  11812  7772      511.2239    51      511.0043      511.9472   974003    0.18%
Elapsed time = 303.19 sec. (303896.06 ticks, tree = 131.86 MB, solutions = 9)
  11959  7895      511.4559    94      511.0043      511.9440   989328    0.18%
  12138  8043      511.2852    75      511.0043      511.9424  1003177    0.18%
  12309  8187      511.5589   130      511.0043      511.9402  1017460    0.18%
  12457  8313      511.0172   120      511.0043      511.9379  1030890    0.18%
  12588  8422      511.0884    98      511.0043      511.9346  1045104    0.18%
  12772  8564      511.7536   130      511.0043      511.9318  1059500    0.18%
  12926  8692      511.3008   101      511.0043      511.9288  1073462    0.18%
  13073  8809      511.2724    92      511.0043      511.9224  1087265    0.18%
  13237  8944      511.1029    93      511.0043      511.9172  1101285    0.18%
  13397  9070      511.7625   120      511.0043      511.9137  1115071    0.18%
Elapsed time = 340.58 sec. (342462.67 ticks, tree = 152.40 MB, solutions = 9)
  13576  9222      511.2148    78      511.0043      511.9122  1128444    0.18%
  13755  9369      511.7274   135      511.0043      511.9094  1142502    0.18%
  13904  9488      511.5029    84      511.0043      511.9086  1156244    0.18%
  14083  9631      511.2069    78      511.0043      511.9073  1170275    0.18%
  14275  9784      511.4139    90      511.0043      511.9058  1184205    0.18%
  14446  9929      511.2891   110      511.0043      511.9043  1198194    0.18%
  14612 10062      511.6538    99      511.0043      511.9018  1212122    0.18%
  14778 10204      511.3085   107      511.0043      511.9013  1225921    0.18%
  14916 10314      511.5373    95      511.0043      511.9001  1240257    0.18%
  15123 10486      511.2844    82      511.0043      511.8974  1254261    0.17%
Elapsed time = 378.49 sec. (380829.08 ticks, tree = 173.34 MB, solutions = 9)
  15302 10636      511.7109   128      511.0043      511.8959  1269094    0.17%
  15450 10766      511.6131   116      511.0043      511.8904  1283611    0.17%
  15610 10900      511.4395   117      511.0043      511.8881  1296941    0.17%
  15780 11037      511.1373    89      511.0043      511.8878  1311030    0.17%
  15949 11178      511.0173    93      511.0043      511.8859  1325204    0.17%
  16138 11338      511.6519    98      511.0043      511.8829  1339472    0.17%
  16327 11486      511.2397   120      511.0043      511.8794  1353700    0.17%
  16478 11596      511.6290   117      511.0043      511.8780  1367959    0.17%
  16674 11746      511.0438    85      511.0043      511.8763  1381166    0.17%
  16866 11900      511.4803    84      511.0043      511.8738  1394714    0.17%
Elapsed time = 416.48 sec. (419434.66 ticks, tree = 196.19 MB, solutions = 9)
  17060 12065      511.0370    56      511.0043      511.8721  1408631    0.17%
  17233 12211      511.2641    78      511.0043      511.8708  1422486    0.17%
  17412 12342      511.6333   129      511.0043      511.8696  1436197    0.17%
  17586 12481        cutoff            511.0043      511.8681  1449578    0.17%
  17767 12620      511.0280   112      511.0043      511.8664  1463260    0.17%
  17930 12742      511.6147    87      511.0043      511.8651  1477490    0.17%
  18121 12899      511.3510    75      511.0043      511.8622  1491632    0.17%
  18309 13059      511.0643    54      511.0043      511.8608  1505772    0.17%
  18488 13191      511.6765   139      511.0043      511.8587  1519550    0.17%
  18607 13285      511.5748   118      511.0043      511.8568  1532863    0.17%
Elapsed time = 454.26 sec. (457775.26 ticks, tree = 214.99 MB, solutions = 9)
  18798 13439      511.3727   100      511.0043      511.8556  1545557    0.17%
  18975 13578      511.4882   109      511.0043      511.8544  1559606    0.17%
  19172 13740      511.3516    72      511.0043      511.8531  1573848    0.17%
  19353 13871      511.2190   110      511.0043      511.8508  1587750    0.17%
  19499 13991      511.1390    87      511.0043      511.8492  1602184    0.17%
  19682 14138      511.1587    77      511.0043      511.8479  1616056    0.17%
  19846 14261      511.5429   116      511.0043      511.8453  1630440    0.16%
  19989 14377      511.1738   142      511.0043      511.8443  1643646    0.16%
  20153 14512      511.3346    75      511.0043      511.8420  1658192    0.16%
  20347 14672      511.4647    91      511.0043      511.8398  1672551    0.16%
Elapsed time = 492.07 sec. (496082.43 ticks, tree = 241.89 MB, solutions = 9)
  20489 14776      511.4577    91      511.0043      511.8384  1685069    0.16%
  20643 14896      511.6533   111      511.0043      511.8377  1698559    0.16%
  20834 15034      511.6642   138      511.0043      511.8352  1712537    0.16%
  20975 15138      511.5060   113      511.0043      511.8347  1725939    0.16%
  21120 15255      511.7241   132      511.0043      511.8341  1739804    0.16%
  21330 15412      511.4372   112      511.0043      511.8325  1753744    0.16%
  21481 15535      511.0717   100      511.0043      511.8315  1768056    0.16%

Performing restart 2

Repeating presolve.
Tried aggregator 1 time.
MIP Presolve eliminated 68 rows and 34 columns.
MIP Presolve modified 46 coefficients.
Reduced MIP has 2048 rows, 2354 columns, and 18445 nonzeros.
Reduced MIP has 597 binaries, 557 generals, 0 SOSs, and 0 indicators.
Presolve time = 0.01 sec. (4.78 ticks)
Tried aggregator 1 time.
Reduced MIP has 2048 rows, 2354 columns, and 18445 nonzeros.
Reduced MIP has 597 binaries, 557 generals, 0 SOSs, and 0 indicators.
Presolve time = 0.01 sec. (4.20 ticks)
Represolve time = 0.11 sec. (41.08 ticks)
  21492     0      512.5468   200      511.0043     Cuts: 114  1772404    0.16%
  21492     0      512.5247   184      511.0043      Cuts: 49  1772535    0.16%
  21492     0      512.5123   180      511.0043   MIRcuts: 15  1772602    0.16%
  21492     0      512.5105   187      511.0043      Cuts: 80  1772661    0.16%
  21492     0      512.5076   182      511.0043      Cuts: 10  1772704    0.16%
  21492     0      512.5056   176      511.0043       Cuts: 7  1772742    0.16%
  21492     0      512.5048   185      511.0043    MIRcuts: 5  1772774    0.16%
  21492     0      512.5045   172      511.0043       Cuts: 6  1772793    0.16%
  21492     0      512.5042   170      511.0043      Cuts: 11  1772808    0.16%
  21492     0      512.5034   163      511.0043       Cuts: 3  1772828    0.16%
  21492     0      512.5009   174      511.0043       Cuts: 7  1772882    0.16%
  21492     2      512.4982   205      511.0043      511.8313  1772882    0.16%
  21497     7      512.2951   162      511.0043      511.8313  1774263    0.16%
  21503    13      511.9954   140      511.0043      511.8313  1777652    0.16%
Elapsed time = 529.72 sec. (536217.97 ticks, tree = 0.12 MB, solutions = 9)
  21536    45      511.5654    92      511.0043      511.8313  1784049    0.16%
  21638   131      511.0261    69      511.0043      511.8313  1798276    0.16%
  21776   248      511.6120    76      511.0043      511.8313  1814308    0.16%
  21896   351      511.8530   115      511.0043      511.8313  1830676    0.16%
  22073   501      511.5951   150      511.0043      511.8313  1843545    0.16%
  22224   621      512.1188   137      511.0043      511.8313  1857001    0.16%
  22383   757      511.4321   136      511.0043      511.8313  1870460    0.16%
  22556   896      512.0374   144      511.0043      511.8313  1885635    0.16%
  22720  1033      511.4496    85      511.0043      511.8313  1899540    0.16%
  22963  1245      511.0216    38      511.0043      511.8313  1914572    0.16%
Elapsed time = 565.40 sec. (574618.84 ticks, tree = 13.10 MB, solutions = 9)
  23162  1418      511.8972   129      511.0043      511.8313  1930130    0.16%
  23366  1580      511.9775   131      511.0043      511.8313  1945634    0.16%
  23544  1735      511.5686   116      511.0043      511.8313  1960571    0.16%
  23778  1934      511.2605    64      511.0043      511.8313  1975651    0.16%
  24039  2143      511.7625   113      511.0043      511.8313  1991426    0.16%
  24301  2375      511.3411    54      511.0043      511.8313  2006321    0.16%
  24536  2573      511.2755    45      511.0043      511.8313  2021512    0.16%
  24782  2783      511.1416    61      511.0043      511.8313  2036674    0.16%
  25031  2989      511.5693   125      511.0043      511.8313  2051944    0.16%
  25261  3186      511.8407   127      511.0043      511.8313  2067386    0.16%
Elapsed time = 605.02 sec. (612898.76 ticks, tree = 41.16 MB, solutions = 9)
  25519  3403      511.6415   109      511.0043      511.8313  2081792    0.16%
  25762  3596      511.7835   110      511.0043      511.8313  2095755    0.16%
  26006  3800      511.5074   104      511.0043      511.8313  2109956    0.16%
  26278  4027      511.8820   121      511.0043      511.8313  2124423    0.16%
  26501  4213      511.2570    79      511.0043      511.8313  2138205    0.16%
  26717  4394      511.7216   107      511.0043      511.8313  2152863    0.16%
  26937  4577      511.5418    89      511.0043      511.8313  2167266    0.16%
  27118  4735      511.3763   116      511.0043      511.8313  2182446    0.16%
  27354  4929      511.8977   141      511.0043      511.8313  2196520    0.16%
  27565  5107      511.5776   101      511.0043      511.8313  2210776    0.16%
Elapsed time = 645.35 sec. (651177.82 ticks, tree = 73.79 MB, solutions = 9)
  27780  5280      511.5082   133      511.0043      511.8313  2225387    0.16%
  27997  5452      511.0890    34      511.0043      511.8313  2239212    0.16%
  28226  5634      511.3911   124      511.0043      511.8313  2254199    0.16%
  28441  5819      511.2595    97      511.0043      511.8313  2268700    0.16%
  28673  6011      511.6857   101      511.0043      511.8313  2282764    0.16%
  28907  6204      511.7779    93      511.0043      511.8313  2297757    0.16%
  29117  6378      511.4298   129      511.0043      511.8313  2312349    0.16%
  29279  6511      511.4081    85      511.0043      511.8313  2326530    0.16%
  29499  6696      511.6871   108      511.0043      511.8313  2341017    0.16%
  29699  6864      511.5199    88      511.0043      511.8313  2355737    0.16%
Elapsed time = 684.58 sec. (689424.53 ticks, tree = 101.86 MB, solutions = 9)
  29912  7040      511.7934   129      511.0043      511.8313  2370684    0.16%
  30112  7213      511.1227    79      511.0043      511.8313  2385996    0.16%
  30313  7380      511.2848    78      511.0043      511.8313  2400436    0.16%
  30520  7544      511.7152   137      511.0043      511.8313  2414841    0.16%
  30706  7697      511.7005    95      511.0043      511.8313  2430018    0.16%
  30907  7866      511.6583    98      511.0043      511.8313  2444293    0.16%
  31117  8042      511.1454    92      511.0043      511.8313  2458993    0.16%
  31328  8215      511.7151   119      511.0043      511.8313  2473791    0.16%
  31541  8400      511.5566   126      511.0043      511.8313  2487174    0.16%
  31736  8553      511.0670    63      511.0043      511.8313  2502071    0.16%
Elapsed time = 723.38 sec. (727948.06 ticks, tree = 126.33 MB, solutions = 9)
  31945  8718      511.1943   106      511.0043      511.8313  2516428    0.16%
  32155  8891      511.5885   138      511.0043      511.8313  2530720    0.16%
  32340  9053      511.0845    54      511.0043      511.8313  2544820    0.16%
  32533  9209      511.5000   132      511.0043      511.8313  2559610    0.16%
  32739  9374      511.5256   123      511.0043      511.8313  2574026    0.16%
  32952  9542      511.8012   149      511.0043      511.8313  2588480    0.16%
  33127  9690      511.1478   104      511.0043      511.8313  2602989    0.16%
  33332  9855      511.3642   112      511.0043      511.8313  2618202    0.16%
  33510 10002      511.2666   100      511.0043      511.8313  2630709    0.16%
  33721 10170      511.3309   128      511.0043      511.8313  2645264    0.16%
Elapsed time = 761.70 sec. (766211.31 ticks, tree = 148.67 MB, solutions = 9)
  33931 10337      511.0590    40      511.0043      511.8313  2659296    0.16%
  34120 10497      511.1168    52      511.0043      511.8313  2674046    0.16%
  34316 10650      511.2389   110      511.0043      511.8313  2688792    0.16%
  34505 10806      511.5512    98      511.0043      511.8313  2703440    0.16%
  34714 10978      511.0504    52      511.0043      511.8313  2718145    0.16%
  34912 11145      511.0567    47      511.0043      511.8313  2732663    0.16%
  35146 11326      511.6952   104      511.0043      511.8313  2747538    0.16%
  35348 11493      511.4629    94      511.0043      511.8313  2762272    0.16%
  35558 11667      511.1679    88      511.0043      511.8313  2776744    0.16%
  35760 11826      511.0267    74      511.0043      511.8313  2791554    0.16%
Elapsed time = 800.20 sec. (804506.49 ticks, tree = 175.29 MB, solutions = 9)
  35991 12017      511.2622    58      511.0043      511.8313  2806115    0.16%
  36212 12190      511.5967    98      511.0043      511.8313  2820668    0.16%
  36401 12342      511.3452    61      511.0043      511.8313  2834425    0.16%
  36619 12514      511.3082   113      511.0043      511.8313  2849021    0.16%
  36805 12660      511.7210   107      511.0043      511.8313  2863569    0.16%
  37014 12831      511.5024   106      511.0043      511.8313  2878305    0.16%
  37197 12975      511.4335    77      511.0043      511.8313  2891866    0.16%
  37406 13144      511.5510   103      511.0043      511.8313  2906606    0.16%
  37581 13293      511.2757    93      511.0043      511.8313  2921092    0.16%
  37775 13451      511.0632    81      511.0043      511.8313  2936167    0.16%
Elapsed time = 838.35 sec. (842728.96 ticks, tree = 199.86 MB, solutions = 9)
  37973 13611      511.2470    52      511.0043      511.8313  2950817    0.16%
  38171 13758      511.1255    50      511.0043      511.8313  2965552    0.16%
  38342 13891      511.1729   101      511.0043      511.8313  2979644    0.16%
  38545 14050      511.2129    56      511.0043      511.8313  2994549    0.16%
  38749 14214      511.7663   113      511.0043      511.8311  3007807    0.16%
  38940 14375      511.6351    89      511.0043      511.8278  3022300    0.16%
  39120 14518      511.4393   109      511.0043      511.8271  3036516    0.16%
  39337 14700        cutoff            511.0043      511.8264  3051554    0.16%
  39571 14898      511.5953   109      511.0043      511.8253  3066335    0.16%
  39739 15029      511.2109    70      511.0043      511.8235  3080797    0.16%
Elapsed time = 876.26 sec. (880973.16 ticks, tree = 225.29 MB, solutions = 9)
  39932 15177      511.7163   142      511.0043      511.8209  3095686    0.16%
  40127 15336      511.0234    85      511.0043      511.8200  3110287    0.16%
  40317 15488      511.1752    96      511.0043      511.8172  3124690    0.16%
  40510 15647      511.3605    82      511.0043      511.8161  3139492    0.16%
  40715 15810      511.6248   124      511.0043      511.8149  3154095    0.16%
  40909 15968      511.0906    47      511.0043      511.8144  3169050    0.16%
  41112 16135      511.0159    44      511.0043      511.8128  3183404    0.16%
  41283 16269      511.0520    71      511.0043      511.8113  3198386    0.16%
  41501 16447      511.5968   104      511.0043      511.8109  3212833    0.16%
  41711 16614      511.5336    99      511.0043      511.8095  3227530    0.16%
Elapsed time = 914.32 sec. (919323.93 ticks, tree = 255.25 MB, solutions = 9)
  41906 16768      511.0581    50      511.0043      511.8078  3242313    0.16%
  42118 16939      511.5928   118      511.0043      511.8067  3256975    0.16%
  42310 17097      511.3949   123      511.0043      511.8057  3271649    0.16%
  42501 17248      511.0266    58      511.0043      511.8047  3286459    0.16%
  42694 17398      511.2553    88      511.0043      511.8033  3300529    0.16%
  42874 17545      511.4743    87      511.0043      511.8023  3315863    0.16%
  43090 17701      511.6867   116      511.0043      511.8011  3330455    0.16%
  43302 17875      511.4954    80      511.0043      511.8001  3344736    0.16%
  43492 18032      511.5219   125      511.0043      511.7984  3359343    0.16%
  43691 18193      511.6404   126      511.0043      511.7974  3374136    0.16%
Elapsed time = 952.47 sec. (957623.49 ticks, tree = 281.96 MB, solutions = 9)
  43892 18361      511.4148   110      511.0043      511.7969  3388580    0.16%
  44069 18506      511.1058   105      511.0043      511.7954  3402906    0.15%
  44286 18675      511.4205   114      511.0043      511.7949  3417580    0.15%
  44513 18855      511.0109    42      511.0043      511.7943  3432184    0.15%
  44692 18997      511.0752    76      511.0043      511.7927  3446889    0.15%
  44901 19167      511.3098   120      511.0043      511.7914  3461209    0.15%
  45117 19352      511.5221   112      511.0043      511.7907  3475858    0.15%
  45313 19516      511.1993    67      511.0043      511.7901  3490704    0.15%
  45569 19718      511.2171    89      511.0043      511.7889  3505207    0.15%
  45772 19882      511.5105    91      511.0043      511.7875  3520024    0.15%
Elapsed time = 990.93 sec. (995885.11 ticks, tree = 301.77 MB, solutions = 9)
  45969 20027      511.4127   108      511.0043      511.7864  3534459    0.15%
  46197 20217      511.3113    91      511.0043      511.7858  3549056    0.15%
  46392 20369      511.3399    68      511.0043      511.7849  3563650    0.15%
  46642 20566      511.3156   103      511.0043      511.7837  3577850    0.15%
  46846 20732      511.0122    79      511.0043      511.7828  3592576    0.15%
  47079 20910      511.2874   104      511.0043      511.7815  3607285    0.15%
  47301 21086      511.6672    97      511.0043      511.7799  3621851    0.15%
  47532 21267      511.3775    87      511.0043      511.7791  3636821    0.15%
  47735 21426      511.2535    94      511.0043      511.7775  3651464    0.15%
  47944 21602      511.1611    66      511.0043      511.7764  3665164    0.15%
Elapsed time = 1029.68 sec. (1034158.63 ticks, tree = 331.88 MB, solutions = 9)
  48156 21763        cutoff            511.0043      511.7753  3679828    0.15%
  48402 21953      511.5442   110      511.0043      511.7746  3694343    0.15%
  48598 22116      511.5242   110      511.0043      511.7731  3709354    0.15%
  48835 22309      511.5706    91      511.0043      511.7714  3724264    0.15%
  49062 22497      511.1526    66      511.0043      511.7707  3738581    0.15%
  49284 22667      511.6831   136      511.0043      511.7699  3753087    0.15%
  49486 22828      511.5289    98      511.0043      511.7694  3767859    0.15%
  49713 23009      511.6187    94      511.0043      511.7689  3782072    0.15%
  49922 23173      511.6586    98      511.0043      511.7678  3796379    0.15%
  50151 23352      511.4907    82      511.0043      511.7672  3811033    0.15%
Elapsed time = 1068.54 sec. (1072504.30 ticks, tree = 354.32 MB, solutions = 9)
  50366 23522      511.3196    89      511.0043      511.7664  3825688    0.15%
  50566 23680      511.5467    91      511.0043      511.7657  3840109    0.15%
  50795 23860        cutoff            511.0043      511.7653  3853993    0.15%
  51016 24038      511.1757    77      511.0043      511.7645  3868657    0.15%
  51210 24193      511.3869   107      511.0043      511.7640  3883965    0.15%
  51428 24367      511.4530   113      511.0043      511.7632  3898531    0.15%
  51616 24520      511.0260    66      511.0043      511.7622  3913116    0.15%
  51824 24686      511.5334   117      511.0043      511.7614  3927776    0.15%
  52018 24838      511.4356    84      511.0043      511.7604  3942131    0.15%
  52251 25017      511.5777    74      511.0043      511.7590  3957304    0.15%
Elapsed time = 1106.96 sec. (1110728.28 ticks, tree = 383.22 MB, solutions = 9)
  52480 25199      511.2431    38      511.0043      511.7571  3971945    0.15%
  52709 25381      511.0720    92      511.0043      511.7552  3986761    0.15%
  52923 25550      511.2366    86      511.0043      511.7544  4001192    0.15%
  53123 25708      511.4551   122      511.0043      511.7531  4016050    0.15%
  53325 25860      511.0047   108      511.0043      511.7523  4030925    0.15%
  53526 26028      511.1249    78      511.0043      511.7513  4045273    0.15%
  53788 26229      511.1873    90      511.0043      511.7506  4059427    0.15%
  53980 26366      511.5074   102      511.0043      511.7496  4073890    0.15%
  54191 26538      511.0284   105      511.0043      511.7490  4089028    0.15%
  54392 26686      511.1543    66      511.0043      511.7483  4102987    0.15%
Elapsed time = 1145.39 sec. (1148968.11 ticks, tree = 409.72 MB, solutions = 9)
  54582 26845      511.3453   102      511.0043      511.7472  4118110    0.15%
  54793 27008      511.6115   108      511.0043      511.7467  4132730    0.15%
  55045 27206      511.4956    93      511.0043      511.7460  4147718    0.15%
  55274 27391      511.3228    57      511.0043      511.7457  4161235    0.15%
  55527 27577      511.5281    97      511.0043      511.7445  4175978    0.14%
  55749 27756      511.5183   115      511.0043      511.7436  4190597    0.14%
  55957 27924      511.6666    84      511.0043      511.7426  4205588    0.14%
  56224 28130      511.3349    71      511.0043      511.7418  4220147    0.14%
  56450 28314      511.2667   102      511.0043      511.7412  4234846    0.14%
  56672 28489      511.2279    76      511.0043      511.7403  4249725    0.14%
Elapsed time = 1184.67 sec. (1187243.37 ticks, tree = 435.48 MB, solutions = 9)
  56885 28652      511.2131    88      511.0043      511.7395  4264673    0.14%
  57118 28836      511.1953    81      511.0043      511.7384  4279051    0.14%
  57339 29009      511.1994    83      511.0043      511.7377  4294159    0.14%
  57604 29221      511.2999    92      511.0043      511.7368  4308635    0.14%
  57815 29389      511.2644    77      511.0043      511.7359  4323766    0.14%
  58031 29559      511.0306    38      511.0043      511.7349  4337734    0.14%
  58257 29736      511.0306    92      511.0043      511.7346  4352675    0.14%
  58456 29893      511.3540    91      511.0043      511.7336  4367542    0.14%
  58691 30076      511.3083    86      511.0043      511.7333  4382517    0.14%
  58902 30245      511.0423    65      511.0043      511.7330  4396751    0.14%
Elapsed time = 1223.58 sec. (1225485.80 ticks, tree = 465.99 MB, solutions = 9)
  59112 30404      511.0415    84      511.0043      511.7324  4411108    0.14%
  59306 30560      511.3705    99      511.0043      511.7319  4425932    0.14%
  59511 30727      511.3402    76      511.0043      511.7312  4440983    0.14%
  59718 30883      511.3083   102      511.0043      511.7304  4456081    0.14%
  59925 31053      511.0669    77      511.0043      511.7296  4470613    0.14%
  60124 31206      511.6238    80      511.0043      511.7291  4485326    0.14%
  60352 31381      511.0541    85      511.0043      511.7281  4499589    0.14%
  60569 31541      511.5090   102      511.0043      511.7272  4514477    0.14%
  60770 31701      511.4217   128      511.0043      511.7266  4528683    0.14%
  60993 31871      511.2891    77      511.0043      511.7260  4543218    0.14%
Elapsed time = 1261.95 sec. (1263826.59 ticks, tree = 490.84 MB, solutions = 9)
  61229 32066      511.1457   100      511.0043      511.7253  4557934    0.14%
  61472 32249      511.4144    98      511.0043      511.7244  4572591    0.14%
  61716 32441      511.0206    28      511.0043      511.7239  4587252    0.14%
  61975 32650      511.2732    77      511.0043      511.7233  4601939    0.14%
  62218 32829      511.5037   110      511.0043      511.7217  4616687    0.14%
  62435 32992      511.2953   104      511.0043      511.7213  4631211    0.14%
  62653 33171      511.5112    98      511.0043      511.7209  4646004    0.14%
  62850 33324      511.2108   110      511.0043      511.7203  4659734    0.14%
  63044 33473      511.3526    92      511.0043      511.7200  4674567    0.14%
  63272 33656      511.0731    76      511.0043      511.7196  4688452    0.14%
Elapsed time = 1301.12 sec. (1302143.24 ticks, tree = 524.68 MB, solutions = 9)
  63462 33807      511.3134    66      511.0043      511.7190  4702961    0.14%
  63679 33967      511.1428   115      511.0043      511.7182  4717566    0.14%
  63895 34141      511.5863    99      511.0043      511.7175  4732275    0.14%
  64096 34302      511.1466    64      511.0043      511.7168  4746981    0.14%
  64307 34459      511.5510   109      511.0043      511.7160  4761702    0.14%
  64577 34679      511.1209    68      511.0043      511.7156  4776559    0.14%
  64805 34853      511.2315   106      511.0043      511.7152  4790262    0.14%
  65035 35037      511.2668    99      511.0043      511.7145  4805049    0.14%
  65243 35194      511.0810    75      511.0043      511.7137  4819492    0.14%
  65471 35369      511.6159   117      511.0043      511.7128  4833973    0.14%
Elapsed time = 1339.91 sec. (1340426.61 ticks, tree = 548.28 MB, solutions = 9)
  65672 35533      511.0134    78      511.0043      511.7123  4848839    0.14%
  65898 35714      511.4242    71      511.0043      511.7116  4863301    0.14%
  66144 35902      511.4404   107      511.0043      511.7109  4877490    0.14%
  66357 36067      511.0942    67      511.0043      511.7105  4891895    0.14%
  66573 36238      511.4849   124      511.0043      511.7093  4906720    0.14%
  66781 36409      511.2053    80      511.0043      511.7089  4921548    0.14%
  67030 36606      511.3407    92      511.0043      511.7083  4935955    0.14%
  67286 36810      511.6113   113      511.0043      511.7080  4949994    0.14%
  67524 36998      511.2297    81      511.0043      511.7074  4963656    0.14%
  67773 37191      511.5514    81      511.0043      511.7067  4977993    0.14%
Elapsed time = 1379.06 sec. (1378692.98 ticks, tree = 577.04 MB, solutions = 9)
  68015 37381      511.3694    89      511.0043      511.7064  4992902    0.14%
  68236 37551        cutoff            511.0043      511.7059  5007666    0.14%
  68486 37738      511.0830   121      511.0043      511.7052  5022444    0.14%
  68728 37915      511.0910    86      511.0043      511.7048  5036806    0.14%
  68945 38090      511.0757    92      511.0043      511.7043  5051774    0.14%
  69197 38281      511.1059    74      511.0043      511.7040  5066397    0.14%
  69429 38456      511.5985   104      511.0043      511.7037  5080684    0.14%
  69612 38596      511.1875    85      511.0043      511.7032  5095304    0.14%
  69823 38753      511.3766   121      511.0043      511.7028  5110665    0.14%
  70042 38917      511.5691    81      511.0043      511.7021  5125737    0.14%
Elapsed time = 1418.00 sec. (1416964.83 ticks, tree = 602.38 MB, solutions = 9)
  70271 39090      511.4753   102      511.0043      511.7015  5140434    0.14%
  70516 39275      511.1831    62      511.0043      511.7010  5154900    0.14%
  70732 39444      511.1476    69      511.0043      511.7007  5168758    0.14%
  70967 39624      511.2098    93      511.0043      511.7003  5183473    0.14%
  71175 39785      511.1198    66      511.0043      511.6999  5197106    0.14%
  71440 39978      511.4069    91      511.0043      511.6996  5211663    0.14%
  71657 40154      511.0374   120      511.0043      511.6990  5226392    0.14%
  71871 40316      511.5193    88      511.0043      511.6986  5240861    0.14%
  72091 40494      511.4495    86      511.0043      511.6980  5255476    0.14%
  72323 40673      511.2466   104      511.0043      511.6975  5270074    0.14%
Elapsed time = 1456.96 sec. (1455255.59 ticks, tree = 623.79 MB, solutions = 9)
  72546 40841      511.1412    93      511.0043      511.6969  5284649    0.14%
  72773 41024      511.1149    85      511.0043      511.6966  5299635    0.14%
  72991 41182      511.5050    85      511.0043      511.6960  5314332    0.14%
  73229 41361      511.3460    76      511.0043      511.6956  5328496    0.14%
  73463 41538      511.4474    69      511.0043      511.6953  5343500    0.14%
  73689 41710      511.3711   115      511.0043      511.6944  5358459    0.14%
  73886 41870      511.5293    91      511.0043      511.6938  5372954    0.13%
  74097 42037      511.5723   122      511.0043      511.6933  5387251    0.13%
  74292 42189      511.2516    65      511.0043      511.6931  5401843    0.13%
  74527 42368      511.5199   111      511.0043      511.6924  5416770    0.13%
Elapsed time = 1515.40 sec. (1493524.88 ticks, tree = 654.01 MB, solutions = 9)
  74758 42558      511.1114    87      511.0043      511.6921  5431536    0.13%
  74994 42737      511.1478    77      511.0043      511.6916  5446031    0.13%
  75225 42914      511.1309    95      511.0043      511.6913  5460817    0.13%
  75478 43104      511.5838    89      511.0043      511.6910  5474713    0.13%
  75683 43268      511.0171    93      511.0043      511.6904  5488971    0.13%
  75912 43438      511.1740    63      511.0043      511.6899  5502368    0.13%
  76143 43616      511.1142    63      511.0043      511.6891  5517199    0.13%
  76374 43794      511.5386   112      511.0043      511.6886  5531107    0.13%
  76585 43950      511.0997    97      511.0043      511.6881  5545680    0.13%
  76847 44152      511.2141   109      511.0043      511.6874  5560060    0.13%
Elapsed time = 1554.16 sec. (1531755.76 ticks, tree = 685.71 MB, solutions = 9)
  77054 44307      511.3041    99      511.0043      511.6868  5574416    0.13%
  77289 44502      511.6688    88      511.0043      511.6865  5589053    0.13%
  77524 44689      511.0154    71      511.0043      511.6863  5603176    0.13%
  77798 44905      511.2339    94      511.0043      511.6860  5617595    0.13%
  78035 45070      511.2179    83      511.0043      511.6855  5631797    0.13%
  78236 45228      511.3248    82      511.0043      511.6852  5646651    0.13%
  78472 45411      511.3005    97      511.0043      511.6847  5661715    0.13%
  78690 45589      511.1655    85      511.0043      511.6844  5676221    0.13%
  78930 45774      511.1846   107      511.0043      511.6841  5690602    0.13%
  79159 45945      511.5199   130      511.0043      511.6837  5704995    0.13%
Elapsed time = 1592.95 sec. (1570059.50 ticks, tree = 710.91 MB, solutions = 9)
  79343 46087      511.1673   100      511.0043      511.6835  5720146    0.13%
  79540 46241      511.0568   110      511.0043      511.6833  5734448    0.13%
  79727 46381      511.5545   130      511.0043      511.6830  5748852    0.13%
  79959 46555      511.5493    95      511.0043      511.6827  5763430    0.13%
  80212 46756      511.5686   111      511.0043      511.6822  5777480    0.13%
  80423 46918      511.3855    96      511.0043      511.6819  5790740    0.13%
  80634 47078      511.5728   106      511.0043      511.6815  5805442    0.13%
  80877 47261      511.5145   113      511.0043      511.6812  5820580    0.13%
  81106 47435      511.1851    83      511.0043      511.6808  5835067    0.13%
* 81222+47449                          511.0062      511.6806             0.13%
  81306 47514      511.3624    97      511.0062      511.6805  5846494    0.13%
Elapsed time = 1631.13 sec. (1608404.49 ticks, tree = 736.95 MB, solutions = 10)
  81454 47627      511.0522   113      511.0062      511.6801  5859522    0.13%
  81674 47789      511.4632    83      511.0062      511.6797  5872834    0.13%
  81882 47961      511.1919    52      511.0062      511.6796  5885518    0.13%
  82122 48150      511.1658    52      511.0062      511.6792  5900282    0.13%
  82308 48293      511.0215    66      511.0062      511.6789  5913454    0.13%
  82536 48468      511.1617   100      511.0062      511.6785  5927666    0.13%
  82763 48641      511.5086   114      511.0062      511.6779  5942051    0.13%
  82972 48800      511.4225    81      511.0062      511.6770  5956278    0.13%
  83187 48979      511.0558    92      511.0062      511.6764  5969874    0.13%
  83393 49143      511.4209   111      511.0062      511.6758  5985026    0.13%
Elapsed time = 1669.43 sec. (1646725.90 ticks, tree = 761.15 MB, solutions = 10)
  83613 49322      511.0095    36      511.0062      511.6754  5998193    0.13%
  83882 49532      511.2646    92      511.0062      511.6753  6011850    0.13%
  84095 49695      511.0724    54      511.0062      511.6750  6026716    0.13%
  84305 49860      511.0677    89      511.0062      511.6746  6041484    0.13%
  84519 50029      511.1139    65      511.0062      511.6743  6056038    0.13%
  84738 50186      511.5303    68      511.0062      511.6736  6070746    0.13%
  84946 50342      511.5793   106      511.0062      511.6731  6085605    0.13%
  85154 50511      511.4633    92      511.0062      511.6728  6100031    0.13%
  85343 50669      511.0330    81      511.0062      511.6723  6114385    0.13%
  85582 50842      511.3557    67      511.0062      511.6719  6128768    0.13%
Elapsed time = 1707.98 sec. (1685031.48 ticks, tree = 782.83 MB, solutions = 10)
  85828 51021        cutoff            511.0062      511.6715  6143174    0.13%
  86046 51201      511.0697    63      511.0062      511.6713  6157798    0.13%
  86284 51373      511.1987   119      511.0062      511.6709  6171938    0.13%
  86499 51537      511.2215    82      511.0062      511.6705  6186164    0.13%
  86682 51670      511.5188   107      511.0062      511.6698  6200282    0.13%
  86873 51821      511.5790   100      511.0062      511.6696  6213737    0.13%
  87152 52015      511.3608    93      511.0062      511.6694  6226823    0.13%
  87340 52155      511.4611    85      511.0062      511.6689  6240480    0.13%
  87603 52342      511.0594   121      511.0062      511.6687  6255160    0.13%
  87842 52525      511.2893    67      511.0062      511.6684  6269124    0.13%
Elapsed time = 1746.77 sec. (1723279.35 ticks, tree = 808.33 MB, solutions = 10)
  88052 52691      511.2247   120      511.0062      511.6681  6283070    0.13%
  88276 52869      511.3937   101      511.0062      511.6679  6297521    0.13%
  88465 53024      511.5550   100      511.0062      511.6676  6311932    0.13%
  88672 53188      511.2580   101      511.0062      511.6672  6326392    0.13%
  88910 53366      511.1070    86      511.0062      511.6669  6340763    0.13%
  89137 53542      511.5295   104      511.0062      511.6667  6354489    0.13%
  89404 53745      511.3131    68      511.0062      511.6663  6368759    0.13%
  89643 53914      511.2581   104      511.0062      511.6661  6383005    0.13%
  89868 54092      511.3372    93      511.0062      511.6657  6397854    0.13%
  90103 54272      511.0588    48      511.0062      511.6655  6412218    0.13%
Elapsed time = 1785.91 sec. (1761541.25 ticks, tree = 838.06 MB, solutions = 10)
  90310 54440      511.1662    89      511.0062      511.6650  6427431    0.13%
  90571 54643      511.2736    82      511.0062      511.6647  6442021    0.13%
  90778 54802      511.6007   105      511.0062      511.6643  6456307    0.13%
  90968 54957      511.0804    88      511.0062      511.6641  6470664    0.13%
  91148 55086      511.2264   101      511.0062      511.6636  6485699    0.13%
  91342 55225      511.4655    90      511.0062      511.6634  6499670    0.13%
  91599 55420      511.2112   115      511.0062      511.6631  6514590    0.13%
  91823 55593      511.5719   103      511.0062      511.6627  6528962    0.13%
  92069 55778      511.4951    97      511.0062      511.6621  6543515    0.13%
  92290 55945      511.3029   102      511.0062      511.6618  6558011    0.13%
Elapsed time = 1824.90 sec. (1799842.76 ticks, tree = 864.16 MB, solutions = 10)
  92494 56107      511.0446    70      511.0062      511.6614  6570939    0.13%
  92654 56220      511.3794    93      511.0062      511.6612  6584274    0.13%
  92854 56369      511.3628    99      511.0062      511.6608  6597696    0.13%
  93084 56540      511.2800   103      511.0062      511.6605  6612328    0.13%
  93296 56694      511.5824   104      511.0062      511.6601  6626203    0.13%
  93512 56874      511.2294    58      511.0062      511.6599  6640252    0.13%
  93762 57066      511.4793   118      511.0062      511.6592  6654583    0.13%
  93985 57242      511.0132   106      511.0062      511.6588  6668352    0.13%
  94170 57382      511.2021   116      511.0062      511.6584  6682595    0.13%
  94405 57568        cutoff            511.0062      511.6581  6694882    0.13%
Elapsed time = 1863.65 sec. (1838230.73 ticks, tree = 885.28 MB, solutions = 10)
  94628 57750      511.5792   111      511.0062      511.6575  6709224    0.13%
  94856 57927      511.0459    46      511.0062      511.6573  6723548    0.13%
  95081 58102      511.2533    74      511.0062      511.6571  6737479    0.13%
  95278 58260      511.2956    97      511.0062      511.6569  6752127    0.13%
  95536 58459      511.4735   100      511.0062      511.6566  6766455    0.13%
  95765 58639        cutoff            511.0062      511.6565  6780998    0.13%
  95963 58794      511.3092    96      511.0062      511.6563  6794479    0.13%
  96152 58941      511.1832    88      511.0062      511.6558  6809028    0.13%
  96337 59077      511.3538   119      511.0062      511.6555  6823342    0.13%
  96538 59230      511.4425   113      511.0062      511.6553  6837281    0.13%
Elapsed time = 1902.45 sec. (1876485.15 ticks, tree = 913.65 MB, solutions = 10)
  96733 59376      511.0264    88      511.0062      511.6552  6851101    0.13%
  96924 59521      511.2860    82      511.0062      511.6548  6865862    0.13%
  97140 59684      511.4936   145      511.0062      511.6545  6879564    0.13%
  97334 59832      511.4776   106      511.0062      511.6542  6893847    0.13%
  97508 59966      511.0679    91      511.0062      511.6539  6907702    0.13%
  97717 60113      511.4141    86      511.0062      511.6535  6921375    0.13%
  97928 60268      511.4170   109      511.0062      511.6533  6935897    0.13%
  98122 60425      511.2931    93      511.0062      511.6531  6949992    0.13%
  98335 60583      511.3056    88      511.0062      511.6528  6963888    0.13%
  98548 60751      511.1983    82      511.0062      511.6525  6978308    0.13%
Elapsed time = 1940.72 sec. (1914823.34 ticks, tree = 936.05 MB, solutions = 10)
  98737 60890      511.3734   150      511.0062      511.6521  6991528    0.13%
  98952 61052      511.2725   101      511.0062      511.6519  7005918    0.13%
  99108 61164      511.1274    68      511.0062      511.6516  7018579    0.13%
  99334 61323      511.5522   100      511.0062      511.6514  7032464    0.13%
  99557 61495      511.2581    80      511.0062      511.6512  7047041    0.13%
  99752 61637      511.4762   115      511.0062      511.6508  7060706    0.13%
  99984 61820      511.1966   100      511.0062      511.6505  7075206    0.13%
 100222 62006      511.5425    85      511.0062      511.6501  7089106    0.13%
 100430 62156      511.1822    90      511.0062      511.6498  7103780    0.13%
 100671 62346      511.3388    99      511.0062      511.6494  7117955    0.13%
Elapsed time = 1979.46 sec. (1953329.13 ticks, tree = 962.08 MB, solutions = 10)
 100887 62508      511.1660    92      511.0062      511.6492  7131825    0.13%
 101083 62655      511.1896    87      511.0062      511.6489  7145512    0.13%
 101296 62813      511.3011    86      511.0062      511.6487  7160131    0.13%
 101509 62973      511.0359   102      511.0062      511.6483  7173846    0.13%
 101721 63135      511.2317    44      511.0062      511.6478  7187907    0.13%
 101986 63329      511.3805   117      511.0062      511.6475  7202053    0.13%
 102184 63489      511.3788    90      511.0062      511.6473  7215567    0.13%
 102365 63641      511.0662    67      511.0062      511.6469  7228745    0.13%
 102609 63820      511.2039   110      511.0062      511.6468  7242631    0.13%
 102808 63969      511.0918    94      511.0062      511.6466  7257196    0.13%
Elapsed time = 2018.07 sec. (1991581.68 ticks, tree = 988.98 MB, solutions = 10)
 103018 64130      511.4857    97      511.0062      511.6462  7271531    0.13%
 103239 64308      511.1841    81      511.0062      511.6459  7285648    0.13%
 103448 64456      511.3687   108      511.0062      511.6457  7299101    0.13%
 103651 64619      511.0419    86      511.0062      511.6453  7313550    0.13%
 103858 64787      511.2213    64      511.0062      511.6450  7327678    0.12%
 104085 64967        cutoff            511.0062      511.6446  7342112    0.12%
 104302 65128      511.4659   104      511.0062      511.6444  7356582    0.12%
 104551 65306      511.0889    97      511.0062      511.6438  7370735    0.12%
 104740 65459      511.1224    58      511.0062      511.6435  7384563    0.12%
 104993 65655      511.4405    90      511.0062      511.6433  7399124    0.12%
Elapsed time = 2056.95 sec. (2029879.90 ticks, tree = 1023.33 MB, solutions = 10)
 105212 65826      511.3207    77      511.0062      511.6428  7413724    0.12%
 105424 65991      511.2228   100      511.0062      511.6423  7428459    0.12%
 105631 66144      511.0567   118      511.0062      511.6421  7442863    0.12%
 105814 66283      511.1731    84      511.0062      511.6418  7457250    0.12%
 106030 66438      511.4484   133      511.0062      511.6415  7470685    0.12%
 106275 66632      511.3972    85      511.0062      511.6412  7484944    0.12%
 106521 66819      511.2234    81      511.0062      511.6408  7498411    0.12%
 106737 66982      511.2463    96      511.0062      511.6406  7511995    0.12%
 106943 67140      511.2584    82      511.0062      511.6405  7525980    0.12%
 107154 67289      511.2395    56      511.0062      511.6402  7539382    0.12%
Elapsed time = 2095.74 sec. (2068203.61 ticks, tree = 1052.25 MB, solutions = 10)
 107360 67439      511.2551    78      511.0062      511.6401  7553100    0.12%
 107605 67616      511.5309   106      511.0062      511.6398  7567279    0.12%
 107842 67817      511.0631    98      511.0062      511.6397  7581192    0.12%
 108046 67972      511.4744    96      511.0062      511.6395  7594840    0.12%
 108292 68166      511.3724    65      511.0062      511.6393  7608989    0.12%
 108519 68328      511.4976    75      511.0062      511.6391  7623488    0.12%
 108739 68492      511.1579    81      511.0062      511.6389  7637803    0.12%
 108951 68633      511.4540   119      511.0062      511.6386  7651768    0.12%
 109147 68780      511.4236    89      511.0062      511.6383  7665767    0.12%
 109380 68961      511.3409    64      511.0062      511.6381  7679807    0.12%
Elapsed time = 2134.80 sec. (2106654.36 ticks, tree = 1080.05 MB, solutions = 10)
 109569 69097      511.4612   120      511.0062      511.6379  7693174    0.12%
 109797 69274      511.0742    63      511.0062      511.6377  7706915    0.12%
 110014 69446      511.0707    54      511.0062      511.6375  7720917    0.12%
 110256 69632      511.4710   113      511.0062      511.6374  7734940    0.12%
 110483 69805      511.2716   118      511.0062      511.6373  7748687    0.12%
 110692 69966        cutoff            511.0062      511.6370  7763116    0.12%
 110914 70129      511.0248    80      511.0062      511.6368  7777425    0.12%
 111092 70262      511.1614    51      511.0062      511.6365  7790961    0.12%
 111311 70433      511.4731    92      511.0062      511.6363  7804074    0.12%
 111557 70610      511.3131    93      511.0062      511.6362  7818081    0.12%
Elapsed time = 2173.38 sec. (2144905.75 ticks, tree = 1101.72 MB, solutions = 10)
 111782 70781      511.5199   115      511.0062      511.6358  7832025    0.12%
 112025 70968      511.0989    58      511.0062      511.6355  7846371    0.12%
 112234 71133      511.3211    87      511.0062      511.6353  7860940    0.12%
 112403 71254      511.0950   108      511.0062      511.6349  7874245    0.12%
 112611 71410      511.2924    95      511.0062      511.6347  7888516    0.12%
 112801 71552      511.3643   109      511.0062      511.6344  7902073    0.12%
 112995 71699      511.0752    78      511.0062      511.6342  7915988    0.12%
 113238 71889      511.1911    89      511.0062      511.6340  7929780    0.12%
 113470 72064      511.1853    71      511.0062      511.6338  7943733    0.12%
 113704 72241      511.2853    83      511.0062      511.6336  7957689    0.12%
Elapsed time = 2212.31 sec. (2183198.37 ticks, tree = 1128.08 MB, solutions = 10)
 113947 72417      511.3576    96      511.0062      511.6332  7971949    0.12%
 114167 72583      511.1861    73      511.0062      511.6331  7986272    0.12%
 114391 72760      511.1616    86      511.0062      511.6329  8000808    0.12%
 114614 72924      511.4637    99      511.0062      511.6325  8014865    0.12%
 114820 73079      511.4506    77      511.0062      511.6323  8028783    0.12%
 115034 73247      511.2876   113      511.0062      511.6320  8042918    0.12%
 115218 73394      511.1118    98      511.0062      511.6318  8056714    0.12%
 115435 73560      511.3032   107      511.0062      511.6316  8070905    0.12%
 115640 73711      511.5142    98      511.0062      511.6313  8083568    0.12%
 115837 73858      511.1756    68      511.0062      511.6310  8097657    0.12%
Elapsed time = 2251.22 sec. (2221505.19 ticks, tree = 1157.22 MB, solutions = 10)
 116044 74022      511.5374    79      511.0062      511.6307  8111569    0.12%
 116312 74225      511.2827    63      511.0062      511.6304  8126092    0.12%
 116526 74393      511.3848   127      511.0062      511.6302  8140558    0.12%
 116718 74536      511.1797    91      511.0062      511.6300  8153653    0.12%
 116907 74689      511.1169    87      511.0062      511.6299  8167872    0.12%
 117112 74843        cutoff            511.0062      511.6296  8181474    0.12%
 117358 75025      511.3702   122      511.0062      511.6294  8195624    0.12%
 117567 75187      511.3426    81      511.0062      511.6293  8209732    0.12%
 117795 75345      511.4755    85      511.0062      511.6290  8223734    0.12%
 117994 75503      511.5179    98      511.0062      511.6287  8237472    0.12%
Elapsed time = 2290.04 sec. (2259796.27 ticks, tree = 1183.50 MB, solutions = 10)
 118172 75639      511.4619    82      511.0062      511.6284  8251146    0.12%
 118399 75810      511.3817    98      511.0062      511.6283  8263812    0.12%
 118600 75961      511.3106    87      511.0062      511.6281  8277569    0.12%
 118845 76154      511.4675    77      511.0062      511.6279  8291525    0.12%
 119053 76305      511.2576   113      511.0062      511.6275  8305647    0.12%
 119275 76472      511.4854   113      511.0062      511.6274  8319897    0.12%
 119512 76665      511.0346    41      511.0062      511.6271  8333712    0.12%
 119727 76815      511.0327    95      511.0062      511.6269  8348099    0.12%
 119975 77002      511.3877   104      511.0062      511.6267  8362146    0.12%
 120193 77164      511.3136   111      511.0062      511.6265  8376106    0.12%
Elapsed time = 2329.10 sec. (2298102.73 ticks, tree = 1209.19 MB, solutions = 10)
 120382 77296      511.1998    94      511.0062      511.6262  8389045    0.12%
 120577 77441      511.0596    37      511.0062      511.6261  8402667    0.12%
 120827 77630      511.5394    96      511.0062      511.6260  8416339    0.12%
 121013 77766      511.4910   123      511.0062      511.6258  8430179    0.12%
 121195 77905      511.1498    94      511.0062      511.6256  8442678    0.12%
 121396 78059      511.3768    74      511.0062      511.6253  8456561    0.12%
 121574 78199      511.1978    58      511.0062      511.6251  8469676    0.12%
 121823 78394      511.4777   102      511.0062      511.6249  8483899    0.12%
 122042 78559      511.4940    91      511.0062      511.6247  8497961    0.12%
 122256 78716      511.2650    72      511.0062      511.6244  8512034    0.12%
Elapsed time = 2367.57 sec. (2336417.81 ticks, tree = 1231.04 MB, solutions = 10)
 122490 78889      511.4355   113      511.0062      511.6239  8526025    0.12%
 122709 79056      511.5510   106      511.0062      511.6237  8539185    0.12%
 122887 79197      511.1971    86      511.0062      511.6234  8553059    0.12%
 123101 79360      511.3678    84      511.0062      511.6231  8566601    0.12%
 123314 79514      511.2302   113      511.0062      511.6229  8581121    0.12%
 123526 79665      511.3488    99      511.0062      511.6226  8595188    0.12%
 123758 79843      511.3440    94      511.0062      511.6224  8609624    0.12%
 124006 80038      511.1661    69      511.0062      511.6222  8623332    0.12%
 124232 80206      511.1467    56      511.0062      511.6220  8637038    0.12%
 124402 80329      511.4143   116      511.0062      511.6217  8650966    0.12%
Elapsed time = 2406.37 sec. (2374738.67 ticks, tree = 1254.41 MB, solutions = 10)
 124588 80461      511.5703    72      511.0062      511.6215  8664475    0.12%
 124814 80636      511.1464    77      511.0062      511.6211  8677835    0.12%
 125027 80808      511.4399    70      511.0062      511.6209  8691475    0.12%
 125222 80957      511.2431    72      511.0062      511.6207  8704430    0.12%
 125432 81121      511.3132    66      511.0062      511.6206  8719003    0.12%
 125643 81289      511.2857    91      511.0062      511.6205  8732902    0.12%
 125882 81472      511.4865   110      511.0062      511.6203  8746722    0.12%
 126095 81635      511.4240    68      511.0062      511.6201  8761243    0.12%
 126313 81806      511.4517   130      511.0062      511.6199  8774419    0.12%
 126494 81948      511.0484   101      511.0062      511.6198  8788881    0.12%
Elapsed time = 2444.88 sec. (2413061.46 ticks, tree = 1278.18 MB, solutions = 10)
 126696 82108      511.2030   120      511.0062      511.6195  8802968    0.12%
 126927 82276      511.0229    24      511.0062      511.6192  8816728    0.12%
 127160 82446      511.4608    84      511.0062      511.6189  8831205    0.12%
 127392 82624      511.1065    49      511.0062      511.6187  8845067    0.12%
 127630 82808      511.0618    32      511.0062      511.6185  8859486    0.12%
 127819 82940      511.2086    84      511.0062      511.6181  8873930    0.12%
 128055 83126      511.0104    51      511.0062      511.6180  8887972    0.12%
 128261 83280      511.0942    79      511.0062      511.6179  8901784    0.12%
 128492 83451      511.4263   109      511.0062      511.6177  8916297    0.12%
 128682 83598      511.0658   102      511.0062      511.6175  8930240    0.12%
Elapsed time = 2483.62 sec. (2451383.32 ticks, tree = 1302.12 MB, solutions = 10)
 128887 83749      511.1615    69      511.0062      511.6173  8943158    0.12%
 129116 83921      511.0401    89      511.0062      511.6171  8956454    0.12%
 129375 84101      511.5294   100      511.0062      511.6169  8970293    0.12%
 129566 84247        cutoff            511.0062      511.6165  8983880    0.12%
 129798 84424      511.3636    78      511.0062      511.6163  8997846    0.12%
 130038 84603      511.2083    82      511.0062      511.6161  9012206    0.12%
 130267 84777      511.2376    91      511.0062      511.6160  9026324    0.12%
 130505 84958      511.1093   105      511.0062      511.6158  9040175    0.12%
 130736 85127      511.1446   115      511.0062      511.6156  9054388    0.12%
 130968 85305      511.4474   110      511.0062      511.6155  9068553    0.12%
Elapsed time = 2522.62 sec. (2489763.82 ticks, tree = 1324.47 MB, solutions = 10)
 131219 85479      511.4357   119      511.0062      511.6151  9082595    0.12%
 131425 85636      511.3556   125      511.0062      511.6150  9096708    0.12%
 131612 85769      511.4050   116      511.0062      511.6148  9110048    0.12%
 131799 85906        cutoff            511.0062      511.6147  9123578    0.12%
 131964 86022      511.3807   101      511.0062      511.6146  9136181    0.12%
 132173 86178      511.3266   104      511.0062      511.6144  9149439    0.12%
 132392 86346      511.4166    82      511.0062      511.6141  9163072    0.12%
 132600 86494      511.4769    99      511.0062      511.6140  9177403    0.12%
 132824 86671      511.3364    89      511.0062      511.6138  9191481    0.12%
 133062 86853      511.1422    86      511.0062      511.6136  9205774    0.12%
Elapsed time = 2560.77 sec. (2528063.15 ticks, tree = 1348.19 MB, solutions = 10)
 133286 87023      511.1831    78      511.0062      511.6134  9219325    0.12%
 133533 87216      511.4316    79      511.0062      511.6132  9233192    0.12%
 133775 87400      511.4620    93      511.0062      511.6130  9247468    0.12%
 134006 87583      511.0341    88      511.0062      511.6127  9261472    0.12%
 134176 87709      511.0520    98      511.0062      511.6126  9275429    0.12%
 134375 87857      511.4656    89      511.0062      511.6123  9289484    0.12%
 134589 88024      511.4693    64      511.0062      511.6118  9303839    0.12%
 134845 88209      511.4518    84      511.0062      511.6117  9317812    0.12%
 135049 88358      511.0144    59      511.0062      511.6115  9331402    0.12%
 135241 88493      511.4910    98      511.0062      511.6111  9343542    0.12%
Elapsed time = 2599.09 sec. (2566328.22 ticks, tree = 1371.79 MB, solutions = 10)
 135455 88655      511.3699    78      511.0062      511.6110  9357186    0.12%
 135664 88810      511.2393    94      511.0062      511.6109  9370902    0.12%
 135836 88935      511.1486   113      511.0062      511.6107  9384410    0.12%
 136052 89095      511.4061   112      511.0062      511.6104  9398153    0.12%
 136261 89248      511.1977    80      511.0062      511.6103  9411511    0.12%
 136473 89402      511.3668   115      511.0062      511.6101  9424957    0.12%
 136669 89548      511.2380    97      511.0062      511.6100  9438471    0.12%
 136876 89710      511.0397    61      511.0062      511.6096  9452185    0.12%
 137112 89898      511.2253    98      511.0062      511.6094  9466183    0.12%
 137362 90087      511.3450    91      511.0062      511.6091  9480315    0.12%
Elapsed time = 2637.23 sec. (2604581.29 ticks, tree = 1396.65 MB, solutions = 10)
 137587 90254      511.4563    65      511.0062      511.6090  9494561    0.12%
 137773 90387      511.4993    87      511.0062      511.6089  9508076    0.12%
 138008 90557      511.4670    84      511.0062      511.6087  9522117    0.12%
 138219 90711      511.3457    91      511.0062      511.6085  9535913    0.12%
 138424 90870      511.5341   129      511.0062      511.6083  9549531    0.12%
 138673 91057      511.0700    66      511.0062      511.6081  9563174    0.12%
 138870 91200      511.2164   118      511.0062      511.6078  9577030    0.12%
 139065 91337      511.3605   106      511.0062      511.6076  9590592    0.12%
 139257 91482      511.1234    77      511.0062      511.6074  9604274    0.12%
 139461 91631      511.0447    93      511.0062      511.6072  9617977    0.12%
Elapsed time = 2675.20 sec. (2642879.30 ticks, tree = 1418.48 MB, solutions = 10)
 139640 91766      511.5075    89      511.0062      511.6070  9631719    0.12%
 139868 91940      511.3661    91      511.0062      511.6068  9645802    0.12%
 140066 92083      511.3824    87      511.0062      511.6065  9659121    0.12%
 140259 92227      511.0999    78      511.0062      511.6064  9672897    0.12%
 140480 92398      511.2030    75      511.0062      511.6061  9686050    0.12%
 140662 92529      511.4068   118      511.0062      511.6059  9699986    0.12%
 140884 92700      511.2747    79      511.0062      511.6058  9712826    0.12%
 141114 92874      511.3739    86      511.0062      511.6055  9727319    0.12%
 141310 93021      511.2341    85      511.0062      511.6054  9741135    0.12%
 141526 93173      511.4877    90      511.0062      511.6052  9754569    0.12%
Elapsed time = 2713.33 sec. (2681195.98 ticks, tree = 1444.31 MB, solutions = 10)
 141731 93332      511.4963    97      511.0062      511.6048  9768353    0.12%
 141981 93520      511.0794   112      511.0062      511.6047  9782455    0.12%
 142208 93675      511.1026    75      511.0062      511.6045  9797011    0.12%
 142384 93790      511.4241    83      511.0062      511.6042  9809788    0.12%
*142492+87778                          511.0463      511.6042             0.11%
 142572 87838      511.3066    73      511.0463      511.6041  9821337    0.11%
 142772 87984      511.4901    75      511.0463      511.6038  9833101    0.11%
 142932 88102      511.3099    95      511.0463      511.6037  9845772    0.11%
 143112 88233      511.0727    51      511.0463      511.6035  9858330    0.11%
 143323 88385      511.1973    75      511.0463      511.6031  9871821    0.11%
 143556 88548      511.3945   112      511.0463      511.6030  9885194    0.11%
Elapsed time = 2751.24 sec. (2719617.29 ticks, tree = 1368.18 MB, solutions = 11)
 143762 88712      511.0978    76      511.0463      511.6029  9898311    0.11%
 143958 88860      511.1480    82      511.0463      511.6027  9911925    0.11%
 144190 89020      511.3559    78      511.0463      511.6024  9925576    0.11%
 144408 89170      511.5427   100      511.0463      511.6022  9938113    0.11%
 144632 89337      511.2986   102      511.0463      511.6021  9952391    0.11%
 144838 89477      511.0890    73      511.0463      511.6018  9965965    0.11%
 145064 89649      511.2798    95      511.0463      511.6016  9980038    0.11%
 145274 89802      511.3335    90      511.0463      511.6013  9993727    0.11%
 145507 89986      511.3349   111      511.0463      511.6011 10007951    0.11%
 145742 90156      511.3066    75      511.0463      511.6009 10021935    0.11%
Elapsed time = 2789.65 sec. (2757871.08 ticks, tree = 1394.50 MB, solutions = 11)
 145974 90316      511.1404   119      511.0463      511.6006 10036607    0.11%
 146189 90468      511.4307    78      511.0463      511.6004 10050220    0.11%
 146449 90658      511.0763    70      511.0463      511.6002 10063754    0.11%
 146697 90845      511.5172    91      511.0463      511.6000 10078195    0.11%
 146913 91012      511.1331    91      511.0463      511.5998 10092716    0.11%
 147139 91178      511.2054    84      511.0463      511.5997 10105766    0.11%
 147333 91313      511.2547   119      511.0463      511.5994 10119732    0.11%
 147545 91468      511.5005    81      511.0463      511.5992 10133237    0.11%
 147739 91609      511.4124   106      511.0463      511.5991 10147062    0.11%
 147915 91735      511.4863   123      511.0463      511.5990 10160032    0.11%
Elapsed time = 2827.96 sec. (2796252.85 ticks, tree = 1417.78 MB, solutions = 11)
 148125 91886      511.3469   115      511.0463      511.5988 10174462    0.11%
 148312 92027      511.4200    93      511.0463      511.5986 10188091    0.11%
 148476 92144      511.5108    92      511.0463      511.5984 10201167    0.11%
 148675 92285      511.4729   102      511.0463      511.5982 10214742    0.11%
 148902 92456      511.1916    92      511.0463      511.5981 10229374    0.11%
 149079 92571      511.3385   114      511.0463      511.5979 10243040    0.11%
 149269 92710      511.0768    91      511.0463      511.5978 10256683    0.11%
 149492 92871      511.3024    98      511.0463      511.5977 10270395    0.11%
 149689 92997      511.2088    90      511.0463      511.5974 10284600    0.11%
 149862 93106      511.3852    99      511.0463      511.5971 10298269    0.11%
Elapsed time = 2865.43 sec. (2834770.96 ticks, tree = 1438.55 MB, solutions = 11)
 150085 93264      511.1207    95      511.0463      511.5970 10312120    0.11%
 150308 93429      511.1443    98      511.0463      511.5968 10326109    0.11%
 150524 93586      511.1884    93      511.0463      511.5966 10340557    0.11%
 150727 93719      511.4960   113      511.0463      511.5965 10353552    0.11%
 150957 93891      511.5177    95      511.0463      511.5963 10367494    0.11%
 151140 94023      511.4265    92      511.0463      511.5961 10380872    0.11%
 151324 94159      511.0552    71      511.0463      511.5959 10394158    0.11%
 151516 94298      511.4243    91      511.0463      511.5958 10407541    0.11%
 151749 94465      511.0808   104      511.0463      511.5957 10422262    0.11%
 151932 94582      511.2427    86      511.0463      511.5955 10435470    0.11%
Elapsed time = 2903.19 sec. (2873186.97 ticks, tree = 1460.14 MB, solutions = 11)
 152134 94728      511.1141   120      511.0463      511.5953 10449731    0.11%
 152305 94847      511.5556    94      511.0463      511.5951 10463835    0.11%
 152494 94986      511.3157    96      511.0463      511.5950 10477880    0.11%
 152677 95116      511.0991    95      511.0463      511.5948 10491489    0.11%
 152880 95270      511.2324    86      511.0463      511.5947 10505244    0.11%
 153098 95421      511.2803    57      511.0463      511.5945 10519186    0.11%
 153308 95581      511.0881    93      511.0463      511.5943 10533295    0.11%
 153555 95772      511.2844    80      511.0463      511.5941 10547210    0.11%
 153756 95914      511.2351   109      511.0463      511.5940 10560672    0.11%
 154006 96109      511.3331    78      511.0463      511.5938 10574534    0.11%
Elapsed time = 2941.10 sec. (2911513.20 ticks, tree = 1482.48 MB, solutions = 11)
 154223 96271      511.3092    63      511.0463      511.5936 10588759    0.11%
 154413 96415      511.2130    85      511.0463      511.5935 10602483    0.11%
 154621 96556      511.3175    99      511.0463      511.5934 10616537    0.11%
 154841 96721      511.4181    88      511.0463      511.5932 10630195    0.11%
 155082 96910      511.4228    84      511.0463      511.5930 10643774    0.11%
 155292 97067      511.4574    88      511.0463      511.5929 10657762    0.11%
 155532 97245      511.1651    72      511.0463      511.5928 10670470    0.11%
 155760 97420      511.0992    17      511.0463      511.5926 10684528    0.11%
 155975 97583      511.2906    76      511.0463      511.5924 10698695    0.11%
 156175 97724        cutoff            511.0463      511.5922 10712271    0.11%
Elapsed time = 2979.34 sec. (2949767.78 ticks, tree = 1507.09 MB, solutions = 11)
 156381 97875      511.2948    58      511.0463      511.5920 10725723    0.11%
 156616 98060      511.1249   109      511.0463      511.5918 10739505    0.11%
 156816 98201      511.4364    66      511.0463      511.5916 10753609    0.11%
 157007 98329      511.0557    80      511.0463      511.5913 10767845    0.11%
 157177 98438      511.2168    88      511.0463      511.5912 10780511    0.11%
 157382 98578      511.2757    92      511.0463      511.5910 10793858    0.11%
 157572 98715      511.3785   104      511.0463      511.5908 10806739    0.11%
 157804 98879      511.3302    89      511.0463      511.5906 10820278    0.11%
 157991 99010      511.4655   110      511.0463      511.5904 10834191    0.11%
 158215 99174      511.0573    70      511.0463      511.5903 10847436    0.11%
Elapsed time = 3016.82 sec. (2988018.58 ticks, tree = 1526.79 MB, solutions = 11)
 158427 99323      511.5194    93      511.0463      511.5901 10860793    0.11%
 158675 99491      511.4190   102      511.0463      511.5900 10874513    0.11%
 158882 99647      511.1532   111      511.0463      511.5898 10887969    0.11%
 159092 99798      511.1572    91      511.0463      511.5896 10902243    0.11%
 159267 99924      511.2113    86      511.0463      511.5895 10916474    0.11%
 159504 100100      511.5094    74      511.0463      511.5892 10930128    0.11%
 159743 100280      511.4564   112      511.0463      511.5891 10944145    0.11%
 159932 100418      511.5024    90      511.0463      511.5888 10957776    0.11%
 160137 100569      511.1677    91      511.0463      511.5887 10971009    0.11%
 160318 100704      511.1445   102      511.0463      511.5886 10984670    0.11%
Elapsed time = 3054.77 sec. (3026342.38 ticks, tree = 1548.77 MB, solutions = 11)
 160564 100882        cutoff            511.0463      511.5884 10998477    0.11%
 160798 101051      511.4943   144      511.0463      511.5882 11011986    0.11%
 160990 101191      511.3456    72      511.0463      511.5881 11025789    0.11%
 161206 101358      511.4275   115      511.0463      511.5880 11039097    0.11%
 161425 101516      511.5038    71      511.0463      511.5876 11052934    0.11%
 161616 101646      511.0477    53      511.0463      511.5873 11066550    0.11%
 161867 101829      511.1127    68      511.0463      511.5872 11080455    0.11%
 162058 101960      511.3493   109      511.0463      511.5871 11093901    0.11%
 162292 102135      511.1079    50      511.0463      511.5869 11107338    0.11%
 162518 102310      511.3586    93      511.0463      511.5868 11122026    0.11%
Elapsed time = 3092.92 sec. (3064712.12 ticks, tree = 1570.52 MB, solutions = 11)
 162727 102472      511.0822    58      511.0463      511.5866 11135428    0.11%
 162976 102654      511.1896    92      511.0463      511.5865 11149117    0.11%
 163148 102760      511.4935    94      511.0463      511.5861 11162815    0.11%
 163344 102910      511.0549    96      511.0463      511.5859 11176481    0.11%
 163551 103065      511.1689    96      511.0463      511.5858 11190477    0.11%
 163770 103220      511.4432    96      511.0463      511.5857 11204316    0.11%
 163975 103366      511.0536    65      511.0463      511.5855 11217226    0.11%
 164208 103535      511.1432    62      511.0463      511.5853 11231442    0.11%
 164371 103645      511.3772    96      511.0463      511.5851 11244949    0.11%
 164591 103812      511.2390   127      511.0463      511.5848 11258869    0.11%
Elapsed time = 3130.49 sec. (3102983.02 ticks, tree = 1591.62 MB, solutions = 11)
 164782 103952      511.2272    86      511.0463      511.5846 11272688    0.11%
 165007 104121      511.2225    74      511.0463      511.5845 11286976    0.11%
 165227 104294      511.1083    65      511.0463      511.5842 11300394    0.11%
 165459 104447      511.1584   104      511.0463      511.5841 11313627    0.11%
 165661 104578      511.4371    77      511.0463      511.5837 11326709    0.11%
 165898 104755      511.2979    71      511.0463      511.5836 11339520    0.11%
 166109 104904      511.4427    97      511.0463      511.5834 11352901    0.11%
 166322 105068      511.1789    65      511.0463      511.5832 11365882    0.11%
 166533 105214      511.4561   134      511.0463      511.5830 11379716    0.11%
 166730 105371      511.1769    85      511.0463      511.5829 11393225    0.11%
Elapsed time = 3168.43 sec. (3141257.06 ticks, tree = 1615.56 MB, solutions = 11)
 166954 105544      511.2336   125      511.0463      511.5827 11407206    0.10%
 167140 105682      511.3312   107      511.0463      511.5825 11420074    0.10%
 167333 105829      511.1794    78      511.0463      511.5823 11433780    0.10%
 167556 106002      511.1475    76      511.0463      511.5822 11447756    0.10%
 167774 106147        cutoff            511.0463      511.5819 11461447    0.10%
 168021 106344      511.3237    93      511.0463      511.5817 11475495    0.10%
 168247 106509      511.5137   118      511.0463      511.5815 11489638    0.10%
 168451 106664      511.4488   114      511.0463      511.5813 11503398    0.10%
 168695 106836      511.4729    90      511.0463      511.5810 11517839    0.10%
 168892 106968      511.3440    77      511.0463      511.5808 11531225    0.10%
Elapsed time = 3206.44 sec. (3179531.21 ticks, tree = 1636.48 MB, solutions = 11)
 169131 107136      511.2360   101      511.0463      511.5807 11544454    0.10%
 169342 107278      511.3088    89      511.0463      511.5805 11557954    0.10%
 169522 107416      511.3487    95      511.0463      511.5804 11570989    0.10%
 169719 107559      511.1651    67      511.0463      511.5802 11584768    0.10%
 169907 107691      511.2701    72      511.0463      511.5800 11597995    0.10%
 170152 107880      511.3196    70      511.0463      511.5799 11612217    0.10%
 170425 108078      511.5115   101      511.0463      511.5797 11626561    0.10%
 170630 108236      511.1726   106      511.0463      511.5796 11640672    0.10%
 170819 108363      511.1054    92      511.0463      511.5795 11653879    0.10%
Starting limited solution polishing.
 171008 108486      511.4589   108      511.0463      511.5793 11667386    0.10%
Elapsed time = 3244.22 sec. (3217802.79 ticks, tree = 1657.82 MB, solutions = 11)
 171231 108664      511.4059    94      511.0463      511.5792 11680472    0.10%
 171419 108797      511.3458   111      511.0463      511.5790 11692674    0.10%
 171602 108931      511.1470   114      511.0463      511.5789 11704546    0.10%
 171804 109087      511.1555    81      511.0463      511.5788 11717104    0.10%
 171992 109231      511.2354    84      511.0463      511.5787 11729375    0.10%
 172183 109375      511.5002   112      511.0463      511.5785 11742813    0.10%
 172345 109495      511.2241    56      511.0463      511.5783 11754516    0.10%
 172494 109599      511.0673    95      511.0463      511.5782 11766753    0.10%
 172668 109708      511.3082   100      511.0463      511.5780 11779327    0.10%
 172836 109828      511.1399    55      511.0463      511.5778 11791526    0.10%
Elapsed time = 3282.41 sec. (3256133.10 ticks, tree = 1676.23 MB, solutions = 11)
 172992 109936      511.1964    63      511.0463      511.5777 11802205    0.10%
 173152 110046      511.4174    84      511.0463      511.5776 11815562    0.10%
 173316 110158      511.3569    83      511.0463      511.5773 11825785    0.10%
 173481 110264      511.1218    95      511.0463      511.5772 11837535    0.10%
 173633 110377      511.3641    95      511.0463      511.5771 11848252    0.10%
 173792 110499      511.3034    79      511.0463      511.5769 11857879    0.10%
 173983 110639      511.0592    49      511.0463      511.5768 11871479    0.10%
 174099 110718      511.1825    95      511.0463      511.5767 11880517    0.10%
 174242 110826      511.1291    94      511.0463      511.5766 11891632    0.10%
 174418 110947      511.4464   119      511.0463      511.5765 11900979    0.10%
Elapsed time = 3321.25 sec. (3295086.85 ticks, tree = 1690.46 MB, solutions = 11)
 174582 111069      511.0501    73      511.0463      511.5763 11912826    0.10%
 174699 111164      511.2820    84      511.0463      511.5763 11919357    0.10%
 174877 111297      511.2311   113      511.0463      511.5762 11931426    0.10%
 175000 111389      511.3495    73      511.0463      511.5762 11939712    0.10%
 175191 111537      511.4592    74      511.0463      511.5761 11950752    0.10%
 175307 111619      511.3282    94      511.0463      511.5760 11957694    0.10%
 175477 111742      511.2606    81      511.0463      511.5759 11968060    0.10%
 175601 111839      511.4032    99      511.0463      511.5758 11976794    0.10%
 175765 111961      511.1262    82      511.0463      511.5758 11986892    0.10%
 175898 112059      511.1499    80      511.0463      511.5757 11995421    0.10%
Elapsed time = 3359.97 sec. (3333350.78 ticks, tree = 1705.14 MB, solutions = 11)
 176071 112178      511.3380    82      511.0463      511.5756 12006150    0.10%
 176192 112265      511.4059    80      511.0463      511.5755 12014723    0.10%
 176382 112404      511.4813    95      511.0463      511.5753 12024117    0.10%
 176574 112545      511.0495    83      511.0463      511.5752 12035237    0.10%
 176692 112623      511.0500    71      511.0463      511.5751 12044589    0.10%
 176852 112738      511.1355    88      511.0463      511.5750 12054312    0.10%
 176985 112826      511.2774   121      511.0463      511.5748 12063405    0.10%
 177092 112907      511.0700    27      511.0463      511.5748 12068347    0.10%
 177280 113053      511.2826    88      511.0463      511.5746 12080100    0.10%
 177486 113213      511.1284    95      511.0463      511.5744 12094550    0.10%
Elapsed time = 3399.80 sec. (3372943.30 ticks, tree = 1724.36 MB, solutions = 11)
 177667 113332      511.2899    99      511.0463      511.5742 12106647    0.10%
 177793 113426      511.1870   102      511.0463      511.5741 12113885    0.10%
 177991 113574      511.0936   102      511.0463      511.5740 12125201    0.10%
 178120 113675      511.3652    96      511.0463      511.5740 12134030    0.10%
 178292 113806      511.3654    85      511.0463      511.5739 12145486    0.10%
 178442 113915      511.3889    92      511.0463      511.5738 12156250    0.10%
 178592 114037      511.3111    69      511.0463      511.5736 12166121    0.10%
 178761 114154      511.1722   117      511.0463      511.5735 12177469    0.10%
 178897 114240      511.2341    73      511.0463      511.5734 12185785    0.10%
 179089 114367      511.0837   105      511.0463      511.5733 12197704    0.10%
Elapsed time = 3440.22 sec. (3412864.18 ticks, tree = 1741.14 MB, solutions = 11)
 179250 114480      511.1434   108      511.0463      511.5732 12207854    0.10%
 179416 114595      511.4635    84      511.0463      511.5731 12217686    0.10%
 179592 114726      511.3298   123      511.0463      511.5730 12227297    0.10%
 179749 114841      511.1375    68      511.0463      511.5729 12238304    0.10%
 179874 114932      511.0639    59      511.0463      511.5728 12245925    0.10%
 179999 115017      511.3093   109      511.0463      511.5727 12253902    0.10%
 180159 115138      511.3660    98      511.0463      511.5725 12264814    0.10%
 180292 115235      511.2258    75      511.0463      511.5724 12273306    0.10%
 180469 115369      511.2504    97      511.0463      511.5722 12283220    0.10%
 180600 115456      511.0895    63      511.0463      511.5722 12290226    0.10%
Elapsed time = 3479.84 sec. (3451937.75 ticks, tree = 1755.80 MB, solutions = 11)
 180753 115564      511.4718    79      511.0463      511.5721 12300431    0.10%
 180892 115670      511.1761    72      511.0463      511.5720 12310025    0.10%
 181048 115785      511.2947    76      511.0463      511.5718 12321615    0.10%
 181246 115934      511.4254   114      511.0463      511.5716 12333056    0.10%
 181419 116063      511.2090    95      511.0463      511.5715 12344300    0.10%
 181586 116175      511.4731    92      511.0463      511.5713 12354863    0.10%
 181711 116266      511.3504    92      511.0463      511.5712 12362330    0.10%
 181889 116401      511.0552    74      511.0463      511.5710 12374058    0.10%
 182005 116487      511.3548    83      511.0463      511.5709 12381530    0.10%
 182170 116616      511.2307    91      511.0463      511.5708 12391270    0.10%
Elapsed time = 3519.00 sec. (3490816.91 ticks, tree = 1774.06 MB, solutions = 11)
 182352 116750      511.1421    70      511.0463      511.5707 12400961    0.10%
 182492 116851      511.1853    93      511.0463      511.5706 12408699    0.10%
 182682 116983      511.1065    82      511.0463      511.5704 12420383    0.10%
 182794 117052      511.3639   120      511.0463      511.5704 12428015    0.10%
 182930 117147      511.4213   113      511.0463      511.5702 12437189    0.10%
 183092 117274      511.1782    67      511.0463      511.5701 12448287    0.10%
 183292 117423      511.1666    73      511.0463      511.5700 12461597    0.10%
 183492 117567      511.3092    86      511.0463      511.5698 12473389    0.10%
 183621 117655      511.3369    75      511.0463      511.5697 12482936    0.10%
 183791 117778      511.2965   112      511.0463      511.5697 12492091    0.10%
Elapsed time = 3559.25 sec. (3530815.30 ticks, tree = 1790.82 MB, solutions = 11)
 183892 117851      511.3439    78      511.0463      511.5696 12498802    0.10%
 184046 117965      511.0965    82      511.0463      511.5695 12508370    0.10%
 184194 118067      511.0916    71      511.0463      511.5693 12517980    0.10%
 184392 118209      511.4589    97      511.0463      511.5692 12527103    0.10%
 184546 118323      511.2371    90      511.0463      511.5691 12537539    0.10%
 184692 118429      511.4381    98      511.0463      511.5690 12546798    0.10%
 184888 118566      511.0923    80      511.0463      511.5689 12559339    0.10%
 185020 118661      511.3085   101      511.0463      511.5688 12566921    0.10%
 185202 118800      511.2009    74      511.0463      511.5686 12578944    0.10%
Advanced basis not built.

Flow cuts applied:  33
Mixed integer rounding cuts applied:  147
Lift and project cuts applied:  3
Gomory fractional cuts applied:  7
User cuts applied:  1172

Root node processing (before b&c):
  Real time             =    2.11 sec. (1712.13 ticks)
Sequential b&c:
  Real time             = 3597.89 sec. (3569645.22 ticks)
                          ------------
Total (root+branch&cut) = 3600.01 sec. (3571357.35 ticks)
|V|                                     600
K                                       60
theta                                   0.01
r                                       1
R                                       20
prob_func                               facility_mixture
mixture_low_share                       0.500000
mixture_low_interval                    [0.001000, 0.010000]
mixture_high_interval                   [0.100000, 0.500000]
mixture_seed                            1
#C1                                     760
#CP                                     34540

@Parameters: 
am_callback_heuristic                   false
am_local_search                         true
am_start_heuristic                      false
colocation                              true
comp                                    false
cutC                                    true
cutC_init                               false
cutF                                    false
cutF_init                               false
cutF_stable                             false
cutF_wrong                              false
cutLocal                                false
cutM                                    true
cutM_init                               true
cutM_stable                             false
cutP                                    true
cutP_init                               false
cutP_stable                             false
init                                    true
init_cutF_zero                          false
init_val_greedy                         true
is_Euclidean                            false
is_local_search                         false
is_right_cutP                           true
is_root                                 false
is_silent                               false
is_start                                false
mycut                                   false
pmed                                    false
pre                                     true
stable_root                             false
str                                     true
two_phase                               false
ubstr                                   false
mode                                    Int

am_callback_node_space                  50
init                                    0
mixture_seed                            1
node_space                              5
nodelimit                               -1
nsepa                                   1
strF                                    0
type_delta                              0

EPS                                     0.001000
EPS_FRAC                                0.00
gap                                     0.00
mixture_high_max                        0.50
mixture_high_min                        0.10
mixture_low_max                         0.01
mixture_low_min                         0.00
mixture_low_share                       0.50
timelimit                               3600.00

Number of Closed Sites: 3 / 180 
Number of Confined Sites-1: 6 / 354 
Number of Confined Sites-k: 591 / 4242 
Preprocess Time: 1.38 + 0.00 sec

Solve Time: 3600.01
Number of Nodes: 185392
Termination Status: TIME_LIMIT

CutInfo: [phase] num / time (sec) / aver. num_nonzero
max              [LP]     0 / 0.00 / 0.00 [init]   538 / 0.01 / 2.01 [rLC]   442 / 0.06 / 5.93 [rUC]   321 / 0.05 / 3.56 [sLC]   148 / 0.22 / 4.83 [sUC]   263 / 1.26 / 4.54 
prod_oa          [LP]     0 / 0.00 / 0.00 [init]   395 / 0.01 / 34.46 [rLC]  1334 / 0.10 / 44.04 [rUC]   504 / 0.18 / 38.23 [sLC]  1550 / 0.54 / 41.52 [sUC]   539 / 3.62 / 37.03 
prod_sm_fixed    [LP]     0 / 0.00 / 0.00 [init]     0 / 0.00 / 0.00 [rLC]     0 / 0.00 / 0.00 [rUC]     0 / 0.00 / 0.00 [sLC]     0 / 0.00 / 0.00 [sUC]     0 / 0.00 / 0.00 
prod_bin         [LP]     0 / 0.00 / 0.00 [init]     0 / 0.00 / 0.00 [rLC]     0 / 0.00 / 0.00 [rUC]     0 / 0.00 / 0.00 [sLC]     0 / 0.00 / 0.00 [sUC]     0 / 0.00 / 0.00 
prod_local       [LP]     0 / 0.00 / 0.00 [init]     0 / 0.00 / 0.00 [rLC]     0 / 0.00 / 0.00 [rUC]     0 / 0.00 / 0.00 [sLC]     0 / 0.00 / 0.00 [sUC]     0 / 0.00 / 0.00 
prod_sm_C        [LP]     0 / 0.00 / 0.00 [init]     0 / 0.00 / 0.00 [rLC]     0 / 0.00 / 0.00 [rUC]     0 / 0.00 / 0.00 [sLC]     0 / 0.00 / 0.00 [sUC]     0 / 0.00 / 0.00 
facet            [LP]     0 / 0.00 / 0.00 [init]     0 / 0.00 / 0.00 [rLC]     0 / 0.00 / 0.00 [rUC]     0 / 0.00 / 0.00 [sLC]     0 / 0.00 / 0.00 [sUC]     0 / 0.00 / 0.00 
Separation Round:   [LP] 0  [init] 1  [rLC] 9  [rUC] 15  [sLC] 44  [sUC] 332715  
Root Best Bound 513.362276
Root Best Integer: 510.383918
Best Bound: 511.568327
Best Integer: 511.046275
1: 7, 13, 47, 68, 70, 85, 109, 115, 123, 125, 132, 136, 147, 165, 180, 186, 196, 209, 235, 271, 302, 327, 337, 358, 391, 416, 432, 452, 470, 474, 490, 500, 501, 512, 513, 598
2: 28, 55, 293, 300, 314, 361, 532, 534
4: 105, 349
Objective Value (calc): 510.992413
sum_etaM = 296.075053 / 296.074933
sum_etaP = 513.217702 / 513.163297
nL: 46
nCL: 10
mCL: 4
