Version identifier: 20.1.0.0 | 2020-11-10 | 9bedb6d68
CPXPARAM_Threads                                 1
CPXPARAM_TimeLimit                               3600
CPXPARAM_MIP_Tolerances_MIPGap                   0
Generic callback                                 0x60
1 of 1 MIP starts provided solutions.
MIP start 'm1' defined initial solution with objective 480.4729.
Tried aggregator 2 times.
MIP Presolve eliminated 14 rows and 8 columns.
Aggregator did 6 substitutions.
Reduced MIP has 2093 rows, 2386 columns, and 18523 nonzeros.
Reduced MIP has 596 binaries, 590 generals, 0 SOSs, and 0 indicators.
Presolve time = 0.01 sec. (6.98 ticks)
Probing time = 0.00 sec. (0.95 ticks)
Tried aggregator 1 time.
Reduced MIP has 2093 rows, 2386 columns, and 18523 nonzeros.
Reduced MIP has 596 binaries, 590 generals, 0 SOSs, and 0 indicators.
Presolve time = 0.01 sec. (4.12 ticks)
Probing time = 0.00 sec. (0.95 ticks)
MIP emphasis: balance optimality and feasibility.
MIP search method: dynamic search.
Parallel mode: none, using 1 thread.
Root relaxation solution time = 0.08 sec. (84.49 ticks)

        Nodes                                         Cuts/
   Node  Left     Objective  IInf  Best Integer    Best Bound    ItCnt     Gap

*     0+    0                          480.4729      600.0000            24.88%
      0     0      501.3268   123      480.4729      501.3268     1863    4.34%
      0     0      484.7167   176      480.4729     Cuts: 549     2457    0.88%
      0     0      484.0174   199      480.4729     Cuts: 202     2800    0.74%
      0     0      483.6197   200      480.4729     Cuts: 189     3061    0.65%
      0     0      483.5407   215      480.4729      Cuts: 91     3191    0.64%
      0     0      483.3960   198      480.4729     Cuts: 108     3413    0.61%
      0     0      483.3088   193      480.4729      Cuts: 61     3556    0.59%
      0     0      483.2495   210      480.4729      Cuts: 74     3698    0.58%
      0     0      483.2184   208      480.4729      Cuts: 50     3789    0.57%
      0     0      483.2081   198      480.4729      Cuts: 39     3860    0.57%
      0     0      483.1995   201      480.4729      Cuts: 27     3918    0.57%
      0     0      483.1900   191      480.4729 UserPurge2: 23     3968    0.57%
      0     0      483.1891   193      480.4729 UserPurge2: 5     3991    0.57%
      0     0      483.1847   195      480.4729 UserPurge2: 14     4027    0.56%
      0     0      483.1843   195      480.4729 UserPurge2: 1     4037    0.56%
      0     0      483.1842   199      480.4729 UserPurge2: 3     4045    0.56%
      0     0      483.1841   209      480.4729 UserPurge2: 1     4050    0.56%
      0     2      483.1534   214      480.4729      483.1531     4050    0.56%
Elapsed time = 2.50 sec. (1923.95 ticks, tree = 0.01 MB, solutions = 1)
      6     8      483.0174   179      480.4729      483.1531     5742    0.56%
     10    12      482.8278   156      480.4729      483.1531     6615    0.56%
     20    22      482.6419   152      480.4729      483.1531     8306    0.56%
     30    32      482.2231   136      480.4729      483.1531     9846    0.56%
     41    43      481.8995   100      480.4729      483.1531    11217    0.56%
     55    57      481.1353    75      480.4729      483.1531    12262    0.56%
     84    73      483.0582   215      480.4729      483.1348    13944    0.55%
     90    79      482.7910   182      480.4729      483.1348    16072    0.55%
     96    85      482.6323   163      480.4729      483.1348    17402    0.55%
*   100+   87                          480.4939      483.1348             0.55%
*   120+  105                          480.5831      483.1348             0.53%
    122   109      481.6242   117      480.5831      483.1348    21746    0.53%
Elapsed time = 7.62 sec. (5669.86 ticks, tree = 0.55 MB, solutions = 3)
    151   135      482.9406   191      480.5831      483.0828    25747    0.52%
    170   154      481.8148   144      480.5831      483.0828    30229    0.52%
    200   180      482.8288   188      480.5831      483.0812    34372    0.52%
    220   200      481.8590   140      480.5831      483.0812    38680    0.52%
    260   234      482.5941   190      480.5831      483.0581    44668    0.51%
    289   263      480.8565   111      480.5831      483.0581    50464    0.51%
    320   286      482.1688   131      480.5831      483.0002    55695    0.50%
    354   316      482.7908   176      480.5831      482.9998    61200    0.50%
    379   341      481.4937   126      480.5831      482.9998    66105    0.50%
    410   362      482.7327   176      480.5831      482.9990    70056    0.50%
Elapsed time = 20.11 sec. (16634.32 ticks, tree = 1.23 MB, solutions = 3)
    437   389      481.3271   139      480.5831      482.9990    75837    0.50%
    470   419      482.1081   129      480.5831      482.9819    81512    0.50%

Performing restart 1

Repeating presolve.
Tried aggregator 1 time.
MIP Presolve modified 365 coefficients.
Reduced MIP has 2093 rows, 2386 columns, and 18523 nonzeros.
Reduced MIP has 596 binaries, 590 generals, 0 SOSs, and 0 indicators.
Presolve time = 0.01 sec. (4.24 ticks)
Tried aggregator 1 time.
Reduced MIP has 2093 rows, 2386 columns, and 18523 nonzeros.
Reduced MIP has 596 binaries, 590 generals, 0 SOSs, and 0 indicators.
Presolve time = 0.01 sec. (4.19 ticks)
Represolve time = 0.03 sec. (23.16 ticks)
    483     0      482.7135   252      480.5831     Cuts: 135    88135    0.44%
    483     0      482.6379   250      480.5831     Cuts: 235    88351    0.43%
    483     0      482.5894   238      480.5831      Cuts: 65    88480    0.42%
    483     0      482.5480   252      480.5831      Cuts: 33    88606    0.41%
    483     0      482.5359   251      480.5831      Cuts: 34    88720    0.41%
    483     0      482.5213   267      480.5831      Cuts: 33    88794    0.40%
    483     0      482.5019   232      480.5831      Cuts: 34    88880    0.40%
    483     0      482.4854   254      480.5831      Cuts: 24    88980    0.40%
    483     0      482.4790   253      480.5831      Cuts: 25    89054    0.39%
    483     0      482.4676   238      480.5831      Cuts: 18    89146    0.39%
    483     0      482.4360   216      480.5831      Cuts: 45    89293    0.39%
    483     0      482.4215   229      480.5831      Cuts: 22    89377    0.38%
    483     0      482.4141   238      480.5831      Cuts: 22    89439    0.38%
    483     0      482.4063   228      480.5831      Cuts: 26    89526    0.38%
    483     0      482.4008   227      480.5831      Cuts: 21    89579    0.38%
    483     0      482.4003   233      480.5831      Cuts: 11    89606    0.38%
    483     2      482.3790   232      480.5831      482.3788    89606    0.37%
    484     3      482.3542   238      480.5831      482.3788    89783    0.37%
    485     4      482.3517   230      480.5831      482.3788    89921    0.37%
    486     5      482.2414   213      480.5831      482.3788    90209    0.37%
    487     6      482.3430   226      480.5831      482.3788    90285    0.37%
    488     7      482.1657   231      480.5831      482.3788    90690    0.37%
    491    10      482.0809   206      480.5831      482.3788    92883    0.37%
    498    17      481.9534   185      480.5831      482.3788    95039    0.37%
Elapsed time = 37.99 sec. (36092.35 ticks, tree = 0.12 MB, solutions = 3)
    507    26      481.9873   159      480.5831      482.3788    97509    0.37%
    525    44      481.6977   118      480.5831      482.3788   100596    0.37%
    543    62      480.9718   102      480.5831      482.3788   102861    0.37%
    561    79      480.8247    84      480.5831      482.3788   105667    0.37%
    595   104      481.9398   191      480.5831      482.3429   109123    0.37%
    603   112      481.9441   199      480.5831      482.3429   111785    0.37%
    618   127      481.7308   175      480.5831      482.3429   114703    0.37%
    633   142      481.3141   120      480.5831      482.3429   117926    0.37%
    668   165      482.2656   219      480.5831      482.3426   121083    0.37%
*   683+  154                          480.7310      482.3426             0.34%
    694   167      481.9486   131      480.7310      482.3426   123045    0.34%
Elapsed time = 47.66 sec. (46315.69 ticks, tree = 0.80 MB, solutions = 4)
*   723+  188                          480.7606      482.3426             0.33%
*   723+  188                          480.7620      482.3426             0.33%
    732   199      481.2467    28      480.7620      482.3426   124807    0.33%
    753   217      481.7829   195      480.7620      482.2689   126288    0.31%
    775   239      481.4293    88      480.7620      482.2689   127925    0.31%
    803   261      482.0802   199      480.7620      482.2546   129926    0.31%
    833   291      481.5451   101      480.7620      482.2546   132280    0.31%
    872   322      481.9112   198      480.7620      482.2418   134617    0.31%
    891   341      481.1055   154      480.7620      482.2418   137357    0.31%
    906   353      480.8403   122      480.7620      482.2418   139826    0.31%
    941   376      481.5363   104      480.7620      482.2418   142618    0.31%
    983   412      482.0543   196      480.7620      482.2410   145034    0.31%
Elapsed time = 58.49 sec. (57192.12 ticks, tree = 4.08 MB, solutions = 6)
*  1003+  387                          480.8930      482.2410             0.28%
   1003   389      481.5118   102      480.8930      482.2410   147654    0.28%
*  1013+  384                          480.9757      482.2410             0.26%
   1043   408      482.1252   199      480.9757      482.2365   149656    0.26%
   1053   418      481.9767   160      480.9757      482.2365   150513    0.26%
   1073   438      481.6685    83      480.9757      482.2365   152067    0.26%
   1124   484      482.0778   204      480.9757      482.2348   154252    0.26%
*  1163+  495                          481.0683      482.2348             0.24%
   1163   497      481.6015    92      481.0683      482.2348   156685    0.24%
   1193   523      481.8976   196      481.0683      482.2161   158078    0.24%
   1204   534      481.7543   178      481.0683      482.2161   160287    0.24%
   1216   546      481.6962   171      481.0683      482.2161   162457    0.24%
   1233   563      481.4134   115      481.0683      482.2161   164400    0.24%
Elapsed time = 67.92 sec. (67563.01 ticks, tree = 7.76 MB, solutions = 9)
   1263   585      481.8490   176      481.0683      482.2139   167176    0.24%
   1303   623      481.1572    71      481.0683      482.2139   169531    0.24%
   1323   637      481.9011   145      481.0683      482.2112   171273    0.24%
   1367   673      481.8622   212      481.0683      482.2095   174087    0.24%
   1391   697      481.3802   118      481.0683      482.2095   176216    0.24%
*  1423+  628                          481.2030      482.2084             0.21%
   1423   630      481.9796   122      481.2030      482.2084   178337    0.21%
   1463   666      481.3422   202      481.2030      482.1934   181607    0.21%
   1478   679      481.2801   161      481.2030      482.1934   184077    0.21%
   1498   694      481.6139   159      481.2030      482.1627   186465    0.20%
   1523   719      481.2055    90      481.2030      482.1627   188095    0.20%
Elapsed time = 77.51 sec. (77845.31 ticks, tree = 9.91 MB, solutions = 10)
   1543   735      481.2051   126      481.2030      482.1571   190721    0.20%
   1567   755      481.6828   121      481.2030      482.1571   192870    0.20%
   1603   787      481.7444   188      481.2030      482.1506   195888    0.20%
   1635   816      482.0011   186      481.2030      482.1465   198492    0.20%
   1655   836      481.6874   147      481.2030      482.1465   201628    0.20%
   1684   863      481.3309    87      481.2030      482.1465   204299    0.20%
   1706   874      482.0122   153      481.2030      482.1458   205705    0.20%
   1754   919      481.8591   169      481.2030      482.1380   208323    0.19%
   1809   968      481.9504   165      481.2030      482.1351   211703    0.19%
   1857  1010      481.8481   171      481.2030      482.1347   214775    0.19%
Elapsed time = 87.08 sec. (87920.24 ticks, tree = 16.14 MB, solutions = 10)
   1898  1043      481.8659   205      481.2030      482.1335   217909    0.19%
   1918  1055      481.9575   185      481.2030      482.1332   220869    0.19%
   1943  1080      481.6326    85      481.2030      482.1332   222705    0.19%
   1995  1125      481.6632   116      481.2030      482.1312   225765    0.19%
   2032  1158      481.7633   119      481.2030      482.1288   228283    0.19%
   2073  1196      481.8353   129      481.2030      482.1281   231589    0.19%
   2104  1223      482.0016   184      481.2030      482.1273   233432    0.19%
   2122  1241      481.5398   164      481.2030      482.1273   236824    0.19%
   2153  1262      481.8682   176      481.2030      482.1268   239881    0.19%
   2198  1303      481.9100   152      481.2030      482.1263   242638    0.19%
Elapsed time = 96.51 sec. (97770.60 ticks, tree = 20.83 MB, solutions = 10)
   2242  1340      481.9446   165      481.2030      482.1259   245589    0.19%
   2278  1376      481.3278    70      481.2030      482.1259   247889    0.19%
   2318  1408      481.8275   161      481.2030      482.1240   251243    0.19%
   2340  1430      481.3414   112      481.2030      482.1240   254792    0.19%
   2377  1459      481.6340   118      481.2030      482.1237   257835    0.19%
   2429  1500      481.4790   132      481.2030      482.1231   261263    0.19%
   2463  1528      481.9019   134      481.2030      482.1223   263594    0.19%
   2509  1566      481.9537   138      481.2030      482.1221   266598    0.19%
   2545  1598      481.8413   177      481.2030      482.1207   269912    0.19%
   2660  1697      481.5072   148      481.2030      482.1200   280481    0.19%
Elapsed time = 108.73 sec. (110417.95 ticks, tree = 24.76 MB, solutions = 10)
   2788  1794      481.9209   182      481.2030      482.1048   292904    0.19%
   2984  1966        cutoff            481.2030      482.1011   304957    0.19%
   3147  2107      482.0075   161      481.2030      482.0884   317165    0.18%
   3291  2239      481.5335    97      481.2030      482.0836   328995    0.18%
   3471  2389      481.8930   185      481.2030      482.0761   341807    0.18%
   3630  2532      481.4491   131      481.2030      482.0737   354242    0.18%
   3822  2696      481.3990    70      481.2030      482.0689   366672    0.18%
   3985  2834      481.6549   133      481.2030      482.0621   378854    0.18%
   4123  2949      481.4335   104      481.2030      482.0585   390931    0.18%
   4296  3098      481.5128   137      481.2030      482.0557   403681    0.18%
Elapsed time = 146.79 sec. (148819.39 ticks, tree = 50.41 MB, solutions = 10)
   4461  3241      481.7378   143      481.2030      482.0538   416593    0.18%
   4592  3350      481.5255   106      481.2030      482.0509   428237    0.18%
   4746  3489      481.2135   107      481.2030      482.0497   440523    0.18%
   4910  3635      481.5717   108      481.2030      482.0433   451892    0.17%
   5048  3738      481.8994   132      481.2030      482.0335   462513    0.17%
   5175  3844      481.6269   116      481.2030      482.0286   473981    0.17%
   5330  3980      481.6730   171      481.2030      482.0257   485027    0.17%
   5463  4097      481.9197   121      481.2030      482.0239   497878    0.17%
   5644  4245      481.7850   107      481.2030      482.0201   509979    0.17%
   5780  4365      481.4994   162      481.2030      482.0167   520522    0.17%
Elapsed time = 183.98 sec. (187221.52 ticks, tree = 73.84 MB, solutions = 10)
   5961  4520      481.5433   145      481.2030      482.0153   533564    0.17%
   6116  4653      481.8143   130      481.2030      482.0134   545240    0.17%
   6256  4773      481.6429   158      481.2030      482.0113   557045    0.17%
   6397  4892      481.6406   146      481.2030      482.0097   568662    0.17%
   6548  5020      481.7303   159      481.2030      482.0078   579954    0.17%
   6694  5147      481.5821   122      481.2030      482.0073   592487    0.17%
   6852  5282      481.3742    99      481.2030      482.0061   605298    0.17%
   7019  5423      481.7244   160      481.2030      482.0047   617457    0.17%
   7169  5548      481.7270   141      481.2030      482.0027   630542    0.17%
   7343  5695      481.7647   142      481.2030      482.0006   642942    0.17%
Elapsed time = 221.70 sec. (225601.40 ticks, tree = 94.63 MB, solutions = 10)
   7509  5831      481.2416    95      481.2030      481.9990   655566    0.17%
   7653  5947      481.4315    89      481.2030      481.9987   667735    0.17%
   7812  6080      481.2684    62      481.2030      481.9974   680728    0.17%
   7983  6227      481.4982   153      481.2030      481.9956   693470    0.16%
   8110  6328      481.5038   122      481.2030      481.9938   705324    0.16%
   8301  6486      481.7152   186      481.2030      481.9930   718476    0.16%
   8492  6650      481.2142    87      481.2030      481.9917   730248    0.16%
   8648  6783      481.5077    98      481.2030      481.9896   743036    0.16%
   8803  6912      481.4453   158      481.2030      481.9885   755904    0.16%
   8976  7050      481.3407   101      481.2030      481.9875   768216    0.16%
Elapsed time = 259.64 sec. (263854.83 ticks, tree = 123.27 MB, solutions = 10)
   9110  7163      481.8151   189      481.2030      481.9870   781556    0.16%
   9298  7325      481.5753   152      481.2030      481.9865   793906    0.16%
   9443  7447      481.7878   111      481.2030      481.9847   805421    0.16%
   9609  7591      481.5347   110      481.2030      481.9821   818176    0.16%
   9743  7713      481.4775   100      481.2030      481.9810   830060    0.16%
   9965  7899      481.5811   138      481.2030      481.9786   842489    0.16%
  10142  8041      481.7469   120      481.2030      481.9775   855388    0.16%
  10144  8043      481.8298   124      481.2030      481.9774   855727    0.16%
  10145  8044      481.8238   178      481.2030      481.9765   856067    0.16%
  10289  8171        cutoff            481.2030      481.9751   868336    0.16%
Elapsed time = 313.36 sec. (317395.27 ticks, tree = 148.07 MB, solutions = 10)
  10433  8291      481.8843   150      481.2030      481.9725   880607    0.16%
  10573  8403      481.7885   164      481.2030      481.9705   892810    0.16%
  10742  8553      481.3034   125      481.2030      481.9687   905509    0.16%
  10903  8688      481.3347   169      481.2030      481.9668   918301    0.16%
  11072  8828      481.5779   183      481.2030      481.9646   930993    0.16%
  11233  8967      481.6232   118      481.2030      481.9632   943728    0.16%
  11367  9077      481.7834   153      481.2030      481.9603   955317    0.16%
  11506  9193      481.6821   153      481.2030      481.9592   968083    0.16%
  11675  9333      481.7243   134      481.2030      481.9586   980289    0.16%
  11854  9474      481.6786   189      481.2030      481.9582   992031    0.16%
Elapsed time = 350.99 sec. (355934.82 ticks, tree = 169.04 MB, solutions = 10)
  12011  9612      481.2845   152      481.2030      481.9571  1005073    0.16%
  12166  9742      481.3099   130      481.2030      481.9559  1016852    0.16%
  12322  9869      481.4780   140      481.2030      481.9544  1028573    0.16%
  12495 10015      481.7221   138      481.2030      481.9533  1041377    0.16%
  12639 10135      481.3053   111      481.2030      481.9528  1054028    0.16%
  12793 10261      481.7030   154      481.2030      481.9524  1066307    0.16%
  12949 10389      481.6403   108      481.2030      481.9516  1077429    0.16%
  13100 10504      481.6969   155      481.2030      481.9511  1087450    0.16%
  13243 10625      481.6286   167      481.2030      481.9506  1099442    0.16%
  13412 10769      481.8526   144      481.2030      481.9497  1112488    0.16%
Elapsed time = 388.26 sec. (394214.54 ticks, tree = 193.38 MB, solutions = 10)
  13561 10899      481.6246   148      481.2030      481.9490  1124626    0.16%
  13747 11054      481.7516   162      481.2030      481.9482  1137288    0.15%
  13907 11189      481.6257   119      481.2030      481.9475  1149245    0.15%
  14050 11304      481.6920   146      481.2030      481.9471  1161301    0.15%
  14206 11435      481.8025   114      481.2030      481.9458  1174437    0.15%
  14347 11555      481.2385    69      481.2030      481.9453  1188548    0.15%
  14505 11682      481.7939   170      481.2030      481.9442  1201008    0.15%
  14699 11838      481.7930   180      481.2030      481.9424  1213980    0.15%
  14814 11925      481.7063   154      481.2030      481.9414  1226491    0.15%
  14998 12080      481.7693   158      481.2030      481.9405  1238102    0.15%
Elapsed time = 425.82 sec. (432577.54 ticks, tree = 212.40 MB, solutions = 10)
  15158 12219      481.4566   156      481.2030      481.9396  1250445    0.15%
  15292 12327      481.3544   147      481.2030      481.9392  1263511    0.15%
  15467 12477      481.2683   100      481.2030      481.9386  1276231    0.15%
  15623 12606      481.8570   159      481.2030      481.9377  1289212    0.15%
  15843 12785      481.8334   188      481.2030      481.9368  1302243    0.15%
  15997 12923      481.5441   102      481.2030      481.9361  1314493    0.15%
  16155 13050      481.6137   139      481.2030      481.9352  1326266    0.15%
  16305 13168      481.4262   114      481.2030      481.9342  1339110    0.15%
  16481 13319      481.5314   127      481.2030      481.9335  1351890    0.15%
  16640 13447      481.5366    91      481.2030      481.9324  1365087    0.15%
Elapsed time = 463.98 sec. (471258.70 ticks, tree = 233.92 MB, solutions = 10)
  16836 13598      481.5960   110      481.2030      481.9310  1376945    0.15%
  17018 13733      481.6506   137      481.2030      481.9296  1388921    0.15%
  17180 13872      481.5637   112      481.2030      481.9290  1400938    0.15%
  17366 14021      481.6184   151      481.2030      481.9281  1413429    0.15%
  17528 14158      481.4771   109      481.2030      481.9269  1426046    0.15%
  17683 14285      481.7959   154      481.2030      481.9265  1438224    0.15%
  17816 14389      481.4836    88      481.2030      481.9260  1448725    0.15%
  17988 14541      481.3409   113      481.2030      481.9247  1461630    0.15%
  18125 14645      481.7657   170      481.2030      481.9243  1472735    0.15%
  18281 14758      481.8443   158      481.2030      481.9229  1485662    0.15%
Elapsed time = 501.69 sec. (509801.42 ticks, tree = 260.76 MB, solutions = 10)
  18441 14891      481.3770    98      481.2030      481.9221  1498149    0.15%
  18590 15015      481.3366   113      481.2030      481.9213  1509543    0.15%
  18733 15132      481.6371   161      481.2030      481.9207  1521263    0.15%
  18870 15243      481.7625   165      481.2030      481.9200  1534591    0.15%
  19025 15369      481.2255    51      481.2030      481.9196  1546491    0.15%
  19169 15491      481.2191   100      481.2030      481.9190  1559187    0.15%
  19318 15595      481.6084   175      481.2030      481.9182  1570506    0.15%
  19486 15726      481.6898   119      481.2030      481.9171  1582251    0.15%
  19660 15869      481.4204   118      481.2030      481.9160  1595449    0.15%
  19789 15970      481.7445   148      481.2030      481.9151  1607024    0.15%
Elapsed time = 538.69 sec. (548055.46 ticks, tree = 273.75 MB, solutions = 10)

Performing restart 2

Repeating presolve.
Tried aggregator 1 time.
MIP Presolve eliminated 8 rows and 4 columns.
MIP Presolve modified 27 coefficients.
Reduced MIP has 2085 rows, 2382 columns, and 18507 nonzeros.
Reduced MIP has 596 binaries, 586 generals, 0 SOSs, and 0 indicators.
Presolve time = 0.01 sec. (4.67 ticks)
Tried aggregator 1 time.
Reduced MIP has 2085 rows, 2382 columns, and 18507 nonzeros.
Reduced MIP has 596 binaries, 586 generals, 0 SOSs, and 0 indicators.
Presolve time = 0.01 sec. (4.18 ticks)
Represolve time = 0.11 sec. (44.59 ticks)
  19807     0      482.2260   263      481.2030      Cuts: 70  1613074    0.15%
  19807     0      482.2060   262      481.2030      Cuts: 35  1613214    0.15%
  19807     0      482.2003   235      481.2030      Cuts: 22  1613297    0.15%
  19807     0      482.1976   242      481.2030      Cuts: 18  1613351    0.15%
  19807     0      482.1970   260      481.2030       Cuts: 8  1613383    0.15%
  19807     0      482.1942   265      481.2030   MIRcuts: 15  1613440    0.15%
  19807     0      482.1936   266      481.2030    MIRcuts: 7  1613473    0.15%
  19807     0      482.1933   272      481.2030    MIRcuts: 6  1613504    0.15%

Repeating presolve.
Tried aggregator 1 time.
MIP Presolve eliminated 85 rows and 67 columns.
MIP Presolve modified 23 coefficients.
Reduced MIP has 2000 rows, 2315 columns, and 17156 nonzeros.
Reduced MIP has 565 binaries, 550 generals, 0 SOSs, and 0 indicators.
Presolve time = 0.01 sec. (5.39 ticks)
Tried aggregator 1 time.
Reduced MIP has 2000 rows, 2315 columns, and 17156 nonzeros.
Reduced MIP has 565 binaries, 550 generals, 0 SOSs, and 0 indicators.
Presolve time = 0.01 sec. (3.93 ticks)
Represolve time = 0.07 sec. (46.24 ticks)
  19807     0      482.1929   256      481.2030    MIRcuts: 6  1616529    0.15%
  19807     0      482.1916   258      481.2030      Cuts: 10  1616569    0.15%
  19807     0      482.1915   268      481.2030    MIRcuts: 5  1616578    0.15%
  19807     0      482.1913   268      481.2030    MIRcuts: 2  1616593    0.15%
  19807     0      482.1913   270      481.2030    MIRcuts: 2  1616599    0.15%
  19807     0      482.1911   252      481.2030    MIRcuts: 4  1616625    0.15%
  19807     0      482.1841   268      481.2030       Cuts: 5  1616683    0.15%
  19807     0      482.1837   254      481.2030    MIRcuts: 9  1616712    0.15%
  19807     0      482.1833   264      481.2030    MIRcuts: 4  1616732    0.15%
  19807     2      482.1819   259      481.2030      481.9151  1616732    0.15%
  19810     5      482.1781   265      481.2030      481.9151  1616917    0.15%
  19817    12      481.9396   224      481.2030      481.9151  1618236    0.15%
  19836    30      481.6017   151      481.2030      481.9151  1620626    0.15%
  19921    90      482.1100   242      481.2030      481.9151  1627272    0.15%
  20043   202      481.9280   160      481.2030      481.9151  1636339    0.15%
  20207   337      481.6847   118      481.2030      481.9151  1648696    0.15%
  20407   505      481.8726   174      481.2030      481.9151  1662649    0.15%
  20567   651      481.2955    53      481.2030      481.9151  1678452    0.15%
  20751   807      481.4246   141      481.2030      481.9151  1697079    0.15%
Elapsed time = 581.16 sec. (594702.04 ticks, tree = 4.36 MB, solutions = 10)
  20926   958      481.3779    71      481.2030      481.9151  1713269    0.15%
  21089  1096      482.0304   194      481.2030      481.9151  1732153    0.15%
  21263  1247      481.4843   109      481.2030      481.9151  1749817    0.15%
  21476  1427      481.7031   161      481.2030      481.9151  1767397    0.15%
  21629  1557      481.5802   171      481.2030      481.9151  1785334    0.15%
  21800  1714      481.3581    99      481.2030      481.9151  1801778    0.15%
  21969  1860      481.8935   203      481.2030      481.9151  1818765    0.15%
  22167  2031      481.7533   190      481.2030      481.9151  1837415    0.15%
  22357  2200      481.6631   105      481.2030      481.9151  1857554    0.15%
  22566  2384      481.6903   135      481.2030      481.9151  1877327    0.15%
Elapsed time = 616.77 sec. (633029.01 ticks, tree = 8.99 MB, solutions = 10)
  22764  2559      481.6156   139      481.2030      481.9151  1897089    0.15%
  22924  2704      481.8793   170      481.2030      481.9151  1916103    0.15%
  23139  2887      481.8869   186      481.2030      481.9151  1935806    0.15%
  23388  3102      481.7540   195      481.2030      481.9151  1955213    0.15%
  23582  3271      481.8735   153      481.2030      481.9151  1974270    0.15%
  23749  3414      481.6177   117      481.2030      481.9151  1992175    0.15%
  23957  3589      481.2832    17      481.2030      481.9151  2009951    0.15%
  24150  3751      481.9825   162      481.2030      481.9151  2028039    0.15%
  24377  3947      481.2665    74      481.2030      481.9151  2044590    0.15%
  24524  4067      481.8291   143      481.2030      481.9151  2063383    0.15%
Elapsed time = 652.36 sec. (671328.55 ticks, tree = 11.50 MB, solutions = 10)
  24704  4212      481.7143   224      481.2030      481.9151  2081437    0.15%
  24849  4335      481.6329   155      481.2030      481.9151  2098910    0.15%
  24980  4445      481.3857   119      481.2030      481.9151  2117843    0.15%
  25110  4548      481.3795    89      481.2030      481.9151  2136016    0.15%
  25307  4721      481.8321   157      481.2030      481.9151  2153675    0.15%
  25488  4866      481.4040   108      481.2030      481.9151  2171904    0.15%
  25637  4984      481.2104   140      481.2030      481.9151  2189799    0.15%
  25752  5082      481.8574   185      481.2030      481.9151  2207921    0.15%
  25915  5226      481.7317   170      481.2030      481.9151  2225077    0.15%
  26079  5363      481.8468   171      481.2030      481.9151  2243288    0.15%
Elapsed time = 686.10 sec. (709698.18 ticks, tree = 13.60 MB, solutions = 10)
  26284  5526      481.7885   191      481.2030      481.9151  2261264    0.15%
  26422  5643      481.7110   188      481.2030      481.9151  2279212    0.15%
  26615  5813      481.4661   129      481.2030      481.9151  2292699    0.15%
  26793  5966      481.3681   138      481.2030      481.9151  2305554    0.15%
  26980  6123      481.9543   185      481.2030      481.9151  2318423    0.15%
  27151  6263      481.6429   166      481.2030      481.9151  2331333    0.15%
  27371  6443      481.4274   185      481.2030      481.9151  2344036    0.15%
  27562  6604      481.4717    79      481.2030      481.9151  2356942    0.15%
  27771  6781      481.2286    84      481.2030      481.9151  2369001    0.15%
  27953  6935      481.2636   117      481.2030      481.9151  2381938    0.15%
Elapsed time = 723.52 sec. (748023.04 ticks, tree = 31.94 MB, solutions = 10)
  28170  7119      481.4726   120      481.2030      481.9151  2394783    0.15%
  28364  7279      481.6417   142      481.2030      481.9151  2407772    0.15%
  28606  7478      481.7799   204      481.2030      481.9151  2420913    0.15%
  28758  7616      481.2197   158      481.2030      481.9151  2433900    0.15%
  28989  7808      481.7917   152      481.2030      481.9151  2446537    0.15%
  29178  7972      481.2556   148      481.2030      481.9151  2458974    0.15%
  29389  8156      481.8438   199      481.2030      481.9151  2471424    0.15%
  29601  8331      481.4810    60      481.2030      481.9151  2483370    0.15%
  29822  8506      481.2070    42      481.2030      481.9151  2495521    0.15%
  30027  8676      481.7719   173      481.2030      481.9151  2508508    0.15%
Elapsed time = 762.65 sec. (786377.07 ticks, tree = 59.70 MB, solutions = 10)
  30213  8832      481.7488   193      481.2030      481.9151  2521600    0.15%
  30412  8993      481.6623   130      481.2030      481.9151  2534503    0.15%
  30616  9157      481.8414   184      481.2030      481.9151  2547025    0.15%
  30807  9318      481.5686   155      481.2030      481.9151  2559980    0.15%
  30976  9465      481.6839   144      481.2030      481.9151  2573295    0.15%
  31170  9627      481.6776   228      481.2030      481.9151  2586342    0.15%
  31353  9777      481.6395   170      481.2030      481.9151  2599449    0.15%
  31569  9962      481.6093   146      481.2030      481.9151  2612337    0.15%
  31748 10112      481.8047   154      481.2030      481.9151  2626039    0.15%
  31940 10278      481.2310   113      481.2030      481.9151  2638323    0.15%
Elapsed time = 801.09 sec. (824704.38 ticks, tree = 80.12 MB, solutions = 10)
  32164 10448      481.6344   155      481.2030      481.9151  2650547    0.15%
  32326 10586      481.5113   161      481.2030      481.9151  2662239    0.15%
  32539 10773      481.5275   124      481.2030      481.9151  2674644    0.15%
  32724 10919      481.2678   162      481.2030      481.9151  2687707    0.15%
  32915 11077      481.5161   113      481.2030      481.9151  2701170    0.15%
  33107 11239      481.2920    98      481.2030      481.9151  2714064    0.15%
  33288 11388      481.2097   163      481.2030      481.9151  2727490    0.15%
  33450 11528      481.6938   154      481.2030      481.9151  2739823    0.15%
  33676 11712      481.2830    61      481.2030      481.9151  2752189    0.15%
  33880 11885      481.6842   168      481.2030      481.9151  2765094    0.15%
Elapsed time = 839.41 sec. (862893.47 ticks, tree = 101.77 MB, solutions = 10)
  34116 12089      481.3070    86      481.2030      481.9151  2777444    0.15%
  34276 12217      481.2337   157      481.2030      481.9151  2790374    0.15%
  34449 12351      481.3518   132      481.2030      481.9151  2803710    0.15%
  34632 12504      481.6296   125      481.2030      481.9151  2815934    0.15%
  34872 12713      481.2242   140      481.2030      481.9151  2828188    0.15%
  35044 12851      481.7624   163      481.2030      481.9151  2841422    0.15%
  35265 13049      481.3504   121      481.2030      481.9151  2853926    0.15%
  35454 13206      481.2217    78      481.2030      481.9151  2867412    0.15%
  35653 13367      481.4652   120      481.2030      481.9151  2880552    0.15%
  35865 13551      481.5836   144      481.2030      481.9151  2892798    0.15%
Elapsed time = 877.99 sec. (901163.68 ticks, tree = 125.41 MB, solutions = 10)
  36077 13728      481.8437   188      481.2030      481.9151  2906294    0.15%
  36242 13865      481.2472    77      481.2030      481.9151  2918938    0.15%
  36465 14053      481.8560   174      481.2030      481.9151  2932067    0.15%
  36650 14221      481.4329   126      481.2030      481.9151  2944491    0.15%
  36848 14391      481.6162   122      481.2030      481.9151  2957193    0.15%
  37007 14521      481.8188   161      481.2030      481.9151  2969617    0.15%
  37237 14716      481.5182   139      481.2030      481.9151  2982318    0.15%
  37487 14930      481.4220   142      481.2030      481.9148  2994916    0.15%
  37726 15125      481.8939   191      481.2030      481.9132  3007484    0.15%
  37920 15294      481.2616    97      481.2030      481.9122  3020065    0.15%
Elapsed time = 916.91 sec. (939594.63 ticks, tree = 148.61 MB, solutions = 10)
  38118 15462      481.3676   147      481.2030      481.9113  3032559    0.15%
  38294 15599      481.5677   124      481.2030      481.9104  3045929    0.15%
  38477 15753      481.6488   145      481.2030      481.9095  3059312    0.15%
  38677 15919      481.5503   226      481.2030      481.9088  3072325    0.15%
  38891 16098      481.4430   100      481.2030      481.9084  3085198    0.15%
  39086 16265      481.2214   125      481.2030      481.9076  3097334    0.15%
  39285 16426      481.6159   133      481.2030      481.9072  3109678    0.15%
  39495 16588      481.6479   210      481.2030      481.9067  3121972    0.15%
  39681 16741      481.5767   168      481.2030      481.9059  3134842    0.15%
  39850 16869      481.4290   136      481.2030      481.9048  3148474    0.15%
Elapsed time = 955.28 sec. (977906.76 ticks, tree = 171.48 MB, solutions = 10)
  40074 17046      481.4934   155      481.2030      481.9038  3161153    0.15%
  40274 17211      481.3091    85      481.2030      481.9028  3173247    0.15%
  40457 17362      481.6853   192      481.2030      481.9024  3185806    0.15%
  40645 17516      481.5270   169      481.2030      481.9019  3198220    0.15%
  40828 17667      481.6666   158      481.2030      481.9011  3211082    0.15%
  41007 17815      481.5361   109      481.2030      481.9000  3223971    0.14%
  41260 18035      481.2671   114      481.2030      481.8991  3236546    0.14%
  41462 18200      481.2794   155      481.2030      481.8985  3249454    0.14%
  41655 18360      481.2112    70      481.2030      481.8975  3263156    0.14%
  41869 18533      481.8263   165      481.2030      481.8967  3275296    0.14%
Elapsed time = 993.90 sec. (1016176.73 ticks, tree = 190.08 MB, solutions = 10)
  42087 18723      481.3935   120      481.2030      481.8962  3288218    0.14%
  42321 18922      481.2847    53      481.2030      481.8954  3300507    0.14%
  42515 19076      481.6816   167      481.2030      481.8943  3313324    0.14%
  42707 19239      481.5649   191      481.2030      481.8940  3326398    0.14%
  42915 19405      481.4961   155      481.2030      481.8935  3339709    0.14%
  43082 19536      481.4388   136      481.2030      481.8929  3352453    0.14%
  43267 19690      481.5707   141      481.2030      481.8924  3365209    0.14%
  43471 19862      481.7221   162      481.2030      481.8917  3377383    0.14%
  43653 20012      481.5561   131      481.2030      481.8914  3390092    0.14%
  43869 20185      481.7732   171      481.2030      481.8904  3402876    0.14%
Elapsed time = 1032.54 sec. (1054465.90 ticks, tree = 216.03 MB, solutions = 10)
  44052 20336      481.5677   119      481.2030      481.8901  3415785    0.14%
  44275 20523      481.4045    70      481.2030      481.8899  3427981    0.14%
  44464 20673      481.5279   200      481.2030      481.8893  3440494    0.14%
  44687 20857      481.5409   125      481.2030      481.8888  3453468    0.14%
  44879 21008      481.4947   175      481.2030      481.8883  3466571    0.14%
  45087 21178      481.3520    87      481.2030      481.8877  3479031    0.14%
  45257 21319      481.7627   168      481.2030      481.8870  3492574    0.14%
  45423 21466      481.3304   179      481.2030      481.8866  3504941    0.14%
  45599 21604      481.5442   152      481.2030      481.8863  3517987    0.14%
  45784 21748      481.3570   110      481.2030      481.8858  3531335    0.14%
Elapsed time = 1070.92 sec. (1092740.77 ticks, tree = 238.48 MB, solutions = 10)
  46026 21945      481.3243    97      481.2030      481.8851  3543940    0.14%
  46210 22093      481.4597   135      481.2030      481.8849  3557230    0.14%
  46407 22251      481.5513   168      481.2030      481.8836  3570528    0.14%
  46641 22448      481.3240    81      481.2030      481.8829  3583535    0.14%
  46792 22574      481.6485   124      481.2030      481.8820  3596989    0.14%
  47007 22748      481.8368   145      481.2030      481.8816  3609523    0.14%
  47182 22897      481.2303    84      481.2030      481.8812  3623130    0.14%
  47388 23059      481.4457   174      481.2030      481.8804  3635973    0.14%
  47574 23215      481.2084    68      481.2030      481.8794  3648617    0.14%
  47763 23372      481.6536   170      481.2030      481.8789  3661751    0.14%
Elapsed time = 1109.98 sec. (1131072.67 ticks, tree = 264.82 MB, solutions = 10)
  47949 23525      481.2184   141      481.2030      481.8787  3674106    0.14%
  48130 23675      481.4797   174      481.2030      481.8781  3687528    0.14%
  48349 23849      481.8220   162      481.2030      481.8776  3700244    0.14%
  48527 24005      481.3672   100      481.2030      481.8771  3713765    0.14%
  48771 24198      481.4621   148      481.2030      481.8767  3726068    0.14%
  48987 24379      481.6772   134      481.2030      481.8764  3738818    0.14%
  49208 24564      481.6293   153      481.2030      481.8758  3751839    0.14%
  49378 24707      481.4108   118      481.2030      481.8752  3765558    0.14%
  49585 24875      481.5070   137      481.2030      481.8743  3778509    0.14%
  49781 25040      481.8231   159      481.2030      481.8739  3791419    0.14%
Elapsed time = 1149.22 sec. (1169364.44 ticks, tree = 288.99 MB, solutions = 10)
  50015 25230      481.5189   188      481.2030      481.8735  3804860    0.14%
  50213 25395      481.6766   191      481.2030      481.8729  3818191    0.14%
  50378 25529      481.6507   176      481.2030      481.8723  3830676    0.14%
  50564 25679      481.2034   128      481.2030      481.8716  3843716    0.14%
  50700 25801      481.3356   114      481.2030      481.8714  3854716    0.14%
  50879 25938      481.4801    89      481.2030      481.8708  3867768    0.14%
  51097 26119      481.3667   132      481.2030      481.8701  3880399    0.14%
  51259 26244      481.7756   170      481.2030      481.8697  3893351    0.14%
  51450 26411      481.2930    80      481.2030      481.8692  3906444    0.14%
  51649 26577        cutoff            481.2030      481.8689  3919238    0.14%
Elapsed time = 1187.67 sec. (1207646.60 ticks, tree = 311.03 MB, solutions = 10)
  51807 26704      481.6342   124      481.2030      481.8685  3932323    0.14%
  51985 26852      481.4389   128      481.2030      481.8679  3945226    0.14%
  52211 27039      481.6136   143      481.2030      481.8675  3957227    0.14%
  52387 27185      481.8481   168      481.2030      481.8672  3969969    0.14%
  52634 27391      481.7673   190      481.2030      481.8663  3982229    0.14%
  52851 27576      481.2856   172      481.2030      481.8660  3995172    0.14%
  53099 27772      481.7822   173      481.2030      481.8655  4007715    0.14%
  53275 27919      481.5652   124      481.2030      481.8652  4020718    0.14%
  53477 28099      481.4545   132      481.2030      481.8650  4032387    0.14%
  53670 28253      481.4255   178      481.2030      481.8646  4045405    0.14%
Elapsed time = 1227.55 sec. (1246056.47 ticks, tree = 334.99 MB, solutions = 10)
  53904 28448      481.7857   178      481.2030      481.8643  4058180    0.14%
  54122 28627      481.4857   134      481.2030      481.8641  4071068    0.14%
  54308 28775        cutoff            481.2030      481.8635  4084089    0.14%
  54491 28921      481.4714   146      481.2030      481.8628  4097099    0.14%
  54683 29075      481.7065   164      481.2030      481.8628  4110601    0.14%
  54875 29228      481.4188   173      481.2030      481.8618  4124107    0.14%
  55074 29396      481.4306   113      481.2030      481.8613  4136872    0.14%
  55227 29524      481.2031   130      481.2030      481.8608  4151063    0.14%
  55409 29673        cutoff            481.2030      481.8606  4164673    0.14%
  55580 29818      481.2031    68      481.2030      481.8603  4177462    0.14%
Elapsed time = 1265.80 sec. (1284283.04 ticks, tree = 356.23 MB, solutions = 10)
  55778 29973      481.7755   184      481.2030      481.8596  4190816    0.14%
  55994 30147      481.2043    97      481.2030      481.8589  4203764    0.14%
  56215 30328      481.2818   141      481.2030      481.8583  4216450    0.14%
  56450 30523      481.6923   154      481.2030      481.8579  4229388    0.14%
  56614 30663      481.5732   158      481.2030      481.8572  4242348    0.14%
  56811 30822      481.7593   166      481.2030      481.8569  4255154    0.14%
  57015 30987      481.6002   126      481.2030      481.8563  4267599    0.14%
  57222 31151      481.8078   159      481.2030      481.8559  4280709    0.14%
  57435 31329      481.2554   102      481.2030      481.8553  4292461    0.14%
  57645 31504      481.7734   173      481.2030      481.8551  4305495    0.14%
Elapsed time = 1304.67 sec. (1322691.67 ticks, tree = 376.92 MB, solutions = 10)
  57942 31756      481.6450   187      481.2030      481.8546  4317773    0.14%
  58169 31942      481.6390   179      481.2030      481.8540  4330314    0.14%
  58377 32119      481.4662   100      481.2030      481.8535  4342919    0.14%
  58607 32310      481.3305   101      481.2030      481.8532  4355488    0.14%
  58845 32495      481.6312   158      481.2030      481.8528  4367908    0.14%
  59073 32666      481.7578   183      481.2030      481.8522  4381179    0.13%
  59251 32815      481.2031    58      481.2030      481.8520  4394724    0.13%
  59444 32964      481.3055   118      481.2030      481.8517  4407588    0.13%
  59625 33109      481.7506   196      481.2030      481.8513  4420722    0.13%
  59871 33317      481.7271   179      481.2030      481.8509  4433423    0.13%
Elapsed time = 1343.98 sec. (1361041.91 ticks, tree = 401.46 MB, solutions = 10)
  60073 33483      481.6668   142      481.2030      481.8507  4446420    0.13%
  60268 33651      481.5555   144      481.2030      481.8504  4458708    0.13%
  60482 33825      481.4552    90      481.2030      481.8501  4471597    0.13%
  60680 33978      481.5111   148      481.2030      481.8496  4484736    0.13%
  60871 34140      481.6308   145      481.2030      481.8491  4497787    0.13%
  61117 34349      481.2725    36      481.2030      481.8488  4510293    0.13%
  61321 34520      481.7773   169      481.2030      481.8486  4523609    0.13%
  61557 34723      481.6203   155      481.2030      481.8484  4535897    0.13%
  61756 34889      481.4489   138      481.2030      481.8481  4549500    0.13%
  61922 35022      481.6010   122      481.2030      481.8478  4562776    0.13%
Elapsed time = 1382.79 sec. (1399293.53 ticks, tree = 426.68 MB, solutions = 10)
  62134 35190      481.2840   126      481.2030      481.8476  4576050    0.13%
  62339 35357      481.5534   138      481.2030      481.8472  4589165    0.13%
  62581 35563      481.2456   119      481.2030      481.8468  4601483    0.13%
  62814 35751      481.7387   147      481.2030      481.8464  4613682    0.13%
  63043 35947      481.4360   109      481.2030      481.8460  4626065    0.13%
  63243 36118      481.5083    97      481.2030      481.8455  4639208    0.13%
  63415 36260      481.4291   119      481.2030      481.8452  4651951    0.13%
  63635 36444      481.5919   132      481.2030      481.8451  4664684    0.13%
  63807 36581      481.3404   115      481.2030      481.8446  4677498    0.13%
  64005 36726      481.6874   140      481.2030      481.8442  4690872    0.13%
Elapsed time = 1421.59 sec. (1437568.02 ticks, tree = 452.75 MB, solutions = 10)
  64282 36957      481.2499    39      481.2030      481.8439  4703707    0.13%
  64480 37117      481.4902   124      481.2030      481.8438  4717158    0.13%
  64722 37319      481.2866   130      481.2030      481.8436  4729812    0.13%
  64937 37494      481.7220   154      481.2030      481.8433  4743000    0.13%
  65144 37674      481.7498   200      481.2030      481.8429  4755083    0.13%
  65343 37848      481.4610   122      481.2030      481.8425  4768352    0.13%
  65550 38011      481.5045   158      481.2030      481.8423  4781446    0.13%
  65752 38179      481.6640   146      481.2030      481.8418  4793850    0.13%
  65963 38347      481.5786   165      481.2030      481.8416  4807217    0.13%
  66145 38489      481.7762   167      481.2030      481.8412  4820512    0.13%
Elapsed time = 1460.61 sec. (1475830.83 ticks, tree = 481.79 MB, solutions = 10)
  66319 38636      481.5936   147      481.2030      481.8407  4833349    0.13%
  66547 38823      481.6047   132      481.2030      481.8404  4847310    0.13%
  66757 38998      481.6419   160      481.2030      481.8402  4859480    0.13%
  66937 39147      481.6837   168      481.2030      481.8397  4873036    0.13%
  67153 39329      481.3568   153      481.2030      481.8395  4886091    0.13%
  67384 39517      481.7420   176      481.2030      481.8389  4898785    0.13%
  67633 39716      481.4967   173      481.2030      481.8384  4911113    0.13%
  67835 39870      481.6378   181      481.2030      481.8381  4924046    0.13%
  68042 40032      481.4680   122      481.2030      481.8378  4937751    0.13%
  68249 40201      481.6732   142      481.2030      481.8377  4949419    0.13%
Elapsed time = 1520.13 sec. (1514102.48 ticks, tree = 502.18 MB, solutions = 10)
  68452 40364      481.4253   131      481.2030      481.8367  4962439    0.13%
  68697 40568        cutoff            481.2030      481.8362  4975042    0.13%
  68938 40776      481.4678   146      481.2030      481.8359  4987816    0.13%
  69143 40933      481.6514   166      481.2030      481.8357  5001207    0.13%
  69386 41138      481.3424    57      481.2030      481.8353  5013825    0.13%
  69645 41347      481.6578   151      481.2030      481.8350  5026534    0.13%
  69887 41553      481.5445   158      481.2030      481.8345  5039198    0.13%
  70105 41734      481.6814   176      481.2030      481.8343  5052315    0.13%
  70294 41873      481.7082   171      481.2030      481.8342  5065664    0.13%
  70500 42045      481.5387   129      481.2030      481.8339  5078755    0.13%
Elapsed time = 1560.03 sec. (1552380.86 ticks, tree = 535.55 MB, solutions = 10)
  70713 42214      481.6148   181      481.2030      481.8334  5091795    0.13%
  70876 42339      481.5078   125      481.2030      481.8331  5105697    0.13%
  71049 42461      481.2101   141      481.2030      481.8328  5118801    0.13%
  71214 42582        cutoff            481.2030      481.8324  5132091    0.13%
  71381 42716      481.6120   166      481.2030      481.8321  5145280    0.13%
  71597 42892      481.4066    93      481.2030      481.8320  5158403    0.13%
  71797 43062      481.5582   178      481.2030      481.8318  5171756    0.13%
  71973 43202      481.4150    92      481.2030      481.8316  5184204    0.13%
  72182 43363      481.7222   168      481.2030      481.8313  5197638    0.13%
  72373 43515      481.2791    87      481.2030      481.8311  5210515    0.13%
Elapsed time = 1598.40 sec. (1590741.59 ticks, tree = 554.12 MB, solutions = 10)
  72577 43674      481.3284   113      481.2030      481.8309  5223753    0.13%
  72797 43850      481.6941   173      481.2030      481.8305  5236737    0.13%
  73001 44002      481.6925   161      481.2030      481.8304  5249488    0.13%
  73192 44143      481.6249   143      481.2030      481.8301  5261554    0.13%
  73377 44289      481.5590   165      481.2030      481.8299  5274590    0.13%
  73559 44439      481.2763   124      481.2030      481.8297  5288198    0.13%
  73765 44597      481.6179   147      481.2030      481.8295  5301262    0.13%
  73960 44752      481.5258   125      481.2030      481.8291  5312974    0.13%
  74147 44907      481.3184   117      481.2030      481.8289  5326495    0.13%
  74346 45071        cutoff            481.2030      481.8287  5338911    0.13%
Elapsed time = 1637.16 sec. (1629090.55 ticks, tree = 574.40 MB, solutions = 10)
  74555 45232      481.5402   117      481.2030      481.8284  5352013    0.13%
  74776 45407      481.4810   178      481.2030      481.8280  5364237    0.13%
  74947 45540      481.6665   117      481.2030      481.8278  5377095    0.13%
  75167 45700      481.5160   149      481.2030      481.8274  5390102    0.13%
  75361 45855      481.2935    60      481.2030      481.8271  5403243    0.13%
  75535 45986      481.5326   140      481.2030      481.8269  5415959    0.13%
  75785 46183      481.6374   166      481.2030      481.8265  5429009    0.13%
  75944 46313      481.3588   129      481.2030      481.8264  5441511    0.13%
  76137 46460      481.2332   123      481.2030      481.8260  5454214    0.13%
  76316 46592      481.7667   154      481.2030      481.8257  5465985    0.13%
Elapsed time = 1675.72 sec. (1667395.11 ticks, tree = 594.04 MB, solutions = 10)
  76507 46745      481.2856   120      481.2030      481.8254  5479101    0.13%
  76708 46908      481.2153   100      481.2030      481.8251  5491008    0.13%
  76900 47056        cutoff            481.2030      481.8248  5504106    0.13%
  77100 47209      481.6669   178      481.2030      481.8244  5516532    0.13%
  77336 47402      481.3512   106      481.2030      481.8241  5529024    0.13%
  77527 47551      481.5909   161      481.2030      481.8238  5541356    0.13%
  77763 47742      481.4013   162      481.2030      481.8233  5554394    0.13%
  77982 47915      481.6575   197      481.2030      481.8229  5567386    0.13%
  78152 48052      481.2315   160      481.2030      481.8225  5580908    0.13%
  78340 48192      481.5224   142      481.2030      481.8221  5593207    0.13%
Elapsed time = 1714.63 sec. (1705620.57 ticks, tree = 616.29 MB, solutions = 10)
  78541 48347      481.4115    88      481.2030      481.8219  5606089    0.13%
  78823 48574      481.2325    72      481.2030      481.8216  5617891    0.13%
  79027 48732      481.5068   183      481.2030      481.8210  5631002    0.13%
  79194 48868      481.2578    76      481.2030      481.8208  5643954    0.13%
  79411 49043      481.7064   190      481.2030      481.8206  5656888    0.13%
  79607 49207      481.4019   139      481.2030      481.8203  5669855    0.13%
  79819 49375      481.3723   136      481.2030      481.8199  5682396    0.13%
  80003 49516      481.6547   131      481.2030      481.8197  5694713    0.13%
  80214 49695      481.2592   126      481.2030      481.8193  5707274    0.13%
  80447 49884      481.4919   109      481.2030      481.8191  5720295    0.13%
Elapsed time = 1753.78 sec. (1743888.97 ticks, tree = 639.68 MB, solutions = 10)
  80687 50077      481.6022   138      481.2030      481.8187  5732986    0.13%
  80958 50293      481.6686   137      481.2030      481.8185  5745864    0.13%
  81187 50479      481.7205   139      481.2030      481.8183  5758275    0.13%
  81369 50625      481.6562   155      481.2030      481.8182  5771911    0.13%
  81624 50838      481.7133   147      481.2030      481.8179  5784319    0.13%
  81858 51015      481.7419   175      481.2030      481.8178  5796652    0.13%
  82078 51191      481.5417   184      481.2030      481.8173  5809370    0.13%
  82229 51312      481.2130   137      481.2030      481.8170  5821591    0.13%
  82445 51491      481.5900   152      481.2030      481.8169  5833806    0.13%
  82669 51664      481.4335   150      481.2030      481.8166  5846145    0.13%
Elapsed time = 1793.73 sec. (1782183.57 ticks, tree = 668.35 MB, solutions = 10)
  82868 51827      481.5431   147      481.2030      481.8165  5859307    0.13%
  83095 52007      481.6722   166      481.2030      481.8160  5871750    0.13%
  83309 52176      481.5043   130      481.2030      481.8157  5884516    0.13%
  83503 52331      481.3233   111      481.2030      481.8156  5897477    0.13%
  83743 52524      481.3923   121      481.2030      481.8154  5910176    0.13%
  83928 52675      481.6540   119      481.2030      481.8151  5922270    0.13%
  84130 52842      481.4420   142      481.2030      481.8146  5935375    0.13%
  84324 53002      481.3766    71      481.2030      481.8141  5947960    0.13%
  84565 53199      481.2531    57      481.2030      481.8139  5961178    0.13%
  84717 53322      481.6107   143      481.2030      481.8136  5973820    0.13%
Elapsed time = 1833.05 sec. (1820495.30 ticks, tree = 695.32 MB, solutions = 10)
  84945 53506      481.7102   185      481.2030      481.8135  5986926    0.13%
  85157 53677      481.6012   146      481.2030      481.8133  5998259    0.13%
  85357 53840      481.4769   141      481.2030      481.8129  6011509    0.13%
  85516 53953      481.5225   126      481.2030      481.8125  6023729    0.13%
  85755 54152      481.2923   110      481.2030      481.8125  6036534    0.13%
  85953 54305      481.3149   139      481.2030      481.8123  6047222    0.13%
  86151 54454      481.3723   117      481.2030      481.8119  6060385    0.13%
  86371 54640      481.6289   166      481.2030      481.8116  6072437    0.13%
  86550 54784      481.3651   143      481.2030      481.8114  6085441    0.13%
  86761 54944      481.6405   147      481.2030      481.8111  6098384    0.13%
Elapsed time = 1872.41 sec. (1858861.66 ticks, tree = 718.06 MB, solutions = 10)
  86977 55128      481.3958   130      481.2030      481.8108  6111226    0.13%
  87155 55252      481.6406   121      481.2030      481.8105  6123652    0.13%
  87344 55407      481.5105   113      481.2030      481.8102  6136484    0.13%
  87544 55571      481.3238   166      481.2030      481.8100  6148658    0.13%
  87707 55708      481.3779   122      481.2030      481.8098  6161686    0.13%
  87905 55869      481.2510    88      481.2030      481.8097  6174378    0.13%
  88130 56054      481.2473   107      481.2030      481.8094  6187308    0.13%
  88361 56239      481.6597   145      481.2030      481.8092  6199555    0.13%
  88584 56409      481.5873   147      481.2030      481.8088  6212591    0.13%
  88826 56610      481.4601   138      481.2030      481.8086  6224986    0.13%
Elapsed time = 1911.94 sec. (1897221.37 ticks, tree = 738.39 MB, solutions = 10)
  89044 56771      481.2081    80      481.2030      481.8084  6237348    0.13%
  89240 56935      481.4632   133      481.2030      481.8082  6249852    0.13%
  89417 57062      481.6848   138      481.2030      481.8080  6263080    0.13%
  89672 57271      481.2520   173      481.2030      481.8077  6275735    0.13%
  89858 57416      481.6596   185      481.2030      481.8076  6288141    0.13%
  90077 57606      481.4143   151      481.2030      481.8074  6300942    0.13%
  90274 57758      481.2095    86      481.2030      481.8071  6313571    0.13%
  90534 57967      481.4762   168      481.2030      481.8068  6325962    0.13%
  90753 58142      481.3488   159      481.2030      481.8066  6338313    0.13%
  90896 58251      481.5210   123      481.2030      481.8061  6351597    0.13%
Elapsed time = 1951.34 sec. (1935558.44 ticks, tree = 761.53 MB, solutions = 10)
  91127 58431      481.5429   144      481.2030      481.8060  6363817    0.13%
  91305 58578      481.3414   157      481.2030      481.8058  6376885    0.13%
  91516 58740      481.5652   129      481.2030      481.8056  6389570    0.13%
  91762 58943      481.3561   127      481.2030      481.8052  6402239    0.13%
  91958 59100      481.4879   145      481.2030      481.8049  6415190    0.13%
  92140 59247      481.4526   150      481.2030      481.8047  6428563    0.13%
  92336 59400      481.6498   156      481.2030      481.8044  6442043    0.12%
  92550 59575      481.6387   162      481.2030      481.8042  6455038    0.12%
  92731 59727      481.3460    94      481.2030      481.8040  6468147    0.12%
  92917 59873      481.4550   167      481.2030      481.8037  6481030    0.12%
Elapsed time = 1990.62 sec. (1973946.39 ticks, tree = 781.94 MB, solutions = 10)
  93079 59996      481.7110   169      481.2030      481.8035  6494067    0.12%
  93282 60163      481.5638   124      481.2030      481.8032  6507058    0.12%
  93487 60328      481.2768    83      481.2030      481.8029  6520253    0.12%
  93703 60501      481.2524    82      481.2030      481.8028  6532862    0.12%
  93922 60676      481.3842   116      481.2030      481.8025  6544972    0.12%
  94125 60841      481.2104   117      481.2030      481.8024  6557864    0.12%
  94310 60987      481.6388   169      481.2030      481.8022  6571249    0.12%
  94522 61164      481.4177   165      481.2030      481.8018  6584288    0.12%
  94697 61305      481.3793    94      481.2030      481.8017  6597191    0.12%
  94905 61465      481.4836   160      481.2030      481.8016  6610526    0.12%
Elapsed time = 2029.82 sec. (2012292.83 ticks, tree = 810.42 MB, solutions = 10)
  95125 61625      481.6113   163      481.2030      481.8015  6622847    0.12%
  95290 61764      481.5736   189      481.2030      481.8011  6635457    0.12%
  95498 61936      481.3705   100      481.2030      481.8009  6648486    0.12%
  95688 62081      481.6410   172      481.2030      481.8008  6661775    0.12%
  95868 62224      481.2210   115      481.2030      481.8005  6674582    0.12%
  96040 62356      481.4906   144      481.2030      481.8003  6687698    0.12%
  96242 62522      481.7257   124      481.2030      481.8002  6699322    0.12%
  96475 62712      481.5613   149      481.2030      481.8001  6711599    0.12%
  96663 62864      481.7042   189      481.2030      481.7999  6723150    0.12%
  96839 63011        cutoff            481.2030      481.7998  6736532    0.12%
Elapsed time = 2068.81 sec. (2050600.43 ticks, tree = 833.63 MB, solutions = 10)
  97024 63152      481.4216   114      481.2030      481.7996  6748335    0.12%
  97253 63335      481.4062    90      481.2030      481.7995  6761088    0.12%
  97443 63480      481.6843   175      481.2030      481.7992  6773954    0.12%
  97654 63653        cutoff            481.2030      481.7990  6786721    0.12%
  97840 63806      481.6021   159      481.2030      481.7988  6799392    0.12%
  98042 63970      481.3373   119      481.2030      481.7985  6812394    0.12%
  98277 64143      481.5170   139      481.2030      481.7982  6824910    0.12%
  98479 64291      481.3317   140      481.2030      481.7980  6837543    0.12%
  98659 64436      481.4814   180      481.2030      481.7979  6851027    0.12%
  98877 64616      481.4710   129      481.2030      481.7977  6864243    0.12%
Elapsed time = 2108.16 sec. (2088889.36 ticks, tree = 861.03 MB, solutions = 10)
  99115 64812      481.5501   118      481.2030      481.7976  6876630    0.12%
  99312 64971      481.2944   173      481.2030      481.7973  6889298    0.12%
  99493 65109      481.6801   195      481.2030      481.7971  6902082    0.12%
  99697 65266      481.4823   124      481.2030      481.7969  6914474    0.12%
  99878 65421      481.5770   154      481.2030      481.7966  6926518    0.12%
 100083 65592      481.3305   126      481.2030      481.7965  6939532    0.12%
 100293 65756      481.3977   116      481.2030      481.7963  6951836    0.12%
 100512 65931      481.6419   183      481.2030      481.7959  6964880    0.12%
 100721 66107      481.4888   133      481.2030      481.7957  6976894    0.12%
 100925 66275      481.4111   123      481.2030      481.7954  6990259    0.12%
Elapsed time = 2147.44 sec. (2127109.82 ticks, tree = 886.27 MB, solutions = 10)
 101147 66458      481.2041    97      481.2030      481.7953  7002690    0.12%
 101305 66569      481.6606   172      481.2030      481.7949  7015688    0.12%
 101488 66721      481.4742   179      481.2030      481.7946  7027715    0.12%
 101667 66856        cutoff            481.2030      481.7946  7040402    0.12%
 101829 66980      481.3859   161      481.2030      481.7943  7053354    0.12%
 101986 67098      481.5436   182      481.2030      481.7942  7065879    0.12%
 102155 67235      481.2336   149      481.2030      481.7939  7078941    0.12%
 102402 67428      481.3886   127      481.2030      481.7935  7090752    0.12%
 102554 67552      481.3258   107      481.2030      481.7932  7103657    0.12%
 102751 67701      481.5658   128      481.2030      481.7928  7116031    0.12%
Elapsed time = 2185.53 sec. (2165444.77 ticks, tree = 910.40 MB, solutions = 10)
 102970 67878      481.5283   120      481.2030      481.7926  7128792    0.12%
 103178 68044      481.4630   156      481.2030      481.7925  7140937    0.12%
 103376 68182      481.5527   140      481.2030      481.7923  7153759    0.12%
 103565 68324      481.6894   183      481.2030      481.7922  7166697    0.12%
 103804 68520      481.7234   164      481.2030      481.7920  7179492    0.12%
 104020 68694      481.5888   169      481.2030      481.7918  7190889    0.12%
 104207 68845      481.7344   196      481.2030      481.7916  7202139    0.12%
 104445 69038      481.3880   168      481.2030      481.7915  7214878    0.12%
 104661 69211      481.6099   148      481.2030      481.7913  7227330    0.12%
 104859 69373      481.4394   132      481.2030      481.7911  7240550    0.12%
Elapsed time = 2224.83 sec. (2203845.85 ticks, tree = 937.26 MB, solutions = 10)
 105043 69519      481.6100   172      481.2030      481.7910  7253081    0.12%
 105235 69682      481.7218   155      481.2030      481.7908  7266109    0.12%
 105473 69871      481.6417   170      481.2030      481.7906  7278453    0.12%
 105674 70033      481.2461   125      481.2030      481.7903  7291396    0.12%
 105857 70183      481.5531   121      481.2030      481.7902  7303830    0.12%
 106063 70342      481.4727    91      481.2030      481.7899  7316463    0.12%
 106265 70506      481.4817   149      481.2030      481.7896  7329419    0.12%
 106455 70647      481.6349   196      481.2030      481.7895  7342297    0.12%
 106645 70802      481.5932   165      481.2030      481.7892  7355473    0.12%
 106839 70954      481.6969   161      481.2030      481.7891  7367917    0.12%
Elapsed time = 2263.56 sec. (2242149.45 ticks, tree = 955.55 MB, solutions = 10)
 107027 71091      481.5105   147      481.2030      481.7889  7381135    0.12%
 107209 71224      481.6505   169      481.2030      481.7888  7394193    0.12%
 107407 71381      481.4751   146      481.2030      481.7886  7406230    0.12%
 107614 71547      481.2533    57      481.2030      481.7884  7418522    0.12%
 107807 71689      481.6371   177      481.2030      481.7882  7431180    0.12%
 107986 71838      481.5257   145      481.2030      481.7881  7443618    0.12%
 108189 72003      481.3654   148      481.2030      481.7879  7456327    0.12%
 108363 72131      481.2579   212      481.2030      481.7877  7468825    0.12%
 108543 72269      481.7108   198      481.2030      481.7875  7481362    0.12%
 108725 72405      481.6142   156      481.2030      481.7874  7494157    0.12%
Elapsed time = 2301.98 sec. (2280536.09 ticks, tree = 975.43 MB, solutions = 10)
 108928 72563      481.5620   115      481.2030      481.7872  7506939    0.12%
 109123 72715      481.5638   150      481.2030      481.7870  7519388    0.12%
 109305 72860      481.3030   186      481.2030      481.7868  7532840    0.12%
 109491 73007      481.5459   165      481.2030      481.7866  7545129    0.12%
 109644 73128      481.4535   134      481.2030      481.7864  7558115    0.12%
 109809 73253      481.3197   166      481.2030      481.7863  7570493    0.12%
 109988 73385      481.2271   115      481.2030      481.7862  7583185    0.12%
 110215 73562      481.2860   141      481.2030      481.7859  7595092    0.12%
 110368 73681      481.2948   161      481.2030      481.7857  7608056    0.12%
 110551 73814      481.6180   164      481.2030      481.7856  7620584    0.12%
Elapsed time = 2340.40 sec. (2318855.13 ticks, tree = 997.63 MB, solutions = 10)
 110738 73959      481.6223   194      481.2030      481.7854  7633179    0.12%
 110931 74111      481.7342   187      481.2030      481.7851  7645745    0.12%
 111111 74255      481.5256   124      481.2030      481.7850  7657768    0.12%
 111269 74383      481.5727   180      481.2030      481.7849  7670277    0.12%
 111448 74523      481.5661   181      481.2030      481.7847  7682381    0.12%
 111644 74683      481.2578   131      481.2030      481.7846  7694966    0.12%
 111868 74862      481.6763   174      481.2030      481.7845  7707411    0.12%
 112067 75026      481.2934   116      481.2030      481.7843  7719573    0.12%
 112227 75146      481.6508   157      481.2030      481.7842  7732555    0.12%
 112435 75323      481.4171    97      481.2030      481.7840  7745013    0.12%
Elapsed time = 2379.07 sec. (2357157.29 ticks, tree = 1020.46 MB, solutions = 10)
 112654 75498      481.5787   117      481.2030      481.7838  7756894    0.12%
 112897 75688      481.6627   159      481.2030      481.7835  7769568    0.12%
 113064 75820      481.6307   139      481.2030      481.7834  7782132    0.12%
 113260 75984      481.4656   152      481.2030      481.7832  7794527    0.12%
 113467 76157      481.3825   150      481.2030      481.7832  7807137    0.12%
 113659 76314      481.4967   128      481.2030      481.7829  7819968    0.12%
 113865 76479      481.3553   105      481.2030      481.7828  7832515    0.12%
 114060 76636      481.2071    72      481.2030      481.7825  7845292    0.12%
 114224 76745      481.6273   197      481.2030      481.7823  7857354    0.12%
 114430 76907      481.5431   161      481.2030      481.7822  7869830    0.12%
Elapsed time = 2418.01 sec. (2395512.74 ticks, tree = 1040.76 MB, solutions = 10)
 114607 77049      481.6035   179      481.2030      481.7820  7882034    0.12%
 114787 77186      481.3657   136      481.2030      481.7818  7894857    0.12%
 114989 77345      481.3241   181      481.2030      481.7817  7907549    0.12%
 115151 77467      481.4974   164      481.2030      481.7816  7919655    0.12%
 115343 77625      481.4379   111      481.2030      481.7814  7932848    0.12%
 115550 77787      481.6303   171      481.2030      481.7812  7945094    0.12%
 115759 77956      481.2061   105      481.2030      481.7811  7957364    0.12%
 115945 78093      481.7152   147      481.2030      481.7808  7970034    0.12%
 116140 78242      481.5404   182      481.2030      481.7807  7982514    0.12%
 116347 78406      481.6596   165      481.2030      481.7804  7995356    0.12%
Elapsed time = 2456.63 sec. (2433796.43 ticks, tree = 1065.59 MB, solutions = 10)
 116547 78567      481.5843   146      481.2030      481.7802  8008208    0.12%
 116723 78713      481.5567   143      481.2030      481.7800  8020184    0.12%
 116924 78862      481.3823   146      481.2030      481.7797  8032824    0.12%
 117136 79023      481.2842   138      481.2030      481.7796  8045079    0.12%
 117341 79183      481.4928   126      481.2030      481.7794  8058162    0.12%
 117558 79367      481.5745   149      481.2030      481.7793  8070079    0.12%
 117782 79549      481.4497   111      481.2030      481.7790  8082303    0.12%
 117935 79667      481.3090   180      481.2030      481.7788  8094263    0.12%
 118134 79821      481.4237   136      481.2030      481.7787  8107176    0.12%
 118322 79961      481.4067   160      481.2030      481.7786  8119479    0.12%
Elapsed time = 2495.47 sec. (2472125.18 ticks, tree = 1087.64 MB, solutions = 10)
 118489 80082      481.6781   192      481.2030      481.7784  8132498    0.12%
 118678 80227      481.2658   140      481.2030      481.7783  8144897    0.12%
 118905 80416      481.4153   100      481.2030      481.7781  8157167    0.12%
 119117 80590      481.5599   137      481.2030      481.7780  8169481    0.12%
 119281 80722      481.2031   122      481.2030      481.7779  8182089    0.12%
 119504 80896        cutoff            481.2030      481.7778  8194514    0.12%
 119677 81034      481.3385   121      481.2030      481.7776  8207580    0.12%
 119877 81198      481.3341   133      481.2030      481.7775  8219770    0.12%
 120048 81331      481.2720    99      481.2030      481.7772  8232640    0.12%
 120207 81456      481.5914   133      481.2030      481.7771  8244799    0.12%
Elapsed time = 2534.10 sec. (2510620.05 ticks, tree = 1113.73 MB, solutions = 10)
 120423 81635      481.3643   109      481.2030      481.7769  8256931    0.12%
 120607 81775      481.2942   117      481.2030      481.7767  8269539    0.12%
 120805 81931      481.2796   127      481.2030      481.7766  8282144    0.12%
 121010 82097      481.4821   115      481.2030      481.7764  8294624    0.12%
 121235 82258      481.3724   122      481.2030      481.7761  8307466    0.12%
 121435 82422      481.4659   171      481.2030      481.7760  8319905    0.12%
 121625 82578      481.4462   137      481.2030      481.7759  8332699    0.12%
 121815 82724      481.6287   188      481.2030      481.7756  8345829    0.12%
 121983 82854      481.6146   149      481.2030      481.7756  8358956    0.12%
 122160 82984      481.4090   139      481.2030      481.7755  8371240    0.12%
Elapsed time = 2572.97 sec. (2549004.14 ticks, tree = 1136.11 MB, solutions = 10)
 122339 83135      481.2758    89      481.2030      481.7753  8383893    0.12%
 122576 83325      481.2281    98      481.2030      481.7752  8396289    0.12%
 122817 83517      481.6657   141      481.2030      481.7751  8408732    0.12%
 123046 83708      481.2954   166      481.2030      481.7749  8420967    0.12%
 123252 83867      481.4480   155      481.2030      481.7748  8433598    0.12%
 123422 83999      481.3114   153      481.2030      481.7747  8446748    0.12%
 123655 84176      481.5929   147      481.2030      481.7746  8459528    0.12%
 123850 84346      481.2398    74      481.2030      481.7745  8470994    0.12%
 123994 84455      481.5095   166      481.2030      481.7743  8483901    0.12%
 124169 84588      481.6883   162      481.2030      481.7743  8496910    0.12%
Elapsed time = 2611.87 sec. (2587219.32 ticks, tree = 1156.91 MB, solutions = 10)
 124356 84736      481.6414   169      481.2030      481.7742  8508994    0.12%
 124532 84883      481.5864   157      481.2030      481.7741  8521302    0.12%
 124717 85034      481.6400   165      481.2030      481.7740  8534701    0.12%
 124917 85203      481.2503    62      481.2030      481.7738  8547784    0.12%
 125100 85341      481.5087   169      481.2030      481.7736  8560045    0.12%
 125288 85489        cutoff            481.2030      481.7733  8573121    0.12%
 125484 85632      481.6994   155      481.2030      481.7732  8585568    0.12%
 125710 85826      481.3930    58      481.2030      481.7730  8598199    0.12%
 125905 85969      481.5131   146      481.2030      481.7728  8611636    0.12%
 126112 86133      481.2038   117      481.2030      481.7726  8624477    0.12%
Elapsed time = 2650.68 sec. (2625563.54 ticks, tree = 1178.35 MB, solutions = 10)
 126298 86281      481.6072   192      481.2030      481.7723  8637726    0.12%
 126457 86396      481.6114   127      481.2030      481.7722  8650418    0.12%
 126706 86609      481.3070   104      481.2030      481.7722  8662774    0.12%
 126882 86746      481.5498   114      481.2030      481.7720  8675712    0.12%
 127106 86938      481.4136   182      481.2030      481.7719  8687351    0.12%
 127331 87095      481.6445   164      481.2030      481.7717  8700023    0.12%
 127543 87262      481.2254   174      481.2030      481.7716  8712266    0.12%
 127730 87413      481.2246   180      481.2030      481.7714  8725087    0.12%
 127954 87587      481.5911   150      481.2030      481.7714  8737187    0.12%
 128142 87729      481.4526   147      481.2030      481.7711  8749993    0.12%
Elapsed time = 2689.82 sec. (2663955.07 ticks, tree = 1200.85 MB, solutions = 10)
 128299 87843      481.5463   118      481.2030      481.7709  8762810    0.12%
 128471 87970      481.2474   122      481.2030      481.7708  8775549    0.12%
 128635 88100      481.3904   120      481.2030      481.7707  8787553    0.12%
 128817 88246      481.2458   123      481.2030      481.7707  8799967    0.12%
 129032 88416      481.3627    72      481.2030      481.7705  8812642    0.12%
 129231 88570      481.2432   129      481.2030      481.7704  8825359    0.12%
 129426 88728      481.4754   139      481.2030      481.7703  8838185    0.12%
 129638 88899      481.6481   168      481.2030      481.7702  8850858    0.12%
 129823 89042      481.5699   172      481.2030      481.7700  8862605    0.12%
 130004 89187      481.4101   141      481.2030      481.7699  8875549    0.12%
Elapsed time = 2728.25 sec. (2702244.23 ticks, tree = 1220.06 MB, solutions = 10)
 130247 89386      481.6708   158      481.2030      481.7698  8887886    0.12%
 130444 89554      481.3092   151      481.2030      481.7697  8901346    0.12%
 130613 89688      481.4763   124      481.2030      481.7696  8913640    0.12%
 130821 89862      481.6378   188      481.2030      481.7693  8926652    0.12%
 131020 90017      481.3231   117      481.2030      481.7690  8939317    0.12%
 131220 90182      481.3877    94      481.2030      481.7690  8951395    0.12%
 131436 90346      481.3690    64      481.2030      481.7685  8963608    0.12%
 131677 90537      481.4307   130      481.2030      481.7684  8975926    0.12%
 131874 90698      481.2139    62      481.2030      481.7683  8987941    0.12%
 132061 90835      481.3737   113      481.2030      481.7680  9000505    0.12%
Elapsed time = 2767.48 sec. (2740573.18 ticks, tree = 1243.16 MB, solutions = 10)
 132241 90974      481.5449   170      481.2030      481.7678  9012947    0.12%
 132438 91122      481.2689   107      481.2030      481.7676  9025846    0.12%
 132614 91265      481.5515   131      481.2030      481.7674  9038310    0.12%
 132816 91422      481.4735   156      481.2030      481.7672  9050815    0.12%
 133023 91595      481.3798   135      481.2030      481.7670  9062995    0.12%
 133225 91760      481.2341   127      481.2030      481.7668  9076046    0.12%
 133407 91905      481.6735   172      481.2030      481.7666  9088850    0.12%
 133609 92055      481.3957   127      481.2030      481.7665  9101459    0.12%
 133820 92230      481.2377   130      481.2030      481.7664  9114134    0.12%
 134027 92396      481.2117   123      481.2030      481.7663  9127053    0.12%
Elapsed time = 2806.32 sec. (2778845.40 ticks, tree = 1267.43 MB, solutions = 10)
 134199 92525      481.5079   163      481.2030      481.7660  9139761    0.12%
 134406 92699      481.4165    96      481.2030      481.7659  9151612    0.12%
 134628 92869      481.5796   157      481.2030      481.7658  9164030    0.12%
 134833 93042      481.4178   103      481.2030      481.7657  9176715    0.12%
 134998 93150      481.2364   112      481.2030      481.7655  9189398    0.12%
 135165 93287      481.6429   182      481.2030      481.7653  9201442    0.12%
 135376 93456      481.3307   126      481.2030      481.7653  9214454    0.12%
 135569 93612      481.5684   149      481.2030      481.7652  9226513    0.12%
 135801 93797      481.2459    85      481.2030      481.7651  9239121    0.12%
 135987 93944      481.6040   182      481.2030      481.7650  9251228    0.12%
Elapsed time = 2845.12 sec. (2817088.73 ticks, tree = 1289.84 MB, solutions = 10)
 136170 94098      481.5972   184      481.2030      481.7649  9263916    0.12%
 136352 94236      481.6422   162      481.2030      481.7648  9276957    0.12%
 136543 94390      481.2838   118      481.2030      481.7646  9289644    0.12%
 136748 94554      481.6152   179      481.2030      481.7643  9302035    0.12%
 136933 94696      481.4581   149      481.2030      481.7641  9314506    0.12%
 137135 94863      481.4809   116      481.2030      481.7639  9327224    0.12%
 137310 95007      481.6831   138      481.2030      481.7638  9340421    0.12%
 137510 95165        cutoff            481.2030      481.7636  9353045    0.12%
 137704 95321      481.5891   123      481.2030      481.7635  9365668    0.12%
 137897 95472      481.7151   184      481.2030      481.7634  9377702    0.12%
Elapsed time = 2883.81 sec. (2855437.57 ticks, tree = 1308.84 MB, solutions = 10)
 138082 95612      481.4721   132      481.2030      481.7632  9391206    0.12%
 138259 95752      481.3608    94      481.2030      481.7630  9403753    0.12%
 138452 95904      481.2115    93      481.2030      481.7629  9416762    0.12%
 138615 96021      481.4835   131      481.2030      481.7627  9429946    0.12%
 138825 96194      481.3637   148      481.2030      481.7627  9442699    0.12%
 138984 96317      481.4829   127      481.2030      481.7626  9455727    0.12%
 139209 96498      481.4221    96      481.2030      481.7624  9467859    0.12%
 139416 96659      481.5510   159      481.2030      481.7623  9480379    0.12%
 139627 96822      481.5398   192      481.2030      481.7621  9492762    0.12%
 139810 96966      481.4456    92      481.2030      481.7620  9505599    0.12%
Elapsed time = 2922.57 sec. (2893716.60 ticks, tree = 1331.16 MB, solutions = 10)
 140033 97143      481.3504   183      481.2030      481.7619  9518051    0.12%
 140205 97271      481.6790   158      481.2030      481.7617  9530979    0.12%
 140383 97419      481.6274   154      481.2030      481.7616  9543672    0.12%
 140570 97559      481.6565   169      481.2030      481.7616  9556593    0.12%
 140745 97703        cutoff            481.2030      481.7615  9569278    0.12%
 140963 97875      481.5354   162      481.2030      481.7613  9582303    0.12%
 141150 98024      481.5978   153      481.2030      481.7612  9594518    0.12%
 141337 98179      481.6165   132      481.2030      481.7612  9607739    0.12%
 141515 98323      481.2803   112      481.2030      481.7611  9619837    0.12%
 141731 98489      481.6014   190      481.2030      481.7610  9632760    0.12%
Elapsed time = 2961.48 sec. (2932147.27 ticks, tree = 1353.45 MB, solutions = 10)
 141944 98661      481.3280   153      481.2030      481.7609  9645394    0.12%
 142167 98844        cutoff            481.2030      481.7608  9657835    0.12%
 142341 98987      481.2908   104      481.2030      481.7607  9670722    0.12%
 142539 99145      481.3459   138      481.2030      481.7606  9683416    0.12%
 142717 99274      481.6455   141      481.2030      481.7604  9695873    0.12%
 142947 99466      481.6784   190      481.2030      481.7601  9708592    0.12%
 143119 99612      481.4970   175      481.2030      481.7600  9720876    0.12%
 143299 99755      481.3033   135      481.2030      481.7599  9733700    0.12%
 143475 99877      481.3017   139      481.2030      481.7598  9747113    0.12%
 143694 100035      481.5207   132      481.2030      481.7597  9759942    0.12%
Elapsed time = 3000.54 sec. (2970514.59 ticks, tree = 1374.55 MB, solutions = 10)
 143857 100173      481.4532   164      481.2030      481.7595  9772065    0.12%
 144055 100325      481.4743   121      481.2030      481.7595  9784630    0.12%
 144252 100482      481.4445   117      481.2030      481.7594  9796636    0.12%
 144446 100634      481.4322   103      481.2030      481.7591  9809383    0.12%
 144667 100811      481.3628    73      481.2030      481.7590  9822090    0.12%
 144912 100993      481.2975   128      481.2030      481.7589  9834600    0.12%
 145092 101129      481.4028   140      481.2030      481.7586  9846539    0.12%
 145302 101293      481.2221    52      481.2030      481.7585  9858643    0.12%
 145467 101411      481.6837   144      481.2030      481.7584  9870200    0.12%
 145663 101564      481.5510   158      481.2030      481.7583  9883379    0.12%
Elapsed time = 3039.32 sec. (3008832.86 ticks, tree = 1398.70 MB, solutions = 10)
 145841 101702      481.6247   167      481.2030      481.7581  9896184    0.12%
 146045 101870      481.5768   166      481.2030      481.7580  9909160    0.12%
 146244 102038      481.3752    92      481.2030      481.7579  9921083    0.12%
 146447 102199      481.5296   126      481.2030      481.7577  9933287    0.12%
 146651 102357      481.4374   140      481.2030      481.7577  9945790    0.12%
 146845 102512      481.2761    86      481.2030      481.7575  9959281    0.12%
 147033 102657      481.6570   179      481.2030      481.7573  9972349    0.12%
 147230 102814      481.6101   116      481.2030      481.7572  9984945    0.12%
 147412 102957      481.6768   154      481.2030      481.7571  9997618    0.12%
 147615 103124      481.2194    79      481.2030      481.7570 10010735    0.12%
Elapsed time = 3078.23 sec. (3047252.09 ticks, tree = 1422.78 MB, solutions = 10)
 147823 103290      481.2489   132      481.2030      481.7569 10023107    0.12%
 148027 103448      481.4999   144      481.2030      481.7567 10035862    0.12%
 148207 103588      481.6237   169      481.2030      481.7566 10047887    0.12%
 148427 103766      481.5586   121      481.2030      481.7564 10060394    0.12%
 148618 103916      481.6906   150      481.2030      481.7564 10073379    0.11%
 148795 104056      481.6278   163      481.2030      481.7563 10086946    0.11%
 148996 104208      481.6026   161      481.2030      481.7562 10100117    0.11%
 149153 104332      481.3231    54      481.2030      481.7560 10111750    0.11%
 149372 104500      481.4073   131      481.2030      481.7558 10123921    0.11%
 149553 104640      481.2473    92      481.2030      481.7558 10137014    0.11%
Elapsed time = 3116.99 sec. (3085695.46 ticks, tree = 1450.55 MB, solutions = 10)
 149750 104799      481.2496   103      481.2030      481.7557 10150148    0.11%
 149930 104929      481.4191   108      481.2030      481.7556 10162782    0.11%
 150178 105129      481.4587   134      481.2030      481.7554 10175416    0.11%
 150300 105214      481.5669   182      481.2030      481.7553 10186981    0.11%
 150475 105338      481.5875   164      481.2030      481.7552 10199929    0.11%
 150631 105462      481.6537   160      481.2030      481.7551 10211749    0.11%
 150811 105602      481.2601   125      481.2030      481.7550 10224873    0.11%
 151047 105787      481.6071   152      481.2030      481.7548 10237093    0.11%
 151220 105928      481.6452   181      481.2030      481.7545 10249635    0.11%
 151390 106062      481.5475   146      481.2030      481.7545 10262472    0.11%
Elapsed time = 3155.23 sec. (3124047.13 ticks, tree = 1467.59 MB, solutions = 10)
 151578 106201      481.2720   116      481.2030      481.7543 10275120    0.11%
 151806 106383      481.5325   157      481.2030      481.7543 10287279    0.11%
 152028 106563      481.6599   153      481.2030      481.7541 10299521    0.11%
 152206 106705      481.2619    60      481.2030      481.7540 10312968    0.11%
 152437 106882      481.6976   126      481.2030      481.7539 10325666    0.11%
 152643 107037      481.4561   157      481.2030      481.7538 10338149    0.11%
 152847 107193      481.2858   133      481.2030      481.7537 10350801    0.11%
 153026 107336      481.2210    92      481.2030      481.7536 10363186    0.11%
 153235 107509      481.2789   112      481.2030      481.7536 10375537    0.11%
 153452 107671      481.5256   160      481.2030      481.7535 10387993    0.11%
Elapsed time = 3194.35 sec. (3162290.65 ticks, tree = 1492.57 MB, solutions = 10)
 153663 107838        cutoff            481.2030      481.7533 10401469    0.11%
 153890 108015      481.6171   184      481.2030      481.7531 10414245    0.11%
 154070 108158      481.3813   129      481.2030      481.7530 10427311    0.11%
 154255 108307      481.3129    69      481.2030      481.7529 10439168    0.11%
 154449 108449      481.4937   161      481.2030      481.7528 10452531    0.11%
 154663 108609      481.2521    87      481.2030      481.7526 10464781    0.11%
 154841 108747      481.3523   109      481.2030      481.7525 10477423    0.11%
 155053 108915        cutoff            481.2030      481.7525 10490001    0.11%
 155243 109062      481.3223   110      481.2030      481.7524 10503204    0.11%
 155416 109195      481.6149   169      481.2030      481.7522 10516344    0.11%
Elapsed time = 3233.18 sec. (3200596.69 ticks, tree = 1514.96 MB, solutions = 10)
 155625 109362      481.4015   117      481.2030      481.7520 10529450    0.11%
Starting limited solution polishing.
*155807+108048                          481.2114      481.7519             0.11%
 155811 108050      481.4767   175      481.2114      481.7519 10541662    0.11%
 155991 108185      481.3473   148      481.2114      481.7518 10554446    0.11%
 156174 108328      481.5157   145      481.2114      481.7516 10566765    0.11%
 156326 108444      481.5577   196      481.2114      481.7515 10577083    0.11%
 156500 108582      481.5183   204      481.2114      481.7514 10588942    0.11%
 156627 108676      481.5192   150      481.2114      481.7514 10598460    0.11%
 156800 108813      481.3634   141      481.2114      481.7513 10609756    0.11%
 156937 108925      481.6298   133      481.2114      481.7512 10615841    0.11%
 157095 109052      481.3442   141      481.2114      481.7512 10624898    0.11%
Elapsed time = 3272.55 sec. (3239080.91 ticks, tree = 1515.19 MB, solutions = 11)
 157207 109131      481.2962   108      481.2114      481.7511 10634095    0.11%
 157407 109276      481.4366   150      481.2114      481.7508 10645508    0.11%
 157574 109390      481.3076   128      481.2114      481.7508 10657086    0.11%
 157740 109521      481.5728   108      481.2114      481.7507 10666576    0.11%
 157903 109650      481.6101   135      481.2114      481.7506 10675410    0.11%
 158089 109785      481.3943   122      481.2114      481.7506 10685815    0.11%
 158207 109876      481.4872   151      481.2114      481.7505 10693860    0.11%
 158407 110030      481.2187    53      481.2114      481.7504 10703903    0.11%
 158560 110148      481.5984   165      481.2114      481.7503 10713074    0.11%
 158707 110265      481.6058   172      481.2114      481.7502 10722518    0.11%
Elapsed time = 3314.99 sec. (3280210.85 ticks, tree = 1531.69 MB, solutions = 11)
 158921 110433      481.5820   178      481.2114      481.7501 10733979    0.11%
 159070 110547      481.5821   181      481.2114      481.7500 10743223    0.11%
 159180 110629      481.6878   167      481.2114      481.7499 10751927    0.11%
 159307 110724      481.3064   124      481.2114      481.7498 10762980    0.11%
 159440 110811      481.6910   161      481.2114      481.7498 10773067    0.11%
 159645 110978      481.5397   119      481.2114      481.7497 10783734    0.11%
 159816 111106      481.6811   164      481.2114      481.7496 10794040    0.11%
 160007 111257      481.3623   121      481.2114      481.7495 10806111    0.11%
 160177 111391      481.3172   127      481.2114      481.7494 10815593    0.11%
 160307 111492      481.4493   152      481.2114      481.7494 10822956    0.11%
Elapsed time = 3355.54 sec. (3320014.97 ticks, tree = 1545.41 MB, solutions = 11)
 160446 111603      481.5545   165      481.2114      481.7493 10832775    0.11%
 160607 111726      481.3179    54      481.2114      481.7492 10842235    0.11%
 160783 111860      481.4960   136      481.2114      481.7492 10852464    0.11%
 160907 111964      481.2693    76      481.2114      481.7491 10862262    0.11%
 161041 112071      481.3032   104      481.2114      481.7490 10870886    0.11%
 161207 112197      481.2870   140      481.2114      481.7489 10881757    0.11%
 161320 112284      481.4549   197      481.2114      481.7488 10890118    0.11%
 161467 112392        cutoff            481.2114      481.7488 10900443    0.11%
 161603 112496      481.6718   159      481.2114      481.7487 10910363    0.11%
 161729 112596      481.5937   176      481.2114      481.7486 10918920    0.11%
Elapsed time = 3395.97 sec. (3360194.18 ticks, tree = 1565.71 MB, solutions = 11)
 161903 112731      481.5531   168      481.2114      481.7485 10928568    0.11%
 162019 112825      481.5729   142      481.2114      481.7484 10935815    0.11%
 162146 112923      481.2629   125      481.2114      481.7483 10944100    0.11%
 162289 113031        cutoff            481.2114      481.7482 10953272    0.11%
 162457 113169      481.5607   129      481.2114      481.7481 10963768    0.11%
 162607 113285      481.4575   136      481.2114      481.7481 10972886    0.11%
 162782 113427      481.2129   103      481.2114      481.7480 10983085    0.11%
 162913 113528      481.4618    83      481.2114      481.7478 10991878    0.11%
 163075 113646      481.4934   153      481.2114      481.7477 11001542    0.11%
 163209 113751      481.6713   116      481.2114      481.7476 11008821    0.11%
Elapsed time = 3436.22 sec. (3399390.76 ticks, tree = 1582.01 MB, solutions = 11)
 163376 113881      481.3839    88      481.2114      481.7476 11018673    0.11%
 163507 113980      481.3325   160      481.2114      481.7475 11027768    0.11%
 163662 114090      481.2630   117      481.2114      481.7475 11037861    0.11%
 163812 114208      481.3815   158      481.2114      481.7475 11044753    0.11%
 163964 114322      481.5161   134      481.2114      481.7474 11054320    0.11%
 164130 114449      481.4767   142      481.2114      481.7473 11065657    0.11%
 164307 114589      481.3491    61      481.2114      481.7473 11075743    0.11%
 164407 114660      481.4822   114      481.2114      481.7472 11083382    0.11%
 164548 114774      481.4208   140      481.2114      481.7472 11093499    0.11%
 164698 114884      481.6057   143      481.2114      481.7470 11104173    0.11%
Elapsed time = 3475.99 sec. (3438589.41 ticks, tree = 1595.76 MB, solutions = 11)
 164807 114962      481.6640   183      481.2114      481.7469 11112163    0.11%
 164914 115049      481.4679   108      481.2114      481.7469 11121055    0.11%
 165059 115162      481.3747   103      481.2114      481.7469 11131262    0.11%
 165207 115279      481.4441    91      481.2114      481.7468 11140834    0.11%
 165307 115353      481.3294    71      481.2114      481.7468 11149704    0.11%
 165479 115485      481.4838   150      481.2114      481.7466 11159884    0.11%
 165625 115598      481.5460   133      481.2114      481.7466 11169841    0.11%
 165742 115696      481.4295   139      481.2114      481.7465 11177717    0.11%
 165873 115784      481.4534   178      481.2114      481.7465 11188338    0.11%
 166007 115888      481.5293   184      481.2114      481.7463 11198573    0.11%
Elapsed time = 3515.64 sec. (3478569.63 ticks, tree = 1610.79 MB, solutions = 11)
 166141 115995      481.2295    88      481.2114      481.7463 11207378    0.11%
 166269 116089      481.5947   181      481.2114      481.7462 11216756    0.11%
 166398 116180      481.4866   158      481.2114      481.7460 11225931    0.11%
 166507 116271      481.5007   136      481.2114      481.7460 11233613    0.11%
 166635 116370      481.3780    99      481.2114      481.7460 11242815    0.11%
 166779 116487      481.3084   125      481.2114      481.7459 11252506    0.11%
 166907 116586      481.2847   111      481.2114      481.7458 11262676    0.11%
 167030 116675      481.5773   155      481.2114      481.7456 11272548    0.11%
 167165 116775      481.6664   184      481.2114      481.7456 11282194    0.11%
 167307 116883      481.3015    63      481.2114      481.7456 11290450    0.11%
Elapsed time = 3555.59 sec. (3518731.29 ticks, tree = 1626.80 MB, solutions = 11)
 167456 116986      481.4106   104      481.2114      481.7455 11300409    0.11%
 167607 117101      481.2852    96      481.2114      481.7454 11308596    0.11%
 167775 117231      481.5513   186      481.2114      481.7453 11316681    0.11%
 167906 117330      481.3561    86      481.2114      481.7452 11326920    0.11%
 168030 117432      481.3086   187      481.2114      481.7452 11333526    0.11%
 168192 117549      481.2714    93      481.2114      481.7451 11344399    0.11%
 168307 117636      481.7081   150      481.2114      481.7450 11352275    0.11%
 168465 117760      481.4696   101      481.2114      481.7449 11360809    0.11%
 168607 117864      481.6471   154      481.2114      481.7449 11368741    0.11%
 168778 117989      481.6301   169      481.2114      481.7447 11378248    0.11%
Elapsed time = 3596.12 sec. (3558719.00 ticks, tree = 1645.21 MB, solutions = 11)
 168897 118086      481.3066   113      481.2114      481.7447 11387317    0.11%

Flow cuts applied:  49
Mixed integer rounding cuts applied:  150
Lift and project cuts applied:  11
Gomory fractional cuts applied:  11
User cuts applied:  1023

Root node processing (before b&c):
  Real time             =    2.49 sec. (1922.80 ticks)
Sequential b&c:
  Real time             = 3597.51 sec. (3561190.32 ticks)
                          ------------
Total (root+branch&cut) = 3600.00 sec. (3563113.12 ticks)
|V|                                     600
K                                       60
theta                                   0.20
r                                       1
R                                       20
prob_func                               facility_mixture
mixture_low_share                       0.100000
mixture_low_interval                    [0.001000, 0.010000]
mixture_high_interval                   [0.100000, 0.500000]
mixture_seed                            1
#C1                                     760
#CP                                     34540

@Parameters: 
am_callback_heuristic                   false
am_local_search                         true
am_start_heuristic                      false
colocation                              true
comp                                    false
cutC                                    true
cutC_init                               false
cutF                                    false
cutF_init                               false
cutF_stable                             false
cutF_wrong                              false
cutLocal                                false
cutM                                    true
cutM_init                               true
cutM_stable                             false
cutP                                    true
cutP_init                               false
cutP_stable                             false
init                                    true
init_cutF_zero                          false
init_val_greedy                         true
is_Euclidean                            false
is_local_search                         false
is_right_cutP                           true
is_root                                 false
is_silent                               false
is_start                                false
mycut                                   false
pmed                                    false
pre                                     true
stable_root                             false
str                                     true
two_phase                               false
ubstr                                   false
mode                                    Int

am_callback_node_space                  50
init                                    0
mixture_seed                            1
node_space                              5
nodelimit                               -1
nsepa                                   1
strF                                    0
type_delta                              0

EPS                                     0.001000
EPS_FRAC                                0.00
gap                                     0.00
mixture_high_max                        0.50
mixture_high_min                        0.10
mixture_low_max                         0.01
mixture_low_min                         0.00
mixture_low_share                       0.10
timelimit                               3600.00

Number of Closed Sites: 4 / 240 
Number of Confined Sites-1: 6 / 354 
Number of Confined Sites-k: 590 / 3746 
Preprocess Time: 1.12 + 0.00 sec

Solve Time: 3600.00
Number of Nodes: 168905
Termination Status: TIME_LIMIT

CutInfo: [phase] num / time (sec) / aver. num_nonzero
max              [LP]     0 / 0.00 / 0.00 [init]   518 / 0.01 / 1.82 [rLC]   301 / 0.02 / 6.59 [rUC]   428 / 0.06 / 4.05 [sLC]    46 / 0.17 / 3.91 [sUC]   458 / 1.41 / 4.67 
prod_oa          [LP]     0 / 0.00 / 0.00 [init]   394 / 0.01 / 34.82 [rLC]   588 / 0.04 / 46.21 [rUC]   527 / 0.21 / 37.21 [sLC]  1126 / 0.40 / 41.33 [sUC]   772 / 3.79 / 37.29 
prod_sm_fixed    [LP]     0 / 0.00 / 0.00 [init]     0 / 0.00 / 0.00 [rLC]     0 / 0.00 / 0.00 [rUC]     0 / 0.00 / 0.00 [sLC]     0 / 0.00 / 0.00 [sUC]     0 / 0.00 / 0.00 
prod_bin         [LP]     0 / 0.00 / 0.00 [init]     0 / 0.00 / 0.00 [rLC]     0 / 0.00 / 0.00 [rUC]     0 / 0.00 / 0.00 [sLC]     0 / 0.00 / 0.00 [sUC]     0 / 0.00 / 0.00 
prod_local       [LP]     0 / 0.00 / 0.00 [init]     0 / 0.00 / 0.00 [rLC]     0 / 0.00 / 0.00 [rUC]     0 / 0.00 / 0.00 [sLC]     0 / 0.00 / 0.00 [sUC]     0 / 0.00 / 0.00 
prod_sm_C        [LP]     0 / 0.00 / 0.00 [init]     0 / 0.00 / 0.00 [rLC]     0 / 0.00 / 0.00 [rUC]     0 / 0.00 / 0.00 [sLC]     0 / 0.00 / 0.00 [sUC]     0 / 0.00 / 0.00 
facet            [LP]     0 / 0.00 / 0.00 [init]     0 / 0.00 / 0.00 [rLC]     0 / 0.00 / 0.00 [rUC]     0 / 0.00 / 0.00 [sLC]     0 / 0.00 / 0.00 [sUC]     0 / 0.00 / 0.00 
Separation Round:   [LP] 0  [init] 1  [rLC] 3  [rUC] 18  [sLC] 35  [sUC] 309862  
Root Best Bound 483.153055
Root Best Integer: 480.472911
Best Bound: 481.744701
Best Integer: 481.211356
1: 6, 7, 13, 22, 46, 47, 55, 57, 60, 65, 68, 112, 136, 140, 161, 165, 186, 235, 241, 254, 271, 272, 293, 300, 301, 302, 304, 314, 322, 327, 331, 337, 349, 391, 397, 401, 414, 423, 424, 426, 450, 452, 465, 466, 489, 490, 503, 532, 534, 555, 578, 579
2: 105, 361, 448, 513
Objective Value (calc): 481.170833
sum_etaM = 321.104574 / 321.098853
sum_etaP = 521.238051 / 521.188829
nL: 56
nCL: 4
mCL: 2
