Version identifier: 20.1.0.0 | 2020-11-10 | 9bedb6d68
CPXPARAM_Threads                                 1
CPXPARAM_TimeLimit                               3600
CPXPARAM_MIP_Tolerances_MIPGap                   0
Generic callback                                 0x60
1 of 1 MIP starts provided solutions.
MIP start 'm1' defined initial solution with objective 574.7715.
Tried aggregator 2 times.
MIP Presolve eliminated 17 rows and 8 columns.
MIP Presolve modified 236 coefficients.
Aggregator did 9 substitutions.
Reduced MIP has 1762 rows, 2383 columns, and 9122 nonzeros.
Reduced MIP has 596 binaries, 587 generals, 0 SOSs, and 0 indicators.
Presolve time = 0.01 sec. (3.95 ticks)
Probing time = 0.00 sec. (0.51 ticks)
Tried aggregator 1 time.
Reduced MIP has 1762 rows, 2383 columns, and 9122 nonzeros.
Reduced MIP has 596 binaries, 587 generals, 0 SOSs, and 0 indicators.
Presolve time = 0.00 sec. (2.34 ticks)
Probing time = 0.00 sec. (0.51 ticks)
MIP emphasis: balance optimality and feasibility.
MIP search method: dynamic search.
Parallel mode: none, using 1 thread.
Root relaxation solution time = 0.02 sec. (20.95 ticks)

        Nodes                                         Cuts/
   Node  Left     Objective  IInf  Best Integer    Best Bound    ItCnt     Gap

*     0+    0                          574.7715      600.0000             4.39%
      0     0      593.2794   390      574.7715      593.2794     1096    3.22%
      0     0      582.9011   734      574.7715     Cuts: 441     1603    1.41%
      0     0      582.4521   763      574.7715     Cuts: 349     1867    1.34%
      0     0      582.3443   792      574.7715     Cuts: 232     2096    1.32%
      0     0      582.2092   841      574.7715     Cuts: 234     2321    1.29%
      0     0      582.1027   845      574.7715     Cuts: 191     2513    1.28%
      0     0      582.0208   861      574.7715     Cuts: 159     2677    1.26%
      0     0      581.9662   871      574.7715     Cuts: 148     2886    1.25%
      0     0      581.9304   875      574.7715     Cuts: 162     3088    1.25%
      0     0      581.8953   855      574.7715     Cuts: 141     3288    1.24%
      0     0      581.8690   881      574.7715     Cuts: 139     3449    1.23%
      0     0      581.8631   904      574.7715 UserPurge2: 42     3534    1.23%
      0     0      581.8627   912      574.7715 UserPurge2: 10     3548    1.23%
      0     0      581.8625   908      574.7715 UserPurge2: 5     3560    1.23%
      0     0      581.8625   906      574.7715 UserPurge2: 1     3563    1.23%
      0     0      581.8625   910      574.7715 UserPurge2: 1     3565    1.23%
      0     0      581.8624   912      574.7715 UserPurge2: 1     3571    1.23%
      0     0      581.8624   912      574.7715 UserPurge2: 1     3572    1.23%
      0     2      581.8624   912      574.7715      581.8618     3572    1.23%
Elapsed time = 4.84 sec. (4769.92 ticks, tree = 0.01 MB, solutions = 1)
      5     7      581.6115   890      574.7715      581.8618     4407    1.23%
     10    12      581.4394   871      574.7715      581.8618     5203    1.23%
     16    18      581.2213   840      574.7715      581.8618     6133    1.23%
     20    22      581.0983   847      574.7715      581.8618     6572    1.23%
     25    27      580.9603   797      574.7715      581.8618     7221    1.23%
     30    32      580.8276   806      574.7715      581.8618     7869    1.23%
     37    39      580.7138   786      574.7715      581.8618     8785    1.23%
     40    42      580.5618   768      574.7715      581.8618     9157    1.23%
     47    49      580.4492   763      574.7715      581.8618     9971    1.23%
     60    62      580.1220   740      574.7715      581.8618    11677    1.23%
Elapsed time = 9.87 sec. (9722.74 ticks, tree = 0.16 MB, solutions = 1)
     80    82      579.5991   694      574.7715      581.8618    14023    1.23%
    112   114      578.7510   585      574.7715      581.8618    17328    1.23%
    158   160      577.4654   534      574.7715      581.8618    20658    1.23%
    200   202      575.7150   487      574.7715      581.8618    24057    1.23%
    268   262      581.8279   942      574.7715      581.8332    26950    1.23%
    281   275      581.0426   860      574.7715      581.8273    29276    1.23%
    298   292      580.5944   832      574.7715      581.8273    31818    1.23%
    315   309      580.1255   789      574.7715      581.8273    34413    1.23%
    320   314      579.8328   781      574.7715      581.8273    35271    1.23%
    340   334      579.3312   769      574.7715      581.8273    38291    1.23%
Elapsed time = 21.87 sec. (19862.14 ticks, tree = 0.70 MB, solutions = 1)
    360   354      579.0237   737      574.7715      581.8273    40778    1.23%
    387   381      578.4666   700      574.7715      581.8273    43468    1.23%
    400   394      578.1777   648      574.7715      581.8273    45550    1.23%
    429   423      577.0956   620      574.7715      581.8273    48915    1.23%

Performing restart 1

Repeating presolve.
Tried aggregator 1 time.
MIP Presolve modified 66 coefficients.
Reduced MIP has 1762 rows, 2383 columns, and 9122 nonzeros.
Reduced MIP has 596 binaries, 587 generals, 0 SOSs, and 0 indicators.
Presolve time = 0.00 sec. (2.43 ticks)
Tried aggregator 1 time.
Reduced MIP has 1762 rows, 2383 columns, and 9122 nonzeros.
Reduced MIP has 596 binaries, 587 generals, 0 SOSs, and 0 indicators.
Presolve time = 0.00 sec. (2.41 ticks)
Represolve time = 0.03 sec. (16.86 ticks)
    469     0      579.8590   660      574.7715     Cuts: 414    54729    0.89%
    469     0      579.5709   678      574.7715     Cuts: 351    55230    0.84%
    469     0      579.4412   716      574.7715     Cuts: 355    55748    0.81%
    469     0      579.2691   727      574.7715     Cuts: 305    56511    0.78%
    469     0      579.1199   719      574.7715     Cuts: 348    57099    0.76%
    469     0      579.0461   767      574.7715     Cuts: 317    57553    0.74%
    469     0      578.9981   760      574.7715     Cuts: 259    57949    0.74%
    469     0      578.9540   787      574.7715     Cuts: 262    58376    0.73%
    469     0      578.9083   780      574.7715     Cuts: 223    58766    0.72%
    469     0      578.8600   772      574.7715     Cuts: 234    59195    0.71%
    469     0      578.7840   767      574.7715     Cuts: 265    59707    0.70%
    469     0      578.7459   751      574.7715     Cuts: 272    60131    0.69%
    469     0      578.7103   795      574.7715     Cuts: 216    60495    0.69%
    469     0      578.6743   796      574.7715     Cuts: 225    60903    0.68%
    469     0      578.6564   790      574.7715     Cuts: 217    61193    0.68%
    469     0      578.6364   818      574.7715     Cuts: 193    61530    0.67%
    469     0      578.6201   806      574.7715     Cuts: 162    61842    0.67%
    469     0      578.6043   823      574.7715     Cuts: 179    62223    0.67%
    469     2      578.6043   823      574.7715      578.6042    62223    0.67%
    470     3      578.5559   855      574.7715      578.6042    63493    0.67%
    471     4      578.5423   833      574.7715      578.5559    64287    0.66%
    472     5      578.5170   805      574.7715      578.5559    64825    0.66%
    473     6      578.5071   789      574.7715      578.5559    65099    0.66%
    474     7      578.4424   769      574.7715      578.5559    65897    0.66%
Elapsed time = 59.25 sec. (59613.96 ticks, tree = 0.06 MB, solutions = 1)
    475     8      578.4220   743      574.7715      578.5559    66746    0.66%
    476     9      578.4152   717      574.7715      578.5559    67473    0.66%
    477    10      578.4073   718      574.7715      578.5559    67702    0.66%
    478    11      578.3821   713      574.7715      578.5559    67873    0.66%
    479    12      578.3579   712      574.7715      578.5559    68184    0.66%
    480    13      578.3268   802      574.7715      578.5559    68581    0.66%
    481    14      578.3115   756      574.7715      578.5559    69255    0.66%
    482    15      578.2934   763      574.7715      578.5559    69691    0.66%
    483    16      578.2877   755      574.7715      578.5559    70164    0.66%
    485    18      578.2204   748      574.7715      578.5559    70755    0.66%
Elapsed time = 79.64 sec. (82348.76 ticks, tree = 0.27 MB, solutions = 1)
    486    19      578.2450   749      574.7715      578.5559    71130    0.66%
    488    21      578.2389   741      574.7715      578.5559    71485    0.66%
    489    22      578.2258   728      574.7715      578.5559    71744    0.66%
    490    23      578.1943   787      574.7715      578.5559    72239    0.66%
    492    25      578.1819   726      574.7715      578.5559    73117    0.66%
    494    27      578.1778   716      574.7715      578.5559    73458    0.66%
    496    29      578.1382   728      574.7715      578.5559    74038    0.66%
    498    31      578.1341   714      574.7715      578.5559    74399    0.66%
    499    32      578.1238   710      574.7715      578.5559    74615    0.66%
    500    33      578.0195   747      574.7715      578.5559    75504    0.66%
Elapsed time = 93.76 sec. (98361.51 ticks, tree = 0.41 MB, solutions = 1)
    502    35      578.1010   734      574.7715      578.5559    76084    0.66%
    504    37      578.0187   741      574.7715      578.5559    76680    0.66%
    507    40      578.0626   723      574.7715      578.5559    77425    0.66%
    509    42      578.0566   725      574.7715      578.5559    77758    0.66%
    511    44      578.0538   729      574.7715      578.5559    78532    0.66%
    514    47      578.0135   734      574.7715      578.5559    79406    0.66%
    516    49      578.0006   716      574.7715      578.5559    79909    0.66%
    519    52      577.9515   699      574.7715      578.5559    80959    0.66%
    522    55      577.9222   691      574.7715      578.5559    81509    0.66%
    525    58      577.6968   709      574.7715      578.5559    82490    0.66%
Elapsed time = 104.48 sec. (110466.34 ticks, tree = 0.51 MB, solutions = 1)
    529    62      577.5036   670      574.7715      578.5559    83867    0.66%
    538    71      577.2626   658      574.7715      578.5559    85956    0.66%
    549    82      577.3259   613      574.7715      578.5559    87867    0.66%
    557    90      577.2687   628      574.7715      578.5559    90013    0.66%
    567   100      577.1786   615      574.7715      578.5559    91644    0.66%
    575   108      577.0882   629      574.7715      578.5559    93880    0.66%
    587   120      576.8251   561      574.7715      578.5559    96522    0.66%
    600   133      576.7813   554      574.7715      578.5559    98313    0.66%
    609   142      576.7079   555      574.7715      578.5559    99505    0.66%
    629   162      576.2330   490      574.7715      578.5559   102993    0.66%
Elapsed time = 114.99 sec. (121450.18 ticks, tree = 0.69 MB, solutions = 1)
    650   183      576.0774   476      574.7715      578.5559   106103    0.66%
    673   206      575.7219   422      574.7715      578.5559   108436    0.66%
    689   222      575.1774   429      574.7715      578.5559   111271    0.66%
    720   237      574.7830   359      574.7715      578.5559   113462    0.66%
    724   237      578.5287   880      574.7715      578.5555   113799    0.66%
    726   239      578.5225   862      574.7715      578.5555   115035    0.66%
    730   243      578.4599   828      574.7715      578.5555   115870    0.66%
    736   249      578.4150   820      574.7715      578.5555   118733    0.66%
    742   255      578.2433   811      574.7715      578.5555   121215    0.66%
    749   262      578.1598   786      574.7715      578.5555   122939    0.66%
Elapsed time = 126.80 sec. (134145.68 ticks, tree = 0.90 MB, solutions = 1)
    751   264      577.9672   783      574.7715      578.5555   125925    0.66%
    759   272      577.8825   769      574.7715      578.5555   128237    0.66%
    769   282      577.8291   714      574.7715      578.5555   130823    0.66%
    779   292      577.6966   720      574.7715      578.5555   134412    0.66%
    789   302      577.6028   684      574.7715      578.5555   136617    0.66%
    799   312      577.3982   642      574.7715      578.5555   139832    0.66%
    809   322      577.2345   619      574.7715      578.5555   143004    0.66%
    821   334      577.1676   596      574.7715      578.5555   145737    0.66%
    829   342      576.9820   594      574.7715      578.5555   148229    0.66%
    846   359      576.9493   558      574.7715      578.5555   151903    0.66%
Elapsed time = 137.16 sec. (145247.60 ticks, tree = 1.11 MB, solutions = 1)
    857   370      576.8553   553      574.7715      578.5555   154516    0.66%
    869   382      576.7951   513      574.7715      578.5555   156788    0.66%
    881   394      576.6824   498      574.7715      578.5555   159323    0.66%
    900   413      576.5348   484      574.7715      578.5555   161696    0.66%
    913   426      576.4982   473      574.7715      578.5555   163799    0.66%
    930   443      576.2629   426      574.7715      578.5555   167218    0.66%
    969   482      576.1360   372      574.7715      578.5555   171240    0.66%
    992   505      575.9139   375      574.7715      578.5555   174106    0.66%
   1036   549      575.3346   301      574.7715      578.5555   177546    0.66%
   1099   602      577.6808   852      574.7715      578.5221   185710    0.65%
Elapsed time = 150.22 sec. (158195.66 ticks, tree = 1.69 MB, solutions = 1)
   1118   621      577.5410   789      574.7715      578.5221   194445    0.65%
   1147   650      577.2617   728      574.7715      578.5221   205615    0.65%
   1180   683      576.9011   647      574.7715      578.5221   215836    0.65%
   1221   724      576.4912   557      574.7715      578.5221   225365    0.65%
   1271   774      578.4584   869      574.7715      578.5219   235748    0.65%
   1289   792      578.1600   803      574.7715      578.5219   245554    0.65%
   1312   815      577.9966   763      574.7715      578.5219   255505    0.65%
   1340   843      577.5756   686      574.7715      578.5219   264726    0.65%
   1367   870      577.2626   623      574.7715      578.5219   271272    0.65%
   1421   924      576.7969   530      574.7715      578.5219   280112    0.65%
Elapsed time = 184.75 sec. (196900.82 ticks, tree = 2.46 MB, solutions = 1)
   1478   981      578.3157   868      574.7715      578.5205   291382    0.65%
   1499  1002      578.1356   795      574.7715      578.5205   300821    0.65%
   1522  1025      577.9177   722      574.7715      578.5205   309402    0.65%
   1554  1057      577.3662   643      574.7715      578.5205   318893    0.65%
   1609  1112      576.6459   492      574.7715      578.5205   329550    0.65%
   1681  1184      578.3406   819      574.7715      578.5202   339447    0.65%
   1716  1219      577.2850   669      574.7715      578.5202   350833    0.65%
   1817  1311      578.4494   887      574.7715      578.5196   363123    0.65%
   1835  1329      578.2651   821      574.7715      578.5196   372228    0.65%
   1858  1352      577.8623   786      574.7715      578.5196   383235    0.65%
Elapsed time = 220.10 sec. (236012.05 ticks, tree = 3.56 MB, solutions = 1)
   1895  1389      577.5417   672      574.7715      578.5196   394042    0.65%
   1937  1431      576.9869   573      574.7715      578.5196   403201    0.65%
   2003  1497      576.4023   423      574.7715      578.5196   415418    0.65%
   2079  1573      577.5433   818      574.7715      578.5192   426660    0.65%
   2127  1621      576.5823   635      574.7715      578.5192   438190    0.65%
   2212  1702      578.1218   811      574.7715      578.5111   449434    0.65%
   2239  1729      577.6819   792      574.7715      578.5111   461285    0.65%
   2276  1766      577.2436   668      574.7715      578.5111   472748    0.65%
   2327  1817      576.6443   555      574.7715      578.5111   485108    0.65%
   2428  1918      575.6898   395      574.7715      578.5111   497113    0.65%
Elapsed time = 256.56 sec. (275246.30 ticks, tree = 4.81 MB, solutions = 1)
   2489  1979      578.1274   777      574.7715      578.5110   507751    0.65%
   2537  2027      576.6492   570      574.7715      578.5110   518834    0.65%
   2619  2102      578.3231   853      574.7715      578.5070   529659    0.65%
   2642  2125      578.0591   757      574.7715      578.5070   540878    0.65%
   2672  2155      577.7596   696      574.7715      578.5070   551751    0.65%
   2708  2191      577.1566   637      574.7715      578.5070   561971    0.65%
   2761  2244      576.4900   480      574.7715      578.5070   571378    0.65%
   2873  2356      578.4674   852      574.7715      578.5069   582418    0.65%
   2908  2391      577.8034   682      574.7715      578.5069   593539    0.65%
   3000  2483      574.9667   443      574.7715      578.5069   603615    0.65%
Elapsed time = 292.41 sec. (314045.10 ticks, tree = 6.15 MB, solutions = 1)
   3039  2510      578.0777   769      574.7715      578.5052   614145    0.65%
   3068  2539      577.6866   722      574.7715      578.5052   626203    0.65%
   3099  2570      577.2080   674      574.7715      578.5052   637098    0.65%
   3148  2619      576.4807   559      574.7715      578.5052   647793    0.65%
   3227  2698      575.5852   384      574.7715      578.5052   659744    0.65%
   3292  2763      578.2221   779      574.7715      578.5050   671767    0.65%
   3329  2800      577.8659   692      574.7715      578.5050   683731    0.65%
   3374  2845      577.3936   594      574.7715      578.5050   695232    0.65%
   3445  2916      576.4567   376      574.7715      578.5050   707604    0.65%
   3489  2960      578.1817   761      574.7715      578.5009   719673    0.65%
Elapsed time = 328.25 sec. (353098.92 ticks, tree = 7.07 MB, solutions = 1)
   3519  2990      577.7418   696      574.7715      578.5009   730830    0.65%
   3557  3028      577.2623   605      574.7715      578.5009   742514    0.65%
   3615  3086      576.7023   473      574.7715      578.5009   753218    0.65%
   3677  3148      578.1886   820      574.7715      578.4950   764817    0.65%
   3708  3179      577.3770   697      574.7715      578.4950   774858    0.65%
   3799  3262      578.3504   851      574.7715      578.4948   785965    0.65%
   3819  3282      578.0137   791      574.7715      578.4948   797695    0.65%
   3849  3312      577.6880   713      574.7715      578.4948   809031    0.65%
   3887  3350      577.2212   613      574.7715      578.4948   820885    0.65%
   3935  3398      576.6893   505      574.7715      578.4948   830592    0.65%
Elapsed time = 363.67 sec. (391913.85 ticks, tree = 8.05 MB, solutions = 1)
   4071  3534      578.4483   877      574.7715      578.4931   844464    0.65%
   4105  3568      577.7340   706      574.7715      578.4931   855237    0.65%
   4218  3673      577.7472   868      574.7715      578.4910   866753    0.65%
   4239  3694      577.4319   755      574.7715      578.4910   877663    0.65%
   4270  3725      577.1173   721      574.7715      578.4910   888900    0.65%
   4300  3755      576.5324   665      574.7715      578.4910   898136    0.65%
   4351  3806      575.8604   544      574.7715      578.4910   907876    0.65%
   4437  3884      578.2990   822      574.7715      578.4828   921754    0.65%
   4474  3921      577.6489   637      574.7715      578.4828   931874    0.65%
   4574  4016      578.3885   858      574.7715      578.4823   942057    0.65%
Elapsed time = 400.16 sec. (430658.30 ticks, tree = 9.40 MB, solutions = 1)
   4599  4041      578.0611   762      574.7715      578.4823   953285    0.65%
   4642  4084      577.6157   655      574.7715      578.4823   964843    0.65%
   4724  4166      576.5967   462      574.7715      578.4823   977034    0.65%
   4871  4313      578.4109   857      574.7715      578.4794   988258    0.65%
   4908  4350      577.7457   686      574.7715      578.4794   998714    0.65%
   5014  4449      578.2928   836      574.7715      578.4787  1009693    0.64%
   5039  4474      577.9381   761      574.7715      578.4787  1021152    0.64%
   5066  4501      577.5469   717      574.7715      578.4787  1032372    0.64%
   5104  4539      577.0450   577      574.7715      578.4787  1042168    0.64%
   5232  4667      576.0692   281      574.7715      578.4787  1055087    0.64%
Elapsed time = 437.50 sec. (470268.01 ticks, tree = 10.94 MB, solutions = 1)
   5288  4723      578.1811   791      574.7715      578.4765  1066553    0.64%
   5313  4748      577.9279   751      574.7715      578.4765  1077495    0.64%
   5342  4777      577.5716   634      574.7715      578.4765  1087046    0.64%
   5397  4832      576.9416   510      574.7715      578.4765  1098322    0.64%
   5479  4914      578.2852   816      574.7715      578.4762  1110291    0.64%
   5511  4946      577.7889   735      574.7715      578.4762  1121330    0.64%
   5546  4981      577.4571   647      574.7715      578.4762  1131932    0.64%
   5578  5013      577.1519   566      574.7715      578.4762  1140107    0.64%
   5650  5085      576.4759   441      574.7715      578.4762  1152262    0.64%
   5697  5132      577.3209   734      574.7715      578.4722  1164075    0.64%
Elapsed time = 472.90 sec. (508825.70 ticks, tree = 11.89 MB, solutions = 1)
   5732  5167      576.3080   607      574.7715      578.4722  1173444    0.64%
   5799  5230      578.2258   816      574.7715      578.4721  1184793    0.64%
   5832  5263      577.8202   728      574.7715      578.4721  1196090    0.64%
   5860  5291      577.5437   661      574.7715      578.4721  1204044    0.64%
   5908  5339      576.9426   536      574.7715      578.4721  1215864    0.64%
   5999  5430      576.1117   335      574.7715      578.4721  1226378    0.64%
   6094  5525      577.9044   718      574.7715      578.4673  1237517    0.64%
   6148  5579      576.6792   525      574.7715      578.4673  1249029    0.64%
   6219  5647      578.1254   802      574.7715      578.4668  1260259    0.64%
   6248  5676      577.7896   694      574.7715      578.4668  1271767    0.64%
Elapsed time = 508.90 sec. (547436.42 ticks, tree = 13.07 MB, solutions = 1)
   6284  5712      577.3521   649      574.7715      578.4668  1282530    0.64%
   6341  5769      576.8496   476      574.7715      578.4668  1293948    0.64%
   6476  5904      578.3983   817      574.7715      578.4662  1307556    0.64%
   6506  5934      577.5508   677      574.7715      578.4662  1317168    0.64%
   6614  6030      578.4127   849      574.7715      578.4659  1330234    0.64%
   6634  6050      578.1198   802      574.7715      578.4659  1341116    0.64%
   6659  6075      577.7959   735      574.7715      578.4659  1352184    0.64%
   6698  6114      577.4393   653      574.7715      578.4659  1364075    0.64%
   6739  6155      577.0625   537      574.7715      578.4659  1375102    0.64%
   6815  6231      576.0200   419      574.7715      578.4659  1388381    0.64%
Elapsed time = 545.13 sec. (586302.39 ticks, tree = 14.25 MB, solutions = 1)
   6883  6299      578.1445   781      574.7715      578.4655  1399242    0.64%
   6938  6354      577.0472   541      574.7715      578.4655  1409697    0.64%
   7024  6435      578.2721   828      574.7715      578.4628  1421130    0.64%
   7050  6461      577.9860   749      574.7715      578.4628  1431683    0.64%
   7086  6497      577.5999   634      574.7715      578.4628  1443189    0.64%
   7137  6548      577.0837   492      574.7715      578.4628  1452989    0.64%
   7272  6683      578.3646   800      574.7715      578.4615  1465575    0.64%
   7293  6704      578.2127   764      574.7715      578.4615  1476975    0.64%
   7319  6730      577.9099   716      574.7715      578.4615  1487382    0.64%
   7346  6757      577.5038   650      574.7715      578.4615  1498384    0.64%
Elapsed time = 580.98 sec. (624923.74 ticks, tree = 15.33 MB, solutions = 1)
   7388  6799      577.0683   553      574.7715      578.4615  1509180    0.64%
   7462  6873      576.1103   402      574.7715      578.4615  1520641    0.64%
   7490  6901      577.9433   808      574.7715      578.4612  1530856    0.64%
   7519  6930      577.5866   707      574.7715      578.4612  1542393    0.64%
   7562  6973      576.9501   600      574.7715      578.4612  1552622    0.64%
   7615  7026      576.3654   498      574.7715      578.4612  1563119    0.64%
   7681  7092      578.1534   770      574.7715      578.4606  1575253    0.64%
   7719  7130      577.0719   575      574.7715      578.4606  1587561    0.64%
   7879  7290      578.1663   829      574.7715      578.4604  1600429    0.64%
   7906  7317      577.6510   718      574.7715      578.4604  1611641    0.64%
Elapsed time = 617.20 sec. (663805.78 ticks, tree = 16.49 MB, solutions = 1)
   7934  7345      577.3808   684      574.7715      578.4604  1621667    0.64%
   7973  7384      576.9222   617      574.7715      578.4604  1631819    0.64%
   8034  7445      575.9126   464      574.7715      578.4604  1641261    0.64%
   8089  7500      577.7872   755      574.7715      578.4596  1651512    0.64%
   8143  7554      576.3630   544      574.7715      578.4596  1661210    0.64%
   8211  7617      578.1179   780      574.7715      578.4552  1673258    0.64%
   8237  7643      577.8402   758      574.7715      578.4552  1683917    0.64%
   8269  7675      577.5203   685      574.7715      578.4552  1693865    0.64%
   8312  7718      577.0678   595      574.7715      578.4552  1703086    0.64%
   8405  7811      576.2289   415      574.7715      578.4552  1714878    0.64%
Elapsed time = 652.76 sec. (702450.17 ticks, tree = 17.57 MB, solutions = 1)
   8488  7894      577.9111   757      574.7715      578.4502  1726178    0.64%
   8550  7956      576.4300   546      574.7715      578.4502  1736507    0.64%
   8625  8024      578.1382   758      574.7715      578.4500  1747278    0.64%
   8654  8053      577.5338   646      574.7715      578.4500  1758643    0.64%
   8704  8103      577.1238   561      574.7715      578.4500  1770159    0.64%
   8776  8175      576.5343   414      574.7715      578.4500  1782441    0.64%
   8882  8281      578.0894   778      574.7715      578.4485  1796653    0.64%
   8914  8313      577.1219   653      574.7715      578.4485  1804631    0.64%
   9002  8396      578.2575   797      574.7715      578.4483  1816458    0.64%
   9028  8422      578.0638   712      574.7715      578.4483  1827667    0.64%
Elapsed time = 689.56 sec. (741312.41 ticks, tree = 19.22 MB, solutions = 1)
   9054  8448      577.7611   686      574.7715      578.4483  1837013    0.64%
   9104  8498      577.0834   527      574.7715      578.4483  1848097    0.64%
   9201  8595      576.5115   330      574.7715      578.4483  1860010    0.64%
   9283  8677      577.9892   816      574.7715      578.4460  1871312    0.64%
   9322  8716      577.1840   741      574.7715      578.4460  1882180    0.64%
   9370  8764      576.3402   632      574.7715      578.4460  1892309    0.64%
   9434  8828      575.6251   489      574.7715      578.4460  1904195    0.64%
   9488  8882      578.0555   809      574.7715      578.4441  1915808    0.64%
   9519  8913      577.6881   715      574.7715      578.4441  1926133    0.64%
   9566  8960      577.2637   630      574.7715      578.4441  1936869    0.64%
Elapsed time = 725.34 sec. (779966.66 ticks, tree = 20.35 MB, solutions = 1)
   9649  9043      576.4111   385      574.7715      578.4441  1949137    0.64%
   9705  9099      577.5833   671      574.7715      578.4343  1960495    0.64%
   9802  9192      578.3151   858      574.7715      578.4329  1971609    0.64%
   9826  9216      577.9192   792      574.7715      578.4329  1982561    0.64%
   9849  9239      577.7110   713      574.7715      578.4329  1990878    0.64%
   9850  9240      578.4284   821      574.7715      578.4308  1991175    0.64%
   9851  9241      578.2740   816      574.7715      578.4294  1992005    0.64%
   9884  9274      577.5366   694      574.7715      578.4294  2002005    0.64%
   9996  9372      578.2325   820      574.7715      578.4293  2014307    0.64%
  10021  9397      577.9811   752      574.7715      578.4293  2025091    0.64%
Elapsed time = 768.84 sec. (824174.50 ticks, tree = 21.26 MB, solutions = 1)
  10057  9433      577.6662   680      574.7715      578.4293  2036949    0.64%
  10087  9463      577.4280   611      574.7715      578.4293  2045311    0.64%
  10130  9506      576.7690   519      574.7715      578.4293  2055249    0.64%
  10207  9583      576.2474   385      574.7715      578.4293  2064782    0.64%
  10449  9805      578.2699   835      574.7715      578.4283  2076700    0.64%
  10480  9836      577.5823   703      574.7715      578.4283  2086856    0.64%
  10578  9929      578.4024   827      574.7715      578.4282  2097680    0.64%
  10604  9955      578.0097   742      574.7715      578.4282  2109204    0.64%
  10630  9981      577.7151   715      574.7715      578.4282  2120226    0.64%
  10668 10019      577.2888   591      574.7715      578.4282  2129448    0.64%
Elapsed time = 805.85 sec. (863289.01 ticks, tree = 22.60 MB, solutions = 1)
  10725 10076      576.7216   508      574.7715      578.4282  2140666    0.64%
  10826 10177      575.6897   332      574.7715      578.4282  2152263    0.64%
  11035 10370      578.2126   775      574.7715      578.4270  2164531    0.64%
  11064 10399      577.8315   735      574.7715      578.4270  2175373    0.64%
  11106 10441      577.4900   605      574.7715      578.4270  2185624    0.64%
  11164 10499      576.7228   469      574.7715      578.4270  2195788    0.64%
  11294 10629      575.5328   289      574.7715      578.4270  2208142    0.64%
  11408 10721      578.2333   794      574.7715      578.4263  2220224    0.64%
  11441 10754      577.9449   662      574.7715      578.4263  2231126    0.64%
  11472 10785      577.5079   637      574.7715      578.4263  2240672    0.64%
Elapsed time = 843.40 sec. (901910.52 ticks, tree = 24.27 MB, solutions = 1)
  11512 10825      577.1644   532      574.7715      578.4263  2250570    0.64%
  11592 10905      576.4502   363      574.7715      578.4263  2260950    0.64%
  11687 11000      578.0040   816      574.7715      578.4254  2272653    0.64%
  11742 11055      576.3415   618      574.7715      578.4254  2282797    0.64%
  11813 11120      577.8572   774      574.7715      578.4250  2293644    0.64%
  11842 11149      577.6646   696      574.7715      578.4250  2304499    0.64%
  11877 11184      577.1884   609      574.7715      578.4250  2315066    0.64%
  11930 11237      576.5678   522      574.7715      578.4250  2325734    0.64%
  12072 11379      578.3192   833      574.7715      578.4247  2337795    0.64%
  12110 11417      577.4991   686      574.7715      578.4247  2347634    0.64%
Elapsed time = 880.29 sec. (940712.63 ticks, tree = 25.65 MB, solutions = 1)
  12201 11504      578.2927   806      574.7715      578.4244  2357181    0.64%
  12233 11536      578.0805   701      574.7715      578.4244  2369030    0.64%
  12262 11565      577.8623   645      574.7715      578.4244  2379978    0.64%
  12289 11592      577.5093   600      574.7715      578.4244  2389861    0.64%
  12344 11647      577.0059   472      574.7715      578.4244  2402894    0.64%
  12471 11774      578.3977   808      574.7715      578.4233  2417646    0.64%
  12512 11815      577.5911   630      574.7715      578.4233  2428660    0.64%
  12608 11905      578.2844   833      574.7715      578.4224  2440524    0.64%
  12631 11928      578.0700   767      574.7715      578.4224  2451711    0.64%
  12660 11957      577.8183   714      574.7715      578.4224  2462255    0.64%
Elapsed time = 916.76 sec. (979659.84 ticks, tree = 26.79 MB, solutions = 1)
  12687 11984      577.5625   629      574.7715      578.4224  2472228    0.64%
  12726 12023      577.2244   582      574.7715      578.4224  2481897    0.64%
  12820 12117      576.3409   349      574.7715      578.4224  2492878    0.64%
  12891 12188      577.7914   763      574.7715      578.4219  2503722    0.64%
  12945 12242      576.9439   516      574.7715      578.4219  2513112    0.64%
  13017 12308      578.0817   807      574.7715      578.4217  2523893    0.64%
  13052 12343      577.8286   748      574.7715      578.4217  2534222    0.64%
  13087 12378      577.4719   665      574.7715      578.4217  2543654    0.64%
  13131 12422      577.0139   553      574.7715      578.4217  2552759    0.64%
  13257 12548      575.9532   295      574.7715      578.4217  2565131    0.64%
Elapsed time = 952.92 sec. (1018077.33 ticks, tree = 28.11 MB, solutions = 1)
  13297 12588      577.9208   722      574.7715      578.4216  2576767    0.64%
  13334 12625      577.6345   645      574.7715      578.4216  2587205    0.64%
  13379 12670      577.0469   594      574.7715      578.4216  2598567    0.64%
  13444 12735      576.4643   460      574.7715      578.4216  2609937    0.64%
  13489 12780      578.0985   744      574.7715      578.4183  2621620    0.63%
  13516 12807      577.7966   683      574.7715      578.4183  2632835    0.63%
  13549 12840      577.5272   591      574.7715      578.4183  2643003    0.63%
  13599 12890      577.1134   471      574.7715      578.4183  2654656    0.63%
  13685 12976      578.2031   772      574.7715      578.4153  2666594    0.63%
  13736 13027      577.0134   570      574.7715      578.4153  2677872    0.63%
Elapsed time = 988.80 sec. (1056955.27 ticks, tree = 29.16 MB, solutions = 1)
  13838 13122      578.1739   793      574.7715      578.4152  2689101    0.63%
  13867 13151      578.1038   714      574.7715      578.4152  2699250    0.63%
  13899 13183      577.7235   638      574.7715      578.4152  2708219    0.63%
  13940 13224      577.1744   577      574.7715      578.4152  2718415    0.63%
  14002 13286      576.5084   442      574.7715      578.4152  2729941    0.63%
  14086 13370      578.1792   767      574.7715      578.4151  2743174    0.63%
  14127 13411      577.4211   630      574.7715      578.4151  2753545    0.63%
  14221 13501      578.3845   845      574.7715      578.4149  2765062    0.63%
  14243 13523      578.2381   743      574.7715      578.4149  2775804    0.63%
  14272 13552      578.0117   700      574.7715      578.4149  2785904    0.63%
Elapsed time = 1024.72 sec. (1095619.86 ticks, tree = 30.26 MB, solutions = 1)
  14301 13581      577.7660   635      574.7715      578.4149  2795279    0.63%
  14343 13623      577.4572   529      574.7715      578.4149  2805936    0.63%
  14410 13690      577.0096   437      574.7715      578.4149  2817796    0.63%
  14483 13763      578.1700   774      574.7715      578.4148  2830797    0.63%
  14532 13812      577.3119   588      574.7715      578.4148  2840801    0.63%
  14624 13898      578.1944   808      574.7715      578.4139  2851498    0.63%
  14655 13929      577.8761   747      574.7715      578.4139  2862411    0.63%
  14679 13953      577.8383   684      574.7715      578.4139  2871566    0.63%
  14711 13985      577.5438   629      574.7715      578.4139  2879065    0.63%
  14752 14026      577.0797   517      574.7715      578.4139  2889892    0.63%
Elapsed time = 1060.30 sec. (1134207.36 ticks, tree = 31.32 MB, solutions = 1)
  14857 14131      575.8909   325      574.7715      578.4139  2903763    0.63%
  14905 14179      577.8315   674      574.7715      578.4138  2914247    0.63%
  15007 14278      578.3431   829      574.7715      578.4131  2927211    0.63%
  15040 14311      577.8729   713      574.7715      578.4131  2937716    0.63%
  15071 14342      577.4027   637      574.7715      578.4131  2946356    0.63%
  15121 14392      576.8853   574      574.7715      578.4131  2956691    0.63%
  15229 14500      576.0964   373      574.7715      578.4131  2970114    0.63%
  15294 14565      577.8471   718      574.7715      578.4121  2982330    0.63%
  15322 14593      577.5484   681      574.7715      578.4121  2992009    0.63%
  15363 14634      577.1714   620      574.7715      578.4121  3000070    0.63%
Elapsed time = 1096.63 sec. (1172855.20 ticks, tree = 32.66 MB, solutions = 1)
  15419 14690      576.4198   506      574.7715      578.4121  3010985    0.63%
  15481 14752      578.0395   770      574.7715      578.4107  3023545    0.63%
  15508 14779      577.6173   697      574.7715      578.4107  3034545    0.63%
  15539 14810      577.3520   636      574.7715      578.4107  3043239    0.63%
  15581 14852      576.7520   561      574.7715      578.4107  3054045    0.63%
  15652 14923      576.1818   418      574.7715      578.4107  3065199    0.63%
  15704 14975      577.8492   713      574.7715      578.4100  3076476    0.63%
  15778 15049      575.5458   515      574.7715      578.4100  3087559    0.63%
  15831 15099      578.0796   738      574.7715      578.4100  3098536    0.63%
  15860 15128      577.7817   710      574.7715      578.4100  3108503    0.63%
Elapsed time = 1132.39 sec. (1211819.80 ticks, tree = 33.73 MB, solutions = 1)
  15889 15157      577.5106   641      574.7715      578.4100  3118155    0.63%
  15932 15200      577.2271   560      574.7715      578.4100  3128281    0.63%
  15999 15267      576.7515   439      574.7715      578.4100  3140797    0.63%
  16076 15344      578.3972   800      574.7715      578.4091  3152981    0.63%
  16105 15373      577.9361   690      574.7715      578.4091  3161802    0.63%
  16187 15455      575.7160   426      574.7715      578.4091  3172385    0.63%
  16246 15501      578.0053   733      574.7715      578.4090  3182749    0.63%
  16269 15524      577.8134   706      574.7715      578.4090  3192198    0.63%
  16301 15556      577.5650   621      574.7715      578.4090  3201600    0.63%
  16341 15596      577.2151   560      574.7715      578.4090  3211648    0.63%
Elapsed time = 1169.20 sec. (1250686.84 ticks, tree = 34.77 MB, solutions = 1)
  16439 15694      576.3789   356      574.7715      578.4090  3224729    0.63%
  16503 15758      577.7916   704      574.7715      578.4090  3234815    0.63%
  16586 15841      575.8287   410      574.7715      578.4090  3246207    0.63%
  16648 15898      578.0167   727      574.7715      578.4081  3258126    0.63%
  16676 15926      577.8735   637      574.7715      578.4081  3266638    0.63%
  16709 15959      577.6527   589      574.7715      578.4081  3275495    0.63%
  16759 16009      577.1225   499      574.7715      578.4081  3287950    0.63%
  16824 16074      576.5311   353      574.7715      578.4081  3300132    0.63%
  16897 16147      578.0504   729      574.7715      578.4077  3311589    0.63%
  16960 16210      576.7367   491      574.7715      578.4077  3322813    0.63%
Elapsed time = 1205.90 sec. (1289400.17 ticks, tree = 36.14 MB, solutions = 1)
  17032 16274      578.1638   762      574.7715      578.4077  3334540    0.63%
  17060 16302      578.0027   710      574.7715      578.4077  3344612    0.63%
  17096 16338      577.6604   622      574.7715      578.4077  3354130    0.63%
  17142 16384      577.2106   551      574.7715      578.4077  3363273    0.63%
  17244 16486      576.2861   375      574.7715      578.4077  3377174    0.63%
  17292 16534      578.1070   786      574.7715      578.4075  3388649    0.63%
  17323 16565      577.6664   691      574.7715      578.4075  3398462    0.63%
  17356 16598      577.3762   619      574.7715      578.4075  3408056    0.63%
  17419 16661      576.8499   505      574.7715      578.4075  3418958    0.63%
  17480 16722      578.1525   779      574.7715      578.4074  3432322    0.63%
Elapsed time = 1241.61 sec. (1328087.53 ticks, tree = 37.94 MB, solutions = 1)
  17514 16756      577.7866   662      574.7715      578.4074  3443426    0.63%
  17546 16788      577.4788   622      574.7715      578.4074  3451652    0.63%
  17593 16835      576.9110   520      574.7715      578.4074  3459712    0.63%
  17677 16919      578.2001   769      574.7715      578.4073  3471442    0.63%
  17715 16957      577.6418   616      574.7715      578.4073  3481284    0.63%
  17814 17050      578.3622   822      574.7715      578.4073  3492462    0.63%
  17843 17079      577.6735   721      574.7715      578.4073  3504096    0.63%
  17883 17119      577.2305   618      574.7715      578.4073  3516028    0.63%
  17946 17182      576.7017   485      574.7715      578.4073  3527258    0.63%
  18047 17283      575.5025   326      574.7715      578.4073  3540468    0.63%
Elapsed time = 1277.80 sec. (1366625.25 ticks, tree = 39.19 MB, solutions = 1)
  18111 17347      577.7903   663      574.7715      578.4072  3550903    0.63%
  18179 17415      576.1804   466      574.7715      578.4072  3561195    0.63%
  18245 17472      577.6574   711      574.7715      578.4060  3573646    0.63%
  18273 17500      577.5573   663      574.7715      578.4060  3584345    0.63%
  18305 17532      577.3401   598      574.7715      578.4060  3594348    0.63%
  18348 17575      576.9029   517      574.7715      578.4060  3604012    0.63%
  18415 17642      576.2133   391      574.7715      578.4060  3614901    0.63%
  18494 17721      578.0305   723      574.7715      578.4058  3627085    0.63%
  18558 17785      576.6098   508      574.7715      578.4058  3638184    0.63%
  18625 17844      578.1127   749      574.7715      578.4051  3649869    0.63%
Elapsed time = 1314.22 sec. (1405461.16 ticks, tree = 40.44 MB, solutions = 1)
  18649 17868      577.9403   706      574.7715      578.4051  3659845    0.63%
  18676 17895      577.6810   651      574.7715      578.4051  3668927    0.63%
  18706 17925      577.3884   567      574.7715      578.4051  3677066    0.63%
  18749 17968      576.9098   502      574.7715      578.4051  3688711    0.63%
  18810 18029      576.2238   377      574.7715      578.4051  3701323    0.63%
  18894 18113      578.0550   683      574.7715      578.4034  3713220    0.63%
  18962 18181      576.7505   455      574.7715      578.4034  3724564    0.63%
  19038 18248      578.1432   775      574.7715      578.4024  3737065    0.63%
  19062 18272      577.8045   708      574.7715      578.4024  3746632    0.63%
  19093 18303      577.5839   648      574.7715      578.4024  3754532    0.63%
Elapsed time = 1349.71 sec. (1444216.02 ticks, tree = 41.47 MB, solutions = 1)
  19142 18352      577.1000   527      574.7715      578.4024  3764302    0.63%

Performing restart 2

Repeating presolve.
Tried aggregator 1 time.
MIP Presolve modified 39 coefficients.
Reduced MIP has 1762 rows, 2383 columns, and 9122 nonzeros.
Reduced MIP has 596 binaries, 587 generals, 0 SOSs, and 0 indicators.
Presolve time = 0.00 sec. (2.43 ticks)
Tried aggregator 1 time.
Reduced MIP has 1762 rows, 2383 columns, and 9122 nonzeros.
Reduced MIP has 596 binaries, 587 generals, 0 SOSs, and 0 indicators.
Presolve time = 0.00 sec. (2.41 ticks)
Represolve time = 0.10 sec. (40.51 ticks)
  19233     0      578.3439   833      574.7715     Cuts: 203  3781235    0.62%
  19233     0      578.3007   834      574.7715     Cuts: 165  3781723    0.61%
  19233     0      578.2725   812      574.7715     Cuts: 223  3782142    0.61%
  19233     0      578.2460   819      574.7715     Cuts: 189  3782791    0.60%
  19233     0      578.2277   825      574.7715     Cuts: 172  3783161    0.60%
  19233     0      578.2049   794      574.7715     Cuts: 161  3783571    0.60%
  19233     0      578.1939   823      574.7715     Cuts: 159  3783853    0.60%
  19233     0      578.1844   805      574.7715     Cuts: 122  3784138    0.59%
  19233     0      578.1744   809      574.7715     Cuts: 125  3784468    0.59%
  19233     0      578.1674   812      574.7715     Cuts: 145  3784718    0.59%
  19233     0      578.1545   796      574.7715     Cuts: 168  3785062    0.59%
  19233     0      578.1446   811      574.7715     Cuts: 141  3785359    0.59%
  19233     0      578.1381   830      574.7715     Cuts: 172  3785641    0.59%
  19233     0      578.1308   824      574.7715     Cuts: 136  3785958    0.58%
  19233     0      578.1242   827      574.7715     Cuts: 124  3786264    0.58%
  19233     0      578.1171   833      574.7715     Cuts: 147  3786535    0.58%
  19233     0      578.1108   826      574.7715     Cuts: 130  3786764    0.58%
  19233     2      578.1108   826      574.7715      578.1108  3786764    0.58%
  19234     3      578.0837   776      574.7715      578.0836  3787205    0.58%
  19235     4      578.0786   775      574.7715      578.0793  3787511    0.58%
  19236     5      578.0764   783      574.7715      578.0793  3787675    0.58%
  19237     6      578.0367   748      574.7715      578.0793  3787857    0.58%
  19238     7      578.0658   749      574.7715      578.0793  3788112    0.58%
  19239     8      578.0461   780      574.7715      578.0793  3788789    0.58%
  19240     9      578.0653   729      574.7715      578.0793  3789368    0.58%
  19242    11      578.0593   739      574.7715      578.0793  3790220    0.58%
Elapsed time = 1421.35 sec. (1523464.39 ticks, tree = 0.06 MB, solutions = 1)
  19247    16      577.9062   683      574.7715      578.0793  3791471    0.58%
  19261    30      577.7890   622      574.7715      578.0793  3794487    0.58%
  19293    62      577.4221   537      574.7715      578.0793  3799510    0.58%
  19356   125      577.0987   303      574.7715      578.0793  3805096    0.58%
  19669   432      578.0748   779      574.7715      578.0781  3813699    0.58%
  19688   451      578.0378   730      574.7715      578.0781  3819214    0.58%
  19733   496      577.8776   554      574.7715      578.0781  3830106    0.58%
  19800   563      577.4554   393      574.7715      578.0781  3839510    0.58%
  19981   744      576.0838    99      574.7715      578.0781  3849964    0.58%
  20235   986      577.8727   799      574.7715      578.0708  3859727    0.57%
Elapsed time = 1462.60 sec. (1563361.65 ticks, tree = 2.22 MB, solutions = 1)
  20275  1026      577.5047   628      574.7715      578.0708  3871762    0.57%
  20326  1077      577.1149   571      574.7715      578.0708  3882387    0.57%
  20410  1161      576.6318   382      574.7715      578.0708  3893293    0.57%
  20484  1235      577.2921   554      574.7715      578.0696  3905467    0.57%
  20595  1340      577.8897   746      574.7715      578.0677  3914279    0.57%
  20644  1389      577.3762   613      574.7715      578.0677  3927295    0.57%
  20696  1441      576.9048   490      574.7715      578.0677  3936989    0.57%
  20828  1573      576.0337   225      574.7715      578.0677  3946010    0.57%
  20889  1634      577.0954   542      574.7715      578.0676  3956083    0.57%
  21017  1752      577.9831   768      574.7715      578.0665  3963993    0.57%
Elapsed time = 1500.44 sec. (1601775.00 ticks, tree = 3.91 MB, solutions = 1)
  21063  1798      577.6162   617      574.7715      578.0665  3977250    0.57%
  21110  1845      577.2256   542      574.7715      578.0665  3987967    0.57%
  21197  1932      576.6225   379      574.7715      578.0665  3999672    0.57%
  21274  2009      577.4092   603      574.7715      578.0659  4010599    0.57%
  21396  2128      574.8183   242      574.7715      578.0659  4019648    0.57%
  21448  2174      577.6827   627      574.7715      578.0655  4032813    0.57%
  21504  2230      577.3174   462      574.7715      578.0655  4043793    0.57%
  21633  2359      576.1361   221      574.7715      578.0655  4055337    0.57%
  21696  2422      577.0104   565      574.7715      578.0654  4066147    0.57%
  21815  2536      577.7244   781      574.7715      578.0650  4074547    0.57%
Elapsed time = 1538.35 sec. (1640387.99 ticks, tree = 5.69 MB, solutions = 1)
  21867  2588      577.3582   571      574.7715      578.0650  4087765    0.57%
  21934  2655      576.6171   454      574.7715      578.0650  4098905    0.57%
  22039  2760      577.9670   752      574.7715      578.0625  4110669    0.57%
  22089  2810      577.5077   577      574.7715      578.0625  4122592    0.57%
  22163  2884      576.8996   429      574.7715      578.0625  4132577    0.57%
  22249  2970      577.8079   693      574.7715      578.0623  4144230    0.57%
  22303  3024      577.4319   569      574.7715      578.0623  4155888    0.57%
  22376  3097      576.9091   393      574.7715      578.0623  4166484    0.57%
  22454  3175      577.7138   683      574.7715      578.0602  4176277    0.57%
  22526  3247      576.6166   392      574.7715      578.0602  4184207    0.57%
Elapsed time = 1575.17 sec. (1678928.39 ticks, tree = 7.18 MB, solutions = 1)
  22629  3344      577.7395   706      574.7715      578.0596  4192969    0.57%
  22681  3396      577.2688   587      574.7715      578.0596  4204911    0.57%
  22743  3458      576.7855   454      574.7715      578.0596  4214147    0.57%
  22835  3550      577.9621   763      574.7715      578.0592  4222502    0.57%
  22888  3603      577.0712   521      574.7715      578.0592  4231787    0.57%
  22990  3702      577.8904   735      574.7715      578.0590  4239998    0.57%
  23032  3744      577.5750   622      574.7715      578.0590  4250425    0.57%
  23083  3795      577.2171   493      574.7715      578.0590  4260277    0.57%
  23182  3894      576.1983   273      574.7715      578.0590  4270334    0.57%
  23267  3979      577.6077   616      574.7715      578.0585  4279927    0.57%
Elapsed time = 1612.68 sec. (1717572.40 ticks, tree = 8.82 MB, solutions = 1)
  23379  4091      575.4754   223      574.7715      578.0585  4287120    0.57%
  23446  4153      577.7592   631      574.7715      578.0584  4298358    0.57%
  23496  4203      577.5056   489      574.7715      578.0584  4309065    0.57%
  23593  4300      576.5074   273      574.7715      578.0584  4320792    0.57%
  23671  4378      577.3790   618      574.7715      578.0566  4331176    0.57%
  23808  4515      574.8674   211      574.7715      578.0566  4339278    0.57%
  23858  4558      577.6224   624      574.7715      578.0547  4351668    0.57%
  23913  4613      577.3888   534      574.7715      578.0547  4362695    0.57%
  23993  4693      576.9466   362      574.7715      578.0547  4373578    0.57%
  24066  4766      577.7397   587      574.7715      578.0501  4385672    0.57%
Elapsed time = 1650.48 sec. (1756013.14 ticks, tree = 10.62 MB, solutions = 1)
  24111  4811      577.5537   562      574.7715      578.0501  4398082    0.57%
  24175  4875      577.1300   424      574.7715      578.0501  4408957    0.57%
  24253  4953      577.8971   690      574.7715      578.0491  4421132    0.57%
  24294  4994      577.6633   585      574.7715      578.0491  4431502    0.57%
  24349  5049      577.3155   471      574.7715      578.0491  4442220    0.57%
  24435  5135      577.9305   774      574.7715      578.0469  4452813    0.57%
  24502  5202      576.6352   506      574.7715      578.0469  4462404    0.57%
  24617  5306      577.9169   684      574.7715      578.0468  4471860    0.57%
  24663  5352      577.5563   558      574.7715      578.0468  4483832    0.57%
  24739  5428      576.9529   396      574.7715      578.0468  4494746    0.57%
Elapsed time = 1687.40 sec. (1794619.39 ticks, tree = 12.07 MB, solutions = 1)
  24856  5545      577.7413   683      574.7715      578.0461  4506143    0.57%
  24948  5637      576.4324   326      574.7715      578.0461  4514715    0.57%
  25054  5738      577.7508   680      574.7715      578.0460  4525244    0.57%
  25103  5787      577.3909   560      574.7715      578.0460  4536196    0.57%
  25191  5875      576.7327   366      574.7715      578.0460  4546420    0.57%
  25271  5955      577.3740   608      574.7715      578.0457  4557096    0.57%
  25398  6082      575.2867   235      574.7715      578.0457  4565450    0.57%
  25463  6137      577.6582   634      574.7715      578.0455  4576368    0.57%
  25519  6193      577.2820   519      574.7715      578.0455  4586893    0.57%
  25615  6289      576.7017   284      574.7715      578.0455  4597980    0.57%
Elapsed time = 1725.51 sec. (1833149.32 ticks, tree = 13.93 MB, solutions = 1)
  25683  6357      577.2921   553      574.7715      578.0442  4608134    0.57%
  25823  6488      577.8923   710      574.7715      578.0440  4616624    0.57%
  25876  6541      577.3829   568      574.7715      578.0440  4628153    0.57%
  25978  6643      576.5249   313      574.7715      578.0440  4637448    0.57%
  26063  6728      577.6999   655      574.7715      578.0429  4649529    0.57%
  26119  6784      577.5198   494      574.7715      578.0429  4660367    0.57%
  26232  6897      576.6018   248      574.7715      578.0429  4670662    0.57%
  26274  6939      577.6807   635      574.7715      578.0421  4683626    0.57%
  26327  6992      577.3250   512      574.7715      578.0421  4694849    0.57%
  26421  7086      576.4957   304      574.7715      578.0421  4706191    0.57%
Elapsed time = 1763.11 sec. (1871580.93 ticks, tree = 15.60 MB, solutions = 1)
  26502  7167      576.5172   392      574.7715      578.0377  4718670    0.57%
  26650  7315      577.8325   703      574.7715      578.0376  4730044    0.57%
  26693  7358      577.5730   596      574.7715      578.0376  4740097    0.57%
  26760  7425      576.7840   420      574.7715      578.0376  4750407    0.57%
  26853  7518      577.6807   675      574.7715      578.0376  4760755    0.57%
  26937  7602      576.4248   338      574.7715      578.0376  4769738    0.57%
  27042  7704      577.8247   685      574.7715      578.0364  4780470    0.57%
  27081  7743      577.5793   594      574.7715      578.0364  4790482    0.57%
  27140  7802      577.1414   481      574.7715      578.0364  4801349    0.57%
  27235  7897      577.8981   751      574.7715      578.0352  4812414    0.57%
Elapsed time = 1801.03 sec. (1910204.99 ticks, tree = 17.34 MB, solutions = 1)
  27298  7960      576.9163   522      574.7715      578.0352  4822388    0.57%
  27426  8084      577.9168   677      574.7715      578.0347  4832736    0.57%
  27473  8131      577.5976   537      574.7715      578.0347  4843579    0.57%
  27548  8206      577.2380   393      574.7715      578.0347  4854371    0.57%
  27649  8307      577.7085   669      574.7715      578.0343  4865583    0.57%
  27734  8392      576.2932   352      574.7715      578.0343  4875426    0.57%
  27843  8495      577.6911   688      574.7715      578.0341  4886151    0.57%
  27885  8537      577.3999   588      574.7715      578.0341  4897338    0.57%
  27943  8595      576.7423   451      574.7715      578.0341  4908244    0.57%
  28035  8687      577.7754   764      574.7715      578.0340  4919175    0.57%
Elapsed time = 1838.76 sec. (1948644.32 ticks, tree = 19.41 MB, solutions = 1)
  28082  8734      577.3199   628      574.7715      578.0340  4932736    0.57%
  28145  8797      576.9138   490      574.7715      578.0340  4942967    0.57%
  28236  8888      578.0115   789      574.7715      578.0338  4953722    0.57%
  28280  8932      577.6317   658      574.7715      578.0338  4965296    0.57%
  28335  8987      577.3081   499      574.7715      578.0338  4974980    0.57%
  28433  9085      576.6754   310      574.7715      578.0338  4985127    0.57%
  28493  9145      577.0937   507      574.7715      578.0331  4995447    0.57%
  28625  9271      577.9192   716      574.7715      578.0324  5005029    0.57%
  28667  9313      577.7449   600      574.7715      578.0324  5016593    0.57%
  28729  9375      577.3534   417      574.7715      578.0324  5027666    0.57%
Elapsed time = 1876.07 sec. (1987514.98 ticks, tree = 20.90 MB, solutions = 1)
  28836  9482      578.0058   768      574.7715      578.0323  5039395    0.57%
  28898  9544      577.1356   504      574.7715      578.0323  5049414    0.57%
  29027  9663      577.9469   730      574.7715      578.0320  5059905    0.57%
  29074  9710      577.4325   622      574.7715      578.0320  5071410    0.57%
  29134  9770      576.8377   445      574.7715      578.0320  5081760    0.57%
  29237  9873      577.9485   723      574.7715      578.0320  5092395    0.57%
  29302  9938      576.9856   489      574.7715      578.0320  5102078    0.57%
  29439 10070      577.8252   650      574.7715      578.0317  5112117    0.57%
  29493 10124      577.4643   549      574.7715      578.0317  5122302    0.57%
  29575 10206      577.0000   374      574.7715      578.0317  5132679    0.57%
Elapsed time = 1914.22 sec. (2026011.74 ticks, tree = 22.70 MB, solutions = 1)
  29663 10294      577.7774   633      574.7715      578.0317  5143608    0.57%
  29763 10394      576.2088   286      574.7715      578.0317  5153025    0.57%
  29859 10486      577.8596   675      574.7715      578.0315  5164663    0.57%
  29903 10530      577.5692   581      574.7715      578.0315  5176313    0.57%
  29964 10591      577.0574   433      574.7715      578.0315  5187348    0.57%
  30044 10671      577.9740   685      574.7715      578.0311  5197341    0.57%
  30088 10715      577.7412   580      574.7715      578.0311  5208522    0.57%
  30147 10774      577.2817   460      574.7715      578.0311  5219370    0.57%
  30239 10866      577.9056   785      574.7715      578.0310  5232227    0.57%
  30279 10906      577.6247   618      574.7715      578.0310  5245062    0.57%
Elapsed time = 1951.40 sec. (2064607.46 ticks, tree = 24.21 MB, solutions = 1)
  30325 10952      577.2959   551      574.7715      578.0310  5255478    0.57%
  30402 11029      576.5106   368      574.7715      578.0310  5266526    0.57%
  30474 11101      577.6337   568      574.7715      578.0299  5277064    0.57%
  30589 11216      575.9315   226      574.7715      578.0299  5286360    0.57%
  30668 11294      577.7001   642      574.7715      578.0296  5298232    0.57%
  30719 11345      577.3226   556      574.7715      578.0296  5308907    0.57%
  30795 11421      576.9206   384      574.7715      578.0296  5318843    0.57%
  30871 11497      577.3661   577      574.7715      578.0295  5327879    0.57%
  30999 11625      575.1690   231      574.7715      578.0295  5336876    0.57%
  31055 11675      577.5979   646      574.7715      578.0294  5348405    0.57%
Elapsed time = 1988.86 sec. (2102977.68 ticks, tree = 25.85 MB, solutions = 1)
  31121 11741      576.8389   483      574.7715      578.0294  5358325    0.57%
  31241 11861      577.9396   716      574.7715      578.0293  5367916    0.57%
  31310 11930      577.0619   430      574.7715      578.0293  5377576    0.57%
  31450 12061      577.9141   676      574.7715      578.0293  5387537    0.57%
  31496 12107      577.6079   563      574.7715      578.0293  5398573    0.57%
  31564 12175      577.1774   385      574.7715      578.0293  5409833    0.57%
  31651 12262      577.7798   644      574.7715      578.0286  5420683    0.57%
  31737 12348      576.6924   310      574.7715      578.0286  5430990    0.57%
  31862 12472      577.8579   630      574.7715      578.0285  5442511    0.57%
  31909 12519      577.4759   539      574.7715      578.0285  5452885    0.57%
Elapsed time = 2027.07 sec. (2141446.70 ticks, tree = 27.70 MB, solutions = 1)
  31993 12603      577.0422   355      574.7715      578.0285  5463113    0.57%
  32063 12673      577.6504   639      574.7715      578.0285  5475190    0.57%
  32114 12724      577.1438   554      574.7715      578.0285  5485109    0.57%
  32199 12809      576.6567   352      574.7715      578.0285  5496010    0.57%
  32259 12869      577.7603   651      574.7715      578.0281  5508518    0.57%
  32305 12915      577.4853   576      574.7715      578.0281  5519176    0.57%
  32370 12980      577.0622   408      574.7715      578.0281  5530413    0.57%
  32450 13060      577.8696   660      574.7715      578.0272  5541482    0.57%
  32533 13143      576.6610   359      574.7715      578.0272  5551087    0.57%
  32662 13266      577.8840   658      574.7715      578.0272  5561857    0.57%
Elapsed time = 2064.39 sec. (2179849.66 ticks, tree = 29.31 MB, solutions = 1)
  32711 13315      577.5302   544      574.7715      578.0272  5571735    0.57%
  32803 13407      576.7816   345      574.7715      578.0272  5582316    0.57%
  32877 13481      577.5633   580      574.7715      578.0269  5592368    0.57%
  33021 13625      574.9795   181      574.7715      578.0269  5601786    0.57%
  33073 13675      577.6883   664      574.7715      578.0268  5614401    0.57%
  33118 13720      577.3049   526      574.7715      578.0268  5625150    0.57%
  33200 13802      576.8050   363      574.7715      578.0268  5635340    0.57%
  33275 13877      577.2697   573      574.7715      578.0264  5646005    0.57%
  33427 14024      574.8199   153      574.7715      578.0264  5654754    0.57%
  33470 14064      577.3988   663      574.7715      578.0261  5666538    0.57%
Elapsed time = 2102.03 sec. (2218273.11 ticks, tree = 31.03 MB, solutions = 1)
  33514 14108      577.0677   593      574.7715      578.0261  5677336    0.57%
  33580 14174      576.7628   462      574.7715      578.0261  5687507    0.57%
  33657 14251      577.6901   622      574.7715      578.0261  5699278    0.57%
  33742 14336      576.6586   321      574.7715      578.0261  5709084    0.57%
  33857 14451      577.5751   610      574.7715      578.0251  5720735    0.57%
  33898 14492      577.3358   523      574.7715      578.0251  5732192    0.57%
  33978 14572      576.8769   351      574.7715      578.0251  5742509    0.57%
  34054 14648      577.8962   665      574.7715      578.0245  5754400    0.57%
  34098 14692      577.5135   532      574.7715      578.0245  5766775    0.57%
  34167 14761      577.1177   387      574.7715      578.0245  5777982    0.57%
Elapsed time = 2139.16 sec. (2256873.93 ticks, tree = 32.53 MB, solutions = 1)
  34251 14845      577.9429   713      574.7715      578.0243  5790265    0.57%
  34294 14888      577.5628   572      574.7715      578.0243  5801046    0.57%
  34353 14947      576.9964   470      574.7715      578.0243  5811942    0.57%
  34443 15037      577.9036   656      574.7715      578.0239  5821744    0.57%
  34523 15117      576.8629   327      574.7715      578.0239  5831675    0.57%
  34640 15228      577.8124   711      574.7715      578.0234  5842305    0.57%
  34689 15277      577.4999   590      574.7715      578.0234  5853876    0.57%
  34758 15346      577.0206   427      574.7715      578.0234  5863813    0.57%
  34856 15444      577.7159   638      574.7715      578.0229  5875044    0.57%
  34940 15528      576.6360   344      574.7715      578.0229  5884220    0.57%
Elapsed time = 2176.71 sec. (2295494.06 ticks, tree = 34.18 MB, solutions = 1)
  35053 15641      577.5500   675      574.7715      578.0228  5895192    0.57%
  35102 15690      577.2813   573      574.7715      578.0228  5906817    0.57%
  35178 15766      576.6063   389      574.7715      578.0228  5917093    0.57%
  35264 15852      577.4254   581      574.7715      578.0227  5927444    0.57%
  35395 15983      575.4603   200      574.7715      578.0227  5936308    0.57%
  35474 16054      577.4864   622      574.7715      578.0225  5947722    0.57%
  35523 16103      577.1122   545      574.7715      578.0225  5958481    0.57%
  35597 16177      576.6309   416      574.7715      578.0225  5969547    0.57%
  35665 16245      577.4777   591      574.7715      578.0224  5980541    0.57%
  35801 16381      575.1254   188      574.7715      578.0224  5989970    0.57%
Elapsed time = 2214.90 sec. (2334101.65 ticks, tree = 36.02 MB, solutions = 1)
  35880 16447      577.6908   603      574.7715      578.0221  6001749    0.57%
  35940 16507      577.2321   438      574.7715      578.0221  6012619    0.57%
  36042 16609      577.7091   675      574.7715      578.0219  6024586    0.57%
  36087 16654      577.2528   552      574.7715      578.0219  6035698    0.57%
  36163 16730      576.6502   400      574.7715      578.0219  6046863    0.57%
  36252 16819      577.7201   636      574.7715      578.0219  6058293    0.57%
  36298 16865      577.3897   503      574.7715      578.0219  6069590    0.57%
  36380 16947      577.0092   358      574.7715      578.0219  6080712    0.57%
  36467 17034      577.5897   585      574.7715      578.0219  6092255    0.57%
  36607 17174      575.4455   153      574.7715      578.0219  6100843    0.57%
Elapsed time = 2252.77 sec. (2372657.27 ticks, tree = 38.45 MB, solutions = 1)
  36663 17228      577.7768   654      574.7715      578.0217  6112539    0.57%
  36712 17277      577.2632   520      574.7715      578.0217  6123398    0.57%
  36788 17353      576.6353   384      574.7715      578.0217  6134536    0.57%
  36871 17436      577.4555   563      574.7715      578.0215  6145245    0.57%
  37011 17567      577.7300   764      574.7715      578.0212  6155741    0.57%
  37056 17612      577.5177   646      574.7715      578.0212  6167625    0.57%
  37103 17659      577.1856   508      574.7715      578.0212  6178453    0.57%
  37200 17756      576.3438   288      574.7715      578.0212  6189548    0.57%
  37280 17836      577.1863   540      574.7715      578.0208  6199466    0.57%
  37435 17990      577.8954   790      574.7715      578.0196  6208555    0.57%
Elapsed time = 2290.76 sec. (2411314.68 ticks, tree = 40.22 MB, solutions = 1)
  37480 18035      577.5499   614      574.7715      578.0196  6220321    0.57%
  37539 18094      577.1662   479      574.7715      578.0196  6230701    0.57%
  37632 18187      576.4810   318      574.7715      578.0196  6241575    0.57%
  37697 18252      577.1988   517      574.7715      578.0196  6251239    0.57%
  37833 18383      577.9175   707      574.7715      578.0194  6261529    0.57%
  37879 18429      577.4876   553      574.7715      578.0194  6273505    0.57%
  37945 18495      577.0988   423      574.7715      578.0194  6283864    0.57%
  38043 18593      577.9147   726      574.7715      578.0194  6295869    0.57%
  38090 18640      577.6044   553      574.7715      578.0194  6307478    0.57%
  38155 18705      577.0534   421      574.7715      578.0194  6318035    0.57%
Elapsed time = 2327.84 sec. (2449940.29 ticks, tree = 41.76 MB, solutions = 1)
  38243 18793      577.7013   721      574.7715      578.0182  6329015    0.56%
  38290 18840      577.1999   555      574.7715      578.0182  6340723    0.56%
  38348 18898      576.8771   456      574.7715      578.0182  6351741    0.56%
  38443 18993      577.7662   708      574.7715      578.0180  6363043    0.56%
  38524 19074      576.7584   386      574.7715      578.0180  6372947    0.56%
  38653 19196      577.8045   648      574.7715      578.0180  6383982    0.56%
  38703 19246      577.2987   510      574.7715      578.0180  6395035    0.56%
  38809 19352      576.7032   317      574.7715      578.0180  6405352    0.56%
  38880 19423      577.2454   493      574.7715      578.0178  6415969    0.56%
  39019 19558      577.9428   705      574.7715      578.0175  6425537    0.56%
Elapsed time = 2366.25 sec. (2488755.42 ticks, tree = 43.59 MB, solutions = 1)
  39067 19606      577.5593   570      574.7715      578.0175  6437594    0.56%
  39137 19676      577.0622   429      574.7715      578.0175  6447846    0.56%
  39250 19789      577.7013   648      574.7715      578.0173  6459292    0.56%
  39339 19878      576.3668   292      574.7715      578.0173  6468921    0.56%
  39458 19990      577.4008   669      574.7715      578.0170  6480080    0.56%
  39531 20063      576.9311   426      574.7715      578.0170  6489724    0.56%
  39643 20175      577.8022   696      574.7715      578.0170  6499476    0.56%
  39709 20241      576.6665   457      574.7715      578.0170  6509326    0.56%
  39841 20363      577.7972   710      574.7715      578.0169  6518666    0.56%
  39891 20413      577.3593   616      574.7715      578.0169  6531494    0.56%
Elapsed time = 2404.52 sec. (2527322.37 ticks, tree = 45.40 MB, solutions = 1)
  39966 20488      576.8332   393      574.7715      578.0169  6541723    0.56%
  40050 20572      577.8838   713      574.7715      578.0168  6553416    0.56%
  40093 20615      577.4955   588      574.7715      578.0168  6564387    0.56%
  40167 20689      576.7904   398      574.7715      578.0168  6574520    0.56%
  40253 20775      577.6318   663      574.7715      578.0166  6586217    0.56%
  40303 20825      577.3025   560      574.7715      578.0166  6597576    0.56%
  40388 20910      576.7787   376      574.7715      578.0166  6608432    0.56%
  40473 20995      577.4902   548      574.7715      578.0163  6618333    0.56%
  40639 21156      577.7105   713      574.7715      578.0161  6627567    0.56%
  40684 21201      577.3658   590      574.7715      578.0161  6638637    0.56%
Elapsed time = 2442.14 sec. (2566021.44 ticks, tree = 47.10 MB, solutions = 1)
  40755 21272      576.9289   432      574.7715      578.0161  6648686    0.56%
  40848 21365      577.7820   699      574.7715      578.0161  6659447    0.56%
  40928 21445      576.7611   365      574.7715      578.0161  6668671    0.56%
  41053 21566      577.8313   665      574.7715      578.0159  6679467    0.56%
  41101 21614      577.6146   559      574.7715      578.0159  6691236    0.56%
  41164 21677      577.2440   400      574.7715      578.0159  6702635    0.56%
  41256 21769      577.7971   618      574.7715      578.0158  6714875    0.56%
  41353 21866      576.3521   312      574.7715      578.0158  6723962    0.56%
  41467 21969      577.7643   604      574.7715      578.0158  6734563    0.56%
  41517 22019      577.3166   476      574.7715      578.0158  6745311    0.56%
Elapsed time = 2480.56 sec. (2604541.36 ticks, tree = 48.86 MB, solutions = 1)
  41617 22119      576.4800   268      574.7715      578.0158  6757659    0.56%
  41709 22211      576.5023   360      574.7715      578.0157  6770538    0.56%
  41855 22357      577.5715   678      574.7715      578.0153  6782000    0.56%
  41899 22401      577.3493   542      574.7715      578.0153  6793618    0.56%
  41973 22475      576.8397   391      574.7715      578.0153  6804299    0.56%
  42047 22549      577.7349   708      574.7715      578.0152  6815426    0.56%
  42094 22596      577.4056   569      574.7715      578.0152  6826749    0.56%
  42182 22684      576.7274   385      574.7715      578.0152  6837029    0.56%
  42264 22766      577.7005   661      574.7715      578.0149  6849258    0.56%
  42315 22817      577.0876   541      574.7715      578.0149  6860151    0.56%
Elapsed time = 2518.08 sec. (2643021.12 ticks, tree = 50.54 MB, solutions = 1)
  42413 22915      576.3655   315      574.7715      578.0149  6870907    0.56%
  42487 22989      577.2863   489      574.7715      578.0148  6881215    0.56%
  42641 23141      577.7384   715      574.7715      578.0147  6891594    0.56%
  42687 23187      577.5493   594      574.7715      578.0147  6903735    0.56%
  42748 23248      577.2113   464      574.7715      578.0147  6913761    0.56%
  42846 23346      577.8652   652      574.7715      578.0141  6924897    0.56%
  42929 23429      576.5468   331      574.7715      578.0141  6934395    0.56%
  43038 23530      577.6857   654      574.7715      578.0141  6944606    0.56%
  43080 23572      577.3609   547      574.7715      578.0141  6955360    0.56%
  43155 23647      576.8978   380      574.7715      578.0141  6965516    0.56%
Elapsed time = 2556.00 sec. (2681483.34 ticks, tree = 52.40 MB, solutions = 1)
  43252 23744      577.7402   619      574.7715      578.0139  6976722    0.56%
  43350 23842      576.2269   282      574.7715      578.0139  6985605    0.56%
  43459 23941      577.6732   596      574.7715      578.0137  6996341    0.56%
  43515 23997      577.2225   516      574.7715      578.0137  7006035    0.56%
  43636 24118      577.7428   741      574.7715      578.0137  7015566    0.56%
  43696 24178      576.7538   475      574.7715      578.0137  7026308    0.56%
  43829 24304      577.7697   687      574.7715      578.0134  7036133    0.56%
  43883 24358      577.0551   493      574.7715      578.0134  7046780    0.56%
  43999 24474      576.1087   262      574.7715      578.0134  7056719    0.56%
  44071 24546      577.6243   658      574.7715      578.0129  7069397    0.56%
Elapsed time = 2594.82 sec. (2719866.10 ticks, tree = 54.32 MB, solutions = 1)
  44136 24611      577.1238   470      574.7715      578.0129  7079230    0.56%
  44241 24716      577.7012   733      574.7715      578.0129  7089859    0.56%
  44283 24758      577.4727   602      574.7715      578.0129  7102050    0.56%
  44348 24823      577.0117   446      574.7715      578.0129  7112102    0.56%
  44453 24928      577.7095   628      574.7715      578.0127  7122303    0.56%
  44546 25021      576.4710   277      574.7715      578.0127  7132118    0.56%
  44664 25134      577.6115   640      574.7715      578.0124  7142489    0.56%
  44721 25191      577.2832   497      574.7715      578.0124  7152269    0.56%
  44815 25285      576.5259   322      574.7715      578.0124  7163718    0.56%
  44887 25357      577.1344   538      574.7715      578.0120  7173862    0.56%
Elapsed time = 2633.18 sec. (2758457.86 ticks, tree = 56.07 MB, solutions = 1)
  45013 25479      577.8889   755      574.7715      578.0118  7183537    0.56%
  45060 25526      577.4955   575      574.7715      578.0118  7195625    0.56%
  45122 25588      577.0342   469      574.7715      578.0118  7205742    0.56%
  45240 25706      577.8955   676      574.7715      578.0115  7216480    0.56%
  45312 25778      576.8633   391      574.7715      578.0115  7225792    0.56%
  45453 25910      577.6977   710      574.7715      578.0110  7236088    0.56%
  45497 25954      577.3636   561      574.7715      578.0110  7248031    0.56%
  45567 26024      576.7579   426      574.7715      578.0110  7257770    0.56%
  45660 26117      577.7752   621      574.7715      578.0110  7267319    0.56%
  45759 26216      576.3639   301      574.7715      578.0110  7276538    0.56%
Elapsed time = 2671.76 sec. (2797073.28 ticks, tree = 57.93 MB, solutions = 1)
  45871 26328      577.4751   624      574.7715      578.0110  7287786    0.56%
  45923 26380      577.1199   484      574.7715      578.0110  7297732    0.56%
  46036 26493      577.9328   699      574.7715      578.0096  7306991    0.56%
  46079 26536      577.7043   572      574.7715      578.0096  7318615    0.56%
  46144 26601      577.2425   435      574.7715      578.0096  7329317    0.56%
  46240 26697      577.6806   716      574.7715      578.0094  7341686    0.56%
  46282 26739      577.4045   567      574.7715      578.0094  7353424    0.56%
  46354 26811      576.7179   394      574.7715      578.0094  7364127    0.56%
  46457 26914      577.7464   663      574.7715      578.0092  7375850    0.56%
  46539 26996      576.3280   331      574.7715      578.0092  7385131    0.56%
Elapsed time = 2709.57 sec. (2835632.68 ticks, tree = 59.63 MB, solutions = 1)
  46655 27105      577.8115   706      574.7715      578.0092  7396100    0.56%
  46702 27152      577.4010   550      574.7715      578.0092  7408085    0.56%
  46777 27227      576.8116   388      574.7715      578.0092  7418812    0.56%
  46863 27313      577.3443   599      574.7715      578.0090  7429917    0.56%
  46969 27419      575.8037   262      574.7715      578.0090  7439434    0.56%
  47056 27500      577.7544   646      574.7715      578.0089  7450656    0.56%
  47106 27550      577.3472   470      574.7715      578.0089  7461707    0.56%
  47211 27655      576.7324   265      574.7715      578.0089  7473673    0.56%
  47281 27725      577.3460   530      574.7715      578.0086  7483997    0.56%
  47431 27865      577.9403   715      574.7715      578.0081  7493650    0.56%
Elapsed time = 2748.14 sec. (2874209.92 ticks, tree = 61.51 MB, solutions = 1)
  47475 27909      577.3134   540      574.7715      578.0081  7505321    0.56%
  47554 27988      576.6068   373      574.7715      578.0081  7515739    0.56%
  47657 28091      577.6518   577      574.7715      578.0081  7527103    0.56%
  47773 28207      575.7716   204      574.7715      578.0081  7536387    0.56%
  47858 28289      577.5077   657      574.7715      578.0080  7548658    0.56%
  47912 28343      577.1277   515      574.7715      578.0080  7558561    0.56%
  48033 28464      576.0625   279      574.7715      578.0080  7568082    0.56%
  48073 28504      577.3006   566      574.7715      578.0080  7579952    0.56%
  48149 28580      576.6591   429      574.7715      578.0080  7589699    0.56%
  48251 28682      577.3540   692      574.7715      578.0079  7601085    0.56%
Elapsed time = 2785.94 sec. (2912891.97 ticks, tree = 63.26 MB, solutions = 1)
  48302 28733      576.9170   581      574.7715      578.0079  7612936    0.56%
  48383 28814      576.2569   383      574.7715      578.0079  7623004    0.56%
  48467 28898      577.4850   561      574.7715      578.0079  7633635    0.56%
  48615 29041      577.9215   704      574.7715      578.0077  7643861    0.56%
  48658 29084      577.5275   580      574.7715      578.0077  7655911    0.56%
  48717 29143      577.0737   416      574.7715      578.0077  7666987    0.56%
  48831 29257      576.2729   254      574.7715      578.0077  7678981    0.56%
  48893 29319      577.0442   487      574.7715      578.0077  7689560    0.56%
  49023 29444      577.7636   725      574.7715      578.0072  7698078    0.56%
  49074 29495      577.5306   551      574.7715      578.0072  7710251    0.56%
Elapsed time = 2823.94 sec. (2951366.52 ticks, tree = 65.03 MB, solutions = 1)
  49146 29567      576.9569   393      574.7715      578.0072  7721042    0.56%
  49252 29673      577.4094   670      574.7715      578.0064  7732658    0.56%
  49435 29856      577.9281   739      574.7715      578.0063  7744173    0.56%
  49479 29900      577.5718   581      574.7715      578.0063  7756416    0.56%
  49554 29975      576.9213   382      574.7715      578.0063  7766894    0.56%
  49657 30078      577.6460   654      574.7715      578.0062  7778295    0.56%
  49733 30154      576.6261   360      574.7715      578.0062  7787835    0.56%
  49854 30269      577.6524   624      574.7715      578.0061  7798373    0.56%
  49911 30326      577.2416   434      574.7715      578.0061  7809974    0.56%
  50035 30450      577.6785   760      574.7715      578.0060  7819993    0.56%
Elapsed time = 2862.86 sec. (2990054.15 ticks, tree = 67.11 MB, solutions = 1)
  50085 30500      577.0169   563      574.7715      578.0060  7832201    0.56%
  50161 30576      576.5778   409      574.7715      578.0060  7842488    0.56%
  50257 30672      577.7618   663      574.7715      578.0057  7853533    0.56%
  50310 30725      577.0766   485      574.7715      578.0057  7863857    0.56%
  50428 30843      576.4553   255      574.7715      578.0057  7874646    0.56%
  50498 30913      577.0065   445      574.7715      578.0057  7884691    0.56%
  50642 31051      577.8957   659      574.7715      578.0055  7894955    0.56%
  50692 31101      577.5228   507      574.7715      578.0055  7905448    0.56%
  50781 31190      576.8648   339      574.7715      578.0055  7916774    0.56%
  50865 31274      577.4913   604      574.7715      578.0054  7927828    0.56%
Elapsed time = 2900.49 sec. (3028622.16 ticks, tree = 68.88 MB, solutions = 1)
  50961 31370      576.0600   307      574.7715      578.0054  7937273    0.56%
  51067 31472      577.3829   653      574.7715      578.0054  7949035    0.56%
  51113 31518      577.0592   578      574.7715      578.0054  7959835    0.56%
  51193 31598      576.5593   397      574.7715      578.0054  7970087    0.56%
  51268 31673      577.5348   560      574.7715      578.0051  7980223    0.56%
  51423 31826      574.8721   170      574.7715      578.0051  7989343    0.56%
  51468 31868      577.4503   636      574.7715      578.0051  8000280    0.56%
  51527 31927      577.1095   460      574.7715      578.0051  8010544    0.56%
  51635 32035      577.8847   760      574.7715      578.0050  8020447    0.56%
  51705 32105      576.9765   452      574.7715      578.0050  8030314    0.56%
Elapsed time = 2938.35 sec. (3067104.80 ticks, tree = 70.68 MB, solutions = 1)
  51846 32239      577.8967   630      574.7715      578.0048  8039692    0.56%
  51887 32280      577.4534   560      574.7715      578.0048  8051139    0.56%
  51948 32341      576.9722   455      574.7715      578.0048  8061987    0.56%
  52040 32433      577.7695   752      574.7715      578.0048  8073513    0.56%
  52081 32474      577.5100   578      574.7715      578.0048  8084782    0.56%
  52144 32537      576.9907   421      574.7715      578.0048  8095244    0.56%
  52243 32636      577.5920   707      574.7715      578.0048  8107794    0.56%
  52285 32678      577.3937   596      574.7715      578.0048  8119001    0.56%
  52338 32731      577.0180   433      574.7715      578.0048  8130588    0.56%
  52443 32836      577.6643   658      574.7715      578.0042  8142160    0.56%
Elapsed time = 2975.99 sec. (3106144.70 ticks, tree = 73.70 MB, solutions = 1)
  52523 32916      576.7550   362      574.7715      578.0042  8151694    0.56%
  52653 33039      577.4897   661      574.7715      578.0042  8162613    0.56%
  52705 33091      577.1838   534      574.7715      578.0042  8173094    0.56%
  52804 33190      576.6270   325      574.7715      578.0042  8183567    0.56%
  52875 33261      577.4136   564      574.7715      578.0042  8193726    0.56%
  53032 33415      574.7757   147      574.7715      578.0042  8203101    0.56%
  53077 33458      577.4521   597      574.7715      578.0040  8216178    0.56%
  53137 33518      576.7506   430      574.7715      578.0040  8226542    0.56%
  53249 33630      577.8745   679      574.7715      578.0039  8235969    0.56%
  53338 33719      576.7020   317      574.7715      578.0039  8245119    0.56%
Elapsed time = 3014.45 sec. (3144757.67 ticks, tree = 75.63 MB, solutions = 1)
  53456 33831      577.4853   658      574.7715      578.0037  8256957    0.56%
  53499 33874      577.2293   595      574.7715      578.0037  8267708    0.56%
  53577 33952      576.8305   397      574.7715      578.0037  8277936    0.56%
  53654 34029      577.5899   636      574.7715      578.0035  8288425    0.56%
  53755 34130      575.9943   277      574.7715      578.0035  8297580    0.56%
  53842 34213      577.5562   618      574.7715      578.0035  8308199    0.56%
  53895 34266      577.0637   497      574.7715      578.0035  8318654    0.56%
  53998 34369      576.3352   332      574.7715      578.0035  8328839    0.56%
  54072 34443      577.7174   579      574.7715      578.0034  8341727    0.56%
  54140 34511      577.0054   414      574.7715      578.0034  8352677    0.56%
Elapsed time = 3052.04 sec. (3183228.94 ticks, tree = 77.33 MB, solutions = 1)
  54239 34610      577.7360   729      574.7715      578.0034  8364707    0.56%
  54291 34662      577.4464   538      574.7715      578.0034  8376901    0.56%
  54362 34733      577.0229   415      574.7715      578.0034  8387059    0.56%
  54463 34834      577.4645   555      574.7715      578.0034  8398772    0.56%
  54607 34978      575.1465   141      574.7715      578.0034  8408411    0.56%
  54663 35030      577.3742   691      574.7715      578.0034  8420084    0.56%
  54713 35080      576.8430   520      574.7715      578.0034  8430345    0.56%
  54813 35180      576.0700   343      574.7715      578.0034  8440460    0.56%
  54889 35256      577.2687   483      574.7715      578.0033  8450486    0.56%
  55033 35390      577.7566   709      574.7715      578.0032  8460517    0.56%
Elapsed time = 3090.53 sec. (3221870.18 ticks, tree = 79.23 MB, solutions = 1)
  55081 35438      577.5033   574      574.7715      578.0032  8471601    0.56%
  55160 35517      576.8919   338      574.7715      578.0032  8481793    0.56%
  55260 35617      577.3788   602      574.7715      578.0029  8492564    0.56%
  55372 35729      575.6163   270      574.7715      578.0029  8501311    0.56%
  55452 35803      577.3442   570      574.7715      578.0027  8513396    0.56%
  55518 35869      576.7030   441      574.7715      578.0027  8524356    0.56%
  55635 35986      577.8767   773      574.7715      578.0027  8536637    0.56%
  55710 36061      577.0179   408      574.7715      578.0027  8546212    0.56%
  55853 36195      577.6081   673      574.7715      578.0026  8556740    0.56%
  55911 36253      577.0570   499      574.7715      578.0026  8567378    0.56%
Elapsed time = 3128.85 sec. (3260367.12 ticks, tree = 81.08 MB, solutions = 1)
  56018 36360      575.9225   339      574.7715      578.0026  8576561    0.56%
  56070 36412      577.6941   595      574.7715      578.0023  8588483    0.56%
  56134 36476      577.1108   425      574.7715      578.0023  8598845    0.56%
  56243 36585      577.7955   687      574.7715      578.0023  8609764    0.56%
  56294 36636      577.4343   514      574.7715      578.0023  8621473    0.56%
  56393 36735      576.7087   327      574.7715      578.0023  8631226    0.56%
  56476 36818      577.2614   500      574.7715      578.0019  8641458    0.56%
  56622 36953      577.6932   724      574.7715      578.0016  8651269    0.56%
  56666 36997      577.3144   533      574.7715      578.0016  8662042    0.56%
  56730 37061      576.8820   432      574.7715      578.0016  8672885    0.56%
Elapsed time = 3166.79 sec. (3299005.82 ticks, tree = 82.85 MB, solutions = 1)
  56838 37169      577.9699   717      574.7715      578.0012  8684216    0.56%
  56943 37274      576.1798   251      574.7715      578.0012  8696021    0.56%
  57077 37408      577.1540   591      574.7715      578.0008  8707944    0.56%
  57146 37477      576.4547   447      574.7715      578.0008  8717694    0.56%
  57252 37583      577.8457   644      574.7715      578.0007  8727691    0.56%
  57345 37676      576.4514   274      574.7715      578.0007  8737717    0.56%
  57447 37774      577.5993   622      574.7715      578.0006  8748018    0.56%
  57503 37830      577.1322   498      574.7715      578.0006  8758376    0.56%
  57632 37959      576.2741   241      574.7715      578.0006  8768941    0.56%
  57702 38029      577.0103   396      574.7715      578.0004  8779238    0.56%
Elapsed time = 3205.79 sec. (3337522.52 ticks, tree = 84.96 MB, solutions = 1)
  57839 38159      577.4934   662      574.7715      578.0000  8789299    0.56%
  57898 38218      576.9116   472      574.7715      578.0000  8799400    0.56%
  58031 38351      575.4608   246      574.7715      578.0000  8808871    0.56%
  58086 38406      577.3977   603      574.7715      578.0000  8821075    0.56%
  58146 38466      576.7812   468      574.7715      578.0000  8831452    0.56%
  58239 38559      577.8921   722      574.7715      577.9998  8842908    0.56%
  58278 38598      577.4907   608      574.7715      577.9998  8854065    0.56%
  58327 38647      577.1380   476      574.7715      577.9998  8865487    0.56%
  58429 38749      576.2130   285      574.7715      577.9998  8876418    0.56%
Starting limited solution polishing.
  58502 38822      577.0362   407      574.7715      577.9998  8885331    0.56%
Elapsed time = 3243.43 sec. (3376003.96 ticks, tree = 86.68 MB, solutions = 1)
  58623 38933      577.8008   664      574.7715      577.9994  8895362    0.56%
  58675 38985      577.4128   492      574.7715      577.9994  8904424    0.56%
  58773 39083      576.6299   352      574.7715      577.9994  8912208    0.56%
  58872 39182      577.5408   525      574.7715      577.9991  8921137    0.56%
  59017 39319      577.9297   724      574.7715      577.9988  8929629    0.56%
  59066 39368      577.5305   563      574.7715      577.9988  8941167    0.56%
  59140 39442      577.0134   379      574.7715      577.9988  8951244    0.56%
  59243 39545      577.9381   674      574.7715      577.9983  8960371    0.56%
  59322 39624      576.9680   379      574.7715      577.9983  8969912    0.56%
  59449 39745      577.7496   698      574.7715      577.9981  8979942    0.56%
Elapsed time = 3282.92 sec. (3414411.59 ticks, tree = 88.70 MB, solutions = 1)
  59502 39798      577.5896   538      574.7715      577.9981  8991796    0.56%
  59581 39877      576.8952   373      574.7715      577.9981  9000785    0.56%
  59668 39964      577.6282   607      574.7715      577.9979  9010664    0.56%
  59771 40067      576.2252   259      574.7715      577.9979  9019673    0.56%
  59867 40147      577.5950   589      574.7715      577.9979  9029246    0.56%
  59933 40213      577.0601   433      574.7715      577.9979  9038773    0.56%
  60037 40317      577.8034   735      574.7715      577.9978  9048181    0.56%
  60083 40363      577.4037   590      574.7715      577.9978  9059797    0.56%
  60152 40432      576.5413   438      574.7715      577.9978  9068917    0.56%
  60243 40523      577.7568   695      574.7715      577.9977  9078135    0.56%
Elapsed time = 3321.35 sec. (3453100.82 ticks, tree = 90.40 MB, solutions = 1)
  60295 40575      577.3239   560      574.7715      577.9977  9088744    0.56%
  60366 40646      576.8513   395      574.7715      577.9977  9098104    0.56%
  60453 40733      577.7194   602      574.7715      577.9975  9107575    0.56%
  60553 40833      576.1782   244      574.7715      577.9975  9116357    0.56%
  60652 40922      577.4589   621      574.7715      577.9975  9126791    0.56%
  60706 40976      577.0058   455      574.7715      577.9975  9137512    0.56%
  60807 41077      576.3898   320      574.7715      577.9975  9147197    0.56%
  60869 41139      577.4608   581      574.7715      577.9975  9155233    0.56%
  61017 41276      577.9830   764      574.7715      577.9974  9163982    0.56%
  61061 41320      577.5796   549      574.7715      577.9974  9175568    0.56%
Elapsed time = 3360.17 sec. (3491639.27 ticks, tree = 92.13 MB, solutions = 1)
  61121 41380      576.7636   442      574.7715      577.9974  9186773    0.56%
  61233 41492      575.6080   251      574.7715      577.9974  9195225    0.56%
  61308 41567      577.0105   366      574.7715      577.9974  9205344    0.56%
  61431 41687      577.6414   611      574.7715      577.9970  9215231    0.56%
  61477 41733      577.1736   519      574.7715      577.9970  9224154    0.56%
  61564 41820      576.4049   308      574.7715      577.9970  9233603    0.56%
  61660 41916      577.4569   638      574.7715      577.9966  9243939    0.56%
  61748 42004      576.0982   352      574.7715      577.9966  9252027    0.56%
  61857 42106      577.7184   573      574.7715      577.9966  9261273    0.56%
  61918 42167      577.1922   421      574.7715      577.9966  9272152    0.56%
Elapsed time = 3399.21 sec. (3530254.39 ticks, tree = 94.01 MB, solutions = 1)
  62033 42282      575.9492   216      574.7715      577.9966  9282633    0.56%
  62077 42326      577.5069   602      574.7715      577.9966  9294948    0.56%
  62137 42386      576.9597   469      574.7715      577.9966  9303980    0.56%
  62235 42484      577.9030   797      574.7715      577.9964  9313531    0.56%
  62286 42535      577.3750   624      574.7715      577.9964  9325343    0.56%
  62344 42593      576.7977   454      574.7715      577.9964  9334001    0.56%
  62438 42687      577.6792   681      574.7715      577.9961  9342938    0.56%
  62518 42767      576.6085   354      574.7715      577.9961  9352744    0.56%
  62632 42876      577.5579   660      574.7715      577.9960  9362507    0.56%
  62673 42917      577.3836   535      574.7715      577.9960  9372087    0.56%
Elapsed time = 3437.47 sec. (3569035.40 ticks, tree = 95.61 MB, solutions = 1)
  62740 42984      576.8646   387      574.7715      577.9960  9381245    0.56%
  62845 43089      577.8113   660      574.7715      577.9960  9391843    0.56%
  62933 43177      576.9947   297      574.7715      577.9960  9400983    0.56%
  63059 43303      577.6932   657      574.7715      577.9959  9411868    0.56%
  63105 43349      577.2619   533      574.7715      577.9959  9422199    0.56%
  63170 43414      576.7692   417      574.7715      577.9959  9431725    0.56%
  63252 43496      577.5142   638      574.7715      577.9959  9440278    0.56%
  63349 43593      576.2477   238      574.7715      577.9959  9448599    0.56%
  63438 43677      577.8608   608      574.7715      577.9957  9458773    0.56%
  63497 43736      577.2777   504      574.7715      577.9957  9468651    0.56%
Elapsed time = 3475.94 sec. (3607460.77 ticks, tree = 97.41 MB, solutions = 1)
  63593 43832      576.5478   284      574.7715      577.9957  9478823    0.56%
  63667 43906      577.2836   566      574.7715      577.9955  9488646    0.56%
  63789 44028      575.3169   210      574.7715      577.9955  9497467    0.56%
  63846 44078      577.7564   615      574.7715      577.9948  9506683    0.56%
  63902 44134      577.3704   454      574.7715      577.9948  9517604    0.56%
  63996 44228      576.6842   275      574.7715      577.9948  9527363    0.56%
  64062 44294      577.6060   620      574.7715      577.9947  9538126    0.56%
  64113 44345      577.1943   519      574.7715      577.9947  9549653    0.56%
  64186 44418      576.6164   320      574.7715      577.9947  9559702    0.56%
  64258 44490      577.6023   631      574.7715      577.9944  9570706    0.56%
Elapsed time = 3514.33 sec. (3645978.72 ticks, tree = 99.04 MB, solutions = 1)
  64311 44543      577.0918   445      574.7715      577.9944  9581425    0.56%
  64400 44632      576.4346   317      574.7715      577.9944  9591941    0.56%
  64474 44706      577.0633   444      574.7715      577.9944  9602743    0.56%
  64638 44870      577.8743   700      574.7715      577.9943  9611034    0.56%
  64681 44913      577.6625   552      574.7715      577.9943  9622335    0.56%
  64735 44967      577.2529   463      574.7715      577.9943  9632104    0.56%
  64837 45069      577.8277   737      574.7715      577.9942  9642567    0.56%
  64929 45161      576.4958   357      574.7715      577.9942  9651208    0.56%
  65033 45259      577.6397   630      574.7715      577.9940  9660938    0.56%
  65340 45566      576.4744   293      574.7715      577.9940  9699067    0.56%
Elapsed time = 3565.12 sec. (3696003.98 ticks, tree = 101.41 MB, solutions = 1)
  65657 45874      577.8165   550      574.7715      577.9939  9740011    0.56%
  65978 46181      576.7157   379      574.7715      577.9935  9777230    0.56%

Implied bound cuts applied:  1
Flow cuts applied:  122
Mixed integer rounding cuts applied:  385
Lift and project cuts applied:  25
Gomory fractional cuts applied:  12
User cuts applied:  896

Root node processing (before b&c):
  Real time             =    4.84 sec. (4769.38 ticks)
Sequential b&c:
  Real time             = 3595.16 sec. (3726237.63 ticks)
                          ------------
Total (root+branch&cut) = 3600.00 sec. (3731007.01 ticks)
|V|                                     600
K                                       200
theta                                   0.10
r                                       2
R                                       20
prob_func                               facility_mixture
mixture_low_share                       0.100000
mixture_low_interval                    [0.001000, 0.010000]
mixture_high_interval                   [0.100000, 0.500000]
mixture_seed                            1
#C1                                     842
#CP                                     21738

@Parameters: 
am_callback_heuristic                   false
am_local_search                         true
am_start_heuristic                      false
colocation                              true
comp                                    false
cutC                                    true
cutC_init                               false
cutF                                    false
cutF_init                               false
cutF_stable                             false
cutF_wrong                              false
cutLocal                                false
cutM                                    true
cutM_init                               true
cutM_stable                             false
cutP                                    true
cutP_init                               false
cutP_stable                             false
init                                    true
init_cutF_zero                          false
init_val_greedy                         true
is_Euclidean                            false
is_local_search                         false
is_right_cutP                           true
is_root                                 false
is_silent                               false
is_start                                false
mycut                                   false
pmed                                    false
pre                                     true
stable_root                             false
str                                     false
two_phase                               false
ubstr                                   false
mode                                    Int

am_callback_node_space                  50
init                                    0
mixture_seed                            1
node_space                              5
nodelimit                               -1
nsepa                                   1
strF                                    0
type_delta                              0

EPS                                     0.001000
EPS_FRAC                                0.00
gap                                     0.00
mixture_high_max                        0.50
mixture_high_min                        0.10
mixture_low_max                         0.01
mixture_low_min                         0.00
mixture_low_share                       0.10
timelimit                               3600.00

Number of Closed Sites: 4 / 800 
Number of Confined Sites-1: 9 / 1791 
Number of Confined Sites-k: 587 / 9922 
Preprocess Time: 1.46 + 0.00 sec

Solve Time: 3600.00
Number of Nodes: 66060
Termination Status: TIME_LIMIT

CutInfo: [phase] num / time (sec) / aver. num_nonzero
max              [LP]     0 / 0.00 / 0.00 [init]   365 / 0.01 / 1.62 [rLC]   314 / 0.24 / 3.27 [rUC]   561 / 0.05 / 2.52 [sLC]    54 / 0.01 / 3.98 [sUC]   783 / 1.55 / 3.28 
prod_oa          [LP]     0 / 0.00 / 0.00 [init]   222 / 0.00 / 22.51 [rLC]   317 / 0.01 / 35.23 [rUC]   622 / 0.09 / 29.44 [sLC]   344 / 0.01 / 28.10 [sUC]  1813 / 2.00 / 24.83 
prod_sm_fixed    [LP]     0 / 0.00 / 0.00 [init]     0 / 0.00 / 0.00 [rLC]     0 / 0.00 / 0.00 [rUC]     0 / 0.00 / 0.00 [sLC]     0 / 0.00 / 0.00 [sUC]     0 / 0.00 / 0.00 
prod_bin         [LP]     0 / 0.00 / 0.00 [init]     0 / 0.00 / 0.00 [rLC]     0 / 0.00 / 0.00 [rUC]     0 / 0.00 / 0.00 [sLC]     0 / 0.00 / 0.00 [sUC]     0 / 0.00 / 0.00 
prod_local       [LP]     0 / 0.00 / 0.00 [init]     0 / 0.00 / 0.00 [rLC]     0 / 0.00 / 0.00 [rUC]     0 / 0.00 / 0.00 [sLC]     0 / 0.00 / 0.00 [sUC]     0 / 0.00 / 0.00 
prod_sm_C        [LP]     0 / 0.00 / 0.00 [init]     0 / 0.00 / 0.00 [rLC]     0 / 0.00 / 0.00 [rUC]     0 / 0.00 / 0.00 [sLC]     0 / 0.00 / 0.00 [sUC]     0 / 0.00 / 0.00 
facet            [LP]     0 / 0.00 / 0.00 [init]     0 / 0.00 / 0.00 [rLC]     0 / 0.00 / 0.00 [rUC]     0 / 0.00 / 0.00 [sLC]     0 / 0.00 / 0.00 [sUC]     0 / 0.00 / 0.00 
Separation Round:   [LP] 0  [init] 1  [rLC] 2  [rUC] 19  [sLC] 2  [sUC] 131842  
Root Best Bound 581.861750
Root Best Integer: 574.771535
Best Bound: 577.993355
Best Integer: 574.771535
1: 12, 13, 16, 19, 22, 33, 38, 41, 42, 44, 46, 50, 55, 57, 60, 67, 70, 80, 82, 97, 99, 107, 111, 112, 116, 132, 137, 149, 150, 151, 152, 153, 155, 157, 158, 159, 161, 162, 163, 164, 174, 175, 178, 180, 186, 192, 196, 197, 198, 203, 204, 207, 208, 210, 215, 216, 219, 227, 235, 236, 237, 241, 247, 251, 252, 256, 263, 269, 271, 279, 280, 285, 288, 291, 297, 299, 300, 302, 304, 305, 313, 314, 318, 322, 329, 334, 336, 337, 341, 347, 349, 359, 368, 371, 374, 376, 380, 386, 394, 396, 398, 402, 405, 406, 407, 416, 418, 420, 421, 424, 435, 438, 440, 442, 456, 458, 459, 479, 482, 486, 487, 492, 501, 503, 507, 508, 523, 526, 532, 534, 540, 543, 556, 558, 559, 561, 571, 572, 582, 583, 589, 591, 596, 598, 600
2: 4, 85, 106, 117, 218, 369, 465, 484, 578
3: 30, 65, 123, 254, 366, 411, 423
4: 47, 68, 76, 194
Objective Value (calc): 574.771535
sum_etaM = 409.450668 / 409.450668
sum_etaP = 593.140520 / 593.140520
nL: 165
nCL: 20
mCL: 4
