Version identifier: 20.1.0.0 | 2020-11-10 | 9bedb6d68
CPXPARAM_Threads                                 1
CPXPARAM_TimeLimit                               3600
CPXPARAM_MIP_Tolerances_MIPGap                   0
Generic callback                                 0x60
1 of 1 MIP starts provided solutions.
MIP start 'm1' defined initial solution with objective 553.5268.
Tried aggregator 2 times.
MIP Presolve eliminated 15 rows and 6 columns.
Aggregator did 9 substitutions.
Reduced MIP has 1819 rows, 2385 columns, and 10375 nonzeros.
Reduced MIP has 597 binaries, 588 generals, 0 SOSs, and 0 indicators.
Presolve time = 0.01 sec. (4.53 ticks)
Probing time = 0.00 sec. (0.57 ticks)
Tried aggregator 1 time.
Reduced MIP has 1819 rows, 2385 columns, and 10375 nonzeros.
Reduced MIP has 597 binaries, 588 generals, 0 SOSs, and 0 indicators.
Presolve time = 0.00 sec. (2.71 ticks)
Probing time = 0.00 sec. (0.57 ticks)
MIP emphasis: balance optimality and feasibility.
MIP search method: dynamic search.
Parallel mode: none, using 1 thread.
Root relaxation solution time = 0.02 sec. (25.38 ticks)

        Nodes                                         Cuts/
   Node  Left     Objective  IInf  Best Integer    Best Bound    ItCnt     Gap

*     0+    0                          553.5268      600.0000             8.40%
      0     0      581.5466   422      553.5268      581.5466     1120    5.06%
      0     0      560.9294   535      553.5268     Cuts: 481     1705    1.34%
      0     0      560.1212   543      553.5268     Cuts: 217     2086    1.19%
      0     0      559.9686   560      553.5268     Cuts: 122     2287    1.16%
      0     0      559.9186   560      553.5268      Cuts: 90     2423    1.15%
      0     0      559.8755   577      553.5268      Cuts: 52     2534    1.15%
      0     0      559.8660   566      553.5268      Cuts: 27     2584    1.15%
      0     0      559.8583   578      553.5268      Cuts: 29     2620    1.14%
      0     0      559.8561   576      553.5268      Cuts: 16     2643    1.14%
      0     0      559.8557   581      553.5268 UserPurge2: 5     2654    1.14%
      0     0      559.8555   575      553.5268 UserPurge2: 2     2662    1.14%
      0     0      559.8553   579      553.5268 UserPurge2: 3     2667    1.14%
      0     2      559.8553   579      553.5268      559.8549     2667    1.14%
Elapsed time = 2.38 sec. (1963.36 ticks, tree = 0.01 MB, solutions = 1)
     10    12      559.4181   538      553.5268      559.8548     4120    1.14%
     20    22      559.0849   529      553.5268      559.8548     5359    1.14%
     30    32      558.6938   501      553.5268      559.8548     6555    1.14%
     40    42      558.3994   473      553.5268      559.8548     7682    1.14%
     55    57      558.1350   458      553.5268      559.8548     8571    1.14%
     61    63      557.8746   456      553.5268      559.8548     9169    1.14%
     70    72      557.5605   416      553.5268      559.8548    10174    1.14%
     80    82      557.2590   405      553.5268      559.8548    11070    1.14%
     91    93      556.7370   386      553.5268      559.8548    12363    1.14%
    142   144      554.7286   307      553.5268      559.8548    15943    1.14%
Elapsed time = 8.07 sec. (5881.86 ticks, tree = 0.40 MB, solutions = 1)
    194   191      559.2251   535      553.5268      559.8197    20034    1.14%
    220   217      558.2619   483      553.5268      559.8197    23061    1.14%
    261   258      557.2962   400      553.5268      559.8197    26490    1.14%
    321   318      555.4057   279      553.5268      559.8197    30261    1.14%
    391   383      558.7524   529      553.5268      559.7432    35480    1.12%
    418   410      558.5555   506      553.5268      559.7410    39054    1.12%
    443   435      557.5087   421      553.5268      559.7410    42381    1.12%

Performing restart 1

Repeating presolve.
Tried aggregator 1 time.
MIP Presolve modified 106 coefficients.
Reduced MIP has 1819 rows, 2385 columns, and 10375 nonzeros.
Reduced MIP has 597 binaries, 588 generals, 0 SOSs, and 0 indicators.
Presolve time = 0.00 sec. (2.81 ticks)
Tried aggregator 1 time.
Reduced MIP has 1819 rows, 2385 columns, and 10375 nonzeros.
Reduced MIP has 597 binaries, 588 generals, 0 SOSs, and 0 indicators.
Presolve time = 0.00 sec. (2.79 ticks)
Represolve time = 0.02 sec. (12.85 ticks)
    488     0      558.5222   640      553.5268     Cuts: 331    50443    0.90%
    488     0      558.0363   609      553.5268     Cuts: 281    50934    0.81%
    488     0      557.8844   684      553.5268     Cuts: 274    51326    0.79%
    488     0      557.7351   685      553.5268     Cuts: 275    51696    0.76%
    488     0      557.6457   717      553.5268     Cuts: 270    52118    0.74%
    488     0      557.5264   738      553.5268     Cuts: 271    52496    0.72%
    488     0      557.4441   750      553.5268     Cuts: 255    52866    0.71%
    488     0      557.3976   775      553.5268     Cuts: 251    53143    0.70%
    488     0      557.3292   765      553.5268     Cuts: 217    53519    0.69%
    488     0      557.2860   776      553.5268     Cuts: 222    53898    0.68%
    488     0      557.2081   801      553.5268     Cuts: 281    54367    0.67%
    488     0      557.1603   797      553.5268     Cuts: 222    54783    0.66%
    488     0      557.1122   775      553.5268     Cuts: 223    55158    0.65%
    488     0      557.0670   801      553.5268     Cuts: 205    55488    0.64%
    488     0      557.0262   805      553.5268     Cuts: 197    55886    0.63%
    488     0      556.9988   801      553.5268     Cuts: 206    56241    0.63%
    488     0      556.9813   805      553.5268     Cuts: 163    56458    0.62%
    488     0      556.9644   786      553.5268     Cuts: 164    56726    0.62%
    488     0      556.9547   822      553.5268     Cuts: 136    56955    0.62%
    488     0      556.9396   783      553.5268     Cuts: 147    57246    0.62%
    488     0      556.9293   784      553.5268     Cuts: 117    57466    0.61%
    488     2      556.9293   784      553.5268      556.9247    57466    0.61%
    489     3      556.9014   732      553.5268      556.9247    57769    0.61%
    490     4      556.7337   775      553.5268      556.9013    60506    0.61%
Elapsed time = 38.87 sec. (32876.69 ticks, tree = 0.01 MB, solutions = 1)
    491     5      556.8066   741      553.5268      556.9013    61562    0.61%
    492     6      556.7941   749      553.5268      556.8066    62206    0.59%
    493     7      556.7639   773      553.5268      556.8066    63039    0.59%
    494     8      556.7688   726      553.5268      556.7941    64036    0.59%
    495     9      556.7415   731      553.5268      556.7941    64826    0.59%
    496    10      556.7384   705      553.5268      556.7941    65546    0.59%
    497    11      556.7119   729      553.5268      556.7941    65958    0.59%
    498    12      556.7040   705      553.5268      556.7941    66404    0.59%
    499    13      556.6932   714      553.5268      556.7941    66882    0.59%
    500    14      556.6473   713      553.5268      556.7941    68337    0.59%
Elapsed time = 64.63 sec. (60678.34 ticks, tree = 0.07 MB, solutions = 1)
    501    15      556.6364   722      553.5268      556.7941    68933    0.59%
    502    16      556.6515   721      553.5268      556.7941    69238    0.59%
    504    18      556.6042   711      553.5268      556.7941    69919    0.59%
    505    19      556.6213   706      553.5268      556.7941    70235    0.59%
    507    21      556.6092   713      553.5268      556.7941    70899    0.59%
    508    22      556.5286   672      553.5268      556.7941    71567    0.59%
    510    24      556.5866   698      553.5268      556.7941    72100    0.59%
    512    26      556.5262   678      553.5268      556.7941    72715    0.59%
    514    28      556.5141   663      553.5268      556.7941    73718    0.59%
    516    30      556.4915   650      553.5268      556.7941    74486    0.59%
Elapsed time = 79.49 sec. (76675.94 ticks, tree = 0.19 MB, solutions = 1)
    518    32      556.4558   638      553.5268      556.7941    74838    0.59%
    521    35      556.4302   660      553.5268      556.7941    75809    0.59%
    523    37      556.4252   658      553.5268      556.7941    76510    0.59%
    525    39      556.3646   650      553.5268      556.7941    78588    0.59%
    527    41      556.3471   636      553.5268      556.7941    79809    0.59%
    529    43      556.3341   646      553.5268      556.7941    80542    0.59%
    532    46      556.3168   639      553.5268      556.7941    81411    0.59%
    535    49      556.3098   632      553.5268      556.7941    81888    0.59%
    538    52      556.2795   610      553.5268      556.7941    82779    0.59%
    545    59      556.2284   581      553.5268      556.7941    84034    0.59%
Elapsed time = 91.45 sec. (89294.96 ticks, tree = 0.45 MB, solutions = 1)
    548    62      556.2255   595      553.5268      556.7941    84999    0.59%
    551    65      556.1448   572      553.5268      556.7941    86667    0.59%
    558    72      556.1459   577      553.5268      556.7941    88440    0.59%
    568    82      556.0183   565      553.5268      556.7941    90241    0.59%
    576    90      555.8071   559      553.5268      556.7941    93029    0.59%
    588   102      555.7211   495      553.5268      556.7941    95806    0.59%
    601   115      555.5815   490      553.5268      556.7941    99503    0.59%
    612   126      555.4270   454      553.5268      556.7941   102169    0.59%
    628   142      555.4040   399      553.5268      556.7941   105322    0.59%
    648   162      555.2517   352      553.5268      556.7941   108642    0.59%
Elapsed time = 102.15 sec. (100137.10 ticks, tree = 0.72 MB, solutions = 1)
    668   182      555.1197   326      553.5268      556.7941   110810    0.59%
    692   206      554.8533   275      553.5268      556.7941   114754    0.59%
    709   223      554.5288   259      553.5268      556.7941   117545    0.59%
    728   242      554.2572   220      553.5268      556.7941   120677    0.59%
    758   272      554.1962   175      553.5268      556.7941   124149    0.59%
    786   300      553.9785   179      553.5268      556.7941   126896    0.59%
    827   332      556.6648   739      553.5268      556.7941   130621    0.59%
    830   335      556.5940   735      553.5268      556.7941   131752    0.59%
    838   343      556.4585   703      553.5268      556.7941   134754    0.59%
    844   349      556.3952   676      553.5268      556.7941   137722    0.59%
Elapsed time = 113.87 sec. (111195.50 ticks, tree = 1.09 MB, solutions = 1)
    850   355      556.2871   673      553.5268      556.7941   140650    0.59%
    858   363      556.1901   624      553.5268      556.7941   144350    0.59%
    868   373      556.0911   586      553.5268      556.7941   147808    0.59%
    878   383      556.0232   528      553.5268      556.7941   151380    0.59%
    889   394      555.8832   485      553.5268      556.7941   154315    0.59%
    901   406      555.7249   458      553.5268      556.7941   158195    0.59%
    915   420      555.6547   415      553.5268      556.7941   161661    0.59%
    928   433      555.4783   373      553.5268      556.7941   164441    0.59%
    939   444      555.3195   354      553.5268      556.7941   166251    0.59%
    958   463      555.1610   339      553.5268      556.7941   169484    0.59%
Elapsed time = 124.18 sec. (121883.16 ticks, tree = 1.30 MB, solutions = 1)
    975   480      555.0363   295      553.5268      556.7941   172044    0.59%
    998   503      554.8575   241      553.5268      556.7941   175076    0.59%
   1016   521      554.6493   210      553.5268      556.7941   177021    0.59%
   1066   571      554.3356   112      553.5268      556.7941   181500    0.59%
   1204   709      553.9614    22      553.5268      556.7941   186077    0.59%
   1268   763      556.6727   733      553.5268      556.7638   189292    0.58%
   1270   765      556.6375   745      553.5268      556.7415   192475    0.58%
   1276   771      556.5234   692      553.5268      556.7415   195813    0.58%
   1284   779      556.3140   651      553.5268      556.7415   199273    0.58%
   1289   784      556.2308   639      553.5268      556.7415   201563    0.58%
Elapsed time = 136.69 sec. (132266.72 ticks, tree = 2.03 MB, solutions = 1)
   1293   788      556.5515   701      553.5268      556.7408   204314    0.58%
   1300   795      556.3364   665      553.5268      556.7408   207515    0.58%
   1309   804      556.1949   630      553.5268      556.7408   210957    0.58%
   1322   817      555.9800   598      553.5268      556.7408   214628    0.58%
   1330   825      555.8765   561      553.5268      556.7408   217158    0.58%
   1345   840      555.6537   494      553.5268      556.7408   220817    0.58%
   1359   854      555.5076   485      553.5268      556.7408   224210    0.58%
   1372   867      555.3497   437      553.5268      556.7408   227120    0.58%
   1388   883      555.1964   368      553.5268      556.7408   230110    0.58%
   1490   985      556.6221   728      553.5268      556.7335   242908    0.58%
Elapsed time = 149.31 sec. (145334.49 ticks, tree = 2.45 MB, solutions = 1)
   1518  1013      556.1702   604      553.5268      556.7335   255763    0.58%
   1551  1046      555.6617   552      553.5268      556.7335   267472    0.58%
   1609  1104      555.0222   369      553.5268      556.7335   279383    0.58%
   1696  1191      556.4296   704      553.5268      556.7327   291943    0.58%
   1741  1236      555.5109   511      553.5268      556.7327   304733    0.58%
   1848  1337      556.6073   745      553.5268      556.7036   315012    0.57%
   1877  1366      556.2037   626      553.5268      556.7036   328322    0.57%
   1913  1402      555.7586   546      553.5268      556.7036   341786    0.57%
   1949  1438      555.3871   432      553.5268      556.7036   352003    0.57%
   2028  1517      554.6468   241      553.5268      556.7036   364465    0.57%
Elapsed time = 186.07 sec. (184091.30 ticks, tree = 3.64 MB, solutions = 1)
   2111  1600      556.0356   577      553.5268      556.7036   378183    0.57%
   2198  1687      553.8708   228      553.5268      556.7036   392663    0.57%
   2241  1724      556.1274   574      553.5268      556.6725   405325    0.57%
   2293  1776      555.4566   452      553.5268      556.6725   418599    0.57%
   2444  1927      554.2816   136      553.5268      556.6725   431910    0.57%
   2523  2006      555.8044   541      553.5268      556.6723   445032    0.57%
   2613  2088      556.6186   707      553.5268      556.6648   457273    0.57%
   2643  2118      556.1510   614      553.5268      556.6648   470118    0.57%
   2697  2172      555.4114   413      553.5268      556.6648   483753    0.57%
   2799  2274      554.5815   235      553.5268      556.6648   497220    0.57%
Elapsed time = 224.76 sec. (222499.63 ticks, tree = 5.33 MB, solutions = 1)
   2913  2388      556.0281   556      553.5268      556.6471   510920    0.56%
   3018  2493      553.5688   156      553.5268      556.6471   523701    0.56%
   3051  2522      556.0290   537      553.5268      556.6466   536249    0.56%
   3103  2574      555.4617   408      553.5268      556.6466   548039    0.56%
   3290  2761      556.5369   712      553.5268      556.6390   563922    0.56%
   3327  2798      555.8603   570      553.5268      556.6390   576954    0.56%
   3367  2838      555.4110   452      553.5268      556.6390   586972    0.56%
   3444  2915      554.6195   252      553.5268      556.6390   600132    0.56%
   3508  2979      556.3363   686      553.5268      556.6389   612350    0.56%
   3544  3015      555.8450   540      553.5268      556.6389   625881    0.56%
Elapsed time = 262.70 sec. (261333.01 ticks, tree = 6.97 MB, solutions = 1)
   3607  3078      555.3317   344      553.5268      556.6389   639845    0.56%
   3698  3169      556.4628   677      553.5268      556.6363   653791    0.56%
   3741  3212      555.4325   415      553.5268      556.6363   666729    0.56%
   3828  3294      556.2557   654      553.5268      556.6362   680902    0.56%
   3869  3335      555.6520   539      553.5268      556.6362   694157    0.56%
   3929  3395      555.2254   375      553.5268      556.6362   707054    0.56%
   4043  3509      554.3592   177      553.5268      556.6362   722577    0.56%
   4119  3585      555.8703   537      553.5268      556.6260   735761    0.56%
   4214  3674      556.5937   717      553.5268      556.6235   747485    0.56%
   4245  3705      556.1576   589      553.5268      556.6235   760412    0.56%
Elapsed time = 300.16 sec. (299874.47 ticks, tree = 8.43 MB, solutions = 1)
   4283  3743      555.7588   518      553.5268      556.6235   772860    0.56%
   4340  3800      555.1944   332      553.5268      556.6235   785977    0.56%
   4493  3953      556.5423   723      553.5268      556.6212   799381    0.56%
   4531  3991      555.6393   502      553.5268      556.6212   811711    0.56%
   4630  4072      556.5353   716      553.5268      556.6208   822011    0.56%
   4658  4100      556.2007   597      553.5268      556.6208   835347    0.56%
   4698  4140      555.7924   466      553.5268      556.6208   847844    0.56%
   4760  4202      555.3819   311      553.5268      556.6208   858961    0.56%
   4902  4344      555.7022   618      553.5268      556.6206   873176    0.56%
   4992  4434      553.5940   205      553.5268      556.6206   886652    0.56%
Elapsed time = 339.21 sec. (338596.14 ticks, tree = 10.17 MB, solutions = 1)
   5030  4462      556.1722   584      553.5268      556.6124   899196    0.56%
   5069  4501      555.7223   477      553.5268      556.6124   911620    0.56%
   5123  4555      555.4060   351      553.5268      556.6124   922193    0.56%
   5290  4722      556.5659   704      553.5268      556.6101   936940    0.56%
   5319  4751      556.2406   608      553.5268      556.6101   950039    0.56%
   5362  4794      555.7424   459      553.5268      556.6101   962342    0.56%
   5458  4890      554.9328   254      553.5268      556.6101   974188    0.56%
   5513  4945      556.3412   630      553.5268      556.6093   986358    0.56%
   5555  4987      555.8380   462      553.5268      556.6093   999696    0.56%
   5619  5051      555.2824   290      553.5268      556.6093  1010659    0.56%
Elapsed time = 376.38 sec. (377073.58 ticks, tree = 11.46 MB, solutions = 1)
   5711  5143      556.1301   593      553.5268      556.6072  1023394    0.56%
   5810  5235      556.4928   718      553.5268      556.6072  1037688    0.56%
   5844  5269      556.1617   566      553.5268      556.6072  1050760    0.56%
   5893  5318      555.6205   422      553.5268      556.6072  1063393    0.56%
   5991  5416      554.8293   181      553.5268      556.6072  1077775    0.56%
   6114  5539      556.1008   581      553.5268      556.6040  1092571    0.56%
   6206  5631      553.7123   187      553.5268      556.6040  1105222    0.56%
   6236  5656      556.1323   606      553.5268      556.6039  1117174    0.56%
   6273  5693      555.8484   496      553.5268      556.6039  1129047    0.56%
   6318  5738      555.2688   361      553.5268      556.6039  1139395    0.56%
Elapsed time = 415.06 sec. (415570.44 ticks, tree = 12.91 MB, solutions = 1)
   6490  5910      556.4622   689      553.5268      556.6013  1155335    0.56%
   6554  5974      555.3961   338      553.5268      556.6013  1168553    0.56%
   6636  6044      555.6978   635      553.5268      556.5985  1181442    0.55%
   6681  6089      555.2480   462      553.5268      556.5985  1195227    0.55%
   6742  6150      554.5704   296      553.5268      556.5985  1209330    0.55%
   6858  6253      553.5299   105      553.5268      556.5985  1220269    0.55%
   6915  6300      555.8452   418      553.5268      556.5985  1232137    0.55%
   7032  6411      556.4119   639      553.5268      556.5970  1246616    0.55%
   7074  6453      555.9780   499      553.5268      556.5970  1260396    0.55%
   7123  6502      555.4287   368      553.5268      556.5970  1271299    0.55%
Elapsed time = 453.78 sec. (454071.64 ticks, tree = 14.54 MB, solutions = 1)
   7290  6669      556.5579   688      553.5268      556.5969  1286191    0.55%
   7325  6704      556.2157   595      553.5268      556.5969  1299238    0.55%
   7368  6747      555.8317   472      553.5268      556.5969  1311043    0.55%
   7483  6862      554.6708   182      553.5268      556.5969  1324597    0.55%
   7520  6899      556.2899   560      553.5268      556.5912  1337383    0.55%
   7566  6945      555.8301   455      553.5268      556.5912  1350052    0.55%
   7625  7004      555.2594   291      553.5268      556.5912  1360258    0.55%
   7711  7090      556.1628   554      553.5268      556.5910  1374136    0.55%
   7808  7187      554.7767   185      553.5268      556.5910  1385671    0.55%
   7922  7301      556.1053   624      553.5268      556.5908  1395558    0.55%
Elapsed time = 492.48 sec. (492600.29 ticks, tree = 21.07 MB, solutions = 1)
   8036  7415      555.0960   282      553.5268      556.5908  1407053    0.55%
   8154  7533      555.3915   385      553.5268      556.5891  1417042    0.55%
   8260  7633      556.2990   591      553.5268      556.5881  1426785    0.55%
   8335  7708      555.5591   368      553.5268      556.5881  1435307    0.55%
   8521  7894      556.0096   504      553.5268      556.5866  1445040    0.55%
   8671  8033      556.2254   619      553.5268      556.5866  1455539    0.55%
   8715  8077      555.9518   495      553.5268      556.5866  1463889    0.55%
   8778  8140      555.3889   265      553.5268      556.5866  1470404    0.55%
   8934  8296      555.8191   442      553.5268      556.5857  1480975    0.55%
   9088  8434      556.3660   654      553.5268      556.5854  1490392    0.55%
Elapsed time = 536.07 sec. (531079.58 ticks, tree = 46.39 MB, solutions = 1)
   9160  8506      555.7685   427      553.5268      556.5854  1500045    0.55%
   9290  8636      556.5042   697      553.5268      556.5834  1509553    0.55%
   9351  8697      555.9477   494      553.5268      556.5834  1519880    0.55%
   9478  8824      554.7624   238      553.5268      556.5834  1530847    0.55%
   9550  8896      556.0649   494      553.5268      556.5834  1540871    0.55%
   9641  8987      555.2645   210      553.5268      556.5834  1548609    0.55%
   9840  9186      553.8515    93      553.5268      556.5828  1559358    0.55%
   9917  9255      555.5667   551      553.5268      556.5821  1568885    0.55%
   9997  9335      554.7611   311      553.5268      556.5821  1577609    0.55%
  10133  9471      555.9470   470      553.5268      556.5812  1587266    0.55%
Elapsed time = 577.27 sec. (569625.42 ticks, tree = 72.83 MB, solutions = 1)
  10248  9586      553.7420    82      553.5268      556.5812  1592061    0.55%
  10249  9587      556.5580   719      553.5268      556.5763  1592264    0.55%
  10250  9588      556.5134   708      553.5268      556.5721  1592860    0.55%
  10310  9648      555.9727   505      553.5268      556.5693  1602499    0.55%
  10378  9716      555.3575   311      553.5268      556.5693  1608539    0.55%
  10685 10015      556.2050   578      553.5268      556.5684  1619044    0.55%
  10847 10171      556.3796   688      553.5268      556.5681  1629359    0.55%
  10908 10232      555.9129   479      553.5268      556.5681  1639228    0.55%
  10976 10300      555.3020   340      553.5268      556.5681  1647306    0.55%
  11223 10537      556.4891   694      553.5268      556.5673  1658249    0.55%
Elapsed time = 622.34 sec. (609749.17 ticks, tree = 100.71 MB, solutions = 1)
  11288 10602      555.9318   492      553.5268      556.5673  1668676    0.55%
  11384 10698      554.9915   245      553.5268      556.5673  1676151    0.55%
  11510 10824      556.1403   639      553.5268      556.5673  1685171    0.55%
  11575 10889      555.4770   427      553.5268      556.5673  1694548    0.55%
  11657 10971      554.7105   297      553.5268      556.5673  1701925    0.55%
  11764 11078      554.7586   301      553.5268      556.5664  1711537    0.55%
  11868 11173      555.6305   642      553.5268      556.5631  1721624    0.55%
  11948 11253      554.8614   419      553.5268      556.5631  1731713    0.55%
  12064 11369      553.6284   179      553.5268      556.5631  1740984    0.55%
  12180 11477      554.9565   206      553.5268      556.5605  1749467    0.55%
Elapsed time = 665.26 sec. (648286.57 ticks, tree = 122.50 MB, solutions = 1)
  12328 11625      556.0703   607      553.5268      556.5602  1759659    0.55%
  12397 11694      555.3891   440      553.5268      556.5602  1769285    0.55%
  12494 11791      556.4627   730      553.5268      556.5595  1776390    0.55%
  12667 11964      553.8179    25      553.5268      556.5595  1785969    0.55%
  12748 12045      555.7315   511      553.5268      556.5587  1796161    0.55%
  12827 12124      555.0164   297      553.5268      556.5587  1804120    0.55%
  12936 12233      555.7459   500      553.5268      556.5583  1813252    0.55%
  13109 12405      556.1884   643      553.5268      556.5580  1823590    0.55%
  13185 12481      555.4480   382      553.5268      556.5580  1832285    0.55%
  13304 12600      556.4274   641      553.5268      556.5579  1841132    0.55%
Elapsed time = 706.98 sec. (686738.01 ticks, tree = 142.65 MB, solutions = 1)
  13365 12661      555.8647   472      553.5268      556.5579  1848974    0.55%
  13490 12786      556.4703   715      553.5268      556.5578  1858014    0.55%
  13550 12846      555.8510   473      553.5268      556.5578  1866949    0.55%
  13629 12925      555.0028   298      553.5268      556.5578  1874333    0.55%
  13733 13029      555.8146   510      553.5268      556.5571  1882650    0.55%
  13912 13208      556.2565   631      553.5268      556.5560  1893360    0.55%
  13985 13281      555.4481   408      553.5268      556.5560  1903305    0.55%
  14091 13387      556.4709   712      553.5268      556.5560  1911635    0.55%
  14290 13586      555.8991   750      553.5268      556.5560  1921407    0.55%
  14346 13642      555.1974   586      553.5268      556.5560  1931590    0.55%
Elapsed time = 747.73 sec. (725219.69 ticks, tree = 169.28 MB, solutions = 1)
  14430 13726      554.2773   335      553.5268      556.5560  1940925    0.55%
  14538 13834      555.1190   410      553.5268      556.5555  1949905    0.55%
  14684 13975      556.3485   638      553.5268      556.5531  1958833    0.55%
  14745 14036      555.7756   451      553.5268      556.5531  1966931    0.55%
  14832 14123      555.1012   301      553.5268      556.5531  1974692    0.55%
  14959 14250      554.8275   344      553.5268      556.5530  1983836    0.55%
  15096 14379      556.1091   626      553.5268      556.5527  1993983    0.55%
  15159 14442      555.6422   439      553.5268      556.5527  2003134    0.55%
  15268 14551      554.6894   190      553.5268      556.5527  2011288    0.55%
  15344 14627      555.7353   479      553.5268      556.5519  2020570    0.55%
Elapsed time = 787.94 sec. (763673.37 ticks, tree = 194.93 MB, solutions = 1)
  15426 14709      554.9814   291      553.5268      556.5519  2027200    0.55%
  15528 14811      556.0439   541      553.5268      556.5511  2036642    0.55%
  15601 14884      555.5124   390      553.5268      556.5511  2044995    0.55%
  15712 14995      556.0949   579      553.5268      556.5511  2054093    0.55%
  15899 15182      556.3529   673      553.5268      556.5508  2064243    0.55%
  15947 15230      555.8201   513      553.5268      556.5508  2072527    0.55%
  16029 15312      555.1031   297      553.5268      556.5508  2080698    0.55%
  16137 15420      555.7707   457      553.5268      556.5507  2090008    0.55%
  16315 15598      556.2024   611      553.5268      556.5503  2100076    0.55%
  16382 15665      555.6202   415      553.5268      556.5503  2107703    0.55%
Elapsed time = 828.30 sec. (802211.30 ticks, tree = 215.33 MB, solutions = 1)
  16502 15785      556.2433   570      553.5268      556.5494  2116148    0.55%
  16693 15976      556.3790   684      553.5268      556.5484  2125687    0.55%
  16747 16030      555.9389   491      553.5268      556.5484  2134882    0.55%
  16829 16112      555.0957   282      553.5268      556.5484  2142317    0.55%
  16937 16220      555.6772   458      553.5268      556.5482  2151159    0.55%
  17109 16392      555.6131   659      553.5268      556.5482  2161146    0.55%
  17172 16455      555.0112   451      553.5268      556.5482  2170123    0.55%
  17283 16566      554.2169   218      553.5268      556.5482  2179224    0.55%
  17335 16618      556.0052   531      553.5268      556.5481  2188070    0.55%
  17407 16690      555.4884   331      553.5268      556.5481  2195307    0.55%
Elapsed time = 868.67 sec. (840817.44 ticks, tree = 247.75 MB, solutions = 1)
  17503 16786      556.2182   633      553.5268      556.5475  2203207    0.55%
  17572 16855      555.4587   425      553.5268      556.5475  2212510    0.55%
  17667 16950      554.5755   210      553.5268      556.5475  2219546    0.55%
  17812 17095      554.5979   160      553.5268      556.5474  2229609    0.55%
  17929 17209      555.9245   556      553.5268      556.5470  2238783    0.55%
  18007 17287      555.2585   358      553.5268      556.5470  2246498    0.55%
  18125 17405      555.1937   535      553.5268      556.5448  2255120    0.55%
  18274 17546      556.3284   595      553.5268      556.5442  2265183    0.55%
  18330 17602      555.7056   474      553.5268      556.5442  2273374    0.55%
  18432 17704      554.7049   232      553.5268      556.5442  2282210    0.55%
Elapsed time = 908.95 sec. (879325.71 ticks, tree = 274.32 MB, solutions = 1)
  18553 17825      555.5815   403      553.5268      556.5441  2291296    0.55%
  18715 17987      556.2828   588      553.5268      556.5440  2301686    0.55%
  18786 18058      555.4710   428      553.5268      556.5440  2311106    0.55%
  18892 18164      556.4623   685      553.5268      556.5439  2320056    0.55%
  19090 18362      556.4807   711      553.5268      556.5423  2329527    0.54%
  19142 18414      555.8920   517      553.5268      556.5423  2339686    0.54%
  19217 18489      555.3157   359      553.5268      556.5423  2347755    0.54%
  19308 18580      556.1939   674      553.5268      556.5420  2356911    0.54%
  19374 18646      555.6120   460      553.5268      556.5420  2365952    0.54%
  19454 18726      554.9606   261      553.5268      556.5420  2373441    0.54%
Elapsed time = 949.65 sec. (917938.06 ticks, tree = 300.35 MB, solutions = 1)
  19529 18801      555.9837   577      553.5268      556.5389  2382730    0.54%
  19618 18890      555.1823   353      553.5268      556.5389  2392271    0.54%
  19722 18994      556.0247   512      553.5268      556.5384  2401522    0.54%
  19901 19173      556.3820   640      553.5268      556.5380  2411939    0.54%
  19959 19231      555.7525   484      553.5268      556.5380  2420582    0.54%

Performing restart 2

Repeating presolve.
Tried aggregator 1 time.
MIP Presolve modified 55 coefficients.
Reduced MIP has 1819 rows, 2385 columns, and 10375 nonzeros.
Reduced MIP has 597 binaries, 588 generals, 0 SOSs, and 0 indicators.
Presolve time = 0.00 sec. (2.81 ticks)
Tried aggregator 1 time.
Reduced MIP has 1819 rows, 2385 columns, and 10375 nonzeros.
Reduced MIP has 597 binaries, 588 generals, 0 SOSs, and 0 indicators.
Presolve time = 0.00 sec. (2.79 ticks)
Represolve time = 0.12 sec. (36.02 ticks)
  20012     0      556.7000   820      553.5268     Cuts: 183  2431981    0.54%
  20012     0      556.6617   815      553.5268     Cuts: 155  2432356    0.54%
  20012     0      556.6135   788      553.5268     Cuts: 151  2432745    0.54%
  20012     0      556.5940   820      553.5268     Cuts: 127  2433049    0.54%
  20012     0      556.5697   807      553.5268     Cuts: 142  2433473    0.54%
  20012     0      556.5529   814      553.5268     Cuts: 154  2433798    0.54%
  20012     0      556.5380   829      553.5268     Cuts: 116  2434010    0.54%
  20012     0      556.5197   821      553.5268     Cuts: 133  2434283    0.54%
  20012     0      556.5088   815      553.5268     Cuts: 140  2434545    0.54%
  20012     0      556.4999   825      553.5268     Cuts: 101  2434746    0.54%
  20012     0      556.4910   791      553.5268     Cuts: 110  2434974    0.54%
  20012     0      556.4837   814      553.5268     Cuts: 124  2435202    0.53%
  20012     0      556.4768   830      553.5268     Cuts: 124  2435484    0.53%
  20012     0      556.4706   845      553.5268      Cuts: 97  2435714    0.53%
  20012     0      556.4677   824      553.5268      Cuts: 82  2435886    0.53%
  20012     0      556.4652   801      553.5268      Cuts: 70  2436019    0.53%
  20012     0      556.4609   848      553.5268      Cuts: 95  2436195    0.53%
  20012     0      556.4570   835      553.5268      Cuts: 85  2436394    0.53%
  20012     0      556.4552   848      553.5268      Cuts: 69  2436532    0.53%
  20012     2      556.4552   848      553.5268      556.4551  2436532    0.53%
  20013     3      556.4367   809      553.5268      556.4367  2436989    0.53%
  20015     5      556.4133   800      553.5268      556.4244  2437572    0.52%
  20017     7      556.3915   786      553.5268      556.4244  2438453    0.52%
  20019     9      556.3751   737      553.5268      556.4244  2440355    0.52%
Elapsed time = 1009.59 sec. (980772.10 ticks, tree = 0.02 MB, solutions = 1)
  20021    11      556.3824   750      553.5268      556.4244  2441096    0.52%
  20024    14      556.3808   758      553.5268      556.4244  2441892    0.52%
  20027    17      556.3562   769      553.5268      556.4244  2442708    0.52%
  20032    22      556.3273   667      553.5268      556.4244  2444220    0.52%
  20038    28      556.2386   623      553.5268      556.4244  2445476    0.52%
  20045    35      556.1496   590      553.5268      556.4244  2447440    0.52%
  20054    44      556.1428   542      553.5268      556.4244  2448767    0.52%
  20076    66      556.0391   495      553.5268      556.4244  2452975    0.52%
  20142   132      555.6423   314      553.5268      556.4244  2460388    0.52%
  20365   349      556.4163   817      553.5268      556.4163  2468125    0.52%
Elapsed time = 1050.89 sec. (1026089.22 ticks, tree = 0.73 MB, solutions = 1)
  20371   355      556.3738   778      553.5268      556.4162  2469660    0.52%
  20391   375      556.2401   671      553.5268      556.4162  2477477    0.52%
  20435   419      555.9568   465      553.5268      556.4162  2487760    0.52%
  20526   510      555.3892   266      553.5268      556.4162  2496094    0.52%
  20764   744      555.5872   759      553.5268      556.4150  2507037    0.52%
  20800   780      555.3439   603      553.5268      556.4150  2519866    0.52%
  20830   810      556.2032   677      553.5268      556.4133  2531740    0.52%
  20877   857      555.7740   536      553.5268      556.4133  2545106    0.52%
  20944   924      555.3984   342      553.5268      556.4133  2555636    0.52%
  21028  1008      556.1897   700      553.5268      556.4132  2567749    0.52%
Elapsed time = 1087.62 sec. (1065228.26 ticks, tree = 2.04 MB, solutions = 1)
  21062  1042      555.8897   566      553.5268      556.4132  2579820    0.52%
  21114  1094      555.5109   462      553.5268      556.4132  2592779    0.52%
  21198  1178      554.9601   237      553.5268      556.4132  2605357    0.52%
  21257  1237      555.8004   453      553.5268      556.4019  2617921    0.52%
  21420  1400      556.3429   772      553.5268      556.4019  2628677    0.52%
  21452  1432      556.0484   575      553.5268      556.4019  2641218    0.52%
  21508  1488      555.5183   434      553.5268      556.4019  2655078    0.52%
  21614  1594      556.4002   801      553.5268      556.4011  2666773    0.52%
  21663  1643      555.7169   461      553.5268      556.4011  2678381    0.52%
  21823  1803      556.1389   730      553.5268      556.4001  2690329    0.52%
Elapsed time = 1124.21 sec. (1103829.83 ticks, tree = 3.70 MB, solutions = 1)
  21860  1840      555.8774   542      553.5268      556.4001  2704424    0.52%
  21913  1893      555.4686   448      553.5268      556.4001  2716967    0.52%
  22017  1997      556.3550   771      553.5268      556.3992  2728222    0.52%
  22079  2059      555.5499   383      553.5268      556.3992  2739739    0.52%
  22228  2208      556.1618   720      553.5268      556.3985  2751594    0.52%
  22259  2239      555.8827   597      553.5268      556.3985  2764201    0.52%
  22305  2285      555.4958   466      553.5268      556.3985  2775277    0.52%
  22414  2394      556.3356   774      553.5268      556.3981  2787546    0.52%
  22468  2448      555.6504   445      553.5268      556.3981  2800296    0.52%
  22623  2603      555.5251   718      553.5268      556.3969  2811802    0.52%
Elapsed time = 1160.73 sec. (1142382.20 ticks, tree = 5.40 MB, solutions = 1)
  22664  2644      555.0805   561      553.5268      556.3969  2826183    0.52%
  22724  2704      554.6781   428      553.5268      556.3969  2839067    0.52%
  22817  2797      556.1381   746      553.5268      556.3951  2850711    0.52%
  22853  2833      555.7665   586      553.5268      556.3951  2863427    0.52%
  22896  2876      555.3076   481      553.5268      556.3951  2875706    0.52%
  22970  2950      554.7611   292      553.5268      556.3951  2887844    0.52%
  23038  3018      556.0783   709      553.5268      556.3950  2900956    0.52%
  23080  3060      555.7361   507      553.5268      556.3950  2914060    0.52%
  23140  3120      555.3805   355      553.5268      556.3950  2924998    0.52%
  23222  3202      556.2653   722      553.5268      556.3944  2935430    0.52%
Elapsed time = 1196.65 sec. (1180829.17 ticks, tree = 6.57 MB, solutions = 1)
  23272  3252      555.6824   423      553.5268      556.3944  2945451    0.52%
  23415  3395      556.3041   737      553.5268      556.3936  2954199    0.52%
  23444  3424      555.9878   640      553.5268      556.3936  2965564    0.52%
  23482  3462      555.7276   479      553.5268      556.3936  2976363    0.52%
  23547  3527      555.3219   333      553.5268      556.3936  2986855    0.52%
  23631  3611      555.9515   632      553.5268      556.3915  2997424    0.52%
  23700  3680      555.1638   328      553.5268      556.3915  3007230    0.52%
  23826  3806      555.5238   696      553.5268      556.3915  3017108    0.52%
  23862  3842      555.2142   564      553.5268      556.3915  3029177    0.52%
  23908  3888      554.8945   485      553.5268      556.3915  3040454    0.52%
Elapsed time = 1233.90 sec. (1219662.72 ticks, tree = 7.95 MB, solutions = 1)
  23994  3974      554.1616   220      553.5268      556.3915  3050352    0.52%
  24043  4023      555.9741   572      553.5268      556.3914  3060601    0.52%
  24133  4113      555.1725   202      553.5268      556.3914  3069550    0.52%
  24236  4216      556.0522   651      553.5268      556.3913  3081061    0.52%
  24272  4252      555.7180   539      553.5268      556.3913  3093630    0.52%
  24321  4301      555.4163   445      553.5268      556.3913  3104837    0.52%
  24397  4377      555.0305   235      553.5268      556.3913  3116203    0.52%
  24442  4422      555.9033   553      553.5268      556.3905  3127083    0.52%
  24614  4594      556.3291   758      553.5268      556.3900  3137433    0.52%
  24654  4634      555.8075   570      553.5268      556.3900  3150743    0.52%
Elapsed time = 1270.57 sec. (1258579.59 ticks, tree = 9.72 MB, solutions = 1)
  24703  4683      555.4906   430      553.5268      556.3900  3162588    0.52%
  24814  4794      556.1730   748      553.5268      556.3871  3173641    0.52%
  24847  4827      555.8328   603      553.5268      556.3871  3187138    0.52%
  24897  4877      555.4827   391      553.5268      556.3871  3199181    0.52%
  24988  4968      554.8890   240      553.5268      556.3871  3210883    0.52%
  25040  5020      556.0203   639      553.5268      556.3854  3223792    0.52%
  25082  5062      555.5905   544      553.5268      556.3854  3236586    0.52%
  25147  5127      555.2979   347      553.5268      556.3854  3248179    0.52%
  25225  5205      556.1318   645      553.5268      556.3847  3260392    0.52%
  25302  5282      555.3540   273      553.5268      556.3847  3270644    0.52%
Elapsed time = 1306.27 sec. (1297241.28 ticks, tree = 10.97 MB, solutions = 1)
  25433  5413      556.0982   651      553.5268      556.3832  3282054    0.52%
  25468  5448      555.7771   554      553.5268      556.3832  3294257    0.52%
  25521  5501      555.4704   379      553.5268      556.3832  3305578    0.52%
  25620  5600      556.3094   713      553.5268      556.3831  3317758    0.52%
  25675  5655      555.6881   392      553.5268      556.3831  3328706    0.52%
  25823  5803      556.2175   733      553.5268      556.3827  3340130    0.52%
  25859  5839      555.8544   539      553.5268      556.3827  3353355    0.52%
  25912  5892      555.5568   434      553.5268      556.3827  3364780    0.52%
  26011  5991      554.9950   232      553.5268      556.3827  3376709    0.52%
  26053  6033      555.8251   477      553.5268      556.3824  3388396    0.52%
Elapsed time = 1342.13 sec. (1335652.40 ticks, tree = 12.51 MB, solutions = 1)
  26219  6199      556.2455   725      553.5268      556.3824  3399339    0.52%
  26253  6233      555.7240   569      553.5268      556.3824  3412378    0.52%
  26301  6281      555.2790   451      553.5268      556.3824  3424006    0.52%
  26401  6381      554.5550   202      553.5268      556.3824  3436348    0.52%
  26461  6441      555.8171   439      553.5268      556.3813  3448406    0.52%
  26622  6602      556.3257   698      553.5268      556.3812  3459545    0.52%
  26652  6632      555.9987   603      553.5268      556.3812  3471491    0.52%
  26694  6674      555.7220   475      553.5268      556.3812  3482579    0.52%
  26776  6756      555.1199   259      553.5268      556.3812  3494267    0.52%
  26839  6819      556.0621   617      553.5268      556.3808  3506784    0.52%
Elapsed time = 1378.39 sec. (1374287.72 ticks, tree = 14.15 MB, solutions = 1)
  26884  6864      555.8577   521      553.5268      556.3808  3519840    0.52%
  26946  6926      555.3757   312      553.5268      556.3808  3531595    0.52%
  27022  7002      556.1828   687      553.5268      556.3808  3544646    0.52%
  27059  7039      555.7095   529      553.5268      556.3808  3557690    0.52%
  27120  7100      555.3008   350      553.5268      556.3808  3568874    0.52%
  27226  7206      556.0900   659      553.5268      556.3807  3581057    0.52%
  27339  7319      554.8841   196      553.5268      556.3807  3593291    0.52%
  27439  7419      556.1070   620      553.5268      556.3771  3605517    0.51%
  27487  7467      555.7776   502      553.5268      556.3771  3617901    0.51%
  27559  7539      555.4045   318      553.5268      556.3771  3629060    0.51%
Elapsed time = 1414.36 sec. (1412843.47 ticks, tree = 15.57 MB, solutions = 1)
  27636  7616      555.2939   549      553.5268      556.3764  3640834    0.51%
  27754  7734      554.2406   134      553.5268      556.3764  3651126    0.51%
  27838  7818      555.4106   636      553.5268      556.3754  3663308    0.51%
  27875  7855      555.0595   511      553.5268      556.3754  3675384    0.51%
  27939  7919      554.5204   352      553.5268      556.3754  3686784    0.51%
  28027  8007      556.1039   597      553.5268      556.3754  3697948    0.51%
  28104  8084      555.2875   306      553.5268      556.3754  3708548    0.51%
  28236  8216      556.0082   646      553.5268      556.3753  3720725    0.51%
  28288  8268      555.6466   518      553.5268      556.3753  3733689    0.51%
  28381  8361      555.1301   258      553.5268      556.3753  3744788    0.51%
Elapsed time = 1450.57 sec. (1451163.05 ticks, tree = 17.56 MB, solutions = 1)
  28440  8420      555.9077   567      553.5268      556.3751  3756182    0.51%
  28614  8594      556.3513   768      553.5268      556.3751  3766701    0.51%
  28647  8627      555.8627   622      553.5268      556.3751  3780247    0.51%
  28694  8674      555.5900   478      553.5268      556.3751  3792387    0.51%
  28764  8744      555.0982   306      553.5268      556.3751  3804211    0.51%
  28831  8811      556.1418   673      553.5268      556.3738  3816589    0.51%
  28872  8852      555.7354   522      553.5268      556.3738  3828106    0.51%
  28938  8918      555.2009   364      553.5268      556.3738  3838748    0.51%
  29022  9002      556.2570   727      553.5268      556.3738  3849481    0.51%
  29058  9038      555.7463   524      553.5268      556.3738  3861126    0.51%
Elapsed time = 1486.31 sec. (1489935.25 ticks, tree = 18.98 MB, solutions = 1)
  29115  9095      555.4406   397      553.5268      556.3738  3872338    0.51%
  29217  9197      556.2871   708      553.5268      556.3737  3884459    0.51%
  29276  9256      555.5796   395      553.5268      556.3737  3895186    0.51%
  29432  9412      556.1450   663      553.5268      556.3736  3906389    0.51%
  29477  9457      555.6825   496      553.5268      556.3736  3918186    0.51%
  29565  9545      554.8921   279      553.5268      556.3736  3929038    0.51%
  29644  9624      555.9467   551      553.5268      556.3736  3940863    0.51%
  29817  9797      556.3383   739      553.5268      556.3735  3951227    0.51%
  29853  9833      555.9997   592      553.5268      556.3735  3964543    0.51%
  29899  9879      555.7539   500      553.5268      556.3735  3976955    0.51%
Elapsed time = 1528.72 sec. (1528631.83 ticks, tree = 20.72 MB, solutions = 1)
  29963  9943      555.2741   317      553.5268      556.3735  3988510    0.51%
  30037 10017      555.9693   526      553.5268      556.3729  4000427    0.51%
  30214 10194      556.3187   728      553.5268      556.3723  4011002    0.51%
  30253 10233      555.9579   576      553.5268      556.3723  4024572    0.51%
  30306 10286      555.6580   427      553.5268      556.3723  4037576    0.51%
  30414 10394      555.6745   757      553.5268      556.3718  4048961    0.51%
  30473 10453      555.0224   377      553.5268      556.3718  4060204    0.51%
  30626 10606      556.1820   659      553.5268      556.3718  4071200    0.51%
  30661 10641      555.8214   539      553.5268      556.3718  4083815    0.51%
  30710 10690      555.5548   426      553.5268      556.3718  4094951    0.51%
Elapsed time = 1565.31 sec. (1567397.59 ticks, tree = 22.38 MB, solutions = 1)
  30803 10783      555.0603   222      553.5268      556.3718  4107154    0.51%
  30850 10830      555.7999   570      553.5268      556.3705  4120145    0.51%
  30916 10896      555.3404   386      553.5268      556.3705  4131718    0.51%
  31016 10996      556.1426   708      553.5268      556.3694  4143576    0.51%
  31054 11034      555.6803   522      553.5268      556.3694  4156858    0.51%
  31114 11094      555.0914   366      553.5268      556.3694  4168034    0.51%
  31220 11200      555.6117   697      553.5268      556.3659  4179582    0.51%
  31292 11272      554.8210   329      553.5268      556.3659  4190203    0.51%
  31429 11409      555.4831   666      553.5268      556.3640  4202127    0.51%
  31462 11442      555.1599   572      553.5268      556.3640  4214366    0.51%
Elapsed time = 1601.60 sec. (1606239.10 ticks, tree = 23.88 MB, solutions = 1)
  31510 11490      554.8149   393      553.5268      556.3640  4225919    0.51%
  31620 11600      556.2401   716      553.5268      556.3638  4237750    0.51%
  31684 11664      555.5348   338      553.5268      556.3638  4248357    0.51%
  31830 11810      556.0584   652      553.5268      556.3612  4260071    0.51%
  31873 11853      555.8218   526      553.5268      556.3612  4272007    0.51%
  31943 11923      555.3216   334      553.5268      556.3612  4282732    0.51%
  32031 12011      555.9714   618      553.5268      556.3610  4295481    0.51%
  32102 12082      555.1601   306      553.5268      556.3610  4305897    0.51%
  32237 12217      556.0502   621      553.5268      556.3593  4317903    0.51%
  32285 12265      555.6984   518      553.5268      556.3593  4330537    0.51%
Elapsed time = 1638.45 sec. (1644835.16 ticks, tree = 25.65 MB, solutions = 1)
  32374 12354      555.0284   260      553.5268      556.3593  4341321    0.51%
  32440 12420      555.9015   563      553.5268      556.3580  4352403    0.51%
  32614 12594      556.3021   769      553.5268      556.3579  4363351    0.51%
  32643 12623      555.9802   619      553.5268      556.3579  4375611    0.51%
  32686 12666      555.5379   451      553.5268      556.3579  4386812    0.51%
  32769 12749      554.8154   305      553.5268      556.3579  4398830    0.51%
  32833 12813      556.0438   653      553.5268      556.3567  4411646    0.51%
  32874 12854      555.7794   482      553.5268      556.3567  4422760    0.51%
  32951 12931      555.3243   311      553.5268      556.3567  4433960    0.51%
  33031 13011      555.8323   606      553.5268      556.3560  4444501    0.51%
Elapsed time = 1674.87 sec. (1683440.03 ticks, tree = 27.28 MB, solutions = 1)
  33068 13048      555.5900   495      553.5268      556.3560  4455926    0.51%
  33140 13120      555.2100   273      553.5268      556.3560  4467617    0.51%
  33241 13221      555.9415   540      553.5268      556.3558  4479675    0.51%
  33419 13399      556.2624   723      553.5268      556.3557  4489984    0.51%
  33452 13432      555.9045   572      553.5268      556.3557  4502740    0.51%
  33508 13488      555.5586   368      553.5268      556.3557  4513717    0.51%
  33621 13601      556.1968   684      553.5268      556.3548  4525235    0.51%
  33690 13670      555.4743   350      553.5268      556.3548  4534945    0.51%
  33831 13811      555.9114   626      553.5268      556.3543  4546919    0.51%
  33865 13845      555.7094   498      553.5268      556.3543  4558482    0.51%
Elapsed time = 1711.52 sec. (1722042.80 ticks, tree = 29.07 MB, solutions = 1)
  33927 13907      555.1231   374      553.5268      556.3543  4569909    0.51%
  34029 14009      556.0540   614      553.5268      556.3524  4580982    0.51%
  34129 14109      555.2031   229      553.5268      556.3524  4590572    0.51%
  34235 14215      555.9781   647      553.5268      556.3523  4602222    0.51%
  34273 14253      555.6729   495      553.5268      556.3523  4614541    0.51%
  34340 14320      555.2529   355      553.5268      556.3523  4625726    0.51%
  34429 14409      556.1152   619      553.5268      556.3514  4638410    0.51%
  34509 14489      555.3164   244      553.5268      556.3514  4649328    0.51%
  34637 14617      556.0385   655      553.5268      556.3514  4662136    0.51%
  34688 14668      555.6992   480      553.5268      556.3514  4675623    0.51%
Elapsed time = 1748.01 sec. (1760455.59 ticks, tree = 30.77 MB, solutions = 1)
  34778 14758      554.9135   261      553.5268      556.3514  4686981    0.51%
  34833 14813      556.0144   603      553.5268      556.3513  4696704    0.51%
  34874 14854      555.5734   480      553.5268      556.3513  4708667    0.51%
  34952 14932      554.8639   336      553.5268      556.3513  4719760    0.51%
  35032 15012      556.1975   683      553.5268      556.3511  4732114    0.51%
  35072 15052      555.7965   540      553.5268      556.3511  4744330    0.51%
  35131 15111      555.4353   399      553.5268      556.3511  4755724    0.51%
  35222 15202      556.1873   665      553.5268      556.3499  4767464    0.51%
  35296 15276      555.3202   279      553.5268      556.3499  4777641    0.51%
  35433 15413      555.8476   621      553.5268      556.3498  4789731    0.51%
Elapsed time = 1784.05 sec. (1799036.70 ticks, tree = 32.30 MB, solutions = 1)
  35479 15459      555.3539   452      553.5268      556.3498  4802194    0.51%
  35592 15572      554.7247   210      553.5268      556.3498  4812872    0.51%
  35653 15633      555.6651   500      553.5268      556.3493  4824630    0.51%
  35819 15799      556.0690   708      553.5268      556.3492  4835088    0.51%
  35850 15830      555.7987   593      553.5268      556.3492  4847237    0.51%
  35889 15869      555.5661   468      553.5268      556.3492  4858540    0.51%
  35973 15953      554.9166   288      553.5268      556.3492  4869600    0.51%
  36046 16026      555.8340   533      553.5268      556.3486  4881535    0.51%
  36217 16197      556.2413   721      553.5268      556.3469  4891184    0.51%
  36252 16232      555.7852   592      553.5268      556.3469  4904546    0.51%
Elapsed time = 1820.48 sec. (1837399.10 ticks, tree = 34.01 MB, solutions = 1)
  36302 16282      555.3922   478      553.5268      556.3469  4917828    0.51%
  36392 16372      554.7084   249      553.5268      556.3469  4929404    0.51%
  36450 16430      555.7352   515      553.5268      556.3468  4941696    0.51%
  36618 16598      556.3287   716      553.5268      556.3460  4952183    0.51%
  36655 16635      555.7717   553      553.5268      556.3460  4965183    0.51%
  36707 16687      555.4184   422      553.5268      556.3460  4975895    0.51%
  36818 16798      556.1507   675      553.5268      556.3459  4986875    0.51%
  36854 16834      555.9019   560      553.5268      556.3459  5000343    0.51%
  36905 16885      555.4112   430      553.5268      556.3459  5011509    0.51%
  37014 16994      556.2502   716      553.5268      556.3459  5022910    0.51%
Elapsed time = 1856.41 sec. (1875832.76 ticks, tree = 36.24 MB, solutions = 1)
  37048 17028      555.8399   601      553.5268      556.3459  5036516    0.51%
  37094 17074      555.4297   443      553.5268      556.3459  5048304    0.51%
  37196 17176      554.7091   251      553.5268      556.3459  5059294    0.51%
  37256 17236      555.7345   444      553.5268      556.3454  5070902    0.51%
  37422 17402      556.1659   723      553.5268      556.3452  5081318    0.51%
  37461 17441      555.7907   567      553.5268      556.3452  5094429    0.51%
  37513 17493      555.4965   457      553.5268      556.3452  5104803    0.51%
  37614 17594      556.2782   737      553.5268      556.3444  5116172    0.51%
  37684 17664      555.4635   341      553.5268      556.3444  5127023    0.51%
  37832 17812      556.1079   680      553.5268      556.3438  5138537    0.51%
Elapsed time = 1892.55 sec. (1914228.88 ticks, tree = 37.98 MB, solutions = 1)
  37870 17850      555.7852   528      553.5268      556.3438  5151101    0.51%
  37925 17905      555.3410   391      553.5268      556.3438  5162309    0.51%
  38022 18002      556.1051   622      553.5268      556.3437  5173579    0.51%
  38091 18071      555.4065   292      553.5268      556.3437  5184264    0.51%
  38234 18214      555.9330   602      553.5268      556.3436  5196226    0.51%
  38302 18282      555.4070   433      553.5268      556.3436  5210615    0.51%
  38419 18399      556.2690   719      553.5268      556.3435  5222611    0.51%
  38476 18456      555.6682   398      553.5268      556.3435  5233355    0.51%
  38628 18608      556.1353   612      553.5268      556.3434  5245139    0.51%
  38662 18642      555.8546   550      553.5268      556.3434  5256388    0.51%
Elapsed time = 1928.91 sec. (1952901.29 ticks, tree = 39.67 MB, solutions = 1)
  38719 18699      555.4180   383      553.5268      556.3434  5267846    0.51%
  38817 18797      556.2036   694      553.5268      556.3432  5279945    0.51%
  38860 18840      555.8636   510      553.5268      556.3432  5293477    0.51%
  38919 18899      555.5166   371      553.5268      556.3432  5305108    0.51%
  39020 19000      556.1767   705      553.5268      556.3431  5317367    0.51%
  39062 19042      555.7734   537      553.5268      556.3431  5331276    0.51%
  39132 19112      555.1514   381      553.5268      556.3431  5344006    0.51%
  39233 19213      555.8161   622      553.5268      556.3429  5355888    0.51%
  39336 19316      554.8678   209      553.5268      556.3429  5366304    0.51%
  39447 19427      555.8770   543      553.5268      556.3429  5379263    0.51%
Elapsed time = 1965.01 sec. (1991501.38 ticks, tree = 41.26 MB, solutions = 1)
  39502 19482      555.5008   454      553.5268      556.3429  5391637    0.51%
  39616 19596      556.3005   745      553.5268      556.3429  5402551    0.51%
  39674 19654      555.6306   390      553.5268      556.3429  5413519    0.51%
  39825 19805      556.2124   698      553.5268      556.3424  5424618    0.51%
  39859 19839      555.8887   583      553.5268      556.3424  5437289    0.51%
  39913 19893      555.4795   397      553.5268      556.3424  5448079    0.51%
  40017 19997      556.2689   720      553.5268      556.3424  5459482    0.51%
  40067 20047      555.6948   429      553.5268      556.3424  5470709    0.51%
  40224 20204      556.1790   672      553.5268      556.3423  5482257    0.51%
  40263 20243      555.7900   531      553.5268      556.3423  5496045    0.51%
Elapsed time = 2001.17 sec. (2030105.67 ticks, tree = 42.95 MB, solutions = 1)
  40323 20303      555.4418   426      553.5268      556.3423  5507105    0.51%
  40416 20396      556.2473   665      553.5268      556.3423  5518951    0.51%
  40473 20453      555.6069   380      553.5268      556.3423  5529974    0.51%
  40627 20607      556.2008   680      553.5268      556.3423  5541812    0.51%
  40658 20638      555.8469   584      553.5268      556.3423  5553923    0.51%
  40701 20681      555.4790   463      553.5268      556.3423  5565278    0.51%
  40793 20773      555.0084   261      553.5268      556.3423  5576885    0.51%
  40837 20817      556.0346   686      553.5268      556.3421  5590168    0.51%
  40872 20852      555.7186   576      553.5268      556.3421  5602277    0.51%
  40918 20898      555.3519   446      553.5268      556.3421  5614299    0.51%
Elapsed time = 2036.63 sec. (2068832.50 ticks, tree = 44.38 MB, solutions = 1)
  41016 20996      556.3065   720      553.5268      556.3421  5626455    0.51%
  41053 21033      555.9338   570      553.5268      556.3421  5640161    0.51%
  41102 21082      555.6158   435      553.5268      556.3421  5651536    0.51%
  41212 21192      555.0342   215      553.5268      556.3421  5662374    0.51%
  41264 21244      555.5510   426      553.5268      556.3419  5673985    0.51%
  41425 21405      555.4361   719      553.5268      556.3418  5684553    0.51%
  41463 21443      555.0577   576      553.5268      556.3418  5697704    0.51%
  41513 21493      554.8619   446      553.5268      556.3418  5708839    0.51%
  41612 21592      554.2245   213      553.5268      556.3418  5720749    0.51%
  41656 21636      555.6969   497      553.5268      556.3418  5732779    0.51%
Elapsed time = 2072.56 sec. (2107504.67 ticks, tree = 45.90 MB, solutions = 1)
  41822 21802      556.1587   686      553.5268      556.3417  5744532    0.51%
  41857 21837      555.8366   576      553.5268      556.3417  5756872    0.51%
  41907 21887      555.4832   443      553.5268      556.3417  5768237    0.51%
  42007 21987      554.7580   232      553.5268      556.3417  5779829    0.51%
  42055 22035      555.7049   493      553.5268      556.3416  5791530    0.51%
  42219 22199      556.1317   690      553.5268      556.3415  5802706    0.51%
  42258 22238      555.7821   573      553.5268      556.3415  5815846    0.51%
  42313 22293      555.3801   422      553.5268      556.3415  5826691    0.51%
  42420 22400      556.1463   695      553.5268      556.3413  5838938    0.51%
  42488 22468      555.2032   322      553.5268      556.3413  5851789    0.51%
Elapsed time = 2108.78 sec. (2146090.48 ticks, tree = 47.64 MB, solutions = 1)
  42630 22610      556.0436   640      553.5268      556.3411  5864638    0.51%
  42672 22652      555.6755   516      553.5268      556.3411  5877239    0.51%
  42742 22722      555.0740   353      553.5268      556.3411  5888774    0.51%
  42827 22807      555.3976   676      553.5268      556.3409  5901128    0.51%
  42868 22848      554.8604   535      553.5268      556.3409  5914636    0.51%
  42939 22919      554.3423   331      553.5268      556.3409  5925801    0.51%
  43027 23007      555.9870   663      553.5268      556.3409  5937155    0.51%
  43068 23048      555.7198   527      553.5268      556.3409  5950975    0.51%
  43127 23107      555.3004   370      553.5268      556.3409  5962734    0.51%
  43224 23204      556.1123   637      553.5268      556.3408  5974069    0.51%
Elapsed time = 2144.68 sec. (2184721.77 ticks, tree = 49.15 MB, solutions = 1)
  43306 23286      555.3104   298      553.5268      556.3408  5984867    0.51%
  43436 23416      556.0475   632      553.5268      556.3407  5996678    0.51%
  43474 23454      555.8022   467      553.5268      556.3407  6008269    0.51%
  43543 23523      555.3706   328      553.5268      556.3407  6019774    0.51%
  43632 23612      556.0547   586      553.5268      556.3406  6031630    0.51%
  43767 23747      554.8787   123      553.5268      556.3406  6041391    0.51%
  43843 23823      555.3270   588      553.5268      556.3400  6054765    0.51%
  43892 23872      554.8963   497      553.5268      556.3400  6066933    0.51%
  43985 23965      554.3082   252      553.5268      556.3400  6078157    0.51%
  44044 24024      555.8525   548      553.5268      556.3399  6089866    0.51%
Elapsed time = 2181.02 sec. (2223295.74 ticks, tree = 50.87 MB, solutions = 1)
  44217 24197      556.2625   677      553.5268      556.3398  6100613    0.51%
  44251 24231      555.8660   571      553.5268      556.3398  6114174    0.51%
  44305 24285      555.5402   366      553.5268      556.3398  6126290    0.51%
  44418 24398      556.2814   679      553.5268      556.3395  6138217    0.51%
  44483 24463      555.5475   345      553.5268      556.3395  6149592    0.51%
  44632 24612      556.0759   624      553.5268      556.3394  6161518    0.51%
  44681 24661      555.6383   470      553.5268      556.3394  6176077    0.51%
  44770 24750      555.0712   285      553.5268      556.3394  6187305    0.51%
  44834 24814      556.0717   624      553.5268      556.3392  6199467    0.51%
  44882 24862      555.8327   480      553.5268      556.3392  6213776    0.51%
Elapsed time = 2217.63 sec. (2262084.35 ticks, tree = 52.53 MB, solutions = 1)
  44982 24962      555.0733   257      553.5268      556.3392  6226909    0.51%
  45044 25024      555.8115   581      553.5268      556.3389  6240868    0.51%
  45101 25081      555.3622   415      553.5268      556.3389  6252331    0.51%
  45215 25195      555.6201   751      553.5268      556.3381  6263909    0.51%
  45266 25246      555.0655   461      553.5268      556.3381  6275605    0.51%
  45425 25403      555.3196   677      553.5268      556.3375  6287043    0.51%
  45475 25453      554.8174   505      553.5268      556.3375  6299697    0.51%
  45555 25533      554.0245   302      553.5268      556.3375  6309860    0.51%
  45636 25614      555.2465   591      553.5268      556.3370  6321506    0.51%
  45734 25712      554.3444   177      553.5268      556.3370  6332123    0.51%
Elapsed time = 2254.23 sec. (2300649.61 ticks, tree = 54.30 MB, solutions = 1)
  45834 25798      555.3487   624      553.5268      556.3370  6344035    0.51%
  45877 25841      555.0459   483      553.5268      556.3370  6356114    0.51%
  45961 25925      554.4318   271      553.5268      556.3370  6367779    0.51%
  46044 26008      555.9471   518      553.5268      556.3368  6378932    0.51%
  46216 26180      556.2412   703      553.5268      556.3368  6389786    0.51%
  46248 26212      555.8814   544      553.5268      556.3368  6401523    0.51%
  46292 26256      555.5748   412      553.5268      556.3368  6413629    0.51%
  46409 26373      554.7087   198      553.5268      556.3368  6425554    0.51%
  46462 26426      555.6688   448      553.5268      556.3368  6436481    0.51%
  46626 26590      556.1653   650      553.5268      556.3364  6448360    0.51%
Elapsed time = 2291.13 sec. (2339184.43 ticks, tree = 56.19 MB, solutions = 1)
  46665 26629      555.7125   564      553.5268      556.3364  6462245    0.51%
  46716 26680      555.3393   417      553.5268      556.3364  6473747    0.51%
  46816 26780      556.2117   713      553.5268      556.3363  6484522    0.51%
  46856 26820      555.8639   544      553.5268      556.3363  6498693    0.51%
  46919 26883      555.3799   357      553.5268      556.3363  6510113    0.51%
  47020 26984      556.1367   702      553.5268      556.3357  6523056    0.51%
  47062 27026      555.7116   542      553.5268      556.3357  6536696    0.51%
  47128 27092      555.3371   400      553.5268      556.3357  6549403    0.51%
  47224 27188      556.0896   672      553.5268      556.3354  6561433    0.51%
  47304 27268      555.2519   259      553.5268      556.3354  6571313    0.51%
Elapsed time = 2326.76 sec. (2377742.97 ticks, tree = 57.50 MB, solutions = 1)
  47435 27399      556.0358   612      553.5268      556.3354  6583442    0.51%
  47473 27437      555.6711   509      553.5268      556.3354  6595454    0.51%
  47548 27512      555.1845   275      553.5268      556.3354  6607462    0.51%
  47637 27601      555.9334   551      553.5268      556.3353  6618438    0.51%
  47762 27726      554.8137   126      553.5268      556.3353  6629063    0.51%
  47841 27805      555.8214   633      553.5268      556.3352  6642395    0.51%
  47883 27847      555.5115   528      553.5268      556.3352  6654399    0.51%
  47987 27951      554.9720   230      553.5268      556.3352  6665060    0.51%
  48060 28024      555.6689   409      553.5268      556.3350  6676026    0.51%
  48225 28189      556.0820   670      553.5268      556.3344  6687647    0.51%
Elapsed time = 2363.76 sec. (2416324.16 ticks, tree = 59.46 MB, solutions = 1)
  48259 28223      555.8318   553      553.5268      556.3344  6699261    0.51%
  48315 28279      555.5187   409      553.5268      556.3344  6709882    0.51%
  48416 28380      556.3039   705      553.5268      556.3344  6721720    0.51%
  48468 28432      555.6856   431      553.5268      556.3344  6732706    0.51%
  48625 28589      556.1569   647      553.5268      556.3340  6744194    0.51%
  48658 28622      555.9176   522      553.5268      556.3340  6755937    0.51%
  48706 28670      555.5176   434      553.5268      556.3340  6767420    0.51%
  48800 28764      554.9042   269      553.5268      556.3340  6779807    0.51%
  48844 28808      555.8432   572      553.5268      556.3339  6792554    0.51%
  48898 28862      555.4447   425      553.5268      556.3339  6804209    0.51%
Elapsed time = 2398.99 sec. (2454674.93 ticks, tree = 60.94 MB, solutions = 1)
  49015 28979      555.4572   724      553.5268      556.3334  6815732    0.51%
  49049 29013      555.1613   608      553.5268      556.3334  6829156    0.51%
  49087 29051      554.9282   456      553.5268      556.3334  6841138    0.51%
  49162 29126      554.3782   282      553.5268      556.3334  6853101    0.51%
  49243 29207      555.7196   544      553.5268      556.3320  6864865    0.51%
  49417 29381      556.2449   682      553.5268      556.3319  6875507    0.51%
  49457 29421      555.7583   558      553.5268      556.3319  6889140    0.51%
  49521 29485      555.4366   354      553.5268      556.3319  6901265    0.51%
  49630 29594      555.9401   633      553.5268      556.3319  6913475    0.51%
  49764 29728      554.6886   138      553.5268      556.3319  6922573    0.51%
Elapsed time = 2435.79 sec. (2493197.96 ticks, tree = 62.74 MB, solutions = 1)
  49840 29804      555.9235   618      553.5268      556.3318  6935241    0.51%
  49883 29847      555.6250   500      553.5268      556.3318  6947945    0.51%
  49952 29916      555.1495   362      553.5268      556.3318  6959514    0.51%
  50037 30001      555.7307   577      553.5268      556.3317  6972118    0.51%
  50180 30144      554.3101   108      553.5268      556.3317  6982940    0.51%
  50245 30209      555.8220   588      553.5268      556.3317  6996827    0.51%
  50297 30261      555.3855   431      553.5268      556.3317  7008971    0.51%
  50414 30378      556.1676   733      553.5268      556.3315  7020749    0.51%
  50469 30433      555.4615   375      553.5268      556.3315  7031383    0.51%
  50628 30592      556.0729   648      553.5268      556.3314  7043607    0.51%
Elapsed time = 2472.44 sec. (2531788.90 ticks, tree = 64.55 MB, solutions = 1)
  50677 30641      555.6694   461      553.5268      556.3314  7055740    0.51%
  50768 30732      554.8796   235      553.5268      556.3314  7067592    0.51%
  50841 30805      555.2855   606      553.5268      556.3313  7080467    0.51%
  50889 30853      554.9144   427      553.5268      556.3313  7091979    0.51%
  50993 30957      554.1935   217      553.5268      556.3313  7103284    0.51%
  51043 31007      555.9708   595      553.5268      556.3312  7115893    0.51%
  51091 31055      555.6223   448      553.5268      556.3312  7127600    0.51%
  51188 31152      555.0809   239      553.5268      556.3312  7139038    0.51%
  51260 31224      555.7155   431      553.5268      556.3308  7150664    0.51%
  51427 31391      556.1093   633      553.5268      556.3307  7162034    0.51%
Elapsed time = 2508.50 sec. (2570230.45 ticks, tree = 66.21 MB, solutions = 1)
  51472 31436      555.8013   502      553.5268      556.3307  7175076    0.51%
  51551 31515      555.3030   287      553.5268      556.3307  7187007    0.51%
  51638 31602      555.9267   564      553.5268      556.3307  7198621    0.51%
  51814 31778      556.1954   724      553.5268      556.3302  7209381    0.51%
  51853 31817      555.8053   587      553.5268      556.3302  7223146    0.51%
  51909 31873      555.4383   401      553.5268      556.3302  7234607    0.51%
  52016 31980      556.1606   693      553.5268      556.3302  7246162    0.51%
  52076 32040      555.4554   356      553.5268      556.3302  7256938    0.51%
  52229 32193      556.0205   649      553.5268      556.3293  7268310    0.51%
  52266 32230      555.7383   531      553.5268      556.3293  7280291    0.51%
Elapsed time = 2545.14 sec. (2609061.04 ticks, tree = 67.92 MB, solutions = 1)
  52332 32296      555.3769   349      553.5268      556.3293  7291643    0.51%
  52429 32393      556.0521   605      553.5268      556.3289  7302792    0.51%
  52525 32489      555.1258   170      553.5268      556.3289  7313132    0.51%
  52643 32607      555.9116   616      553.5268      556.3289  7326361    0.51%
  52697 32661      555.4120   450      553.5268      556.3289  7338053    0.51%
  52812 32776      554.5662   224      553.5268      556.3289  7348258    0.51%
  52845 32809      555.7714   595      553.5268      556.3285  7361492    0.51%
  52900 32864      555.4709   408      553.5268      556.3285  7373265    0.51%
  53016 32980      556.2013   710      553.5268      556.3284  7385788    0.51%
  53063 33027      555.2753   495      553.5268      556.3284  7399422    0.51%
Elapsed time = 2581.41 sec. (2647723.99 ticks, tree = 70.97 MB, solutions = 1)
  53137 33101      554.7679   326      553.5268      556.3284  7411466    0.51%
  53232 33196      556.0123   569      553.5268      556.3283  7424248    0.51%
  53345 33309      554.9115   124      553.5268      556.3283  7435347    0.51%
  53439 33403      555.9028   642      553.5268      556.3282  7448022    0.51%
  53478 33442      555.5662   518      553.5268      556.3282  7459539    0.51%
  53534 33498      555.1270   365      553.5268      556.3282  7471506    0.51%
  53630 33594      556.0933   614      553.5268      556.3282  7483193    0.51%
  53713 33677      555.2775   257      553.5268      556.3282  7493111    0.51%
  53842 33806      556.0080   614      553.5268      556.3282  7505789    0.51%
  53890 33854      555.5693   429      553.5268      556.3282  7517751    0.51%
Elapsed time = 2618.09 sec. (2686349.25 ticks, tree = 72.72 MB, solutions = 1)
  53988 33952      554.8887   226      553.5268      556.3282  7529230    0.51%
  54049 34013      555.8576   497      553.5268      556.3278  7540559    0.51%
  54218 34182      556.1498   682      553.5268      556.3276  7552232    0.51%
  54248 34212      555.8261   538      553.5268      556.3276  7564444    0.51%
  54296 34260      555.5794   414      553.5268      556.3276  7576837    0.51%
  54412 34376      555.0468   156      553.5268      556.3276  7588543    0.51%
  54469 34433      555.6779   407      553.5268      556.3271  7600152    0.51%
  54623 34587      556.2175   692      553.5268      556.3268  7611676    0.51%
  54655 34619      555.8760   552      553.5268      556.3268  7623926    0.51%
  54702 34666      555.6073   422      553.5268      556.3268  7635603    0.51%
Elapsed time = 2654.65 sec. (2724951.31 ticks, tree = 74.47 MB, solutions = 1)
  54817 34781      556.2234   687      553.5268      556.3267  7647333    0.51%
  54849 34813      555.8549   569      553.5268      556.3267  7661136    0.51%
  54907 34871      555.4396   386      553.5268      556.3267  7672775    0.51%
  55018 34982      556.1633   709      553.5268      556.3263  7684947    0.51%
  55060 35024      555.6880   556      553.5268      556.3263  7698262    0.51%
  55122 35086      555.2097   382      553.5268      556.3263  7709107    0.51%
  55224 35188      556.1141   654      553.5268      556.3262  7721139    0.51%
  55321 35285      555.1857   237      553.5268      556.3262  7731079    0.51%
  55442 35406      555.9161   603      553.5268      556.3255  7744033    0.51%
  55492 35456      555.5192   446      553.5268      556.3255  7757257    0.51%
Elapsed time = 2690.95 sec. (2763680.86 ticks, tree = 76.08 MB, solutions = 1)
  55598 35562      555.0660   226      553.5268      556.3255  7768811    0.51%
  55664 35628      555.5228   407      553.5268      556.3255  7780274    0.51%
  55825 35789      556.1279   663      553.5268      556.3255  7791048    0.51%
  55862 35826      555.6491   511      553.5268      556.3255  7802691    0.51%
  55935 35899      555.1741   306      553.5268      556.3255  7814422    0.51%
  56030 35994      556.0485   610      553.5268      556.3254  7826037    0.51%
  56149 36113      555.1408   163      553.5268      556.3254  7836310    0.51%
  56246 36210      555.8738   604      553.5268      556.3254  7850024    0.51%
  56298 36262      555.4895   440      553.5268      556.3254  7861345    0.51%
  56421 36385      556.1843   638      553.5268      556.3252  7872981    0.51%
Elapsed time = 2728.02 sec. (2802277.90 ticks, tree = 78.07 MB, solutions = 1)
  56486 36450      555.4225   334      553.5268      556.3252  7884006    0.51%
  56634 36598      555.9299   592      553.5268      556.3251  7895077    0.51%
  56675 36639      555.5641   421      553.5268      556.3251  7907128    0.51%
  56798 36762      554.8256   177      553.5268      556.3251  7919008    0.51%
  56843 36807      556.0011   561      553.5268      556.3249  7931612    0.51%
  56892 36856      555.5568   426      553.5268      556.3249  7943535    0.51%
  56991 36955      555.0215   251      553.5268      556.3249  7955530    0.51%
  57042 37006      555.7863   617      553.5268      556.3249  7968599    0.51%
  57094 37058      555.2139   426      553.5268      556.3249  7981531    0.51%
  57214 37178      556.1930   706      553.5268      556.3249  7993557    0.51%
Elapsed time = 2764.41 sec. (2840776.37 ticks, tree = 79.74 MB, solutions = 1)
  57285 37249      555.3546   355      553.5268      556.3249  8004190    0.51%
  57431 37395      555.3606   691      553.5268      556.3246  8016645    0.51%
  57467 37431      555.0133   564      553.5268      556.3246  8029164    0.51%
  57519 37483      554.6019   403      553.5268      556.3246  8040996    0.51%
  57621 37585      556.1261   659      553.5268      556.3245  8052656    0.51%
  57682 37646      555.2724   319      553.5268      556.3245  8064862    0.51%
  57829 37793      555.9486   665      553.5268      556.3245  8077215    0.51%
  57863 37827      555.6452   530      553.5268      556.3245  8088599    0.51%
  57927 37891      555.1462   324      553.5268      556.3245  8099898    0.51%
  58031 37995      555.9665   609      553.5268      556.3244  8111809    0.51%
Elapsed time = 2800.98 sec. (2879274.15 ticks, tree = 81.44 MB, solutions = 1)
  58122 38086      555.0661   247      553.5268      556.3244  8121863    0.51%
  58238 38202      555.8663   603      553.5268      556.3239  8134245    0.51%
  58289 38253      555.4746   446      553.5268      556.3239  8145623    0.51%
  58405 38369      554.7195   182      553.5268      556.3239  8157347    0.51%
  58464 38428      555.5403   434      553.5268      556.3235  8167987    0.51%
  58626 38590      556.1804   643      553.5268      556.3234  8178998    0.51%
  58658 38622      555.9649   526      553.5268      556.3234  8190697    0.51%
  58713 38677      555.6885   399      553.5268      556.3234  8202329    0.51%
  58819 38783      556.1795   667      553.5268      556.3230  8213091    0.51%
  58852 38816      555.9082   529      553.5268      556.3230  8224655    0.51%
Elapsed time = 2837.40 sec. (2917774.92 ticks, tree = 83.21 MB, solutions = 1)
  58903 38867      555.5299   366      553.5268      556.3230  8236869    0.51%
  59020 38984      556.1952   649      553.5268      556.3226  8249779    0.51%
  59053 39017      555.9141   565      553.5268      556.3226  8262689    0.51%
  59111 39075      555.5335   360      553.5268      556.3226  8274541    0.51%
  59218 39182      556.2588   713      553.5268      556.3226  8287677    0.51%
  59269 39233      555.6864   392      553.5268      556.3226  8299134    0.51%
  59427 39391      555.9479   643      553.5268      556.3225  8310593    0.51%
  59469 39433      555.6566   518      553.5268      556.3225  8323571    0.51%
  59532 39496      555.0980   307      553.5268      556.3225  8335505    0.51%
  59632 39596      555.3696   624      553.5268      556.3222  8348487    0.51%
Elapsed time = 2873.80 sec. (2956419.12 ticks, tree = 84.82 MB, solutions = 1)
  59740 39704      554.4190   177      553.5268      556.3222  8359354    0.51%
  59848 39811      555.8327   532      553.5268      556.3217  8372749    0.50%
  59913 39876      555.3941   374      553.5268      556.3217  8383551    0.50%
  60027 39990      556.1374   615      553.5268      556.3215  8394973    0.50%
  60110 40073      555.3053   266      553.5268      556.3215  8405329    0.50%
  60238 40201      555.9475   598      553.5268      556.3215  8417665    0.50%
  60284 40247      555.6064   463      553.5268      556.3215  8429388    0.50%
  60375 40338      555.0680   256      553.5268      556.3215  8440624    0.50%
  60447 40410      555.8228   511      553.5268      556.3215  8451997    0.50%
  60618 40581      556.2728   660      553.5268      556.3213  8461933    0.50%
Elapsed time = 2911.34 sec. (2994798.57 ticks, tree = 86.94 MB, solutions = 1)
  60650 40613      556.0128   574      553.5268      556.3213  8474064    0.50%
  60702 40665      555.6586   400      553.5268      556.3213  8485361    0.50%
  60820 40783      556.2242   678      553.5268      556.3213  8497944    0.50%
  60853 40816      555.9059   539      553.5268      556.3213  8509377    0.50%
  60909 40872      555.5470   387      553.5268      556.3213  8520687    0.50%
  61019 40982      556.1500   628      553.5268      556.3213  8532800    0.50%
  61060 41023      555.7382   544      553.5268      556.3213  8545115    0.50%
  61124 41087      555.1779   342      553.5268      556.3213  8556381    0.50%
  61230 41193      556.0387   612      553.5268      556.3212  8567953    0.50%
  61295 41258      555.3432   284      553.5268      556.3212  8578675    0.50%
Elapsed time = 2946.91 sec. (3033357.10 ticks, tree = 88.38 MB, solutions = 1)
  61436 41399      555.8358   597      553.5268      556.3210  8591016    0.50%
  61485 41448      555.4445   478      553.5268      556.3210  8603305    0.50%
  61579 41542      554.9747   261      553.5268      556.3210  8614714    0.50%
  61647 41610      555.8263   534      553.5268      556.3204  8625704    0.50%
  61819 41782      556.0911   674      553.5268      556.3201  8635943    0.50%
  61850 41813      555.7881   536      553.5268      556.3201  8647734    0.50%
  61899 41862      555.4882   419      553.5268      556.3201  8659538    0.50%
  62020 41983      556.2084   709      553.5268      556.3201  8672292    0.50%
  62085 42048      555.5495   330      553.5268      556.3201  8682499    0.50%
  62232 42195      556.0992   642      553.5268      556.3200  8694783    0.50%
Elapsed time = 2984.27 sec. (3071989.80 ticks, tree = 90.41 MB, solutions = 1)
  62265 42228      555.7289   514      553.5268      556.3200  8707027    0.50%
  62328 42291      555.2042   337      553.5268      556.3200  8719140    0.50%
  62426 42389      556.0346   619      553.5268      556.3199  8731689    0.50%
  62546 42509      554.8691   134      553.5268      556.3199  8742541    0.50%
  62643 42606      555.9127   618      553.5268      556.3198  8755667    0.50%
  62688 42651      555.5943   492      553.5268      556.3198  8768280    0.50%
  62755 42718      555.2003   271      553.5268      556.3198  8779859    0.50%
  62832 42795      556.0217   655      553.5268      556.3198  8793053    0.50%
  62874 42837      555.5114   497      553.5268      556.3198  8804177    0.50%
  62980 42943      554.8908   231      553.5268      556.3198  8814639    0.50%
Elapsed time = 3020.35 sec. (3110604.79 ticks, tree = 91.98 MB, solutions = 1)
  63040 43003      555.8212   615      553.5268      556.3189  8826627    0.50%
  63085 43048      555.4706   481      553.5268      556.3189  8837764    0.50%
  63183 43146      554.7828   235      553.5268      556.3189  8848786    0.50%
  63249 43212      555.6378   517      553.5268      556.3189  8859772    0.50%
  63420 43383      556.1397   666      553.5268      556.3188  8870968    0.50%
  63459 43422      555.7542   531      553.5268      556.3188  8883512    0.50%
  63528 43491      555.3147   353      553.5268      556.3188  8894650    0.50%
  63628 43591      556.0840   631      553.5268      556.3188  8907618    0.50%
  63723 43686      555.2125   193      553.5268      556.3188  8918496    0.50%
  63842 43805      555.9616   572      553.5268      556.3187  8931134    0.50%
Elapsed time = 3057.14 sec. (3149189.18 ticks, tree = 93.81 MB, solutions = 1)
  63890 43853      555.5312   449      553.5268      556.3187  8942692    0.50%
  64000 43963      554.6928   183      553.5268      556.3187  8953720    0.50%
  64062 44025      555.5645   445      553.5268      556.3187  8964390    0.50%
  64228 44191      556.2226   672      553.5268      556.3184  8975959    0.50%
  64266 44229      555.8614   525      553.5268      556.3184  8987835    0.50%
  64318 44281      555.5347   389      553.5268      556.3184  9000097    0.50%
  64421 44384      556.1122   625      553.5268      556.3183  9011664    0.50%
  64496 44459      555.2107   270      553.5268      556.3183  9021668    0.50%
  64633 44596      555.9625   612      553.5268      556.3180  9033853    0.50%
  64670 44633      555.6137   491      553.5268      556.3180  9045815    0.50%
Elapsed time = 3093.56 sec. (3187556.24 ticks, tree = 95.59 MB, solutions = 1)
  64738 44701      554.9258   305      553.5268      556.3180  9057555    0.50%
  64831 44794      556.0351   621      553.5268      556.3179  9070094    0.50%
  64882 44845      555.5991   441      553.5268      556.3179  9081381    0.50%
  65008 44971      554.9458   174      553.5268      556.3179  9092379    0.50%
  65044 45007      555.9309   582      553.5268      556.3179  9105052    0.50%
  65097 45060      555.5026   410      553.5268      556.3179  9116630    0.50%
  65218 45181      556.2417   632      553.5268      556.3176  9127870    0.50%
  65282 45245      555.3641   293      553.5268      556.3176  9140181    0.50%
  65432 45395      555.9423   657      553.5268      556.3174  9152904    0.50%
  65465 45428      555.6100   528      553.5268      556.3174  9165293    0.50%
Elapsed time = 3130.15 sec. (3226197.65 ticks, tree = 97.24 MB, solutions = 1)
  65518 45481      555.2535   416      553.5268      556.3174  9177317    0.50%
  65622 45585      556.1264   651      553.5268      556.3172  9188700    0.50%
  65688 45651      555.3564   319      553.5268      556.3172  9199615    0.50%
  65832 45795      555.3536   677      553.5268      556.3167  9211593    0.50%
  65872 45835      554.9553   526      553.5268      556.3167  9225299    0.50%
  65920 45883      554.7053   430      553.5268      556.3167  9237446    0.50%
  66016 45979      556.2541   655      553.5268      556.3165  9249410    0.50%
  66070 46033      555.5551   396      553.5268      556.3165  9260012    0.50%
  66228 46191      555.9306   615      553.5268      556.3164  9272119    0.50%
  66274 46237      555.6091   472      553.5268      556.3164  9283489    0.50%
Elapsed time = 3166.81 sec. (3264990.31 ticks, tree = 98.96 MB, solutions = 1)
  66370 46333      555.1641   246      553.5268      556.3164  9295234    0.50%
  66449 46412      555.7153   486      553.5268      556.3161  9307662    0.50%
  66623 46586      556.1397   646      553.5268      556.3159  9319613    0.50%
  66672 46635      555.7978   522      553.5268      556.3159  9333692    0.50%
  66737 46700      555.3399   350      553.5268      556.3159  9345334    0.50%
  66831 46794      555.7343   618      553.5268      556.3158  9357952    0.50%
  66882 46845      555.4405   478      553.5268      556.3158  9371318    0.50%
  66965 46928      554.8078   274      553.5268      556.3158  9383681    0.50%
  67039 47002      555.3652   634      553.5268      556.3157  9396627    0.50%
  67082 47045      555.0567   464      553.5268      556.3157  9408565    0.50%
Elapsed time = 3203.54 sec. (3303712.99 ticks, tree = 100.57 MB, solutions = 1)
  67180 47143      554.5045   246      553.5268      556.3157  9419671    0.50%
  67251 47214      555.8971   505      553.5268      556.3157  9431509    0.50%
  67420 47383      556.1050   649      553.5268      556.3157  9442641    0.50%
  67457 47420      555.8291   574      553.5268      556.3157  9455651    0.50%
  67516 47479      555.4161   383      553.5268      556.3157  9466753    0.50%
  67623 47586      556.1724   665      553.5268      556.3156  9478692    0.50%
  67692 47655      555.4781   314      553.5268      556.3156  9489450    0.50%
  67836 47799      555.9905   618      553.5268      556.3156  9501647    0.50%
  67874 47837      555.7628   471      553.5268      556.3156  9513322    0.50%
  67949 47912      555.1559   289      553.5268      556.3156  9525689    0.50%
Elapsed time = 3240.52 sec. (3342345.80 ticks, tree = 102.43 MB, solutions = 1)
Starting limited solution polishing.
  68034 47997      555.8875   589      553.5268      556.3155  9537416    0.50%
  68212 48175      554.3475    28      553.5268      556.3155  9547627    0.50%
  68250 48213      555.8060   575      553.5268      556.3155  9560493    0.50%
  68298 48261      555.5176   415      553.5268      556.3155  9571882    0.50%
  68392 48355      555.1170   245      553.5268      556.3155  9582131    0.50%
  68451 48414      555.7495   475      553.5268      556.3153  9592459    0.50%
  68620 48583      556.1860   668      553.5268      556.3152  9603226    0.50%
  68655 48618      555.8057   591      553.5268      556.3152  9616185    0.50%
  68704 48667      555.4545   450      553.5268      556.3152  9628082    0.50%
  68805 48768      554.8646   210      553.5268      556.3152  9640543    0.50%
Elapsed time = 3277.84 sec. (3380998.57 ticks, tree = 104.24 MB, solutions = 1)
  68839 48802      556.0809   625      553.5268      556.3150  9651590    0.50%
  68875 48838      555.8470   476      553.5268      556.3150  9664088    0.50%
  68929 48892      555.4633   362      553.5268      556.3150  9674663    0.50%
  69023 48986      555.8167   639      553.5268      556.3148  9685432    0.50%
  69058 49021      555.4008   527      553.5268      556.3148  9697502    0.50%
  69112 49075      555.0155   334      553.5268      556.3148  9709406    0.50%
  69221 49184      556.1058   652      553.5268      556.3147  9721444    0.50%
  69309 49272      555.2962   246      553.5268      556.3147  9732204    0.50%
  69432 49395      555.3004   630      553.5268      556.3145  9741598    0.50%
  69474 49437      554.8559   484      553.5268      556.3145  9754407    0.50%
Elapsed time = 3314.68 sec. (3419952.99 ticks, tree = 105.63 MB, solutions = 1)
  69546 49509      554.1997   299      553.5268      556.3145  9765619    0.50%
  69632 49595      556.0715   643      553.5268      556.3144  9775485    0.50%
  69712 49675      555.3404   274      553.5268      556.3144  9785530    0.50%
  69835 49798      555.9961   644      553.5268      556.3143  9796598    0.50%
  69876 49839      555.7302   501      553.5268      556.3143  9808584    0.50%
  69949 49912      555.1301   303      553.5268      556.3143  9819191    0.50%
  70030 49993      556.0346   622      553.5268      556.3142  9829193    0.50%
  70112 50075      555.2839   255      553.5268      556.3142  9839109    0.50%
  70234 50197      556.0754   637      553.5268      556.3141  9850149    0.50%
  70272 50235      555.7769   460      553.5268      556.3141  9861681    0.50%
Elapsed time = 3351.84 sec. (3458584.96 ticks, tree = 107.33 MB, solutions = 1)
  70338 50301      555.3187   321      553.5268      556.3141  9872324    0.50%
  70428 50391      556.0847   619      553.5268      556.3139  9883312    0.50%
  70512 50475      555.2138   249      553.5268      556.3139  9893748    0.50%
  70641 50604      555.8528   586      553.5268      556.3139  9906731    0.50%
  70687 50650      555.4666   451      553.5268      556.3139  9920293    0.50%
  70762 50725      555.0647   285      553.5268      556.3139  9931024    0.50%
  70833 50796      555.8451   581      553.5268      556.3138  9942553    0.50%
  70879 50842      555.4708   473      553.5268      556.3138  9955054    0.50%
  70952 50915      554.9148   323      553.5268      556.3138  9965405    0.50%
  71031 50994      556.0280   589      553.5268      556.3137  9976932    0.50%
Elapsed time = 3389.21 sec. (3497414.12 ticks, tree = 108.97 MB, solutions = 1)
  71072 51035      555.7585   484      553.5268      556.3137  9988556    0.50%
  71147 51110      555.2849   304      553.5268      556.3137  9999362    0.50%
  71232 51195      556.0230   611      553.5268      556.3136 10009834    0.50%
  71315 51278      555.2206   215      553.5268      556.3136 10019111    0.50%
  71436 51399      555.9922   566      553.5268      556.3132 10031591    0.50%
  71474 51437      555.6888   493      553.5268      556.3132 10043345    0.50%
  71538 51501      555.4178   312      553.5268      556.3132 10053957    0.50%
  71624 51587      555.9888   687      553.5268      556.3129 10064482    0.50%
  71691 51654      555.2709   329      553.5268      556.3129 10075640    0.50%
  71830 51793      555.9126   611      553.5268      556.3129 10085394    0.50%
Elapsed time = 3426.14 sec. (3535876.79 ticks, tree = 110.70 MB, solutions = 1)
  71872 51835      555.5968   482      553.5268      556.3129 10097756    0.50%
  71943 51906      555.0193   289      553.5268      556.3129 10109033    0.50%
  72030 51993      556.0402   640      553.5268      556.3129 10119976    0.50%
  72116 52079      555.2210   224      553.5268      556.3129 10129613    0.50%
  72234 52197      556.0817   624      553.5268      556.3126 10139499    0.50%
  72270 52233      555.8000   529      553.5268      556.3126 10151424    0.50%
  72330 52293      555.4111   333      553.5268      556.3126 10161722    0.50%
  72428 52391      556.0829   627      553.5268      556.3126 10172586    0.50%
  72512 52475      555.2770   252      553.5268      556.3126 10183447    0.50%
  72639 52602      555.8260   590      553.5268      556.3123 10195190    0.50%
Elapsed time = 3463.78 sec. (3574896.99 ticks, tree = 112.44 MB, solutions = 1)
  72699 52662      555.4204   368      553.5268      556.3123 10207383    0.50%
  72817 52780      556.2468   695      553.5268      556.3121 10216792    0.50%
  72854 52817      555.8597   572      553.5268      556.3121 10229830    0.50%
  72903 52866      555.5642   424      553.5268      556.3121 10241257    0.50%
  72995 52958      554.9709   218      553.5268      556.3121 10252152    0.50%
  73040 53003      555.9115   617      553.5268      556.3120 10262949    0.50%
  73086 53049      555.4554   457      553.5268      556.3120 10273752    0.50%
  73179 53142      554.8890   253      553.5268      556.3120 10283918    0.50%
  73249 53212      555.8295   524      553.5268      556.3119 10294536    0.50%
  73412 53375      554.1827    30      553.5268      556.3119 10303997    0.50%
Elapsed time = 3500.64 sec. (3613733.38 ticks, tree = 114.10 MB, solutions = 1)
  73451 53414      555.8192   588      553.5268      556.3118 10317807    0.50%
  73512 53475      555.1568   407      553.5268      556.3118 10330014    0.50%
  73616 53579      556.2135   705      553.5268      556.3118 10340171    0.50%
  73687 53650      555.4961   306      553.5268      556.3118 10351660    0.50%
  73824 53787      556.1498   697      553.5268      556.3118 10359925    0.50%
  73864 53827      555.7538   542      553.5268      556.3118 10373700    0.50%
  73927 53890      555.3093   369      553.5268      556.3118 10383708    0.50%
  74023 53986      556.1505   652      553.5268      556.3118 10394082    0.50%
  74095 54058      555.3722   261      553.5268      556.3118 10404654    0.50%
  74417 54380      556.1153   675      553.5268      556.3116 10446861    0.50%
Elapsed time = 3548.79 sec. (3664140.78 ticks, tree = 116.17 MB, solutions = 1)
  74734 54697      555.3281   354      553.5268      556.3116 10491210    0.50%
  75003 54966      554.8800   237      553.5268      556.3116 10538383    0.50%
  75231 55194      555.8113   569      553.5268      556.3113 10584767    0.50%

Flow cuts applied:  125
Mixed integer rounding cuts applied:  370
Lift and project cuts applied:  13
Gomory fractional cuts applied:  9
User cuts applied:  899

Root node processing (before b&c):
  Real time             =    2.38 sec. (1962.87 ticks)
Sequential b&c:
  Real time             = 3597.63 sec. (3716984.95 ticks)
                          ------------
Total (root+branch&cut) = 3600.00 sec. (3718947.82 ticks)
|V|                                     600
K                                       200
theta                                   0.20
r                                       1
R                                       20
prob_func                               facility_mixture
mixture_low_share                       0.100000
mixture_low_interval                    [0.001000, 0.010000]
mixture_high_interval                   [0.100000, 0.500000]
mixture_seed                            1
#C1                                     686
#CP                                     21894

@Parameters: 
am_callback_heuristic                   false
am_local_search                         true
am_start_heuristic                      false
colocation                              true
comp                                    false
cutC                                    true
cutC_init                               false
cutF                                    false
cutF_init                               false
cutF_stable                             false
cutF_wrong                              false
cutLocal                                false
cutM                                    true
cutM_init                               true
cutM_stable                             false
cutP                                    true
cutP_init                               false
cutP_stable                             false
init                                    true
init_cutF_zero                          false
init_val_greedy                         true
is_Euclidean                            false
is_local_search                         false
is_right_cutP                           true
is_root                                 false
is_silent                               false
is_start                                false
mycut                                   false
pmed                                    false
pre                                     true
stable_root                             false
str                                     true
two_phase                               false
ubstr                                   false
mode                                    Int

am_callback_node_space                  50
init                                    0
mixture_seed                            1
node_space                              5
nodelimit                               -1
nsepa                                   1
strF                                    0
type_delta                              0

EPS                                     0.001000
EPS_FRAC                                0.00
gap                                     0.00
mixture_high_max                        0.50
mixture_high_min                        0.10
mixture_low_max                         0.01
mixture_low_min                         0.00
mixture_low_share                       0.10
timelimit                               3600.00

Number of Closed Sites: 3 / 600 
Number of Confined Sites-1: 9 / 1791 
Number of Confined Sites-k: 588 / 10088 
Preprocess Time: 1.45 + 0.00 sec

Solve Time: 3600.00
Number of Nodes: 75460
Termination Status: TIME_LIMIT

CutInfo: [phase] num / time (sec) / aver. num_nonzero
max              [LP]     0 / 0.00 / 0.00 [init]   387 / 0.01 / 1.21 [rLC]   356 / 0.02 / 4.20 [rUC]   399 / 0.32 / 2.11 [sLC]    38 / 0.03 / 3.32 [sUC]   537 / 1.47 / 2.72 
prod_oa          [LP]     0 / 0.00 / 0.00 [init]   255 / 0.01 / 24.76 [rLC]   366 / 0.01 / 40.67 [rUC]   432 / 0.09 / 29.67 [sLC]   472 / 0.06 / 25.81 [sUC]  1388 / 2.58 / 25.08 
prod_sm_fixed    [LP]     0 / 0.00 / 0.00 [init]     0 / 0.00 / 0.00 [rLC]     0 / 0.00 / 0.00 [rUC]     0 / 0.00 / 0.00 [sLC]     0 / 0.00 / 0.00 [sUC]     0 / 0.00 / 0.00 
prod_bin         [LP]     0 / 0.00 / 0.00 [init]     0 / 0.00 / 0.00 [rLC]     0 / 0.00 / 0.00 [rUC]     0 / 0.00 / 0.00 [sLC]     0 / 0.00 / 0.00 [sUC]     0 / 0.00 / 0.00 
prod_local       [LP]     0 / 0.00 / 0.00 [init]     0 / 0.00 / 0.00 [rLC]     0 / 0.00 / 0.00 [rUC]     0 / 0.00 / 0.00 [sLC]     0 / 0.00 / 0.00 [sUC]     0 / 0.00 / 0.00 
prod_sm_C        [LP]     0 / 0.00 / 0.00 [init]     0 / 0.00 / 0.00 [rLC]     0 / 0.00 / 0.00 [rUC]     0 / 0.00 / 0.00 [sLC]     0 / 0.00 / 0.00 [sUC]     0 / 0.00 / 0.00 
facet            [LP]     0 / 0.00 / 0.00 [init]     0 / 0.00 / 0.00 [rLC]     0 / 0.00 / 0.00 [rUC]     0 / 0.00 / 0.00 [sLC]     0 / 0.00 / 0.00 [sUC]     0 / 0.00 / 0.00 
Separation Round:   [LP] 0  [init] 1  [rLC] 2  [rUC] 13  [sLC] 9  [sUC] 150944  
Root Best Bound 559.854839
Root Best Integer: 553.526803
Best Bound: 556.311146
Best Integer: 553.526803
1: 3, 4, 12, 13, 16, 19, 20, 21, 22, 33, 38, 41, 42, 44, 50, 55, 60, 67, 70, 71, 80, 97, 99, 101, 106, 107, 111, 112, 116, 132, 136, 137, 139, 149, 150, 152, 153, 155, 157, 158, 159, 161, 162, 163, 164, 166, 174, 175, 178, 180, 186, 192, 196, 198, 204, 207, 208, 210, 215, 216, 218, 219, 233, 235, 236, 241, 247, 251, 252, 256, 261, 263, 271, 280, 285, 288, 291, 297, 299, 300, 302, 304, 305, 313, 314, 316, 318, 320, 322, 327, 329, 334, 336, 339, 347, 349, 356, 358, 359, 363, 368, 370, 371, 372, 374, 378, 380, 386, 389, 391, 394, 396, 398, 402, 403, 405, 406, 407, 408, 416, 418, 420, 421, 424, 435, 438, 440, 442, 450, 456, 459, 465, 468, 479, 480, 482, 484, 486, 487, 489, 492, 498, 501, 503, 507, 508, 511, 523, 525, 526, 534, 540, 543, 556, 558, 559, 561, 562, 571, 582, 583, 589, 596, 600
2: 65, 85, 117, 123, 254, 366, 369, 423, 578
3: 30, 47, 68, 76, 194, 411
Objective Value (calc): 553.526803
sum_etaM = 400.049578 / 400.049578
sum_etaP = 591.896109 / 591.896109
nL: 179
nCL: 15
mCL: 3
