Version identifier: 20.1.0.0 | 2020-11-10 | 9bedb6d68
CPXPARAM_Threads                                 1
CPXPARAM_TimeLimit                               3600
CPXPARAM_MIP_Tolerances_MIPGap                   0
Generic callback                                 0x60
1 of 1 MIP starts provided solutions.
MIP start 'm1' defined initial solution with objective 510.5031.
Tried aggregator 2 times.
MIP Presolve eliminated 14 rows and 8 columns.
Aggregator did 6 substitutions.
Reduced MIP has 2078 rows, 2386 columns, and 18145 nonzeros.
Reduced MIP has 596 binaries, 590 generals, 0 SOSs, and 0 indicators.
Presolve time = 0.01 sec. (6.91 ticks)
Probing time = 0.00 sec. (0.93 ticks)
Tried aggregator 1 time.
Reduced MIP has 2078 rows, 2386 columns, and 18145 nonzeros.
Reduced MIP has 596 binaries, 590 generals, 0 SOSs, and 0 indicators.
Presolve time = 0.01 sec. (4.07 ticks)
Probing time = 0.00 sec. (0.93 ticks)
MIP emphasis: balance optimality and feasibility.
MIP search method: dynamic search.
Parallel mode: none, using 1 thread.
Root relaxation solution time = 0.03 sec. (32.38 ticks)

        Nodes                                         Cuts/
   Node  Left     Objective  IInf  Best Integer    Best Bound    ItCnt     Gap

*     0+    0                          510.5031      600.0000            17.53%
      0     0      526.6329    67      510.5031      526.6329     1615    3.16%
      0     0      515.5776   145      510.5031     Cuts: 601     2275    0.99%
      0     0      514.6359   178      510.5031     Cuts: 485     2675    0.81%
      0     0      513.9801   167      510.5031     Cuts: 336     3085    0.68%
      0     0      513.5949   191      510.5031     Cuts: 214     3383    0.61%
      0     0      513.4251   167      510.5031     Cuts: 180     3610    0.57%
      0     0      513.3358   178      510.5031     Cuts: 109     3768    0.55%
      0     0      513.3011   168      510.5031      Cuts: 72     3871    0.55%
      0     0      513.2601   171      510.5031      Cuts: 69     3997    0.54%
      0     0      513.2313   191      510.5031      Cuts: 38     4085    0.53%
      0     0      513.2160   193      510.5031 UserPurge2: 34     4174    0.53%
      0     0      513.2147   184      510.5031 UserPurge2: 22     4206    0.53%
      0     0      513.2125   186      510.5031 UserPurge2: 7     4234    0.53%
      0     0      513.2121   186      510.5031 UserPurge2: 9     4249    0.53%
      0     0      513.2118   183      510.5031 UserPurge2: 5     4262    0.53%
      0     0      513.2118   185      510.5031 UserPurge2: 4     4270    0.53%
      0     2      513.2118   185      510.5031      513.2113     4270    0.53%
Elapsed time = 3.56 sec. (1891.43 ticks, tree = 0.01 MB, solutions = 1)
      5     7      512.8437   161      510.5031      513.2113     5937    0.53%
     10    12      512.6241   156      510.5031      513.2113     7328    0.53%
     18    20      512.3251   143      510.5031      513.2113     8791    0.53%
     20    22      512.1822   158      510.5031      513.2113     9567    0.53%
     26    28      511.9698   145      510.5031      513.2113    11064    0.53%
*    30+   30                          510.5977      513.2113             0.51%
     30    32      511.7163   134      510.5977      513.2113    11875    0.51%
     36    38      511.4739   124      510.5977      513.2113    13679    0.51%
     40    42      511.1088   116      510.5977      513.2113    14466    0.51%
     46    48      511.0291   102      510.5977      513.2113    15958    0.51%
     62    60      512.4554   171      510.5977      513.1820    20752    0.51%
Elapsed time = 12.90 sec. (5667.65 ticks, tree = 0.21 MB, solutions = 2)
     73    71      512.0640   131      510.5977      513.1820    25510    0.51%
*    80+   74                          510.8048      513.1820             0.47%
*    80+   71                          510.8616      513.1820             0.45%
     94    85      511.0851    70      510.8616      513.1820    28127    0.45%
*   110+   75                          511.2639      513.1143             0.36%
    110    77      512.5262   160      511.2639      513.1143    30277    0.36%
    132    95      512.7784   184      511.2639      513.1131    35683    0.36%
    142   105      512.1536   151      511.2639      513.1131    38181    0.36%
    159   118      512.7531   183      511.2639      512.8941    41545    0.32%
    162   121      512.4630   170      511.2639      512.8941    43058    0.32%
    178   137      511.4195   123      511.2639      512.8941    46449    0.32%
    190   145      512.1371   164      511.2639      512.8940    49251    0.32%
    206   161      511.3981   123      511.2639      512.8940    53597    0.32%
Elapsed time = 33.51 sec. (16031.39 ticks, tree = 1.33 MB, solutions = 5)
    213   164      512.2265   168      511.2639      512.8920    55936    0.32%
    229   176      512.7758   188      511.2639      512.8423    60892    0.31%
    243   190      511.5355   148      511.2639      512.8423    64853    0.31%
    260   203      512.1158   151      511.2639      512.8417    68870    0.31%
    278   215      512.5849   177      511.2639      512.8374    72777    0.31%
    294   231      511.5269   123      511.2639      512.8374    76487    0.31%
    313   246      511.9651   142      511.2639      512.8107    80392    0.30%
    336   261      512.4343   148      511.2639      512.8106    83693    0.30%
    360   279      512.5268   135      511.2639      512.7773    87024    0.30%
    386   302      512.4697   170      511.2639      512.7713    90631    0.29%
Elapsed time = 49.00 sec. (26434.86 ticks, tree = 4.59 MB, solutions = 5)
    400   312      512.5808   182      511.2639      512.7592    93517    0.29%
    417   329      511.4265   112      511.2639      512.7592    97289    0.29%
    434   340      511.7830   120      511.2639      512.7565   100643    0.29%
    450   352      512.4737   171      511.2639      512.7531   104475    0.29%
    462   364      511.5500   132      511.2639      512.7531   108428    0.29%
    480   378      511.8516   145      511.2639      512.7448   111578    0.29%
    503   397      512.0646   130      511.2639      512.7408   114807    0.29%

Performing restart 1

Repeating presolve.
Tried aggregator 1 time.
MIP Presolve modified 423 coefficients.
Reduced MIP has 2078 rows, 2386 columns, and 18145 nonzeros.
Reduced MIP has 596 binaries, 590 generals, 0 SOSs, and 0 indicators.
Presolve time = 0.01 sec. (4.21 ticks)
Tried aggregator 1 time.
Reduced MIP has 2078 rows, 2386 columns, and 18145 nonzeros.
Reduced MIP has 596 binaries, 590 generals, 0 SOSs, and 0 indicators.
Presolve time = 0.01 sec. (4.16 ticks)
Represolve time = 0.04 sec. (28.98 ticks)
    508     0      512.8714   213      511.2639      Cuts: 75   120899    0.29%
    508     0      512.7955   198      511.2639      Cuts: 34   121060    0.29%
    508     0      512.7678   182      511.2639      Cuts: 22   121167    0.29%
    508     0      512.7655   160      511.2639      Cuts: 11   121207    0.29%
    508     0      512.7592   174      511.2639   MIRcuts: 15   121248    0.29%
    508     0      512.7581   184      511.2639      Cuts: 17   121282    0.29%
    508     0      512.7568   188      511.2639    MIRcuts: 9   121311    0.29%
    508     0      512.7558   184      511.2639       Cuts: 7   121336    0.29%
    508     0      512.7556   178      511.2639    MIRcuts: 8   121353    0.29%
    508     2      512.7519   185      511.2639      512.7408   121353    0.29%
    509     3      512.7163   176      511.2639      512.7159   121422    0.28%
    510     4      512.6802   173      511.2639      512.6801   121659    0.28%
Elapsed time = 67.74 sec. (43258.35 ticks, tree = 0.01 MB, solutions = 5)
    511     5      512.6671   178      511.2639      512.6749   121829    0.28%
    512     6      512.5447   168      511.2639      512.6749   122042    0.28%
    516    10      512.5386   152      511.2639      512.6749   122928    0.28%
    522    16      512.3608   143      511.2639      512.6749   124221    0.28%
    528    21      511.4956   135      511.2639      512.6749   126960    0.28%
    544    28      512.5373   176      511.2639      512.6669   130933    0.27%
    550    34      512.0808   157      511.2639      512.6669   133408    0.27%
    558    41      511.6235   135      511.2639      512.6669   135358    0.27%
    568    51      511.4812   126      511.2639      512.6669   137118    0.27%
    587    66      512.0868   115      511.2639      512.6132   140992    0.26%
Elapsed time = 78.36 sec. (54136.74 ticks, tree = 0.30 MB, solutions = 5)
    608    84      511.4741   100      511.2639      512.6132   143787    0.26%
    628   100      512.1967   145      511.2639      512.6029   148136    0.26%
    648   118      511.5686    92      511.2639      512.6029   151198    0.26%
    661   128      512.0670   166      511.2639      512.5817   154861    0.26%
    675   142      511.4111   108      511.2639      512.5817   158153    0.26%
    698   158      512.1919   172      511.2639      512.5735   161787    0.26%
    706   166      511.4961   152      511.2639      512.5735   165312    0.26%
    720   180      511.2901   122      511.2639      512.5735   168348    0.26%
    736   190      511.8911   122      511.2639      512.5703   171972    0.26%
    753   201      512.2757   171      511.2639      512.5580   175034    0.25%
Elapsed time = 90.07 sec. (64612.23 ticks, tree = 0.70 MB, solutions = 5)
    768   216      511.6878   122      511.2639      512.5580   178418    0.25%
    787   228      512.1432   156      511.2639      512.5434   181809    0.25%
    796   236      511.6644   128      511.2639      512.5434   184083    0.25%
    822   256      512.1715   136      511.2639      512.5426   187623    0.25%
*   828+  257                          511.2685      512.5426             0.25%
    837   267      511.5013    80      511.2685      512.5426   190606    0.25%
    853   277      512.0194   140      511.2685      512.5386   194119    0.25%
    865   287      511.2797    78      511.2685      512.5386   197073    0.25%
    878   295      512.0291   134      511.2685      512.5373   200335    0.25%
    892   305      511.8292   173      511.2685      512.5052   203745    0.24%
    900   313      511.2905   137      511.2685      512.5052   207744    0.24%
Elapsed time = 100.37 sec. (74744.31 ticks, tree = 0.86 MB, solutions = 6)
    910   315      512.1846   155      511.2685      512.4778   211601    0.24%
    919   324      511.8424   118      511.2685      512.4778   213311    0.24%
    931   332      512.0902   157      511.2685      512.4578   216654    0.23%
    940   340      511.4914   140      511.2685      512.4578   218984    0.23%
    953   351        cutoff            511.2685      512.4578   222456    0.23%
    968   360      511.3537   142      511.2685      512.4524   225180    0.23%
    981   369      511.8683   130      511.2685      512.4325   228293    0.23%
    998   379      512.2078   167      511.2685      512.4280   231706    0.23%
   1011   392      511.3702   129      511.2685      512.4280   234592    0.23%
   1024   398      511.6776   176      511.2685      512.3881   238333    0.22%
Elapsed time = 110.04 sec. (84983.67 ticks, tree = 1.31 MB, solutions = 6)
   1028   402      511.5201   174      511.2685      512.3881   239817    0.22%
   1044   406      511.9098   168      511.2685      512.3756   243861    0.22%
   1059   421      511.3186   111      511.2685      512.3756   247156    0.22%
   1076   434      511.5829   119      511.2685      512.3732   249854    0.22%
   1097   449      511.3912   145      511.2685      512.3698   252461    0.22%
   1111   459      511.9396   148      511.2685      512.3612   254268    0.21%
   1135   478      512.1485   140      511.2685      512.3576   256677    0.21%
   1148   491      511.8219   131      511.2685      512.3576   258769    0.21%
   1171   514      511.4748    80      511.2685      512.3576   260770    0.21%
   1195   525      511.8753   138      511.2685      512.3481   262282    0.21%
Elapsed time = 118.94 sec. (94908.24 ticks, tree = 3.92 MB, solutions = 6)
   1219   543      511.9223   137      511.2685      512.3409   264657    0.21%
   1238   553      512.1026   151      511.2685      512.3407   267087    0.21%
   1259   570      511.4540   142      511.2685      512.3386   269646    0.21%
   1268   575      512.0981   152      511.2685      512.3331   270871    0.21%
   1286   593      511.6181   119      511.2685      512.3331   273507    0.21%
   1318   607      512.0135   153      511.2685      512.3289   275565    0.21%
   1348   635      511.2815    69      511.2685      512.3289   277861    0.21%
   1363   642      512.1313   152      511.2685      512.3243   280498    0.21%
   1398   673      511.4228    72      511.2685      512.3243   282602    0.21%
   1481   742      511.4528    89      511.2685      512.3156   291562    0.20%
Elapsed time = 130.84 sec. (107783.48 ticks, tree = 8.79 MB, solutions = 6)
   1581   813      511.8481   136      511.2685      512.3035   300678    0.20%
   1661   877      512.1283   170      511.2685      512.2996   309552    0.20%
   1758   962      511.5441   173      511.2685      512.2920   318960    0.20%
   1841  1030      511.4167    84      511.2685      512.2827   328139    0.20%
   1938  1106      511.8595   135      511.2685      512.2748   336407    0.20%
   2037  1188      511.3737    90      511.2685      512.2698   345089    0.20%
   2144  1267      511.5219    69      511.2685      512.2574   353987    0.19%
   2268  1355      511.6323   136      511.2685      512.2436   363387    0.19%
   2362  1430      511.7179   153      511.2685      512.2406   372663    0.19%
   2465  1512      511.8744   145      511.2685      512.2365   381294    0.19%
Elapsed time = 167.21 sec. (146475.78 ticks, tree = 26.50 MB, solutions = 6)
   2567  1591      511.9858   166      511.2685      512.2209   390731    0.19%
   2671  1675      512.0020   147      511.2685      512.2111   399440    0.18%
   2782  1765      511.4318    88      511.2685      512.2049   409073    0.18%
   2897  1849      512.1480   154      511.2685      512.1969   419111    0.18%
   3024  1955      512.0931   158      511.2685      512.1916   427741    0.18%
   3122  2042      511.3578    76      511.2685      512.1850   436536    0.18%
   3218  2121      511.4091    98      511.2685      512.1811   446228    0.18%
   3336  2201      511.9655   136      511.2685      512.1769   455416    0.18%
   3430  2274      511.7412   123      511.2685      512.1713   464610    0.18%
   3557  2364      511.7289    98      511.2685      512.1684   473998    0.18%
Elapsed time = 204.64 sec. (185036.50 ticks, tree = 44.88 MB, solutions = 6)
   3669  2446      511.8621   130      511.2685      512.1522   483601    0.17%
   3760  2515      511.3764    84      511.2685      512.1448   492906    0.17%
   3866  2581      511.5711   114      511.2685      512.1436   501847    0.17%
   3945  2644      511.4333   117      511.2685      512.1432   511606    0.17%
   4064  2730      511.3360    76      511.2685      512.1419   520481    0.17%
   4137  2775      511.7526   108      511.2685      512.1365   527283    0.17%
   4232  2849      511.3798   124      511.2685      512.1342   536947    0.17%
   4333  2918      511.3847    98      511.2685      512.1333   546575    0.17%
   4453  3002      511.2775    43      511.2685      512.1314   555868    0.17%
   4557  3074      511.8917   151      511.2685      512.1293   565706    0.17%
Elapsed time = 241.88 sec. (223482.44 ticks, tree = 57.23 MB, solutions = 6)
   4659  3142      511.9161   128      511.2685      512.1242   575067    0.17%
   4758  3221      511.7369   136      511.2685      512.1208   584868    0.17%
   4858  3300      511.4328    99      511.2685      512.1190   594115    0.17%
   4962  3367      511.9442   130      511.2685      512.1182   603668    0.17%
*  4988+ 3169                          511.3014      512.1182             0.16%
   5058  3228      511.9725   135      511.3014      512.1180   609145    0.16%
   5145  3299      511.4118    68      511.3014      512.1164   617289    0.16%
   5261  3377        cutoff            511.3014      512.1118   626190    0.16%
   5364  3449      511.5004    86      511.3014      512.1089   633996    0.16%
   5436  3507      511.5454   117      511.3014      512.1075   643100    0.16%
   5528  3577      511.6683   128      511.3014      512.1053   651891    0.16%
Elapsed time = 278.54 sec. (262000.39 ticks, tree = 64.82 MB, solutions = 7)
   5607  3629      511.6252   150      511.3014      512.1015   661050    0.16%
   5705  3700      511.3187    86      511.3014      512.1009   670365    0.16%
   5792  3761      511.3265    83      511.3014      512.0985   679514    0.16%
   5900  3839      511.3322   125      511.3014      512.0975   688869    0.16%
   6016  3929      511.3163    63      511.3014      512.0968   696723    0.16%
   6112  3998      511.4175    67      511.3014      512.0951   704852    0.16%
   6226  4081      511.4021    91      511.3014      512.0928   714414    0.15%
   6322  4149      511.4414   125      511.3014      512.0910   723999    0.15%
   6448  4228      511.7320   145      511.3014      512.0872   733745    0.15%
   6546  4295      511.5334   139      511.3014      512.0841   743280    0.15%
Elapsed time = 315.45 sec. (300619.07 ticks, tree = 80.67 MB, solutions = 7)
   6668  4380      511.7175    99      511.3014      512.0801   751850    0.15%
   6751  4450      511.4156    68      511.3014      512.0782   760813    0.15%
   6874  4542      511.3408   148      511.3014      512.0756   769857    0.15%
   6959  4607      511.4385   141      511.3014      512.0713   778714    0.15%
   7073  4700      511.4699   118      511.3014      512.0699   786755    0.15%
   7158  4767      511.5651   130      511.3014      512.0688   796253    0.15%
   7254  4833      511.7355   123      511.3014      512.0660   805324    0.15%
   7338  4890      511.7812   145      511.3014      512.0645   814980    0.15%
   7431  4958      511.5772   130      511.3014      512.0627   824674    0.15%
   7531  5026      511.8862   148      511.3014      512.0605   834128    0.15%
Elapsed time = 351.68 sec. (339334.08 ticks, tree = 92.26 MB, solutions = 7)
   7623  5101      511.4309   113      511.3014      512.0603   843463    0.15%
   7706  5163      511.5113   144      511.3014      512.0579   852716    0.15%
   7783  5220      511.3754    74      511.3014      512.0565   861709    0.15%
   7899  5301      511.4489   138      511.3014      512.0560   870773    0.15%
   8004  5382      511.3175    79      511.3014      512.0535   880245    0.15%
   8106  5447        cutoff            511.3014      512.0524   889869    0.15%
   8189  5505      511.6206   117      511.3014      512.0497   898472    0.15%
   8328  5596      511.7775   134      511.3014      512.0488   906859    0.15%
   8453  5679      511.6981   130      511.3014      512.0456   915796    0.15%
   8548  5749      511.5540   108      511.3014      512.0436   925502    0.15%
Elapsed time = 388.27 sec. (377823.18 ticks, tree = 106.15 MB, solutions = 7)
   8660  5827      511.6842   118      511.3014      512.0415   934857    0.14%
   8773  5906      511.4366   109      511.3014      512.0394   943975    0.14%
   8873  5986      511.5096    78      511.3014      512.0382   953224    0.14%
   8994  6072        cutoff            511.3014      512.0350   960644    0.14%
   9083  6141      511.6626   129      511.3014      512.0300   970363    0.14%
   9177  6205      511.8145   137      511.3014      512.0274   980533    0.14%
   9268  6281      511.6233    73      511.3014      512.0263   989507    0.14%
   9366  6339      511.5974   118      511.3014      512.0255   999184    0.14%
   9477  6426      511.8288   136      511.3014      512.0230  1008685    0.14%
   9585  6507      511.5337   137      511.3014      512.0227  1018260    0.14%
Elapsed time = 425.08 sec. (416295.29 ticks, tree = 121.83 MB, solutions = 7)
   9682  6568      511.3432   124      511.3014      512.0205  1028246    0.14%
   9769  6625      511.6602   111      511.3014      512.0166  1037833    0.14%
   9874  6699      511.3123    36      511.3014      512.0157  1046567    0.14%
   9968  6770      511.4014   123      511.3014      512.0150  1056776    0.14%
  10068  6832      511.9814   143      511.3014      512.0138  1066424    0.14%
  10158  6896      511.3999   106      511.3014      512.0129  1075789    0.14%
  10249  6960      511.6753   101      511.3014      512.0127  1085501    0.14%
  10348  7034      511.7603   125      511.3014      512.0115  1094708    0.14%
  10451  7115      511.5611   107      511.3014      512.0088  1103568    0.14%
  10554  7178      511.3132   149      511.3014      512.0073  1113819    0.14%
Elapsed time = 461.78 sec. (454794.31 ticks, tree = 131.42 MB, solutions = 7)
  10650  7247      511.3222   105      511.3014      512.0058  1123148    0.14%
* 10668+ 6211                          511.3567      512.0057             0.13%
  10669  6214      511.6766   124      511.3567      512.0055  1124870    0.13%
  10670  6215      511.9275   129      511.3567      512.0050  1125272    0.13%
  10752  6273      511.4719   105      511.3567      512.0032  1134997    0.13%
  10864  6351      511.5832   136      511.3567      512.0026  1144521    0.13%
  10952  6409      511.4283    87      511.3567      511.9995  1153744    0.13%
  11039  6468      511.8713   124      511.3567      511.9974  1163362    0.13%
  11129  6529      511.7301   123      511.3567      511.9961  1172857    0.13%
  11228  6595      511.6749   126      511.3567      511.9947  1181908    0.12%
  11336  6663      511.8232   113      511.3567      511.9926  1191297    0.12%
Elapsed time = 506.61 sec. (500518.61 ticks, tree = 120.32 MB, solutions = 8)
  11438  6729      511.7336   126      511.3567      511.9917  1200663    0.12%
  11532  6797      511.5820   116      511.3567      511.9901  1210297    0.12%
  11649  6881      511.6239   131      511.3567      511.9888  1219321    0.12%
  11758  6952      511.7601   155      511.3567      511.9873  1229077    0.12%
  11854  7021      511.3600    93      511.3567      511.9853  1238733    0.12%
  11967  7088        cutoff            511.3567      511.9836  1248086    0.12%
  12051  7143      511.4475   109      511.3567      511.9813  1258077    0.12%
  12133  7195      511.5801   137      511.3567      511.9806  1266745    0.12%
  12244  7263      511.7332   129      511.3567      511.9793  1276455    0.12%
  12332  7323      511.6770   112      511.3567      511.9778  1286283    0.12%
Elapsed time = 542.44 sec. (538947.71 ticks, tree = 131.41 MB, solutions = 8)
  12473  7417      511.6193   130      511.3567      511.9759  1295289    0.12%
  12564  7472      511.7159   129      511.3567      511.9756  1304547    0.12%
  12673  7553      511.6423   145      511.3567      511.9750  1314444    0.12%
  12773  7616      511.5576   135      511.3567      511.9741  1324533    0.12%
  12905  7707      511.7911   148      511.3567      511.9719  1333226    0.12%
  12997  7770      511.5899   145      511.3567      511.9709  1342369    0.12%
  13091  7838      511.5766   126      511.3567      511.9694  1352169    0.12%
  13187  7906      511.5870   113      511.3567      511.9678  1361601    0.12%
  13271  7956      511.4448   132      511.3567      511.9660  1371940    0.12%
  13373  8019      511.5778   114      511.3567      511.9651  1380777    0.12%
Elapsed time = 578.75 sec. (577592.67 ticks, tree = 146.25 MB, solutions = 8)
  13481  8086      511.9632   145      511.3567      511.9637  1390288    0.12%
  13574  8139      511.6253   138      511.3567      511.9619  1400646    0.12%
  13666  8201      511.4210   117      511.3567      511.9614  1410156    0.12%
  13751  8252      511.6893   127      511.3567      511.9603  1418293    0.12%
  13854  8326      511.3878    77      511.3567      511.9587  1427715    0.12%
  13949  8386      511.3835   102      511.3567      511.9573  1437483    0.12%
  14055  8464      511.5009   130      511.3567      511.9561  1447006    0.12%
  14157  8532      511.8455   148      511.3567      511.9551  1456005    0.12%
  14258  8599      511.8839   156      511.3567      511.9545  1465363    0.12%
  14361  8671      511.4912    97      511.3567      511.9537  1474850    0.12%
Elapsed time = 614.34 sec. (615968.50 ticks, tree = 157.57 MB, solutions = 8)
  14468  8737      511.4396   126      511.3567      511.9528  1484885    0.12%
  14558  8798      511.5853   141      511.3567      511.9508  1493711    0.12%
  14654  8862      511.3869   126      511.3567      511.9501  1503057    0.12%
  14755  8921      511.5982   138      511.3567      511.9485  1513899    0.12%
  14870  9006      511.6665   158      511.3567      511.9476  1522738    0.12%
  14990  9089      511.4803   129      511.3567      511.9463  1532047    0.12%
  15099  9151      511.6034   118      511.3567      511.9453  1541939    0.12%
  15208  9225      511.3845    85      511.3567      511.9444  1551746    0.11%
  15308  9287      511.4529   128      511.3567      511.9433  1561848    0.11%
  15398  9335      511.4458   134      511.3567      511.9418  1572161    0.11%
Elapsed time = 652.15 sec. (654522.61 ticks, tree = 171.01 MB, solutions = 8)
  15493  9392      511.8401   118      511.3567      511.9406  1582348    0.11%
  15607  9476      511.4118    54      511.3567      511.9402  1591396    0.11%
  15708  9540      511.7447   134      511.3567      511.9390  1600868    0.11%
  15809  9603      511.6051   109      511.3567      511.9370  1610850    0.11%
  15907  9663      511.4767   130      511.3567      511.9350  1620503    0.11%
  16014  9741      511.3723   107      511.3567      511.9339  1630405    0.11%
  16108  9800      511.4713   128      511.3567      511.9315  1640055    0.11%
  16218  9877      511.4791   111      511.3567      511.9288  1649397    0.11%
  16333  9965      511.3692   113      511.3567      511.9277  1658514    0.11%
  16435 10035      511.5076   108      511.3567      511.9272  1668273    0.11%
Elapsed time = 688.07 sec. (692997.62 ticks, tree = 181.46 MB, solutions = 8)
  16548 10110      511.3619   126      511.3567      511.9266  1677174    0.11%
  16656 10174      511.5088   122      511.3567      511.9255  1687063    0.11%
  16754 10233      511.4726   110      511.3567      511.9239  1697251    0.11%
  16850 10295      511.5758   105      511.3567      511.9231  1706960    0.11%
  16952 10362      511.3900   126      511.3567      511.9219  1716682    0.11%
  17065 10429      511.8431   123      511.3567      511.9207  1726407    0.11%
  17172 10499      511.6112   107      511.3567      511.9192  1735922    0.11%
  17278 10567      511.5845   123      511.3567      511.9182  1745536    0.11%
  17379 10625      511.7296   138      511.3567      511.9175  1755383    0.11%
  17475 10691      511.3966   110      511.3567      511.9166  1765423    0.11%
Elapsed time = 723.89 sec. (731547.29 ticks, tree = 190.55 MB, solutions = 8)
  17588 10755      511.7267   109      511.3567      511.9158  1775122    0.11%
  17704 10827      511.4041   114      511.3567      511.9144  1784696    0.11%
  17803 10886      511.8375   144      511.3567      511.9131  1794670    0.11%
  17901 10954      511.4561   102      511.3567      511.9124  1804358    0.11%
  18014 11015      511.6132   108      511.3567      511.9108  1814882    0.11%
  18127 11089      511.5483   125      511.3567      511.9098  1824669    0.11%
  18226 11156      511.5214   101      511.3567      511.9094  1834602    0.11%
  18320 11207      511.6496   118      511.3567      511.9087  1844579    0.11%
  18424 11271      511.6470   116      511.3567      511.9078  1854211    0.11%
  18557 11358      511.5457    98      511.3567      511.9071  1863643    0.11%
Elapsed time = 760.00 sec. (769971.01 ticks, tree = 201.47 MB, solutions = 8)
  18656 11423      511.3788   113      511.3567      511.9059  1873194    0.11%
  18756 11487      511.3886   125      511.3567      511.9051  1883248    0.11%
  18860 11547      511.8921   132      511.3567      511.9044  1892741    0.11%
  18978 11620      511.6386   114      511.3567      511.9039  1902473    0.11%
  19076 11684      511.4612    87      511.3567      511.9030  1912394    0.11%
  19196 11769        cutoff            511.3567      511.9022  1921496    0.11%
  19308 11827      511.5877   102      511.3567      511.9006  1931080    0.11%
  19393 11875      511.6066   109      511.3567      511.8991  1941700    0.11%
  19493 11929      511.6697   105      511.3567      511.8979  1951289    0.11%
  19607 12007      511.6056   125      511.3567      511.8967  1960899    0.11%
Elapsed time = 796.06 sec. (808512.79 ticks, tree = 211.75 MB, solutions = 8)
  19710 12074        cutoff            511.3567      511.8951  1970322    0.11%
  19794 12122      511.5729   135      511.3567      511.8943  1980646    0.11%
  19892 12176      511.7421   107      511.3567      511.8929  1990803    0.10%
  19986 12236      511.4302   123      511.3567      511.8924  2001146    0.10%
  20090 12295      511.5319   112      511.3567      511.8912  2010938    0.10%
  20183 12351      511.7585   146      511.3567      511.8904  2020801    0.10%
  20270 12404      511.7639   137      511.3567      511.8895  2031267    0.10%
  20372 12464      511.6767   104      511.3567      511.8878  2040863    0.10%
  20508 12555      511.7340   145      511.3567      511.8874  2049381    0.10%
  20607 12625      511.6219   106      511.3567      511.8859  2059210    0.10%
Elapsed time = 831.89 sec. (847056.53 ticks, tree = 223.73 MB, solutions = 8)
  20710 12681      511.6137   113      511.3567      511.8850  2069382    0.10%
  20807 12730      511.6304   148      511.3567      511.8843  2079731    0.10%
  20899 12783      511.7675   139      511.3567      511.8838  2089676    0.10%
  21030 12858      511.6786   117      511.3567      511.8836  2098806    0.10%

Performing restart 2

Repeating presolve.
Tried aggregator 1 time.
MIP Presolve eliminated 60 rows and 30 columns.
MIP Presolve modified 22 coefficients.
Reduced MIP has 2018 rows, 2356 columns, and 18025 nonzeros.
Reduced MIP has 596 binaries, 560 generals, 0 SOSs, and 0 indicators.
Presolve time = 0.01 sec. (4.70 ticks)
Tried aggregator 1 time.
Reduced MIP has 2018 rows, 2356 columns, and 18025 nonzeros.
Reduced MIP has 596 binaries, 560 generals, 0 SOSs, and 0 indicators.
Presolve time = 0.01 sec. (4.15 ticks)
Represolve time = 0.10 sec. (38.62 ticks)
  21048     0      512.7075   205      511.3567   MIRcuts: 32  2104369    0.10%
  21048     0      512.7037   207      511.3567   MIRcuts: 12  2104432    0.10%
  21048     0      512.7013   197      511.3567    MIRcuts: 9  2104487    0.10%
  21048     0      512.6990   207      511.3567   MIRcuts: 10  2104536    0.10%
  21048     0      512.6975   194      511.3567   MIRcuts: 11  2104596    0.10%
  21048     0      512.6969   201      511.3567    MIRcuts: 6  2104631    0.10%
  21048     0      512.6967   207      511.3567    MIRcuts: 2  2104649    0.10%
  21048     0      512.6965   205      511.3567    MIRcuts: 1  2104660    0.10%
  21048     2      512.6957   210      511.3567      511.8836  2104660    0.10%
  21052     6      512.5776   194      511.3567      511.8836  2105249    0.10%
  21059    13      512.4281   171      511.3567      511.8836  2107532    0.10%
  21128    73      512.6066   183      511.3567      511.8836  2115093    0.10%
  21235   170      511.7616    72      511.3567      511.8836  2126024    0.10%
  21404   314      511.3796    95      511.3567      511.8836  2143253    0.10%
Elapsed time = 867.91 sec. (887675.43 ticks, tree = 0.75 MB, solutions = 8)
  21555   442      511.8460   167      511.3567      511.8836  2158221    0.10%
  21666   532      512.1821   146      511.3567      511.8836  2173156    0.10%
  21885   732      511.6493   149      511.3567      511.8836  2188329    0.10%
  22002   827      511.8736   161      511.3567      511.8836  2204871    0.10%
  22136   944      512.1243   143      511.3567      511.8836  2219632    0.10%
  22309  1093      511.5872   121      511.3567      511.8836  2236356    0.10%
  22425  1180      511.8987   140      511.3567      511.8836  2252674    0.10%
  22543  1281      511.5051   147      511.3567      511.8836  2269072    0.10%
  22657  1378      511.5415   112      511.3567      511.8836  2284456    0.10%
  22793  1494      511.5641   100      511.3567      511.8836  2302445    0.10%
Elapsed time = 900.75 sec. (926058.22 ticks, tree = 4.16 MB, solutions = 8)
  22943  1626      511.7527   133      511.3567      511.8836  2320114    0.10%
  23070  1729      512.0054   142      511.3567      511.8836  2336002    0.10%
  23244  1872      511.5175    93      511.3567      511.8836  2353063    0.10%
  23362  1973      511.9080   137      511.3567      511.8836  2370749    0.10%
  23497  2076      511.4926   118      511.3567      511.8836  2387830    0.10%
  23630  2190      511.6047   103      511.3567      511.8836  2405233    0.10%
  23778  2318      511.8110   131      511.3567      511.8836  2423052    0.10%
  23941  2446      512.1019   146      511.3567      511.8836  2439630    0.10%
  24106  2581      511.5342   123      511.3567      511.8836  2457642    0.10%
  24279  2721      511.8149   163      511.3567      511.8836  2475207    0.10%
Elapsed time = 933.52 sec. (964454.92 ticks, tree = 6.53 MB, solutions = 8)
  24436  2851      512.0792   160      511.3567      511.8836  2492468    0.10%
  24555  2951      511.7502   134      511.3567      511.8836  2509092    0.10%
  24752  3116      512.1593   142      511.3567      511.8836  2525427    0.10%
  24880  3221      512.1462   151      511.3567      511.8836  2542939    0.10%
  25044  3362      512.1495   141      511.3567      511.8836  2560641    0.10%
  25174  3474      511.5218    99      511.3567      511.8836  2576530    0.10%
  25333  3600      511.6022   109      511.3567      511.8836  2592249    0.10%
  25501  3733      512.0783   137      511.3567      511.8836  2608015    0.10%
  25622  3834      511.7328   144      511.3567      511.8836  2624690    0.10%
  25739  3925      511.9687   134      511.3567      511.8836  2640801    0.10%
Elapsed time = 966.06 sec. (1002879.73 ticks, tree = 8.71 MB, solutions = 8)
  25859  4026      511.6040   101      511.3567      511.8836  2657399    0.10%
  26002  4131      511.4787   112      511.3567      511.8836  2673881    0.10%
  26138  4226      512.1582   136      511.3567      511.8836  2690743    0.10%
  26345  4397      511.3678    80      511.3567      511.8836  2707303    0.10%
  26480  4503      511.6606   138      511.3567      511.8836  2723981    0.10%
  26610  4609      511.7254   118      511.3567      511.8836  2740646    0.10%
  26826  4787      511.7536   136      511.3567      511.8836  2757164    0.10%
  26974  4898      511.8810   132      511.3567      511.8836  2774063    0.10%
  27126  5030      511.9366   130      511.3567      511.8836  2790868    0.10%
  27262  5132      511.5557    98      511.3567      511.8836  2806008    0.10%
Elapsed time = 998.83 sec. (1041250.22 ticks, tree = 11.05 MB, solutions = 8)
  27446  5276      511.7212   155      511.3567      511.8836  2822946    0.10%
  27605  5402      511.7954   132      511.3567      511.8836  2840304    0.10%
  27746  5517      511.3625    93      511.3567      511.8836  2856558    0.10%
  27888  5633      511.7919   138      511.3567      511.8836  2873616    0.10%
  28013  5724      511.7590   128      511.3567      511.8836  2890250    0.10%
  28162  5840      511.3689    70      511.3567      511.8836  2906007    0.10%
  28320  5972      511.9982   146      511.3567      511.8836  2922267    0.10%
  28497  6112      511.8857   108      511.3567      511.8836  2938459    0.10%
  28632  6207      511.6960   154      511.3567      511.8836  2955204    0.10%
  28740  6294      511.7186    92      511.3567      511.8836  2971138    0.10%
Elapsed time = 1031.18 sec. (1079603.76 ticks, tree = 13.21 MB, solutions = 8)
  28879  6400      512.0717   145      511.3567      511.8836  2986708    0.10%
  29009  6501      511.4616   108      511.3567      511.8836  3002695    0.10%
  29183  6639      511.8876   131      511.3567      511.8836  3018179    0.10%
  29341  6763      511.4016    97      511.3567      511.8836  3034516    0.10%
  29545  6925      511.9788   135      511.3567      511.8836  3050822    0.10%
  29691  7041      511.4398    82      511.3567      511.8836  3066692    0.10%
  29830  7146      511.6872    95      511.3567      511.8836  3082757    0.10%
  29934  7226        cutoff            511.3567      511.8836  3096748    0.10%
  30088  7349      511.8844   125      511.3567      511.8836  3113041    0.10%
  30248  7475      511.8194   128      511.3567      511.8836  3128659    0.10%
Elapsed time = 1063.64 sec. (1117943.66 ticks, tree = 15.38 MB, solutions = 8)
  30418  7621      511.8540   112      511.3567      511.8836  3144999    0.10%
  30582  7743      511.7806   168      511.3567      511.8836  3161616    0.10%
  30727  7846      511.9395   146      511.3567      511.8836  3177198    0.10%
  30863  7954      511.7543   146      511.3567      511.8836  3192466    0.10%
  31001  8054      511.3863    62      511.3567      511.8836  3208398    0.10%
  31136  8153      511.4526   130      511.3567      511.8836  3224636    0.10%
  31258  8254      511.8895   131      511.3567      511.8836  3241392    0.10%
  31371  8337      511.6137   129      511.3567      511.8836  3258411    0.10%
  31492  8431      511.8455   120      511.3567      511.8836  3273869    0.10%
  31648  8553      511.7902   144      511.3567      511.8836  3289196    0.10%
Elapsed time = 1095.78 sec. (1156467.95 ticks, tree = 17.70 MB, solutions = 8)
  31801  8680      511.4483    83      511.3567      511.8836  3305008    0.10%
  31947  8783      511.5467   125      511.3567      511.8836  3320781    0.10%
  32067  8886      511.3834    58      511.3567      511.8836  3336947    0.10%
  32247  9018      511.6881   106      511.3567      511.8836  3353625    0.10%
  32395  9126      511.4027    79      511.3567      511.8836  3369839    0.10%
  32515  9218      511.5160    97      511.3567      511.8836  3386477    0.10%
  32633  9309        cutoff            511.3567      511.8836  3402820    0.10%
  32781  9432      511.3749    65      511.3567      511.8836  3418658    0.10%
  32903  9525      511.4046   133      511.3567      511.8836  3435088    0.10%
  33026  9618      511.5578   122      511.3567      511.8836  3450208    0.10%
Elapsed time = 1127.65 sec. (1194781.70 ticks, tree = 19.63 MB, solutions = 8)
  33196  9764      511.8620   113      511.3567      511.8836  3465696    0.10%
  33354  9889      511.6001   141      511.3567      511.8836  3481701    0.10%
  33491 10001      511.5073   120      511.3567      511.8836  3497433    0.10%
  33643 10106      511.7518   156      511.3567      511.8836  3514439    0.10%
  33752 10190      511.9985   137      511.3567      511.8836  3530885    0.10%
  33932 10338      511.5879    82      511.3567      511.8836  3546262    0.10%
  34114 10482      511.9177   145      511.3567      511.8836  3562307    0.10%
  34327 10662      511.8783   100      511.3567      511.8836  3578259    0.10%
  34557 10834      511.7637   131      511.3567      511.8836  3594903    0.10%
  34726 10976      511.3996    68      511.3567      511.8836  3610369    0.10%
Elapsed time = 1160.87 sec. (1233287.98 ticks, tree = 22.21 MB, solutions = 8)
  34899 11114      511.5735   115      511.3567      511.8836  3626845    0.10%
  35058 11224      511.6301   116      511.3567      511.8836  3643335    0.10%
  35190 11312      511.7234   143      511.3567      511.8836  3659533    0.10%
  35304 11397      511.8178   135      511.3567      511.8836  3675022    0.10%
  35434 11494      511.7516   121      511.3567      511.8836  3690471    0.10%
  35587 11611      511.7270   142      511.3567      511.8836  3706827    0.10%
  35689 11689      511.9924   138      511.3567      511.8836  3722856    0.10%
  35811 11784      511.9438   143      511.3567      511.8836  3739088    0.10%
  35917 11866      511.4564   111      511.3567      511.8836  3756197    0.10%
  36054 11961      511.8298   153      511.3567      511.8836  3771190    0.10%
Elapsed time = 1192.44 sec. (1271720.16 ticks, tree = 23.98 MB, solutions = 8)
  36168 12045      511.5228   112      511.3567      511.8836  3787053    0.10%
  36314 12158      511.4232    91      511.3567      511.8836  3799864    0.10%
  36468 12283      511.6948   108      511.3567      511.8836  3811411    0.10%
  36654 12426      511.3979    57      511.3567      511.8836  3822386    0.10%
  36825 12547      511.5204    96      511.3567      511.8836  3833549    0.10%
  36999 12690      511.3632    67      511.3567      511.8836  3844727    0.10%
  37193 12844      511.6805   106      511.3567      511.8836  3855950    0.10%
  37364 12982      511.8381   101      511.3567      511.8836  3866872    0.10%
  37537 13099      511.6354   118      511.3567      511.8836  3877877    0.10%
  37693 13221      511.8429   140      511.3567      511.8836  3889179    0.10%
Elapsed time = 1228.01 sec. (1310135.13 ticks, tree = 43.17 MB, solutions = 8)
  37865 13360      511.6446   129      511.3567      511.8836  3900468    0.10%
  38044 13501      511.5365    78      511.3567      511.8836  3911912    0.10%
  38243 13650      512.0046   143      511.3567      511.8836  3923528    0.10%
  38374 13744      511.8790   119      511.3567      511.8836  3934290    0.10%
  38528 13866      511.8364   130      511.3567      511.8836  3945149    0.10%
  38676 13976      511.5512   138      511.3567      511.8836  3956085    0.10%
  38838 14097      512.0063   134      511.3567      511.8836  3967194    0.10%
  39010 14225        cutoff            511.3567      511.8836  3978642    0.10%
  39169 14351      511.3934    67      511.3567      511.8836  3989458    0.10%
  39330 14461      511.4969   118      511.3567      511.8836  4000225    0.10%
Elapsed time = 1264.03 sec. (1348559.35 ticks, tree = 61.31 MB, solutions = 8)
  39467 14566      511.3794   113      511.3567      511.8836  4011104    0.10%
  39634 14696      511.5842   127      511.3567      511.8836  4022503    0.10%
  39841 14863      511.4266    76      511.3567      511.8836  4033611    0.10%
  39990 14976      511.8015    97      511.3567      511.8836  4044730    0.10%
  40169 15115      511.4618    93      511.3567      511.8836  4056096    0.10%
  40329 15236      511.7642    88      511.3567      511.8836  4066843    0.10%
  40520 15383      511.6715   152      511.3567      511.8836  4078115    0.10%
  40692 15510      511.8353   105      511.3567      511.8836  4089046    0.10%
  40844 15624        cutoff            511.3567      511.8836  4100070    0.10%
  41020 15759      511.5400   120      511.3567      511.8836  4110922    0.10%
Elapsed time = 1300.44 sec. (1386835.93 ticks, tree = 80.45 MB, solutions = 8)
  41190 15887      511.8938    93      511.3567      511.8836  4121339    0.10%
  41394 16035      511.6115    45      511.3567      511.8836  4133019    0.10%
  41532 16136      511.4075   108      511.3567      511.8836  4144523    0.10%
  41671 16244      511.3638    72      511.3567      511.8836  4155330    0.10%
  41821 16357      511.5287   122      511.3567      511.8836  4166483    0.10%
  41968 16460      511.6411   103      511.3567      511.8836  4178051    0.10%
  42099 16557      511.6525   124      511.3567      511.8836  4189210    0.10%
  42248 16668      511.5204   104      511.3567      511.8836  4199738    0.10%
  42443 16819      511.4033    74      511.3567      511.8836  4210678    0.10%
  42621 16964      511.6663   106      511.3567      511.8836  4221893    0.10%
Elapsed time = 1336.29 sec. (1425119.23 ticks, tree = 97.94 MB, solutions = 8)
  42762 17071      511.5255   126      511.3567      511.8836  4233138    0.10%
  42929 17199      511.8225   152      511.3567      511.8836  4244296    0.10%
  43101 17335      511.5159    63      511.3567      511.8836  4255005    0.10%
  43247 17436      511.8809   141      511.3567      511.8836  4266174    0.10%
  43395 17544      511.5894   120      511.3567      511.8836  4277160    0.10%
  43559 17662      511.3886   149      511.3567      511.8836  4288130    0.10%
  43697 17763      511.9903   155      511.3567      511.8836  4298930    0.10%
  43860 17896      511.9312   118      511.3567      511.8836  4309454    0.10%
  44064 18057      511.6118    74      511.3567      511.8836  4320940    0.10%
  44266 18212        cutoff            511.3567      511.8836  4331862    0.10%
Elapsed time = 1372.55 sec. (1463404.24 ticks, tree = 116.28 MB, solutions = 8)
  44388 18307      511.4924   101      511.3567      511.8836  4342445    0.10%
  44559 18441      511.7437    92      511.3567      511.8836  4353532    0.10%
  44723 18569      511.4700   111      511.3567      511.8836  4364242    0.10%
  44890 18703      511.4593   145      511.3567      511.8836  4375136    0.10%
  45051 18823      511.7161   130      511.3567      511.8836  4385834    0.10%
  45200 18934      511.5499   104      511.3567      511.8836  4396437    0.10%
  45370 19066      511.8978   150      511.3567      511.8836  4407356    0.10%
  45513 19172      511.7623    79      511.3567      511.8836  4418102    0.10%
  45681 19292      511.9154   154      511.3567      511.8836  4429141    0.10%
  45826 19409      511.6294   117      511.3567      511.8836  4439891    0.10%
Elapsed time = 1408.72 sec. (1501845.02 ticks, tree = 132.72 MB, solutions = 8)
  45986 19526      511.4675    97      511.3567      511.8836  4450693    0.10%
  46127 19625      511.3755   159      511.3567      511.8836  4461856    0.10%
  46267 19735      511.4298   105      511.3567      511.8836  4472568    0.10%
  46432 19862      511.7864   131      511.3567      511.8836  4484311    0.10%
  46610 19992      511.6562   136      511.3567      511.8836  4495503    0.10%
  46786 20126      511.6980   127      511.3567      511.8836  4506589    0.10%
  46931 20244      511.8950   135      511.3567      511.8836  4517191    0.10%
  47111 20391      511.4157    91      511.3567      511.8836  4528314    0.10%
  47287 20523      511.7815   135      511.3567      511.8836  4539280    0.10%
  47434 20632      511.8532   158      511.3567      511.8836  4550121    0.10%
Elapsed time = 1444.88 sec. (1540361.95 ticks, tree = 151.46 MB, solutions = 8)
  47594 20754      511.7780   127      511.3567      511.8836  4560466    0.10%
  47762 20876      511.8563   129      511.3567      511.8836  4570696    0.10%
  47956 21018      511.7448   127      511.3567      511.8836  4582188    0.10%
  48171 21187      511.6991   116      511.3567      511.8836  4593579    0.10%
  48342 21300      511.8965   154      511.3567      511.8836  4604682    0.10%
  48502 21421      511.6509   101      511.3567      511.8836  4615366    0.10%
  48666 21549      511.4455   123      511.3567      511.8836  4625439    0.10%
  48832 21673      511.6629   112      511.3567      511.8836  4636355    0.10%
  49009 21804      511.3977   104      511.3567      511.8836  4647756    0.10%
  49196 21957      511.8793   134      511.3567      511.8836  4658462    0.10%
Elapsed time = 1481.24 sec. (1578758.81 ticks, tree = 170.50 MB, solutions = 8)
  49350 22066      512.0058   144      511.3567      511.8836  4669469    0.10%
  49511 22196      511.4611    94      511.3567      511.8836  4680677    0.10%
  49639 22283      511.7939   115      511.3567      511.8836  4691318    0.10%
  49834 22433      511.4155   103      511.3567      511.8836  4701750    0.10%
  49993 22560      511.4073    69      511.3567      511.8836  4711734    0.10%
  50155 22687      511.7273   133      511.3567      511.8836  4722863    0.10%
  50299 22792      511.7973   157      511.3567      511.8836  4733283    0.10%
  50459 22909      511.5430    90      511.3567      511.8836  4744809    0.10%
  50658 23058      511.7330    50      511.3567      511.8836  4755320    0.10%
  50858 23214      511.8095   115      511.3567      511.8836  4765927    0.10%
Elapsed time = 1517.24 sec. (1617069.90 ticks, tree = 187.88 MB, solutions = 8)
  51067 23374      511.7838   122      511.3567      511.8836  4777367    0.10%
  51255 23530        cutoff            511.3567      511.8836  4788360    0.10%
  51466 23694      511.6906   121      511.3567      511.8836  4799182    0.10%
  51685 23845      511.8679   144      511.3567      511.8836  4810225    0.10%
  51817 23946      511.5441   100      511.3567      511.8836  4821916    0.10%
  52010 24095      511.5588    95      511.3567      511.8836  4831905    0.10%
  52203 24240      511.8292   131      511.3567      511.8836  4843183    0.10%
  52368 24354      511.4750   106      511.3567      511.8836  4853724    0.10%
  52525 24468      511.3973    71      511.3567      511.8836  4864949    0.10%
  52715 24607      511.7052    94      511.3567      511.8836  4875737    0.10%
Elapsed time = 1554.20 sec. (1655371.27 ticks, tree = 209.77 MB, solutions = 8)
  52882 24735      511.5831   110      511.3567      511.8836  4886776    0.10%
  53057 24868        cutoff            511.3567      511.8836  4896685    0.10%
  53256 25016      511.6056   118      511.3567      511.8836  4907513    0.10%
  53400 25115        cutoff            511.3567      511.8836  4918426    0.10%
  53551 25228      511.3644   122      511.3567      511.8836  4929152    0.10%
  53704 25337      511.7977    96      511.3567      511.8836  4940112    0.10%
  53937 25518      511.3859    22      511.3567      511.8836  4951047    0.10%
  54092 25638      511.4201    89      511.3567      511.8836  4962054    0.10%
  54277 25774      511.4332    74      511.3567      511.8836  4973333    0.10%
  54461 25905        cutoff            511.3567      511.8836  4984513    0.10%
Elapsed time = 1590.44 sec. (1693618.65 ticks, tree = 230.96 MB, solutions = 8)
  54648 26052      511.5045    94      511.3567      511.8836  4995008    0.10%
  54846 26194      511.5562   106      511.3567      511.8836  5005811    0.10%
  55043 26347      511.7806   143      511.3567      511.8836  5016471    0.10%
  55188 26444      511.8555   128      511.3567      511.8836  5026793    0.10%
  55337 26558      511.8227    99      511.3567      511.8836  5037307    0.10%
  55486 26676      511.6999    90      511.3567      511.8836  5047610    0.10%
  55637 26781      511.7785   151      511.3567      511.8836  5058370    0.10%
  55790 26896      511.7955   136      511.3567      511.8836  5069202    0.10%
  55992 27055      511.4220    87      511.3567      511.8836  5080059    0.10%
  56176 27192      511.7550   107      511.3567      511.8836  5090506    0.10%
Elapsed time = 1626.79 sec. (1732021.96 ticks, tree = 249.39 MB, solutions = 8)
  56365 27332      511.7904   118      511.3567      511.8836  5101359    0.10%
  56541 27466      511.3601    72      511.3567      511.8836  5112633    0.10%
  56692 27575      511.4729    84      511.3567      511.8836  5123110    0.10%
  56883 27731      511.4765   112      511.3567      511.8836  5133915    0.10%
  57057 27856      511.7108   123      511.3567      511.8836  5144798    0.10%
  57228 27971      511.6333   116      511.3567      511.8836  5155398    0.10%
  57401 28102      511.8923   139      511.3567      511.8836  5166388    0.10%
  57552 28211      511.5830   120      511.3567      511.8836  5177257    0.10%
  57732 28351      511.8460   137      511.3567      511.8836  5187837    0.10%
  57894 28473      511.3854    76      511.3567      511.8836  5198741    0.10%
Elapsed time = 1663.01 sec. (1770335.95 ticks, tree = 266.52 MB, solutions = 8)
  58086 28603      511.5973   130      511.3567      511.8836  5210461    0.10%
  58281 28746      511.5707   122      511.3567      511.8836  5221155    0.10%
  58450 28885      511.5763    96      511.3567      511.8836  5231845    0.10%
  58604 29007      511.4399    76      511.3567      511.8836  5242317    0.10%
  58830 29185      511.6539   132      511.3567      511.8836  5253136    0.10%
  58987 29307      511.5216   145      511.3567      511.8836  5264441    0.10%
  59136 29417      511.4774   142      511.3567      511.8836  5275215    0.10%
  59317 29558      511.3855    52      511.3567      511.8836  5286272    0.10%
  59491 29681      511.8289   113      511.3567      511.8836  5297599    0.10%
  59679 29833      511.5520   100      511.3567      511.8836  5308009    0.10%
Elapsed time = 1699.54 sec. (1808787.83 ticks, tree = 282.83 MB, solutions = 8)
  59827 29945      511.7826   136      511.3567      511.8836  5318851    0.10%
  60003 30077      511.3742    65      511.3567      511.8836  5329169    0.10%
  60173 30203      511.9395   139      511.3567      511.8836  5340295    0.10%
  60376 30364      511.6293   143      511.3567      511.8836  5351198    0.10%
  60548 30491      511.5428    85      511.3567      511.8836  5362405    0.10%
  60704 30595      511.6044    95      511.3567      511.8836  5373096    0.10%
  60888 30733      511.8174   127      511.3567      511.8836  5383890    0.10%
  61048 30852      511.7389   113      511.3567      511.8836  5393723    0.10%
  61223 30981      511.5136   113      511.3567      511.8836  5404551    0.10%
  61386 31095      511.8150   126      511.3567      511.8836  5416099    0.10%
Elapsed time = 1735.86 sec. (1847132.72 ticks, tree = 305.61 MB, solutions = 8)
  61581 31240      511.5156    97      511.3567      511.8836  5427160    0.10%
  61761 31357      511.8401    88      511.3567      511.8836  5437751    0.10%
  62001 31555      511.9759   141      511.3567      511.8836  5448579    0.10%
  62162 31674      511.4189    72      511.3567      511.8836  5458924    0.10%
  62328 31798      511.4138    83      511.3567      511.8836  5469091    0.10%
  62501 31925      511.4612    74      511.3567      511.8836  5480536    0.10%
  62679 32046        cutoff            511.3567      511.8836  5491264    0.10%
  62864 32177      511.8378    89      511.3567      511.8836  5502384    0.10%
  63033 32304      511.6851   115      511.3567      511.8836  5513379    0.10%
  63180 32407      511.7672   138      511.3567      511.8836  5524496    0.10%
Elapsed time = 1772.84 sec. (1885513.33 ticks, tree = 324.71 MB, solutions = 8)
  63347 32526      511.6820   122      511.3567      511.8836  5535312    0.10%
  63572 32702      511.5741   116      511.3567      511.8836  5546668    0.10%
  63738 32825      511.6995   136      511.3567      511.8836  5558202    0.10%
  63908 32952      511.4195   114      511.3567      511.8836  5568960    0.10%
  64091 33090      511.4517    88      511.3567      511.8836  5580049    0.10%
  64260 33221      511.3855    97      511.3567      511.8836  5590850    0.10%
  64428 33349      511.6533   126      511.3567      511.8836  5602071    0.10%
  64638 33515      511.4608   144      511.3567      511.8836  5613889    0.10%
  64770 33609      511.6384   114      511.3567      511.8836  5624066    0.10%
  64958 33745      511.3840    76      511.3567      511.8836  5635145    0.10%
Elapsed time = 1809.43 sec. (1923999.80 ticks, tree = 345.37 MB, solutions = 8)
  65080 33832      511.6155   109      511.3567      511.8836  5646402    0.10%
  65271 33983      511.5019   105      511.3567      511.8836  5657775    0.10%
  65423 34088      511.8183   158      511.3567      511.8836  5669058    0.10%
  65593 34206      511.7982   135      511.3567      511.8836  5680026    0.10%
  65745 34318      511.7406   135      511.3567      511.8836  5691535    0.10%
  65941 34468      511.3995    81      511.3567      511.8836  5702382    0.10%
  66125 34596      511.5793    90      511.3567      511.8836  5713168    0.10%
  66302 34731      511.4311    46      511.3567      511.8836  5723962    0.10%
  66511 34886      511.7204   135      511.3567      511.8836  5735186    0.10%
  66660 34985      511.6075   142      511.3567      511.8836  5746205    0.10%
Elapsed time = 1845.58 sec. (1962337.00 ticks, tree = 363.98 MB, solutions = 8)
  66821 35095      511.5643   102      511.3567      511.8836  5757017    0.10%
  67018 35239      511.4649   128      511.3567      511.8836  5768518    0.10%
  67224 35388      511.4523   115      511.3567      511.8836  5779613    0.10%
  67404 35525      511.8783   122      511.3567      511.8836  5790422    0.10%
  67608 35684      511.5259    96      511.3567      511.8836  5801652    0.10%
  67795 35817      511.5451    93      511.3567      511.8836  5812386    0.10%
  67976 35948      511.5497   113      511.3567      511.8836  5823065    0.10%
  68187 36105      511.6447    94      511.3567      511.8836  5834397    0.10%
  68359 36233      511.8330   123      511.3567      511.8836  5845181    0.10%
  68548 36376      511.9051   113      511.3567      511.8836  5856356    0.10%
Elapsed time = 1882.39 sec. (2000742.46 ticks, tree = 383.05 MB, solutions = 8)
  68769 36554      511.7062   123      511.3567      511.8836  5867671    0.10%
  68952 36690      511.6553   132      511.3567      511.8836  5878714    0.10%
  69135 36804      511.7028   126      511.3567      511.8836  5889470    0.10%
  69312 36926      511.7701   151      511.3567      511.8836  5900668    0.10%
  69445 37029      511.3862    89      511.3567      511.8836  5911632    0.10%
  69638 37173      511.6920   135      511.3567      511.8836  5922318    0.10%
  69787 37274      511.4754   100      511.3567      511.8836  5933151    0.10%
  69998 37428      511.7570   145      511.3567      511.8836  5944350    0.10%
  70194 37583      511.5815   108      511.3567      511.8836  5955085    0.10%
  70387 37727      511.3583    42      511.3567      511.8836  5966117    0.10%
Elapsed time = 1918.94 sec. (2039133.49 ticks, tree = 402.05 MB, solutions = 8)
  70521 37823      511.6347   126      511.3567      511.8836  5977640    0.10%
  70691 37946      511.6984   118      511.3567      511.8836  5989058    0.10%
  70908 38105      511.7016   125      511.3567      511.8836  5999975    0.10%
  71080 38233      511.6591   123      511.3567      511.8836  6010682    0.10%
  71236 38353      511.6293   109      511.3567      511.8836  6021747    0.10%
  71425 38480      511.7319   115      511.3567      511.8836  6033003    0.10%
  71594 38601      511.6677   117      511.3567      511.8836  6044022    0.10%
  71797 38742      511.7438   159      511.3567      511.8836  6055344    0.10%
  71975 38871      511.7878   126      511.3567      511.8836  6066541    0.10%
  72184 39030      511.8131    95      511.3567      511.8836  6078171    0.10%
Elapsed time = 1955.51 sec. (2077647.08 ticks, tree = 422.26 MB, solutions = 8)
  72351 39152      511.4708   104      511.3567      511.8836  6089276    0.10%
  72536 39284      511.7492   132      511.3567      511.8836  6100447    0.10%
  72688 39393      511.7513   115      511.3567      511.8836  6111396    0.10%
  72896 39542      511.9143   106      511.3567      511.8836  6122387    0.10%
  73052 39659      511.3573   111      511.3567      511.8836  6133065    0.10%
  73241 39803      511.4508    87      511.3567      511.8836  6143560    0.10%
  73408 39916      511.7878   122      511.3567      511.8836  6154676    0.10%
  73596 40059      511.7091   112      511.3567      511.8836  6165223    0.10%
  73815 40211      511.4037    62      511.3567      511.8836  6175936    0.10%
  74023 40359      511.6825   119      511.3567      511.8836  6187069    0.10%
Elapsed time = 1992.03 sec. (2115910.67 ticks, tree = 445.20 MB, solutions = 8)
  74195 40484      511.4122    65      511.3567      511.8836  6198252    0.10%
  74393 40620      511.4502   120      511.3567      511.8836  6209313    0.10%
  74546 40737      511.3966    62      511.3567      511.8836  6220465    0.10%
  74736 40869        cutoff            511.3567      511.8836  6231118    0.10%
  74951 41026      511.5865   118      511.3567      511.8836  6242184    0.10%
  75113 41148      511.4817   111      511.3567      511.8836  6253204    0.10%
  75312 41282      511.7368   124      511.3567      511.8836  6264415    0.10%
  75456 41379      511.4217    85      511.3567      511.8836  6275481    0.10%
  75661 41538        cutoff            511.3567      511.8836  6286227    0.10%
  75864 41696      511.5368   106      511.3567      511.8836  6297211    0.10%
Elapsed time = 2028.63 sec. (2154181.18 ticks, tree = 466.89 MB, solutions = 8)
  76060 41841      511.6436   132      511.3567      511.8836  6308150    0.10%
  76217 41940      511.5852   151      511.3567      511.8836  6319527    0.10%
  76430 42098      511.4247    48      511.3567      511.8836  6331026    0.10%
  76654 42264      511.6229   114      511.3567      511.8836  6342496    0.10%
  76897 42443      511.5560   110      511.3567      511.8836  6353689    0.10%
  77054 42553      511.8026   142      511.3567      511.8836  6364348    0.10%
  77244 42697      511.6872   112      511.3567      511.8836  6375161    0.10%
  77421 42823      511.8626   110      511.3567      511.8836  6386705    0.10%
  77613 42966      511.7232   137      511.3567      511.8836  6398101    0.10%
  77805 43096      511.6548   137      511.3567      511.8836  6409195    0.10%
Elapsed time = 2065.56 sec. (2192453.04 ticks, tree = 488.32 MB, solutions = 8)
  78026 43250      511.8432   107      511.3567      511.8836  6420094    0.10%
  78244 43415      511.4464    63      511.3567      511.8836  6431067    0.10%
  78452 43567      511.3801    45      511.3567      511.8836  6442393    0.10%
  78633 43709      511.5444    83      511.3567      511.8836  6452945    0.10%
  78852 43877      511.5613   105      511.3567      511.8836  6464023    0.10%
  79056 44021      511.5009   130      511.3567      511.8836  6474899    0.10%
  79266 44180      511.7323   143      511.3567      511.8836  6485730    0.10%
  79447 44312      511.8118    99      511.3567      511.8836  6496890    0.10%
  79660 44475      511.4047   124      511.3567      511.8836  6507358    0.10%
  79843 44603      511.4620   101      511.3567      511.8836  6518702    0.10%
Elapsed time = 2103.10 sec. (2230705.41 ticks, tree = 509.61 MB, solutions = 8)
  80008 44721      511.6529   129      511.3567      511.8836  6529390    0.10%
  80181 44844      511.6583   115      511.3567      511.8836  6540754    0.10%
  80340 44964      511.8449   128      511.3567      511.8836  6551542    0.10%
  80528 45103      511.4699   139      511.3567      511.8836  6562816    0.10%
  80712 45237      511.6921   129      511.3567      511.8836  6573550    0.10%
  80924 45396      511.6023   114      511.3567      511.8836  6584483    0.10%
  81108 45531      511.6494   106      511.3567      511.8836  6595444    0.10%
  81267 45642      511.4932   120      511.3567      511.8836  6606247    0.10%
  81459 45779      511.4216    84      511.3567      511.8836  6617252    0.10%
  81642 45915      511.7889   108      511.3567      511.8836  6628459    0.10%
Elapsed time = 2139.82 sec. (2269004.88 ticks, tree = 532.57 MB, solutions = 8)
  81853 46071      511.8107    94      511.3567      511.8836  6639691    0.10%
  82022 46205      511.6857   111      511.3567      511.8836  6651054    0.10%
  82266 46390      511.6648   112      511.3567      511.8836  6661791    0.10%
  82457 46528      511.6592   102      511.3567      511.8836  6673046    0.10%
  82631 46654      511.7234   114      511.3567      511.8836  6684426    0.10%
  82788 46772      511.4190   104      511.3567      511.8836  6695671    0.10%
  82994 46932      511.4656    95      511.3567      511.8836  6706353    0.10%
  83208 47089      511.4170   104      511.3567      511.8836  6717364    0.10%
  83455 47287      511.7817   107      511.3567      511.8836  6728518    0.10%
  83685 47452      511.7821   134      511.3567      511.8836  6739587    0.10%
Elapsed time = 2177.48 sec. (2307321.60 ticks, tree = 555.31 MB, solutions = 8)
  83848 47572      511.6339   115      511.3567      511.8836  6750376    0.10%
  84050 47716      511.6950   102      511.3567      511.8836  6761484    0.10%
  84264 47888      511.6510   104      511.3567      511.8836  6772990    0.10%
  84461 48038      511.5720   127      511.3567      511.8836  6784094    0.10%
  84646 48179      511.3938    94      511.3567      511.8836  6795188    0.10%
  84834 48317      511.7898   134      511.3567      511.8836  6806400    0.10%
  85039 48470      511.6873   124      511.3567      511.8836  6817704    0.10%
  85222 48604      511.7979   126      511.3567      511.8836  6828605    0.10%
  85450 48779      511.4255    54      511.3567      511.8836  6839935    0.10%
  85694 48965      511.3579    38      511.3567      511.8836  6851136    0.10%
Elapsed time = 2215.07 sec. (2345575.34 ticks, tree = 579.90 MB, solutions = 8)
  85888 49115      511.5281    87      511.3567      511.8836  6862002    0.10%
  86064 49239      511.8257   112      511.3567      511.8836  6873143    0.10%
  86248 49373      511.7864    89      511.3567      511.8836  6883927    0.10%
  86457 49532      511.8107   137      511.3567      511.8836  6895271    0.10%
  86703 49721      511.7592   103      511.3567      511.8836  6906383    0.10%
  86863 49838      511.4226    69      511.3567      511.8836  6917473    0.10%
  87060 49982      511.5812    55      511.3567      511.8836  6928440    0.10%
  87262 50136      511.3785    92      511.3567      511.8836  6940236    0.10%
  87433 50251      511.4978   108      511.3567      511.8836  6951474    0.10%
  87605 50357      511.4803   144      511.3567      511.8836  6962343    0.10%
Elapsed time = 2252.18 sec. (2383828.72 ticks, tree = 600.00 MB, solutions = 8)
  87802 50506      511.4491    86      511.3567      511.8836  6973656    0.10%
  87965 50619      511.4789    98      511.3567      511.8836  6984729    0.10%
* 88188+50491                          511.3599      511.8836             0.10%
  88208 50503      511.5536    99      511.3599      511.8836  6994667    0.10%
  88388 50634      511.7123   108      511.3599      511.8836  7004329    0.10%
  88547 50757      511.4764    83      511.3599      511.8836  7013214    0.10%
  88728 50886      511.3804    52      511.3599      511.8836  7023168    0.10%
  88868 50984      511.5357    82      511.3599      511.8836  7033615    0.10%
  89041 51102      511.7354   128      511.3599      511.8836  7043282    0.10%
  89239 51252      511.6261   115      511.3599      511.8836  7053712    0.10%
  89463 51412      511.8209    81      511.3599      511.8836  7064598    0.10%
Elapsed time = 2289.32 sec. (2422244.23 ticks, tree = 618.46 MB, solutions = 9)
  89660 51558      511.8365   122      511.3599      511.8836  7075990    0.10%
  89886 51724      511.6652    77      511.3599      511.8836  7087169    0.10%
  90105 51880      511.6983   115      511.3599      511.8836  7098152    0.10%
  90316 52037      511.4267   102      511.3599      511.8836  7108882    0.10%
  90519 52180      511.4794   105      511.3599      511.8836  7119816    0.10%
  90746 52352      511.8204   144      511.3599      511.8836  7130401    0.10%
  90904 52469      511.4669    98      511.3599      511.8836  7141693    0.10%
  91108 52602      511.5028   115      511.3599      511.8836  7152137    0.10%
  91328 52755      511.4060    63      511.3599      511.8836  7163136    0.10%
  91532 52892      511.7027   105      511.3599      511.8836  7173932    0.10%
Elapsed time = 2326.81 sec. (2460503.60 ticks, tree = 641.95 MB, solutions = 9)
  91741 53037      511.7405   122      511.3599      511.8836  7185148    0.10%
  91908 53158      511.5421   118      511.3599      511.8836  7196319    0.10%
  92105 53308      511.6835   118      511.3599      511.8836  7207766    0.10%
  92323 53464      511.4507    70      511.3599      511.8836  7218474    0.10%
  92539 53628      511.6862   105      511.3599      511.8836  7229671    0.10%
  92758 53783      511.7410   149      511.3599      511.8836  7240916    0.10%
  92965 53940      511.7576    67      511.3599      511.8836  7251451    0.10%
  93151 54065      511.4473   131      511.3599      511.8836  7262670    0.10%
  93313 54182      511.6275   110      511.3599      511.8836  7273685    0.10%
  93528 54341      511.5231    67      511.3599      511.8836  7284391    0.10%
Elapsed time = 2364.16 sec. (2498885.90 ticks, tree = 661.81 MB, solutions = 9)
  93706 54459      511.6162   109      511.3599      511.8836  7295709    0.10%
  93894 54604      511.5513    96      511.3599      511.8836  7306951    0.10%
  94076 54741      511.6820   129      511.3599      511.8836  7318066    0.10%
  94297 54909      511.7354   116      511.3599      511.8836  7328987    0.10%
  94506 55064      511.4271    85      511.3599      511.8836  7340067    0.10%
  94677 55175        cutoff            511.3599      511.8836  7350718    0.10%
  94885 55324      511.7258   126      511.3599      511.8836  7361715    0.10%
  95075 55452      511.5695    82      511.3599      511.8836  7372114    0.10%
  95284 55605      511.5451   113      511.3599      511.8836  7383106    0.10%
  95479 55743      511.6090   109      511.3599      511.8836  7393916    0.10%
Elapsed time = 2401.15 sec. (2537257.51 ticks, tree = 682.23 MB, solutions = 9)
  95657 55867      511.7256   123      511.3599      511.8836  7405015    0.10%
  95822 55987      511.5124   119      511.3599      511.8836  7415962    0.10%
  96024 56133      511.4919    63      511.3599      511.8836  7427092    0.10%
  96248 56289      511.7102   125      511.3599      511.8836  7437672    0.10%
  96444 56414      511.6894   124      511.3599      511.8836  7448614    0.10%
  96587 56521      511.5300   106      511.3599      511.8836  7459785    0.10%
  96765 56642        cutoff            511.3599      511.8836  7470609    0.10%
  97002 56813      511.6088   123      511.3599      511.8836  7481527    0.10%
  97176 56929      511.4538    95      511.3599      511.8836  7492614    0.10%
  97398 57100      511.7157   120      511.3599      511.8836  7503870    0.10%
Elapsed time = 2438.24 sec. (2575619.52 ticks, tree = 701.09 MB, solutions = 9)
  97577 57228      511.5962   106      511.3599      511.8836  7514591    0.10%
  97798 57385      511.7554   111      511.3599      511.8836  7525372    0.10%
  98015 57534      511.8371   124      511.3599      511.8836  7536701    0.10%
  98196 57657      511.4278    67      511.3599      511.8836  7547664    0.10%
  98398 57805      511.5185   127      511.3599      511.8836  7558292    0.10%
  98617 57966      511.5336   116      511.3599      511.8836  7569068    0.10%
  98795 58089      511.8086   138      511.3599      511.8836  7580208    0.10%
  98998 58240      511.6810    54      511.3599      511.8836  7591291    0.10%
  99191 58380      511.7085   119      511.3599      511.8836  7602220    0.10%
  99371 58510      511.8215    99      511.3599      511.8836  7613444    0.10%
Elapsed time = 2475.43 sec. (2613914.96 ticks, tree = 722.14 MB, solutions = 9)
  99538 58629      511.4955   128      511.3599      511.8836  7624521    0.10%
  99749 58783      511.8154   147      511.3599      511.8836  7635625    0.10%
  99945 58929      511.4563    59      511.3599      511.8836  7646430    0.10%
 100131 59054      511.7372   101      511.3599      511.8836  7657470    0.10%
 100353 59218      511.8676   106      511.3599      511.8836  7668324    0.10%
 100580 59397      511.5863   131      511.3599      511.8836  7679688    0.10%
 100772 59540      511.7171    81      511.3599      511.8836  7690943    0.10%
 100964 59679      511.8185   126      511.3599      511.8836  7702355    0.10%
 101154 59815      511.3803    98      511.3599      511.8836  7713334    0.10%
 101358 59957      511.4237    79      511.3599      511.8836  7724307    0.10%
Elapsed time = 2512.82 sec. (2652271.24 ticks, tree = 745.26 MB, solutions = 9)
 101565 60105      511.3790    37      511.3599      511.8836  7735122    0.10%
 101748 60241      511.4579   111      511.3599      511.8836  7745714    0.10%
 101924 60359      511.6323   116      511.3599      511.8836  7756894    0.10%
 102117 60497      511.6981   146      511.3599      511.8836  7767662    0.10%
 102288 60612      511.7194    95      511.3599      511.8836  7777930    0.10%
 102498 60767      511.6312   120      511.3599      511.8836  7788477    0.10%
 102692 60897      511.4845   110      511.3599      511.8836  7799008    0.10%
 102913 61043      511.6841   123      511.3599      511.8836  7809703    0.10%
 103094 61165      511.4630   103      511.3599      511.8836  7820492    0.10%
 103301 61308      511.3800    93      511.3599      511.8836  7831180    0.10%
Elapsed time = 2549.77 sec. (2690598.47 ticks, tree = 765.45 MB, solutions = 9)
 103497 61436      511.6086    95      511.3599      511.8836  7841742    0.10%
 103681 61578      511.5482    53      511.3599      511.8836  7852180    0.10%
 103895 61736      511.8203   145      511.3599      511.8836  7863218    0.10%
 104127 61906      511.7748   111      511.3599      511.8836  7874086    0.10%
 104349 62066      511.7395   131      511.3599      511.8836  7884807    0.10%
 104509 62169      511.6770   114      511.3599      511.8836  7895702    0.10%
 104741 62329      511.5548   126      511.3599      511.8836  7906288    0.10%
 104970 62497      511.4621    73      511.3599      511.8836  7916746    0.10%
 105174 62629      511.8079   123      511.3599      511.8836  7927809    0.10%
 105410 62796      511.8679    95      511.3599      511.8836  7938834    0.10%
Elapsed time = 2587.32 sec. (2728876.18 ticks, tree = 783.84 MB, solutions = 9)
 105615 62947      511.4620    95      511.3599      511.8836  7950244    0.10%
 105825 63100      511.6647   104      511.3599      511.8836  7961380    0.10%
 106058 63284      511.7901    75      511.3599      511.8836  7971654    0.10%
 106249 63423      511.7274   156      511.3599      511.8836  7983216    0.10%
 106428 63541      511.3677    75      511.3599      511.8836  7994261    0.10%
 106632 63679      511.5373   105      511.3599      511.8836  8005257    0.10%
 106838 63827      511.4591    73      511.3599      511.8836  8015772    0.10%
 107047 63966      511.4781   123      511.3599      511.8836  8027095    0.10%
 107257 64111      511.8109   141      511.3599      511.8836  8037715    0.10%
 107466 64272      511.4307    63      511.3599      511.8836  8047671    0.10%
Elapsed time = 2625.03 sec. (2767217.52 ticks, tree = 804.79 MB, solutions = 9)
 107659 64405      511.6943   120      511.3599      511.8836  8058141    0.10%
 107864 64563      511.5341   130      511.3599      511.8836  8069147    0.10%
 108099 64730      511.4604   107      511.3599      511.8836  8079571    0.10%
 108326 64899      511.6283    48      511.3599      511.8836  8090121    0.10%
 108558 65068      511.4343    73      511.3599      511.8836  8100991    0.10%
 108759 65216      511.4194    94      511.3599      511.8836  8111940    0.10%
 108953 65350      511.7684   126      511.3599      511.8836  8123294    0.10%
 109131 65480      511.5852    99      511.3599      511.8836  8133951    0.10%
 109318 65615      511.7440   112      511.3599      511.8836  8144916    0.10%
 109521 65759      511.5734   122      511.3599      511.8836  8155974    0.10%
Elapsed time = 2663.42 sec. (2805609.95 ticks, tree = 826.89 MB, solutions = 9)
 109701 65881      511.7357   125      511.3599      511.8836  8166754    0.10%
 109875 65998      511.4354   124      511.3599      511.8836  8177452    0.10%
 110071 66136      511.3813    97      511.3599      511.8836  8188701    0.10%
 110269 66269      511.3960   108      511.3599      511.8836  8199705    0.10%
 110465 66407      511.7985    89      511.3599      511.8836  8210155    0.10%
 110729 66605      511.4662    65      511.3599      511.8836  8220674    0.10%
 110922 66742      511.7888   115      511.3599      511.8836  8231752    0.10%
 111089 66864      511.3842    40      511.3599      511.8836  8242303    0.10%
 111293 67005      511.5725   125      511.3599      511.8836  8252951    0.10%
 111461 67112      511.7561   117      511.3599      511.8836  8263928    0.10%
Elapsed time = 2701.10 sec. (2843896.95 ticks, tree = 847.19 MB, solutions = 9)
 111663 67256      511.7633   131      511.3599      511.8836  8274572    0.10%
 111876 67407      511.5504    46      511.3599      511.8836  8285228    0.10%
 112073 67554      511.4822   129      511.3599      511.8836  8296325    0.10%
 112288 67714      511.8871   132      511.3599      511.8836  8306881    0.10%
 112454 67824      511.4289    78      511.3599      511.8836  8317872    0.10%
 112649 67972      511.6056   103      511.3599      511.8836  8328232    0.10%
 112813 68090      511.8371    82      511.3599      511.8836  8339134    0.10%
 113037 68256        cutoff            511.3599      511.8836  8350342    0.10%
 113230 68392      511.8082   110      511.3599      511.8836  8361124    0.10%
 113455 68548      511.4598    91      511.3599      511.8836  8371896    0.10%
Elapsed time = 2738.97 sec. (2882203.33 ticks, tree = 869.32 MB, solutions = 9)
 113648 68689      511.5059   137      511.3599      511.8836  8382685    0.10%
 113850 68838      511.5359   119      511.3599      511.8836  8393729    0.10%
 114071 68993      511.4317   106      511.3599      511.8836  8404558    0.10%
 114299 69165      511.4462   110      511.3599      511.8836  8415706    0.10%
 114438 69257        cutoff            511.3599      511.8836  8426450    0.10%
 114637 69399      511.5779   136      511.3599      511.8836  8437832    0.10%
 114825 69537      511.5123   122      511.3599      511.8836  8448503    0.10%
 115023 69685      511.6330    77      511.3599      511.8836  8459799    0.10%
 115182 69803      511.5770   143      511.3599      511.8836  8470403    0.10%
 115440 69993      511.6711   108      511.3599      511.8836  8481533    0.10%
Elapsed time = 2776.98 sec. (2920526.21 ticks, tree = 888.38 MB, solutions = 9)
 115614 70112      511.4118    49      511.3599      511.8836  8492257    0.10%
 115848 70288      511.6375   133      511.3599      511.8836  8503056    0.10%
 116007 70401      511.3992    96      511.3599      511.8836  8514119    0.10%
 116217 70551      511.8191   112      511.3599      511.8836  8525215    0.10%
 116406 70689      511.5039   104      511.3599      511.8836  8535962    0.10%
 116594 70813      511.3763   106      511.3599      511.8836  8546675    0.10%
 116754 70917      511.5053    91      511.3599      511.8836  8556793    0.10%
 116975 71068      511.4120    85      511.3599      511.8836  8567789    0.10%
 117151 71179      511.5113    92      511.3599      511.8836  8578542    0.10%
 117369 71324      511.6843   123      511.3599      511.8836  8589629    0.10%
Elapsed time = 2814.94 sec. (2958999.42 ticks, tree = 906.87 MB, solutions = 9)
 117576 71471      511.5779    84      511.3599      511.8836  8600044    0.10%
 117820 71647      511.4447    70      511.3599      511.8836  8611099    0.10%
 118032 71809      511.4505   125      511.3599      511.8836  8622105    0.10%
 118286 71996      511.3810    68      511.3599      511.8836  8633065    0.10%
 118501 72138      511.6816    73      511.3599      511.8836  8643927    0.10%
 118722 72303      511.6920   107      511.3599      511.8836  8654706    0.10%
 118920 72450      511.5421   123      511.3599      511.8836  8665206    0.10%
 119134 72601      511.4215   149      511.3599      511.8836  8676509    0.10%
 119309 72711      511.7210   131      511.3599      511.8836  8687160    0.10%
 119564 72895      511.6843   117      511.3599      511.8836  8697909    0.10%
Elapsed time = 2853.73 sec. (2997314.94 ticks, tree = 928.27 MB, solutions = 9)
 119765 73038      511.3739    70      511.3599      511.8836  8709316    0.10%
 120012 73220      511.5167    97      511.3599      511.8836  8720261    0.10%
 120188 73345      511.4069    84      511.3599      511.8836  8730916    0.10%
 120375 73472      511.7956   120      511.3599      511.8836  8741494    0.10%
 120579 73623      511.7521   123      511.3599      511.8836  8752418    0.10%
 120772 73765      511.4268    94      511.3599      511.8836  8763816    0.10%
 120942 73883      511.5262    86      511.3599      511.8836  8774716    0.10%
 121155 74047      511.4999    89      511.3599      511.8836  8785074    0.10%
 121381 74193      511.5784   104      511.3599      511.8834  8795623    0.10%
 121625 74367      511.5802   130      511.3599      511.8832  8806478    0.10%
Elapsed time = 2891.69 sec. (3035614.42 ticks, tree = 948.47 MB, solutions = 9)
 121826 74502      511.6707   111      511.3599      511.8829  8817116    0.10%
 122038 74653      511.3847    93      511.3599      511.8827  8827799    0.10%
 122258 74810      511.6827   122      511.3599      511.8823  8839021    0.10%
 122475 74965      511.7925   108      511.3599      511.8821  8849922    0.10%
 122688 75117      511.6616   108      511.3599      511.8818  8860465    0.10%
 122903 75286      511.3844    70      511.3599      511.8817  8871885    0.10%
 123107 75424      511.5750   125      511.3599      511.8815  8883157    0.10%
 123268 75536      511.5996   103      511.3599      511.8812  8894307    0.10%
 123492 75710      511.4189    54      511.3599      511.8811  8904330    0.10%
 123652 75815      511.5871   119      511.3599      511.8809  8914969    0.10%
Elapsed time = 2929.74 sec. (3073962.62 ticks, tree = 968.54 MB, solutions = 9)
 123838 75945      511.4069    49      511.3599      511.8806  8925745    0.10%
 124021 76071      511.5062   101      511.3599      511.8804  8936220    0.10%
 124237 76218      511.5560   140      511.3599      511.8802  8946785    0.10%
 124456 76368      511.7608   148      511.3599      511.8800  8956811    0.10%
 124654 76504      511.3950    38      511.3599      511.8798  8967633    0.10%
 124857 76653      511.3906    90      511.3599      511.8797  8978540    0.10%
 125048 76794      511.5180   111      511.3599      511.8795  8988798    0.10%
 125277 76954      511.5443    45      511.3599      511.8793  8999679    0.10%
 125490 77090      511.6887    72      511.3599      511.8791  9010910    0.10%
 125734 77271      511.6963    48      511.3599      511.8788  9021651    0.10%
Elapsed time = 2967.70 sec. (3112313.70 ticks, tree = 987.75 MB, solutions = 9)
 125947 77428      511.6826    67      511.3599      511.8785  9032692    0.10%
 126154 77574      511.4220    65      511.3599      511.8784  9043757    0.10%
 126368 77723      511.6339   100      511.3599      511.8783  9054103    0.10%
 126583 77864      511.7052   131      511.3599      511.8782  9065327    0.10%
 126779 77988      511.6462   144      511.3599      511.8778  9076161    0.10%
 127009 78145      511.6202   113      511.3599      511.8776  9086713    0.10%
 127226 78294      511.7506   135      511.3599      511.8774  9098031    0.10%
 127426 78438      511.4527    52      511.3599      511.8772  9108835    0.10%
 127633 78586      511.7382    80      511.3599      511.8772  9119560    0.10%
 127842 78738      511.7400   120      511.3599      511.8770  9130526    0.10%
Elapsed time = 3005.91 sec. (3150614.56 ticks, tree = 1009.89 MB, solutions = 9)
 128033 78865      511.4103   105      511.3599      511.8769  9141155    0.10%
 128271 79026      511.3733    64      511.3599      511.8765  9152318    0.10%
 128420 79119      511.4653    91      511.3599      511.8762  9163612    0.10%
 128648 79289      511.5320   127      511.3599      511.8760  9174548    0.10%
 128862 79442      511.4264    63      511.3599      511.8758  9185213    0.10%
 129083 79600      511.4174    83      511.3599      511.8756  9195860    0.10%
 129278 79730        cutoff            511.3599      511.8753  9207036    0.10%
 129482 79876      511.4619   134      511.3599      511.8752  9217904    0.10%
 129675 80007      511.3622   113      511.3599      511.8750  9228302    0.10%
 129911 80176      511.6722   139      511.3599      511.8747  9239606    0.10%
Elapsed time = 3044.08 sec. (3188981.81 ticks, tree = 1031.85 MB, solutions = 9)
 130099 80308      511.4884    47      511.3599      511.8746  9250280    0.10%
 130342 80475      511.3840    36      511.3599      511.8744  9260643    0.10%
 130557 80617      511.4268    79      511.3599      511.8742  9271551    0.10%
 130758 80759      511.3682    56      511.3599      511.8740  9282127    0.10%
 130975 80913        cutoff            511.3599      511.8738  9293336    0.10%
 131192 81069      511.6619    93      511.3599      511.8736  9304196    0.10%
 131432 81245      511.8373   104      511.3599      511.8735  9314705    0.10%
 131671 81408      511.6897   136      511.3599      511.8733  9325292    0.10%
 131871 81553      511.5214   127      511.3599      511.8730  9336063    0.10%
 132073 81693      511.3619    74      511.3599      511.8728  9347136    0.10%
Elapsed time = 3082.24 sec. (3227222.97 ticks, tree = 1055.38 MB, solutions = 9)
 132280 81833      511.7240    83      511.3599      511.8726  9357687    0.10%
 132498 81986      511.6724   104      511.3599      511.8724  9368662    0.10%
 132748 82165      511.8267   103      511.3599      511.8723  9379364    0.10%
 132974 82328      511.5485    99      511.3599      511.8721  9391021    0.10%
 133188 82481      511.5390   114      511.3599      511.8718  9402164    0.10%
 133389 82623      511.4208   128      511.3599      511.8718  9413075    0.10%
 133646 82800      511.6572   105      511.3599      511.8715  9423729    0.10%
 133791 82895      511.5916   124      511.3599      511.8712  9434241    0.10%
 133999 83046      511.5452    96      511.3599      511.8710  9444648    0.10%
 134183 83167      511.7546   120      511.3599      511.8707  9455435    0.10%
Elapsed time = 3120.21 sec. (3265500.11 ticks, tree = 1069.50 MB, solutions = 9)
 134399 83326      511.4119    58      511.3599      511.8706  9466059    0.10%
 134608 83481      511.4403    68      511.3599      511.8706  9476713    0.10%
 134828 83638      511.6610    58      511.3599      511.8703  9487583    0.10%
 135014 83760      511.5563   126      511.3599      511.8701  9499074    0.10%
 135206 83897      511.4429    52      511.3599      511.8698  9509832    0.10%
 135396 84021      511.7447   116      511.3599      511.8696  9521074    0.10%
 135593 84153      511.7489   126      511.3599      511.8695  9531867    0.10%
 135787 84290      511.4231    79      511.3599      511.8694  9542489    0.10%
 136023 84460      511.6152    89      511.3599      511.8692  9553167    0.10%
 136218 84603      511.7133   122      511.3599      511.8691  9564373    0.10%
Elapsed time = 3158.03 sec. (3303850.39 ticks, tree = 1087.78 MB, solutions = 9)
 136409 84726      511.7407   131      511.3599      511.8689  9575231    0.10%
 136638 84887      511.5220    68      511.3599      511.8688  9586353    0.10%
 136876 85061        cutoff            511.3599      511.8685  9597340    0.10%
 137120 85244      511.3756   116      511.3599      511.8684  9609012    0.10%
 137342 85396      511.4370    95      511.3599      511.8682  9619704    0.10%
 137555 85554      511.6073   114      511.3599      511.8680  9630330    0.10%
 137741 85676        cutoff            511.3599      511.8678  9641302    0.10%
 137945 85820      511.5518   106      511.3599      511.8676  9652168    0.10%
 138149 85958      511.6640   141      511.3599      511.8674  9663073    0.10%
 138350 86087      511.4269   108      511.3599      511.8673  9673696    0.10%
Elapsed time = 3196.13 sec. (3342132.54 ticks, tree = 1113.53 MB, solutions = 9)
 138574 86243      511.6452   137      511.3599      511.8672  9684529    0.10%
 138760 86370      511.7609   100      511.3599      511.8671  9695281    0.10%
 138966 86511      511.7486    80      511.3599      511.8668  9706332    0.10%
 139217 86683      511.5411   145      511.3599      511.8666  9717322    0.10%
 139428 86838      511.5347    88      511.3599      511.8664  9728244    0.10%
 139646 86983      511.5455    55      511.3599      511.8661  9738298    0.10%
 139848 87115      511.5886    96      511.3599      511.8659  9748815    0.10%
 140049 87249      511.3844    73      511.3599      511.8656  9759513    0.10%
 140238 87370      511.5977   100      511.3599      511.8654  9770739    0.10%
 140440 87505      511.4627    70      511.3599      511.8652  9781464    0.10%
Elapsed time = 3234.06 sec. (3380413.27 ticks, tree = 1135.16 MB, solutions = 9)
 140664 87662      511.7712   100      511.3599      511.8649  9792570    0.10%
Starting limited solution polishing.
 140865 87809      511.5769    46      511.3599      511.8648  9803309    0.10%
 141052 87935      511.6110    93      511.3599      511.8647  9813135    0.10%
 141272 88098      511.4794   105      511.3599      511.8645  9822938    0.10%
 141515 88267      511.3713    85      511.3599      511.8643  9833150    0.10%
 141681 88366      511.5198    97      511.3599      511.8642  9843165    0.10%
 141874 88502      511.6865   143      511.3599      511.8641  9853775    0.10%
 142057 88625      511.6911   106      511.3599      511.8640  9863812    0.10%
 142248 88766      511.4256   103      511.3599      511.8638  9873508    0.10%
 142447 88896      511.8009    93      511.3599      511.8637  9883286    0.10%
Elapsed time = 3273.31 sec. (3418874.74 ticks, tree = 1151.67 MB, solutions = 9)
 142648 89047      511.5549   102      511.3599      511.8635  9892368    0.10%
 142842 89177      511.7851   117      511.3599      511.8634  9901450    0.10%
 143000 89297      511.7348   137      511.3599      511.8633  9908553    0.10%
 143148 89397      511.3867    62      511.3599      511.8632  9917315    0.10%
 143311 89499      511.7457   102      511.3599      511.8630  9927145    0.10%
 143488 89619      511.4533   103      511.3599      511.8629  9935347    0.10%
 143698 89758      511.6136   121      511.3599      511.8627  9945323    0.10%
 143848 89872      511.4033   120      511.3599      511.8627  9953635    0.10%
 144010 89978      511.8232   124      511.3599      511.8625  9963946    0.10%
 144148 90077      511.6978   119      511.3599      511.8625  9969153    0.10%
Elapsed time = 3312.70 sec. (3458150.16 ticks, tree = 1169.65 MB, solutions = 9)
 144311 90193      511.7811   125      511.3599      511.8624  9978924    0.10%
 144504 90333      511.5342    51      511.3599      511.8622  9987536    0.10%
 144648 90425      511.8171   113      511.3599      511.8620  9995222    0.10%
 144836 90572      511.8157   110      511.3599      511.8618 10005328    0.10%
 144969 90674      511.7827   111      511.3599      511.8617 10011845    0.10%
 145135 90793      511.7512   122      511.3599      511.8616 10021068    0.10%
 145258 90884      511.6872    62      511.3599      511.8615 10026073    0.10%
 145397 90983      511.6940    84      511.3599      511.8614 10034548    0.10%
 145506 91059      511.5106   118      511.3599      511.8613 10041994    0.10%
 145634 91150      511.7239    88      511.3599      511.8613 10049786    0.10%
Elapsed time = 3350.74 sec. (3497038.70 ticks, tree = 1184.81 MB, solutions = 9)
 145799 91276      511.3889    52      511.3599      511.8612 10057693    0.10%
 145943 91369      511.5312   145      511.3599      511.8611 10065631    0.10%
 146101 91485      511.7211   123      511.3599      511.8610 10074347    0.10%
 146233 91582      511.5478   132      511.3599      511.8608 10081712    0.10%
 146339 91657      511.4995    54      511.3599      511.8608 10087610    0.10%
 146466 91742      511.6785   103      511.3599      511.8607 10092495    0.10%
 146599 91819      511.4717   119      511.3599      511.8605 10100987    0.10%
 146746 91922      511.3658    98      511.3599      511.8604 10108858    0.10%
 146948 92065      511.8004   129      511.3599      511.8602 10118421    0.10%
 147074 92149      511.4194    76      511.3599      511.8602 10127054    0.10%
Elapsed time = 3388.90 sec. (3536123.31 ticks, tree = 1200.39 MB, solutions = 9)
 147205 92216      511.3752    97      511.3599      511.8600 10135707    0.10%
 147348 92319      511.3887   112      511.3599      511.8598 10142110    0.10%
 147517 92436      511.4826   107      511.3599      511.8596 10150978    0.10%
 147648 92526      511.4672    71      511.3599      511.8595 10158218    0.10%
 147782 92616      511.4579    87      511.3599      511.8594 10164957    0.10%
 147981 92754      511.4357    61      511.3599      511.8592 10173795    0.10%
 148136 92865      511.4712    99      511.3599      511.8592 10182782    0.10%
 148248 92941      511.6879    59      511.3599      511.8591 10188049    0.10%
 148430 93060      511.4261   123      511.3599      511.8590 10197231    0.10%
 148983 93444      511.7863   132      511.3599      511.8586 10224251    0.10%
Elapsed time = 3438.86 sec. (3587129.41 ticks, tree = 1218.21 MB, solutions = 9)
 149548 93838      511.6329    71      511.3599      511.8582 10257499    0.10%
 150068 94209      511.4423    54      511.3599      511.8578 10285865    0.10%
 150648 94625      511.6243   122      511.3599      511.8573 10313143    0.10%
 151148 94968      511.4105    61      511.3599      511.8571 10338669    0.10%
 151748 95392      511.6328    78      511.3599      511.8567 10370739    0.10%
 152334 95796      511.7315   134      511.3599      511.8564 10400692    0.10%
 152902 96184      511.6021   114      511.3599      511.8560 10431088    0.10%
 153448 96558      511.7863   130      511.3599      511.8555 10456593    0.10%
 154048 96977      511.6771   119      511.3599      511.8550 10488832    0.10%
 154648 97388      511.4902    40      511.3599      511.8544 10519488    0.10%
Elapsed time = 3590.88 sec. (3742637.72 ticks, tree = 1277.96 MB, solutions = 9)
Advanced basis not built.

Flow cuts applied:  6
Mixed integer rounding cuts applied:  131
Lift and project cuts applied:  2
Gomory fractional cuts applied:  4
User cuts applied:  1150

Root node processing (before b&c):
  Real time             =    3.56 sec. (1890.93 ticks)
Sequential b&c:
  Real time             = 3596.44 sec. (3750412.63 ticks)
                          ------------
Total (root+branch&cut) = 3600.01 sec. (3752303.56 ticks)
|V|                                     600
K                                       60
theta                                   0.01
r                                       2
R                                       20
prob_func                               facility_mixture
mixture_low_share                       0.500000
mixture_low_interval                    [0.001000, 0.010000]
mixture_high_interval                   [0.100000, 0.500000]
mixture_seed                            1
#C1                                     924
#CP                                     34376

@Parameters: 
am_callback_heuristic                   false
am_local_search                         true
am_start_heuristic                      false
colocation                              true
comp                                    false
cutC                                    true
cutC_init                               false
cutF                                    true
cutF_init                               false
cutF_stable                             false
cutF_wrong                              false
cutLocal                                false
cutM                                    true
cutM_init                               true
cutM_stable                             false
cutP                                    true
cutP_init                               false
cutP_stable                             false
init                                    true
init_cutF_zero                          false
init_val_greedy                         true
is_Euclidean                            false
is_local_search                         true
is_right_cutP                           true
is_root                                 false
is_silent                               false
is_start                                false
mycut                                   false
pmed                                    false
pre                                     true
stable_root                             false
str                                     true
two_phase                               false
ubstr                                   false
mode                                    Int

am_callback_node_space                  50
init                                    0
mixture_seed                            1
node_space                              5
nodelimit                               -1
nsepa                                   1
strF                                    0
type_delta                              0

EPS                                     0.001000
EPS_FRAC                                0.00
gap                                     0.00
mixture_high_max                        0.50
mixture_high_min                        0.10
mixture_low_max                         0.01
mixture_low_min                         0.00
mixture_low_share                       0.50
timelimit                               3600.00

Number of Closed Sites: 4 / 240 
Number of Confined Sites-1: 6 / 354 
Number of Confined Sites-k: 590 / 4197 
Preprocess Time: 1.41 + 0.00 sec

Solve Time: 3600.01
Number of Nodes: 155048
Termination Status: TIME_LIMIT

CutInfo: [phase] num / time (sec) / aver. num_nonzero
max              [LP]     0 / 0.00 / 0.00 [init]   508 / 0.01 / 2.14 [rLC]   396 / 0.01 / 8.15 [rUC]   596 / 0.06 / 4.19 [sLC]    60 / 0.10 / 5.47 [sUC]   674 / 1.47 / 5.06 
prod_oa          [LP]     0 / 0.00 / 0.00 [init]   389 / 0.01 / 33.97 [rLC]   561 / 0.03 / 50.16 [rUC]   585 / 0.20 / 43.11 [sLC]   928 / 0.33 / 44.38 [sUC]   882 / 4.40 / 40.66 
prod_sm_fixed    [LP]     0 / 0.00 / 0.00 [init]     0 / 0.00 / 0.00 [rLC]     0 / 0.00 / 0.00 [rUC]     0 / 0.00 / 0.00 [sLC]     0 / 0.00 / 0.00 [sUC]     0 / 0.00 / 0.00 
prod_bin         [LP]     0 / 0.00 / 0.00 [init]     0 / 0.00 / 0.00 [rLC]     0 / 0.00 / 0.00 [rUC]     0 / 0.00 / 0.00 [sLC]     0 / 0.00 / 0.00 [sUC]     0 / 0.00 / 0.00 
prod_local       [LP]     0 / 0.00 / 0.00 [init]     0 / 0.00 / 0.00 [rLC]     0 / 0.00 / 0.00 [rUC]     0 / 0.00 / 0.00 [sLC]     0 / 0.00 / 0.00 [sUC]     0 / 0.00 / 0.00 
prod_sm_C        [LP]     0 / 0.00 / 0.00 [init]     0 / 0.05 / 0.00 [rLC]     0 / 0.15 / 0.00 [rUC]   508 / 1.23 / 45.49 [sLC]     0 / 1.47 / 0.00 [sUC]   943 / 26.54 / 48.03 
facet            [LP]     0 / 0.00 / 0.00 [init]     0 / 0.00 / 0.00 [rLC]     0 / 0.00 / 0.00 [rUC]   493 / 0.00 / 0.00 [sLC]     0 / 0.00 / 0.00 [sUC]   943 / 0.00 / 0.00 
Separation Round:   [LP] 0  [init] 1  [rLC] 3  [rUC] 17  [sLC] 29  [sUC] 274612  
Root Best Bound 513.211350
Root Best Integer: 510.503140
Best Bound: 511.854180
Best Integer: 511.359882
1: 7, 13, 28, 47, 68, 70, 85, 109, 115, 123, 125, 132, 136, 147, 165, 186, 196, 209, 235, 271, 302, 314, 327, 337, 358, 391, 416, 432, 452, 470, 474, 490, 500, 501, 512, 513, 534, 598
2: 55, 180, 293, 300
3: 361, 532
4: 105, 349
Objective Value (calc): 511.312325
sum_etaM = 308.210825 / 308.210585
sum_etaP = 513.411892 / 513.363858
nL: 46
nCL: 8
mCL: 4
