Version identifier: 20.1.0.0 | 2020-11-10 | 9bedb6d68
CPXPARAM_Threads                                 1
CPXPARAM_TimeLimit                               3600
CPXPARAM_MIP_Tolerances_MIPGap                   0
Generic callback                                 0x60
1 of 1 MIP starts provided solutions.
MIP start 'm1' defined initial solution with objective 520.3590.
Tried aggregator 2 times.
MIP Presolve eliminated 16 rows and 10 columns.
Aggregator did 6 substitutions.
Reduced MIP has 2059 rows, 2384 columns, and 17392 nonzeros.
Reduced MIP has 595 binaries, 589 generals, 0 SOSs, and 0 indicators.
Presolve time = 0.01 sec. (6.69 ticks)
Probing time = 0.00 sec. (0.89 ticks)
Tried aggregator 1 time.
Reduced MIP has 2059 rows, 2384 columns, and 17392 nonzeros.
Reduced MIP has 595 binaries, 589 generals, 0 SOSs, and 0 indicators.
Presolve time = 0.01 sec. (3.95 ticks)
Probing time = 0.00 sec. (0.89 ticks)
MIP emphasis: balance optimality and feasibility.
MIP search method: dynamic search.
Parallel mode: none, using 1 thread.
Root relaxation solution time = 0.05 sec. (52.08 ticks)

        Nodes                                         Cuts/
   Node  Left     Objective  IInf  Best Integer    Best Bound    ItCnt     Gap

*     0+    0                          520.3590      600.0000            15.31%
      0     0      538.2735    98      520.3590      538.2735     1695    3.44%
      0     0      525.5989   184      520.3590     Cuts: 447     2261    1.01%
      0     0      524.8153   184      520.3590     Cuts: 437     2725    0.86%
      0     0      524.4762   190      520.3590     Cuts: 230     3049    0.79%
      0     0      524.1449   177      520.3590     Cuts: 261     3279    0.73%
      0     0      523.9936   197      520.3590     Cuts: 170     3483    0.70%
      0     0      523.9204   191      520.3590      Cuts: 79     3664    0.68%
      0     0      523.8709   187      520.3590      Cuts: 68     3837    0.67%
      0     0      523.8116   194      520.3590      Cuts: 44     3992    0.66%
      0     0      523.7655   208      520.3590     Cuts: 108     4160    0.65%
      0     0      523.7368   202      520.3590     Cuts: 123     4289    0.65%
      0     0      523.7323   203      520.3590 UserPurge2: 17     4348    0.65%
      0     0      523.7309   213      520.3590 UserPurge2: 10     4375    0.65%
      0     0      523.7280   201      520.3590 UserPurge2: 10     4406    0.65%
      0     0      523.7264   208      520.3590 UserPurge2: 12     4451    0.65%
      0     0      523.7262   212      520.3590 UserPurge2: 6     4459    0.65%
      0     2      523.6705   209      520.3590      523.6704     4459    0.64%
Elapsed time = 2.14 sec. (1840.13 ticks, tree = 0.01 MB, solutions = 1)
      7     9      523.3340   177      520.3590      523.6694     6096    0.64%
     10    12      523.0240   177      520.3590      523.6694     7258    0.64%
     15    17      522.8473   162      520.3590      523.6694     9082    0.64%
     20    22      522.6524   155      520.3590      523.6694    10174    0.64%
     30    32      522.0927   131      520.3590      523.6694    11943    0.64%
     40    42      521.6846   108      520.3590      523.6694    13345    0.64%
     50    52      521.3012   102      520.3590      523.6694    14948    0.64%
     63    65      521.0093    81      520.3590      523.6694    16496    0.64%
     78    74      523.4606   204      520.3590      523.5737    18507    0.62%
     88    84      522.6909   179      520.3590      523.5737    22304    0.62%
Elapsed time = 6.50 sec. (5579.59 ticks, tree = 0.48 MB, solutions = 1)
*   100+   94                          520.3832      523.5737             0.61%
    107   103      521.9560   143      520.3832      523.5737    27344    0.61%
    136   124      522.9682   173      520.3832      523.5737    32369    0.61%
    160   148      521.7880   134      520.3832      523.5737    37356    0.61%
    194   178      522.7893   178      520.3832      523.5593    41720    0.61%
    213   197      521.7971   140      520.3832      523.5593    45601    0.61%
    250   228      523.1333   191      520.3832      523.4596    49828    0.59%
    287   265      521.1026   120      520.3832      523.4596    54368    0.59%
    320   295      522.4372   175      520.3832      523.4383    58415    0.59%
    341   316      521.2195   139      520.3832      523.4383    63411    0.59%
    370   341      522.8526   183      520.3832      523.4099    67855    0.58%
Elapsed time = 18.85 sec. (15827.65 ticks, tree = 4.39 MB, solutions = 2)
    394   365      521.5839   124      520.3832      523.4099    72762    0.58%
    437   402      522.5262   177      520.3832      523.4089    76929    0.58%
    478   443      520.4404    74      520.3832      523.4089    81201    0.58%

Performing restart 1

Repeating presolve.
Tried aggregator 1 time.
MIP Presolve modified 401 coefficients.
Reduced MIP has 2059 rows, 2384 columns, and 17392 nonzeros.
Reduced MIP has 595 binaries, 589 generals, 0 SOSs, and 0 indicators.
Presolve time = 0.01 sec. (4.07 ticks)
Tried aggregator 1 time.
Reduced MIP has 2059 rows, 2384 columns, and 17392 nonzeros.
Reduced MIP has 595 binaries, 589 generals, 0 SOSs, and 0 indicators.
Presolve time = 0.01 sec. (4.02 ticks)
Represolve time = 0.04 sec. (24.24 ticks)
    487     0      523.1135   255      520.3832     Cuts: 159    87853    0.52%
    487     0      523.0358   245      520.3832      Cuts: 89    88074    0.51%
    487     0      523.0087   236      520.3832     Cuts: 110    88228    0.50%
    487     0      522.9862   245      520.3832      Cuts: 46    88327    0.50%
    487     0      522.9680   231      520.3832      Cuts: 38    88425    0.50%
    487     0      522.9433   237      520.3832      Cuts: 63    88533    0.49%
    487     0      522.9337   248      520.3832      Cuts: 31    88621    0.49%
    487     0      522.8944   242      520.3832      Cuts: 24    88701    0.48%
    487     0      522.8925   252      520.3832      Cuts: 21    88739    0.48%
    487     0      522.8905   266      520.3832   MIRcuts: 16    88767    0.48%
    487     0      522.8475   252      520.3832      Cuts: 44    88917    0.47%
    487     0      522.8285   255      520.3832      Cuts: 81    89017    0.47%
    487     0      522.8068   231      520.3832      Cuts: 42    89118    0.47%
    487     0      522.7923   219      520.3832      Cuts: 45    89203    0.46%
    487     0      522.7849   238      520.3832      Cuts: 30    89289    0.46%
    487     0      522.7674   248      520.3832      Cuts: 38    89399    0.46%
    487     0      522.7580   254      520.3832      Cuts: 74    89465    0.46%
    487     2      522.7462   255      520.3832      522.7454    89465    0.45%
    488     3      522.6678   239      520.3832      522.6677    89975    0.44%
    490     5      522.5417   255      520.3832      522.6490    91021    0.44%
    491     6      522.5582   238      520.3832      522.6490    91233    0.44%
    492     7      522.5510   234      520.3832      522.6490    91888    0.44%
    496    11      522.4498   229      520.3832      522.6490    94410    0.44%
    501    16      522.0097   192      520.3832      522.6490    95960    0.44%
Elapsed time = 38.31 sec. (36365.21 ticks, tree = 0.05 MB, solutions = 2)
    512    27      520.8756   178      520.3832      522.6490    98977    0.44%
    534    38      522.6049   258      520.3832      522.6048   102181    0.43%
    539    43      522.3715   233      520.3832      522.6046   104165    0.43%
    549    53      522.2765   198      520.3832      522.6046   106708    0.43%
    564    68      521.2789   152      520.3832      522.6046   110058    0.43%
    579    83      520.9737   115      520.3832      522.6046   112605    0.43%
    607   107      520.5007    86      520.3832      522.6046   115284    0.43%
    627   123      521.3412   175      520.3832      522.5975   118144    0.43%
    652   147      520.8037   122      520.3832      522.5975   120392    0.43%
    684   170      522.0372   178      520.3832      522.5493   123825    0.42%
Elapsed time = 48.06 sec. (46733.33 ticks, tree = 3.28 MB, solutions = 2)
    722   208      521.5121   104      520.3832      522.5493   126603    0.42%
    752   228      522.4134   231      520.3832      522.5475   128916    0.42%
    777   253      521.8295   158      520.3832      522.5475   132339    0.42%
    805   281      521.5137    95      520.3832      522.5475   134157    0.42%
    843   316      521.5921   213      520.3832      522.5416   136462    0.41%
    849   322      521.4810   201      520.3832      522.5416   138558    0.41%
    864   337      521.0762   169      520.3832      522.5416   141889    0.41%
    887   356        cutoff            520.3832      522.5416   145500    0.41%
    917   370      522.4257   219      520.3832      522.5409   147592    0.41%
    947   400      521.7832   128      520.3832      522.5409   151065    0.41%
Elapsed time = 57.72 sec. (56612.12 ticks, tree = 7.08 MB, solutions = 2)
    985   434      522.3260   254      520.3832      522.5286   154256    0.41%
   1006   455      521.8305   158      520.3832      522.5286   157472    0.41%
   1034   483      520.4811    96      520.3832      522.5286   160147    0.41%
   1055   500      522.1655   184      520.3832      522.5144   162443    0.41%
   1092   537      520.9593    85      520.3832      522.5144   165206    0.41%
   1127   566      522.0893   196      520.3832      522.4859   168048    0.40%
   1167   606      521.2425   100      520.3832      522.4859   171236    0.40%
   1203   637      521.4427   165      520.3832      522.4751   174547    0.40%
   1235   659      522.1171   247      520.3832      522.4748   178254    0.40%
   1259   683      521.5520   156      520.3832      522.4748   181867    0.40%
Elapsed time = 67.99 sec. (67341.93 ticks, tree = 11.73 MB, solutions = 2)
   1291   715      520.6178    91      520.3832      522.4748   184719    0.40%
   1319   735      521.3017   168      520.3832      522.4730   187907    0.40%
   1356   766      522.2201   223      520.3832      522.4634   191743    0.40%
   1367   777      521.9103   175      520.3832      522.4634   193746    0.40%
*  1397+  741                          520.4848      522.4634             0.38%
   1407   753      521.2046    75      520.4848      522.4634   196884    0.38%
   1438   780      521.9766   191      520.4848      522.4551   199163    0.38%
   1457   799      521.5259   163      520.4848      522.4551   201344    0.38%
   1487   829      520.7199    80      520.4848      522.4551   203537    0.38%
   1517   850      522.1771   206      520.4848      522.4550   206681    0.38%
   1531   864      521.6014   172      520.4848      522.4550   209512    0.38%
Elapsed time = 77.89 sec. (77656.82 ticks, tree = 15.51 MB, solutions = 3)
   1550   883      521.3296   133      520.4848      522.4550   212039    0.38%
   1587   909      522.2662   227      520.4848      522.4544   215490    0.38%
   1606   928      521.8517   152      520.4848      522.4544   219264    0.38%
   1625   947      521.3953   130      520.4848      522.4544   221316    0.38%
   1660   977      522.2863   215      520.4848      522.4496   223612    0.38%
   1697  1014      521.6663   116      520.4848      522.4496   226981    0.38%
   1752  1060      522.3136   201      520.4848      522.4484   229604    0.38%
   1772  1080      521.9832   155      520.4848      522.4484   231830    0.38%
*  1807+ 1058                          520.5842      522.4484             0.36%
   1807  1060      521.4369    93      520.5842      522.4484   234031    0.36%
   1867  1116      522.2836   212      520.5842      522.4307   235843    0.35%
Elapsed time = 88.65 sec. (88498.20 ticks, tree = 21.44 MB, solutions = 4)
   1887  1136      521.9597   161      520.5842      522.4307   237793    0.35%
*  1897+ 1036                          520.7440      522.4307             0.32%
   1907  1048      521.6720   115      520.7440      522.4307   239020    0.32%
*  1917+ 1049                          520.7522      522.4307             0.32%
   1927  1061      521.3060    85      520.7522      522.4307   240164    0.32%
   1954  1076      522.2769   180      520.7522      522.4305   242757    0.32%
   1968  1090      521.6518   146      520.7522      522.4305   245523    0.32%
   1997  1115      521.1034   112      520.7522      522.4305   248393    0.32%
   2020  1132      520.7723    80      520.7522      522.4305   250368    0.32%
   2028  1134      522.1233   192      520.7522      522.4277   251305    0.32%
   2048  1154      521.8085   149      520.7522      522.4277   253071    0.32%
   2092  1195      522.2229   232      520.7522      522.4234   256616    0.32%
Elapsed time = 98.66 sec. (99108.29 ticks, tree = 20.91 MB, solutions = 6)
   2107  1210      521.9615   165      520.7522      522.4234   258523    0.32%
   2148  1251      520.8802    65      520.7522      522.4234   261718    0.32%
   2189  1286      521.7981   136      520.7522      522.4229   264905    0.32%
   2227  1317      522.0732   230      520.7522      522.4126   268117    0.32%
   2253  1343      521.4655   143      520.7522      522.4126   271371    0.32%
   2279  1369      520.9566    85      520.7522      522.4126   273315    0.32%
   2320  1391      521.6476   174      520.7522      522.4117   276332    0.32%
   2341  1408      520.7715   137      520.7522      522.4117   279972    0.32%
   2367  1424      522.0075   156      520.7522      522.4085   282580    0.32%
   2492  1535      521.9823   180      520.7522      522.3943   293599    0.32%
Elapsed time = 111.94 sec. (112681.56 ticks, tree = 28.79 MB, solutions = 6)
   2610  1648      520.8680    85      520.7522      522.3842   304302    0.31%
   2694  1720      521.3922   109      520.7522      522.3811   316344    0.31%
   2880  1883      521.6912   115      520.7522      522.3736   328608    0.31%
   3006  1997      521.7971   176      520.7522      522.3698   340900    0.31%
   3127  2101      521.4733   142      520.7522      522.3647   353999    0.31%
   3274  2236      522.1748   201      520.7522      522.3583   367502    0.31%
   3353  2303      521.7345   169      520.7522      522.3541   380286    0.31%
   3483  2423      521.3716   112      520.7522      522.3534   392397    0.31%
   3613  2541      521.2640   132      520.7522      522.3425   405091    0.31%
   3777  2688      522.2756   222      520.7522      522.3259   418391    0.30%
Elapsed time = 151.06 sec. (151694.77 ticks, tree = 52.86 MB, solutions = 6)
   3924  2823      521.0955   189      520.7522      522.3235   432159    0.30%
   4090  2970      521.9867   183      520.7522      522.3165   445542    0.30%
   4244  3110      521.2893   189      520.7522      522.3109   458993    0.30%
   4357  3211      522.1805   173      520.7522      522.3034   471842    0.30%
   4547  3388      521.4200   124      520.7522      522.2932   484548    0.30%
   4658  3491      521.5005   112      520.7522      522.2931   497683    0.30%
   4833  3644      522.1492   200      520.7522      522.2904   511209    0.30%
   4953  3750      521.9912   188      520.7522      522.2850   524306    0.29%
   5087  3873      521.9136   174      520.7522      522.2842   537446    0.29%
   5210  3990      521.3389   149      520.7522      522.2830   551113    0.29%
Elapsed time = 190.39 sec. (190360.73 ticks, tree = 82.62 MB, solutions = 6)
   5335  4097      522.2228   217      520.7522      522.2768   563849    0.29%
   5543  4293      521.7478   153      520.7522      522.2765   577745    0.29%
   5691  4425      521.3623   135      520.7522      522.2742   590407    0.29%
   5851  4571      521.7991   188      520.7522      522.2719   604042    0.29%
   5958  4660      522.1482   198      520.7522      522.2703   617038    0.29%
   6124  4815      520.9691    57      520.7522      522.2692   630461    0.29%
   6231  4906      521.5787   131      520.7522      522.2680   643718    0.29%
   6392  5056      522.0041   162      520.7522      522.2672   656799    0.29%
   6512  5158      522.1724   189      520.7522      522.2660   670557    0.29%
   6665  5301      521.3192   145      520.7522      522.2636   683699    0.29%
Elapsed time = 229.61 sec. (228923.31 ticks, tree = 106.49 MB, solutions = 6)
   6797  5413      521.7416   134      520.7522      522.2615   697691    0.29%
   6988  5583      521.5659   131      520.7522      522.2590   711438    0.29%
   7107  5690      521.1825   101      520.7522      522.2581   725209    0.29%
   7282  5848      521.9538   160      520.7522      522.2567   738543    0.29%
   7405  5955      521.5538   135      520.7522      522.2540   751250    0.29%
   7585  6121      520.9494   110      520.7522      522.2526   764541    0.29%
   7697  6213      521.7189   144      520.7522      522.2505   775902    0.29%
   7881  6380      521.8939   161      520.7522      522.2483   789583    0.29%
   8027  6499      521.6970   168      520.7522      522.2473   802233    0.29%
   8182  6643      520.7563    98      520.7522      522.2442   815906    0.29%
Elapsed time = 268.94 sec. (267364.64 ticks, tree = 132.01 MB, solutions = 6)
   8290  6734      522.0611   194      520.7522      522.2430   829114    0.29%
   8463  6892      521.3118   126      520.7522      522.2425   842285    0.29%
   8540  6965      520.9877   125      520.7522      522.2424   853977    0.29%
   8672  7081      521.3142   143      520.7522      522.2417   867239    0.29%
   8806  7205      521.2160    98      520.7522      522.2408   880882    0.29%
   8974  7353      521.0626    61      520.7522      522.2404   893522    0.29%
   9122  7488      521.0912   175      520.7522      522.2393   906832    0.29%
   9277  7624      522.1175   189      520.7522      522.2374   920131    0.29%
   9446  7773      521.5950   189      520.7522      522.2349   933198    0.28%
   9585  7897      520.9221    74      520.7522      522.2345   947163    0.28%
Elapsed time = 307.89 sec. (305823.47 ticks, tree = 153.93 MB, solutions = 6)
   9725  8023      520.9350   128      520.7522      522.2336   960826    0.28%
   9867  8146      521.6182   156      520.7522      522.2316   973866    0.28%
  10005  8268      520.8203   129      520.7522      522.2306   987929    0.28%
  10175  8422      521.3281    88      520.7522      522.2295  1001225    0.28%
  10227  8464      521.5810   139      520.7522      522.2295  1004546    0.28%
  10228  8465      521.7065   176      520.7522      522.2289  1004878    0.28%
  10229  8466      521.9604   170      520.7522      522.2283  1005303    0.28%
  10389  8615      521.0468    83      520.7522      522.2275  1018699    0.28%
  10494  8707      521.5770   132      520.7522      522.2271  1030101    0.28%
  10668  8863      521.8902   170      520.7522      522.2264  1043971    0.28%
Elapsed time = 362.13 sec. (358254.95 ticks, tree = 170.20 MB, solutions = 6)
  10824  9001      522.1174   200      520.7522      522.2228  1057732    0.28%
  10975  9135      521.0146   183      520.7522      522.2208  1071176    0.28%
  11107  9251      521.3317   124      520.7522      522.2194  1084992    0.28%
  11227  9351      521.7228   148      520.7522      522.2187  1098187    0.28%
  11360  9476      521.2376   122      520.7522      522.2173  1110336    0.28%
  11506  9602      522.1023   208      520.7522      522.2150  1123951    0.28%
  11685  9764      520.8261    56      520.7522      522.2144  1137537    0.28%
  11849  9900      521.9679   180      520.7522      522.2138  1151056    0.28%
  11994 10034      521.7681   167      520.7522      522.2124  1164802    0.28%
  12147 10176      520.9328    48      520.7522      522.2119  1177226    0.28%
Elapsed time = 401.33 sec. (396658.80 ticks, tree = 201.04 MB, solutions = 6)
  12310 10328      521.0036    95      520.7522      522.2103  1190539    0.28%
  12419 10422      521.5575   125      520.7522      522.2088  1203822    0.28%
  12596 10580      521.5605   178      520.7522      522.2066  1215704    0.28%
  12711 10683      520.9780   115      520.7522      522.2060  1229640    0.28%
  12866 10826      521.2244   117      520.7522      522.2055  1242983    0.28%
  12990 10936      520.7775    71      520.7522      522.2037  1256564    0.28%
  13136 11068      521.3956   145      520.7522      522.2007  1269709    0.28%
  13256 11169      520.9204    98      520.7522      522.1988  1282656    0.28%
  13374 11273      521.9212   194      520.7522      522.1977  1295169    0.28%
  13503 11386      521.8984   204      520.7522      522.1975  1308436    0.28%
Elapsed time = 440.86 sec. (435032.02 ticks, tree = 216.22 MB, solutions = 6)
  13634 11506      521.9808   172      520.7522      522.1969  1322319    0.28%
  13810 11666      521.7773   155      520.7522      522.1961  1335371    0.28%
  13948 11793      521.2967   159      520.7522      522.1955  1347904    0.28%
  14078 11910      521.1165    91      520.7522      522.1943  1361362    0.28%
  14235 12053      521.9081   188      520.7522      522.1940  1374420    0.28%
  14329 12131      522.0602   177      520.7522      522.1937  1387676    0.28%
  14474 12264      521.4492   186      520.7522      522.1929  1401487    0.28%
  14575 12347      521.9199   178      520.7522      522.1916  1413248    0.28%
  14747 12507      521.0728    74      520.7522      522.1915  1426270    0.28%
  14890 12623      521.7985   182      520.7522      522.1911  1440088    0.28%
Elapsed time = 480.90 sec. (473654.88 ticks, tree = 236.77 MB, solutions = 6)
  15054 12770      521.5760   178      520.7522      522.1881  1454077    0.28%
  15173 12872      522.0308   173      520.7522      522.1876  1467619    0.28%
  15290 12982      521.6552   146      520.7522      522.1865  1480175    0.28%
  15443 13118      522.0913   189      520.7522      522.1857  1493835    0.28%
  15611 13273      521.7018   161      520.7522      522.1855  1507251    0.28%
  15739 13386      521.8554   171      520.7522      522.1842  1518909    0.27%
  15905 13534      521.7482   182      520.7522      522.1834  1532609    0.27%
  16009 13621      521.7912   196      520.7522      522.1811  1545305    0.27%
  16157 13755      521.6755   149      520.7522      522.1789  1559515    0.27%
  16313 13891      522.0095   195      520.7522      522.1781  1573561    0.27%
Elapsed time = 521.08 sec. (512310.76 ticks, tree = 257.65 MB, solutions = 6)
  16465 14029      521.6319   131      520.7522      522.1777  1586861    0.27%
  16633 14183      522.0600   206      520.7522      522.1773  1600550    0.27%
  16760 14298      520.8376   132      520.7522      522.1764  1614292    0.27%
  16887 14411      521.1517   142      520.7522      522.1760  1626809    0.27%
  17033 14538      522.1483   210      520.7522      522.1747  1640705    0.27%
  17205 14696      521.7013   150      520.7522      522.1733  1653782    0.27%
  17336 14813      521.1655   122      520.7522      522.1723  1667655    0.27%
  17491 14956      521.3594   146      520.7522      522.1713  1680824    0.27%
  17629 15075      521.6505   160      520.7522      522.1706  1694487    0.27%
  17795 15224      521.2787   174      520.7522      522.1690  1708327    0.27%
Elapsed time = 561.38 sec. (550886.67 ticks, tree = 282.64 MB, solutions = 6)
  17904 15325      521.0514   130      520.7522      522.1684  1721350    0.27%
  18043 15442      521.7566   175      520.7522      522.1673  1735017    0.27%
  18147 15536      521.4234   149      520.7522      522.1665  1745835    0.27%
  18298 15674      521.4605   164      520.7522      522.1659  1759537    0.27%
  18417 15768      521.4795   119      520.7522      522.1658  1773163    0.27%
  18547 15883      521.6928   163      520.7522      522.1652  1785608    0.27%
  18707 16025      522.0248   172      520.7522      522.1637  1799440    0.27%
  18818 16126      521.4605   161      520.7522      522.1635  1812678    0.27%
  18917 16210      521.5501   164      520.7522      522.1627  1824956    0.27%
  19052 16329      521.6592   186      520.7522      522.1623  1838514    0.27%
Elapsed time = 600.72 sec. (589294.76 ticks, tree = 305.00 MB, solutions = 6)
  19177 16434      521.3123   126      520.7522      522.1622  1851863    0.27%
  19321 16562      521.9897   201      520.7522      522.1610  1865466    0.27%
  19465 16699      520.8957   103      520.7522      522.1607  1878914    0.27%
  19560 16778      521.6548   149      520.7522      522.1603  1892586    0.27%
  19737 16931      521.9487   142      520.7522      522.1589  1905612    0.27%
  19925 17089      521.7189   192      520.7522      522.1576  1919481    0.27%

Performing restart 2

Repeating presolve.
Tried aggregator 1 time.
MIP Presolve eliminated 8 rows and 4 columns.
MIP Presolve modified 23 coefficients.
Reduced MIP has 2051 rows, 2380 columns, and 17376 nonzeros.
Reduced MIP has 595 binaries, 585 generals, 0 SOSs, and 0 indicators.
Presolve time = 0.01 sec. (4.47 ticks)
Tried aggregator 1 time.
Reduced MIP has 2051 rows, 2380 columns, and 17376 nonzeros.
Reduced MIP has 595 binaries, 585 generals, 0 SOSs, and 0 indicators.
Presolve time = 0.01 sec. (4.01 ticks)
Represolve time = 0.11 sec. (38.51 ticks)
  19971     0      522.6332   268      520.7522      Cuts: 56  1928750    0.27%
  19971     0      522.6157   259      520.7522      Cuts: 27  1928867    0.27%
  19971     0      522.6131   256      520.7522      Cuts: 20  1928939    0.27%
  19971     0      522.6045   271      520.7522      Cuts: 26  1929033    0.27%
  19971     0      522.6036   279      520.7522       Cuts: 9  1929063    0.27%
  19971     0      522.6013   273      520.7522       Cuts: 8  1929114    0.27%
  19971     0      522.6006   279      520.7522    MIRcuts: 3  1929142    0.27%
  19971     0      522.6002   268      520.7522    MIRcuts: 6  1929164    0.27%
  19971     0      522.5993   258      520.7522    MIRcuts: 3  1929198    0.27%
  19971     0      522.5984   250      520.7522       Cuts: 8  1929231    0.27%
  19971     0      522.5928   248      520.7522      Cuts: 12  1929308    0.27%
  19971     0      522.5876   261      520.7522      Cuts: 17  1929360    0.27%
  19971     2      522.5863   263      520.7522      522.1567  1929360    0.27%
  19974     5      522.5561   246      520.7522      522.1567  1929942    0.27%
  19980    11      522.4049   219      520.7522      522.1567  1931446    0.27%
  19988    19      522.3612   195      520.7522      522.1567  1932487    0.27%
Elapsed time = 643.99 sec. (633937.99 ticks, tree = 0.10 MB, solutions = 6)
  20007    38      522.1465   155      520.7522      522.1567  1935507    0.27%
  20065    86      522.1951   221      520.7522      522.1567  1942999    0.27%
  20140   153      522.5114   238      520.7522      522.1567  1952518    0.27%
  20271   276      521.6120    99      520.7522      522.1567  1960293    0.27%
  20441   437      521.4572   132      520.7522      522.1567  1971498    0.27%
  20666   638      522.4153   226      520.7522      522.1567  1983748    0.27%
  20862   815      521.3161   100      520.7522      522.1567  1997225    0.27%
  21091  1022      522.2831   201      520.7522      522.1567  2011398    0.27%
  21255  1173      521.4009   121      520.7522      522.1567  2025322    0.27%
  21431  1338      521.0775   169      520.7522      522.1567  2038983    0.27%
Elapsed time = 681.00 sec. (672458.34 ticks, tree = 18.53 MB, solutions = 6)
  21613  1494      521.2862   127      520.7522      522.1567  2052471    0.27%
  21780  1641        cutoff            520.7522      522.1567  2065985    0.27%
  21991  1819      521.4896   128      520.7522      522.1567  2080101    0.27%
  22142  1954      520.9887   102      520.7522      522.1567  2095154    0.27%
  22313  2100      521.5259   151      520.7522      522.1567  2108864    0.27%
  22468  2237      521.5536   137      520.7522      522.1567  2122835    0.27%
  22674  2421      521.8268   219      520.7522      522.1567  2136557    0.27%
  22856  2583      522.1353   168      520.7522      522.1567  2150577    0.27%
  23041  2751      521.2531   112      520.7522      522.1567  2164520    0.27%
  23243  2934      521.0881    96      520.7522      522.1567  2179141    0.27%
Elapsed time = 719.69 sec. (710752.98 ticks, tree = 42.76 MB, solutions = 6)
  23448  3111      522.1081   190      520.7522      522.1567  2193440    0.27%
  23660  3303      522.1443   203      520.7522      522.1567  2206332    0.27%
  23809  3435      521.4517   121      520.7522      522.1567  2219595    0.27%
  24028  3629      522.0449   167      520.7522      522.1567  2231923    0.27%
  24191  3775      521.8780   196      520.7522      522.1567  2245467    0.27%
  24386  3948      522.1491   185      520.7522      522.1567  2258595    0.27%
  24535  4083      521.7089   136      520.7522      522.1567  2272344    0.27%
  24771  4285      521.3382   144      520.7522      522.1567  2285521    0.27%
  24958  4457      521.2729    98      520.7522      522.1567  2298900    0.27%
  25104  4585      521.6601   146      520.7522      522.1567  2311458    0.27%
Elapsed time = 759.08 sec. (749788.72 ticks, tree = 70.45 MB, solutions = 6)
  25314  4775      521.9419   163      520.7522      522.1567  2323184    0.27%
  25484  4925      521.3670   149      520.7522      522.1567  2336199    0.27%
  25646  5064      521.7550   122      520.7522      522.1567  2349569    0.27%
  25857  5258      521.1691    98      520.7522      522.1567  2362599    0.27%
  26005  5386      521.4609   157      520.7522      522.1567  2375642    0.27%
  26198  5558      521.5093   168      520.7522      522.1567  2388655    0.27%
  26401  5735      521.6049   156      520.7522      522.1567  2402021    0.27%
  26595  5908      521.8515   185      520.7522      522.1567  2416020    0.27%
  26771  6069      521.7818   149      520.7522      522.1567  2429116    0.27%
  26962  6245      521.5728   161      520.7522      522.1567  2443068    0.27%
Elapsed time = 797.99 sec. (788303.33 ticks, tree = 98.08 MB, solutions = 6)
  27182  6441      521.4341   154      520.7522      522.1567  2456269    0.27%
  27361  6599      520.8777   128      520.7522      522.1567  2469594    0.27%
  27520  6734        cutoff            520.7522      522.1567  2483432    0.27%
  27712  6897      521.8703   162      520.7522      522.1567  2497119    0.27%
  27921  7079      521.7353   140      520.7522      522.1567  2510611    0.27%
  28076  7225      520.9525   103      520.7522      522.1567  2523797    0.27%
  28303  7425      521.8541   159      520.7522      522.1567  2537025    0.27%
  28451  7561      521.1320   133      520.7522      522.1567  2549638    0.27%
  28644  7737      521.8528   186      520.7522      522.1567  2562827    0.27%
  28805  7880      522.0215   195      520.7522      522.1567  2576280    0.27%
Elapsed time = 836.69 sec. (826642.70 ticks, tree = 121.69 MB, solutions = 6)
  28963  8025      520.8729   126      520.7522      522.1567  2589350    0.27%
  29171  8207      521.8981   167      520.7522      522.1567  2602468    0.27%
  29356  8372      521.6781   134      520.7522      522.1567  2616209    0.27%
  29534  8529      521.8803   146      520.7522      522.1567  2629173    0.27%
  29705  8680      521.6512   132      520.7522      522.1567  2642822    0.27%
  29855  8808      521.7925   144      520.7522      522.1567  2655855    0.27%
  30052  8990      521.2808   119      520.7522      522.1567  2669465    0.27%
  30221  9140      520.7637    84      520.7522      522.1567  2683451    0.27%
  30430  9323      521.5011   153      520.7522      522.1567  2696747    0.27%
  30647  9512      520.8263    82      520.7522      522.1567  2710221    0.27%
Elapsed time = 875.23 sec. (864934.13 ticks, tree = 150.94 MB, solutions = 6)
  30837  9673      521.5899   158      520.7522      522.1567  2723671    0.27%
  31018  9818      521.7141   185      520.7522      522.1567  2736994    0.27%
  31176  9956      521.9215   168      520.7522      522.1567  2748159    0.27%
  31361 10113      521.0915   131      520.7522      522.1567  2761695    0.27%
  31551 10278      521.6376   157      520.7522      522.1567  2775634    0.27%
  31755 10454      521.7920   166      520.7522      522.1567  2789035    0.27%
  31900 10591      521.0186   107      520.7522      522.1567  2802436    0.27%
  32149 10797      521.7425   197      520.7522      522.1567  2816274    0.27%
  32294 10927      520.9782   118      520.7522      522.1567  2829515    0.27%
  32424 11037      521.7783   207      520.7522      522.1567  2842344    0.27%
Elapsed time = 932.32 sec. (903243.37 ticks, tree = 171.71 MB, solutions = 6)
  32603 11194      521.9660   167      520.7522      522.1567  2855627    0.27%
  32771 11341      520.9187   119      520.7522      522.1567  2869332    0.27%
  32900 11454      521.7068   138      520.7522      522.1567  2883061    0.27%
  33124 11651      520.9177   109      520.7522      522.1567  2896434    0.27%
  33280 11785      521.2275   114      520.7522      522.1567  2909493    0.27%
  33439 11922      520.8759   114      520.7522      522.1567  2923064    0.27%
  33631 12080      521.9086   157      520.7522      522.1567  2935905    0.27%
  33812 12236      520.8486    90      520.7522      522.1567  2949867    0.27%
  33981 12383      520.8964   130      520.7522      522.1567  2962687    0.27%
  34180 12560      521.1117   138      520.7522      522.1567  2976244    0.27%
Elapsed time = 970.31 sec. (941797.72 ticks, tree = 197.32 MB, solutions = 6)
  34331 12685      521.0532   107      520.7522      522.1567  2990169    0.27%
  34495 12830      521.0963   159      520.7522      522.1567  3003874    0.27%
  34669 12983      520.7730    90      520.7522      522.1567  3017429    0.27%
  34861 13137      521.5881   143      520.7522      522.1567  3030503    0.27%
  35026 13288      521.8773   183      520.7522      522.1567  3044051    0.27%
  35233 13449      521.9724   176      520.7522      522.1567  3057805    0.27%
  35414 13608      520.8058    82      520.7522      522.1567  3071508    0.27%
  35582 13753      521.5057   155      520.7522      522.1567  3085174    0.27%
  35720 13873      521.8539   171      520.7522      522.1567  3098652    0.27%
  35880 14017      521.2792   114      520.7522      522.1567  3112382    0.27%
Elapsed time = 1007.93 sec. (980098.79 ticks, tree = 218.49 MB, solutions = 6)
  36087 14185      521.9792   148      520.7522      522.1567  3126300    0.27%
  36267 14335      521.7945   145      520.7522      522.1567  3139647    0.27%
  36474 14510      521.8954   180      520.7522      522.1567  3153252    0.27%
  36650 14663      521.6831   166      520.7522      522.1559  3167243    0.27%
  36802 14800      520.8792    93      520.7522      522.1551  3179697    0.27%
  36953 14926      521.8309   155      520.7522      522.1528  3194030    0.27%
  37137 15091      521.6605   168      520.7522      522.1517  3207273    0.27%
  37293 15226      521.9497   142      520.7522      522.1510  3220992    0.27%
  37439 15345      521.6067   144      520.7522      522.1508  3234962    0.27%
  37632 15522      521.5792   175      520.7522      522.1491  3248883    0.27%
Elapsed time = 1045.91 sec. (1018675.84 ticks, tree = 247.18 MB, solutions = 6)
  37788 15658      521.8012   135      520.7522      522.1476  3262549    0.27%
  37949 15810      520.8179   113      520.7522      522.1475  3276531    0.27%
  38121 15959      522.0062   155      520.7522      522.1461  3290183    0.27%
  38266 16088        cutoff            520.7522      522.1454  3303583    0.27%
  38470 16266      521.9894   188      520.7522      522.1444  3316465    0.27%
  38629 16398      521.3246   143      520.7522      522.1440  3329471    0.27%
  38763 16512      521.3966   118      520.7522      522.1430  3342659    0.27%
  38946 16669      521.7348   142      520.7522      522.1409  3356022    0.27%
  39114 16824      521.2192   110      520.7522      522.1406  3369867    0.27%
  39274 16968      520.7694   134      520.7522      522.1401  3382445    0.27%
Elapsed time = 1083.39 sec. (1056987.59 ticks, tree = 269.71 MB, solutions = 6)
  39460 17126      521.7552   149      520.7522      522.1391  3395471    0.27%
  39614 17260      521.6694   157      520.7522      522.1379  3408927    0.27%
  39788 17416      520.7958   140      520.7522      522.1376  3422478    0.27%
  39949 17557      521.4997   151      520.7522      522.1370  3435379    0.27%
  40101 17685      521.4719   196      520.7522      522.1364  3449130    0.27%
  40253 17823      521.8049   199      520.7522      522.1356  3462380    0.27%
  40392 17944      521.2319   122      520.7522      522.1350  3475961    0.27%
  40565 18103      520.9273   107      520.7522      522.1345  3489883    0.27%
  40758 18273      521.2718   135      520.7522      522.1339  3503699    0.27%
  40912 18404      521.8541   196      520.7522      522.1333  3516294    0.27%
Elapsed time = 1121.15 sec. (1095282.04 ticks, tree = 289.70 MB, solutions = 6)
  41085 18555      522.0012   168      520.7522      522.1325  3529784    0.27%
  41270 18719      521.1210   142      520.7522      522.1302  3542751    0.26%
  41439 18868      520.9722   107      520.7522      522.1282  3556316    0.26%
  41615 19013      521.5624   217      520.7522      522.1274  3570237    0.26%
  41776 19155      521.5815   171      520.7522      522.1258  3583836    0.26%
  41953 19311      521.5159   145      520.7522      522.1252  3597284    0.26%
  42128 19463      521.2408   135      520.7522      522.1244  3610697    0.26%
  42271 19587      521.1505   136      520.7522      522.1243  3623769    0.26%
  42485 19773        cutoff            520.7522      522.1240  3636739    0.26%
  42657 19917      521.0936   102      520.7522      522.1237  3650171    0.26%
Elapsed time = 1159.34 sec. (1133583.11 ticks, tree = 318.28 MB, solutions = 6)
  42804 20036      521.6675   202      520.7522      522.1232  3661756    0.26%
  42989 20205      521.7163   155      520.7522      522.1223  3674735    0.26%
  43187 20385        cutoff            520.7522      522.1214  3688159    0.26%
  43321 20505      520.8343   153      520.7522      522.1208  3701400    0.26%
  43490 20652      521.7722   184      520.7522      522.1202  3715474    0.26%
  43642 20789      520.9459   107      520.7522      522.1194  3728698    0.26%
  43778 20903      521.4840   139      520.7522      522.1191  3741928    0.26%
  43941 21047      521.8272   157      520.7522      522.1180  3755051    0.26%
  44112 21192      521.5392   122      520.7522      522.1177  3768690    0.26%
  44334 21391      521.5759   160      520.7522      522.1162  3782077    0.26%
Elapsed time = 1197.49 sec. (1171884.92 ticks, tree = 342.20 MB, solutions = 6)
  44525 21557      521.8619   152      520.7522      522.1151  3795797    0.26%
  44716 21716      521.6756   169      520.7522      522.1142  3809854    0.26%
  44867 21854      521.3984   150      520.7522      522.1137  3823735    0.26%
  45081 22035      521.2353   138      520.7522      522.1131  3837559    0.26%
  45233 22170      521.7278   159      520.7522      522.1128  3851235    0.26%
  45452 22358      521.2331   180      520.7522      522.1105  3864508    0.26%
  45644 22530      521.6381   131      520.7522      522.1093  3877919    0.26%
  45801 22670      521.8628   125      520.7522      522.1088  3892029    0.26%
  46005 22848      521.1017   114      520.7522      522.1085  3905289    0.26%
  46171 22992      521.7753   152      520.7522      522.1078  3918732    0.26%
Elapsed time = 1236.31 sec. (1210315.64 ticks, tree = 366.42 MB, solutions = 6)
  46341 23139      521.2470   115      520.7522      522.1074  3932456    0.26%
  46537 23311      521.9925   187      520.7522      522.1070  3946241    0.26%
  46690 23448      521.7244   153      520.7522      522.1065  3959013    0.26%
  46887 23622      521.6363   161      520.7522      522.1057  3972949    0.26%
  47079 23796      521.0379    85      520.7522      522.1052  3986598    0.26%
  47190 23889      521.2865   144      520.7522      522.1051  3996838    0.26%
  47381 24059      521.5850   150      520.7522      522.1047  4010456    0.26%
  47585 24235      521.6741   177      520.7522      522.1043  4024189    0.26%
  47740 24365      521.7289   162      520.7522      522.1032  4037917    0.26%
  47905 24509      521.5645   156      520.7522      522.1031  4050931    0.26%
Elapsed time = 1274.74 sec. (1248847.16 ticks, tree = 391.10 MB, solutions = 6)
  48079 24672      521.0528   112      520.7522      522.1027  4063664    0.26%
  48214 24795      521.1943   122      520.7522      522.1023  4077271    0.26%
  48361 24931      521.0836   111      520.7522      522.1022  4091161    0.26%
  48548 25093      521.0889   170      520.7522      522.1014  4104852    0.26%
  48707 25232      521.7666   170      520.7522      522.0999  4118745    0.26%
  48870 25377      521.6866   143      520.7522      522.0991  4131401    0.26%
  49018 25506      521.3275   152      520.7522      522.0984  4145549    0.26%
  49192 25656      521.2798   113      520.7522      522.0982  4158558    0.26%
  49373 25809      521.1165   111      520.7522      522.0979  4171988    0.26%
  49549 25964      521.7410   162      520.7522      522.0975  4186162    0.26%
Elapsed time = 1312.64 sec. (1287223.32 ticks, tree = 414.85 MB, solutions = 6)
  49754 26150      521.1212    85      520.7522      522.0969  4199566    0.26%
  49953 26323      521.0553   107      520.7522      522.0967  4212645    0.26%
  50134 26471      521.7691   152      520.7522      522.0960  4226441    0.26%
  50342 26653      521.9274   164      520.7522      522.0956  4239731    0.26%
  50506 26795      521.3494   104      520.7522      522.0953  4253074    0.26%
  50683 26951      521.9370   143      520.7522      522.0948  4266554    0.26%
  50874 27117      521.5829   136      520.7522      522.0946  4279956    0.26%
  51036 27258      520.8084   113      520.7522      522.0940  4293507    0.26%
  51196 27399      521.3855   113      520.7522      522.0935  4307246    0.26%
  51393 27570      521.4289   144      520.7522      522.0930  4320501    0.26%
Elapsed time = 1351.17 sec. (1325513.66 ticks, tree = 438.35 MB, solutions = 6)
  51572 27732      520.9454    96      520.7522      522.0915  4333792    0.26%
  51742 27873      521.2108   108      520.7522      522.0906  4348040    0.26%
  51921 28020      521.9286   174      520.7522      522.0901  4361842    0.26%
  52107 28185      521.3520   147      520.7522      522.0898  4375129    0.26%
  52263 28323      521.2798   113      520.7522      522.0895  4389334    0.26%
  52439 28482      520.8194   115      520.7522      522.0891  4401967    0.26%
  52598 28618      520.8213    63      520.7522      522.0885  4415646    0.26%
  52771 28760      521.2931   117      520.7522      522.0873  4429071    0.26%
  52970 28931      521.4403   140      520.7522      522.0857  4443050    0.26%
  53122 29063      521.9131   143      520.7522      522.0853  4457343    0.26%
Elapsed time = 1389.36 sec. (1363831.80 ticks, tree = 465.18 MB, solutions = 6)
  53277 29204      521.3237   139      520.7522      522.0849  4469661    0.26%
  53441 29348      521.3854   132      520.7522      522.0840  4483331    0.26%
  53624 29503      521.6245   146      520.7522      522.0836  4497123    0.26%
  53811 29662      520.9364   110      520.7522      522.0829  4511167    0.26%
  53957 29786      520.8203   119      520.7522      522.0827  4524561    0.26%
  54117 29916      521.6138   150      520.7522      522.0821  4538419    0.26%
  54293 30072      521.8093   177      520.7522      522.0817  4552198    0.26%
  54458 30217      521.7494   155      520.7522      522.0814  4565887    0.26%
  54639 30380      521.7608   134      520.7522      522.0811  4579023    0.26%
  54870 30587      521.1974    98      520.7522      522.0805  4592306    0.26%
Elapsed time = 1427.65 sec. (1402241.86 ticks, tree = 487.44 MB, solutions = 6)
  55011 30706      521.7532   155      520.7522      522.0801  4605986    0.25%
  55171 30848      521.7516   181      520.7522      522.0798  4619359    0.25%
  55351 31013      521.5533   161      520.7522      522.0794  4632667    0.25%
  55546 31185      521.6829   157      520.7522      522.0791  4646875    0.25%
  55710 31330      521.3688   141      520.7522      522.0787  4660980    0.25%
  55901 31500      521.6153   146      520.7522      522.0784  4674511    0.25%
  56076 31655      521.4137   110      520.7522      522.0779  4687613    0.25%
  56240 31806      521.4196   142      520.7522      522.0768  4701348    0.25%
  56403 31953      521.1096   107      520.7522      522.0765  4713370    0.25%
  56587 32110      520.7879    64      520.7522      522.0763  4727024    0.25%
Elapsed time = 1465.86 sec. (1440640.22 ticks, tree = 516.93 MB, solutions = 6)
  56751 32248      521.6643   149      520.7522      522.0755  4741585    0.25%
  56948 32424      521.0404   140      520.7522      522.0749  4754819    0.25%
  57119 32569      521.5297   149      520.7522      522.0745  4768182    0.25%
  57281 32714      520.8661    94      520.7522      522.0743  4782254    0.25%
  57460 32870      521.0161   114      520.7522      522.0733  4795732    0.25%
  57625 33004      520.8338    71      520.7522      522.0722  4809053    0.25%
  57791 33146      521.1365   118      520.7522      522.0707  4822384    0.25%
  57982 33315      521.4382   175      520.7522      522.0703  4836729    0.25%
  58167 33480      521.1142   123      520.7522      522.0699  4850419    0.25%
  58343 33630      521.7847   184      520.7522      522.0690  4863928    0.25%
Elapsed time = 1504.02 sec. (1478993.33 ticks, tree = 538.46 MB, solutions = 6)
  58523 33787      521.4092   141      520.7522      522.0681  4877222    0.25%
  58684 33920      520.7647   155      520.7522      522.0675  4891664    0.25%
  58859 34068      521.1364   108      520.7522      522.0667  4905476    0.25%
  59027 34215      520.8534    43      520.7522      522.0665  4918881    0.25%
  59215 34376      520.9830   147      520.7522      522.0657  4932465    0.25%
  59385 34517      521.5874   160      520.7522      522.0649  4946325    0.25%
  59541 34659      520.9869    65      520.7522      522.0645  4959463    0.25%
  59731 34823      521.8949   175      520.7522      522.0640  4972943    0.25%
  59904 34978      520.8789   109      520.7522      522.0636  4986724    0.25%
  60042 35099      521.0103   113      520.7522      522.0630  4999322    0.25%
Elapsed time = 1541.90 sec. (1517257.57 ticks, tree = 562.51 MB, solutions = 6)
  60194 35227      521.5892   178      520.7522      522.0627  5013136    0.25%
  60371 35382      521.8856   176      520.7522      522.0621  5027166    0.25%
  60516 35510      521.0273    89      520.7522      522.0620  5041104    0.25%
  60671 35641      521.6179   144      520.7522      522.0617  5054811    0.25%
  60890 35826      521.8479   234      520.7522      522.0615  5068293    0.25%
  61023 35938      521.6678   156      520.7522      522.0615  5082234    0.25%
  61167 36055      521.6204   147      520.7522      522.0612  5095703    0.25%
  61391 36250      521.8470   154      520.7522      522.0607  5108915    0.25%
  61543 36384      521.6526   131      520.7522      522.0602  5122667    0.25%
  61701 36521      521.0518   134      520.7522      522.0599  5137072    0.25%
Elapsed time = 1579.70 sec. (1555616.42 ticks, tree = 583.97 MB, solutions = 6)
  61861 36657      521.4492   160      520.7522      522.0594  5150604    0.25%
  62022 36798      521.6303   160      520.7522      522.0591  5164408    0.25%
  62173 36927      521.3742   122      520.7522      522.0585  5177795    0.25%
  62322 37060      521.2186   129      520.7522      522.0584  5191453    0.25%
  62470 37188      521.7223   153      520.7522      522.0581  5205922    0.25%
  62640 37342      521.1249   104      520.7522      522.0577  5218994    0.25%
  62831 37515      521.7683   158      520.7522      522.0575  5231656    0.25%
  63011 37670      521.8472   144      520.7522      522.0568  5245169    0.25%
  63190 37815      521.7065   154      520.7522      522.0563  5258948    0.25%
  63318 37928      520.9094   122      520.7522      522.0560  5273433    0.25%
Elapsed time = 1617.49 sec. (1594020.70 ticks, tree = 609.16 MB, solutions = 6)
  63502 38081      521.7134   147      520.7522      522.0554  5286547    0.25%
  63681 38239      521.2115   134      520.7522      522.0552  5299980    0.25%
  63828 38362      521.0640   174      520.7522      522.0546  5313860    0.25%
  63978 38494      521.6725   145      520.7522      522.0542  5326980    0.25%
  64162 38655      520.7892    50      520.7522      522.0537  5340492    0.25%
  64340 38802      521.4629   129      520.7522      522.0534  5354259    0.25%
  64503 38949      521.1756   116      520.7522      522.0530  5368201    0.25%
  64685 39105      521.5340   113      520.7522      522.0529  5381698    0.25%
  64853 39242      521.4706   161      520.7522      522.0522  5395611    0.25%
  65011 39383      520.9003   109      520.7522      522.0518  5409491    0.25%
Elapsed time = 1655.45 sec. (1632481.56 ticks, tree = 633.41 MB, solutions = 6)
  65164 39513      521.0770   129      520.7522      522.0513  5423009    0.25%
  65322 39652      520.8002    63      520.7522      522.0511  5436662    0.25%
  65521 39825      521.4143   131      520.7522      522.0499  5449930    0.25%
  65692 39979      521.1748   108      520.7522      522.0497  5462602    0.25%
  65831 40100      521.3107   141      520.7522      522.0495  5476901    0.25%
  65987 40240      521.1493   131      520.7522      522.0491  5489232    0.25%
  66163 40383      521.6546   131      520.7522      522.0482  5503112    0.25%
  66306 40507      521.6334   190      520.7522      522.0476  5516745    0.25%
  66478 40665      521.0272   108      520.7522      522.0475  5529225    0.25%
  66646 40811      521.1673    88      520.7522      522.0473  5542982    0.25%
Elapsed time = 1693.16 sec. (1670887.07 ticks, tree = 655.93 MB, solutions = 6)
  66846 40978      520.8270   106      520.7522      522.0471  5555303    0.25%
  67042 41143      521.5868   151      520.7522      522.0468  5568535    0.25%
  67201 41280      521.1566   123      520.7522      522.0467  5582226    0.25%
  67359 41409      521.7361   134      520.7522      522.0460  5596340    0.25%
  67518 41546      521.8913   192      520.7522      522.0457  5610267    0.25%
  67661 41679      520.8076    61      520.7522      522.0456  5621530    0.25%
  67836 41822      521.4476   150      520.7522      522.0454  5635683    0.25%
  67981 41954      521.1713    89      520.7522      522.0451  5649124    0.25%
  68180 42117      521.6239   167      520.7522      522.0443  5663001    0.25%
  68336 42253      520.8493   101      520.7522      522.0438  5676819    0.25%
Elapsed time = 1731.12 sec. (1709256.49 ticks, tree = 675.87 MB, solutions = 6)
  68480 42374      521.0707   107      520.7522      522.0434  5690907    0.25%
  68655 42526      521.6936   141      520.7522      522.0433  5704804    0.25%
  68817 42674      521.4069   151      520.7522      522.0429  5717598    0.25%
  68979 42817      521.3135   153      520.7522      522.0427  5731412    0.25%
  69106 42936      521.0214   132      520.7522      522.0426  5744484    0.25%
  69261 43068      521.3951   121      520.7522      522.0421  5757482    0.25%
  69424 43213      521.4203   117      520.7522      522.0415  5771128    0.25%
  69587 43359      521.2794   139      520.7522      522.0414  5783586    0.25%
  69781 43530      521.2547   117      520.7522      522.0412  5797481    0.25%
  69983 43688      521.8821   164      520.7522      522.0410  5810741    0.25%
Elapsed time = 1768.91 sec. (1747607.77 ticks, tree = 701.54 MB, solutions = 6)
  70142 43820      521.6916   161      520.7522      522.0408  5824215    0.25%
  70314 43968      521.8935   177      520.7522      522.0401  5837889    0.25%
  70501 44127      521.6310   144      520.7522      522.0397  5851337    0.25%
  70665 44269      521.5036   149      520.7522      522.0393  5865150    0.25%
  70798 44385      520.7898    57      520.7522      522.0392  5878638    0.25%
  70961 44511      521.6398   137      520.7522      522.0383  5892649    0.25%
  71123 44655      521.8053   169      520.7522      522.0381  5906307    0.25%
  71238 44753      520.9373    93      520.7522      522.0378  5919803    0.25%
  71375 44870      521.3618   139      520.7522      522.0372  5933026    0.25%
  71564 45030      521.7846   159      520.7522      522.0367  5946947    0.25%
Elapsed time = 1806.68 sec. (1786119.25 ticks, tree = 724.19 MB, solutions = 6)
  71721 45168      521.6187   174      520.7522      522.0366  5959833    0.25%
  71886 45298      521.2511   103      520.7522      522.0359  5973399    0.25%
  72076 45464      521.5234   134      520.7522      522.0347  5986075    0.25%
  72285 45643      521.4907   153      520.7522      522.0344  5999629    0.25%
  72415 45748      521.9091   150      520.7522      522.0342  6012893    0.25%
  72597 45911        cutoff            520.7522      522.0338  6026403    0.25%
  72786 46070      521.0545   121      520.7522      522.0334  6039498    0.25%
  72909 46173      521.4632   141      520.7522      522.0331  6053064    0.25%
  73048 46296      521.4292   137      520.7522      522.0331  6065995    0.25%
  73211 46437      520.9059   103      520.7522      522.0329  6079528    0.25%
Elapsed time = 1844.36 sec. (1824470.22 ticks, tree = 746.74 MB, solutions = 6)
  73331 46531      521.5226   129      520.7522      522.0317  6093852    0.25%
  73483 46660      521.3111   150      520.7522      522.0311  6108135    0.25%
  73618 46778      521.0797   103      520.7522      522.0308  6122450    0.25%
  73781 46917      521.3852   144      520.7522      522.0305  6136294    0.25%
  73936 47045      521.5032   135      520.7522      522.0301  6149809    0.25%
  74103 47194        cutoff            520.7522      522.0298  6163315    0.25%
  74282 47349      521.8787   149      520.7522      522.0295  6176741    0.25%
  74431 47482      521.8442   192      520.7522      522.0292  6190174    0.25%
  74601 47631      521.1144   147      520.7522      522.0291  6203860    0.25%
  74761 47765      521.7105   168      520.7522      522.0288  6217804    0.25%
Elapsed time = 1881.96 sec. (1862865.31 ticks, tree = 770.24 MB, solutions = 6)
  74901 47879      521.6410   146      520.7522      522.0284  6230854    0.25%
  75032 47993      521.0220   132      520.7522      522.0284  6243937    0.25%
  75200 48136      521.3036   179      520.7522      522.0281  6257115    0.25%
  75337 48257      521.5366   153      520.7522      522.0278  6270559    0.24%
  75522 48414      521.4257   152      520.7522      522.0276  6284341    0.24%
  75670 48545      521.2846   129      520.7522      522.0273  6297944    0.24%
  75838 48686      521.5763   173      520.7522      522.0270  6311663    0.24%
  75980 48803      521.4771   182      520.7522      522.0266  6325155    0.24%
  76116 48915      521.3301   147      520.7522      522.0263  6338895    0.24%
  76311 49087      521.4462   138      520.7522      522.0260  6352299    0.24%
Elapsed time = 1919.50 sec. (1901222.91 ticks, tree = 796.50 MB, solutions = 6)
  76457 49217      520.8556   107      520.7522      522.0258  6365921    0.24%
  76595 49322      521.8871   166      520.7522      522.0253  6379639    0.24%
  76726 49438      521.4748   164      520.7522      522.0250  6393303    0.24%
  76857 49542      521.4110   153      520.7522      522.0249  6405717    0.24%
  77014 49680      521.2172   103      520.7522      522.0246  6419118    0.24%
  77169 49803      521.1375   143      520.7522      522.0243  6432572    0.24%
  77301 49915      521.0125   113      520.7522      522.0238  6445171    0.24%
  77461 50048      521.7237   153      520.7522      522.0237  6459093    0.24%
  77579 50137      521.6567   142      520.7522      522.0234  6470611    0.24%
  77731 50271      520.9451   165      520.7522      522.0233  6483891    0.24%
Elapsed time = 1956.43 sec. (1939639.52 ticks, tree = 820.89 MB, solutions = 6)
  77903 50416      521.2466   131      520.7522      522.0231  6497247    0.24%
  78035 50521      521.8680   188      520.7522      522.0228  6510034    0.24%
  78166 50642      520.9949   118      520.7522      522.0226  6523928    0.24%
  78341 50786      521.2924   124      520.7522      522.0220  6537302    0.24%
  78471 50898      521.5404   162      520.7522      522.0212  6550593    0.24%
  78615 51012      521.5993   133      520.7522      522.0206  6564581    0.24%
  78799 51164      521.4984   200      520.7522      522.0200  6578150    0.24%
  78917 51264      521.5234   177      520.7522      522.0200  6591759    0.24%
  79042 51372      521.7472   185      520.7522      522.0199  6605315    0.24%
  79194 51507      521.5678   134      520.7522      522.0198  6619089    0.24%
Elapsed time = 1993.79 sec. (1978089.58 ticks, tree = 843.70 MB, solutions = 6)
  79354 51648      521.5571   150      520.7522      522.0196  6633085    0.24%
  79508 51781      521.3679   116      520.7522      522.0193  6646498    0.24%
  79657 51911      521.1662   104      520.7522      522.0191  6659166    0.24%
  79821 52047      521.7476   150      520.7522      522.0188  6672621    0.24%
  79966 52174      521.8742   184      520.7522      522.0182  6686224    0.24%
  80097 52287      521.0301   136      520.7522      522.0181  6699349    0.24%
  80256 52420      521.0419    82      520.7522      522.0179  6712999    0.24%
  80420 52551      521.3096   158      520.7522      522.0178  6725941    0.24%
  80560 52676      520.7971   109      520.7522      522.0176  6738954    0.24%
  80722 52805      521.5544   137      520.7522      522.0173  6752658    0.24%
Elapsed time = 2031.17 sec. (2016420.04 ticks, tree = 855.36 MB, solutions = 6)
  80887 52952      521.4120   112      520.7522      522.0171  6765033    0.24%
  81029 53073      521.0834   132      520.7522      522.0170  6778530    0.24%
  81166 53193      521.0661   108      520.7522      522.0168  6792852    0.24%
  81362 53357      521.7619   169      520.7522      522.0164  6806445    0.24%
  81504 53478      521.8881   160      520.7522      522.0162  6820574    0.24%
  81663 53611      521.8998   196      520.7522      522.0160  6833928    0.24%
  81818 53747      521.1686   151      520.7522      522.0156  6847582    0.24%
  81980 53887      521.1062   123      520.7522      522.0151  6861110    0.24%
  82148 54032      521.3467   147      520.7522      522.0150  6874820    0.24%
  82297 54152      521.5543   135      520.7522      522.0145  6888230    0.24%
Elapsed time = 2068.73 sec. (2054766.69 ticks, tree = 881.83 MB, solutions = 6)
  82437 54276      521.2229    98      520.7522      522.0143  6901663    0.24%
  82587 54396      521.2141   119      520.7522      522.0139  6915411    0.24%
  82771 54554      520.8269    53      520.7522      522.0136  6928821    0.24%
  82951 54704      521.4850   153      520.7522      522.0130  6941850    0.24%
  83085 54811      521.2689   128      520.7522      522.0128  6955502    0.24%
  83273 54975      521.1321   140      520.7522      522.0124  6968904    0.24%
  83439 55121      521.1960   132      520.7522      522.0122  6982297    0.24%
  83580 55232      521.1351   110      520.7522      522.0121  6995831    0.24%
  83733 55362      521.7599   180      520.7522      522.0115  7009281    0.24%
  83861 55476      520.8315   107      520.7522      522.0113  7023762    0.24%
Elapsed time = 2106.26 sec. (2093094.64 ticks, tree = 909.21 MB, solutions = 6)
  84032 55625      520.8050   105      520.7522      522.0112  7037048    0.24%
  84180 55752      521.8091   161      520.7522      522.0107  7050737    0.24%
  84321 55872      521.5416   124      520.7522      522.0104  7063975    0.24%
  84520 56044      520.8005    77      520.7522      522.0099  7077660    0.24%
  84698 56193        cutoff            520.7522      522.0096  7091329    0.24%
  84830 56306      521.7280   117      520.7522      522.0088  7104542    0.24%
  85014 56464      520.9810   136      520.7522      522.0087  7117570    0.24%
  85200 56621      521.7201   145      520.7522      522.0084  7130365    0.24%
  85379 56776      521.6707   133      520.7522      522.0082  7143880    0.24%
  85541 56906      521.5013   118      520.7522      522.0081  7156320    0.24%
Elapsed time = 2144.04 sec. (2131398.62 ticks, tree = 932.24 MB, solutions = 6)
  85720 57060      521.5300   155      520.7522      522.0077  7169698    0.24%
  85871 57194      521.2032    84      520.7522      522.0075  7183027    0.24%
  86031 57324      521.5004   109      520.7522      522.0071  7197126    0.24%
  86213 57473      520.9855   111      520.7522      522.0069  7210851    0.24%
  86371 57603      521.3346   114      520.7522      522.0065  7224300    0.24%
  86550 57754      521.8916   165      520.7522      522.0064  7237925    0.24%
  86730 57901      521.8925   147      520.7522      522.0061  7251628    0.24%
  86885 58034      521.2429   150      520.7522      522.0060  7265319    0.24%
  87043 58173      521.4199   176      520.7522      522.0060  7279152    0.24%
  87221 58321      521.8991   144      520.7522      522.0058  7292267    0.24%
Elapsed time = 2182.18 sec. (2169945.64 ticks, tree = 962.82 MB, solutions = 6)
  87412 58482      521.2638   121      520.7522      522.0053  7305768    0.24%
  87546 58600      521.0467   111      520.7522      522.0051  7319141    0.24%
  87696 58723      521.7963   147      520.7522      522.0049  7332709    0.24%
  87850 58851      521.0424   106      520.7522      522.0046  7345961    0.24%
  87977 58956      521.7686   155      520.7522      522.0043  7359652    0.24%
  88121 59086      520.9361   112      520.7522      522.0039  7373754    0.24%
  88296 59239      521.5824   181      520.7522      522.0035  7387614    0.24%
  88457 59383      521.0210   106      520.7522      522.0034  7401131    0.24%
  88631 59524      521.7833   159      520.7522      522.0032  7413967    0.24%
  88790 59654      521.2381   140      520.7522      522.0030  7427449    0.24%
Elapsed time = 2219.62 sec. (2208317.82 ticks, tree = 981.79 MB, solutions = 6)
  88942 59779      521.5498   140      520.7522      522.0028  7440924    0.24%
  89101 59911      521.3768   157      520.7522      522.0027  7454325    0.24%
  89218 60015      520.7697   101      520.7522      522.0026  7467327    0.24%
  89364 60142      521.2342   147      520.7522      522.0024  7480529    0.24%
  89538 60294      521.6066   129      520.7522      522.0023  7494094    0.24%
  89721 60440      521.5782   129      520.7522      522.0022  7506820    0.24%
  89862 60555      521.2261   144      520.7522      522.0018  7520593    0.24%
  90050 60714      521.2966   124      520.7522      522.0015  7533472    0.24%
  90211 60843      521.5532   153      520.7522      522.0014  7546782    0.24%
  90358 60973      520.9458   129      520.7522      522.0012  7560959    0.24%
Elapsed time = 2257.08 sec. (2246736.16 ticks, tree = 1008.63 MB, solutions = 6)
  90545 61125      521.2389   147      520.7522      522.0011  7574587    0.24%
  90685 61243      521.3970   156      520.7522      522.0010  7588245    0.24%
  90816 61360      521.0765   124      520.7522      522.0008  7601415    0.24%
  90968 61488      521.5651   155      520.7522      522.0005  7615034    0.24%
  91097 61595      521.2180   127      520.7522      522.0004  7628498    0.24%
  91251 61730      521.3225   117      520.7522      522.0002  7642345    0.24%
  91449 61903      520.9161   115      520.7522      521.9999  7656036    0.24%
  91585 62017      521.5011   144      520.7522      521.9996  7669582    0.24%
  91773 62165      521.6124   146      520.7522      521.9992  7682895    0.24%
  91921 62293      521.4378   163      520.7522      521.9988  7695914    0.24%
Elapsed time = 2294.54 sec. (2285092.67 ticks, tree = 1028.56 MB, solutions = 6)
  92083 62432      521.5545   143      520.7522      521.9986  7708809    0.24%
  92239 62570      520.8144    63      520.7522      521.9986  7722732    0.24%
  92391 62696      521.2661   101      520.7522      521.9983  7735900    0.24%
  92591 62866      521.7672   179      520.7522      521.9980  7749089    0.24%
  92732 62985      520.9136   121      520.7522      521.9978  7763079    0.24%
  92863 63089      521.7324   153      520.7522      521.9971  7777524    0.24%
* 92941+60010                          520.8069      521.9968             0.23%
  92995 60062      521.2679   116      520.8069      521.9968  7788721    0.23%
  93089 60137      521.2709   147      520.8069      521.9967  7798889    0.23%
  93231 60263      521.0027   121      520.8069      521.9966  7810988    0.23%
  93366 60370      521.4581   127      520.8069      521.9965  7823774    0.23%
Elapsed time = 2331.51 sec. (2323525.93 ticks, tree = 993.29 MB, solutions = 7)
  93491 60469      521.4104   165      520.8069      521.9959  7836159    0.23%
  93611 60570      521.2123   144      520.8069      521.9956  7847793    0.23%
* 93651+59577                          520.8227      521.9956             0.23%
  93771 59684      520.9969   109      520.8227      521.9954  7859291    0.23%
  93896 59782      521.5845   167      520.8227      521.9952  7872574    0.23%
  94006 59883      521.0746   102      520.8227      521.9945  7883200    0.22%
  94151 60000      521.5249   132      520.8227      521.9943  7896761    0.22%
  94309 60129      521.3307   109      520.8227      521.9939  7908080    0.22%
  94449 60253      520.8510   107      520.8227      521.9937  7921102    0.22%
  94590 60374      521.2886   129      520.8227      521.9936  7933593    0.22%
  94759 60518      521.7130   132      520.8227      521.9934  7946688    0.22%
Elapsed time = 2368.87 sec. (2362343.19 ticks, tree = 995.58 MB, solutions = 8)
  94893 60632      520.9079   129      520.8227      521.9932  7959761    0.22%
  95033 60747      520.8778   123      520.8227      521.9929  7973146    0.22%
  95208 60895      521.8995   161      520.8227      521.9925  7985839    0.22%
  95307 60984      521.1727   138      520.8227      521.9922  7997107    0.22%
  95473 61123      521.2379   145      520.8227      521.9918  8010128    0.22%
  95613 61237      521.0412   135      520.8227      521.9915  8022285    0.22%
  95745 61350      521.3025   136      520.8227      521.9911  8035873    0.22%
  95891 61476      521.1345   116      520.8227      521.9910  8049598    0.22%
  96028 61595      521.0792    99      520.8227      521.9909  8063130    0.22%
  96181 61720      521.4367   168      520.8227      521.9906  8077073    0.22%
Elapsed time = 2406.01 sec. (2400642.16 ticks, tree = 1016.32 MB, solutions = 8)
  96317 61833      521.8203   244      520.8227      521.9905  8091307    0.22%
  96451 61939      521.4558   124      520.8227      521.9904  8103067    0.22%
  96610 62075      521.2292   152      520.8227      521.9902  8117047    0.22%
  96763 62202      521.6329   138      520.8227      521.9901  8130909    0.22%
  96884 62300      521.4698   157      520.8227      521.9899  8144039    0.22%
  97038 62433      521.4217   154      520.8227      521.9898  8157115    0.22%
  97192 62568      521.5839   145      520.8227      521.9896  8169792    0.22%
  97352 62703      520.8849    89      520.8227      521.9892  8183896    0.22%
  97491 62815      521.4864   120      520.8227      521.9890  8197617    0.22%
  97614 62926      521.0044   111      520.8227      521.9889  8209480    0.22%
Elapsed time = 2443.38 sec. (2439231.44 ticks, tree = 1038.11 MB, solutions = 8)
  97788 63072      521.3863   160      520.8227      521.9887  8223333    0.22%
  97927 63186      521.3293   175      520.8227      521.9886  8237423    0.22%
  98091 63327      521.5000   130      520.8227      521.9885  8250881    0.22%
  98242 63455      521.3434   181      520.8227      521.9881  8264558    0.22%
  98387 63572      521.7788   148      520.8227      521.9878  8278502    0.22%
  98535 63699      521.6922   191      520.8227      521.9876  8292384    0.22%
  98731 63868      521.5477   148      520.8227      521.9873  8305591    0.22%
  98875 63990      520.9611   106      520.8227      521.9872  8319503    0.22%
  99061 64132      521.7495   141      520.8227      521.9869  8333153    0.22%
  99210 64259      521.4714   152      520.8227      521.9862  8345487    0.22%
Elapsed time = 2481.21 sec. (2477866.53 ticks, tree = 1059.03 MB, solutions = 8)
  99347 64375      521.4776   117      520.8227      521.9859  8358726    0.22%
  99505 64503      521.1827   163      520.8227      521.9856  8372061    0.22%
  99657 64623      521.4342   154      520.8227      521.9854  8385510    0.22%
  99857 64799      520.9953   141      520.8227      521.9854  8398853    0.22%
  99995 64907      521.3417   162      520.8227      521.9851  8412172    0.22%
 100162 65046      521.5324   167      520.8227      521.9849  8425912    0.22%
 100291 65154      521.3768   144      520.8227      521.9847  8440245    0.22%
 100428 65267      521.3850   166      520.8227      521.9844  8454280    0.22%
 100590 65402      521.5667   187      520.8227      521.9842  8467659    0.22%
 100741 65530      521.5681   157      520.8227      521.9839  8481529    0.22%
Elapsed time = 2518.60 sec. (2516269.14 ticks, tree = 1078.22 MB, solutions = 8)
 100898 65667      520.9201    98      520.8227      521.9837  8495356    0.22%
 101053 65792      521.4903   169      520.8227      521.9835  8508943    0.22%
 101183 65898      521.2478   150      520.8227      521.9832  8522440    0.22%
 101327 66022      521.3099   136      520.8227      521.9831  8534987    0.22%
 101480 66146      521.3946   120      520.8227      521.9829  8548443    0.22%
 101622 66264      521.8397   156      520.8227      521.9827  8561735    0.22%
 101777 66385      521.3492   137      520.8227      521.9825  8575668    0.22%
 101907 66496      521.5504   181      520.8227      521.9820  8589341    0.22%
 102051 66622      521.4781   152      520.8227      521.9816  8602874    0.22%
 102196 66739      521.5219   170      520.8227      521.9813  8616476    0.22%
Elapsed time = 2555.62 sec. (2554624.76 ticks, tree = 1104.07 MB, solutions = 8)
 102321 66848      521.4746   156      520.8227      521.9810  8629478    0.22%
 102445 66959      521.0052    89      520.8227      521.9807  8643067    0.22%
 102587 67080      521.1715   149      520.8227      521.9806  8656752    0.22%
 102744 67215      521.3107   139      520.8227      521.9805  8670390    0.22%
 102873 67323      521.6137   158      520.8227      521.9801  8683528    0.22%
 103021 67437      521.4575   133      520.8227      521.9799  8697423    0.22%
 103160 67551      521.1300   122      520.8227      521.9797  8711462    0.22%
 103280 67655      520.8819   129      520.8227      521.9797  8724814    0.22%
 103474 67810      521.5131   145      520.8227      521.9794  8738492    0.22%
 103611 67926      521.3491   155      520.8227      521.9792  8752920    0.22%
Elapsed time = 2592.73 sec. (2593013.94 ticks, tree = 1118.12 MB, solutions = 8)
 103757 68051      521.4283   133      520.8227      521.9789  8766755    0.22%
 103901 68178      521.4132   133      520.8227      521.9787  8779832    0.22%
 104029 68289      521.1650   117      520.8227      521.9786  8793003    0.22%
 104202 68439      521.3174   142      520.8227      521.9785  8806931    0.22%
 104343 68556      521.3654   141      520.8227      521.9783  8820701    0.22%
 104522 68700      521.6834   133      520.8227      521.9777  8832604    0.22%
 104686 68838      520.8481    64      520.8227      521.9775  8846423    0.22%
 104819 68946      521.5469   127      520.8227      521.9772  8859985    0.22%
 104979 69084      521.4623   169      520.8227      521.9767  8873468    0.22%
 105126 69209      521.2318   132      520.8227      521.9767  8887078    0.22%
Elapsed time = 2630.02 sec. (2631346.76 ticks, tree = 1144.89 MB, solutions = 8)
 105281 69338      521.5368   168      520.8227      521.9766  8900191    0.22%
 105455 69484      521.3163   161      520.8227      521.9764  8913336    0.22%
 105587 69594      521.6773   145      520.8227      521.9762  8927265    0.22%
 105719 69701      521.0981   135      520.8227      521.9761  8940810    0.22%
 105867 69828      521.5369   164      520.8227      521.9759  8954035    0.22%
 106019 69944      521.5365   129      520.8227      521.9756  8967959    0.22%
 106178 70071      521.0883   112      520.8227      521.9755  8981789    0.22%
 106334 70203      521.1889   144      520.8227      521.9754  8995768    0.22%
 106480 70325        cutoff            520.8227      521.9751  9009072    0.22%
 106627 70450      521.1114   101      520.8227      521.9748  9022936    0.22%
Elapsed time = 2667.45 sec. (2669683.80 ticks, tree = 1168.58 MB, solutions = 8)
 106801 70586      521.6576   142      520.8227      521.9741  9036486    0.22%
 106995 70741      521.7018   184      520.8227      521.9739  9049911    0.22%
 107153 70876      521.4874   124      520.8227      521.9737  9063619    0.22%
 107300 70998      520.8847   126      520.8227      521.9734  9077060    0.22%
 107443 71116      521.3670   146      520.8227      521.9731  9090217    0.22%
 107596 71235      521.7546   170      520.8227      521.9729  9103353    0.22%
 107748 71359      521.3190   126      520.8227      521.9728  9116844    0.22%
 107914 71490      521.1530   136      520.8227      521.9726  9130316    0.22%
 108067 71618      521.2739   138      520.8227      521.9725  9143463    0.22%
 108238 71753      521.6549   155      520.8227      521.9723  9157609    0.22%
Elapsed time = 2705.01 sec. (2708105.34 ticks, tree = 1195.27 MB, solutions = 8)
 108364 71857      521.6480   166      520.8227      521.9722  9170486    0.22%
 108512 71985      521.6553   174      520.8227      521.9721  9184542    0.22%
 108662 72114      520.8743   166      520.8227      521.9719  9198047    0.22%
 108823 72248      521.8204   159      520.8227      521.9716  9211012    0.22%
 108959 72370      521.7156   168      520.8227      521.9715  9224563    0.22%
 109097 72484      521.4480   172      520.8227      521.9712  9238078    0.22%
 109230 72587      521.8563   178      520.8227      521.9710  9251454    0.22%
 109400 72735      521.4682   146      520.8227      521.9708  9265036    0.22%
 109554 72865      521.5725   149      520.8227      521.9707  9278576    0.22%
 109680 72965      521.6555   161      520.8227      521.9706  9292261    0.22%
Elapsed time = 2742.11 sec. (2746447.82 ticks, tree = 1220.23 MB, solutions = 8)
 109797 73066      520.9658   106      520.8227      521.9706  9305177    0.22%
 109966 73200      521.3068   143      520.8227      521.9704  9319190    0.22%
 110088 73306      521.4084   127      520.8227      521.9703  9331717    0.22%
 110251 73448      521.5419   172      520.8227      521.9701  9345332    0.22%
 110401 73580      521.1129   124      520.8227      521.9699  9359370    0.22%
 110561 73716      521.7464   159      520.8227      521.9696  9372738    0.22%
 110686 73829      521.3765   183      520.8227      521.9695  9386609    0.22%
 110824 73933      521.7558   155      520.8227      521.9693  9399469    0.22%
 110965 74054      521.5113   132      520.8227      521.9690  9413450    0.22%
 111120 74185      521.4999   208      520.8227      521.9688  9427271    0.22%
Elapsed time = 2779.31 sec. (2784969.18 ticks, tree = 1241.13 MB, solutions = 8)
 111261 74310      521.4851   195      520.8227      521.9686  9439171    0.22%
 111406 74420      521.2879   116      520.8227      521.9685  9452536    0.22%
 111564 74541      521.7466   143      520.8227      521.9683  9466512    0.22%
 111728 74685      521.4220    96      520.8227      521.9682  9479328    0.22%
 111886 74818      521.3793   145      520.8227      521.9681  9492585    0.22%
 112065 74962      521.4933   147      520.8227      521.9679  9506621    0.22%
 112214 75077      520.9980   182      520.8227      521.9677  9520622    0.22%
 112360 75193      521.7607   129      520.8227      521.9675  9533801    0.22%
 112485 75302      521.8589   167      520.8227      521.9672  9546328    0.22%
 112627 75426      521.1983   113      520.8227      521.9671  9559648    0.22%
Elapsed time = 2816.86 sec. (2823427.57 ticks, tree = 1264.95 MB, solutions = 8)
 112761 75542      521.3558   138      520.8227      521.9669  9573523    0.22%
 112925 75684      521.1981   141      520.8227      521.9667  9587099    0.22%
 113066 75797      520.8238   109      520.8227      521.9666  9601042    0.22%
 113222 75928        cutoff            520.8227      521.9665  9614348    0.22%
 113375 76049      520.8747   100      520.8227      521.9663  9627780    0.22%
 113519 76169      520.9945    92      520.8227      521.9662  9641612    0.22%
 113670 76293      521.4809   161      520.8227      521.9658  9654990    0.22%
 113831 76429      521.3626   147      520.8227      521.9654  9668414    0.22%
 113964 76544      521.4038   132      520.8227      521.9652  9682067    0.22%
 114184 76730      521.4866   162      520.8227      521.9651  9695542    0.22%
Elapsed time = 2854.22 sec. (2861745.61 ticks, tree = 1284.40 MB, solutions = 8)
 114317 76848      521.6930   168      520.8227      521.9649  9708897    0.22%
 114461 76973      521.5918   155      520.8227      521.9648  9722373    0.22%
 114629 77114      521.2280   106      520.8227      521.9647  9735960    0.22%
 114786 77250      521.4438   125      520.8227      521.9645  9749365    0.22%
 114922 77346      521.7099   152      520.8227      521.9643  9762847    0.22%
 115064 77463      521.6170   138      520.8227      521.9642  9776041    0.22%
 115237 77609      521.7213   161      520.8227      521.9640  9789776    0.22%
 115384 77734      521.2606   158      520.8227      521.9638  9803540    0.22%
 115534 77855      521.4791   192      520.8227      521.9638  9816981    0.22%
 115675 77974      521.5601   141      520.8227      521.9637  9830501    0.22%
Elapsed time = 2891.40 sec. (2900083.98 ticks, tree = 1304.63 MB, solutions = 8)
 115834 78106      521.4214   143      520.8227      521.9635  9844013    0.22%
 115982 78230      521.6043   137      520.8227      521.9634  9857484    0.22%
 116136 78365      521.1703   113      520.8227      521.9630  9871019    0.22%
 116293 78495      521.5472   138      520.8227      521.9628  9885099    0.22%
 116454 78619      521.4433   161      520.8227      521.9627  9898725    0.22%
 116587 78735      520.9296    77      520.8227      521.9625  9911673    0.22%
 116725 78852      521.3848   171      520.8227      521.9622  9924734    0.22%
 116917 79011      521.8067   182      520.8227      521.9620  9937792    0.22%
 117056 79128      521.3842   108      520.8227      521.9619  9951735    0.22%
 117193 79242      521.2420   169      520.8227      521.9618  9964750    0.22%
Elapsed time = 2928.69 sec. (2938447.43 ticks, tree = 1325.89 MB, solutions = 8)
 117351 79385      521.1705   118      520.8227      521.9616  9978178    0.22%
 117484 79494      521.3267   129      520.8227      521.9612  9991665    0.22%
 117620 79612      520.9393   109      520.8227      521.9609 10005770    0.22%
 117824 79780      521.6964   128      520.8227      521.9606 10019102    0.22%
 117990 79915      521.6185   137      520.8227      521.9603 10033217    0.22%
 118151 80052      521.6044   112      520.8227      521.9602 10046670    0.22%
 118336 80207      521.3604   165      520.8227      521.9601 10060263    0.22%
 118455 80310      520.8458    82      520.8227      521.9599 10072369    0.22%
 118614 80437      521.7272   170      520.8227      521.9598 10086475    0.22%
 118783 80575      521.3285   153      520.8227      521.9597 10100276    0.22%
Elapsed time = 2966.38 sec. (2976912.06 ticks, tree = 1357.21 MB, solutions = 8)
 118931 80696      521.6277   163      520.8227      521.9595 10113415    0.22%
 119080 80814      521.6341   141      520.8227      521.9593 10127401    0.22%
 119198 80911      521.7452   129      520.8227      521.9592 10140257    0.22%
 119366 81054      520.8623   124      520.8227      521.9590 10153347    0.22%
 119554 81205      521.8185   173      520.8227      521.9588 10166860    0.22%
 119694 81323      521.2910   139      520.8227      521.9586 10180680    0.22%
 119840 81438      521.6209   176      520.8227      521.9583 10194544    0.22%
 120004 81580      521.4665   141      520.8227      521.9581 10208281    0.22%
 120167 81705      521.2454   113      520.8227      521.9581 10221865    0.22%
 120316 81829      521.4776   163      520.8227      521.9579 10235803    0.22%
Elapsed time = 3003.72 sec. (3015262.78 ticks, tree = 1378.50 MB, solutions = 8)
 120439 81929      521.4455   136      520.8227      521.9577 10247759    0.22%
 120598 82070      521.1033   103      520.8227      521.9575 10261479    0.22%
 120771 82221      521.3141   135      520.8227      521.9573 10274667    0.22%
 120910 82335      521.1345   143      520.8227      521.9573 10288524    0.22%
 121071 82472      521.3238   110      520.8227      521.9571 10301791    0.22%
 121224 82605      521.3336   111      520.8227      521.9571 10315256    0.22%
 121403 82754      521.5705   164      520.8227      521.9569 10328622    0.22%
 121565 82885      521.2904   157      520.8227      521.9565 10342595    0.22%
 121744 83030      521.5032   148      520.8227      521.9563 10356401    0.22%
 121883 83152      520.8563   128      520.8227      521.9561 10370893    0.22%
Elapsed time = 3042.37 sec. (3053669.49 ticks, tree = 1404.11 MB, solutions = 8)
 122029 83277      521.1431   123      520.8227      521.9558 10384791    0.22%
 122207 83418      521.3011   126      520.8227      521.9557 10398089    0.22%
 122360 83543      521.2612   114      520.8227      521.9555 10411805    0.22%
 122525 83684      521.1576   118      520.8227      521.9553 10425321    0.22%
 122667 83795      520.8562   120      520.8227      521.9552 10439238    0.22%
 122805 83911      521.4592   139      520.8227      521.9551 10452249    0.22%
 122941 84025      521.1489   150      520.8227      521.9550 10465700    0.22%
 123079 84146      521.3520   114      520.8227      521.9549 10479249    0.22%
 123255 84288      521.0663   129      520.8227      521.9547 10492569    0.22%
 123400 84413      521.4890   142      520.8227      521.9545 10506281    0.22%
Elapsed time = 3080.08 sec. (3091977.89 ticks, tree = 1426.08 MB, solutions = 8)
 123571 84557      521.2433   163      520.8227      521.9544 10520274    0.22%
 123716 84681      520.9117   110      520.8227      521.9542 10534295    0.22%
 123882 84816      521.1374   103      520.8227      521.9541 10547542    0.22%
 124055 84956      521.5976   142      520.8227      521.9539 10560338    0.22%
 124182 85063      521.7193   179      520.8227      521.9538 10574360    0.22%
 124322 85173      521.6511   156      520.8227      521.9535 10588384    0.22%
 124441 85268      521.1150   137      520.8227      521.9534 10601529    0.22%
 124584 85382      521.1196   147      520.8227      521.9532 10615247    0.22%
 124714 85495      521.1999   139      520.8227      521.9531 10629077    0.22%
 124858 85623      521.2351   130      520.8227      521.9530 10642370    0.22%
Elapsed time = 3117.58 sec. (3130394.49 ticks, tree = 1442.67 MB, solutions = 8)
 125007 85744      521.3369   205      520.8227      521.9528 10656669    0.22%
 125143 85860      521.3411   146      520.8227      521.9526 10670454    0.22%
 125301 85990      521.2143   128      520.8227      521.9525 10684769    0.22%
 125458 86118      521.3523   147      520.8227      521.9523 10697890    0.22%
 125611 86251      520.8744   105      520.8227      521.9522 10709846    0.22%
 125779 86388      520.9119   119      520.8227      521.9520 10723415    0.22%
 125909 86488      521.3862   135      520.8227      521.9519 10737158    0.22%
 126050 86606      521.3456   154      520.8227      521.9518 10750603    0.22%
 126173 86709      521.0224    97      520.8227      521.9515 10764427    0.22%
 126332 86836      521.3977   125      520.8227      521.9513 10777961    0.22%
Elapsed time = 3155.23 sec. (3168907.47 ticks, tree = 1463.05 MB, solutions = 8)
 126492 86968      521.0901   106      520.8227      521.9513 10791090    0.22%
 126642 87088      521.0826   129      520.8227      521.9512 10805197    0.22%
 126808 87218      521.3383   135      520.8227      521.9511 10818852    0.22%
 126963 87339      521.5056   153      520.8227      521.9509 10831840    0.22%
 127088 87439      521.5396   140      520.8227      521.9509 10845390    0.22%
 127211 87540      521.3934   155      520.8227      521.9506 10857737    0.22%
 127345 87659      521.2663   117      520.8227      521.9505 10870846    0.22%
 127510 87798      521.0461   107      520.8227      521.9504 10884307    0.22%
 127654 87914      521.1437   175      520.8227      521.9503 10897623    0.22%
 127793 88032        cutoff            520.8227      521.9502 10911752    0.22%
Elapsed time = 3192.49 sec. (3207229.13 ticks, tree = 1482.39 MB, solutions = 8)
 127946 88164      520.9457   127      520.8227      521.9501 10925303    0.22%
 128092 88278      521.2604   123      520.8227      521.9499 10938420    0.22%
 128252 88412      520.9374   110      520.8227      521.9499 10952432    0.22%
 128428 88541      521.7861   162      520.8227      521.9495 10965939    0.22%
 128604 88697      520.8388   126      520.8227      521.9494 10979174    0.22%
 128759 88826      520.8441   108      520.8227      521.9492 10992999    0.22%
 128881 88920      520.9798   132      520.8227      521.9492 11006504    0.22%
 129028 89043      521.3607   124      520.8227      521.9491 11020186    0.22%
 129174 89159      521.6828   150      520.8227      521.9488 11031599    0.22%
 129351 89302      521.8093   197      520.8227      521.9486 11045014    0.22%
Elapsed time = 3230.18 sec. (3245600.68 ticks, tree = 1505.94 MB, solutions = 8)
 129536 89458      520.8303    77      520.8227      521.9484 11058885    0.22%
 129652 89552      521.3943   133      520.8227      521.9483 11071062    0.22%
Starting limited solution polishing.
 129822 89681      521.7091   163      520.8227      521.9482 11084319    0.22%
 129981 89819      521.5909   154      520.8227      521.9482 11097242    0.22%
 130114 89936      521.3149   118      520.8227      521.9481 11110921    0.22%
 130272 90069      520.8383   105      520.8227      521.9480 11124037    0.22%
 130419 90192      521.1691   158      520.8227      521.9479 11136424    0.22%
 130561 90310      521.5150   178      520.8227      521.9478 11150192    0.22%
 130671 90400      521.0865    99      520.8227      521.9477 11160458    0.22%
 130843 90540      520.8569   122      520.8227      521.9476 11174175    0.22%
Elapsed time = 3268.46 sec. (3284321.53 ticks, tree = 1529.75 MB, solutions = 8)
 130971 90639      521.3791   119      520.8227      521.9474 11186335    0.22%
 131146 90783      521.1919   135      520.8227      521.9472 11199746    0.22%
 131271 90896      520.8881   121      520.8227      521.9470 11211447    0.22%
 131382 90979      521.2628   122      520.8227      521.9470 11223050    0.22%
 131529 91101      521.3442   131      520.8227      521.9470 11236479    0.22%
 131621 91177      520.8690   111      520.8227      521.9469 11245719    0.22%
 131725 91264      521.1063   137      520.8227      521.9468 11254719    0.22%
 131820 91336      521.2825   162      520.8227      521.9465 11264226    0.22%
 131944 91436      521.4691   153      520.8227      521.9463 11276505    0.22%
 132062 91522      521.2441   110      520.8227      521.9462 11288683    0.22%
Elapsed time = 3307.66 sec. (3323880.99 ticks, tree = 1547.91 MB, solutions = 8)
 132164 91610      521.3838   116      520.8227      521.9461 11299130    0.22%
 132271 91702      521.2393   127      520.8227      521.9460 11308018    0.22%
 132371 91787      521.4521   135      520.8227      521.9460 11318682    0.22%
 132528 91918      520.8897    72      520.8227      521.9459 11331124    0.22%
 132618 91988      521.5405   141      520.8227      521.9457 11340895    0.22%
 132760 92106      521.7307   165      520.8227      521.9456 11351949    0.22%
 132873 92195      520.8805   177      520.8227      521.9455 11362377    0.22%
 132996 92299      520.9556   123      520.8227      521.9454 11372067    0.22%
 133092 92371      521.4740   142      520.8227      521.9452 11380701    0.22%
 133196 92461      520.9628   118      520.8227      521.9451 11391325    0.22%
Elapsed time = 3346.43 sec. (3363360.80 ticks, tree = 1561.43 MB, solutions = 8)
 133301 92544      521.7943   174      520.8227      521.9450 11402690    0.22%
 133415 92642      521.3733   135      520.8227      521.9449 11414035    0.22%
 133544 92747      521.4023   144      520.8227      521.9447 11426604    0.22%
 133610 92799      521.2768    99      520.8227      521.9447 11435431    0.22%
 133751 92921      521.1886   103      520.8227      521.9444 11444827    0.22%
 133871 93025      521.2242   134      520.8227      521.9442 11455884    0.22%
 133981 93110      521.3528   168      520.8227      521.9440 11466041    0.22%
 134095 93206      521.4420   136      520.8227      521.9439 11477856    0.22%
 134228 93310      521.1616   115      520.8227      521.9438 11490596    0.22%
 134317 93378      521.6320   160      520.8227      521.9437 11499697    0.22%
Elapsed time = 3384.55 sec. (3402473.38 ticks, tree = 1578.41 MB, solutions = 8)
 134418 93461      521.5215   140      520.8227      521.9436 11509287    0.22%
 134550 93568      521.2786   172      520.8227      521.9436 11519877    0.22%
 134651 93642      521.8420   150      520.8227      521.9435 11530421    0.22%
 134795 93768      521.5046   155      520.8227      521.9434 11540392    0.22%
 134916 93870      521.3967   151      520.8227      521.9433 11552190    0.22%
 135011 93948      521.3473   127      520.8227      521.9432 11563604    0.22%
 135133 94056        cutoff            520.8227      521.9431 11574917    0.22%
 135240 94139      521.3645   121      520.8227      521.9430 11584355    0.22%
 135357 94235      520.8353   122      520.8227      521.9429 11594355    0.22%
 135469 94325      520.9387   117      520.8227      521.9428 11606118    0.22%
Elapsed time = 3422.18 sec. (3440939.69 ticks, tree = 1593.19 MB, solutions = 8)
 135571 94407      521.7095   149      520.8227      521.9425 11616707    0.21%
 135704 94516      521.1834   123      520.8227      521.9424 11627864    0.21%
 135838 94630      521.5015   145      520.8227      521.9422 11640174    0.21%
 135941 94718      521.1390   120      520.8227      521.9422 11652617    0.21%
 136043 94803      521.8189   136      520.8227      521.9421 11660295    0.21%
 136165 94903      521.8019   159      520.8227      521.9420 11670889    0.21%
 136271 95001      520.9136   109      520.8227      521.9420 11679894    0.21%
 136371 95085      520.8245   127      520.8227      521.9419 11691203    0.21%
 136471 95169      521.4433   168      520.8227      521.9417 11701996    0.21%
 136590 95274      521.1143   134      520.8227      521.9417 11712853    0.21%
Elapsed time = 3460.66 sec. (3480346.96 ticks, tree = 1610.84 MB, solutions = 8)
 136691 95358      521.5616   132      520.8227      521.9414 11724804    0.21%
 136831 95477      521.1454   140      520.8227      521.9413 11735630    0.21%
 136967 95593      521.4611   148      520.8227      521.9411 11745684    0.21%
 137079 95689      520.8802   114      520.8227      521.9409 11756206    0.21%
 137181 95765      521.3950   112      520.8227      521.9408 11767541    0.21%
 137345 95901      521.2427   116      520.8227      521.9406 11779099    0.21%
 137458 95994      521.8094   154      520.8227      521.9404 11788964    0.21%
 137571 96095      520.8855    96      520.8227      521.9402 11799527    0.21%
 137710 96202      521.8271   177      520.8227      521.9401 11812411    0.21%
 137833 96312      521.1228   134      520.8227      521.9400 11824321    0.21%
Elapsed time = 3499.01 sec. (3519242.87 ticks, tree = 1632.43 MB, solutions = 8)
 137958 96414      521.4738   179      520.8227      521.9399 11835022    0.21%
 138063 96502      521.4821   150      520.8227      521.9398 11845453    0.21%
 138130 96557      521.2851   160      520.8227      521.9397 11853818    0.21%
 138251 96655      520.8895    88      520.8227      521.9397 11865694    0.21%
 138326 96718      521.1528   155      520.8227      521.9395 11875707    0.21%
 138403 96785      521.0600   142      520.8227      521.9395 11882664    0.21%
 138495 96860      521.4166   124      520.8227      521.9393 11893421    0.21%
 138625 96974      521.5177   116      520.8227      521.9392 11903272    0.21%
 138725 97057      521.8361   167      520.8227      521.9391 11912622    0.21%
 138871 97184      521.5451   142      520.8227      521.9390 11925697    0.21%
Elapsed time = 3536.70 sec. (3558277.87 ticks, tree = 1645.81 MB, solutions = 8)
 138971 97267      521.5487   137      520.8227      521.9390 11935115    0.21%
 139093 97370      521.7424   154      520.8227      521.9388 11945744    0.21%
 139204 97462      521.0885   155      520.8227      521.9387 11956993    0.21%
 139337 97565      521.5755   159      520.8227      521.9385 11969662    0.21%
 139444 97648      520.8972    95      520.8227      521.9385 11979503    0.21%
 139535 97721      521.3527   126      520.8227      521.9384 11989380    0.21%
 139653 97822      521.1078   140      520.8227      521.9382 11998463    0.21%
 139771 97914      521.5649   133      520.8227      521.9381 12010249    0.21%
 139905 98028      521.2998   108      520.8227      521.9380 12021128    0.21%
 140380 98419      521.3125   145      520.8227      521.9378 12067319    0.21%
Elapsed time = 3586.25 sec. (3609040.48 ticks, tree = 1668.66 MB, solutions = 8)

Flow cuts applied:  65
Mixed integer rounding cuts applied:  150
Lift and project cuts applied:  4
Gomory fractional cuts applied:  8
User cuts applied:  1272

Root node processing (before b&c):
  Real time             =    2.13 sec. (1839.02 ticks)
Sequential b&c:
  Real time             = 3597.87 sec. (3621617.39 ticks)
                          ------------
Total (root+branch&cut) = 3600.00 sec. (3623456.41 ticks)
|V|                                     600
K                                       60
theta                                   0.01
r                                       2
R                                       20
prob_func                               facility_mixture
mixture_low_share                       0.100000
mixture_low_interval                    [0.001000, 0.010000]
mixture_high_interval                   [0.100000, 0.500000]
mixture_seed                            1
#C1                                     924
#CP                                     34376

@Parameters: 
am_callback_heuristic                   false
am_local_search                         true
am_start_heuristic                      false
colocation                              true
comp                                    false
cutC                                    true
cutC_init                               false
cutF                                    false
cutF_init                               false
cutF_stable                             false
cutF_wrong                              false
cutLocal                                false
cutM                                    true
cutM_init                               true
cutM_stable                             false
cutP                                    true
cutP_init                               false
cutP_stable                             false
init                                    true
init_cutF_zero                          false
init_val_greedy                         true
is_Euclidean                            false
is_local_search                         false
is_right_cutP                           true
is_root                                 false
is_silent                               false
is_start                                false
mycut                                   false
pmed                                    false
pre                                     true
stable_root                             false
str                                     true
two_phase                               false
ubstr                                   false
mode                                    Int

am_callback_node_space                  50
init                                    0
mixture_seed                            1
node_space                              5
nodelimit                               -1
nsepa                                   1
strF                                    0
type_delta                              0

EPS                                     0.001000
EPS_FRAC                                0.00
gap                                     0.00
mixture_high_max                        0.50
mixture_high_min                        0.10
mixture_low_max                         0.01
mixture_low_min                         0.00
mixture_low_share                       0.10
timelimit                               3600.00

Number of Closed Sites: 5 / 300 
Number of Confined Sites-1: 6 / 354 
Number of Confined Sites-k: 589 / 3765 
Preprocess Time: 1.11 + 0.00 sec

Solve Time: 3600.00
Number of Nodes: 140786
Termination Status: TIME_LIMIT

CutInfo: [phase] num / time (sec) / aver. num_nonzero
max              [LP]     0 / 0.00 / 0.00 [init]   502 / 0.01 / 2.12 [rLC]   292 / 0.01 / 7.41 [rUC]   581 / 0.07 / 5.20 [sLC]    74 / 0.16 / 5.42 [sUC]   714 / 1.42 / 4.88 
prod_oa          [LP]     0 / 0.00 / 0.00 [init]   378 / 0.01 / 33.09 [rLC]   528 / 0.04 / 42.52 [rUC]   550 / 0.19 / 37.11 [sLC]  1168 / 0.35 / 38.00 [sUC]  1021 / 3.62 / 36.13 
prod_sm_fixed    [LP]     0 / 0.00 / 0.00 [init]     0 / 0.00 / 0.00 [rLC]     0 / 0.00 / 0.00 [rUC]     0 / 0.00 / 0.00 [sLC]     0 / 0.00 / 0.00 [sUC]     0 / 0.00 / 0.00 
prod_bin         [LP]     0 / 0.00 / 0.00 [init]     0 / 0.00 / 0.00 [rLC]     0 / 0.00 / 0.00 [rUC]     0 / 0.00 / 0.00 [sLC]     0 / 0.00 / 0.00 [sUC]     0 / 0.00 / 0.00 
prod_local       [LP]     0 / 0.00 / 0.00 [init]     0 / 0.00 / 0.00 [rLC]     0 / 0.00 / 0.00 [rUC]     0 / 0.00 / 0.00 [sLC]     0 / 0.00 / 0.00 [sUC]     0 / 0.00 / 0.00 
prod_sm_C        [LP]     0 / 0.00 / 0.00 [init]     0 / 0.00 / 0.00 [rLC]     0 / 0.00 / 0.00 [rUC]     0 / 0.00 / 0.00 [sLC]     0 / 0.00 / 0.00 [sUC]     0 / 0.00 / 0.00 
facet            [LP]     0 / 0.00 / 0.00 [init]     0 / 0.00 / 0.00 [rLC]     0 / 0.00 / 0.00 [rUC]     0 / 0.00 / 0.00 [sLC]     0 / 0.00 / 0.00 [sUC]     0 / 0.00 / 0.00 
Separation Round:   [LP] 0  [init] 1  [rLC] 3  [rUC] 17  [sLC] 33  [sUC] 263827  
Root Best Bound 523.669400
Root Best Integer: 520.359014
Best Bound: 521.937342
Best Integer: 520.822742
1: 46, 55, 57, 65, 68, 85, 112, 136, 157, 161, 165, 186, 191, 222, 235, 241, 254, 271, 293, 300, 301, 302, 314, 337, 358, 391, 397, 401, 414, 423, 450, 465, 466, 470, 489, 490, 500, 503, 513, 532, 534, 555, 570, 578, 579
2: 22, 60, 272, 349, 361, 448
3: 105
Objective Value (calc): 520.773606
sum_etaM = 328.665201 / 328.665201
sum_etaP = 522.763727 / 522.714095
nL: 52
nCL: 7
mCL: 3
