Version identifier: 20.1.0.0 | 2020-11-10 | 9bedb6d68
CPXPARAM_Threads                                 1
CPXPARAM_TimeLimit                               3600
CPXPARAM_MIP_Tolerances_MIPGap                   0
Generic callback                                 0x60
1 of 1 MIP starts provided solutions.
MIP start 'm1' defined initial solution with objective 588.4514.
Tried aggregator 2 times.
MIP Presolve eliminated 17 rows and 8 columns.
MIP Presolve modified 266 coefficients.
Aggregator did 9 substitutions.
Reduced MIP has 1898 rows, 2383 columns, and 10425 nonzeros.
Reduced MIP has 596 binaries, 587 generals, 0 SOSs, and 0 indicators.
Presolve time = 0.01 sec. (4.34 ticks)
Probing time = 0.00 sec. (0.59 ticks)
Tried aggregator 1 time.
Reduced MIP has 1898 rows, 2383 columns, and 10425 nonzeros.
Reduced MIP has 596 binaries, 587 generals, 0 SOSs, and 0 indicators.
Presolve time = 0.00 sec. (2.56 ticks)
Probing time = 0.00 sec. (0.59 ticks)
MIP emphasis: balance optimality and feasibility.
MIP search method: dynamic search.
Parallel mode: none, using 1 thread.
Root relaxation solution time = 0.04 sec. (42.12 ticks)

        Nodes                                         Cuts/
   Node  Left     Objective  IInf  Best Integer    Best Bound    ItCnt     Gap

*     0+    0                          588.4514      600.0000             1.96%
      0     0      598.6586   482      588.4514      598.6586     1448    1.73%
      0     0      596.2224   699      588.4514     Cuts: 442     1993    1.32%
      0     0      595.7400   719      588.4514     Cuts: 412     2528    1.24%
      0     0      595.5534   757      588.4514     Cuts: 309     2900    1.21%
      0     0      595.4008   727      588.4514     Cuts: 245     3260    1.18%
      0     0      595.3112   753      588.4514     Cuts: 225     3618    1.17%
      0     0      595.2062   728      588.4514     Cuts: 198     3919    1.15%
      0     0      595.1589   733      588.4514     Cuts: 167     4163    1.14%
      0     0      595.0937   740      588.4514     Cuts: 157     4464    1.13%
      0     0      595.0531   725      588.4514     Cuts: 157     4722    1.12%
      0     0      594.9924   713      588.4514     Cuts: 127     4965    1.11%
      0     0      594.9675   708      588.4514     Cuts: 158     5119    1.11%
      0     0      594.9049   726      588.4514     Cuts: 136     5360    1.10%
      0     0      594.8997   762      588.4514 UserPurge2: 42     5438    1.10%
      0     0      594.8980   767      588.4514 UserPurge2: 14     5472    1.10%
      0     0      594.8974   765      588.4514 UserPurge2: 8     5492    1.10%
      0     0      594.8973   770      588.4514 UserPurge2: 10     5520    1.10%
      0     0      594.8972   778      588.4514 UserPurge2: 5     5530    1.10%
      0     0      594.8972   778      588.4514 UserPurge2: 1     5533    1.10%
      0     2      594.8972   778      588.4514      594.8972     5533    1.10%
Elapsed time = 4.77 sec. (4958.87 ticks, tree = 0.01 MB, solutions = 1)
      5     7      594.6936   738      588.4514      594.8972     6877    1.10%
      9    11      594.5972   719      588.4514      594.8972     7884    1.10%
     10    12      594.5457   770      588.4514      594.8972     8273    1.10%
     12    14      594.5166   764      588.4514      594.8972     9386    1.10%
     14    16      594.4327   701      588.4514      594.8972    10527    1.10%
     15    17      594.2866   739      588.4514      594.8972    11340    1.10%
     17    19      594.2359   738      588.4514      594.8972    12014    1.10%
     20    22      594.1417   710      588.4514      594.8972    12854    1.10%
     23    25      594.0302   663      588.4514      594.8972    13872    1.10%
     30    32      593.6666   652      588.4514      594.8972    16359    1.10%
Elapsed time = 9.15 sec. (9687.87 ticks, tree = 0.11 MB, solutions = 1)
     40    42      593.4673   648      588.4514      594.8972    18944    1.10%
     50    52      593.1626   629      588.4514      594.8972    21258    1.10%
     65    67      592.9098   592      588.4514      594.8972    24043    1.10%
     80    82      592.2351   515      588.4514      594.8972    27121    1.10%
    100   102      591.7651   487      588.4514      594.8972    29914    1.10%
    128   130      590.9429   493      588.4514      594.8972    34038    1.10%
    180   182      590.0355   412      588.4514      594.8972    37132    1.10%
    239   235      594.7508   818      588.4514      594.8966    39646    1.10%
    244   240      594.6289   812      588.4514      594.8966    41688    1.10%
    250   246      594.5313   801      588.4514      594.8966    44005    1.10%
Elapsed time = 21.81 sec. (20594.60 ticks, tree = 0.52 MB, solutions = 1)
    257   253      594.4426   799      588.4514      594.8966    46508    1.10%
    260   256      594.2767   806      588.4514      594.8966    48227    1.10%
    266   262      594.1963   792      588.4514      594.8966    50346    1.10%
    273   269      594.0540   797      588.4514      594.8966    52689    1.10%
    280   276      593.8182   791      588.4514      594.8966    55103    1.10%
    288   284      593.6718   756      588.4514      594.8966    57431    1.10%
    297   293      593.3727   734      588.4514      594.8966    59836    1.10%
    308   304      593.0596   679      588.4514      594.8966    62363    1.10%
    319   315      592.6615   671      588.4514      594.8966    64907    1.10%
    320   316      592.6278   666      588.4514      594.8966    65310    1.10%
Elapsed time = 33.10 sec. (32741.77 ticks, tree = 0.71 MB, solutions = 1)
    335   331      592.0635   599      588.4514      594.8966    68383    1.10%
    349   345      591.2633   556      588.4514      594.8966    71329    1.10%
    364   360      590.8866   532      588.4514      594.8966    73807    1.10%
    404   400      589.8644   450      588.4514      594.8966    76759    1.10%
    454   442      594.7562   831      588.4514      594.8646    79605    1.09%
    460   448      594.4826   807      588.4514      594.8201    81991    1.08%
    469   457      594.1831   785      588.4514      594.8201    84364    1.08%
    475   463      593.8796   745      588.4514      594.8201    86463    1.08%
    482   470      593.5470   717      588.4514      594.8201    88212    1.08%

Performing restart 1

Repeating presolve.
Tried aggregator 1 time.
MIP Presolve modified 177 coefficients.
Reduced MIP has 1898 rows, 2383 columns, and 10425 nonzeros.
Reduced MIP has 596 binaries, 587 generals, 0 SOSs, and 0 indicators.
Presolve time = 0.00 sec. (2.66 ticks)
Tried aggregator 1 time.
Reduced MIP has 1898 rows, 2383 columns, and 10425 nonzeros.
Reduced MIP has 596 binaries, 587 generals, 0 SOSs, and 0 indicators.
Presolve time = 0.00 sec. (2.63 ticks)
Represolve time = 0.03 sec. (21.19 ticks)
    485     0      593.4320   521      588.4514     Cuts: 301    92645    0.85%
    485     0      593.3287   515      588.4514     Cuts: 245    93056    0.83%
    485     0      593.2462   551      588.4514     Cuts: 262    93374    0.81%
    485     0      593.1555   554      588.4514     Cuts: 265    93731    0.80%
    485     0      593.0471   583      588.4514     Cuts: 206    94036    0.78%
    485     0      592.9946   569      588.4514     Cuts: 177    94274    0.77%
    485     0      592.9354   580      588.4514     Cuts: 217    94520    0.76%
    485     0      592.8624   586      588.4514     Cuts: 201    94827    0.75%
    485     0      592.8244   555      588.4514     Cuts: 169    95118    0.74%
    485     0      592.8007   541      588.4514     Cuts: 130    95296    0.74%
    485     0      592.7714   559      588.4514     Cuts: 158    95566    0.73%
    485     0      592.7199   561      588.4514     Cuts: 171    95821    0.73%
    485     0      592.6944   553      588.4514     Cuts: 187    96066    0.72%
    485     0      592.6708   588      588.4514      Cuts: 96    96282    0.72%
    485     0      592.6457   577      588.4514     Cuts: 139    96527    0.71%
    485     0      592.6215   584      588.4514     Cuts: 134    96807    0.71%
    485     0      592.5676   579      588.4514     Cuts: 132    97057    0.70%
    485     0      592.5476   596      588.4514     Cuts: 150    97244    0.70%
    485     2      592.5476   598      588.4514      592.5464    97244    0.70%
Elapsed time = 53.47 sec. (52249.87 ticks, tree = 0.01 MB, solutions = 1)
    486     3      592.4878   577      588.4514      592.5461    97649    0.70%
    487     4      592.4569   559      588.4514      592.4878    98065    0.69%
    488     5      592.4397   539      588.4514      592.4878    98297    0.69%
    489     6      592.4340   541      588.4514      592.4878    98356    0.69%
    490     7      592.2593   693      588.4514      592.4878    99936    0.69%
    491     8      592.3266   634      588.4514      592.4878   100717    0.69%
    492     9      592.2969   634      588.4514      592.4878   100804    0.69%
    493    10      591.9566   629      588.4514      592.4878   101861    0.69%
    494    11      592.2697   626      588.4514      592.4878   102684    0.69%
    495    12      592.2257   613      588.4514      592.4878   103429    0.69%
Elapsed time = 81.88 sec. (84659.89 ticks, tree = 0.07 MB, solutions = 1)
    497    14      592.1560   599      588.4514      592.4878   105198    0.69%
    498    15      592.1355   628      588.4514      592.4878   105591    0.69%
    500    17      592.0516   636      588.4514      592.4878   107316    0.69%
    503    20      592.0347   626      588.4514      592.4878   108113    0.69%
    504    21      591.8966   683      588.4514      592.4878   108773    0.69%
    505    22      591.9747   631      588.4514      592.4878   109096    0.69%
    509    26      591.9980   612      588.4514      592.4878   110550    0.69%
    515    32      591.5893   597      588.4514      592.4878   112423    0.69%
    522    39      591.8494   583      588.4514      592.4878   114994    0.69%
    525    42      591.8325   610      588.4514      592.4878   116111    0.69%
Elapsed time = 93.51 sec. (97693.96 ticks, tree = 0.11 MB, solutions = 1)
    535    52      591.7565   589      588.4514      592.4878   117862    0.69%
    546    63      591.6565   556      588.4514      592.4878   118808    0.69%
    551    68      590.8865   563      588.4514      592.4878   120184    0.69%
    557    74      590.8365   533      588.4514      592.4878   121065    0.69%
    569    86      590.7891   530      588.4514      592.4878   122247    0.69%
    585   102      590.6519   499      588.4514      592.4878   123938    0.69%
    600   117      590.5268   494      588.4514      592.4878   125871    0.69%
    627   144      589.8181   469      588.4514      592.4878   128162    0.69%
    658   175      589.4190   441      588.4514      592.4878   130631    0.69%
    685   202      589.0783   386      588.4514      592.4878   133166    0.69%
Elapsed time = 104.14 sec. (107975.16 ticks, tree = 4.80 MB, solutions = 1)
    713   218      592.4311   687      588.4514      592.4567   136063    0.68%
    721   226      591.5311   636      588.4514      592.4567   138087    0.68%
    725   230      591.1533   676      588.4514      592.4567   139705    0.68%
    731   236      590.9439   663      588.4514      592.4567   142393    0.68%
    742   247      590.8387   629      588.4514      592.4567   144382    0.68%
    750   255      590.0006   639      588.4514      592.4567   146860    0.68%
    761   266      590.5119   637      588.4514      592.4567   149029    0.68%
    770   275      590.1821   633      588.4514      592.4567   150959    0.68%
    776   281      589.8188   658      588.4514      592.4567   153147    0.68%
    791   296      589.7249   609      588.4514      592.4567   155062    0.68%
Elapsed time = 114.63 sec. (118958.32 ticks, tree = 7.65 MB, solutions = 1)
    801   306      589.5962   607      588.4514      592.4567   157160    0.68%
    809   314      589.5418   582      588.4514      592.4567   158526    0.68%
    824   329      589.2760   548      588.4514      592.4567   160407    0.68%
    840   345      589.1517   505      588.4514      592.4567   161908    0.68%
    865   370      589.1223   485      588.4514      592.4567   164216    0.68%
    886   391      588.7491   485      588.4514      592.4567   166648    0.68%
    928   405      592.0025   706      588.4514      592.4322   169750    0.68%
    931   408      591.6593   708      588.4514      592.4310   172010    0.68%
    943   420      591.4516   651      588.4514      592.4310   173988    0.68%
    950   427      591.0684   657      588.4514      592.4310   176818    0.68%
Elapsed time = 125.67 sec. (129776.64 ticks, tree = 12.29 MB, solutions = 1)
    963   440      590.7029   602      588.4514      592.4310   178992    0.68%
    972   449      589.7415   578      588.4514      592.4310   180308    0.68%
    975   451      589.1049   656      588.4514      592.4310   181306    0.68%
    989   464      588.4834   618      588.4514      592.4310   182322    0.68%
    997   467      592.0404   738      588.4514      592.4017   183602    0.67%
   1004   474      591.6422   722      588.4514      592.4017   186002    0.67%
   1009   479      591.7061   714      588.4514      592.4017   188159    0.67%
   1016   486      591.6171   676      588.4514      592.4017   189617    0.67%
   1023   493      591.5181   663      588.4514      592.4017   191905    0.67%
   1066   536      590.8097   597      588.4514      592.4017   199659    0.67%
Elapsed time = 138.80 sec. (143291.67 ticks, tree = 16.17 MB, solutions = 1)
   1124   594      589.1714   540      588.4514      592.4017   206861    0.67%
   1204   645      591.0323   704      588.4514      592.4014   214930    0.67%
   1239   680      590.6133   633      588.4514      592.4014   221401    0.67%
   1285   726      589.6042   580      588.4514      592.4014   228208    0.67%
   1374   813      588.7735   459      588.4514      592.4014   236808    0.67%
   1411   837      591.6113   706      588.4514      592.3845   242688    0.67%
   1445   871      590.9837   651      588.4514      592.3845   250060    0.67%
   1478   904      590.1472   628      588.4514      592.3845   257340    0.67%
   1524   950      589.2514   551      588.4514      592.3845   264376    0.67%
   1589  1008      592.0527   645      588.4514      592.3842   271106    0.67%
Elapsed time = 177.88 sec. (181892.15 ticks, tree = 33.26 MB, solutions = 1)
   1620  1039      590.5166   662      588.4514      592.3842   276449    0.67%
   1663  1076      592.1560   718      588.4514      592.3762   283413    0.67%
   1685  1098      591.8726   656      588.4514      592.3762   290180    0.67%
   1725  1138      591.1820   578      588.4514      592.3762   297373    0.67%
   1782  1195      590.5630   507      588.4514      592.3762   304334    0.67%
   1907  1307      592.3642   698      588.4514      592.3642   313318    0.66%
   1951  1351      590.6509   622      588.4514      592.3642   320913    0.66%
   2008  1400      592.1428   617      588.4514      592.3630   328355    0.66%
   2040  1432      591.9493   588      588.4514      592.3630   335824    0.66%
   2095  1487      591.2526   516      588.4514      592.3630   344102    0.66%
Elapsed time = 218.24 sec. (221536.43 ticks, tree = 50.97 MB, solutions = 1)
   2241  1633      589.5729   305      588.4514      592.3630   355111    0.66%
   2368  1747      590.9047   622      588.4514      592.3588   364211    0.66%
   2420  1785      591.3490   698      588.4514      592.3472   371503    0.66%
   2461  1826      590.5224   648      588.4514      592.3472   379046    0.66%
   2504  1869      589.4392   609      588.4514      592.3472   387435    0.66%
   2578  1924      591.9522   695      588.4514      592.3471   395854    0.66%
   2630  1976      589.6713   610      588.4514      592.3471   403403    0.66%
   2672  2008      591.5151   655      588.4514      592.3300   411042    0.66%
   2716  2052      590.9810   590      588.4514      592.3300   418626    0.66%
   2771  2107      589.1540   584      588.4514      592.3300   427380    0.66%
Elapsed time = 258.85 sec. (260065.80 ticks, tree = 74.37 MB, solutions = 1)
   2810  2128      591.6666   678      588.4514      592.3298   433878    0.66%
   2835  2153      591.3976   611      588.4514      592.3298   440746    0.66%
   2864  2182      591.0832   570      588.4514      592.3298   447259    0.66%
   2908  2226      590.0355   525      588.4514      592.3298   454211    0.66%
   3031  2338      592.0645   701      588.4514      592.3286   463136    0.66%
   3057  2364      591.8980   651      588.4514      592.3286   469288    0.66%
   3077  2384      591.3899   626      588.4514      592.3286   477163    0.66%
   3107  2414      590.6351   634      588.4514      592.3286   485482    0.66%
   3142  2449      589.8249   567      588.4514      592.3286   493679    0.66%
   3193  2500      589.3743   492      588.4514      592.3286   502151    0.66%
Elapsed time = 299.50 sec. (299379.32 ticks, tree = 83.62 MB, solutions = 1)
   3247  2554      588.7351   416      588.4514      592.3286   511408    0.66%
   3293  2580      591.1984   647      588.4514      592.3245   516410    0.66%
   3328  2611      591.5196   666      588.4514      592.3163   523430    0.66%
   3366  2649      590.9904   620      588.4514      592.3163   530986    0.66%
   3390  2673      590.7739   589      588.4514      592.3163   538323    0.66%
   3461  2744      589.7132   473      588.4514      592.3163   547167    0.66%
   3585  2860      591.2247   620      588.4514      592.3123   555837    0.66%
   3644  2905      591.4557   654      588.4514      592.3068   563657    0.66%
   3685  2946      590.5467   600      588.4514      592.3068   570690    0.66%
   3756  3013      591.7951   609      588.4514      592.3067   579495    0.66%
Elapsed time = 340.09 sec. (338178.64 ticks, tree = 98.29 MB, solutions = 1)
   3821  3065      591.9021   640      588.4514      592.3064   587223    0.66%
   3862  3106      591.0244   573      588.4514      592.3064   595439    0.66%
   3916  3160      589.9614   551      588.4514      592.3064   604517    0.66%
   4007  3251      588.9816   420      588.4514      592.3064   613576    0.66%
   4085  3314      590.0495   634      588.4514      592.3058   621628    0.66%
   4128  3351      591.2068   610      588.4514      592.3018   628336    0.65%
   4179  3402      590.8811   561      588.4514      592.3018   636741    0.65%
   4229  3452      589.3777   506      588.4514      592.3018   645810    0.65%
   4295  3518      588.6305   425      588.4514      592.3018   655262    0.65%
   4336  3548      591.8426   634      588.4514      592.2969   662677    0.65%
Elapsed time = 381.15 sec. (377857.23 ticks, tree = 112.26 MB, solutions = 1)
   4380  3592      591.3593   579      588.4514      592.2969   670740    0.65%
   4455  3667      589.9389   516      588.4514      592.2969   679806    0.65%
   4520  3727      591.0953   717      588.4514      592.2959   687020    0.65%
   4564  3771      591.1058   639      588.4514      592.2959   694364    0.65%
   4600  3807      589.9955   638      588.4514      592.2959   702537    0.65%
   4658  3865      588.8364   557      588.4514      592.2959   710931    0.65%
   4726  3920      591.3530   615      588.4514      592.2889   717139    0.65%
   4768  3957      591.7674   657      588.4514      592.2866   724648    0.65%
   4804  3993      590.9241   592      588.4514      592.2866   733127    0.65%
   4862  4051      589.2643   558      588.4514      592.2866   741493    0.65%
Elapsed time = 421.60 sec. (416917.10 ticks, tree = 130.84 MB, solutions = 1)
   4940  4126      588.6079   455      588.4514      592.2866   750678    0.65%
   5005  4173      590.3546   601      588.4514      592.2693   757786    0.65%
   5055  4216      591.6785   636      588.4514      592.2653   765083    0.65%
   5083  4244      591.0040   601      588.4514      592.2653   772005    0.65%
   5173  4334      589.2466   473      588.4514      592.2653   781060    0.65%
   5284  4432      591.7483   547      588.4514      592.2650   789446    0.65%
   5347  4486      591.2112   645      588.4514      592.2636   797124    0.65%
   5398  4537      589.9474   582      588.4514      592.2636   805652    0.65%
   5491  4599      591.5352   642      588.4514      592.2636   813391    0.65%
   5574  4662      591.7653   643      588.4514      592.2613   821624    0.65%
Elapsed time = 462.55 sec. (455573.54 ticks, tree = 153.02 MB, solutions = 1)
   5617  4705      590.9200   575      588.4514      592.2613   829633    0.65%
   5676  4764      589.7550   522      588.4514      592.2613   838741    0.65%
   5763  4842      588.5538   430      588.4514      592.2613   847730    0.65%
   5818  4886      590.5320   569      588.4514      592.2608   855795    0.65%
   5871  4939      589.6418   530      588.4514      592.2608   864725    0.65%
   5953  5013      592.0746   644      588.4514      592.2593   874025    0.65%
   5994  5054      591.7430   599      588.4514      592.2593   881955    0.65%
   6056  5116      590.5939   474      588.4514      592.2593   890268    0.65%
   6148  5208      589.1617   412      588.4514      592.2593   899189    0.65%
   6242  5289      591.2374   599      588.4514      592.2593   907779    0.65%
Elapsed time = 503.48 sec. (494153.63 ticks, tree = 176.66 MB, solutions = 1)
   6352  5399      589.8001   240      588.4514      592.2593   917196    0.65%
   6510  5552      591.6494   635      588.4514      592.2587   925376    0.65%
   6547  5589      590.8196   608      588.4514      592.2587   933293    0.65%
   6618  5660      589.1088   561      588.4514      592.2587   941914    0.65%
   6701  5729      590.8856   598      588.4514      592.2578   949859    0.65%
   6757  5778      591.2318   624      588.4514      592.2566   958101    0.65%
   6815  5836      590.1546   584      588.4514      592.2566   966214    0.65%
   6887  5892      591.3700   636      588.4514      592.2443   973050    0.64%
   6936  5935      592.1288   648      588.4514      592.2443   980716    0.64%
   6980  5979      591.8640   576      588.4514      592.2443   988238    0.64%
Elapsed time = 544.38 sec. (532642.35 ticks, tree = 202.68 MB, solutions = 1)
   7048  6047      590.4696   547      588.4514      592.2443   996943    0.64%
   7137  6128      591.5917   601      588.4514      592.2419  1005677    0.64%
   7195  6180      591.1999   597      588.4514      592.2380  1013822    0.64%
   7239  6224      590.4940   588      588.4514      592.2380  1022206    0.64%
   7303  6288      589.5676   517      588.4514      592.2380  1030396    0.64%
   7376  6354      591.4643   614      588.4514      592.2328  1038822    0.64%
   7418  6396      590.6385   567      588.4514      592.2328  1047149    0.64%
   7502  6480      589.1884   504      588.4514      592.2328  1056450    0.64%
   7578  6541      591.5212   638      588.4514      592.2328  1063871    0.64%
   7635  6598      590.8069   579      588.4514      592.2328  1072265    0.64%
Elapsed time = 584.95 sec. (571128.74 ticks, tree = 226.12 MB, solutions = 1)
   7703  6666      589.4810   504      588.4514      592.2328  1080731    0.64%
   7798  6747      591.3834   596      588.4514      592.2324  1088681    0.64%
   7861  6793      591.1968   660      588.4514      592.2299  1096778    0.64%
   7906  6838      590.5681   594      588.4514      592.2299  1104715    0.64%
   7976  6908      589.9135   513      588.4514      592.2299  1113599    0.64%
   8073  7001      591.9280   658      588.4514      592.2292  1123563    0.64%
   8136  7054      588.5269   600      588.4514      592.2292  1130788    0.64%
   8190  7099      591.1373   583      588.4514      592.2257  1138718    0.64%
   8277  7186      588.9868   529      588.4514      592.2257  1147449    0.64%
   8362  7258      590.7519   633      588.4514      592.2257  1154795    0.64%
Elapsed time = 626.15 sec. (609680.15 ticks, tree = 249.67 MB, solutions = 1)
   8417  7299      591.9621   625      588.4514      592.2252  1162433    0.64%
   8465  7347      590.9849   572      588.4514      592.2252  1170850    0.64%
   8559  7441      589.3291   472      588.4514      592.2252  1178960    0.64%
   8654  7531      588.7530   655      588.4514      592.2222  1187836    0.64%
   8715  7564      591.6095   606      588.4514      592.2215  1194508    0.64%
   8779  7628      590.7918   515      588.4514      592.2215  1203355    0.64%
   8884  7716      592.0498   621      588.4514      592.2157  1213450    0.64%
   8933  7765      591.6867   517      588.4514      592.2157  1221226    0.64%
   9029  7861      589.5661   424      588.4514      592.2157  1231461    0.64%
   9105  7931      591.2422   649      588.4514      592.2150  1239416    0.64%
Elapsed time = 667.54 sec. (648541.65 ticks, tree = 274.01 MB, solutions = 1)
   9145  7971      590.6440   543      588.4514      592.2150  1247902    0.64%
   9227  8053      589.9045   430      588.4514      592.2150  1257413    0.64%
   9359  8169      592.2127   701      588.4514      592.2145  1266055    0.64%
   9413  8223      589.4613   618      588.4514      592.2145  1274233    0.64%
   9457  8257      590.4354   678      588.4514      592.2123  1281331    0.64%
   9505  8305      589.1485   625      588.4514      592.2123  1289184    0.64%
   9571  8360      590.2623   649      588.4514      592.2122  1296692    0.64%
   9645  8413      591.1250   628      588.4514      592.2121  1304257    0.64%
   9688  8456      590.1753   595      588.4514      592.2121  1311096    0.64%
   9771  8539      589.0026   502      588.4514      592.2121  1320114    0.64%
Elapsed time = 708.14 sec. (687346.17 ticks, tree = 297.16 MB, solutions = 1)
   9845  8596      591.0816   563      588.4514      592.2119  1327395    0.64%
   9914  8648      591.1186   653      588.4514      592.2101  1335668    0.64%
   9978  8712      589.7022   551      588.4514      592.2101  1344183    0.64%
  10078  8796      591.7359   618      588.4514      592.2096  1352076    0.64%
  10143  8837      591.1929   666      588.4514      592.2088  1359563    0.64%
  10185  8879      590.0845   629      588.4514      592.2088  1367113    0.64%
  10186  8880      592.0093   694      588.4514      592.2088  1367615    0.64%
  10187  8881      592.1846   643      588.4514      592.2079  1367853    0.64%
  10239  8933      590.1728   605      588.4514      592.2069  1375364    0.64%
  10292  8972      590.5392   675      588.4514      592.2061  1382740    0.64%
Elapsed time = 763.98 sec. (741410.80 ticks, tree = 313.23 MB, solutions = 1)
  10341  9021      589.8474   586      588.4514      592.2061  1390691    0.64%
  10438  9116      588.5626   475      588.4514      592.2061  1400186    0.64%
  10509  9180      589.3892   644      588.4514      592.2056  1407433    0.64%
  10553  9213      590.1404   695      588.4514      592.2054  1414643    0.64%
  10594  9254      589.3962   603      588.4514      592.2054  1422934    0.64%
  10676  9326      591.6224   675      588.4514      592.2051  1431928    0.64%
  10751  9386      591.4150   671      588.4514      592.2023  1439595    0.64%
  10800  9435      590.8603   611      588.4514      592.2023  1447677    0.64%
  10865  9500      589.9779   485      588.4514      592.2023  1456765    0.64%
  10975  9597      591.3646   636      588.4514      592.2018  1465749    0.64%
Elapsed time = 805.04 sec. (780186.50 ticks, tree = 336.55 MB, solutions = 1)
  11067  9652      591.9774   639      588.4514      592.2016  1473980    0.64%
  11109  9694      590.9933   634      588.4514      592.2016  1481641    0.64%
  11163  9748      589.9063   586      588.4514      592.2016  1490131    0.64%
  11247  9807      592.0690   655      588.4514      592.2015  1498302    0.64%
  11284  9844      591.2308   596      588.4514      592.2015  1506154    0.64%
  11364  9924      590.3448   441      588.4514      592.2015  1514393    0.64%
  11526 10079      591.6223   649      588.4514      592.1971  1523489    0.64%
  11571 10124      590.6485   622      588.4514      592.1971  1531554    0.64%
  11630 10183      589.4028   559      588.4514      592.1971  1540232    0.64%
  11741 10280      591.9226   648      588.4514      592.1955  1549250    0.64%
Elapsed time = 846.48 sec. (818710.53 ticks, tree = 362.06 MB, solutions = 1)
  11815 10334      591.1423   696      588.4514      592.1947  1557118    0.64%
  11861 10380      590.6422   618      588.4514      592.1947  1564934    0.64%
  11930 10449      589.2284   527      588.4514      592.1947  1573633    0.64%
  12000 10511      590.5611   608      588.4514      592.1882  1581912    0.64%
  12053 10558      591.1179   665      588.4514      592.1846  1589829    0.63%
  12092 10597      590.3306   598      588.4514      592.1846  1598902    0.63%
  12162 10667      589.0062   494      588.4514      592.1846  1607612    0.63%
  12240 10731      590.8118   570      588.4514      592.1845  1615991    0.63%
  12301 10781      591.4426   604      588.4514      592.1826  1624224    0.63%
  12372 10852      590.3077   543      588.4514      592.1826  1633164    0.63%
Elapsed time = 887.23 sec. (857486.66 ticks, tree = 383.16 MB, solutions = 1)
  12461 10927      591.2726   605      588.4514      592.1821  1641801    0.63%
  12516 10965      591.6189   689      588.4514      592.1786  1648993    0.63%
  12561 11010      590.7647   590      588.4514      592.1786  1657175    0.63%
  12631 11080      589.8284   523      588.4514      592.1786  1665898    0.63%
  12702 11137      591.6055   620      588.4514      592.1786  1674364    0.63%
  12756 11191      590.5780   562      588.4514      592.1786  1682772    0.63%
  12842 11269      591.9094   637      588.4514      592.1782  1691711    0.63%
  12886 11313      590.9987   561      588.4514      592.1782  1700483    0.63%
  12977 11404      588.8843   441      588.4514      592.1782  1710101    0.63%
  13056 11472      590.3687   584      588.4514      592.1770  1718253    0.63%
Elapsed time = 928.00 sec. (896226.89 ticks, tree = 406.42 MB, solutions = 1)
  13129 11512      590.3954   700      588.4514      592.1747  1725653    0.63%
  13168 11551      589.4628   635      588.4514      592.1747  1733422    0.63%
  13249 11623      591.3885   639      588.4514      592.1736  1742473    0.63%
  13327 11682      591.7433   656      588.4514      592.1717  1750063    0.63%
  13368 11723      590.9975   582      588.4514      592.1717  1758106    0.63%
  13433 11788      589.5402   528      588.4514      592.1717  1766673    0.63%
  13504 11850      590.6636   640      588.4514      592.1679  1774509    0.63%
  13566 11886      591.9234   622      588.4514      592.1679  1781857    0.63%
  13614 11934      591.1663   530      588.4514      592.1679  1790601    0.63%
  13695 12015      589.6071   415      588.4514      592.1679  1799798    0.63%
Elapsed time = 968.28 sec. (934783.85 ticks, tree = 426.85 MB, solutions = 1)
  13792 12107      590.8513   608      588.4514      592.1673  1808549    0.63%
  13855 12161      591.6482   632      588.4514      592.1672  1816889    0.63%
  13922 12228      590.5795   551      588.4514      592.1672  1825140    0.63%
  14031 12337      589.2628   349      588.4514      592.1672  1835375    0.63%
  14156 12443      591.8693   617      588.4514      592.1670  1843837    0.63%
  14208 12495      591.2678   467      588.4514      592.1670  1852570    0.63%
  14289 12576      589.6892   422      588.4514      592.1670  1862756    0.63%
  14361 12630      591.4530   636      588.4514      592.1642  1869980    0.63%
  14417 12686      590.1025   549      588.4514      592.1642  1878301    0.63%
  14523 12776      591.2345   585      588.4514      592.1609  1887622    0.63%
Elapsed time = 1010.12 sec. (973319.94 ticks, tree = 455.58 MB, solutions = 1)
  14585 12828      591.3815   616      588.4514      592.1598  1896102    0.63%
  14636 12879      590.7293   530      588.4514      592.1598  1904677    0.63%
  14718 12961      589.7337   398      588.4514      592.1598  1914099    0.63%
  14798 13024      590.4072   570      588.4514      592.1597  1921818    0.63%
  14856 13065      591.3440   674      588.4514      592.1584  1929180    0.63%
  14896 13105      590.6670   594      588.4514      592.1584  1935925    0.63%
  14998 13204      588.6250   481      588.4514      592.1584  1944934    0.63%
  15095 13265      591.7428   679      588.4514      592.1574  1952515    0.63%
  15137 13307      591.6200   583      588.4514      592.1574  1960271    0.63%
  15213 13383      590.2605   535      588.4514      592.1574  1969320    0.63%
Elapsed time = 1050.67 sec. (1011737.84 ticks, tree = 478.35 MB, solutions = 1)
  15316 13472      591.5455   610      588.4514      592.1573  1978300    0.63%
  15375 13520      591.2752   640      588.4514      592.1570  1985640    0.63%
  15420 13565      590.4127   578      588.4514      592.1570  1993850    0.63%
  15496 13641      589.0447   503      588.4514      592.1570  2003314    0.63%
  15554 13691      591.0221   598      588.4514      592.1563  2012226    0.63%
  15610 13747      589.6358   570      588.4514      592.1563  2020228    0.63%
  15706 13821      591.8737   629      588.4514      592.1559  2029853    0.63%
  15754 13869      591.4026   555      588.4514      592.1559  2038209    0.63%
  15812 13927      589.8595   500      588.4514      592.1559  2046616    0.63%
  15900 14008      592.0177   653      588.4514      592.1558  2056094    0.63%
Elapsed time = 1091.73 sec. (1050424.56 ticks, tree = 501.61 MB, solutions = 1)
  15985 14074      591.8579   635      588.4514      592.1551  2064717    0.63%
  16033 14122      591.2819   585      588.4514      592.1551  2072810    0.63%
  16100 14189      590.2240   490      588.4514      592.1551  2080369    0.63%
  16199 14282      591.4558   633      588.4514      592.1538  2090387    0.63%
  16246 14317      591.9252   634      588.4514      592.1536  2098222    0.63%
  16295 14366      591.3464   553      588.4514      592.1536  2106095    0.63%
  16370 14441      589.2166   495      588.4514      592.1536  2115518    0.63%
  16429 14485      590.1434   608      588.4514      592.1536  2123181    0.63%
  16479 14527      591.7287   611      588.4514      592.1534  2130677    0.63%
  16526 14574      590.9565   544      588.4514      592.1534  2138313    0.63%
Elapsed time = 1132.15 sec. (1088912.49 ticks, tree = 522.91 MB, solutions = 1)
  16603 14651      589.0558   497      588.4514      592.1534  2147899    0.63%
  16674 14710      591.2355   587      588.4514      592.1532  2156962    0.63%
  16885 14921      588.7729    41      588.4514      592.1532  2166396    0.63%
  16974 15005      591.3077   597      588.4514      592.1528  2174235    0.63%
  17034 15065      590.6042   531      588.4514      592.1528  2182927    0.63%
  17139 15170      588.8452   397      588.4514      592.1528  2192831    0.63%
  17202 15224      591.3666   599      588.4514      592.1520  2201090    0.63%
  17247 15269      590.5642   571      588.4514      592.1520  2209556    0.63%
  17332 15354      588.6982   456      588.4514      592.1520  2219454    0.63%
  17396 15410      590.6895   602      588.4514      592.1518  2227863    0.63%
Elapsed time = 1174.40 sec. (1127630.72 ticks, tree = 554.48 MB, solutions = 1)
  17469 15483      589.6118   520      588.4514      592.1518  2236978    0.63%
  17556 15561      591.2326   625      588.4514      592.1509  2246163    0.63%
  17627 15615      591.8310   595      588.4514      592.1504  2254546    0.63%
  17687 15675      590.8871   515      588.4514      592.1504  2262691    0.63%
  17787 15767      591.9567   622      588.4514      592.1503  2272528    0.63%
  17836 15803      591.5240   686      588.4514      592.1503  2279730    0.63%
  17875 15842      591.2796   614      588.4514      592.1503  2287543    0.63%
  17925 15892      590.2288   501      588.4514      592.1503  2295733    0.63%
  18031 15991      591.7718   613      588.4514      592.1499  2305368    0.63%
  18089 16037      591.5032   643      588.4514      592.1498  2313184    0.63%
Elapsed time = 1215.36 sec. (1166271.85 ticks, tree = 577.83 MB, solutions = 1)
  18134 16082      590.2626   612      588.4514      592.1498  2321287    0.63%
  18202 16150      588.5496   568      588.4514      592.1498  2330191    0.63%
  18263 16198      589.9016   575      588.4514      592.1495  2337933    0.63%
  18322 16242      591.1308   590      588.4514      592.1494  2346202    0.63%
  18369 16289      590.5704   543      588.4514      592.1494  2354772    0.63%
  18456 16373      588.5276   414      588.4514      592.1494  2364985    0.63%
  18490 16399      591.3457   653      588.4514      592.1494  2371622    0.63%
  18537 16446      590.4558   591      588.4514      592.1494  2379515    0.63%
  18620 16520      588.5087   495      588.4514      592.1494  2389049    0.63%
  18668 16552      591.6045   597      588.4514      592.1490  2396380    0.63%
Elapsed time = 1254.86 sec. (1204860.69 ticks, tree = 597.77 MB, solutions = 1)
  18739 16623      590.3783   494      588.4514      592.1490  2405532    0.63%
  18840 16724      588.9954   371      588.4514      592.1490  2415600    0.63%
  18911 16786      591.4653   595      588.4514      592.1489  2421010    0.63%
  18973 16840      591.7985   612      588.4514      592.1481  2429451    0.63%
  19032 16899      590.7664   558      588.4514      592.1481  2438449    0.63%
  19134 16995      591.4850   628      588.4514      592.1480  2447789    0.63%
  19200 17029      591.0460   665      588.4514      592.1478  2455241    0.63%
  19246 17075      590.3214   580      588.4514      592.1478  2463369    0.63%
  19320 17149      589.3396   512      588.4514      592.1478  2471998    0.63%
  19405 17215      591.4038   583      588.4514      592.1478  2479509    0.63%
Elapsed time = 1295.96 sec. (1243355.61 ticks, tree = 622.80 MB, solutions = 1)
  19474 17268      590.8539   611      588.4514      592.1475  2487734    0.63%
  19521 17315      590.1806   553      588.4514      592.1475  2496497    0.63%
  19611 17403      588.5469   433      588.4514      592.1475  2506435    0.63%
  19687 17458      591.9841   665      588.4514      592.1453  2514676    0.63%
  19725 17496      591.3931   605      588.4514      592.1453  2522656    0.63%
  19788 17559      590.5293   522      588.4514      592.1453  2531291    0.63%
  19885 17643      591.9195   661      588.4514      592.1453  2541701    0.63%

Performing restart 2

Repeating presolve.
Tried aggregator 1 time.
MIP Presolve modified 75 coefficients.
Reduced MIP has 1898 rows, 2383 columns, and 10425 nonzeros.
Reduced MIP has 596 binaries, 587 generals, 0 SOSs, and 0 indicators.
Presolve time = 0.00 sec. (2.65 ticks)
Tried aggregator 1 time.
Reduced MIP has 1898 rows, 2383 columns, and 10425 nonzeros.
Reduced MIP has 596 binaries, 587 generals, 0 SOSs, and 0 indicators.
Presolve time = 0.00 sec. (2.63 ticks)
Represolve time = 0.15 sec. (42.11 ticks)
  19889     0      592.2825   585      588.4514     Cuts: 154  2547976    0.63%
  19889     0      592.2590   548      588.4514     Cuts: 107  2548202    0.63%
  19889     0      592.2150   560      588.4514     Cuts: 114  2548423    0.63%
  19889     0      592.2021   563      588.4514     Cuts: 120  2548583    0.63%
  19889     0      592.1880   554      588.4514      Cuts: 77  2548741    0.63%
  19889     0      592.1772   552      588.4514      Cuts: 90  2548886    0.63%
  19889     0      592.1697   558      588.4514      Cuts: 65  2549025    0.63%
  19889     0      592.1634   574      588.4514      Cuts: 62  2549150    0.63%
  19889     0      592.1568   570      588.4514      Cuts: 52  2549277    0.63%
  19889     0      592.1491   568      588.4514      Cuts: 63  2549412    0.63%
  19889     0      592.1244   568      588.4514     Cuts: 134  2549611    0.62%
  19889     0      592.1083   575      588.4514     Cuts: 106  2549813    0.62%
  19889     0      592.0939   593      588.4514     Cuts: 114  2550014    0.62%
  19889     0      592.0771   567      588.4514      Cuts: 99  2550214    0.62%
  19889     0      592.0673   582      588.4514     Cuts: 129  2550383    0.61%
  19889     0      592.0606   598      588.4514     Cuts: 112  2550548    0.61%
  19889     0      592.0507   579      588.4514      Cuts: 75  2550749    0.61%
  19889     0      592.0435   593      588.4514     Cuts: 100  2550923    0.61%
  19889     0      592.0395   588      588.4514      Cuts: 63  2551039    0.61%
  19889     0      592.0351   574      588.4514      Cuts: 44  2551168    0.61%
  19889     2      592.0351   578      588.4514      592.0344  2551168    0.61%
  19890     3      592.0333   570      588.4514      592.0333  2551229    0.61%
  19891     4      592.0208   537      588.4514      592.0333  2551502    0.61%
Elapsed time = 1345.97 sec. (1292287.44 ticks, tree = 0.01 MB, solutions = 1)
  19893     6      592.0204   541      588.4514      592.0208  2551924    0.61%
  19896     9      591.9960   526      588.4514      592.0208  2552276    0.61%
  19917    30      591.7669   428      588.4514      592.0208  2554994    0.61%
  19967    80      591.2770   314      588.4514      592.0208  2560730    0.61%
  20206   315      591.7039   537      588.4514      592.0203  2567824    0.61%
  20234   343      591.4638   510      588.4514      592.0203  2574856    0.61%
  20271   380      591.2609   401      588.4514      592.0203  2581524    0.61%
  20361   470      589.9597   236      588.4514      592.0203  2590984    0.61%
  20531   619      591.8490   514      588.4514      591.9979  2601213    0.60%
  20593   681      591.5760   407      588.4514      591.9979  2613912    0.60%
Elapsed time = 1385.53 sec. (1333166.55 ticks, tree = 1.50 MB, solutions = 1)
  20689   777      589.0800   261      588.4514      591.9979  2623020    0.60%
  20751   839      591.4354   435      588.4514      591.9951  2636216    0.60%
  20856   944      590.0648   270      588.4514      591.9951  2646574    0.60%
  20939  1027      591.3258   423      588.4514      591.9949  2658833    0.60%
  21059  1147      589.7856   210      588.4514      591.9949  2670584    0.60%
  21158  1246      590.0616   364      588.4514      591.9927  2681829    0.60%
  21233  1313      591.2195   431      588.4514      591.9872  2693834    0.60%
  21385  1465      589.1504   167      588.4514      591.9872  2706426    0.60%
  21537  1599      588.5218   315      588.4514      591.9823  2717358    0.60%
  21595  1651      591.0739   377      588.4514      591.9787  2729280    0.60%
Elapsed time = 1422.95 sec. (1371620.69 ticks, tree = 3.53 MB, solutions = 1)
  21780  1826      591.8406   513      588.4514      591.9775  2741819    0.60%
  21889  1917      591.4966   525      588.4514      591.9766  2752796    0.60%
  21952  1980      590.7826   388      588.4514      591.9766  2766589    0.60%
  22095  2123      589.1336   171      588.4514      591.9766  2780336    0.60%
  22229  2250      589.6863   346      588.4514      591.9763  2793520    0.60%
  22305  2317      591.1506   425      588.4514      591.9744  2807212    0.60%
  22414  2426      589.6315   234      588.4514      591.9744  2821054    0.60%
  22538  2520      591.6108   475      588.4514      591.9657  2834180    0.60%
  22633  2615      590.3521   323      588.4514      591.9657  2848281    0.60%
  22876  2830      591.1192   490      588.4514      591.9653  2861598    0.60%
Elapsed time = 1462.16 sec. (1410201.63 ticks, tree = 6.03 MB, solutions = 1)
  22952  2906      589.5716   358      588.4514      591.9653  2874400    0.60%
  23089  3035      590.8660   349      588.4514      591.9590  2885781    0.60%
  23174  3112      590.6578   453      588.4514      591.9542  2899839    0.60%
  23289  3227      589.0248   254      588.4514      591.9542  2912173    0.60%
  23413  3341      588.9073   319      588.4514      591.9508  2922629    0.59%
  23479  3400      590.9726   377      588.4514      591.9421  2934329    0.59%
  23586  3507      589.2447   219      588.4514      591.9421  2945033    0.59%
  23714  3616      589.6572   334      588.4514      591.9412  2955965    0.59%
  23785  3679      591.3489   445      588.4514      591.9316  2967217    0.59%
  23879  3773      590.2667   224      588.4514      591.9316  2979504    0.59%
Elapsed time = 1499.72 sec. (1448791.18 ticks, tree = 7.93 MB, solutions = 1)
  24139  3994      591.4463   412      588.4514      591.9302  2990075    0.59%
  24233  4076      591.7109   452      588.4514      591.9278  3001253    0.59%
  24312  4155      590.5161   324      588.4514      591.9278  3012864    0.59%
  24611  4445      591.5505   517      588.4514      591.9274  3023066    0.59%
  24650  4484      591.0061   459      588.4514      591.9274  3031447    0.59%
  24720  4554      590.1532   314      588.4514      591.9274  3042680    0.59%
  24883  4712      588.5236   110      588.4514      591.9274  3055935    0.59%
  24927  4752      590.7727   498      588.4514      591.9208  3067032    0.59%
  24974  4799      590.0490   455      588.4514      591.9208  3077574    0.59%
  25053  4868      588.4667   294      588.4514      591.9208  3089900    0.59%
Elapsed time = 1538.40 sec. (1487221.36 ticks, tree = 10.47 MB, solutions = 1)
  25128  4935      589.6809   420      588.4514      591.9166  3098122    0.59%
  25199  4994      591.5196   428      588.4514      591.9162  3109789    0.59%
  25273  5068      590.5155   291      588.4514      591.9162  3121955    0.59%
  25442  5223      591.8551   508      588.4514      591.9161  3132744    0.59%
  25523  5297      588.4663   400      588.4514      591.9161  3142898    0.59%
  25569  5339      591.2017   506      588.4514      591.9153  3154216    0.59%
  25639  5409      590.0434   353      588.4514      591.9153  3165805    0.59%
  25772  5526      591.4347   448      588.4514      591.9050  3176865    0.59%
  25851  5595      591.6576   532      588.4514      591.9039  3187893    0.59%
  25918  5662      591.3012   385      588.4514      591.9039  3199495    0.59%
Elapsed time = 1575.26 sec. (1526002.46 ticks, tree = 12.18 MB, solutions = 1)
  26074  5818      588.9944   157      588.4514      591.9039  3212596    0.59%
  26204  5929      588.9805   389      588.4514      591.9033  3223931    0.59%
  26254  5970      591.1596   447      588.4514      591.9009  3235920    0.59%
  26329  6045      590.3917   290      588.4514      591.9009  3246803    0.59%
  26557  6259      591.4142   504      588.4514      591.8965  3260711    0.59%
  26603  6305      590.9746   421      588.4514      591.8965  3272554    0.59%
  26690  6392      589.4576   280      588.4514      591.8965  3283945    0.59%
  26779  6471      590.5919   461      588.4514      591.8964  3296267    0.59%
  26848  6540      589.3728   363      588.4514      591.8964  3308195    0.59%
  26947  6632      590.7551   421      588.4514      591.8940  3319489    0.59%
Elapsed time = 1612.77 sec. (1564362.12 ticks, tree = 14.32 MB, solutions = 1)
  27153  6834      591.6253   533      588.4514      591.8930  3331866    0.58%
  27218  6899      590.6951   398      588.4514      591.8930  3344908    0.58%
  27351  7015      591.8783   535      588.4514      591.8921  3356361    0.58%
  27441  7105      588.5463   367      588.4514      591.8921  3368205    0.58%
  27489  7147      591.3909   447      588.4514      591.8897  3378332    0.58%
  27586  7244      589.8325   292      588.4514      591.8897  3389858    0.58%
  27696  7341      589.4602   409      588.4514      591.8868  3400231    0.58%
  27756  7394      591.5604   458      588.4514      591.8860  3410595    0.58%
  27857  7495      589.5656   264      588.4514      591.8860  3421951    0.58%
  27953  7570      589.9910   421      588.4514      591.8854  3432292    0.58%
Elapsed time = 1650.15 sec. (1602945.33 ticks, tree = 16.30 MB, solutions = 1)
  28014  7626      591.2951   510      588.4514      591.8817  3442890    0.58%
  28077  7689      590.5922   380      588.4514      591.8817  3454457    0.58%
  28190  7795      591.6710   505      588.4514      591.8816  3465779    0.58%
  28243  7848      591.1287   413      588.4514      591.8816  3477356    0.58%
  28360  7965      589.7143   221      588.4514      591.8816  3488699    0.58%
  28566  8157      591.7655   496      588.4514      591.8805  3500786    0.58%
  28612  8203      591.1527   447      588.4514      591.8805  3512301    0.58%
  28691  8282      590.4875   272      588.4514      591.8805  3523762    0.58%
  28919  8483      591.5354   444      588.4514      591.8804  3536627    0.58%
  28994  8550      591.7885   496      588.4514      591.8789  3547387    0.58%
Elapsed time = 1687.76 sec. (1641485.82 ticks, tree = 18.80 MB, solutions = 1)
  29042  8598      591.3159   427      588.4514      591.8789  3558819    0.58%
  29118  8674      590.1750   295      588.4514      591.8789  3570906    0.58%
  29268  8820      591.2314   505      588.4514      591.8786  3584741    0.58%
  29367  8905      591.5977   497      588.4514      591.8781  3595319    0.58%
  29417  8955      591.3071   436      588.4514      591.8781  3606691    0.58%
  29515  9053      589.8368   265      588.4514      591.8781  3617553    0.58%
  29617  9149      590.0803   466      588.4514      591.8779  3629105    0.58%
  29689  9212      591.2094   480      588.4514      591.8770  3641273    0.58%
  29798  9321      590.1417   269      588.4514      591.8770  3652990    0.58%
  29953  9468      590.6622   452      588.4514      591.8766  3663583    0.58%
Elapsed time = 1724.74 sec. (1679918.22 ticks, tree = 20.75 MB, solutions = 1)
  30020  9527      591.5721   512      588.4514      591.8763  3675216    0.58%
  30081  9588      590.7375   355      588.4514      591.8763  3687233    0.58%
  30211  9705      590.7238   556      588.4514      591.8762  3700053    0.58%
  30259  9753      590.6932   459      588.4514      591.8762  3712187    0.58%
  30337  9831      589.7147   290      588.4514      591.8762  3724643    0.58%
  30478  9951      591.3639   473      588.4514      591.8748  3735943    0.58%
  30544 10017      590.6184   340      588.4514      591.8748  3748130    0.58%
  30746 10201      591.6829   500      588.4514      591.8747  3760862    0.58%
  30831 10283      591.7150   517      588.4514      591.8733  3771756    0.58%
  30898 10350      590.8244   332      588.4514      591.8733  3784001    0.58%
Elapsed time = 1762.15 sec. (1719006.10 ticks, tree = 22.68 MB, solutions = 1)
  31084 10528      588.4916    89      588.4514      591.8733  3797131    0.58%
  31168 10604      588.5978   426      588.4514      591.8721  3808821    0.58%
  31224 10650      591.2164   447      588.4514      591.8715  3819146    0.58%
  31311 10737      589.6654   320      588.4514      591.8715  3830641    0.58%
  31403 10820      590.9505   431      588.4514      591.8707  3842165    0.58%
  31475 10887      591.6740   421      588.4514      591.8702  3853201    0.58%
  31552 10964      590.6635   297      588.4514      591.8702  3865666    0.58%
  31692 11093      591.2143   474      588.4514      591.8699  3877924    0.58%
  31769 11166      591.3475   471      588.4514      591.8695  3889437    0.58%
  31844 11241      590.2828   295      588.4514      591.8695  3900981    0.58%
Elapsed time = 1799.08 sec. (1757418.17 ticks, tree = 24.62 MB, solutions = 1)
  31998 11389      591.3566   514      588.4514      591.8695  3913558    0.58%
  32045 11436      591.1307   422      588.4514      591.8695  3925463    0.58%
  32126 11517      590.4433   291      588.4514      591.8695  3937937    0.58%
  32344 11713      591.0158   488      588.4514      591.8693  3949822    0.58%
  32398 11767      590.5285   422      588.4514      591.8693  3962768    0.58%
  32487 11856      589.0704   292      588.4514      591.8693  3975271    0.58%
  32588 11941      590.2457   438      588.4514      591.8686  3986383    0.58%
  32649 11998      590.9900   449      588.4514      591.8684  3997921    0.58%
  32729 12078      589.9786   346      588.4514      591.8684  4009206    0.58%
  32877 12199      591.6367   474      588.4514      591.8670  4020605    0.58%
Elapsed time = 1836.93 sec. (1796073.97 ticks, tree = 26.65 MB, solutions = 1)
  32959 12272      590.9883   516      588.4514      591.8664  4031728    0.58%
  33006 12319      590.6718   446      588.4514      591.8664  4044041    0.58%
  33086 12399      589.3047   319      588.4514      591.8664  4056326    0.58%
  33201 12499      590.9797   502      588.4514      591.8663  4068218    0.58%
  33271 12556      591.5684   504      588.4514      591.8662  4078354    0.58%
  33328 12613      590.8613   401      588.4514      591.8662  4090657    0.58%
  33427 12712      589.2111   304      588.4514      591.8662  4102860    0.58%
  33518 12796      591.1451   409      588.4514      591.8658  4112509    0.58%
  33582 12854      591.5499   464      588.4514      591.8658  4123862    0.58%
  33653 12925      590.9017   342      588.4514      591.8658  4135810    0.58%
Elapsed time = 1872.83 sec. (1834619.41 ticks, tree = 28.16 MB, solutions = 1)
  33793 13061      591.6829   514      588.4514      591.8657  4147268    0.58%
  33847 13115      591.2787   404      588.4514      591.8657  4159089    0.58%
  33970 13238      589.3786   233      588.4514      591.8657  4171158    0.58%
  34082 13339      591.2432   495      588.4514      591.8656  4183992    0.58%
  34158 13415      590.4131   380      588.4514      591.8656  4195314    0.58%
  34309 13557      588.4858   148      588.4514      591.8656  4207295    0.58%
  34377 13617      589.3188   415      588.4514      591.8654  4218354    0.58%
  34439 13665      591.4213   461      588.4514      591.8650  4229294    0.58%
  34519 13745      590.5769   329      588.4514      591.8650  4241234    0.58%
  34658 13878      591.3615   499      588.4514      591.8648  4253471    0.58%
Elapsed time = 1910.19 sec. (1872990.85 ticks, tree = 30.22 MB, solutions = 1)
  34714 13928      591.8300   499      588.4514      591.8638  4263214    0.58%
  34759 13973      591.1657   410      588.4514      591.8638  4275393    0.58%
  34848 14062      590.0086   283      588.4514      591.8638  4287943    0.58%
  34963 14158      590.5727   424      588.4514      591.8625  4299474    0.58%
  35035 14218      591.5434   480      588.4514      591.8602  4310641    0.58%
  35091 14274      590.9071   385      588.4514      591.8602  4323023    0.58%
  35195 14378      589.7570   256      588.4514      591.8602  4336179    0.58%
  35342 14510      590.4324   446      588.4514      591.8601  4348901    0.58%
  35407 14568      591.0531   493      588.4514      591.8598  4359921    0.58%
  35467 14628      590.5700   406      588.4514      591.8598  4372258    0.58%
Elapsed time = 1946.39 sec. (1911604.75 ticks, tree = 31.78 MB, solutions = 1)
  35547 14708      589.3354   260      588.4514      591.8598  4384770    0.58%
  35649 14797      591.0420   499      588.4514      591.8591  4397506    0.58%
  35715 14863      589.9079   390      588.4514      591.8591  4409261    0.58%
  35800 14935      591.2941   457      588.4514      591.8578  4420373    0.58%
  35883 15018      590.5046   315      588.4514      591.8578  4431957    0.58%
  36077 15187      591.2201   469      588.4514      591.8576  4443166    0.58%
  36149 15249      591.5890   441      588.4514      591.8571  4453735    0.58%
  36216 15316      591.1209   322      588.4514      591.8571  4466193    0.58%
  36380 15460      591.7171   521      588.4514      591.8564  4477847    0.58%
  36453 15528      591.0104   478      588.4514      591.8563  4488685    0.58%
Elapsed time = 1983.81 sec. (1950007.67 ticks, tree = 33.74 MB, solutions = 1)
  36506 15581      590.1926   411      588.4514      591.8563  4500770    0.58%
  36592 15667      588.8083   297      588.4514      591.8563  4512984    0.58%
  36695 15737      589.8594   405      588.4514      591.8562  4523554    0.58%
  36760 15797      591.2287   398      588.4514      591.8561  4534850    0.58%
  36851 15888      589.5267   280      588.4514      591.8561  4547639    0.58%
  36962 15990      590.3445   441      588.4514      591.8558  4558194    0.58%
  37029 16054      591.3272   342      588.4514      591.8558  4569546    0.58%
  37145 16170      589.3781   195      588.4514      591.8558  4583158    0.58%
  37304 16310      591.5360   494      588.4514      591.8556  4594513    0.58%
  37363 16369      590.0417   403      588.4514      591.8556  4606306    0.58%
Elapsed time = 2020.75 sec. (1988467.43 ticks, tree = 35.60 MB, solutions = 1)
  37450 16452      591.4955   472      588.4514      591.8551  4616380    0.58%
  37509 16511      590.6500   326      588.4514      591.8551  4628362    0.58%
  37662 16652      591.7656   476      588.4514      591.8549  4641542    0.58%
  37737 16721      591.6315   511      588.4514      591.8542  4652517    0.58%
  37792 16776      590.6939   382      588.4514      591.8542  4663768    0.58%
  37904 16880      591.5702   564      588.4514      591.8541  4675048    0.58%
  37987 16952      591.3883   488      588.4514      591.8538  4686735    0.58%
  38035 17000      590.8850   476      588.4514      591.8538  4698376    0.58%
  38154 17119      589.0311   209      588.4514      591.8538  4709856    0.58%
  38263 17222      589.7777   452      588.4514      591.8538  4721346    0.58%
Elapsed time = 2058.30 sec. (2027858.67 ticks, tree = 38.14 MB, solutions = 1)
  38323 17278      591.2128   525      588.4514      591.8533  4730894    0.58%
  38395 17350      589.8937   352      588.4514      591.8533  4741999    0.58%
  38496 17428      590.9502   457      588.4514      591.8530  4753180    0.58%
  38564 17491      591.5922   501      588.4514      591.8518  4763907    0.58%
  38623 17550      590.3449   419      588.4514      591.8518  4775123    0.58%
  38729 17656      589.1660   250      588.4514      591.8518  4786862    0.58%
  38851 17758      590.7457   440      588.4514      591.8518  4798024    0.58%
  38954 17861      589.5796   262      588.4514      591.8518  4809657    0.58%
  39077 17980      591.4642   440      588.4514      591.8517  4821009    0.58%
  39139 18042      590.4659   338      588.4514      591.8517  4831475    0.58%
Elapsed time = 2094.96 sec. (2066415.31 ticks, tree = 39.93 MB, solutions = 1)
  39285 18171      591.3223   489      588.4514      591.8516  4843294    0.58%
  39354 18234      591.6997   478      588.4514      591.8515  4854126    0.58%
  39409 18289      590.6272   419      588.4514      591.8515  4865750    0.58%
  39495 18375      589.2522   312      588.4514      591.8515  4877602    0.58%
  39611 18464      590.8738   449      588.4514      591.8512  4889344    0.58%
  39676 18525      591.4747   474      588.4514      591.8512  4900908    0.58%
  39738 18587      590.7445   340      588.4514      591.8512  4913070    0.58%
  39902 18736        cutoff            588.4514      591.8512  4926421    0.58%
  39979 18799      588.9746   439      588.4514      591.8510  4937047    0.58%
  40039 18856      590.7649   447      588.4514      591.8510  4948049    0.58%
Elapsed time = 2131.75 sec. (2105005.57 ticks, tree = 41.75 MB, solutions = 1)
  40136 18953      589.0706   284      588.4514      591.8510  4960680    0.58%
  40234 19046      591.1766   478      588.4514      591.8507  4971351    0.58%
  40477 19282      591.6458   496      588.4514      591.8507  4982072    0.58%
  40543 19348      590.8836   423      588.4514      591.8507  4993003    0.58%
  40659 19464      589.5481   232      588.4514      591.8507  5005097    0.58%
  40779 19576      591.3647   467      588.4514      591.8503  5016928    0.58%
  40860 19657      590.1897   283      588.4514      591.8503  5028643    0.58%
  40990 19764      591.7062   482      588.4514      591.8502  5041699    0.58%
  41051 19825      590.8165   377      588.4514      591.8502  5053718    0.58%
  41179 19953      588.6168   221      588.4514      591.8502  5064777    0.58%
Elapsed time = 2169.64 sec. (2143490.94 ticks, tree = 44.17 MB, solutions = 1)
  41264 20021      589.3999   401      588.4514      591.8499  5075499    0.58%
  41321 20071      591.5433   424      588.4514      591.8495  5087076    0.58%
  41410 20160      589.6120   265      588.4514      591.8495  5099618    0.58%
  41532 20275      590.5394   468      588.4514      591.8493  5110946    0.58%
  41605 20340      591.3194   483      588.4514      591.8493  5120624    0.58%
  41697 20432      589.7923   292      588.4514      591.8493  5131598    0.58%
  41824 20544      590.9378   457      588.4514      591.8491  5142622    0.58%
  41889 20605      591.2049   494      588.4514      591.8491  5153869    0.58%
  41945 20661      589.9589   396      588.4514      591.8491  5165740    0.58%
  42041 20744      591.4705   485      588.4514      591.8489  5177372    0.58%
Elapsed time = 2206.18 sec. (2182030.97 ticks, tree = 45.83 MB, solutions = 1)
  42122 20818      591.7482   481      588.4514      591.8489  5188114    0.58%
  42175 20871      590.7419   412      588.4514      591.8489  5200121    0.58%
  42270 20966      589.3450   217      588.4514      591.8489  5213687    0.58%
  42363 21046      591.4578   451      588.4514      591.8487  5225553    0.58%
  42425 21108      590.6902   353      588.4514      591.8487  5237176    0.58%
  42568 21230      591.6370   490      588.4514      591.8486  5249154    0.58%
  42637 21299      590.7683   343      588.4514      591.8486  5260895    0.58%
  42781 21440      588.5303   187      588.4514      591.8486  5272495    0.58%
  42857 21503      591.7344   486      588.4514      591.8485  5283856    0.58%
  42917 21563      591.1727   383      588.4514      591.8485  5295591    0.58%
Elapsed time = 2242.36 sec. (2220555.49 ticks, tree = 47.54 MB, solutions = 1)
  43054 21700      588.5112   216      588.4514      591.8485  5308392    0.58%
  43145 21777      591.6816   497      588.4514      591.8479  5319710    0.58%
  43213 21845      590.9988   366      588.4514      591.8479  5331200    0.58%
  43365 21994      588.5247   174      588.4514      591.8479  5343118    0.58%
  43454 22068      591.1318   515      588.4514      591.8475  5354579    0.58%
  43491 22105      591.0517   450      588.4514      591.8475  5364749    0.58%
  43576 22190      590.4599   285      588.4514      591.8475  5376788    0.58%
  43773 22370      591.4531   497      588.4514      591.8475  5389290    0.58%
  43851 22442      591.5100   496      588.4514      591.8468  5399804    0.58%
  43910 22501      590.5433   387      588.4514      591.8468  5410824    0.58%
Elapsed time = 2279.75 sec. (2259188.28 ticks, tree = 49.58 MB, solutions = 1)
  43997 22584      591.6028   426      588.4514      591.8465  5422880    0.58%
  44080 22667      590.2490   316      588.4514      591.8465  5435377    0.58%
  44227 22805      591.4652   492      588.4514      591.8461  5448799    0.58%
  44279 22857      590.8345   390      588.4514      591.8461  5460658    0.58%
  44387 22960      588.5353   258      588.4514      591.8461  5472184    0.58%
  44477 23035      588.8400   441      588.4514      591.8437  5482303    0.58%
  44533 23087      590.9424   451      588.4514      591.8427  5493146    0.58%
  44620 23174      589.7579   291      588.4514      591.8427  5505215    0.58%
  44743 23282      590.9929   490      588.4514      591.8426  5516679    0.58%
  44814 23340      591.6945   478      588.4514      591.8415  5527483    0.58%
Elapsed time = 2316.65 sec. (2297798.91 ticks, tree = 51.48 MB, solutions = 1)
  44861 23387      591.1285   426      588.4514      591.8415  5539062    0.58%
  44945 23471      589.9010   301      588.4514      591.8415  5551814    0.58%
  45090 23598      591.4182   470      588.4514      591.8406  5561858    0.58%
  45164 23665      591.4395   499      588.4514      591.8404  5573244    0.58%
  45208 23709      590.7035   454      588.4514      591.8404  5585116    0.58%
  45296 23797      589.1139   270      588.4514      591.8404  5597494    0.58%
  45408 23899      590.6813   472      588.4514      591.8403  5610084    0.58%
  45484 23965      591.6143   495      588.4514      591.8402  5620608    0.58%
  45560 24041      590.2719   337      588.4514      591.8402  5631738    0.58%
  45680 24154      591.3744   546      588.4514      591.8401  5643577    0.58%
Elapsed time = 2353.19 sec. (2336322.46 ticks, tree = 53.26 MB, solutions = 1)
  45725 24199      590.6520   467      588.4514      591.8401  5656560    0.58%
  45802 24276      589.6561   337      588.4514      591.8401  5668687    0.58%
  45917 24383      591.4173   517      588.4514      591.8393  5681140    0.58%
  45972 24438      590.8776   366      588.4514      591.8393  5692890    0.58%
  46101 24567      589.2151   160      588.4514      591.8393  5706490    0.58%
  46208 24664      588.4943   344      588.4514      591.8391  5717701    0.58%
  46264 24715      590.7937   482      588.4514      591.8388  5729064    0.58%
  46351 24802      589.6104   329      588.4514      591.8388  5739467    0.58%
  46462 24898      590.4245   446      588.4514      591.8380  5749835    0.58%
  46526 24955      590.9015   515      588.4514      591.8379  5760334    0.58%
Elapsed time = 2389.37 sec. (2374702.73 ticks, tree = 55.05 MB, solutions = 1)
  46590 25019      590.2769   331      588.4514      591.8379  5772501    0.58%
  46741 25150      591.5769   469      588.4514      591.8378  5783093    0.58%
  46944 25353      588.9244    24      588.4514      591.8378  5794880    0.58%
* 47008 25203      integral     0      588.4713      591.8378  5795433    0.57%
  47074 25261      591.6363   507      588.4713      591.8376  5805855    0.57%
  47158 25339      591.2828   482      588.4713      591.8373  5816871    0.57%
  47229 25404      591.3740   493      588.4713      591.8372  5827239    0.57%
  47294 25469      590.5733   359      588.4713      591.8372  5839526    0.57%
  47436 25601      591.6748   528      588.4713      591.8370  5852393    0.57%
  47514 25674      591.5093   508      588.4713      591.8352  5863164    0.57%
  47583 25731      591.4324   494      588.4713      591.8340  5873636    0.57%
Elapsed time = 2428.71 sec. (2413316.26 ticks, tree = 56.74 MB, solutions = 2)
  47661 25802      590.8651   479      588.4713      591.8332  5884153    0.57%
  47735 25869      590.4102   530      588.4713      591.8327  5895755    0.57%
  47802 25936      589.4229   428      588.4713      591.8327  5908592    0.57%
  47919 26038      591.7153   546      588.4713      591.8326  5919649    0.57%
  47996 26111      591.5648   426      588.4713      591.8326  5930623    0.57%
  48084 26193      591.0411   462      588.4713      591.8324  5942446    0.57%
  48159 26264      590.9356   491      588.4713      591.8323  5954007    0.57%
  48219 26318      591.6149   479      588.4713      591.8320  5965157    0.57%
  48290 26389      590.6093   341      588.4713      591.8320  5976549    0.57%
  48419 26501      591.1562   505      588.4713      591.8318  5988697    0.57%
Elapsed time = 2465.87 sec. (2452618.17 ticks, tree = 58.39 MB, solutions = 2)
  48491 26562      591.6297   492      588.4713      591.8317  5999507    0.57%
  48568 26632      591.5564   489      588.4713      591.8315  6009481    0.57%
  48635 26693      591.1433   433      588.4713      591.8313  6020162    0.57%
  48698 26743      591.5083   486      588.4713      591.8313  6029639    0.57%
  48765 26810      590.8719   346      588.4713      591.8313  6041743    0.57%
  48948 26983      591.6489   529      588.4713      591.8312  6054462    0.57%
  49016 27047      591.6910   502      588.4713      591.8310  6065125    0.57%
  49084 27105      591.5976   487      588.4713      591.8307  6075646    0.57%
  49153 27170      591.3565   481      588.4713      591.8304  6085549    0.57%
  49231 27237      590.9697   475      588.4713      591.8304  6096984    0.57%
Elapsed time = 2502.51 sec. (2491364.79 ticks, tree = 60.01 MB, solutions = 2)
  49286 27292      590.1823   400      588.4713      591.8304  6108629    0.57%
  49398 27394        cutoff            588.4713      591.8304  6120690    0.57%
  49479 27463      591.8230   481      588.4713      591.8300  6130840    0.57%
  49542 27517      591.3101   532      588.4713      591.8297  6141859    0.57%
  49621 27585      590.8663   467      588.4713      591.8295  6152191    0.57%
  49689 27647      591.0565   495      588.4713      591.8292  6162793    0.57%
  49761 27719      590.1519   365      588.4713      591.8292  6173396    0.57%
  49878 27825      591.4304   485      588.4713      591.8292  6184850    0.57%
  49944 27887      591.2665   493      588.4713      591.8291  6194249    0.57%
  50029 27952      591.5543   476      588.4713      591.8289  6204186    0.57%
Elapsed time = 2538.69 sec. (2529829.27 ticks, tree = 61.55 MB, solutions = 2)
  50111 28018      591.4995   480      588.4713      591.8288  6214405    0.57%
  50194 28095      591.6109   474      588.4713      591.8286  6224064    0.57%
  50261 28162      590.4535   314      588.4713      591.8286  6235996    0.57%
  50392 28293      588.6235   201      588.4713      591.8286  6248296    0.57%
  50496 28379      588.7400   386      588.4713      591.8284  6259057    0.57%
  50567 28447      588.8334   428      588.4713      591.8283  6269686    0.57%
  50650 28512      588.8453   410      588.4713      591.8282  6280127    0.57%
  50758 28613      590.5263   213      588.4713      591.8279  6290689    0.57%
  50996 28846      591.3725   398      588.4713      591.8275  6303026    0.57%
  51078 28928      589.6053   307      588.4713      591.8275  6315715    0.57%
Elapsed time = 2576.39 sec. (2568261.64 ticks, tree = 63.79 MB, solutions = 2)
  51184 29022      590.7006   438      588.4713      591.8274  6327528    0.57%
  51251 29086      590.8274   467      588.4713      591.8268  6338547    0.57%
  51326 29153      590.4836   442      588.4713      591.8267  6349447    0.57%
  51411 29229      590.4651   428      588.4713      591.8266  6359599    0.57%
  51478 29284      591.2444   501      588.4713      591.8265  6371865    0.57%
  51542 29348      590.5909   403      588.4713      591.8265  6383634    0.57%
  51658 29464      589.5464   193      588.4713      591.8265  6397200    0.57%
  51774 29558      589.5835   431      588.4713      591.8264  6407836    0.57%
  51862 29631      590.5159   470      588.4713      591.8263  6418043    0.57%
  51937 29701      590.6987   449      588.4713      591.8257  6428143    0.57%
Elapsed time = 2612.49 sec. (2606816.79 ticks, tree = 65.57 MB, solutions = 2)
  52016 29776      590.5305   441      588.4713      591.8252  6438854    0.57%
  52082 29837      591.3925   451      588.4713      591.8250  6450217    0.57%
  52157 29912      590.5132   313      588.4713      591.8250  6462424    0.57%
  52349 30090      591.7906   508      588.4713      591.8248  6474919    0.57%
  52421 30157      591.7625   484      588.4713      591.8247  6486663    0.57%
  52502 30230      591.5857   476      588.4713      591.8246  6497306    0.57%
  52578 30300      591.6648   449      588.4713      591.8239  6508288    0.57%
  52648 30364      591.4855   518      588.4713      591.8236  6520562    0.57%
  52698 30414      590.8943   431      588.4713      591.8236  6531921    0.57%
  52803 30519      589.0442   259      588.4713      591.8236  6543937    0.57%
Elapsed time = 2648.68 sec. (2645447.77 ticks, tree = 67.37 MB, solutions = 2)
  52902 30610      590.4688   426      588.4713      591.8233  6555446    0.57%
  52980 30677      589.6870   428      588.4713      591.8231  6566402    0.57%
  53077 30770      590.6442   233      588.4713      591.8230  6576721    0.57%
  53354 31043      589.3306   442      588.4713      591.8229  6587675    0.57%
  53419 31097      590.6806   490      588.4713      591.8227  6597967    0.57%
  53505 31183      589.1551   325      588.4713      591.8227  6609970    0.57%
  53620 31279      589.7710   442      588.4713      591.8227  6620067    0.57%
  53695 31341      591.6101   475      588.4713      591.8218  6631010    0.57%
  53766 31398      591.6489   528      588.4713      591.8218  6640867    0.57%
  53836 31459      591.3670   507      588.4713      591.8216  6651531    0.57%
Elapsed time = 2685.63 sec. (2683840.14 ticks, tree = 69.47 MB, solutions = 2)
  53892 31515      590.9237   352      588.4713      591.8216  6663315    0.57%
  54034 31653      588.5819   185      588.4713      591.8216  6675212    0.57%
  54122 31716      591.7414   489      588.4713      591.8212  6685602    0.57%
  54201 31791      591.4124   454      588.4713      591.8211  6696012    0.57%
  54274 31858      591.1656   457      588.4713      591.8211  6707193    0.57%
  54339 31919      591.6042   447      588.4713      591.8210  6718192    0.57%
  54423 32003      590.4801   314      588.4713      591.8210  6730595    0.57%
  54559 32116      591.2439   479      588.4713      591.8210  6742641    0.57%
  54629 32182      591.3011   483      588.4713      591.8207  6753540    0.57%
  54700 32247      591.2835   439      588.4713      591.8202  6763037    0.57%
Elapsed time = 2721.86 sec. (2722468.82 ticks, tree = 71.21 MB, solutions = 2)
  54774 32312      591.2545   469      588.4713      591.8197  6772743    0.57%
  54849 32381      591.4641   414      588.4713      591.8196  6783871    0.57%
  54924 32456      589.9487   285      588.4713      591.8196  6797467    0.57%
  55068 32583      591.2355   451      588.4713      591.8195  6809621    0.57%
  55141 32653      590.4936   477      588.4713      591.8194  6819950    0.57%
  55313 32814      591.5893   563      588.4713      591.8193  6831414    0.57%
  55386 32881        cutoff            588.4713      591.8193  6842226    0.57%
  55468 32944      591.6945   518      588.4713      591.8191  6852940    0.57%
  55527 33003      590.3562   408      588.4713      591.8191  6862870    0.57%
  55627 33103      589.1711   263      588.4713      591.8191  6874953    0.57%
Elapsed time = 2758.51 sec. (2760989.60 ticks, tree = 74.54 MB, solutions = 2)
  55739 33194      589.6451   438      588.4713      591.8188  6886345    0.57%
  55821 33266      589.4282   429      588.4713      591.8188  6896930    0.57%
  55886 33323      589.4034   445      588.4713      591.8187  6907851    0.57%
  55956 33386      589.8674   440      588.4713      591.8186  6917881    0.57%
  56015 33438      590.8147   467      588.4713      591.8181  6929237    0.57%
  56098 33521      588.8839   368      588.4713      591.8181  6939864    0.57%
  56179 33592      589.5012   431      588.4713      591.8177  6949104    0.57%
  56265 33661      591.6390   531      588.4713      591.8175  6959436    0.57%
  56332 33728      588.7610   415      588.4713      591.8175  6969642    0.57%
  56409 33795      588.4855   400      588.4713      591.8172  6980470    0.57%
Elapsed time = 2794.50 sec. (2799605.49 ticks, tree = 76.05 MB, solutions = 2)
  56464 33844      590.8233   467      588.4713      591.8172  6991976    0.57%
  56554 33934      589.4944   302      588.4713      591.8172  7003564    0.57%
  56644 34018      588.9920   432      588.4713      591.8170  7014677    0.57%
  56722 34086      589.0903   406      588.4713      591.8167  7024604    0.57%
  56808 34154      591.6800   549      588.4713      591.8161  7035047    0.57%
  56887 34233      588.6201   435      588.4713      591.8161  7046015    0.57%
  56936 34278      591.1520   416      588.4713      591.8161  7057761    0.57%
  57015 34357      590.2466   306      588.4713      591.8161  7070383    0.57%
  57144 34462      591.2835   419      588.4713      591.8158  7081696    0.57%
* 57383 32648      integral     0      588.6630      591.8158  7090438    0.54%
  57400 32664      591.2892   472      588.6630      591.8157  7093167    0.54%
Elapsed time = 2831.95 sec. (2838188.90 ticks, tree = 73.26 MB, solutions = 3)
  57474 32727      590.8944   456      588.6630      591.8157  7103532    0.54%
  57551 32799      590.9579   448      588.6630      591.8155  7113030    0.54%
  57609 32851      590.4433   448      588.6630      591.8155  7124185    0.54%
  57690 32932      589.1588   328      588.6630      591.8155  7136309    0.54%
  57798 33028      589.8410   447      588.6630      591.8154  7146134    0.54%
  57874 33088      588.9683   418      588.6630      591.8154  7157241    0.54%
  57952 33146      591.7812   512      588.6630      591.8150  7167208    0.54%
  58020 33206      591.6513   500      588.6630      591.8148  7177986    0.54%
  58086 33272      590.6968   381      588.6630      591.8148  7189703    0.54%
  58224 33403      591.7066   506      588.6630      591.8147  7200628    0.54%
Elapsed time = 2868.63 sec. (2876841.68 ticks, tree = 74.90 MB, solutions = 3)
  58306 33480      591.3490   428      588.6630      591.8136  7210792    0.54%
  58380 33543      590.8074   464      588.6630      591.8136  7221296    0.54%
  58453 33607      591.2802   497      588.6630      591.8134  7231435    0.54%
  58524 33673      590.5707   470      588.6630      591.8130  7241870    0.54%
  58605 33753      588.8486   355      588.6630      591.8130  7253235    0.54%
  58678 33820      589.3334   424      588.6630      591.8129  7264043    0.54%
  58757 33890      589.6837   430      588.6630      591.8116  7274462    0.53%
  58831 33960      589.7598   422      588.6630      591.8116  7284234    0.53%
  58915 34030      588.7618   433      588.6630      591.8113  7294309    0.53%
  58983 34088      590.9481   421      588.6630      591.8112  7305429    0.53%
Elapsed time = 2904.45 sec. (2915290.21 ticks, tree = 76.41 MB, solutions = 3)
  59128 34233      589.3744   163      588.6630      591.8112  7316614    0.53%
  59271 34361      591.5873   479      588.6630      591.8110  7326751    0.53%
  59351 34429      590.4367   433      588.6630      591.8110  7337776    0.53%
  59419 34487      590.5863   430      588.6630      591.8107  7348769    0.53%
  59477 34530      590.9809   488      588.6630      591.8107  7359922    0.53%
  59525 34578      590.4899   427      588.6630      591.8107  7371167    0.53%
  59603 34656      589.4018   343      588.6630      591.8107  7382959    0.53%
  59729 34769      591.2617   416      588.6630      591.8105  7393429    0.53%
  59813 34837      590.7360   431      588.6630      591.8103  7404019    0.53%
  59889 34909      589.8210   426      588.6630      591.8094  7413268    0.53%
Elapsed time = 2941.29 sec. (2953739.85 ticks, tree = 78.25 MB, solutions = 3)
  59968 34982      589.4985   415      588.6630      591.8094  7423907    0.53%
  60036 35040      591.3658   408      588.6630      591.8093  7435286    0.53%
  60152 35156      589.3549   237      588.6630      591.8093  7447404    0.53%
  60250 35241      588.9901   421      588.6630      591.8091  7458352    0.53%
  60313 35300      589.5938   426      588.6630      591.8090  7467325    0.53%
  60390 35368      588.6839   373      588.6630      591.8089  7478292    0.53%
  60469 35425      591.3574   530      588.6630      591.8084  7489247    0.53%
  60531 35487      589.7956   446      588.6630      591.8084  7499938    0.53%
  60624 35568      591.0241   473      588.6630      591.8080  7509619    0.53%
  60693 35619      591.1450   465      588.6630      591.8080  7518348    0.53%
Elapsed time = 2977.38 sec. (2992302.48 ticks, tree = 79.82 MB, solutions = 3)
  60778 35686      591.1246   456      588.6630      591.8079  7528571    0.53%
  60863 35762      591.1461   435      588.6630      591.8077  7538457    0.53%
  61089 35983      590.5657   502      588.6630      591.8075  7547591    0.53%
  61147 36041      589.5418   408      588.6630      591.8075  7559745    0.53%
  61239 36118      590.9401   468      588.6630      591.8073  7571633    0.53%
  61325 36194      590.4739   395      588.6630      591.8072  7581625    0.53%
  61394 36257      589.8317   400      588.6630      591.8072  7592469    0.53%
  61476 36325      589.7017   438      588.6630      591.8069  7602811    0.53%
  61536 36378      591.2270   418      588.6630      591.8068  7613679    0.53%
  61642 36484      589.1575   321      588.6630      591.8068  7625006    0.53%
Elapsed time = 3014.26 sec. (3030991.74 ticks, tree = 81.76 MB, solutions = 3)
  61749 36573      590.3497   454      588.6630      591.8067  7633920    0.53%
  61825 36637      590.6758   458      588.6630      591.8066  7643846    0.53%
  61898 36699      590.5639   476      588.6630      591.8065  7654269    0.53%
  61975 36770      590.2135   435      588.6630      591.8064  7664411    0.53%
  62025 36816      591.2342   448      588.6630      591.8064  7676283    0.53%
  62090 36881      589.9768   404      588.6630      591.8064  7687787    0.53%
  62217 36994        cutoff            588.6630      591.8064  7699065    0.53%
  62295 37055      591.3399   502      588.6630      591.8063  7710065    0.53%
  62361 37115      591.5278   444      588.6630      591.8062  7720723    0.53%
  62439 37176      591.5954   552      588.6630      591.8061  7731209    0.53%
Elapsed time = 3050.64 sec. (3069479.12 ticks, tree = 83.29 MB, solutions = 3)
  62510 37243      588.6702   442      588.6630      591.8061  7741585    0.53%
  62565 37293      590.6541   455      588.6630      591.8059  7753046    0.53%
  62653 37358      591.6343   519      588.6630      591.8058  7764337    0.53%
  62734 37433      591.6802   444      588.6630      591.8057  7774025    0.53%
  62811 37503      591.5168   439      588.6630      591.8056  7785220    0.53%
* 63081 34169      integral     0      588.9663      591.8056  7794141    0.48%
  63089 34176      591.4329   468      588.9663      591.8055  7795410    0.48%
  63159 34239      591.4683   542      588.9663      591.8054  7807440    0.48%
  63210 34290      590.7772   441      588.9663      591.8054  7818374    0.48%
  63302 34382      589.6995   296      588.9663      591.8054  7830027    0.48%
  63397 34468      590.0867   440      588.9663      591.8054  7840606    0.48%
Elapsed time = 3087.86 sec. (3108194.39 ticks, tree = 77.01 MB, solutions = 4)
  63474 34535      589.0122   447      588.9663      591.8053  7850838    0.48%
  63554 34602      591.6035   511      588.9663      591.8047  7860399    0.48%
  63630 34671      591.7596   533      588.9663      591.8047  7870892    0.48%
  63683 34724      591.0112   433      588.9663      591.8047  7882314    0.48%
  63762 34803      589.8066   310      588.9663      591.8047  7895304    0.48%
  63864 34888      590.5810   415      588.9663      591.8046  7906362    0.48%
  63924 34941      590.7205   459      588.9663      591.8046  7917093    0.48%
  64009 35015      589.5443   393      588.9663      591.8045  7927497    0.48%
  64087 35087      589.0107   460      588.9663      591.8043  7938004    0.48%
  64156 35143      590.6957   476      588.9663      591.8042  7948345    0.48%
Elapsed time = 3123.50 sec. (3146544.50 ticks, tree = 78.47 MB, solutions = 4)
  64245 35231      589.0093   338      588.9663      591.8042  7959360    0.48%
  64317 35294      589.0921   425      588.9663      591.8042  7969658    0.48%
  64404 35360      591.0366   461      588.9663      591.8041  7980150    0.48%
  64474 35423      590.9813   481      588.9663      591.8040  7991325    0.48%
  64540 35475      591.2302   485      588.9663      591.8039  8001473    0.48%
  64600 35535      590.7306   364      588.9663      591.8039  8013530    0.48%
  64739 35674      589.1751   176      588.9663      591.8039  8024911    0.48%
  64827 35747      591.6233   443      588.9663      591.8030  8035584    0.48%
* 65138 35270      integral     0      589.0336      591.8030  8045841    0.47%
  65143 35274      591.6101   513      589.0336      591.8029  8046833    0.47%
  65215 35342      591.0899   476      589.0336      591.8027  8057504    0.47%
Elapsed time = 3161.38 sec. (3184997.60 ticks, tree = 78.87 MB, solutions = 5)
  65283 35404      591.5107   448      589.0336      591.8022  8067820    0.47%
  65362 35483      589.4649   328      589.0336      591.8022  8080324    0.47%
  65460 35565      589.2146   393      589.0336      591.8020  8089985    0.47%
  65537 35619      591.7993   476      589.0336      591.8019  8101111    0.47%
  65613 35678      591.6956   469      589.0336      591.8018  8111219    0.47%
  65687 35746      591.5370   473      589.0336      591.8018  8122324    0.47%
  65756 35815      589.9207   351      589.0336      591.8018  8134099    0.47%
  65845 35891      591.1108   480      589.0336      591.8018  8146341    0.47%
  65929 35961      589.8983   417      589.0336      591.8017  8156280    0.47%
  66006 36021      591.6666   485      589.0336      591.8015  8167583    0.47%
Elapsed time = 3197.64 sec. (3223533.01 ticks, tree = 80.39 MB, solutions = 5)
  66084 36086      591.5065   509      589.0336      591.8015  8177458    0.47%
  66153 36155      591.1453   383      589.0336      591.8015  8188505    0.47%
  66271 36264      591.7078   461      589.0336      591.8014  8199644    0.47%
  66333 36323      591.4213   450      589.0336      591.8013  8209269    0.47%
  66416 36392      591.3479   444      589.0336      591.8012  8219635    0.47%
  66491 36457      591.2995   457      589.0336      591.8010  8229692    0.47%
  66568 36522      591.6097   440      589.0336      591.8009  8240336    0.47%
  66648 36602      589.9705   284      589.0336      591.8009  8252340    0.47%
  66770 36705      590.9147   400      589.0336      591.8008  8262194    0.47%
  66971 36892      591.3924   497      589.0336      591.8007  8272645    0.47%
Elapsed time = 3234.82 sec. (3261891.37 ticks, tree = 82.32 MB, solutions = 5)
  67045 36961      590.4227   453      589.0336      591.8005  8283082    0.47%
  67111 37023      590.7131   403      589.0336      591.8005  8291756    0.47%
  67165 37073      590.9862   459      589.0336      591.8003  8303942    0.47%
  67228 37136      590.4251   391      589.0336      591.8003  8315250    0.47%
  67317 37210      591.5261   496      589.0336      591.8002  8327251    0.47%
  67391 37274      590.6873   458      589.0336      591.8002  8336611    0.47%
  67472 37345      590.2209   426      589.0336      591.8001  8346866    0.47%
  67534 37397      590.2740   477      589.0336      591.7996  8355969    0.47%
  67589 37445      590.3738   440      589.0336      591.7996  8365885    0.47%
  67682 37534      589.0901   286      589.0336      591.7996  8377336    0.47%
Elapsed time = 3271.01 sec. (3300489.78 ticks, tree = 83.72 MB, solutions = 5)
  67764 37588      591.6120   516      589.0336      591.7991  8387817    0.47%
  67827 37645      589.0950   423      589.0336      591.7991  8395705    0.47%
  67892 37697      589.7774   426      589.0336      591.7991  8403921    0.47%
  67974 37758      591.6066   484      589.0336      591.7989  8414286    0.47%
  68018 37802      590.7373   411      589.0336      591.7989  8423346    0.47%
  68091 37875      589.3078   273      589.0336      591.7989  8433692    0.47%
  68172 37935      591.1903   536      589.0336      591.7989  8444235    0.47%
  68249 38001      591.7672   483      589.0336      591.7988  8453600    0.47%
  68310 38050      591.7221   550      589.0336      591.7985  8462851    0.47%
  68377 38113      591.6186   496      589.0336      591.7984  8472990    0.47%
Elapsed time = 3307.83 sec. (3339320.29 ticks, tree = 85.00 MB, solutions = 5)
  68427 38163      590.8922   400      589.0336      591.7984  8482471    0.47%
  68509 38245      589.0525   273      589.0336      591.7984  8492366    0.47%
  68584 38308      591.0256   458      589.0336      591.7983  8502494    0.47%
  68648 38360      590.9373   481      589.0336      591.7983  8511308    0.47%
  68712 38409      591.7487   476      589.0336      591.7982  8518557    0.47%
  68779 38469      591.7177   485      589.0336      591.7982  8529677    0.47%
  68824 38514      591.1285   436      589.0336      591.7982  8539259    0.47%
  68894 38584      590.1880   375      589.0336      591.7982  8549511    0.47%
  68983 38667      590.8872   469      589.0336      591.7981  8560234    0.47%
  69051 38720      591.1635   441      589.0336      591.7979  8569547    0.47%
Elapsed time = 3344.34 sec. (3377836.53 ticks, tree = 86.34 MB, solutions = 5)
  69130 38795      590.3051   431      589.0336      591.7977  8579790    0.47%
  69193 38845      590.8050   466      589.0336      591.7975  8588198    0.47%
  69262 38904      591.1051   465      589.0336      591.7975  8598802    0.47%
  69322 38964      590.1967   370      589.0336      591.7975  8609069    0.47%
  69406 39048      589.3111   246      589.0336      591.7975  8617571    0.47%
  69489 39108      591.5540   474      589.0336      591.7973  8627760    0.47%
  69577 39183      591.6820   476      589.0336      591.7973  8637992    0.47%
  69644 39247      591.4865   505      589.0336      591.7972  8646713    0.47%
  69698 39300      589.0542   444      589.0336      591.7972  8655916    0.47%
  69759 39353      591.1451   457      589.0336      591.7972  8666904    0.47%
Elapsed time = 3381.00 sec. (3416697.92 ticks, tree = 87.73 MB, solutions = 5)
  69832 39426      589.6340   382      589.0336      591.7972  8676254    0.47%
  69897 39475      591.4346   492      589.0336      591.7971  8683873    0.47%
  69976 39546      590.1973   437      589.0336      591.7969  8694156    0.47%
  70038 39591      590.8507   438      589.0336      591.7969  8701150    0.47%
  70129 39665      591.3788   401      589.0336      591.7969  8710863    0.47%
  70289 39825      589.4752    40      589.0336      591.7969  8719361    0.47%
  70411 39942      591.0545   412      589.0336      591.7968  8728850    0.47%
  70498 40029      589.5021   293      589.0336      591.7968  8737914    0.47%
  70583 40104      589.1060   452      589.0336      591.7966  8748193    0.47%
  70654 40166      590.0144   444      589.0336      591.7965  8757210    0.47%
Elapsed time = 3419.19 sec. (3455846.86 ticks, tree = 89.55 MB, solutions = 5)
  70702 40196      591.0456   471      589.0336      591.7963  8762087    0.47%
  70783 40261      590.9603   427      589.0336      591.7962  8772204    0.47%
  70837 40307      590.4979   491      589.0336      591.7962  8780536    0.47%
  70897 40367      589.6595   402      589.0336      591.7962  8789431    0.47%
  70965 40429      589.9602   472      589.0336      591.7962  8800408    0.47%
  71027 40487      589.9248   440      589.0336      591.7961  8809417    0.47%
  71089 40539      590.4275   450      589.0336      591.7960  8817537    0.47%
  71170 40604      591.3091   542      589.0336      591.7958  8828169    0.47%
  71215 40649      590.9665   438      589.0336      591.7958  8836869    0.47%
  71289 40723      589.5667   322      589.0336      591.7958  8847409    0.47%
Elapsed time = 3455.94 sec. (3495396.87 ticks, tree = 90.77 MB, solutions = 5)
  71379 40801      589.3025   404      589.0336      591.7954  8858268    0.47%
  71447 40858      589.2498   422      589.0336      591.7954  8866463    0.47%
  71507 40912      589.3912   418      589.0336      591.7954  8874012    0.47%
  71591 40978      591.6511   545      589.0336      591.7950  8884776    0.47%
  71655 41042      590.3402   401      589.0336      591.7950  8895603    0.47%
  71727 41114      589.3760   353      589.0336      591.7950  8905526    0.47%
  71795 41175      589.3455   458      589.0336      591.7950  8914440    0.47%
  71875 41238      591.6005   521      589.0336      591.7945  8925130    0.47%
  71924 41287      591.1219   358      589.0336      591.7945  8929509    0.47%
  72089 41452      589.3738    30      589.0336      591.7945  8935969    0.47%
Elapsed time = 3493.32 sec. (3534356.08 ticks, tree = 92.40 MB, solutions = 5)
  72189 41541      590.6209   519      589.0336      591.7941  8945455    0.47%
  72261 41609      589.0760   392      589.0336      591.7941  8956378    0.47%
  72325 41658      591.7480   502      589.0336      591.7939  8965002    0.47%
  72389 41709      591.0061   528      589.0336      591.7937  8974012    0.47%
  72463 41778      590.6319   435      589.0336      591.7936  8984632    0.47%
  72524 41831      591.0370   445      589.0336      591.7931  8993402    0.47%
  72589 41896      589.7688   317      589.0336      591.7931  9003717    0.47%
  72689 41983      591.5760   470      589.0336      591.7930  9011488    0.47%
  72765 42050      590.3226   424      589.0336      591.7927  9021970    0.47%
  72838 42107      590.9200   443      589.0336      591.7927  9031423    0.47%
Elapsed time = 3530.34 sec. (3573466.86 ticks, tree = 93.85 MB, solutions = 5)
  72904 42168      590.7323   421      589.0336      591.7926  9038873    0.47%
  72972 42229      591.3145   408      589.0336      591.7925  9049978    0.47%
  73034 42291      590.3799   311      589.0336      591.7925  9059595    0.47%
  73159 42386      591.6074   462      589.0336      591.7924  9069722    0.47%
  73213 42436      591.4967   500      589.0336      591.7923  9078924    0.47%
  73289 42498      591.5089   466      589.0336      591.7923  9088084    0.47%
  73379 42576      591.0398   418      589.0336      591.7922  9097952    0.47%
  73429 42622      591.4695   480      589.0336      591.7922  9107387    0.47%
  73497 42690      590.0784   359      589.0336      591.7922  9117942    0.47%
  73589 42773      590.7264   395      589.0336      591.7920  9127839    0.47%
Elapsed time = 3567.58 sec. (3612491.00 ticks, tree = 95.34 MB, solutions = 5)
  73689 42866      590.7316   279      589.0336      591.7918  9138920    0.47%
  73893 43066      591.3464   512      589.0336      591.7914  9145451    0.47%
  73972 43135      590.7344   468      589.0336      591.7912  9156082    0.47%
  74023 43178      591.4146   537      589.0336      591.7910  9165058    0.47%
  74071 43226      591.1412   450      589.0336      591.7910  9176252    0.47%
  74126 43281      589.9280   391      589.0336      591.7910  9185032    0.47%
  74205 43349      590.4583   428      589.0336      591.7910  9193462    0.47%
  74277 43415      589.6592   426      589.0336      591.7910  9204068    0.47%

Flow cuts applied:  72
Mixed integer rounding cuts applied:  358
Lift and project cuts applied:  2
Gomory fractional cuts applied:  7
User cuts applied:  1405

Root node processing (before b&c):
  Real time             =    4.77 sec. (4958.40 ticks)
Sequential b&c:
  Real time             = 3595.23 sec. (3641617.30 ticks)
                          ------------
Total (root+branch&cut) = 3600.00 sec. (3646575.69 ticks)
|V|                                     600
K                                       200
theta                                   0.01
r                                       1
R                                       20
prob_func                               facility_mixture
mixture_low_share                       0.500000
mixture_low_interval                    [0.001000, 0.010000]
mixture_high_interval                   [0.100000, 0.500000]
mixture_seed                            1
#C1                                     686
#CP                                     21894

@Parameters: 
am_callback_heuristic                   false
am_local_search                         true
am_start_heuristic                      false
colocation                              true
comp                                    false
cutC                                    true
cutC_init                               false
cutF                                    false
cutF_init                               false
cutF_stable                             false
cutF_wrong                              false
cutLocal                                false
cutM                                    true
cutM_init                               true
cutM_stable                             false
cutP                                    true
cutP_init                               false
cutP_stable                             false
init                                    true
init_cutF_zero                          false
init_val_greedy                         true
is_Euclidean                            false
is_local_search                         false
is_right_cutP                           true
is_root                                 false
is_silent                               false
is_start                                false
mycut                                   false
pmed                                    false
pre                                     true
stable_root                             false
str                                     false
two_phase                               false
ubstr                                   false
mode                                    Int

am_callback_node_space                  50
init                                    0
mixture_seed                            1
node_space                              5
nodelimit                               -1
nsepa                                   1
strF                                    0
type_delta                              0

EPS                                     0.001000
EPS_FRAC                                0.00
gap                                     0.00
mixture_high_max                        0.50
mixture_high_min                        0.10
mixture_low_max                         0.01
mixture_low_min                         0.00
mixture_low_share                       0.50
timelimit                               3600.00

Number of Closed Sites: 4 / 800 
Number of Confined Sites-1: 9 / 1791 
Number of Confined Sites-k: 587 / 11629 
Preprocess Time: 1.50 + 0.00 sec

Solve Time: 3600.00
Number of Nodes: 74316
Termination Status: TIME_LIMIT

CutInfo: [phase] num / time (sec) / aver. num_nonzero
max              [LP]     0 / 0.00 / 0.00 [init]   465 / 0.01 / 1.49 [rLC]   299 / 0.01 / 2.86 [rUC]   625 / 0.08 / 3.19 [sLC]   160 / 0.05 / 5.08 [sUC]  1223 / 1.69 / 4.16 
prod_oa          [LP]     0 / 0.00 / 0.00 [init]   258 / 0.01 / 23.53 [rLC]   325 / 0.01 / 35.12 [rUC]   973 / 0.14 / 31.42 [sLC]   489 / 0.08 / 31.58 [sUC]  2321 / 2.73 / 28.17 
prod_sm_fixed    [LP]     0 / 0.00 / 0.00 [init]     0 / 0.00 / 0.00 [rLC]     0 / 0.00 / 0.00 [rUC]     0 / 0.00 / 0.00 [sLC]     0 / 0.00 / 0.00 [sUC]     0 / 0.00 / 0.00 
prod_bin         [LP]     0 / 0.00 / 0.00 [init]     0 / 0.00 / 0.00 [rLC]     0 / 0.00 / 0.00 [rUC]     0 / 0.00 / 0.00 [sLC]     0 / 0.00 / 0.00 [sUC]     0 / 0.00 / 0.00 
prod_local       [LP]     0 / 0.00 / 0.00 [init]     0 / 0.00 / 0.00 [rLC]     0 / 0.00 / 0.00 [rUC]     0 / 0.00 / 0.00 [sLC]     0 / 0.00 / 0.00 [sUC]     0 / 0.00 / 0.00 
prod_sm_C        [LP]     0 / 0.00 / 0.00 [init]     0 / 0.00 / 0.00 [rLC]     0 / 0.00 / 0.00 [rUC]     0 / 0.00 / 0.00 [sLC]     0 / 0.00 / 0.00 [sUC]     0 / 0.00 / 0.00 
facet            [LP]     0 / 0.00 / 0.00 [init]     0 / 0.00 / 0.00 [rLC]     0 / 0.00 / 0.00 [rUC]     0 / 0.00 / 0.00 [sLC]     0 / 0.00 / 0.00 [sUC]     0 / 0.00 / 0.00 
Separation Round:   [LP] 0  [init] 1  [rLC] 2  [rUC] 20  [sLC] 12  [sUC] 143985  
Root Best Bound 594.897174
Root Best Integer: 588.451390
Best Bound: 591.790916
Best Integer: 589.033608
1: 19, 33, 42, 44, 55, 66, 70, 71, 89, 90, 97, 99, 111, 116, 130, 136, 137, 149, 150, 151, 152, 153, 155, 158, 163, 164, 175, 178, 180, 186, 192, 197, 198, 203, 207, 215, 236, 247, 251, 252, 256, 261, 263, 280, 288, 297, 300, 304, 316, 318, 320, 325, 326, 336, 341, 350, 358, 374, 380, 383, 386, 389, 391, 394, 396, 398, 400, 403, 406, 407, 416, 418, 420, 431, 432, 435, 456, 459, 464, 478, 479, 482, 487, 507, 508, 511, 525, 540, 543, 545, 546, 559, 562, 565, 566, 571, 580, 582, 583, 589, 596, 600
2: 24, 372, 501, 556, 561
3: 47, 67, 132, 196, 219, 235, 291, 299, 302
4: 13, 85, 159, 189
5: 68, 106, 123, 366
6: 218, 345, 492
7: 194
Objective Value (calc): 588.991496
sum_etaM = 349.463587 / 349.462906
sum_etaP = 591.453507 / 591.410976
nL: 128
nCL: 26
mCL: 7
