Version identifier: 20.1.0.0 | 2020-11-10 | 9bedb6d68
CPXPARAM_Threads                                 1
CPXPARAM_TimeLimit                               3600
CPXPARAM_MIP_Tolerances_MIPGap                   0
Generic callback                                 0x60
1 of 1 MIP starts provided solutions.
MIP start 'm1' defined initial solution with objective 451.7774.
Tried aggregator 2 times.
MIP Presolve eliminated 29 rows and 16 columns.
Aggregator did 13 substitutions.
Reduced MIP has 1518 rows, 1971 columns, and 7990 nonzeros.
Reduced MIP has 492 binaries, 479 generals, 0 SOSs, and 0 indicators.
Presolve time = 0.01 sec. (3.64 ticks)
Probing time = 0.00 sec. (0.44 ticks)
Tried aggregator 1 time.
Reduced MIP has 1518 rows, 1971 columns, and 7990 nonzeros.
Reduced MIP has 492 binaries, 479 generals, 0 SOSs, and 0 indicators.
Presolve time = 0.00 sec. (2.16 ticks)
Probing time = 0.00 sec. (0.44 ticks)
MIP emphasis: balance optimality and feasibility.
MIP search method: dynamic search.
Parallel mode: none, using 1 thread.
Root relaxation solution time = 0.02 sec. (23.06 ticks)

        Nodes                                         Cuts/
   Node  Left     Objective  IInf  Best Integer    Best Bound    ItCnt     Gap

*     0+    0                          451.7774      500.0000            10.67%
      0     0      486.4134   380      451.7774      486.4134     1034    7.67%
      0     0      461.6769   398      451.7774     Cuts: 428     1567    2.19%
      0     0      460.4749   387      451.7774     Cuts: 209     1840    1.93%
      0     0      460.0924   404      451.7774     Cuts: 131     2035    1.84%
      0     0      459.9391   421      451.7774      Cuts: 97     2183    1.81%
      0     0      459.9163   425      451.7774      Cuts: 47     2267    1.80%
      0     0      459.8900   437      451.7774      Cuts: 37     2334    1.80%
      0     0      459.8885   442      451.7774 UserPurge2: 8     2345    1.80%
      0     0      459.8869   441      451.7774 UserPurge2: 4     2357    1.80%
      0     0      459.8868   441      451.7774 UserPurge2: 1     2361    1.80%
      0     0      459.8867   443      451.7774 UserPurge2: 1     2365    1.79%
      0     0      459.8866   441      451.7774 UserPurge2: 2     2368    1.79%
      0     2      459.8866   441      451.7774      459.8794     2368    1.79%
Elapsed time = 1.60 sec. (1491.28 ticks, tree = 0.01 MB, solutions = 1)
     10    12      459.2428   401      451.7774      459.7749     3841    1.77%
     20    22      458.7706   376      451.7774      459.7749     5190    1.77%
     37    39      458.4387   342      451.7774      459.7749     6106    1.77%
     50    52      458.0760   313      451.7774      459.7749     6900    1.77%
     75    77      457.4331   289      451.7774      459.7749     7730    1.77%
     93    95      456.6447   272      451.7774      459.7749     8318    1.77%
    139   141      454.3383   182      451.7774      459.7749     9702    1.77%
    200   202      452.3474    90      451.7774      459.7749    11413    1.77%
    220   217      459.1414   422      451.7774      459.7749    12639    1.77%
    270   267      456.9512   298      451.7774      459.7749    16367    1.77%
Elapsed time = 7.43 sec. (4969.19 ticks, tree = 0.41 MB, solutions = 1)
    362   359      453.9264   129      451.7774      459.7749    19964    1.77%
    480   461      457.5115   366      451.7774      459.7088    25659    1.76%

Performing restart 1

Repeating presolve.
Tried aggregator 1 time.
MIP Presolve modified 72 coefficients.
Reduced MIP has 1518 rows, 1971 columns, and 7990 nonzeros.
Reduced MIP has 492 binaries, 479 generals, 0 SOSs, and 0 indicators.
Presolve time = 0.00 sec. (2.24 ticks)
Tried aggregator 1 time.
Reduced MIP has 1518 rows, 1971 columns, and 7990 nonzeros.
Reduced MIP has 492 binaries, 479 generals, 0 SOSs, and 0 indicators.
Presolve time = 0.00 sec. (2.22 ticks)
Represolve time = 0.02 sec. (10.79 ticks)
    533     0      457.7530   472      451.7774     Cuts: 290    32928    1.32%
    533     0      457.1959   473      451.7774     Cuts: 243    33341    1.20%
    533     0      456.9233   488      451.7774     Cuts: 224    33699    1.14%
    533     0      456.7071   522      451.7774     Cuts: 205    34151    1.09%
    533     0      456.5741   523      451.7774     Cuts: 194    34507    1.06%
    533     0      456.4836   531      451.7774     Cuts: 178    34760    1.04%
    533     0      456.4087   541      451.7774     Cuts: 176    35036    1.03%
    533     0      456.3419   548      451.7774     Cuts: 169    35312    1.01%
    533     0      456.2881   528      451.7774     Cuts: 166    35542    1.00%
    533     0      456.2285   548      451.7774     Cuts: 144    35819    0.99%
    533     0      456.1763   501      451.7774     Cuts: 188    36079    0.97%
    533     0      456.1469   544      451.7774     Cuts: 140    36296    0.97%
    533     0      456.1177   555      451.7774     Cuts: 158    36592    0.96%
    533     0      456.0992   528      451.7774     Cuts: 128    36779    0.96%
    533     0      456.0761   524      451.7774      Cuts: 97    36933    0.95%
    533     0      456.0634   561      451.7774     Cuts: 109    37111    0.95%
    533     0      456.0555   584      451.7774     Cuts: 101    37264    0.95%
    533     0      456.0448   552      451.7774      Cuts: 79    37432    0.94%
    533     0      456.0379   566      451.7774      Cuts: 63    37565    0.94%
    533     0      456.0303   589      451.7774      Cuts: 92    37688    0.94%
    533     2      456.0303   589      451.7774      456.0301    37688    0.94%
    534     3      456.0250   551      451.7774      456.0135    37805    0.94%
    536     5      455.9443   487      451.7774      456.0102    38245    0.94%
    538     7      455.9229   509      451.7774      456.0007    38563    0.93%
    540     9      455.6294   509      451.7774      456.0007    40544    0.93%
    543    12      455.6260   501      451.7774      456.0007    41049    0.93%
    553    22      455.3072   470      451.7774      456.0007    44143    0.93%
    563    32      455.1840   421      451.7774      456.0007    46669    0.93%
Elapsed time = 27.86 sec. (24045.77 ticks, tree = 0.15 MB, solutions = 1)
    580    49      454.8482   381      451.7774      456.0007    49990    0.93%
    590    59      454.7061   346      451.7774      456.0007    53280    0.93%
    609    78      454.5789   295      451.7774      456.0007    56213    0.93%
    621    90      454.2468   280      451.7774      456.0007    58784    0.93%
    633   102      454.1637   250      451.7774      456.0007    60365    0.93%
    655   124      454.0060   223      451.7774      456.0007    63435    0.93%
    687   156      453.1545   171      451.7774      456.0007    67223    0.93%
    770   239      452.4256    65      451.7774      456.0007    72913    0.93%
    843   288      455.7292   509      451.7774      455.9606    76745    0.93%
    853   298      455.6117   527      451.7774      455.9606    79985    0.93%
Elapsed time = 39.16 sec. (34494.67 ticks, tree = 0.76 MB, solutions = 1)
    866   311      455.4182   445      451.7774      455.9606    84114    0.93%
    877   322      455.0244   420      451.7774      455.9606    87653    0.93%
    893   338      454.8116   359      451.7774      455.9606    92063    0.93%
    916   361      454.4255   341      451.7774      455.9606    96633    0.93%
    934   379      454.1110   290      451.7774      455.9606    99327    0.93%
    963   408      453.7217   210      451.7774      455.9606   103092    0.93%
   1013   458      453.5591   126      451.7774      455.9606   106440    0.93%
   1123   568      452.2663    23      451.7774      455.9606   110670    0.93%
*  1241   632      integral     0      451.9912      455.9606   113375    0.88%
   1243   633      455.5862   527      451.9912      455.9229   115290    0.87%
   1253   643      455.4706   450      451.9912      455.9219   118863    0.87%
Elapsed time = 50.96 sec. (45147.47 ticks, tree = 1.39 MB, solutions = 2)
   1275   665      455.0704   310      451.9912      455.9219   123373    0.87%
   1311   701      454.1730   181      451.9912      455.9219   127434    0.87%
   1338   728      455.4639   506      451.9912      455.8977   130808    0.86%
   1351   741      455.2823   448      451.9912      455.8977   135127    0.86%
   1366   756      455.1119   410      451.9912      455.8977   139001    0.86%
   1383   773      454.8070   331      451.9912      455.8977   143468    0.86%
   1405   795      454.6111   316      451.9912      455.8977   147375    0.86%
   1417   807      454.5196   262      451.9912      455.8977   149472    0.86%
   1433   823      454.0791   251      451.9912      455.8977   152240    0.86%
   1459   849      453.8542   216      451.9912      455.8977   155721    0.86%
Elapsed time = 60.67 sec. (54956.81 ticks, tree = 1.72 MB, solutions = 2)
   1535   925      455.4802   500      451.9912      455.8895   162807    0.86%
   1549   939      455.1578   440      451.9912      455.8895   166771    0.86%
   1572   962      454.5113   295      451.9912      455.8895   170842    0.86%
   1594   984      454.1163   237      451.9912      455.8895   172852    0.86%
   1702  1085      455.5729   531      451.9912      455.8102   178088    0.84%
   1715  1098      455.2015   461      451.9912      455.8102   182109    0.84%
   1730  1113      454.8339   365      451.9912      455.8102   185967    0.84%
   1749  1132      454.4823   256      451.9912      455.8102   188388    0.84%
   1852  1229      455.7247   512      451.9912      455.7246   193204    0.83%
   1861  1238      455.5140   483      451.9912      455.7246   196028    0.83%
Elapsed time = 72.33 sec. (66005.99 ticks, tree = 2.49 MB, solutions = 2)
   1881  1258      455.0435   343      451.9912      455.7246   200458    0.83%
   1893  1270      454.8299   287      451.9912      455.7246   202299    0.83%
   1911  1288      454.3462   214      451.9912      455.7246   204309    0.83%
   2034  1408      452.0157     5      451.9912      455.7246   207964    0.83%
   2053  1421      455.2863   458      451.9912      455.7163   212124    0.82%
   2073  1441      454.8317   340      451.9912      455.7163   215907    0.82%
   2102  1470      454.2159   201      451.9912      455.7163   218788    0.82%
*  2228  1575      integral     0      452.0312      455.7163   221665    0.82%
   2230  1575      455.6316   494      452.0312      455.7158   222086    0.82%
   2241  1586      455.4219   473      452.0312      455.7158   226035    0.82%
   2249  1594      455.1968   445      452.0312      455.7158   229268    0.82%
Elapsed time = 82.60 sec. (76030.03 ticks, tree = 3.13 MB, solutions = 3)
   2262  1607      455.0427   395      452.0312      455.7158   232678    0.82%
   2274  1619      454.8387   346      452.0312      455.7158   235578    0.82%
   2284  1629      454.5556   319      452.0312      455.7158   238659    0.82%
   2298  1643      454.4562   306      452.0312      455.7158   241939    0.82%
   2323  1668      454.1300   238      452.0312      455.7158   245721    0.82%
   2358  1703      453.7254   191      452.0312      455.7158   248578    0.82%
   2445  1790      453.1961    59      452.0312      455.7158   253075    0.82%
   2541  1886      455.4671   490      452.0312      455.7153   257453    0.82%
   2552  1897      455.2017   406      452.0312      455.7153   260924    0.82%
   2564  1909      454.8392   358      452.0312      455.7153   263762    0.82%
Elapsed time = 92.87 sec. (86401.92 ticks, tree = 3.71 MB, solutions = 3)
   2599  1944      454.0839   158      452.0312      455.7153   267577    0.82%
   2690  2031      455.6187   517      452.0312      455.7138   270745    0.81%
   2706  2047      455.2706   399      452.0312      455.7138   275007    0.81%
   2719  2060      454.8944   349      452.0312      455.7138   277706    0.81%
   2768  2109      454.1888   154      452.0312      455.7138   281367    0.81%
   2853  2190      455.5319   480      452.0312      455.6941   285075    0.81%
   2868  2205      455.1729   380      452.0312      455.6941   288500    0.81%
   2884  2221      454.7585   290      452.0312      455.6941   291904    0.81%
   2924  2261      454.3492   148      452.0312      455.6941   294156    0.81%
   3012  2345      455.4727   492      452.0312      455.6941   297341    0.81%
Elapsed time = 103.34 sec. (96500.49 ticks, tree = 4.64 MB, solutions = 3)
   3023  2356      455.2409   436      452.0312      455.6941   300830    0.81%
   3040  2373      454.8733   321      452.0312      455.6941   304530    0.81%
   3071  2404      454.1809   176      452.0312      455.6941   308107    0.81%
*  3173  2091      integral     0      452.7068      455.6941   311234    0.66%
   3174  2091      455.6584   515      452.7068      455.6864   311824    0.66%
   3185  2102      455.3439   481      452.7068      455.6864   315976    0.66%
   3194  2111      455.4006   451      452.7068      455.6864   319732    0.66%
   3206  2123      455.2066   396      452.7068      455.6864   323684    0.66%
   3221  2138      454.9017   372      452.7068      455.6864   327386    0.66%
   3233  2150      454.5779   336      452.7068      455.6864   330566    0.66%
   3305  2222      453.7442   205      452.7068      455.6864   341126    0.66%
Elapsed time = 115.40 sec. (109407.19 ticks, tree = 4.34 MB, solutions = 4)
   3471  2369      455.2961   400      452.7068      455.6851   352831    0.66%
*  3617  2326      integral     0      452.8961      455.6851   361700    0.62%
   3626  2335      455.4155   465      452.8961      455.6631   364951    0.61%
   3786  2487      455.5539   476      452.8961      455.6587   376596    0.61%
   3864  2565      454.0893   114      452.8961      455.6587   387740    0.61%
*  3945  2621      integral     0      452.9100      455.6587   389505    0.61%
   3993  2669      454.5186   240      452.9100      455.6575   399453    0.61%
   4106  2778      455.1180   441      452.9100      455.6571   412864    0.61%
   4165  2837      454.2784   234      452.9100      455.6571   425155    0.61%
   4303  2964      455.0597   392      452.9100      455.6501   437492    0.60%
   4457  3113      454.9571   341      452.9100      455.6433   451471    0.60%
   4585  3236      455.2024   374      452.9100      455.6324   462133    0.60%
Elapsed time = 154.68 sec. (148635.95 ticks, tree = 6.23 MB, solutions = 6)
   4735  3377      455.2155   413      452.9100      455.6239   473790    0.60%
   4874  3504      455.3192   450      452.9100      455.6234   486697    0.60%
   4921  3551      454.7074   273      452.9100      455.6234   498848    0.60%
   5115  3733      455.5229   475      452.9100      455.6234   511967    0.60%
   5253  3863      455.4760   432      452.9100      455.6180   524390    0.60%
*  5401  3577      integral     0      453.1049      455.6180   534400    0.55%
   5413  3587      455.3282   447      453.1049      455.6179   536693    0.55%
   5545  3716      455.1375   438      453.1049      455.6165   549766    0.55%
   5668  3834      455.1537   487      453.1049      455.6146   560902    0.55%
   5709  3875      454.8294   356      453.1049      455.6146   573830    0.55%
   5778  3944      454.0163   194      453.1049      455.6146   584942    0.55%
Elapsed time = 192.79 sec. (187534.96 ticks, tree = 7.50 MB, solutions = 7)
   5921  4069      454.9100   352      453.1049      455.6139   598180    0.55%
*  6055  4057      integral     0      453.1758      455.6139   604234    0.54%
   6083  4083      455.0535   329      453.1758      455.6139   609702    0.54%
   6226  4220      455.3224   440      453.1758      455.6136   621276    0.54%
*  6376  4256      integral     0      453.2192      455.6136   630779    0.53%
   6389  4269      455.3218   441      453.2192      455.6097   633860    0.53%
   6519  4396      455.3687   481      453.2192      455.6060   645585    0.53%
   6555  4432      454.8388   352      453.2192      455.6060   655775    0.53%
   6617  4494      454.2629   272      453.2192      455.6060   666950    0.53%
   6776  4631      455.5178   478      453.2192      455.5911   679942    0.52%
*  6929  4400      integral     0      453.4045      455.5911   692262    0.48%
   6933  4403      455.3505   471      453.4045      455.5888   693105    0.48%
   7081  4543      455.3616   467      453.4045      455.5881   706889    0.48%
Elapsed time = 230.97 sec. (226108.71 ticks, tree = 8.78 MB, solutions = 10)
   7220  4676      455.3384   416      453.4045      455.5879   720063    0.48%
   7375  4827      455.2442   396      453.4045      455.5862   734704    0.48%
   7428  4880      454.5264   280      453.4045      455.5862   747243    0.48%
   7563  4994      455.5273   515      453.4045      455.5862   760826    0.48%
   7721  5148      455.3318   451      453.4045      455.5850   775969    0.48%
   7859  5281      455.3155   431      453.4045      455.5849   788592    0.48%
   7997  5412      455.2718   442      453.4045      455.5840   800219    0.48%
   8160  5567      455.2461   448      453.4045      455.5840   814054    0.48%
   8206  5613      454.8409   280      453.4045      455.5840   826034    0.48%
   8329  5734      453.4355    75      453.4045      455.5840   838410    0.48%
Elapsed time = 269.04 sec. (265207.92 ticks, tree = 11.03 MB, solutions = 10)
   8430  5830      453.9468    95      453.4045      455.5803   849316    0.48%
   8550  5940      454.2886   140      453.4045      455.5795   861087    0.48%
   8668  6054      454.3586   150      453.4045      455.5782   872957    0.48%
   8797  6172      454.8383   194      453.4045      455.5780   883395    0.48%
   8924  6294      454.5685   417      453.4045      455.5778   897272    0.48%
   8981  6351      453.7678   275      453.4045      455.5778   909540    0.48%
   9054  6413      454.9701   337      453.4045      455.5752   919661    0.48%
*  9169  6467      integral     0      453.4197      455.5752   925446    0.48%
   9200  6496      455.0866   304      453.4197      455.5751   931659    0.48%
*  9344  6542      integral     0      453.4394      455.5751   938678    0.47%
   9373  6569      455.1485   339      453.4394      455.5736   943733    0.47%
   9506  6698      454.9942   416      453.4394      455.5729   955801    0.47%
Elapsed time = 306.22 sec. (303458.14 ticks, tree = 12.83 MB, solutions = 12)
   9635  6821      455.4057   442      453.4394      455.5728   969962    0.47%
   9679  6865      454.6465   291      453.4394      455.5728   981595    0.47%
   9803  6989      453.7241    75      453.4394      455.5728   995073    0.47%
   9925  7098      454.0907   208      453.4394      455.5723  1008110    0.47%
  10101  7267      454.0010    73      453.4394      455.5719  1021912    0.47%
* 10305  6939      integral     0      453.5756      455.5715  1034644    0.44%
  10310  6943      455.3574   490      453.5756      455.5702  1035749    0.44%
  10473  7089      455.2215   440      453.5756      455.5699  1049304    0.44%
  10525  7141      454.4798   261      453.5756      455.5699  1062504    0.44%
  10623  7222      455.4471   471      453.5756      455.5696  1075173    0.44%
  10760  7353      454.9185   418      453.5756      455.5687  1089571    0.44%
Elapsed time = 343.65 sec. (341948.64 ticks, tree = 14.00 MB, solutions = 13)
  10882  7471      454.9752   393      453.5756      455.5662  1103249    0.44%
  11021  7599      455.0493   336      453.5756      455.5658  1116742    0.44%
  11153  7723      454.8136   416      453.5756      455.5658  1131394    0.44%
  11193  7763      454.4375   292      453.5756      455.5658  1140749    0.44%
  11194  7764      455.2783   489      453.5756      455.5653  1141819    0.44%
  11195  7765      455.3131   507      453.5756      455.5643  1142190    0.44%
  11314  7882      453.6242    31      453.5756      455.5634  1154740    0.44%
  11416  7980      453.9254    90      453.5756      455.5632  1166423    0.44%
  11488  8044      455.0118   346      453.5756      455.5619  1180859    0.44%
  11560  8116      454.0628   175      453.5756      455.5619  1192292    0.44%
Elapsed time = 392.19 sec. (389168.25 ticks, tree = 15.47 MB, solutions = 13)
  11665  8214      454.7797   257      453.5756      455.5612  1203892    0.44%
  11781  8324      454.7375   295      453.5756      455.5609  1214980    0.44%
  11905  8442      454.7888   268      453.5756      455.5606  1227650    0.44%
  12036  8564      454.8412   276      453.5756      455.5595  1240199    0.44%
  12148  8667      454.8388   433      453.5756      455.5591  1252551    0.44%
  12193  8712      454.2244   315      453.5756      455.5591  1264274    0.44%
  12273  8785      455.1229   438      453.5756      455.5589  1276377    0.44%
  12395  8900      455.2216   437      453.5756      455.5579  1288516    0.44%
  12526  9024      455.2178   432      453.5756      455.5574  1300955    0.44%
  12653  9143      455.2536   429      453.5756      455.5562  1313322    0.44%
Elapsed time = 429.62 sec. (428030.26 ticks, tree = 17.74 MB, solutions = 13)
  12783  9268      455.4739   483      453.5756      455.5549  1325185    0.44%
  12818  9303      455.1261   369      453.5756      455.5549  1337237    0.44%
  12868  9353      454.6744   241      453.5756      455.5549  1347908    0.44%
  12984  9445      455.2639   476      453.5756      455.5533  1359958    0.44%
  13113  9566      455.2727   404      453.5756      455.5513  1372845    0.44%
  13252  9699      455.0626   358      453.5756      455.5510  1385515    0.44%
  13383  9827      455.0555   336      453.5756      455.5505  1397840    0.44%
* 13505  9750      integral     0      453.6075      455.5505  1404179    0.43%
  13525  9768      454.9213   450      453.6075      455.5504  1410626    0.43%
  13576  9819      454.4963   269      453.6075      455.5504  1423202    0.43%
  13688  9922      455.2935   417      453.6075      455.5500  1436837    0.43%
Elapsed time = 466.50 sec. (466612.50 ticks, tree = 19.22 MB, solutions = 14)
  13839 10069      454.9450   342      453.6075      455.5498  1450008    0.43%
  14025 10249      454.7223   297      453.6075      455.5475  1463651    0.43%
  14168 10386      454.7008   216      453.6075      455.5473  1476106    0.43%
* 14264  9905      integral     0      453.7123      455.5473  1479139    0.40%
  14296  9935      455.0950   363      453.7123      455.5459  1490131    0.40%
  14341  9980      454.7157   290      453.7123      455.5459  1501861    0.40%
  14439 10071      455.2575   451      453.7123      455.5459  1514126    0.40%
  14591 10218      455.0542   422      453.7123      455.5456  1527335    0.40%
  14713 10336      454.9479   345      453.7123      455.5452  1540297    0.40%
  14850 10465      454.7184   299      453.7123      455.5447  1554365    0.40%
  14951 10560      454.8816   341      453.7123      455.5445  1568778    0.40%
Elapsed time = 503.76 sec. (505098.15 ticks, tree = 20.43 MB, solutions = 15)
  15019 10628      454.3861   224      453.7123      455.5445  1582352    0.40%
  15109 10709      454.6016   265      453.7123      455.5443  1594616    0.40%
  15264 10858      454.2712   190      453.7123      455.5435  1608949    0.40%
  15444 11020      455.4157   457      453.7123      455.5411  1622962    0.40%
  15571 11139      455.5087   506      453.7123      455.5411  1636384    0.40%
  15614 11182      454.8116   305      453.7123      455.5411  1650673    0.40%
  15686 11254      454.0660   166      453.7123      455.5411  1663892    0.40%
  15786 11334      454.8346   300      453.7123      455.5407  1675036    0.40%
  15912 11454      454.5178   235      453.7123      455.5405  1688835    0.40%
  16022 11561      454.5138   217      453.7123      455.5404  1701880    0.40%
Elapsed time = 540.56 sec. (543524.00 ticks, tree = 22.32 MB, solutions = 15)
  16149 11680      454.4317   189      453.7123      455.5402  1713693    0.40%
  16231 11755      455.0276   388      453.7123      455.5401  1726316    0.40%
  16276 11800      454.3894   275      453.7123      455.5401  1737136    0.40%
  16403 11910      455.3130   447      453.7123      455.5391  1750408    0.40%
  16523 12026      455.2437   431      453.7123      455.5368  1762850    0.40%
  16638 12133      455.2109   402      453.7123      455.5366  1775055    0.40%
  16771 12261      455.0482   332      453.7123      455.5366  1787974    0.40%
  16889 12376      455.1724   428      453.7123      455.5339  1800041    0.40%
  16929 12416      454.7287   331      453.7123      455.5339  1812757    0.40%
  17010 12488      455.4023   470      453.7123      455.5338  1824455    0.40%
Elapsed time = 577.48 sec. (582413.76 ticks, tree = 24.09 MB, solutions = 15)
  17132 12604      455.4042   441      453.7123      455.5320  1835932    0.40%
  17258 12724      455.0235   398      453.7123      455.5296  1848669    0.40%
  17365 12826      455.1426   339      453.7123      455.5296  1861143    0.40%
  17503 12954      454.9857   400      453.7123      455.5286  1873762    0.40%
  17553 13004      454.6327   301      453.7123      455.5286  1886482    0.40%
  17648 13090      455.1950   414      453.7123      455.5284  1898324    0.40%
  17769 13204      455.0752   340      453.7123      455.5278  1910889    0.40%
  17921 13349      454.6858   210      453.7123      455.5257  1924261    0.40%
  18101 13519      455.3674   471      453.7123      455.5251  1938062    0.40%
  18141 13559      454.7438   348      453.7123      455.5251  1949839    0.40%
Elapsed time = 614.46 sec. (621077.10 ticks, tree = 26.11 MB, solutions = 15)
  18236 13640      455.2453   467      453.7123      455.5245  1962535    0.40%
  18368 13763      455.0281   329      453.7123      455.5244  1977019    0.40%
  18503 13890      454.7271   219      453.7123      455.5244  1991178    0.40%
  18667 14046      453.7791    55      453.7123      455.5230  2005099    0.40%
  18717 14090      454.8976   344      453.7123      455.5228  2017743    0.40%
  18796 14169      454.1238   154      453.7123      455.5228  2030119    0.40%
  18915 14281      454.0794   114      453.7123      455.5227  2044045    0.40%
  19046 14402      455.0876   458      453.7123      455.5221  2057441    0.40%
  19174 14524      455.1258   345      453.7123      455.5220  2071647    0.40%
  19301 14648      455.0339   350      453.7123      455.5218  2086075    0.40%
Elapsed time = 651.23 sec. (659484.04 ticks, tree = 28.18 MB, solutions = 15)
  19368 14715      453.7914   221      453.7123      455.5218  2098199    0.40%
  19468 14809      453.8986   105      453.7123      455.5216  2111002    0.40%
  19615 14944      455.2676   402      453.7123      455.5208  2125391    0.40%
  19749 15073      454.8451   257      453.7123      455.5193  2139152    0.40%
  19879 15190      454.6298   360      453.7123      455.5191  2152964    0.40%
  19963 15269      455.2001   422      453.7123      455.5191  2166116    0.40%
  20099 15398      454.8169   309      453.7123      455.5177  2179759    0.40%
  20230 15526      454.7065   232      453.7123      455.5176  2193091    0.40%
  20406 15694      455.3602   452      453.7123      455.5163  2207583    0.40%
  20461 15749      454.5046   322      453.7123      455.5163  2221713    0.40%
Elapsed time = 687.90 sec. (698132.93 ticks, tree = 30.33 MB, solutions = 15)
  20574 15855      455.1540   383      453.7123      455.5161  2234347    0.40%
  20693 15965      455.0229   358      453.7123      455.5159  2247363    0.40%
  20817 16085      454.7025   315      453.7123      455.5151  2259523    0.40%
  20933 16197      454.5439   249      453.7123      455.5142  2272514    0.40%
  21030 16283      454.7720   358      453.7123      455.5140  2285517    0.40%
  21081 16334      454.0140   253      453.7123      455.5140  2296360    0.40%
  21175 16420      454.6055   178      453.7123      455.5140  2308176    0.40%
  21363 16596      455.2753   465      453.7123      455.5124  2321370    0.40%
  21501 16728      454.9956   369      453.7123      455.5122  2334125    0.40%
  21604 16825      454.8746   403      453.7123      455.5120  2347089    0.40%
Elapsed time = 724.97 sec. (736786.18 ticks, tree = 33.07 MB, solutions = 15)
  21659 16880      454.2898   310      453.7123      455.5120  2360000    0.40%
  21733 16944      454.9776   369      453.7123      455.5117  2371723    0.40%
  21857 17063      454.7921   335      453.7123      455.5117  2384721    0.40%
  21968 17166      454.6009   279      453.7123      455.5114  2397042    0.40%
  22100 17293      454.4244   181      453.7123      455.5114  2409394    0.40%
  22187 17374      454.7593   300      453.7123      455.5110  2422884    0.40%
  22280 17467      453.8781   117      453.7123      455.5110  2435240    0.40%
  22403 17578      453.7457   100      453.7123      455.5109  2447906    0.40%
  22535 17694      455.3864   487      453.7123      455.5086  2460162    0.40%
  22683 17837      455.0492   438      453.7123      455.5085  2473126    0.40%
Elapsed time = 762.08 sec. (775891.03 ticks, tree = 34.96 MB, solutions = 15)
  22801 17945      455.1909   418      453.7123      455.5072  2486848    0.40%
  22840 17984      454.8290   292      453.7123      455.5072  2499218    0.40%
  22960 18093      455.3457   489      453.7123      455.5069  2512408    0.40%
  23099 18221      455.0675   392      453.7123      455.5069  2525342    0.40%
  23223 18341      454.6451   262      453.7123      455.5057  2539231    0.40%
  23382 18490      454.2188   187      453.7123      455.5051  2552426    0.40%
  23451 18556      454.7297   344      453.7123      455.5030  2567228    0.39%
  23520 18625      454.1144   198      453.7123      455.5030  2580593    0.39%
  23641 18733      454.1649   162      453.7123      455.5028  2593921    0.39%
  23818 18899      454.9939   402      453.7123      455.5021  2607443    0.39%
Elapsed time = 798.84 sec. (814485.65 ticks, tree = 36.98 MB, solutions = 15)
  23932 19005      455.1503   327      453.7123      455.5017  2619824    0.39%
  24077 19138      454.7975   379      453.7123      455.5006  2634302    0.39%
  24125 19186      454.0333   235      453.7123      455.5006  2647035    0.39%
  24208 19261      454.5964   296      453.7123      455.5003  2659329    0.39%
  24341 19390      454.4060   177      453.7123      455.4999  2671637    0.39%
  24479 19514      455.3275   439      453.7123      455.4990  2685689    0.39%
  24594 19625      455.1409   433      453.7123      455.4990  2699835    0.39%
  24638 19669      454.3360   285      453.7123      455.4990  2712248    0.39%
  24740 19752      454.7500   273      453.7123      455.4979  2726378    0.39%
  24888 19896      454.0376   163      453.7123      455.4977  2740157    0.39%
Elapsed time = 835.06 sec. (852959.74 ticks, tree = 38.88 MB, solutions = 15)
  25050 20046      455.2479   334      453.7123      455.4963  2753896    0.39%
  25173 20165      454.9890   385      453.7123      455.4949  2768099    0.39%
  25222 20214      454.4642   273      453.7123      455.4949  2781001    0.39%
  25309 20293      455.1279   374      453.7123      455.4948  2793590    0.39%
  25445 20422      454.6645   266      453.7123      455.4947  2806599    0.39%
  25592 20552      454.0080   197      453.7123      455.4947  2820962    0.39%
  25723 20673      455.1609   467      453.7123      455.4933  2834517    0.39%
  25759 20709      454.7214   352      453.7123      455.4933  2846980    0.39%
  25871 20819      453.7297   111      453.7123      455.4933  2860764    0.39%
  26016 20945      455.3562   458      453.7123      455.4923  2873818    0.39%
Elapsed time = 871.43 sec. (891379.31 ticks, tree = 40.88 MB, solutions = 15)
  26172 21095      455.0565   351      453.7123      455.4921  2887337    0.39%
  26306 21222      454.6051   256      453.7123      455.4920  2899962    0.39%
  26405 21316      454.9236   332      453.7123      455.4919  2914051    0.39%
  26480 21391      454.2751   165      453.7123      455.4919  2926075    0.39%
  26602 21508      454.4130   155      453.7123      455.4914  2938034    0.39%
  26765 21655      455.1875   450      453.7123      455.4906  2950559    0.39%
  26877 21759      454.9990   427      453.7123      455.4899  2963103    0.39%
  26986 21859      455.1399   403      453.7123      455.4896  2976450    0.39%
  27030 21903      454.6221   308      453.7123      455.4896  2987976    0.39%
  27103 21970      455.0973   359      453.7123      455.4894  2999759    0.39%
Elapsed time = 908.02 sec. (930011.12 ticks, tree = 42.82 MB, solutions = 15)
  27225 22087      454.5435   312      453.7123      455.4893  3012300    0.39%
  27319 22176      454.5863   281      453.7123      455.4890  3024565    0.39%
  27464 22316      454.1683   125      453.7123      455.4885  3037187    0.39%
  27535 22381      454.5912   313      453.7123      455.4881  3050071    0.39%
  27638 22478      455.3473   486      453.7123      455.4881  3063632    0.39%
  27760 22596      455.1315   336      453.7123      455.4879  3076535    0.39%
  27882 22714      454.8710   338      453.7123      455.4878  3088845    0.39%
  28018 22832      454.6476   255      453.7123      455.4874  3100498    0.39%
  28113 22923      454.9912   330      453.7123      455.4865  3113624    0.39%
  28202 23012      454.1734   113      453.7123      455.4865  3124782    0.39%
Elapsed time = 944.96 sec. (968732.26 ticks, tree = 44.86 MB, solutions = 15)
  28371 23165      455.1968   374      453.7123      455.4862  3137894    0.39%
  28511 23299      454.6218   298      453.7123      455.4856  3150970    0.39%
  28616 23394      454.6710   302      453.7123      455.4850  3162400    0.39%
  28714 23486      454.8996   373      453.7123      455.4849  3176620    0.39%
  28782 23553      453.9333   192      453.7123      455.4849  3189011    0.39%
  28919 23682      455.3095   444      453.7123      455.4846  3202012    0.39%
  29040 23797      455.1305   379      453.7123      455.4844  3214002    0.39%
  29187 23939      454.4898   237      453.7123      455.4840  3227830    0.39%
  29262 24010      454.9933   362      453.7123      455.4839  3240344    0.39%
  29333 24081      454.1196   218      453.7123      455.4839  3253842    0.39%
Elapsed time = 981.85 sec. (1007450.09 ticks, tree = 46.90 MB, solutions = 15)
  29457 24196      454.3403   136      453.7123      455.4836  3266591    0.39%
  29606 24330      455.3177   418      453.7123      455.4834  3280691    0.39%
  29729 24448      455.0053   368      453.7123      455.4833  3294361    0.39%
  29837 24550      454.8314   402      453.7123      455.4825  3307317    0.39%
  29894 24607      454.0177   244      453.7123      455.4825  3321526    0.39%
  29995 24703      454.2232   179      453.7123      455.4825  3335258    0.39%
  30142 24842      455.2161   437      453.7123      455.4819  3348779    0.39%
  30257 24953      454.8237   341      453.7123      455.4812  3362060    0.39%
  30365 25055      454.7678   395      453.7123      455.4803  3376872    0.39%
  30433 25115      455.2155   445      453.7123      455.4802  3389282    0.39%
Elapsed time = 1018.29 sec. (1045968.94 ticks, tree = 48.83 MB, solutions = 15)
  30543 25219      454.8830   330      453.7123      455.4801  3402775    0.39%
  30681 25351      454.5457   213      453.7123      455.4800  3416661    0.39%
  30844 25503      455.3498   453      453.7123      455.4798  3430920    0.39%
  30890 25549      454.8200   312      453.7123      455.4798  3444267    0.39%
  30993 25640      455.2908   495      453.7123      455.4794  3457083    0.39%
  31102 25745      455.0679   422      453.7123      455.4788  3470859    0.39%
  31213 25850      454.8501   395      453.7123      455.4773  3483923    0.39%
  31310 25943      454.7246   211      453.7123      455.4768  3497042    0.39%
  31422 26050      454.5994   380      453.7123      455.4767  3512492    0.39%
  31499 26125      453.7907   223      453.7123      455.4767  3525993    0.39%
Elapsed time = 1054.52 sec. (1084480.07 ticks, tree = 50.68 MB, solutions = 15)
  31628 26230      454.9738   410      453.7123      455.4763  3539617    0.39%
  31746 26343      454.8649   349      453.7123      455.4763  3551915    0.39%
  31876 26469      454.6232   221      453.7123      455.4758  3566118    0.39%
  32001 26583      454.7465   339      453.7123      455.4758  3580987    0.39%
  32116 26697      453.8743   135      453.7123      455.4758  3595094    0.39%
  32226 26795      455.2150   513      453.7123      455.4753  3607625    0.39%
  32353 26914      455.0939   353      453.7123      455.4747  3622330    0.39%
  32500 27057      454.5414   282      453.7123      455.4743  3636174    0.39%
  32600 27148      454.9323   379      453.7123      455.4742  3648384    0.39%
  32661 27209      454.2908   194      453.7123      455.4742  3660960    0.39%
Elapsed time = 1091.14 sec. (1122916.35 ticks, tree = 52.70 MB, solutions = 15)
  32778 27309      454.4588   204      453.7123      455.4736  3672822    0.39%
  32942 27452      455.2544   413      453.7123      455.4736  3686375    0.39%
  33067 27573      454.7810   343      453.7123      455.4726  3699480    0.39%
  33171 27670      454.9871   368      453.7123      455.4726  3712710    0.39%
  33219 27718      454.6433   256      453.7123      455.4726  3724250    0.39%
  33326 27811      454.9571   382      453.7123      455.4725  3736530    0.39%
  33430 27909      454.7118   348      453.7123      455.4724  3749587    0.39%
  33556 28026      454.2948   248      453.7123      455.4722  3762648    0.39%
  33686 28152      454.0630   100      453.7123      455.4720  3775989    0.39%
  33748 28203      455.0187   378      453.7123      455.4716  3787886    0.39%
Elapsed time = 1127.71 sec. (1161583.37 ticks, tree = 54.55 MB, solutions = 15)
  33802 28257      454.3684   244      453.7123      455.4716  3799346    0.39%
  33889 28332      454.5238   226      453.7123      455.4716  3811362    0.39%
  34053 28483      455.2642   483      453.7123      455.4710  3823691    0.39%
  34171 28593      455.1428   376      453.7123      455.4708  3836531    0.39%
  34284 28698      454.9682   415      453.7123      455.4706  3849957    0.39%
  34334 28748      454.0455   268      453.7123      455.4706  3862799    0.39%
  34439 28843      454.2974   133      453.7123      455.4706  3874153    0.39%
  34591 28985      455.1540   372      453.7123      455.4702  3887114    0.39%
  34716 29102      454.7382   295      453.7123      455.4699  3900437    0.39%
  34816 29192      454.8711   317      453.7123      455.4696  3913744    0.39%
Elapsed time = 1164.20 sec. (1200211.28 ticks, tree = 56.46 MB, solutions = 15)
  34918 29294      453.7413    81      453.7123      455.4696  3926318    0.39%
  35015 29380      453.9732   146      453.7123      455.4693  3937552    0.39%
  35182 29529      455.1571   405      453.7123      455.4688  3950288    0.39%
  35293 29631      454.9882   337      453.7123      455.4688  3963973    0.39%
  35404 29736      454.9757   379      453.7123      455.4688  3976260    0.39%
  35447 29779      454.5496   295      453.7123      455.4688  3988019    0.39%
  35575 29898      455.2179   370      453.7123      455.4687  4000512    0.39%
  35689 30008      454.8837   323      453.7123      455.4684  4012977    0.39%
  35818 30131      454.6111   221      453.7123      455.4683  4025777    0.39%
  35939 30246      454.1594   198      453.7123      455.4682  4039157    0.39%
Elapsed time = 1200.95 sec. (1238760.35 ticks, tree = 58.48 MB, solutions = 15)
  36008 30312      454.8583   340      453.7123      455.4677  4053089    0.39%
  36084 30388      454.1505   162      453.7123      455.4677  4066454    0.39%
  36233 30520      454.2714   114      453.7123      455.4677  4079613    0.39%
  36368 30644      455.1809   447      453.7123      455.4669  4093163    0.39%
  36493 30759      454.8496   337      453.7123      455.4660  4107060    0.39%
  36592 30853      454.9466   392      453.7123      455.4659  4120064    0.39%
  36659 30920      453.9995   218      453.7123      455.4659  4132134    0.39%
  36750 30999      454.1765   229      453.7123      455.4658  4145147    0.39%
  36903 31141      455.3836   441      453.7123      455.4653  4159137    0.39%
  37048 31281      454.9349   314      453.7123      455.4653  4171875    0.39%
Elapsed time = 1237.28 sec. (1277234.52 ticks, tree = 60.41 MB, solutions = 15)
  37177 31405      454.8032   381      453.7123      455.4649  4187836    0.39%
  37257 31485      454.0258   179      453.7123      455.4649  4201880    0.39%
  37372 31587      454.3222   189      453.7123      455.4648  4214548    0.39%
  37527 31728      455.2255   396      453.7123      455.4638  4228094    0.39%
  37639 31836      454.9981   326      453.7123      455.4635  4241078    0.39%
  37751 31943      454.6236   384      453.7123      455.4632  4256089    0.39%
  37814 32006      454.0914   230      453.7123      455.4632  4269437    0.39%
  37939 32123      455.3008   489      453.7123      455.4617  4282888    0.39%
  38052 32232      455.1604   402      453.7123      455.4615  4296301    0.39%
  38196 32373      454.7656   281      453.7123      455.4614  4309850    0.39%
Elapsed time = 1273.80 sec. (1315785.78 ticks, tree = 62.46 MB, solutions = 15)
  38289 32460      454.7111   331      453.7123      455.4611  4323421    0.39%
  38358 32529      454.0986   196      453.7123      455.4611  4336562    0.39%
  38494 32652      455.0753   441      453.7123      455.4600  4350396    0.39%
  38607 32758      455.0106   293      453.7123      455.4597  4363912    0.39%
  38815 32956      455.1823   466      453.7123      455.4594  4378386    0.39%
  38871 33012      454.4472   306      453.7123      455.4594  4393615    0.39%
  38964 33095      454.9073   406      453.7123      455.4593  4407346    0.39%
  39070 33198      454.7349   252      453.7123      455.4589  4420567    0.38%
  39224 33339      455.4077   443      453.7123      455.4581  4434803    0.38%
  39349 33457      455.0753   387      453.7123      455.4579  4448902    0.38%
Elapsed time = 1310.39 sec. (1354339.25 ticks, tree = 65.91 MB, solutions = 15)
  39409 33517      454.3444   253      453.7123      455.4579  4462528    0.38%
  39523 33622      454.9849   286      453.7123      455.4578  4474471    0.38%
  39673 33764      454.2162   127      453.7123      455.4578  4488359    0.38%
  39806 33884      455.1681   363      453.7123      455.4563  4501152    0.38%
  39924 33994      454.8939   410      453.7123      455.4560  4515029    0.38%
  39966 34036      454.4353   302      453.7123      455.4560  4527690    0.38%
  40041 34099      455.1082   384      453.7123      455.4553  4539070    0.38%
  40166 34213      454.6832   293      453.7123      455.4547  4551107    0.38%
  40285 34325      454.4810   226      453.7123      455.4545  4563992    0.38%
  40452 34479      455.3285   480      453.7123      455.4543  4578169    0.38%
Elapsed time = 1346.96 sec. (1392808.20 ticks, tree = 67.86 MB, solutions = 15)
  40495 34522      454.5726   313      453.7123      455.4543  4592200    0.38%
  40595 34622      453.8729   117      453.7123      455.4543  4604354    0.38%
  40739 34751      455.0131   357      453.7123      455.4538  4618492    0.38%
  40860 34868      454.7033   339      453.7123      455.4537  4630643    0.38%
  41003 35002      454.1245   193      453.7123      455.4537  4645037    0.38%
  41094 35085      454.7361   338      453.7123      455.4535  4658739    0.38%
  41172 35151      455.2731   461      453.7123      455.4534  4671175    0.38%
  41273 35246      455.2482   362      453.7123      455.4533  4683170    0.38%
  41415 35378      454.7920   327      453.7123      455.4533  4696506    0.38%
  41559 35514      454.5959   197      453.7123      455.4530  4708461    0.38%
Elapsed time = 1383.52 sec. (1431390.92 ticks, tree = 69.79 MB, solutions = 15)
  41641 35591      454.7859   357      453.7123      455.4526  4721743    0.38%
  41736 35682      455.2910   492      453.7123      455.4526  4734969    0.38%
  41866 35801      454.7839   402      453.7123      455.4526  4748728    0.38%
  41970 35901      454.8307   287      453.7123      455.4525  4761529    0.38%
  42142 36070      453.8560    33      453.7123      455.4524  4773882    0.38%
  42206 36128      454.5027   302      453.7123      455.4522  4787220    0.38%
  42286 36208      453.8129   134      453.7123      455.4522  4799943    0.38%
  42415 36322      455.1881   489      453.7123      455.4512  4812098    0.38%
  42527 36430      454.9775   417      453.7123      455.4512  4825622    0.38%
  42642 36535      454.9075   332      453.7123      455.4508  4838242    0.38%
Elapsed time = 1420.19 sec. (1470101.40 ticks, tree = 71.71 MB, solutions = 15)
  42735 36623      454.6798   352      453.7123      455.4498  4852171    0.38%
  42812 36693      455.1365   444      453.7123      455.4494  4864145    0.38%
  42933 36807      455.0820   359      453.7123      455.4491  4877178    0.38%
  43042 36910      454.8224   323      453.7123      455.4490  4890172    0.38%

Performing restart 2

Repeating presolve.
Tried aggregator 1 time.
MIP Presolve modified 13 coefficients.
Reduced MIP has 1518 rows, 1971 columns, and 7990 nonzeros.
Reduced MIP has 492 binaries, 479 generals, 0 SOSs, and 0 indicators.
Presolve time = 0.00 sec. (2.23 ticks)
Tried aggregator 1 time.
Reduced MIP has 1518 rows, 1971 columns, and 7990 nonzeros.
Reduced MIP has 492 binaries, 479 generals, 0 SOSs, and 0 indicators.
Presolve time = 0.00 sec. (2.22 ticks)
Represolve time = 0.09 sec. (29.36 ticks)
  43181     0      455.7163   566      453.7123     Cuts: 109  4906062    0.38%
  43181     0      455.6464   541      453.7123      Cuts: 74  4906336    0.38%
  43181     0      455.6220   554      453.7123     Cuts: 103  4906525    0.38%
  43181     0      455.6100   535      453.7123      Cuts: 56  4906695    0.38%
  43181     0      455.5985   550      453.7123      Cuts: 49  4906851    0.38%
  43181     0      455.5912   518      453.7123      Cuts: 35  4906954    0.38%
  43181     0      455.5848   513      453.7123      Cuts: 52  4907080    0.38%
  43181     0      455.5696   535      453.7123      Cuts: 31  4907162    0.38%
  43181     0      455.5667   552      453.7123      Cuts: 29  4907239    0.38%
  43181     0      455.5646   526      453.7123      Cuts: 28  4907318    0.38%
  43181     0      455.5514   519      453.7123      Cuts: 37  4907437    0.38%
  43181     0      455.5471   544      453.7123      Cuts: 41  4907536    0.38%
  43181     0      455.5453   527      453.7123      Cuts: 27  4907602    0.38%
  43181     0      455.5436   539      453.7123      Cuts: 26  4907664    0.38%
  43181     0      455.5424   532      453.7123      Cuts: 22  4907737    0.38%
  43181     2      455.5424   534      453.7123      455.4489  4907737    0.38%
  43183     4      455.5088   514      453.7123      455.4489  4908094    0.38%
  43187     8      455.4623   477      453.7123      455.4489  4908772    0.38%
  43212    33      455.3454   279      453.7123      455.4489  4912644    0.38%
  43418   235      455.4274   458      453.7123      455.4489  4921522    0.38%
  43519   336      454.6046   167      453.7123      455.4489  4933280    0.38%
Elapsed time = 1466.82 sec. (1519726.80 ticks, tree = 0.67 MB, solutions = 15)
  43784   597      455.2718   495      453.7123      455.4489  4947278    0.38%
  43993   796      454.8319   343      453.7123      455.4489  4962882    0.38%
  44185   982      454.7917   222      453.7123      455.4489  4979419    0.38%
  44438  1220      454.8759   214      453.7123      455.4489  4995044    0.38%
  44709  1473      455.0328   378      453.7123      455.4489  5011077    0.38%
  44901  1654      454.0382   162      453.7123      455.4489  5027226    0.38%
  45181  1925      454.1266    34      453.7123      455.4489  5043160    0.38%
  45408  2140      454.7376   347      453.7123      455.4489  5060882    0.38%
  45583  2308      454.8274   295      453.7123      455.4489  5076735    0.38%
  45830  2541      455.0582   342      453.7123      455.4489  5091994    0.38%
Elapsed time = 1508.23 sec. (1558005.92 ticks, tree = 4.26 MB, solutions = 15)
  46104  2802      455.1710   391      453.7123      455.4415  5108127    0.38%
  46299  2986      455.2342   392      453.7123      455.4413  5125696    0.38%
  46561  3232      455.3721   452      453.7123      455.4274  5139918    0.38%
  46779  3441      454.2606   142      453.7123      455.4274  5154359    0.38%
  46944  3600      454.3206   190      453.7123      455.4241  5170583    0.38%
  47181  3822      455.2493   428      453.7123      455.4223  5185149    0.38%
  47380  4010      454.6729   173      453.7123      455.4206  5199944    0.38%
  47646  4262      454.8290   383      453.7123      455.4147  5214242    0.38%
  47779  4389      454.8703   341      453.7123      455.4087  5230078    0.37%
  48019  4620      453.8506    65      453.7123      455.4062  5242981    0.37%
Elapsed time = 1549.65 sec. (1596613.57 ticks, tree = 7.79 MB, solutions = 15)
  48259  4837      454.8486   252      453.7123      455.4050  5257071    0.37%
* 48375  4418      integral     0      453.8554      455.4050  5260070    0.34%
  48455  4496      454.3939   265      453.8554      455.4044  5273704    0.34%
  48649  4676      454.8427   377      453.8554      455.4025  5289626    0.34%
  48847  4865      455.1221   364      453.8554      455.4020  5304898    0.34%
  49052  5061      454.5200   308      453.8554      455.4011  5321305    0.34%
  49220  5218      455.1074   449      453.8554      455.3957  5336136    0.34%
  49389  5384      454.1071   132      453.8554      455.3895  5351865    0.34%
  49548  5530      454.9255   315      453.8554      455.3862  5367016    0.34%
  49697  5671      453.9435    97      453.8554      455.3819  5381379    0.34%
  49904  5867      453.8935   189      453.8554      455.3753  5397304    0.33%
Elapsed time = 1589.03 sec. (1634871.46 ticks, tree = 9.59 MB, solutions = 16)
  50081  6034      454.8701   335      453.8554      455.3727  5413207    0.33%
  50240  6182      454.2548   125      453.8554      455.3726  5428597    0.33%
  50493  6409      454.2276   227      453.8554      455.3710  5443747    0.33%
  50683  6587      454.7227   415      453.8554      455.3701  5459336    0.33%
  50800  6698      454.7503   347      453.8554      455.3691  5476738    0.33%
  51020  6906      454.9916   381      453.8554      455.3658  5491163    0.33%
  51239  7113      455.2519   360      453.8554      455.3630  5505389    0.33%
  51389  7253      454.9861   349      453.8554      455.3623  5521935    0.33%
  51612  7466      455.0346   357      453.8554      455.3609  5536212    0.33%
  51804  7649      454.9996   408      453.8554      455.3601  5551675    0.33%
Elapsed time = 1628.59 sec. (1673166.10 ticks, tree = 12.42 MB, solutions = 16)
  51912  7746      454.9928   364      453.8554      455.3596  5568337    0.33%
  52134  7958        cutoff            453.8554      455.3592  5582484    0.33%
  52348  8160      454.3541   141      453.8554      455.3591  5597781    0.33%
  52513  8319      453.8622   204      453.8554      455.3580  5614340    0.33%
  52714  8505      454.7652   252      453.8554      455.3570  5628885    0.33%
  52946  8722      454.9657   301      453.8554      455.3561  5643587    0.33%
  53112  8879      454.2929   340      453.8554      455.3558  5659617    0.33%
* 53308  9055      integral     0      453.8557      455.3549  5671204    0.33%
  53326  9071      454.7322   358      453.8557      455.3536  5674006    0.33%
  53455  9193      454.6658   414      453.8557      455.3523  5689720    0.33%
  53563  9297      454.7069   270      453.8557      455.3515  5706444    0.33%
Elapsed time = 1667.61 sec. (1711449.64 ticks, tree = 15.34 MB, solutions = 17)
  53756  9476      454.2617   160      453.8557      455.3500  5721003    0.33%
  54029  9726      454.4507   191      453.8557      455.3496  5736110    0.33%
  54246  9930      455.0465   357      453.8557      455.3488  5751522    0.33%
  54377 10054      454.3113   229      453.8557      455.3488  5767513    0.33%
  54550 10213      454.7726   278      453.8557      455.3473  5782076    0.33%
  54732 10384      454.9483   357      453.8557      455.3468  5797685    0.33%
  54867 10512      454.8772   315      453.8557      455.3467  5814109    0.33%
  55057 10691      454.8580   397      453.8557      455.3453  5829346    0.33%
  55234 10856      455.3197   438      453.8557      455.3452  5844337    0.33%
  55335 10957      454.0926   190      453.8557      455.3452  5861795    0.33%
Elapsed time = 1707.08 sec. (1749735.77 ticks, tree = 18.01 MB, solutions = 17)
  55523 11125      454.6351   282      453.8557      455.3438  5876787    0.33%
  55718 11306      454.9747   344      453.8557      455.3433  5890454    0.33%
  55902 11477      454.7150   297      453.8557      455.3431  5906039    0.33%
  56046 11615      454.4612   185      453.8557      455.3416  5921656    0.33%
  56267 11821      454.7095   281      453.8557      455.3408  5936565    0.33%
  56473 12005      455.1349   505      453.8557      455.3406  5949972    0.33%
  56583 12107      455.1678   407      453.8557      455.3403  5967872    0.33%
  56783 12299      454.0156   187      453.8557      455.3396  5982453    0.33%
  56959 12463      454.2120   229      453.8557      455.3391  5997500    0.33%
  57063 12564      454.2890   222      453.8557      455.3388  6014187    0.33%
Elapsed time = 1746.16 sec. (1788004.79 ticks, tree = 20.60 MB, solutions = 17)
  57284 12771      454.9578   352      453.8557      455.3376  6028681    0.33%
  57474 12950      455.0701   408      453.8557      455.3374  6043794    0.33%
  57615 13086      454.4629   355      453.8557      455.3370  6059809    0.33%
  57747 13209      454.3110   196      453.8557      455.3368  6074673    0.33%
  57924 13368      454.7592   311      453.8557      455.3361  6089866    0.33%
  58142 13568      454.6025   398      453.8557      455.3359  6103433    0.33%
  58254 13674      454.3598   294      453.8557      455.3352  6120488    0.33%
  58406 13820      454.8964   304      453.8557      455.3338  6135709    0.33%
  58626 14028      454.7086   419      453.8557      455.3325  6150492    0.33%
  58727 14125      454.7303   277      453.8557      455.3321  6166791    0.33%
Elapsed time = 1785.10 sec. (1826291.67 ticks, tree = 23.12 MB, solutions = 17)
  58943 14327      454.9490   363      453.8557      455.3310  6181161    0.33%
  59183 14552      455.1530   364      453.8557      455.3306  6195261    0.32%
  59297 14656      455.0686   348      453.8557      455.3304  6211380    0.32%
  59509 14853      454.9968   438      453.8557      455.3300  6226425    0.32%
  59755 15083      455.1814   406      453.8557      455.3292  6241448    0.32%
  59880 15198      455.1854   449      453.8557      455.3292  6258636    0.32%
  60062 15367      454.2097   185      453.8557      455.3286  6273484    0.32%
  60256 15553      454.6922   306      453.8557      455.3278  6287532    0.32%
  60362 15653      454.3665   314      453.8557      455.3277  6302831    0.32%
  60545 15826      454.5969   363      453.8557      455.3272  6318244    0.32%
Elapsed time = 1824.62 sec. (1864817.80 ticks, tree = 25.98 MB, solutions = 17)
  60691 15965      454.7464   306      453.8557      455.3265  6333819    0.32%
  60814 16082      454.5915   316      453.8557      455.3257  6347515    0.32%
  60956 16216      453.9831   139      453.8557      455.3254  6362168    0.32%
  61134 16373      454.6493   300      453.8557      455.3250  6376971    0.32%
  61327 16551      454.9312   375      453.8557      455.3222  6391981    0.32%
  61451 16664      454.9330   307      453.8557      455.3211  6408411    0.32%
  61626 16830      454.9749   371      453.8557      455.3206  6422730    0.32%
  61805 17000      453.9931   161      453.8557      455.3206  6436610    0.32%
  61945 17122      455.1734   394      453.8557      455.3188  6453624    0.32%
  62153 17317      454.1574   168      453.8557      455.3187  6467819    0.32%
Elapsed time = 1862.77 sec. (1903237.32 ticks, tree = 29.09 MB, solutions = 17)
  62360 17508      454.4069   252      453.8557      455.3171  6483170    0.32%
  62478 17622      454.0613   264      453.8557      455.3168  6499380    0.32%
  62617 17749      454.7272   321      453.8557      455.3161  6514698    0.32%
  62789 17911      453.9557   112      453.8557      455.3159  6527974    0.32%
  62890 18001      454.3816   420      453.8557      455.3153  6544947    0.32%
  63019 18122      454.1881   158      453.8557      455.3148  6559716    0.32%
  63163 18252      454.0264   240      453.8557      455.3135  6574975    0.32%
  63299 18375      454.6185   396      453.8557      455.3126  6589863    0.32%
  63411 18481      454.9809   387      453.8557      455.3121  6606548    0.32%
  63599 18657      454.1974   126      453.8557      455.3109  6619928    0.32%
Elapsed time = 1900.07 sec. (1941612.79 ticks, tree = 31.18 MB, solutions = 17)
  63762 18812      454.7511   282      453.8557      455.3102  6634417    0.32%
  63903 18947      454.0215   291      453.8557      455.3098  6651225    0.32%
  64066 19099      454.5567   345      453.8557      455.3092  6665907    0.32%
  64226 19251      454.5249   426      453.8557      455.3065  6679810    0.32%
  64329 19350      454.5286   283      453.8557      455.3058  6695605    0.32%
  64510 19519      453.9093   156      453.8557      455.3054  6710960    0.32%
  64665 19666      454.3671   271      453.8557      455.3052  6726499    0.32%
  64820 19813      454.8333   404      453.8557      455.3039  6740709    0.32%
  64921 19906      454.7875   277      453.8557      455.3038  6756353    0.32%
  65151 20126      454.9213   387      453.8557      455.3024  6770702    0.32%
Elapsed time = 1937.73 sec. (1979907.35 ticks, tree = 33.55 MB, solutions = 17)
  65317 20284      455.0911   425      453.8557      455.3009  6785132    0.32%
  65433 20392      454.9627   322      453.8557      455.3008  6802310    0.32%
  65667 20612      453.8814    68      453.8557      455.3007  6815123    0.32%
  65846 20776      454.3666   203      453.8557      455.3001  6829772    0.32%
  66007 20927      453.9000   169      453.8557      455.2999  6844357    0.32%
* 66171 18538      integral     0      453.9700      455.2998  6851337    0.29%
  66237 18604      454.3023   179      453.9700      455.2997  6858292    0.29%
  66401 18758      454.2093   227      453.9700      455.2983  6871575    0.29%
  66503 18850      455.0051   415      453.9700      455.2974  6888509    0.29%
  66662 19004      454.0113   173      453.9700      455.2968  6903044    0.29%
  66803 19135      454.3118   178      453.9700      455.2962  6917112    0.29%
Elapsed time = 1975.90 sec. (2018196.78 ticks, tree = 31.34 MB, solutions = 18)
  66935 19263      454.2435   221      453.9700      455.2961  6933088    0.29%
  67101 19414      454.5656   230      453.9700      455.2943  6947134    0.29%
  67294 19594      454.9853   450      453.9700      455.2937  6957198    0.29%
  67457 19737      455.0570   388      453.9700      455.2931  6968107    0.29%
  67637 19910      454.3606   335      453.9700      455.2927  6978382    0.29%
  67800 20059      454.8574   324      453.9700      455.2908  6989366    0.29%
  67971 20222      454.6947   223      453.9700      455.2897  6998851    0.29%
  68154 20395      454.6430   356      453.9700      455.2883  7009512    0.29%
  68321 20545      454.9283   343      453.9700      455.2879  7020280    0.29%
  68507 20724      454.5363   350      453.9700      455.2876  7030195    0.29%
Elapsed time = 2015.98 sec. (2056601.96 ticks, tree = 49.32 MB, solutions = 18)
  68640 20843      455.1099   523      453.9700      455.2869  7041985    0.29%
  68829 21019      454.8716   453      453.9700      455.2860  7052404    0.29%
  68974 21156      454.4104   354      453.9700      455.2849  7063895    0.29%
  69155 21324      454.3002   207      453.9700      455.2844  7074011    0.29%
  69346 21507      454.0643   111      453.9700      455.2841  7084152    0.29%
  69495 21640      453.9861   172      453.9700      455.2840  7095267    0.29%
  69699 21825      454.8950   376      453.9700      455.2832  7105172    0.29%
  69849 21971      454.3584   262      453.9700      455.2828  7116234    0.29%
  70035 22138      455.0484   347      453.9700      455.2823  7126610    0.29%
  70211 22304      454.0084   443      453.9700      455.2819  7137158    0.29%
Elapsed time = 2056.61 sec. (2095009.09 ticks, tree = 69.00 MB, solutions = 18)
  70395 22475      454.7451   293      453.9700      455.2814  7147171    0.29%
  70583 22650      454.9130   339      453.9700      455.2811  7158260    0.29%
  70757 22812      455.0119   390      453.9700      455.2809  7168380    0.29%
  70971 23011      454.4694   268      453.9700      455.2807  7178778    0.29%
  71068 23104      454.1288   316      453.9700      455.2807  7190438    0.29%
  71253 23273      454.0159   154      453.9700      455.2804  7200255    0.29%
  71442 23447      454.9899   317      453.9700      455.2793  7210441    0.29%
  71606 23602      453.9880   143      453.9700      455.2793  7220381    0.29%
  71787 23769      454.5480   347      453.9700      455.2787  7231014    0.29%
  71918 23888      455.1457   430      453.9700      455.2784  7242792    0.29%
Elapsed time = 2096.82 sec. (2133424.53 ticks, tree = 88.24 MB, solutions = 18)
  72136 24093      454.8700   269      453.9700      455.2779  7252912    0.29%
  72325 24273      454.5520   348      453.9700      455.2778  7263728    0.29%
  72499 24434      454.7601   287      453.9700      455.2776  7273946    0.29%
  72714 24631      454.2074   217      453.9700      455.2775  7283584    0.29%
  72861 24765      454.1133   202      453.9700      455.2771  7294023    0.29%
  73032 24925      454.6569   344      453.9700      455.2759  7304655    0.29%
  73162 25051      454.2039   213      453.9700      455.2759  7315273    0.29%
  73351 25227      455.1460   484      453.9700      455.2747  7324716    0.29%
  73542 25406      454.7665   375      453.9700      455.2744  7335413    0.29%
  73695 25548      454.9988   394      453.9700      455.2742  7345821    0.29%
Elapsed time = 2137.33 sec. (2171699.89 ticks, tree = 111.93 MB, solutions = 18)
  73896 25739      454.6212   311      453.9700      455.2739  7355993    0.29%
  74078 25904      454.7845   365      453.9700      455.2737  7366242    0.29%
  74265 26081      454.5627   324      453.9700      455.2728  7376251    0.29%
  74429 26236      454.4986   327      453.9700      455.2723  7386485    0.29%
  74613 26402      454.4539   271      453.9700      455.2717  7396790    0.29%
  74833 26610      454.9774   398      453.9700      455.2715  7406646    0.29%
  74981 26743      454.8337   347      453.9700      455.2713  7418043    0.29%
  75197 26949      454.3088   258      453.9700      455.2708  7428020    0.29%
  75337 27082      454.4118   247      453.9700      455.2707  7438507    0.29%
  75547 27283      454.2709   133      453.9700      455.2701  7448571    0.29%
Elapsed time = 2178.10 sec. (2209937.98 ticks, tree = 138.22 MB, solutions = 18)
  75738 27455      454.6647   344      453.9700      455.2700  7459813    0.29%
  75948 27652      454.7541   433      453.9700      455.2694  7469515    0.29%
  76117 27811      454.5246   275      453.9700      455.2688  7480133    0.29%
  76279 27959      454.8162   306      453.9700      455.2680  7490465    0.29%
  76484 28156      454.2864   179      453.9700      455.2677  7499440    0.29%
  76655 28318      454.2983   235      453.9700      455.2669  7510471    0.29%
  76850 28502      454.1033   121      453.9700      455.2664  7520437    0.29%
  77088 28722      454.7004   333      453.9700      455.2654  7530494    0.29%
  77257 28875      454.8822   378      453.9700      455.2652  7540571    0.29%
  77429 29040      454.0839   137      453.9700      455.2647  7550317    0.29%
Elapsed time = 2219.02 sec. (2248175.79 ticks, tree = 163.24 MB, solutions = 18)
  77582 29183      454.9612   314      453.9700      455.2642  7561205    0.29%
  77799 29389      454.1161   141      453.9700      455.2640  7570787    0.29%
  77944 29525      454.4160   301      453.9700      455.2637  7582304    0.28%
  78139 29700      454.6463   297      453.9700      455.2635  7591696    0.28%
  78364 29908      455.2452   426      453.9700      455.2631  7601557    0.28%
  78512 30050      454.4231   277      453.9700      455.2629  7612503    0.28%
  78735 30253      455.1593   382      453.9700      455.2626  7623210    0.28%
  78944 30457      454.1032   132      453.9700      455.2624  7633878    0.28%
  79125 30621      454.8080   338      453.9700      455.2623  7644555    0.28%
  79314 30796      454.2891   372      453.9700      455.2616  7654972    0.28%
Elapsed time = 2259.91 sec. (2286506.49 ticks, tree = 189.50 MB, solutions = 18)
  79503 30963      454.2810   289      453.9700      455.2615  7665306    0.28%
  79741 31177      454.9027   416      453.9700      455.2606  7675402    0.28%
  79891 31316      455.0906   407      453.9700      455.2598  7686803    0.28%
  80074 31488      454.9684   375      453.9700      455.2596  7696140    0.28%
  80219 31626      454.2752   241      453.9700      455.2595  7707153    0.28%
  80386 31778      455.1382   416      453.9700      455.2591  7718019    0.28%
  80590 31971      454.8466   405      453.9700      455.2588  7728399    0.28%
  80779 32143      455.0386   340      453.9700      455.2586  7738372    0.28%
  81014 32360      454.6689   340      453.9700      455.2580  7748128    0.28%
  81167 32499      454.9555   398      453.9700      455.2578  7758182    0.28%
Elapsed time = 2300.72 sec. (2325008.88 ticks, tree = 212.05 MB, solutions = 18)
  81352 32674      454.4394   237      453.9700      455.2576  7768328    0.28%
  81526 32837      453.9803   345      453.9700      455.2575  7778040    0.28%
  81739 33033      455.2188   416      453.9700      455.2572  7787660    0.28%
  81927 33210      454.7292   366      453.9700      455.2568  7797916    0.28%
  82101 33367      454.9930   447      453.9700      455.2566  7808296    0.28%
  82276 33535      454.5612   324      453.9700      455.2564  7817919    0.28%
  82438 33687      454.5457   293      453.9700      455.2562  7827826    0.28%
  82649 33887      455.1616   413      453.9700      455.2553  7837394    0.28%
  82817 34049      454.1522   268      453.9700      455.2550  7847811    0.28%
  83014 34222      455.1178   382      453.9700      455.2549  7857267    0.28%
Elapsed time = 2341.24 sec. (2363292.33 ticks, tree = 233.30 MB, solutions = 18)
  83238 34433      454.5548   407      453.9700      455.2541  7867128    0.28%
  83392 34573      454.3358   177      453.9700      455.2538  7877987    0.28%
  83580 34747      454.8720   416      453.9700      455.2533  7888389    0.28%
  83719 34877      454.4559   219      453.9700      455.2532  7898148    0.28%
  83922 35066      454.9304   364      453.9700      455.2530  7908087    0.28%
  84067 35203      455.1918   476      453.9700      455.2528  7918935    0.28%
  84255 35378      455.0026   332      453.9700      455.2525  7929369    0.28%
  84445 35560      454.5569   326      453.9700      455.2525  7939583    0.28%
  84615 35716      454.4642   227      453.9700      455.2522  7950340    0.28%
  84860 35944      454.6048   413      453.9700      455.2506  7959549    0.28%
Elapsed time = 2381.98 sec. (2401603.53 ticks, tree = 258.81 MB, solutions = 18)
  85000 36076      454.6137   265      453.9700      455.2500  7970920    0.28%
  85211 36275      454.0845   204      453.9700      455.2492  7980662    0.28%
  85359 36412      454.3345   231      453.9700      455.2492  7991348    0.28%
  85560 36599      454.7907   288      453.9700      455.2487  8001246    0.28%
  85718 36744      454.7063   264      453.9700      455.2486  8011820    0.28%
  85969 36986      454.0461   131      453.9700      455.2483  8021775    0.28%
  86113 37121      454.4106   301      453.9700      455.2483  8032968    0.28%
  86337 37328      453.9922    90      453.9700      455.2479  8042668    0.28%
  86514 37489      454.7407   416      453.9700      455.2477  8052717    0.28%
  86720 37676      454.1083   189      453.9700      455.2474  8062740    0.28%
Elapsed time = 2422.66 sec. (2439847.71 ticks, tree = 280.28 MB, solutions = 18)
  86980 37915      455.1214   432      453.9700      455.2472  8072355    0.28%
  87124 38049      455.1723   480      453.9700      455.2469  8083431    0.28%
  87331 38249      455.1032   362      453.9700      455.2461  8093330    0.28%
  87520 38429      455.2136   390      453.9700      455.2460  8103919    0.28%
  87725 38622      454.5938   353      453.9700      455.2459  8113793    0.28%
  87891 38777      454.4650   295      453.9700      455.2458  8123653    0.28%
  88070 38943      454.5711   381      453.9700      455.2457  8133757    0.28%
  88280 39136      455.0287   447      453.9700      455.2454  8143691    0.28%
  88417 39263      454.6164   352      453.9700      455.2453  8155428    0.28%
  88581 39419      454.2518   250      453.9700      455.2451  8165699    0.28%
Elapsed time = 2463.41 sec. (2478326.19 ticks, tree = 303.67 MB, solutions = 18)
  88781 39608      454.1933   200      453.9700      455.2448  8175313    0.28%
  88969 39776      455.0140   414      453.9700      455.2447  8185173    0.28%
* 89175 37865      integral     0      454.0146      455.2447  8192502    0.27%
  89194 37882      454.5540   397      454.0146      455.2444  8195496    0.27%
  89348 38022      454.5290   255      454.0146      455.2444  8206096    0.27%
  89581 38241      454.0325   108      454.0146      455.2442  8215479    0.27%
  89721 38371      454.4501   348      454.0146      455.2442  8226720    0.27%
  89952 38581      455.1418   422      454.0146      455.2437  8236156    0.27%
  90117 38738      454.8408   337      454.0146      455.2434  8247558    0.27%
  90329 38940      454.1906   177      454.0146      455.2433  8257155    0.27%
  90468 39072      454.4401   281      454.0146      455.2427  8267097    0.27%
Elapsed time = 2504.61 sec. (2516824.60 ticks, tree = 310.67 MB, solutions = 19)
  90671 39264      454.8605   406      454.0146      455.2425  8277086    0.27%
  90855 39434      454.6098   326      454.0146      455.2423  8288127    0.27%
  91001 39571      454.8028   263      454.0146      455.2421  8298346    0.27%
  91245 39801      455.1825   461      454.0146      455.2421  8307794    0.27%
  91361 39905      454.9390   388      454.0146      455.2417  8319702    0.27%
  91578 40114      454.7306   257      454.0146      455.2412  8329303    0.27%
  91752 40275      454.7048   225      454.0146      455.2410  8339904    0.27%
  91959 40472      454.1682   206      454.0146      455.2405  8349677    0.27%
  92125 40630      454.6200   303      454.0146      455.2404  8360744    0.27%
  92313 40806      454.2782   221      454.0146      455.2402  8370951    0.27%
Elapsed time = 2545.63 sec. (2555078.99 ticks, tree = 330.42 MB, solutions = 19)
  92502 40984      454.0452   140      454.0146      455.2401  8380160    0.27%
  92674 41138      454.8965   383      454.0146      455.2398  8390338    0.27%
  92858 41307      454.0530   286      454.0146      455.2397  8400035    0.27%
  93023 41463      454.0944   165      454.0146      455.2395  8410664    0.27%
  93267 41692      454.5600   355      454.0146      455.2388  8420826    0.27%
  93410 41831      454.1889   216      454.0146      455.2387  8431770    0.27%
  93638 42038      454.6917   344      454.0146      455.2385  8441544    0.27%
  93808 42199      454.6526   277      454.0146      455.2384  8450606    0.27%
  93981 42356      454.2776   215      454.0146      455.2380  8460714    0.27%
  94199 42556      454.9223   377      454.0146      455.2376  8470297    0.27%
Elapsed time = 2586.30 sec. (2593373.85 ticks, tree = 351.59 MB, solutions = 19)
  94381 42728      455.1180   434      454.0146      455.2373  8480800    0.27%
  94571 42908      454.5045   346      454.0146      455.2372  8491355    0.27%
  94721 43048      454.9905   322      454.0146      455.2372  8501934    0.27%
  94945 43263      454.0707   136      454.0146      455.2366  8511388    0.27%
  95103 43402      454.9658   388      454.0146      455.2362  8522091    0.27%
  95281 43570      454.2116   222      454.0146      455.2356  8531863    0.27%
  95452 43730      454.3524   289      454.0146      455.2353  8542939    0.27%
  95641 43900      454.9978   380      454.0146      455.2346  8552832    0.27%
  95789 44034      454.9878   353      454.0146      455.2343  8563371    0.27%
  95997 44230      454.4296   263      454.0146      455.2340  8573025    0.27%
Elapsed time = 2626.86 sec. (2631873.49 ticks, tree = 369.37 MB, solutions = 19)
  96152 44376      454.6146   300      454.0146      455.2339  8583268    0.27%
  96315 44520      455.1931   418      454.0146      455.2334  8593902    0.27%
  96515 44710      454.5081   250      454.0146      455.2332  8604341    0.27%
  96718 44898      455.0621   421      454.0146      455.2326  8614591    0.27%
  96901 45067      454.7032   373      454.0146      455.2323  8625219    0.27%
  97065 45219      454.6273   290      454.0146      455.2322  8635803    0.27%
  97247 45390      454.2117   227      454.0146      455.2319  8645230    0.27%
  97403 45530      454.7021   296      454.0146      455.2315  8656073    0.27%
  97613 45724      454.9381   358      454.0146      455.2313  8666061    0.27%
  97789 45893      454.0282   200      454.0146      455.2309  8676510    0.27%
Elapsed time = 2667.48 sec. (2670206.58 ticks, tree = 392.39 MB, solutions = 19)
  97973 46062      454.6486   299      454.0146      455.2306  8685935    0.27%
  98165 46243      454.4527   288      454.0146      455.2305  8695787    0.27%
  98326 46382      454.8423   327      454.0146      455.2299  8705857    0.27%
  98517 46566      454.1846   311      454.0146      455.2294  8715531    0.27%
  98683 46717      454.6945   310      454.0146      455.2290  8725337    0.27%
  98866 46892      454.2289   304      454.0146      455.2287  8735433    0.27%
  99033 47041      455.0788   409      454.0146      455.2285  8746031    0.27%
  99195 47195      454.6946   315      454.0146      455.2282  8756511    0.27%
  99415 47397      454.1865   235      454.0146      455.2279  8766666    0.27%
  99581 47548      454.7252   339      454.0146      455.2275  8776665    0.27%
Elapsed time = 2708.30 sec. (2708598.16 ticks, tree = 413.38 MB, solutions = 19)
  99771 47729      454.4594   184      454.0146      455.2274  8787110    0.27%
  99991 47925      454.9585   410      454.0146      455.2270  8797182    0.27%
 100143 48069      454.3142   221      454.0146      455.2270  8808101    0.27%
 100340 48253      454.7569   335      454.0146      455.2266  8817809    0.27%
 100478 48374      455.0898   430      454.0146      455.2265  8828698    0.27%
 100658 48545      454.5403   249      454.0146      455.2264  8838649    0.27%
 100815 48689      454.3634   269      454.0146      455.2259  8848973    0.27%
 101017 48874      454.9874   377      454.0146      455.2258  8859050    0.27%
 101190 49037      454.7756   310      454.0146      455.2256  8869157    0.27%
 101366 49201      454.2133   143      454.0146      455.2253  8879258    0.27%
Elapsed time = 2748.97 sec. (2746941.99 ticks, tree = 438.06 MB, solutions = 19)
 101535 49353      454.7211   311      454.0146      455.2250  8889702    0.27%
 101727 49532      454.5066   237      454.0146      455.2245  8899799    0.27%
 101926 49719      454.9930   353      454.0146      455.2243  8909744    0.27%
 102105 49879      454.7963   356      454.0146      455.2241  8920061    0.27%
 102331 50092      454.2018   186      454.0146      455.2235  8929805    0.27%
 102482 50227      454.1945   280      454.0146      455.2229  8940201    0.27%
 102691 50417      454.9547   357      454.0146      455.2227  8949748    0.27%
 102841 50553      454.9408   338      454.0146      455.2224  8959997    0.27%
 103062 50766      454.2384   165      454.0146      455.2222  8969831    0.27%
 103235 50920      454.1881   196      454.0146      455.2218  8980513    0.27%
Elapsed time = 2789.98 sec. (2785307.76 ticks, tree = 456.09 MB, solutions = 19)
 103397 51068      454.4005   250      454.0146      455.2211  8990102    0.27%
 103543 51196      454.6631   197      454.0146      455.2210  9001026    0.27%
 103766 51406      454.4932   273      454.0146      455.2206  9011114    0.27%
 103940 51563      454.5787   222      454.0146      455.2204  9021547    0.27%
 104145 51754      454.5475   412      454.0146      455.2202  9031591    0.27%
 104286 51887      454.8824   332      454.0146      455.2202  9042230    0.27%
 104498 52087      454.0314   130      454.0146      455.2200  9052228    0.27%
 104673 52240      454.8504   377      454.0146      455.2199  9062300    0.27%
 104863 52423      454.0938   227      454.0146      455.2198  9072436    0.27%
 105045 52583      454.9713   348      454.0146      455.2196  9082303    0.27%
Elapsed time = 2830.75 sec. (2823566.64 ticks, tree = 482.44 MB, solutions = 19)
 105240 52764      455.0910   438      454.0146      455.2194  9092265    0.27%
 105396 52912      455.0146   405      454.0146      455.2193  9102672    0.27%
 105596 53103      454.2398   237      454.0146      455.2192  9112055    0.27%
 105755 53254      454.2072   226      454.0146      455.2189  9122718    0.27%
 105966 53446      454.7683   302      454.0146      455.2186  9132580    0.27%
 106182 53651      454.5233   281      454.0146      455.2183  9142284    0.27%
 106357 53811      454.2653   137      454.0146      455.2182  9152756    0.27%
 106563 54003      454.5105   443      454.0146      455.2181  9163478    0.27%
 106720 54145      454.2588   162      454.0146      455.2180  9174421    0.27%
 106899 54311      454.2843   308      454.0146      455.2179  9185066    0.27%
Elapsed time = 2871.97 sec. (2861900.72 ticks, tree = 506.95 MB, solutions = 19)
 107089 54479      454.0174   167      454.0146      455.2178  9194690    0.27%
 107259 54637      454.4365   328      454.0146      455.2177  9205085    0.26%
 107415 54781      454.2048   129      454.0146      455.2176  9215275    0.26%
 107630 54977      454.5520   412      454.0146      455.2174  9225672    0.26%
 107796 55130      454.7168   224      454.0146      455.2170  9236010    0.26%
 108009 55335      454.1558   130      454.0146      455.2169  9244794    0.26%
 108143 55459      454.5896   237      454.0146      455.2168  9254867    0.26%
 108349 55651      455.0871   415      454.0146      455.2165  9264094    0.26%
 108483 55781      454.1474   247      454.0146      455.2165  9274438    0.26%
 108711 55990      454.2069   349      454.0146      455.2162  9284223    0.26%
Elapsed time = 2912.67 sec. (2900212.83 ticks, tree = 529.80 MB, solutions = 19)
 108862 56131      454.3886   341      454.0146      455.2161  9295193    0.26%
 109061 56317      454.1404    76      454.0146      455.2159  9304897    0.26%
 109222 56463      454.7279   268      454.0146      455.2158  9315191    0.26%
 109441 56670      454.9153   341      454.0146      455.2155  9325354    0.26%
 109639 56860      454.5771   269      454.0146      455.2154  9335225    0.26%
 109800 57010      454.8185   396      454.0146      455.2153  9346999    0.26%
 109999 57197      454.7059   324      454.0146      455.2152  9355549    0.26%
 110155 57340      454.7196   360      454.0146      455.2150  9365460    0.26%
 110318 57490      455.1515   363      454.0146      455.2147  9375263    0.26%
 110554 57713      454.1187   174      454.0146      455.2145  9384787    0.26%
Elapsed time = 2953.53 sec. (2938489.18 ticks, tree = 546.59 MB, solutions = 19)
 110701 57843      454.6197   299      454.0146      455.2142  9396061    0.26%
 110923 58049      455.0794   387      454.0146      455.2139  9405193    0.26%
 111054 58176      454.3492   242      454.0146      455.2138  9416683    0.26%
 111251 58360      454.8268   333      454.0146      455.2133  9426184    0.26%
 111417 58518      454.0261   132      454.0146      455.2133  9436736    0.26%
 111619 58704      454.1079   137      454.0146      455.2132  9445559    0.26%
 111818 58884      454.3654   416      454.0146      455.2128  9455277    0.26%
 111998 59051      454.1815   193      454.0146      455.2127  9464952    0.26%
 112219 59256      454.8076   312      454.0146      455.2121  9475113    0.26%
 112405 59429      454.5930   268      454.0146      455.2120  9485048    0.26%
Elapsed time = 2994.66 sec. (2976792.28 ticks, tree = 566.28 MB, solutions = 19)
 112603 59609      454.6576   323      454.0146      455.2117  9494873    0.26%
 112777 59773      454.5869   242      454.0146      455.2114  9504512    0.26%
 113005 59986      455.0240   350      454.0146      455.2109  9514440    0.26%
 113172 60139      454.7828   319      454.0146      455.2108  9524889    0.26%
 113398 60352      455.1102   391      454.0146      455.2107  9534382    0.26%
 113559 60507      454.1017   143      454.0146      455.2106  9545072    0.26%
 113768 60700      454.3439   229      454.0146      455.2104  9555306    0.26%
 113937 60857      454.2037   117      454.0146      455.2102  9565434    0.26%
 114133 61041      454.7726   378      454.0146      455.2099  9575363    0.26%
 114275 61177      454.9559   407      454.0146      455.2099  9586350    0.26%
Elapsed time = 3035.56 sec. (3015102.35 ticks, tree = 591.00 MB, solutions = 19)
 114457 61349      454.2100    95      454.0146      455.2098  9596000    0.26%
 114609 61485      454.9907   322      454.0146      455.2096  9607315    0.26%
 114835 61700      454.1905   164      454.0146      455.2096  9616925    0.26%
 115023 61875      454.2831   272      454.0146      455.2095  9627296    0.26%
 115193 62024      454.7205   304      454.0146      455.2090  9636999    0.26%
 115395 62213      454.3001   284      454.0146      455.2086  9646764    0.26%
 115624 62421      455.2081   414      454.0146      455.2082  9655975    0.26%
 115851 62639      454.5151   272      454.0146      455.2081  9666172    0.26%
 116063 62840      454.2886   150      454.0146      455.2080  9675774    0.26%
 116254 63019      454.5730   391      454.0146      455.2078  9686181    0.26%
Elapsed time = 3076.93 sec. (3053340.49 ticks, tree = 617.87 MB, solutions = 19)
 116409 63159      454.3961   192      454.0146      455.2075  9696285    0.26%
 116601 63333      454.9654   361      454.0146      455.2069  9706724    0.26%
 116786 63509      454.7616   335      454.0146      455.2069  9716412    0.26%
 116999 63704      454.8501   451      454.0146      455.2066  9725761    0.26%
 117171 63866      455.2041   440      454.0146      455.2062  9736896    0.26%
 117374 64058      454.8069   312      454.0146      455.2061  9746798    0.26%
 117520 64192      455.1297   398      454.0146      455.2060  9757846    0.26%
 117691 64347      454.7050   308      454.0146      455.2056  9768314    0.26%
 117849 64497      454.3381   245      454.0146      455.2056  9778907    0.26%
 118075 64703      454.7183   358      454.0146      455.2054  9788540    0.26%
Elapsed time = 3118.08 sec. (3091617.46 ticks, tree = 642.30 MB, solutions = 19)
 118245 64861      454.3861   255      454.0146      455.2052  9798816    0.26%
 118406 65011      454.2445   240      454.0146      455.2050  9808408    0.26%
 118581 65173      455.0057   407      454.0146      455.2048  9818189    0.26%
 118733 65312      454.6958   309      454.0146      455.2047  9828598    0.26%
 118939 65504      455.1435   383      454.0146      455.2039  9837927    0.26%
 119098 65659      454.1240   131      454.0146      455.2039  9848665    0.26%
 119315 65862      454.7602   336      454.0146      455.2037  9858148    0.26%
 119472 66007      454.6226   284      454.0146      455.2034  9868499    0.26%
 119690 66209        cutoff            454.0146      455.2034  9877915    0.26%
 119878 66374      455.0432   372      454.0146      455.2029  9888014    0.26%
Elapsed time = 3158.84 sec. (3129902.17 ticks, tree = 671.74 MB, solutions = 19)
 120114 66599      454.4908   188      454.0146      455.2026  9897350    0.26%
 120319 66780      455.1835   429      454.0146      455.2023  9907295    0.26%
 120491 66944      454.4485   281      454.0146      455.2022  9916772    0.26%
 120702 67141      454.0707   195      454.0146      455.2022  9927301    0.26%
 120874 67301      454.2860   182      454.0146      455.2019  9937303    0.26%
 121053 67473      454.3089   298      454.0146      455.2017  9948288    0.26%
 121213 67618      454.6821   370      454.0146      455.2016  9958686    0.26%
 121383 67779      454.1379   244      454.0146      455.2014  9969347    0.26%
 121549 67927      454.8422   280      454.0146      455.2012  9979131    0.26%
 121751 68118      454.2193   293      454.0146      455.2009  9989910    0.26%
Elapsed time = 3200.18 sec. (3168142.98 ticks, tree = 694.65 MB, solutions = 19)
 121938 68285      454.8312   284      454.0146      455.2008  9999491    0.26%
 122143 68474      454.4646   279      454.0146      455.2006 10009792    0.26%
 122362 68676      454.0182    92      454.0146      455.2006 10019691    0.26%
 122546 68846      454.8315   374      454.0146      455.2003 10029205    0.26%
 122700 68988      455.1651   420      454.0146      455.2002 10039745    0.26%
 122896 69174      454.8351   249      454.0146      455.2000 10049728    0.26%
 123076 69341      454.6890   272      454.0146      455.1998 10060154    0.26%
 123289 69538      454.9280   381      454.0146      455.1995 10070213    0.26%
 123466 69700      454.8304   385      454.0146      455.1993 10080964    0.26%
 123658 69880      454.4475   211      454.0146      455.1992 10090128    0.26%
Elapsed time = 3241.34 sec. (3206397.86 ticks, tree = 718.46 MB, solutions = 19)
 123807 70021      454.1998   261      454.0146      455.1991 10100322    0.26%
 123981 70180      454.7601   333      454.0146      455.1989 10110120    0.26%
 124152 70340      454.6960   329      454.0146      455.1988 10119539    0.26%
 124281 70455      455.1977   459      454.0146      455.1986 10125329    0.26%
 124442 70606      454.2959   122      454.0146      455.1986 10133329    0.26%
 124590 70744      454.8145   363      454.0146      455.1986 10140425    0.26%
 124763 70906      455.0542   417      454.0146      455.1985 10149837    0.26%
 124909 71048      454.1245   113      454.0146      455.1985 10156705    0.26%
 125065 71187      454.1426   262      454.0146      455.1985 10165033    0.26%
 125190 71300      454.2334   299      454.0146      455.1983 10171452    0.26%
Elapsed time = 3283.14 sec. (3245339.00 ticks, tree = 737.64 MB, solutions = 19)
 125346 71440      455.0288   440      454.0146      455.1982 10180506    0.26%
 125462 71546      454.3977   185      454.0146      455.1981 10189428    0.26%
 125628 71696      454.6442   365      454.0146      455.1980 10196848    0.26%
 125737 71799      454.1349   327      454.0146      455.1979 10207361    0.26%
 125888 71939      454.2553   193      454.0146      455.1979 10214108    0.26%
 126081 72114      455.0541   399      454.0146      455.1977 10222972    0.26%
 126219 72240      454.9008   349      454.0146      455.1976 10233574    0.26%
 126381 72395      454.7056   363      454.0146      455.1975 10241329    0.26%
 126493 72501      454.2060   254      454.0146      455.1975 10250352    0.26%
 126650 72639      455.0210   403      454.0146      455.1972 10258840    0.26%
Elapsed time = 3324.58 sec. (3284418.41 ticks, tree = 756.08 MB, solutions = 19)
 126809 72784      455.0503   413      454.0146      455.1970 10267041    0.26%
 126950 72912      454.1338   286      454.0146      455.1970 10277321    0.26%
 127117 73067      454.0450   130      454.0146      455.1968 10284878    0.26%
 127240 73180      454.4780   261      454.0146      455.1966 10294264    0.26%
 127381 73306      454.7733   314      454.0146      455.1965 10301454    0.26%
 127560 73472      454.4109   249      454.0146      455.1964 10310136    0.26%
 127687 73589      454.8928   376      454.0146      455.1962 10316728    0.26%
 127849 73743      454.6509   335      454.0146      455.1961 10324900    0.26%
 128005 73889      454.9063   417      454.0146      455.1960 10331643    0.26%
 128153 74030      454.7108   334      454.0146      455.1958 10341187    0.26%
Elapsed time = 3365.98 sec. (3322999.95 ticks, tree = 776.80 MB, solutions = 19)
 128320 74188      454.7331   212      454.0146      455.1957 10348274    0.26%
 128459 74315      455.1154   376      454.0146      455.1953 10357512    0.26%
 128621 74464      454.7402   342      454.0146      455.1951 10365501    0.26%
 128781 74617      454.4195   365      454.0146      455.1950 10373757    0.26%
 128904 74731      455.0841   368      454.0146      455.1950 10381639    0.26%
 129063 74881      454.6521   335      454.0146      455.1948 10390337    0.26%
 129181 74993      454.0234   226      454.0146      455.1944 10399535    0.26%
 129359 75156      454.8555   330      454.0146      455.1941 10407273    0.26%
 129501 75289      455.0142   432      454.0146      455.1941 10414130    0.26%
 129630 75408      454.2512   160      454.0146      455.1941 10423819    0.26%
Elapsed time = 3407.83 sec. (3362049.31 ticks, tree = 793.42 MB, solutions = 19)
 129781 75550      454.4630   214      454.0146      455.1940 10431758    0.26%
 129952 75712      454.3850   243      454.0146      455.1939 10440853    0.26%
 130095 75843      454.9292   317      454.0146      455.1938 10447792    0.26%
 130281 76015      454.6887   302      454.0146      455.1937 10455311    0.26%
 130401 76124      454.6890   308      454.0146      455.1937 10464684    0.26%
 130573 76289      454.3645   203      454.0146      455.1937 10473328    0.26%
 130699 76407      454.4269   296      454.0146      455.1936 10480101    0.26%
 130839 76532      454.1907   255      454.0146      455.1935 10489269    0.26%
 130983 76660      454.9361   369      454.0146      455.1933 10497172    0.26%
 131097 76762      454.6823   425      454.0146      455.1933 10507129    0.26%
Elapsed time = 3449.21 sec. (3400573.54 ticks, tree = 807.76 MB, solutions = 19)
 131231 76888      454.3631   236      454.0146      455.1932 10515572    0.26%
 131361 77006      454.9520   278      454.0146      455.1931 10525598    0.26%
 131526 77160      454.9577   409      454.0146      455.1930 10532622    0.26%
 131681 77308      454.0367   129      454.0146      455.1930 10539837    0.26%
 131831 77440      454.5233   233      454.0146      455.1930 10549089    0.26%
 132057 77658      454.2955    76      454.0146      455.1929 10556970    0.26%
 132238 77826      454.4032   347      454.0146      455.1929 10565170    0.26%
 132381 77953      454.4465   349      454.0146      455.1927 10573271    0.26%
 132552 78114      454.3677   243      454.0146      455.1927 10582234    0.26%
 132681 78230      454.2140   187      454.0146      455.1925 10590092    0.26%
Elapsed time = 3491.55 sec. (3439543.00 ticks, tree = 823.48 MB, solutions = 19)
 132860 78395      454.8823   354      454.0146      455.1923 10599684    0.26%
 132981 78512      454.1810   263      454.0146      455.1923 10607961    0.26%
 133181 78697      454.6940   383      454.0146      455.1918 10615932    0.26%
 133331 78839      454.6335   250      454.0146      455.1918 10625786    0.26%
 133522 79013      454.2233   209      454.0146      455.1918 10634665    0.26%
 133701 79179      455.0150   381      454.0146      455.1917 10643405    0.26%
 133871 79336      455.0418   360      454.0146      455.1915 10653502    0.26%
 134045 79503      454.0283    72      454.0146      455.1915 10660284    0.26%
 134227 79675      454.1862   135      454.0146      455.1913 10669051    0.26%
 134396 79826      454.1534   160      454.0146      455.1913 10676270    0.26%
Elapsed time = 3534.19 sec. (3478374.75 ticks, tree = 847.72 MB, solutions = 19)
 134581 79993      454.2560   130      454.0146      455.1911 10683798    0.26%
 134780 80172      454.7269   262      454.0146      455.1909 10693023    0.26%
 134980 80359      454.4557   170      454.0146      455.1908 10700779    0.26%
 135128 80496      454.4125   347      454.0146      455.1907 10708425    0.26%
 135277 80626      454.5407   280      454.0146      455.1904 10716858    0.26%
 135431 80772      454.7269   280      454.0146      455.1903 10724201    0.26%
 135575 80905      454.7910   514      454.0146      455.1899 10733577    0.26%
 135725 81046      454.9651   370      454.0146      455.1898 10741251    0.26%
 135881 81194      455.0383   369      454.0146      455.1895 10748958    0.26%
 136029 81338      454.2801   125      454.0146      455.1895 10758052    0.26%
Elapsed time = 3576.66 sec. (3517053.95 ticks, tree = 869.81 MB, solutions = 19)
 136271 81564      454.2299   136      454.0146      455.1894 10765411    0.26%
 136396 81680      454.6659   332      454.0146      455.1892 10774459    0.26%
 136581 81850      454.6659   272      454.0146      455.1890 10784006    0.26%
 136785 82038      454.5919   209      454.0146      455.1890 10792000    0.26%
 136949 82179      454.2511   176      454.0146      455.1889 10801896    0.26%

Flow cuts applied:  92
Mixed integer rounding cuts applied:  275
Lift and project cuts applied:  23
Gomory fractional cuts applied:  17
User cuts applied:  951

Root node processing (before b&c):
  Real time             =    1.60 sec. (1491.15 ticks)
Sequential b&c:
  Real time             = 3598.40 sec. (3537009.58 ticks)
                          ------------
Total (root+branch&cut) = 3600.01 sec. (3538500.73 ticks)
|V|                                     500
K                                       167
theta                                   0.20
r                                       1
R                                       20
prob_func                               facility_mixture
mixture_low_share                       0.100000
mixture_low_interval                    [0.001000, 0.010000]
mixture_high_interval                   [0.100000, 0.500000]
mixture_seed                            1
#C1                                     610
#CP                                     14610

@Parameters: 
am_callback_heuristic                   false
am_local_search                         true
am_start_heuristic                      false
colocation                              true
comp                                    false
cutC                                    true
cutC_init                               false
cutF                                    false
cutF_init                               false
cutF_stable                             false
cutF_wrong                              false
cutLocal                                false
cutM                                    true
cutM_init                               true
cutM_stable                             false
cutP                                    true
cutP_init                               false
cutP_stable                             false
init                                    true
init_cutF_zero                          false
init_val_greedy                         true
is_Euclidean                            false
is_local_search                         false
is_right_cutP                           true
is_root                                 false
is_silent                               false
is_start                                false
mycut                                   false
pmed                                    false
pre                                     true
stable_root                             false
str                                     true
two_phase                               false
ubstr                                   false
mode                                    Int

am_callback_node_space                  50
init                                    0
mixture_seed                            1
node_space                              5
nodelimit                               -1
nsepa                                   1
strF                                    0
type_delta                              0

EPS                                     0.001000
EPS_FRAC                                0.00
gap                                     0.00
mixture_high_max                        0.50
mixture_high_min                        0.10
mixture_low_max                         0.01
mixture_low_min                         0.00
mixture_low_share                       0.10
timelimit                               3600.00

Number of Closed Sites: 8 / 1336 
Number of Confined Sites-1: 13 / 2158 
Number of Confined Sites-k: 479 / 8727 
Preprocess Time: 1.15 + 0.00 sec

Solve Time: 3600.01
Number of Nodes: 137015
Termination Status: TIME_LIMIT

CutInfo: [phase] num / time (sec) / aver. num_nonzero
max              [LP]     0 / 0.00 / 0.00 [init]   321 / 0.01 / 1.25 [rLC]   301 / 0.01 / 3.80 [rUC]   314 / 0.04 / 2.12 [sLC]    47 / 0.17 / 3.72 [sUC]   456 / 1.79 / 3.13 
prod_oa          [LP]     0 / 0.00 / 0.00 [init]   238 / 0.00 / 19.48 [rLC]   269 / 0.01 / 25.14 [rUC]   383 / 0.06 / 21.88 [sLC]   665 / 0.25 / 19.54 [sUC]  1492 / 3.00 / 18.90 
prod_sm_fixed    [LP]     0 / 0.00 / 0.00 [init]     0 / 0.00 / 0.00 [rLC]     0 / 0.00 / 0.00 [rUC]     0 / 0.00 / 0.00 [sLC]     0 / 0.00 / 0.00 [sUC]     0 / 0.00 / 0.00 
prod_bin         [LP]     0 / 0.00 / 0.00 [init]     0 / 0.00 / 0.00 [rLC]     0 / 0.00 / 0.00 [rUC]     0 / 0.00 / 0.00 [sLC]     0 / 0.00 / 0.00 [sUC]     0 / 0.00 / 0.00 
prod_local       [LP]     0 / 0.00 / 0.00 [init]     0 / 0.00 / 0.00 [rLC]     0 / 0.00 / 0.00 [rUC]     0 / 0.00 / 0.00 [sLC]     0 / 0.00 / 0.00 [sUC]     0 / 0.00 / 0.00 
prod_sm_C        [LP]     0 / 0.00 / 0.00 [init]     0 / 0.00 / 0.00 [rLC]     0 / 0.00 / 0.00 [rUC]     0 / 0.00 / 0.00 [sLC]     0 / 0.00 / 0.00 [sUC]     0 / 0.00 / 0.00 
facet            [LP]     0 / 0.00 / 0.00 [init]     0 / 0.00 / 0.00 [rLC]     0 / 0.00 / 0.00 [rUC]     0 / 0.00 / 0.00 [sLC]     0 / 0.00 / 0.00 [sUC]     0 / 0.00 / 0.00 
Separation Round:   [LP] 0  [init] 1  [rLC] 2  [rUC] 13  [sLC] 54  [sUC] 267630  
Root Best Bound 459.774896
Root Best Integer: 451.777419
Best Bound: 455.188804
Best Integer: 454.014619
1: 2, 3, 10, 12, 19, 23, 25, 29, 36, 50, 53, 59, 62, 63, 66, 67, 69, 76, 80, 81, 84, 91, 92, 93, 95, 97, 100, 102, 106, 108, 116, 117, 119, 122, 123, 124, 125, 126, 129, 130, 131, 139, 140, 143, 146, 147, 148, 151, 152, 153, 158, 162, 163, 165, 167, 169, 181, 182, 186, 194, 195, 201, 204, 205, 209, 210, 212, 214, 217, 218, 220, 221, 224, 225, 237, 238, 240, 241, 249, 260, 262, 277, 287, 295, 297, 301, 304, 308, 309, 310, 320, 321, 326, 328, 329, 332, 333, 336, 340, 342, 343, 352, 357, 364, 365, 367, 368, 376, 377, 378, 379, 382, 385, 394, 407, 422, 423, 425, 428, 432, 436, 444, 446, 449, 452, 453, 458, 464, 466, 468, 476, 478, 487, 491, 492, 495, 498, 500
2: 142, 193, 247, 269, 298, 406, 480, 488
3: 33, 96, 252
4: 137
Objective Value (calc): 453.981973
sum_etaM = 332.735786 / 332.735786
sum_etaP = 484.334327 / 484.293520
nL: 150
nCL: 12
mCL: 4
