Version identifier: 20.1.0.0 | 2020-11-10 | 9bedb6d68
CPXPARAM_Threads                                 1
CPXPARAM_TimeLimit                               3600
CPXPARAM_MIP_Tolerances_MIPGap                   0
Generic callback                                 0x60
1 of 1 MIP starts provided solutions.
MIP start 'm1' defined initial solution with objective 550.8890.
Tried aggregator 2 times.
MIP Presolve eliminated 21 rows and 12 columns.
Aggregator did 9 substitutions.
Reduced MIP has 1807 rows, 2379 columns, and 11490 nonzeros.
Reduced MIP has 594 binaries, 585 generals, 0 SOSs, and 0 indicators.
Presolve time = 0.01 sec. (4.83 ticks)
Probing time = 0.00 sec. (0.62 ticks)
Tried aggregator 1 time.
Reduced MIP has 1807 rows, 2379 columns, and 11490 nonzeros.
Reduced MIP has 594 binaries, 585 generals, 0 SOSs, and 0 indicators.
Presolve time = 0.00 sec. (2.89 ticks)
Probing time = 0.00 sec. (0.62 ticks)
MIP emphasis: balance optimality and feasibility.
MIP search method: dynamic search.
Parallel mode: none, using 1 thread.
Root relaxation solution time = 0.03 sec. (34.55 ticks)

        Nodes                                         Cuts/
   Node  Left     Objective  IInf  Best Integer    Best Bound    ItCnt     Gap

*     0+    0                          550.8890      600.0000             8.91%
      0     0      586.3913   392      550.8890      586.3913     1171    6.44%
      0     0      560.4362   490      550.8890     Cuts: 551     1734    1.73%
      0     0      559.1912   460      550.8890     Cuts: 374     2090    1.51%
      0     0      558.8504   458      550.8890     Cuts: 126     2273    1.45%
      0     0      558.7227   458      550.8890     Cuts: 128     2402    1.42%
      0     0      558.6732   473      550.8890      Cuts: 54     2484    1.41%
      0     0      558.6382   462      550.8890      Cuts: 44     2550    1.41%
      0     0      558.6318   453      550.8890      Cuts: 16     2589    1.41%
      0     0      558.6295   460      550.8890      Cuts: 13     2617    1.41%
      0     0      558.6284   467      550.8890       Cuts: 9     2637    1.40%
      0     0      558.6282   467      550.8890 UserPurge2: 1     2639    1.40%
      0     2      558.6282   467      550.8890      558.6281     2639    1.40%
Elapsed time = 1.68 sec. (1527.64 ticks, tree = 0.01 MB, solutions = 1)
     15    17      557.8853   433      550.8890      558.5646     3892    1.39%
     23    25      557.5765   407      550.8890      558.5646     4842    1.39%
     30    32      557.2067   404      550.8890      558.5646     5475    1.39%
     40    42      556.8301   397      550.8890      558.5646     6619    1.39%
     53    55      556.3888   374      550.8890      558.5646     7391    1.39%
     60    62      556.1935   370      550.8890      558.5646     8081    1.39%
     74    76      555.8579   339      550.8890      558.5646     9211    1.39%
     90    92      555.3331   327      550.8890      558.5646    10030    1.39%
    110   112      554.2543   303      550.8890      558.5646    10972    1.39%
    195   193      557.9123   451      550.8890      558.5643    14576    1.39%
Elapsed time = 7.63 sec. (5196.47 ticks, tree = 0.46 MB, solutions = 1)
    220   218      556.5806   419      550.8890      558.5643    17107    1.39%
    276   274      554.9109   309      550.8890      558.5643    20868    1.39%
    360   354      557.1184   433      550.8890      558.5636    25475    1.39%
    407   401      557.4662   437      550.8890      558.5633    30209    1.39%
    466   460      554.6526   313      550.8890      558.5633    34315    1.39%

Performing restart 1

Repeating presolve.
Tried aggregator 1 time.
MIP Presolve modified 110 coefficients.
Reduced MIP has 1807 rows, 2379 columns, and 11490 nonzeros.
Reduced MIP has 594 binaries, 585 generals, 0 SOSs, and 0 indicators.
Presolve time = 0.00 sec. (2.99 ticks)
Tried aggregator 1 time.
Reduced MIP has 1807 rows, 2379 columns, and 11490 nonzeros.
Reduced MIP has 594 binaries, 585 generals, 0 SOSs, and 0 indicators.
Presolve time = 0.00 sec. (2.96 ticks)
Represolve time = 0.02 sec. (13.78 ticks)
    470     0      556.4412   564      550.8890     Cuts: 380    37748    1.01%
    470     0      555.8339   578      550.8890     Cuts: 334    38186    0.90%
    470     0      555.4760   592      550.8890     Cuts: 355    38664    0.83%
    470     0      555.1825   623      550.8890     Cuts: 319    39079    0.78%
    470     0      554.9729   576      550.8890     Cuts: 338    39490    0.74%
    470     0      554.8043   630      550.8890     Cuts: 327    39869    0.71%
    470     0      554.6217   583      550.8890     Cuts: 264    40319    0.68%
    470     0      554.5045   594      550.8890     Cuts: 307    40665    0.66%
    470     0      554.4040   630      550.8890     Cuts: 275    41089    0.64%
    470     0      554.3075   609      550.8890     Cuts: 250    41494    0.62%
    470     0      554.1938   628      550.8890     Cuts: 268    41914    0.60%
    470     0      554.1185   627      550.8890     Cuts: 275    42291    0.59%
    470     0      554.0597   646      550.8890     Cuts: 254    42692    0.58%
    470     0      553.9994   670      550.8890     Cuts: 226    43126    0.56%
    470     0      553.9643   649      550.8890     Cuts: 243    43533    0.56%
    470     0      553.9201   643      550.8890     Cuts: 191    43903    0.55%
    470     0      553.8794   670      550.8890     Cuts: 216    44303    0.54%
    470     0      553.8510   660      550.8890     Cuts: 216    44667    0.54%
    470     0      553.8172   686      550.8890     Cuts: 208    45030    0.53%
    470     0      553.7935   716      550.8890     Cuts: 161    45342    0.53%
    470     0      553.7758   668      550.8890     Cuts: 193    45653    0.52%
    470     0      553.7565   664      550.8890     Cuts: 171    45905    0.52%
    470     0      553.7554   662      550.8890 UserPurge2: 20    45972    0.52%
    470     0      553.7545   671      550.8890 UserPurge2: 11    46015    0.52%
    470     0      553.7541   682      550.8890 UserPurge2: 12    46047    0.52%
    470     0      553.7523   672      550.8890 UserPurge2: 8    46099    0.52%
    470     0      553.7519   685      550.8890 UserPurge2: 10    46139    0.52%
    470     0      553.7507   675      550.8890 UserPurge2: 7    46183    0.52%
    470     0      553.7507   667      550.8890 UserPurge2: 1    46190    0.52%
    470     0      553.7507   671      550.8890 UserPurge2: 1    46201    0.52%
    470     0      553.7506   685      550.8890 UserPurge2: 1    46225    0.52%
    470     0      553.7501   665      550.8890 UserPurge2: 4    46255    0.52%
    470     0      553.7500   668      550.8890 UserPurge2: 2    46270    0.52%
    470     0      553.7499   670      550.8890 UserPurge2: 6    46293    0.52%
    470     0      553.7498   665      550.8890 UserPurge2: 6    46312    0.52%
    470     0      553.7498   663      550.8890 UserPurge2: 1    46316    0.52%
    470     0      553.7498   669      550.8890 UserPurge2: 1    46321    0.52%
    470     0      553.7497   665      550.8890 UserPurge2: 2    46329    0.52%
    470     2      553.7497   667      550.8890      553.7496    46329    0.52%
    471     3      553.7233   636      550.8890      553.7231    46657    0.51%
    472     4      553.7033   633      550.8890      553.7186    47064    0.51%
    473     5      553.6646   616      550.8890      553.7186    47322    0.51%
    475     7      553.5983   611      550.8890      553.7186    47610    0.51%
Elapsed time = 36.25 sec. (31427.69 ticks, tree = 0.06 MB, solutions = 1)
    477     9      553.6483   606      550.8890      553.7186    47807    0.51%
    479    11      553.6389   613      550.8890      553.7186    48357    0.51%
    480    12      553.4586   635      550.8890      553.7186    50229    0.51%
    482    14      553.5584   618      550.8890      553.7186    51306    0.51%
    484    16      553.5328   607      550.8890      553.7186    53153    0.51%
    490    22      553.4046   607      550.8890      553.7186    55503    0.51%
    497    29      553.2680   579      550.8890      553.7186    58086    0.51%
    509    41      553.3277   559      550.8890      553.7186    60145    0.51%
    514    46      553.1803   542      550.8890      553.7186    61419    0.51%
    527    59      553.1549   505      550.8890      553.7186    64564    0.51%
Elapsed time = 47.61 sec. (43460.47 ticks, tree = 0.45 MB, solutions = 1)
    535    67      552.9297   466      550.8890      553.7186    66718    0.51%
    550    82      552.8004   428      550.8890      553.7186    69570    0.51%
    560    92      552.7094   399      550.8890      553.7186    71715    0.51%
    576   108      552.5212   338      550.8890      553.7186    75177    0.51%
    595   127      552.3859   295      550.8890      553.7186    78350    0.51%
    616   148      551.9604   264      550.8890      553.7186    81238    0.51%
    635   167      551.8220   235      550.8890      553.7186    83467    0.51%
    667   199      551.5843   174      550.8890      553.7186    86133    0.51%
    710   233      553.6788   641      550.8890      553.7033    89378    0.51%
    719   242      553.5364   603      550.8890      553.7033    92862    0.51%
Elapsed time = 57.93 sec. (53894.95 ticks, tree = 0.85 MB, solutions = 1)
    725   248      553.4013   583      550.8890      553.7033    96522    0.51%
    732   255      553.2617   503      550.8890      553.7033    99125    0.51%
    745   268      553.2407   491      550.8890      553.7033   102803    0.51%
    753   276      553.0481   463      550.8890      553.7033   106066    0.51%
    765   288      552.9749   423      550.8890      553.7033   109898    0.51%
    779   302      552.8140   400      550.8890      553.7033   113604    0.51%
    794   317      552.5470   367      550.8890      553.7033   117033    0.51%
    817   340      552.0540   294      550.8890      553.7033   120471    0.51%
    831   354      551.7213   273      550.8890      553.7033   122915    0.51%
    875   398      551.4513   185      550.8890      553.7033   126898    0.51%
Elapsed time = 67.67 sec. (63742.80 ticks, tree = 1.20 MB, solutions = 1)
    927   450      551.1069   115      550.8890      553.7033   130149    0.51%
    953   467      553.5098   617      550.8890      553.6864   133295    0.51%
    963   477      553.2911   568      550.8890      553.6864   136910    0.51%
    975   489      552.9724   497      550.8890      553.6864   140709    0.51%
    990   504      552.7261   403      550.8890      553.6864   143583    0.51%
   1025   539      552.1929   262      550.8890      553.6864   147099    0.51%
   1072   580      553.5579   651      550.8890      553.6627   150533    0.50%
   1080   588      553.4457   587      550.8890      553.6627   153935    0.50%
   1088   596      553.2053   551      550.8890      553.6627   157701    0.50%
   1096   604      553.0534   530      550.8890      553.6627   161200    0.50%
Elapsed time = 77.78 sec. (74118.65 ticks, tree = 1.62 MB, solutions = 1)
   1104   612      552.9604   513      550.8890      553.6627   164676    0.50%
   1112   620      552.8711   491      550.8890      553.6627   167858    0.50%
   1125   633      552.7353   462      550.8890      553.6627   171287    0.50%
   1138   646      552.5335   404      550.8890      553.6627   175233    0.50%
   1151   659      552.3683   382      550.8890      553.6627   178542    0.50%
   1174   682      552.2214   324      550.8890      553.6627   182516    0.50%
   1196   704      552.0771   291      550.8890      553.6627   185282    0.50%
   1220   728      551.7379   252      550.8890      553.6627   188089    0.50%
   1270   778      551.4034   147      550.8890      553.6627   191768    0.50%
   1278   786      553.4712   591      550.8890      553.6624   194775    0.50%
Elapsed time = 87.28 sec. (84008.32 ticks, tree = 1.99 MB, solutions = 1)
   1288   796      553.1690   518      550.8890      553.6624   198175    0.50%
   1300   808      553.0622   468      550.8890      553.6624   201768    0.50%
   1310   818      552.9694   459      550.8890      553.6624   204498    0.50%
   1326   834      552.4407   422      550.8890      553.6624   208180    0.50%
   1347   855      552.2890   366      550.8890      553.6624   212114    0.50%
   1360   868      552.0587   325      550.8890      553.6624   214588    0.50%
   1385   893      551.7846   250      550.8890      553.6624   217380    0.50%
   1417   925      551.7605   186      550.8890      553.6624   219732    0.50%
   1472   980      553.6179   627      550.8890      553.6551   222927    0.50%
   1480   988      553.4551   627      550.8890      553.6551   227057    0.50%
Elapsed time = 97.22 sec. (94298.60 ticks, tree = 2.42 MB, solutions = 1)
   1488   996      553.3792   563      550.8890      553.6551   230746    0.50%
   1499  1007      553.2292   510      550.8890      553.6551   234626    0.50%
   1507  1015      553.1128   496      550.8890      553.6551   237685    0.50%
   1512  1020      552.9369   491      550.8890      553.6551   239519    0.50%
   1523  1031      552.9272   444      550.8890      553.6551   242074    0.50%
   1536  1044      552.7362   420      550.8890      553.6551   245364    0.50%
   1550  1058      552.5784   353      550.8890      553.6551   248272    0.50%
   1577  1085      552.3896   281      550.8890      553.6551   252462    0.50%
   1591  1099      552.2697   256      550.8890      553.6551   254212    0.50%
   1637  1145      551.7181   188      550.8890      553.6551   258184    0.50%
Elapsed time = 106.67 sec. (104233.25 ticks, tree = 2.76 MB, solutions = 1)
   1673  1181      553.4641   626      550.8890      553.6182   261441    0.50%
   1679  1187      553.3086   583      550.8890      553.6182   264163    0.50%
   1684  1192      553.0923   561      550.8890      553.6182   266101    0.50%
   1699  1207      552.7772   432      550.8890      553.6182   270084    0.50%
   1723  1231      552.3766   290      550.8890      553.6182   274173    0.50%
   1762  1270      551.8263   176      550.8890      553.6182   276811    0.50%
   1823  1324      553.4801   605      550.8890      553.6179   280552    0.50%
   1830  1331      553.3793   591      550.8890      553.6179   283422    0.50%
   1836  1337      553.2324   582      550.8890      553.6179   286298    0.50%
   1868  1369      552.7807   451      550.8890      553.6179   297729    0.50%
Elapsed time = 119.63 sec. (117731.12 ticks, tree = 3.15 MB, solutions = 1)
   1953  1454      552.1136   202      550.8890      553.6179   309245    0.50%
   2086  1587      553.1684   524      550.8890      553.6160   320101    0.50%
   2232  1720      553.5712   631      550.8890      553.6022   332690    0.49%
   2257  1745      553.0136   552      550.8890      553.6022   344264    0.49%
   2293  1781      552.7493   381      550.8890      553.6022   356039    0.49%
   2389  1877      551.6914   189      550.8890      553.6022   369058    0.49%
   2510  1998      552.7093   381      550.8890      553.5981   381762    0.49%
   2625  2103      553.2732   576      550.8890      553.5973   392674    0.49%
   2658  2136      552.7057   482      550.8890      553.5973   404646    0.49%
   2712  2190      552.2038   317      550.8890      553.5973   416434    0.49%
Elapsed time = 158.01 sec. (157023.03 ticks, tree = 4.81 MB, solutions = 1)
   2812  2290      551.0011   121      550.8890      553.5973   425883    0.49%
   2873  2336      552.6864   404      550.8890      553.5946   437000    0.49%
   2995  2454      553.1120   568      550.8890      553.5922   449749    0.49%
   3030  2489      552.8223   408      550.8890      553.5922   461300    0.49%
   3081  2540      552.1298   293      550.8890      553.5922   472314    0.49%
   3197  2639      553.4077   608      550.8890      553.5813   483011    0.49%
   3223  2665      553.0675   493      550.8890      553.5813   494582    0.49%
   3266  2708      552.6913   365      550.8890      553.5813   506833    0.49%
   3334  2776      552.1414   202      550.8890      553.5813   515970    0.49%
   3481  2923      553.3200   579      550.8890      553.5728   527146    0.49%
Elapsed time = 195.23 sec. (196077.89 ticks, tree = 6.30 MB, solutions = 1)
   3517  2959      552.7960   401      550.8890      553.5728   538633    0.49%
   3617  3059      551.4745   178      550.8890      553.5728   549280    0.49%
   3699  3141      552.8804   388      550.8890      553.5722   560780    0.49%
   3835  3271      553.3709   591      550.8890      553.5721   572332    0.49%
   3860  3296      553.1595   478      550.8890      553.5721   583813    0.49%
   3912  3348      552.6260   352      550.8890      553.5721   596032    0.49%
   4026  3462      551.3824   108      550.8890      553.5721   607816    0.49%
   4108  3544      552.8069   387      550.8890      553.5642   619654    0.49%
   4241  3674      553.1144   544      550.8890      553.5599   630623    0.48%
   4280  3713      552.7713   444      550.8890      553.5599   643616    0.48%
Elapsed time = 233.21 sec. (234692.96 ticks, tree = 7.84 MB, solutions = 1)
   4372  3805      551.7012   220      550.8890      553.5599   654706    0.48%
   4504  3930      552.9246   419      550.8890      553.5584   666634    0.48%
   4654  4075      553.3514   589      550.8890      553.5584   677671    0.48%
   4684  4105      552.9056   498      550.8890      553.5584   688539    0.48%
   4729  4150      552.5406   398      550.8890      553.5584   700693    0.48%
   4780  4201      552.2105   271      550.8890      553.5584   709155    0.48%
   4884  4305      553.1666   521      550.8890      553.5581   721843    0.48%
   4960  4381      551.9132   171      550.8890      553.5581   732315    0.48%
   5070  4482      553.0286   509      550.8890      553.5580   744090    0.48%
   5113  4525      552.5320   373      550.8890      553.5580   756658    0.48%
Elapsed time = 271.00 sec. (273795.19 ticks, tree = 9.62 MB, solutions = 1)
   5175  4587      551.8685   251      550.8890      553.5580   765355    0.48%
   5249  4650      553.3030   572      550.8890      553.5566   775435    0.48%
   5276  4677      553.0166   483      550.8890      553.5566   785550    0.48%
   5334  4735      552.3538   348      550.8890      553.5566   797403    0.48%
   5471  4872      551.2506    65      550.8890      553.5566   808510    0.48%
   5493  4894      552.8461   516      550.8890      553.5550   818915    0.48%
   5534  4935      552.2642   418      550.8890      553.5550   831588    0.48%
   5577  4978      551.6559   314      550.8890      553.5550   840146    0.48%
   5672  5066      553.4321   574      550.8890      553.5544   849930    0.48%
   5745  5139      552.3378   221      550.8890      553.5544   860548    0.48%
Elapsed time = 307.68 sec. (313226.84 ticks, tree = 10.86 MB, solutions = 1)
   5843  5233      553.0307   471      550.8890      553.5503   873618    0.48%
   5921  5311      552.1192   274      550.8890      553.5503   888311    0.48%
   6088  5478      553.1132   505      550.8890      553.5364   900825    0.48%
   6240  5625      553.2009   556      550.8890      553.5346   915319    0.48%
   6288  5673      552.7129   396      550.8890      553.5346   929743    0.48%
   6360  5745      552.0703   242      550.8890      553.5346   940081    0.48%
   6496  5881      552.9943   463      550.8890      553.5326   954313    0.48%
   6665  6045      553.0356   543      550.8890      553.5326   968716    0.48%
   6708  6088      552.4782   401      550.8890      553.5326   982937    0.48%
   6767  6147      551.8991   254      550.8890      553.5326   992618    0.48%
Elapsed time = 345.93 sec. (352079.36 ticks, tree = 12.88 MB, solutions = 1)
   6876  6253      553.3935   578      550.8890      553.5214  1002408    0.48%
   6937  6314      552.3492   288      550.8890      553.5214  1013488    0.48%
   7062  6426      552.9731   519      550.8890      553.5148  1025662    0.48%
   7100  6464      552.7047   430      550.8890      553.5148  1037502    0.48%
   7200  6564      551.6033   166      550.8890      553.5148  1050367    0.48%
   7290  6654      553.1641   523      550.8890      553.5143  1061766    0.48%
   7325  6689      552.6130   399      550.8890      553.5143  1073259    0.48%
   7385  6749      552.0387   282      550.8890      553.5143  1082925    0.48%
   7480  6844      553.3141   522      550.8890      553.5143  1094594    0.48%
   7517  6881      552.8137   404      550.8890      553.5143  1106275    0.48%
Elapsed time = 382.90 sec. (390711.77 ticks, tree = 14.35 MB, solutions = 1)
   7611  6975      551.7119   244      550.8890      553.5143  1119188    0.48%
   7700  7064      552.7484   403      550.8890      553.5103  1130564    0.48%
   7868  7226      553.3829   555      550.8890      553.5102  1142336    0.48%
   7901  7259      552.7413   420      550.8890      553.5102  1153314    0.48%
   7951  7309      552.3276   310      550.8890      553.5102  1164391    0.48%
   8072  7430      553.4739   607      550.8890      553.5098  1176205    0.48%
   8140  7498      552.3934   240      550.8890      553.5098  1187462    0.48%
   8269  7623      553.0581   554      550.8890      553.5048  1198670    0.47%
   8309  7663      552.3826   412      550.8890      553.5048  1210912    0.47%
   8393  7747      551.7051   199      550.8890      553.5048  1220263    0.47%
Elapsed time = 420.34 sec. (429171.66 ticks, tree = 16.09 MB, solutions = 1)
   8489  7836      552.8084   387      550.8890      553.5041  1231966    0.47%
   8655  7996      553.3679   531      550.8890      553.4968  1244560    0.47%
   8693  8034      552.7352   455      550.8890      553.4968  1257683    0.47%
   8742  8083      552.4085   317      550.8890      553.4968  1268173    0.47%
   8872  8213      553.4131   573      550.8890      553.4964  1281207    0.47%
   8973  8314      551.9169   149      550.8890      553.4964  1294381    0.47%
   9080  8415      553.1266   463      550.8890      553.4963  1308622    0.47%
   9130  8465      552.6671   332      550.8890      553.4963  1320456    0.47%
   9228  8563      551.4456   157      550.8890      553.4963  1331481    0.47%
   9299  8634      553.1023   480      550.8890      553.4900  1344708    0.47%
Elapsed time = 457.74 sec. (467942.81 ticks, tree = 18.26 MB, solutions = 1)
   9348  8683      552.5957   347      550.8890      553.4900  1356213    0.47%
   9460  8795      551.6326   107      550.8890      553.4900  1367524    0.47%
   9510  8845      552.8374   425      550.8890      553.4896  1382255    0.47%
   9578  8913      552.2998   279      550.8890      553.4896  1395566    0.47%
   9687  9022      552.8795   518      550.8890      553.4895  1407359    0.47%
   9848  9179      553.3706   586      550.8890      553.4873  1419588    0.47%
   9870  9201      553.1521   508      550.8890      553.4873  1428584    0.47%
   9871  9202      553.4382   582      550.8890      553.4873  1429074    0.47%
   9872  9203      553.4478   589      550.8890      553.4858  1429564    0.47%
   9927  9258      552.4461   300      550.8890      553.4847  1442289    0.47%
Elapsed time = 502.10 sec. (512508.59 ticks, tree = 19.51 MB, solutions = 1)
  10105  9429      553.2736   560      550.8890      553.4846  1455516    0.47%
  10142  9466      552.7726   386      550.8890      553.4846  1468943    0.47%
  10221  9545      551.9269   211      550.8890      553.4846  1481710    0.47%
  10400  9707      553.0398   504      550.8890      553.4827  1493880    0.47%
  10574  9877      553.2087   569      550.8890      553.4811  1504626    0.47%
  10609  9912      552.6141   412      550.8890      553.4811  1516981    0.47%
  10678  9981      551.6190   267      550.8890      553.4811  1528725    0.47%
  10770 10067      553.2331   557      550.8890      553.4803  1539488    0.47%
  10805 10102      552.6236   401      550.8890      553.4803  1551811    0.47%
  10870 10167      551.8728   258      550.8890      553.4803  1562597    0.47%
Elapsed time = 539.73 sec. (551110.31 ticks, tree = 21.37 MB, solutions = 1)
  10966 10251      552.9549   548      550.8890      553.4803  1573387    0.47%
  11001 10286      552.4457   421      550.8890      553.4803  1586467    0.47%
  11054 10339      551.8969   286      550.8890      553.4803  1598705    0.47%
  11144 10408      553.2711   550      550.8890      553.4800  1608286    0.47%
  11205 10469      552.2887   226      550.8890      553.4800  1618660    0.47%
  11326 10578      553.0331   523      550.8890      553.4793  1628109    0.47%
  11362 10614      552.6481   407      550.8890      553.4793  1639597    0.47%
  11409 10661      551.7227   285      550.8890      553.4793  1649394    0.47%
  11536 10781      553.3044   534      550.8890      553.4778  1660376    0.47%
* 11716 10319      integral     0      551.0822      553.4778  1670070    0.43%
Elapsed time = 576.55 sec. (589621.73 ticks, tree = 21.50 MB, solutions = 2)
  11745 10346      552.6337   470      551.0822      553.4771  1680987    0.43%
  11780 10381      552.2530   331      551.0822      553.4771  1692128    0.43%
  11848 10449      551.3588   245      551.0822      553.4771  1701454    0.43%
  11901 10493      552.8953   413      551.0822      553.4766  1711177    0.43%
* 12062 10647      integral     0      551.0833      553.4766  1719631    0.43%
  12122 10707      552.1804   277      551.0833      553.4751  1730836    0.43%
  12260 10839      552.6869   388      551.0833      553.4746  1743646    0.43%
  12425 10998      552.9329   460      551.0833      553.4736  1755000    0.43%
  12568 11136      552.9013   559      551.0833      553.4730  1767574    0.43%
  12606 11174      552.3774   406      551.0833      553.4730  1781243    0.43%
Elapsed time = 612.85 sec. (627321.56 ticks, tree = 23.36 MB, solutions = 3)
  12681 11247      551.1132   243      551.0833      553.4730  1791899    0.43%
  12753 11311      552.0733   259      551.0833      553.4719  1803833    0.43%
  12906 11449      552.6517   371      551.0833      553.4715  1816593    0.43%
  13068 11601      553.0802   438      551.0833      553.4711  1828996    0.43%
* 13243 11259      integral     0      551.1819      553.4711  1838001    0.42%
  13318 11332      552.3148   196      551.1819      553.4711  1850192    0.42%
  13448 11458      552.8664   431      551.1819      553.4709  1864446    0.42%
  13521 11531      552.2284   288      551.1819      553.4709  1876155    0.42%
  13686 11689      552.6816   353      551.1819      553.4705  1889383    0.42%
  13832 11831      552.8663   408      551.1819      553.4696  1901676    0.42%
Elapsed time = 650.37 sec. (664658.96 ticks, tree = 24.64 MB, solutions = 4)
* 13975  9765      integral     0      551.5830      553.4696  1908460    0.34%
  14079  9863      553.3257   580      551.5830      553.4673  1921260    0.34%
  14180  9964      552.0728   150      551.5830      553.4673  1933550    0.34%
  14270 10050      552.9870   460      551.5830      553.4668  1946406    0.34%
  14318 10098      552.2136   361      551.5830      553.4668  1958070    0.34%
  14380 10156      552.7298   440      551.5830      553.4641  1969368    0.34%
  14476 10248      553.2554   523      551.5830      553.4638  1980504    0.34%
  14625 10394      553.1149   597      551.5830      553.4633  1993882    0.34%
  14732 10497      553.3729   557      551.5830      553.4629  2007542    0.34%
  14840 10605      551.8302   127      551.5830      553.4629  2019434    0.34%
Elapsed time = 686.66 sec. (701457.74 ticks, tree = 21.59 MB, solutions = 5)
  14908 10669      552.8599   387      551.5830      553.4627  2033234    0.34%
  15003 10762      551.6023   235      551.5830      553.4627  2045321    0.34%
  15172 10913      553.3407   579      551.5830      553.4619  2059489    0.34%
  15317 11052      553.3597   562      551.5830      553.4619  2071627    0.34%
  15424 11159      551.7080   119      551.5830      553.4619  2082610    0.34%
  15519 11251      552.2123   207      551.5830      553.4612  2094060    0.34%
  15608 11334      552.9628   476      551.5830      553.4605  2105650    0.34%
  15655 11381      552.4693   357      551.5830      553.4605  2117506    0.34%
  15714 11440      551.7776   264      551.5830      553.4605  2127099    0.34%
  15762 11476      552.9610   399      551.5830      553.4604  2136519    0.34%
Elapsed time = 724.72 sec. (740433.77 ticks, tree = 23.33 MB, solutions = 5)
  15907 11608      553.0764   536      551.5830      553.4602  2146763    0.34%
  16016 11714      553.1925   622      551.5830      553.4599  2159348    0.34%
  16070 11768      552.3156   293      551.5830      553.4599  2169914    0.34%
  16194 11885      552.3741   357      551.5830      553.4599  2180567    0.34%
  16272 11959      553.1030   509      551.5830      553.4591  2190284    0.34%
  16311 11998      552.5741   396      551.5830      553.4591  2202872    0.34%
  16384 12071      551.8984   260      551.5830      553.4591  2214290    0.34%
  16470 12141      552.7803   372      551.5830      553.4586  2225255    0.34%
  16610 12271      553.1286   525      551.5830      553.4585  2236178    0.34%
  16715 12376      551.8119   107      551.5830      553.4585  2247313    0.34%
Elapsed time = 763.58 sec. (780184.18 ticks, tree = 25.22 MB, solutions = 5)
  16790 12442      552.4965   339      551.5830      553.4575  2258447    0.34%
  16908 12555      553.0347   430      551.5830      553.4573  2269418    0.34%
  17060 12697      552.9344   565      551.5830      553.4556  2280908    0.34%
  17099 12736      552.2370   371      551.5830      553.4556  2293530    0.34%
  17170 12802      553.2007   501      551.5830      553.4551  2304744    0.34%
  17303 12935      551.7078    33      551.5830      553.4551  2315974    0.34%
  17380 13000      552.5543   298      551.5830      553.4550  2327741    0.34%
  17491 13106      552.9156   403      551.5830      553.4548  2339407    0.34%
* 17642 12958      integral     0      551.6156      553.4548  2346935    0.33%
  17722 13036      552.3505   185      551.6156      553.4544  2359383    0.33%
Elapsed time = 800.60 sec. (817199.68 ticks, tree = 26.53 MB, solutions = 6)
  17827 13129      553.0504   450      551.6156      553.4540  2371173    0.33%
  17889 13191      552.4594   298      551.6156      553.4540  2384297    0.33%
  17987 13281      552.6721   445      551.6156      553.4530  2395874    0.33%
  18097 13385      552.9595   391      551.6156      553.4529  2408587    0.33%
  18243 13525      552.8783   422      551.6156      553.4529  2421453    0.33%
  18378 13656      553.0831   486      551.6156      553.4527  2434196    0.33%
  18507 13781      553.4026   579      551.6156      553.4520  2446787    0.33%
  18554 13828      552.8246   407      551.6156      553.4520  2460933    0.33%
  18631 13905      551.9992   233      551.6156      553.4520  2472149    0.33%
  18713 13981      552.4156   340      551.6156      553.4517  2484930    0.33%
Elapsed time = 837.90 sec. (855661.02 ticks, tree = 28.49 MB, solutions = 6)
  18840 14099      552.5333   390      551.6156      553.4512  2498199    0.33%
  18949 14204      552.5688   373      551.6156      553.4510  2511716    0.33%
  19059 14310      552.5948   402      551.6156      553.4504  2525161    0.33%
  19188 14430      552.9567   559      551.6156      553.4504  2536126    0.33%
  19231 14473      552.4436   414      551.6156      553.4504  2550359    0.33%
  19293 14535      551.7957   262      551.6156      553.4504  2562217    0.33%
  19388 14624      552.2446   168      551.6156      553.4498  2574729    0.33%
  19532 14761      552.1866   252      551.6156      553.4497  2587522    0.33%
  19640 14865      552.3757   346      551.6156      553.4484  2600631    0.33%
  19771 14989      552.8010   408      551.6156      553.4478  2612428    0.33%
Elapsed time = 875.64 sec. (894178.27 ticks, tree = 30.64 MB, solutions = 6)
  19895 15109      553.2156   492      551.6156      553.4473  2625276    0.33%
  19942 15156      552.7142   378      551.6156      553.4473  2638707    0.33%
  20027 15241      551.8283   208      551.6156      553.4473  2649230    0.33%
  20079 15290      552.5675   383      551.6156      553.4472  2660181    0.33%
  20176 15383      552.6331   403      551.6156      553.4466  2672370    0.33%
  20308 15509      553.1475   498      551.6156      553.4446  2685043    0.33%
  20460 15658      552.9426   547      551.6156      553.4437  2697939    0.33%
  20540 15738      551.7557   166      551.6156      553.4437  2708718    0.33%
  20587 15781      552.7332   490      551.6156      553.4431  2721230    0.33%
  20628 15822      552.3096   367      551.6156      553.4431  2733259    0.33%
Elapsed time = 912.34 sec. (932513.25 ticks, tree = 32.33 MB, solutions = 6)
  20686 15874      553.2672   509      551.6156      553.4422  2742772    0.33%
  20842 16024      553.3515   593      551.6156      553.4419  2754198    0.33%
  20897 16079      552.4481   298      551.6156      553.4419  2765064    0.33%
  21016 16190      552.8257   394      551.6156      553.4414  2776616    0.33%
  21143 16313      553.1051   427      551.6156      553.4414  2787809    0.33%
  21270 16436      553.3042   552      551.6156      553.4407  2797369    0.33%
  21305 16471      552.7173   430      551.6156      553.4407  2810203    0.33%
  21362 16528      552.1525   275      551.6156      553.4407  2821136    0.33%
  21446 16600      552.9724   427      551.6156      553.4401  2831782    0.33%
  21593 16743      553.1353   455      551.6156      553.4400  2842953    0.33%
Elapsed time = 950.11 sec. (971259.04 ticks, tree = 34.90 MB, solutions = 6)
  21712 16862      551.7314    55      551.6156      553.4400  2851754    0.33%
  21801 16947      552.1376   192      551.6156      553.4398  2863549    0.33%
  21912 17055      552.1679   219      551.6156      553.4381  2874810    0.33%
  22012 17149      552.8689   503      551.6156      553.4381  2886261    0.33%
  22050 17187      552.5372   383      551.6156      553.4381  2898630    0.33%
  22096 17233      551.9816   271      551.6156      553.4381  2909463    0.33%
  22172 17297      552.9190   388      551.6156      553.4381  2919479    0.33%
  22342 17445      552.8838   460      551.6156      553.4377  2930452    0.33%
  22442 17541      553.0934   526      551.6156      553.4363  2941456    0.33%
  22575 17669        cutoff            551.6156      553.4363  2952760    0.33%
Elapsed time = 987.76 sec. (1009949.15 ticks, tree = 36.83 MB, solutions = 6)
  22629 17723      552.2280   312      551.6156      553.4354  2964496    0.33%
  22730 17817      552.8413   480      551.6156      553.4352  2975816    0.33%
  22776 17863      552.2394   360      551.6156      553.4352  2988850    0.33%
  22837 17915      553.0392   522      551.6156      553.4342  2998720    0.33%
  22925 18003      551.7369   159      551.6156      553.4342  3009592    0.33%
  23010 18082      552.2946   236      551.6156      553.4336  3020326    0.33%
  23130 18196      552.6754   348      551.6156      553.4333  3031435    0.33%
  23259 18321      552.6797   447      551.6156      553.4333  3043827    0.33%
  23347 18405      553.2230   559      551.6156      553.4332  3055483    0.33%
  23383 18441      552.9672   446      551.6156      553.4332  3068401    0.33%
Elapsed time = 1024.85 sec. (1048903.78 ticks, tree = 38.46 MB, solutions = 6)
  23426 18484      552.7073   330      551.6156      553.4332  3080122    0.33%
  23518 18566      553.1755   567      551.6156      553.4326  3090638    0.33%
  23616 18664      551.8820   116      551.6156      553.4326  3102834    0.33%
  23697 18740      552.4987   238      551.6156      553.4323  3114093    0.33%
  23816 18852      552.7111   375      551.6156      553.4319  3125732    0.33%
  23974 19002      552.9149   438      551.6156      553.4319  3138448    0.33%
  24106 19129      552.9527   578      551.6156      553.4317  3150223    0.33%
  24142 19165      552.3716   445      551.6156      553.4317  3163713    0.33%
  24202 19223      551.6723   293      551.6156      553.4317  3175144    0.33%
  24290 19304      552.0324   225      551.6156      553.4313  3187640    0.33%
Elapsed time = 1061.55 sec. (1087384.13 ticks, tree = 40.29 MB, solutions = 6)
  24368 19379      552.4811   350      551.6156      553.4308  3199313    0.33%
  24524 19527      552.6058   408      551.6156      553.4307  3212112    0.33%
  24638 19635      552.6405   436      551.6156      553.4302  3224872    0.33%
  24723 19716      552.7729   534      551.6156      553.4299  3237203    0.33%
  24777 19770      552.2987   399      551.6156      553.4299  3251015    0.33%
  24850 19831      553.3351   571      551.6156      553.4299  3261483    0.33%
  24961 19942      551.9959   118      551.6156      553.4299  3273342    0.33%
  25107 20083      551.9135   120      551.6156      553.4296  3286099    0.33%
  25265 20235      551.8153    82      551.6156      553.4289  3299504    0.33%
  25372 20334      552.0066   230      551.6156      553.4280  3312156    0.33%
Elapsed time = 1099.62 sec. (1125875.88 ticks, tree = 42.40 MB, solutions = 6)
  25462 20419      552.6577   468      551.6156      553.4277  3325902    0.33%
  25547 20504      551.6431   254      551.6156      553.4277  3338877    0.33%
  25644 20593      552.1584   176      551.6156      553.4277  3349797    0.33%
  25781 20726      552.0883   206      551.6156      553.4275  3362650    0.33%
  25893 20833      552.1709   299      551.6156      553.4269  3375828    0.33%
  25984 20919      552.7341   464      551.6156      553.4262  3385896    0.33%
  26074 21005      553.1328   526      551.6156      553.4262  3398441    0.33%
  26116 21047      552.5778   397      551.6156      553.4262  3412653    0.33%
  26160 21091      551.9071   319      551.6156      553.4262  3423772    0.33%
  26241 21160      552.8306   371      551.6156      553.4262  3435878    0.33%
Elapsed time = 1136.34 sec. (1164342.23 ticks, tree = 44.05 MB, solutions = 6)
  26358 21272      552.9624   458      551.6156      553.4260  3448040    0.33%
  26497 21406      553.1861   499      551.6156      553.4254  3459789    0.33%
  26649 21554      552.9636   460      551.6156      553.4254  3473583    0.33%
  26762 21662      553.1742   512      551.6156      553.4253  3484924    0.33%
  26800 21700      552.5416   432      551.6156      553.4253  3498195    0.33%
  26842 21742      552.0300   308      551.6156      553.4253  3507651    0.33%
  26916 21805      552.7761   475      551.6156      553.4251  3519299    0.33%
  27044 21926      553.2247   488      551.6156      553.4251  3530354    0.33%
  27181 22063      551.6481    27      551.6156      553.4251  3540941    0.33%
  27250 22123      552.2731   306      551.6156      553.4244  3551882    0.33%
Elapsed time = 1174.15 sec. (1203004.90 ticks, tree = 46.06 MB, solutions = 6)
  27349 22219      552.8286   435      551.6156      553.4243  3563536    0.33%
  27478 22344      552.9924   531      551.6156      553.4240  3576163    0.33%
  27513 22379      552.5929   397      551.6156      553.4240  3586851    0.33%
  27558 22424      552.3023   288      551.6156      553.4240  3596359    0.33%
  27641 22501      553.1070   475      551.6156      553.4238  3607940    0.33%
  27797 22650      553.2589   557      551.6156      553.4234  3618555    0.33%
  27922 22775      551.7837    49      551.6156      553.4234  3629377    0.33%
  28016 22864      552.0950   204      551.6156      553.4230  3641259    0.33%
  28089 22933      552.6322   345      551.6156      553.4226  3651112    0.33%
  28188 23028      552.9021   516      551.6156      553.4221  3663474    0.33%
Elapsed time = 1211.49 sec. (1241602.10 ticks, tree = 48.00 MB, solutions = 6)
  28241 23081      552.3448   336      551.6156      553.4221  3676088    0.33%
  28313 23144      552.9586   528      551.6156      553.4217  3687427    0.33%
  28433 23258      553.2403   512      551.6156      553.4215  3699026    0.33%
  28553 23378      551.6592    51      551.6156      553.4215  3709392    0.33%
  28630 23449      552.2659   227      551.6156      553.4215  3720424    0.33%
  28749 23560      552.5481   333      551.6156      553.4214  3731997    0.33%
  28868 23672      553.1935   505      551.6156      553.4202  3743434    0.33%
  28903 23707      552.8218   414      551.6156      553.4202  3755465    0.33%
  28961 23765      552.3794   249      551.6156      553.4202  3766146    0.33%
  29050 23845      552.8861   387      551.6156      553.4202  3777300    0.33%
Elapsed time = 1248.87 sec. (1280402.56 ticks, tree = 49.67 MB, solutions = 6)
* 29198 22591      integral     0      551.6966      553.4202  3783504    0.31%
  29293 22682      553.0805   582      551.6966      553.4197  3794676    0.31%
  29390 22776      553.2848   562      551.6966      553.4196  3806130    0.31%
  29544 22924      552.9420   576      551.6966      553.4193  3818380    0.31%
  29578 22958      552.4485   427      551.6966      553.4193  3831995    0.31%
  29637 23016      551.8045   298      551.6966      553.4193  3843836    0.31%
  29698 23069      552.5293   322      551.6966      553.4189  3853379    0.31%
  29794 23159      552.9252   436      551.6966      553.4187  3865100    0.31%
  29904 23265      553.3459   564      551.6966      553.4186  3875534    0.31%
  29981 23342      552.2982   219      551.6966      553.4186  3886916    0.31%
Elapsed time = 1285.70 sec. (1317899.18 ticks, tree = 48.19 MB, solutions = 7)
  30084 23437      552.6661   388      551.6966      553.4184  3898597    0.31%
  30202 23552      553.1173   518      551.6966      553.4175  3911296    0.31%
  30261 23611      552.3983   339      551.6966      553.4175  3924691    0.31%
  30347 23691      553.1494   543      551.6966      553.4156  3936326    0.31%
  30469 23806      553.3347   566      551.6966      553.4153  3949306    0.31%
  30530 23867      552.3421   260      551.6966      553.4153  3960648    0.31%
  30661 23987      552.4985   272      551.6966      553.4152  3973883    0.31%
  30775 24096      552.6686   397      551.6966      553.4151  3985498    0.31%
  30870 24187      552.8391   518      551.6966      553.4151  3996942    0.31%
  30922 24239      552.4856   397      551.6966      553.4151  4011611    0.31%
Elapsed time = 1323.29 sec. (1356922.12 ticks, tree = 50.01 MB, solutions = 7)
  30995 24306      553.0652   434      551.6966      553.4148  4024272    0.31%
  31138 24445      553.0909   473      551.6966      553.4142  4036371    0.31%
  31266 24569      553.1943   573      551.6966      553.4132  4048182    0.31%
  31326 24629      552.2562   252      551.6966      553.4132  4059227    0.31%
  31424 24723      552.5944   341      551.6966      553.4130  4071398    0.31%
  31530 24824      552.7668   520      551.6966      553.4129  4084248    0.31%
  31580 24874      552.2265   359      551.6966      553.4129  4098556    0.31%
  31660 24944      553.1632   513      551.6966      553.4127  4109177    0.31%
  31766 25046      553.2185   474      551.6966      553.4126  4121589    0.31%
  31903 25179      552.9985   565      551.6966      553.4124  4134665    0.31%
Elapsed time = 1361.38 sec. (1395581.98 ticks, tree = 51.99 MB, solutions = 7)
  31999 25271      553.1523   586      551.6966      553.4118  4147501    0.31%
  32078 25350      551.9934   194      551.6966      553.4118  4159784    0.31%
  32141 25410      552.8344   456      551.6966      553.4117  4173888    0.31%
  32201 25470      552.2217   321      551.6966      553.4117  4186991    0.31%
  32287 25549      552.6346   348      551.6966      553.4116  4198522    0.31%
  32407 25665      552.5697   347      551.6966      553.4114  4211250    0.31%
  32522 25776      552.6871   344      551.6966      553.4113  4223688    0.31%
  32630 25880      552.7994   396      551.6966      553.4108  4236373    0.31%
  32732 25978      553.1283   506      551.6966      553.4106  4249627    0.31%
  32777 26023      552.5939   358      551.6966      553.4106  4262923    0.31%
Elapsed time = 1398.55 sec. (1434499.93 ticks, tree = 53.65 MB, solutions = 7)
  32835 26070      553.1935   540      551.6966      553.4104  4273412    0.31%
  32912 26147      552.1581   154      551.6966      553.4104  4283832    0.31%
  33037 26268      552.1221   238      551.6966      553.4100  4297095    0.31%
  33133 26360      552.4019   292      551.6966      553.4097  4309188    0.31%
  33259 26480      552.6167   385      551.6966      553.4094  4321900    0.31%
  33376 26592      552.9939   507      551.6966      553.4089  4334685    0.31%
  33434 26650      552.3028   344      551.6966      553.4089  4347433    0.31%
  33494 26700      552.7143   462      551.6966      553.4083  4357668    0.31%
  33572 26774      553.2827   592      551.6966      553.4078  4367055    0.31%
  33660 26862      552.0248   166      551.6966      553.4078  4378888    0.31%
Elapsed time = 1435.32 sec. (1472999.38 ticks, tree = 55.47 MB, solutions = 7)
  33774 26971      552.4541   251      551.6966      553.4071  4389719    0.31%
* 33878 27006      integral     0      551.6991      553.4071  4393238    0.31%
  33926 27052      552.4011   272      551.6991      553.4062  4403474    0.31%
  34022 27143      552.9930   511      551.6991      553.4061  4415338    0.31%
  34062 27183      552.5654   427      551.6991      553.4061  4426750    0.31%
  34126 27241      553.1448   588      551.6991      553.4060  4436734    0.31%
  34240 27351      553.2979   567      551.6991      553.4059  4449097    0.31%
  34350 27455      553.2756   518      551.6991      553.4056  4461295    0.31%
  34483 27581      553.1892   589      551.6991      553.4053  4472527    0.31%
  34580 27678      551.9562   131      551.6991      553.4053  4483965    0.31%
Elapsed time = 1470.87 sec. (1509003.86 ticks, tree = 57.14 MB, solutions = 8)
  34641 27735      552.8153   467      551.6991      553.4051  4496442    0.31%
  34695 27789      552.1577   311      551.6991      553.4051  4508638    0.31%
  34774 27858      553.0268   409      551.6991      553.4045  4519850    0.31%
  34910 27988      553.0867   472      551.6991      553.4045  4531314    0.31%
  35013 28087      553.3129   509      551.6991      553.4041  4542070    0.31%
  35185 28253      553.0532   575      551.6991      553.4039  4554541    0.31%
  35249 28317      552.0979   262      551.6991      553.4039  4566166    0.31%
  35303 28367      553.0999   487      551.6991      553.4038  4577864    0.31%
  35340 28404      552.6825   364      551.6991      553.4038  4589520    0.31%
  35403 28467      551.8275   224      551.6991      553.4038  4599960    0.31%
Elapsed time = 1508.17 sec. (1547834.55 ticks, tree = 58.73 MB, solutions = 8)
  35470 28522      552.5850   373      551.6991      553.4032  4611370    0.31%
  35584 28632      552.5465   379      551.6991      553.4026  4622579    0.31%
  35685 28728      552.8710   350      551.6991      553.4020  4633040    0.31%
  35826 28861      552.9397   370      551.6991      553.4020  4644996    0.31%
  35961 28992      553.1658   527      551.6991      553.4020  4654454    0.31%
  36000 29031      552.8346   392      551.6991      553.4020  4666404    0.31%
  36078 29109      552.1811   228      551.6991      553.4020  4679557    0.31%
  36160 29181      552.7327   368      551.6991      553.4019  4689656    0.31%
  36285 29300      552.8156   418      551.6991      553.4017  4701912    0.31%
  36410 29418      553.2688   525      551.6991      553.4016  4712688    0.31%
Elapsed time = 1546.60 sec. (1586440.01 ticks, tree = 60.68 MB, solutions = 8)
  36540 29542      553.2366   565      551.6991      553.4013  4724015    0.31%
  36638 29640      551.9086   136      551.6991      553.4013  4736443    0.31%
  36692 29689      552.9250   458      551.6991      553.4012  4748318    0.31%
  36734 29731      552.4705   368      551.6991      553.4012  4760034    0.31%
  36809 29804      551.7355   150      551.6991      553.4012  4770793    0.31%
  36870 29858      552.5037   269      551.6991      553.4012  4780859    0.31%
  37000 29984      552.7251   342      551.6991      553.4007  4793052    0.31%
  37118 30098      552.8367   412      551.6991      553.4004  4805557    0.31%
  37245 30221      552.9371   423      551.6991      553.4003  4817452    0.31%
  37357 30327      553.2763   500      551.6991      553.4000  4827744    0.31%
Elapsed time = 1584.73 sec. (1625165.24 ticks, tree = 62.58 MB, solutions = 8)
  37407 30377      552.7495   365      551.6991      553.4000  4841252    0.31%
  37470 30440      552.1937   239      551.6991      553.4000  4851474    0.31%
  37579 30540      552.4768   282      551.6991      553.3993  4864201    0.31%
  37692 30647      552.8392   415      551.6991      553.3991  4875146    0.31%
  37832 30783      553.0034   448      551.6991      553.3989  4887706    0.31%
  37954 30901      553.0960   465      551.6991      553.3986  4900117    0.31%
  38073 31016      553.2734   548      551.6991      553.3984  4911896    0.31%
  38113 31056      552.4444   387      551.6991      553.3984  4925722    0.31%
  38194 31121      553.2974   581      551.6991      553.3983  4939144    0.31%
  38326 31251      551.7278    59      551.6991      553.3983  4951264    0.31%
Elapsed time = 1623.12 sec. (1664013.90 ticks, tree = 64.57 MB, solutions = 8)
  38404 31321      552.2291   254      551.6991      553.3981  4963455    0.31%
  38512 31426      552.4015   216      551.6991      553.3980  4975571    0.31%
  38637 31545      552.4746   281      551.6991      553.3980  4988004    0.31%
  38748 31648      552.7473   439      551.6991      553.3977  5001872    0.31%
  38807 31705      551.7625   328      551.6991      553.3977  5013991    0.31%
  38933 31819      553.3320   546      551.6991      553.3972  5026411    0.31%
  39103 31981      553.1813   552      551.6991      553.3972  5039106    0.31%
  39212 32090      551.7558   110      551.6991      553.3972  5050533    0.31%
  39292 32166      552.2210   246      551.6991      553.3965  5062001    0.31%
  39370 32240      553.0463   493      551.6991      553.3959  5075359    0.31%
Elapsed time = 1661.67 sec. (1702684.18 ticks, tree = 66.63 MB, solutions = 8)
  39414 32284      552.0023   366      551.6991      553.3959  5087774    0.31%
  39470 32333      552.8373   433      551.6991      553.3956  5098988    0.31%
  39585 32444      552.9294   423      551.6991      553.3954  5111060    0.31%
  39711 32566      553.1846   462      551.6991      553.3953  5122478    0.31%
  39855 32706      553.1656   467      551.6991      553.3948  5135685    0.31%
  39989 32836      552.8449   531      551.6991      553.3944  5149501    0.31%
  40030 32877      552.6255   392      551.6991      553.3944  5163206    0.31%
  40096 32933      553.0471   597      551.6991      553.3942  5175251    0.31%
  40189 33026      551.7689   145      551.6991      553.3942  5187830    0.31%
  40277 33109      552.1977   185      551.6991      553.3942  5199790    0.31%
Elapsed time = 1699.62 sec. (1741520.76 ticks, tree = 69.79 MB, solutions = 8)
  40395 33223      552.3447   238      551.6991      553.3942  5212411    0.31%
  40526 33348      552.4393   248      551.6991      553.3941  5224533    0.31%
  40625 33438      552.7857   467      551.6991      553.3939  5237944    0.31%
  40678 33491      552.3869   324      551.6991      553.3939  5250561    0.31%
  40764 33566      552.8452   386      551.6991      553.3939  5262903    0.31%
  40877 33674      553.1759   485      551.6991      553.3938  5272857    0.31%
  41020 33809      553.2311   482      551.6991      553.3935  5285352    0.31%
  41158 33943      553.0387   501      551.6991      553.3935  5298618    0.31%
  41282 34059      552.9893   541      551.6991      553.3934  5311661    0.31%
  41332 34109      552.1781   418      551.6991      553.3934  5326706    0.31%
Elapsed time = 1738.25 sec. (1780058.45 ticks, tree = 71.84 MB, solutions = 8)
  41382 34155      553.1319   527      551.6991      553.3934  5337014    0.31%
  41509 34273      553.2116   532      551.6991      553.3933  5348870    0.31%
  41603 34363      553.2682   566      551.6991      553.3930  5360905    0.31%
  41742 34498      553.2447   528      551.6991      553.3925  5372185    0.31%
  41837 34593      552.0198   132      551.6991      553.3925  5383376    0.31%
  41911 34661      552.8211   481      551.6991      553.3919  5395375    0.31%
  41956 34706      552.2748   361      551.6991      553.3919  5407750    0.31%
  42024 34755      553.0500   623      551.6991      553.3914  5417378    0.31%
  42081 34812      552.0444   293      551.6991      553.3914  5428986    0.31%
  42162 34889      552.4415   280      551.6991      553.3912  5441707    0.31%
Elapsed time = 1775.82 sec. (1818607.60 ticks, tree = 73.43 MB, solutions = 8)
  42281 35003      552.6452   387      551.6991      553.3910  5453340    0.31%
  42382 35100      552.7828   382      551.6991      553.3909  5465117    0.31%
  42496 35206      553.1345   545      551.6991      553.3908  5474577    0.31%
  42535 35245      552.7717   429      551.6991      553.3908  5488773    0.31%
  42591 35301      552.1623   293      551.6991      553.3908  5500940    0.31%
  42662 35361      552.8270   418      551.6991      553.3902  5511050    0.31%
  42770 35465      553.0688   497      551.6991      553.3902  5521841    0.31%
  42871 35562      553.2794   568      551.6991      553.3901  5531621    0.31%
  42957 35648      551.9359   180      551.6991      553.3901  5543948    0.31%
  43058 35744      552.1016   210      551.6991      553.3899  5556130    0.31%
Elapsed time = 1814.07 sec. (1857577.45 ticks, tree = 75.20 MB, solutions = 8)
  43130 35813      552.9894   421      551.6991      553.3898  5569012    0.31%
  43184 35867      552.2938   246      551.6991      553.3898  5580569    0.31%
  43260 35933      552.9141   403      551.6991      553.3896  5591529    0.31%
  43385 36052      552.9405   523      551.6991      553.3895  5602420    0.31%
  43471 36134      553.1477   511      551.6991      553.3894  5614092    0.31%
  43602 36264      551.7119    34      551.6991      553.3894  5625626    0.31%
  43739 36397      551.8325    53      551.6991      553.3890  5637733    0.31%
  43794 36448      553.0317   390      551.6991      553.3879  5650712    0.31%
  43864 36518      552.4983   250      551.6991      553.3879  5663164    0.31%
  43946 36589      552.9345   412      551.6991      553.3878  5673792    0.31%
Elapsed time = 1852.13 sec. (1896372.24 ticks, tree = 76.90 MB, solutions = 8)
  44075 36713      552.9484   454      551.6991      553.3874  5684776    0.31%
  44169 36803      553.0493   463      551.6991      553.3870  5696590    0.31%
  44287 36915      553.0710   509      551.6991      553.3865  5707461    0.31%
  44394 37015      553.1374   502      551.6991      553.3860  5720189    0.31%
  44445 37066      552.4853   335      551.6991      553.3860  5733694    0.31%
  44534 37146      553.1359   507      551.6991      553.3859  5743862    0.31%
  44663 37268      553.2373   527      551.6991      553.3850  5755297    0.31%
  44767 37368      553.3027   503      551.6991      553.3850  5767979    0.31%
  44896 37497      551.7517    36      551.6991      553.3850  5779947    0.31%
  45026 37618      551.7264    49      551.6991      553.3849  5790652    0.31%
Elapsed time = 1891.32 sec. (1935280.55 ticks, tree = 79.01 MB, solutions = 8)
  45060 37646      552.8473   486      551.6991      553.3849  5801964    0.31%
  45105 37691      552.2843   365      551.6991      553.3849  5814095    0.31%
  45201 37781      552.9760   416      551.6991      553.3848  5825822    0.31%
  45324 37899      552.9233   516      551.6991      553.3847  5836285    0.31%
  45430 38002      552.8976   535      551.6991      553.3845  5848946    0.31%
  45555 38123      552.9667   518      551.6991      553.3845  5861689    0.31%
  45661 38225      552.9736   505      551.6991      553.3843  5875429    0.31%
  45699 38263      552.7477   387      551.6991      553.3843  5887452    0.31%
  45754 38318      552.1668   256      551.6991      553.3843  5897943    0.31%
  45852 38403      552.9951   414      551.6991      553.3843  5908777    0.31%
Elapsed time = 1928.79 sec. (1974037.60 ticks, tree = 80.62 MB, solutions = 8)
  45974 38522      552.9865   401      551.6991      553.3831  5920043    0.31%
  46090 38636      552.7087   494      551.6991      553.3830  5932864    0.31%
  46184 38726      553.2728   557      551.6991      553.3829  5943704    0.31%
  46296 38838      551.8060   108      551.6991      553.3829  5955807    0.31%
  46358 38888      552.8130   441      551.6991      553.3829  5969418    0.31%
  46408 38938      552.4301   320      551.6991      553.3829  5981303    0.31%
  46495 39015      553.0946   473      551.6991      553.3829  5992733    0.31%
  46599 39114      553.1931   558      551.6991      553.3828  6005548    0.31%
  46698 39213      551.8703   127      551.6991      553.3828  6015899    0.31%
  46870 39367      553.1167   516      551.6991      553.3827  6029247    0.31%
Elapsed time = 1967.21 sec. (2012780.05 ticks, tree = 82.69 MB, solutions = 8)
  46994 39485      553.2364   555      551.6991      553.3827  6041301    0.31%
  47033 39524      552.6326   391      551.6991      553.3827  6054892    0.31%
  47085 39576      552.0128   277      551.6991      553.3827  6065999    0.31%
  47170 39649      552.7996   333      551.6991      553.3822  6076454    0.31%
  47341 39814      552.2771   225      551.6991      553.3822  6089194    0.31%
  47464 39932      552.2222   211      551.6991      553.3820  6101528    0.31%
  47591 40053      551.9296   172      551.6991      553.3820  6114058    0.31%
  47657 40115      552.5563   427      551.6991      553.3815  6128203    0.30%
  47745 40194      553.0122   539      551.6991      553.3809  6140519    0.30%
  47823 40272      551.9009   181      551.6991      553.3809  6152305    0.30%
Elapsed time = 2005.15 sec. (2051292.00 ticks, tree = 84.52 MB, solutions = 8)
  47928 40374      552.0796   230      551.6991      553.3809  6165613    0.30%
  48035 40476      552.2083   236      551.6991      553.3807  6178194    0.30%
  48158 40595      552.3699   207      551.6991      553.3807  6190362    0.30%
  48263 40693      552.6474   426      551.6991      553.3805  6204164    0.30%
  48360 40774      553.0192   577      551.6991      553.3804  6216384    0.30%
  48473 40881      553.2500   515      551.6991      553.3802  6228360    0.30%
  48585 40993      551.8610    66      551.6991      553.3802  6239666    0.30%
  48684 41086      551.8905   219      551.6991      553.3795  6252351    0.30%
  48823 41220        cutoff            551.6991      553.3792  6263498    0.30%
  48877 41266      552.3996   397      551.6991      553.3790  6278049    0.30%
Elapsed time = 2043.74 sec. (2089914.91 ticks, tree = 86.55 MB, solutions = 8)
  48926 41315      551.7957   284      551.6991      553.3790  6289278    0.30%
  48986 41365      552.2715   345      551.6991      553.3787  6300976    0.30%
  49064 41440      552.6566   393      551.6991      553.3787  6313404    0.30%
  49180 41552      553.0228   425      551.6991      553.3786  6325092    0.30%
  49310 41678      552.9559   498      551.6991      553.3786  6337022    0.30%
  49420 41784      553.0979   533      551.6991      553.3785  6349781    0.30%
  49466 41830      552.7636   376      551.6991      553.3785  6363621    0.30%
  49531 41895      552.1137   214      551.6991      553.3785  6374252    0.30%
  49642 42000      551.9224   243      551.6991      553.3785  6387755    0.30%
  49753 42102      553.2169   521      551.6991      553.3783  6399994    0.30%
Elapsed time = 2081.10 sec. (2128450.18 ticks, tree = 88.27 MB, solutions = 8)
  49847 42190      553.0865   590      551.6991      553.3782  6410866    0.30%
  49894 42237      552.2383   318      551.6991      553.3782  6419892    0.30%
  49980 42320      553.0243   388      551.6991      553.3782  6433480    0.30%
  50043 42383      552.3917   235      551.6991      553.3782  6444480    0.30%
  50158 42488      553.0717   498      551.6991      553.3781  6453897    0.30%
  50292 42618      553.1427   486      551.6991      553.3776  6465715    0.30%
  50419 42737      552.9148   490      551.6991      553.3776  6477619    0.30%
  50532 42846      553.0756   461      551.6991      553.3775  6490156    0.30%
  50667 42977      553.0714   501      551.6991      553.3774  6501875    0.30%
  50716 43026      552.6728   330      551.6991      553.3774  6516383    0.30%
Elapsed time = 2119.20 sec. (2166897.62 ticks, tree = 90.15 MB, solutions = 8)
  50800 43104      553.1092   577      551.6991      553.3771  6525605    0.30%
  50896 43196      553.2484   556      551.6991      553.3766  6536476    0.30%
  50978 43278      552.1119   182      551.6991      553.3766  6547360    0.30%
  51130 43426      552.1908   119      551.6991      553.3766  6558529    0.30%
  51230 43522      552.2485   279      551.6991      553.3764  6569880    0.30%
  51304 43590      552.9128   457      551.6991      553.3764  6582284    0.30%
  51337 43623      552.4916   377      551.6991      553.3764  6592255    0.30%
  51393 43679      551.8176   222      551.6991      553.3764  6603543    0.30%
  51472 43746      552.1369   249      551.6991      553.3763  6613436    0.30%
  51536 43805      552.5680   356      551.6991      553.3757  6623730    0.30%
Elapsed time = 2156.38 sec. (2205499.66 ticks, tree = 91.85 MB, solutions = 8)
  51656 43921      552.6236   284      551.6991      553.3756  6635972    0.30%
  51777 44036      552.8845   393      551.6991      553.3754  6646982    0.30%
  51885 44136      553.1180   494      551.6991      553.3754  6658005    0.30%
  51921 44172      552.8125   418      551.6991      553.3754  6670846    0.30%
  51960 44211      552.3402   309      551.6991      553.3754  6680735    0.30%
  52046 44287      553.2467   539      551.6991      553.3752  6690228    0.30%
  52154 44391      553.2398   531      551.6991      553.3750  6701744    0.30%
  52301 44531      553.1507   555      551.6991      553.3750  6713275    0.30%
  52390 44620      551.7744   143      551.6991      553.3750  6724671    0.30%
  52511 44738      551.8439    84      551.6991      553.3749  6736274    0.30%
Elapsed time = 2194.38 sec. (2244121.45 ticks, tree = 93.78 MB, solutions = 8)
  52573 44796      552.8243   417      551.6991      553.3749  6749532    0.30%
  52643 44866      551.9929   223      551.6991      553.3749  6759537    0.30%
  52745 44962      552.3883   252      551.6991      553.3748  6770802    0.30%
  52840 45052      552.5556   335      551.6991      553.3748  6782660    0.30%
  52950 45156      552.5551   328      551.6991      553.3748  6794823    0.30%
  53075 45276      552.3724   295      551.6991      553.3744  6807396    0.30%
  53142 45338      552.5163   503      551.6991      553.3743  6817267    0.30%
  53191 45387      551.9515   314      551.6991      553.3743  6830536    0.30%
  53279 45466      552.4804   211      551.6991      553.3742  6841087    0.30%
  53405 45586      552.4555   230      551.6991      553.3741  6852953    0.30%
Elapsed time = 2231.89 sec. (2282456.43 ticks, tree = 95.48 MB, solutions = 8)
  53512 45687      552.6414   402      551.6991      553.3740  6864040    0.30%
  53601 45773      553.1180   471      551.6991      553.3736  6874457    0.30%
  53727 45895      552.9201   574      551.6991      553.3734  6885741    0.30%
  53762 45930      552.4959   444      551.6991      553.3734  6898803    0.30%
  53806 45974      552.0324   336      551.6991      553.3734  6909872    0.30%
  53870 46032      553.1433   469      551.6991      553.3732  6919566    0.30%
  54003 46158      553.1234   571      551.6991      553.3729  6930838    0.30%
  54125 46273      553.2982   548      551.6991      553.3728  6943378    0.30%
  54262 46405      553.2141   542      551.6991      553.3728  6955053    0.30%
  54361 46504      551.7933   117      551.6991      553.3728  6966696    0.30%
Elapsed time = 2270.42 sec. (2321682.16 ticks, tree = 97.39 MB, solutions = 8)
  54422 46560      552.8190   394      551.6991      553.3728  6979565    0.30%
  54490 46628      552.2716   234      551.6991      553.3728  6990334    0.30%
  54628 46758      552.2988   184      551.6991      553.3726  7002984    0.30%
  54760 46883      552.0175   213      551.6991      553.3726  7014972    0.30%
  54841 46960      552.3651   293      551.6991      553.3724  7027580    0.30%
  54927 47042      552.4300   274      551.6991      553.3723  7040125    0.30%
  55021 47132      552.8644   476      551.6991      553.3722  7053325    0.30%
  55091 47202      551.8689   274      551.6991      553.3722  7066987    0.30%
  55185 47288      552.3114   239      551.6991      553.3721  7078182    0.30%
  55284 47380      552.6908   363      551.6991      553.3717  7089559    0.30%
Elapsed time = 2308.33 sec. (2360278.31 ticks, tree = 99.23 MB, solutions = 8)
  55411 47502      552.8017   407      551.6991      553.3716  7101552    0.30%
  55519 47606      552.5534   401      551.6991      553.3716  7114450    0.30%
  55603 47687      553.0187   487      551.6991      553.3715  7127404    0.30%
  55658 47742      552.5178   355      551.6991      553.3715  7140740    0.30%
  55757 47826      553.1917   531      551.6991      553.3714  7150447    0.30%
  55854 47923      551.7804   154      551.6991      553.3714  7162912    0.30%
  55975 48040      551.8018   107      551.6991      553.3714  7174834    0.30%
  56050 48108      552.4613   262      551.6991      553.3713  7186868    0.30%
  56191 48243      552.3232   217      551.6991      553.3708  7199254    0.30%
  56277 48325      552.9996   484      551.6991      553.3708  7212895    0.30%
Elapsed time = 2346.01 sec. (2398664.08 ticks, tree = 101.17 MB, solutions = 8)
  56339 48387      551.8553   317      551.6991      553.3708  7225789    0.30%
  56411 48445      552.7976   387      551.6991      553.3704  7236467    0.30%
  56524 48554      552.6927   378      551.6991      553.3703  7248973    0.30%
  56651 48677      552.5509   366      551.6991      553.3701  7262077    0.30%
  56754 48776      552.8552   399      551.6991      553.3700  7274432    0.30%
  56870 48884      552.8262   486      551.6991      553.3700  7287216    0.30%
  56920 48934      552.3910   354      551.6991      553.3700  7299267    0.30%
  56993 48997      553.1639   511      551.6991      553.3699  7310295    0.30%
  57121 49113      553.2452   556      551.6991      553.3698  7322945    0.30%
  57241 49233      551.8928    74      551.6991      553.3698  7335421    0.30%
Elapsed time = 2384.00 sec. (2437546.95 ticks, tree = 103.03 MB, solutions = 8)
  57336 49323      552.4529   229      551.6991      553.3696  7344779    0.30%
  57461 49443      552.0787   232      551.6991      553.3695  7357267    0.30%
  57527 49503      552.8269   453      551.6991      553.3694  7370458    0.30%
  57588 49564      552.1866   279      551.6991      553.3694  7383272    0.30%
  57650 49622      552.7413   384      551.6991      553.3693  7394924    0.30%
  57765 49732      552.7920   365      551.6991      553.3693  7407797    0.30%
  57882 49845      552.8289   382      551.6991      553.3692  7420833    0.30%
  58027 49986      552.9558   392      551.6991      553.3691  7432690    0.30%
  58156 50110      552.7963   544      551.6991      553.3691  7444694    0.30%
  58197 50151      552.3118   417      551.6991      553.3691  7458910    0.30%
Elapsed time = 2422.10 sec. (2476068.55 ticks, tree = 104.88 MB, solutions = 8)
  58255 50199      553.1723   566      551.6991      553.3690  7470117    0.30%
  58345 50289      551.8766   161      551.6991      553.3690  7482022    0.30%
  58441 50381      552.1977   228      551.6991      553.3687  7493045    0.30%
  58540 50472      552.5901   303      551.6991      553.3687  7503584    0.30%
  58700 50623      552.5864   260      551.6991      553.3687  7515678    0.30%
  58796 50716      552.8015   471      551.6991      553.3685  7529357    0.30%
  58851 50771      552.1706   344      551.6991      553.3685  7541149    0.30%
  58915 50828      552.8929   384      551.6991      553.3683  7552081    0.30%
  59038 50944      552.7648   423      551.6991      553.3682  7564595    0.30%
  59150 51052      552.7018   327      551.6991      553.3681  7577517    0.30%
Elapsed time = 2459.66 sec. (2514537.05 ticks, tree = 106.73 MB, solutions = 8)
  59279 51175      552.7299   364      551.6991      553.3680  7589650    0.30%
  59381 51270      553.0691   504      551.6991      553.3678  7601559    0.30%
  59421 51310      552.4353   402      551.6991      553.3678  7613631    0.30%
  59500 51380      552.8999   417      551.6991      553.3675  7625043    0.30%
  59629 51502      553.0421   427      551.6991      553.3673  7636857    0.30%
  59746 51614      553.2861   520      551.6991      553.3673  7647010    0.30%
  59837 51705      551.9241   133      551.6991      553.3673  7658328    0.30%
  59991 51855      551.8276    79      551.6991      553.3671  7670427    0.30%
  60059 51917      552.7218   389      551.6991      553.3668  7684191    0.30%
  60126 51984      552.0756   203      551.6991      553.3668  7694271    0.30%
Elapsed time = 2497.61 sec. (2552909.71 ticks, tree = 108.68 MB, solutions = 8)
  60239 52075      552.7209   365      551.6991      553.3667  7706275    0.30%
  60360 52189      552.7187   370      551.6991      553.3667  7717882    0.30%
  60483 52306      553.0781   439      551.6991      553.3666  7729160    0.30%
  60617 52434      552.9070   392      551.6991      553.3665  7740581    0.30%
  60719 52531      552.8169   509      551.6991      553.3665  7752292    0.30%
  60763 52575      552.3260   356      551.6991      553.3665  7766094    0.30%
  60832 52638      553.0992   417      551.6991      553.3664  7775977    0.30%
  60960 52761      552.9430   573      551.6991      553.3662  7787079    0.30%
  61043 52839      553.2746   511      551.6991      553.3660  7798481    0.30%
  61170 52962      553.1106   495      551.6991      553.3657  7810903    0.30%
Elapsed time = 2536.48 sec. (2592021.98 ticks, tree = 110.70 MB, solutions = 8)
  61281 53069      553.1310   543      551.6991      553.3651  7822261    0.30%
  61324 53112      552.7233   409      551.6991      553.3651  7835175    0.30%
  61379 53167      552.0511   247      551.6991      553.3651  7844957    0.30%
  61454 53233      551.9909   328      551.6991      553.3650  7857186    0.30%
  61524 53299      552.3386   339      551.6991      553.3649  7868773    0.30%
  61609 53379      552.7341   350      551.6991      553.3649  7880098    0.30%
  61744 53507      552.8283   371      551.6991      553.3649  7891254    0.30%
  61845 53604      552.8578   510      551.6991      553.3648  7902109    0.30%
  61885 53644      552.5443   400      551.6991      553.3648  7914545    0.30%
  61942 53701      552.1277   230      551.6991      553.3648  7925774    0.30%
Elapsed time = 2573.44 sec. (2630783.76 ticks, tree = 112.16 MB, solutions = 8)
  62056 53802      551.9283   145      551.6991      553.3647  7937575    0.30%
  62119 53859      552.4624   366      551.6991      553.3647  7948329    0.30%
  62233 53970      552.6621   319      551.6991      553.3646  7960552    0.30%
  62364 54094      552.5185   310      551.6991      553.3645  7973353    0.30%
  62469 54191      552.7185   467      551.6991      553.3643  7985107    0.30%
  62525 54247      552.3165   351      551.6991      553.3643  7998123    0.30%
  62604 54323      552.8072   445      551.6991      553.3637  8009357    0.30%
  62713 54426      553.0317   437      551.6991      553.3636  8021317    0.30%
  62835 54540      553.0852   446      551.6991      553.3635  8033697    0.30%
  62950 54652      553.1888   493      551.6991      553.3632  8045320    0.30%
Elapsed time = 2612.18 sec. (2669847.64 ticks, tree = 114.05 MB, solutions = 8)
  63078 54774      553.0144   594      551.6991      553.3631  8055757    0.30%
  63108 54804      552.6470   474      551.6991      553.3631  8068385    0.30%
  63155 54851      551.9005   333      551.6991      553.3631  8081170    0.30%
  63224 54908      552.5903   310      551.6991      553.3631  8092010    0.30%
  63371 55051      552.9113   381      551.6991      553.3630  8103142    0.30%
  63478 55154      553.0663   437      551.6991      553.3628  8114953    0.30%
  63603 55271      552.9618   527      551.6991      553.3628  8126406    0.30%
  63709 55373      553.2505   577      551.6991      553.3627  8139049    0.30%
  63748 55412      552.8116   426      551.6991      553.3627  8152198    0.30%
  63796 55460      552.3704   289      551.6991      553.3627  8162582    0.30%
Elapsed time = 2650.04 sec. (2708921.69 ticks, tree = 115.69 MB, solutions = 8)
  63882 55534      552.7989   455      551.6991      553.3626  8173347    0.30%
  63962 55609      553.0052   457      551.6991      553.3626  8185438    0.30%
  64085 55728      553.0660   526      551.6991      553.3624  8196975    0.30%
  64192 55831      553.1958   544      551.6991      553.3619  8208579    0.30%
  64324 55958      553.2333   603      551.6991      553.3615  8220996    0.30%
  64358 55992      552.8779   447      551.6991      553.3615  8234054    0.30%
  64400 56034      552.1538   316      551.6991      553.3615  8246362    0.30%
  64463 56091      552.7244   403      551.6991      553.3614  8259141    0.30%
  64568 56192      552.8515   443      551.6991      553.3612  8271026    0.30%
  64664 56284      553.1100   466      551.6991      553.3610  8282135    0.30%
Elapsed time = 2687.69 sec. (2747762.17 ticks, tree = 117.36 MB, solutions = 8)
  64777 56393      553.1825   483      551.6991      553.3609  8294212    0.30%
  64901 56513      553.2492   501      551.6991      553.3607  8305158    0.30%
  64950 56562      552.8123   343      551.6991      553.3607  8318703    0.30%
  65047 56659      551.8398   178      551.6991      553.3607  8331101    0.30%
  65110 56713      552.4949   312      551.6991      553.3606  8341989    0.30%
  65210 56808      552.6747   412      551.6991      553.3606  8354070    0.30%
  65305 56900      552.7809   393      551.6991      553.3605  8365191    0.30%
  65426 57015      552.6978   425      551.6991      553.3604  8378079    0.30%
  65504 57090      553.0980   555      551.6991      553.3601  8388957    0.30%
  65554 57140      551.9932   338      551.6991      553.3601  8402685    0.30%
Elapsed time = 2725.17 sec. (2786267.72 ticks, tree = 119.11 MB, solutions = 8)
  65620 57195      552.7276   394      551.6991      553.3600  8413178    0.30%
  65728 57293      553.1158   430      551.6991      553.3600  8424376    0.30%
  65863 57422      553.1143   484      551.6991      553.3596  8437561    0.30%
  65981 57536      552.7866   437      551.6991      553.3592  8450342    0.30%
  66047 57598      553.1179   505      551.6991      553.3591  8462901    0.30%
  66083 57634      552.9081   385      551.6991      553.3591  8475791    0.30%
  66124 57675      552.2823   331      551.6991      553.3591  8486639    0.30%
  66200 57738      553.1521   550      551.6991      553.3591  8496481    0.30%
  66334 57866      553.1703   492      551.6991      553.3589  8509009    0.30%
  66455 57984      551.7105    63      551.6991      553.3589  8521343    0.30%
Elapsed time = 2762.36 sec. (2824848.63 ticks, tree = 120.85 MB, solutions = 8)
  66622 58129      553.2772   495      551.6991      553.3589  8534601    0.30%
  66752 58256        cutoff            551.6991      553.3589  8546974    0.30%
  66786 58288      552.7386   453      551.6991      553.3589  8558869    0.30%
  66830 58332      551.9878   332      551.6991      553.3589  8569961    0.30%
  66895 58379      552.7848   460      551.6991      553.3586  8581238    0.30%
  66988 58469      552.9828   482      551.6991      553.3585  8594016    0.30%
  67099 58575      553.2033   517      551.6991      553.3580  8606422    0.30%
  67234 58701      553.2067   480      551.6991      553.3580  8618797    0.30%
  67353 58816      553.0656   503      551.6991      553.3577  8630927    0.30%
  67397 58860      552.5954   400      551.6991      553.3577  8644515    0.30%
Elapsed time = 2799.45 sec. (2863289.15 ticks, tree = 122.62 MB, solutions = 8)
  67451 58914      552.0487   220      551.6991      553.3577  8655183    0.30%
  67534 58985      552.6113   326      551.6991      553.3576  8666612    0.30%
  67670 59114      552.8078   374      551.6991      553.3574  8679422    0.30%
  67796 59234      553.0013   388      551.6991      553.3572  8691829    0.30%
  67932 59365      552.8662   364      551.6991      553.3570  8704602    0.30%
  68035 59463      552.7384   451      551.6991      553.3568  8717212    0.30%
  68098 59526      552.1850   279      551.6991      553.3568  8730824    0.30%
  68185 59609      552.7805   388      551.6991      553.3567  8742483    0.30%
  68310 59728      552.8657   387      551.6991      553.3567  8754445    0.30%
  68428 59842      553.0446   469      551.6991      553.3563  8765522    0.30%
Elapsed time = 2837.35 sec. (2902114.38 ticks, tree = 124.66 MB, solutions = 8)
  68524 59935      553.2317   582      551.6991      553.3562  8777401    0.30%
  68616 60027      551.8761   152      551.6991      553.3562  8789737    0.30%
  68682 60090      552.8809   400      551.6991      553.3562  8803335    0.30%
  68740 60148      552.2551   247      551.6991      553.3562  8815429    0.30%
  68820 60219      552.3081   303      551.6991      553.3561  8827909    0.30%
  68933 60328      552.5127   341      551.6991      553.3561  8839094    0.30%
  69028 60419      552.6296   365      551.6991      553.3556  8851745    0.30%
  69129 60516      553.0033   410      551.6991      553.3556  8863285    0.30%
  69250 60633      553.1482   477      551.6991      553.3555  8873954    0.30%
  69293 60676      552.6018   382      551.6991      553.3555  8887213    0.30%
Elapsed time = 2874.22 sec. (2940745.32 ticks, tree = 126.36 MB, solutions = 8)
  69370 60753      551.8980   210      551.6991      553.3555  8899068    0.30%
  69454 60827      552.4847   300      551.6991      553.3555  8910752    0.30%
  69578 60944      552.4136   325      551.6991      553.3555  8922403    0.30%
  69672 61033      552.3040   370      551.6991      553.3553  8935029    0.30%
  69754 61111      552.6323   333      551.6991      553.3549  8945789    0.30%
  69870 61220      552.8871   436      551.6991      553.3548  8958881    0.30%
  69917 61267      552.5400   334      551.6991      553.3548  8969980    0.30%
  69991 61337      553.1853   484      551.6991      553.3547  8981112    0.30%
  70128 61468      553.1690   533      551.6991      553.3545  8993105    0.30%
  70238 61572      553.2168   465      551.6991      553.3544  9005169    0.30%
Elapsed time = 2911.84 sec. (2979280.06 ticks, tree = 128.25 MB, solutions = 8)
  70383 61709      553.2392   550      551.6991      553.3544  9016554    0.30%
  70476 61802      551.9296   172      551.6991      553.3544  9027437    0.30%
  70530 61853      552.8002   441      551.6991      553.3544  9040719    0.30%
  70589 61912      552.1082   306      551.6991      553.3544  9053838    0.30%
  70655 61967      553.0781   523      551.6991      553.3544  9062123    0.30%
  70770 62076      552.9761   520      551.6991      553.3541  9072612    0.30%
  70860 62162      553.1723   543      551.6991      553.3540  9084840    0.30%
  70978 62275      553.1301   584      551.6991      553.3538  9096415    0.30%
  71090 62383      553.1344   598      551.6991      553.3536  9108538    0.30%
  71123 62416      552.6596   460      551.6991      553.3536  9119955    0.30%
Elapsed time = 2949.13 sec. (3018055.22 ticks, tree = 129.94 MB, solutions = 8)
  71166 62459      552.0768   348      551.6991      553.3536  9131869    0.30%
  71221 62508      552.9992   481      551.6991      553.3535  9141464    0.30%
  71324 62608      553.3036   530      551.6991      553.3535  9153129    0.30%
  71443 62727      552.0041    43      551.6991      553.3535  9165487    0.30%
  71540 62817      552.1219   298      551.6991      553.3533  9176333    0.30%
  71616 62889      552.6117   298      551.6991      553.3532  9188159    0.30%
  71752 63017      552.9358   470      551.6991      553.3532  9199398    0.30%
  71805 63070      552.5609   350      551.6991      553.3532  9211941    0.30%
  71905 63165      553.1474   558      551.6991      553.3530  9223850    0.30%
  72011 63267      553.3126   563      551.6991      553.3529  9235821    0.30%
Elapsed time = 2986.47 sec. (3056875.89 ticks, tree = 131.71 MB, solutions = 8)
  72100 63356      552.2365   161      551.6991      553.3529  9246855    0.30%
  72231 63479      552.2683   194      551.6991      553.3528  9258257    0.30%
  72363 63603      552.2726   229      551.6991      553.3526  9269282    0.30%
  72437 63673      552.8228   471      551.6991      553.3526  9280928    0.30%
  72481 63717      552.2579   363      551.6991      553.3526  9294311    0.30%
  72558 63782      551.7241   173      551.6991      553.3526  9304941    0.30%
  72630 63847      552.2561   256      551.6991      553.3526  9316143    0.30%
  72747 63954      552.5440   358      551.6991      553.3523  9328157    0.30%
  72843 64045      552.8889   419      551.6991      553.3522  9339320    0.30%
* 72980 63400      integral     0      551.7156      553.3522  9346834    0.30%
Elapsed time = 3023.22 sec. (3094312.11 ticks, tree = 131.72 MB, solutions = 9)
* 72981 63298      integral     0      551.7176      553.3522  9346841    0.30%
  73097 63408      553.1160   576      551.7176      553.3517  9359392    0.30%
  73128 63439      552.7818   446      551.7176      553.3517  9372225    0.30%
  73175 63484      551.7447   331      551.7176      553.3517  9383285    0.30%
  73257 63558      551.9048   176      551.7176      553.3516  9393829    0.30%
  73341 63639      552.3471   225      551.7176      553.3515  9404439    0.30%
  73503 63795      552.0131   147      551.7176      553.3515  9416838    0.30%
  73620 63906      552.1606   176      551.7176      553.3515  9428694    0.30%
  73685 63966      552.8757   488      551.7176      553.3515  9439889    0.30%
  73719 64000      552.5279   386      551.7176      553.3515  9450974    0.30%
  73756 64037      551.9724   254      551.7176      553.3515  9461877    0.30%
Elapsed time = 3060.13 sec. (3132933.07 ticks, tree = 132.97 MB, solutions = 10)
  73825 64097      552.5268   354      551.7176      553.3514  9473295    0.30%
  73920 64188      552.8285   360      551.7176      553.3512  9485416    0.30%
  74052 64315      552.9050   436      551.7176      553.3512  9497062    0.30%
  74174 64431      552.8166   427      551.7176      553.3511  9509416    0.30%
  74274 64526      553.1420   530      551.7176      553.3506  9521043    0.30%
  74321 64573      552.5404   361      551.7176      553.3506  9533717    0.30%
  74408 64648      553.0860   575      551.7176      553.3505  9546840    0.30%
  74508 64748      551.7546   109      551.7176      553.3505  9558173    0.30%
  74584 64819      552.1221   218      551.7176      553.3504  9570460    0.30%
  74696 64926      552.2285   204      551.7176      553.3504  9582366    0.30%
Elapsed time = 3097.70 sec. (3171690.28 ticks, tree = 134.80 MB, solutions = 10)
  74802 65024      552.2533   294      551.7176      553.3501  9593507    0.30%
  74872 65090      552.7388   480      551.7176      553.3499  9606110    0.30%
  74925 65143      552.2499   333      551.7176      553.3499  9619471    0.30%
  74999 65213      552.7395   402      551.7176      553.3497  9631921    0.30%
  75122 65328      552.8800   392      551.7176      553.3497  9644613    0.30%
  75219 65422      552.9875   492      551.7176      553.3495  9656370    0.30%
  75317 65517      553.2143   552      551.7176      553.3494  9667845    0.30%
  75451 65647      553.1178   543      551.7176      553.3494  9679223    0.30%
  75502 65698      552.1380   370      551.7176      553.3494  9693710    0.30%
  75575 65760      553.1960   455      551.7176      553.3490  9704819    0.30%
Elapsed time = 3134.69 sec. (3210423.18 ticks, tree = 139.36 MB, solutions = 10)
  75685 65867      553.1290   461      551.7176      553.3489  9716821    0.30%
  75808 65985      552.8813   460      551.7176      553.3488  9727922    0.30%
  75918 66092      552.8686   412      551.7176      553.3488  9740360    0.30%
  76004 66174      552.9268   496      551.7176      553.3487  9753684    0.30%
  76065 66235      552.3310   332      551.7176      553.3487  9767660    0.30%
  76151 66312      552.7101   374      551.7176      553.3484  9779282    0.30%
  76250 66408      552.6302   317      551.7176      553.3484  9792370    0.30%
  76401 66553      552.4543   240      551.7176      553.3483  9805076    0.30%
  76519 66666      552.1542   246      551.7176      553.3479  9816839    0.30%
  76590 66734      552.8919   438      551.7176      553.3478  9830111    0.30%
Elapsed time = 3172.12 sec. (3249056.65 ticks, tree = 141.29 MB, solutions = 10)
  76641 66785      552.2165   310      551.7176      553.3478  9842131    0.30%
  76708 66845      552.8730   438      551.7176      553.3476  9851850    0.30%
  76830 66958      553.2096   499      551.7176      553.3476  9862294    0.30%
  76950 67071      553.2549   543      551.7176      553.3475  9873345    0.30%
  77090 67207      553.2651   508      551.7176      553.3474  9885448    0.30%
  77218 67331      552.9719   531      551.7176      553.3473  9897087    0.30%
  77258 67371      552.4872   404      551.7176      553.3473  9910877    0.30%
  77307 67408      553.2177   554      551.7176      553.3472  9920532    0.30%
  77413 67514      551.9742    79      551.7176      553.3472  9931671    0.30%
  77516 67612      552.1082   204      551.7176      553.3472  9944175    0.30%
Elapsed time = 3209.57 sec. (3287592.95 ticks, tree = 143.13 MB, solutions = 10)
  77647 67738      552.3044   157      551.7176      553.3472  9956778    0.30%
  77756 67842      552.3924   343      551.7176      553.3470  9968352    0.30%
  77851 67933      552.7133   479      551.7176      553.3469  9980910    0.30%
  77900 67982      552.0947   336      551.7176      553.3469  9993345    0.30%
  77960 68038      552.8088   380      551.7176      553.3469 10004702    0.30%
  78068 68142      553.0836   420      551.7176      553.3468 10015788    0.30%
  78190 68260      552.6555   382      551.7176      553.3468 10028689    0.30%
  78295 68361      552.6923   413      551.7176      553.3467 10041507    0.30%
Starting limited solution polishing.
  78389 68451      552.9836   499      551.7176      553.3467 10053614    0.30%
  78440 68502      552.4517   380      551.7176      553.3467 10067410    0.30%
Elapsed time = 3246.83 sec. (3326129.03 ticks, tree = 144.94 MB, solutions = 10)
  78496 68558      551.8803   223      551.7176      553.3467 10077700    0.30%
  78590 68646      552.1713   173      551.7176      553.3465 10089245    0.30%
  78750 68799      552.0937   109      551.7176      553.3464 10100893    0.30%
  78840 68883      552.3255   215      551.7176      553.3464 10111917    0.30%
  78950 68990      552.4818   340      551.7176      553.3461 10123227    0.30%
  79020 69055      552.8024   515      551.7176      553.3458 10132927    0.30%
  79065 69100      552.3317   373      551.7176      553.3458 10145585    0.30%
  79115 69140      553.1610   540      551.7176      553.3456 10154783    0.30%
  79198 69223      551.9133   157      551.7176      553.3456 10165471    0.30%
  79288 69307      552.5273   230      551.7176      553.3454 10175755    0.30%
Elapsed time = 3284.42 sec. (3364513.13 ticks, tree = 146.61 MB, solutions = 10)
  79394 69410      552.7649   338      551.7176      553.3453 10186032    0.30%
  79477 69489      553.0545   531      551.7176      553.3453 10196059    0.30%
  79570 69581      551.7417   141      551.7176      553.3453 10205943    0.30%
  79631 69637      552.7508   398      551.7176      553.3450 10219996    0.29%
  79684 69690      552.2115   237      551.7176      553.3450 10230566    0.29%
  79759 69760      552.8329   371      551.7176      553.3448 10241443    0.29%
  79873 69868      553.1402   518      551.7176      553.3448 10249532    0.29%
  80009 69997      552.9255   529      551.7176      553.3447 10262931    0.29%
  80070 70058      551.9269   238      551.7176      553.3447 10272278    0.29%
  80170 70154      551.8581   171      551.7176      553.3446 10284573    0.29%
Elapsed time = 3322.77 sec. (3403715.71 ticks, tree = 148.35 MB, solutions = 10)
  80220 70200      552.5782   453      551.7176      553.3444 10297028    0.29%
  80264 70244      552.0743   362      551.7176      553.3444 10308556    0.29%
  80328 70301      552.7900   390      551.7176      553.3442 10318749    0.29%
  80420 70387      553.0753   466      551.7176      553.3440 10329718    0.29%
  80474 70441      552.1740   228      551.7176      553.3440 10337370    0.29%
  80570 70532      552.4968   287      551.7176      553.3438 10347120    0.29%
  80674 70631      553.0669   423      551.7176      553.3437 10354897    0.29%
  80794 70747      553.1703   491      551.7176      553.3433 10364454    0.29%
  80840 70793      552.6933   385      551.7176      553.3433 10377097    0.29%
  80907 70854      553.0795   567      551.7176      553.3431 10387982    0.29%
Elapsed time = 3360.72 sec. (3442832.55 ticks, tree = 149.80 MB, solutions = 10)
  80971 70918      552.0879   276      551.7176      553.3431 10397976    0.29%
  81059 70998      552.3253   258      551.7176      553.3431 10409371    0.29%
  81170 71102      552.4944   306      551.7176      553.3431 10419779    0.29%
  81257 71185      552.5953   347      551.7176      553.3430 10431039    0.29%
  81353 71277      553.1472   529      551.7176      553.3426 10440786    0.29%
  81385 71309      552.8252   426      551.7176      553.3426 10452511    0.29%
  81437 71361      552.3517   292      551.7176      553.3426 10464134    0.29%
  81510 71421      553.2274   522      551.7176      553.3426 10473429    0.29%
  81589 71499      551.9645   196      551.7176      553.3426 10482083    0.29%
  81695 71601      552.0224   139      551.7176      553.3426 10492769    0.29%
Elapsed time = 3398.52 sec. (3481441.32 ticks, tree = 151.31 MB, solutions = 10)
  81770 71672      552.6112   307      551.7176      553.3424 10501048    0.29%
  81895 71791      552.7452   395      551.7176      553.3424 10512458    0.29%
  82010 71897      552.8911   456      551.7176      553.3424 10523723    0.29%
  82054 71941      552.4087   366      551.7176      553.3424 10536917    0.29%
  82099 71986      551.8553   256      551.7176      553.3424 10545268    0.29%
  82159 72038      552.6416   352      551.7176      553.3423 10555052    0.29%
  82275 72151      552.6754   450      551.7176      553.3422 10565285    0.29%
  82354 72226      553.0591   511      551.7176      553.3421 10576626    0.29%
  82468 72336      553.0590   542      551.7176      553.3421 10586991    0.29%
  82574 72435      553.2908   573      551.7176      553.3420 10597567    0.29%
Elapsed time = 3437.07 sec. (3520334.77 ticks, tree = 153.02 MB, solutions = 10)
  82614 72475      552.5296   446      551.7176      553.3420 10610339    0.29%
  82675 72536      552.0528   267      551.7176      553.3420 10622378    0.29%
  82746 72601      552.5779   320      551.7176      553.3419 10633768    0.29%
  82852 72704      553.0466   411      551.7176      553.3419 10642743    0.29%
  82980 72823      553.0819   504      551.7176      553.3416 10651955    0.29%
  83075 72914      553.2114   547      551.7176      553.3415 10662744    0.29%
  83154 72993      552.0777   174      551.7176      553.3415 10673073    0.29%
  83218 73053      552.7324   473      551.7176      553.3414 10683539    0.29%
  83270 73105      552.3034   305      551.7176      553.3414 10696325    0.29%
  83359 73190      552.4813   365      551.7176      553.3414 10708325    0.29%
Elapsed time = 3475.32 sec. (3559355.66 ticks, tree = 154.52 MB, solutions = 10)
  83437 73264      552.9336   392      551.7176      553.3413 10717519    0.29%
  83529 73352      553.1890   538      551.7176      553.3413 10726957    0.29%
  83606 73429      552.1799   161      551.7176      553.3413 10736017    0.29%
  83688 73505      552.7583   366      551.7176      553.3412 10744174    0.29%
  83785 73595      552.8815   530      551.7176      553.3411 10754660    0.29%
  83819 73629      552.6038   436      551.7176      553.3411 10767685    0.29%
  83866 73676      552.0017   311      551.7176      553.3411 10778519    0.29%
  83933 73735      553.0435   386      551.7176      553.3410 10787972    0.29%
  84057 73856      553.0756   424      551.7176      553.3408 10798458    0.29%
  84412 74197      552.9491   419      551.7176      553.3406 10839299    0.29%
Elapsed time = 3524.53 sec. (3609476.96 ticks, tree = 156.63 MB, solutions = 10)
  84710 74483      552.3105   225      551.7176      553.3405 10879250    0.29%
  85037 74798      552.7530   480      551.7176      553.3402 10917269    0.29%
  85301 75048      552.5013   361      551.7176      553.3400 10955573    0.29%
  85652 75384      552.6537   486      551.7176      553.3394 10994908    0.29%
  85966 75673      553.2326   527      551.7176      553.3392 11035719    0.29%
Advanced basis not built.

Flow cuts applied:  62
Mixed integer rounding cuts applied:  335
Gomory fractional cuts applied:  10
User cuts applied:  1543

Root node processing (before b&c):
  Real time             =    1.68 sec. (1527.33 ticks)
Sequential b&c:
  Real time             = 3598.33 sec. (3685311.05 ticks)
                          ------------
Total (root+branch&cut) = 3600.01 sec. (3686838.38 ticks)
|V|                                     600
K                                       200
theta                                   0.20
r                                       2
R                                       20
prob_func                               facility_mixture
mixture_low_share                       0.500000
mixture_low_interval                    [0.001000, 0.010000]
mixture_high_interval                   [0.100000, 0.500000]
mixture_seed                            1
#C1                                     842
#CP                                     21738

@Parameters: 
am_callback_heuristic                   false
am_local_search                         true
am_start_heuristic                      false
colocation                              true
comp                                    false
cutC                                    true
cutC_init                               false
cutF                                    false
cutF_init                               false
cutF_stable                             false
cutF_wrong                              false
cutLocal                                false
cutM                                    true
cutM_init                               true
cutM_stable                             false
cutP                                    true
cutP_init                               false
cutP_stable                             false
init                                    true
init_cutF_zero                          false
init_val_greedy                         true
is_Euclidean                            false
is_local_search                         false
is_right_cutP                           true
is_root                                 false
is_silent                               false
is_start                                false
mycut                                   false
pmed                                    false
pre                                     true
stable_root                             false
str                                     true
two_phase                               false
ubstr                                   false
mode                                    Int

am_callback_node_space                  50
init                                    0
mixture_seed                            1
node_space                              5
nodelimit                               -1
nsepa                                   1
strF                                    0
type_delta                              0

EPS                                     0.001000
EPS_FRAC                                0.00
gap                                     0.00
mixture_high_max                        0.50
mixture_high_min                        0.10
mixture_low_max                         0.01
mixture_low_min                         0.00
mixture_low_share                       0.50
timelimit                               3600.00

Number of Closed Sites: 6 / 1200 
Number of Confined Sites-1: 9 / 1791 
Number of Confined Sites-k: 585 / 11686 
Preprocess Time: 1.78 + 0.00 sec

Solve Time: 3600.01
Number of Nodes: 85970
Termination Status: TIME_LIMIT

CutInfo: [phase] num / time (sec) / aver. num_nonzero
max              [LP]     0 / 0.00 / 0.00 [init]   364 / 0.01 / 1.36 [rLC]   338 / 0.01 / 5.00 [rUC]   481 / 0.05 / 2.23 [sLC]     7 / 0.12 / 3.00 [sUC]   733 / 1.48 / 2.68 
prod_oa          [LP]     0 / 0.00 / 0.00 [init]   272 / 0.01 / 27.32 [rLC]   357 / 0.01 / 40.13 [rUC]   566 / 0.07 / 30.74 [sLC]   238 / 0.18 / 25.04 [sUC]  1717 / 2.39 / 27.34 
prod_sm_fixed    [LP]     0 / 0.00 / 0.00 [init]     0 / 0.00 / 0.00 [rLC]     0 / 0.00 / 0.00 [rUC]     0 / 0.00 / 0.00 [sLC]     0 / 0.00 / 0.00 [sUC]     0 / 0.00 / 0.00 
prod_bin         [LP]     0 / 0.00 / 0.00 [init]     0 / 0.00 / 0.00 [rLC]     0 / 0.00 / 0.00 [rUC]     0 / 0.00 / 0.00 [sLC]     0 / 0.00 / 0.00 [sUC]     0 / 0.00 / 0.00 
prod_local       [LP]     0 / 0.00 / 0.00 [init]     0 / 0.00 / 0.00 [rLC]     0 / 0.00 / 0.00 [rUC]     0 / 0.00 / 0.00 [sLC]     0 / 0.00 / 0.00 [sUC]     0 / 0.00 / 0.00 
prod_sm_C        [LP]     0 / 0.00 / 0.00 [init]     0 / 0.00 / 0.00 [rLC]     0 / 0.00 / 0.00 [rUC]     0 / 0.00 / 0.00 [sLC]     0 / 0.00 / 0.00 [sUC]     0 / 0.00 / 0.00 
facet            [LP]     0 / 0.00 / 0.00 [init]     0 / 0.00 / 0.00 [rLC]     0 / 0.00 / 0.00 [rUC]     0 / 0.00 / 0.00 [sLC]     0 / 0.00 / 0.00 [sUC]     0 / 0.00 / 0.00 
Separation Round:   [LP] 0  [init] 1  [rLC] 2  [rUC] 12  [sLC] 30  [sUC] 169008  
Root Best Bound 558.619000
Root Best Integer: 550.888984
Best Bound: 553.339219
Best Integer: 551.717551
1: 4, 16, 19, 24, 30, 31, 33, 35, 39, 41, 42, 44, 55, 66, 67, 70, 71, 85, 90, 97, 99, 107, 111, 116, 122, 125, 130, 136, 137, 139, 146, 149, 150, 151, 152, 153, 155, 161, 163, 164, 168, 170, 174, 175, 178, 180, 186, 189, 190, 192, 197, 198, 203, 205, 207, 215, 219, 227, 231, 236, 247, 251, 252, 256, 258, 261, 263, 266, 271, 274, 276, 280, 288, 291, 293, 297, 300, 302, 304, 306, 308, 314, 316, 318, 326, 327, 329, 334, 336, 337, 341, 343, 345, 350, 358, 363, 371, 372, 374, 380, 382, 386, 389, 391, 392, 394, 396, 398, 400, 403, 406, 407, 408, 416, 419, 420, 421, 431, 432, 435, 437, 456, 459, 460, 462, 465, 470, 472, 478, 479, 480, 482, 487, 490, 498, 507, 508, 511, 513, 523, 525, 534, 540, 543, 545, 546, 559, 562, 565, 568, 571, 580, 582, 583, 589, 591, 596, 598, 600
2: 132, 159, 196, 235, 299, 492, 561
3: 68, 106, 123, 366, 556
4: 47, 194, 218
Objective Value (calc): 551.682935
sum_etaM = 409.135562 / 409.135562
sum_etaP = 587.363048 / 587.319779
nL: 174
nCL: 15
mCL: 4
