Version identifier: 20.1.0.0 | 2020-11-10 | 9bedb6d68
CPXPARAM_Threads                                 1
CPXPARAM_TimeLimit                               3600
CPXPARAM_MIP_Tolerances_MIPGap                   0
Generic callback                                 0x60
1 of 1 MIP starts provided solutions.
MIP start 'm1' defined initial solution with objective 510.3839.
Tried aggregator 2 times.
MIP Presolve eliminated 12 rows and 6 columns.
Aggregator did 6 substitutions.
Reduced MIP has 2116 rows, 2388 columns, and 18581 nonzeros.
Reduced MIP has 597 binaries, 591 generals, 0 SOSs, and 0 indicators.
Presolve time = 0.01 sec. (7.02 ticks)
Probing time = 0.00 sec. (0.95 ticks)
Tried aggregator 1 time.
Reduced MIP has 2116 rows, 2388 columns, and 18581 nonzeros.
Reduced MIP has 597 binaries, 591 generals, 0 SOSs, and 0 indicators.
Presolve time = 0.01 sec. (4.14 ticks)
Probing time = 0.00 sec. (0.95 ticks)
MIP emphasis: balance optimality and feasibility.
MIP search method: dynamic search.
Parallel mode: none, using 1 thread.
Root relaxation solution time = 0.05 sec. (51.40 ticks)

        Nodes                                         Cuts/
   Node  Left     Objective  IInf  Best Integer    Best Bound    ItCnt     Gap

*     0+    0                          510.3839      600.0000            17.56%
      0     0      525.5942    62      510.3839      525.5942     1771    2.98%
      0     0      514.7683   147      510.3839     Cuts: 471     2325    0.86%
      0     0      513.5599   170      510.3839     Cuts: 366     2760    0.62%
      0     0      513.1820   164      510.3839     Cuts: 369     3073    0.55%
      0     0      513.0389   176      510.3839     Cuts: 112     3279    0.52%
      0     0      512.9593   169      510.3839      Cuts: 80     3446    0.50%
      0     0      512.8794   166      510.3839      Cuts: 93     3630    0.49%
      0     0      512.8558   170      510.3839      Cuts: 48     3716    0.48%
      0     0      512.8400   159      510.3839      Cuts: 37     3778    0.48%
      0     0      512.8211   160      510.3839      Cuts: 51     3850    0.48%
      0     0      512.8094   167      510.3839 UserPurge2: 25     3895    0.48%
      0     0      512.8036   166      510.3839 UserPurge2: 33     3945    0.47%
      0     0      512.8029   166      510.3839 UserPurge2: 7     3961    0.47%
      0     0      512.8028   166      510.3839 UserPurge2: 5     3974    0.47%
      0     0      512.8027   168      510.3839 UserPurge2: 2     3977    0.47%
      0     0      512.8027   168      510.3839 UserPurge2: 2     3980    0.47%
      0     2      512.7955   170      510.3839      512.7954     3980    0.47%
Elapsed time = 3.61 sec. (1796.47 ticks, tree = 0.01 MB, solutions = 1)
      8    10      512.5444   161      510.3839      512.7836     5347    0.47%
     10    12      512.3862   167      510.3839      512.7836     6302    0.47%
     15    17      512.2874   155      510.3839      512.7836     7888    0.47%
     20    22      511.9711   140      510.3839      512.7836     9395    0.47%
     28    30      511.5227   117      510.3839      512.7836    10821    0.47%
     35    37      511.1314   113      510.3839      512.7836    12211    0.47%
*    40+   40                          510.4902      512.7836             0.45%
     40    42      510.8639    88      510.4902      512.7836    13320    0.45%
     50    52      510.6266    50      510.4902      512.7836    14509    0.45%
     63    59      512.5314   168      510.4902      512.7834    15578    0.45%
     73    69      512.1618   141      510.4902      512.7834    18365    0.45%
Elapsed time = 12.82 sec. (5401.05 ticks, tree = 0.39 MB, solutions = 2)
     93    89      510.8689   107      510.4902      512.7834    23255    0.45%
*   100+   77                          510.7578      512.7834             0.40%
    100    79      512.6708   159      510.7578      512.7194    24995    0.38%
*   110+   87                          510.7686      512.7194             0.38%
    110    89      511.9476   134      510.7686      512.7194    27394    0.38%
    130   109      510.7990    81      510.7686      512.7194    30944    0.38%
    144   119      511.6671   136      510.7686      512.7193    34500    0.38%
    160   131      512.3188   162      510.7686      512.6790    38469    0.37%
    170   141      511.5094   134      510.7686      512.6790    40953    0.37%
    190   157      512.0743   151      510.7686      512.6708    45388    0.37%
    204   171      511.1431   118      510.7686      512.6708    48801    0.37%
    227   184      511.8007   139      510.7686      512.6694    53364    0.37%
Elapsed time = 34.92 sec. (15895.06 ticks, tree = 0.94 MB, solutions = 4)
    246   199      512.2097   156      510.7686      512.6187    58208    0.36%
    260   213      511.2301   125      510.7686      512.6187    62158    0.36%
    276   225      512.0281   132      510.7686      512.5497    67041    0.35%
    286   235      511.3669   128      510.7686      512.5497    70694    0.35%
    314   259      511.6963   124      510.7686      512.5443    74146    0.35%
    342   281      511.9221   148      510.7686      512.5442    77913    0.35%
    357   296      510.9756   111      510.7686      512.5442    81851    0.35%
    378   309      511.6072   126      510.7686      512.5314    86187    0.35%
    398   327      510.7981    63      510.7686      512.5314    89308    0.35%
    410   335      511.6053   125      510.7686      512.5297    93281    0.34%
Elapsed time = 49.95 sec. (25891.59 ticks, tree = 2.21 MB, solutions = 4)
    430   351      512.0452   156      510.7686      512.5174    96764    0.34%
    443   364      511.1385   128      510.7686      512.5174    99915    0.34%
    460   377      511.5205   134      510.7686      512.5140   103391    0.34%
    488   396      512.1042   147      510.7686      512.5135   107813    0.34%
    502   410      511.3419   128      510.7686      512.5135   111045    0.34%

Performing restart 1

Repeating presolve.
Tried aggregator 1 time.
MIP Presolve eliminated 20 rows and 10 columns.
MIP Presolve modified 385 coefficients.
Reduced MIP has 2096 rows, 2378 columns, and 18541 nonzeros.
Reduced MIP has 597 binaries, 581 generals, 0 SOSs, and 0 indicators.
Presolve time = 0.01 sec. (4.86 ticks)
Tried aggregator 1 time.
Reduced MIP has 2096 rows, 2378 columns, and 18541 nonzeros.
Reduced MIP has 597 binaries, 581 generals, 0 SOSs, and 0 indicators.
Presolve time = 0.01 sec. (4.30 ticks)
Represolve time = 0.04 sec. (28.88 ticks)
    508     0      512.5371   192      510.7686      Cuts: 69   116885    0.34%
    508     0      512.5034   185      510.7686      Cuts: 27   117018    0.34%
    508     0      512.4961   181      510.7686      Cuts: 16   117075    0.34%
    508     0      512.4875   177      510.7686      Cuts: 19   117126    0.34%
    508     0      512.4417   170      510.7686      Cuts: 12   117198    0.33%
    508     0      512.4359   168      510.7686       Cuts: 7   117246    0.33%
    508     0      512.4286   182      510.7686      Cuts: 14   117298    0.33%
    508     0      512.4258   175      510.7686    MIRcuts: 7   117321    0.32%
    508     0      512.4245   175      510.7686       Cuts: 8   117348    0.32%
    508     0      512.4237   170      510.7686    MIRcuts: 2   117368    0.32%
    508     0      512.4083   168      510.7686      Cuts: 18   117455    0.32%
    508     0      512.3966   184      510.7686   MIRcuts: 14   117522    0.32%
    508     0      512.3726   175      510.7686      Cuts: 19   117583    0.31%
    508     0      512.3699   169      510.7686      Cuts: 11   117633    0.31%
    508     0      512.3666   173      510.7686       Cuts: 7   117670    0.31%
    508     0      512.3656   177      510.7686    MIRcuts: 4   117691    0.31%
    508     0      512.3646   173      510.7686       Cuts: 6   117712    0.31%
    508     2      512.3646   173      510.7686      512.3632   117712    0.31%
    510     4      512.2933   134      510.7686      512.3453   118032    0.31%
    512     6      512.2775   146      510.7686      512.3336   118232    0.31%
    518    12      511.8723   148      510.7686      512.3302   118985    0.31%
    528    20      511.3406   120      510.7686      512.3302   121655    0.31%
Elapsed time = 69.87 sec. (42604.33 ticks, tree = 0.07 MB, solutions = 4)
    551    37      512.1504   168      510.7686      512.3010   125036    0.30%
    567    53      511.7878   133      510.7686      512.3010   128073    0.30%
    578    64      511.4127    93      510.7686      512.3010   130585    0.30%
    594    80      511.0435    67      510.7686      512.3010   132907    0.30%
    617    92      511.8506   157      510.7686      512.2945   136139    0.30%
    637   111      511.1395    67      510.7686      512.2945   139412    0.30%
*   638+  108                          510.8147      512.2945             0.29%
    667   127      512.1287   162      510.8147      512.2933   141605    0.29%
    675   135      511.7813   137      510.8147      512.2933   144390    0.29%
    695   155      510.8928    57      510.8147      512.2933   147373    0.29%
    708   164      511.7508   148      510.8147      512.2933   150850    0.29%
Elapsed time = 81.13 sec. (53185.81 ticks, tree = 0.83 MB, solutions = 5)
    723   179      511.0740    82      510.8147      512.2933   153904    0.29%
    736   188      511.8200   151      510.8147      512.2775   157778    0.29%
    750   202      511.5858   143      510.8147      512.2775   161121    0.29%
    771   217      512.1809   162      510.8147      512.2768   165032    0.29%
    783   229      511.6318   152      510.8147      512.2768   168742    0.29%
    808   248      511.0653    87      510.8147      512.2768   171123    0.29%
    828   264      511.5291   136      510.8147      512.2727   173517    0.29%
    867   285      511.9812   170      510.8147      512.2649   175595    0.28%
    885   303      511.2698   110      510.8147      512.2649   177733    0.28%
    924   327      511.3981   159      510.8147      512.1809   180682    0.27%
Elapsed time = 94.45 sec. (64292.07 ticks, tree = 2.87 MB, solutions = 5)
    937   336      510.9935   137      510.8147      512.1748   183915    0.27%
    957   349      511.9532   163      510.8147      512.1628   186215    0.26%
*   968+  349                          510.8363      512.1628             0.26%
    977   360      511.2233   106      510.8363      512.1628   188525    0.26%
    996   371      511.9997   169      510.8363      512.1501   190163    0.26%
   1008   377      511.9710   156      510.8363      512.1281   192507    0.25%
   1028   393      511.8259   150      510.8363      512.1189   195559    0.25%
*  1038+  301                          511.0512      512.1189             0.21%
   1044   309      511.5170   101      511.0512      512.1189   196824    0.21%
   1066   328      511.9349   157      511.0512      512.1123   198362    0.21%
   1078   340      511.3411   141      511.0512      512.1123   200663    0.21%
   1099   345      511.9337   155      511.0512      512.0884   203785    0.20%
Elapsed time = 105.70 sec. (74657.37 ticks, tree = 4.29 MB, solutions = 7)
   1110   356      511.6585   138      511.0512      512.0884   205306    0.20%
   1126   372      511.2505    73      511.0512      512.0884   206709    0.20%
   1156   387      511.8739   162      511.0512      512.0754   208550    0.20%
   1161   392      511.7567   151      511.0512      512.0754   209197    0.20%
   1178   409      511.3719    77      511.0512      512.0754   211048    0.20%
*  1208+  433                          511.0564      512.0754             0.20%
   1218   440      511.8669   176      511.0564      512.0753   212933    0.20%
   1231   453      511.4853   154      511.0564      512.0753   214226    0.20%
   1257   473      511.2871   149      511.0564      512.0653   216274    0.20%
   1269   474      511.8731   172      511.0564      512.0418   218762    0.19%
   1288   493      511.2555   121      511.0564      512.0418   220713    0.19%
Elapsed time = 115.49 sec. (85007.08 ticks, tree = 5.85 MB, solutions = 8)
   1308   510      511.6719   127      511.0564      512.0413   223194    0.19%
   1333   533      511.1783    64      511.0564      512.0413   224922    0.19%
   1357   550      511.6310   141      511.0564      512.0330   226640    0.19%
   1388   579      511.2338    68      511.0564      512.0330   228281    0.19%
   1423   601      511.4552   121      511.0564      512.0091   231153    0.19%
   1443   619      511.1558    81      511.0564      512.0091   233333    0.19%
   1468   634      511.7897   128      511.0564      511.9993   234627    0.18%
   1499   658        cutoff            511.0564      511.9993   236495    0.18%
   1508   667      511.6053   140      511.0564      511.9946   237723    0.18%
   1536   691      511.7392   143      511.0564      511.9926   239966    0.18%
Elapsed time = 125.73 sec. (95698.79 ticks, tree = 12.38 MB, solutions = 8)
   1563   715      511.8334   156      511.0564      511.9814   242048    0.18%
   1587   739      511.2201    75      511.0564      511.9814   244300    0.18%
   1608   754      511.6593   146      511.0564      511.9804   246437    0.18%
   1623   762      511.8494   167      511.0564      511.9749   248777    0.18%
   1636   775      511.2188   122      511.0564      511.9749   250416    0.18%
   1660   792      511.6664   128      511.0564      511.9667   253005    0.18%
   1688   817      511.7709   141      511.0564      511.9666   255268    0.18%
   1717   846      511.2221    52      511.0564      511.9666   257223    0.18%
   1739   862      511.5144   140      511.0564      511.9626   260303    0.18%
   1828   931      511.3444   108      511.0564      511.9544   268798    0.18%
Elapsed time = 138.17 sec. (108600.30 ticks, tree = 16.63 MB, solutions = 8)
   1930  1020      511.6028   116      511.0564      511.9353   278114    0.17%
   2032  1094      511.3689   116      511.0564      511.9337   285701    0.17%
   2140  1172      511.5379   125      511.0564      511.9273   295577    0.17%
   2238  1257      511.3683   104      511.0564      511.9194   304304    0.17%
   2339  1321      511.4634   118      511.0564      511.9119   313431    0.17%
   2434  1386      511.1983   105      511.0564      511.8983   322193    0.16%
   2530  1457      511.1274    95      511.0564      511.8883   331880    0.16%
   2610  1509      511.2787    94      511.0564      511.8837   341325    0.16%
   2702  1563      511.2961   145      511.0564      511.8767   351755    0.16%
   2810  1649      511.0976    80      511.0564      511.8747   361057    0.16%
Elapsed time = 174.44 sec. (147015.78 ticks, tree = 32.65 MB, solutions = 8)
   2899  1716      511.1251   109      511.0564      511.8724   369995    0.16%
   2960  1753      511.5109   105      511.0564      511.8691   377720    0.16%
   3064  1830      511.6406   130      511.0564      511.8620   387252    0.16%
   3130  1882      511.4116   102      511.0564      511.8549   395427    0.16%
   3226  1958      511.1748   121      511.0564      511.8493   404544    0.16%
   3324  2026        cutoff            511.0564      511.8442   412153    0.15%
   3419  2096      511.7009   149      511.0564      511.8335   421456    0.15%
   3494  2152      511.6453   142      511.0564      511.8305   431116    0.15%
   3579  2206      511.5190   155      511.0564      511.8273   441439    0.15%
   3657  2262        cutoff            511.0564      511.8259   451067    0.15%
Elapsed time = 210.28 sec. (185537.40 ticks, tree = 45.62 MB, solutions = 8)
   3741  2329      511.1141    88      511.0564      511.8200   459140    0.15%
   3827  2384      511.1872   121      511.0564      511.8102   468685    0.15%
   3923  2455      511.2460   116      511.0564      511.8087   477731    0.15%
   4031  2540      511.4312   108      511.0564      511.8055   486807    0.15%
   4135  2621      511.4779   121      511.0564      511.8026   495482    0.15%
   4242  2708      511.0801    64      511.0564      511.8019   504527    0.15%
   4344  2783      511.3863   138      511.0564      511.7996   513636    0.15%
   4445  2856      511.2134   107      511.0564      511.7908   523475    0.14%
   4563  2951      511.3523   123      511.0564      511.7895   531976    0.14%
   4694  3058      511.0846    15      511.0564      511.7876   540263    0.14%
Elapsed time = 246.87 sec. (223943.82 ticks, tree = 60.23 MB, solutions = 8)
   4801  3137      511.0638    72      511.0564      511.7810   549509    0.14%
   4904  3215      511.2351   107      511.0564      511.7754   558024    0.14%
   5003  3293      511.1733    80      511.0564      511.7722   567231    0.14%
   5154  3409      511.2109    50      511.0564      511.7707   576574    0.14%
   5259  3489      511.6501   128      511.0564      511.7680   585876    0.14%
   5350  3569      511.1813    76      511.0564      511.7657   595107    0.14%
   5461  3651      511.4251   103      511.0564      511.7597   604504    0.14%
   5561  3726      511.2327    87      511.0564      511.7566   614069    0.14%
   5690  3828      511.2802   139      511.0564      511.7534   622470    0.14%
   5781  3895      511.4686   148      511.0564      511.7524   632004    0.14%
Elapsed time = 283.87 sec. (262285.78 ticks, tree = 73.72 MB, solutions = 8)
   5866  3964      511.3015   113      511.0564      511.7495   640935    0.14%
   5973  4049      511.1509   102      511.0564      511.7457   650457    0.13%
   6075  4121      511.3541   131      511.0564      511.7437   659668    0.13%
   6165  4195      511.2606   106      511.0564      511.7416   668514    0.13%
   6283  4289      511.1440    96      511.0564      511.7404   677534    0.13%
   6397  4375      511.0766    73      511.0564      511.7366   686413    0.13%
   6513  4463      511.0822    72      511.0564      511.7352   695486    0.13%
   6620  4541      511.5286   156      511.0564      511.7325   705171    0.13%
   6740  4636      511.4269   124      511.0564      511.7313   714806    0.13%
   6847  4724      511.3649   120      511.0564      511.7281   724007    0.13%
Elapsed time = 320.77 sec. (300671.84 ticks, tree = 86.31 MB, solutions = 8)
   6943  4794      511.2751   112      511.0564      511.7250   733070    0.13%
   7047  4870      511.3897   129      511.0564      511.7238   741921    0.13%
   7136  4935      511.0774   120      511.0564      511.7220   752034    0.13%
   7248  5020      511.4577    93      511.0564      511.7189   760830    0.13%
   7360  5099      511.5347   146      511.0564      511.7171   769830    0.13%
   7463  5180      511.1194    90      511.0564      511.7152   779384    0.13%
   7590  5269      511.3710   142      511.0564      511.7117   788550    0.13%
   7708  5359      511.1455   100      511.0564      511.7104   797858    0.13%
   7804  5430      511.4986   125      511.0564      511.7100   807659    0.13%
   7898  5505      511.3835   108      511.0564      511.7085   816404    0.13%
Elapsed time = 357.57 sec. (339373.98 ticks, tree = 99.50 MB, solutions = 8)
   8011  5590      511.1730    61      511.0564      511.7067   825691    0.13%
   8111  5669      511.4753   130      511.0564      511.7044   832781    0.13%
   8212  5748      511.4585   115      511.0564      511.7026   842285    0.13%
   8333  5845      511.2733   116      511.0564      511.7006   851883    0.13%
   8449  5925      511.1921   107      511.0564      511.6991   861443    0.13%
   8552  5995      511.3619   114      511.0564      511.6959   870088    0.13%
   8650  6063      511.1621    96      511.0564      511.6944   879263    0.12%
   8758  6142      511.1729   118      511.0564      511.6940   888930    0.12%
   8880  6232      511.0905    85      511.0564      511.6921   897845    0.12%
   8988  6310      511.3335   107      511.0564      511.6891   906667    0.12%
Elapsed time = 394.52 sec. (377747.67 ticks, tree = 113.59 MB, solutions = 8)
   9088  6380      511.2911   132      511.0564      511.6863   915981    0.12%
   9187  6449      511.2112   126      511.0564      511.6851   925938    0.12%
   9298  6526      511.2538   101      511.0564      511.6844   935425    0.12%
   9399  6599      511.3977   102      511.0564      511.6831   944832    0.12%
   9528  6687      511.4968   115      511.0564      511.6819   953521    0.12%
   9619  6759      511.1953    93      511.0564      511.6794   962698    0.12%
   9713  6816      511.0663    90      511.0564      511.6783   972634    0.12%
   9821  6894      511.1098   116      511.0564      511.6768   981983    0.12%
   9935  6977      511.1694    78      511.0564      511.6759   991297    0.12%
  10042  7062      511.1623    80      511.0564      511.6752  1000307    0.12%
Elapsed time = 431.25 sec. (416112.40 ticks, tree = 126.95 MB, solutions = 8)
  10161  7149      511.2638   136      511.0564      511.6732  1009236    0.12%
  10262  7226      511.1104   124      511.0564      511.6712  1018661    0.12%
  10368  7300      511.3477   123      511.0564      511.6699  1028170    0.12%
  10465  7366      511.2758   101      511.0564      511.6678  1037640    0.12%
  10570  7441      511.1546    75      511.0564      511.6663  1047017    0.12%
  10668  7505      511.5133   101      511.0564      511.6646  1054457    0.12%
  10669  7506      511.2961   140      511.0564      511.6643  1055106    0.12%
  10670  7507      511.2507   136      511.0564      511.6640  1055439    0.12%
  10775  7585      511.5382   107      511.0564      511.6632  1064441    0.12%
  10882  7666      511.1184    88      511.0564      511.6608  1073853    0.12%
Elapsed time = 476.24 sec. (461257.41 ticks, tree = 136.88 MB, solutions = 8)
  10995  7744      511.4900   127      511.0564      511.6579  1082562    0.12%
  11105  7818      511.4850   102      511.0564      511.6555  1092073    0.12%
  11236  7911      511.3018   121      511.0564      511.6535  1101289    0.12%
  11345  7994      511.3252   100      511.0564      511.6527  1109705    0.12%
  11439  8061      511.1565    94      511.0564      511.6517  1119332    0.12%
  11567  8147      511.0927    52      511.0564      511.6504  1129053    0.12%
  11668  8217      511.2434    82      511.0564      511.6496  1138943    0.12%
  11773  8289      511.0786   112      511.0564      511.6491  1148224    0.12%
  11879  8369      511.1359    76      511.0564      511.6479  1157388    0.12%
  11988  8446      511.3616    68      511.0564      511.6469  1167043    0.12%
Elapsed time = 513.01 sec. (499667.25 ticks, tree = 147.73 MB, solutions = 8)
  12100  8522      511.1855    89      511.0564      511.6461  1176871    0.12%
  12210  8599      511.1603   100      511.0564      511.6436  1186125    0.11%
  12319  8673      511.2104   108      511.0564      511.6415  1195676    0.11%
  12438  8754      511.0687    84      511.0564      511.6406  1205366    0.11%
  12523  8819      511.1901    93      511.0564      511.6398  1214136    0.11%
  12642  8905      511.2898   101      511.0564      511.6388  1223405    0.11%
  12776  9002      511.4988   100      511.0564      511.6376  1232320    0.11%
  12906  9096      511.4761   135      511.0564      511.6360  1241180    0.11%
  13018  9164      511.0869   107      511.0564      511.6351  1250803    0.11%
  13123  9232      511.1287   119      511.0564      511.6343  1260347    0.11%
Elapsed time = 549.95 sec. (537947.32 ticks, tree = 162.43 MB, solutions = 8)
  13235  9313      511.2299   128      511.0564      511.6327  1270451    0.11%
  13362  9399      511.4984    92      511.0564      511.6310  1279236    0.11%
  13497  9502      511.0635    71      511.0564      511.6296  1288585    0.11%
  13622  9594      511.1291    93      511.0564      511.6287  1297459    0.11%
  13746  9689      511.3642   111      511.0564      511.6267  1306311    0.11%
  13856  9761      511.2271   132      511.0564      511.6248  1315977    0.11%
  13973  9840      511.2958   104      511.0564      511.6231  1325210    0.11%
  14090  9920      511.2832   129      511.0564      511.6221  1334681    0.11%
  14186  9986      511.3074   118      511.0564      511.6210  1343652    0.11%
  14308 10079      511.3948   124      511.0564      511.6207  1352306    0.11%
Elapsed time = 587.00 sec. (576371.08 ticks, tree = 177.64 MB, solutions = 8)
  14427 10167      511.1294    64      511.0564      511.6196  1362063    0.11%
  14538 10249      511.0735    98      511.0564      511.6193  1370732    0.11%
  14637 10316      511.3312   135      511.0564      511.6181  1380803    0.11%
  14770 10417      511.0822    59      511.0564      511.6174  1389670    0.11%
  14862 10470      511.1194    98      511.0564      511.6155  1399759    0.11%
  14988 10559      511.4156   113      511.0564      511.6143  1408288    0.11%
  15112 10646        cutoff            511.0564      511.6136  1417962    0.11%
  15207 10708      511.0649    85      511.0564      511.6129  1428491    0.11%
  15313 10779      511.2466    96      511.0564      511.6119  1437654    0.11%
  15430 10857      511.1964   130      511.0564      511.6112  1447299    0.11%
Elapsed time = 623.84 sec. (614758.00 ticks, tree = 192.79 MB, solutions = 8)
  15545 10941      511.0717    75      511.0564      511.6102  1456631    0.11%
  15650 11010      511.4995    98      511.0564      511.6087  1466490    0.11%
  15753 11080      511.4577   151      511.0564      511.6071  1475209    0.11%
  15877 11173      511.1536   114      511.0564      511.6064  1484126    0.11%
  15993 11260      511.5156   120      511.0564      511.6057  1493947    0.11%
  16108 11342      511.3869   125      511.0564      511.6045  1503212    0.11%
  16211 11421      511.2945   103      511.0564      511.6041  1513032    0.11%
  16336 11505      511.4739    96      511.0564      511.6035  1522235    0.11%
  16448 11579      511.4240   118      511.0564      511.6029  1531784    0.11%
  16555 11650      511.5417   144      511.0564      511.6014  1541500    0.11%
Elapsed time = 661.42 sec. (653470.80 ticks, tree = 208.54 MB, solutions = 8)
  16668 11729      511.0997    72      511.0564      511.6004  1550628    0.11%
  16786 11802      511.3659   126      511.0564      511.5997  1560265    0.11%
  16908 11879      511.1051   128      511.0564      511.5987  1569826    0.11%
  17006 11939      511.3048   130      511.0564      511.5976  1580463    0.11%
  17150 12048      511.1881   112      511.0564      511.5971  1589753    0.11%
  17269 12126      511.1938   129      511.0564      511.5958  1599658    0.11%
  17385 12207      511.0834    71      511.0564      511.5949  1609114    0.11%
  17510 12294      511.3435   113      511.0564      511.5937  1618233    0.11%
  17617 12371      511.3971   102      511.0564      511.5925  1627975    0.10%
  17717 12433      511.2021   113      511.0564      511.5911  1637572    0.10%
Elapsed time = 698.69 sec. (692006.21 ticks, tree = 223.31 MB, solutions = 8)
  17819 12496      511.2726    98      511.0564      511.5890  1647164    0.10%
  17943 12578      511.0794   102      511.0564      511.5885  1656793    0.10%
  18074 12674      511.0590    76      511.0564      511.5880  1665161    0.10%
  18186 12745      511.2988    75      511.0564      511.5862  1674716    0.10%
  18303 12827      511.2468   118      511.0564      511.5857  1684368    0.10%
  18425 12917      511.0616   111      511.0564      511.5851  1693686    0.10%
  18527 12991      511.1413    58      511.0564      511.5848  1701523    0.10%
  18628 13041      511.2262    94      511.0564      511.5833  1711688    0.10%
  18766 13136      511.2772   104      511.0564      511.5822  1721201    0.10%
  18884 13216      511.4980   135      511.0564      511.5818  1730694    0.10%
Elapsed time = 735.68 sec. (730345.01 ticks, tree = 233.54 MB, solutions = 8)
  19012 13314      511.1218    91      511.0564      511.5813  1739277    0.10%
  19107 13374      511.3306   101      511.0564      511.5807  1749219    0.10%
  19221 13444        cutoff            511.0564      511.5803  1759374    0.10%
  19325 13518      511.3139    62      511.0564      511.5795  1768669    0.10%
  19452 13605      511.1102    55      511.0564      511.5790  1777767    0.10%
  19570 13682      511.3001    94      511.0564      511.5783  1786630    0.10%
  19693 13771      511.1939   113      511.0564      511.5778  1795895    0.10%
  19799 13848      511.0704    72      511.0564      511.5772  1805214    0.10%
  19893 13910      511.2029   141      511.0564      511.5767  1815456    0.10%
  20040 14006      511.1952   122      511.0564      511.5761  1824500    0.10%
Elapsed time = 772.71 sec. (768747.01 ticks, tree = 246.76 MB, solutions = 8)
  20157 14083      511.4226   127      511.0564      511.5753  1834070    0.10%
  20261 14150      511.4863   116      511.0564      511.5745  1843872    0.10%
  20382 14234      511.5610   140      511.0564      511.5739  1853474    0.10%
  20512 14336      511.1117    47      511.0564      511.5735  1861807    0.10%
  20627 14414      511.1042   114      511.0564      511.5732  1871273    0.10%
  20746 14485      511.1488    99      511.0564      511.5722  1880592    0.10%

Performing restart 2

Repeating presolve.
Tried aggregator 1 time.
MIP Presolve eliminated 64 rows and 32 columns.
MIP Presolve modified 38 coefficients.
Reduced MIP has 2032 rows, 2346 columns, and 18413 nonzeros.
Reduced MIP has 597 binaries, 549 generals, 0 SOSs, and 0 indicators.
Presolve time = 0.01 sec. (4.91 ticks)
Tried aggregator 1 time.
Reduced MIP has 2032 rows, 2346 columns, and 18413 nonzeros.
Reduced MIP has 597 binaries, 549 generals, 0 SOSs, and 0 indicators.
Presolve time = 0.01 sec. (4.34 ticks)
Represolve time = 0.11 sec. (42.13 ticks)
  20832     0      512.2991   200      511.0564      Cuts: 24  1893423    0.10%
  20832     0      512.2926   198      511.0564    MIRcuts: 8  1893493    0.10%
  20832     0      512.2922   180      511.0564    MIRcuts: 4  1893511    0.10%
  20832     0      512.2905   193      511.0564    MIRcuts: 6  1893542    0.10%
  20832     0      512.2901   182      511.0564    MIRcuts: 3  1893568    0.10%
  20832     0      512.2894   191      511.0564    MIRcuts: 1  1893589    0.10%
  20832     2      512.2894   191      511.0564      511.5717  1893589    0.10%
  20841    11      511.9320   141      511.0564      511.5717  1894891    0.10%
  20861    31      511.6280    97      511.0564      511.5717  1898102    0.10%
  20940    94      511.0818    93      511.0564      511.5717  1907183    0.10%
Elapsed time = 811.67 sec. (810362.43 ticks, tree = 0.28 MB, solutions = 8)
  21117   253      511.9011   127      511.0564      511.5717  1921707    0.10%
  21290   402      511.8768   129      511.0564      511.5717  1939592    0.10%
  21462   548      511.9137   117      511.0564      511.5717  1956797    0.10%
  21622   694      511.7414   112      511.0564      511.5717  1973462    0.10%
  21744   797      511.2316    28      511.0564      511.5717  1990051    0.10%
  21880   914      511.2168    55      511.0564      511.5717  2006997    0.10%
  22046  1054      511.8603   128      511.0564      511.5717  2022405    0.10%
  22214  1193      511.3003    62      511.0564      511.5717  2038210    0.10%
  22336  1287      511.7199   140      511.0564      511.5717  2054801    0.10%
  22518  1449      511.8837   125      511.0564      511.5717  2070580    0.10%
Elapsed time = 845.48 sec. (848708.79 ticks, tree = 2.64 MB, solutions = 8)
  22704  1605      511.5647   109      511.0564      511.5717  2088580    0.10%
  22917  1783      511.4772    89      511.0564      511.5717  2103979    0.10%
  23181  2008      511.4791   108      511.0564      511.5717  2117814    0.10%
  23370  2165      511.8366   138      511.0564      511.5717  2130181    0.10%
  23608  2368      511.5270   134      511.0564      511.5717  2143332    0.10%
  23789  2528      511.8704   130      511.0564      511.5717  2155361    0.10%
  24016  2724      511.7343   143      511.0564      511.5717  2168346    0.10%
  24239  2914      511.0604    23      511.0564      511.5717  2180596    0.10%
  24439  3088      511.3089    75      511.0564      511.5717  2193097    0.10%
  24667  3272      511.4875    68      511.0564      511.5717  2205752    0.10%
Elapsed time = 883.43 sec. (887019.02 ticks, tree = 25.65 MB, solutions = 8)
  24879  3448      511.3025    77      511.0564      511.5717  2217306    0.10%
  25094  3625      511.7305   138      511.0564      511.5717  2228983    0.10%
  25258  3765      511.0914    34      511.0564      511.5717  2239901    0.10%
  25464  3935      511.5009    99      511.0564      511.5717  2250511    0.10%
  25676  4119      511.4739   141      511.0564      511.5717  2262446    0.10%
  25851  4274      511.4399   106      511.0564      511.5717  2274378    0.10%
  26035  4426      511.2284    89      511.0564      511.5717  2285417    0.10%
  26255  4605      511.6712   146      511.0564      511.5717  2297955    0.10%
  26488  4792      511.2882   129      511.0564      511.5717  2310848    0.10%
  26717  4981      511.6730   112      511.0564      511.5717  2323290    0.10%
Elapsed time = 921.86 sec. (925580.33 ticks, tree = 49.26 MB, solutions = 8)
  26933  5162      511.0744    61      511.0564      511.5717  2335204    0.10%
  27144  5332      511.6029   125      511.0564      511.5717  2346002    0.10%
  27350  5503      511.5040   112      511.0564      511.5717  2357452    0.10%
  27546  5671      511.6071    91      511.0564      511.5717  2368332    0.10%
  27752  5842      511.4543    88      511.0564      511.5717  2379930    0.10%
  27979  6031      511.3205    88      511.0564      511.5717  2392126    0.10%
  28188  6203      511.2461    80      511.0564      511.5717  2403960    0.10%
  28454  6415      511.5728   107      511.0564      511.5717  2416260    0.10%
  28671  6590      511.4336    60      511.0564      511.5717  2427385    0.10%
  28897  6782      511.5166   113      511.0564      511.5717  2438869    0.10%
Elapsed time = 960.14 sec. (963861.07 ticks, tree = 73.25 MB, solutions = 8)
  29067  6922      511.6469   113      511.0564      511.5717  2450240    0.10%
  29269  7097      511.3778    90      511.0564      511.5717  2461916    0.10%
  29465  7254      511.4612    81      511.0564      511.5717  2472564    0.10%
  29677  7424      511.2416    75      511.0564      511.5717  2483040    0.10%
  29928  7628      511.0666    32      511.0564      511.5717  2494376    0.10%
  30146  7811      511.1357    29      511.0564      511.5717  2505345    0.10%
  30362  7983      511.3060    84      511.0564      511.5717  2517542    0.10%
  30597  8177      511.7330   121      511.0564      511.5717  2529678    0.10%
  30832  8375      511.7032    85      511.0564      511.5717  2540712    0.10%
  31033  8540      511.0817    37      511.0564      511.5717  2551965    0.10%
Elapsed time = 998.03 sec. (1002226.90 ticks, tree = 96.52 MB, solutions = 8)
  31229  8699      511.4758   109      511.0564      511.5717  2563924    0.10%
  31404  8838      511.3648    88      511.0564      511.5717  2574825    0.10%
  31612  9007      511.4821    94      511.0564      511.5717  2585892    0.10%
  31814  9177      511.3775    92      511.0564      511.5717  2597336    0.10%
  32053  9378      511.0823    41      511.0564      511.5717  2609375    0.10%
  32273  9561      511.4364    43      511.0564      511.5717  2620223    0.10%
  32492  9748      511.2229    64      511.0564      511.5717  2632316    0.10%
  32669  9894      511.7576    96      511.0564      511.5717  2643768    0.10%
  32867 10065      511.7325   132      511.0564      511.5717  2655222    0.10%
  33057 10221      511.4477    78      511.0564      511.5717  2666141    0.10%
Elapsed time = 1035.60 sec. (1040560.49 ticks, tree = 121.27 MB, solutions = 8)
  33265 10396      511.0680    54      511.0564      511.5717  2677569    0.10%
  33469 10554      511.2220    55      511.0564      511.5717  2689369    0.10%
  33719 10753      511.3340    87      511.0564      511.5717  2700666    0.10%
  33937 10937      511.1512    78      511.0564      511.5717  2712257    0.10%
  34162 11121      511.4460    79      511.0564      511.5717  2723815    0.10%
  34373 11298      511.2635    58      511.0564      511.5717  2735922    0.10%
  34571 11452      511.2508    92      511.0564      511.5717  2746665    0.10%
  34803 11641      511.3624    92      511.0564      511.5717  2758728    0.10%
  35031 11827      511.4769   102      511.0564      511.5717  2770814    0.10%
  35245 12001      511.5680    92      511.0564      511.5717  2781597    0.10%
Elapsed time = 1073.73 sec. (1078803.16 ticks, tree = 146.41 MB, solutions = 8)
  35454 12173      511.6948    92      511.0564      511.5717  2793109    0.10%
  35658 12348      511.2757    67      511.0564      511.5717  2804458    0.10%
  35908 12557      511.3179    97      511.0564      511.5717  2816832    0.10%
  36129 12739      511.3511    98      511.0564      511.5717  2828173    0.10%
  36309 12882      511.3878    93      511.0564      511.5717  2839351    0.10%
  36566 13091      511.0936    31      511.0564      511.5717  2850617    0.10%
  36810 13289      511.0816    25      511.0564      511.5717  2861952    0.10%
  37048 13491      511.1511    48      511.0564      511.5717  2873197    0.10%
  37237 13633      511.6847    91      511.0564      511.5717  2884591    0.10%
  37490 13852      511.3240    69      511.0564      511.5717  2896578    0.10%
Elapsed time = 1112.27 sec. (1117168.24 ticks, tree = 166.19 MB, solutions = 8)
  37731 14049      511.7364   116      511.0564      511.5717  2908074    0.10%
  37982 14254      511.4057   107      511.0564      511.5717  2919820    0.10%
  38170 14404      511.1873    57      511.0564      511.5717  2931007    0.10%
  38393 14588      511.4866   115      511.0564      511.5717  2942543    0.10%
  38614 14770        cutoff            511.0564      511.5717  2953678    0.10%
  38832 14947      511.3953    84      511.0564      511.5717  2964752    0.10%
  39068 15143      511.2886    88      511.0564      511.5717  2976571    0.10%
  39264 15293      511.1822    54      511.0564      511.5717  2988431    0.10%
  39514 15495      511.2454    80      511.0564      511.5717  3000540    0.10%
  39755 15679        cutoff            511.0564      511.5717  3012249    0.10%
Elapsed time = 1150.79 sec. (1155534.38 ticks, tree = 190.48 MB, solutions = 8)
  39989 15866      511.6576   119      511.0564      511.5717  3023803    0.10%
  40198 16036      511.5882   136      511.0564      511.5717  3035410    0.10%
  40396 16194      511.4336    93      511.0564      511.5717  3046910    0.10%
  40622 16380      511.1302    15      511.0564      511.5717  3058456    0.10%
  40838 16552      511.2376    89      511.0564      511.5717  3069105    0.10%
  41062 16738      511.5289   109      511.0564      511.5717  3080825    0.10%
  41230 16864      511.2105   111      511.0564      511.5717  3092481    0.10%
  41431 17028      511.4129    74      511.0564      511.5717  3103734    0.10%
  41654 17213      511.2873    52      511.0564      511.5717  3115199    0.10%
  41905 17418      511.4184    35      511.0564      511.5717  3126766    0.10%
Elapsed time = 1188.84 sec. (1193845.59 ticks, tree = 221.66 MB, solutions = 8)
  42102 17571      511.4259    92      511.0564      511.5717  3138213    0.10%
  42347 17774      511.2243   100      511.0564      511.5717  3150415    0.10%
  42554 17934      511.6190   108      511.0564      511.5717  3161625    0.10%
  42743 18087      511.0697    30      511.0564      511.5717  3172513    0.10%
  42958 18243      511.5757    97      511.0564      511.5717  3183810    0.10%
  43224 18463      511.2547    45      511.0564      511.5717  3195133    0.10%
  43466 18665      511.0885    14      511.0564      511.5717  3206321    0.10%
  43752 18904      511.4892    93      511.0564      511.5717  3218434    0.10%
  43997 19099      511.4392    76      511.0564      511.5717  3230265    0.10%
  44172 19232      511.4599   143      511.0564      511.5717  3241488    0.10%
Elapsed time = 1227.26 sec. (1232261.60 ticks, tree = 248.03 MB, solutions = 8)
  44370 19372      511.4379   131      511.0564      511.5717  3252131    0.10%
  44601 19557      511.5448   125      511.0564      511.5717  3263452    0.10%
  44786 19703      511.5855   105      511.0564      511.5717  3275040    0.10%
  44987 19862      511.4345    96      511.0564      511.5717  3286575    0.10%
  45166 19996      511.3222   102      511.0564      511.5717  3297909    0.10%
  45324 20122      511.3769   109      511.0564      511.5717  3309265    0.10%
* 45382+19717                          511.0719      511.5717             0.10%
  45528 19833      511.3403    82      511.0719      511.5717  3319743    0.10%
  45693 19967      511.5395   126      511.0719      511.5717  3329260    0.10%
  45848 20100      511.1114    74      511.0719      511.5717  3339754    0.10%
  45993 20212      511.2254    57      511.0719      511.5717  3350504    0.10%
Elapsed time = 1264.04 sec. (1270557.99 ticks, tree = 266.15 MB, solutions = 9)
  46209 20380      511.5851   128      511.0719      511.5717  3362196    0.10%
  46404 20537      511.2994    81      511.0719      511.5717  3373702    0.10%
  46594 20679        cutoff            511.0719      511.5717  3385396    0.10%
  46783 20829      511.4515    93      511.0719      511.5717  3395829    0.10%
  47032 21029      511.2045    68      511.0719      511.5717  3407457    0.10%
  47231 21184      511.6249   103      511.0719      511.5717  3419019    0.10%
  47412 21333      511.2669    91      511.0719      511.5717  3430366    0.10%
  47621 21507      511.2083    80      511.0719      511.5717  3441994    0.10%
  47801 21654      511.3027    67      511.0719      511.5717  3452223    0.10%
  48020 21831      511.5613   137      511.0719      511.5717  3463617    0.10%
Elapsed time = 1301.56 sec. (1308939.27 ticks, tree = 287.41 MB, solutions = 9)
  48208 21991      511.2084    82      511.0719      511.5717  3474461    0.10%
  48452 22184      511.0731    26      511.0719      511.5717  3485538    0.10%
  48662 22358        cutoff            511.0719      511.5717  3496924    0.10%
  48872 22510      511.2675   103      511.0719      511.5717  3508036    0.10%
  49104 22684      511.0875    58      511.0719      511.5717  3519121    0.10%
  49315 22861      511.0891    42      511.0719      511.5717  3530207    0.10%
  49538 23029      511.4811    90      511.0719      511.5717  3542164    0.10%
  49724 23176      511.4295    83      511.0719      511.5717  3553122    0.10%
  49922 23328      511.2912    96      511.0719      511.5717  3564365    0.10%
  50150 23505      511.2072    37      511.0719      511.5717  3575976    0.10%
Elapsed time = 1343.75 sec. (1347255.84 ticks, tree = 311.19 MB, solutions = 9)
  50357 23654      511.6062   135      511.0719      511.5717  3587363    0.10%
  50545 23800      511.3638   101      511.0719      511.5717  3598523    0.10%
  50743 23947      511.5737   121      511.0719      511.5717  3609994    0.10%
  50923 24083      511.5543   108      511.0719      511.5717  3621861    0.10%
  51097 24225      511.3498   102      511.0719      511.5717  3633116    0.10%
  51312 24395      511.6138   107      511.0719      511.5717  3643644    0.10%
  51516 24564      511.1723    74      511.0719      511.5717  3655369    0.10%
  51728 24730      511.0922    43      511.0719      511.5717  3666539    0.10%
  51940 24893      511.6456    83      511.0719      511.5717  3678028    0.10%
  52132 25040      511.6337    84      511.0719      511.5717  3689337    0.10%
Elapsed time = 1380.94 sec. (1385647.18 ticks, tree = 332.82 MB, solutions = 9)
  52365 25222      511.1460    21      511.0719      511.5717  3700912    0.10%
  52541 25352      511.2447    96      511.0719      511.5717  3712375    0.10%
  52735 25495      511.6137    76      511.0719      511.5717  3724394    0.10%
  52930 25645      511.2416    70      511.0719      511.5717  3735909    0.10%
  53174 25846      511.0947    39      511.0719      511.5717  3747063    0.10%
  53362 25995      511.1518    93      511.0719      511.5717  3758125    0.10%
  53615 26197      511.1021    37      511.0719      511.5717  3769602    0.10%
  53814 26337      511.4321   112      511.0719      511.5717  3780619    0.10%
  53999 26477      511.4326   103      511.0719      511.5717  3791706    0.10%
  54187 26621      511.4111   103      511.0719      511.5717  3803380    0.10%
Elapsed time = 1418.42 sec. (1423908.73 ticks, tree = 352.79 MB, solutions = 9)
  54363 26756      511.2154    78      511.0719      511.5717  3815008    0.10%
  54564 26915      511.4014    93      511.0719      511.5717  3826451    0.10%
  54790 27090      511.2834    85      511.0719      511.5717  3838061    0.10%
  54985 27241      511.4422   124      511.0719      511.5717  3849189    0.10%
  55171 27382      511.5250   106      511.0719      511.5717  3860243    0.10%
  55380 27556      511.1742    60      511.0719      511.5717  3871534    0.10%
  55574 27696      511.2542    98      511.0719      511.5717  3882754    0.10%
  55785 27861      511.0875    59      511.0719      511.5717  3894258    0.10%
  55992 28021      511.1415    43      511.0719      511.5717  3905410    0.10%
  56196 28170      511.4342   116      511.0719      511.5717  3917621    0.10%
Elapsed time = 1455.78 sec. (1462130.96 ticks, tree = 374.50 MB, solutions = 9)
  56419 28337      511.2319    74      511.0719      511.5717  3928733    0.10%
  56625 28492      511.1283    62      511.0719      511.5717  3940004    0.10%
  56902 28700      511.4919    80      511.0719      511.5717  3951569    0.10%
  57102 28853      511.4440   104      511.0719      511.5717  3963047    0.10%
  57335 29036        cutoff            511.0719      511.5717  3974579    0.10%
  57536 29193      511.1051    69      511.0719      511.5717  3985708    0.10%
  57759 29364      511.4258    57      511.0719      511.5717  3996787    0.10%
  57974 29526      511.4834   118      511.0719      511.5717  4008090    0.10%
  58164 29676      511.3704    98      511.0719      511.5717  4019321    0.10%
  58358 29824      511.5921    86      511.0719      511.5717  4030462    0.10%
Elapsed time = 1493.97 sec. (1500367.05 ticks, tree = 401.85 MB, solutions = 9)
  58588 30014      511.0840    25      511.0719      511.5717  4041650    0.10%
  58783 30156      511.5908    95      511.0719      511.5717  4054017    0.10%
  58965 30299      511.1576    96      511.0719      511.5717  4065307    0.10%
  59192 30481      511.1665    16      511.0719      511.5717  4076762    0.10%
  59410 30651      511.1785    74      511.0719      511.5717  4088682    0.10%
  59658 30852      511.5598   103      511.0719      511.5717  4100413    0.10%
  59850 30993      511.2323    48      511.0719      511.5717  4111731    0.10%
  60057 31160      511.4619    84      511.0719      511.5717  4122763    0.10%
  60247 31310      511.2125   100      511.0719      511.5717  4134475    0.10%
  60453 31459      511.3296   110      511.0719      511.5717  4145993    0.10%
Elapsed time = 1531.58 sec. (1538628.73 ticks, tree = 423.38 MB, solutions = 9)
  60700 31658      511.2574    50      511.0719      511.5717  4157702    0.10%
  60883 31799        cutoff            511.0719      511.5717  4168668    0.10%
  61107 31978      511.5693   121      511.0719      511.5717  4180786    0.10%
  61308 32127      511.3986    99      511.0719      511.5717  4191915    0.10%
  61511 32285      511.4130   108      511.0719      511.5717  4203235    0.10%
  61702 32443      511.4645   108      511.0719      511.5717  4214003    0.10%
  61892 32587      511.3406    66      511.0719      511.5717  4225098    0.10%
  62083 32736      511.4506    87      511.0719      511.5717  4236513    0.10%
  62307 32897      511.0794    91      511.0719      511.5717  4248059    0.10%
  62517 33058      511.5516   102      511.0719      511.5717  4259824    0.10%
Elapsed time = 1570.31 sec. (1576850.38 ticks, tree = 444.07 MB, solutions = 9)
  62712 33213      511.1675    66      511.0719      511.5717  4271211    0.10%
  62916 33373      511.2862    69      511.0719      511.5717  4283569    0.10%
  63112 33510      511.4010    92      511.0719      511.5717  4294688    0.10%
  63296 33651      511.1842    77      511.0719      511.5717  4306000    0.10%
  63518 33829      511.2899    55      511.0719      511.5717  4317622    0.10%
  63723 33977      511.3942   107      511.0719      511.5717  4328678    0.10%
  63911 34119        cutoff            511.0719      511.5717  4339772    0.10%
  64089 34261      511.3280    79      511.0719      511.5717  4350990    0.10%
  64284 34414      511.2905    61      511.0719      511.5717  4362011    0.10%
  64489 34576      511.2818    92      511.0719      511.5717  4373647    0.10%
Elapsed time = 1607.72 sec. (1615122.83 ticks, tree = 465.44 MB, solutions = 9)
  64695 34735      511.5085    94      511.0719      511.5717  4385349    0.10%
  64870 34866      511.3301   116      511.0719      511.5717  4395844    0.10%
  65104 35048      511.1729    35      511.0719      511.5717  4407023    0.10%
  65339 35245      511.3212   112      511.0719      511.5717  4418555    0.10%
  65568 35428      511.1525    50      511.0719      511.5717  4430142    0.10%
  65808 35614      511.5742   102      511.0719      511.5717  4441729    0.10%
  66010 35783      511.3883   100      511.0719      511.5717  4453323    0.10%
  66219 35945      511.4511    91      511.0719      511.5717  4464673    0.10%
  66421 36102      511.4035   111      511.0719      511.5717  4475904    0.10%
  66616 36248      511.1979    86      511.0719      511.5717  4487606    0.10%
Elapsed time = 1645.65 sec. (1653447.37 ticks, tree = 486.03 MB, solutions = 9)
  66806 36384      511.5274   132      511.0719      511.5717  4499230    0.10%
  67005 36548      511.3513    87      511.0719      511.5717  4510469    0.10%
  67170 36665      511.2813   103      511.0719      511.5717  4521396    0.10%
  67379 36811      511.3155    70      511.0719      511.5717  4532704    0.10%
  67619 36998      511.3963   107      511.0719      511.5717  4543763    0.10%
  67808 37133      511.2223    95      511.0719      511.5717  4554799    0.10%
  67991 37261      511.4203   107      511.0719      511.5717  4566798    0.10%
  68188 37414      511.3702    88      511.0719      511.5717  4577898    0.10%
  68395 37577      511.3704    68      511.0719      511.5717  4589489    0.10%
  68610 37747      511.2590    83      511.0719      511.5717  4601505    0.10%
Elapsed time = 1682.97 sec. (1691770.61 ticks, tree = 506.89 MB, solutions = 9)
  68825 37922      511.5028   109      511.0719      511.5717  4612629    0.10%
  68990 38041      511.0723    40      511.0719      511.5717  4623818    0.10%
  69178 38178      511.2218    53      511.0719      511.5717  4634760    0.10%
  69396 38342      511.5464   101      511.0719      511.5717  4645290    0.10%
  69612 38506      511.2125    78      511.0719      511.5717  4656526    0.10%
  69820 38663      511.3377    69      511.0719      511.5717  4667210    0.10%
  70025 38817      511.2321    78      511.0719      511.5717  4678191    0.10%
  70228 38980      511.3575    81      511.0719      511.5717  4689124    0.10%
  70458 39169      511.1311    86      511.0719      511.5717  4700581    0.10%
  70656 39323      511.5914   109      511.0719      511.5717  4711224    0.10%
Elapsed time = 1720.59 sec. (1730105.97 ticks, tree = 529.42 MB, solutions = 9)
  70892 39509      511.1979    40      511.0719      511.5717  4722968    0.10%
  71098 39663      511.0958    51      511.0719      511.5717  4734401    0.10%
  71267 39792      511.2321   113      511.0719      511.5717  4745731    0.10%
  71430 39910      511.1706    51      511.0719      511.5717  4757208    0.10%
  71662 40095      511.4118   114      511.0719      511.5717  4768305    0.10%
  71912 40300      511.5587    87      511.0719      511.5717  4780320    0.10%
  72140 40472      511.3118   100      511.0719      511.5717  4791745    0.10%
  72316 40601      511.3084    84      511.0719      511.5717  4803413    0.10%
  72524 40743      511.4737    93      511.0719      511.5717  4814994    0.10%
  72739 40920      511.1340    21      511.0719      511.5717  4826572    0.10%
Elapsed time = 1758.68 sec. (1768381.00 ticks, tree = 550.21 MB, solutions = 9)
  72945 41069      511.1373    57      511.0719      511.5717  4837743    0.10%
  73152 41222      511.4088    78      511.0719      511.5717  4849501    0.10%
  73330 41348      511.1962    64      511.0719      511.5717  4860608    0.10%
  73523 41483      511.1553    69      511.0719      511.5717  4871859    0.10%
  73770 41681      511.2254    48      511.0719      511.5717  4883052    0.10%
  74001 41859        cutoff            511.0719      511.5717  4893643    0.10%
  74190 41999      511.2555    82      511.0719      511.5717  4904695    0.10%
  74392 42148      511.2149    40      511.0719      511.5717  4915573    0.10%
  74586 42290      511.1658    51      511.0719      511.5717  4926450    0.10%
  74836 42485      511.5322    77      511.0719      511.5717  4938370    0.10%
Elapsed time = 1796.29 sec. (1806591.71 ticks, tree = 572.84 MB, solutions = 9)
  75020 42621      511.2645   115      511.0719      511.5717  4950074    0.10%
  75189 42742      511.0942    81      511.0719      511.5717  4961372    0.10%
  75392 42879      511.3447    59      511.0719      511.5717  4972787    0.10%
  75593 43034      511.4809    64      511.0719      511.5717  4984061    0.10%
  75792 43177      511.0952    79      511.0719      511.5717  4995069    0.10%
  75965 43305      511.1466   108      511.0719      511.5717  5006156    0.10%
  76127 43426      511.0759    78      511.0719      511.5717  5016210    0.10%
  76340 43591      511.1265    45      511.0719      511.5717  5026597    0.10%
  76535 43743      511.1768    78      511.0719      511.5717  5037684    0.10%
  76759 43903      511.3503    73      511.0719      511.5717  5048728    0.10%
Elapsed time = 1833.42 sec. (1844934.08 ticks, tree = 587.72 MB, solutions = 9)
  76933 44033      511.1743    79      511.0719      511.5717  5058614    0.10%
  77160 44205      511.5381    82      511.0719      511.5717  5070828    0.10%
  77389 44383      511.3896    73      511.0719      511.5717  5081657    0.10%
  77584 44528      511.1482    88      511.0719      511.5717  5092920    0.10%
  77771 44662      511.3478    90      511.0719      511.5717  5104053    0.10%
  77968 44812      511.2586   132      511.0719      511.5717  5114956    0.10%
  78169 44967      511.2598   130      511.0719      511.5717  5125962    0.10%
  78333 45081      511.2769    97      511.0719      511.5717  5137532    0.10%
  78524 45226      511.4914    80      511.0719      511.5717  5148257    0.10%
  78732 45384      511.3752   135      511.0719      511.5717  5159658    0.10%
Elapsed time = 1871.03 sec. (1883259.84 ticks, tree = 607.27 MB, solutions = 9)
  78913 45524      511.2392    59      511.0719      511.5717  5170676    0.10%
  79138 45697      511.2194    75      511.0719      511.5717  5181711    0.10%
  79382 45885      511.1611    42      511.0719      511.5717  5193751    0.10%
  79587 46032      511.2207   100      511.0719      511.5717  5205315    0.10%
  79768 46172      511.3255    59      511.0719      511.5717  5216671    0.10%
  79974 46324      511.1012    88      511.0719      511.5717  5227457    0.10%
  80191 46474      511.2878    67      511.0719      511.5717  5238690    0.10%
  80368 46601      511.4769    99      511.0719      511.5717  5250023    0.10%
  80555 46734      511.4043    89      511.0719      511.5717  5261180    0.10%
  80789 46908      511.1228    45      511.0719      511.5717  5272763    0.10%
Elapsed time = 1908.85 sec. (1921554.09 ticks, tree = 632.02 MB, solutions = 9)
  81001 47067      511.4030    77      511.0719      511.5717  5284259    0.10%
  81219 47230      511.5173    95      511.0719      511.5717  5296069    0.10%
  81416 47378      511.1987    78      511.0719      511.5717  5306894    0.10%
  81622 47536      511.1615    86      511.0719      511.5717  5318203    0.10%
  81839 47691      511.2903   111      511.0719      511.5717  5328990    0.10%
  82063 47868      511.2819    87      511.0719      511.5717  5340484    0.10%
  82251 47985      511.5399    96      511.0719      511.5717  5351948    0.10%
  82466 48149      511.0853    69      511.0719      511.5717  5363704    0.10%
  82677 48317      511.5270    81      511.0719      511.5717  5375462    0.10%
  82876 48462      511.1160    83      511.0719      511.5717  5387540    0.10%
Elapsed time = 1947.07 sec. (1959823.86 ticks, tree = 656.72 MB, solutions = 9)
  83053 48590      511.1798    50      511.0719      511.5717  5399233    0.10%
  83276 48747      511.2694   121      511.0719      511.5717  5410451    0.10%
  83464 48884      511.2481    76      511.0719      511.5717  5421591    0.10%
  83656 49023      511.1050    80      511.0719      511.5717  5432393    0.10%
  83895 49199        cutoff            511.0719      511.5717  5444331    0.10%
  84041 49308      511.2742    59      511.0719      511.5717  5454531    0.10%
  84262 49481      511.1679    38      511.0719      511.5717  5466074    0.10%
  84462 49631      511.4014    53      511.0719      511.5717  5477450    0.10%
  84729 49844      511.0816   122      511.0719      511.5717  5488490    0.10%
  84911 49970      511.4013    81      511.0719      511.5717  5499761    0.10%
Elapsed time = 1984.66 sec. (1998102.70 ticks, tree = 677.56 MB, solutions = 9)
  85121 50121      511.4855    88      511.0719      511.5717  5511513    0.10%
  85320 50267      511.1368    41      511.0719      511.5717  5522343    0.10%
  85532 50426      511.1748    52      511.0719      511.5717  5534160    0.10%
  85733 50558      511.3481   117      511.0719      511.5717  5545775    0.10%
  85957 50722      511.1440    37      511.0719      511.5717  5557017    0.10%
  86166 50879      511.2275    71      511.0719      511.5717  5568386    0.10%
  86371 51016      511.0850    69      511.0719      511.5717  5579848    0.10%
  86532 51135      511.0889    56      511.0719      511.5717  5591055    0.10%
  86732 51289      511.4000    47      511.0719      511.5717  5601846    0.10%
  86919 51425      511.2376   105      511.0719      511.5717  5613418    0.10%
Elapsed time = 2022.19 sec. (2036393.46 ticks, tree = 698.93 MB, solutions = 9)
  87117 51574      511.2858   124      511.0719      511.5717  5624503    0.10%
  87267 51677      511.4495    94      511.0719      511.5717  5636317    0.10%
  87485 51852      511.3476    73      511.0719      511.5717  5647951    0.10%
  87709 52010      511.1108    79      511.0719      511.5717  5659272    0.10%
  87948 52190      511.1569    33      511.0719      511.5717  5671303    0.10%
  88126 52322      511.1087    34      511.0719      511.5717  5682159    0.10%
  88352 52498      511.1524    55      511.0719      511.5717  5693153    0.10%
  88565 52644      511.2096    61      511.0719      511.5717  5703855    0.10%
  88742 52763      511.2671    97      511.0719      511.5717  5715501    0.10%
  88921 52892      511.2640    95      511.0719      511.5717  5726969    0.10%
Elapsed time = 2059.74 sec. (2074667.42 ticks, tree = 719.03 MB, solutions = 9)
  89106 53018      511.3607    71      511.0719      511.5717  5738545    0.10%
  89312 53177      511.5668    76      511.0719      511.5717  5749529    0.10%
  89496 53315      511.3562    48      511.0719      511.5717  5760961    0.10%
  89690 53458      511.4396   103      511.0719      511.5717  5772012    0.10%
  89865 53584      511.3074    85      511.0719      511.5717  5783134    0.10%
  90102 53761      511.2620    47      511.0719      511.5717  5794828    0.10%
  90307 53904      511.4861   130      511.0719      511.5717  5806477    0.10%
  90490 54046      511.1288   109      511.0719      511.5717  5817010    0.10%
  90662 54165      511.3226    33      511.0719      511.5717  5828304    0.10%
  90837 54300      511.3460    68      511.0719      511.5717  5839253    0.10%
Elapsed time = 2097.01 sec. (2112990.13 ticks, tree = 736.34 MB, solutions = 9)
  91041 54456      511.1225    60      511.0719      511.5717  5850591    0.10%
  91219 54581      511.2145    70      511.0719      511.5717  5861499    0.10%
  91423 54706      511.2941    78      511.0719      511.5717  5872706    0.10%
  91642 54871      511.4047    79      511.0719      511.5717  5883509    0.10%
  91885 55051      511.1934    59      511.0719      511.5717  5895502    0.10%
  92087 55200      511.0874    51      511.0719      511.5717  5906543    0.10%
  92305 55360      511.5032    66      511.0719      511.5717  5917995    0.10%
  92532 55524      511.1466    38      511.0719      511.5717  5929207    0.10%
  92704 55639      511.3454    82      511.0719      511.5717  5940231    0.10%
  92888 55776      511.1387    86      511.0719      511.5717  5950876    0.10%
Elapsed time = 2134.49 sec. (2151267.67 ticks, tree = 756.93 MB, solutions = 9)
  93099 55932      511.1714    48      511.0719      511.5717  5962357    0.10%
  93311 56084      511.0775    83      511.0719      511.5717  5974059    0.10%
  93525 56247      511.2045    65      511.0719      511.5717  5985599    0.10%
  93711 56369      511.4808    86      511.0719      511.5717  5996735    0.10%
  93951 56556      511.5578   103      511.0719      511.5717  6008468    0.10%
  94132 56683      511.4100    56      511.0719      511.5717  6020050    0.10%
  94342 56838      511.3169    71      511.0719      511.5717  6031471    0.10%
  94546 56984      511.1089    93      511.0719      511.5717  6043421    0.10%
  94733 57102      511.5262    83      511.0719      511.5717  6054601    0.10%
  94933 57266      511.1439    95      511.0719      511.5717  6065983    0.10%
Elapsed time = 2171.91 sec. (2189588.87 ticks, tree = 781.64 MB, solutions = 9)
  95128 57404      511.3732    94      511.0719      511.5717  6077987    0.10%
  95325 57544      511.1801    83      511.0719      511.5717  6089333    0.10%
  95546 57694      511.1686    71      511.0719      511.5717  6100263    0.10%
  95735 57827      511.3485    76      511.0719      511.5717  6111175    0.10%
  95959 57992      511.1555    62      511.0719      511.5717  6123227    0.10%
  96135 58118      511.1772    65      511.0719      511.5717  6134212    0.10%
  96343 58254      511.0935    74      511.0719      511.5717  6145325    0.10%
  96568 58410      511.3342    84      511.0719      511.5717  6156396    0.10%
  96744 58533      511.2491    58      511.0719      511.5717  6167906    0.10%
  96944 58680      511.2704    91      511.0719      511.5717  6178964    0.10%
Elapsed time = 2208.95 sec. (2227882.27 ticks, tree = 800.56 MB, solutions = 9)
  97165 58847      511.1214   105      511.0719      511.5717  6190623    0.10%
  97360 58985      511.3527    88      511.0719      511.5717  6201608    0.10%
  97560 59121      511.4804   113      511.0719      511.5717  6213364    0.10%
  97783 59288      511.4238    99      511.0719      511.5717  6224678    0.10%
  97983 59429      511.4719    80      511.0719      511.5717  6235841    0.10%
  98184 59584      511.2868    61      511.0719      511.5717  6245689    0.10%
  98420 59766      511.1740    48      511.0719      511.5717  6257575    0.10%
  98642 59932      511.3931    83      511.0719      511.5717  6268679    0.10%
  98854 60082      511.1934    56      511.0719      511.5717  6279637    0.10%
  99094 60263        cutoff            511.0719      511.5717  6290879    0.10%
Elapsed time = 2246.50 sec. (2266212.66 ticks, tree = 822.80 MB, solutions = 9)
  99263 60365      511.5231    91      511.0719      511.5717  6302549    0.10%
  99431 60468      511.2061    59      511.0719      511.5717  6313737    0.10%
  99628 60599      511.2299    60      511.0719      511.5717  6325675    0.10%
  99838 60749      511.1508   105      511.0719      511.5717  6337065    0.10%
 100029 60884      511.2123    59      511.0719      511.5717  6348689    0.10%
 100219 61029      511.1794    92      511.0719      511.5717  6359819    0.10%
 100408 61149      511.0792    46      511.0719      511.5717  6371257    0.10%
 100587 61272      511.4594    75      511.0719      511.5717  6382386    0.10%
 100796 61423      511.4728    98      511.0719      511.5717  6393867    0.10%
 100953 61532      511.4342   112      511.0719      511.5717  6404765    0.10%
Elapsed time = 2282.98 sec. (2304555.36 ticks, tree = 842.39 MB, solutions = 9)
 101152 61681      511.1296    63      511.0719      511.5717  6415878    0.10%
 101348 61820      511.3337    62      511.0719      511.5717  6427593    0.10%
 101571 61987      511.0803    53      511.0719      511.5717  6438759    0.10%
 101762 62122      511.5409   110      511.0719      511.5717  6449797    0.10%
 101937 62243      511.4082   107      511.0719      511.5717  6460879    0.10%
 102116 62377        cutoff            511.0719      511.5717  6471743    0.10%
 102291 62493      511.0822    37      511.0719      511.5717  6483122    0.10%
 102544 62682      511.3535    86      511.0719      511.5717  6494398    0.10%
 102745 62827      511.1235    53      511.0719      511.5717  6505493    0.10%
 102961 62985      511.3784    67      511.0719      511.5717  6516647    0.10%
Elapsed time = 2320.09 sec. (2342851.92 ticks, tree = 863.48 MB, solutions = 9)
 103139 63112      511.3907   130      511.0719      511.5717  6528469    0.10%
 103350 63265      511.1090   106      511.0719      511.5717  6540421    0.10%
 103538 63393        cutoff            511.0719      511.5717  6552228    0.10%
 103775 63552      511.4626    72      511.0719      511.5717  6563053    0.10%
 103964 63674      511.4032    67      511.0719      511.5717  6574687    0.10%
 104178 63828      511.1803    35      511.0719      511.5717  6585943    0.10%
 104387 63975      511.4138    90      511.0719      511.5717  6597083    0.10%
 104579 64121      511.4938   131      511.0719      511.5717  6608951    0.10%
 104775 64265      511.0880    38      511.0719      511.5717  6620002    0.10%
 104975 64412      511.1000    62      511.0719      511.5717  6631378    0.10%
Elapsed time = 2357.17 sec. (2381117.79 ticks, tree = 888.08 MB, solutions = 9)
 105191 64569      511.1968   111      511.0719      511.5717  6642768    0.10%
 105412 64732      511.4103    88      511.0719      511.5717  6654738    0.10%
 105604 64858      511.4361   104      511.0719      511.5717  6666554    0.10%
 105790 64992      511.1179    65      511.0719      511.5717  6677599    0.10%
 106004 65157      511.0838    34      511.0719      511.5717  6688568    0.10%
 106173 65266      511.4476   106      511.0719      511.5717  6699800    0.10%
 106358 65403      511.3533    91      511.0719      511.5717  6711262    0.10%
 106574 65566      511.3026    80      511.0719      511.5717  6722802    0.10%
 106781 65710      511.3288    83      511.0719      511.5717  6734453    0.10%
 106979 65855      511.1859    62      511.0719      511.5717  6745682    0.10%
Elapsed time = 2394.14 sec. (2419487.23 ticks, tree = 907.62 MB, solutions = 9)
 107172 65990      511.2594    82      511.0719      511.5717  6757008    0.10%
 107373 66126      511.1413    70      511.0719      511.5717  6767862    0.10%
 107538 66234      511.1225    54      511.0719      511.5717  6778927    0.10%
 107713 66340      511.3483    83      511.0719      511.5717  6789567    0.10%
 107909 66476      511.2652    96      511.0719      511.5717  6800688    0.10%
 108095 66609      511.3754    39      511.0719      511.5717  6811507    0.10%
 108320 66772      511.2840    68      511.0719      511.5717  6823062    0.10%
 108499 66886      511.1068   110      511.0719      511.5717  6834619    0.10%
 108729 67059      511.1400    76      511.0719      511.5717  6847030    0.10%
 108964 67233      511.2344    77      511.0719      511.5717  6858866    0.10%
Elapsed time = 2430.90 sec. (2457755.04 ticks, tree = 922.73 MB, solutions = 9)
 109177 67381      511.3169    81      511.0719      511.5717  6870425    0.10%
 109348 67506      511.2610   105      511.0719      511.5717  6881146    0.10%
 109556 67656      511.1413    96      511.0719      511.5717  6892539    0.10%
 109774 67818      511.1592    91      511.0719      511.5717  6903204    0.10%
 110008 68002      511.1841    68      511.0719      511.5717  6914998    0.10%
 110175 68123      511.4138   115      511.0719      511.5717  6926079    0.10%
 110368 68258      511.2707    62      511.0719      511.5717  6937223    0.10%
 110580 68399        cutoff            511.0719      511.5717  6948013    0.10%
 110819 68575      511.1290   118      511.0719      511.5717  6959289    0.10%
 111022 68724      511.3858    99      511.0719      511.5717  6969932    0.10%
Elapsed time = 2468.08 sec. (2496092.56 ticks, tree = 942.71 MB, solutions = 9)
 111240 68888      511.4646    83      511.0719      511.5717  6981388    0.10%
 111460 69062      511.1981    58      511.0719      511.5717  6992269    0.10%
 111664 69218      511.3274    75      511.0719      511.5717  7003110    0.10%
 111876 69376      511.1048    78      511.0719      511.5717  7014092    0.10%
 112082 69518      511.4890    82      511.0719      511.5717  7025413    0.10%
 112291 69675      511.4057    88      511.0719      511.5717  7036836    0.10%
 112470 69811      511.3925    87      511.0719      511.5717  7047699    0.10%
 112659 69950      511.3562    97      511.0719      511.5717  7059142    0.10%
 112871 70106      511.3133    75      511.0719      511.5717  7070609    0.10%
 113083 70267      511.3746   109      511.0719      511.5717  7081452    0.10%
Elapsed time = 2505.82 sec. (2534389.78 ticks, tree = 964.66 MB, solutions = 9)
 113250 70376      511.2262    86      511.0719      511.5717  7092486    0.10%
 113474 70542      511.1463    98      511.0719      511.5717  7103373    0.10%
 113685 70687      511.3458    75      511.0719      511.5717  7114275    0.10%
 113904 70838      511.1642    51      511.0719      511.5717  7125539    0.10%
 114099 70971      511.4720    71      511.0719      511.5717  7136147    0.10%
 114312 71121      511.3729    81      511.0719      511.5717  7147489    0.10%
 114520 71278      511.3112    57      511.0719      511.5717  7158617    0.10%
 114726 71423      511.4642   100      511.0719      511.5717  7169756    0.10%
 114931 71574      511.5196    96      511.0719      511.5717  7180832    0.10%
 115134 71725      511.2327    90      511.0719      511.5717  7191896    0.10%
Elapsed time = 2543.29 sec. (2572739.55 ticks, tree = 986.79 MB, solutions = 9)
 115328 71853        cutoff            511.0719      511.5717  7203469    0.10%
 115529 71988      511.0753    26      511.0719      511.5717  7214162    0.10%
 115722 72118      511.1891    45      511.0719      511.5717  7225180    0.10%
 115926 72265      511.2338    97      511.0719      511.5717  7236413    0.10%
 116138 72417      511.2296    62      511.0719      511.5717  7247816    0.10%
 116317 72544      511.1148    60      511.0719      511.5717  7258889    0.10%
 116528 72682      511.3209    99      511.0719      511.5717  7270598    0.10%
 116710 72797      511.1896   119      511.0719      511.5717  7281789    0.10%
 116862 72895      511.3989   103      511.0719      511.5717  7293056    0.10%
 117072 73031      511.4593    98      511.0719      511.5717  7303964    0.10%
Elapsed time = 2580.48 sec. (2611123.77 ticks, tree = 1006.51 MB, solutions = 9)
 117322 73209      511.2349    54      511.0719      511.5717  7316263    0.10%
 117505 73338      511.1401    97      511.0719      511.5717  7327443    0.10%
 117721 73476      511.2830   118      511.0719      511.5717  7338618    0.10%
 117922 73619      511.0874    90      511.0719      511.5717  7350194    0.10%
 118114 73758      511.2464    79      511.0719      511.5717  7361900    0.10%
 118287 73867      511.0857    93      511.0719      511.5717  7373073    0.10%
 118485 74004      511.2079    72      511.0719      511.5717  7384075    0.10%
 118715 74164      511.4803    68      511.0719      511.5717  7395731    0.10%
 118910 74302      511.1331    46      511.0719      511.5717  7407246    0.10%
 119117 74433      511.3380    91      511.0719      511.5717  7418931    0.10%
Elapsed time = 2618.06 sec. (2649461.09 ticks, tree = 1026.94 MB, solutions = 9)
 119341 74605      511.0823    64      511.0719      511.5717  7430198    0.10%
 119547 74757      511.1471    42      511.0719      511.5717  7441400    0.10%
 119732 74886      511.1365    78      511.0719      511.5717  7452735    0.10%
 119965 75065      511.3882    73      511.0719      511.5717  7463548    0.10%
 120159 75210      511.1466    63      511.0719      511.5717  7474455    0.10%
 120388 75362      511.1192    70      511.0719      511.5717  7485467    0.10%
 120595 75505      511.3925    72      511.0719      511.5715  7496224    0.10%
 120793 75632      511.3575    89      511.0719      511.5711  7507720    0.10%
 120980 75758      511.0836   107      511.0719      511.5708  7518969    0.10%
 121175 75894      511.1645    49      511.0719      511.5706  7530335    0.10%
Elapsed time = 2655.56 sec. (2687743.55 ticks, tree = 1050.52 MB, solutions = 9)
 121374 76024      511.3486    55      511.0719      511.5705  7541228    0.10%
 121567 76156      511.1231    34      511.0719      511.5703  7552465    0.10%
 121768 76307      511.3174    72      511.0719      511.5700  7564302    0.10%
 121982 76456      511.2257    81      511.0719      511.5698  7575257    0.10%
 122186 76593      511.3731    91      511.0719      511.5695  7586526    0.10%
 122424 76762      511.4450   106      511.0719      511.5692  7597967    0.10%
 122587 76866      511.2802    61      511.0719      511.5689  7609675    0.10%
 122766 76992      511.2612    75      511.0719      511.5686  7620771    0.10%
 122943 77114      511.3901    88      511.0719      511.5684  7631682    0.10%
 123134 77235      511.4116   113      511.0719      511.5680  7643484    0.10%
Elapsed time = 2692.76 sec. (2726043.64 ticks, tree = 1068.03 MB, solutions = 9)
 123323 77361      511.3395    80      511.0719      511.5678  7654594    0.10%
 123493 77468      511.4243   115      511.0719      511.5675  7666157    0.10%
 123737 77643      511.1092    86      511.0719      511.5672  7677365    0.10%
 123954 77792      511.0995    44      511.0719      511.5669  7688864    0.10%
 124144 77931      511.1857    84      511.0719      511.5667  7699849    0.10%
 124353 78065      511.4470    97      511.0719      511.5665  7711175    0.10%
 124550 78200      511.2194    71      511.0719      511.5663  7722813    0.10%
 124778 78360      511.4150    96      511.0719      511.5661  7733887    0.10%
 124969 78497      511.4247   126      511.0719      511.5659  7745753    0.10%
 125155 78619        cutoff            511.0719      511.5657  7756607    0.10%
Elapsed time = 2730.02 sec. (2764276.33 ticks, tree = 1088.69 MB, solutions = 9)
 125347 78758      511.4739    99      511.0719      511.5654  7767626    0.10%
 125573 78916        cutoff            511.0719      511.5651  7778342    0.10%
 125782 79046      511.2442    67      511.0719      511.5648  7789479    0.10%
 125996 79204      511.3505    90      511.0719      511.5646  7800693    0.10%
 126211 79359      511.3538    99      511.0719      511.5645  7811774    0.10%
 126424 79508      511.1522   106      511.0719      511.5642  7823133    0.10%
 126649 79682      511.0811    28      511.0719      511.5639  7834143    0.10%
 126824 79797      511.1828    99      511.0719      511.5638  7845719    0.10%
 127007 79932      511.3609   104      511.0719      511.5636  7857206    0.10%
 127217 80068      511.4701    82      511.0719      511.5634  7867923    0.10%
Elapsed time = 2767.53 sec. (2802554.42 ticks, tree = 1105.28 MB, solutions = 9)
 127427 80230      511.2469    79      511.0719      511.5633  7879451    0.10%
 127629 80379      511.1537   101      511.0719      511.5631  7891259    0.10%
 127842 80522      511.3678    95      511.0719      511.5628  7903039    0.10%
 128042 80672      511.2483   100      511.0719      511.5625  7914202    0.10%
 128217 80782      511.3769    88      511.0719      511.5623  7924975    0.10%
 128417 80917      511.3716    76      511.0719      511.5621  7936037    0.10%
 128628 81060      511.3520   108      511.0719      511.5618  7946898    0.10%
 128842 81217      511.1860    52      511.0719      511.5617  7957624    0.10%
 129029 81339      511.4610   101      511.0719      511.5615  7968504    0.10%
 129222 81478      511.0913    59      511.0719      511.5613  7979111    0.10%
Elapsed time = 2804.71 sec. (2840846.99 ticks, tree = 1127.53 MB, solutions = 9)
 129405 81601      511.1332    57      511.0719      511.5611  7989960    0.10%
 129632 81748      511.0883    77      511.0719      511.5609  8000967    0.10%
 129827 81888      511.1719    63      511.0719      511.5607  8012853    0.10%
 130023 82016      511.4075    89      511.0719      511.5603  8024634    0.10%
 130235 82171      511.2715    98      511.0719      511.5601  8036196    0.10%
 130414 82288      511.4958    76      511.0719      511.5599  8047411    0.10%
 130638 82455      511.3141    90      511.0719      511.5597  8058765    0.10%
 130830 82588      511.2788    62      511.0719      511.5595  8070256    0.10%
 131008 82704      511.3778    73      511.0719      511.5592  8080863    0.10%
 131202 82839      511.0764    31      511.0719      511.5590  8091652    0.10%
Elapsed time = 2841.82 sec. (2879165.03 ticks, tree = 1140.27 MB, solutions = 9)
 131382 82958      511.3196    62      511.0719      511.5588  8102668    0.10%
 131566 83087      511.3725   115      511.0719      511.5587  8113387    0.10%
 131736 83205      511.2204    73      511.0719      511.5585  8123582    0.10%
 131944 83356      511.1485    79      511.0719      511.5584  8134169    0.10%
 132120 83469      511.1810   121      511.0719      511.5582  8144614    0.10%
 132320 83611      511.1419    86      511.0719      511.5580  8155892    0.10%
 132533 83764      511.1559    86      511.0719      511.5578  8166859    0.10%
 132731 83900      511.1219    78      511.0719      511.5576  8177482    0.10%
 132925 84034      511.2842    77      511.0719      511.5575  8189255    0.10%
 133134 84170      511.1092   121      511.0719      511.5573  8200544    0.09%
Elapsed time = 2878.68 sec. (2917491.88 ticks, tree = 1158.81 MB, solutions = 9)
 133373 84337      511.4910   115      511.0719      511.5571  8211787    0.09%
 133582 84486      511.2354    73      511.0719      511.5569  8223145    0.09%
 133792 84629      511.1623   101      511.0719      511.5566  8234820    0.09%
 133979 84754      511.2823    84      511.0719      511.5564  8246681    0.09%
 134172 84881      511.3005   132      511.0719      511.5561  8257623    0.09%
 134360 85010      511.2152    86      511.0719      511.5559  8269298    0.09%
 134546 85132      511.5124   114      511.0719      511.5557  8279576    0.09%
 134740 85265      511.2687   110      511.0719      511.5555  8291195    0.09%
 134908 85380      511.3095    73      511.0719      511.5553  8301677    0.09%
 135122 85540      511.2151    68      511.0719      511.5551  8312381    0.09%
Elapsed time = 2915.65 sec. (2955792.30 ticks, tree = 1175.74 MB, solutions = 9)
 135319 85672      511.3524    98      511.0719      511.5550  8323885    0.09%
 135542 85832      511.4060    61      511.0719      511.5547  8335363    0.09%
 135737 85967      511.2248    59      511.0719      511.5545  8346561    0.09%
 135923 86093      511.0769    87      511.0719      511.5543  8357331    0.09%
 136139 86241      511.3690    76      511.0719      511.5541  8368231    0.09%
 136367 86401      511.1098    86      511.0719      511.5540  8379107    0.09%
 136573 86553      511.1415    49      511.0719      511.5537  8389897    0.09%
 136805 86725      511.2377   109      511.0719      511.5536  8401464    0.09%
 137031 86888        cutoff            511.0719      511.5532  8413144    0.09%
 137211 87005      511.3211    57      511.0719      511.5531  8423911    0.09%
Elapsed time = 2952.89 sec. (2994072.52 ticks, tree = 1197.42 MB, solutions = 9)
 137443 87160      511.1081    98      511.0719      511.5530  8435980    0.09%
 137626 87271      511.1351    61      511.0719      511.5528  8446970    0.09%
 137865 87442      511.2055    88      511.0719      511.5525  8459009    0.09%
 138082 87589      511.0749    50      511.0719      511.5523  8470410    0.09%
 138279 87719      511.1877    64      511.0719      511.5519  8483353    0.09%
 138487 87863      511.1829    65      511.0719      511.5517  8494577    0.09%
 138684 87994      511.2336    55      511.0719      511.5515  8505790    0.09%
 138837 88106      511.1260    71      511.0719      511.5514  8516206    0.09%
 139058 88270      511.2342    50      511.0719      511.5513  8526802    0.09%
 139247 88389      511.3463    93      511.0719      511.5510  8538339    0.09%
Elapsed time = 2989.91 sec. (3032337.41 ticks, tree = 1218.32 MB, solutions = 9)
 139464 88540      511.4118    80      511.0719      511.5508  8549697    0.09%
 139646 88668      511.2774    56      511.0719      511.5506  8560992    0.09%
 139836 88793      511.2261    67      511.0719      511.5502  8572670    0.09%
 140047 88937      511.2831    75      511.0719      511.5500  8583577    0.09%
 140272 89105      511.3775    87      511.0719      511.5496  8594795    0.09%
 140510 89281        cutoff            511.0719      511.5495  8606883    0.09%
 140693 89404      511.1577   117      511.0719      511.5493  8618340    0.09%
 140868 89518      511.2187    64      511.0719      511.5491  8629264    0.09%
 141090 89680      511.0752    61      511.0719      511.5489  8640022    0.09%
 141319 89839      511.3904    79      511.0719      511.5487  8651491    0.09%
Elapsed time = 3027.12 sec. (3070633.79 ticks, tree = 1240.75 MB, solutions = 9)
 141525 89993      511.1604    69      511.0719      511.5487  8662301    0.09%
 141721 90131        cutoff            511.0719      511.5485  8673176    0.09%
 141904 90257      511.3467    88      511.0719      511.5483  8684393    0.09%
 142107 90402      511.1808   105      511.0719      511.5480  8695640    0.09%
 142320 90550      511.3697    78      511.0719      511.5478  8707614    0.09%
 142509 90687      511.1754    91      511.0719      511.5477  8718876    0.09%
 142711 90829      511.4006    83      511.0719      511.5475  8730541    0.09%
 142941 91000      511.0879    52      511.0719      511.5473  8742067    0.09%
 143134 91126      511.4034   103      511.0719      511.5471  8753528    0.09%
 143365 91302      511.4718    77      511.0719      511.5469  8765560    0.09%
Elapsed time = 3064.44 sec. (3108965.20 ticks, tree = 1262.16 MB, solutions = 9)
 143548 91427      511.2773    79      511.0719      511.5467  8776829    0.09%
 143739 91557      511.1920    88      511.0719      511.5464  8787828    0.09%
 143956 91702      511.3469    66      511.0719      511.5461  8799367    0.09%
 144132 91836      511.2624    52      511.0719      511.5460  8810369    0.09%
 144327 91953      511.1132    62      511.0719      511.5458  8821253    0.09%
 144551 92111      511.1103     9      511.0719      511.5456  8832546    0.09%
 144752 92246      511.4860    98      511.0719      511.5454  8843757    0.09%
 144972 92392      511.4460    88      511.0719      511.5452  8855309    0.09%
 145201 92558      511.2609    96      511.0719      511.5452  8867304    0.09%
 145371 92675      511.3242    50      511.0719      511.5449  8878739    0.09%
Elapsed time = 3101.07 sec. (3147251.52 ticks, tree = 1280.13 MB, solutions = 9)
 145594 92834      511.2822    70      511.0719      511.5448  8889738    0.09%
 145837 92998      511.3022    66      511.0719      511.5445  8901242    0.09%
 146010 93117      511.1538    64      511.0719      511.5443  8912587    0.09%
 146209 93247      511.4002    94      511.0719      511.5442  8923644    0.09%
 146412 93386      511.4148    60      511.0719      511.5441  8934806    0.09%
 146609 93516      511.1669    51      511.0719      511.5438  8946125    0.09%
 146777 93640      511.2220    77      511.0719      511.5436  8957075    0.09%
 146976 93779      511.1897    52      511.0719      511.5435  8969179    0.09%
 147181 93920      511.2255    66      511.0719      511.5434  8980032    0.09%
 147369 94047      511.1747    67      511.0719      511.5432  8991499    0.09%
Elapsed time = 3137.52 sec. (3185502.82 ticks, tree = 1298.30 MB, solutions = 9)
 147592 94196      511.3522    73      511.0719      511.5429  9003556    0.09%
 147808 94333      511.4417    88      511.0719      511.5426  9015485    0.09%
 148018 94473      511.1306    85      511.0719      511.5424  9027562    0.09%
 148254 94621      511.4135    87      511.0719      511.5422  9039247    0.09%
 148484 94776      511.1909    73      511.0719      511.5421  9050790    0.09%
 148699 94924      511.1113   109      511.0719      511.5418  9062241    0.09%
 148887 95043      511.2781    85      511.0719      511.5416  9073856    0.09%
 149095 95191      511.0917    23      511.0719      511.5414  9085466    0.09%
 149318 95341      511.4087    73      511.0719      511.5412  9097578    0.09%
 149563 95506      511.2348    75      511.0719      511.5410  9109163    0.09%
Elapsed time = 3174.53 sec. (3223748.93 ticks, tree = 1315.30 MB, solutions = 9)
 149772 95650      511.3291    71      511.0719      511.5409  9120174    0.09%
 149988 95795      511.3784    83      511.0719      511.5406  9131729    0.09%
 150187 95928      511.1199    91      511.0719      511.5403  9142679    0.09%
*150342+95828                          511.0732      511.5402             0.09%
 150380 95858      511.3319    72      511.0732      511.5402  9152659    0.09%
 150557 95982      511.2446    91      511.0732      511.5400  9162952    0.09%
 150747 96115      511.3632    86      511.0732      511.5398  9173712    0.09%
 150942 96251      511.3178    86      511.0732      511.5394  9183743    0.09%
 151139 96399      511.0814    40      511.0732      511.5393  9193981    0.09%
 151345 96546      511.1479    84      511.0732      511.5392  9205007    0.09%
 151547 96690      511.1373   107      511.0732      511.5390  9216143    0.09%
Elapsed time = 3211.42 sec. (3262002.06 ticks, tree = 1332.06 MB, solutions = 10)
 151742 96817      511.3734    85      511.0732      511.5387  9226403    0.09%
 151970 96969      511.4293   112      511.0732      511.5386  9237454    0.09%
 152185 97127      511.1659   112      511.0732      511.5384  9248685    0.09%
 152364 97249      511.2041    68      511.0732      511.5382  9259277    0.09%
 152582 97399      511.1634    41      511.0732      511.5381  9270473    0.09%
 152799 97548      511.1875    87      511.0732      511.5378  9282308    0.09%
 153019 97705      511.0961    45      511.0732      511.5376  9293725    0.09%
 153208 97827      511.2486    64      511.0732      511.5374  9305012    0.09%
Starting limited solution polishing.
 153427 97983      511.3325    83      511.0732      511.5373  9316120    0.09%
 153635 98124      511.3687    91      511.0732      511.5372  9326954    0.09%
Elapsed time = 3249.26 sec. (3300277.76 ticks, tree = 1347.33 MB, solutions = 10)
 153832 98261      511.3697   111      511.0732      511.5370  9337787    0.09%
 154049 98418      511.3686    80      511.0732      511.5369  9348016    0.09%
 154232 98545      511.0895    52      511.0732      511.5368  9357844    0.09%
 154385 98647      511.2936    62      511.0732      511.5367  9368190    0.09%
 154574 98779      511.1041    39      511.0732      511.5366  9378971    0.09%
 154765 98904      511.0907    69      511.0732      511.5365  9388859    0.09%
 154945 99040      511.1367    67      511.0732      511.5363  9398179    0.09%
 155132 99172      511.2380    65      511.0732      511.5361  9409456    0.09%
 155268 99264      511.2570    60      511.0732      511.5361  9418835    0.09%
 155429 99362      511.1528    72      511.0732      511.5359  9429423    0.09%
Elapsed time = 3288.00 sec. (3339157.64 ticks, tree = 1363.07 MB, solutions = 10)
 155632 99508      511.1398    47      511.0732      511.5357  9439404    0.09%
 155808 99622      511.3154   103      511.0732      511.5355  9448699    0.09%
 155932 99709      511.1178   107      511.0732      511.5354  9457157    0.09%
 156080 99811      511.2651   107      511.0732      511.5352  9466460    0.09%
 156232 99915      511.3680    95      511.0732      511.5351  9475212    0.09%
 156402 100027      511.3946    96      511.0732      511.5350  9485053    0.09%
 156532 100118      511.3100    88      511.0732      511.5349  9492319    0.09%
 156726 100257      511.1443    71      511.0732      511.5348  9500927    0.09%
 156843 100324      511.4160   108      511.0732      511.5346  9507827    0.09%
 157009 100443      511.1528    68      511.0732      511.5346  9515859    0.09%
Elapsed time = 3328.07 sec. (3379030.47 ticks, tree = 1379.63 MB, solutions = 10)
 157191 100576      511.0746    61      511.0732      511.5344  9524709    0.09%
 157385 100709      511.1172    49      511.0732      511.5343  9533916    0.09%
 157554 100822      511.4663    86      511.0732      511.5341  9543250    0.09%
 157730 100946      511.2802    89      511.0732      511.5340  9553157    0.09%
 157858 101039      511.0949    62      511.0732      511.5339  9559726    0.09%
 158032 101156      511.3549   117      511.0732      511.5337  9569162    0.09%
 158176 101252      511.1251    58      511.0732      511.5335  9577372    0.09%
 158368 101362      511.1410    46      511.0732      511.5333  9588326    0.09%
 158532 101463      511.1614    55      511.0732      511.5331  9596689    0.09%
 158707 101597      511.1688    28      511.0732      511.5330  9605363    0.09%
Elapsed time = 3367.11 sec. (3418467.47 ticks, tree = 1397.69 MB, solutions = 10)
 158832 101676      511.1299    61      511.0732      511.5328  9612579    0.09%
 159032 101805      511.2095    86      511.0732      511.5326  9622966    0.09%
 159198 101917        cutoff            511.0732      511.5324  9633109    0.09%
 159332 102007      511.1012    70      511.0732      511.5323  9639972    0.09%
 159511 102129      511.3362    77      511.0732      511.5321  9649148    0.09%
 159632 102216      511.1525    32      511.0732      511.5319  9655052    0.09%
 159807 102341      511.2295    57      511.0732      511.5318  9664864    0.09%
 159983 102455      511.3391    48      511.0732      511.5317  9674429    0.09%
 160152 102575      511.1338    38      511.0732      511.5316  9681920    0.09%
 160301 102682      511.4089    80      511.0732      511.5315  9689573    0.09%
Elapsed time = 3406.97 sec. (3458446.06 ticks, tree = 1409.92 MB, solutions = 10)
 160452 102796      511.2798    64      511.0732      511.5314  9696390    0.09%
 160632 102927      511.1032    16      511.0732      511.5313  9705445    0.09%
 160860 103071      511.2586    74      511.0732      511.5311  9716741    0.09%
 161030 103185      511.3628    74      511.0732      511.5309  9725257    0.09%
 161135 103268      511.4208   119      511.0732      511.5308  9730440    0.09%
 161332 103401      511.4270    83      511.0732      511.5306  9740142    0.09%
 161530 103534      511.2000    62      511.0732      511.5306  9749475    0.09%
 161696 103657      511.3696    48      511.0732      511.5303  9758271    0.09%
 161832 103762      511.2444    68      511.0732      511.5302  9763823    0.09%
 162018 103896      511.3281    74      511.0732      511.5301  9772449    0.09%
Elapsed time = 3446.61 sec. (3497820.91 ticks, tree = 1428.97 MB, solutions = 10)
 162132 103970      511.3266    72      511.0732      511.5300  9779412    0.09%
 162303 104085      511.2934    67      511.0732      511.5298  9788232    0.09%
 162471 104208      511.2861    95      511.0732      511.5296  9796971    0.09%
 162632 104328      511.2553    95      511.0732      511.5295  9805722    0.09%
 162758 104415      511.3201    72      511.0732      511.5294  9813992    0.09%
 162968 104565      511.3579    99      511.0732      511.5293  9824144    0.09%
 163130 104670      511.0759    64      511.0732      511.5292  9833038    0.09%
 163332 104813      511.3119    75      511.0732      511.5290  9842551    0.09%
 163552 104971      511.2733   103      511.0732      511.5288  9851963    0.09%
 163708 105058      511.3095   114      511.0732      511.5287  9860609    0.09%
Elapsed time = 3486.22 sec. (3537848.05 ticks, tree = 1447.18 MB, solutions = 10)
 163846 105162      511.0770    85      511.0732      511.5286  9868638    0.09%
 164041 105296      511.3231    67      511.0732      511.5284  9878829    0.09%
 164232 105444      511.3734    84      511.0732      511.5283  9887711    0.09%
 164400 105567      511.0815    55      511.0732      511.5282  9896856    0.09%
 164577 105692        cutoff            511.0732      511.5280  9906633    0.09%
 164740 105784      511.2934    37      511.0732      511.5279  9914912    0.09%
 164932 105917      511.1700    49      511.0732      511.5278  9925933    0.09%
 165130 106064      511.1131   103      511.0732      511.5277  9934588    0.09%
 165232 106140      511.1751    91      511.0732      511.5275  9940076    0.09%
 165832 106514      511.2127    70      511.0732      511.5271  9972616    0.09%
Elapsed time = 3537.94 sec. (3590155.61 ticks, tree = 1465.52 MB, solutions = 10)
 166420 106946      511.3649    87      511.0732      511.5266 10005971    0.09%
 167032 107372      511.1933    80      511.0732      511.5262 10039822    0.09%
 167652 107780      511.0750    36      511.0732      511.5257 10074020    0.09%
 168332 108256      511.3022    58      511.0732      511.5253 10110156    0.09%

Flow cuts applied:  11
Mixed integer rounding cuts applied:  106
Lift and project cuts applied:  4
Gomory fractional cuts applied:  6
User cuts applied:  1115

Root node processing (before b&c):
  Real time             =    3.61 sec. (1795.29 ticks)
Sequential b&c:
  Real time             = 3596.39 sec. (3651397.32 ticks)
                          ------------
Total (root+branch&cut) = 3600.00 sec. (3653192.61 ticks)
|V|                                     600
K                                       60
theta                                   0.01
r                                       1
R                                       20
prob_func                               facility_mixture
mixture_low_share                       0.500000
mixture_low_interval                    [0.001000, 0.010000]
mixture_high_interval                   [0.100000, 0.500000]
mixture_seed                            1
#C1                                     760
#CP                                     34540

@Parameters: 
am_callback_heuristic                   false
am_local_search                         true
am_start_heuristic                      false
colocation                              true
comp                                    false
cutC                                    true
cutC_init                               false
cutF                                    true
cutF_init                               false
cutF_stable                             false
cutF_wrong                              false
cutLocal                                false
cutM                                    true
cutM_init                               true
cutM_stable                             false
cutP                                    true
cutP_init                               false
cutP_stable                             false
init                                    true
init_cutF_zero                          false
init_val_greedy                         true
is_Euclidean                            false
is_local_search                         true
is_right_cutP                           true
is_root                                 false
is_silent                               false
is_start                                false
mycut                                   false
pmed                                    false
pre                                     true
stable_root                             false
str                                     true
two_phase                               false
ubstr                                   false
mode                                    Int

am_callback_node_space                  50
init                                    0
mixture_seed                            1
node_space                              5
nodelimit                               -1
nsepa                                   1
strF                                    0
type_delta                              0

EPS                                     0.001000
EPS_FRAC                                0.00
gap                                     0.00
mixture_high_max                        0.50
mixture_high_min                        0.10
mixture_low_max                         0.01
mixture_low_min                         0.00
mixture_low_share                       0.50
timelimit                               3600.00

Number of Closed Sites: 3 / 180 
Number of Confined Sites-1: 6 / 354 
Number of Confined Sites-k: 591 / 4242 
Preprocess Time: 1.42 + 0.00 sec

Solve Time: 3600.00
Number of Nodes: 168412
Termination Status: TIME_LIMIT

CutInfo: [phase] num / time (sec) / aver. num_nonzero
max              [LP]     0 / 0.00 / 0.00 [init]   538 / 0.02 / 2.01 [rLC]   417 / 0.02 / 5.94 [rUC]   426 / 0.05 / 3.82 [sLC]    35 / 0.14 / 6.23 [sUC]   647 / 1.45 / 5.00 
prod_oa          [LP]     0 / 0.00 / 0.00 [init]   395 / 0.01 / 34.46 [rLC]   781 / 0.05 / 47.13 [rUC]   397 / 0.21 / 41.56 [sLC]  1144 / 0.43 / 43.22 [sUC]   780 / 4.83 / 40.03 
prod_sm_fixed    [LP]     0 / 0.00 / 0.00 [init]     0 / 0.00 / 0.00 [rLC]     0 / 0.00 / 0.00 [rUC]     0 / 0.00 / 0.00 [sLC]     0 / 0.00 / 0.00 [sUC]     0 / 0.00 / 0.00 
prod_bin         [LP]     0 / 0.00 / 0.00 [init]     0 / 0.00 / 0.00 [rLC]     0 / 0.00 / 0.00 [rUC]     0 / 0.00 / 0.00 [sLC]     0 / 0.00 / 0.00 [sUC]     0 / 0.00 / 0.00 
prod_local       [LP]     0 / 0.00 / 0.00 [init]     0 / 0.00 / 0.00 [rLC]     0 / 0.00 / 0.00 [rUC]     0 / 0.00 / 0.00 [sLC]     0 / 0.00 / 0.00 [sUC]     0 / 0.00 / 0.00 
prod_sm_C        [LP]     0 / 0.00 / 0.00 [init]     0 / 0.05 / 0.00 [rLC]     0 / 0.21 / 0.00 [rUC]   401 / 1.28 / 39.63 [sLC]     0 / 1.85 / 0.00 [sUC]  1116 / 27.24 / 49.23 
facet            [LP]     0 / 0.00 / 0.00 [init]     0 / 0.00 / 0.00 [rLC]     0 / 0.00 / 0.00 [rUC]   397 / 0.00 / 0.00 [sLC]     0 / 0.00 / 0.00 [sUC]  1116 / 0.00 / 0.00 
Separation Round:   [LP] 0  [init] 1  [rLC] 4  [rUC] 17  [sLC] 35  [sUC] 298195  
Root Best Bound 512.783625
Root Best Integer: 510.383918
Best Bound: 511.525179
Best Integer: 511.073157
1: 7, 13, 47, 68, 70, 85, 109, 115, 123, 132, 136, 147, 165, 186, 196, 209, 235, 271, 302, 314, 327, 337, 358, 391, 416, 432, 452, 470, 474, 490, 500, 501, 512, 513, 598
2: 28, 55, 180, 293, 300, 361, 534
3: 532
4: 105, 349
Objective Value (calc): 511.022340
sum_etaM = 295.042315 / 295.041293
sum_etaP = 513.255287 / 513.203967
nL: 45
nCL: 10
mCL: 4
