Version identifier: 20.1.0.0 | 2020-11-10 | 9bedb6d68
CPXPARAM_Threads                                 1
CPXPARAM_TimeLimit                               3600
CPXPARAM_MIP_Tolerances_MIPGap                   0
Generic callback                                 0x60
1 of 1 MIP starts provided solutions.
MIP start 'm1' defined initial solution with objective 510.5031.
Tried aggregator 2 times.
MIP Presolve eliminated 14 rows and 8 columns.
Aggregator did 6 substitutions.
Reduced MIP has 2078 rows, 2386 columns, and 18145 nonzeros.
Reduced MIP has 596 binaries, 590 generals, 0 SOSs, and 0 indicators.
Presolve time = 0.01 sec. (6.91 ticks)
Probing time = 0.00 sec. (0.93 ticks)
Tried aggregator 1 time.
Reduced MIP has 2078 rows, 2386 columns, and 18145 nonzeros.
Reduced MIP has 596 binaries, 590 generals, 0 SOSs, and 0 indicators.
Presolve time = 0.01 sec. (4.07 ticks)
Probing time = 0.00 sec. (0.93 ticks)
MIP emphasis: balance optimality and feasibility.
MIP search method: dynamic search.
Parallel mode: none, using 1 thread.
Root relaxation solution time = 0.03 sec. (32.38 ticks)

        Nodes                                         Cuts/
   Node  Left     Objective  IInf  Best Integer    Best Bound    ItCnt     Gap

*     0+    0                          510.5031      600.0000            17.53%
      0     0      526.6329    67      510.5031      526.6329     1615    3.16%
      0     0      515.8182   165      510.5031     Cuts: 570     2250    1.04%
      0     0      514.6838   151      510.5031     Cuts: 364     2737    0.82%
      0     0      514.3767   153      510.5031     Cuts: 140     3006    0.76%
      0     0      513.9940   166      510.5031     Cuts: 109     3238    0.68%
      0     0      513.9178   178      510.5031      Cuts: 79     3364    0.67%
      0     0      513.8721   182      510.5031      Cuts: 86     3482    0.66%
      0     0      513.8359   181      510.5031      Cuts: 49     3591    0.65%
      0     0      513.7964   160      510.5031      Cuts: 52     3718    0.65%
      0     0      513.7816   160      510.5031      Cuts: 42     3803    0.64%
      0     0      513.7511   176      510.5031      Cuts: 42     3899    0.64%
      0     0      513.7359   171      510.5031 UserPurge2: 32     3965    0.63%
      0     0      513.7236   178      510.5031 UserPurge2: 27     4030    0.63%
      0     0      513.7215   168      510.5031 UserPurge2: 4     4050    0.63%
      0     0      513.7209   178      510.5031 UserPurge2: 9     4076    0.63%
      0     2      513.6921   171      510.5031      513.6921     4076    0.62%
Elapsed time = 2.01 sec. (1632.59 ticks, tree = 0.01 MB, solutions = 1)
      6     8      513.3651   146      510.5031      513.6920     5756    0.62%
     10    12      513.1344   141      510.5031      513.6920     6872    0.62%
     15    17      512.6471   135      510.5031      513.6920     9210    0.62%
     19    21      512.6246   132      510.5031      513.6920    10661    0.62%
     26    28      512.1461   119      510.5031      513.6920    12166    0.62%
     30    32      512.1550   111      510.5031      513.6920    12881    0.62%
     40    42      511.5588   101      510.5031      513.6920    14641    0.62%
     50    52      510.9449    90      510.5031      513.6920    16321    0.62%
     60    56      513.3352   148      510.5031      513.6624    18209    0.62%
     80    76      512.5029   105      510.5031      513.6624    23532    0.62%
Elapsed time = 6.54 sec. (5386.74 ticks, tree = 0.41 MB, solutions = 1)
*   100+   94                          510.5239      513.6624             0.61%
    126   120        cutoff            510.5239      513.6624    29014    0.61%
    144   134      512.5841   119      510.5239      513.6549    33298    0.61%
*   160+  145                          510.6842      513.6549             0.58%
    180   163      513.1622   143      510.6842      513.5204    39509    0.56%
    200   183      511.8627   107      510.6842      513.5204    43179    0.56%
    226   203      512.5407   125      510.6842      513.4073    48227    0.53%
    245   222      511.2940    87      510.6842      513.4073    52513    0.53%
    270   243      512.5522   126      510.6842      513.3927    57429    0.53%
    290   263      511.4629    89      510.6842      513.3927    62059    0.53%
    319   288      512.4729   120      510.6842      513.3643    67654    0.52%
    360   329      510.7150    36      510.6842      513.3643    73664    0.52%
Elapsed time = 17.89 sec. (15744.13 ticks, tree = 1.08 MB, solutions = 3)
    393   356      511.0117    92      510.6842      513.3558    79574    0.52%
*   420+  372                          510.7330      513.3545             0.51%
    420   374      512.0483   109      510.7330      513.3545    84046    0.51%
    467   413      512.7143   125      510.7330      513.3352    90372    0.51%
*   470+  351                          511.0334      513.3352             0.45%
    480   363      512.0582   107      511.0334      513.3352    93189    0.45%
    510   388      513.2369   152      511.0334      513.3352    97714    0.45%
    524   402      512.6303   132      511.0334      513.3352   100868    0.45%
    545   423      511.4717    91      511.0334      513.3352   105890    0.45%
    570   444      512.6034   129      511.0334      513.3251   108316    0.45%

Performing restart 1

Repeating presolve.
Tried aggregator 1 time.
MIP Presolve modified 421 coefficients.
Reduced MIP has 2078 rows, 2386 columns, and 18145 nonzeros.
Reduced MIP has 596 binaries, 590 generals, 0 SOSs, and 0 indicators.
Presolve time = 0.01 sec. (4.21 ticks)
Tried aggregator 1 time.
Reduced MIP has 2078 rows, 2386 columns, and 18145 nonzeros.
Reduced MIP has 596 binaries, 590 generals, 0 SOSs, and 0 indicators.
Presolve time = 0.01 sec. (4.15 ticks)
Represolve time = 0.08 sec. (24.36 ticks)
    580     0      513.3012   199      511.0334     Cuts: 108   113813    0.44%
    580     0      513.2212   185      511.0334     Cuts: 148   114014    0.43%
    580     0      513.1747   190      511.0334      Cuts: 43   114104    0.42%
    580     0      513.1427   179      511.0334      Cuts: 52   114196    0.41%
    580     0      513.1042   191      511.0334      Cuts: 37   114304    0.41%
    580     0      513.0986   193      511.0334      Cuts: 24   114364    0.40%
    580     0      513.0835   203      511.0334      Cuts: 42   114453    0.40%
    580     0      513.0753   190      511.0334      Cuts: 17   114517    0.40%
    580     0      513.0719   187      511.0334      Cuts: 24   114564    0.40%
    580     0      513.0672   192      511.0334      Cuts: 27   114621    0.40%
    580     0      513.0507   210      511.0334      Cuts: 28   114710    0.39%
    580     0      513.0346   190      511.0334      Cuts: 32   114796    0.39%
    580     0      513.0252   198      511.0334      Cuts: 14   114861    0.39%
    580     0      513.0192   190      511.0334      Cuts: 19   114911    0.39%
    580     0      513.0156   190      511.0334      Cuts: 14   114951    0.39%
    580     0      513.0128   182      511.0334      Cuts: 11   115000    0.39%
    580     2      513.0067   191      511.0334      513.0066   115000    0.39%
    581     3      512.9770   191      511.0334      512.9767   115215    0.38%
Elapsed time = 34.92 sec. (33092.76 ticks, tree = 0.01 MB, solutions = 5)
    582     4      512.7765   176      511.0334      512.9767   115546    0.38%
    583     5      512.8999   199      511.0334      512.8999   115784    0.37%
    584     6      512.8553   195      511.0334      512.8999   116005    0.37%
    589    11      512.3679   158      511.0334      512.8796   118231    0.36%
    600    21      511.6042   119      511.0334      512.8796   120649    0.36%
    621    40      511.2868    94      511.0334      512.8796   123563    0.36%
    636    48      512.3965   162      511.0334      512.8770   126798    0.36%
    648    60      512.1314   124      511.0334      512.8770   129966    0.36%
    668    80      511.4302    87      511.0334      512.8770   133741    0.36%
    693    98      512.1654   152      511.0334      512.8547   138078    0.36%
Elapsed time = 44.34 sec. (44312.30 ticks, tree = 0.46 MB, solutions = 5)
    720   125      511.1618    61      511.0334      512.8547   142582    0.36%
    742   140      512.4974   178      511.0334      512.8320   145185    0.35%
    760   158      511.8884   105      511.0334      512.8320   149180    0.35%
    806   199      512.4054   166      511.0334      512.8200   153997    0.35%
    820   213      511.8723   111      511.0334      512.8200   157398    0.35%
    854   242      512.3590   182      511.0334      512.8200   162082    0.35%
    865   253      511.7148   147      511.0334      512.8200   166123    0.35%
    880   264      512.4867   173      511.0334      512.7975   170290    0.35%
    900   284      511.8640    95      511.0334      512.7975   174679    0.35%
    963   342      512.5442   168      511.0334      512.7755   179069    0.34%
Elapsed time = 53.49 sec. (54656.15 ticks, tree = 0.88 MB, solutions = 5)
    980   359      511.9630    93      511.0334      512.7755   182847    0.34%
   1026   399      512.5378   172      511.0334      512.7755   187108    0.34%
   1051   424      511.9316    88      511.0334      512.7755   191810    0.34%
*  1080+  428                          511.0762      512.7755             0.33%
   1106   447      512.5340   177      511.0762      512.7540   195559    0.33%
   1122   463      511.9972   127      511.0762      512.7540   199039    0.33%
   1155   492      512.7007   181      511.0762      512.7194   203565    0.32%
   1168   505      511.6144   131      511.0762      512.7194   208425    0.32%
   1189   520      512.5546   157      511.0762      512.7004   213336    0.32%
*  1190+  469                          511.1997      512.7004             0.29%
   1194   475      512.3095   111      511.1997      512.7004   215226    0.29%
   1225   506      511.7079    53      511.1997      512.7004   217859    0.29%
Elapsed time = 61.57 sec. (64552.14 ticks, tree = 1.13 MB, solutions = 7)
*  1230+  466                          511.3072      512.7004             0.27%
*  1230+  462                          511.3227      512.7004             0.27%
   1250   477      512.1875   150      511.3227      512.6813   219512    0.27%
   1279   502      512.1914   144      511.3227      512.6762   222137    0.26%
   1304   523      512.3147   149      511.3227      512.6589   224679    0.26%
   1333   548      512.3992   167      511.3227      512.6589   227926    0.26%
   1350   565      512.0809   117      511.3227      512.6589   231380    0.26%
   1380   590      511.4875    67      511.3227      512.6589   234297    0.26%
   1409   610      512.0534   106      511.3227      512.6585   236797    0.26%
   1440   636      512.3390   156      511.3227      512.6568   239023    0.26%
   1477   672      511.3994    64      511.3227      512.6568   242209    0.26%
   1504   695      511.8615    77      511.3227      512.6320   244952    0.26%
Elapsed time = 71.20 sec. (75064.71 ticks, tree = 5.94 MB, solutions = 9)
   1540   726      511.9545   104      511.3227      512.6289   247739    0.26%
   1577   760      512.2118   146      511.3227      512.6275   251296    0.26%
   1588   771      511.5949   105      511.3227      512.6275   253628    0.26%
   1629   797      512.2935   117      511.3227      512.6263   257153    0.25%
   1677   840      512.3783   157      511.3227      512.6141   260358    0.25%
   1715   876      511.3732    55      511.3227      512.6141   263251    0.25%
   1740   895      511.9108   112      511.3227      512.6034   265574    0.25%
   1783   932      511.7358   134      511.3227      512.5981   269055    0.25%
   1813   958      511.9030   105      511.3227      512.5959   272731    0.25%
   1859   984      512.2930   163      511.3227      512.5880   275682    0.25%
Elapsed time = 80.58 sec. (84983.98 ticks, tree = 10.98 MB, solutions = 9)
   1890  1011      512.3886   175      511.3227      512.5872   279077    0.25%
   1933  1054      511.3374    43      511.3227      512.5872   282713    0.25%
   1958  1075      511.7044    86      511.3227      512.5871   285144    0.25%
   2004  1116      511.6431    52      511.3227      512.5856   288643    0.25%
   2021  1129      512.0735   168      511.3227      512.5806   289988    0.25%
   2042  1145      511.4888   129      511.3227      512.5806   293745    0.25%
   2080  1177      511.3506    72      511.3227      512.5750   297293    0.24%
   2108  1197      512.3497   179      511.3227      512.5730   300683    0.24%
   2146  1231      512.0495   168      511.3227      512.5699   304267    0.24%
   2176  1257      511.9128   142      511.3227      512.5699   307971    0.24%
Elapsed time = 89.78 sec. (94808.99 ticks, tree = 15.95 MB, solutions = 9)
   2198  1271      512.0261   161      511.3227      512.5675   311172    0.24%
   2235  1304      511.4822    88      511.3227      512.5672   314900    0.24%
   2260  1324      511.9452   112      511.3227      512.5654   317559    0.24%
   2298  1358      511.7560    81      511.3227      512.5643   321120    0.24%
   2324  1380      511.8247   119      511.3227      512.5620   324270    0.24%
   2362  1402      512.2551   159      511.3227      512.5603   327609    0.24%
   2397  1433      511.9829   135      511.3227      512.5589   331103    0.24%
   2429  1461      511.9348   135      511.3227      512.5562   334482    0.24%
   2466  1494      512.1220   137      511.3227      512.5544   338062    0.24%
   2613  1619      512.0287   140      511.3227      512.5467   350814    0.24%
Elapsed time = 101.81 sec. (107647.66 ticks, tree = 20.87 MB, solutions = 9)
   2733  1720      511.4566    58      511.3227      512.5377   362860    0.24%
   2904  1869      512.4215   154      511.3227      512.5290   376674    0.24%
   3056  1993      512.2062   164      511.3227      512.4992   391007    0.23%
   3198  2117      511.9629   140      511.3227      512.4877   404382    0.23%
   3306  2199      512.0864   154      511.3227      512.4803   418405    0.23%
   3440  2302      511.9965   147      511.3227      512.4729   432094    0.22%
   3585  2436      511.3735    69      511.3227      512.4651   446219    0.22%
   3722  2547      512.0072   133      511.3227      512.4586   459679    0.22%
   3828  2634      511.9471   130      511.3227      512.4540   472912    0.22%
   3984  2772      511.5846    50      511.3227      512.4502   486700    0.22%
Elapsed time = 138.22 sec. (146174.19 ticks, tree = 41.23 MB, solutions = 9)
   4140  2908      511.4331    60      511.3227      512.4339   499905    0.22%
   4278  3018      511.8771   101      511.3227      512.4221   513632    0.22%
   4424  3136      512.2104   142      511.3227      512.4179   527155    0.21%
   4557  3240      512.1170   102      511.3227      512.4135   540338    0.21%
   4724  3382      511.5174   114      511.3227      512.4086   554134    0.21%
   4870  3506      511.6229    87      511.3227      512.4043   568127    0.21%
   5059  3670      511.8468    81      511.3227      512.3994   581934    0.21%
   5203  3793      511.9345   164      511.3227      512.3950   596033    0.21%
   5365  3937      511.5865    98      511.3227      512.3927   609874    0.21%
   5478  4017      511.7014   131      511.3227      512.3871   623746    0.21%
Elapsed time = 174.91 sec. (184635.70 ticks, tree = 67.84 MB, solutions = 9)
   5623  4143      511.4817    93      511.3227      512.3821   637462    0.21%
   5766  4255      511.5107   103      511.3227      512.3778   650491    0.21%
   5916  4381      512.1967   127      511.3227      512.3719   663396    0.21%
   6080  4524      512.1385   141      511.3227      512.3708   677655    0.20%
   6222  4646      511.7968    68      511.3227      512.3690   690793    0.20%
   6364  4761      511.5405    85      511.3227      512.3649   704656    0.20%
   6527  4891      511.8306   112      511.3227      512.3588   718748    0.20%
   6658  5005      511.3881    91      511.3227      512.3560   732419    0.20%
   6798  5120      512.0062   104      511.3227      512.3522   746447    0.20%
   6956  5251      512.0162   152      511.3227      512.3484   759875    0.20%
Elapsed time = 211.35 sec. (222966.54 ticks, tree = 88.41 MB, solutions = 9)
   7098  5365      511.7120   135      511.3227      512.3428   773377    0.20%
   7255  5502      511.5950    45      511.3227      512.3384   787087    0.20%
   7406  5626      511.5029   115      511.3227      512.3350   801329    0.20%
   7550  5749      511.8857    78      511.3227      512.3302   815088    0.20%
   7723  5895      511.7891   130      511.3227      512.3243   828862    0.20%
   7869  6022      511.4462    70      511.3227      512.3226   841937    0.20%
   8053  6175      511.8765   135      511.3227      512.3192   856198    0.19%
   8178  6276      511.8466   113      511.3227      512.3166   870304    0.19%
   8342  6416      511.6415   136      511.3227      512.3141   884568    0.19%
   8485  6528      512.1361   149      511.3227      512.3108   898509    0.19%
Elapsed time = 248.07 sec. (261342.52 ticks, tree = 111.39 MB, solutions = 9)
   8613  6639      511.6582   109      511.3227      512.3090   911983    0.19%
   8783  6786      511.5638    49      511.3227      512.3046   925849    0.19%
   8932  6908      511.6710    73      511.3227      512.3022   939805    0.19%
   9037  6990      511.6320   133      511.3227      512.3013   953125    0.19%
   9176  7097      511.7634    90      511.3227      512.2982   966729    0.19%
   9310  7194        cutoff            511.3227      512.2959   980220    0.19%
   9464  7316      512.0245   120      511.3227      512.2944   994259    0.19%
   9619  7449      511.8359    78      511.3227      512.2917  1008554    0.19%
   9796  7605        cutoff            511.3227      512.2909  1021831    0.19%
   9957  7738      511.3991    96      511.3227      512.2886  1036265    0.19%
Elapsed time = 284.53 sec. (299754.27 ticks, tree = 135.70 MB, solutions = 9)
  10086  7834      512.1249   118      511.3227      512.2866  1049608    0.19%
  10238  7960      511.5192   134      511.3227      512.2840  1063738    0.19%
  10389  8079      512.0073   155      511.3227      512.2818  1078153    0.19%
  10523  8183      512.0626    99      511.3227      512.2802  1092102    0.19%
  10688  8321      511.6087   151      511.3227      512.2778  1105742    0.19%
  10740  8358      511.4922   114      511.3227      512.2763  1111945    0.19%
  10741  8359      512.0088   125      511.3227      512.2763  1112240    0.19%
  10742  8360      511.8144   129      511.3227      512.2763  1112909    0.19%
  10905  8493      511.6452    78      511.3227      512.2729  1126985    0.19%
  11060  8614      511.3465    87      511.3227      512.2698  1141380    0.19%
Elapsed time = 327.99 sec. (343467.84 ticks, tree = 152.04 MB, solutions = 9)
  11234  8760      511.4205    52      511.3227      512.2687  1155076    0.19%
  11349  8848      511.6344   141      511.3227      512.2666  1168846    0.18%
  11495  8961      511.3651    73      511.3227      512.2650  1182431    0.18%
  11638  9073      511.7950   124      511.3227      512.2628  1196091    0.18%
  11785  9195      511.9956   140      511.3227      512.2615  1210447    0.18%
  11912  9301      511.5029   121      511.3227      512.2565  1224292    0.18%
  12006  9375      511.4124    71      511.3227      512.2548  1237103    0.18%
  12159  9495      511.9357   151      511.3227      512.2525  1250828    0.18%
  12284  9597      511.6984   134      511.3227      512.2510  1263512    0.18%
  12425  9708      511.8778   132      511.3227      512.2465  1277765    0.18%
Elapsed time = 364.07 sec. (381921.83 ticks, tree = 169.91 MB, solutions = 9)
  12560  9819      511.5928    90      511.3227      512.2445  1291671    0.18%
  12772  9995      511.5802    84      511.3227      512.2413  1304226    0.18%
  12938 10126      512.0947   148      511.3227      512.2400  1318369    0.18%
  13063 10233        cutoff            511.3227      512.2365  1331569    0.18%
  13197 10342      511.9706   133      511.3227      512.2356  1344751    0.18%
  13329 10448      511.3325    40      511.3227      512.2327  1358383    0.18%
  13483 10574      511.3698    86      511.3227      512.2314  1371860    0.18%
  13654 10717      511.6563    96      511.3227      512.2306  1386045    0.18%
  13824 10851      511.3939   148      511.3227      512.2278  1400192    0.18%
  13966 10959      511.9563   126      511.3227      512.2264  1412539    0.18%
Elapsed time = 400.50 sec. (420220.64 ticks, tree = 194.79 MB, solutions = 9)
  14136 11092      512.0814   115      511.3227      512.2238  1426378    0.18%
  14285 11214      511.6540    68      511.3227      512.2230  1439146    0.18%
  14467 11359      511.5365   141      511.3227      512.2195  1452831    0.18%
  14626 11484      511.8407   106      511.3227      512.2165  1464973    0.17%
  14782 11603      511.9989    89      511.3227      512.2142  1479002    0.17%
  14940 11730      511.4742    87      511.3227      512.2128  1492680    0.17%
  15069 11826      512.0154   110      511.3227      512.2106  1505587    0.17%
  15246 11976      511.7918   144      511.3227      512.2085  1519898    0.17%
  15426 12137      511.8297   124      511.3227      512.2074  1533674    0.17%
  15596 12277      511.9683   137      511.3227      512.2057  1547727    0.17%
Elapsed time = 437.44 sec. (458845.14 ticks, tree = 214.19 MB, solutions = 9)
  15716 12361      511.9131   129      511.3227      512.2047  1561829    0.17%
  15862 12477      511.8862   111      511.3227      512.2016  1575651    0.17%
  16019 12600      512.0132   124      511.3227      512.2002  1590394    0.17%
  16180 12732      512.1378   112      511.3227      512.1981  1603078    0.17%
  16349 12880      511.3771    56      511.3227      512.1963  1617175    0.17%
  16465 12962      511.5999   129      511.3227      512.1945  1629643    0.17%
  16597 13067      511.4005    68      511.3227      512.1939  1642964    0.17%
  16719 13151      511.6214   110      511.3227      512.1916  1656042    0.17%
  16840 13240      511.5765   116      511.3227      512.1903  1668086    0.17%
  16984 13360      511.3955    80      511.3227      512.1891  1680426    0.17%
Elapsed time = 473.25 sec. (497328.86 ticks, tree = 230.13 MB, solutions = 9)
  17162 13496      511.8840    98      511.3227      512.1884  1694243    0.17%
  17314 13621      511.3635    87      511.3227      512.1876  1707600    0.17%
  17474 13746      511.4176   129      511.3227      512.1856  1721810    0.17%
  17666 13910      512.0804    98      511.3227      512.1824  1735706    0.17%
  17851 14061      511.7097    73      511.3227      512.1821  1749256    0.17%
  17997 14169      511.9276   151      511.3227      512.1812  1763071    0.17%
  18157 14299      512.0003   147      511.3227      512.1794  1777450    0.17%
  18325 14435      512.0699   106      511.3227      512.1773  1791204    0.17%
  18478 14554      511.9790   134      511.3227      512.1759  1805336    0.17%
  18631 14677      511.5632    90      511.3227      512.1742  1818627    0.17%
Elapsed time = 510.15 sec. (535817.82 ticks, tree = 252.18 MB, solutions = 9)
  18814 14822      512.0247   120      511.3227      512.1727  1832970    0.17%
  18950 14926      511.9371    98      511.3227      512.1722  1846807    0.17%
  19088 15030      511.8124   148      511.3227      512.1699  1860590    0.17%
  19248 15159      511.4935    69      511.3227      512.1683  1874592    0.17%
  19444 15319      511.5949    76      511.3227      512.1679  1888066    0.17%
  19571 15410      511.4520    90      511.3227      512.1659  1901951    0.16%
  19730 15536      511.9656   130      511.3227      512.1651  1915530    0.16%
  19848 15630      511.5235   107      511.3227      512.1635  1928514    0.16%
  19981 15728      511.7314   137      511.3227      512.1615  1942401    0.16%
  20129 15846      511.8028   114      511.3227      512.1591  1956323    0.16%
Elapsed time = 546.61 sec. (574266.98 ticks, tree = 271.13 MB, solutions = 9)
  20277 15967      511.9061   111      511.3227      512.1568  1969657    0.16%
  20423 16083      512.0294   133      511.3227      512.1559  1983954    0.16%
  20564 16196      511.4412    86      511.3227      512.1542  1998029    0.16%
  20753 16352      511.8932   131      511.3227      512.1522  2011797    0.16%
  20880 16451      511.9428    93      511.3227      512.1512  2025309    0.16%

Performing restart 2

Repeating presolve.
Tried aggregator 1 time.
MIP Presolve eliminated 32 rows and 16 columns.
MIP Presolve modified 17 coefficients.
Reduced MIP has 2046 rows, 2370 columns, and 18081 nonzeros.
Reduced MIP has 596 binaries, 574 generals, 0 SOSs, and 0 indicators.
Presolve time = 0.01 sec. (4.66 ticks)
Tried aggregator 1 time.
Reduced MIP has 2046 rows, 2370 columns, and 18081 nonzeros.
Reduced MIP has 596 binaries, 574 generals, 0 SOSs, and 0 indicators.
Presolve time = 0.01 sec. (4.13 ticks)
Represolve time = 0.13 sec. (39.46 ticks)
  20904     0      512.8760   210      511.3227      Cuts: 56  2031362    0.16%
  20904     0      512.8653   207      511.3227      Cuts: 22  2031491    0.16%
  20904     0      512.8605   203      511.3227      Cuts: 28  2031539    0.16%
  20904     0      512.8566   193      511.3227    MIRcuts: 7  2031579    0.16%
  20904     0      512.8264   190      511.3227       Cuts: 9  2031607    0.16%
  20904     0      512.7953   200      511.3227       Cuts: 9  2031692    0.16%
  20904     0      512.7948   191      511.3227       Cuts: 7  2031709    0.16%
  20904     2      512.7948   191      511.3227      512.1512  2031709    0.16%
  20910     8      512.6512   167      511.3227      512.1512  2032333    0.16%
  20921    19      512.7287   164      511.3227      512.1512  2034310    0.16%
  20963    53      512.3003   172      511.3227      512.1512  2041079    0.16%
  21093   165      512.4627   166      511.3227      512.1512  2050977    0.16%
Elapsed time = 582.45 sec. (614142.13 ticks, tree = 1.67 MB, solutions = 9)
  21301   354      511.3437    51      511.3227      512.1512  2063487    0.16%
  21474   499      512.1227   124      511.3227      512.1512  2073849    0.16%
  21665   666      511.3280    44      511.3227      512.1512  2087783    0.16%
  21819   795      512.2716   152      511.3227      512.1512  2100809    0.16%
  22015   969      511.9573   138      511.3227      512.1512  2115759    0.16%
  22198  1127      511.5688    94      511.3227      512.1512  2130068    0.16%
  22382  1287      511.6530    71      511.3227      512.1512  2144756    0.16%
  22604  1469      511.5372    93      511.3227      512.1512  2158415    0.16%
  22817  1657      511.8159   113      511.3227      512.1512  2172799    0.16%
  23007  1813      512.1492   128      511.3227      512.1512  2187148    0.16%
Elapsed time = 620.09 sec. (652380.09 ticks, tree = 28.10 MB, solutions = 9)
  23214  1993      511.9182   100      511.3227      512.1512  2202100    0.16%
  23390  2137      512.0622   132      511.3227      512.1512  2217363    0.16%
  23589  2308      511.4177    73      511.3227      512.1512  2232499    0.16%
  23760  2450      511.9459    99      511.3227      512.1512  2247452    0.16%
  23963  2629      512.2171   126      511.3227      512.1512  2262751    0.16%
  24169  2798      512.2350   153      511.3227      512.1512  2277677    0.16%
  24407  3007      511.4278    69      511.3227      512.1512  2292741    0.16%
  24610  3184      511.4211    74      511.3227      512.1512  2307023    0.16%
  24798  3343      511.4725    73      511.3227      512.1512  2322021    0.16%
  24978  3488      512.3146   140      511.3227      512.1512  2335742    0.16%
Elapsed time = 658.05 sec. (690738.86 ticks, tree = 52.86 MB, solutions = 9)
  25150  3634      511.7317   124      511.3227      512.1512  2350223    0.16%
  25311  3765      511.5687   118      511.3227      512.1512  2364366    0.16%
  25502  3917      511.6213    95      511.3227      512.1512  2378743    0.16%
  25701  4082      511.9181    94      511.3227      512.1512  2392767    0.16%
  25904  4260      512.2287   159      511.3227      512.1512  2406174    0.16%
  26082  4414      511.8297   102      511.3227      512.1512  2420816    0.16%
  26266  4577      511.4555    62      511.3227      512.1512  2434859    0.16%
  26483  4757      511.9306   109      511.3227      512.1512  2449283    0.16%
  26710  4950      511.5949    98      511.3227      512.1512  2463347    0.16%
  26883  5089      512.1844   142      511.3227      512.1512  2477835    0.16%
Elapsed time = 695.96 sec. (729088.43 ticks, tree = 77.68 MB, solutions = 9)
  27071  5246      511.6761    92      511.3227      512.1512  2491400    0.16%
  27238  5379      511.7838   146      511.3227      512.1512  2506271    0.16%
  27414  5526      511.9054   110      511.3227      512.1512  2520897    0.16%
  27639  5717      512.1507    97      511.3227      512.1512  2535937    0.16%
  27819  5872      511.7728   106      511.3227      512.1512  2549953    0.16%
  27993  6012      511.6103    94      511.3227      512.1512  2563782    0.16%
  28168  6155      511.5864    83      511.3227      512.1512  2577586    0.16%
  28367  6310      511.7078   102      511.3227      512.1512  2591612    0.16%
  28549  6461      512.0490   136      511.3227      512.1512  2606026    0.16%
  28731  6610      512.1911   129      511.3227      512.1512  2620276    0.16%
Elapsed time = 733.23 sec. (767403.41 ticks, tree = 96.21 MB, solutions = 9)
  28916  6761      511.9571   135      511.3227      512.1512  2633883    0.16%
  29090  6903      511.5670   100      511.3227      512.1512  2647982    0.16%
  29277  7049      511.8291   141      511.3227      512.1512  2661851    0.16%
  29431  7173        cutoff            511.3227      512.1512  2675779    0.16%
  29612  7330      511.5159   102      511.3227      512.1512  2689391    0.16%
  29802  7484      511.3702    82      511.3227      512.1512  2703412    0.16%
  29986  7631      512.2091   119      511.3227      512.1512  2717336    0.16%
  30160  7770      512.0051   158      511.3227      512.1512  2731765    0.16%
  30315  7895      511.6753   116      511.3227      512.1512  2746056    0.16%
  30492  8041      511.6693   129      511.3227      512.1512  2760224    0.16%
Elapsed time = 770.60 sec. (805824.41 ticks, tree = 117.65 MB, solutions = 9)
  30661  8188      511.5696    95      511.3227      512.1512  2773840    0.16%
  30847  8337      511.8803   109      511.3227      512.1512  2788200    0.16%
  31059  8509      511.4545    92      511.3227      512.1512  2801480    0.16%
  31223  8639      511.9611   133      511.3227      512.1512  2816241    0.16%
  31395  8778      511.8804   137      511.3227      512.1512  2830119    0.16%
  31564  8912      512.1443   127      511.3227      512.1512  2844374    0.16%
  31778  9094      511.6130    73      511.3227      512.1512  2858553    0.16%
  31972  9251      512.0754   139      511.3227      512.1512  2872320    0.16%
  32200  9445      511.9618   131      511.3227      512.1512  2886377    0.16%
  32378  9599      511.4696    73      511.3227      512.1512  2900814    0.16%
Elapsed time = 808.36 sec. (844093.68 ticks, tree = 140.62 MB, solutions = 9)
  32583  9773      511.7110   111      511.3227      512.1512  2914904    0.16%
  32759  9910      512.1487   105      511.3227      512.1512  2929372    0.16%
  32981 10093      511.9941   140      511.3227      512.1512  2943952    0.16%
  33160 10234      511.9739   130      511.3227      512.1512  2958534    0.16%
  33393 10434      511.9525   141      511.3227      512.1512  2972822    0.16%
  33576 10587      511.7586   138      511.3227      512.1512  2987613    0.16%
  33721 10701      511.8593   136      511.3227      512.1512  3000232    0.16%
  33945 10890      511.9519   121      511.3227      512.1512  3014343    0.16%
  34147 11066      511.4216    85      511.3227      512.1512  3028539    0.16%
  34315 11202      511.9522   116      511.3227      512.1512  3043228    0.16%
Elapsed time = 853.98 sec. (882386.81 ticks, tree = 161.42 MB, solutions = 9)
  34513 11360      512.0064   156      511.3227      512.1512  3057418    0.16%
  34664 11481      511.6521    90      511.3227      512.1512  3072727    0.16%
  34858 11638      511.6476   100      511.3227      512.1512  3087384    0.16%
  35040 11792      511.3586    81      511.3227      512.1512  3102402    0.16%
  35249 11964      511.9418   125      511.3227      512.1512  3117061    0.16%
  35439 12110        cutoff            511.3227      512.1512  3131453    0.16%
  35641 12274      512.0261   115      511.3227      512.1512  3146008    0.16%
  35832 12434      511.3787    96      511.3227      512.1512  3160714    0.16%
  36019 12579      512.1170   130      511.3227      512.1512  3175848    0.16%
  36208 12734      511.5691    83      511.3227      512.1512  3190339    0.16%
Elapsed time = 891.78 sec. (920750.19 ticks, tree = 183.17 MB, solutions = 9)
  36409 12892      511.8712   134      511.3227      512.1512  3205018    0.16%
  36615 13068      511.3298   102      511.3227      512.1512  3219863    0.16%
  36815 13231      511.8114   109      511.3227      512.1512  3233758    0.16%
  36990 13364      511.9307   125      511.3227      512.1512  3247056    0.16%
  37193 13531      511.9603   122      511.3227      512.1512  3261746    0.16%
  37406 13700      511.8779   122      511.3227      512.1512  3276253    0.16%
  37587 13849      511.7684   106      511.3227      512.1512  3290336    0.16%
  37801 14023      511.9635   117      511.3227      512.1512  3304914    0.16%
  38007 14189      511.7996   117      511.3227      512.1512  3319673    0.16%
  38188 14338      511.5480    82      511.3227      512.1512  3333795    0.16%
Elapsed time = 929.65 sec. (959003.04 ticks, tree = 206.79 MB, solutions = 9)
  38381 14483      512.0026   104      511.3227      512.1512  3348540    0.16%
  38601 14669        cutoff            511.3227      512.1512  3362209    0.16%
  38758 14787      511.7803   127      511.3227      512.1512  3376456    0.16%
  38961 14955      511.5688    69      511.3227      512.1512  3391620    0.16%
  39131 15074      511.4160   108      511.3227      512.1512  3406802    0.16%
  39300 15210      511.6801    87      511.3227      512.1512  3421342    0.16%
  39480 15351      511.4843   107      511.3227      512.1512  3435389    0.16%
  39670 15511      511.4738    82      511.3227      512.1512  3449690    0.16%
  39880 15679      511.7991    98      511.3227      512.1512  3464112    0.16%
  40119 15880      511.3496    99      511.3227      512.1512  3478155    0.16%
Elapsed time = 967.44 sec. (997233.48 ticks, tree = 229.10 MB, solutions = 9)
  40326 16042      511.8297   125      511.3227      512.1512  3492489    0.16%
  40491 16168        cutoff            511.3227      512.1512  3507454    0.16%
  40672 16319      511.3398    90      511.3227      512.1512  3521353    0.16%
  40901 16507      511.8639   108      511.3227      512.1512  3535037    0.16%
  41132 16690      511.9910   146      511.3227      512.1512  3548986    0.16%
  41363 16879      511.5595   120      511.3227      512.1512  3562831    0.16%
  41560 17038      511.3271    92      511.3227      512.1512  3576918    0.16%
  41746 17179      511.5479   106      511.3227      512.1512  3591191    0.16%
  41906 17300      511.6101   125      511.3227      512.1512  3606123    0.16%
  42082 17439      511.7528   129      511.3227      512.1512  3620678    0.16%
Elapsed time = 1005.17 sec. (1035471.41 ticks, tree = 254.61 MB, solutions = 9)
  42277 17602      511.8075   112      511.3227      512.1512  3635261    0.16%
  42500 17780      511.6754   121      511.3227      512.1512  3649702    0.16%
  42664 17905      511.9302   137      511.3227      512.1512  3664000    0.16%
  42853 18051      511.8259   129      511.3227      512.1512  3679206    0.16%
  43043 18208      512.0255   122      511.3227      512.1512  3693568    0.16%
  43243 18368      511.3646    96      511.3227      512.1512  3707787    0.16%
  43425 18512      511.8578   106      511.3227      512.1512  3722076    0.16%
  43611 18662      512.0625   118      511.3227      512.1512  3736337    0.16%
  43781 18793      511.9355    85      511.3227      512.1512  3750447    0.16%
  43990 18955      511.8867   125      511.3227      512.1512  3764916    0.16%
Elapsed time = 1042.59 sec. (1073767.71 ticks, tree = 279.23 MB, solutions = 9)
  44184 19112      511.9072   130      511.3227      512.1512  3779219    0.16%
  44370 19267      511.4744    90      511.3227      512.1512  3793976    0.16%
  44604 19456      511.4275    58      511.3227      512.1512  3807862    0.16%
  44830 19628      511.9776   127      511.3227      512.1512  3822493    0.16%
  45032 19792      511.4235    88      511.3227      512.1512  3837075    0.16%
  45211 19920      511.8248   144      511.3227      512.1512  3852123    0.16%
  45418 20087      512.1084   133      511.3227      512.1512  3866916    0.16%
  45612 20247      511.4348    55      511.3227      512.1512  3881450    0.16%
  45787 20388      511.7484   120      511.3227      512.1512  3895990    0.16%
  45992 20540      511.8186   121      511.3227      512.1512  3910923    0.16%
Elapsed time = 1080.52 sec. (1112051.75 ticks, tree = 300.83 MB, solutions = 9)
  46143 20650      511.6969   126      511.3227      512.1512  3924507    0.16%
  46360 20824      511.3412   107      511.3227      512.1512  3938910    0.16%
  46539 20960      511.8827    95      511.3227      512.1512  3953610    0.16%
  46762 21147      511.5233   100      511.3227      512.1512  3967908    0.16%
  46925 21274      512.0724   124      511.3227      512.1512  3981039    0.16%
  47158 21465      511.7023   115      511.3227      512.1512  3995779    0.16%
  47352 21629      511.3819   104      511.3227      512.1512  4010247    0.16%
  47548 21785      511.7637    92      511.3227      512.1512  4024346    0.16%
  47791 21983      511.7262   126      511.3227      512.1512  4038668    0.16%
  48001 22156      511.5181   110      511.3227      512.1512  4052929    0.16%
Elapsed time = 1118.59 sec. (1150381.89 ticks, tree = 325.88 MB, solutions = 9)
  48187 22295      511.9360   122      511.3227      512.1512  4067335    0.16%
  48433 22496      511.4615    80      511.3227      512.1512  4081612    0.16%
  48648 22655      511.4938   106      511.3227      512.1512  4095534    0.16%
  48854 22824      511.8654   101      511.3227      512.1512  4109835    0.16%
  49014 22953      511.5071    81      511.3227      512.1512  4123771    0.16%
  49260 23155      511.4122   101      511.3227      512.1512  4138230    0.16%
  49442 23287      511.8072   133      511.3227      512.1512  4152374    0.16%
  49633 23432      511.3513   105      511.3227      512.1512  4167208    0.16%
  49842 23588      511.8274   143      511.3227      512.1512  4181612    0.16%
  50062 23768        cutoff            511.3227      512.1512  4195708    0.16%
Elapsed time = 1156.61 sec. (1188677.90 ticks, tree = 348.35 MB, solutions = 9)
  50270 23933      511.9081   100      511.3227      512.1512  4209515    0.16%
  50460 24081      511.8014   144      511.3227      512.1512  4223668    0.16%
  50655 24232      511.7376   128      511.3227      512.1512  4237490    0.16%
  50877 24411      511.8375    89      511.3227      512.1512  4251795    0.16%
  51075 24568      511.9700   135      511.3227      512.1512  4266311    0.16%
  51293 24749      511.4131    73      511.3227      512.1512  4280932    0.16%
  51482 24891      511.3587    91      511.3227      512.1512  4296088    0.16%
  51687 25038      511.8380   122      511.3227      512.1512  4310575    0.16%
  51919 25233      511.7268    95      511.3227      512.1512  4324430    0.16%
  52140 25401      511.7745   133      511.3227      512.1512  4339041    0.16%
Elapsed time = 1194.71 sec. (1227017.48 ticks, tree = 370.16 MB, solutions = 9)
  52314 25527      511.8944   120      511.3227      512.1512  4353381    0.16%
  52511 25677      511.9773    94      511.3227      512.1501  4367910    0.16%
  52739 25863      511.5886   102      511.3227      512.1494  4381988    0.16%
  52994 26070      512.0195   109      511.3227      512.1486  4395973    0.16%
  53207 26239      512.0158   126      511.3227      512.1478  4411192    0.16%
  53414 26407      511.7195    98      511.3227      512.1462  4425193    0.16%
  53632 26581      511.3376   102      511.3227      512.1456  4439452    0.16%
  53848 26742      512.0725   127      511.3227      512.1451  4454346    0.16%
  54044 26898      512.0091   123      511.3227      512.1445  4468673    0.16%
  54265 27073      511.4027    55      511.3227      512.1434  4483008    0.16%
Elapsed time = 1232.94 sec. (1265328.88 ticks, tree = 393.64 MB, solutions = 9)
  54452 27225      511.6579   123      511.3227      512.1427  4497757    0.16%
  54680 27409      511.4606    81      511.3227      512.1420  4511318    0.16%
  54859 27547      511.5792   113      511.3227      512.1411  4525702    0.16%
  55078 27726      511.6820   128      511.3227      512.1405  4539321    0.16%
  55319 27910      511.6807    94      511.3227      512.1394  4553601    0.16%
  55548 28097      511.4822   112      511.3227      512.1386  4568177    0.16%
  55789 28296      512.0232    98      511.3227      512.1376  4582401    0.16%
  56005 28468      511.7349   117      511.3227      512.1368  4596962    0.16%
  56196 28617      511.7066   133      511.3227      512.1356  4611148    0.16%
  56419 28794      512.0093   119      511.3227      512.1349  4625411    0.16%
Elapsed time = 1271.30 sec. (1303588.09 ticks, tree = 422.20 MB, solutions = 9)
  56612 28942      511.8498   114      511.3227      512.1340  4639372    0.16%
  56801 29090      511.7314    91      511.3227      512.1330  4654076    0.16%
  57026 29271      511.9505   137      511.3227      512.1316  4668453    0.16%
  57235 29435      511.8622    87      511.3227      512.1306  4682973    0.16%
  57476 29636      511.4320    85      511.3227      512.1296  4697039    0.16%
  57659 29776      511.4025   107      511.3227      512.1284  4711979    0.16%
  57851 29923      511.3546    95      511.3227      512.1272  4725798    0.16%
  58115 30143      511.8071   116      511.3227      512.1263  4739545    0.16%
  58315 30292      511.5167    88      511.3227      512.1255  4753939    0.16%
  58532 30454      511.9234   138      511.3227      512.1245  4768106    0.16%
Elapsed time = 1309.25 sec. (1341925.97 ticks, tree = 452.06 MB, solutions = 9)
  58749 30635        cutoff            511.3227      512.1239  4782123    0.16%
  58938 30784      511.6118    82      511.3227      512.1230  4796681    0.16%
  59145 30941      511.8052   135      511.3227      512.1221  4811242    0.16%
  59366 31118      511.4807   106      511.3227      512.1208  4825709    0.16%
  59593 31282      511.5951   106      511.3227      512.1202  4840548    0.16%
  59801 31441      511.7590   141      511.3227      512.1190  4855651    0.16%
  60024 31610      511.6083    65      511.3227      512.1184  4869650    0.16%
  60262 31794      511.8914   115      511.3227      512.1176  4883615    0.16%
  60503 31995      511.7843   132      511.3227      512.1172  4897275    0.16%
  60695 32141      511.6513    94      511.3227      512.1167  4910987    0.16%
Elapsed time = 1347.00 sec. (1380252.01 ticks, tree = 471.47 MB, solutions = 9)
  60904 32310      511.9737   119      511.3227      512.1154  4924862    0.16%
  61129 32484      511.6707    81      511.3227      512.1149  4939856    0.15%
  61360 32662      511.7839   147      511.3227      512.1145  4953573    0.15%
  61558 32820      511.4745    71      511.3227      512.1136  4968110    0.15%
  61777 32980      511.8509   104      511.3227      512.1127  4982965    0.15%
  62041 33187      511.7318   124      511.3227      512.1116  4997248    0.15%
  62229 33332      511.7166   104      511.3227      512.1108  5011660    0.15%
  62422 33487      511.3664   107      511.3227      512.1098  5026429    0.15%
  62645 33651      511.5134    99      511.3227      512.1090  5040824    0.15%
  62894 33858      511.8996    98      511.3227      512.1082  5054598    0.15%
Elapsed time = 1385.11 sec. (1418670.88 ticks, tree = 497.77 MB, solutions = 9)
  63127 34043      511.8176   106      511.3227      512.1078  5068747    0.15%
  63316 34189      511.5245    79      511.3227      512.1071  5082791    0.15%
  63521 34337      511.6561    76      511.3227      512.1063  5097416    0.15%
  63695 34467      511.9249   116      511.3227      512.1059  5112096    0.15%
  63905 34632      511.5221    83      511.3227      512.1054  5126363    0.15%
  64149 34815      511.9003   107      511.3227      512.1044  5140837    0.15%
  64363 34988      511.8410   157      511.3227      512.1028  5154794    0.15%
  64528 35119      511.3546   124      511.3227      512.1020  5169629    0.15%
  64724 35269      511.8275   116      511.3227      512.1014  5184019    0.15%
  64910 35405      511.8971   128      511.3227      512.1007  5198623    0.15%
Elapsed time = 1422.65 sec. (1457044.66 ticks, tree = 519.71 MB, solutions = 9)
  65099 35556      511.5164    66      511.3227      512.1000  5213518    0.15%
  65338 35742      511.7854   129      511.3227      512.0995  5227761    0.15%
  65541 35896      511.5178    87      511.3227      512.0988  5242054    0.15%
  65762 36073      511.6502   128      511.3227      512.0980  5255637    0.15%
  65956 36218      511.7418   127      511.3227      512.0966  5270287    0.15%
  66178 36389      511.8965   124      511.3227      512.0960  5284603    0.15%
  66366 36533      511.8660   124      511.3227      512.0957  5299124    0.15%
  66565 36694      511.4819   110      511.3227      512.0951  5312821    0.15%
  66774 36860      511.4645   124      511.3227      512.0944  5327260    0.15%
  66974 37016      511.6140    69      511.3227      512.0941  5341474    0.15%
Elapsed time = 1460.21 sec. (1495378.05 ticks, tree = 541.44 MB, solutions = 9)
  67201 37199      511.4808   103      511.3227      512.0934  5355550    0.15%
  67398 37353      512.0188   110      511.3227      512.0927  5369594    0.15%
  67618 37523      511.5761   114      511.3227      512.0919  5384231    0.15%
  67803 37669      511.4031   103      511.3227      512.0912  5398241    0.15%
  68020 37841      511.4003    65      511.3227      512.0903  5412491    0.15%
  68237 38005      511.5821   131      511.3227      512.0896  5427043    0.15%
  68468 38192      511.6465    98      511.3227      512.0891  5441189    0.15%
  68669 38347      511.8902   107      511.3227      512.0885  5455589    0.15%
  68874 38494      511.9082   125      511.3227      512.0879  5470343    0.15%
  69074 38651      511.6112   110      511.3227      512.0878  5484214    0.15%
Elapsed time = 1497.91 sec. (1533721.32 ticks, tree = 567.75 MB, solutions = 9)
  69275 38804        cutoff            511.3227      512.0870  5498869    0.15%
  69480 38963      511.8390    89      511.3227      512.0863  5513184    0.15%
  69657 39096      511.5145   152      511.3227      512.0857  5527601    0.15%
  69851 39234      511.6354    86      511.3227      512.0848  5541956    0.15%
  70053 39392      511.7976   117      511.3227      512.0843  5556107    0.15%
  70232 39532      511.6277    96      511.3227      512.0833  5569632    0.15%
  70456 39710      511.4280   115      511.3227      512.0825  5584122    0.15%
  70664 39875      511.9794   103      511.3227      512.0818  5597443    0.15%
  70852 40026      511.3722   117      511.3227      512.0812  5611844    0.15%
  71057 40177        cutoff            511.3227      512.0808  5626178    0.15%
Elapsed time = 1535.20 sec. (1572040.02 ticks, tree = 588.81 MB, solutions = 9)
  71255 40333      511.4085    75      511.3227      512.0803  5640558    0.15%
  71448 40481      511.3733    90      511.3227      512.0796  5655217    0.15%
  71672 40653      511.4402    99      511.3227      512.0790  5669555    0.15%
  71901 40819      511.9845   121      511.3227      512.0779  5684061    0.15%
  72080 40956      511.8136    92      511.3227      512.0774  5698291    0.15%
  72282 41108      511.6861   125      511.3227      512.0765  5712864    0.15%
  72481 41262      511.8047    98      511.3227      512.0759  5727043    0.15%
  72707 41441      511.9352   130      511.3227      512.0754  5741988    0.15%
  72943 41633      511.7689   125      511.3227      512.0750  5756417    0.15%
  73144 41789      511.3678    81      511.3227      512.0746  5770580    0.15%
Elapsed time = 1572.88 sec. (1610360.02 ticks, tree = 611.28 MB, solutions = 9)
  73348 41943      511.4966   100      511.3227      512.0739  5784885    0.15%
  73554 42104      511.4730    64      511.3227      512.0735  5799176    0.15%
  73745 42257      511.6090   119      511.3227      512.0729  5812922    0.15%
  73984 42454      511.7798    78      511.3227      512.0726  5829481    0.15%
  74134 42561      511.9217   113      511.3227      512.0724  5846465    0.15%
  74348 42731      511.9434   113      511.3227      512.0721  5860322    0.15%
  74595 42935      511.7621   139      511.3227      512.0718  5874650    0.15%
  74786 43077      511.9417   123      511.3227      512.0712  5889021    0.15%
  74999 43239      511.8619    99      511.3227      512.0704  5903117    0.15%
  75219 43412      511.9811    86      511.3227      512.0699  5917388    0.15%
Elapsed time = 1610.09 sec. (1648722.28 ticks, tree = 632.00 MB, solutions = 9)
  75394 43556      511.3826    85      511.3227      512.0696  5931394    0.15%
  75630 43732      511.8507   137      511.3227      512.0694  5944844    0.15%
  75830 43882      511.6558   109      511.3227      512.0689  5958636    0.15%
  76051 44056      511.6204   118      511.3227      512.0683  5972425    0.15%
  76231 44190      511.7528   122      511.3227      512.0681  5986512    0.15%
  76441 44351      511.3296   102      511.3227      512.0673  6000526    0.15%
  76661 44522      511.8990   123      511.3227      512.0666  6014460    0.15%
  76900 44719      511.6175   102      511.3227      512.0663  6028243    0.15%
  77065 44846      511.7271   114      511.3227      512.0659  6042075    0.15%
  77240 44980      511.7831   121      511.3227      512.0657  6056246    0.15%
Elapsed time = 1647.60 sec. (1687105.64 ticks, tree = 653.31 MB, solutions = 9)
  77454 45153      511.3994    85      511.3227      512.0655  6069933    0.15%
  77639 45291      511.9060   118      511.3227      512.0649  6084184    0.15%
  77828 45443      511.3625    80      511.3227      512.0647  6098540    0.15%
  78002 45563      511.5478   122      511.3227      512.0638  6112988    0.14%
  78177 45688      511.5560    55      511.3227      512.0630  6127321    0.14%
  78379 45849      511.5968    93      511.3227      512.0625  6141356    0.14%
  78589 46013      511.7265   124      511.3227      512.0621  6155366    0.14%
  78772 46147      511.7708    93      511.3227      512.0616  6169741    0.14%
  78975 46306      511.4485    87      511.3227      512.0614  6183782    0.14%
  79142 46433      511.4194   124      511.3227      512.0610  6198620    0.14%
Elapsed time = 1684.60 sec. (1725505.34 ticks, tree = 679.09 MB, solutions = 9)
  79320 46570      511.5807   135      511.3227      512.0606  6212036    0.14%
  79516 46719      511.8917   102      511.3227      512.0602  6226613    0.14%
  79730 46887      511.6897   119      511.3227      512.0597  6240010    0.14%
  79913 47016      511.7920   139      511.3227      512.0590  6253787    0.14%
  80069 47134      511.3713    97      511.3227      512.0588  6268154    0.14%
  80265 47281      511.5078   143      511.3227      512.0585  6282260    0.14%
  80441 47411      511.7522   102      511.3227      512.0578  6296662    0.14%
  80643 47564        cutoff            511.3227      512.0575  6310621    0.14%
  80806 47689      511.4737   103      511.3227      512.0570  6325046    0.14%
  80980 47813      511.7479   142      511.3227      512.0565  6339305    0.14%
Elapsed time = 1721.58 sec. (1763895.25 ticks, tree = 701.05 MB, solutions = 9)
  81157 47940      511.5260   126      511.3227      512.0562  6353358    0.14%
  81367 48103      511.5744   132      511.3227      512.0556  6367510    0.14%
  81560 48243      511.6149   126      511.3227      512.0550  6381566    0.14%
  81775 48408      511.4837    82      511.3227      512.0547  6394976    0.14%
  81958 48543      511.4085    78      511.3227      512.0543  6409888    0.14%
  82128 48666      511.3378    85      511.3227      512.0537  6423696    0.14%
  82294 48789      511.8754    91      511.3227      512.0533  6438019    0.14%
  82504 48961        cutoff            511.3227      512.0529  6452100    0.14%
  82702 49107      511.7562   116      511.3227      512.0524  6466162    0.14%
  82887 49249      511.5625   102      511.3227      512.0521  6480756    0.14%
Elapsed time = 1758.72 sec. (1802134.27 ticks, tree = 727.03 MB, solutions = 9)
  83065 49387      511.8353   126      511.3227      512.0515  6495481    0.14%
  83240 49520      511.4934    81      511.3227      512.0510  6510164    0.14%
  83478 49701      511.5809   141      511.3227      512.0506  6524166    0.14%
  83657 49829      511.8780   115      511.3227      512.0503  6538251    0.14%
  83863 49982      511.5126    88      511.3227      512.0500  6552547    0.14%
  84066 50133      511.3581    88      511.3227      512.0491  6566732    0.14%
  84285 50299      511.5359    79      511.3227      512.0486  6580401    0.14%
  84477 50431      511.8744   103      511.3227      512.0480  6594867    0.14%
  84681 50583      511.8106   106      511.3227      512.0470  6608982    0.14%
  84869 50730      511.3648    68      511.3227      512.0469  6623343    0.14%
Elapsed time = 1796.01 sec. (1840477.87 ticks, tree = 749.15 MB, solutions = 9)
  85048 50852      511.8737    97      511.3227      512.0460  6637631    0.14%
  85251 51012        cutoff            511.3227      512.0456  6651705    0.14%
  85443 51148      511.8426   120      511.3227      512.0452  6665286    0.14%
  85618 51273      511.8706    94      511.3227      512.0448  6679617    0.14%
  85837 51440      511.8477   122      511.3227      512.0443  6694012    0.14%
  86033 51592      511.7173    97      511.3227      512.0440  6708476    0.14%
  86196 51705        cutoff            511.3227      512.0433  6722905    0.14%
  86374 51840      511.7558   135      511.3227      512.0428  6737476    0.14%
  86552 51969      511.6448    73      511.3227      512.0425  6752070    0.14%
  86739 52097      511.7365   137      511.3227      512.0421  6766679    0.14%
Elapsed time = 1832.92 sec. (1878820.85 ticks, tree = 765.33 MB, solutions = 9)
  86913 52223      511.5618    80      511.3227      512.0418  6779943    0.14%
  87104 52363      511.4495    90      511.3227      512.0411  6794436    0.14%
  87272 52487      511.5319    73      511.3227      512.0406  6809032    0.14%
  87478 52641      511.4680   100      511.3227      512.0402  6822450    0.14%
  87654 52764      511.8427   101      511.3227      512.0397  6837098    0.14%
  87876 52936      511.3614    81      511.3227      512.0391  6851477    0.14%
  88047 53060      511.5248    84      511.3227      512.0384  6866147    0.14%
  88248 53214      511.4640    85      511.3227      512.0378  6880490    0.14%
  88428 53339      511.8658    94      511.3227      512.0374  6894818    0.14%
  88623 53481      511.4191   122      511.3227      512.0370  6909419    0.14%
Elapsed time = 1869.79 sec. (1917135.32 ticks, tree = 789.63 MB, solutions = 9)
  88804 53610      511.5710    82      511.3227      512.0369  6923282    0.14%
  88981 53731      511.6539   103      511.3227      512.0364  6936742    0.14%
  89148 53854      511.6033    82      511.3227      512.0360  6951376    0.14%
  89364 54023      511.8079   125      511.3227      512.0357  6965502    0.14%
  89573 54176      511.8287    94      511.3227      512.0352  6979977    0.14%
  89789 54338      511.3338    96      511.3227      512.0348  6994232    0.14%
  89982 54481      511.6906   102      511.3227      512.0343  7008155    0.14%
  90195 54645      511.3478    70      511.3227      512.0342  7022722    0.14%
  90389 54772      511.6808   112      511.3227      512.0335  7037011    0.14%
  90603 54922      511.6971   139      511.3227      512.0330  7051273    0.14%
Elapsed time = 1906.83 sec. (1955418.45 ticks, tree = 811.37 MB, solutions = 9)
  90786 55053      511.5828    98      511.3227      512.0326  7065736    0.14%
  90990 55210      511.8430   118      511.3227      512.0323  7080164    0.14%
  91196 55364      511.5552   101      511.3227      512.0321  7094520    0.14%
  91383 55502      511.6280   116      511.3227      512.0316  7109009    0.14%
  91548 55622      511.5225    70      511.3227      512.0311  7123727    0.14%
  91741 55764      511.6279    88      511.3227      512.0307  7138123    0.14%
  91928 55904      511.5486    62      511.3227      512.0302  7152642    0.14%
  92104 56019      511.8411    82      511.3227      512.0298  7167454    0.14%
  92337 56194      511.7533    87      511.3227      512.0293  7181368    0.14%
  92520 56339      511.5528   135      511.3227      512.0291  7195461    0.14%
Elapsed time = 1944.16 sec. (1993812.95 ticks, tree = 831.62 MB, solutions = 9)
  92689 56458      511.6032   101      511.3227      512.0287  7209733    0.14%
  92852 56572      511.8469   121      511.3227      512.0286  7224677    0.14%
  93038 56712      511.3326    89      511.3227      512.0282  7239129    0.14%
  93233 56853      511.5904    79      511.3227      512.0280  7253737    0.14%
  93482 57046      511.5758   111      511.3227      512.0278  7267637    0.14%
  93661 57174      511.7822   112      511.3227      512.0274  7282525    0.14%
  93876 57340      511.7405   118      511.3227      512.0271  7296901    0.14%
  94098 57503      511.4689   151      511.3227      512.0269  7311165    0.14%
  94269 57623      511.8201    82      511.3227      512.0264  7325934    0.14%
  94486 57781      511.3546    73      511.3227      512.0261  7340461    0.14%
Elapsed time = 1981.69 sec. (2032106.25 ticks, tree = 855.12 MB, solutions = 9)
  94659 57903      511.4865    95      511.3227      512.0259  7354316    0.14%
  94855 58044      511.7521   101      511.3227      512.0255  7368529    0.14%
  95044 58190      511.6940    83      511.3227      512.0251  7382876    0.14%
  95250 58336      511.4658    90      511.3227      512.0248  7397129    0.14%
  95427 58460      511.6710    93      511.3227      512.0245  7411628    0.14%
  95589 58575      511.6762   110      511.3227      512.0243  7425882    0.14%
  95747 58682      511.3767    85      511.3227      512.0240  7440838    0.14%
  95938 58828      511.5170    86      511.3227      512.0236  7455482    0.14%
  96122 58966      511.7277   117      511.3227      512.0232  7469813    0.14%
  96284 59079      511.8588   128      511.3227      512.0230  7483914    0.14%
Elapsed time = 2018.40 sec. (2070355.81 ticks, tree = 875.58 MB, solutions = 9)
  96454 59194      511.5131   103      511.3227      512.0226  7498647    0.14%
  96677 59366      511.4513   139      511.3227      512.0223  7512641    0.14%
  96878 59522      511.5381   114      511.3227      512.0220  7526577    0.14%
  97051 59650      511.7065   124      511.3227      512.0217  7540787    0.14%
  97218 59772      511.5561   133      511.3227      512.0214  7555902    0.14%
  97419 59918      511.3450    70      511.3227      512.0213  7570215    0.14%
  97582 60029      511.3636    82      511.3227      512.0209  7584940    0.14%
  97762 60165      511.4209   107      511.3227      512.0205  7599078    0.14%
  97959 60311      511.4256    72      511.3227      512.0201  7613798    0.14%
  98140 60447      511.8243    86      511.3227      512.0199  7628529    0.14%
Elapsed time = 2055.35 sec. (2108630.50 ticks, tree = 897.09 MB, solutions = 9)
  98354 60606      511.8333   116      511.3227      512.0194  7642751    0.14%
  98511 60721      511.4622    99      511.3227      512.0192  7657135    0.14%
  98712 60857      511.7980   123      511.3227      512.0190  7671808    0.14%
  98907 61004      511.6379   104      511.3227      512.0187  7686365    0.14%
  99111 61153      511.6792    74      511.3227      512.0186  7700531    0.14%
  99301 61302      511.3425    61      511.3227      512.0183  7714851    0.14%
  99482 61428      511.7724   130      511.3227      512.0178  7729416    0.14%
  99685 61579      511.3263    87      511.3227      512.0174  7743716    0.14%
  99863 61702      511.6381   147      511.3227      512.0171  7758098    0.14%
 100035 61824      511.4020    78      511.3227      512.0168  7773304    0.14%
Elapsed time = 2092.40 sec. (2146937.21 ticks, tree = 916.16 MB, solutions = 9)
 100252 61998      511.7822   136      511.3227      512.0164  7788061    0.14%
 100458 62151      511.6938   106      511.3227      512.0160  7801848    0.14%
 100667 62318      511.4673   127      511.3227      512.0158  7815605    0.14%
 100844 62449      511.6639    95      511.3227      512.0155  7829908    0.14%
 101018 62560      511.6593    85      511.3227      512.0150  7843713    0.14%
 101251 62744      511.7362    91      511.3227      512.0146  7858307    0.14%
 101433 62873      511.6518    77      511.3227      512.0143  7872494    0.14%
 101629 63020      511.3912    82      511.3227      512.0139  7886932    0.14%
 101811 63151      511.7859   110      511.3227      512.0134  7901043    0.14%
 102000 63280      511.6809   134      511.3227      512.0129  7915710    0.14%
Elapsed time = 2129.52 sec. (2185151.65 ticks, tree = 939.63 MB, solutions = 9)
 102182 63406      511.8661   123      511.3227      512.0124  7930672    0.13%
 102409 63579      511.4943    68      511.3227      512.0121  7945104    0.13%
 102620 63736      511.7152   141      511.3227      512.0116  7958544    0.13%
 102796 63864      511.8700   146      511.3227      512.0113  7973280    0.13%
 102961 63972      511.8414   107      511.3227      512.0107  7987419    0.13%
 103162 64112      511.8060   126      511.3227      512.0104  8001608    0.13%
 103347 64246      511.4939   107      511.3227      512.0101  8016004    0.13%
 103504 64362      511.5153   137      511.3227      512.0099  8030382    0.13%
 103744 64545      511.4579    92      511.3227      512.0096  8044781    0.13%
 103930 64690      511.4933    88      511.3227      512.0093  8059035    0.13%
Elapsed time = 2166.65 sec. (2223474.50 ticks, tree = 965.82 MB, solutions = 9)
 104104 64802      511.7693   101      511.3227      512.0089  8073283    0.13%
 104316 64962      511.8747   121      511.3227      512.0084  8088297    0.13%
 104504 65099      511.5497   127      511.3227      512.0080  8102132    0.13%
 104705 65239      511.6711    78      511.3227      512.0077  8116628    0.13%
 104908 65395      511.5314    85      511.3227      512.0072  8130837    0.13%
 105092 65530      511.5656    83      511.3227      512.0068  8145184    0.13%
 105320 65698      511.4234    57      511.3227      512.0065  8159200    0.13%
 105558 65889      511.7283   111      511.3227      512.0061  8173137    0.13%
 105761 66046      511.4826    76      511.3227      512.0057  8186709    0.13%
 105951 66177      511.6127    95      511.3227      512.0051  8201261    0.13%
Elapsed time = 2204.36 sec. (2262258.31 ticks, tree = 992.76 MB, solutions = 9)
 106123 66302      511.6415   111      511.3227      512.0048  8215704    0.13%
 106303 66425      511.6948    85      511.3227      512.0045  8229944    0.13%
 106475 66546      511.6496    98      511.3227      512.0042  8244339    0.13%
 106649 66655      511.6085   119      511.3227      512.0036  8258040    0.13%
 106821 66769      511.4391   126      511.3227      512.0032  8272785    0.13%
 107020 66914      511.6599    97      511.3227      512.0028  8287113    0.13%
 107190 67021      511.7732    98      511.3227      512.0023  8302007    0.13%
 107372 67144      511.4303   109      511.3227      512.0020  8316195    0.13%
 107568 67284      511.7253    94      511.3227      512.0015  8330493    0.13%
 107786 67440      511.4200    64      511.3227      512.0014  8344669    0.13%
Elapsed time = 2240.90 sec. (2300544.80 ticks, tree = 1009.58 MB, solutions = 9)
 107996 67597      511.5778   113      511.3227      512.0009  8359034    0.13%
 108166 67713      511.4375    79      511.3227      512.0006  8373115    0.13%
 108376 67854      511.6554   113      511.3227      512.0003  8387723    0.13%
 108553 67982        cutoff            511.3227      512.0000  8401103    0.13%
 108743 68117      511.5053   130      511.3227      511.9998  8415598    0.13%
 108931 68234      511.6814   126      511.3227      511.9990  8430439    0.13%
 109116 68371      511.4958   108      511.3227      511.9987  8444791    0.13%
 109324 68526      511.4464    67      511.3227      511.9984  8459358    0.13%
 109520 68673      511.5545    64      511.3227      511.9983  8473309    0.13%
 109753 68847      511.6699   112      511.3227      511.9979  8487576    0.13%
Elapsed time = 2278.02 sec. (2338862.38 ticks, tree = 1031.60 MB, solutions = 9)
 109954 68993      511.5560   122      511.3227      511.9976  8502233    0.13%
 110166 69158      511.5007   116      511.3227      511.9973  8516128    0.13%
 110351 69287      511.5436   102      511.3227      511.9969  8530845    0.13%
 110582 69470      511.5616    76      511.3227      511.9967  8544069    0.13%
 110774 69605      511.7620   136      511.3227      511.9965  8558552    0.13%
 110949 69726      511.8472   131      511.3227      511.9963  8573219    0.13%
 111130 69852      511.5444    67      511.3227      511.9960  8587979    0.13%
 111318 69984      511.5940    74      511.3227      511.9957  8602265    0.13%
 111524 70140      511.7028   130      511.3227      511.9954  8616810    0.13%
 111695 70263      511.5938    91      511.3227      511.9951  8631573    0.13%
Elapsed time = 2315.07 sec. (2377297.81 ticks, tree = 1052.79 MB, solutions = 9)
 111851 70357      511.4112   110      511.3227      511.9945  8646190    0.13%
 112039 70495      511.6592   121      511.3227      511.9940  8661008    0.13%
 112216 70619      511.5889    68      511.3227      511.9938  8675191    0.13%
 112456 70804      511.7146   115      511.3227      511.9936  8689248    0.13%
 112658 70954      511.7142   160      511.3227      511.9931  8703519    0.13%
 112860 71106      511.5208    88      511.3227      511.9928  8717716    0.13%
 113066 71255      511.8326    96      511.3227      511.9924  8731918    0.13%
 113275 71415      511.6067   104      511.3227      511.9921  8746191    0.13%
 113466 71557      511.5686   111      511.3227      511.9919  8760890    0.13%
 113652 71679      511.6837    83      511.3227      511.9915  8775348    0.13%
Elapsed time = 2352.37 sec. (2415634.19 ticks, tree = 1074.72 MB, solutions = 9)
 113855 71819      511.6004   103      511.3227      511.9913  8789843    0.13%
 114042 71945      511.7423   104      511.3227      511.9909  8804545    0.13%
 114239 72087      511.3328    79      511.3227      511.9907  8818808    0.13%
 114421 72212      511.3658   113      511.3227      511.9904  8833476    0.13%
 114583 72315      511.4137   123      511.3227      511.9901  8847342    0.13%
 114778 72445      511.5219   139      511.3227      511.9898  8861933    0.13%
 114976 72593      511.3816    81      511.3227      511.9896  8876642    0.13%
 115147 72716      511.5552   105      511.3227      511.9891  8891467    0.13%
 115319 72845      511.7689   117      511.3227      511.9889  8905459    0.13%
 115497 72980      511.7032   142      511.3227      511.9887  8919689    0.13%
Elapsed time = 2389.23 sec. (2454114.21 ticks, tree = 1098.22 MB, solutions = 9)
 115688 73109      511.7365   122      511.3227      511.9883  8934329    0.13%
 115960 73331      511.6601   103      511.3227      511.9880  8947843    0.13%
 116119 73432      511.7718    88      511.3227      511.9876  8962445    0.13%
 116324 73577      511.6297   104      511.3227      511.9874  8976952    0.13%
 116507 73708      511.7058    87      511.3227      511.9871  8990703    0.13%
 116685 73833      511.4604   131      511.3227      511.9865  9005308    0.13%
 116903 73997      511.5433   108      511.3227      511.9863  9019532    0.13%
 117090 74128      511.7572   106      511.3227      511.9860  9034078    0.13%
 117315 74292      511.7588   111      511.3227      511.9857  9048191    0.13%
 117549 74474      511.7475   128      511.3227      511.9853  9062393    0.13%
Elapsed time = 2426.64 sec. (2492499.38 ticks, tree = 1118.19 MB, solutions = 9)
 117707 74589      511.4217   102      511.3227      511.9849  9076377    0.13%
 117898 74725      511.3264    80      511.3227      511.9846  9091056    0.13%
 118086 74856      511.4681   125      511.3227      511.9843  9105349    0.13%
 118273 74988      511.3897   115      511.3227      511.9839  9119778    0.13%
 118463 75131        cutoff            511.3227      511.9838  9134355    0.13%
 118643 75259      511.8442   102      511.3227      511.9834  9148879    0.13%
 118853 75410      511.3638    88      511.3227      511.9833  9162966    0.13%
 119057 75555      511.4377   136      511.3227      511.9829  9177439    0.13%
 119268 75703      511.7502   105      511.3227      511.9827  9191803    0.13%
 119478 75856      511.8403    86      511.3227      511.9823  9206122    0.13%
Elapsed time = 2464.08 sec. (2530852.25 ticks, tree = 1139.62 MB, solutions = 9)
 119704 76029      511.5735    88      511.3227      511.9820  9220534    0.13%
 119884 76151      511.6369   115      511.3227      511.9816  9235633    0.13%
 120061 76275      511.3513    71      511.3227      511.9813  9250686    0.13%
 120264 76426      511.3675    35      511.3227      511.9811  9264815    0.13%
 120474 76575      511.5581    66      511.3227      511.9809  9279231    0.13%
 120658 76710      511.9244   104      511.3227      511.9807  9293654    0.13%
 120875 76869      511.3656   116      511.3227      511.9806  9308064    0.13%
 121076 77009      511.5650   101      511.3227      511.9802  9322745    0.13%
 121269 77146      511.3780    76      511.3227      511.9799  9337183    0.13%
 121443 77265      511.3533   113      511.3227      511.9797  9350973    0.13%
Elapsed time = 2501.77 sec. (2569204.33 ticks, tree = 1159.36 MB, solutions = 9)
 121647 77418        cutoff            511.3227      511.9795  9364837    0.13%
 121842 77552      511.3326   120      511.3227      511.9791  9379798    0.13%
 122040 77694      511.8519    98      511.3227      511.9788  9394477    0.13%
 122254 77855      511.6007   140      511.3227      511.9787  9408403    0.13%
 122454 77987      511.6023   138      511.3227      511.9784  9423291    0.13%
 122640 78119      511.4987   104      511.3227      511.9782  9438162    0.13%
 122852 78270      511.7792   100      511.3227      511.9778  9452428    0.13%
 123059 78418      511.4933   110      511.3227      511.9774  9466561    0.13%
 123262 78572      511.4096   108      511.3227      511.9772  9480705    0.13%
 123442 78698      511.3732   112      511.3227      511.9768  9495082    0.13%
Elapsed time = 2539.49 sec. (2607565.35 ticks, tree = 1179.29 MB, solutions = 9)
 123658 78855      511.4864    74      511.3227      511.9763  9509009    0.13%
 123844 78970      511.8123    96      511.3227      511.9759  9523573    0.13%
 124040 79124      511.7088   111      511.3227      511.9756  9538182    0.13%
 124240 79264      511.7073    92      511.3227      511.9752  9552925    0.13%
 124443 79413      511.3315    84      511.3227      511.9750  9567602    0.13%
 124684 79591      511.4851    67      511.3227      511.9747  9581726    0.13%
 124925 79759      511.8372   100      511.3227      511.9744  9595553    0.13%
 125124 79903      511.3899    66      511.3227      511.9742  9610162    0.13%
 125267 79990      511.6480   102      511.3227      511.9740  9624724    0.13%
 125436 80109      511.3327    73      511.3227      511.9737  9639155    0.13%
Elapsed time = 2576.96 sec. (2645894.08 ticks, tree = 1197.65 MB, solutions = 9)
 125655 80271      511.4160   128      511.3227      511.9732  9654030    0.13%
 125839 80402      511.7746   109      511.3227      511.9730  9668573    0.13%
 126030 80534      511.6515    80      511.3227      511.9726  9683348    0.13%
 126211 80661      511.7538   120      511.3227      511.9724  9697564    0.13%
 126424 80815      511.7388   122      511.3227      511.9721  9711996    0.13%
 126624 80941      511.3493    67      511.3227      511.9718  9726434    0.13%
 126817 81074      511.6856    88      511.3227      511.9715  9740951    0.13%
 126987 81186      511.7024   105      511.3227      511.9713  9755629    0.13%
 127207 81350      511.6443   114      511.3227      511.9710  9770199    0.13%
 127405 81497      511.3563    92      511.3227      511.9706  9784593    0.13%
Elapsed time = 2614.45 sec. (2684269.20 ticks, tree = 1219.30 MB, solutions = 9)
 127617 81655      511.7224    94      511.3227      511.9703  9799094    0.13%
 127804 81791      511.3752    81      511.3227      511.9700  9813493    0.13%
 128010 81941        cutoff            511.3227      511.9697  9828336    0.13%
 128210 82085      511.4530    91      511.3227      511.9692  9842733    0.13%
 128389 82212      511.3498   104      511.3227      511.9689  9857183    0.13%
 128615 82382        cutoff            511.3227      511.9687  9871483    0.13%
 128820 82536      511.5822   105      511.3227      511.9685  9885893    0.13%
 129024 82692      511.6021    93      511.3227      511.9682  9899069    0.13%
 129250 82851      511.7276   129      511.3227      511.9679  9913598    0.13%
 129462 82999      511.3731    76      511.3227      511.9675  9928217    0.13%
Elapsed time = 2651.97 sec. (2722505.46 ticks, tree = 1237.40 MB, solutions = 9)
 129660 83141      511.3909    83      511.3227      511.9671  9942912    0.13%
 129847 83272      511.5334    75      511.3227      511.9667  9957803    0.13%
 130073 83444      511.4385   135      511.3227      511.9666  9971919    0.13%
 130279 83587      511.4482   101      511.3227      511.9662  9985860    0.13%
 130430 83694      511.4757    81      511.3227      511.9660 10000219    0.13%
 130654 83860      511.5250    90      511.3227      511.9657 10014253    0.13%
 130893 84040      511.7738   104      511.3227      511.9654 10028050    0.13%
 131123 84206      511.4777   121      511.3227      511.9650 10042075    0.13%
 131300 84339      511.6245    90      511.3227      511.9646 10056057    0.13%
 131521 84496      511.7692   115      511.3227      511.9644 10070128    0.13%
Elapsed time = 2689.53 sec. (2760921.84 ticks, tree = 1257.64 MB, solutions = 9)
 131720 84645      511.4357   117      511.3227      511.9642 10084164    0.13%
 131904 84776      511.4150   105      511.3227      511.9639 10097492    0.13%
 132110 84932      511.3279    79      511.3227      511.9635 10111313    0.13%
 132348 85107      511.8256    98      511.3227      511.9633 10125023    0.13%
 132591 85287      511.7820    91      511.3227      511.9631 10138818    0.13%
 132814 85440      511.5724   122      511.3227      511.9628 10153461    0.13%
 133057 85618      511.7396    84      511.3227      511.9626 10167181    0.13%
 133265 85779      511.3700    75      511.3227      511.9624 10181524    0.13%
 133439 85897      511.6374   119      511.3227      511.9621 10195748    0.13%
 133619 86024      511.4888   112      511.3227      511.9618 10209376    0.13%
Elapsed time = 2727.19 sec. (2799313.44 ticks, tree = 1283.54 MB, solutions = 9)
 133824 86163      511.4781   105      511.3227      511.9616 10223135    0.12%
 133996 86273      511.5830    88      511.3227      511.9614 10236381    0.12%
 134174 86403      511.6349    76      511.3227      511.9612 10248873    0.12%
 134380 86555      511.3942   101      511.3227      511.9609 10262317    0.12%
 134549 86675      511.8486   100      511.3227      511.9608 10275892    0.12%
 134761 86843      511.3836   152      511.3227      511.9606 10289970    0.12%
 134908 86938      511.9474   101      511.3227      511.9604 10303104    0.12%
 135121 87097      511.4536    94      511.3227      511.9601 10316960    0.12%
 135351 87278      511.4702   118      511.3227      511.9599 10330281    0.12%
 135555 87423      511.3449   116      511.3227      511.9595 10344729    0.12%
Elapsed time = 2764.60 sec. (2837684.01 ticks, tree = 1303.54 MB, solutions = 9)
 135703 87510      511.7584    85      511.3227      511.9592 10358267    0.12%
 135909 87646      511.8204    84      511.3227      511.9589 10372737    0.12%
 136126 87813      511.5586    98      511.3227      511.9588 10386678    0.12%
 136297 87938      511.4935    87      511.3227      511.9586 10401039    0.12%
 136528 88104      511.7581   101      511.3227      511.9584 10413205    0.12%
 136717 88237      511.6182    71      511.3227      511.9582 10427058    0.12%
 136930 88397      511.7114   112      511.3227      511.9580 10440814    0.12%
 137124 88547      511.3271    99      511.3227      511.9577 10454473    0.12%
 137336 88694      511.6426   144      511.3227      511.9576 10467844    0.12%
 137549 88848      511.7706    95      511.3227      511.9573 10481811    0.12%
Elapsed time = 2802.18 sec. (2876073.85 ticks, tree = 1327.92 MB, solutions = 9)
 137751 88995      511.3610   108      511.3227      511.9570 10495935    0.12%
 137937 89131      511.3953    73      511.3227      511.9568 10509882    0.12%
 138108 89245      511.6670    72      511.3227      511.9564 10523997    0.12%
 138284 89371      511.4245    75      511.3227      511.9560 10538000    0.12%
 138445 89470      511.6873   110      511.3227      511.9558 10552108    0.12%
 138641 89606      511.6595    78      511.3227      511.9556 10565271    0.12%
 138847 89762      511.7923    82      511.3227      511.9554 10579284    0.12%
 139034 89895      511.3746    89      511.3227      511.9551 10593135    0.12%
 139210 90019      511.6778    86      511.3227      511.9546 10607185    0.12%
 139394 90144      511.8015    89      511.3227      511.9543 10620607    0.12%
Elapsed time = 2839.18 sec. (2914323.91 ticks, tree = 1348.31 MB, solutions = 9)
 139617 90313        cutoff            511.3227      511.9540 10634916    0.12%
 139789 90416      511.6028   138      511.3227      511.9537 10649194    0.12%
 139948 90517      511.6123   106      511.3227      511.9536 10662099    0.12%
 140125 90635      511.8189   117      511.3227      511.9534 10676070    0.12%
 140326 90770      511.4522   117      511.3227      511.9531 10690178    0.12%
 140507 90886      511.5676    88      511.3227      511.9530 10702445    0.12%
 140719 91041      511.3889    81      511.3227      511.9527 10717275    0.12%
 140888 91150      511.5909    87      511.3227      511.9525 10730585    0.12%
 141100 91313      511.3309    42      511.3227      511.9524 10743862    0.12%
 141275 91431      511.7980   140      511.3227      511.9521 10756767    0.12%
Elapsed time = 2876.22 sec. (2952706.35 ticks, tree = 1363.85 MB, solutions = 9)
 141464 91585      511.5808    98      511.3227      511.9519 10770167    0.12%
 141700 91766      511.3923    65      511.3227      511.9518 10784083    0.12%
 141901 91911      511.3422    63      511.3227      511.9514 10797501    0.12%
 142094 92032      511.6092    83      511.3227      511.9513 10811277    0.12%
 142291 92164      511.6146   104      511.3227      511.9511 10825726    0.12%
 142493 92312        cutoff            511.3227      511.9508 10840162    0.12%
 142683 92449      511.4331    93      511.3227      511.9507 10852638    0.12%
 142850 92563      511.3403    96      511.3227      511.9506 10867141    0.12%
 143053 92715      511.7489   101      511.3227      511.9503 10880006    0.12%
 143260 92866      511.4836    93      511.3227      511.9502 10894099    0.12%
Elapsed time = 2913.73 sec. (2990968.05 ticks, tree = 1385.24 MB, solutions = 9)
 143410 92969      511.3896    92      511.3227      511.9500 10906716    0.12%
 143597 93095      511.5247    58      511.3227      511.9498 10920641    0.12%
 143786 93228      511.6329   100      511.3227      511.9494 10934393    0.12%
 143954 93340      511.5542    97      511.3227      511.9492 10947661    0.12%
 144144 93471      511.4617    94      511.3227      511.9489 10961311    0.12%
 144325 93587      511.7313   100      511.3227      511.9488 10975785    0.12%
 144507 93704      511.4132    77      511.3227      511.9486 10989211    0.12%
 144701 93827      511.3682   120      511.3227      511.9483 11003364    0.12%
 144916 93979      511.6499   101      511.3227      511.9480 11016597    0.12%
 145103 94113      511.3476    84      511.3227      511.9477 11030436    0.12%
Elapsed time = 2950.60 sec. (3029310.18 ticks, tree = 1406.74 MB, solutions = 9)
 145299 94250      511.8388    94      511.3227      511.9475 11043972    0.12%
 145499 94390      511.3741   107      511.3227      511.9471 11057863    0.12%
 145674 94510      511.5868   110      511.3227      511.9469 11071629    0.12%
 145884 94660      511.3812    87      511.3227      511.9467 11085053    0.12%
 146094 94797      511.3892    93      511.3227      511.9464 11099056    0.12%
 146335 94969      511.7813   125      511.3227      511.9461 11112624    0.12%
 146537 95113      511.4432    81      511.3227      511.9459 11126756    0.12%
 146749 95245      511.6866    85      511.3227      511.9456 11141012    0.12%
 146911 95348      511.7855    92      511.3227      511.9453 11154383    0.12%
 147124 95489      511.5935   110      511.3227      511.9451 11168073    0.12%
Elapsed time = 2988.08 sec. (3067617.10 ticks, tree = 1424.76 MB, solutions = 9)
 147312 95627        cutoff            511.3227      511.9449 11181783    0.12%
 147505 95761      511.5527   111      511.3227      511.9446 11196276    0.12%
 147668 95880      511.3892    66      511.3227      511.9445 11210026    0.12%
 147872 96022      511.4465   111      511.3227      511.9443 11224154    0.12%
 148053 96144      511.6569   128      511.3227      511.9441 11238095    0.12%
 148231 96261      511.8005   125      511.3227      511.9438 11251756    0.12%
 148416 96389      511.7499    99      511.3227      511.9433 11265956    0.12%
 148629 96538      511.5347    88      511.3227      511.9429 11280085    0.12%
 148804 96659      511.4671    47      511.3227      511.9427 11293103    0.12%
 149024 96824      511.3888    94      511.3227      511.9426 11307492    0.12%
Elapsed time = 3025.23 sec. (3105921.69 ticks, tree = 1443.93 MB, solutions = 9)
 149277 97012      511.7131    73      511.3227      511.9423 11321201    0.12%
 149476 97161      511.6623    72      511.3227      511.9422 11335582    0.12%
 149704 97327      511.4561   115      511.3227      511.9420 11349244    0.12%
 149933 97488      511.4529    87      511.3227      511.9416 11363701    0.12%
 150126 97624      511.5821    83      511.3227      511.9414 11377388    0.12%
 150359 97790      511.7261    97      511.3227      511.9412 11391028    0.12%
 150508 97896      511.3355    70      511.3227      511.9411 11403792    0.12%
 150689 98015      511.5682   125      511.3227      511.9408 11417909    0.12%
 150927 98191      511.6191    84      511.3227      511.9406 11431635    0.12%
 151114 98314      511.4193    78      511.3227      511.9403 11445288    0.12%
Elapsed time = 3063.17 sec. (3144290.15 ticks, tree = 1467.41 MB, solutions = 9)
 151283 98418      511.3436    96      511.3227      511.9401 11459021    0.12%
 151483 98563      511.4850    87      511.3227      511.9399 11471167    0.12%
 151696 98711      511.7673   120      511.3227      511.9396 11484695    0.12%
 151907 98874      511.4988    78      511.3227      511.9392 11498158    0.12%
 152093 98996      511.7404   158      511.3227      511.9390 11512633    0.12%
 152275 99131      511.5260   119      511.3227      511.9388 11526165    0.12%
 152504 99306      511.5106    53      511.3227      511.9386 11539343    0.12%
 152709 99453        cutoff            511.3227      511.9384 11553389    0.12%
 152924 99593      511.5130   119      511.3227      511.9381 11567897    0.12%
 153129 99743      511.3596   101      511.3227      511.9377 11582102    0.12%
Elapsed time = 3100.87 sec. (3182649.63 ticks, tree = 1490.32 MB, solutions = 9)
 153360 99909      511.4405    69      511.3227      511.9375 11595529    0.12%
 153550 100029      511.6978    88      511.3227      511.9373 11608971    0.12%
 153728 100148      511.6337   115      511.3227      511.9371 11622071    0.12%
 153934 100296      511.7442   121      511.3227      511.9368 11635384    0.12%
 154149 100449        cutoff            511.3227      511.9365 11649996    0.12%
 154354 100607      511.4887   109      511.3227      511.9364 11664379    0.12%
 154537 100720      511.5125   137      511.3227      511.9362 11678541    0.12%
 154747 100876      511.6386    97      511.3227      511.9359 11692506    0.12%
 154923 101004      511.5732   112      511.3227      511.9358 11704989    0.12%
 155141 101173      511.5437   102      511.3227      511.9356 11718624    0.12%
Elapsed time = 3138.70 sec. (3221042.13 ticks, tree = 1512.00 MB, solutions = 9)
 155344 101303      511.4365    64      511.3227      511.9354 11732418    0.12%
 155517 101414      511.3316    97      511.3227      511.9351 11747183    0.12%
 155731 101564      511.5283    79      511.3227      511.9349 11760010    0.12%
 155946 101710      511.6535    98      511.3227      511.9348 11774146    0.12%
*155974+100721                          511.3306      511.9348             0.12%
 156124 100822      511.6215    98      511.3306      511.9346 11784828    0.12%
 156270 100913      511.6585    98      511.3306      511.9344 11797449    0.12%
 156443 101031      511.6589   100      511.3306      511.9341 11810582    0.12%
 156666 101189      511.4133    98      511.3306      511.9338 11823643    0.12%
 156833 101301      511.7223   110      511.3306      511.9337 11837004    0.12%
 157011 101417      511.3972   112      511.3306      511.9335 11849930    0.12%
Elapsed time = 3175.36 sec. (3259368.81 ticks, tree = 1515.95 MB, solutions = 10)
 157187 101534      511.5310   144      511.3306      511.9334 11863506    0.12%
 157418 101692      511.6729   119      511.3306      511.9331 11876661    0.12%
 157580 101801      511.4083    81      511.3306      511.9328 11890101    0.12%
 157738 101903      511.3850    90      511.3306      511.9326 11903033    0.12%
 157960 102069      511.7176   113      511.3306      511.9323 11916193    0.12%
 158131 102190      511.6302    98      511.3306      511.9321 11929458    0.12%
 158351 102357      511.4072   119      511.3306      511.9319 11943870    0.12%
 158532 102485      511.4169    77      511.3306      511.9317 11957055    0.12%
 158725 102610      511.6276   102      511.3306      511.9314 11970309    0.12%
 158883 102713      511.4222   124      511.3306      511.9313 11983523    0.12%
Elapsed time = 3212.16 sec. (3297732.01 ticks, tree = 1533.70 MB, solutions = 10)
 159056 102831      511.6043    96      511.3306      511.9311 11997257    0.12%
 159258 102966      511.7324   106      511.3306      511.9308 12011268    0.12%
 159447 103093      511.5877    90      511.3306      511.9306 12024884    0.12%
 159658 103245      511.6987    79      511.3306      511.9303 12038512    0.12%
 159880 103403      511.4670   120      511.3306      511.9300 12052475    0.12%
 160076 103543        cutoff            511.3306      511.9296 12066188    0.12%
 160267 103679      511.6099   125      511.3306      511.9294 12080734    0.12%
Starting limited solution polishing.
 160466 103815      511.6859   105      511.3306      511.9291 12094864    0.12%
 160653 103938      511.7259    88      511.3306      511.9287 12108595    0.12%
 160837 104069      511.6506    72      511.3306      511.9286 12122332    0.12%
Elapsed time = 3249.56 sec. (3336158.12 ticks, tree = 1557.76 MB, solutions = 10)
 161069 104227      511.7590    97      511.3306      511.9283 12136244    0.12%
 161237 104350      511.5450   134      511.3306      511.9281 12148358    0.12%
 161415 104468      511.4915   122      511.3306      511.9279 12160180    0.12%
 161580 104576      511.5506   101      511.3306      511.9277 12172219    0.12%
 161704 104658      511.6207    80      511.3306      511.9276 12180606    0.12%
 161869 104768      511.4414    96      511.3306      511.9274 12193205    0.12%
 162064 104899        cutoff            511.3306      511.9272 12206098    0.12%
 162204 104985      511.7479    84      511.3306      511.9269 12218081    0.12%
 162415 105146      511.3764    47      511.3306      511.9268 12230203    0.12%
 162604 105275      511.4236    57      511.3306      511.9266 12243263    0.12%
Elapsed time = 3287.94 sec. (3374778.80 ticks, tree = 1574.62 MB, solutions = 10)
 162785 105394      511.3852    87      511.3306      511.9264 12255081    0.12%
 162924 105492      511.6182   133      511.3306      511.9263 12262992    0.12%
 163097 105607        cutoff            511.3306      511.9260 12276946    0.12%
 163252 105706      511.3617    82      511.3306      511.9259 12288557    0.12%
 163400 105799      511.4441    86      511.3306      511.9257 12298736    0.12%
 163574 105908      511.7750    96      511.3306      511.9254 12311062    0.12%
 163741 106039      511.6923   129      511.3306      511.9252 12322105    0.12%
 163904 106163      511.6444   126      511.3306      511.9250 12331803    0.12%
 164059 106276      511.3825    76      511.3306      511.9248 12342837    0.12%
 164221 106395      511.7824    97      511.3306      511.9247 12350420    0.12%
Elapsed time = 3326.44 sec. (3413472.06 ticks, tree = 1589.69 MB, solutions = 10)
 164404 106532      511.5855    79      511.3306      511.9246 12361748    0.12%
 164593 106666      511.7173    97      511.3306      511.9244 12373806    0.12%
 164692 106724      511.7218    86      511.3306      511.9244 12383020    0.12%
 164804 106802      511.4141    65      511.3306      511.9243 12390933    0.12%
 165004 106946      511.4039    65      511.3306      511.9241 12402819    0.12%
 165174 107056      511.3735   113      511.3306      511.9238 12413203    0.12%
 165304 107133      511.5487   101      511.3306      511.9236 12422548    0.12%
 165418 107202      511.7890    99      511.3306      511.9234 12431862    0.12%
 165572 107310      511.7512   102      511.3306      511.9233 12442688    0.12%
 165704 107416      511.5988    59      511.3306      511.9231 12448448    0.12%
Elapsed time = 3366.81 sec. (3454441.36 ticks, tree = 1605.47 MB, solutions = 10)
 165842 107507      511.3366    87      511.3306      511.9230 12458773    0.12%
 166004 107622      511.3995    49      511.3306      511.9229 12468289    0.12%
 166182 107755      511.5782    65      511.3306      511.9227 12478710    0.12%
 166321 107848      511.4594    90      511.3306      511.9226 12488750    0.12%
 166491 107962      511.8485   127      511.3306      511.9224 12499864    0.12%
 166668 108094      511.5025   112      511.3306      511.9223 12511520    0.12%
 166804 108174      511.5202   138      511.3306      511.9221 12522365    0.12%
 167004 108331      511.4737    56      511.3306      511.9219 12535245    0.12%
 167204 108472      511.3594    66      511.3306      511.9217 12549218    0.12%
 167313 108545      511.6166    97      511.3306      511.9216 12557551    0.12%
Elapsed time = 3407.86 sec. (3496003.12 ticks, tree = 1621.63 MB, solutions = 10)
 167445 108636      511.5292    77      511.3306      511.9214 12566939    0.12%
 167604 108762      511.6562    79      511.3306      511.9213 12574716    0.12%
 167714 108829      511.5853    93      511.3306      511.9212 12583398    0.12%
 167904 108963      511.6594    88      511.3306      511.9210 12594741    0.12%
 168071 109087      511.3688    48      511.3306      511.9208 12604930    0.12%
 168204 109170      511.7032    94      511.3306      511.9206 12614127    0.12%
 168365 109285      511.5312    71      511.3306      511.9204 12624024    0.12%
 168504 109377      511.4539    78      511.3306      511.9202 12634340    0.12%
 168607 109438      511.6249    97      511.3306      511.9200 12643275    0.12%
 168778 109554      511.7162   127      511.3306      511.9199 12655413    0.12%
Elapsed time = 3447.10 sec. (3536078.59 ticks, tree = 1635.89 MB, solutions = 10)
 168927 109657      511.6866   107      511.3306      511.9199 12667733    0.12%
 169074 109754      511.7586    93      511.3306      511.9196 12678270    0.12%
 169204 109833      511.6962    90      511.3306      511.9193 12688238    0.12%
 169342 109937      511.7458   113      511.3306      511.9192 12697458    0.12%
 169513 110066      511.6068   143      511.3306      511.9190 12706809    0.12%
 169685 110181      511.4109    93      511.3306      511.9188 12719081    0.12%
 169804 110267      511.5358    94      511.3306      511.9188 12725644    0.12%
 169974 110389      511.5054    95      511.3306      511.9186 12739660    0.12%
 170115 110486      511.3602   113      511.3306      511.9185 12749138    0.11%
 170649 110880      511.8030    95      511.3306      511.9179 12782777    0.11%
Elapsed time = 3496.27 sec. (3586391.42 ticks, tree = 1656.70 MB, solutions = 10)
 171201 111286      511.6661    98      511.3306      511.9173 12819581    0.11%
 171713 111635      511.3728    70      511.3306      511.9168 12854154    0.11%
 172263 112019      511.5509    77      511.3306      511.9164 12891345    0.11%
 172898 112474      511.4448    69      511.3306      511.9158 12933551    0.11%
 173475 112883      511.7474    82      511.3306      511.9151 12968735    0.11%
 173983 113269      511.5765    72      511.3306      511.9147 13003005    0.11%

Flow cuts applied:  42
Mixed integer rounding cuts applied:  146
Lift and project cuts applied:  6
Gomory fractional cuts applied:  3
User cuts applied:  1168

Root node processing (before b&c):
  Real time             =    2.01 sec. (1631.48 ticks)
Sequential b&c:
  Real time             = 3597.99 sec. (3690640.68 ticks)
                          ------------
Total (root+branch&cut) = 3600.00 sec. (3692272.16 ticks)
|V|                                     600
K                                       60
theta                                   0.01
r                                       2
R                                       20
prob_func                               facility_mixture
mixture_low_share                       0.500000
mixture_low_interval                    [0.001000, 0.010000]
mixture_high_interval                   [0.100000, 0.500000]
mixture_seed                            1
#C1                                     924
#CP                                     34376

@Parameters: 
am_callback_heuristic                   false
am_local_search                         true
am_start_heuristic                      false
colocation                              true
comp                                    false
cutC                                    true
cutC_init                               false
cutF                                    false
cutF_init                               false
cutF_stable                             false
cutF_wrong                              false
cutLocal                                false
cutM                                    true
cutM_init                               true
cutM_stable                             false
cutP                                    true
cutP_init                               false
cutP_stable                             false
init                                    true
init_cutF_zero                          false
init_val_greedy                         true
is_Euclidean                            false
is_local_search                         false
is_right_cutP                           true
is_root                                 false
is_silent                               false
is_start                                false
mycut                                   false
pmed                                    false
pre                                     true
stable_root                             false
str                                     true
two_phase                               false
ubstr                                   false
mode                                    Int

am_callback_node_space                  50
init                                    0
mixture_seed                            1
node_space                              5
nodelimit                               -1
nsepa                                   1
strF                                    0
type_delta                              0

EPS                                     0.001000
EPS_FRAC                                0.00
gap                                     0.00
mixture_high_max                        0.50
mixture_high_min                        0.10
mixture_low_max                         0.01
mixture_low_min                         0.00
mixture_low_share                       0.50
timelimit                               3600.00

Number of Closed Sites: 4 / 240 
Number of Confined Sites-1: 6 / 354 
Number of Confined Sites-k: 590 / 4197 
Preprocess Time: 1.38 + 0.00 sec

Solve Time: 3600.00
Number of Nodes: 174472
Termination Status: TIME_LIMIT

CutInfo: [phase] num / time (sec) / aver. num_nonzero
max              [LP]     0 / 0.00 / 0.00 [init]   508 / 0.01 / 2.14 [rLC]   435 / 0.02 / 7.85 [rUC]   486 / 0.08 / 4.30 [sLC]    33 / 0.15 / 5.33 [sUC]   546 / 1.37 / 4.50 
prod_oa          [LP]     0 / 0.00 / 0.00 [init]   389 / 0.01 / 33.97 [rLC]   854 / 0.05 / 45.50 [rUC]   603 / 0.18 / 39.46 [sLC]   971 / 0.33 / 40.88 [sUC]   981 / 3.46 / 37.14 
prod_sm_fixed    [LP]     0 / 0.00 / 0.00 [init]     0 / 0.00 / 0.00 [rLC]     0 / 0.00 / 0.00 [rUC]     0 / 0.00 / 0.00 [sLC]     0 / 0.00 / 0.00 [sUC]     0 / 0.00 / 0.00 
prod_bin         [LP]     0 / 0.00 / 0.00 [init]     0 / 0.00 / 0.00 [rLC]     0 / 0.00 / 0.00 [rUC]     0 / 0.00 / 0.00 [sLC]     0 / 0.00 / 0.00 [sUC]     0 / 0.00 / 0.00 
prod_local       [LP]     0 / 0.00 / 0.00 [init]     0 / 0.00 / 0.00 [rLC]     0 / 0.00 / 0.00 [rUC]     0 / 0.00 / 0.00 [sLC]     0 / 0.00 / 0.00 [sUC]     0 / 0.00 / 0.00 
prod_sm_C        [LP]     0 / 0.00 / 0.00 [init]     0 / 0.00 / 0.00 [rLC]     0 / 0.00 / 0.00 [rUC]     0 / 0.00 / 0.00 [sLC]     0 / 0.00 / 0.00 [sUC]     0 / 0.00 / 0.00 
facet            [LP]     0 / 0.00 / 0.00 [init]     0 / 0.00 / 0.00 [rLC]     0 / 0.00 / 0.00 [rUC]     0 / 0.00 / 0.00 [sLC]     0 / 0.00 / 0.00 [sUC]     0 / 0.00 / 0.00 
Separation Round:   [LP] 0  [init] 1  [rLC] 5  [rUC] 16  [sLC] 31  [sUC] 310697  
Root Best Bound 513.692017
Root Best Integer: 510.503140
Best Bound: 511.914186
Best Integer: 511.330610
1: 7, 13, 47, 68, 70, 85, 109, 115, 116, 123, 125, 132, 136, 147, 165, 186, 196, 209, 235, 271, 302, 314, 327, 337, 358, 391, 432, 452, 470, 474, 490, 500, 501, 512, 513, 598
2: 28, 55, 180, 293, 300, 361, 532, 534
4: 105, 349
Objective Value (calc): 511.279517
sum_etaM = 308.391040 / 308.390801
sum_etaP = 513.380504 / 513.328898
nL: 46
nCL: 10
mCL: 4
