Version identifier: 20.1.0.0 | 2020-11-10 | 9bedb6d68
CPXPARAM_Threads                                 1
CPXPARAM_TimeLimit                               3600
CPXPARAM_MIP_Tolerances_MIPGap                   0
Generic callback                                 0x60
1 of 1 MIP starts provided solutions.
MIP start 'm1' defined initial solution with objective 492.4496.
Tried aggregator 2 times.
MIP Presolve eliminated 14 rows and 8 columns.
Aggregator did 6 substitutions.
Reduced MIP has 2078 rows, 2386 columns, and 18782 nonzeros.
Reduced MIP has 596 binaries, 590 generals, 0 SOSs, and 0 indicators.
Presolve time = 0.01 sec. (7.07 ticks)
Probing time = 0.00 sec. (0.96 ticks)
Tried aggregator 1 time.
Reduced MIP has 2078 rows, 2386 columns, and 18782 nonzeros.
Reduced MIP has 596 binaries, 590 generals, 0 SOSs, and 0 indicators.
Presolve time = 0.01 sec. (4.17 ticks)
Probing time = 0.00 sec. (0.96 ticks)
MIP emphasis: balance optimality and feasibility.
MIP search method: dynamic search.
Parallel mode: none, using 1 thread.
Root relaxation solution time = 0.06 sec. (62.25 ticks)

        Nodes                                         Cuts/
   Node  Left     Objective  IInf  Best Integer    Best Bound    ItCnt     Gap

*     0+    0                          492.4496      600.0000            21.84%
      0     0      509.2408    67      492.4496      509.2408     1748    3.41%
      0     0      496.7101   172      492.4496     Cuts: 398     2336    0.87%
      0     0      496.0034   168      492.4496     Cuts: 190     2663    0.72%
      0     0      495.6999   172      492.4496     Cuts: 229     2842    0.66%
      0     0      495.5239   174      492.4496     Cuts: 119     2999    0.62%
      0     0      495.4125   178      492.4496     Cuts: 131     3143    0.60%
      0     0      495.2965   155      492.4496      Cuts: 53     3278    0.58%
      0     0      495.2094   166      492.4496      Cuts: 59     3387    0.56%
      0     0      495.1889   164      492.4496      Cuts: 30     3461    0.56%
      0     0      495.0811   175      492.4496      Cuts: 38     3577    0.53%
      0     0      495.0552   165      492.4496      Cuts: 34     3649    0.53%
      0     0      495.0315   163      492.4496      Cuts: 18     3716    0.52%
      0     0      495.0217   161      492.4496 UserPurge2: 17     3753    0.52%
      0     0      495.0180   167      492.4496 UserPurge2: 20     3781    0.52%
      0     0      495.0163   161      492.4496 UserPurge2: 3     3796    0.52%
      0     0      495.0127   164      492.4496 UserPurge2: 10     3821    0.52%
      0     0      495.0126   167      492.4496 UserPurge2: 3     3830    0.52%
      0     0      495.0126   166      492.4496 UserPurge2: 1     3832    0.52%
      0     2      494.9754   172      492.4496      494.9734     3832    0.51%
Elapsed time = 2.16 sec. (1763.90 ticks, tree = 0.01 MB, solutions = 1)
     10    12      494.1483   142      492.4496      494.9261     5787    0.50%
     17    19      494.2336   125      492.4496      494.9261     7179    0.50%
     25    27      493.8496   122      492.4496      494.9261     8712    0.50%
     33    35      493.6304   112      492.4496      494.9261    10107    0.50%
     44    46      493.1334    83      492.4496      494.9261    11748    0.50%
     53    51      494.7270   159      492.4496      494.9204    13373    0.50%
     59    57      494.5416   142      492.4496      494.9204    14834    0.50%
     60    58      494.5047   149      492.4496      494.9204    15116    0.50%
     68    66      494.3680   113      492.4496      494.9204    16545    0.50%
*   100+   96                          492.4689      494.9204             0.50%
    105   103      492.5047    66      492.4689      494.9204    21485    0.50%
Elapsed time = 6.87 sec. (5453.32 ticks, tree = 0.57 MB, solutions = 2)
*   120+  108                          492.6757      494.8274             0.44%
    124   114      493.8620   125      492.6757      494.8274    25173    0.44%
    153   139      494.5989   149      492.6757      494.7581    28108    0.42%
    198   181      494.5937   151      492.6757      494.7574    32032    0.42%
*   210+  191                          492.7014      494.7574             0.42%
    218   201      493.6626   127      492.7014      494.7574    34436    0.42%
    251   230      493.4461   142      492.7014      494.7376    38441    0.41%
    276   249      494.0008   133      492.7014      494.7225    41026    0.41%
    316   283      494.3602   149      492.7014      494.6936    44784    0.40%
    334   301      493.4140   112      492.7014      494.6936    47826    0.40%
    370   333      493.6835    96      492.7014      494.6637    51665    0.40%
    405   364      493.8575   102      492.7014      494.6105    56413    0.39%
Elapsed time = 18.04 sec. (15210.73 ticks, tree = 4.92 MB, solutions = 4)
    447   399      493.8073   126      492.7014      494.6097    60377    0.39%
    474   422      494.0068   125      492.7014      494.6077    64784    0.39%

Performing restart 1

Repeating presolve.
Tried aggregator 1 time.
MIP Presolve modified 381 coefficients.
Reduced MIP has 2078 rows, 2386 columns, and 18782 nonzeros.
Reduced MIP has 596 binaries, 590 generals, 0 SOSs, and 0 indicators.
Presolve time = 0.01 sec. (4.31 ticks)
Tried aggregator 1 time.
Reduced MIP has 2078 rows, 2386 columns, and 18782 nonzeros.
Reduced MIP has 596 binaries, 590 generals, 0 SOSs, and 0 indicators.
Presolve time = 0.01 sec. (4.25 ticks)
Represolve time = 0.03 sec. (22.13 ticks)
    508     0      494.6853   219      492.7014     Cuts: 107    71466    0.39%
    508     0      494.5519   197      492.7014      Cuts: 70    71716    0.38%
    508     0      494.5095   204      492.7014      Cuts: 55    71826    0.37%
    508     0      494.4874   204      492.7014      Cuts: 37    71921    0.36%
    508     0      494.4631   192      492.7014   MIRcuts: 29    72019    0.36%
    508     0      494.4147   205      492.7014      Cuts: 43    72108    0.35%
    508     0      494.4026   207      492.7014      Cuts: 28    72189    0.35%
    508     0      494.3879   187      492.7014      Cuts: 20    72259    0.34%
    508     0      494.3810   188      492.7014   MIRcuts: 17    72306    0.34%
    508     0      494.3772   186      492.7014      Cuts: 17    72350    0.34%
    508     0      494.3703   206      492.7014      Cuts: 24    72419    0.34%
    508     0      494.3569   195      492.7014      Cuts: 32    72488    0.34%
    508     0      494.3476   202      492.7014      Cuts: 23    72545    0.33%
    508     0      494.3439   202      492.7014      Cuts: 17    72585    0.33%
    508     0      494.3423   208      492.7014      Cuts: 13    72605    0.33%
    508     0      494.3403   205      492.7014      Cuts: 10    72627    0.33%
    508     2      494.3273   217      492.7014      494.3268    72627    0.33%
    509     3      494.2794   206      492.7014      494.2793    72816    0.32%
    510     4      494.2792   204      492.7014      494.2791    72851    0.32%
    512     6      494.0044   178      492.7014      494.2775    73135    0.32%
    514     8      494.0909   191      492.7014      494.2775    73702    0.32%
    517    11      494.2130   173      492.7014      494.2775    74066    0.32%
    519    13      494.1032   168      492.7014      494.2775    74390    0.32%
    523    17      494.1622   154      492.7014      494.2775    74911    0.32%
Elapsed time = 33.09 sec. (31887.44 ticks, tree = 0.12 MB, solutions = 4)
    525    19      494.0371   153      492.7014      494.2775    75518    0.32%
    528    22      493.7623   141      492.7014      494.2775    76247    0.32%
    538    32      493.1119   129      492.7014      494.2775    77793    0.32%
    558    51      492.9894    85      492.7014      494.2775    79610    0.32%
    575    64      493.8060   145      492.7014      494.2435    81613    0.31%
    588    77      493.2675   116      492.7014      494.2435    84385    0.31%
    627   110      493.9572   169      492.7014      494.2270    86952    0.31%
    659   142      493.3014    74      492.7014      494.2270    88980    0.31%
    702   175      493.9414   167      492.7014      494.2265    91447    0.31%
    734   207      493.1988    87      492.7014      494.2265    93950    0.31%
Elapsed time = 42.90 sec. (42164.49 ticks, tree = 2.92 MB, solutions = 4)
    769   238      493.3189   112      492.7014      494.1953    96442    0.30%
    801   266      493.5299   110      492.7014      494.1633    99513    0.30%
    838   288      493.8142   172      492.7014      494.1626   102180    0.30%
    864   314      493.2288    87      492.7014      494.1626   104839    0.30%
    908   353      493.3983   107      492.7014      494.1589   107588    0.30%
    951   392      493.7486   166      492.7014      494.1298   110027    0.29%
    988   424      493.7932   130      492.7014      494.1294   113347    0.29%
   1048   480      492.7817     8      492.7014      494.1294   116594    0.29%
   1077   499      493.1511   112      492.7014      494.1175   119333    0.29%
   1108   522      493.5928   148      492.7014      494.1135   122655    0.29%
Elapsed time = 52.89 sec. (52121.87 ticks, tree = 7.70 MB, solutions = 4)
*  1128+  532                          492.7443      494.1135             0.28%
   1173   569      493.9949   170      492.7443      494.1135   125426    0.28%
   1201   597      493.3601    75      492.7443      494.1135   127269    0.28%
*  1208+  601                          492.7464      494.1135             0.28%
   1228   619      493.5681   144      492.7464      494.1111   129076    0.28%
   1264   651      493.8837   183      492.7464      494.1031   131719    0.28%
   1272   659      493.6278   142      492.7464      494.1031   132738    0.28%
   1308   695      492.9189    33      492.7464      494.1031   134859    0.28%
   1328   711      493.5604   131      492.7464      494.0987   137655    0.27%
   1353   736      492.8297    72      492.7464      494.0987   141114    0.27%
   1368   743      493.8944   155      492.7464      494.0909   141989    0.27%
*  1408+  726                          492.8263      494.0909             0.26%
*  1408+  694                          492.8687      494.0909             0.25%
   1410   698      493.1461    34      492.8687      494.0909   144464    0.25%
Elapsed time = 62.22 sec. (62193.70 ticks, tree = 8.77 MB, solutions = 8)
   1448   730      493.3701   105      492.8687      494.0896   147417    0.25%
   1483   759      493.5336   136      492.8687      494.0740   149753    0.24%
   1512   785      493.7174   167      492.8687      494.0651   151989    0.24%
   1548   817      493.7717   179      492.8687      494.0536   154538    0.24%
   1568   837      493.4226   138      492.8687      494.0536   157046    0.24%
   1608   866      493.7967   143      492.8687      494.0371   160002    0.24%
   1662   901      493.9740   159      492.8687      494.0359   162994    0.24%
*  1688+  840                          492.9751      494.0359             0.22%
   1698   851      493.0020    49      492.9751      494.0359   165310    0.22%
   1738   883      493.7727   145      492.9751      494.0042   167955    0.21%
   1777   922      493.0009    37      492.9751      494.0042   170448    0.21%
Elapsed time = 72.04 sec. (72572.48 ticks, tree = 13.58 MB, solutions = 9)
   1791   931      493.7726   149      492.9751      494.0042   172160    0.21%
   1808   948      493.2236   109      492.9751      494.0042   174837    0.21%
   1828   960      493.6811   161      492.9751      493.9941   176859    0.21%
   1880  1001      493.6789   148      492.9751      493.9756   179930    0.20%
   1923  1039      493.4174   117      492.9751      493.9705   182974    0.20%
   1948  1060      493.2829   107      492.9751      493.9676   184877    0.20%
   1993  1094      493.0033    66      492.9751      493.9614   187727    0.20%
   2028  1121      493.3723    82      492.9751      493.9579   190118    0.20%
   2075  1160      493.3545    92      492.9751      493.9571   192816    0.20%
   2121  1198      493.0455    96      492.9751      493.9555   195663    0.20%
Elapsed time = 81.23 sec. (82396.65 ticks, tree = 17.25 MB, solutions = 9)
   2158  1230      493.0168    74      492.9751      493.9540   199119    0.20%
   2192  1261      493.2146    66      492.9751      493.9531   202205    0.20%
   2233  1290      493.0348    87      492.9751      493.9504   204735    0.20%
   2268  1320      493.1344    87      492.9751      493.9496   207933    0.20%
   2316  1359      492.9782    65      492.9751      493.9493   211000    0.20%
   2348  1383      493.6273   160      492.9751      493.9454   213593    0.20%
   2372  1407      493.1432   107      492.9751      493.9454   217126    0.20%
   2414  1441      493.2574    72      492.9751      493.9413   220218    0.20%
   2438  1461      493.6527   120      492.9751      493.9386   221840    0.20%
   2499  1515      492.9874    36      492.9751      493.9371   225379    0.20%
Elapsed time = 90.60 sec. (92136.29 ticks, tree = 23.43 MB, solutions = 9)
   2536  1544      492.9775   128      492.9751      493.9292   228466    0.19%
   2588  1586      493.6452   174      492.9751      493.9178   231417    0.19%
   2630  1624      493.5721   136      492.9751      493.9178   234669    0.19%
   2668  1656      493.2352    99      492.9751      493.9139   237746    0.19%
   2694  1673        cutoff            492.9751      493.9134   240564    0.19%
   2730  1695      493.3839   117      492.9751      493.9058   243529    0.19%
   2778  1739      492.9887    82      492.9751      493.9002   246764    0.19%
   2824  1768      493.4559   159      492.9751      493.8972   250260    0.19%
   2846  1786      493.5770   168      492.9751      493.8957   253581    0.19%
   2988  1883      493.4566   160      492.9751      493.8847   265537    0.18%
Elapsed time = 102.96 sec. (105200.02 ticks, tree = 29.45 MB, solutions = 9)
   3139  2011      493.1575   108      492.9751      493.8805   278684    0.18%
   3286  2126      493.3443   119      492.9751      493.8792   291102    0.18%
   3411  2218      493.6728   176      492.9751      493.8754   303057    0.18%
   3573  2352      493.0311    86      492.9751      493.8736   315578    0.18%
   3747  2478      493.0412    76      492.9751      493.8675   327456    0.18%
   3907  2601      492.9987    76      492.9751      493.8650   340226    0.18%
   4060  2723      493.2577    90      492.9751      493.8605   352930    0.18%
   4220  2857      493.1786   152      492.9751      493.8504   364897    0.18%
   4379  2990      493.1231   120      492.9751      493.8443   377675    0.18%
   4552  3133      493.2842   123      492.9751      493.8330   390873    0.17%
Elapsed time = 139.84 sec. (143573.44 ticks, tree = 51.16 MB, solutions = 9)
   4715  3263      493.5301   102      492.9751      493.8239   403546    0.17%
   4917  3435      493.2339    98      492.9751      493.8195   416351    0.17%
   5089  3565      493.4913   126      492.9751      493.8118   429222    0.17%
   5244  3689      493.0605    92      492.9751      493.8062   441710    0.17%
   5435  3840      493.3258    86      492.9751      493.7981   454112    0.17%
   5604  3965      493.2945    92      492.9751      493.7919   466655    0.17%
   5813  4130      493.0530    83      492.9751      493.7862   479108    0.16%
   6016  4290      493.1208    79      492.9751      493.7807   492409    0.16%
   6187  4421      493.1587   108      492.9751      493.7725   505095    0.16%
   6370  4555      493.6382   135      492.9751      493.7691   517707    0.16%
Elapsed time = 177.49 sec. (181954.51 ticks, tree = 76.82 MB, solutions = 9)
   6570  4719      493.4440    87      492.9751      493.7663   530278    0.16%
   6756  4860      493.1023    64      492.9751      493.7599   542416    0.16%
   6930  4990      493.3792   105      492.9751      493.7508   554171    0.16%
   7111  5129      493.1927   133      492.9751      493.7466   566577    0.16%
   7270  5252      493.2466    86      492.9751      493.7432   579088    0.16%
   7448  5390      493.5246   163      492.9751      493.7407   591292    0.16%
   7628  5535      493.3009   101      492.9751      493.7354   604322    0.15%
   7791  5665      493.3708    87      492.9751      493.7324   616826    0.15%
   7979  5817      493.5574   148      492.9751      493.7249   628958    0.15%
   8147  5951      493.3677   101      492.9751      493.7207   641501    0.15%
Elapsed time = 214.88 sec. (220253.22 ticks, tree = 102.16 MB, solutions = 9)
   8340  6099      493.2527   147      492.9751      493.7188   653952    0.15%
   8518  6242      493.2703    73      492.9751      493.7170   666507    0.15%
   8671  6353      493.0049   154      492.9751      493.7156   679005    0.15%
   8838  6472      493.5210   132      492.9751      493.7139   691687    0.15%
   9019  6623      493.2630   125      492.9751      493.7111   704443    0.15%
   9176  6745      493.2778    96      492.9751      493.7100   717150    0.15%
   9327  6855      493.0164    72      492.9751      493.7076   729615    0.15%
   9508  6994        cutoff            492.9751      493.7070   742562    0.15%
   9663  7110      492.9985   133      492.9751      493.7054   755277    0.15%
   9832  7233      493.2289   101      492.9751      493.7034   767224    0.15%
Elapsed time = 251.78 sec. (258554.06 ticks, tree = 120.62 MB, solutions = 9)
  10018  7374      493.1579    39      492.9751      493.6996   779659    0.15%
  10196  7499      493.2676   107      492.9751      493.6967   791781    0.15%
  10381  7638      493.3206   166      492.9751      493.6928   804768    0.15%
  10549  7764      493.2974    88      492.9751      493.6919   816984    0.15%
  10668  7853      493.1368    75      492.9751      493.6910   824592    0.15%
  10669  7854      493.3391   117      492.9751      493.6910   824777    0.15%
  10670  7855      493.3955   155      492.9751      493.6908   825278    0.15%
  10858  8008      493.0940    86      492.9751      493.6868   837550    0.14%
  11018  8121      493.5293   101      492.9751      493.6828   850033    0.14%
  11199  8260      493.4456   134      492.9751      493.6810   862223    0.14%
Elapsed time = 298.36 sec. (304967.26 ticks, tree = 135.39 MB, solutions = 9)
  11396  8392      493.1410    95      492.9751      493.6793   874517    0.14%
  11565  8509      493.3832   112      492.9751      493.6783   886650    0.14%
  11740  8641      493.4221   156      492.9751      493.6767   898881    0.14%
  11901  8765      493.0256    82      492.9751      493.6754   911370    0.14%
  12067  8888      493.3304    94      492.9751      493.6728   923644    0.14%
  12230  8994      493.2534   102      492.9751      493.6711   935841    0.14%
  12401  9123      493.0139    89      492.9751      493.6685   948224    0.14%
  12561  9236      493.2264   101      492.9751      493.6643   960596    0.14%
  12732  9358      493.3571   126      492.9751      493.6628   973140    0.14%
  12903  9479      493.2510    94      492.9751      493.6617   985418    0.14%
Elapsed time = 335.21 sec. (343318.45 ticks, tree = 151.18 MB, solutions = 9)
  13100  9632      492.9883    97      492.9751      493.6607   998300    0.14%
  13283  9767      493.1549    82      492.9751      493.6602  1011170    0.14%
  13487  9906      493.5273   112      492.9751      493.6576  1023331    0.14%
  13662 10043      493.1099   135      492.9751      493.6571  1035546    0.14%
  13823 10153      492.9919    91      492.9751      493.6550  1047767    0.14%
  13998 10279      493.5189   116      492.9751      493.6531  1060459    0.14%
  14158 10398      493.1066   114      492.9751      493.6518  1072562    0.14%
  14320 10516      492.9971    92      492.9751      493.6509  1085388    0.14%
  14474 10628      493.2100   136      492.9751      493.6488  1098066    0.14%
  14655 10762      492.9905    81      492.9751      493.6478  1110525    0.14%
Elapsed time = 372.49 sec. (381716.23 ticks, tree = 168.00 MB, solutions = 9)
  14812 10871      493.4331   162      492.9751      493.6463  1123426    0.14%
  14983 10998      493.1680    75      492.9751      493.6453  1135626    0.14%
  15178 11150      493.4996    92      492.9751      493.6444  1147559    0.14%
  15349 11265      493.2917   166      492.9751      493.6430  1160874    0.14%
  15517 11389      493.4641   150      492.9751      493.6415  1173435    0.14%
  15676 11505      493.3625   103      492.9751      493.6407  1185758    0.14%
  15863 11638      493.0682   127      492.9751      493.6395  1198573    0.13%
  16026 11757      493.0312   100      492.9751      493.6372  1211022    0.13%
  16193 11878      492.9775    93      492.9751      493.6360  1223540    0.13%
  16345 11984        cutoff            492.9751      493.6341  1236294    0.13%
Elapsed time = 409.47 sec. (420101.13 ticks, tree = 189.40 MB, solutions = 9)
  16505 12098      493.1112   101      492.9751      493.6328  1248643    0.13%
  16658 12206      493.3471   112      492.9751      493.6317  1260426    0.13%
  16846 12336      493.5063   157      492.9751      493.6304  1272324    0.13%
  17004 12456      493.3078   103      492.9751      493.6294  1284342    0.13%
  17171 12583      493.0758   104      492.9751      493.6280  1296177    0.13%
  17345 12704      493.2170   105      492.9751      493.6272  1308625    0.13%
  17502 12826      492.9785    43      492.9751      493.6266  1320890    0.13%
  17663 12951        cutoff            492.9751      493.6258  1333322    0.13%
  17838 13080      493.2157   143      492.9751      493.6241  1344906    0.13%
  17993 13181      493.1669   108      492.9751      493.6227  1356898    0.13%
Elapsed time = 446.29 sec. (458459.37 ticks, tree = 209.93 MB, solutions = 9)
  18149 13272      493.5819    97      492.9751      493.6210  1368527    0.13%
* 18238+13313                          492.9772      493.6209             0.13%
  18324 13384      493.2361    90      492.9772      493.6207  1378435    0.13%
  18459 13482      493.0363    92      492.9772      493.6196  1387627    0.13%
  18596 13578      493.2833   124      492.9772      493.6187  1397433    0.13%
  18737 13681      493.1302   111      492.9772      493.6182  1408868    0.13%
  18883 13784      493.1865    91      492.9772      493.6176  1419019    0.13%
  19042 13893      492.9848    97      492.9772      493.6163  1430764    0.13%
  19188 13994      493.4141    99      492.9772      493.6153  1442386    0.13%
  19380 14147      493.3815   113      492.9772      493.6144  1453738    0.13%
  19559 14288      493.0753    90      492.9772      493.6135  1466008    0.13%
Elapsed time = 482.51 sec. (496695.46 ticks, tree = 230.22 MB, solutions = 10)
  19728 14398      493.4663   102      492.9772      493.6126  1477259    0.13%
  19894 14530      493.2198   126      492.9772      493.6115  1490168    0.13%
  20052 14652      492.9894    91      492.9772      493.6102  1501509    0.13%
  20231 14779      493.0326   103      492.9772      493.6097  1512759    0.13%
  20384 14891      493.3915    90      492.9772      493.6083  1524184    0.13%
  20551 15017      493.0043    99      492.9772      493.6072  1536094    0.13%
  20746 15158      493.0257   118      492.9772      493.6057  1548580    0.13%
  20896 15266      493.0432    63      492.9772      493.6046  1560453    0.13%
  21048 15376      493.1169    79      492.9772      493.6031  1572337    0.13%
  21199 15488      493.3155   101      492.9772      493.6022  1584576    0.13%
Elapsed time = 519.16 sec. (534987.79 ticks, tree = 247.36 MB, solutions = 10)
  21378 15618      493.2013   106      492.9772      493.6011  1596832    0.13%
  21548 15738      493.0076    11      492.9772      493.6003  1609268    0.13%
  21727 15848        cutoff            492.9772      493.5987  1621987    0.13%
  21911 15991      492.9798   105      492.9772      493.5974  1634296    0.13%
  22081 16107      493.1427   150      492.9772      493.5960  1646222    0.13%
  22252 16221      493.2287   112      492.9772      493.5954  1657913    0.13%
* 22407 15614      integral     0      493.0065      493.5946  1668475    0.12%
  22584 15732      493.0941    42      493.0065      493.5935  1680080    0.12%
  22760 15853      493.2303    93      493.0065      493.5929  1692150    0.12%
  22914 15953      493.1240    93      493.0065      493.5921  1704334    0.12%
Elapsed time = 555.60 sec. (572854.07 ticks, tree = 249.21 MB, solutions = 11)
  23078 16068        cutoff            493.0065      493.5906  1716651    0.12%
  23268 16209      493.1463    90      493.0065      493.5894  1728377    0.12%
  23413 16298      493.0646    73      493.0065      493.5880  1740060    0.12%
  23600 16428      493.3970   108      493.0065      493.5871  1751950    0.12%
  23821 16574      493.0977   114      493.0065      493.5860  1764074    0.12%
* 23918+13518                          493.1035      493.5856             0.10%
  24008 13566      493.2515   108      493.1035      493.5854  1775063    0.10%
  24148 13653      493.2892    91      493.1035      493.5848  1784020    0.10%
  24296 13747      493.1111    85      493.1035      493.5838  1795411    0.10%
  24426 13825        cutoff            493.1035      493.5825  1805413    0.10%
  24617 13934      493.4495    63      493.1035      493.5810  1816430    0.10%
Elapsed time = 592.16 sec. (611581.68 ticks, tree = 220.91 MB, solutions = 12)
  24802 14051      493.2318    96      493.1035      493.5796  1827567    0.10%
  24959 14148      493.1384    50      493.1035      493.5785  1838484    0.10%
  25104 14218      493.2342   111      493.1035      493.5768  1851026    0.10%
  25235 14298      493.1387   109      493.1035      493.5761  1860405    0.10%
  25403 14411      493.1587    59      493.1035      493.5755  1870993    0.10%
  25567 14504      493.3601   130      493.1035      493.5737  1883035    0.10%
  25737 14614      493.1626    90      493.1035      493.5717  1894218    0.09%
  25915 14728      493.2629   130      493.1035      493.5700  1906017    0.09%
  26066 14815      493.1671    92      493.1035      493.5683  1917880    0.09%
  26219 14882      493.3648   109      493.1035      493.5675  1928951    0.09%
Elapsed time = 627.70 sec. (649960.37 ticks, tree = 236.12 MB, solutions = 12)
  26376 14987      493.1752   106      493.1035      493.5667  1940145    0.09%
  26517 15066        cutoff            493.1035      493.5656  1951480    0.09%
  26689 15177      493.1149    76      493.1035      493.5650  1962788    0.09%
  26836 15268      493.3036   113      493.1035      493.5638  1974947    0.09%
  26981 15357      493.1111   130      493.1035      493.5630  1984971    0.09%
  27136 15448      493.1315    91      493.1035      493.5614  1996893    0.09%
  27288 15532      493.4262   113      493.1035      493.5607  2008599    0.09%
  27482 15639      493.4894    83      493.1035      493.5596  2020912    0.09%
  27661 15745      493.1902    69      493.1035      493.5585  2031785    0.09%
  27815 15842      493.1648    98      493.1035      493.5570  2042014    0.09%
Elapsed time = 663.51 sec. (688290.47 ticks, tree = 250.60 MB, solutions = 12)
  27990 15946      493.4150   136      493.1035      493.5561  2053035    0.09%
  28131 16033      493.3890   119      493.1035      493.5557  2064070    0.09%
  28290 16125      493.1279    87      493.1035      493.5548  2074930    0.09%
  28450 16213      493.1571   107      493.1035      493.5535  2086325    0.09%
  28613 16283      493.1642   127      493.1035      493.5522  2097402    0.09%
  28796 16403      493.1716    85      493.1035      493.5513  2109265    0.09%
  28973 16492      493.2553    98      493.1035      493.5499  2120750    0.09%
  29128 16587      493.1854    95      493.1035      493.5494  2131588    0.09%
  29283 16660      493.1740   142      493.1035      493.5486  2141770    0.09%
  29423 16746      493.1909   105      493.1035      493.5474  2152486    0.09%
Elapsed time = 699.74 sec. (726680.76 ticks, tree = 266.41 MB, solutions = 12)
  29575 16833      493.4648    92      493.1035      493.5465  2164097    0.09%
  29763 16943      493.1147    47      493.1035      493.5457  2175604    0.09%
  29938 17040      493.3946   122      493.1035      493.5447  2187682    0.09%
  30106 17145        cutoff            493.1035      493.5436  2199579    0.09%
  30263 17246      493.4260    82      493.1035      493.5423  2210088    0.09%
  30445 17355      493.2893    70      493.1035      493.5414  2221485    0.09%
  30597 17435        cutoff            493.1035      493.5402  2231419    0.09%
  30741 17512      493.1424   166      493.1035      493.5392  2242620    0.09%
  30902 17610      493.2094   104      493.1035      493.5385  2253744    0.09%
  31067 17700      493.1531    59      493.1035      493.5374  2264657    0.09%
Elapsed time = 736.16 sec. (765122.30 ticks, tree = 282.35 MB, solutions = 12)
  31192 17770      493.1334    85      493.1035      493.5365  2275340    0.09%
  31334 17850      493.2586    76      493.1035      493.5356  2286082    0.09%
  31515 17931      493.4432    93      493.1035      493.5345  2297000    0.09%
  31661 18009      493.1183   119      493.1035      493.5337  2308040    0.09%
  31806 18074      493.1458    69      493.1035      493.5327  2318429    0.09%
  31974 18167      493.4852   100      493.1035      493.5315  2329782    0.09%
  32151 18285      493.2660   139      493.1035      493.5313  2341320    0.09%
  32315 18384        cutoff            493.1035      493.5302  2353203    0.09%
  32475 18484      493.1049   100      493.1035      493.5295  2364279    0.09%
  32633 18582      493.3369    94      493.1035      493.5290  2375702    0.09%
Elapsed time = 771.71 sec. (803396.91 ticks, tree = 294.69 MB, solutions = 12)
  32794 18679      493.1859    98      493.1035      493.5279  2387299    0.09%
  32950 18767      493.1092   113      493.1035      493.5273  2398791    0.09%
  33104 18839      493.4536   101      493.1035      493.5261  2410028    0.09%
  33258 18928      493.2408    98      493.1035      493.5249  2421337    0.09%
  33436 19031      493.2911   119      493.1035      493.5239  2433451    0.09%
  33616 19133      493.3026    97      493.1035      493.5233  2444603    0.09%
  33782 19238      493.2777    95      493.1035      493.5223  2456885    0.08%
  33952 19350      493.1310    78      493.1035      493.5216  2468458    0.08%
  34128 19444      493.3155    98      493.1035      493.5206  2479800    0.08%
  34303 19535      493.1815   146      493.1035      493.5197  2490874    0.08%
Elapsed time = 807.58 sec. (841690.35 ticks, tree = 309.06 MB, solutions = 12)
  34469 19633      493.3554    99      493.1035      493.5190  2501838    0.08%
  34628 19709      493.1045   106      493.1035      493.5179  2513172    0.08%
  34778 19813      493.3416   107      493.1035      493.5175  2524767    0.08%
  34960 19921      493.2068    85      493.1035      493.5171  2536214    0.08%
  35125 20018      493.1462    90      493.1035      493.5161  2547670    0.08%
  35289 20116      493.1414   125      493.1035      493.5155  2559173    0.08%
  35447 20210      493.1148   104      493.1035      493.5150  2570396    0.08%
  35602 20281      493.1960   113      493.1035      493.5142  2581670    0.08%
  35760 20378      493.4348    99      493.1035      493.5135  2592385    0.08%
  35933 20472      493.4504    83      493.1035      493.5127  2603177    0.08%
Elapsed time = 843.36 sec. (880077.14 ticks, tree = 325.72 MB, solutions = 12)
  36087 20554      493.1521    46      493.1035      493.5123  2614058    0.08%
  36251 20643      493.1158   107      493.1035      493.5114  2624798    0.08%
  36423 20730        cutoff            493.1035      493.5106  2636488    0.08%
  36585 20818      493.1734   108      493.1035      493.5099  2648446    0.08%
  36747 20911        cutoff            493.1035      493.5094  2659453    0.08%
  36904 21002      493.2049   110      493.1035      493.5088  2670080    0.08%
  37052 21079      493.1336   120      493.1035      493.5082  2680834    0.08%
  37179 21144      493.4204   106      493.1035      493.5076  2691086    0.08%
  37334 21231      493.3451    68      493.1035      493.5067  2701735    0.08%
  37492 21312      493.1356   101      493.1035      493.5058  2712578    0.08%
Elapsed time = 878.87 sec. (918394.00 ticks, tree = 338.03 MB, solutions = 12)
  37650 21402      493.1768    79      493.1035      493.5051  2723215    0.08%
  37788 21477      493.2833    72      493.1035      493.5041  2734155    0.08%
  37933 21551      493.2608   113      493.1035      493.5036  2745809    0.08%
  38100 21643      493.2862   136      493.1035      493.5027  2757786    0.08%
  38264 21751      493.1210    73      493.1035      493.5020  2768687    0.08%
  38448 21846      493.2016   138      493.1035      493.5010  2780241    0.08%
  38598 21918      493.2281   123      493.1035      493.5003  2791924    0.08%
  38742 21999      493.1655    92      493.1035      493.4995  2802979    0.08%
  38923 22097      493.1797    64      493.1035      493.4989  2813341    0.08%
  39088 22172      493.4103   113      493.1035      493.4972  2824812    0.08%
Elapsed time = 914.61 sec. (956825.94 ticks, tree = 349.19 MB, solutions = 12)
  39262 22258      493.2427   101      493.1035      493.4964  2835396    0.08%
  39436 22345      493.1640    66      493.1035      493.4955  2847020    0.08%
  39589 22423      493.1479    96      493.1035      493.4949  2857934    0.08%
  39744 22511      493.2254   123      493.1035      493.4945  2868915    0.08%
  39891 22584      493.1194    76      493.1035      493.4936  2879978    0.08%
  40028 22658      493.2732    77      493.1035      493.4933  2890903    0.08%
  40195 22738      493.2856    95      493.1035      493.4927  2901576    0.08%
  40350 22826      493.1259    46      493.1035      493.4919  2912244    0.08%
  40508 22911      493.4054    79      493.1035      493.4914  2923540    0.08%
  40661 22996      493.3801    89      493.1035      493.4907  2933768    0.08%
Elapsed time = 950.44 sec. (995224.09 ticks, tree = 363.27 MB, solutions = 12)
  40808 23079      493.2759    51      493.1035      493.4900  2944618    0.08%
  40962 23152        cutoff            493.1035      493.4891  2954851    0.08%
  41118 23223      493.3208    60      493.1035      493.4884  2965292    0.08%
  41258 23289      493.3818   104      493.1035      493.4879  2975749    0.08%
  41415 23377      493.3511   138      493.1035      493.4873  2986201    0.08%
  41569 23464      493.4057    55      493.1035      493.4869  2996949    0.08%
  41760 23574      493.1302   112      493.1035      493.4863  3007898    0.08%
  41942 23678        cutoff            493.1035      493.4857  3019134    0.08%
  42098 23768      493.1163   123      493.1035      493.4850  3030464    0.08%
  42263 23862      493.1435    62      493.1035      493.4847  3041301    0.08%
Elapsed time = 986.18 sec. (1033606.14 ticks, tree = 378.59 MB, solutions = 12)
  42450 23965        cutoff            493.1035      493.4844  3052145    0.08%
  42651 24077      493.1764    80      493.1035      493.4839  3063180    0.08%
  42795 24155      493.1061    57      493.1035      493.4835  3074017    0.08%
  42959 24250      493.3011   101      493.1035      493.4830  3084362    0.08%
  43114 24336      493.1891   102      493.1035      493.4826  3095581    0.08%
  43266 24402      493.4070   111      493.1035      493.4820  3106386    0.08%
  43419 24486      493.2348   127      493.1035      493.4814  3117142    0.08%
  43592 24586      493.2019   136      493.1035      493.4808  3127950    0.08%
  43730 24644      493.1553   121      493.1035      493.4802  3139260    0.08%
  43878 24721      493.3560    75      493.1035      493.4797  3149927    0.08%
Elapsed time = 1022.23 sec. (1072005.45 ticks, tree = 387.50 MB, solutions = 12)
  44038 24808      493.2645   134      493.1035      493.4790  3160390    0.08%
  44223 24908      493.1587    87      493.1035      493.4788  3170986    0.08%
  44380 24988      493.3729    45      493.1035      493.4782  3182071    0.08%
  44573 25097        cutoff            493.1035      493.4774  3193224    0.08%
  44728 25171      493.1149   106      493.1035      493.4765  3203997    0.08%
  44878 25241      493.2240   133      493.1035      493.4760  3214483    0.08%
  45033 25310      493.1494   118      493.1035      493.4754  3225253    0.08%
  45178 25398      493.3383    64      493.1035      493.4750  3236206    0.08%
  45334 25473      493.2242    74      493.1035      493.4745  3247338    0.08%
  45494 25564      493.1583    43      493.1035      493.4742  3258118    0.08%
Elapsed time = 1057.69 sec. (1110305.11 ticks, tree = 400.02 MB, solutions = 12)
  45669 25656      493.3290   145      493.1035      493.4735  3269315    0.08%
  45835 25744      493.1125    59      493.1035      493.4733  3280008    0.07%
  45992 25838      493.2122   120      493.1035      493.4729  3291132    0.07%
  46152 25918      493.1161   110      493.1035      493.4725  3302091    0.07%
  46322 26006      493.1306    71      493.1035      493.4720  3313144    0.07%
  46477 26087      493.2142   104      493.1035      493.4716  3324348    0.07%
  46631 26161      493.1993   106      493.1035      493.4712  3334970    0.07%
  46773 26228      493.3531    83      493.1035      493.4704  3345632    0.07%
  46936 26309      493.1544   107      493.1035      493.4697  3356091    0.07%
  47088 26387      493.1890    73      493.1035      493.4692  3366851    0.07%
Elapsed time = 1093.33 sec. (1148614.83 ticks, tree = 411.38 MB, solutions = 12)
  47246 26470      493.1135    90      493.1035      493.4686  3377261    0.07%
  47386 26537      493.2885    86      493.1035      493.4683  3388877    0.07%
  47527 26609      493.1609    96      493.1035      493.4677  3399084    0.07%
  47689 26715      493.4194   134      493.1035      493.4671  3409553    0.07%
  47852 26803      493.1157    80      493.1035      493.4665  3421141    0.07%
  47988 26869      493.3264    99      493.1035      493.4659  3431566    0.07%
  48126 26925      493.2968   110      493.1035      493.4653  3442246    0.07%
  48281 27012      493.3293    88      493.1035      493.4650  3452824    0.07%
  48437 27099      493.1629    38      493.1035      493.4646  3464016    0.07%
  48596 27184      493.3864   102      493.1035      493.4640  3475156    0.07%
Elapsed time = 1128.65 sec. (1186924.26 ticks, tree = 421.65 MB, solutions = 12)
  48768 27272      493.3205    98      493.1035      493.4635  3485890    0.07%
  48937 27344      493.2399    89      493.1035      493.4627  3497055    0.07%
  49111 27441      493.3526    96      493.1035      493.4620  3508091    0.07%
  49274 27517      493.1654    95      493.1035      493.4616  3518879    0.07%
  49450 27605      493.1071   133      493.1035      493.4612  3529321    0.07%
  49612 27684      493.1517   113      493.1035      493.4608  3540372    0.07%
  49785 27763      493.2229   108      493.1035      493.4603  3551041    0.07%
  49940 27848      493.1129    47      493.1035      493.4598  3561818    0.07%
  50107 27938      493.1405   125      493.1035      493.4593  3572220    0.07%
  50282 28030      493.3049   116      493.1035      493.4588  3582763    0.07%
Elapsed time = 1164.33 sec. (1225355.04 ticks, tree = 432.85 MB, solutions = 12)
  50421 28093      493.2231    90      493.1035      493.4582  3593935    0.07%
  50595 28186      493.2349   131      493.1035      493.4578  3605051    0.07%
  50770 28257      493.2749    77      493.1035      493.4572  3615689    0.07%
  50929 28342      493.2772   108      493.1035      493.4568  3626540    0.07%
  51075 28406      493.2750    74      493.1035      493.4562  3637177    0.07%
  51241 28484        cutoff            493.1035      493.4557  3648900    0.07%
  51400 28559      493.2797   103      493.1035      493.4551  3659682    0.07%
  51561 28646      493.2992   104      493.1035      493.4545  3670491    0.07%
  51738 28734      493.1707   150      493.1035      493.4540  3681165    0.07%
  51918 28824      493.2096    98      493.1035      493.4534  3691772    0.07%
Elapsed time = 1199.75 sec. (1263784.57 ticks, tree = 444.33 MB, solutions = 12)
  52102 28906      493.3002    85      493.1035      493.4529  3702467    0.07%
  52266 28982      493.2189    82      493.1035      493.4522  3712748    0.07%
  52418 29051      493.1053    58      493.1035      493.4517  3723556    0.07%
  52591 29130      493.3367    86      493.1035      493.4511  3734393    0.07%
  52761 29220      493.1871   157      493.1035      493.4507  3744915    0.07%
  52942 29317      493.1372   126      493.1035      493.4501  3755399    0.07%
  53106 29402      493.2273    69      493.1035      493.4497  3765795    0.07%
  53269 29463      493.1622   129      493.1035      493.4491  3776995    0.07%
  53438 29541      493.3231   105      493.1035      493.4487  3787569    0.07%
  53604 29621      493.1121    66      493.1035      493.4484  3798435    0.07%
Elapsed time = 1235.04 sec. (1302070.63 ticks, tree = 457.77 MB, solutions = 12)
  53747 29689      493.1173   116      493.1035      493.4478  3810097    0.07%
  53906 29761      493.3427    85      493.1035      493.4474  3821477    0.07%
  54060 29833      493.1507    67      493.1035      493.4468  3832746    0.07%
  54227 29912      493.2570   101      493.1035      493.4464  3843971    0.07%
  54414 29988      493.1859   135      493.1035      493.4458  3855008    0.07%
  54579 30072      493.2407    92      493.1035      493.4454  3865952    0.07%
  54752 30160      493.3382    95      493.1035      493.4450  3876579    0.07%
  54906 30234      493.1585   125      493.1035      493.4446  3888201    0.07%
  55065 30310      493.3468   101      493.1035      493.4440  3899411    0.07%
  55219 30396        cutoff            493.1035      493.4436  3910527    0.07%
Elapsed time = 1270.30 sec. (1340454.71 ticks, tree = 467.43 MB, solutions = 12)
  55377 30471      493.2994   103      493.1035      493.4432  3921910    0.07%
  55536 30557      493.3102   110      493.1035      493.4430  3932759    0.07%
  55701 30633      493.2811   139      493.1035      493.4426  3944027    0.07%
  55878 30724      493.2902    62      493.1035      493.4421  3955304    0.07%
  56056 30805      493.3055   106      493.1035      493.4418  3966696    0.07%
  56247 30898      493.1377    98      493.1035      493.4414  3978018    0.07%
  56416 30971      493.3016    78      493.1035      493.4409  3989202    0.07%
  56612 31056      493.1429    85      493.1035      493.4405  3999448    0.07%
  56788 31143      493.1651    85      493.1035      493.4402  4010289    0.07%
  56939 31202        cutoff            493.1035      493.4397  4021582    0.07%
Elapsed time = 1305.63 sec. (1378714.02 ticks, tree = 481.19 MB, solutions = 12)
  57101 31286      493.2702    75      493.1035      493.4394  4032422    0.07%
  57269 31348      493.3986    92      493.1035      493.4387  4044136    0.07%
  57429 31415      493.3612   102      493.1035      493.4382  4055385    0.07%
  57605 31503        cutoff            493.1035      493.4379  4066671    0.07%
  57804 31586      493.3916   109      493.1035      493.4372  4078014    0.07%
  57985 31673        cutoff            493.1035      493.4369  4088817    0.07%
  58144 31754      493.2959    98      493.1035      493.4365  4100088    0.07%
  58313 31831      493.1442   113      493.1035      493.4362  4111451    0.07%
  58490 31918      493.1345   134      493.1035      493.4356  4122683    0.07%
  58653 31984      493.1902    96      493.1035      493.4350  4134194    0.07%
Elapsed time = 1341.06 sec. (1417101.94 ticks, tree = 495.21 MB, solutions = 12)
  58826 32060      493.4105    68      493.1035      493.4346  4145280    0.07%
  59008 32156      493.2732    92      493.1035      493.4343  4156476    0.07%
  59179 32233      493.1160   153      493.1035      493.4338  4167550    0.07%
  59373 32341      493.2215   115      493.1035      493.4334  4177542    0.07%
  59522 32407      493.2253    81      493.1035      493.4330  4189106    0.07%
  59690 32465      493.2136    88      493.1035      493.4326  4200269    0.07%
  59836 32552      493.1443   117      493.1035      493.4324  4212132    0.07%
  60017 32630      493.2593    73      493.1035      493.4320  4222870    0.07%
  60170 32698      493.2090    78      493.1035      493.4317  4234565    0.07%
  60360 32792      493.2715    99      493.1035      493.4314  4245231    0.07%
Elapsed time = 1376.40 sec. (1455386.42 ticks, tree = 508.13 MB, solutions = 12)
  60533 32877      493.3612   102      493.1035      493.4311  4256535    0.07%
  60705 32950      493.3003   110      493.1035      493.4305  4268018    0.07%
  60876 33030        cutoff            493.1035      493.4301  4279701    0.07%
  61037 33123      493.1257    98      493.1035      493.4296  4290309    0.07%
  61195 33204      493.1901    90      493.1035      493.4291  4301957    0.07%
  61383 33300      493.2658    77      493.1035      493.4288  4313017    0.07%
  61547 33372      493.2322   104      493.1035      493.4283  4324386    0.07%
  61708 33458      493.2628   139      493.1035      493.4280  4335256    0.07%
  61868 33527      493.1372   148      493.1035      493.4275  4346482    0.07%
  62045 33604      493.2299   123      493.1035      493.4270  4357634    0.07%
Elapsed time = 1412.44 sec. (1493878.04 ticks, tree = 516.59 MB, solutions = 12)
  62208 33669      493.2023   154      493.1035      493.4265  4369144    0.07%
  62392 33761        cutoff            493.1035      493.4261  4379881    0.07%
  62568 33837        cutoff            493.1035      493.4259  4390610    0.07%
  62735 33910        cutoff            493.1035      493.4252  4401852    0.07%
  62913 33986      493.2045    96      493.1035      493.4248  4413346    0.07%
  63080 34057      493.2000    85      493.1035      493.4244  4425071    0.07%
  63258 34146      493.1121   123      493.1035      493.4241  4436178    0.07%
  63463 34233        cutoff            493.1035      493.4237  4446709    0.06%
  63628 34316      493.2196    95      493.1035      493.4232  4457833    0.06%
  63812 34401      493.1208    82      493.1035      493.4228  4469172    0.06%
Elapsed time = 1447.77 sec. (1532294.02 ticks, tree = 525.40 MB, solutions = 12)
  63975 34466      493.3083    72      493.1035      493.4224  4480529    0.06%
  64144 34562      493.2686    93      493.1035      493.4220  4491830    0.06%
  64327 34640      493.1597   130      493.1035      493.4216  4502975    0.06%
  64502 34718      493.2701   143      493.1035      493.4213  4514292    0.06%
  64682 34804        cutoff            493.1035      493.4209  4525366    0.06%
  64838 34869      493.1103    86      493.1035      493.4203  4536903    0.06%
  65007 34951        cutoff            493.1035      493.4198  4547232    0.06%
  65203 35030      493.3663    99      493.1035      493.4195  4557939    0.06%
  65395 35108      493.1960    91      493.1035      493.4192  4568804    0.06%
  65590 35187      493.2951    99      493.1035      493.4186  4580054    0.06%
Elapsed time = 1482.85 sec. (1570646.90 ticks, tree = 534.38 MB, solutions = 12)
  65744 35259      493.2793   109      493.1035      493.4184  4591679    0.06%
  65924 35332      493.2983   110      493.1035      493.4180  4602932    0.06%
  66076 35414      493.2772    92      493.1035      493.4178  4614197    0.06%
  66245 35477      493.1346    71      493.1035      493.4174  4625491    0.06%
  66411 35553      493.1841    76      493.1035      493.4171  4636622    0.06%
  66592 35636      493.2761   114      493.1035      493.4168  4647742    0.06%
  66770 35695        cutoff            493.1035      493.4164  4659297    0.06%
  66934 35765        cutoff            493.1035      493.4160  4669783    0.06%
  67106 35836      493.1431    59      493.1035      493.4158  4681309    0.06%
  67255 35909      493.1282    77      493.1035      493.4154  4692190    0.06%
Elapsed time = 1517.61 sec. (1608907.96 ticks, tree = 542.69 MB, solutions = 12)
  67433 35980      493.1901    93      493.1035      493.4151  4702650    0.06%
  67614 36053      493.1473    98      493.1035      493.4147  4713346    0.06%
  67790 36133      493.2706    49      493.1035      493.4144  4723747    0.06%
  67967 36202      493.2112    48      493.1035      493.4138  4734527    0.06%
  68125 36284      493.1257   100      493.1035      493.4135  4745621    0.06%
  68317 36369      493.2172   135      493.1035      493.4132  4756675    0.06%
  68495 36453      493.2656    71      493.1035      493.4128  4767428    0.06%
  68665 36532        cutoff            493.1035      493.4126  4778709    0.06%
  68826 36600      493.3220    73      493.1035      493.4122  4790097    0.06%
  68984 36668      493.1233   107      493.1035      493.4119  4801186    0.06%
Elapsed time = 1552.71 sec. (1647229.95 ticks, tree = 550.47 MB, solutions = 12)
  69145 36758        cutoff            493.1035      493.4117  4811542    0.06%
  69322 36831      493.1178    59      493.1035      493.4112  4822352    0.06%
  69492 36897      493.1503    93      493.1035      493.4110  4833583    0.06%
  69660 36973      493.3491    81      493.1035      493.4107  4844377    0.06%
  69835 37041      493.1255   119      493.1035      493.4104  4854805    0.06%
  69984 37100      493.1217   139      493.1035      493.4102  4866279    0.06%
  70137 37165      493.3430    83      493.1035      493.4099  4876643    0.06%
  70320 37242      493.1166   136      493.1035      493.4096  4887468    0.06%
  70477 37307      493.1807   154      493.1035      493.4093  4898473    0.06%
  70652 37380      493.2036   116      493.1035      493.4089  4909135    0.06%
Elapsed time = 1587.70 sec. (1685619.46 ticks, tree = 561.09 MB, solutions = 12)
  70831 37447        cutoff            493.1035      493.4086  4920184    0.06%
  70987 37523      493.1393    49      493.1035      493.4083  4931387    0.06%
  71164 37585      493.1128   119      493.1035      493.4077  4942384    0.06%
  71338 37660      493.3289   122      493.1035      493.4074  4952834    0.06%
  71498 37734      493.3412    66      493.1035      493.4072  4963721    0.06%
  71664 37813      493.2180   101      493.1035      493.4068  4974399    0.06%
  71844 37897      493.3459    99      493.1035      493.4065  4985106    0.06%
  72000 37974      493.3070   107      493.1035      493.4062  4996087    0.06%
  72158 38051      493.2295    91      493.1035      493.4060  5006737    0.06%
  72336 38115      493.2594   105      493.1035      493.4056  5017686    0.06%
Elapsed time = 1622.49 sec. (1723952.42 ticks, tree = 570.03 MB, solutions = 12)
  72513 38207      493.1557   102      493.1035      493.4054  5028086    0.06%
  72717 38281      493.3020    69      493.1035      493.4050  5038836    0.06%
  72873 38360      493.2254    56      493.1035      493.4048  5049547    0.06%
  73059 38440      493.1795    73      493.1035      493.4044  5059851    0.06%
  73245 38512      493.2901    93      493.1035      493.4042  5071156    0.06%
  73430 38595        cutoff            493.1035      493.4039  5081997    0.06%
  73581 38658      493.2655    77      493.1035      493.4036  5092955    0.06%
  73750 38732      493.1661   162      493.1035      493.4032  5103919    0.06%
  73915 38811      493.2640   115      493.1035      493.4029  5114700    0.06%
  74083 38889      493.2050    92      493.1035      493.4025  5125686    0.06%
Elapsed time = 1657.51 sec. (1762293.65 ticks, tree = 579.82 MB, solutions = 12)
  74270 38971      493.3235   113      493.1035      493.4023  5135672    0.06%
  74449 39040        cutoff            493.1035      493.4019  5146411    0.06%
  74601 39106      493.2355    78      493.1035      493.4014  5156852    0.06%
  74779 39185      493.3200   103      493.1035      493.4011  5167521    0.06%
  74966 39262      493.1767    41      493.1035      493.4008  5178717    0.06%
  75138 39340      493.1477    71      493.1035      493.4005  5189814    0.06%
  75316 39409      493.1234    50      493.1035      493.4003  5200655    0.06%
  75501 39486      493.1308    77      493.1035      493.4000  5211897    0.06%
  75663 39555      493.1895    98      493.1035      493.3996  5222952    0.06%
  75825 39616      493.1194    92      493.1035      493.3994  5234051    0.06%
Elapsed time = 1692.41 sec. (1800537.99 ticks, tree = 587.90 MB, solutions = 12)
  75997 39687      493.3072    87      493.1035      493.3990  5245224    0.06%
  76179 39780      493.1086    96      493.1035      493.3989  5255833    0.06%
  76342 39852      493.1052    70      493.1035      493.3986  5267364    0.06%
  76508 39920      493.2100    44      493.1035      493.3983  5278709    0.06%
  76686 40004      493.1653    53      493.1035      493.3981  5289047    0.06%
  76854 40082        cutoff            493.1035      493.3978  5300095    0.06%
  77011 40150      493.1578   112      493.1035      493.3976  5311137    0.06%
  77168 40219      493.1817    64      493.1035      493.3975  5322017    0.06%
  77352 40269      493.3090    91      493.1035      493.3969  5333155    0.06%
  77530 40349      493.3044   117      493.1035      493.3967  5343309    0.06%
Elapsed time = 1727.51 sec. (1838913.53 ticks, tree = 597.88 MB, solutions = 12)
  77692 40419      493.1223   107      493.1035      493.3964  5355127    0.06%
  77847 40498      493.1754   129      493.1035      493.3960  5365678    0.06%
  78013 40576      493.1529    80      493.1035      493.3957  5376055    0.06%
  78188 40647      493.2191    76      493.1035      493.3953  5387088    0.06%
  78370 40720      493.1099    90      493.1035      493.3950  5398061    0.06%
  78538 40789      493.2342   113      493.1035      493.3947  5408188    0.06%
  78721 40860      493.3249    87      493.1035      493.3943  5419056    0.06%
  78889 40939        cutoff            493.1035      493.3940  5429615    0.06%
  79050 41016      493.2859    89      493.1035      493.3939  5440831    0.06%
  79213 41078      493.2500   108      493.1035      493.3936  5451827    0.06%
Elapsed time = 1762.47 sec. (1877306.09 ticks, tree = 608.81 MB, solutions = 12)
  79386 41143      493.2215   148      493.1035      493.3933  5462432    0.06%
  79555 41213      493.1491   104      493.1035      493.3929  5473130    0.06%
  79750 41285      493.1484   117      493.1035      493.3925  5483602    0.06%
  79904 41347      493.2611    83      493.1035      493.3922  5494545    0.06%
  80093 41437      493.1170    69      493.1035      493.3920  5505790    0.06%
  80270 41499      493.2101    85      493.1035      493.3918  5517031    0.06%
  80436 41569      493.2327    74      493.1035      493.3916  5528079    0.06%
  80605 41638      493.3047   115      493.1035      493.3914  5539135    0.06%
  80780 41721      493.1782   125      493.1035      493.3912  5549914    0.06%
  80928 41783      493.1759    88      493.1035      493.3910  5561046    0.06%
Elapsed time = 1797.51 sec. (1915653.26 ticks, tree = 619.91 MB, solutions = 12)
  81109 41867      493.1041    80      493.1035      493.3909  5573827    0.06%
  81267 41923      493.1588   115      493.1035      493.3907  5585450    0.06%
  81447 42002      493.1045    87      493.1035      493.3905  5595825    0.06%
  81590 42067      493.2425   103      493.1035      493.3902  5607077    0.06%
  81769 42146      493.3489    72      493.1035      493.3900  5617555    0.06%
  81928 42214        cutoff            493.1035      493.3898  5627825    0.06%
  82108 42284      493.1421    75      493.1035      493.3895  5638499    0.06%
  82316 42374      493.2756    87      493.1035      493.3894  5649662    0.06%
  82480 42440      493.1678   124      493.1035      493.3891  5661065    0.06%
  82635 42504      493.1699   106      493.1035      493.3889  5672124    0.06%
Elapsed time = 1832.40 sec. (1953995.74 ticks, tree = 627.89 MB, solutions = 12)
  82804 42571      493.1699    61      493.1035      493.3885  5683564    0.06%
  82974 42641      493.2003    64      493.1035      493.3882  5694189    0.06%
  83149 42716      493.3514    93      493.1035      493.3879  5705151    0.06%
  83317 42784      493.3191    84      493.1035      493.3876  5715496    0.06%
  83509 42873      493.1061   113      493.1035      493.3874  5726398    0.06%
  83663 42939      493.2018   117      493.1035      493.3872  5737825    0.06%
  83832 43007      493.3375    76      493.1035      493.3868  5749183    0.06%
  84005 43080      493.2481   106      493.1035      493.3866  5759840    0.06%
  84164 43153      493.1597    87      493.1035      493.3864  5770865    0.06%
  84347 43226      493.2910    99      493.1035      493.3862  5781146    0.06%
Elapsed time = 1867.46 sec. (1992373.89 ticks, tree = 636.91 MB, solutions = 12)
  84517 43308      493.1208    96      493.1035      493.3860  5791856    0.06%
  84680 43382      493.1512   121      493.1035      493.3858  5802727    0.06%
  84876 43450      493.3104    91      493.1035      493.3855  5813140    0.06%
  85032 43513      493.1106    69      493.1035      493.3853  5824368    0.06%
  85229 43603      493.2483    74      493.1035      493.3851  5834629    0.06%
  85400 43682      493.1070    84      493.1035      493.3849  5845751    0.06%
  85566 43751      493.1722    80      493.1035      493.3845  5856434    0.06%
  85738 43830      493.2693    42      493.1035      493.3843  5867418    0.06%
  85899 43896      493.1849    86      493.1035      493.3841  5878403    0.06%
  86069 43979        cutoff            493.1035      493.3839  5889233    0.06%
Elapsed time = 1902.53 sec. (2030693.01 ticks, tree = 647.94 MB, solutions = 12)
  86222 44042        cutoff            493.1035      493.3837  5900315    0.06%
  86394 44133      493.2638    91      493.1035      493.3834  5911162    0.06%
  86558 44200        cutoff            493.1035      493.3833  5921479    0.06%
  86744 44279        cutoff            493.1035      493.3830  5932574    0.06%
  86929 44347      493.2696    82      493.1035      493.3826  5943829    0.06%
  87088 44406      493.1837    66      493.1035      493.3824  5954749    0.06%
  87275 44479        cutoff            493.1035      493.3821  5965917    0.06%
  87465 44559      493.3353   127      493.1035      493.3819  5976792    0.06%
  87635 44630      493.2742    69      493.1035      493.3817  5988031    0.06%
  87794 44694      493.2388   121      493.1035      493.3815  6000409    0.06%
Elapsed time = 1937.55 sec. (2068992.70 ticks, tree = 656.68 MB, solutions = 12)
  87971 44770      493.2552    71      493.1035      493.3813  6010519    0.06%
  88168 44850      493.2373    82      493.1035      493.3811  6020932    0.06%
  88356 44932      493.2603    47      493.1035      493.3809  6031957    0.06%
  88528 45001      493.1542    79      493.1035      493.3806  6042123    0.06%
  88707 45061      493.2634    80      493.1035      493.3804  6053160    0.06%
  88894 45158      493.1881    80      493.1035      493.3802  6064040    0.06%
  89069 45231      493.3248    98      493.1035      493.3799  6075045    0.06%
  89232 45296      493.1223    98      493.1035      493.3797  6085938    0.06%
  89397 45370      493.1182    64      493.1035      493.3794  6096434    0.06%
  89584 45458      493.1903    85      493.1035      493.3793  6107011    0.06%
Elapsed time = 1972.75 sec. (2107272.79 ticks, tree = 668.48 MB, solutions = 12)
  89764 45520      493.2211   119      493.1035      493.3789  6118035    0.06%
  89946 45595      493.2695    93      493.1035      493.3787  6129459    0.06%
  90130 45658      493.3347    90      493.1035      493.3785  6140857    0.06%
  90293 45719      493.2435   118      493.1035      493.3781  6152185    0.06%
  90468 45794      493.2807   101      493.1035      493.3780  6163293    0.06%
  90634 45871      493.1780    94      493.1035      493.3778  6174095    0.06%
  90813 45937        cutoff            493.1035      493.3774  6184702    0.06%
  90987 46007      493.2442   106      493.1035      493.3772  6195577    0.06%
  91165 46069      493.3663   109      493.1035      493.3770  6207189    0.06%
  91344 46143      493.1488    69      493.1035      493.3767  6217888    0.06%
Elapsed time = 2007.84 sec. (2145595.55 ticks, tree = 675.56 MB, solutions = 12)
  91526 46210      493.2163    97      493.1035      493.3765  6228890    0.06%
  91690 46274      493.1652    85      493.1035      493.3763  6240636    0.06%
  91851 46337      493.1810    86      493.1035      493.3760  6251814    0.06%
  92028 46411      493.2434    52      493.1035      493.3758  6262994    0.06%
  92216 46494      493.3237   104      493.1035      493.3756  6273833    0.06%
  92401 46563      493.2048    51      493.1035      493.3753  6284957    0.06%
  92592 46638        cutoff            493.1035      493.3751  6296322    0.06%
  92779 46712      493.1654   109      493.1035      493.3749  6307645    0.06%
  92968 46796      493.3082    82      493.1035      493.3746  6318283    0.05%
  93154 46878      493.1283    67      493.1035      493.3744  6329418    0.05%
Elapsed time = 2043.01 sec. (2183877.55 ticks, tree = 679.96 MB, solutions = 12)
  93350 46950      493.1438   126      493.1035      493.3741  6340486    0.05%
  93538 47009      493.1495    82      493.1035      493.3738  6352394    0.05%
  93716 47079      493.1299    91      493.1035      493.3737  6363785    0.05%
  93899 47148      493.2924   107      493.1035      493.3735  6374856    0.05%
  94082 47219      493.1063    20      493.1035      493.3733  6385750    0.05%
  94243 47291      493.1273    85      493.1035      493.3730  6396853    0.05%
  94448 47376      493.1313    77      493.1035      493.3728  6407425    0.05%
  94640 47432      493.1447    49      493.1035      493.3724  6418463    0.05%
  94821 47498        cutoff            493.1035      493.3722  6429192    0.05%
  95000 47562      493.2002    53      493.1035      493.3720  6440491    0.05%
Elapsed time = 2078.23 sec. (2222181.26 ticks, tree = 686.40 MB, solutions = 12)
  95191 47640      493.2251   128      493.1035      493.3718  6452126    0.05%
  95364 47715      493.1424   108      493.1035      493.3717  6462965    0.05%
  95547 47795      493.2451    70      493.1035      493.3714  6473611    0.05%
  95728 47867      493.1726   104      493.1035      493.3711  6484328    0.05%
  95913 47931      493.1579    69      493.1035      493.3710  6495362    0.05%
  96089 48002      493.2449    73      493.1035      493.3706  6506225    0.05%
  96264 48072      493.2261   144      493.1035      493.3705  6518203    0.05%
  96443 48143        cutoff            493.1035      493.3703  6529321    0.05%
  96631 48220      493.3198   116      493.1035      493.3701  6539668    0.05%
  96814 48308      493.1928    97      493.1035      493.3700  6550150    0.05%
Elapsed time = 2113.68 sec. (2260515.25 ticks, tree = 696.49 MB, solutions = 12)
  97020 48391      493.1875    65      493.1035      493.3698  6561329    0.05%
  97198 48464      493.2497   106      493.1035      493.3695  6572101    0.05%
  97376 48533      493.1093    60      493.1035      493.3692  6583144    0.05%
  97539 48593      493.1968    91      493.1035      493.3690  6594793    0.05%
  97719 48668      493.1619    51      493.1035      493.3689  6605995    0.05%
  97904 48736      493.1159    96      493.1035      493.3687  6617114    0.05%
  98101 48823      493.1947    84      493.1035      493.3685  6627967    0.05%
  98314 48914      493.2379   114      493.1035      493.3683  6638306    0.05%
  98495 48977      493.1050   107      493.1035      493.3682  6650197    0.05%
  98655 49028      493.2128    86      493.1035      493.3680  6661649    0.05%
Elapsed time = 2149.15 sec. (2298802.63 ticks, tree = 702.92 MB, solutions = 12)
  98833 49100      493.3000   103      493.1035      493.3677  6672503    0.05%
  99012 49182      493.3131    94      493.1035      493.3675  6683882    0.05%
  99203 49268      493.1853   107      493.1035      493.3673  6694935    0.05%
  99380 49357      493.2752    83      493.1035      493.3671  6705196    0.05%
  99545 49421      493.2215    47      493.1035      493.3670  6716395    0.05%
  99710 49471      493.2343    97      493.1035      493.3668  6727514    0.05%
  99903 49540      493.2324    93      493.1035      493.3665  6738664    0.05%
 100075 49602      493.1970    80      493.1035      493.3663  6750074    0.05%
 100249 49669      493.2628   112      493.1035      493.3662  6760733    0.05%
 100423 49729      493.2756   110      493.1035      493.3659  6772036    0.05%
Elapsed time = 2184.47 sec. (2337118.08 ticks, tree = 711.72 MB, solutions = 12)
 100602 49805      493.1136   107      493.1035      493.3658  6782485    0.05%
 100770 49874      493.1303    77      493.1035      493.3656  6793639    0.05%
 100953 49947      493.2192   121      493.1035      493.3654  6804292    0.05%
 101126 50016      493.2940    97      493.1035      493.3652  6814992    0.05%
 101302 50092      493.1279    59      493.1035      493.3650  6825635    0.05%
 101480 50155      493.2173    99      493.1035      493.3648  6836269    0.05%
 101648 50225      493.2543    97      493.1035      493.3646  6847231    0.05%
 101818 50278      493.1516    85      493.1035      493.3643  6858585    0.05%
 102019 50362      493.1726   101      493.1035      493.3641  6869604    0.05%
 102201 50426      493.2344    65      493.1035      493.3639  6880687    0.05%
Elapsed time = 2219.54 sec. (2375384.32 ticks, tree = 722.49 MB, solutions = 12)
 102391 50484      493.2371    71      493.1035      493.3637  6892149    0.05%
 102569 50552      493.1326    94      493.1035      493.3635  6903210    0.05%
 102768 50641      493.2171    77      493.1035      493.3634  6914150    0.05%
 102959 50722      493.1199    89      493.1035      493.3632  6925169    0.05%
 103132 50804        cutoff            493.1035      493.3630  6935933    0.05%
 103316 50884      493.1789    75      493.1035      493.3628  6946810    0.05%
 103486 50953      493.1489    91      493.1035      493.3626  6957844    0.05%
 103660 51024      493.1358    64      493.1035      493.3624  6968904    0.05%
 103852 51090      493.1483   111      493.1035      493.3623  6979964    0.05%
 104022 51154      493.1156    97      493.1035      493.3621  6991575    0.05%
Elapsed time = 2254.84 sec. (2413722.18 ticks, tree = 731.80 MB, solutions = 12)
 104232 51226      493.3065    84      493.1035      493.3620  7003061    0.05%
 104403 51298      493.1866    96      493.1035      493.3618  7014736    0.05%
 104569 51368      493.1305    93      493.1035      493.3616  7025758    0.05%
 104745 51434      493.1411    90      493.1035      493.3614  7036740    0.05%
 104923 51511        cutoff            493.1035      493.3613  7050940    0.05%
 105096 51571      493.1325    90      493.1035      493.3610  7063311    0.05%
 105279 51625        cutoff            493.1035      493.3607  7074683    0.05%
 105477 51709      493.1670    77      493.1035      493.3606  7085396    0.05%
 105669 51791      493.2520   119      493.1035      493.3604  7096484    0.05%
 105841 51854      493.1459    68      493.1035      493.3603  7108019    0.05%
Elapsed time = 2289.92 sec. (2451979.89 ticks, tree = 737.60 MB, solutions = 12)
 106012 51909        cutoff            493.1035      493.3600  7119442    0.05%
 106188 51980      493.1346    96      493.1035      493.3598  7130334    0.05%
 106367 52048      493.3545    84      493.1035      493.3596  7141222    0.05%
 106551 52116      493.2917    91      493.1035      493.3594  7152251    0.05%
 106717 52183      493.2269   100      493.1035      493.3592  7163672    0.05%
 106891 52249      493.1858    84      493.1035      493.3590  7174564    0.05%
 107051 52323      493.1079    82      493.1035      493.3588  7185143    0.05%
 107241 52399      493.2356    76      493.1035      493.3586  7195759    0.05%
 107414 52468      493.1917    72      493.1035      493.3585  7207261    0.05%
 107591 52548      493.1473    78      493.1035      493.3583  7218180    0.05%
Elapsed time = 2325.19 sec. (2490215.26 ticks, tree = 745.33 MB, solutions = 12)
 107784 52612      493.1626    85      493.1035      493.3582  7229802    0.05%
 107942 52675      493.2118   127      493.1035      493.3580  7241178    0.05%
 108145 52749      493.1864    83      493.1035      493.3578  7252124    0.05%
 108340 52807      493.2520    81      493.1035      493.3576  7263456    0.05%
 108528 52885      493.1885    77      493.1035      493.3574  7274893    0.05%
 108730 52973      493.1707   111      493.1035      493.3572  7285675    0.05%
 108888 53029      493.1750    96      493.1035      493.3570  7297007    0.05%
 109077 53101      493.2712   107      493.1035      493.3569  7308667    0.05%
 109266 53179      493.1390   134      493.1035      493.3566  7320156    0.05%
 109430 53232      493.1180    83      493.1035      493.3564  7330982    0.05%
Elapsed time = 2360.83 sec. (2528577.96 ticks, tree = 749.26 MB, solutions = 12)
 109617 53309      493.2049    55      493.1035      493.3563  7341606    0.05%
 109818 53396      493.2183    62      493.1035      493.3561  7352136    0.05%
 109995 53453        cutoff            493.1035      493.3558  7362992    0.05%
 110170 53526      493.2323    86      493.1035      493.3557  7374151    0.05%
 110334 53586      493.1155   102      493.1035      493.3554  7385788    0.05%
 110498 53638        cutoff            493.1035      493.3553  7397137    0.05%
 110669 53707      493.1335    38      493.1035      493.3551  7408239    0.05%
 110848 53787      493.1459    92      493.1035      493.3549  7419125    0.05%
 111019 53850      493.2541    82      493.1035      493.3547  7429658    0.05%
 111224 53934      493.2163    81      493.1035      493.3545  7440282    0.05%
Elapsed time = 2396.09 sec. (2566866.34 ticks, tree = 758.62 MB, solutions = 12)
 111410 54012      493.1370   115      493.1035      493.3543  7450911    0.05%
 111609 54092      493.1686    76      493.1035      493.3542  7461968    0.05%
 111790 54161        cutoff            493.1035      493.3540  7473196    0.05%
 111957 54228      493.1783   108      493.1035      493.3538  7484912    0.05%
 112124 54291      493.1804    96      493.1035      493.3537  7495569    0.05%
 112304 54350      493.1579    88      493.1035      493.3535  7507153    0.05%
 112471 54409      493.1177    92      493.1035      493.3533  7518816    0.05%
 112660 54479      493.1491    51      493.1035      493.3531  7529584    0.05%
 112863 54548      493.2852    91      493.1035      493.3530  7540636    0.05%
 113042 54628      493.2629   119      493.1035      493.3528  7551169    0.05%
Elapsed time = 2431.32 sec. (2605150.02 ticks, tree = 764.34 MB, solutions = 12)
 113224 54700      493.3056   101      493.1035      493.3526  7562017    0.05%
 113402 54758      493.2222    69      493.1035      493.3523  7573514    0.05%
 113591 54828      493.2231    99      493.1035      493.3521  7584481    0.05%
 113778 54904      493.2712    92      493.1035      493.3519  7595669    0.05%
 113962 54974      493.1925    60      493.1035      493.3518  7606827    0.05%
 114144 55034      493.2154    83      493.1035      493.3516  7618074    0.05%
 114326 55088      493.2847   101      493.1035      493.3514  7629346    0.05%
 114522 55158      493.1657    76      493.1035      493.3512  7640019    0.05%
 114697 55216      493.2620   116      493.1035      493.3511  7651448    0.05%
 114883 55297      493.1738   105      493.1035      493.3509  7661999    0.05%
Elapsed time = 2466.57 sec. (2643537.13 ticks, tree = 774.11 MB, solutions = 12)
 115076 55349      493.2514    79      493.1035      493.3507  7673449    0.05%
 115262 55417      493.1945    67      493.1035      493.3505  7684626    0.05%
 115461 55479      493.1424   138      493.1035      493.3503  7696180    0.05%
 115643 55539      493.1640    62      493.1035      493.3502  7707284    0.05%
 115819 55610      493.1424    73      493.1035      493.3500  7718366    0.05%
 115988 55650      493.1662    82      493.1035      493.3497  7729880    0.05%
 116185 55732      493.2567    78      493.1035      493.3495  7740861    0.05%
 116369 55797      493.1189    75      493.1035      493.3493  7752457    0.05%
 116550 55874      493.1409   109      493.1035      493.3491  7763922    0.05%
 116731 55935      493.1090    82      493.1035      493.3490  7775056    0.05%
Elapsed time = 2501.75 sec. (2681894.81 ticks, tree = 780.72 MB, solutions = 12)
 116908 56000      493.1105    72      493.1035      493.3488  7785846    0.05%
 117096 56069      493.1970    76      493.1035      493.3487  7796891    0.05%
 117286 56151        cutoff            493.1035      493.3485  7807470    0.05%
 117467 56233      493.1926   139      493.1035      493.3484  7817890    0.05%
 117659 56303      493.2906    85      493.1035      493.3482  7828594    0.05%
 117848 56374      493.1064    41      493.1035      493.3480  7839357    0.05%
 118025 56446      493.2949   102      493.1035      493.3478  7849931    0.05%
 118198 56518      493.1346    98      493.1035      493.3477  7861357    0.05%
 118376 56575      493.2206    82      493.1035      493.3475  7872973    0.05%
 118538 56637      493.1397    91      493.1035      493.3473  7883610    0.05%
Elapsed time = 2536.98 sec. (2720211.48 ticks, tree = 789.67 MB, solutions = 12)
 118704 56701      493.1317   102      493.1035      493.3472  7894919    0.05%
 118896 56776      493.2108    65      493.1035      493.3470  7905556    0.05%
 119103 56855      493.2044    87      493.1035      493.3468  7915885    0.05%
 119273 56926        cutoff            493.1035      493.3467  7927089    0.05%
 119463 57004      493.1726    87      493.1035      493.3466  7938262    0.05%
 119654 57077      493.1043    65      493.1035      493.3463  7949227    0.05%
 119827 57140      493.1262    88      493.1035      493.3461  7960277    0.05%
 120013 57218      493.1137    55      493.1035      493.3460  7971407    0.05%
 120219 57295      493.1207    92      493.1035      493.3458  7982214    0.05%
 120404 57348      493.1776    85      493.1035      493.3456  7994105    0.05%
Elapsed time = 2572.44 sec. (2758438.61 ticks, tree = 796.21 MB, solutions = 12)
 120587 57421        cutoff            493.1035      493.3455  8005066    0.05%
 120769 57492      493.2063   111      493.1035      493.3453  8016200    0.05%
 120961 57562      493.2687    75      493.1035      493.3451  8027031    0.05%
 121167 57621      493.3355   103      493.1035      493.3450  8037621    0.05%
 121344 57698      493.2002    91      493.1035      493.3449  8048550    0.05%
 121524 57764      493.2143    85      493.1035      493.3447  8060024    0.05%
 121722 57836      493.2140   111      493.1035      493.3445  8070320    0.05%
 121910 57920      493.1338    93      493.1035      493.3444  8081308    0.05%
 122096 57984      493.1054    73      493.1035      493.3442  8092401    0.05%
 122277 58046      493.2892   114      493.1035      493.3441  8103065    0.05%
Elapsed time = 2608.01 sec. (2796730.18 ticks, tree = 806.18 MB, solutions = 12)
 122451 58114      493.1036   103      493.1035      493.3439  8114348    0.05%
 122638 58183      493.1476    66      493.1035      493.3438  8125646    0.05%
 122821 58245        cutoff            493.1035      493.3436  8137249    0.05%
 122992 58309      493.1915    85      493.1035      493.3434  8148564    0.05%
 123185 58381        cutoff            493.1035      493.3432  8159512    0.05%
 123382 58453      493.2154   102      493.1035      493.3431  8170333    0.05%
 123560 58521      493.1365   120      493.1035      493.3429  8181516    0.05%
 123749 58586      493.1405    96      493.1035      493.3427  8192997    0.05%
 123952 58640        cutoff            493.1035      493.3426  8204158    0.05%
 124146 58716      493.1098   113      493.1035      493.3424  8215727    0.05%
Elapsed time = 2643.51 sec. (2835041.91 ticks, tree = 812.08 MB, solutions = 12)
 124355 58801      493.2554    72      493.1035      493.3423  8226629    0.05%
 124516 58861      493.2691   102      493.1035      493.3420  8237344    0.05%
 124706 58927      493.1061   140      493.1035      493.3419  8248121    0.05%
 124893 59007      493.1660    75      493.1035      493.3418  8259743    0.05%
 125066 59081        cutoff            493.1035      493.3416  8270622    0.05%
 125269 59154      493.1459    79      493.1035      493.3415  8281186    0.05%
 125466 59222      493.2495    74      493.1035      493.3413  8291580    0.05%
 125641 59292      493.1189    81      493.1035      493.3411  8302510    0.05%
 125829 59352      493.1238    70      493.1035      493.3410  8314020    0.05%
 126011 59411      493.2897   100      493.1035      493.3409  8325712    0.05%
Elapsed time = 2679.15 sec. (2873381.55 ticks, tree = 820.79 MB, solutions = 12)
 126188 59468      493.2515    74      493.1035      493.3407  8336832    0.05%
 126367 59535        cutoff            493.1035      493.3406  8347852    0.05%
 126546 59590      493.2581    76      493.1035      493.3405  8359123    0.05%
 126739 59666      493.1311    99      493.1035      493.3403  8370524    0.05%
 126926 59719      493.2816   102      493.1035      493.3401  8381941    0.05%
 127118 59783      493.1452    68      493.1035      493.3399  8393116    0.05%
 127305 59855      493.1936    67      493.1035      493.3397  8403949    0.05%
 127511 59915      493.1632    77      493.1035      493.3396  8415249    0.05%
 127680 59962      493.1197    65      493.1035      493.3394  8426654    0.05%
 127880 60044      493.2232   112      493.1035      493.3393  8437929    0.05%
Elapsed time = 2714.60 sec. (2911719.68 ticks, tree = 827.98 MB, solutions = 12)
 128050 60106      493.1150   111      493.1035      493.3391  8449594    0.05%
 128227 60178      493.1390   108      493.1035      493.3389  8460947    0.05%
 128406 60253      493.1768    77      493.1035      493.3388  8472258    0.05%
 128599 60312      493.1084    51      493.1035      493.3386  8483082    0.05%
 128784 60370      493.1664    78      493.1035      493.3384  8494530    0.05%
 128980 60444        cutoff            493.1035      493.3383  8505491    0.05%
 129173 60516      493.1593    92      493.1035      493.3381  8517220    0.05%
 129378 60603      493.2080    88      493.1035      493.3380  8528438    0.05%
 129573 60677      493.1528    49      493.1035      493.3378  8539636    0.05%
 129772 60760      493.2403    76      493.1035      493.3377  8550302    0.05%
Elapsed time = 2750.08 sec. (2950035.06 ticks, tree = 835.17 MB, solutions = 12)
 129963 60824      493.2438    74      493.1035      493.3375  8561402    0.05%
 130171 60891      493.2144   146      493.1035      493.3374  8572917    0.05%
 130347 60956      493.1693    68      493.1035      493.3372  8584368    0.05%
 130512 61017      493.1545    60      493.1035      493.3371  8595446    0.05%
 130701 61075      493.2208    62      493.1035      493.3369  8607160    0.05%
 130877 61121      493.2006    92      493.1035      493.3368  8618642    0.05%
 131076 61197      493.1478    89      493.1035      493.3366  8629945    0.05%
 131276 61264      493.2357    91      493.1035      493.3363  8641350    0.05%
 131467 61339      493.2162    85      493.1035      493.3363  8652543    0.05%
 131665 61415        cutoff            493.1035      493.3361  8663487    0.05%
Elapsed time = 2785.62 sec. (2988477.16 ticks, tree = 842.10 MB, solutions = 12)
 131869 61483      493.1449    69      493.1035      493.3360  8674487    0.05%
 132081 61546      493.2074   131      493.1035      493.3358  8685761    0.05%
 132270 61613      493.1341    62      493.1035      493.3356  8696821    0.05%
 132455 61669      493.2028    92      493.1035      493.3354  8708904    0.05%
 132636 61736      493.2969    73      493.1035      493.3353  8720152    0.05%
 132847 61820      493.1856    86      493.1035      493.3352  8731557    0.05%
 133046 61889      493.1587    57      493.1035      493.3350  8743399    0.05%
 133235 61960      493.1253    96      493.1035      493.3348  8754644    0.05%
 133421 62025      493.2234    83      493.1035      493.3347  8765348    0.05%
 133626 62099      493.1779    69      493.1035      493.3345  8777046    0.05%
Elapsed time = 2821.23 sec. (3026809.92 ticks, tree = 846.36 MB, solutions = 12)
 133810 62146      493.1134    78      493.1035      493.3344  8789146    0.05%
 133996 62200      493.2203    75      493.1035      493.3342  8800660    0.05%
 134194 62271      493.1791    67      493.1035      493.3341  8811720    0.05%
 134382 62326      493.2802    74      493.1035      493.3339  8822733    0.05%
 134564 62392      493.1664    51      493.1035      493.3338  8832996    0.05%
 134745 62462      493.2509   106      493.1035      493.3337  8844616    0.05%
 134923 62534      493.2245    85      493.1035      493.3335  8855932    0.05%
 135123 62605      493.2164    70      493.1035      493.3334  8867390    0.05%
 135314 62677      493.1350    87      493.1035      493.3333  8878128    0.05%
 135496 62737        cutoff            493.1035      493.3331  8889723    0.05%
Elapsed time = 2856.42 sec. (3065111.29 ticks, tree = 852.34 MB, solutions = 12)
 135686 62810      493.1080    62      493.1035      493.3330  8901013    0.05%
 135851 62874      493.1471    71      493.1035      493.3328  8911784    0.05%
 136047 62942      493.1512   103      493.1035      493.3327  8923342    0.05%
 136224 62996        cutoff            493.1035      493.3326  8934212    0.05%
 136406 63058      493.3272    65      493.1035      493.3325  8945182    0.05%
 136616 63128      493.2117    86      493.1035      493.3323  8956435    0.05%
 136796 63188      493.1879    93      493.1035      493.3322  8968390    0.05%
 136991 63262      493.2800   117      493.1035      493.3320  8979403    0.05%
 137180 63318      493.1848   115      493.1035      493.3319  8990817    0.05%
 137363 63385      493.1493    96      493.1035      493.3317  9002289    0.05%
Elapsed time = 2891.71 sec. (3103417.82 ticks, tree = 857.05 MB, solutions = 12)
 137536 63427        cutoff            493.1035      493.3315  9013628    0.05%
 137726 63500      493.1164    87      493.1035      493.3314  9024695    0.05%
 137904 63558      493.1992   110      493.1035      493.3312  9036207    0.05%
 138083 63635      493.1822    54      493.1035      493.3312  9047079    0.05%
 138277 63699      493.1983   119      493.1035      493.3310  9058092    0.05%
 138457 63764      493.2166    95      493.1035      493.3309  9069524    0.05%
 138622 63825      493.1492    75      493.1035      493.3308  9081465    0.05%
 138810 63869      493.2009    90      493.1035      493.3306  9092845    0.05%
 139011 63932      493.1833   103      493.1035      493.3304  9103963    0.05%
 139196 64008      493.2492    93      493.1035      493.3303  9115389    0.05%
Elapsed time = 2926.88 sec. (3141767.54 ticks, tree = 861.99 MB, solutions = 12)
 139395 64082      493.3198    72      493.1035      493.3302  9126449    0.05%
 139585 64167      493.3022    94      493.1035      493.3300  9137865    0.05%
 139776 64233      493.1505    90      493.1035      493.3299  9149012    0.05%
 139958 64286      493.2686   106      493.1035      493.3298  9160142    0.05%
 140138 64354      493.1512    81      493.1035      493.3296  9171291    0.05%
 140335 64425      493.1398    62      493.1035      493.3295  9182240    0.05%
 140533 64488        cutoff            493.1035      493.3294  9193310    0.05%
 140736 64555      493.1458   111      493.1035      493.3292  9204614    0.05%
 140927 64617      493.1138   103      493.1035      493.3291  9215807    0.05%
 141112 64680      493.1066   119      493.1035      493.3290  9226644    0.05%
Elapsed time = 2962.47 sec. (3180081.57 ticks, tree = 868.35 MB, solutions = 12)
 141294 64743      493.1423   106      493.1035      493.3288  9238014    0.05%
 141474 64800        cutoff            493.1035      493.3287  9249458    0.05%
 141639 64860      493.2006   121      493.1035      493.3285  9260889    0.05%
 141831 64925      493.1462    73      493.1035      493.3284  9278220    0.05%
 141998 64977        cutoff            493.1035      493.3283  9293064    0.05%
 142178 65028      493.1325   100      493.1035      493.3281  9304448    0.05%
 142371 65088      493.2471    89      493.1035      493.3280  9315614    0.05%
 142554 65136      493.1510    51      493.1035      493.3278  9327292    0.05%
 142773 65220      493.1369    84      493.1035      493.3277  9338149    0.05%
 142975 65289        cutoff            493.1035      493.3276  9348964    0.05%
Elapsed time = 2997.84 sec. (3218347.11 ticks, tree = 873.62 MB, solutions = 12)
 143165 65359      493.1736    97      493.1035      493.3275  9360131    0.05%
 143376 65430      493.1069    70      493.1035      493.3273  9371393    0.05%
 143565 65487      493.1379    79      493.1035      493.3271  9383100    0.05%
 143752 65554      493.1843   100      493.1035      493.3270  9393597    0.05%
 143976 65599      493.1060    42      493.1035      493.3268  9404678    0.05%
 144172 65670      493.2530    87      493.1035      493.3266  9415716    0.05%
 144360 65736      493.1087    41      493.1035      493.3266  9426506    0.05%
 144554 65811        cutoff            493.1035      493.3264  9437103    0.05%
 144727 65869      493.1328    88      493.1035      493.3262  9448902    0.05%
 144907 65925        cutoff            493.1035      493.3261  9460353    0.05%
Elapsed time = 3033.59 sec. (3256650.63 ticks, tree = 886.01 MB, solutions = 12)
 145093 65999      493.1600   113      493.1035      493.3259  9471451    0.05%
 145301 66073      493.2244    83      493.1035      493.3258  9481972    0.05%
 145506 66147      493.1200    86      493.1035      493.3256  9493454    0.05%
 145684 66208      493.1269   107      493.1035      493.3255  9505021    0.05%
 145869 66261      493.1076    75      493.1035      493.3253  9515862    0.04%
 146073 66321      493.2505   106      493.1035      493.3251  9527271    0.04%
 146269 66411      493.1398    50      493.1035      493.3250  9538347    0.04%
 146467 66494      493.1056    29      493.1035      493.3249  9549180    0.04%
 146657 66570      493.1141   111      493.1035      493.3249  9560611    0.04%
 146841 66651      493.1668    84      493.1035      493.3247  9572132    0.04%
Elapsed time = 3069.49 sec. (3295002.87 ticks, tree = 893.67 MB, solutions = 12)
 147037 66714      493.1643   113      493.1035      493.3246  9583679    0.04%
 147260 66798      493.1203   121      493.1035      493.3245  9594550    0.04%
 147459 66861      493.1334   105      493.1035      493.3244  9606233    0.04%
 147671 66936      493.1904    79      493.1035      493.3242  9617515    0.04%
 147856 67003      493.2146    96      493.1035      493.3241  9628969    0.04%
 148056 67085        cutoff            493.1035      493.3240  9640184    0.04%
 148236 67152      493.1376    89      493.1035      493.3239  9651419    0.04%
 148436 67221      493.1822    60      493.1035      493.3237  9662632    0.04%
 148623 67273      493.1897    87      493.1035      493.3236  9673759    0.04%
 148813 67337      493.2092    86      493.1035      493.3235  9685366    0.04%
Elapsed time = 3105.50 sec. (3333352.08 ticks, tree = 898.18 MB, solutions = 12)
 149009 67411      493.1378    84      493.1035      493.3234  9696930    0.04%
 149217 67491      493.2805    74      493.1035      493.3233  9708324    0.04%
 149422 67563      493.1901    67      493.1035      493.3231  9719901    0.04%
 149645 67653      493.2237    80      493.1035      493.3230  9730849    0.04%
 149850 67729      493.1260    75      493.1035      493.3228  9741786    0.04%
 150048 67785      493.1263   120      493.1035      493.3227  9753320    0.04%
 150249 67850      493.2455    75      493.1035      493.3226  9764758    0.04%
 150440 67907      493.1953    77      493.1035      493.3224  9776114    0.04%
 150641 67968      493.1197    99      493.1035      493.3223  9788011    0.04%
 150843 68036      493.2124    96      493.1035      493.3222  9799314    0.04%
Elapsed time = 3141.48 sec. (3371678.06 ticks, tree = 902.56 MB, solutions = 12)
 151038 68121      493.1236    62      493.1035      493.3221  9810423    0.04%
 151227 68188        cutoff            493.1035      493.3219  9821523    0.04%
 151426 68259      493.1728    48      493.1035      493.3218  9832671    0.04%
 151626 68325      493.1982    68      493.1035      493.3217  9844082    0.04%
 151815 68395      493.2663    75      493.1035      493.3216  9855231    0.04%
 152036 68473        cutoff            493.1035      493.3214  9866159    0.04%
 152201 68529      493.1113    87      493.1035      493.3213  9878020    0.04%
 152387 68585      493.1475    82      493.1035      493.3211  9889669    0.04%
 152584 68659      493.1241    83      493.1035      493.3210  9901037    0.04%
 152769 68719      493.1824    72      493.1035      493.3209  9912333    0.04%
Elapsed time = 3177.29 sec. (3409938.32 ticks, tree = 911.10 MB, solutions = 12)
 152962 68779      493.1562   125      493.1035      493.3208  9923321    0.04%
 153153 68835      493.1086    53      493.1035      493.3206  9934779    0.04%
 153343 68885      493.1079    61      493.1035      493.3205  9946062    0.04%
 153544 68953      493.1287    66      493.1035      493.3203  9957409    0.04%
 153718 69008        cutoff            493.1035      493.3202  9968790    0.04%
 153916 69073      493.2748   100      493.1035      493.3201  9980029    0.04%
 154104 69138      493.2101    73      493.1035      493.3200  9991090    0.04%
 154313 69217      493.2192   108      493.1035      493.3199 10002473    0.04%
 154504 69302      493.1639    95      493.1035      493.3198 10013099    0.04%
 154688 69363      493.1557    83      493.1035      493.3197 10024658    0.04%
Elapsed time = 3212.99 sec. (3448278.96 ticks, tree = 918.47 MB, solutions = 12)
 154889 69411        cutoff            493.1035      493.3196 10036433    0.04%
 155084 69484      493.1280    91      493.1035      493.3194 10047925    0.04%
 155300 69545      493.1146    70      493.1035      493.3193 10058629    0.04%
 155488 69607      493.1284    80      493.1035      493.3191 10070388    0.04%
 155680 69665      493.2418    67      493.1035      493.3190 10081800    0.04%
 155875 69728        cutoff            493.1035      493.3189 10092766    0.04%
 156077 69803      493.1138    93      493.1035      493.3187 10104203    0.04%
Starting limited solution polishing.
 156267 69878        cutoff            493.1035      493.3186 10115627    0.04%
 156466 69939      493.1388    59      493.1035      493.3184 10126803    0.04%
 156647 69997      493.2441   107      493.1035      493.3183 10138240    0.04%
Elapsed time = 3248.80 sec. (3486523.02 ticks, tree = 924.94 MB, solutions = 12)
 156840 70057      493.1075   110      493.1035      493.3182 10148824    0.04%
 157036 70104      493.2268    99      493.1035      493.3180 10160201    0.04%
 157221 70161      493.2140   104      493.1035      493.3179 10171733    0.04%
 157420 70220      493.1504    94      493.1035      493.3177 10182185    0.04%
 157635 70291        cutoff            493.1035      493.3176 10191997    0.04%
 157814 70338      493.1599    84      493.1035      493.3175 10202376    0.04%
 158002 70395      493.2503    88      493.1035      493.3174 10213562    0.04%
 158160 70461      493.1234    69      493.1035      493.3173 10223481    0.04%
 158317 70523      493.1236    65      493.1035      493.3172 10233576    0.04%
 158508 70588      493.2542    84      493.1035      493.3171 10244427    0.04%
Elapsed time = 3285.06 sec. (3524969.63 ticks, tree = 931.07 MB, solutions = 12)
 158708 70669      493.1672    76      493.1035      493.3169 10254450    0.04%
 158892 70733      493.2526   105      493.1035      493.3169 10264384    0.04%
 159073 70787      493.1751    79      493.1035      493.3168 10274388    0.04%
 159246 70861      493.2670    94      493.1035      493.3167 10284892    0.04%
 159403 70913      493.2664    66      493.1035      493.3166 10294529    0.04%
 159561 70984      493.1425    68      493.1035      493.3165 10304813    0.04%
 159708 71013      493.2070   101      493.1035      493.3164 10312873    0.04%
 159864 71067      493.2766    70      493.1035      493.3163 10321987    0.04%
 160028 71105      493.1363    58      493.1035      493.3162 10331076    0.04%
 160620 71317      493.1149    97      493.1035      493.3159 10365717    0.04%
Elapsed time = 3332.95 sec. (3575223.15 ticks, tree = 938.20 MB, solutions = 12)
 161174 71486      493.1307    95      493.1035      493.3155 10400729    0.04%
 161683 71664        cutoff            493.1035      493.3152 10431463    0.04%
 162257 71856      493.2606    93      493.1035      493.3149 10465104    0.04%
 162767 72001      493.1212    77      493.1035      493.3146 10494191    0.04%
 163408 72225      493.1591    77      493.1035      493.3142 10531836    0.04%
 164008 72403      493.1199    67      493.1035      493.3138 10567650    0.04%
 164608 72568      493.1806    96      493.1035      493.3133 10601113    0.04%
 165210 72752      493.1193    28      493.1035      493.3129 10637269    0.04%
 165908 72956      493.1195    65      493.1035      493.3124 10677484    0.04%
 166483 73159      493.3097    90      493.1035      493.3120 10709379    0.04%
Elapsed time = 3479.51 sec. (3730802.19 ticks, tree = 954.64 MB, solutions = 12)
 167008 73321      493.2252    73      493.1035      493.3117 10738186    0.04%
 167607 73500      493.1822    77      493.1035      493.3113 10772021    0.04%
 168108 73676      493.3084    96      493.1035      493.3111 10800448    0.04%
 168699 73868      493.1579   102      493.1035      493.3107 10837936    0.04%
 169270 74070      493.1856    72      493.1035      493.3103 10871072    0.04%
 169769 74210      493.1595    93      493.1035      493.3099 10898912    0.04%
 170426 74423        cutoff            493.1035      493.3096 10932222    0.04%
 171025 74626      493.1890   103      493.1035      493.3092 10967084    0.04%

Flow cuts applied:  39
Mixed integer rounding cuts applied:  198
Lift and project cuts applied:  6
Gomory fractional cuts applied:  7
User cuts applied:  1306

Root node processing (before b&c):
  Real time             =    2.15 sec. (1762.76 ticks)
Sequential b&c:
  Real time             = 3597.85 sec. (3856389.73 ticks)
                          ------------
Total (root+branch&cut) = 3600.00 sec. (3858152.49 ticks)
|V|                                     600
K                                       60
theta                                   0.10
r                                       2
R                                       20
prob_func                               facility_mixture
mixture_low_share                       0.500000
mixture_low_interval                    [0.001000, 0.010000]
mixture_high_interval                   [0.100000, 0.500000]
mixture_seed                            1
#C1                                     924
#CP                                     34376

@Parameters: 
am_callback_heuristic                   false
am_local_search                         true
am_start_heuristic                      false
colocation                              true
comp                                    false
cutC                                    true
cutC_init                               false
cutF                                    false
cutF_init                               false
cutF_stable                             false
cutF_wrong                              false
cutLocal                                false
cutM                                    true
cutM_init                               true
cutM_stable                             false
cutP                                    true
cutP_init                               false
cutP_stable                             false
init                                    true
init_cutF_zero                          false
init_val_greedy                         true
is_Euclidean                            false
is_local_search                         false
is_right_cutP                           true
is_root                                 false
is_silent                               false
is_start                                false
mycut                                   false
pmed                                    false
pre                                     true
stable_root                             false
str                                     true
two_phase                               false
ubstr                                   false
mode                                    Int

am_callback_node_space                  50
init                                    0
mixture_seed                            1
node_space                              5
nodelimit                               -1
nsepa                                   1
strF                                    0
type_delta                              0

EPS                                     0.001000
EPS_FRAC                                0.00
gap                                     0.00
mixture_high_max                        0.50
mixture_high_min                        0.10
mixture_low_max                         0.01
mixture_low_min                         0.00
mixture_low_share                       0.50
timelimit                               3600.00

Number of Closed Sites: 4 / 240 
Number of Confined Sites-1: 6 / 354 
Number of Confined Sites-k: 590 / 4183 
Preprocess Time: 1.43 + 0.00 sec

Solve Time: 3600.00
Number of Nodes: 171284
Termination Status: TIME_LIMIT

CutInfo: [phase] num / time (sec) / aver. num_nonzero
max              [LP]     0 / 0.00 / 0.00 [init]   502 / 0.01 / 1.98 [rLC]   342 / 0.03 / 5.99 [rUC]   362 / 0.07 / 4.04 [sLC]    29 / 0.15 / 4.48 [sUC]   418 / 1.34 / 4.40 
prod_oa          [LP]     0 / 0.00 / 0.00 [init]   395 / 0.01 / 35.31 [rLC]   844 / 0.06 / 42.18 [rUC]   527 / 0.20 / 35.62 [sLC]   642 / 0.32 / 42.28 [sUC]   741 / 3.18 / 37.74 
prod_sm_fixed    [LP]     0 / 0.00 / 0.00 [init]     0 / 0.00 / 0.00 [rLC]     0 / 0.00 / 0.00 [rUC]     0 / 0.00 / 0.00 [sLC]     0 / 0.00 / 0.00 [sUC]     0 / 0.00 / 0.00 
prod_bin         [LP]     0 / 0.00 / 0.00 [init]     0 / 0.00 / 0.00 [rLC]     0 / 0.00 / 0.00 [rUC]     0 / 0.00 / 0.00 [sLC]     0 / 0.00 / 0.00 [sUC]     0 / 0.00 / 0.00 
prod_local       [LP]     0 / 0.00 / 0.00 [init]     0 / 0.00 / 0.00 [rLC]     0 / 0.00 / 0.00 [rUC]     0 / 0.00 / 0.00 [sLC]     0 / 0.00 / 0.00 [sUC]     0 / 0.00 / 0.00 
prod_sm_C        [LP]     0 / 0.00 / 0.00 [init]     0 / 0.00 / 0.00 [rLC]     0 / 0.00 / 0.00 [rUC]     0 / 0.00 / 0.00 [sLC]     0 / 0.00 / 0.00 [sUC]     0 / 0.00 / 0.00 
facet            [LP]     0 / 0.00 / 0.00 [init]     0 / 0.00 / 0.00 [rLC]     0 / 0.00 / 0.00 [rUC]     0 / 0.00 / 0.00 [sLC]     0 / 0.00 / 0.00 [sUC]     0 / 0.00 / 0.00 
Separation Round:   [LP] 0  [init] 1  [rLC] 6  [rUC] 19  [sLC] 31  [sUC] 257163  
Root Best Bound 494.970040
Root Best Integer: 492.449623
Best Bound: 493.309065
Best Integer: 493.103491
1: 7, 13, 28, 47, 68, 70, 85, 89, 103, 109, 115, 123, 125, 132, 136, 147, 165, 180, 186, 196, 209, 235, 271, 293, 302, 314, 327, 337, 355, 362, 391, 416, 424, 432, 452, 470, 474, 490, 500, 501, 512, 513, 534, 561
2: 55, 300, 361, 532
4: 105, 349
Objective Value (calc): 493.061241
sum_etaM = 313.215172 / 313.215053
sum_etaP = 513.091082 / 513.044150
nL: 50
nCL: 6
mCL: 4
