Version identifier: 20.1.0.0 | 2020-11-10 | 9bedb6d68
CPXPARAM_Threads                                 1
CPXPARAM_TimeLimit                               3600
CPXPARAM_MIP_Tolerances_MIPGap                   0
Generic callback                                 0x60
1 of 1 MIP starts provided solutions.
MIP start 'm1' defined initial solution with objective 840.0019.
Tried aggregator 2 times.
MIP Presolve eliminated 5 rows and 4 columns.
MIP Presolve modified 2456 coefficients.
Aggregator did 1 substitutions.
Reduced MIP has 2583 rows, 3595 columns, and 125841 nonzeros.
Reduced MIP has 898 binaries, 897 generals, 0 SOSs, and 0 indicators.
Presolve time = 0.04 sec. (37.30 ticks)
Probing time = 0.01 sec. (21.53 ticks)
Tried aggregator 1 time.
Reduced MIP has 2583 rows, 3595 columns, and 125841 nonzeros.
Reduced MIP has 898 binaries, 897 generals, 0 SOSs, and 0 indicators.
Presolve time = 0.02 sec. (20.74 ticks)
Probing time = 0.01 sec. (21.47 ticks)
MIP emphasis: balance optimality and feasibility.
MIP search method: dynamic search.
Parallel mode: none, using 1 thread.
Root relaxation solution time = 0.13 sec. (188.61 ticks)

        Nodes                                         Cuts/
   Node  Left     Objective  IInf  Best Integer    Best Bound    ItCnt     Gap

*     0+    0                          840.0019      900.0000             7.14%
      0     0      857.5417    50      840.0019      857.5417     1934    2.09%
      0     0      846.6437   114      840.0019     Cuts: 534     2682    0.79%
      0     0      846.2626   110      840.0019     Cuts: 200     3013    0.75%
      0     0      846.1486   120      840.0019     Cuts: 115     3227    0.73%
      0     0      846.1133   120      840.0019      Cuts: 68     3347    0.73%
      0     0      846.1027   120      840.0019      Cuts: 65     3430    0.73%
      0     0      846.0948   120      840.0019      Cuts: 44     3498    0.73%
      0     0      846.0890   122      840.0019 UserPurge2: 16     3546    0.72%
      0     0      846.0884   122      840.0019 UserPurge2: 7     3569    0.72%
      0     0      846.0883   118      840.0019 UserPurge2: 2     3573    0.72%
      0     0      846.0883   122      840.0019 UserPurge2: 2     3577    0.72%
*     0+    0                          840.4615      846.0883             0.67%
*     0+    0                          841.1012      846.0883             0.59%
      0     2      845.3882   160      841.1012      845.3879     3577    0.51%
Elapsed time = 5.98 sec. (4461.24 ticks, tree = 0.01 MB, solutions = 3)
      3     5      845.1340   158      841.1012      845.3569     4513    0.51%
      5     7      844.8636   146      841.1012      845.3569     6937    0.51%
      6     8      844.7707   142      841.1012      845.3569     8210    0.51%
      7     9      844.6832   148      841.1012      845.3569     8848    0.51%
      8    10      844.7303   146      841.1012      845.3569     9396    0.51%
     10    12      844.1554   140      841.1012      845.3569    10865    0.51%
     11    13      844.4836   142      841.1012      845.3569    11441    0.51%
     12    14      844.1272   130      841.1012      845.3569    12425    0.51%
     14    16      844.0442   144      841.1012      845.3569    13542    0.51%
     17    19      843.9437   142      841.1012      845.3569    15518    0.51%
Elapsed time = 11.74 sec. (10075.71 ticks, tree = 0.12 MB, solutions = 3)
     20    22      843.2766   134      841.1012      845.3569    17737    0.51%
     25    27      843.1419   142      841.1012      845.3569    20198    0.51%
     31    31      841.5478   118      841.1012      845.3569    22203    0.51%
     38    32      845.0607   163      841.1012      845.3566    24433    0.51%
     40    34      844.8454   159      841.1012      845.3566    25610    0.51%
     42    36      844.6942   151      841.1012      845.3566    27069    0.51%
     45    39      844.0940   145      841.1012      845.3566    29823    0.51%
     49    43      844.0821   151      841.1012      845.3566    32502    0.51%
     51    45      843.5281   147      841.1012      845.3566    34341    0.51%
     55    49      843.1373   133      841.1012      845.3566    36231    0.51%
Elapsed time = 25.08 sec. (23739.37 ticks, tree = 0.71 MB, solutions = 3)
     59    53      842.7726   119      841.1012      845.3566    38377    0.51%
     64    58      841.2228   116      841.1012      845.3566    40524    0.51%
     69    59      844.8527   154      841.1012      845.1340    42518    0.48%
     73    63      843.9851   134      841.1012      845.1340    44721    0.48%
     80    70      843.2357   138      841.1012      845.1340    46712    0.48%
     86    76      842.3469   136      841.1012      845.1340    48675    0.48%
     91    81      841.2195   122      841.1012      845.1340    51091    0.48%
     95    81      844.3832   136      841.1012      845.1337    53067    0.48%
     98    84      843.8157   136      841.1012      845.1337    55060    0.48%
    100    86      843.5483   126      841.1012      845.1337    56296    0.48%
Elapsed time = 38.72 sec. (36147.12 ticks, tree = 1.81 MB, solutions = 3)
    105    91      842.8967   144      841.1012      845.1337    58035    0.48%
    110    96      842.4465   138      841.1012      845.1337    59711    0.48%
    115    99        cutoff            841.1012      845.1337    62353    0.48%
    121   105      841.3270   136      841.1012      845.1337    63698    0.48%
    128   108      844.4146   146      841.1012      845.0575    65310    0.47%
    135   115      843.4673   140      841.1012      845.0575    67068    0.47%
    141   121      842.8765   154      841.1012      845.0575    68661    0.47%
    148   128      841.5951   134      841.1012      845.0575    70670    0.47%
    155   131      844.5442   154      841.1012      844.9508    73199    0.46%
    159   135      843.8136   134      841.1012      844.9508    75142    0.46%
Elapsed time = 52.24 sec. (48108.50 ticks, tree = 2.58 MB, solutions = 3)
    160   136      844.0078   148      841.1012      844.9508    75778    0.46%
    163   139      843.5114   142      841.1012      844.9508    77459    0.46%
    167   143      843.1660   132      841.1012      844.9508    80296    0.46%
    170   146      843.0396   120      841.1012      844.9508    82084    0.46%
    175   151      841.5127   108      841.1012      844.9508    84333    0.46%
    182   152      844.0457   142      841.1012      844.9350    86745    0.46%
    188   158      843.1487   144      841.1012      844.9350    88660    0.46%
    194   164      842.5538   148      841.1012      844.9350    90108    0.46%
    200   170      841.1078   130      841.1012      844.9350    92289    0.46%
    207   173      843.9231   159      841.1012      844.9312    94005    0.46%
Elapsed time = 66.36 sec. (61553.86 ticks, tree = 3.89 MB, solutions = 3)
    212   178      843.0933   147      841.1012      844.9312    96365    0.46%
    216   182      842.8248   155      841.1012      844.9312    98040    0.46%
    220   186      842.3884   155      841.1012      844.9312    99807    0.46%
    223   189      841.1815   119      841.1012      844.9312   101953    0.46%
    228   190      843.8712   133      841.1012      844.8499   103535    0.45%
    232   194      843.1590   143      841.1012      844.8499   105100    0.45%
    240   202      841.4368   127      841.1012      844.8499   107353    0.45%
    247   205      843.7624   142      841.1012      844.8071   109349    0.44%
    253   211      842.9460   140      841.1012      844.8071   110862    0.44%
    260   218      842.0900   132      841.1012      844.8071   112538    0.44%
Elapsed time = 80.52 sec. (74541.99 ticks, tree = 4.64 MB, solutions = 3)
    266   222      841.5826   134      841.1012      844.8071   114398    0.44%
    275   227      844.3642   142      841.1012      844.7707   116403    0.44%
    278   230      843.9352   142      841.1012      844.7707   118106    0.44%
    282   234      843.2336   132      841.1012      844.7707   119740    0.44%
    290   242      841.7127   100      841.1012      844.7707   121811    0.44%
    304   245      844.1316   146      841.1012      844.7707   123196    0.44%
    309   250      843.1057   142      841.1012      844.7707   124928    0.44%
    313   254      842.3359   142      841.1012      844.7707   126586    0.44%
    320   261      841.1569   132      841.1012      844.7707   128460    0.44%
    324   261      844.2900   136      841.1012      844.7000   130227    0.43%
Elapsed time = 92.45 sec. (85224.04 ticks, tree = 5.49 MB, solutions = 3)
    328   265      843.4548   142      841.1012      844.7000   131937    0.43%
    332   269      842.8295   148      841.1012      844.7000   133277    0.43%
    337   274      841.4766   118      841.1012      844.7000   135027    0.43%
    344   277      843.6291   130      841.1012      844.6822   136502    0.43%
    350   283      842.7323   144      841.1012      844.6822   138222    0.43%
    357   290      841.6508   144      841.1012      844.6822   140164    0.43%
    366   293      844.2457   140      841.1012      844.6822   142102    0.43%
    371   298      843.4125   148      841.1012      844.6822   143666    0.43%
    376   303      842.5198   150      841.1012      844.6822   145453    0.43%
    380   307      842.0149   146      841.1012      844.6822   146723    0.43%
Elapsed time = 104.64 sec. (96417.19 ticks, tree = 7.15 MB, solutions = 3)
    387   312      841.1344   132      841.1012      844.6822   148837    0.43%
    391   312      843.6767   136      841.1012      844.6540   149897    0.42%
    394   315      842.9846   132      841.1012      844.6540   152222    0.42%
    399   320      842.7671   118      841.1012      844.6540   153818    0.42%
    401   322      841.8294   114      841.1012      844.6540   154492    0.42%
    409   324      843.8186   134      841.1012      844.5517   156192    0.41%
    417   332      842.6541   145      841.1012      844.5517   157980    0.41%
    421   336      841.7109   126      841.1012      844.5517   158757    0.41%
    433   339      843.8528   129      841.1012      844.5511   160580    0.41%
    439   345      842.8502   120      841.1012      844.5511   162347    0.41%
Elapsed time = 115.40 sec. (107124.94 ticks, tree = 8.56 MB, solutions = 3)
    442   348      842.5800   120      841.1012      844.5511   162934    0.41%
    452   354      844.3083   135      841.1012      844.5398   164983    0.41%
    458   360      842.9825   117      841.1012      844.5398   166916    0.41%
    463   365      842.1117    99      841.1012      844.5398   167892    0.41%
    472   370      843.7522   144      841.1012      844.4790   169670    0.40%
    479   377      843.0105   144      841.1012      844.4790   171300    0.40%
    481   379      842.8194   134      841.1012      844.4790   171818    0.40%

Performing restart 1

Repeating presolve.
Tried aggregator 1 time.
MIP Presolve eliminated 824 rows and 423 columns.
MIP Presolve modified 331 coefficients.
Reduced MIP has 1759 rows, 3172 columns, and 123644 nonzeros.
Reduced MIP has 887 binaries, 485 generals, 0 SOSs, and 0 indicators.
Presolve time = 0.04 sec. (28.13 ticks)
Tried aggregator 1 time.
Reduced MIP has 1759 rows, 3172 columns, and 123644 nonzeros.
Reduced MIP has 887 binaries, 485 generals, 0 SOSs, and 0 indicators.
Presolve time = 0.04 sec. (24.40 ticks)
Represolve time = 0.27 sec. (272.13 ticks)
    492     0      844.8904    92      841.1012       Cuts: 7   177902    0.40%
    492     0      844.8889    90      841.1012    MIRcuts: 3   177929    0.40%
    492     0      844.8879    96      841.1012    MIRcuts: 2   177950    0.40%
    492     0      844.8869    90      841.1012    MIRcuts: 4   177963    0.40%
    492     0      844.8854    90      841.1012    MIRcuts: 3   177974    0.40%
    492     0      844.8848    92      841.1012    MIRcuts: 1   177988    0.40%
    492     2      844.8670    92      841.1012      844.4790   177988    0.40%
    493     3      844.7485   106      841.1012      844.4790   178381    0.40%
    494     4      844.4520    84      841.1012      844.4790   178855    0.40%
Elapsed time = 139.76 sec. (135443.81 ticks, tree = 0.01 MB, solutions = 3)
    495     5      844.6095   102      841.1012      844.4790   179241    0.40%
    498     8      844.0107   106      841.1012      844.4790   181344    0.40%
    501    11      843.8608   112      841.1012      844.4790   185306    0.40%
    505    15      843.8555   128      841.1012      844.4790   187661    0.40%
    512    21      842.7295   114      841.1012      844.4790   190855    0.40%
    520    25      841.7927   106      841.1012      844.4790   193195    0.40%
    530    31      843.7360   116      841.1012      844.4485   196541    0.40%
    542    41      842.6775   108      841.1012      844.4485   199774    0.40%
    552    43      843.8128    98      841.1012      844.4458   201739    0.40%
    562    51      843.0468   112      841.1012      844.4458   203954    0.40%
Elapsed time = 173.45 sec. (180270.92 ticks, tree = 0.53 MB, solutions = 3)
    580    64      843.9936   110      841.1012      844.3407   208778    0.39%
    595    77      842.7216   130      841.1012      844.3407   213831    0.39%
    617    91      844.0661   114      841.1012      844.3340   217410    0.38%
    636   107      841.8301   124      841.1012      844.3340   222388    0.38%
    652   119      842.6536   102      841.1012      844.1202   228502    0.36%
    672   128      843.4691   112      841.1012      844.0660   233708    0.35%
    693   145      841.7681    92      841.1012      844.0660   239254    0.35%
    723   168      841.7143   100      841.1012      844.0585   243823    0.35%
    750   184      841.5269   116      841.1012      844.0086   250214    0.35%
    768   193      842.6246   146      841.1012      844.0079   255245    0.35%
Elapsed time = 211.28 sec. (220779.82 ticks, tree = 2.37 MB, solutions = 3)
    789   207      841.9147   124      841.1012      843.9936   260862    0.34%
    805   217      841.6414   126      841.1012      843.9936   266842    0.34%
    828   224      843.3442   112      841.1012      843.9280   272035    0.34%
    852   242      842.9617   124      841.1012      843.8816   277407    0.33%
    872   256      842.8217   120      841.1012      843.8606   283061    0.33%
    903   279      841.5898   130      841.1012      843.8603   289075    0.33%
    922   290      843.1899   124      841.1012      843.8131   292877    0.32%
    933   299      842.6017   128      841.1012      843.8131   296852    0.32%
    966   315      842.7761   118      841.1012      843.8102   302219    0.32%
   1002   340      842.6543   108      841.1012      843.7760   307700    0.32%
Elapsed time = 249.37 sec. (262047.92 ticks, tree = 4.83 MB, solutions = 3)
   1032   360      842.1680   120      841.1012      843.7182   312786    0.31%
   1068   388      841.5717    96      841.1012      843.7037   317333    0.31%
   1082   395      842.8763   138      841.1012      843.7033   322388    0.31%
   1108   412      841.1163   100      841.1012      843.7033   329102    0.31%
   1128   423      841.5019   134      841.1012      843.6523   334822    0.30%
   1155   441      841.5021   106      841.1012      843.6511   339577    0.30%
   1199   469      843.0170   124      841.1012      843.6208   345648    0.30%
   1224   483      843.2839   122      841.1012      843.6185   350116    0.30%
   1240   496      841.8563    86      841.1012      843.6185   355683    0.30%
   1283   516      841.6327    96      841.1012      843.6067   360171    0.30%
Elapsed time = 284.63 sec. (301137.92 ticks, tree = 8.05 MB, solutions = 3)
   1322   535      842.3095   110      841.1012      843.6053   365481    0.30%
   1365   558      842.7731   116      841.1012      843.6003   370021    0.30%
   1393   581      841.3397    92      841.1012      843.5838   374839    0.30%
   1415   591      841.5823   112      841.1012      843.5831   380718    0.30%
   1449   611      842.6248   102      841.1012      843.5630   385616    0.29%
   1511   647      842.6450   104      841.1012      843.5516   391088    0.29%
   1558   678      842.4073   138      841.1012      843.5413   396079    0.29%
   1589   701      842.4665   126      841.1012      843.5380   403342    0.29%
   1612   716      841.3375   122      841.1012      843.5219   408480    0.29%
   1656   753      841.5167    60      841.1012      843.5162   413686    0.29%
Elapsed time = 321.46 sec. (341043.35 ticks, tree = 14.40 MB, solutions = 3)
   1699   781      842.7067   122      841.1012      843.4688   419371    0.28%
   1720   796      841.3947   102      841.1012      843.4668   425569    0.28%
   1759   819      842.5220   116      841.1012      843.4599   430351    0.28%
   1786   832      842.5293   132      841.1012      843.4536   434898    0.28%
   1808   848      842.1335   122      841.1012      843.4489   440873    0.28%
   1851   863      842.5422   128      841.1012      843.4325   446960    0.28%
   1899   892      842.2554   116      841.1012      843.4302   453374    0.28%
   1957   917      842.6944   120      841.1012      843.4197   457969    0.28%
   1979   932      841.4794   114      841.1012      843.4115   463713    0.27%
   2012   948      841.4404   112      841.1012      843.4114   468309    0.27%
Elapsed time = 357.20 sec. (380581.30 ticks, tree = 20.26 MB, solutions = 3)
   2051   968      842.3440   116      841.1012      843.4029   475214    0.27%
   2092   989      842.6006   114      841.1012      843.4027   479779    0.27%
   2163  1023      842.8315   122      841.1012      843.3809   483920    0.27%
   2230  1074      841.1220    36      841.1012      843.3623   490076    0.27%
   2282  1102      841.2844    96      841.1012      843.3572   495459    0.27%
   2316  1123      841.1224    96      841.1012      843.3451   501227    0.27%
   2357  1133      842.8510   110      841.1012      843.3410   507430    0.27%
   2398  1164        cutoff            841.1012      843.3180   513318    0.26%
   2457  1194      841.3773   114      841.1012      843.3122   519085    0.26%
   2492  1217      841.7700   108      841.1012      843.3096   523686    0.26%
Elapsed time = 394.23 sec. (420032.04 ticks, tree = 27.66 MB, solutions = 3)
   2576  1255      842.0751   126      841.1012      843.3060   529263    0.26%
   2629  1287      842.1665    96      841.1012      843.2977   535605    0.26%
   2726  1330      841.3131   122      841.1012      843.2977   541315    0.26%
   2767  1350      842.5153    96      841.1012      843.2889   547626    0.26%
   2804  1371      841.4006   110      841.1012      843.2885   553325    0.26%
   2862  1404      841.4521   108      841.1012      843.2838   558822    0.26%
   2898  1422      841.3836    96      841.1012      843.2764   565186    0.26%
   2936  1441      841.5956   118      841.1012      843.2655   570724    0.26%
   2975  1462      842.6216   108      841.1012      843.2534   577329    0.26%
   3003  1478        cutoff            841.1012      843.2398   583079    0.25%
Elapsed time = 431.31 sec. (459340.62 ticks, tree = 35.49 MB, solutions = 3)
   3064  1499      842.5170   104      841.1012      843.2385   588665    0.25%
   3118  1522      842.5002   138      841.1012      843.2269   594739    0.25%
   3176  1547      841.3486   134      841.1012      843.2112   601172    0.25%
   3198  1559      841.5102   112      841.1012      843.2063   607314    0.25%
   3248  1578      842.3044   104      841.1012      843.1898   613586    0.25%
   3292  1601      842.5679   118      841.1012      843.1892   618900    0.25%
   3339  1622      842.5596   102      841.1012      843.1880   625435    0.25%
   3377  1648      842.3078   124      841.1012      843.1789   632422    0.25%
   3459  1691      841.8599   110      841.1012      843.1765   637415    0.25%
   3530  1725      841.2467    98      841.1012      843.1747   643477    0.25%
Elapsed time = 468.33 sec. (498702.45 ticks, tree = 40.39 MB, solutions = 3)
   3582  1752      842.4909   130      841.1012      843.1651   649348    0.25%
   3653  1790      841.7340    90      841.1012      843.1621   654765    0.25%
   3692  1811      842.5038   128      841.1012      843.1607   659830    0.24%
   3721  1823        cutoff            841.1012      843.1605   666032    0.24%
   3786  1854      842.0935   116      841.1012      843.1491   672603    0.24%
   3816  1870        cutoff            841.1012      843.1475   678269    0.24%
   3925  1914      841.3263    98      841.1012      843.1438   683040    0.24%
   3971  1938      842.3887   136      841.1012      843.1423   688619    0.24%
   4017  1959        cutoff            841.1012      843.1423   692698    0.24%
   4074  1987      841.2210    84      841.1012      843.1423   697430    0.24%
Elapsed time = 505.31 sec. (538977.15 ticks, tree = 44.96 MB, solutions = 3)
   4129  2014      841.6266   104      841.1012      843.1387   703217    0.24%
   4158  2031      842.1360   106      841.1012      843.1302   709532    0.24%
   4240  2048      841.9703   120      841.1012      843.1241   715103    0.24%
   4280  2066      842.2965   106      841.1012      843.1207   722355    0.24%
   4363  2115      841.1059    64      841.1012      843.1112   728765    0.24%
   4411  2138      841.1718    86      841.1012      843.1045   735208    0.24%
   4447  2152        cutoff            841.1012      843.0905   741008    0.24%
   4501  2184      841.1632   102      841.1012      843.0821   746863    0.24%
   4540  2202      842.2009   112      841.1012      843.0800   752949    0.24%
   4586  2225      841.2484    98      841.1012      843.0776   759520    0.23%
Elapsed time = 540.99 sec. (577980.23 ticks, tree = 50.64 MB, solutions = 3)
   4615  2236      842.2006    92      841.1012      843.0730   766369    0.23%
   4685  2270        cutoff            841.1012      843.0699   772880    0.23%
   4726  2292      841.5134   118      841.1012      843.0556   779391    0.23%
   4792  2333      842.0824   124      841.1012      843.0520   785434    0.23%
   4827  2347      841.7058   110      841.1012      843.0466   791971    0.23%
   4887  2383      841.1480    80      841.1012      843.0452   798314    0.23%
   4954  2406      841.6567   100      841.1012      843.0440   804288    0.23%
   4994  2424      841.9829   108      841.1012      843.0412   810411    0.23%
   5047  2451      842.5357   120      841.1012      843.0380   816814    0.23%
   5097  2467      841.4265   102      841.1012      843.0273   823421    0.23%
Elapsed time = 577.04 sec. (617365.33 ticks, tree = 55.87 MB, solutions = 3)
   5126  2479      841.7715    96      841.1012      843.0253   829304    0.23%
   5170  2496      841.2245   110      841.1012      843.0221   836192    0.23%
   5238  2539      842.5199   116      841.1012      843.0161   842543    0.23%
   5305  2572      842.5076   122      841.1012      843.0081   848904    0.23%
   5373  2598      841.5847    94      841.1012      843.0037   855211    0.23%
   5461  2636      842.0978   112      841.1012      842.9898   861657    0.22%
   5529  2662      842.0249    92      841.1012      842.9863   868635    0.22%
   5638  2709      841.9296   120      841.1012      842.9855   874037    0.22%
   5676  2733      841.1112    94      841.1012      842.9832   880324    0.22%
   5713  2745      841.6148    94      841.1012      842.9784   885965    0.22%
Elapsed time = 613.68 sec. (656951.47 ticks, tree = 62.84 MB, solutions = 3)
   5735  2756      842.1869   102      841.1012      842.9660   891929    0.22%
   5781  2777      841.1368    62      841.1012      842.9643   898248    0.22%
   5833  2800      841.4937   100      841.1012      842.9574   904170    0.22%
   5893  2826      842.0986   126      841.1012      842.9518   911533    0.22%
   5950  2837        cutoff            841.1012      842.9518   917450    0.22%
   6014  2868      841.6698   118      841.1012      842.9513   923807    0.22%
   6056  2884      841.8036   102      841.1012      842.9418   930262    0.22%
   6126  2910        cutoff            841.1012      842.9388   935770    0.22%
   6217  2939      841.6731    62      841.1012      842.9339   941932    0.22%
   6315  2981      841.5039   104      841.1012      842.9275   947462    0.22%
Elapsed time = 650.25 sec. (696228.58 ticks, tree = 69.65 MB, solutions = 3)
   6358  2993      841.7771   118      841.1012      842.9249   953628    0.22%
   6397  3009      841.4466   128      841.1012      842.9197   959713    0.22%
   6445  3024      842.0246    94      841.1012      842.9178   966108    0.22%
   6479  3041      841.2826   102      841.1012      842.9125   972577    0.22%
   6516  3053        cutoff            841.1012      842.9095   978552    0.21%
   6590  3089      841.8543   104      841.1012      842.9078   983615    0.21%
   6674  3129      841.1999    76      841.1012      842.9073   989145    0.21%
   6739  3155      842.0927   122      841.1012      842.9021   994958    0.21%
   6810  3198      841.9051   110      841.1012      842.8950  1001294    0.21%
   6849  3211      841.5848   104      841.1012      842.8938  1007471    0.21%
Elapsed time = 686.27 sec. (735471.82 ticks, tree = 77.31 MB, solutions = 3)
   6892  3227      841.5201   118      841.1012      842.8927  1013429    0.21%
   6939  3246      841.4051   120      841.1012      842.8889  1019571    0.21%
   6982  3266      842.0951   108      841.1012      842.8763  1025903    0.21%
   7021  3280        cutoff            841.1012      842.8729  1032003    0.21%
   7065  3299      842.3831   108      841.1012      842.8720  1037665    0.21%
   7102  3312        cutoff            841.1012      842.8644  1044376    0.21%
   7164  3352      841.9059   104      841.1012      842.8585  1051598    0.21%
   7223  3380      841.2792    98      841.1012      842.8556  1056830    0.21%
   7266  3400      842.2065   106      841.1012      842.8482  1063040    0.21%
   7387  3445      841.9424   102      841.1012      842.8401  1069141    0.21%
Elapsed time = 723.19 sec. (776293.92 ticks, tree = 82.53 MB, solutions = 3)
   7435  3460      841.8976   118      841.1012      842.8392  1075333    0.21%
   7484  3487      842.3388   114      841.1012      842.8345  1081967    0.21%
   7531  3501      841.7079    68      841.1012      842.8345  1087253    0.21%
   7627  3533      841.1781    82      841.1012      842.8327  1093407    0.21%
   7684  3566        cutoff            841.1012      842.8309  1099777    0.21%
   7731  3585      841.5152    98      841.1012      842.8280  1106044    0.21%
   7759  3595      842.0895   124      841.1012      842.8258  1112012    0.21%
   7807  3614      841.2976   116      841.1012      842.8252  1118401    0.20%
   7880  3640      841.6131    74      841.1012      842.8204  1124463    0.20%
   7958  3669      841.5042   126      841.1012      842.8198  1131895    0.20%
Elapsed time = 759.17 sec. (816221.88 ticks, tree = 88.36 MB, solutions = 3)
   7994  3679        cutoff            841.1012      842.8147  1138455    0.20%
   8051  3709        cutoff            841.1012      842.8118  1143884    0.20%
   8109  3735      841.1419   114      841.1012      842.8101  1150032    0.20%
   8164  3760      841.7391    90      841.1012      842.8080  1155874    0.20%
   8228  3789      841.1067    86      841.1012      842.8065  1161673    0.20%
   8272  3805      841.5767   116      841.1012      842.8043  1167400    0.20%
   8311  3820      841.7927   126      841.1012      842.8027  1174029    0.20%
   8367  3839      841.4261   104      841.1012      842.8012  1179819    0.20%
   8423  3857      841.5910    76      841.1012      842.7996  1185933    0.20%
   8535  3907      842.0124    96      841.1012      842.7954  1192253    0.20%
Elapsed time = 794.37 sec. (855395.60 ticks, tree = 90.61 MB, solutions = 3)
   8597  3933      841.7180   114      841.1012      842.7941  1198183    0.20%
   8641  3949      841.3808   108      841.1012      842.7936  1204152    0.20%
   8696  3967        cutoff            841.1012      842.7903  1210777    0.20%
   8732  3981      842.0639   132      841.1012      842.7896  1216614    0.20%
   8754  3985      842.3303   100      841.1012      842.7872  1222830    0.20%
   8842  4013      842.1938   128      841.1012      842.7864  1228071    0.20%
   8906  4038      841.9177    90      841.1012      842.7864  1232769    0.20%
   8963  4067      841.3075    86      841.1012      842.7861  1238943    0.20%
   9020  4094      842.0141   106      841.1012      842.7839  1245506    0.20%
   9085  4110      841.6472    82      841.1012      842.7817  1251343    0.20%
Elapsed time = 829.08 sec. (894136.90 ticks, tree = 92.33 MB, solutions = 3)
   9176  4150      841.2596    76      841.1012      842.7801  1257306    0.20%
   9198  4158      841.6788   102      841.1012      842.7784  1263699    0.20%
   9277  4188      841.8435    98      841.1012      842.7757  1270072    0.20%
   9311  4198        cutoff            841.1012      842.7733  1276442    0.20%
   9368  4220      841.3050    92      841.1012      842.7718  1282752    0.20%
   9402  4234      842.5447   128      841.1012      842.7657  1288516    0.20%
   9428  4245      842.0934   108      841.1012      842.7654  1295190    0.20%
   9490  4273      841.1697   108      841.1012      842.7594  1301511    0.20%
   9569  4286      841.5314   126      841.1012      842.7584  1307764    0.20%
   9634  4317      841.5566   104      841.1012      842.7533  1313749    0.20%
Elapsed time = 864.71 sec. (933981.56 ticks, tree = 95.81 MB, solutions = 3)
   9728  4346      841.7103   110      841.1012      842.7511  1319490    0.20%
   9798  4403      842.2111   118      841.1012      842.7478  1325680    0.20%
   9832  4417      841.1692   106      841.1012      842.7446  1332047    0.20%
   9895  4446      841.8503    98      841.1012      842.7386  1338046    0.19%
   9962  4473      841.4632    94      841.1012      842.7372  1344541    0.19%
  10050  4509      841.3689    84      841.1012      842.7370  1350368    0.19%
  10118  4547      842.2148   114      841.1012      842.7362  1356042    0.19%
  10186  4581        cutoff            841.1012      842.7362  1361409    0.19%
  10233  4599      841.4142    66      841.1012      842.7362  1365960    0.19%
  10251  4610      841.4320   104      841.1012      842.7357  1371936    0.19%
Elapsed time = 900.45 sec. (973144.24 ticks, tree = 101.52 MB, solutions = 3)
  10300  4627      841.2789    88      841.1012      842.7357  1378040    0.19%
* 10332+ 4635                          841.1025      842.7356             0.19%
  10332  4637      841.4208   106      841.1025      842.7356  1382265    0.19%
  10333  4636        cutoff            841.1025      842.7341  1383592    0.19%
  10334  4637      842.6348   116      841.1025      842.7306  1383813    0.19%
  10391  4666      841.8706   126      841.1025      842.7295  1389573    0.19%
  10438  4689        cutoff            841.1025      842.7276  1395644    0.19%

Performing restart 2

Repeating presolve.
Tried aggregator 1 time.
MIP Presolve eliminated 122 rows and 176 columns.
MIP Presolve modified 93 coefficients.
Reduced MIP has 1637 rows, 2996 columns, and 117536 nonzeros.
Reduced MIP has 772 binaries, 424 generals, 0 SOSs, and 0 indicators.
Presolve time = 0.04 sec. (26.84 ticks)
Tried aggregator 1 time.
Reduced MIP has 1637 rows, 2996 columns, and 117536 nonzeros.
Reduced MIP has 772 binaries, 424 generals, 0 SOSs, and 0 indicators.
Presolve time = 0.04 sec. (23.27 ticks)
Represolve time = 0.29 sec. (283.48 ticks)
  10442     0      844.7588    94      841.1025       Cuts: 6  1400514    0.19%

Repeating presolve.
Tried aggregator 1 time.
MIP Presolve eliminated 84 rows and 82 columns.
MIP Presolve modified 34 coefficients.
Reduced MIP has 1553 rows, 2914 columns, and 115028 nonzeros.
Reduced MIP has 733 binaries, 383 generals, 0 SOSs, and 0 indicators.
Presolve time = 0.04 sec. (26.02 ticks)
Tried aggregator 1 time.
Reduced MIP has 1553 rows, 2914 columns, and 115028 nonzeros.
Reduced MIP has 733 binaries, 383 generals, 0 SOSs, and 0 indicators.
Presolve time = 0.03 sec. (22.76 ticks)
Represolve time = 0.28 sec. (285.51 ticks)
  10442     0      844.7343    96      841.1025    MIRcuts: 4  1403864    0.19%
  10442     0      844.7342    94      841.1025    MIRcuts: 1  1403871    0.19%
  10442     0      844.7341    96      841.1025    MIRcuts: 1  1403876    0.19%
* 10442+    0                          841.2223      842.7276             0.18%
  10442     2      844.7315    96      841.2223      842.7276  1403876    0.18%
  10443     3      844.6225   102      841.2223      842.7276  1404320    0.18%
  10447     7      844.1564   104      841.2223      842.7276  1406446    0.18%
  10452    10      842.5192    92      841.2223      842.7276  1409922    0.18%
Elapsed time = 962.40 sec. (1049398.57 ticks, tree = 0.07 MB, solutions = 5)
  10502    22      841.2510    26      841.2223      842.7276  1411928    0.18%
  10518    29      843.3539   106      841.2223      842.7276  1415348    0.18%
  10542    45      841.7802    80      841.2223      842.7276  1419089    0.18%
  10582    57      843.8728   104      841.2223      842.7276  1422072    0.18%
  10592    67      843.4272   114      841.2223      842.7276  1423811    0.18%
  10612    78      843.5884   118      841.2223      842.7276  1427077    0.18%
  10641   102      842.7546   114      841.2223      842.7276  1431752    0.18%
  10678   121      843.4040   112      841.2223      842.7276  1435774    0.18%
  10732   157      843.5589   124      841.2223      842.7276  1441271    0.18%
  10751   176      841.7844   120      841.2223      842.7276  1449004    0.18%
Elapsed time = 989.12 sec. (1090094.93 ticks, tree = 0.55 MB, solutions = 5)
  10802   196      843.5143   134      841.2223      842.7276  1452966    0.18%
  10835   219      842.0331   108      841.2223      842.7276  1458678    0.18%
  10869   236      843.6278   104      841.2223      842.7276  1462391    0.18%
  10922   273      841.9539    85      841.2223      842.7276  1467294    0.18%
  10978   303      842.2923    96      841.2223      842.7276  1471884    0.18%
  11002   322      843.5663   118      841.2223      842.7276  1477942    0.18%
  11034   343      843.3980    96      841.2223      842.7276  1484816    0.18%
  11072   374      842.7868   110      841.2223      842.7276  1491549    0.18%
  11132   423      842.4400    92      841.2223      842.7276  1494972    0.18%
  11205   460      843.6973   110      841.2223      842.7276  1500169    0.18%
Elapsed time = 1016.57 sec. (1131509.00 ticks, tree = 1.32 MB, solutions = 5)
  11260   496      843.0849   114      841.2223      842.7276  1507028    0.18%
  11311   533      841.9489    84      841.2223      842.7276  1511863    0.18%
  11365   570        cutoff            841.2223      842.7276  1517898    0.18%
  11409   600      841.7182    98      841.2223      842.7276  1523673    0.18%
  11477   645      841.4827    75      841.2223      842.7276  1530093    0.18%
  11537   683      843.4099    94      841.2223      842.7276  1536653    0.18%
  11576   706      843.3950   107      841.2223      842.7276  1543267    0.18%
  11626   733      843.5450   111      841.2223      842.7276  1549894    0.18%
  11682   775      842.0635   112      841.2223      842.7276  1557141    0.18%
  11761   832      842.6953   106      841.2223      842.7276  1563270    0.18%
Elapsed time = 1041.26 sec. (1170567.71 ticks, tree = 1.96 MB, solutions = 5)
  11802   859      841.8551   108      841.2223      842.7276  1569462    0.18%
  11854   896      841.6618    98      841.2223      842.7276  1576599    0.18%
  11900   921      841.7388    96      841.2223      842.7276  1583380    0.18%
  11961   963      841.2760    84      841.2223      842.7276  1590064    0.18%
  12048  1019      841.4466    68      841.2223      842.7276  1595880    0.18%
  12090  1034      843.5321    94      841.2223      842.7276  1603100    0.18%
  12153  1084      841.8954    83      841.2223      842.7276  1607663    0.18%
  12228  1138      841.4412    72      841.2223      842.7276  1614119    0.18%
  12268  1167      841.6031    90      841.2223      842.7276  1621869    0.18%
  12347  1190        cutoff            841.2223      842.7276  1627263    0.18%
Elapsed time = 1065.96 sec. (1209644.61 ticks, tree = 2.60 MB, solutions = 5)
  12440  1258      842.4867    95      841.2223      842.7276  1634008    0.18%
  12496  1293      841.2579    90      841.2223      842.7276  1638671    0.18%
  12565  1335      842.7720   100      841.2223      842.7276  1645715    0.18%
  12618  1356      842.9471   110      841.2223      842.7276  1652231    0.18%
  12677  1400      842.2708    90      841.2223      842.7276  1658053    0.18%
  12771  1459      843.3546   112      841.2223      842.7276  1661820    0.18%
  12808  1489      841.2808    96      841.2223      842.7276  1668773    0.18%
  12926  1572      841.3207    42      841.2223      842.7276  1674071    0.18%
  12980  1608      842.9040   110      841.2223      842.7276  1680792    0.18%
  13022  1638      842.4680   100      841.2223      842.7276  1687906    0.18%
Elapsed time = 1091.82 sec. (1248925.47 ticks, tree = 3.37 MB, solutions = 5)
  13070  1663      842.6327   109      841.2223      842.7276  1695034    0.18%
  13174  1735      842.8865   103      841.2223      842.7276  1700535    0.18%
  13242  1782      841.5025    98      841.2223      842.7276  1707339    0.18%
  13281  1807        cutoff            841.2223      842.7276  1714844    0.18%
  13366  1853      843.0454   108      841.2223      842.7276  1720871    0.18%
  13452  1912      843.0571   106      841.2223      842.7276  1725845    0.18%
  13503  1940      841.4332    84      841.2223      842.7276  1732537    0.18%
  13578  1969      841.2746    94      841.2223      842.7276  1738473    0.18%
  13608  1981      842.7698   114      841.2223      842.7276  1745886    0.18%
  13648  2007      841.5756    98      841.2223      842.7276  1750794    0.18%
Elapsed time = 1117.62 sec. (1288194.93 ticks, tree = 4.01 MB, solutions = 5)
  13711  2048      842.6078   114      841.2223      842.7276  1757442    0.18%
  13798  2099      842.9011   111      841.2223      842.7276  1764895    0.18%
  13831  2122      842.4437   100      841.2223      842.7276  1771868    0.18%
  13911  2181      842.7013   115      841.2223      842.7276  1777633    0.18%
  13988  2232      841.9509    68      841.2223      842.7276  1783839    0.18%
  14057  2272      843.0867   120      841.2223      842.7276  1790930    0.18%
  14120  2309      842.0274    98      841.2223      842.7276  1797131    0.18%
  14218  2381      841.9948    90      841.2223      842.7276  1803781    0.18%
  14308  2431      841.9382    92      841.2223      842.7276  1810211    0.18%
  14393  2492      841.5850    88      841.2223      842.7276  1816060    0.18%
Elapsed time = 1144.20 sec. (1327080.69 ticks, tree = 4.94 MB, solutions = 5)
  14487  2550      841.3299    55      841.2223      842.7276  1820943    0.18%
  14584  2621      841.2446    54      841.2223      842.7276  1826891    0.18%
  14670  2680      842.1632    74      841.2223      842.7276  1832283    0.18%
  14741  2725      843.0606   100      841.2223      842.7276  1839761    0.18%
  14809  2771      842.3427   108      841.2223      842.7276  1845883    0.18%
  14894  2821      841.9784    96      841.2223      842.7276  1850585    0.18%
  14978  2883      842.0709   111      841.2223      842.7276  1856261    0.18%
  15062  2938      842.5991   108      841.2223      842.7276  1862806    0.18%
  15146  2999      842.5137    96      841.2223      842.7276  1869286    0.18%
  15239  3059      842.5484   108      841.2223      842.7276  1876118    0.18%
Elapsed time = 1171.80 sec. (1366089.76 ticks, tree = 5.92 MB, solutions = 5)
  15268  3079      841.3659    86      841.2223      842.7276  1881672    0.18%
  15312  3101      842.4604    98      841.2223      842.7276  1888823    0.18%
  15418  3169      841.6242    88      841.2223      842.7276  1895282    0.18%
  15469  3206      842.2125    96      841.2223      842.7276  1902197    0.18%
  15541  3251      841.5611    96      841.2223      842.7276  1908497    0.18%
  15612  3303      841.2722    80      841.2223      842.7276  1914933    0.18%
  15674  3342      842.5636   108      841.2223      842.7276  1921615    0.18%
  15730  3367        cutoff            841.2223      842.7276  1928300    0.18%
  15832  3435      843.0879   102      841.2223      842.7276  1933960    0.18%
  15902  3482      841.8732   100      841.2223      842.7276  1940733    0.18%
Elapsed time = 1197.86 sec. (1404935.70 ticks, tree = 6.61 MB, solutions = 5)
  15967  3520      843.4762   101      841.2223      842.7276  1947397    0.18%
  16026  3550      841.5852    71      841.2223      842.7276  1953424    0.18%
  16125  3609      841.4675    54      841.2223      842.7276  1959371    0.18%
  16227  3678      841.4715    64      841.2223      842.7276  1965353    0.18%
  16310  3716      843.0516   122      841.2223      842.7276  1971358    0.18%
  16387  3747      841.6340    86      841.2223      842.7276  1977981    0.18%
  16455  3791      842.7125   114      841.2223      842.7276  1981960    0.18%
  16544  3847      841.4369    92      841.2223      842.7276  1988413    0.18%
  16599  3867      841.2977    52      841.2223      842.7276  1994880    0.18%
  16699  3925      843.2890   116      841.2223      842.7276  2000542    0.18%
Elapsed time = 1224.62 sec. (1443791.68 ticks, tree = 7.37 MB, solutions = 5)
  16816  4014      842.8923    92      841.2223      842.7276  2005666    0.18%
  16914  4082      842.7419   108      841.2223      842.7276  2012157    0.18%
  16967  4109      841.3817    74      841.2223      842.7276  2019145    0.18%
  17032  4123      841.7437   126      841.2223      842.7276  2026489    0.18%
  17085  4153      842.2511   112      841.2223      842.7276  2034224    0.18%
  17138  4176      843.0642    94      841.2223      842.7276  2041663    0.18%
  17209  4221      841.4460    93      841.2223      842.7276  2048042    0.18%
  17287  4273      841.5565    58      841.2223      842.7276  2053246    0.18%
  17359  4296        cutoff            841.2223      842.7276  2059701    0.18%
  17469  4370        cutoff            841.2223      842.7276  2064744    0.18%
Elapsed time = 1251.60 sec. (1483546.30 ticks, tree = 8.29 MB, solutions = 5)
  17596  4464      842.1879    94      841.2223      842.7276  2069965    0.18%
  17653  4509      841.8677    92      841.2223      842.7276  2076677    0.18%
  17741  4541      842.9585   108      841.2223      842.7276  2082330    0.18%
  17798  4584      842.0133    94      841.2223      842.7276  2088407    0.18%
  17890  4619      842.7811    98      841.2223      842.7276  2093519    0.18%
  17927  4644      841.9398    88      841.2223      842.7276  2100339    0.18%
  17992  4682      841.7114   100      841.2223      842.7276  2106456    0.18%
  18072  4717      842.6396   100      841.2223      842.7276  2112269    0.18%
  18146  4770      842.6172   114      841.2223      842.7276  2117908    0.18%
  18227  4828      841.8475   102      841.2223      842.7276  2122673    0.18%
Elapsed time = 1278.55 sec. (1522435.82 ticks, tree = 9.09 MB, solutions = 5)
  18262  4843      842.6476   109      841.2223      842.7276  2129827    0.18%
  18337  4898        cutoff            841.2223      842.7276  2135410    0.18%
  18426  4949      842.7722   105      841.2223      842.7276  2140997    0.18%
  18477  4974      841.8298    93      841.2223      842.7276  2146213    0.18%
  18560  5024        cutoff            841.2223      842.7276  2151895    0.18%
  18642  5093      841.7131    62      841.2223      842.7276  2156497    0.18%
  18686  5121      842.0219   104      841.2223      842.7276  2163173    0.18%
  18769  5165      841.5483    84      841.2223      842.7276  2168363    0.18%
  18864  5228      841.5252    58      841.2223      842.7276  2173914    0.18%
  18952  5290      841.4305    50      841.2223      842.7276  2180278    0.18%
Elapsed time = 1305.01 sec. (1561022.68 ticks, tree = 9.89 MB, solutions = 5)
  18988  5303        cutoff            841.2223      842.7276  2188095    0.18%
  19042  5329      841.4720    94      841.2223      842.7276  2195578    0.18%
  19129  5395      841.3139    52      841.2223      842.7276  2200762    0.18%
  19178  5427      842.4410   108      841.2223      842.7276  2207642    0.18%
  19245  5459      842.1909   102      841.2223      842.7276  2213536    0.18%
  19332  5523      841.9243    84      841.2223      842.7276  2218683    0.18%
  19425  5581      842.6115   118      841.2223      842.7276  2225109    0.18%
  19508  5640      842.5667   118      841.2223      842.7276  2231294    0.18%
  19562  5676      841.4184    86      841.2223      842.7276  2237592    0.18%
  19612  5693      841.5332   103      841.2223      842.7276  2244389    0.18%
Elapsed time = 1331.58 sec. (1601197.13 ticks, tree = 10.59 MB, solutions = 5)
  19659  5724      842.1154   109      841.2223      842.7276  2251250    0.18%
  19725  5770      841.4300    66      841.2223      842.7276  2257056    0.18%
  19800  5802      842.3157   110      841.2223      842.7276  2263326    0.18%
  19880  5856      841.3815   102      841.2223      842.7276  2268799    0.18%
  19932  5896      841.5774    86      841.2223      842.7276  2275224    0.18%
  19975  5923      842.2226    94      841.2223      842.7276  2281756    0.18%
  20046  5976      841.4103   106      841.2223      842.7276  2287026    0.18%
  20109  6014      841.9130   102      841.2223      842.7276  2293420    0.18%
  20185  6059      842.5091    98      841.2223      842.7276  2299260    0.18%
  20260  6106      842.5183    92      841.2223      842.7276  2306455    0.18%
Elapsed time = 1357.19 sec. (1640198.91 ticks, tree = 11.31 MB, solutions = 5)
  20332  6156      841.5039    76      841.2223      842.7276  2311996    0.18%
  20364  6180        cutoff            841.2223      842.7276  2319426    0.18%
  20467  6230      841.6782    82      841.2223      842.7276  2324391    0.18%
  20532  6266      842.1681   106      841.2223      842.7276  2330283    0.18%
  20612  6327      841.6833    84      841.2223      842.7276  2336048    0.18%
  20682  6362      841.3698    88      841.2223      842.7276  2341893    0.18%
  20762  6408      842.1840   111      841.2223      842.7276  2347631    0.18%
  20841  6459      841.7092   108      841.2223      842.7276  2353315    0.18%
  20859  6468        cutoff            841.2223      842.7276  2355716    0.18%
  20900  6490      841.3186    86      841.2223      842.7276  2361912    0.18%
Elapsed time = 1383.07 sec. (1678897.27 ticks, tree = 11.98 MB, solutions = 5)
  20957  6517      842.8511   114      841.2223      842.7276  2367849    0.18%
  20985  6528        cutoff            841.2223      842.7276  2375026    0.18%
  21060  6585      842.5996    94      841.2223      842.7276  2380362    0.18%
  21126  6627      841.8216    88      841.2223      842.7276  2385978    0.18%
  21195  6676      841.5764    64      841.2223      842.7276  2391607    0.18%
  21238  6697      842.7964   112      841.2223      842.7276  2398457    0.18%
  21264  6716      841.4367    98      841.2223      842.7276  2403789    0.18%
  21335  6752      841.9447   100      841.2223      842.7276  2409754    0.18%
  21395  6790        cutoff            841.2223      842.7276  2416206    0.18%
  21471  6813        cutoff            841.2223      842.7276  2422244    0.18%
Elapsed time = 1408.13 sec. (1717968.56 ticks, tree = 12.55 MB, solutions = 5)
  21526  6843      841.5542   106      841.2223      842.7276  2428501    0.18%
  21598  6888      841.2698    74      841.2223      842.7276  2434342    0.18%
  21642  6910      841.8979    98      841.2223      842.7276  2440796    0.18%
  21702  6926      842.7218   122      841.2223      842.7276  2447520    0.18%
  21768  6973      841.2748   118      841.2223      842.7276  2453875    0.18%
  21829  7015      841.8144   119      841.2223      842.7276  2459848    0.18%
  21894  7057      841.8131    86      841.2223      842.7276  2465887    0.18%
  21981  7119      841.6989   100      841.2223      842.7276  2470735    0.18%
  22041  7152      841.4109    80      841.2223      842.7276  2477270    0.18%
  22147  7224      841.8222    42      841.2223      842.7276  2481137    0.18%
Elapsed time = 1434.31 sec. (1757586.60 ticks, tree = 13.28 MB, solutions = 5)
  22207  7255      841.4725    86      841.2223      842.7276  2487305    0.18%
  22244  7270      841.5332   104      841.2223      842.7276  2494104    0.18%
  22291  7296      842.5724   110      841.2223      842.7276  2500580    0.18%
  22383  7361      841.7946   103      841.2223      842.7276  2506336    0.18%
  22435  7403        cutoff            841.2223      842.7276  2512771    0.18%
  22472  7415      842.1073   112      841.2223      842.7276  2519690    0.18%
  22542  7460      842.5062   104      841.2223      842.7276  2525449    0.18%
  22627  7519      841.8048   112      841.2223      842.7276  2531303    0.18%
  22670  7543      843.1720   120      841.2223      842.7276  2538011    0.18%
  22709  7570      842.3888   112      841.2223      842.7276  2544027    0.18%
Elapsed time = 1459.30 sec. (1796771.05 ticks, tree = 13.89 MB, solutions = 5)
  22788  7627      841.3983   102      841.2223      842.7276  2549696    0.18%
  22840  7648      842.4630   117      841.2223      842.7276  2556017    0.18%
  22886  7679      841.9963    96      841.2223      842.7276  2561493    0.18%
  22981  7745      841.6389    82      841.2223      842.7276  2567306    0.18%
  23043  7776      842.2701   100      841.2223      842.7276  2573688    0.18%
  23116  7806      841.4451    92      841.2223      842.7276  2579199    0.18%
  23173  7834        cutoff            841.2223      842.7276  2585286    0.18%
  23250  7883      841.7867   106      841.2223      842.7276  2590928    0.18%
  23316  7916      842.5513    94      841.2223      842.7276  2597261    0.18%
  23393  7955      842.3190    82      841.2223      842.7276  2603115    0.18%
Elapsed time = 1485.25 sec. (1835773.93 ticks, tree = 14.58 MB, solutions = 5)
  23447  7978      842.2241   124      841.2223      842.7276  2610933    0.18%
  23502  8001      842.4398   110      841.2223      842.7276  2617966    0.18%
  23564  8029      841.3938    51      841.2223      842.7276  2624215    0.18%
  23602  8048      842.2326   106      841.2223      842.7276  2630529    0.18%
  23642  8075      842.9238   107      841.2223      842.7276  2636806    0.18%
  23676  8092      841.3491   102      841.2223      842.7276  2643853    0.18%
  23734  8134      841.2716    70      841.2223      842.7276  2649335    0.18%
  23792  8172      842.2723    97      841.2223      842.7276  2655173    0.18%
  23871  8226      841.6472   101      841.2223      842.7276  2660889    0.18%
  23929  8251      841.2853    72      841.2223      842.7276  2667211    0.18%
Elapsed time = 1510.36 sec. (1875319.52 ticks, tree = 15.43 MB, solutions = 5)
  23974  8283      842.0544    94      841.2223      842.7276  2673431    0.18%
  24054  8335      841.8042   114      841.2223      842.7276  2678526    0.18%
  24141  8397      841.9716    63      841.2223      842.7276  2683146    0.18%
  24221  8438      841.2586    98      841.2223      842.7276  2689412    0.18%
  24257  8452      842.3260   103      841.2223      842.7276  2696509    0.18%
  24324  8472      842.0605    92      841.2223      842.7276  2702587    0.18%
  24381  8504      843.0850   122      841.2223      842.7276  2709009    0.18%
  24439  8529      842.3888    94      841.2223      842.7276  2715000    0.18%
  24500  8571      842.5206   118      841.2223      842.7276  2719562    0.18%
  24587  8634      842.1970   101      841.2223      842.7276  2724568    0.18%
Elapsed time = 1535.79 sec. (1914002.23 ticks, tree = 16.11 MB, solutions = 5)
  24672  8688      842.8300   110      841.2223      842.7276  2730096    0.18%
  24701  8706      841.7987    92      841.2223      842.7276  2737505    0.18%
  24773  8738      841.7742    90      841.2223      842.7276  2743376    0.18%
  24854  8789      841.4624    86      841.2223      842.7276  2747599    0.18%
  24912  8820      841.7550   105      841.2223      842.7276  2753590    0.18%
  24955  8851      841.7058    82      841.2223      842.7276  2760414    0.18%
  25032  8886      842.4248   114      841.2223      842.7276  2767430    0.18%
  25067  8907      841.3629    96      841.2223      842.7276  2774235    0.18%
  25113  8933        cutoff            841.2223      842.7276  2780528    0.18%
  25196  8965      842.0330    91      841.2223      842.7276  2786600    0.18%
Elapsed time = 1560.97 sec. (1953283.46 ticks, tree = 16.70 MB, solutions = 5)
  25267  9006      841.8860   104      841.2223      842.7276  2791839    0.18%
  25334  9051      842.5130   104      841.2223      842.7276  2797437    0.18%
  25378  9073      841.6861    90      841.2223      842.7276  2804334    0.18%
  25465  9135      841.5454    86      841.2223      842.7276  2809847    0.18%
  25560  9199      841.8365    84      841.2223      842.7276  2814415    0.18%
  25642  9234      842.3454   112      841.2223      842.7276  2819797    0.18%
  25703  9283      841.3251    98      841.2223      842.7276  2825904    0.18%
  25739  9309      841.8309    96      841.2223      842.7276  2832848    0.18%
  25826  9352      841.3249    36      841.2223      842.7276  2837608    0.18%
  25896  9386      841.2719    92      841.2223      842.7276  2843564    0.18%
Elapsed time = 1587.85 sec. (1993790.24 ticks, tree = 17.45 MB, solutions = 5)
  25965  9432      841.4121   110      841.2223      842.7276  2849730    0.18%
  26035  9480      841.5057   110      841.2223      842.7276  2855851    0.18%
  26054  9491      841.6324   108      841.2223      842.7276  2859390    0.18%
  26113  9512      842.4721   110      841.2223      842.7276  2865332    0.18%
  26211  9586      841.5861    58      841.2223      842.7276  2869712    0.18%
  26255  9609      841.3761    98      841.2223      842.7276  2875789    0.18%
  26302  9634      842.2609    93      841.2223      842.7276  2882236    0.18%
  26376  9690        cutoff            841.2223      842.7276  2887962    0.18%
  26411  9707        cutoff            841.2223      842.7276  2895070    0.18%
  26470  9729      842.7258    93      841.2223      842.7276  2901876    0.18%
Elapsed time = 1613.11 sec. (2033188.13 ticks, tree = 18.05 MB, solutions = 5)
  26553  9782      841.8223   108      841.2223      842.7276  2905962    0.18%
  26599  9806      841.4063    92      841.2223      842.7276  2913310    0.18%
  26681  9853        cutoff            841.2223      842.7276  2918572    0.18%
  26774  9913      841.5578    88      841.2223      842.7276  2923843    0.18%
  26855  9959      841.9204    60      841.2223      842.7276  2929678    0.18%
  26909  9986      842.3320   109      841.2223      842.7276  2936553    0.18%
  26976 10031      842.8571   107      841.2223      842.7276  2942632    0.18%
  27049 10068      842.0349   105      841.2223      842.7276  2948549    0.18%
  27095 10085      841.3494    60      841.2223      842.7276  2955096    0.18%
  27181 10132        cutoff            841.2223      842.7276  2960796    0.18%
Elapsed time = 1639.32 sec. (2072185.16 ticks, tree = 18.76 MB, solutions = 5)
  27214 10144      841.2994   112      841.2223      842.7276  2967699    0.18%
  27258 10174      843.0016   115      841.2223      842.7276  2972713    0.18%
  27303 10205      842.1897   112      841.2223      842.7276  2978506    0.18%
  27366 10251      841.3070   104      841.2223      842.7276  2984308    0.18%
  27405 10273      841.3828    98      841.2223      842.7276  2991040    0.18%
  27445 10296      842.0958    97      841.2223      842.7276  2997585    0.18%
  27528 10331      841.9081   112      841.2223      842.7276  3002088    0.18%
  27598 10382      842.4630   106      841.2223      842.7276  3007327    0.18%
  27668 10431      842.1526   114      841.2223      842.7276  3012170    0.18%
  27697 10445        cutoff            841.2223      842.7276  3018996    0.18%
Elapsed time = 1663.61 sec. (2110987.69 ticks, tree = 19.31 MB, solutions = 5)
  27755 10474      842.1815   102      841.2223      842.7276  3025195    0.18%
  27838 10531      841.7652    82      841.2223      842.7276  3030283    0.18%
  27887 10550      841.2427   112      841.2223      842.7276  3037426    0.18%
  27922 10560      842.1427   102      841.2223      842.7276  3045138    0.18%
  27977 10586      841.2954    72      841.2223      842.7276  3051229    0.18%
  28041 10618      842.5619   114      841.2223      842.7276  3057260    0.18%
  28122 10680      842.4262   108      841.2223      842.7276  3062138    0.18%
  28193 10732      842.4837   109      841.2223      842.7276  3067628    0.18%
  28232 10753      842.7565   106      841.2223      842.7276  3074761    0.18%
  28296 10781      841.4041    88      841.2223      842.7276  3080699    0.18%
Elapsed time = 1689.31 sec. (2150895.53 ticks, tree = 19.91 MB, solutions = 5)
  28355 10818      841.5005   104      841.2223      842.7276  3087508    0.18%
  28392 10830      842.1063   116      841.2223      842.7276  3094316    0.18%
  28452 10863      842.2306   112      841.2223      842.7276  3100270    0.18%
  28548 10931      842.6493   104      841.2223      842.7276  3105740    0.18%
  28622 10975      841.7405   116      841.2223      842.7276  3111723    0.18%
  28673 11004      842.0926    99      841.2223      842.7276  3117635    0.18%
  28762 11064      842.7222   105      841.2223      842.7276  3123067    0.18%
  28862 11132        cutoff            841.2223      842.7276  3128167    0.18%
  28917 11170      841.6223    80      841.2223      842.7276  3134003    0.18%
  28990 11212      842.1383    76      841.2223      842.7276  3139874    0.18%
Elapsed time = 1715.61 sec. (2190214.91 ticks, tree = 20.67 MB, solutions = 5)
  29081 11269      841.3318    92      841.2223      842.7276  3145509    0.18%
  29115 11284      841.9658   104      841.2223      842.7276  3152408    0.18%
  29188 11334      841.9322   106      841.2223      842.7276  3158174    0.18%
  29242 11369      841.9640   104      841.2223      842.7276  3163256    0.18%
  29302 11408      842.3746   106      841.2223      842.7276  3169286    0.18%
  29379 11458      841.6484   106      841.2223      842.7276  3175048    0.18%
  29438 11498      841.9323    80      841.2223      842.7276  3180701    0.18%
  29488 11520        cutoff            841.2223      842.7276  3187435    0.18%
  29530 11541      841.9249    94      841.2223      842.7276  3194543    0.18%
  29612 11599      841.9128   101      841.2223      842.7276  3199803    0.18%
Elapsed time = 1740.74 sec. (2228845.60 ticks, tree = 21.36 MB, solutions = 5)
  29700 11652        cutoff            841.2223      842.7276  3205570    0.18%
  29750 11682      841.2455   100      841.2223      842.7276  3212531    0.18%
  29787 11693        cutoff            841.2223      842.7276  3219745    0.18%
  29853 11741      842.1738    89      841.2223      842.7276  3225202    0.18%
  29907 11764      841.8769    92      841.2223      842.7276  3231365    0.18%
  29935 11773      842.4901   111      841.2223      842.7276  3238904    0.18%
  30045 11848      842.4954   114      841.2223      842.7276  3244060    0.18%
  30109 11875      841.4744    92      841.2223      842.7276  3250080    0.18%
  30175 11905      841.4466    97      841.2223      842.7276  3256292    0.18%
  30233 11929        cutoff            841.2223      842.7276  3262899    0.18%
Elapsed time = 1765.97 sec. (2268081.42 ticks, tree = 21.95 MB, solutions = 5)
  30292 11972      841.7127    86      841.2223      842.7276  3268528    0.18%
  30360 12014      841.3197    98      841.2223      842.7276  3275106    0.18%
  30432 12063      841.8833    82      841.2223      842.7276  3280141    0.18%
  30512 12122      841.5462    74      841.2223      842.7276  3285509    0.18%
  30562 12155      841.5908   114      841.2223      842.7276  3292097    0.18%
  30629 12183      841.4290    58      841.2223      842.7276  3298383    0.18%
  30669 12203      841.2962    91      841.2223      842.7276  3305129    0.18%
  30701 12223      841.3579    96      841.2223      842.7276  3312546    0.18%
  30752 12249      842.1201   106      841.2223      842.7276  3318929    0.18%
  30849 12312      841.4916    44      841.2223      842.7276  3322732    0.18%
Elapsed time = 1791.06 sec. (2306803.03 ticks, tree = 22.62 MB, solutions = 5)
  30937 12374      841.2435    70      841.2223      842.7276  3327868    0.18%
  30992 12408      842.1192    90      841.2223      842.7276  3333667    0.18%
  31106 12478      842.2406   107      841.2223      842.7276  3338504    0.18%
  31137 12498      842.7186   120      841.2223      842.7276  3345574    0.18%
  31219 12566      841.3617    72      841.2223      842.7276  3350204    0.18%
  31296 12609      841.4802    50      841.2223      842.7276  3354824    0.18%
  31338 12638      842.2791   106      841.2223      842.7276  3361393    0.18%
  31385 12660      841.2494    91      841.2223      842.7276  3367830    0.18%
  31449 12685      841.8436   114      841.2223      842.7276  3374626    0.18%
  31503 12721      842.3928   100      841.2223      842.7276  3381516    0.18%
Elapsed time = 1816.99 sec. (2345942.54 ticks, tree = 23.34 MB, solutions = 5)
  31565 12766        cutoff            841.2223      842.7276  3387880    0.18%
  31629 12816      841.5348    74      841.2223      842.7276  3393340    0.18%
  31683 12850      841.6286   102      841.2223      842.7276  3399216    0.18%
  31775 12902      842.1300    98      841.2223      842.7276  3404872    0.18%
  31827 12931        cutoff            841.2223      842.7276  3411389    0.18%
  31889 12971      841.4933    96      841.2223      842.7276  3417270    0.18%
  31932 12994      841.6913    90      841.2223      842.7276  3423962    0.18%
  32008 13037      842.2952   107      841.2223      842.7276  3430483    0.18%
  32057 13069      841.3669    96      841.2223      842.7276  3435646    0.18%
  32109 13087        cutoff            841.2223      842.7276  3441997    0.18%
Elapsed time = 1842.04 sec. (2384979.70 ticks, tree = 24.00 MB, solutions = 5)
  32174 13121        cutoff            841.2223      842.7276  3448009    0.18%
  32250 13174      842.6123   104      841.2223      842.7276  3453903    0.18%
  32289 13202      841.3396    84      841.2223      842.7276  3460568    0.18%
  32370 13240      842.8312   118      841.2223      842.7276  3465598    0.18%
  32401 13255      842.1880   112      841.2223      842.7276  3472567    0.18%
  32442 13276      842.1268   122      841.2223      842.7276  3478483    0.18%
  32506 13315      841.8901   104      841.2223      842.7276  3484794    0.18%
  32572 13356      842.2536    96      841.2223      842.7276  3489894    0.18%
  32678 13417      841.4223    76      841.2223      842.7276  3494999    0.18%
  32777 13479      842.7598   106      841.2223      842.7276  3499661    0.18%
Elapsed time = 1868.24 sec. (2424662.65 ticks, tree = 24.69 MB, solutions = 5)
  32812 13506      841.9886    89      841.2223      842.7276  3506298    0.18%
  32896 13564      841.9772   108      841.2223      842.7276  3510415    0.18%
  33005 13630      841.2340    48      841.2223      842.7276  3515737    0.18%
  33045 13647        cutoff            841.2223      842.7276  3522496    0.18%
  33096 13677      842.1353   112      841.2223      842.7276  3528559    0.18%
  33166 13710      841.5714    84      841.2223      842.7276  3534734    0.18%
  33242 13769      841.9865    76      841.2223      842.7276  3539200    0.18%
  33312 13810      841.4057    96      841.2223      842.7276  3544877    0.18%
  33382 13836      842.4381    98      841.2223      842.7276  3551826    0.18%
  33462 13900      842.5621    88      841.2223      842.7276  3556114    0.18%
Elapsed time = 1894.20 sec. (2464189.11 ticks, tree = 25.43 MB, solutions = 5)
  33568 13974      842.5226   110      841.2223      842.7276  3560537    0.18%
  33649 14035      841.9853   106      841.2223      842.7276  3565198    0.18%
  33722 14079      841.8930   102      841.2223      842.7276  3570846    0.18%
  33816 14138      842.2078   105      841.2223      842.7276  3576560    0.18%
  33905 14199      842.3667   101      841.2223      842.7276  3581611    0.18%
  34012 14276      841.5722    66      841.2223      842.7276  3586473    0.18%
  34060 14299      841.8663   112      841.2223      842.7276  3591210    0.18%
  34132 14342      842.0105   128      841.2223      842.7276  3597432    0.18%
  34167 14356      842.3286    98      841.2223      842.7276  3604999    0.18%
  34260 14426      841.9931    91      841.2223      842.7276  3610067    0.18%
Elapsed time = 1921.46 sec. (2503866.57 ticks, tree = 26.36 MB, solutions = 5)
  34362 14495      841.7771    94      841.2223      842.7276  3615539    0.18%
  34434 14530      841.9727   102      841.2223      842.7276  3621273    0.18%
  34536 14597      842.0246    94      841.2223      842.7276  3626431    0.18%
  34628 14666      842.2449   103      841.2223      842.7276  3631826    0.18%
  34718 14731      842.0652   116      841.2223      842.7276  3637063    0.18%
  34785 14779      841.6415   100      841.2223      842.7276  3642756    0.18%
  34827 14794      841.8703    88      841.2223      842.7276  3649730    0.18%
  34898 14841      841.3811    90      841.2223      842.7276  3654814    0.18%
  34950 14860      841.9435   104      841.2223      842.7276  3661621    0.18%
  34993 14889      841.3096    96      841.2223      842.7276  3668253    0.18%
Elapsed time = 1947.40 sec. (2542460.17 ticks, tree = 27.18 MB, solutions = 5)
  35036 14905      841.3167    59      841.2223      842.7276  3674722    0.18%
  35072 14925        cutoff            841.2223      842.7276  3681234    0.18%
  35139 14950      842.2066   102      841.2223      842.7276  3687884    0.18%
  35221 15007      842.3837    93      841.2223      842.7276  3694146    0.18%
  35316 15073      841.6069   100      841.2223      842.7276  3699772    0.18%
  35372 15106        cutoff            841.2223      842.7276  3706406    0.18%
  35453 15163      842.5604   117      841.2223      842.7276  3711957    0.18%
  35492 15177      841.8391   108      841.2223      842.7276  3718958    0.18%
  35555 15224      842.6481   118      841.2223      842.7276  3725328    0.18%
  35614 15271      841.8753    78      841.2223      842.7276  3730949    0.18%
Elapsed time = 1972.98 sec. (2581872.00 ticks, tree = 27.86 MB, solutions = 5)
  35681 15307      842.0722   116      841.2223      842.7276  3736790    0.18%
  35755 15358      842.0004   108      841.2223      842.7276  3742204    0.18%
  35832 15409      841.9191   102      841.2223      842.7276  3747891    0.18%
  35908 15447        cutoff            841.2223      842.7276  3753999    0.18%
  35958 15472      841.4870    82      841.2223      842.7276  3760687    0.18%
  36042 15531      841.3413    70      841.2223      842.7276  3766201    0.18%
  36108 15576      841.7031    67      841.2223      842.7276  3771608    0.18%
  36218 15644      842.4211   117      841.2223      842.7276  3776934    0.18%
  36319 15710      841.2768   122      841.2223      842.7276  3782168    0.18%
  36364 15731      841.6189    95      841.2223      842.7276  3788625    0.18%
Elapsed time = 1999.43 sec. (2620853.28 ticks, tree = 28.67 MB, solutions = 5)
  36467 15803      841.6140    72      841.2223      842.7276  3793275    0.18%
  36542 15850      841.7189   100      841.2223      842.7276  3799317    0.18%
  36583 15871      841.7792   107      841.2223      842.7276  3805678    0.18%
  36699 15925      841.6938    88      841.2223      842.7276  3810290    0.18%
  36760 15954      841.4698    82      841.2223      842.7276  3816910    0.18%
  36801 15978      841.4144    78      841.2223      842.7276  3824202    0.18%
  36910 16036      841.8069    66      841.2223      842.7276  3828503    0.18%
  36989 16078      842.0812    92      841.2223      842.7276  3834439    0.18%
  37066 16118      841.5070   110      841.2223      842.7276  3841727    0.18%
  37126 16159      842.2303    85      841.2223      842.7276  3847481    0.18%
Elapsed time = 2026.29 sec. (2660470.42 ticks, tree = 29.43 MB, solutions = 5)
  37195 16200      841.8734    88      841.2223      842.7276  3853741    0.18%
  37290 16251      841.2700    72      841.2223      842.7276  3858797    0.18%
  37364 16290      841.2834   102      841.2223      842.7276  3864174    0.18%
  37419 16311      841.3911    66      841.2223      842.7276  3869907    0.18%
  37486 16349      841.5714    86      841.2223      842.7276  3875498    0.18%
  37598 16419        cutoff            841.2223      842.7276  3880020    0.18%
  37667 16472      842.2871   107      841.2223      842.7276  3885551    0.18%
  37700 16492      842.2011   110      841.2223      842.7276  3892192    0.18%
  37821 16539      841.7480    61      841.2223      842.7276  3896727    0.18%
  37864 16564      842.3677   104      841.2223      842.7276  3903210    0.18%
Elapsed time = 2052.70 sec. (2699302.21 ticks, tree = 30.82 MB, solutions = 5)
  37970 16635      841.8478   116      841.2223      842.7276  3908653    0.18%
  38024 16658      842.0679   107      841.2223      842.7276  3914824    0.18%
  38093 16700      842.5792   116      841.2223      842.7276  3920308    0.18%
  38179 16770      841.5762   102      841.2223      842.7276  3925618    0.18%
  38236 16798      841.8601    86      841.2223      842.7276  3932075    0.18%
  38331 16864      842.1867    54      841.2223      842.7276  3936898    0.18%
  38419 16923      841.8343    88      841.2223      842.7276  3943170    0.18%
  38471 16948      841.4596    90      841.2223      842.7276  3949469    0.18%
  38534 16989      841.2743    94      841.2223      842.7276  3955990    0.18%
  38591 17006      841.6685   104      841.2223      842.7276  3962150    0.18%
Elapsed time = 2079.11 sec. (2738302.53 ticks, tree = 31.61 MB, solutions = 5)
  38626 17028      841.2949    96      841.2223      842.7276  3969098    0.18%
  38697 17069      841.2709    84      841.2223      842.7276  3974705    0.18%
  38773 17127      841.8584   100      841.2223      842.7276  3980237    0.18%
  38838 17154      842.0980   114      841.2223      842.7276  3986572    0.18%
  38890 17188      841.5573    86      841.2223      842.7276  3991009    0.18%
  38972 17243      841.7628    84      841.2223      842.7276  3996293    0.18%
  39030 17274      841.7516    98      841.2223      842.7276  4002707    0.18%
  39113 17337      841.8327   109      841.2223      842.7276  4007549    0.18%
  39172 17370      842.3295   101      841.2223      842.7276  4013652    0.18%
  39264 17437      841.6232    90      841.2223      842.7276  4019084    0.18%
Elapsed time = 2105.05 sec. (2777359.90 ticks, tree = 32.37 MB, solutions = 5)
  39323 17470      841.4613   102      841.2223      842.7276  4025298    0.18%
  39425 17516      842.1479   114      841.2223      842.7276  4030840    0.18%
  39497 17565      841.9506    84      841.2223      842.7276  4036736    0.18%
  39548 17598      841.4422   106      841.2223      842.7276  4043751    0.18%
  39624 17656        cutoff            841.2223      842.7276  4049162    0.18%
  39734 17729      841.3392    32      841.2223      842.7276  4054701    0.18%
  39772 17747        cutoff            841.2223      842.7276  4061314    0.18%
  39856 17806      842.1661   116      841.2223      842.7276  4066924    0.18%
  39936 17863      841.3221    91      841.2223      842.7276  4072558    0.18%
  39968 17869      842.5533   108      841.2223      842.7276  4079940    0.18%
Elapsed time = 2131.04 sec. (2816371.90 ticks, tree = 33.14 MB, solutions = 5)
  40069 17940      841.6924    42      841.2223      842.7276  4083234    0.18%
  40119 17969      841.7803   108      841.2223      842.7276  4089660    0.18%
  40215 18029      841.4858    70      841.2223      842.7276  4094589    0.18%
  40317 18101      841.3630    66      841.2223      842.7276  4099812    0.18%
  40377 18137      841.2531    66      841.2223      842.7276  4106318    0.18%
  40449 18181      841.7468    62      841.2223      842.7276  4111110    0.18%
  40524 18231      842.1406   101      841.2223      842.7276  4116975    0.18%
  40607 18293      841.7090    92      841.2223      842.7276  4123073    0.18%
  40670 18337      841.5752   104      841.2223      842.7276  4129388    0.18%
  40768 18382      842.2484   102      841.2223      842.7276  4135408    0.18%
Elapsed time = 2157.47 sec. (2854796.33 ticks, tree = 34.05 MB, solutions = 5)
  40842 18436      842.5256   112      841.2223      842.7276  4140581    0.18%
  40936 18507      842.5563    93      841.2223      842.7276  4146702    0.18%
  41068 18594      842.3449    98      841.2223      842.7276  4151368    0.18%
  41161 18661      841.6136   100      841.2223      842.7276  4157335    0.18%
  41241 18716      841.8722    91      841.2223      842.7276  4163243    0.18%
  41311 18764      841.3220    86      841.2223      842.7276  4169322    0.18%
  41390 18808        cutoff            841.2223      842.7276  4175070    0.18%
  41448 18836      841.5501    66      841.2223      842.7276  4181320    0.18%
  41502 18866      841.4625   102      841.2223      842.7276  4187556    0.18%
  41592 18919      841.8088    82      841.2223      842.7276  4192906    0.18%
Elapsed time = 2184.43 sec. (2893520.29 ticks, tree = 34.99 MB, solutions = 5)
  41638 18944      842.1659   103      841.2223      842.7276  4199653    0.18%
  41714 18999      841.8652    96      841.2223      842.7276  4205362    0.18%
  41798 19034      841.8450    79      841.2223      842.7276  4210490    0.18%
  41885 19079      841.4184    82      841.2223      842.7276  4216738    0.18%
  41970 19133      841.3038    86      841.2223      842.7276  4223047    0.18%
  42017 19159      841.4981    76      841.2223      842.7276  4229227    0.18%
  42074 19177      841.8868    94      841.2223      842.7276  4235764    0.18%
  42122 19207      842.2297   120      841.2223      842.7276  4241606    0.18%
  42203 19266      841.8380   112      841.2223      842.7276  4246514    0.18%
  42271 19291        cutoff            841.2223      842.7276  4252731    0.18%
Elapsed time = 2210.00 sec. (2931995.53 ticks, tree = 35.66 MB, solutions = 5)
  42357 19353        cutoff            841.2223      842.7276  4257968    0.18%
  42431 19399      842.7631   112      841.2223      842.7276  4263756    0.18%
  42511 19446      841.6177   104      841.2223      842.7276  4270321    0.18%
  42542 19457      841.8883    98      841.2223      842.7276  4277668    0.18%
  42603 19492        cutoff            841.2223      842.7276  4284073    0.18%
  42654 19516      841.8553    73      841.2223      842.7276  4290918    0.18%
  42743 19562      841.8604    96      841.2223      842.7276  4295802    0.18%
  42802 19604      841.5259    94      841.2223      842.7276  4302113    0.18%
  42869 19645      841.3189    88      841.2223      842.7276  4308205    0.18%
  42912 19670      841.6900    98      841.2223      842.7276  4314698    0.18%
Elapsed time = 2235.42 sec. (2970870.13 ticks, tree = 36.33 MB, solutions = 5)
  42963 19693        cutoff            841.2223      842.7276  4321377    0.18%
  43026 19721        cutoff            841.2223      842.7276  4327693    0.18%
  43108 19752      841.9390   109      841.2223      842.7276  4334490    0.18%
  43162 19773      841.8854    96      841.2223      842.7276  4340664    0.18%
  43247 19818      841.2974   116      841.2223      842.7276  4346276    0.18%
  43320 19860        cutoff            841.2223      842.7276  4352188    0.18%
  43404 19907        cutoff            841.2223      842.7276  4357013    0.18%
  43462 19936      841.8147   110      841.2223      842.7276  4363164    0.18%
  43560 20005      841.5903    84      841.2223      842.7276  4368621    0.18%
  43636 20062      841.9724   103      841.2223      842.7276  4373591    0.18%
Elapsed time = 2261.74 sec. (3010228.35 ticks, tree = 37.02 MB, solutions = 5)
  43708 20105      841.9526    94      841.2223      842.7276  4379125    0.18%
  43807 20172      841.8679    72      841.2223      842.7276  4384291    0.18%
  43894 20228        cutoff            841.2223      842.7276  4390182    0.18%
  43979 20286      841.5811    88      841.2223      842.7276  4395525    0.18%
  44062 20345      841.4333    88      841.2223      842.7276  4400897    0.18%
  44126 20386      841.3568    74      841.2223      842.7276  4407247    0.18%
  44228 20454        cutoff            841.2223      842.7276  4412692    0.18%
  44295 20502      841.3535    87      841.2223      842.7276  4418479    0.18%
  44382 20552      841.6461    98      841.2223      842.7276  4424017    0.18%
  44441 20584      841.2524   104      841.2223      842.7276  4430710    0.18%
Elapsed time = 2288.52 sec. (3049048.66 ticks, tree = 37.95 MB, solutions = 5)
  44480 20603      841.9527   114      841.2223      842.7276  4437199    0.18%
  44554 20642        cutoff            841.2223      842.7276  4442673    0.18%
  44605 20673      841.2453   112      841.2223      842.7276  4449956    0.18%
  44650 20697      841.9127   102      841.2223      842.7276  4456508    0.18%
  44717 20719        cutoff            841.2223      842.7276  4462692    0.18%
  44754 20733      841.9435    99      841.2223      842.7276  4470479    0.18%
  44817 20771      841.7374   112      841.2223      842.7276  4476352    0.18%
  44893 20795      842.1434    88      841.2223      842.7276  4482095    0.18%
  44985 20847      842.1674    90      841.2223      842.7276  4487665    0.18%
  45041 20856        cutoff            841.2223      842.7276  4494017    0.18%
Elapsed time = 2314.01 sec. (3088981.29 ticks, tree = 38.44 MB, solutions = 5)
  45096 20882      842.2336    91      841.2223      842.7276  4500410    0.18%
  45183 20943      841.5756    64      841.2223      842.7276  4505510    0.18%
  45242 20977      841.5677    78      841.2223      842.7276  4511209    0.18%
  45323 21007      841.4090    88      841.2223      842.7276  4517046    0.18%
  45375 21043      841.4798   102      841.2223      842.7276  4523500    0.18%
  45422 21072      841.9473   100      841.2223      842.7276  4530006    0.18%
  45515 21108      842.1010   104      841.2223      842.7276  4535336    0.18%
  45594 21165        cutoff            841.2223      842.7276  4540690    0.18%
  45696 21238      841.3823    58      841.2223      842.7276  4545571    0.18%
  45786 21296        cutoff            841.2223      842.7276  4550968    0.18%
Elapsed time = 2340.34 sec. (3127871.96 ticks, tree = 39.22 MB, solutions = 5)
  45899 21384      842.4895   103      841.2223      842.7276  4556069    0.18%
  45941 21404      842.0236   108      841.2223      842.7276  4562906    0.18%
  46036 21475      841.9460   107      841.2223      842.7276  4568280    0.18%
  46147 21542      842.7936   115      841.2223      842.7276  4573578    0.18%
  46246 21619      841.4290    60      841.2223      842.7276  4579129    0.18%
  46290 21634      841.6586   100      841.2223      842.7276  4586135    0.18%
  46352 21671      841.7252    97      841.2223      842.7276  4592012    0.18%
  46441 21729      841.2425    68      841.2223      842.7276  4597779    0.18%
  46510 21779      841.9823    96      841.2223      842.7276  4603245    0.18%
  46596 21835      841.2936    68      841.2223      842.7276  4609330    0.18%
Elapsed time = 2367.09 sec. (3166468.51 ticks, tree = 40.17 MB, solutions = 5)
  46681 21883        cutoff            841.2223      842.7276  4614794    0.18%
  46712 21904      841.7010   100      841.2223      842.7276  4621762    0.18%
  46770 21921      842.1588   110      841.2223      842.7276  4628122    0.18%
  46866 21992      841.5769    97      841.2223      842.7276  4632566    0.18%
  46939 22034      841.2437    48      841.2223      842.7276  4637764    0.18%
  46997 22060      842.2140    98      841.2223      842.7276  4644320    0.18%
  47039 22077      841.5046    88      841.2223      842.7276  4650917    0.18%
  47099 22115      841.3777   102      841.2223      842.7276  4657616    0.18%
  47159 22148        cutoff            841.2223      842.7276  4664130    0.18%
  47239 22194      841.5945    99      841.2223      842.7276  4670947    0.18%
Elapsed time = 2392.90 sec. (3205703.11 ticks, tree = 40.88 MB, solutions = 5)
  47273 22205      841.2765   106      841.2223      842.7276  4677793    0.18%
  47334 22245      842.4612    86      841.2223      842.7276  4683233    0.18%
  47440 22310      842.3783    97      841.2223      842.7276  4688238    0.18%
  47559 22359      842.3135   101      841.2223      842.7276  4693446    0.18%
  47644 22416      841.4236   104      841.2223      842.7276  4700170    0.18%
  47687 22431      841.3066    80      841.2223      842.7276  4706752    0.18%
  47762 22483      841.6984    89      841.2223      842.7276  4711680    0.18%
  47862 22562      842.0718    78      841.2223      842.7276  4716288    0.18%
  47941 22612      841.5005   106      841.2223      842.7276  4722921    0.18%
  48050 22685      841.2564    40      841.2223      842.7276  4727122    0.18%
Elapsed time = 2419.80 sec. (3244827.52 ticks, tree = 41.75 MB, solutions = 5)
  48106 22702      841.8022   102      841.2223      842.7276  4733547    0.18%
  48155 22726      842.3577    96      841.2223      842.7276  4739806    0.18%
  48266 22801      841.6502    80      841.2223      842.7276  4744793    0.18%
  48323 22822      841.2922    99      841.2223      842.7276  4751495    0.18%
  48372 22844      841.4178   102      841.2223      842.7276  4757873    0.18%
  48469 22899      842.1356   112      841.2223      842.7276  4763116    0.18%
  48540 22947      841.4011    98      841.2223      842.7276  4768909    0.18%
  48611 22987        cutoff            841.2223      842.7276  4774930    0.18%
  48678 23024      842.3550   104      841.2223      842.7276  4780560    0.18%
  48809 23112        cutoff            841.2223      842.7276  4785202    0.18%
Elapsed time = 2445.99 sec. (3283617.13 ticks, tree = 42.51 MB, solutions = 5)
  48856 23137      841.2300   108      841.2223      842.7276  4791205    0.18%
  48961 23219      842.0089    95      841.2223      842.7276  4795743    0.18%
  49044 23282      842.0885   116      841.2223      842.7276  4801393    0.18%
  49127 23338      841.3269    92      841.2223      842.7276  4807250    0.18%
  49210 23390      841.9749    72      841.2223      842.7276  4812685    0.18%
  49259 23421      842.4769   121      841.2223      842.7276  4817952    0.18%
  49355 23495        cutoff            841.2223      842.7276  4823517    0.18%
  49417 23522      841.3751    80      841.2223      842.7276  4829974    0.18%
  49478 23555      841.8649   126      841.2223      842.7276  4835954    0.18%
  49524 23583      842.1195   108      841.2223      842.7276  4842666    0.18%
Elapsed time = 2471.92 sec. (3322246.13 ticks, tree = 43.35 MB, solutions = 5)
  49604 23627      842.1748   126      841.2223      842.7276  4848743    0.18%
  49666 23658      842.3338   118      841.2223      842.7276  4854661    0.18%
  49750 23718        cutoff            841.2223      842.7276  4860130    0.18%
  49796 23744      841.4107    92      841.2223      842.7276  4866889    0.18%
  49904 23808      842.1052    46      841.2223      842.7276  4870956    0.18%
  49981 23860      841.9050    98      841.2223      842.7276  4877019    0.18%
  50068 23913      841.6538    94      841.2223      842.7276  4882796    0.18%
  50128 23946      841.8015    94      841.2223      842.7276  4888954    0.18%
  50189 23963      841.6308    94      841.2223      842.7276  4895406    0.18%
  50242 23980      842.2035    94      841.2223      842.7276  4902320    0.18%
Elapsed time = 2497.81 sec. (3360972.26 ticks, tree = 44.11 MB, solutions = 5)
  50333 24055      842.1015   107      841.2223      842.7276  4907312    0.18%
  50426 24118      842.2856   108      841.2223      842.7276  4913881    0.18%
  50504 24172      842.2971   114      841.2223      842.7276  4917942    0.18%
  50564 24196      842.5385   119      841.2223      842.7276  4924880    0.18%
  50647 24257      841.9046    90      841.2223      842.7276  4930238    0.18%
  50708 24294      841.6928   117      841.2223      842.7276  4937171    0.18%
  50811 24368      841.6069    38      841.2223      842.7276  4941676    0.18%
  50861 24393      841.2559    70      841.2223      842.7276  4948288    0.18%
  50927 24418      841.9077   100      841.2223      842.7276  4954284    0.18%
  50984 24453      842.1720   108      841.2223      842.7276  4960493    0.18%
Elapsed time = 2524.31 sec. (3400410.91 ticks, tree = 44.92 MB, solutions = 5)
  51070 24501      841.7421    84      841.2223      842.7276  4966043    0.18%
  51176 24578        cutoff            841.2223      842.7276  4971305    0.18%
  51242 24619      841.8994    88      841.2223      842.7276  4976313    0.18%
  51328 24661      842.6072   112      841.2223      842.7276  4983042    0.18%
  51406 24719      842.4987   119      841.2223      842.7276  4988433    0.18%
  51487 24770        cutoff            841.2223      842.7276  4994248    0.18%
  51542 24797        cutoff            841.2223      842.7276  5000705    0.18%
  51615 24854      841.3553    55      841.2223      842.7276  5005979    0.18%
  51690 24888      841.5168   104      841.2223      842.7276  5012253    0.18%
  51742 24915        cutoff            841.2223      842.7276  5018392    0.18%
Elapsed time = 2550.56 sec. (3439348.14 ticks, tree = 45.72 MB, solutions = 5)
  51828 24980      841.6571   116      841.2223      842.7276  5024984    0.18%
  51878 25002      842.3446   120      841.2223      842.7276  5031350    0.18%
  51965 25061      841.8069   104      841.2223      842.7276  5036811    0.18%
  52043 25117      841.6148    77      841.2223      842.7276  5041697    0.18%
  52174 25208      841.2296    40      841.2223      842.7276  5046667    0.18%
  52223 25223      842.0236   114      841.2223      842.7276  5053125    0.18%
  52315 25302      841.4686    48      841.2223      842.7276  5058296    0.18%
  52419 25366        cutoff            841.2223      842.7276  5064408    0.18%
  52478 25410      841.8739   115      841.2223      842.7276  5069379    0.18%
  52539 25454      841.8075   101      841.2223      842.7276  5075341    0.18%
Elapsed time = 2577.47 sec. (3478370.54 ticks, tree = 46.65 MB, solutions = 5)
  52611 25500      841.7934    96      841.2223      842.7276  5081630    0.18%
  52682 25542        cutoff            841.2223      842.7276  5087068    0.18%
  52782 25606      841.3281    78      841.2223      842.7276  5092761    0.18%
  52850 25654      841.2651    74      841.2223      842.7276  5098506    0.18%
  52921 25686      841.6090    54      841.2223      842.7276  5104678    0.18%
  52979 25705      841.8317    86      841.2223      842.7276  5111327    0.18%
  53019 25727      841.9443   110      841.2223      842.7276  5117924    0.18%
  53102 25759      841.2607    54      841.2223      842.7276  5124078    0.18%
  53152 25782      841.8537   103      841.2223      842.7276  5130837    0.18%
  53221 25827      841.2422    84      841.2223      842.7276  5136866    0.18%
Elapsed time = 2603.01 sec. (3516976.73 ticks, tree = 47.30 MB, solutions = 5)
  53278 25869      841.7572    83      841.2223      842.7276  5140292    0.18%
  53339 25898      841.4544    98      841.2223      842.7276  5146715    0.18%
  53419 25936      841.9123   100      841.2223      842.7276  5152686    0.18%
  53483 25969      842.3006   115      841.2223      842.7276  5159163    0.18%
  53582 26019      842.6310   110      841.2223      842.7276  5164190    0.18%
  53616 26039      841.8586   108      841.2223      842.7276  5171312    0.18%
  53708 26093      841.7266   100      841.2223      842.7276  5177507    0.18%
  53770 26107      842.0533    86      841.2223      842.7276  5183908    0.18%
  53862 26156      841.3189    86      841.2223      842.7276  5189376    0.18%
  53931 26189      841.3483    94      841.2223      842.7276  5195636    0.18%
Elapsed time = 2629.08 sec. (3556291.50 ticks, tree = 47.94 MB, solutions = 5)
  53968 26196      841.9495    98      841.2223      842.7276  5202638    0.18%
  54048 26238        cutoff            841.2223      842.7276  5208288    0.18%
  54140 26309      841.8432   101      841.2223      842.7276  5212802    0.18%
  54239 26368      841.4046    78      841.2223      842.7276  5218538    0.18%
  54322 26411      841.2353    50      841.2223      842.7276  5224053    0.18%
  54380 26445      842.7221   120      841.2223      842.7276  5230328    0.18%
  54429 26470      841.9317   102      841.2223      842.7276  5237013    0.18%
  54476 26501      841.4010    78      841.2223      842.7276  5241546    0.18%
  54569 26562      841.2670    50      841.2223      842.7276  5246762    0.18%
  54642 26612      841.4152    76      841.2223      842.7276  5252535    0.18%
Elapsed time = 2654.58 sec. (3594598.49 ticks, tree = 48.69 MB, solutions = 5)
  54700 26645      841.3940    95      841.2223      842.7276  5259188    0.18%
  54754 26666      842.1951   119      841.2223      842.7276  5265864    0.18%
  54829 26701      842.3188   100      841.2223      842.7276  5272466    0.18%
  54938 26779      842.1426   118      841.2223      842.7276  5277499    0.18%
  55006 26821      841.3695    82      841.2223      842.7276  5283704    0.18%
  55054 26845      841.2724    90      841.2223      842.7276  5290360    0.18%
  55095 26864      841.6980   108      841.2223      842.7276  5296902    0.18%
  55149 26903      841.2436    94      841.2223      842.7276  5303299    0.18%
  55227 26939      842.1580   102      841.2223      842.7276  5309053    0.18%
  55301 26985      841.9615   107      841.2223      842.7276  5312960    0.18%
Elapsed time = 2680.02 sec. (3633636.40 ticks, tree = 49.35 MB, solutions = 5)
  55384 27038      842.1319   114      841.2223      842.7276  5319522    0.18%
  55419 27057      841.2253    78      841.2223      842.7276  5326482    0.18%
  55484 27076      842.7261   105      841.2223      842.7276  5332687    0.18%
  55556 27134      842.1328    93      841.2223      842.7276  5337754    0.18%
  55655 27194        cutoff            841.2223      842.7276  5342353    0.18%
  55750 27264        cutoff            841.2223      842.7276  5346964    0.18%
  55819 27301      841.3548   112      841.2223      842.7276  5353778    0.18%
  55882 27337      841.5075    76      841.2223      842.7276  5359895    0.18%
  55970 27393      842.6263   113      841.2223      842.7276  5365487    0.18%
  56024 27422      841.6778   108      841.2223      842.7276  5372237    0.18%
Elapsed time = 2706.36 sec. (3672970.41 ticks, tree = 50.23 MB, solutions = 5)
  56116 27477      842.1321   106      841.2223      842.7276  5377784    0.18%
  56184 27511      841.2950    64      841.2223      842.7276  5384047    0.18%
  56271 27555      842.5842   111      841.2223      842.7276  5389902    0.18%
  56372 27632      841.9003    95      841.2223      842.7276  5395311    0.18%
  56446 27670      841.2922    92      841.2223      842.7276  5401447    0.18%
  56509 27698      841.9555   117      841.2223      842.7276  5407612    0.18%
  56564 27729      842.3717   134      841.2223      842.7276  5413525    0.18%
  56631 27776      841.3823   106      841.2223      842.7276  5420150    0.18%
  56704 27814      842.1964    96      841.2223      842.7276  5425681    0.18%
  56989 27981      841.7826    96      841.2223      842.7276  5449329    0.18%
Elapsed time = 2740.54 sec. (3723611.48 ticks, tree = 51.22 MB, solutions = 5)
  57284 28175      841.7845    88      841.2223      842.7260  5471831    0.18%
  57563 28334      841.9220    86      841.2223      842.7224  5496305    0.18%
  57822 28498      842.3322   106      841.2223      842.7208  5519673    0.18%
  58211 28772      842.5072   109      841.2223      842.7196  5542244    0.18%
  58559 29012      841.7917    76      841.2223      842.7181  5563414    0.18%
  58847 29160      841.4424    94      841.2223      842.7146  5586433    0.18%
  59153 29348      842.0283    96      841.2223      842.7123  5609639    0.18%
  59434 29517      841.6717    68      841.2223      842.7092  5631903    0.18%
  59710 29670      841.3887    74      841.2223      842.7064  5655278    0.18%
  59968 29826        cutoff            841.2223      842.7053  5681044    0.18%
Elapsed time = 2844.35 sec. (3877104.86 ticks, tree = 54.50 MB, solutions = 5)
  60223 29986      842.0878    98      841.2223      842.7029  5706240    0.18%
  60472 30108      841.6551    92      841.2223      842.7002  5730744    0.18%
  60728 30227      841.3163    66      841.2223      842.6978  5755322    0.18%
  61078 30426      842.3449   108      841.2223      842.6959  5776730    0.18%
  61416 30628      841.3201    58      841.2223      842.6938  5797955    0.17%
  61736 30821      842.2098   114      841.2223      842.6890  5820260    0.17%
  61989 30965      842.0370   106      841.2223      842.6849  5844992    0.17%
  62386 31227      841.4310    44      841.2223      842.6835  5865185    0.17%
  62642 31402      841.9396   100      841.2223      842.6822  5888387    0.17%
  62958 31598        cutoff            841.2223      842.6796  5911402    0.17%
Elapsed time = 2948.84 sec. (4030890.72 ticks, tree = 57.68 MB, solutions = 5)
  63250 31778      841.5088    78      841.2223      842.6780  5933165    0.17%
  63557 31950      841.6937   100      841.2223      842.6768  5956238    0.17%
  63847 32147      841.9232   107      841.2223      842.6756  5978290    0.17%
  64145 32350      841.4052    84      841.2223      842.6722  6002730    0.17%
  64465 32548      841.8831    72      841.2223      842.6709  6025965    0.17%
  64742 32655      841.6548    84      841.2223      842.6689  6051932    0.17%
  65052 32846      842.6440    91      841.2223      842.6653  6074704    0.17%
  65411 33053      841.4261    72      841.2223      842.6641  6096503    0.17%
  65702 33209      841.4034    86      841.2223      842.6609  6119016    0.17%
  66101 33437      841.4338    59      841.2223      842.6575  6139275    0.17%
Elapsed time = 3052.62 sec. (4184376.22 ticks, tree = 62.31 MB, solutions = 5)
  66450 33650      841.8942   114      841.2223      842.6545  6162291    0.17%
  66745 33848      842.0328   121      841.2223      842.6522  6186582    0.17%
  67032 33999      841.7282    85      841.2223      842.6497  6209138    0.17%
  67445 34269      842.2020   104      841.2223      842.6480  6230657    0.17%
  67673 34417      842.0983   119      841.2223      842.6462  6252755    0.17%
  67982 34599      842.2597   100      841.2223      842.6437  6274838    0.17%
  68285 34798      841.7408    96      841.2223      842.6420  6297978    0.17%
  68622 35040      841.9917   100      841.2223      842.6399  6320001    0.17%
  68858 35181      842.4311   112      841.2223      842.6383  6342937    0.17%
  69123 35356      841.7731   111      841.2223      842.6367  6366817    0.17%
Elapsed time = 3152.55 sec. (4338220.28 ticks, tree = 65.76 MB, solutions = 5)
  69477 35572        cutoff            841.2223      842.6349  6386771    0.17%
  69763 35735      841.7516    94      841.2223      842.6316  6410029    0.17%
  70003 35872      842.1167   114      841.2223      842.6293  6434217    0.17%
  70296 36059        cutoff            841.2223      842.6272  6456793    0.17%
  70618 36267      841.8635    98      841.2223      842.6256  6478771    0.17%
  70857 36387        cutoff            841.2223      842.6222  6503088    0.17%
  71159 36590      841.9101   112      841.2223      842.6209  6525255    0.17%
  71474 36781      841.5562    92      841.2223      842.6185  6547175    0.17%
  71791 36997        cutoff            841.2223      842.6174  6568833    0.17%
Starting limited solution polishing.
  72052 37164      842.1973   113      841.2223      842.6159  6588516    0.17%
Elapsed time = 3249.02 sec. (4491487.33 ticks, tree = 69.02 MB, solutions = 5)
  72300 37328      841.5948    88      841.2223      842.6137  6611161    0.17%
  72522 37463      841.5940   100      841.2223      842.6131  6629946    0.17%
  72757 37594      841.4366    54      841.2223      842.6115  6648036    0.17%
  73032 37745      841.6403    98      841.2223      842.6102  6670066    0.16%
  73267 37861      841.4110   108      841.2223      842.6080  6690648    0.16%
  73504 37981      841.6156   106      841.2223      842.6070  6715836    0.16%
  73742 38133      841.2464    48      841.2223      842.6055  6732241    0.16%
  73960 38267        cutoff            841.2223      842.6045  6753517    0.16%
  74158 38368      841.9119    92      841.2223      842.5995  6771958    0.16%
  74362 38493      841.8457   116      841.2223      842.5984  6792623    0.16%
Elapsed time = 3345.19 sec. (4645338.72 ticks, tree = 71.41 MB, solutions = 5)
  74598 38643      841.2747   104      841.2223      842.5969  6813622    0.16%
  74792 38759      841.3150   118      841.2223      842.5952  6831147    0.16%
  74959 38845      842.4558   109      841.2223      842.5940  6850210    0.16%
  75151 38959      841.7007   102      841.2223      842.5929  6863999    0.16%
  75401 39077      841.6740   106      841.2223      842.5915  6880854    0.16%
  75642 39217      841.3786   100      841.2223      842.5900  6898735    0.16%
  75882 39397      841.8768    82      841.2223      842.5889  6913429    0.16%
  76042 39491      841.4330   124      841.2223      842.5862  6929710    0.16%
  76314 39667      842.0125    96      841.2223      842.5836  6948523    0.16%
  76542 39835      841.6042    76      841.2223      842.5821  6960290    0.16%
Elapsed time = 3449.99 sec. (4802907.23 ticks, tree = 73.87 MB, solutions = 5)
  76812 39989      841.5859    89      841.2223      842.5810  6978416    0.16%
  77010 40102      841.5532    94      841.2223      842.5803  6994501    0.16%
  77185 40202      841.9484   106      841.2223      842.5791  7007231    0.16%
  77419 40316      841.9316   106      841.2223      842.5771  7027413    0.16%
  77642 40448      841.6159    86      841.2223      842.5755  7042756    0.16%
  77948 40627      841.9697   106      841.2223      842.5747  7062386    0.16%
  78142 40723      841.8180   101      841.2223      842.5737  7079937    0.16%
  78442 40906      842.0446   105      841.2223      842.5726  7100079    0.16%
  78698 41062      841.5862    88      841.2223      842.5711  7120352    0.16%
  78942 41197      841.2656   104      841.2223      842.5693  7137914    0.16%
Elapsed time = 3560.72 sec. (4970567.49 ticks, tree = 76.32 MB, solutions = 5)
  79142 41315      842.2723   115      841.2223      842.5675  7153623    0.16%
  79350 41465      841.2812    92      841.2223      842.5667  7169387    0.16%
  79571 41605      841.6741   108      841.2223      842.5643  7185761    0.16%
Advanced basis not built.

Flow cuts applied:  5
Mixed integer rounding cuts applied:  12
Lift and project cuts applied:  2
User cuts applied:  1833

Root node processing (before b&c):
  Real time             =    5.95 sec. (4412.73 ticks)
Sequential b&c:
  Real time             = 3594.06 sec. (5025727.50 ticks)
                          ------------
Total (root+branch&cut) = 3600.01 sec. (5030140.24 ticks)
|V|                                     900
K                                       10
theta                                   0.20
r                                       10
R                                       25
prob_func                               linear
#C1                                     21248
#CP                                     471774

@Parameters: 
am_callback_heuristic                   false
am_local_search                         true
am_start_heuristic                      false
colocation                              true
comp                                    false
cutC                                    true
cutC_init                               false
cutF                                    false
cutF_init                               false
cutF_stable                             false
cutF_wrong                              false
cutLocal                                false
cutM                                    true
cutM_init                               true
cutM_stable                             false
cutP                                    true
cutP_init                               false
cutP_stable                             false
init                                    true
init_cutF_zero                          false
init_val_greedy                         true
is_Euclidean                            false
is_local_search                         false
is_right_cutP                           true
is_root                                 false
is_silent                               false
is_start                                false
mycut                                   false
pmed                                    false
pre                                     true
stable_root                             false
str                                     false
two_phase                               false
ubstr                                   false
mode                                    Int

am_callback_node_space                  50
init                                    0
mixture_seed                            1
node_space                              5
nodelimit                               -1
nsepa                                   1
strF                                    0
type_delta                              0

EPS                                     0.001000
EPS_FRAC                                0.00
gap                                     0.00
mixture_high_max                        0.99
mixture_high_min                        0.90
mixture_low_max                         0.01
mixture_low_min                         0.00
mixture_low_share                       0.80
timelimit                               3600.00

Number of Closed Sites: 2 / 20 
Number of Confined Sites-1: 1 / 9 
Number of Confined Sites-k: 250 / 250 
Preprocess Time: 1.34 + 0.00 sec

Solve Time: 3600.02
Number of Nodes: 79742
Termination Status: TIME_LIMIT

CutInfo: [phase] num / time (sec) / aver. num_nonzero
max              [LP]     0 / 0.00 / 0.00 [init]   458 / 0.02 / 24.96 [rLC]   565 / 0.09 / 52.50 [rUC]   896 / 0.17 / 35.01 [sLC]   659 / 0.22 / 54.61 [sUC]  2648 / 3.16 / 41.21 
prod_oa          [LP]     0 / 0.00 / 0.00 [init]   330 / 0.06 / 330.74 [rLC]   935 / 0.46 / 351.45 [rUC]    21 / 1.13 / 176.67 [sLC]  2195 / 1.10 / 335.85 [sUC]   197 / 27.85 / 196.39 
prod_sm_fixed    [LP]     0 / 0.00 / 0.00 [init]     0 / 0.00 / 0.00 [rLC]     0 / 0.00 / 0.00 [rUC]     0 / 0.00 / 0.00 [sLC]     0 / 0.00 / 0.00 [sUC]     0 / 0.00 / 0.00 
prod_bin         [LP]     0 / 0.00 / 0.00 [init]     0 / 0.00 / 0.00 [rLC]     0 / 0.00 / 0.00 [rUC]     0 / 0.00 / 0.00 [sLC]     0 / 0.00 / 0.00 [sUC]     0 / 0.00 / 0.00 
prod_local       [LP]     0 / 0.00 / 0.00 [init]     0 / 0.00 / 0.00 [rLC]     0 / 0.00 / 0.00 [rUC]     0 / 0.00 / 0.00 [sLC]     0 / 0.00 / 0.00 [sUC]     0 / 0.00 / 0.00 
prod_sm_C        [LP]     0 / 0.00 / 0.00 [init]     0 / 0.00 / 0.00 [rLC]     0 / 0.00 / 0.00 [rUC]     0 / 0.00 / 0.00 [sLC]     0 / 0.00 / 0.00 [sUC]     0 / 0.00 / 0.00 
facet            [LP]     0 / 0.00 / 0.00 [init]     0 / 0.00 / 0.00 [rLC]     0 / 0.00 / 0.00 [rUC]     0 / 0.00 / 0.00 [sLC]     0 / 0.00 / 0.00 [sUC]     0 / 0.00 / 0.00 
Separation Round:   [LP] 0  [init] 1  [rLC] 7  [rUC] 12  [sLC] 17  [sUC] 134574  
Root Best Bound 845.356899
Root Best Integer: 841.101191
Best Bound: 842.563294
Best Integer: 841.222267
1: 47, 87, 114, 121, 244, 324, 537, 594, 815, 876
Objective Value (calc): 841.150116
sum_etaM = 767.933333 / 767.933333
sum_etaP = 859.544501 / 859.454312
nL: 10
nCL: 0
mCL: 1
