Version identifier: 20.1.0.0 | 2020-11-10 | 9bedb6d68
CPXPARAM_Threads                                 1
CPXPARAM_TimeLimit                               3600
CPXPARAM_MIP_Tolerances_MIPGap                   0
Generic callback                                 0x60
1 of 1 MIP starts provided solutions.
MIP start 'm1' defined initial solution with objective 840.0019.
Tried aggregator 2 times.
MIP Presolve eliminated 5 rows and 4 columns.
Aggregator did 1 substitutions.
Reduced MIP has 2583 rows, 3595 columns, and 125841 nonzeros.
Reduced MIP has 898 binaries, 897 generals, 0 SOSs, and 0 indicators.
Presolve time = 0.06 sec. (39.21 ticks)
Probing time = 0.01 sec. (21.16 ticks)
Tried aggregator 1 time.
Reduced MIP has 2583 rows, 3595 columns, and 125841 nonzeros.
Reduced MIP has 898 binaries, 897 generals, 0 SOSs, and 0 indicators.
Presolve time = 0.03 sec. (22.95 ticks)
Probing time = 0.01 sec. (21.11 ticks)
MIP emphasis: balance optimality and feasibility.
MIP search method: dynamic search.
Parallel mode: none, using 1 thread.
Root relaxation solution time = 0.15 sec. (208.33 ticks)

        Nodes                                         Cuts/
   Node  Left     Objective  IInf  Best Integer    Best Bound    ItCnt     Gap

*     0+    0                          840.0019      900.0000             7.14%
      0     0      857.5417    50      840.0019      857.5417     2005    2.09%
      0     0      846.5466    76      840.0019     Cuts: 506     2761    0.78%
      0     0      846.2394    72      840.0019     Cuts: 181     3042    0.74%
      0     0      846.1156    82      840.0019     Cuts: 127     3211    0.73%
      0     0      846.0443    78      840.0019      Cuts: 87     3362    0.72%
      0     0      846.0250    84      840.0019      Cuts: 68     3441    0.72%
      0     0      846.0180    86      840.0019      Cuts: 51     3500    0.72%
      0     0      846.0134    80      840.0019 UserPurge2: 22     3547    0.72%
      0     0      846.0121    82      840.0019 UserPurge2: 9     3571    0.72%
      0     0      846.0105    80      840.0019 UserPurge2: 16     3596    0.72%
      0     0      846.0099    78      840.0019 UserPurge2: 12     3619    0.72%
      0     0      846.0096    78      840.0019 UserPurge2: 5     3630    0.72%
      0     0      846.0095    78      840.0019 UserPurge2: 11     3639    0.72%
      0     0      846.0093    80      840.0019 UserPurge2: 2     3648    0.72%
      0     0      846.0093    82      840.0019 UserPurge2: 1     3655    0.72%
      0     0      846.0093    80      840.0019 UserPurge2: 1     3661    0.72%
*     0+    0                          840.4623      846.0093             0.66%
      0     2      845.2729    78      840.4623      845.2729     3661    0.57%
Elapsed time = 6.20 sec. (4322.49 ticks, tree = 0.01 MB, solutions = 2)
      4     6      844.9048    64      840.4623      845.2727     4535    0.57%
      5     7      844.4943    68      840.4623      845.2727     5353    0.57%
      6     8      844.5514    70      840.4623      845.2727     6325    0.57%
      8    10      844.1109    56      840.4623      845.2727     7778    0.57%
     10    12      843.5323    46      840.4623      845.2727     9091    0.57%
     13    15      842.3541    40      840.4623      845.2727    10082    0.57%
     15    17      842.6262    42      840.4623      845.2727    10994    0.57%
     19    21      841.8001    20      840.4623      845.2727    11666    0.57%
     20    22      841.3485    20      840.4623      845.2727    11829    0.57%
     30    23      844.7600    70      840.4623      845.1872    13613    0.56%
Elapsed time = 11.56 sec. (8359.96 ticks, tree = 0.14 MB, solutions = 2)
     35    28      843.7575    56      840.4623      845.1872    16064    0.56%
     40    33      842.7195    36      840.4623      845.1872    17576    0.56%
*    51    39      integral     0      840.6784      845.1872    19214    0.54%
     72    42      844.7486    73      840.6784      845.1856    21145    0.54%
     77    47      843.9485    91      840.6784      845.1856    23618    0.54%
     80    50      843.2904    93      840.6784      845.1856    25564    0.54%
     85    55      842.5614    99      840.6784      845.1856    28326    0.54%
     91    61      842.0832    95      840.6784      845.1856    30904    0.54%
     95    65      840.9461    85      840.6784      845.1856    34729    0.54%
    102    64      844.6483    74      840.6784      845.1671    37014    0.53%
Elapsed time = 26.95 sec. (21259.74 ticks, tree = 0.40 MB, solutions = 3)
    107    69      843.4011    84      840.6784      845.1671    39769    0.53%
    109    71      842.9855    92      840.6784      845.1671    41449    0.53%
    111    73      842.6985    96      840.6784      845.1671    43212    0.53%
    115    77      842.0701    94      840.6784      845.1671    45557    0.53%
    120    82      841.5697    94      840.6784      845.1671    48333    0.53%
    125    83      844.5039    78      840.6784      844.7594    50765    0.49%
    129    87      843.8199    82      840.6784      844.7594    53331    0.49%
    130    88      843.5903    90      840.6784      844.7594    54424    0.49%
    133    91      843.0747    96      840.6784      844.7594    56720    0.49%
    139    97      841.5107    88      840.6784      844.7594    60107    0.49%
Elapsed time = 40.18 sec. (34156.83 ticks, tree = 0.53 MB, solutions = 3)
    140    98      841.3321    96      840.6784      844.7594    61255    0.49%
    147   101        cutoff            840.6784      844.7594    63297    0.49%
    150   104      844.0308    66      840.6784      844.7484    65115    0.48%
    153   107      843.4695    52      840.6784      844.7484    66599    0.48%
    158   112      842.1493    34      840.6784      844.7484    69075    0.48%
    167   117      844.1510    67      840.6784      844.6473    71159    0.47%
    171   121      843.2794    77      840.6784      844.6473    73494    0.47%
    175   125      842.6654    83      840.6784      844.6473    75263    0.47%
    180   130      841.7921    81      840.6784      844.6473    77542    0.47%
    186   136      841.2579    81      840.6784      844.6473    80268    0.47%
Elapsed time = 54.66 sec. (47045.59 ticks, tree = 0.69 MB, solutions = 3)
    192   138      840.8203    83      840.6784      844.6473    82589    0.47%
    195   137      843.9217    58      840.6784      844.6446    84974    0.47%
    200   142      843.0036    62      840.6784      844.6446    87269    0.47%
    204   146      842.5260    66      840.6784      844.6446    89432    0.47%
    210   152      840.9746    58      840.6784      844.6446    92014    0.47%
    218   154      844.0289    75      840.6784      844.5530    94613    0.46%
    220   156      843.4102    65      840.6784      844.5530    96387    0.46%
    225   161      842.5268    79      840.6784      844.5530    98619    0.46%
    231   167      841.7469    85      840.6784      844.5530   100415    0.46%
    235   171      841.0226    74      840.6784      844.5530   102987    0.46%
Elapsed time = 68.38 sec. (60107.47 ticks, tree = 0.80 MB, solutions = 3)
    243   173      843.6959    78      840.6784      844.5506   105443    0.46%
    248   178      842.8933    85      840.6784      844.5506   108072    0.46%
    253   183      842.2630    83      840.6784      844.5506   110303    0.46%
    259   189      840.9608    69      840.6784      844.5506   112344    0.46%
    264   190      843.7323    74      840.6784      844.5493   114479    0.46%
    268   194      842.8622    66      840.6784      844.5493   116803    0.46%
    271   197      841.7530    38      840.6784      844.5493   118925    0.46%
    279   201      843.2713    62      840.6784      844.5325   121276    0.46%
    280   202      843.0259    60      840.6784      844.5325   121957    0.46%
    286   208      841.9373    74      840.6784      844.5325   124236    0.46%
Elapsed time = 79.56 sec. (71007.01 ticks, tree = 0.92 MB, solutions = 3)
    291   213      841.1345    78      840.6784      844.5325   126404    0.46%
    298   214      844.2295    72      840.6784      844.5019   129114    0.45%
    303   219      843.3983    68      840.6784      844.5019   131143    0.45%
    307   223      842.7984    78      840.6784      844.5019   133043    0.45%
    312   228      842.4186    82      840.6784      844.5019   135421    0.45%
    317   233      841.4268    64      840.6784      844.5019   137370    0.45%
    325   237      843.9417    64      840.6784      844.4334   139540    0.45%
    331   243      842.7567    80      840.6784      844.4334   141276    0.45%
    337   249      841.0931    66      840.6784      844.4334   143396    0.45%
    340   252      840.7631    70      840.6784      844.4334   144731    0.45%
Elapsed time = 91.08 sec. (81888.52 ticks, tree = 1.19 MB, solutions = 3)
    347   255      843.4549    75      840.6784      844.4330   147319    0.45%
    351   259      842.7271    89      840.6784      844.4330   149452    0.45%
    355   263      842.0236    75      840.6784      844.4330   151461    0.45%
    360   268      841.3158    58      840.6784      844.4330   153027    0.45%
    371   271      843.8134    66      840.6784      844.4073   155090    0.44%
    378   278      842.7692    44      840.6784      844.4073   156961    0.44%
    385   285      840.9384     8      840.6784      844.4073   158901    0.44%
    395   289      843.3367    74      840.6784      844.4029   160555    0.44%
    400   294      842.2364    84      840.6784      844.4029   162249    0.44%
    407   301      841.0385    94      840.6784      844.4029   164387    0.44%
Elapsed time = 102.40 sec. (92943.56 ticks, tree = 2.10 MB, solutions = 3)
    414   302      843.6450    62      840.6784      844.3979   166204    0.44%
    422   310      842.6268    68      840.6784      844.3979   167984    0.44%
    430   318      841.6221    68      840.6784      844.3979   169855    0.44%
    437   321      843.4791    60      840.6784      844.3800   172326    0.44%
    442   326      842.0663    56      840.6784      844.3800   173977    0.44%
    452   332      843.8058    72      840.6784      844.3137   176041    0.43%
    459   339      842.2681    80      840.6784      844.3137   178069    0.43%
    466   346      841.6391    84      840.6784      844.3137   179858    0.43%
    474   350      843.3549    68      840.6784      844.2707   182547    0.43%
    479   355      841.7367    48      840.6784      844.2707   184819    0.43%
Elapsed time = 114.55 sec. (104695.95 ticks, tree = 3.17 MB, solutions = 3)
    487   357      843.7372    70      840.6784      844.2292   186673    0.42%
    493   363      842.6964    82      840.6784      844.2292   188520    0.42%
    500   370      841.5672    72      840.6784      844.2292   190380    0.42%
    511   379      840.9279    75      840.6784      844.2292   192414    0.42%
    519   381      843.6159    62      840.6784      844.2129   193915    0.42%
    520   382      843.4478    70      840.6784      844.2129   194184    0.42%
    528   390      842.5465    68      840.6784      844.2129   195994    0.42%
    535   397      841.6778    70      840.6784      844.2129   197734    0.42%
    542   400      843.7845    74      840.6784      844.1503   199709    0.41%
    567   419      843.3491    65      840.6784      844.1299   206309    0.41%
Elapsed time = 128.70 sec. (118732.28 ticks, tree = 4.45 MB, solutions = 3)
    593   439      841.8833    49      840.6784      844.0888   212868    0.41%
    626   454        cutoff            840.6784      844.0582   219107    0.40%
    644   472      841.0142    92      840.6784      844.0467   224427    0.40%
    667   487      842.7838    66      840.6784      844.0308   231689    0.40%
    688   500      843.3262    60      840.6784      844.0282   238594    0.40%
    712   518      841.6941    85      840.6784      844.0040   245372    0.40%
    734   532      841.9051    42      840.6784      844.0035   251087    0.40%
    773   557      843.4688    64      840.6784      843.9481   257783    0.39%
    800   578      843.3322    81      840.6784      843.9377   265360    0.39%
    823   591      842.6581    74      840.6784      843.9331   272788    0.39%
Elapsed time = 167.02 sec. (159065.31 ticks, tree = 8.58 MB, solutions = 3)
    854   614      843.5245    64      840.6784      843.9217   279387    0.39%
    880   632      842.8597    58      840.6784      843.9160   285486    0.39%
    907   651      842.3150    51      840.6784      843.9135   292458    0.38%
    945   675      843.1948    58      840.6784      843.8888   298892    0.38%
    970   694      842.3897    82      840.6784      843.8754   305287    0.38%

Performing restart 1

Repeating presolve.
Tried aggregator 1 time.
MIP Presolve eliminated 820 rows and 411 columns.
MIP Presolve modified 333 coefficients.
Reduced MIP has 1763 rows, 3184 columns, and 124161 nonzeros.
Reduced MIP has 897 binaries, 487 generals, 0 SOSs, and 0 indicators.
Presolve time = 0.04 sec. (28.17 ticks)
Tried aggregator 1 time.
Reduced MIP has 1763 rows, 3184 columns, and 124161 nonzeros.
Reduced MIP has 897 binaries, 487 generals, 0 SOSs, and 0 indicators.
Presolve time = 0.04 sec. (24.49 ticks)
Represolve time = 0.27 sec. (273.17 ticks)
    984     0      844.8633    88      840.6784      Cuts: 10   312544    0.38%
    984     0      844.8595    86      840.6784    MIRcuts: 2   312582    0.38%
    984     0      844.8590    90      840.6784    MIRcuts: 1   312594    0.38%
    984     0      844.8583    82      840.6784    MIRcuts: 1   312607    0.38%
    984     0      844.8580    86      840.6784    MIRcuts: 1   312616    0.38%
    984     0      844.8331    82      840.6784       Cuts: 2   312664    0.38%
    984     2      844.7946    84      840.6784      843.8754   312664    0.38%
    985     3      844.6674    80      840.6784      843.8754   313033    0.38%
    988     6      844.4667    78      840.6784      843.8754   313752    0.38%
    996    14      843.6247    70      840.6784      843.8754   316804    0.38%
   1002    20      843.0419    70      840.6784      843.8754   318764    0.38%
Elapsed time = 210.60 sec. (211407.04 ticks, tree = 0.12 MB, solutions = 3)
   1014    32      841.7101    38      840.6784      843.8754   322034    0.38%
   1031    49      841.4460    50      840.6784      843.8754   324975    0.38%
   1066    63      844.2976    72      840.6784      843.8754   329301    0.38%
   1084    81      843.2705    76      840.6784      843.8754   334397    0.38%
   1105    99      840.9336    40      840.6784      843.8754   339457    0.38%
   1124   111      843.2197    82      840.6784      843.8754   343879    0.38%
   1144   131      842.3199    70      840.6784      843.8754   348664    0.38%
   1168   153      841.1456    42      840.6784      843.8754   352418    0.38%
   1184   161      843.4866    92      840.6784      843.8754   356928    0.38%
   1204   181      842.2973    86      840.6784      843.8754   362865    0.38%
Elapsed time = 242.11 sec. (259707.08 ticks, tree = 0.58 MB, solutions = 3)
   1234   204        cutoff            840.6784      843.8754   367673    0.38%
   1259   227      842.5183    66      840.6784      843.8754   374235    0.38%
   1281   245      844.0525    66      840.6784      843.8754   379139    0.38%
   1302   266      842.0283    50      840.6784      843.8754   385541    0.38%
   1334   292      842.9274    62      840.6784      843.8754   392802    0.38%
   1371   323      843.2075    68      840.6784      843.8754   399078    0.38%
   1419   364      840.7302    30      840.6784      843.8754   406457    0.38%
   1465   404      841.1363    42      840.6784      843.8754   414289    0.38%
   1504   435      842.0642    60      840.6784      843.8754   420273    0.38%
   1536   463      841.6307    46      840.6784      843.8754   427693    0.38%
Elapsed time = 270.01 sec. (298804.59 ticks, tree = 1.31 MB, solutions = 3)
   1583   499      843.0517    70      840.6784      843.8754   434889    0.38%
   1624   534      843.3834    58      840.6784      843.8754   442642    0.38%
   1674   577      843.4470    68      840.6784      843.8754   450927    0.38%
   1717   619      840.6839    40      840.6784      843.8754   458222    0.38%
   1759   653      843.1183    68      840.6784      843.8754   465066    0.38%
   1794   686      841.0214    38      840.6784      843.8754   473066    0.38%
   1844   730      841.1517    26      840.6784      843.8754   480911    0.38%
   1867   747      842.8448    68      840.6784      843.8754   483954    0.38%
   1908   782      843.3578    80      840.6784      843.8754   491453    0.38%
   1940   809      843.1641    66      840.6784      843.8754   498420    0.38%
Elapsed time = 300.94 sec. (338188.69 ticks, tree = 1.95 MB, solutions = 3)
   1970   839      841.1676    54      840.6784      843.8754   504444    0.38%
   1999   862      842.1782    70      840.6784      843.8754   511467    0.38%
   2044   897      843.4239    54      840.6784      843.8715   519048    0.38%
   2090   940      843.1684    80      840.6784      843.8600   526548    0.38%
   2121   967      843.1115    66      840.6784      843.8351   533961    0.38%
   2157   997      843.3464    68      840.6784      843.8146   541481    0.37%
   2185  1025      840.7897    52      840.6784      843.8146   548272    0.37%
   2204  1040      841.8820    70      840.6784      843.8128   554727    0.37%
   2233  1059      842.7065    70      840.6784      843.7891   561563    0.37%
   2270  1092      842.6675    82      840.6784      843.7847   569204    0.37%
Elapsed time = 332.83 sec. (377481.29 ticks, tree = 2.59 MB, solutions = 3)
   2310  1128      843.1995    94      840.6784      843.7616   576446    0.37%
   2343  1160      841.0175    74      840.6784      843.7616   581403    0.37%
   2382  1189      842.6156    72      840.6784      843.7480   586770    0.37%
   2409  1210      840.9227    52      840.6784      843.7480   593382    0.37%
   2446  1233      842.5982    66      840.6784      843.7417   600993    0.36%
   2485  1266      842.9769    66      840.6784      843.7273   608166    0.36%
   2520  1297      842.4220    62      840.6784      843.7148   614555    0.36%
   2568  1339      841.7035    38      840.6784      843.7140   621748    0.36%
   2622  1381      840.7442    31      840.6784      843.7040   629907    0.36%
   2663  1414      842.6239    50      840.6784      843.6894   637362    0.36%
Elapsed time = 366.32 sec. (416971.63 ticks, tree = 5.35 MB, solutions = 3)
   2707  1454      841.2703    46      840.6784      843.6708   645158    0.36%
   2740  1483      842.0070    56      840.6784      843.6683   652377    0.36%
   2771  1502      842.6909    54      840.6784      843.6664   659233    0.36%
   2808  1533      842.7271    86      840.6784      843.6659   666473    0.36%
   2839  1562      840.8454    72      840.6784      843.6659   673713    0.36%
   2882  1601      840.7372    34      840.6784      843.6653   681469    0.36%
   2926  1641      840.8643    28      840.6784      843.6442   688433    0.35%
*  2954+ 1586                          840.7934      843.6318             0.34%
   2958  1592      841.7855    28      840.7934      843.6318   695371    0.34%
   2995  1613      842.6443    64      840.7934      843.6317   699577    0.34%
   3016  1634      841.0205    64      840.7934      843.6317   704251    0.34%
Elapsed time = 397.57 sec. (455804.84 ticks, tree = 5.59 MB, solutions = 4)
   3044  1658      841.7626    54      840.7934      843.6288   709183    0.34%
   3084  1694      841.4672    48      840.7934      843.6139   715334    0.34%
*  3104+ 1652                          840.8550      843.6129             0.33%
   3114  1664      842.1194    62      840.8550      843.6129   720958    0.33%
   3134  1680      842.2479    64      840.8550      843.6014   726183    0.33%
   3153  1699      840.9432    50      840.8550      843.6014   732613    0.33%
   3178  1712      842.0863    58      840.8550      843.6008   736873    0.33%
   3204  1734      842.7301    58      840.8550      843.5991   741490    0.33%
   3232  1762      840.8588    32      840.8550      843.5991   746192    0.33%
   3276  1801      841.1352    40      840.8550      843.5989   752971    0.33%
   3308  1829      842.1050    60      840.8550      843.5916   758353    0.33%
Elapsed time = 430.00 sec. (496626.78 ticks, tree = 6.00 MB, solutions = 5)
   3337  1854      842.5560    70      840.8550      843.5848   764993    0.32%
   3356  1873      841.5734    56      840.8550      843.5848   771386    0.32%
   3378  1884      841.6137    58      840.8550      843.5841   776406    0.32%
   3404  1904      842.1068    66      840.8550      843.5634   782089    0.32%
   3434  1928      842.2857    60      840.8550      843.5617   788014    0.32%
   3465  1955      842.4376    60      840.8550      843.5584   794430    0.32%
   3492  1978      842.5890    68      840.8550      843.5521   800375    0.32%
   3512  1998      841.9328    66      840.8550      843.5521   806697    0.32%
   3542  2016      842.1997    64      840.8550      843.5497   813043    0.32%
   3580  2050      842.6782    54      840.8550      843.5461   819303    0.32%
Elapsed time = 461.96 sec. (536126.53 ticks, tree = 6.92 MB, solutions = 5)
   3598  2068      841.6861    48      840.8550      843.5461   822220    0.32%
   3631  2097      841.6292    48      840.8550      843.5446   827939    0.32%
   3666  2128      841.7512    46      840.8550      843.5354   834362    0.32%
   3696  2154      841.0967    36      840.8550      843.5255   840975    0.32%
   3727  2175      841.8868    66      840.8550      843.5127   847752    0.32%
   3758  2202      841.9882    64      840.8550      843.5089   854600    0.32%
   3794  2234      841.9145    74      840.8550      843.4984   861351    0.31%
   3826  2262      841.8248    60      840.8550      843.4855   867963    0.31%
   3858  2290      842.8312    86      840.8550      843.4847   874311    0.31%
   3864  2296      842.4925    82      840.8550      843.4847   877121    0.31%
Elapsed time = 494.50 sec. (577373.47 ticks, tree = 7.69 MB, solutions = 5)
   3883  2313      841.3793    54      840.8550      843.4847   883381    0.31%
   3916  2336      841.6509    68      840.8550      843.4826   890240    0.31%
   3944  2360      842.1232    54      840.8550      843.4729   895668    0.31%
   3986  2398      842.3257    56      840.8550      843.4605   903111    0.31%
   4022  2430      842.6611    52      840.8550      843.4563   909965    0.31%
   4059  2463      841.8489    50      840.8550      843.4501   917264    0.31%
   4081  2475      842.4080    84      840.8550      843.4464   922668    0.31%
   4119  2509      842.9868    56      840.8550      843.4418   929590    0.31%
   4164  2550      842.1608    60      840.8550      843.4333   936817    0.31%
   4198  2580      842.5272    58      840.8550      843.4296   942724    0.31%
Elapsed time = 527.03 sec. (616794.19 ticks, tree = 8.34 MB, solutions = 5)
   4239  2617      841.9561    62      840.8550      843.4291   950037    0.31%
   4261  2635      841.0599    60      840.8550      843.4291   955978    0.31%
   4286  2652      841.4959    66      840.8550      843.4225   961791    0.31%
   4319  2681      841.7150    48      840.8550      843.4222   968063    0.31%
   4377  2733      841.3876    35      840.8550      843.4211   975580    0.31%
   4421  2774      841.3438    54      840.8550      843.4185   982574    0.30%
   4445  2792      842.5163    80      840.8550      843.4168   988714    0.30%
   4461  2806      841.2689    68      840.8550      843.4168   994888    0.30%
   4487  2818      842.4396    54      840.8550      843.4040  1000180    0.30%
   4526  2853      842.0029    64      840.8550      843.3947  1007358    0.30%
Elapsed time = 559.05 sec. (655493.28 ticks, tree = 8.97 MB, solutions = 5)
   4560  2883      841.6921    60      840.8550      843.3898  1013160    0.30%
   4595  2914      842.0143    52      840.8550      843.3887  1017154    0.30%
   4638  2953      841.7151    58      840.8550      843.3875  1022114    0.30%
   4652  2967      841.3163    66      840.8550      843.3875  1026608    0.30%
   4688  2995      840.9737    50      840.8550      843.3865  1031364    0.30%
   4717  3020      841.2688    68      840.8550      843.3857  1035843    0.30%
   4757  3056      841.0609    52      840.8550      843.3794  1040720    0.30%
   4786  3075      841.6331    42      840.8550      843.3708  1045564    0.30%
   4821  3104      841.8952    44      840.8550      843.3640  1050430    0.30%
   4858  3137      841.9347    66      840.8550      843.3628  1055105    0.30%
Elapsed time = 592.80 sec. (694446.47 ticks, tree = 13.03 MB, solutions = 5)
   4907  3174        cutoff            840.8550      843.3610  1060012    0.30%
   4948  3215      840.9712    48      840.8550      843.3581  1064910    0.30%
   4964  3225      841.5134    64      840.8550      843.3526  1069478    0.30%
   5004  3257      842.3865    74      840.8550      843.3506  1074613    0.30%
   5044  3293      842.8676    76      840.8550      843.3483  1079075    0.30%
   5080  3323      842.5951    58      840.8550      843.3480  1084441    0.30%
   5120  3357      842.0790    72      840.8550      843.3463  1088552    0.30%
   5153  3376      841.4939    64      840.8550      843.3433  1093792    0.30%
   5193  3412      841.5695    50      840.8550      843.3414  1098392    0.30%
   5239  3452      841.0465    50      840.8550      843.3377  1103046    0.30%
Elapsed time = 625.94 sec. (733310.05 ticks, tree = 18.58 MB, solutions = 5)
   5280  3481      842.9084    82      840.8550      843.3374  1108348    0.30%
   5298  3497      841.1664    50      840.8550      843.3374  1113050    0.30%
   5329  3520      841.3376    68      840.8550      843.3234  1117893    0.29%
   5381  3568      840.9239    40      840.8550      843.3229  1122782    0.29%
   5424  3601      841.4527    32      840.8550      843.3222  1127647    0.29%
   5460  3631      841.5866    44      840.8550      843.3221  1132525    0.29%
   5500  3660      842.1442    62      840.8550      843.3128  1137427    0.29%
   5545  3701      841.0060    46      840.8550      843.3120  1142448    0.29%
   5579  3731      840.9640    48      840.8550      843.3090  1147257    0.29%
   5615  3759      842.6161    72      840.8550      843.3063  1152859    0.29%
Elapsed time = 659.97 sec. (773074.38 ticks, tree = 23.49 MB, solutions = 5)
   5640  3784      841.4140    46      840.8550      843.3063  1158237    0.29%
   5684  3822      840.9525    54      840.8550      843.3042  1162945    0.29%
   5722  3852      842.1252    62      840.8550      843.3035  1167470    0.29%
   5762  3888      841.8553    68      840.8550      843.2944  1172785    0.29%
   5784  3906      841.6258    52      840.8550      843.2926  1177335    0.29%
   5831  3935      841.2231    50      840.8550      843.2858  1182304    0.29%
   5865  3963      841.0846    54      840.8550      843.2842  1187665    0.29%
   5907  3995      842.6290    64      840.8550      843.2831  1193148    0.29%
   5936  4020      841.9458    52      840.8550      843.2805  1198069    0.29%
   5989  4057      841.3141    52      840.8550      843.2769  1203048    0.29%
Elapsed time = 696.34 sec. (812789.02 ticks, tree = 28.55 MB, solutions = 5)
   6029  4089      842.2961    42      840.8550      843.2552  1207984    0.29%
   6067  4123      841.9979    62      840.8550      843.2537  1212960    0.29%
   6094  4142        cutoff            840.8550      843.2524  1217599    0.29%
   6129  4169      841.8475    68      840.8550      843.2482  1222441    0.28%
   6163  4197      841.6210    56      840.8550      843.2480  1227368    0.28%
   6205  4233      841.4907    70      840.8550      843.2468  1231732    0.28%
   6243  4263      842.7025    60      840.8550      843.2378  1237471    0.28%
   6268  4282      842.5187    58      840.8550      843.2367  1242020    0.28%
   6320  4331      841.7574    40      840.8550      843.2361  1246802    0.28%
   6358  4363      841.7506    56      840.8550      843.2358  1250777    0.28%
Elapsed time = 731.54 sec. (851883.34 ticks, tree = 33.14 MB, solutions = 5)
   6400  4397      842.2175    58      840.8550      843.2332  1255896    0.28%
   6427  4416      842.4820    56      840.8550      843.2325  1260140    0.28%
   6463  4448      842.1800    68      840.8550      843.2255  1265223    0.28%
   6503  4484      841.1943    36      840.8550      843.2209  1270127    0.28%
   6546  4519      842.2814    58      840.8550      843.2163  1274458    0.28%
   6567  4536      841.6015    36      840.8550      843.2088  1279071    0.28%
   6608  4573      840.8959    52      840.8550      843.2084  1283656    0.28%
   6659  4614      842.0716    56      840.8550      843.2004  1288386    0.28%
   6694  4643      841.6115    42      840.8550      843.2002  1292920    0.28%
   6733  4678      840.9372    56      840.8550      843.2001  1297929    0.28%
Elapsed time = 765.67 sec. (891390.98 ticks, tree = 37.63 MB, solutions = 5)
   6775  4712      842.1544    66      840.8550      843.1918  1302465    0.28%
   6811  4744      842.0411    68      840.8550      843.1897  1307433    0.28%
   6850  4775        cutoff            840.8550      843.1814  1312518    0.28%
   6882  4801      841.1163    76      840.8550      843.1811  1317528    0.28%
   6917  4828      841.8166    74      840.8550      843.1773  1321901    0.28%
   6960  4863        cutoff            840.8550      843.1762  1326749    0.28%
   6984  4881      842.1496    68      840.8550      843.1760  1330953    0.28%
   7004  4895      842.5512    60      840.8550      843.1748  1335975    0.28%
   7044  4929      842.1777    46      840.8550      843.1735  1341187    0.28%
   7092  4969      842.6222    76      840.8550      843.1655  1346507    0.27%
Elapsed time = 800.15 sec. (930725.19 ticks, tree = 43.66 MB, solutions = 5)
   7130  5003      842.2717    54      840.8550      843.1643  1351351    0.27%
   7167  5029        cutoff            840.8550      843.1637  1356298    0.27%
   7214  5070      842.1202    70      840.8550      843.1619  1360892    0.27%
   7246  5098      842.1492    56      840.8550      843.1571  1365536    0.27%
   7291  5137      841.5002    44      840.8550      843.1571  1370391    0.27%
   7345  5176      842.7403    70      840.8550      843.1529  1375504    0.27%
   7383  5210      842.3532    58      840.8550      843.1505  1380351    0.27%
   7418  5241      841.8767    62      840.8550      843.1481  1384373    0.27%
   7450  5269      842.6030    68      840.8550      843.1467  1388913    0.27%
   7484  5293      841.3051    36      840.8550      843.1462  1393589    0.27%
Elapsed time = 834.99 sec. (969400.26 ticks, tree = 50.81 MB, solutions = 5)
   7526  5327      842.3976    62      840.8550      843.1408  1398666    0.27%
   7572  5367      841.8644    64      840.8550      843.1371  1403379    0.27%
   7597  5384        cutoff            840.8550      843.1366  1408054    0.27%
   7645  5422      841.1201    41      840.8550      843.1359  1412456    0.27%
   7679  5450      841.0262    60      840.8550      843.1326  1416971    0.27%
   7720  5477      842.2112    62      840.8550      843.1220  1421658    0.27%
   7743  5496      841.6456    66      840.8550      843.1218  1426567    0.27%
   7803  5552      840.9473    36      840.8550      843.1190  1431336    0.27%
   7836  5577      842.2497    64      840.8550      843.1161  1435843    0.27%
   7865  5602      841.2848    44      840.8550      843.1103  1440932    0.27%
Elapsed time = 869.78 sec. (1008424.39 ticks, tree = 56.73 MB, solutions = 5)
   7901  5630      840.9273    52      840.8550      843.1073  1445646    0.27%
   7928  5653      841.2702    80      840.8550      843.1032  1450405    0.27%
   7960  5681      841.1961    54      840.8550      843.1023  1455176    0.27%
   7996  5709      842.2871    46      840.8550      843.0979  1460540    0.27%
   8034  5739      841.8604    54      840.8550      843.0933  1465393    0.27%
   8086  5785      841.2917    34      840.8550      843.0922  1469683    0.27%
   8134  5825      842.4289    74      840.8550      843.0909  1474411    0.27%
   8163  5842      841.8959    52      840.8550      843.0883  1479510    0.27%
   8206  5881      841.6558    52      840.8550      843.0861  1483876    0.27%
   8250  5916      842.5025    74      840.8550      843.0750  1488100    0.26%
Elapsed time = 904.80 sec. (1047669.80 ticks, tree = 61.83 MB, solutions = 5)
   8278  5940      841.4525    36      840.8550      843.0737  1492924    0.26%
   8324  5968      842.2672    64      840.8550      843.0733  1497461    0.26%
   8350  5990      841.7232    68      840.8550      843.0733  1501876    0.26%
   8384  6018      841.0985    44      840.8550      843.0721  1506701    0.26%
   8421  6047      841.8578    62      840.8550      843.0652  1511649    0.26%
   8464  6076      842.3702    48      840.8550      843.0610  1516600    0.26%
   8507  6113      841.3074    38      840.8550      843.0599  1521210    0.26%
   8558  6156      841.9160    66      840.8550      843.0539  1526484    0.26%
   8573  6171      841.4048    66      840.8550      843.0539  1531405    0.26%
   8623  6205      841.9670    56      840.8550      843.0517  1536119    0.26%
Elapsed time = 939.67 sec. (1087397.62 ticks, tree = 65.71 MB, solutions = 5)
   8669  6245      841.0254    48      840.8550      843.0508  1540759    0.26%
   8724  6288      842.0405    64      840.8550      843.0479  1545162    0.26%
   8745  6309      841.3768    66      840.8550      843.0479  1550447    0.26%
   8781  6336      841.3428    68      840.8550      843.0457  1555066    0.26%
   8814  6361      842.1356    62      840.8550      843.0422  1560039    0.26%
   8864  6401      842.2298    58      840.8550      843.0419  1565117    0.26%
   8899  6426      841.6176    66      840.8550      843.0399  1570277    0.26%
   8934  6453      842.3145    78      840.8550      843.0388  1575734    0.26%
   8961  6476      842.0953    58      840.8550      843.0388  1580517    0.26%
   8998  6507      841.0973    58      840.8550      843.0368  1585654    0.26%
Elapsed time = 976.11 sec. (1128274.55 ticks, tree = 72.33 MB, solutions = 5)
   9059  6554      841.9987    60      840.8550      843.0332  1590445    0.26%
   9102  6591      841.6225    38      840.8550      843.0326  1594666    0.26%
   9154  6633      842.3640    58      840.8550      843.0168  1599083    0.26%
   9191  6660      841.8021    68      840.8550      843.0164  1604244    0.26%
   9249  6712      841.0143    38      840.8550      843.0162  1609135    0.26%
   9300  6753      841.9132    54      840.8550      843.0154  1613840    0.26%
   9337  6784      841.8018    62      840.8550      843.0135  1618202    0.26%
   9374  6810      842.3288    52      840.8550      843.0101  1622888    0.26%
   9431  6857      841.8233    58      840.8550      843.0099  1627235    0.26%
   9459  6879      841.4519    66      840.8550      843.0095  1632150    0.26%
Elapsed time = 1010.91 sec. (1167145.85 ticks, tree = 79.87 MB, solutions = 5)
   9492  6902      842.0496    38      840.8550      842.9982  1636994    0.25%
   9531  6936      841.3797    64      840.8550      842.9973  1641839    0.25%
   9575  6970      842.0217    74      840.8550      842.9922  1645809    0.25%
   9602  6991      841.9608    44      840.8550      842.9857  1650545    0.25%
   9643  7021      841.9802    74      840.8550      842.9828  1655418    0.25%
   9677  7051      841.4302    60      840.8550      842.9827  1660430    0.25%
   9709  7073      841.8743    52      840.8550      842.9824  1664865    0.25%
   9748  7106      841.0520    28      840.8550      842.9814  1669604    0.25%
   9794  7142      841.6374    48      840.8550      842.9782  1673852    0.25%
   9849  7186      841.0381    42      840.8550      842.9761  1678514    0.25%
Elapsed time = 1045.21 sec. (1206022.01 ticks, tree = 85.41 MB, solutions = 5)
   9876  7205      841.6382    56      840.8550      842.9735  1683097    0.25%
   9913  7232      842.1248    56      840.8550      842.9716  1687986    0.25%
   9950  7265      840.9925    56      840.8550      842.9699  1692585    0.25%
   9978  7287      840.9556    34      840.8550      842.9697  1697436    0.25%
  10022  7321      841.5103    60      840.8550      842.9641  1702172    0.25%
  10058  7347      842.2615    48      840.8550      842.9591  1706708    0.25%
  10091  7376      841.1995    38      840.8550      842.9578  1710865    0.25%
  10124  7399      841.8928    52      840.8550      842.9573  1715376    0.25%
  10166  7429      842.1514    46      840.8550      842.9541  1720396    0.25%
  10214  7471      841.4106    28      840.8550      842.9540  1725087    0.25%
Elapsed time = 1079.43 sec. (1245056.32 ticks, tree = 91.13 MB, solutions = 5)
  10244  7497      841.6703    60      840.8550      842.9520  1729798    0.25%
  10285  7530      841.8663    60      840.8550      842.9516  1734578    0.25%
  10327  7566      841.1413    22      840.8550      842.9501  1739444    0.25%
  10349  7580      842.0262    78      840.8550      842.9459  1743913    0.25%
  10388  7611      842.4541    46      840.8550      842.9445  1748753    0.25%
  10445  7660        cutoff            840.8550      842.9416  1753527    0.25%
  10467  7678      841.6570    48      840.8550      842.9405  1757833    0.25%
  10515  7714      840.9058    22      840.8550      842.9364  1762270    0.25%
  10555  7744      841.4720    58      840.8550      842.9357  1766901    0.25%
  10588  7770        cutoff            840.8550      842.9353  1771111    0.25%
Elapsed time = 1113.63 sec. (1283702.91 ticks, tree = 96.03 MB, solutions = 5)
  10630  7796      841.5688    52      840.8550      842.9320  1775737    0.25%
  10679  7837      842.3144    72      840.8550      842.9271  1780765    0.25%
  10714  7868      840.9626    54      840.8550      842.9260  1785437    0.25%
  10740  7884      841.2413    52      840.8550      842.9255  1790017    0.25%
  10787  7915      842.3149    60      840.8550      842.9221  1794611    0.25%
  10818  7940      841.2114    50      840.8550      842.9217  1799311    0.25%
  10824  7942      842.3316    50      840.8550      842.9209  1800276    0.25%
  10825  7943      841.9654    72      840.8550      842.9207  1800817    0.25%
  10826  7944      842.1329    56      840.8550      842.9202  1801401    0.25%

Performing restart 2

Repeating presolve.
Tried aggregator 1 time.
MIP Presolve eliminated 72 rows and 134 columns.
MIP Presolve modified 29 coefficients.
Reduced MIP has 1691 rows, 3050 columns, and 119157 nonzeros.
Reduced MIP has 799 binaries, 451 generals, 0 SOSs, and 0 indicators.
Presolve time = 0.04 sec. (28.08 ticks)
Tried aggregator 1 time.
Reduced MIP has 1691 rows, 3050 columns, and 119157 nonzeros.
Reduced MIP has 799 binaries, 451 generals, 0 SOSs, and 0 indicators.
Presolve time = 0.04 sec. (23.61 ticks)
Represolve time = 0.32 sec. (290.05 ticks)
  10827     0      844.7014    92      840.8550       Cuts: 9  1805155    0.25%
  10827     0      844.7009    88      840.8550       Cuts: 3  1805176    0.25%
  10827     0      844.7005    84      840.8550       Cuts: 3  1805193    0.25%
  10827     2      844.6948    86      840.8550      842.9202  1805193    0.25%
Elapsed time = 1186.14 sec. (1367356.96 ticks, tree = 0.01 MB, solutions = 5)
  10828     3      844.5408    82      840.8550      842.9202  1805615    0.25%
  10834     9      843.9524    76      840.8550      842.9202  1808989    0.25%
  10850    25      841.7527    24      840.8550      842.9202  1812399    0.25%
  10869    32      843.8507    64      840.8550      842.9202  1814756    0.25%
  10880    43      842.4510    68      840.8550      842.9202  1818691    0.25%
  10898    54      843.9807    94      840.8550      842.9202  1821788    0.25%
  10917    73      842.8982    88      840.8550      842.9202  1825709    0.25%
  10934    90      841.7978    66      840.8550      842.9202  1829589    0.25%
  10952   102      843.1757    64      840.8550      842.9202  1834122    0.25%
  10992   141      840.8658    34      840.8550      842.9202  1838927    0.25%
Elapsed time = 1215.45 sec. (1407313.85 ticks, tree = 1.91 MB, solutions = 5)
  11027   174      841.9692    40      840.8550      842.9202  1842735    0.25%
  11065   198      841.0001    18      840.8550      842.9202  1844527    0.25%
  11094   216      843.8500    70      840.8550      842.9202  1849277    0.25%
  11123   243        cutoff            840.8550      842.9202  1852627    0.25%
  11153   265      841.5458    56      840.8550      842.9202  1856767    0.25%
  11179   285      841.9146    44      840.8550      842.9202  1861329    0.25%
  11215   317      841.9036    62      840.8550      842.9202  1866070    0.25%
  11244   340      841.6455    30      840.8550      842.9202  1870916    0.25%
  11274   363      842.3070    74      840.8550      842.9202  1876113    0.25%
  11305   386      842.8789    64      840.8550      842.9202  1881205    0.25%
Elapsed time = 1247.03 sec. (1446326.25 ticks, tree = 4.92 MB, solutions = 5)
  11341   420        cutoff            840.8550      842.9202  1885403    0.25%
  11362   439      841.6481    62      840.8550      842.9202  1888835    0.25%
  11387   460      841.6433    64      840.8550      842.9202  1893970    0.25%
  11421   484      842.6094    70      840.8550      842.9202  1899647    0.25%
  11447   500      843.0916    72      840.8550      842.9202  1904562    0.25%
  11485   533      842.7622    60      840.8550      842.9202  1909246    0.25%
* 11507+  548                          840.8817      842.9202             0.24%
  11509   552      842.6680    50      840.8817      842.9202  1912410    0.24%
  11542   581      842.5280    56      840.8817      842.9202  1916002    0.24%
  11575   610      842.1220    62      840.8817      842.9202  1920991    0.24%
  11599   622      843.0750    68      840.8817      842.9202  1924749    0.24%
Elapsed time = 1278.97 sec. (1486292.23 ticks, tree = 9.07 MB, solutions = 6)
  11642   659      842.9902    66      840.8817      842.9202  1929105    0.24%
  11677   694      840.9197    44      840.8817      842.9202  1932918    0.24%
  11694   707      841.9301    80      840.8817      842.9202  1936281    0.24%
  11724   733      842.9620    60      840.8817      842.9202  1939886    0.24%
  11747   756      841.2935    56      840.8817      842.9202  1942993    0.24%
  11772   777      842.2905    52      840.8817      842.9202  1947226    0.24%
  11787   789      843.0353    76      840.8817      842.9202  1950562    0.24%
  11817   813      842.3210    48      840.8817      842.9202  1955853    0.24%
  11860   852      842.3664    80      840.8817      842.9202  1960692    0.24%
  11887   875      841.9156    62      840.8817      842.9202  1965278    0.24%
Elapsed time = 1311.14 sec. (1526025.32 ticks, tree = 14.86 MB, solutions = 6)
  11911   894      842.1840    50      840.8817      842.9202  1970168    0.24%
  11945   920      842.2803    62      840.8817      842.9202  1975826    0.24%
  11974   945      842.6357    68      840.8817      842.9202  1981632    0.24%
  12006   971      842.7237    72      840.8817      842.9202  1985955    0.24%
  12034   995      843.1622    76      840.8817      842.9202  1990435    0.24%
  12055  1010      841.9847    58      840.8817      842.9202  1996043    0.24%
  12067  1022      842.2087    64      840.8817      842.9202  1999705    0.24%
  12090  1039      842.3658    66      840.8817      842.9202  2004610    0.24%
  12124  1069      842.6315    56      840.8817      842.9202  2010246    0.24%
  12147  1089      842.3287    72      840.8817      842.9202  2015929    0.24%
Elapsed time = 1342.24 sec. (1566003.22 ticks, tree = 17.75 MB, solutions = 6)
  12177  1113      841.4986    46      840.8817      842.9202  2020750    0.24%
  12196  1127      841.7565    64      840.8817      842.9202  2025460    0.24%
  12228  1149      841.2880    50      840.8817      842.9202  2030505    0.24%
  12264  1176      843.0535    62      840.8817      842.9202  2035545    0.24%
* 12267+ 1067                          841.1098      842.9202             0.22%
  12280  1082      841.1881    50      841.1098      842.9202  2038048    0.22%
  12308  1102      841.9856    56      841.1098      842.9202  2042035    0.22%
  12336  1124      842.5031    72      841.1098      842.9202  2046830    0.22%
  12357  1141      842.2137    72      841.1098      842.9202  2051035    0.22%
  12377  1151      841.6316    76      841.1098      842.9202  2055319    0.22%
  12401  1171      841.2530    72      841.1098      842.9202  2060460    0.22%
Elapsed time = 1374.42 sec. (1606521.41 ticks, tree = 18.37 MB, solutions = 7)
  12421  1181      842.1949    60      841.1098      842.9202  2065412    0.22%
  12447  1203      842.6009    60      841.1098      842.9202  2068534    0.22%
  12477  1229      842.1999    80      841.1098      842.9202  2073612    0.22%
  12505  1245      842.0450    50      841.1098      842.9202  2078878    0.22%
  12523  1259      842.1115    46      841.1098      842.9202  2083516    0.22%
  12547  1275      841.8194    40      841.1098      842.9202  2088288    0.22%
  12582  1302      842.1482    60      841.1098      842.9202  2092929    0.22%
  12607  1319      841.9446    62      841.1098      842.9202  2097394    0.22%
  12638  1342      842.0145    50      841.1098      842.9202  2102736    0.22%
  12678  1378      841.8166    62      841.1098      842.9202  2106841    0.22%
Elapsed time = 1406.22 sec. (1646623.22 ticks, tree = 21.06 MB, solutions = 7)
  12715  1407      842.9109    68      841.1098      842.9202  2111655    0.22%
  12745  1433      841.7917    54      841.1098      842.9202  2116459    0.22%
  12785  1465      841.1813    52      841.1098      842.9202  2121331    0.22%
  12817  1489      842.2641    58      841.1098      842.9202  2126330    0.22%
  12850  1516      841.3795    60      841.1098      842.9202  2130720    0.22%
  12869  1527        cutoff            841.1098      842.9202  2134759    0.22%
  12910  1562      841.9018    52      841.1098      842.9202  2139132    0.22%
  12942  1586      842.9652    72      841.1098      842.9202  2144349    0.22%
  12959  1603      841.5697    60      841.1098      842.9202  2146825    0.22%
  12984  1624      841.2858    34      841.1098      842.9202  2151830    0.22%
Elapsed time = 1437.80 sec. (1685634.82 ticks, tree = 26.79 MB, solutions = 7)
  13022  1648      842.9876    72      841.1098      842.9202  2156083    0.22%
  13041  1663      842.5329    56      841.1098      842.9202  2159460    0.22%
  13087  1699      842.0863    50      841.1098      842.9202  2164106    0.22%
  13108  1714      841.2571    40      841.1098      842.9202  2169108    0.22%
  13148  1742      842.8538    58      841.1098      842.9202  2174430    0.22%
  13184  1774      842.3654    74      841.1098      842.9202  2179234    0.22%
  13214  1794      842.4569    66      841.1098      842.9202  2184039    0.22%
  13238  1810      841.6612    46      841.1098      842.9202  2188310    0.22%
  13279  1841      842.5360    66      841.1098      842.9202  2193100    0.22%
  13307  1861      842.3672    52      841.1098      842.9202  2197691    0.22%
Elapsed time = 1470.06 sec. (1725270.32 ticks, tree = 32.81 MB, solutions = 7)
  13335  1885      841.4546    60      841.1098      842.9202  2203047    0.22%
  13361  1905      841.7033    66      841.1098      842.9202  2207849    0.22%
  13403  1939      842.4337    52      841.1098      842.9202  2212552    0.22%
  13437  1967      841.6204    66      841.1098      842.9202  2217384    0.22%
  13462  1984      842.5434    76      841.1098      842.9202  2222665    0.22%
  13492  2010      841.4439    52      841.1098      842.9202  2227740    0.22%
  13526  2036      842.5545    76      841.1098      842.9202  2232408    0.22%
  13556  2062      841.6880    48      841.1098      842.9202  2237845    0.22%
  13586  2086      841.6842    62      841.1098      842.9202  2242662    0.22%
  13626  2118      842.2698    44      841.1098      842.9202  2247738    0.22%
Elapsed time = 1501.56 sec. (1764192.32 ticks, tree = 36.88 MB, solutions = 7)
  13656  2140      841.5741    86      841.1098      842.9202  2251562    0.22%
  13685  2157      842.6717    62      841.1098      842.9202  2256573    0.22%
  13707  2175      841.6551    54      841.1098      842.9202  2261082    0.22%
  13746  2202      841.8998    50      841.1098      842.9202  2265982    0.22%
  13789  2229      842.8595    52      841.1098      842.9202  2270833    0.22%
  13823  2259      841.5772    82      841.1098      842.9202  2275903    0.22%
  13847  2275      842.2370    54      841.1098      842.9202  2280664    0.22%
  13882  2304      841.1861    38      841.1098      842.9202  2285513    0.22%
  13910  2324      841.5574    68      841.1098      842.9202  2290407    0.22%
  13943  2349      841.8786    66      841.1098      842.9202  2295520    0.22%
Elapsed time = 1533.32 sec. (1803170.71 ticks, tree = 41.79 MB, solutions = 7)
  13971  2362      842.2304    56      841.1098      842.9202  2301063    0.22%
  14011  2393      841.5735    64      841.1098      842.9202  2305562    0.22%
  14038  2414      841.3336    64      841.1098      842.9202  2310710    0.22%
  14063  2431      841.9408    60      841.1098      842.9202  2315673    0.22%
  14098  2456      842.0599    42      841.1098      842.9202  2320367    0.22%
  14130  2484      841.3942    64      841.1098      842.9202  2325156    0.22%
  14161  2507      841.3121    58      841.1098      842.9202  2330095    0.22%
  14197  2535      841.5954    54      841.1098      842.9202  2335216    0.22%
  14237  2567      842.6253    80      841.1098      842.9202  2340464    0.22%
  14268  2586      842.6586    64      841.1098      842.9202  2346222    0.22%
Elapsed time = 1565.29 sec. (1842912.22 ticks, tree = 45.19 MB, solutions = 7)
  14298  2612      841.7189    60      841.1098      842.9202  2351150    0.22%
  14332  2636      841.9582    66      841.1098      842.9202  2355915    0.22%
  14366  2660      842.8118    68      841.1098      842.9202  2360141    0.22%
  14396  2686      842.6952    68      841.1098      842.9202  2364614    0.22%
  14426  2710        cutoff            841.1098      842.9202  2369607    0.22%
  14457  2725      842.6753    70      841.1098      842.9202  2375070    0.22%
  14492  2756      841.6901    56      841.1098      842.9202  2380076    0.22%
  14529  2785      841.5192    60      841.1098      842.9202  2384792    0.22%
  14554  2804        cutoff            841.1098      842.9202  2390102    0.22%
  14593  2829      842.3163    54      841.1098      842.9202  2395433    0.22%
Elapsed time = 1596.84 sec. (1882160.16 ticks, tree = 49.83 MB, solutions = 7)
  14633  2865      841.3258    16      841.1098      842.9202  2400226    0.22%
  14666  2882      842.3462    54      841.1098      842.9202  2405167    0.22%
  14692  2900      841.8729    74      841.1098      842.9202  2410746    0.22%
  14731  2929        cutoff            841.1098      842.9202  2415678    0.22%
  14761  2949      842.0726    42      841.1098      842.9202  2420862    0.22%
  14798  2972      841.5462    46      841.1098      842.9202  2425856    0.22%
  14829  2995      841.6072    60      841.1098      842.9202  2430512    0.22%
  14848  3008      841.3251    76      841.1098      842.9202  2436068    0.22%
  14886  3033      842.0100    66      841.1098      842.9202  2440781    0.22%
  14924  3063      842.4499    62      841.1098      842.9202  2445927    0.22%
Elapsed time = 1628.44 sec. (1921293.71 ticks, tree = 52.83 MB, solutions = 7)
  14954  3083      841.1659    50      841.1098      842.9202  2450707    0.22%
  14987  3106      841.7060    70      841.1098      842.9202  2455781    0.22%
  15015  3124      842.1632    64      841.1098      842.9202  2461314    0.22%
  15049  3148      842.7663    72      841.1098      842.9202  2467299    0.22%
  15082  3177      841.3322    26      841.1098      842.9202  2471845    0.22%
  15117  3198      841.2309    50      841.1098      842.9202  2476177    0.22%
  15147  3220      841.8502    70      841.1098      842.9202  2481304    0.22%
  15175  3240      842.9858    82      841.1098      842.9202  2486778    0.22%
  15204  3263      841.7085    56      841.1098      842.9202  2492231    0.22%
  15227  3282      841.4129    48      841.1098      842.9202  2497071    0.22%
Elapsed time = 1658.94 sec. (1960966.15 ticks, tree = 55.71 MB, solutions = 7)
  15257  3304      841.6941    80      841.1098      842.9202  2502051    0.22%
  15292  3323      841.3910    40      841.1098      842.9202  2507314    0.22%
  15321  3340      841.7880    86      841.1098      842.9202  2512217    0.22%
  15356  3367      841.8465    56      841.1098      842.9202  2517207    0.22%
  15388  3391      842.1935    52      841.1098      842.9202  2522015    0.22%
  15417  3412      842.3674    54      841.1098      842.9202  2527011    0.22%
  15458  3445      841.6898    42      841.1098      842.9202  2531995    0.22%
  15499  3472        cutoff            841.1098      842.9202  2536897    0.22%
  15532  3501      841.7764    46      841.1098      842.9202  2541610    0.22%
  15572  3533      841.7935    48      841.1098      842.9202  2546223    0.22%
Elapsed time = 1689.53 sec. (1999644.93 ticks, tree = 60.40 MB, solutions = 7)
  15610  3555      842.4750    64      841.1098      842.9202  2550992    0.22%
  15645  3576      841.7524    78      841.1098      842.9202  2555506    0.22%
  15679  3599      842.3195    76      841.1098      842.9202  2560005    0.22%
  15708  3618      841.4376    74      841.1098      842.9202  2564969    0.22%
  15744  3646      842.2198    56      841.1098      842.9202  2569674    0.22%
  15782  3676      841.1826    50      841.1098      842.9202  2574352    0.22%
  15813  3693        cutoff            841.1098      842.9202  2579286    0.22%
  15843  3713      842.0918    70      841.1098      842.9202  2584024    0.22%
  15880  3740      841.7799    58      841.1098      842.9202  2588889    0.22%
  15907  3757      842.0305    42      841.1098      842.9202  2593351    0.22%
Elapsed time = 1720.51 sec. (2038664.20 ticks, tree = 64.10 MB, solutions = 7)
  15953  3791      841.8988    46      841.1098      842.9202  2598372    0.22%
  15987  3818      842.0849    64      841.1098      842.9202  2603585    0.22%
  16027  3850      842.5987    54      841.1098      842.9202  2607740    0.22%
  16077  3888      842.3016    58      841.1098      842.9202  2612689    0.22%
  16110  3911      842.6106    68      841.1098      842.9202  2617554    0.22%
  16140  3937      841.6637    64      841.1098      842.9202  2622496    0.22%
  16172  3955      842.0399    50      841.1098      842.9202  2627257    0.22%
  16200  3972      842.2089    50      841.1098      842.9202  2632111    0.22%
  16243  4004      842.2335    66      841.1098      842.9202  2637607    0.22%
  16268  4021      841.5164    84      841.1098      842.9179  2642467    0.21%
Elapsed time = 1752.83 sec. (2079317.54 ticks, tree = 68.89 MB, solutions = 7)
  16298  4043      841.6774    56      841.1098      842.9138  2647483    0.21%
  16335  4066      841.4685    46      841.1098      842.9126  2652403    0.21%
  16368  4089      841.9109    52      841.1098      842.9110  2657252    0.21%
  16408  4117      841.4464    52      841.1098      842.9058  2661970    0.21%
  16442  4139      841.1793    70      841.1098      842.9045  2666981    0.21%
  16475  4161      842.0718    46      841.1098      842.9033  2671745    0.21%
  16507  4183      842.0960    66      841.1098      842.9019  2676404    0.21%
  16541  4209      841.8084    70      841.1098      842.8987  2681293    0.21%
  16566  4228      841.5385    68      841.1098      842.8978  2686208    0.21%
  16596  4243      842.5778    68      841.1098      842.8889  2691305    0.21%
Elapsed time = 1783.57 sec. (2118498.93 ticks, tree = 73.87 MB, solutions = 7)
  16626  4269      841.4343    72      841.1098      842.8887  2695975    0.21%
  16658  4289      842.6024    74      841.1098      842.8856  2700540    0.21%
  16685  4311      842.0227    60      841.1098      842.8842  2706023    0.21%
  16702  4322      841.7748    36      841.1098      842.8816  2710463    0.21%
  16737  4349      841.4143    62      841.1098      842.8791  2715408    0.21%
  16776  4374      842.2617    64      841.1098      842.8760  2720624    0.21%
  16811  4399      842.0340    76      841.1098      842.8701  2725843    0.21%
  16850  4430      841.7235    80      841.1098      842.8699  2730732    0.21%
  16885  4453      841.8267    52      841.1098      842.8694  2735333    0.21%
  16916  4476      841.7376    52      841.1098      842.8650  2740610    0.21%
Elapsed time = 1814.31 sec. (2158004.68 ticks, tree = 78.18 MB, solutions = 7)
  16946  4496      841.9201    58      841.1098      842.8618  2745365    0.21%
  16976  4514      841.6544    46      841.1098      842.8604  2750428    0.21%
  17005  4535      842.1270    52      841.1098      842.8593  2755229    0.21%
  17036  4556      842.5425    76      841.1098      842.8551  2760156    0.21%
  17067  4583      841.4833    56      841.1098      842.8541  2764888    0.21%
  17096  4600      841.6804    50      841.1098      842.8535  2770135    0.21%
  17135  4627      842.4331    62      841.1098      842.8470  2775070    0.21%
  17164  4646      841.9125    74      841.1098      842.8452  2780745    0.21%
  17193  4662      842.1478    74      841.1098      842.8443  2786354    0.21%
  17223  4684        cutoff            841.1098      842.8439  2791351    0.21%
Elapsed time = 1845.59 sec. (2198388.65 ticks, tree = 81.90 MB, solutions = 7)
  17254  4701      842.3173    62      841.1098      842.8366  2796509    0.21%
  17292  4727      841.8935    66      841.1098      842.8350  2801117    0.21%
  17318  4743      841.2456    52      841.1098      842.8315  2806423    0.20%
  17355  4766      842.3642    60      841.1098      842.8305  2811781    0.20%
  17389  4792      842.0045    52      841.1098      842.8273  2816337    0.20%
  17424  4815      841.6214    72      841.1098      842.8260  2821219    0.20%
  17457  4836      841.9415    66      841.1098      842.8236  2825834    0.20%
  17483  4854      842.1674    48      841.1098      842.8223  2830450    0.20%
  17523  4884      841.9734    60      841.1098      842.8200  2835362    0.20%
  17555  4904        cutoff            841.1098      842.8196  2840452    0.20%
Elapsed time = 1876.90 sec. (2237648.42 ticks, tree = 86.04 MB, solutions = 7)
  17593  4924      841.2939    50      841.1098      842.8191  2845267    0.20%
  17626  4942      841.4600    40      841.1098      842.8154  2850222    0.20%
  17662  4968      841.6022    44      841.1098      842.8143  2854773    0.20%
  17704  5002      841.1163    40      841.1098      842.8132  2859176    0.20%
  17727  5015      841.2120    54      841.1098      842.8101  2864028    0.20%
  17762  5038        cutoff            841.1098      842.8094  2868986    0.20%
  17794  5062      841.9013    76      841.1098      842.8060  2874367    0.20%
  17825  5085      842.1011    58      841.1098      842.8037  2879387    0.20%
  17867  5115      842.0605    58      841.1098      842.8007  2884218    0.20%
  17904  5132      841.8630    64      841.1098      842.7999  2889623    0.20%
Elapsed time = 1907.90 sec. (2276902.29 ticks, tree = 89.73 MB, solutions = 7)
  17945  5165      841.2276    50      841.1098      842.7997  2894285    0.20%
  17972  5180      841.3255    54      841.1098      842.7986  2898828    0.20%
  18006  5206      841.5722    72      841.1098      842.7975  2903921    0.20%
  18033  5223      841.7817    68      841.1098      842.7962  2908712    0.20%
  18066  5242      842.1025    88      841.1098      842.7949  2913410    0.20%
  18095  5263      841.7627    70      841.1098      842.7931  2918733    0.20%
  18141  5297      841.3986    56      841.1098      842.7928  2923242    0.20%
  18168  5314      841.1182    58      841.1098      842.7909  2928004    0.20%
  18200  5334      842.2206    58      841.1098      842.7906  2932880    0.20%
  18230  5356      841.5867    50      841.1098      842.7891  2937788    0.20%
Elapsed time = 1938.16 sec. (2315917.95 ticks, tree = 94.02 MB, solutions = 7)
  18249  5367      841.4484    82      841.1098      842.7860  2942617    0.20%
  18296  5407      841.2447    38      841.1098      842.7853  2947543    0.20%
  18334  5427        cutoff            841.1098      842.7827  2952365    0.20%
  18362  5451      841.9642    40      841.1098      842.7816  2957176    0.20%
  18414  5493      841.5612    56      841.1098      842.7799  2961739    0.20%
  18447  5512      841.8580    64      841.1098      842.7795  2966787    0.20%
  18479  5534      841.8560    38      841.1098      842.7783  2971408    0.20%
  18518  5558      841.3593    54      841.1098      842.7780  2976473    0.20%
  18545  5577      841.3163    54      841.1098      842.7778  2981510    0.20%
  18571  5595      841.1988    58      841.1098      842.7765  2986070    0.20%
Elapsed time = 1968.81 sec. (2354859.24 ticks, tree = 99.88 MB, solutions = 7)
  18599  5613      841.8273    62      841.1098      842.7744  2991075    0.20%
  18636  5638        cutoff            841.1098      842.7729  2996207    0.20%
  18667  5653      841.9071    62      841.1098      842.7713  3001026    0.20%
  18701  5679      841.8841    56      841.1098      842.7694  3006415    0.20%
  18733  5704      841.1295    64      841.1098      842.7638  3011573    0.20%
  18762  5713      841.9613    64      841.1098      842.7623  3016332    0.20%
  18798  5739      842.1326    64      841.1098      842.7604  3021124    0.20%
  18841  5763      841.5796    40      841.1098      842.7595  3026047    0.20%
  18885  5794      842.0438    64      841.1098      842.7583  3030950    0.20%
  18925  5815      841.7856    46      841.1098      842.7558  3035893    0.20%
Elapsed time = 2000.10 sec. (2393693.04 ticks, tree = 103.83 MB, solutions = 7)
  18964  5846      841.3416    48      841.1098      842.7551  3040622    0.20%
  19003  5871      842.2469    54      841.1098      842.7543  3045912    0.20%
  19032  5890      841.7004    54      841.1098      842.7525  3051038    0.20%
  19069  5915        cutoff            841.1098      842.7502  3056092    0.20%
  19103  5939      841.1273    44      841.1098      842.7484  3060947    0.19%
  19138  5962      842.0161    56      841.1098      842.7466  3065731    0.19%
  19167  5981      842.3509    68      841.1098      842.7440  3070523    0.19%
  19202  6006      842.2419    62      841.1098      842.7381  3076422    0.19%
  19225  6025      841.3716    62      841.1098      842.7378  3081160    0.19%
  19258  6044      841.5666    48      841.1098      842.7369  3085815    0.19%
Elapsed time = 2031.11 sec. (2433379.76 ticks, tree = 106.95 MB, solutions = 7)
  19287  6063        cutoff            841.1098      842.7355  3090834    0.19%
  19316  6082      841.1659    70      841.1098      842.7340  3095763    0.19%
  19347  6101      841.8593    58      841.1098      842.7330  3100761    0.19%
  19374  6113      841.2450    54      841.1098      842.7329  3105999    0.19%
  19401  6126      841.3525    58      841.1098      842.7298  3111040    0.19%
  19431  6148      841.1469    44      841.1098      842.7296  3115532    0.19%
  19463  6164      841.2401    56      841.1098      842.7258  3119833    0.19%
  19501  6184      841.8450    38      841.1098      842.7239  3124735    0.19%
  19532  6203      841.3782    62      841.1098      842.7221  3129680    0.19%
  19571  6222      842.1792    68      841.1098      842.7177  3135166    0.19%
Elapsed time = 2061.62 sec. (2472853.57 ticks, tree = 108.98 MB, solutions = 7)
  19603  6246      841.7576    50      841.1098      842.7139  3140702    0.19%
  19627  6262      841.9320    64      841.1098      842.7102  3144197    0.19%
  19663  6288      841.4311    68      841.1098      842.7094  3149206    0.19%
  19697  6304        cutoff            841.1098      842.7082  3154229    0.19%
  19724  6315        cutoff            841.1098      842.7080  3159163    0.19%
  19751  6336      841.3204    76      841.1098      842.7071  3164268    0.19%
  19788  6357      842.0146    54      841.1098      842.7060  3169644    0.19%
  19825  6386      842.1791    38      841.1098      842.7051  3174269    0.19%
  19863  6406      842.2071    56      841.1098      842.7048  3179044    0.19%
  19900  6431      841.7158    64      841.1098      842.7040  3184300    0.19%
Elapsed time = 2092.68 sec. (2512787.40 ticks, tree = 112.53 MB, solutions = 7)
  19927  6446      841.6066    46      841.1098      842.7034  3189335    0.19%
  19965  6466      842.0046    80      841.1098      842.7026  3194644    0.19%
  19995  6482      841.7470    56      841.1098      842.7021  3200225    0.19%
  20027  6498        cutoff            841.1098      842.7018  3204963    0.19%
  20066  6529      841.5872    38      841.1098      842.6980  3209929    0.19%
  20107  6552      841.8517    58      841.1098      842.6950  3214769    0.19%
  20149  6586      841.3362    44      841.1098      842.6931  3219430    0.19%
  20178  6601      842.1817    66      841.1098      842.6911  3224066    0.19%
  20216  6631      841.8183    50      841.1098      842.6888  3228635    0.19%
  20253  6656      841.7157    48      841.1098      842.6885  3233806    0.19%
Elapsed time = 2123.40 sec. (2551815.26 ticks, tree = 114.22 MB, solutions = 7)
  20295  6686      841.5910    58      841.1098      842.6868  3238767    0.19%
  20327  6706      842.1530    68      841.1098      842.6843  3243481    0.19%
  20367  6736      841.4322    72      841.1098      842.6832  3248524    0.19%
  20408  6765      841.8100    70      841.1098      842.6816  3253918    0.19%
  20434  6779      841.6122    42      841.1098      842.6801  3258112    0.19%
  20473  6804      841.4790    68      841.1098      842.6793  3263013    0.19%
  20513  6832      841.4753    30      841.1098      842.6771  3267521    0.19%
  20550  6853      842.2288    66      841.1098      842.6751  3272384    0.19%
  20577  6874      841.2186    36      841.1098      842.6745  3277205    0.19%
  20612  6897      842.1853    68      841.1098      842.6736  3282138    0.19%
Elapsed time = 2154.08 sec. (2591054.31 ticks, tree = 119.83 MB, solutions = 7)
  20639  6916      841.2063    60      841.1098      842.6718  3287146    0.19%
  20679  6932      841.6220    52      841.1098      842.6700  3292238    0.19%
  20710  6955      841.6903    44      841.1098      842.6688  3297346    0.19%
  20747  6976      841.8286    62      841.1098      842.6686  3302087    0.19%
  20781  7000      841.2287    64      841.1098      842.6677  3307035    0.19%
  20803  7018      841.2538    34      841.1098      842.6675  3312018    0.19%
  20827  7030      841.9335    70      841.1098      842.6665  3316260    0.19%
  20869  7064      841.7353    62      841.1098      842.6651  3321514    0.18%
  20907  7082      842.2118    54      841.1098      842.6641  3326618    0.18%
  20942  7109      841.6701    72      841.1098      842.6629  3331666    0.18%
Elapsed time = 2185.53 sec. (2631613.36 ticks, tree = 123.35 MB, solutions = 7)
  20980  7129      841.7442    50      841.1098      842.6610  3336878    0.18%
  21015  7152      841.5331    54      841.1098      842.6585  3341720    0.18%
  21040  7163      841.5736    42      841.1098      842.6575  3346724    0.18%
  21070  7181      841.1479    58      841.1098      842.6550  3351812    0.18%
  21095  7196      841.3253    54      841.1098      842.6536  3356363    0.18%
  21130  7217      841.9396    64      841.1098      842.6528  3361239    0.18%
  21165  7238        cutoff            841.1098      842.6510  3366349    0.18%
  21200  7261      841.9826    44      841.1098      842.6495  3370893    0.18%
  21237  7286      841.1477    30      841.1098      842.6467  3375515    0.18%
  21267  7300      841.9932    62      841.1098      842.6448  3379964    0.18%
Elapsed time = 2215.86 sec. (2670838.60 ticks, tree = 126.18 MB, solutions = 7)
  21299  7320      841.6320    56      841.1098      842.6428  3384778    0.18%
  21337  7342      841.6921    48      841.1098      842.6409  3389666    0.18%
  21370  7359        cutoff            841.1098      842.6386  3394841    0.18%
  21404  7381      841.6155    62      841.1098      842.6379  3399663    0.18%
  21440  7406      841.8683    58      841.1098      842.6374  3404622    0.18%
  21465  7423      841.3771    52      841.1098      842.6367  3409441    0.18%
  21502  7445      841.9677    54      841.1098      842.6337  3414422    0.18%
  21537  7470        cutoff            841.1098      842.6333  3419513    0.18%
  21574  7493      841.2657    76      841.1098      842.6313  3424358    0.18%
  21612  7519      841.9382    42      841.1098      842.6308  3428948    0.18%
Elapsed time = 2246.26 sec. (2709587.97 ticks, tree = 129.52 MB, solutions = 7)
  21670  7549      841.6993    44      841.1098      842.6281  3434017    0.18%
  21713  7576      841.5456    50      841.1098      842.6267  3438892    0.18%
  21742  7593      841.6794    62      841.1098      842.6258  3444012    0.18%
  21771  7606      841.9471    60      841.1098      842.6252  3449037    0.18%
  21804  7631      841.4351    68      841.1098      842.6243  3454201    0.18%
  21842  7649      842.2178    48      841.1098      842.6208  3459191    0.18%
  21875  7675      841.6718    62      841.1098      842.6206  3464062    0.18%
  21906  7690      841.4921    50      841.1098      842.6199  3469071    0.18%
  21939  7701        cutoff            841.1098      842.6167  3473847    0.18%
  21967  7715      841.8186    58      841.1098      842.6131  3478901    0.18%
Elapsed time = 2277.46 sec. (2749385.49 ticks, tree = 133.64 MB, solutions = 7)
  22013  7737      841.4949    62      841.1098      842.6111  3484151    0.18%
  22049  7761      841.5687    52      841.1098      842.6107  3489049    0.18%
  22081  7779      841.8047    64      841.1098      842.6100  3493748    0.18%
  22117  7799      841.7755    54      841.1098      842.6092  3498560    0.18%
  22151  7817      841.7230    42      841.1098      842.6090  3503245    0.18%
  22194  7840        cutoff            841.1098      842.6083  3507904    0.18%
  22225  7861      841.7166    62      841.1098      842.6074  3512858    0.18%
  22264  7888      841.2102    46      841.1098      842.6043  3517961    0.18%
  22310  7918      841.2680    46      841.1098      842.6037  3522554    0.18%
  22348  7940      841.8036    44      841.1098      842.6030  3527680    0.18%
Elapsed time = 2308.14 sec. (2788659.53 ticks, tree = 139.37 MB, solutions = 7)
  22388  7968      841.4875    48      841.1098      842.6026  3532313    0.18%
  22441  8007      842.1865    74      841.1098      842.6017  3536540    0.18%
  22475  8033      841.3528    56      841.1098      842.6008  3541278    0.18%
  22510  8048      841.6102    50      841.1098      842.6003  3546610    0.18%
  22549  8077      841.6689    36      841.1098      842.5989  3551231    0.18%
  22584  8102      841.3791    52      841.1098      842.5968  3556297    0.18%
  22618  8122        cutoff            841.1098      842.5963  3561047    0.18%
  22648  8138      841.2556    56      841.1098      842.5926  3565976    0.18%
  22681  8159      841.4958    74      841.1098      842.5923  3570621    0.18%
  22717  8185      841.5285    62      841.1098      842.5922  3575366    0.18%
Elapsed time = 2338.54 sec. (2827871.11 ticks, tree = 142.64 MB, solutions = 7)
  22753  8207      841.6509    54      841.1098      842.5893  3580383    0.18%
  22779  8219      841.5486    54      841.1098      842.5866  3585374    0.18%
  22828  8249      841.6881    56      841.1098      842.5863  3590592    0.18%
  22860  8264      841.6756    64      841.1098      842.5858  3595838    0.18%
  22887  8281      841.4204    58      841.1098      842.5850  3601422    0.18%
  22928  8312      841.2156    46      841.1098      842.5839  3606346    0.18%
  22963  8333        cutoff            841.1098      842.5826  3611761    0.18%
  22995  8353      841.5972    64      841.1098      842.5808  3616894    0.17%
  23020  8367        cutoff            841.1098      842.5792  3621766    0.17%
  23050  8385      841.3986    54      841.1098      842.5784  3626800    0.17%
Elapsed time = 2369.05 sec. (2867148.19 ticks, tree = 147.15 MB, solutions = 7)
  23080  8393      841.8801    58      841.1098      842.5766  3631560    0.17%
  23107  8410      842.0085    54      841.1098      842.5765  3636058    0.17%
  23134  8425      841.3315    62      841.1098      842.5749  3641084    0.17%
  23170  8445      842.0723    74      841.1098      842.5737  3646081    0.17%
  23200  8465      841.8749    60      841.1098      842.5734  3651194    0.17%
  23236  8491      841.6962    58      841.1098      842.5717  3655636    0.17%
  23266  8507      841.8743    50      841.1098      842.5703  3660364    0.17%
  23307  8536      842.2491    64      841.1098      842.5700  3664982    0.17%
  23346  8563      841.2531    62      841.1098      842.5698  3669956    0.17%
  23384  8591      841.1396    54      841.1098      842.5696  3674524    0.17%
Elapsed time = 2399.13 sec. (2906334.37 ticks, tree = 150.98 MB, solutions = 7)
  23417  8612      841.3972    62      841.1098      842.5692  3678919    0.17%
  23455  8638        cutoff            841.1098      842.5684  3683774    0.17%
  23490  8655      841.2894    40      841.1098      842.5641  3688833    0.17%
  23522  8675      841.9471    56      841.1098      842.5625  3693834    0.17%
  23553  8688      841.9460    74      841.1098      842.5612  3698591    0.17%
  23599  8722      841.6531    60      841.1098      842.5600  3703633    0.17%
  23627  8740      841.3078    62      841.1098      842.5589  3707934    0.17%
  23666  8765      842.1092    48      841.1098      842.5584  3712587    0.17%
  23698  8783      841.9817    48      841.1098      842.5566  3717476    0.17%
  23737  8812      841.6762    52      841.1098      842.5551  3722389    0.17%
Elapsed time = 2429.21 sec. (2945335.22 ticks, tree = 152.75 MB, solutions = 7)
  23776  8835      841.7360    54      841.1098      842.5544  3727078    0.17%
  23813  8862      841.7062    54      841.1098      842.5539  3732176    0.17%
  23853  8888      841.6967    48      841.1098      842.5534  3737125    0.17%
  23892  8913      841.3913    50      841.1098      842.5532  3742142    0.17%
  23926  8927      841.5449    40      841.1098      842.5506  3747042    0.17%
  23955  8940        cutoff            841.1098      842.5491  3752162    0.17%
  23996  8961      841.2816    58      841.1098      842.5470  3757530    0.17%
  24027  8975      841.8972    70      841.1098      842.5449  3761661    0.17%
  24063  9001      842.0116    50      841.1098      842.5435  3766561    0.17%
  24092  9020      841.2730    58      841.1098      842.5416  3771523    0.17%
Elapsed time = 2459.80 sec. (2984588.88 ticks, tree = 155.29 MB, solutions = 7)
  24121  9037      842.2720    68      841.1098      842.5406  3776421    0.17%
  24159  9063        cutoff            841.1098      842.5404  3781535    0.17%
  24189  9079      842.0291    50      841.1098      842.5398  3786164    0.17%
  24220  9102      841.2804    58      841.1098      842.5396  3791223    0.17%
  24242  9108      841.9724    62      841.1098      842.5391  3795945    0.17%
  24270  9122      842.1772    58      841.1098      842.5380  3800877    0.17%
  24299  9147      841.4803    58      841.1098      842.5380  3805631    0.17%
  24330  9166      841.7465    46      841.1098      842.5366  3810426    0.17%
  24365  9187      841.6256    72      841.1098      842.5358  3815369    0.17%
  24397  9207      841.2826    70      841.1098      842.5346  3820463    0.17%
Elapsed time = 2489.62 sec. (3023554.85 ticks, tree = 159.54 MB, solutions = 7)
  24437  9225      841.2040    56      841.1098      842.5334  3825519    0.17%
  24473  9247      842.1097    80      841.1098      842.5328  3830418    0.17%
  24506  9268      842.1375    70      841.1098      842.5322  3835362    0.17%
  24531  9283      841.3012    62      841.1098      842.5315  3839962    0.17%
  24567  9305      841.3537    42      841.1098      842.5302  3844861    0.17%
  24607  9320      841.5159    54      841.1098      842.5283  3849177    0.17%
  24641  9342      841.5430    42      841.1098      842.5269  3854196    0.17%
  24681  9364      841.7810    80      841.1098      842.5262  3859028    0.17%
  24704  9373        cutoff            841.1098      842.5245  3864570    0.17%
  24727  9388      841.6123    62      841.1098      842.5240  3869124    0.17%
Elapsed time = 2519.40 sec. (3062191.41 ticks, tree = 162.00 MB, solutions = 7)
  24760  9409      841.3461    36      841.1098      842.5236  3873944    0.17%
  24792  9427      841.3591    58      841.1098      842.5233  3878859    0.17%
  24825  9444      842.0225    48      841.1098      842.5221  3883772    0.17%
  24865  9477      841.1313    64      841.1098      842.5207  3888120    0.17%
  24892  9492      841.1690    42      841.1098      842.5206  3893010    0.17%
  24926  9506      842.1964    76      841.1098      842.5184  3897772    0.17%
  24950  9516      841.4405    58      841.1098      842.5181  3902648    0.17%
  24988  9540      841.6618    46      841.1098      842.5173  3907213    0.17%
  25027  9563      841.7640    56      841.1098      842.5163  3911956    0.17%
  25064  9584      841.2038    38      841.1098      842.5151  3917109    0.17%
Elapsed time = 2549.35 sec. (3100910.41 ticks, tree = 164.72 MB, solutions = 7)
  25091  9599      841.9109    62      841.1098      842.5138  3922099    0.17%
  25127  9615      841.7164    68      841.1098      842.5120  3927525    0.17%
  25161  9637      842.2641    68      841.1098      842.5109  3932877    0.17%
  25198  9662      841.4871    40      841.1098      842.5109  3937865    0.17%
  25244  9688      841.6172    44      841.1098      842.5100  3942625    0.17%
  25282  9712      842.3612    70      841.1098      842.5060  3947439    0.17%
  25309  9729      841.2859    60      841.1098      842.5050  3952989    0.17%
  25336  9740      841.6794    56      841.1098      842.5031  3958340    0.17%
  25377  9765      841.7509    74      841.1098      842.5025  3963034    0.17%
  25404  9784      841.4779    62      841.1098      842.4991  3967869    0.17%
Elapsed time = 2580.29 sec. (3140921.53 ticks, tree = 167.14 MB, solutions = 7)
  25442  9808      841.1752    38      841.1098      842.4987  3972649    0.17%
  25476  9830      841.9158    54      841.1098      842.4979  3977636    0.17%
  25513  9847        cutoff            841.1098      842.4970  3982464    0.16%
  25550  9872      841.1613    32      841.1098      842.4951  3987277    0.16%
  25586  9892      841.4315    52      841.1098      842.4948  3992174    0.16%
  25612  9906      841.5441    52      841.1098      842.4944  3997158    0.16%
  25645  9925      841.9381    64      841.1098      842.4918  4002312    0.16%
  25686  9946        cutoff            841.1098      842.4916  4007243    0.16%
  25723  9971      841.7421    38      841.1098      842.4908  4011950    0.16%
  25761  9997      841.4448    48      841.1098      842.4904  4016683    0.16%
Elapsed time = 2610.33 sec. (3179749.69 ticks, tree = 169.78 MB, solutions = 7)
  25806 10023      841.9067    52      841.1098      842.4867  4021675    0.16%
  25840 10043      841.4771    40      841.1098      842.4856  4026343    0.16%
  25873 10056      841.4704    44      841.1098      842.4847  4031149    0.16%
  25903 10072      841.3408    54      841.1098      842.4840  4036155    0.16%
  25937 10090      841.1922    50      841.1098      842.4835  4041077    0.16%
  25975 10110      841.6501    60      841.1098      842.4815  4046122    0.16%
  26013 10130      841.6114    46      841.1098      842.4779  4050897    0.16%
  26054 10151      841.6246    42      841.1098      842.4770  4055626    0.16%
  26098 10183      841.5595    64      841.1098      842.4750  4060538    0.16%
  26128 10201      841.1198    42      841.1098      842.4745  4065526    0.16%
Elapsed time = 2640.46 sec. (3218790.61 ticks, tree = 172.37 MB, solutions = 7)
  26166 10217      841.4153    66      841.1098      842.4719  4070945    0.16%
  26190 10225      841.4654    44      841.1098      842.4713  4076347    0.16%
  26226 10245      841.5386    54      841.1098      842.4701  4081482    0.16%
  26257 10260      842.0768    52      841.1098      842.4694  4086448    0.16%
  26289 10280      841.9146    48      841.1098      842.4679  4091225    0.16%
  26330 10313      841.3427    68      841.1098      842.4677  4096386    0.16%
  26360 10332      841.2864    40      841.1098      842.4666  4101425    0.16%
  26395 10352      842.1503    46      841.1098      842.4642  4105774    0.16%
  26429 10372      841.1699    32      841.1098      842.4636  4110162    0.16%
  26463 10394      841.2995    64      841.1098      842.4629  4114960    0.16%
Elapsed time = 2670.52 sec. (3258041.20 ticks, tree = 174.31 MB, solutions = 7)
  26500 10411      841.4116    56      841.1098      842.4621  4120286    0.16%
  26535 10432      841.2430    46      841.1098      842.4617  4125500    0.16%
  26573 10458      841.3035    40      841.1098      842.4608  4130240    0.16%
  26610 10487      841.3808    18      841.1098      842.4596  4134884    0.16%
  26640 10503      841.4642    48      841.1098      842.4589  4139655    0.16%
  26676 10525      841.6449    38      841.1098      842.4576  4144491    0.16%
  26712 10539      841.4359    58      841.1098      842.4561  4149767    0.16%
  26741 10552      841.6735    68      841.1098      842.4548  4154840    0.16%
  26773 10574      841.6324    52      841.1098      842.4534  4159788    0.16%
  26807 10588      841.2746    56      841.1098      842.4504  4164819    0.16%
Elapsed time = 2700.93 sec. (3297124.15 ticks, tree = 177.20 MB, solutions = 7)
  26843 10602      841.9776    70      841.1098      842.4473  4169892    0.16%
  26867 10614      841.8734    66      841.1098      842.4452  4175393    0.16%
  26926 10651      841.2057    40      841.1098      842.4442  4180276    0.16%
  26961 10670      841.5324    48      841.1098      842.4433  4184756    0.16%
  26997 10692      841.2092    56      841.1098      842.4418  4189751    0.16%
  27040 10721      841.5302    58      841.1098      842.4414  4194508    0.16%
  27075 10740      841.5043    62      841.1098      842.4386  4199508    0.16%
  27114 10765      841.1286    22      841.1098      842.4374  4204231    0.16%
  27150 10777      841.5779    50      841.1098      842.4367  4209220    0.16%
  27187 10794      841.6389    44      841.1098      842.4363  4214419    0.16%
Elapsed time = 2731.46 sec. (3336365.33 ticks, tree = 180.75 MB, solutions = 7)
  27225 10816      841.9311    36      841.1098      842.4342  4219354    0.16%
  27257 10832      841.8455    60      841.1098      842.4329  4224584    0.16%
  27279 10846      841.5919    58      841.1098      842.4322  4229846    0.16%
  27316 10865      841.4661    48      841.1098      842.4319  4234821    0.16%
  27354 10891      841.6959    40      841.1098      842.4304  4239618    0.16%
  27383 10904      841.5528    54      841.1098      842.4297  4244817    0.16%
  27414 10921      841.4981    44      841.1098      842.4289  4249953    0.16%
  27457 10944      841.6784    50      841.1098      842.4280  4254876    0.16%
  27496 10963      841.8252    52      841.1098      842.4277  4260012    0.16%
  27536 10988      841.8549    40      841.1098      842.4270  4264858    0.16%
Elapsed time = 2761.79 sec. (3375239.17 ticks, tree = 184.07 MB, solutions = 7)
  27578 11016      841.9013    72      841.1098      842.4265  4269678    0.16%
  27612 11032      841.4891    42      841.1098      842.4255  4275141    0.16%
  27650 11050      841.8056    52      841.1098      842.4241  4280151    0.16%
  27692 11078      841.8995    54      841.1098      842.4232  4285087    0.16%
  27727 11097      841.5255    60      841.1098      842.4223  4290259    0.16%
  27763 11119      841.2803    38      841.1098      842.4210  4295139    0.16%
  27804 11136      841.8415    62      841.1098      842.4182  4300446    0.16%
  27832 11154      841.5801    60      841.1098      842.4180  4305332    0.16%
  27861 11165      841.7171    48      841.1098      842.4173  4310492    0.16%
  27899 11187      841.3014    54      841.1098      842.4172  4315401    0.16%
Elapsed time = 2792.50 sec. (3415276.13 ticks, tree = 187.55 MB, solutions = 7)
  27931 11197      841.5082    56      841.1098      842.4147  4320441    0.16%
  27978 11222      841.9381    48      841.1098      842.4118  4325374    0.15%
  28026 11252      841.1210    24      841.1098      842.4115  4330357    0.15%
  28059 11273      841.1993    52      841.1098      842.4109  4335097    0.15%
  28098 11291        cutoff            841.1098      842.4093  4339911    0.15%
  28131 11316      841.2043    50      841.1098      842.4087  4344950    0.15%
  28175 11341      841.6140    68      841.1098      842.4071  4349750    0.15%
  28207 11355      841.8976    56      841.1098      842.4061  4354642    0.15%
  28238 11374      841.4379    54      841.1098      842.4049  4359488    0.15%
  28278 11392        cutoff            841.1098      842.4028  4364698    0.15%
Elapsed time = 2823.01 sec. (3454383.69 ticks, tree = 191.95 MB, solutions = 7)
  28315 11421      841.7927    52      841.1098      842.4024  4369845    0.15%
  28347 11441      841.5761    64      841.1098      842.4015  4374770    0.15%
  28379 11461      841.4216    50      841.1098      842.4012  4379790    0.15%
  28411 11477      841.3678    56      841.1098      842.4004  4384629    0.15%
  28454 11506      841.1556    30      841.1098      842.4000  4389338    0.15%
  28490 11526      841.8365    72      841.1098      842.3988  4394765    0.15%
  28520 11538      841.8864    54      841.1098      842.3984  4400266    0.15%
  28552 11556      842.2181    68      841.1098      842.3973  4405381    0.15%
  28580 11570      841.3458    60      841.1098      842.3971  4410818    0.15%
  28623 11587      841.5294    40      841.1098      842.3958  4415503    0.15%
Elapsed time = 2853.82 sec. (3494095.27 ticks, tree = 194.78 MB, solutions = 7)
  28654 11596      841.4514    54      841.1098      842.3941  4420971    0.15%
  28699 11621        cutoff            841.1098      842.3933  4425796    0.15%
  28730 11638      841.4554    44      841.1098      842.3917  4430534    0.15%
  28766 11654        cutoff            841.1098      842.3910  4435383    0.15%
  28803 11675      841.1942    42      841.1098      842.3902  4440386    0.15%
  28835 11693      841.1545    56      841.1098      842.3897  4445526    0.15%
  28868 11704      841.4171    56      841.1098      842.3886  4451486    0.15%
  28907 11721      841.4408    70      841.1098      842.3877  4456731    0.15%
  28947 11737      841.2432    76      841.1098      842.3862  4462131    0.15%
  28993 11771      841.2445    46      841.1098      842.3850  4466905    0.15%
Elapsed time = 2884.80 sec. (3533653.68 ticks, tree = 197.97 MB, solutions = 7)
  29032 11784      842.0303    42      841.1098      842.3833  4471769    0.15%
  29071 11803      841.7406    50      841.1098      842.3823  4476859    0.15%
  29111 11825      841.1763    30      841.1098      842.3791  4481904    0.15%
  29140 11836      842.0292    40      841.1098      842.3777  4487108    0.15%
  29181 11861      841.9726    56      841.1098      842.3769  4492458    0.15%
  29216 11882      842.2061    50      841.1098      842.3754  4497829    0.15%
  29244 11900      841.5255    64      841.1098      842.3744  4501863    0.15%
  29279 11925      841.2346    68      841.1098      842.3740  4506792    0.15%
  29327 11955      841.6618    56      841.1098      842.3728  4511374    0.15%
  29358 11974      841.6824    54      841.1098      842.3718  4516037    0.15%
Elapsed time = 2915.17 sec. (3572754.44 ticks, tree = 200.88 MB, solutions = 7)
  29391 11987      841.2908    48      841.1098      842.3712  4521213    0.15%
  29424 12002      842.1164    42      841.1098      842.3701  4525998    0.15%
  29459 12024      841.5693    52      841.1098      842.3694  4530685    0.15%
  29498 12042      841.6668    48      841.1098      842.3686  4535764    0.15%
  29532 12060        cutoff            841.1098      842.3682  4540656    0.15%
  29564 12078      841.3394    50      841.1098      842.3680  4545296    0.15%
  29602 12102      841.4289    40      841.1098      842.3669  4550254    0.15%
  29630 12116      841.4231    54      841.1098      842.3660  4554235    0.15%
  29654 12128      841.7681    62      841.1098      842.3657  4559213    0.15%
  29693 12151      841.5716    46      841.1098      842.3647  4564644    0.15%
Elapsed time = 2945.17 sec. (3611877.83 ticks, tree = 203.14 MB, solutions = 7)
  29726 12162      841.3019    50      841.1098      842.3638  4569357    0.15%
  29758 12174      841.4327    56      841.1098      842.3631  4574952    0.15%
  29790 12190      841.9102    62      841.1098      842.3624  4579538    0.15%
  29830 12218      841.1523    26      841.1098      842.3621  4584515    0.15%
  29883 12245      841.7520    58      841.1098      842.3612  4589906    0.15%
  29927 12273      841.5352    60      841.1098      842.3606  4595439    0.15%
  29960 12290      841.4143    52      841.1098      842.3595  4600108    0.15%
  29994 12304      841.5953    48      841.1098      842.3585  4605166    0.15%
  30035 12323      841.9442    62      841.1098      842.3579  4610238    0.15%
  30061 12335      841.6349    50      841.1098      842.3559  4615322    0.15%
Elapsed time = 2976.20 sec. (3652202.98 ticks, tree = 205.75 MB, solutions = 7)
  30104 12357      841.8163    48      841.1098      842.3547  4620436    0.15%
  30134 12371      841.2489    56      841.1098      842.3542  4625499    0.15%
  30173 12390      841.2098    46      841.1098      842.3526  4630353    0.15%
  30205 12410      841.1849    44      841.1098      842.3518  4635291    0.15%
  30234 12425        cutoff            841.1098      842.3516  4639646    0.15%
  30273 12440        cutoff            841.1098      842.3501  4644528    0.15%
  30308 12463      841.2486    38      841.1098      842.3498  4649290    0.15%
  30346 12483        cutoff            841.1098      842.3491  4654079    0.15%
  30376 12501      842.1725    56      841.1098      842.3463  4658992    0.15%
  30407 12514      841.3031    48      841.1098      842.3453  4664017    0.15%
Elapsed time = 3006.17 sec. (3691121.77 ticks, tree = 209.44 MB, solutions = 7)
  30448 12537      842.1795    66      841.1098      842.3449  4668920    0.15%
  30481 12560      841.4378    72      841.1098      842.3448  4674049    0.15%
  30517 12574      841.2875    46      841.1098      842.3429  4680354    0.15%
  30553 12596      841.5268    44      841.1098      842.3415  4686282    0.15%
  30587 12614      841.4286    50      841.1098      842.3411  4691027    0.15%
  30633 12640      842.1838    64      841.1098      842.3388  4696144    0.15%
  30657 12652      841.1244    42      841.1098      842.3385  4701217    0.15%
  30692 12663      842.0179    68      841.1098      842.3372  4706509    0.15%
  30731 12682      841.2722    60      841.1098      842.3369  4711504    0.15%
  30876 12757      841.8988    36      841.1098      842.3315  4731058    0.15%
Elapsed time = 3045.33 sec. (3741693.44 ticks, tree = 211.02 MB, solutions = 7)
  31022 12836      841.6073    52      841.1098      842.3293  4749760    0.14%
  31178 12929        cutoff            841.1098      842.3257  4768691    0.14%
  31301 12986      841.6322    50      841.1098      842.3223  4788169    0.14%
  31442 13057      841.1246    34      841.1098      842.3193  4808102    0.14%
  31570 13117      841.7274    46      841.1098      842.3159  4827310    0.14%
  31717 13194      841.4068    52      841.1098      842.3134  4846889    0.14%
  31875 13272      841.7288    46      841.1098      842.3104  4866606    0.14%
  32016 13349      841.1613    66      841.1098      842.3056  4885496    0.14%
  32165 13422        cutoff            841.1098      842.3004  4904915    0.14%
  32295 13475      841.2721    46      841.1098      842.2978  4925023    0.14%
Elapsed time = 3162.45 sec. (3895095.36 ticks, tree = 222.87 MB, solutions = 7)
  32445 13567        cutoff            841.1098      842.2963  4943215    0.14%
  32577 13628      841.2313    36      841.1098      842.2940  4962450    0.14%
  32714 13696      841.2784    52      841.1098      842.2916  4981427    0.14%
  32864 13793      841.3424    46      841.1098      842.2895  5000171    0.14%
  32999 13865      841.3772    40      841.1098      842.2858  5018976    0.14%
  33165 13947      841.7238    32      841.1098      842.2815  5038197    0.14%
  33292 14010      841.4985    48      841.1098      842.2779  5057579    0.14%
Starting limited solution polishing.
  33424 14077      841.5487    58      841.1098      842.2755  5075222    0.14%
  33575 14164      841.2045    50      841.1098      842.2735  5093038    0.14%
  33726 14227      841.1933    14      841.1098      842.2699  5112717    0.14%
Elapsed time = 3279.73 sec. (4048507.50 ticks, tree = 233.30 MB, solutions = 7)
  33845 14276      841.6713    36      841.1098      842.2658  5129547    0.14%
  33992 14353      841.8863    52      841.1098      842.2621  5147131    0.14%
  34127 14425      841.7864    52      841.1098      842.2596  5163610    0.14%
  34260 14494      841.5101    44      841.1098      842.2551  5181851    0.14%
  34417 14581      841.2386    50      841.1098      842.2524  5200799    0.14%
  34525 14625      841.3307    62      841.1098      842.2501  5217588    0.14%
  34640 14682        cutoff            841.1098      842.2474  5232787    0.14%
  34765 14739      841.4616    44      841.1098      842.2442  5250594    0.13%
  34913 14810      841.2623    40      841.1098      842.2404  5269653    0.13%
  35022 14856        cutoff            841.1098      842.2372  5286714    0.13%
Elapsed time = 3397.03 sec. (4202429.56 ticks, tree = 241.60 MB, solutions = 7)
  35130 14910      841.7519    48      841.1098      842.2352  5301980    0.13%
  35246 14962      841.5025    56      841.1098      842.2335  5317918    0.13%
  35392 15045      841.3045    60      841.1098      842.2298  5335667    0.13%
  35516 15088      841.1216    30      841.1098      842.2263  5352650    0.13%
  35627 15149      841.3350    48      841.1098      842.2234  5366835    0.13%
  35780 15231      841.4286    60      841.1098      842.2194  5384812    0.13%
  35892 15289      841.2546    40      841.1098      842.2174  5400214    0.13%
  36027 15362      841.2433    20      841.1098      842.2147  5417298    0.13%
  36176 15438      841.7389    54      841.1098      842.2119  5437154    0.13%
  36321 15510      841.9025    36      841.1098      842.2104  5454852    0.13%
Elapsed time = 3517.97 sec. (4358788.66 ticks, tree = 253.41 MB, solutions = 7)
  36427 15551      842.0448    52      841.1098      842.2083  5468233    0.13%
  36553 15613      841.2633    52      841.1098      842.2066  5484430    0.13%
  36652 15658      841.3614    40      841.1098      842.2047  5500331    0.13%
  36790 15726      841.4251    60      841.1098      842.2025  5519769    0.13%
  36923 15783      841.6859    44      841.1098      842.2006  5538077    0.13%
  37030 15853      841.8138    60      841.1098      842.1991  5550885    0.13%

Flow cuts applied:  10
Mixed integer rounding cuts applied:  15
Lift and project cuts applied:  1
Gomory fractional cuts applied:  1
User cuts applied:  2027

Root node processing (before b&c):
  Real time             =    6.18 sec. (4278.64 ticks)
Sequential b&c:
  Real time             = 3593.82 sec. (4463008.47 ticks)
                          ------------
Total (root+branch&cut) = 3600.00 sec. (4467287.11 ticks)
|V|                                     900
K                                       10
theta                                   0.20
r                                       10
R                                       25
prob_func                               linear
#C1                                     21248
#CP                                     471774

@Parameters: 
am_callback_heuristic                   false
am_local_search                         true
am_start_heuristic                      false
colocation                              true
comp                                    false
cutC                                    true
cutC_init                               false
cutF                                    false
cutF_init                               false
cutF_stable                             false
cutF_wrong                              false
cutLocal                                false
cutM                                    true
cutM_init                               true
cutM_stable                             false
cutP                                    true
cutP_init                               false
cutP_stable                             false
init                                    true
init_cutF_zero                          false
init_val_greedy                         true
is_Euclidean                            false
is_local_search                         false
is_right_cutP                           true
is_root                                 false
is_silent                               false
is_start                                false
mycut                                   false
pmed                                    false
pre                                     true
stable_root                             false
str                                     true
two_phase                               false
ubstr                                   false
mode                                    Int

am_callback_node_space                  50
init                                    0
mixture_seed                            1
node_space                              5
nodelimit                               -1
nsepa                                   1
strF                                    0
type_delta                              0

EPS                                     0.001000
EPS_FRAC                                0.00
gap                                     0.00
mixture_high_max                        0.99
mixture_high_min                        0.90
mixture_low_max                         0.01
mixture_low_min                         0.00
mixture_low_share                       0.80
timelimit                               3600.00

Number of Closed Sites: 2 / 20 
Number of Confined Sites-1: 1 / 9 
Number of Confined Sites-k: 250 / 250 
Preprocess Time: 1.30 + 0.00 sec

Solve Time: 3600.00
Number of Nodes: 37157
Termination Status: TIME_LIMIT

CutInfo: [phase] num / time (sec) / aver. num_nonzero
max              [LP]     0 / 0.00 / 0.00 [init]   458 / 0.02 / 24.96 [rLC]   562 / 0.09 / 52.91 [rUC]  1002 / 0.22 / 35.97 [sLC]   672 / 0.36 / 50.35 [sUC]  1530 / 3.27 / 42.28 
prod_oa          [LP]     0 / 0.00 / 0.00 [init]   330 / 0.07 / 330.98 [rLC]   857 / 0.36 / 368.23 [rUC]    32 / 1.53 / 241.41 [sLC]  2343 / 1.97 / 324.97 [sUC]   141 / 26.49 / 226.72 
prod_sm_fixed    [LP]     0 / 0.00 / 0.00 [init]     0 / 0.00 / 0.00 [rLC]     0 / 0.00 / 0.00 [rUC]     0 / 0.00 / 0.00 [sLC]     0 / 0.00 / 0.00 [sUC]     0 / 0.00 / 0.00 
prod_bin         [LP]     0 / 0.00 / 0.00 [init]     0 / 0.00 / 0.00 [rLC]     0 / 0.00 / 0.00 [rUC]     0 / 0.00 / 0.00 [sLC]     0 / 0.00 / 0.00 [sUC]     0 / 0.00 / 0.00 
prod_local       [LP]     0 / 0.00 / 0.00 [init]     0 / 0.00 / 0.00 [rLC]     0 / 0.00 / 0.00 [rUC]     0 / 0.00 / 0.00 [sLC]     0 / 0.00 / 0.00 [sUC]     0 / 0.00 / 0.00 
prod_sm_C        [LP]     0 / 0.00 / 0.00 [init]     0 / 0.00 / 0.00 [rLC]     0 / 0.00 / 0.00 [rUC]     0 / 0.00 / 0.00 [sLC]     0 / 0.00 / 0.00 [sUC]     0 / 0.00 / 0.00 
facet            [LP]     0 / 0.00 / 0.00 [init]     0 / 0.00 / 0.00 [rLC]     0 / 0.00 / 0.00 [rUC]     0 / 0.00 / 0.00 [sLC]     0 / 0.00 / 0.00 [sUC]     0 / 0.00 / 0.00 
Separation Round:   [LP] 0  [init] 1  [rLC] 5  [rUC] 15  [sLC] 28  [sUC] 62279  
Root Best Bound 845.272677
Root Best Integer: 840.462287
Best Bound: 842.196704
Best Integer: 841.109807
1: 47, 87, 114, 121, 244, 324, 537, 594, 778, 876
Objective Value (calc): 841.039043
sum_etaM = 768.333333 / 768.333333
sum_etaP = 859.303925 / 859.215471
nL: 10
nCL: 0
mCL: 1
