Version identifier: 20.1.0.0 | 2020-11-10 | 9bedb6d68
CPXPARAM_Threads                                 1
CPXPARAM_TimeLimit                               3600
CPXPARAM_MIP_Tolerances_MIPGap                   0
Generic callback                                 0x60
1 of 1 MIP starts provided solutions.
MIP start 'm1' defined initial solution with objective 558.0412.
Tried aggregator 2 times.
MIP Presolve eliminated 23 rows and 14 columns.
MIP Presolve modified 414 coefficients.
Aggregator did 9 substitutions.
Reduced MIP has 1710 rows, 2377 columns, and 11890 nonzeros.
Reduced MIP has 593 binaries, 584 generals, 0 SOSs, and 0 indicators.
Presolve time = 0.01 sec. (4.59 ticks)
Probing time = 0.00 sec. (0.63 ticks)
Tried aggregator 1 time.
Reduced MIP has 1710 rows, 2377 columns, and 11890 nonzeros.
Reduced MIP has 593 binaries, 584 generals, 0 SOSs, and 0 indicators.
Presolve time = 0.00 sec. (2.71 ticks)
Probing time = 0.00 sec. (0.63 ticks)
MIP emphasis: balance optimality and feasibility.
MIP search method: dynamic search.
Parallel mode: none, using 1 thread.
Root relaxation solution time = 0.05 sec. (46.03 ticks)

        Nodes                                         Cuts/
   Node  Left     Objective  IInf  Best Integer    Best Bound    ItCnt     Gap

*     0+    0                          558.0412      600.0000             7.52%
      0     0      596.0579   281      558.0412      596.0579     1186    6.81%
      0     0      572.4036   505      558.0412     Cuts: 527     2006    2.57%
      0     0      570.1771   565      558.0412     Cuts: 516     2834    2.17%
      0     0      569.6094   650      558.0412     Cuts: 337     3400    2.07%
      0     0      569.2038   658      558.0412     Cuts: 300     3840    2.00%
      0     0      568.9902   696      558.0412     Cuts: 205     4239    1.96%
      0     0      568.8089   682      558.0412     Cuts: 188     4582    1.93%
      0     0      568.6640   724      558.0412     Cuts: 183     4930    1.90%
      0     0      568.5324   719      558.0412     Cuts: 160     5270    1.88%
      0     0      568.4075   723      558.0412     Cuts: 180     5571    1.86%
      0     0      568.3259   719      558.0412     Cuts: 162     5843    1.84%
      0     0      568.2360   734      558.0412     Cuts: 143     6168    1.83%
      0     0      568.1972   762      558.0412     Cuts: 200     6427    1.82%
      0     0      568.1503   760      558.0412     Cuts: 139     6744    1.81%
      0     0      568.1391   758      558.0412 UserPurge2: 28     6856    1.81%
      0     0      568.1378   754      558.0412 UserPurge2: 22     6900    1.81%
      0     0      568.1371   762      558.0412 UserPurge2: 6     6922    1.81%
      0     0      568.1371   764      558.0412 UserPurge2: 6     6935    1.81%
      0     0      568.1370   762      558.0412 UserPurge2: 9     6952    1.81%
      0     0      568.1370   762      558.0412 UserPurge2: 11     6959    1.81%
      0     0      568.1370   764      558.0412 UserPurge2: 2     6961    1.81%
      0     2      568.1370   764      558.0412      568.1368     6961    1.81%
Elapsed time = 5.72 sec. (5944.10 ticks, tree = 0.01 MB, solutions = 1)
      5     7      567.8483   736      558.0412      568.1368     8677    1.81%
      7     9      567.7402   736      558.0412      568.1368     9787    1.81%
     10    12      567.7468   727      558.0412      568.1368    10546    1.81%
     12    14      567.5109   697      558.0412      568.1368    11551    1.81%
     14    16      567.4804   689      558.0412      568.1368    12794    1.81%
     16    18      567.2207   707      558.0412      568.1368    14794    1.81%
     18    20      567.1155   707      558.0412      568.1368    15669    1.81%
     20    22      567.0974   719      558.0412      568.1368    16294    1.81%
     23    25      566.9689   695      558.0412      568.1368    17224    1.81%
     30    32      566.7448   699      558.0412      568.1368    20362    1.81%
Elapsed time = 10.37 sec. (10826.23 ticks, tree = 0.24 MB, solutions = 1)
     40    42      566.4809   682      558.0412      568.1368    23007    1.81%
     50    52      565.9896   646      558.0412      568.1368    26225    1.81%
     60    62      565.2908   635      558.0412      568.1368    29538    1.81%
     72    74      564.8323   610      558.0412      568.1368    32652    1.81%
     85    87      564.5386   588      558.0412      568.1368    35397    1.81%
     96    98      564.3095   569      558.0412      568.1368    37792    1.81%
    110   112      563.5478   559      558.0412      568.1368    40114    1.81%
    131   133      562.6197   508      558.0412      568.1368    43464    1.81%
    158   160      561.2295   397      558.0412      568.1368    46537    1.81%
    226   216      568.0316   790      558.0412      568.1152    50468    1.81%
Elapsed time = 23.22 sec. (21737.20 ticks, tree = 0.91 MB, solutions = 1)
    232   222      567.8168   778      558.0412      568.1152    53479    1.81%
    239   229      567.6416   748      558.0412      568.1152    56607    1.81%
    244   234      567.3194   714      558.0412      568.1152    58840    1.81%
    251   241      567.0218   713      558.0412      568.1152    61722    1.81%
    260   250      566.7594   691      558.0412      568.1152    65181    1.81%
    270   260      566.1984   677      558.0412      568.1152    68932    1.81%
    280   270      565.9805   685      558.0412      568.1152    72179    1.81%
    292   282      565.4780   643      558.0412      568.1152    76146    1.81%
    301   291      565.1993   639      558.0412      568.1152    78661    1.81%
    316   306      565.1474   599      558.0412      568.1152    81424    1.81%
Elapsed time = 34.19 sec. (33456.89 ticks, tree = 1.21 MB, solutions = 1)
    329   319      564.7049   579      558.0412      568.1152    83807    1.81%
    340   330      564.4825   571      558.0412      568.1152    86466    1.81%
    360   350      563.6547   503      558.0412      568.1152    89204    1.81%
    388   378      562.8026   436      558.0412      568.1152    91843    1.81%
    421   411      561.5982   372      558.0412      568.1152    94289    1.81%
    483   465      567.6768   784      558.0412      567.9871    98595    1.78%
    490   472      567.3616   777      558.0412      567.9871   101129    1.78%
    498   480      566.9918   743      558.0412      567.9871   104163    1.78%
    507   489      566.6461   729      558.0412      567.9871   106361    1.78%
    517   499      566.1978   713      558.0412      567.9871   109259    1.78%
Elapsed time = 45.18 sec. (43867.61 ticks, tree = 1.57 MB, solutions = 1)
    520   502      566.0922   693      558.0412      567.9871   110143    1.78%
    530   512      565.7964   671      558.0412      567.9871   113001    1.78%
    540   522      565.5523   649      558.0412      567.9871   115161    1.78%
    550   532      564.6884   643      558.0412      567.9871   118366    1.78%
    560   542      564.1756   597      558.0412      567.9871   120551    1.78%
    583   565      563.4403   545      558.0412      567.9871   123850    1.78%
    602   584      567.8270   784      558.0412      567.9866   127378    1.78%
    608   590      567.6904   766      558.0412      567.9866   130120    1.78%
    612   594      567.5408   764      558.0412      567.9866   132341    1.78%
    620   602      567.2080   746      558.0412      567.9866   135455    1.78%
Elapsed time = 55.43 sec. (54711.06 ticks, tree = 1.78 MB, solutions = 1)
    626   608      566.8923   715      558.0412      567.9866   138596    1.78%
    632   614      566.6833   699      558.0412      567.9866   141145    1.78%
    640   622      565.9689   678      558.0412      567.9866   143561    1.78%
    650   632      565.6001   693      558.0412      567.9866   147517    1.78%
    664   646      565.3874   642      558.0412      567.9866   150515    1.78%
    673   655      564.8827   611      558.0412      567.9866   153387    1.78%
    680   662      564.4743   601      558.0412      567.9866   156133    1.78%
    695   677      564.1283   575      558.0412      567.9866   158587    1.78%
    703   685      563.7903   585      558.0412      567.9866   161578    1.78%
    720   702      563.1518   530      558.0412      567.9866   164247    1.78%
Elapsed time = 67.54 sec. (67451.21 ticks, tree = 2.12 MB, solutions = 1)
    744   726      562.3699   487      558.0412      567.9866   166686    1.78%
    760   742      561.9991   479      558.0412      567.9866   168772    1.78%
    790   772      560.8168   437      558.0412      567.9866   171488    1.78%
    804   786      567.7341   806      558.0412      567.9202   173698    1.77%
    809   791      567.6453   779      558.0412      567.9202   176057    1.77%
    814   796      567.4136   765      558.0412      567.9202   178299    1.77%
    820   802      567.3942   769      558.0412      567.9202   180687    1.77%
    827   809      566.7842   753      558.0412      567.9202   183140    1.77%
    832   814      566.4748   731      558.0412      567.9202   185533    1.77%
    839   821      566.1786   707      558.0412      567.9202   188634    1.77%
Elapsed time = 78.25 sec. (77843.92 ticks, tree = 2.93 MB, solutions = 1)
    840   822      566.1771   703      558.0412      567.9202   188706    1.77%
    850   832      565.7736   695      558.0412      567.9202   191842    1.77%
    864   846      565.3275   626      558.0412      567.9202   194907    1.77%
    876   858      564.9347   603      558.0412      567.9202   197620    1.77%
    889   871      564.2901   579      558.0412      567.9202   200237    1.77%
    902   884      563.7711   561      558.0412      567.9202   203038    1.77%
    920   902      563.1059   505      558.0412      567.9202   205979    1.77%
    938   920      562.0222   473      558.0412      567.9202   209510    1.77%
    960   942      560.8672   447      558.0412      567.9202   212749    1.77%

Performing restart 1

Repeating presolve.
Tried aggregator 1 time.
MIP Presolve modified 159 coefficients.
Reduced MIP has 1710 rows, 2377 columns, and 11890 nonzeros.
Reduced MIP has 593 binaries, 584 generals, 0 SOSs, and 0 indicators.
Presolve time = 0.00 sec. (2.81 ticks)
Tried aggregator 1 time.
Reduced MIP has 1710 rows, 2377 columns, and 11890 nonzeros.
Reduced MIP has 593 binaries, 584 generals, 0 SOSs, and 0 indicators.
Presolve time = 0.00 sec. (2.78 ticks)
Represolve time = 0.04 sec. (23.65 ticks)
    982     0      565.5366   535      558.0412     Cuts: 229   223070    1.34%
    982     0      565.2739   547      558.0412     Cuts: 222   223617    1.30%
    982     0      565.1691   603      558.0412     Cuts: 226   224001    1.28%
    982     0      565.0943   611      558.0412     Cuts: 212   224361    1.26%
    982     0      565.0293   606      558.0412     Cuts: 192   224685    1.25%
    982     0      564.9826   624      558.0412     Cuts: 181   224967    1.24%
    982     0      564.9445   628      558.0412     Cuts: 157   225298    1.24%
    982     0      564.9193   648      558.0412     Cuts: 168   225570    1.23%
    982     0      564.8979   666      558.0412     Cuts: 153   225820    1.23%
    982     0      564.8766   684      558.0412     Cuts: 154   226064    1.22%
    982     0      564.7871   636      558.0412     Cuts: 205   226544    1.21%
    982     0      564.7520   614      558.0412     Cuts: 227   226892    1.20%
    982     0      564.7181   642      558.0412     Cuts: 158   227178    1.20%
    982     0      564.6975   672      558.0412     Cuts: 175   227466    1.19%
    982     0      564.6799   642      558.0412     Cuts: 162   227793    1.19%
    982     0      564.6645   668      558.0412     Cuts: 117   228006    1.19%
    982     0      564.6448   682      558.0412     Cuts: 119   228299    1.18%
    982     0      564.6354   702      558.0412     Cuts: 127   228498    1.18%
    982     2      564.6354   702      558.0412      564.6354   228498    1.18%
Elapsed time = 102.74 sec. (102051.98 ticks, tree = 0.01 MB, solutions = 1)
    983     3      564.6022   690      558.0412      564.6353   228963    1.18%
    984     4      564.5721   648      558.0412      564.6022   229654    1.18%
    985     5      564.5316   632      558.0412      564.6022   230037    1.18%
    986     6      564.5015   616      558.0412      564.6022   230299    1.18%
    987     7      564.4905   622      558.0412      564.6022   230883    1.18%
    988     8      564.4897   602      558.0412      564.6022   231521    1.18%
    989     9      564.4878   600      558.0412      564.6022   232080    1.18%
    990    10      564.4779   586      558.0412      564.6022   232274    1.18%
    991    11      564.4311   578      558.0412      564.6022   232419    1.18%
    994    14      564.3912   550      558.0412      564.6022   233043    1.18%
Elapsed time = 127.93 sec. (130305.55 ticks, tree = 0.19 MB, solutions = 1)
   1002    22      564.2272   496      558.0412      564.6022   234568    1.18%
   1011    31      564.0407   484      558.0412      564.6022   235876    1.18%
   1019    39      563.8922   470      558.0412      564.6022   237040    1.18%
   1028    48      563.8618   454      558.0412      564.6022   238308    1.18%
   1044    64      563.5075   396      558.0412      564.6022   240609    1.18%
   1062    82      563.4994   366      558.0412      564.6022   242286    1.18%
   1092   112      563.1533   318      558.0412      564.6022   244005    1.18%
   1132   152      562.2155   245      558.0412      564.6022   245685    1.18%
   1212   232      561.4478   104      558.0412      564.6022   247527    1.18%
   1432   448      564.2138   594      558.0412      564.6011   253469    1.18%
Elapsed time = 142.35 sec. (143906.07 ticks, tree = 9.13 MB, solutions = 1)
   1502   518      563.3482   436      558.0412      564.6011   261220    1.18%
   1822   838      558.5013    48      558.0412      564.6011   271618    1.18%
   1988   967      564.3970   618      558.0412      564.5371   279801    1.16%
   2096  1075      561.9987   413      558.0412      564.5371   290519    1.16%
   2259  1238      561.9778   416      558.0412      564.5347   300861    1.16%
   2414  1386      563.4645   496      558.0412      564.5346   311539    1.16%
   2609  1581      563.8085   568      558.0412      564.5326   323889    1.16%
   2792  1760      563.3740   520      558.0412      564.5237   336191    1.16%
   3003  1971      563.9223   564      558.0412      564.5228   347941    1.16%
   3182  2143      563.5892   536      558.0412      564.5212   359724    1.16%
Elapsed time = 186.45 sec. (182538.90 ticks, tree = 54.39 MB, solutions = 1)
   3387  2348      564.2675   598      558.0412      564.5208   371295    1.16%
   3598  2552      564.0080   592      558.0412      564.5204   383182    1.16%
   3717  2671      561.5785   346      558.0412      564.5204   395235    1.16%
   3842  2796      563.1393   497      558.0412      564.5176   406946    1.16%
   4015  2969      563.7850   580      558.0412      564.5157   419628    1.16%
   4158  3112      561.1939   318      558.0412      564.5157   432350    1.16%
   4331  3282      564.4155   646      558.0412      564.5012   444007    1.16%
   4399  3350      562.7913   484      558.0412      564.5012   454609    1.16%
   4599  3550      563.4382   573      558.0412      564.5012   467027    1.16%
   4784  3722      563.5067   536      558.0412      564.5005   479159    1.16%
Elapsed time = 230.18 sec. (221059.55 ticks, tree = 93.20 MB, solutions = 1)
   4957  3895      560.0064   271      558.0412      564.5005   491936    1.16%
   5173  4101      564.2125   592      558.0412      564.4994   503784    1.16%
   5285  4213      561.9494   404      558.0412      564.4994   515830    1.16%
   5454  4382      562.4844   443      558.0412      564.4905   527912    1.16%
   5630  4538      563.0966   556      558.0412      564.4900   539964    1.16%
   5703  4611      561.9934   397      558.0412      564.4900   547719    1.16%
   5807  4715      563.8701   554      558.0412      564.4899   555701    1.16%
   5991  4899      564.1528   586      558.0412      564.4896   568091    1.16%
   6130  5038      561.3598   326      558.0412      564.4896   580136    1.16%
   6312  5220      558.1011   275      558.0412      564.4891   592502    1.16%
Elapsed time = 272.66 sec. (259446.80 ticks, tree = 133.79 MB, solutions = 1)
   6412  5316      562.2402   436      558.0412      564.4879   603871    1.16%
   6643  5547      561.6537   449      558.0412      564.4876   616339    1.16%
   6772  5672      563.2238   484      558.0412      564.4875   628455    1.16%
   7009  5909      563.2978   540      558.0412      564.4844   641101    1.15%
   7193  6077      563.7124   518      558.0412      564.4816   653494    1.15%
   7342  6226      561.2017   313      558.0412      564.4816   665960    1.15%
   7576  6446      564.1682   574      558.0412      564.4742   677974    1.15%
   7658  6528      562.1655   438      558.0412      564.4742   688010    1.15%
   7818  6688      563.7482   538      558.0412      564.4725   700127    1.15%
   7994  6864      564.1458   582      558.0412      564.4710   712404    1.15%
Elapsed time = 316.39 sec. (297854.92 ticks, tree = 178.53 MB, solutions = 1)
   8076  6946      562.6677   455      558.0412      564.4710   723048    1.15%
   8141  7011      561.4136   367      558.0412      564.4710   730399    1.15%
   8319  7189      561.3440   217      558.0412      564.4675   741419    1.15%
   8467  7337      562.2018   428      558.0412      564.4675   753401    1.15%
   8654  7524      561.7694   447      558.0412      564.4671   764926    1.15%
   8833  7692      561.5728   387      558.0412      564.4665   777362    1.15%
   9057  7904      561.6510   313      558.0412      564.4658   789781    1.15%
   9212  8043      562.4610   500      558.0412      564.4658   801101    1.15%
   9384  8206      564.4441   620      558.0412      564.4648   811372    1.15%
   9553  8370      563.8320   540      558.0412      564.4648   823360    1.15%
Elapsed time = 358.80 sec. (336242.62 ticks, tree = 215.60 MB, solutions = 1)
   9727  8544      558.9069   293      558.0412      564.4648   836103    1.15%
   9875  8682      563.1152   438      558.0412      564.4605   847507    1.15%
  10032  8839      562.2773   510      558.0412      564.4577   859815    1.15%
  10227  9034      563.1882   514      558.0412      564.4529   872023    1.15%
  10412  9210      563.2165   536      558.0412      564.4514   884136    1.15%
  10591  9389      564.3122   600      558.0412      564.4508   896782    1.15%
  10742  9526      562.9642   558      558.0412      564.4437   907989    1.15%
  10802  9586      561.5179   448      558.0412      564.4437   914282    1.15%
  10803  9587      564.3515   620      558.0412      564.4434   914485    1.15%
  10804  9588      563.9273   628      558.0412      564.4433   914718    1.15%
Elapsed time = 410.54 sec. (382924.82 ticks, tree = 249.23 MB, solutions = 1)
  10976  9753      563.6765   568      558.0412      564.4401   926754    1.15%
  11106  9883      561.3435   341      558.0412      564.4401   937165    1.15%
  11308 10077      562.6439   474      558.0412      564.4375   949402    1.15%
  11532 10287      563.4286   598      558.0412      564.4370   960801    1.15%
  11631 10386      561.5037   437      558.0412      564.4370   972188    1.15%
  11881 10628      562.5407   439      558.0412      564.4356   984494    1.15%
  12057 10795      562.3398   466      558.0412      564.4344   996741    1.15%
  12302 11022      563.1494   542      558.0412      564.4344  1008976    1.15%
  12440 11155      563.5656   499      558.0412      564.4342  1020955    1.15%
  12641 11349      563.5250   560      558.0412      564.4338  1032558    1.15%
Elapsed time = 455.37 sec. (421430.08 ticks, tree = 297.10 MB, solutions = 1)
  12819 11513      563.6489   576      558.0412      564.4327  1043519    1.15%
  12919 11613      560.7650   389      558.0412      564.4327  1052389    1.15%
  13166 11845      558.3818   251      558.0412      564.4311  1064880    1.15%
  13276 11946      562.6622   440      558.0412      564.4308  1076070    1.15%
  13530 12180      564.0367   567      558.0412      564.4302  1088423    1.14%
  13681 12331      560.2459   311      558.0412      564.4302  1101023    1.14%
  13848 12484      562.3425   477      558.0412      564.4302  1112229    1.14%
  14096 12712      564.2927   602      558.0412      564.4297  1125405    1.14%
  14290 12897      563.2628   562      558.0412      564.4268  1136718    1.14%
  14506 13100      564.2992   612      558.0412      564.4263  1149264    1.14%
Elapsed time = 499.83 sec. (459677.35 ticks, tree = 341.48 MB, solutions = 1)
  14695 13285      563.7440   568      558.0412      564.4217  1161363    1.14%
  14856 13446      560.7000   268      558.0412      564.4217  1174083    1.14%
  15126 13711      564.2883   570      558.0412      564.4196  1185301    1.14%
  15286 13871      561.2342   288      558.0412      564.4196  1197916    1.14%
  15522 14101      563.4694   574      558.0412      564.4192  1209999    1.14%
  15642 14221      560.7975   336      558.0412      564.4192  1221936    1.14%
  15799 14368      562.8090   490      558.0412      564.4152  1232890    1.14%
  15997 14566      563.5936   574      558.0412      564.4117  1245876    1.14%
  16095 14664      562.0655   425      558.0412      564.4117  1257411    1.14%
  16232 14801      563.6677   569      558.0412      564.4115  1267219    1.14%
Elapsed time = 543.73 sec. (498125.21 ticks, tree = 387.85 MB, solutions = 1)
  16421 14987      563.8183   540      558.0412      564.4113  1279175    1.14%
  16572 15138      560.2144   306      558.0412      564.4113  1291299    1.14%
  16799 15349      564.1986   554      558.0412      564.4106  1303468    1.14%
  16952 15502      560.3867   265      558.0412      564.4106  1315443    1.14%
  17184 15725      563.9145   548      558.0412      564.4099  1327471    1.14%
  17316 15857      561.5670   340      558.0412      564.4099  1339521    1.14%
  17518 16053      564.1823   582      558.0412      564.4063  1352145    1.14%
  17597 16132      561.9014   438      558.0412      564.4063  1364450    1.14%
  17744 16273      562.9027   515      558.0412      564.4062  1376873    1.14%
  17922 16440      564.1590   614      558.0412      564.4061  1387483    1.14%
Elapsed time = 588.20 sec. (536642.48 ticks, tree = 433.84 MB, solutions = 1)
  18023 16541      562.1693   422      558.0412      564.4061  1398714    1.14%
  18252 16768      561.3953   492      558.0412      564.4058  1411578    1.14%
  18368 16877      563.4325   490      558.0412      564.4056  1423402    1.14%
  18537 17046      559.8902   209      558.0412      564.4056  1436061    1.14%
  18742 17245      563.6428   516      558.0412      564.4037  1448574    1.14%
  18984 17477      564.3195   638      558.0412      564.4033  1461644    1.14%
  19133 17619      562.8611   526      558.0412      564.4023  1473642    1.14%
  19343 17815      564.1404   540      558.0412      564.4022  1486111    1.14%
  19530 17996      563.6279   548      558.0412      564.4021  1498058    1.14%
  19752 18218      559.1777   184      558.0412      564.4021  1511031    1.14%
Elapsed time = 633.41 sec. (575121.47 ticks, tree = 482.79 MB, solutions = 1)
  19877 18343      562.4454   464      558.0412      564.4014  1522279    1.14%
  20022 18488      564.1178   568      558.0412      564.4011  1534487    1.14%
  20184 18650      564.0876   602      558.0412      564.4009  1546672    1.14%
  20337 18796      563.6646   524      558.0412      564.4006  1557842    1.14%
  20514 18973      558.8634   263      558.0412      564.4006  1571076    1.14%

Performing restart 2

Repeating presolve.
Tried aggregator 1 time.
MIP Presolve modified 75 coefficients.
Reduced MIP has 1710 rows, 2377 columns, and 11890 nonzeros.
Reduced MIP has 593 binaries, 584 generals, 0 SOSs, and 0 indicators.
Presolve time = 0.00 sec. (2.80 ticks)
Tried aggregator 1 time.
Reduced MIP has 1710 rows, 2377 columns, and 11890 nonzeros.
Reduced MIP has 593 binaries, 584 generals, 0 SOSs, and 0 indicators.
Presolve time = 0.00 sec. (2.78 ticks)
Represolve time = 0.14 sec. (40.31 ticks)
  20626     0      564.4751   672      558.0412     Cuts: 175  1583757    1.14%
  20626     0      564.4455   698      558.0412     Cuts: 137  1584087    1.14%
  20626     0      564.4326   670      558.0412     Cuts: 126  1584367    1.14%
  20626     0      564.4088   682      558.0412     Cuts: 126  1584637    1.14%
  20626     0      564.3998   692      558.0412     Cuts: 121  1584887    1.14%
  20626     0      564.3946   702      558.0412     Cuts: 103  1585052    1.14%
  20626     0      564.3858   686      558.0412      Cuts: 81  1585274    1.14%
  20626     0      564.3805   698      558.0412     Cuts: 104  1585449    1.14%
  20626     0      564.3767   722      558.0412      Cuts: 82  1585605    1.14%
  20626     0      564.3731   704      558.0412      Cuts: 94  1585792    1.13%
  20626     0      564.3633   690      558.0412     Cuts: 128  1586017    1.13%
  20626     0      564.3489   664      558.0412     Cuts: 113  1586280    1.13%
  20626     0      564.3439   696      558.0412     Cuts: 109  1586449    1.13%
  20626     0      564.3364   670      558.0412      Cuts: 74  1586677    1.13%
  20626     0      564.3335   712      558.0412      Cuts: 83  1586828    1.13%
  20626     0      564.3296   740      558.0412      Cuts: 75  1586986    1.13%
  20626     0      564.3257   712      558.0412      Cuts: 68  1587144    1.13%
  20626     0      564.3214   708      558.0412      Cuts: 76  1587295    1.13%
  20626     0      564.3161   700      558.0412      Cuts: 60  1587484    1.12%
  20626     0      564.3133   708      558.0412      Cuts: 73  1587624    1.12%
  20626     2      564.3133   710      558.0412      564.3132  1587624    1.12%
  20628     4      564.2967   664      558.0412      564.3132  1588171    1.12%
  20630     6      564.2766   656      558.0412      564.3132  1588631    1.12%
  20632     8      564.2416   658      558.0412      564.3132  1589988    1.12%
  20635    11      564.2192   624      558.0412      564.3132  1591403    1.12%
Elapsed time = 687.05 sec. (627825.43 ticks, tree = 0.04 MB, solutions = 1)
  20638    14      564.2162   610      558.0412      564.3132  1591886    1.12%
  20644    20      563.9997   554      558.0412      564.3132  1593325    1.12%
  20652    28      563.8947   510      558.0412      564.3132  1594214    1.12%
  20664    40      563.5272   446      558.0412      564.3132  1595813    1.12%
  20712    88      562.8697   350      558.0412      564.3132  1601360    1.12%
  20819   195      561.4135   114      558.0412      564.3132  1607842    1.12%
  20966   338      564.2266   632      558.0412      564.2955  1613127    1.12%
  20976   348      564.0856   568      558.0412      564.2955  1616315    1.12%
  21014   386      563.4555   502      558.0412      564.2955  1625398    1.12%
  21066   438      563.0383   394      558.0412      564.2955  1634579    1.12%
Elapsed time = 725.27 sec. (668676.05 ticks, tree = 1.21 MB, solutions = 1)
  21148   520      561.3360   278      558.0412      564.2955  1642875    1.12%
  21401   772      558.5207    26      558.0412      564.2955  1650430    1.12%
  21526   870      562.8750   500      558.0412      564.2563  1663324    1.11%
  21591   935      562.1607   359      558.0412      564.2563  1674838    1.11%
  21654   998      563.6313   540      558.0412      564.2264  1687864    1.11%
  21713  1057      562.6910   364      558.0412      564.2264  1697327    1.11%
  21827  1171      561.2600   225      558.0412      564.2264  1707380    1.11%
  21935  1279      561.7359   287      558.0412      564.2258  1719321    1.11%
  22065  1409      563.4698   494      558.0412      564.2251  1732372    1.11%
  22158  1502      562.0745   304      558.0412      564.2251  1745082    1.11%
Elapsed time = 762.08 sec. (707037.62 ticks, tree = 3.31 MB, solutions = 1)
  22277  1621      563.4126   446      558.0412      564.2226  1755900    1.11%
  22433  1761      563.7212   548      558.0412      564.2210  1768011    1.11%
  22501  1829      562.9432   403      558.0412      564.2210  1783220    1.11%
  22615  1943      559.8139   238      558.0412      564.2210  1794499    1.11%
  22740  2068      560.9548   289      558.0412      564.2207  1807765    1.11%
  22840  2164      563.7595   556      558.0412      564.2200  1822051    1.11%
  22916  2240      562.4099   391      558.0412      564.2200  1835995    1.11%
  23028  2352      563.9654   624      558.0412      564.2165  1847808    1.11%
  23184  2506        cutoff            558.0412      564.2165  1861050    1.11%
  23243  2558      562.8680   445      558.0412      564.2141  1874926    1.11%
Elapsed time = 799.04 sec. (745650.15 ticks, tree = 5.33 MB, solutions = 1)
  23334  2649      562.0937   318      558.0412      564.2141  1887166    1.11%
  23449  2764      563.6039   503      558.0412      564.2140  1899012    1.11%
  23527  2842      562.7058   399      558.0412      564.2140  1912598    1.11%
  23638  2953      563.9593   547      558.0412      564.2139  1924530    1.11%
  23705  3020      562.3969   354      558.0412      564.2139  1937978    1.11%
  23828  3143      564.0152   581      558.0412      564.2127  1948003    1.11%
  23916  3231      562.1094   278      558.0412      564.2127  1958684    1.11%
  24044  3359      563.6726   516      558.0412      564.2112  1967886    1.11%
  24105  3420      562.9627   410      558.0412      564.2112  1979822    1.11%
  24189  3504      561.9825   282      558.0412      564.2112  1989090    1.11%
Elapsed time = 834.68 sec. (784243.77 ticks, tree = 7.14 MB, solutions = 1)
  24279  3594      562.4662   402      558.0412      564.2062  1999434    1.10%
  24375  3686      563.5853   607      558.0412      564.2027  2008850    1.10%
  24427  3738      562.0251   418      558.0412      564.2027  2021598    1.10%
  24510  3821      559.7908   303      558.0412      564.2027  2031788    1.10%
  24676  3980      563.1153   434      558.0412      564.1800  2042921    1.10%
  24836  4140      564.1241   652      558.0412      564.1761  2054131    1.10%
  24894  4198      562.6011   491      558.0412      564.1761  2069526    1.10%
  24982  4286      561.2202   320      558.0412      564.1761  2082494    1.10%
  25116  4420      563.0820   371      558.0412      564.1740  2095371    1.10%
  25246  4535      563.7257   547      558.0412      564.1695  2107889    1.10%
Elapsed time = 871.26 sec. (822762.07 ticks, tree = 9.06 MB, solutions = 1)
  25310  4599      562.1864   387      558.0412      564.1695  2121855    1.10%
  25428  4717      563.9418   604      558.0412      564.1690  2132377    1.10%
  25486  4775      562.4153   406      558.0412      564.1690  2146865    1.10%
  25615  4904      560.1725   196      558.0412      564.1690  2157158    1.10%
  25666  4955      563.3075   528      558.0412      564.1686  2171226    1.10%
  25736  5025      561.7543   369      558.0412      564.1686  2184725    1.10%
  25853  5142      563.6433   446      558.0412      564.1676  2196859    1.10%
  26009  5293      563.5429   592      558.0412      564.1671  2208583    1.10%
  26071  5355      562.6108   423      558.0412      564.1671  2222444    1.10%
  26167  5451      561.5293   296      558.0412      564.1671  2233551    1.10%
Elapsed time = 907.15 sec. (861354.70 ticks, tree = 10.86 MB, solutions = 1)
  26298  5582      563.2516   395      558.0412      564.1614  2245231    1.10%
  26448  5719      563.6425   542      558.0412      564.1610  2257783    1.10%
  26530  5801      562.5050   354      558.0412      564.1610  2272115    1.10%
  26654  5925      563.6168   481      558.0412      564.1559  2283846    1.10%
  26833  6104      563.6398   506      558.0412      564.1509  2297391    1.09%
  26894  6165      561.7099   390      558.0412      564.1509  2309644    1.09%
  27016  6287      559.0219   240      558.0412      564.1509  2320255    1.09%
  27159  6430      561.4418   200      558.0412      564.1509  2333046    1.09%
  27257  6516      563.5266   483      558.0412      564.1417  2346901    1.09%
  27337  6596      559.9326   320      558.0412      564.1417  2359254    1.09%
Elapsed time = 944.31 sec. (899739.09 ticks, tree = 12.90 MB, solutions = 1)
  27446  6701      563.6565   498      558.0412      564.1415  2371071    1.09%
  27524  6779      562.1492   366      558.0412      564.1415  2384613    1.09%
  27635  6890      563.7170   572      558.0412      564.1401  2396335    1.09%
  27696  6951      562.5932   417      558.0412      564.1401  2411348    1.09%
  27791  7046      561.2283   297      558.0412      564.1401  2423488    1.09%
  27901  7156      562.5882   340      558.0412      564.1367  2436520    1.09%
  28053  7308      563.5489   549      558.0412      564.1361  2448250    1.09%
  28123  7378      562.2959   375      558.0412      564.1361  2462037    1.09%
  28247  7502      563.7477   415      558.0412      564.1357  2473269    1.09%
  28395  7640      564.0452   617      558.0412      564.1337  2485180    1.09%
Elapsed time = 980.67 sec. (938346.39 ticks, tree = 14.69 MB, solutions = 1)
  28452  7697      562.9099   442      558.0412      564.1337  2499189    1.09%
  28552  7797      561.1946   263      558.0412      564.1337  2510767    1.09%
  28713  7958      561.2880   331      558.0412      564.1311  2522915    1.09%
  28833  8064      563.0167   483      558.0412      564.1304  2535589    1.09%
  28920  8151      561.3550   324      558.0412      564.1304  2546230    1.09%
  29071  8302      563.2468   479      558.0412      564.1303  2557405    1.09%
  29231  8453      563.7945   584      558.0412      564.1298  2569491    1.09%
  29292  8514      562.3950   407      558.0412      564.1298  2583846    1.09%
  29416  8638      559.1066   253      558.0412      564.1298  2594589    1.09%
  29481  8703      563.0900   427      558.0412      564.1287  2609145    1.09%
Elapsed time = 1017.03 sec. (976781.92 ticks, tree = 16.88 MB, solutions = 1)
  29598  8820      560.1595   211      558.0412      564.1287  2620178    1.09%
  29671  8893      562.2263   455      558.0412      564.1285  2634080    1.09%
  29758  8980      561.0407   304      558.0412      564.1285  2646378    1.09%
  29901  9123      562.9751   341      558.0412      564.1276  2659324    1.09%
  30027  9241      563.5240   493      558.0412      564.1245  2672305    1.09%
  30104  9318      561.5573   349      558.0412      564.1245  2686797    1.09%
  30247  9461      563.6720   535      558.0412      564.1218  2698251    1.09%
  30421  9630      563.3987   502      558.0412      564.1215  2711295    1.09%
  30485  9694      562.0568   362      558.0412      564.1215  2724267    1.09%
  30615  9824      560.5312   172      558.0412      564.1215  2734630    1.09%
Elapsed time = 1053.68 sec. (1015368.88 ticks, tree = 18.89 MB, solutions = 1)
  30762  9971      561.1410   194      558.0412      564.1214  2747143    1.09%
  30872 10069      562.5204   424      558.0412      564.1210  2761410    1.09%
  30957 10154      561.1020   319      558.0412      564.1210  2772848    1.09%
  31086 10283      563.1806   374      558.0412      564.1193  2784981    1.09%
  31226 10417      563.8016   496      558.0412      564.1192  2797391    1.09%
  31291 10482      562.5711   367      558.0412      564.1192  2810716    1.09%
  31438 10629      563.6912   586      558.0412      564.1192  2821130    1.09%
  31502 10693      562.4774   389      558.0412      564.1192  2837070    1.09%
  31635 10826      563.9789   579      558.0412      564.1192  2849046    1.09%
  31686 10877      562.6435   485      558.0412      564.1192  2863476    1.09%
Elapsed time = 1090.18 sec. (1054111.16 ticks, tree = 20.72 MB, solutions = 1)
  31772 10963      561.3674   309      558.0412      564.1192  2876039    1.09%
  31881 11072      562.9767   390      558.0412      564.1183  2887599    1.09%
  32027 11209      563.4408   573      558.0412      564.1161  2899971    1.09%
  32096 11278      561.7213   419      558.0412      564.1161  2914217    1.09%
  32205 11387      559.6234   239      558.0412      564.1161  2925930    1.09%
  32339 11521      561.9615   223      558.0412      564.1124  2939845    1.09%
  32437 11612      562.6381   478      558.0412      564.1118  2953172    1.09%
  32518 11693      561.3042   350      558.0412      564.1118  2965567    1.09%
  32662 11837      563.6091   461      558.0412      564.1117  2978045    1.09%
  32820 11985      563.7865   567      558.0412      564.1095  2990633    1.09%
Elapsed time = 1126.77 sec. (1092786.82 ticks, tree = 22.73 MB, solutions = 1)
  32890 12055      561.5059   383      558.0412      564.1095  3003846    1.09%
  33031 12196      563.6425   595      558.0412      564.1086  3014194    1.09%
  33191 12356      559.6252   117      558.0412      564.1086  3026755    1.09%
  33267 12418      563.1849   473      558.0412      564.1084  3041448    1.09%
  33367 12518      561.7115   309      558.0412      564.1084  3053804    1.09%
  33461 12612      562.9556   502      558.0412      564.1059  3066547    1.09%
  33542 12693      561.3287   326      558.0412      564.1059  3080338    1.09%
  33649 12800      563.3243   538      558.0412      564.1049  3091864    1.09%
  33724 12875      561.7794   335      558.0412      564.1049  3105818    1.09%
  33867 13018      563.1969   466      558.0412      564.1044  3116548    1.09%
Elapsed time = 1162.60 sec. (1131072.35 ticks, tree = 24.50 MB, solutions = 1)
  34013 13157      563.7608   574      558.0412      564.1040  3129467    1.09%
  34085 13229      562.6723   379      558.0412      564.1040  3144555    1.09%
  34224 13368      560.3538   122      558.0412      564.1040  3156387    1.09%
  34395 13539      559.7045   133      558.0412      564.1027  3169095    1.09%
  34478 13622      562.7782   440      558.0412      564.1022  3183349    1.09%
  34601 13745      560.9713   238      558.0412      564.1022  3193446    1.09%
  34744 13888      562.1661   254      558.0412      564.1020  3206826    1.09%
  34872 14016      561.9490   452      558.0412      564.0995  3220209    1.09%
  34965 14109      560.9279   311      558.0412      564.0995  3231398    1.09%
  35098 14242      562.7546   370      558.0412      564.0986  3244470    1.09%
Elapsed time = 1199.63 sec. (1169404.29 ticks, tree = 26.67 MB, solutions = 1)
  35256 14399      563.5337   508      558.0412      564.0967  3257184    1.09%
  35327 14470      562.5079   393      558.0412      564.0967  3271060    1.09%
  35436 14579      563.9278   600      558.0412      564.0964  3282317    1.09%
  35503 14646      562.5028   410      558.0412      564.0964  3296973    1.09%
  35631 14774      564.0001   583      558.0412      564.0957  3307055    1.08%
  35691 14834      562.9412   380      558.0412      564.0957  3321511    1.08%
  35796 14939      561.7408   192      558.0412      564.0957  3332748    1.08%
  35940 15083      561.2282   232      558.0412      564.0937  3345308    1.08%
  36052 15179      562.5322   405      558.0412      564.0932  3358311    1.08%
  36158 15285      560.2785   252      558.0412      564.0932  3368720    1.08%
Elapsed time = 1235.77 sec. (1207908.89 ticks, tree = 28.63 MB, solutions = 1)
  36335 15462      562.6909   272      558.0412      564.0930  3380924    1.08%
  36442 15558      562.9879   468      558.0412      564.0929  3394955    1.08%
  36543 15659      560.5136   308      558.0412      564.0929  3405505    1.08%
  36708 15824      562.7420   317      558.0412      564.0916  3417475    1.08%
  36868 15973      563.1158   437      558.0412      564.0894  3430478    1.08%
  36950 16055      561.8712   312      558.0412      564.0894  3442690    1.08%
  37102 16207      563.1356   348      558.0412      564.0893  3455804    1.08%
  37249 16347      563.2412   458      558.0412      564.0890  3468381    1.08%
  37329 16427      561.3363   340      558.0412      564.0890  3481358    1.08%
  37439 16537      563.6544   546      558.0412      564.0886  3493322    1.08%
Elapsed time = 1273.11 sec. (1246260.95 ticks, tree = 31.57 MB, solutions = 1)
  37514 16612      562.3815   352      558.0412      564.0886  3507171    1.08%
  37641 16739      563.2492   582      558.0412      564.0883  3518165    1.08%
  37708 16806      561.2475   362      558.0412      564.0883  3531434    1.08%
  37849 16947      563.6875   476      558.0412      564.0882  3542041    1.08%
  37996 17087      563.3971   553      558.0412      564.0880  3554085    1.08%
  38071 17162      562.2998   336      558.0412      564.0880  3566707    1.08%
  38236 17327      563.8842   574      558.0412      564.0876  3576735    1.08%
  38435 17526      563.7000   561      558.0412      564.0875  3589531    1.08%
  38504 17595      563.1680   415      558.0412      564.0875  3604444    1.08%
  38597 17688      561.6746   257      558.0412      564.0875  3616631    1.08%
Elapsed time = 1309.96 sec. (1284617.78 ticks, tree = 33.66 MB, solutions = 1)
  38737 17828      562.4459   267      558.0412      564.0873  3628550    1.08%
  38855 17936      562.6605   434      558.0412      564.0866  3641692    1.08%
  38973 18054      559.9404   219      558.0412      564.0866  3652286    1.08%
  39134 18215      562.2401   231      558.0412      564.0864  3665126    1.08%
  39247 18322      563.2134   406      558.0412      564.0863  3679297    1.08%
  39366 18441      561.7035   209      558.0412      564.0863  3690398    1.08%
  39466 18541      563.4355   430      558.0412      564.0857  3704398    1.08%
  39554 18629      561.8412   295      558.0412      564.0857  3717771    1.08%
  39654 18729      563.0015   514      558.0412      564.0853  3730940    1.08%
  39756 18831      561.1184   284      558.0412      564.0853  3742298    1.08%
Elapsed time = 1346.79 sec. (1322953.36 ticks, tree = 35.71 MB, solutions = 1)
  39918 18993      562.8963   325      558.0412      564.0848  3755847    1.08%
  40035 19103      563.1643   470      558.0412      564.0839  3770125    1.08%
  40113 19181      562.3099   341      558.0412      564.0839  3781325    1.08%
  40262 19330      563.3981   468      558.0412      564.0834  3793255    1.08%
  40406 19464      563.7225   525      558.0412      564.0831  3805982    1.08%
  40471 19529      562.6920   404      558.0412      564.0831  3820596    1.08%
  40593 19651      560.1034   212      558.0412      564.0831  3831632    1.08%
  40727 19785      561.5700   315      558.0412      564.0830  3844368    1.08%
  40858 19912      563.2020   468      558.0412      564.0829  3857800    1.08%
  40935 19989      561.7396   326      558.0412      564.0829  3870743    1.08%
Elapsed time = 1384.01 sec. (1361333.60 ticks, tree = 37.85 MB, solutions = 1)
  41059 20113      563.4982   489      558.0412      564.0829  3882439    1.08%
  41220 20267      563.4618   568      558.0412      564.0827  3896394    1.08%
  41292 20339      561.9830   394      558.0412      564.0827  3909682    1.08%
  41411 20458      560.3523   201      558.0412      564.0827  3920799    1.08%
  41479 20526      563.1341   422      558.0412      564.0825  3935185    1.08%
  41595 20642      561.0897   227      558.0412      564.0825  3946312    1.08%
  41668 20715      563.0721   474      558.0412      564.0817  3960817    1.08%
  41759 20806      562.0998   341      558.0412      564.0817  3973913    1.08%
  41879 20926      562.7127   378      558.0412      564.0816  3985590    1.08%
  41992 21034      563.5746   476      558.0412      564.0816  3998681    1.08%
Elapsed time = 1421.33 sec. (1399781.30 ticks, tree = 39.73 MB, solutions = 1)
  42084 21126      562.0538   263      558.0412      564.0816  4011032    1.08%
  42281 21323      562.9048   379      558.0412      564.0816  4023790    1.08%
  42412 21445      563.3685   490      558.0412      564.0806  4037151    1.08%
  42493 21526      562.3731   375      558.0412      564.0806  4049663    1.08%
  42637 21670      563.6967   496      558.0412      564.0806  4059904    1.08%
  42798 21815      563.4509   544      558.0412      564.0799  4072497    1.08%
  42870 21887      561.7691   354      558.0412      564.0799  4085013    1.08%
  43043 22060      563.8250   528      558.0412      564.0796  4095404    1.08%
  43228 22245      563.9612   581      558.0412      564.0794  4108312    1.08%
  43305 22322      561.1773   368      558.0412      564.0794  4121714    1.08%
Elapsed time = 1459.05 sec. (1438226.66 ticks, tree = 42.16 MB, solutions = 1)
  43432 22449      563.8786   517      558.0412      564.0788  4132270    1.08%
  43488 22505      562.7995   418      558.0412      564.0788  4147060    1.08%
  43605 22622      560.4946   264      558.0412      564.0788  4156793    1.08%
  43688 22705      563.0985   388      558.0412      564.0779  4170547    1.08%
  43824 22841      560.5990   190      558.0412      564.0779  4180757    1.08%
  44015 23029      558.0997    58      558.0412      564.0772  4194090    1.08%
  44076 23086      562.0443   445      558.0412      564.0758  4209209    1.08%
  44172 23182      560.2100   296      558.0412      564.0758  4220742    1.08%
  44307 23317      562.2433   339      558.0412      564.0751  4233395    1.08%
  44416 23418      562.8794   478      558.0412      564.0751  4245876    1.08%
Elapsed time = 1495.78 sec. (1476759.69 ticks, tree = 44.16 MB, solutions = 1)
  44503 23505      561.4455   325      558.0412      564.0751  4258158    1.08%
  44656 23658      563.6469   527      558.0412      564.0748  4270806    1.08%
  44830 23821      563.7215   613      558.0412      564.0740  4284165    1.08%
  44888 23879      563.0164   417      558.0412      564.0740  4298544    1.08%
  44994 23985      560.0959   245      558.0412      564.0740  4310803    1.08%
  45127 24118      562.2863   336      558.0412      564.0729  4324599    1.08%
  45244 24231      562.6827   500      558.0412      564.0719  4337989    1.08%
  45307 24294      561.3581   351      558.0412      564.0719  4350517    1.08%
  45436 24423      563.4032   524      558.0412      564.0719  4360936    1.08%
  45513 24500      561.8675   377      558.0412      564.0719  4374160    1.08%
Elapsed time = 1532.05 sec. (1515185.72 ticks, tree = 46.15 MB, solutions = 1)
  45636 24623      563.1454   570      558.0412      564.0714  4386057    1.08%
  45689 24676      561.2023   391      558.0412      564.0714  4400819    1.08%
  45781 24768      559.5737   263      558.0412      564.0714  4412023    1.08%
  45926 24913      562.6589   247      558.0412      564.0714  4424138    1.08%
  46061 25046      563.1481   520      558.0412      564.0713  4438046    1.08%
  46140 25125      561.7667   376      558.0412      564.0713  4450591    1.08%
  46257 25242      563.3018   521      558.0412      564.0712  4462879    1.08%
  46421 25395      563.1325   518      558.0412      564.0687  4475784    1.08%
  46493 25467      561.6551   344      558.0412      564.0687  4490057    1.08%
  46625 25599      560.3211   184      558.0412      564.0687  4501324    1.08%
Elapsed time = 1568.96 sec. (1553890.65 ticks, tree = 48.25 MB, solutions = 1)
  46753 25727      561.8168   208      558.0412      564.0660  4513755    1.08%
  46864 25831      562.6283   438      558.0412      564.0658  4527827    1.08%
  46975 25942      561.1674   242      558.0412      564.0658  4538137    1.08%
  47106 26073      561.2807   311      558.0412      564.0649  4550325    1.08%
  47222 26184      562.7859   438      558.0412      564.0643  4562946    1.08%
  47313 26275      561.5050   263      558.0412      564.0643  4576042    1.08%
  47447 26409      563.4326   466      558.0412      564.0640  4588469    1.08%
  47544 26506      561.5941   256      558.0412      564.0640  4600908    1.08%
  47655 26617      563.0279   481      558.0412      564.0614  4613798    1.08%
  47737 26699      561.8944   336      558.0412      564.0614  4624806    1.08%
Elapsed time = 1605.72 sec. (1592250.25 ticks, tree = 50.76 MB, solutions = 1)
  47858 26820      562.3995   435      558.0412      564.0611  4637737    1.08%
  47997 26953      562.8486   524      558.0412      564.0606  4649796    1.08%
  48082 27038      562.1983   362      558.0412      564.0606  4663403    1.08%
  48230 27186      563.7213   565      558.0412      564.0605  4673762    1.08%
  48411 27356      563.8383   548      558.0412      564.0593  4686278    1.08%
  48490 27435      563.0140   432      558.0412      564.0593  4700932    1.08%
  48614 27559      561.3221   189      558.0412      564.0593  4712406    1.08%
  48745 27690      561.3167   220      558.0412      564.0592  4724950    1.08%
  48861 27793      562.3163   424      558.0412      564.0592  4738393    1.08%
  48956 27888      560.5632   241      558.0412      564.0592  4749319    1.08%
Elapsed time = 1643.45 sec. (1630834.34 ticks, tree = 52.94 MB, solutions = 1)
  49118 28050      562.0694   294      558.0412      564.0589  4761645    1.08%
  49262 28190      563.2224   473      558.0412      564.0584  4775287    1.08%
  49346 28274      561.3244   328      558.0412      564.0584  4787213    1.08%
  49450 28378      563.4758   561      558.0412      564.0575  4799185    1.08%
  49535 28463      561.7925   319      558.0412      564.0575  4813017    1.08%
  49646 28574      563.1544   517      558.0412      564.0574  4825679    1.08%
  49724 28652      561.5381   364      558.0412      564.0574  4839290    1.08%
  49826 28754      560.0958   227      558.0412      564.0574  4851388    1.08%
  49976 28900      558.0548   112      558.0412      564.0569  4863847    1.08%
  50035 28955      561.6335   427      558.0412      564.0560  4877373    1.08%
Elapsed time = 1680.40 sec. (1669421.92 ticks, tree = 54.94 MB, solutions = 1)
  50136 29056      560.4541   290      558.0412      564.0560  4887685    1.08%
  50284 29204      563.1447   417      558.0412      564.0557  4899959    1.08%
  50404 29321      562.6982   530      558.0412      564.0546  4911530    1.08%
  50495 29412      561.3935   321      558.0412      564.0546  4925214    1.08%
  50644 29561      563.6455   499      558.0412      564.0532  4935687    1.08%
  50828 29745      563.8965   575      558.0412      564.0527  4948239    1.08%
  50887 29804      562.7223   419      558.0412      564.0527  4962885    1.08%
  50975 29892      561.8369   301      558.0412      564.0527  4974516    1.08%
  51100 30017      563.1207   353      558.0412      564.0515  4987653    1.08%
  51256 30163      563.0951   437      558.0412      564.0515  5000006    1.08%
Elapsed time = 1718.00 sec. (1707974.86 ticks, tree = 57.17 MB, solutions = 1)
  51343 30250      561.6942   289      558.0412      564.0515  5011487    1.08%
  51449 30356      563.4214   526      558.0412      564.0506  5023908    1.08%
  51525 30432      562.1988   383      558.0412      564.0506  5036179    1.08%
  51641 30548      563.3191   460      558.0412      564.0505  5048293    1.08%
  51729 30636      562.0951   323      558.0412      564.0505  5060000    1.08%
  51875 30782      563.2474   392      558.0412      564.0495  5071290    1.08%
  52016 30912      563.3467   472      558.0412      564.0481  5084094    1.08%
  52096 30992      561.4698   333      558.0412      564.0481  5097316    1.08%
  52226 31115      563.7875   516      558.0412      564.0477  5106560    1.08%
  52395 31274      563.3166   544      558.0412      564.0469  5119078    1.08%
Elapsed time = 1755.22 sec. (1746663.23 ticks, tree = 59.26 MB, solutions = 1)
  52467 31346      561.3994   337      558.0412      564.0469  5132301    1.08%
  52628 31507      563.9171   604      558.0412      564.0466  5142320    1.08%
  52800 31676      558.0998    76      558.0412      564.0466  5154155    1.08%
  52877 31745      562.7229   364      558.0412      564.0461  5168095    1.08%
  53034 31902      563.6773   553      558.0412      564.0457  5178834    1.08%
  53182 32050      559.2306   124      558.0412      564.0457  5191736    1.08%
  53280 32137      562.2921   379      558.0412      564.0453  5205291    1.08%
  53428 32285      563.9119   607      558.0412      564.0453  5215883    1.08%
  53492 32349      562.7783   417      558.0412      564.0453  5229720    1.08%
  53610 32467      560.1255   192      558.0412      564.0453  5240836    1.08%
Elapsed time = 1792.35 sec. (1785134.29 ticks, tree = 61.52 MB, solutions = 1)
  53684 32541      562.6748   414      558.0412      564.0450  5254804    1.08%
  53797 32654      560.9549   262      558.0412      564.0450  5265967    1.08%
  53934 32791      562.1173   256      558.0412      564.0449  5278760    1.08%
  54056 32909      563.4000   448      558.0412      564.0445  5292167    1.08%
  54148 33001      562.1397   313      558.0412      564.0445  5304958    1.08%
  54292 33145      562.7001   375      558.0412      564.0443  5317539    1.08%
  54424 33270      563.2948   513      558.0412      564.0441  5329954    1.08%
  54510 33356      561.2463   325      558.0412      564.0441  5341603    1.08%
  54649 33495      563.5438   487      558.0412      564.0441  5353166    1.08%
  54796 33637      563.4637   531      558.0412      564.0441  5365620    1.08%
Elapsed time = 1829.89 sec. (1823585.07 ticks, tree = 65.09 MB, solutions = 1)
  54854 33695      562.4555   416      558.0412      564.0441  5379587    1.08%
  54973 33814      559.8720   208      558.0412      564.0441  5390039    1.08%
  55142 33983      561.1426   244      558.0412      564.0437  5401518    1.08%
  55236 34071      562.4588   473      558.0412      564.0436  5415181    1.08%
  55320 34155      561.1835   301      558.0412      564.0436  5427090    1.08%
  55448 34283      563.4848   505      558.0412      564.0428  5439756    1.08%
  55522 34357      562.0729   359      558.0412      564.0428  5452847    1.08%
  55646 34481      563.3048   512      558.0412      564.0427  5465155    1.08%
  55730 34565      561.7149   308      558.0412      564.0427  5477266    1.08%
  55850 34685      563.2855   513      558.0412      564.0426  5488921    1.08%
Elapsed time = 1866.49 sec. (1862027.43 ticks, tree = 67.24 MB, solutions = 1)
  56015 34844      563.5560   578      558.0412      564.0426  5500646    1.08%
  56086 34915      562.2724   415      558.0412      564.0426  5515622    1.08%
  56204 35033      560.8063   214      558.0412      564.0426  5528412    1.08%
  56361 35190      561.5567   149      558.0412      564.0422  5540821    1.08%
  56466 35287      562.9514   545      558.0412      564.0421  5555285    1.08%
  56537 35358      562.1407   380      558.0412      564.0421  5569562    1.08%
  56634 35455      563.7421   592      558.0412      564.0421  5581677    1.08%
  56793 35597      563.7849   575      558.0412      564.0418  5593617    1.08%
  56863 35667      562.3418   377      558.0412      564.0418  5607755    1.08%
  57013 35817      559.8388   148      558.0412      564.0418  5617552    1.08%
Elapsed time = 1904.14 sec. (1900601.64 ticks, tree = 69.30 MB, solutions = 1)
  57136 35940      560.1857   250      558.0412      564.0416  5630289    1.08%
  57231 36023      562.9677   430      558.0412      564.0415  5643633    1.08%
  57343 36135      560.7389   245      558.0412      564.0415  5655258    1.08%
  57463 36255      562.9315   478      558.0412      564.0413  5668799    1.08%
  57542 36334      561.7804   317      558.0412      564.0413  5680871    1.08%
  57645 36437      563.5833   535      558.0412      564.0406  5694005    1.08%
  57713 36505      562.5304   402      558.0412      564.0406  5706935    1.08%
  57832 36624      563.7125   571      558.0412      564.0405  5718015    1.08%
  57975 36754      563.7287   573      558.0412      564.0404  5729950    1.08%
  58041 36820      562.6328   462      558.0412      564.0404  5744428    1.08%
Elapsed time = 1941.17 sec. (1939208.40 ticks, tree = 71.12 MB, solutions = 1)
  58124 36903      560.7238   270      558.0412      564.0404  5757238    1.08%
  58277 37056      562.4539   399      558.0412      564.0403  5770199    1.08%
  58438 37217      563.6470   556      558.0412      564.0402  5782319    1.08%
  58511 37290      561.6826   357      558.0412      564.0402  5796399    1.08%
  58650 37429      563.5807   460      558.0412      564.0398  5807666    1.07%
  58790 37562      563.6426   513      558.0412      564.0396  5819897    1.07%
  58858 37630      562.8045   390      558.0412      564.0396  5834413    1.07%
  58985 37757      560.1425   189      558.0412      564.0396  5845193    1.07%
  59113 37885      562.3102   315      558.0412      564.0395  5857962    1.07%
  59241 38007      563.4718   526      558.0412      564.0391  5870332    1.07%
Elapsed time = 1979.04 sec. (1977622.36 ticks, tree = 73.35 MB, solutions = 1)
  59322 38088      561.9624   360      558.0412      564.0391  5883967    1.07%
  59428 38194      563.7866   569      558.0412      564.0390  5895059    1.07%
  59498 38264      562.7220   388      558.0412      564.0390  5909594    1.07%
  59631 38397      563.7241   568      558.0412      564.0362  5921320    1.07%
  59686 38452      562.5214   470      558.0412      564.0362  5935769    1.07%
  59759 38525      561.3708   356      558.0412      564.0362  5947396    1.07%
  59866 38632      563.4080   451      558.0412      564.0356  5959542    1.07%
  60022 38773      563.6115   473      558.0412      564.0354  5971100    1.07%
  60085 38836      562.5375   404      558.0412      564.0354  5984817    1.07%
  60171 38922      561.0905   259      558.0412      564.0354  5997042    1.07%
Elapsed time = 2015.45 sec. (2016218.10 ticks, tree = 75.02 MB, solutions = 1)
  60296 39047      562.3580   352      558.0412      564.0334  6009871    1.07%
  60453 39196      563.1205   466      558.0412      564.0329  6021859    1.07%
  60524 39267      562.3378   341      558.0412      564.0329  6034362    1.07%
  60649 39392      563.4141   421      558.0412      564.0328  6047000    1.07%
  60803 39520      563.4450   532      558.0412      564.0322  6058131    1.07%
  60878 39595      561.7851   343      558.0412      564.0322  6071857    1.07%
  61032 39749      563.8258   588      558.0412      564.0317  6083112    1.07%
  61209 39915      563.8323   608      558.0412      564.0316  6095430    1.07%
  61269 39975      562.8125   416      558.0412      564.0316  6109650    1.07%
  61370 40076      561.2775   264      558.0412      564.0316  6121299    1.07%
Elapsed time = 2053.31 sec. (2054662.35 ticks, tree = 77.16 MB, solutions = 1)
  61469 40175      562.2182   419      558.0412      564.0315  6134740    1.07%
  61566 40272      560.4342   261      558.0412      564.0315  6146134    1.07%
  61661 40367      562.6682   461      558.0412      564.0310  6159224    1.07%
  61738 40444      560.3849   276      558.0412      564.0310  6170746    1.07%
  61891 40597      562.9825   389      558.0412      564.0309  6183180    1.07%
  62044 40742      563.1705   510      558.0412      564.0299  6196198    1.07%
  62133 40831      561.3187   277      558.0412      564.0299  6208481    1.07%
  62289 40987      563.1306   390      558.0412      564.0299  6220474    1.07%
  62420 41111      562.8685   521      558.0412      564.0297  6232819    1.07%
  62485 41176      560.5996   389      558.0412      564.0297  6246195    1.07%
Elapsed time = 2090.76 sec. (2093036.41 ticks, tree = 79.17 MB, solutions = 1)
  62639 41323      563.7397   524      558.0412      564.0295  6256714    1.07%
  62800 41477      563.4787   535      558.0412      564.0281  6269513    1.07%
  62862 41539      561.7589   355      558.0412      564.0281  6283974    1.07%
  62974 41651      559.6165   205      558.0412      564.0281  6295541    1.07%
  63121 41798      562.2240   289      558.0412      564.0278  6308281    1.07%
  63267 41929      563.3422   479      558.0412      564.0277  6322062    1.07%
  63357 42019      562.0657   303      558.0412      564.0277  6335905    1.07%
  63465 42127      562.6118   397      558.0412      564.0277  6348149    1.07%
  63556 42218      561.0026   254      558.0412      564.0277  6359529    1.07%
  63654 42316      563.6003   545      558.0412      564.0277  6371568    1.07%
Elapsed time = 2128.55 sec. (2131466.22 ticks, tree = 81.29 MB, solutions = 1)
  63721 42383      561.9481   392      558.0412      564.0277  6384525    1.07%
  63837 42499      563.8200   541      558.0412      564.0277  6395055    1.07%
  64028 42686      563.9428   634      558.0412      564.0276  6407500    1.07%
  64082 42740      562.8315   470      558.0412      564.0276  6422142    1.07%
  64160 42818      561.5681   347      558.0412      564.0276  6434598    1.07%
  64268 42926      562.8305   442      558.0412      564.0269  6447093    1.07%
  64395 43046      562.9682   489      558.0412      564.0260  6459541    1.07%
  64472 43123      561.5287   357      558.0412      564.0260  6471783    1.07%
  64635 43286      563.7889   552      558.0412      564.0253  6483480    1.07%
  64781 43426      563.5183   551      558.0412      564.0252  6495903    1.07%
Elapsed time = 2166.04 sec. (2169912.69 ticks, tree = 83.43 MB, solutions = 1)
  64847 43492      561.2009   337      558.0412      564.0252  6508788    1.07%
  64998 43640      563.3536   476      558.0412      564.0247  6520021    1.07%
  65126 43757      563.4685   575      558.0412      564.0247  6530273    1.07%
  65198 43829      562.2700   346      558.0412      564.0247  6544110    1.07%
  65417 44048      559.2814    46      558.0412      564.0247  6554003    1.07%
  65487 44118      562.5166   417      558.0412      564.0236  6568138    1.07%
  65577 44208      560.5096   288      558.0412      564.0236  6579092    1.07%
  65676 44307      562.0953   426      558.0412      564.0235  6592179    1.07%
  65783 44414      559.7421   197      558.0412      564.0235  6603530    1.07%
  65915 44546      562.1354   338      558.0412      564.0220  6616347    1.07%
Elapsed time = 2203.81 sec. (2208316.97 ticks, tree = 85.52 MB, solutions = 1)
  66055 44686      563.2465   508      558.0412      564.0220  6629361    1.07%
  66128 44759      561.7209   349      558.0412      564.0220  6641139    1.07%
  66259 44890      563.3905   512      558.0412      564.0214  6652561    1.07%
  66440 45068      563.6573   477      558.0412      564.0212  6665666    1.07%
  66522 45150      561.6792   308      558.0412      564.0212  6678322    1.07%
  66656 45284      563.1050   504      558.0412      564.0211  6689549    1.07%
  66801 45419      563.8142   574      558.0412      564.0205  6702112    1.07%
  66864 45482      561.7785   373      558.0412      564.0205  6715500    1.07%
  67000 45618      559.3743   184      558.0412      564.0205  6726008    1.07%
  67125 45743      560.0156   241      558.0412      564.0205  6738194    1.07%
Elapsed time = 2242.00 sec. (2246839.63 ticks, tree = 87.78 MB, solutions = 1)
  67214 45819      562.7363   503      558.0412      564.0201  6751485    1.07%
  67288 45893      561.3992   340      558.0412      564.0201  6764436    1.07%
  67433 46038      563.8199   592      558.0412      564.0201  6775386    1.07%
  67497 46102      562.4170   410      558.0412      564.0201  6789217    1.07%
  67603 46208      560.9066   232      558.0412      564.0201  6800273    1.07%
  67678 46283      561.4862   393      558.0412      564.0186  6814027    1.07%
  67766 46371      560.5550   271      558.0412      564.0186  6826130    1.07%
  67906 46511      562.9745   398      558.0412      564.0184  6838418    1.07%
  68014 46614      563.7149   512      558.0412      564.0181  6851686    1.07%
  68089 46689      562.5807   395      558.0412      564.0181  6865299    1.07%
Elapsed time = 2278.80 sec. (2285271.15 ticks, tree = 89.54 MB, solutions = 1)
  68219 46819      559.0194   187      558.0412      564.0181  6876721    1.07%
  68349 46949      560.7034   194      558.0412      564.0174  6889473    1.07%
  68432 47027      562.6438   422      558.0412      564.0173  6902956    1.07%
  68566 47161      560.2935   180      558.0412      564.0173  6912627    1.07%
  68716 47311      562.4564   360      558.0412      564.0172  6925074    1.07%
  68839 47422      562.3426   474      558.0412      564.0169  6938411    1.07%
  68918 47501      561.3320   295      558.0412      564.0169  6950166    1.07%
  69074 47657      563.0715   415      558.0412      564.0169  6962329    1.07%
  69230 47796      563.3751   486      558.0412      564.0167  6975151    1.07%
  69300 47866      562.0849   318      558.0412      564.0167  6988442    1.07%
Elapsed time = 2316.84 sec. (2323652.94 ticks, tree = 91.76 MB, solutions = 1)
  69436 48002      563.8552   524      558.0412      564.0159  7000862    1.07%
  69510 48076      562.1450   341      558.0412      564.0159  7013299    1.07%
  69639 48205      563.6731   585      558.0412      564.0158  7024889    1.07%
  69709 48275      562.1499   383      558.0412      564.0158  7038361    1.07%
  69842 48408      563.4710   496      558.0412      564.0155  7050176    1.07%
  70010 48570      563.6316   537      558.0412      564.0152  7062638    1.07%
  70077 48637      561.4656   384      558.0412      564.0152  7075867    1.07%
  70239 48799      563.7350   567      558.0412      564.0151  7085918    1.07%
  70401 48948      563.5177   563      558.0412      564.0146  7098273    1.07%
  70458 49005      561.7868   425      558.0412      564.0146  7110726    1.07%
Elapsed time = 2354.78 sec. (2362335.44 ticks, tree = 93.95 MB, solutions = 1)
  70571 49118      560.3503   230      558.0412      564.0146  7121337    1.07%
  70704 49251      562.8087   382      558.0412      564.0146  7133979    1.07%
  70822 49363      562.9019   467      558.0412      564.0145  7146505    1.07%
  70901 49442      561.4931   344      558.0412      564.0145  7158669    1.07%
  71057 49598      563.4133   485      558.0412      564.0144  7170459    1.07%
  71212 49738      563.5715   562      558.0412      564.0143  7182984    1.07%
  71286 49812      562.3912   410      558.0412      564.0143  7196876    1.07%
  71420 49946      559.1684   151      558.0412      564.0143  7207803    1.07%
  71491 50017      561.6131   364      558.0412      564.0142  7219909    1.07%
  71626 50152      559.6353   163      558.0412      564.0142  7231163    1.07%
Elapsed time = 2392.47 sec. (2400734.17 ticks, tree = 96.14 MB, solutions = 1)
  71684 50210      561.6950   444      558.0412      564.0140  7245485    1.07%
  71761 50287      560.5601   301      558.0412      564.0140  7257165    1.07%
  71883 50409      563.0913   340      558.0412      564.0139  7269170    1.07%
  71999 50517      563.0857   519      558.0412      564.0139  7282058    1.07%
  72093 50611      562.0108   279      558.0412      564.0139  7293373    1.07%
  72270 50788      562.8481   416      558.0412      564.0138  7304464    1.07%
  72414 50919      563.5020   517      558.0412      564.0137  7316533    1.07%
  72486 50991      561.9797   348      558.0412      564.0137  7328803    1.07%
  72647 51152      563.6725   525      558.0412      564.0136  7339279    1.07%
  72833 51334      563.4442   536      558.0412      564.0136  7351596    1.07%
Elapsed time = 2430.31 sec. (2439263.40 ticks, tree = 98.42 MB, solutions = 1)
  72899 51400      562.1131   400      558.0412      564.0136  7364483    1.07%
  73033 51534      563.2894   562      558.0412      564.0135  7375015    1.07%
  73156 51655      558.0726   170      558.0412      564.0135  7387391    1.07%
  73229 51722      562.1805   398      558.0412      564.0130  7401201    1.07%
  73323 51816      560.3764   239      558.0412      564.0130  7412740    1.07%
  73473 51966      562.9117   477      558.0412      564.0117  7426122    1.07%
  73560 52053      561.6775   342      558.0412      564.0117  7439104    1.07%
  73651 52144      563.2242   493      558.0412      564.0112  7452265    1.07%
  73740 52233      561.0262   305      558.0412      564.0112  7463306    1.07%
  73866 52359      562.7899   428      558.0412      564.0106  7475099    1.07%
Elapsed time = 2467.11 sec. (2477729.90 ticks, tree = 100.35 MB, solutions = 1)
  73996 52479      563.0783   474      558.0412      564.0104  7486545    1.07%
  74090 52573      561.6168   248      558.0412      564.0104  7497867    1.07%
  74258 52741      562.7980   460      558.0412      564.0104  7510250    1.07%
  74379 52852      563.6246   546      558.0412      564.0103  7522323    1.07%
  74444 52917      562.9119   374      558.0412      564.0103  7535240    1.07%
  74553 53026      560.5822   196      558.0412      564.0103  7547008    1.07%
  74718 53191      561.2596   270      558.0412      564.0095  7558829    1.07%
  74829 53298      562.6521   420      558.0412      564.0094  7571775    1.07%
  74904 53373      561.4020   294      558.0412      564.0094  7583786    1.07%
  75049 53518      563.5918   489      558.0412      564.0085  7595552    1.07%
Elapsed time = 2504.71 sec. (2516178.05 ticks, tree = 102.58 MB, solutions = 1)
  75211 53664      563.5840   542      558.0412      564.0085  7607931    1.07%
  75272 53725      562.3438   385      558.0412      564.0085  7621388    1.07%
  75373 53826      559.6867   275      558.0412      564.0085  7633004    1.07%
  75464 53917      562.9228   490      558.0412      564.0084  7646624    1.07%
  75536 53989      561.8905   328      558.0412      564.0084  7658398    1.07%
  75643 54096      563.6862   463      558.0412      564.0084  7670194    1.07%
  75727 54180      562.6308   329      558.0412      564.0084  7681060    1.07%
  75865 54318      563.2586   385      558.0412      564.0078  7692306    1.07%
  75996 54442      563.3276   500      558.0412      564.0075  7704100    1.07%
  76084 54530      561.4743   363      558.0412      564.0075  7717242    1.07%
Elapsed time = 2541.48 sec. (2554648.70 ticks, tree = 104.55 MB, solutions = 1)
  76243 54689      563.8226   513      558.0412      564.0074  7727250    1.07%
  76388 54825      563.8143   555      558.0412      564.0068  7739628    1.07%
  76451 54888      562.7881   445      558.0412      564.0068  7754321    1.07%
  76537 54974      561.4036   309      558.0412      564.0068  7765659    1.07%
  76666 55103      563.0306   451      558.0412      564.0066  7778426    1.07%
  76767 55199      563.1185   489      558.0412      564.0062  7791118    1.07%
  76841 55273      562.0313   373      558.0412      564.0062  7803245    1.07%
  76968 55400      558.9004   175      558.0412      564.0062  7815165    1.07%
  77121 55550      562.2256   307      558.0412      564.0061  7828307    1.07%
  77241 55658      562.7426   440      558.0412      564.0060  7841785    1.07%
Elapsed time = 2579.08 sec. (2593037.64 ticks, tree = 106.78 MB, solutions = 1)
  77319 55736      561.7429   322      558.0412      564.0060  7853222    1.07%
  77443 55860      563.4232   565      558.0412      564.0058  7864778    1.07%
  77512 55929      562.4508   325      558.0412      564.0058  7877627    1.07%
  77634 56051      563.5775   547      558.0412      564.0057  7889934    1.07%
  77696 56113      562.5729   364      558.0412      564.0057  7903014    1.07%
  77832 56249      563.6865   535      558.0412      564.0045  7914234    1.07%
  78002 56412      563.6235   536      558.0412      564.0042  7925626    1.07%
  78060 56470      562.2814   421      558.0412      564.0042  7939655    1.07%
  78166 56576      560.5839   196      558.0412      564.0042  7950946    1.07%
  78321 56731      561.1615   256      558.0412      564.0041  7963192    1.07%
Elapsed time = 2616.29 sec. (2631640.03 ticks, tree = 108.82 MB, solutions = 1)
  78426 56829      562.7502   407      558.0412      564.0038  7976506    1.07%
  78541 56944      560.6957   216      558.0412      564.0038  7987722    1.07%
  78723 57126      561.8067   274      558.0412      564.0034  8000509    1.07%
  78863 57256      562.8822   479      558.0412      564.0021  8013824    1.07%
  78936 57329      561.6114   331      558.0412      564.0021  8025825    1.07%
  79064 57457      563.3439   439      558.0412      564.0020  8037761    1.07%
  79238 57627      563.2751   516      558.0412      564.0008  8048916    1.07%
  79298 57687      561.7436   367      558.0412      564.0008  8062021    1.07%
  79419 57808      559.8357   237      558.0412      564.0008  8072103    1.07%
  79495 57884      562.2500   395      558.0412      564.0008  8085969    1.07%
Elapsed time = 2653.99 sec. (2670129.59 ticks, tree = 110.97 MB, solutions = 1)
  79603 57992      560.6534   279      558.0412      564.0008  8096743    1.07%
  79680 58069      562.5855   426      558.0412      564.0006  8110348    1.07%
  79760 58149      561.4212   322      558.0412      564.0006  8121737    1.07%
  79887 58276      563.1415   400      558.0412      564.0005  8134497    1.07%
  79988 58372      563.4690   497      558.0412      564.0001  8147650    1.07%
  80065 58449      561.5532   396      558.0412      564.0001  8161104    1.07%
  80184 58568      559.6539   196      558.0412      564.0001  8172103    1.07%
  80323 58707      561.0121   227      558.0412      564.0000  8184651    1.07%
  80435 58814      562.5317   350      558.0412      564.0000  8198114    1.07%
  80626 59005      558.5818    80      558.0412      564.0000  8207944    1.07%
Elapsed time = 2691.42 sec. (2708563.62 ticks, tree = 113.15 MB, solutions = 1)
  80772 59151      560.7714   140      558.0412      564.0000  8220392    1.07%
  80875 59239      561.5989   475      558.0412      564.0000  8234269    1.07%
  80968 59332      560.6903   249      558.0412      564.0000  8245146    1.07%
  81103 59467      562.1414   338      558.0412      563.9999  8257869    1.07%
  81246 59610      563.3252   521      558.0412      563.9996  8269761    1.07%
  81323 59687      562.4370   381      558.0412      563.9996  8283123    1.07%
  81435 59799      563.3920   515      558.0412      563.9996  8294675    1.07%
  81487 59851      561.9665   382      558.0412      563.9996  8307996    1.07%
  81618 59982      558.5295   187      558.0412      563.9996  8318893    1.07%
  81702 60066      562.4964   338      558.0412      563.9995  8332986    1.07%
Elapsed time = 2728.45 sec. (2746884.96 ticks, tree = 115.11 MB, solutions = 1)
  81828 60192      563.6505   543      558.0412      563.9994  8344783    1.07%
  81943 60299      563.7656   604      558.0412      563.9992  8356673    1.07%
  82004 60360      561.8978   404      558.0412      563.9992  8369638    1.07%
  82104 60460      560.8658   260      558.0412      563.9992  8380596    1.07%
  82280 60636      563.0674   466      558.0412      563.9989  8392575    1.07%
  82432 60782      563.7343   520      558.0412      563.9989  8404518    1.07%
  82495 60845      562.9419   387      558.0412      563.9989  8417817    1.07%
  82616 60966      560.6364   168      558.0412      563.9989  8428951    1.07%
  82746 61096      560.9424   222      558.0412      563.9988  8442075    1.07%
  82858 61198      562.7929   419      558.0412      563.9987  8455461    1.07%
Elapsed time = 2765.78 sec. (2785403.63 ticks, tree = 117.24 MB, solutions = 1)
  82964 61304      559.9529   234      558.0412      563.9987  8467307    1.07%
  83111 61451      561.6029   301      558.0412      563.9983  8478555    1.07%
  83235 61557      562.4101   425      558.0412      563.9981  8490673    1.07%
  83352 61674      559.9463   195      558.0412      563.9981  8501207    1.07%
  83473 61795      562.5180   433      558.0412      563.9981  8514020    1.07%
  83562 61884      560.3705   292      558.0412      563.9981  8526108    1.07%
  83663 61985      563.1292   440      558.0412      563.9978  8539072    1.07%
  83750 62072      562.0871   313      558.0412      563.9978  8549998    1.07%
  83879 62201      562.7192   427      558.0412      563.9975  8562545    1.07%
  84006 62320      563.5679   505      558.0412      563.9973  8575121    1.07%
Elapsed time = 2803.08 sec. (2823912.01 ticks, tree = 119.36 MB, solutions = 1)
  84108 62422      561.2879   287      558.0412      563.9973  8587025    1.07%
  84277 62591      563.1222   411      558.0412      563.9969  8598357    1.07%
  84388 62699      563.3812   510      558.0412      563.9969  8610564    1.07%
  84463 62774      561.7458   333      558.0412      563.9969  8622962    1.07%
  84628 62939      563.7489   589      558.0412      563.9968  8634371    1.07%
  84761 63072      560.7682   195      558.0412      563.9968  8647964    1.07%
  84868 63169      562.9866   440      558.0412      563.9968  8662040    1.07%
  84987 63288      560.7793   225      558.0412      563.9968  8672689    1.07%
  85134 63435      561.5527   276      558.0412      563.9967  8684841    1.07%
  85238 63530      562.7595   447      558.0412      563.9965  8698690    1.07%
Elapsed time = 2840.84 sec. (2862274.00 ticks, tree = 121.63 MB, solutions = 1)
  85329 63621      561.4262   246      558.0412      563.9965  8709984    1.07%
  85465 63757      562.7243   458      558.0412      563.9964  8722060    1.07%
  85546 63838      561.7541   304      558.0412      563.9964  8733305    1.07%
  85648 63940      563.3838   531      558.0412      563.9964  8746016    1.07%
  85730 64022      561.0406   289      558.0412      563.9964  8757556    1.07%
  85885 64177      563.1125   409      558.0412      563.9964  8770213    1.07%
  86017 64300      563.4507   526      558.0412      563.9961  8782266    1.07%
  86105 64388      561.9690   304      558.0412      563.9961  8795630    1.07%
  86251 64534      563.2776   444      558.0412      563.9961  8807749    1.07%
  86389 64657      563.5199   467      558.0412      563.9960  8818849    1.07%
Elapsed time = 2877.92 sec. (2900650.73 ticks, tree = 123.85 MB, solutions = 1)
  86474 64742      561.9271   340      558.0412      563.9960  8832166    1.07%
  86652 64920      563.3429   482      558.0412      563.9958  8842806    1.07%
  86760 65023      563.6316   515      558.0412      563.9957  8854693    1.07%
  86842 65105      561.4350   303      558.0412      563.9957  8866213    1.07%
  87039 65302      563.5828   511      558.0412      563.9955  8876576    1.07%
  87173 65432      563.0917   539      558.0412      563.9952  8888633    1.07%
  87248 65507      561.5129   378      558.0412      563.9952  8902382    1.07%
  87376 65635      560.0547   182      558.0412      563.9952  8913366    1.07%
  87473 65731      562.9637   492      558.0412      563.9951  8927844    1.07%
  87547 65805      562.3123   344      558.0412      563.9951  8939834    1.07%
Elapsed time = 2915.00 sec. (2939085.23 ticks, tree = 128.83 MB, solutions = 1)
  87645 65903      563.3902   490      558.0412      563.9951  8952706    1.07%
  87725 65983      562.0979   332      558.0412      563.9951  8965058    1.07%
  87846 66104      563.5871   491      558.0412      563.9948  8977064    1.07%
  87998 66247      563.8245   493      558.0412      563.9946  8989379    1.07%
  88068 66317      561.9894   347      558.0412      563.9946  9002231    1.07%
  88225 66474      558.6800   123      558.0412      563.9946  9014586    1.07%
  88327 66576      559.3452   243      558.0412      563.9946  9027014    1.07%
  88427 66662      562.9667   462      558.0412      563.9945  9039439    1.07%
  88505 66740      561.6318   340      558.0412      563.9945  9050875    1.07%
  88645 66880      563.5058   538      558.0412      563.9942  9064167    1.07%
Elapsed time = 2952.51 sec. (2977570.72 ticks, tree = 130.90 MB, solutions = 1)
  88785 67020      560.5408   145      558.0412      563.9942  9077573    1.07%
  88884 67119      563.0318   450      558.0412      563.9941  9091793    1.07%
  88968 67203      561.5768   302      558.0412      563.9941  9104184    1.07%
  89097 67332      563.0236   317      558.0412      563.9940  9116319    1.07%
  89240 67463      562.3806   450      558.0412      563.9940  9129492    1.07%
  89329 67552      561.5340   283      558.0412      563.9940  9141235    1.07%
  89456 67679      562.7819   465      558.0412      563.9940  9153824    1.07%
  89545 67768      561.0694   297      558.0412      563.9940  9166466    1.07%
  89654 67877      563.2138   478      558.0412      563.9939  9178984    1.07%
  89738 67961      562.1497   309      558.0412      563.9939  9190704    1.07%
Elapsed time = 2989.87 sec. (3015931.17 ticks, tree = 132.91 MB, solutions = 1)
  89882 68105      562.4289   390      558.0412      563.9938  9204038    1.07%
  90024 68243      563.0893   469      558.0412      563.9937  9217135    1.07%
  90101 68320      562.3669   298      558.0412      563.9937  9228307    1.07%
  90261 68480      563.1919   442      558.0412      563.9937  9240336    1.07%
  90392 68605      563.4538   533      558.0412      563.9936  9253052    1.07%
  90466 68679      561.4843   388      558.0412      563.9936  9265983    1.07%
  90576 68789      559.0447   217      558.0412      563.9936  9277581    1.07%
  90746 68956      560.0227   205      558.0412      563.9935  9289601    1.07%
  90844 69044      562.4042   432      558.0412      563.9933  9302668    1.07%
  90950 69150      560.8699   233      558.0412      563.9933  9314146    1.07%
Elapsed time = 3027.22 sec. (3054260.07 ticks, tree = 135.17 MB, solutions = 1)
  91112 69312      561.0080   220      558.0412      563.9931  9325354    1.07%
  91225 69409      562.3146   442      558.0412      563.9926  9338812    1.07%
  91322 69506      560.3079   252      558.0412      563.9926  9350801    1.07%
  91460 69639      562.6700   450      558.0412      563.9924  9364048    1.07%
  91575 69754      559.8897   211      558.0412      563.9924  9374953    1.07%
  91675 69854      563.0339   439      558.0412      563.9919  9388396    1.07%
  91770 69949      560.5989   256      558.0412      563.9919  9399680    1.07%
  91912 70091      562.6686   334      558.0412      563.9918  9412716    1.07%
  92025 70195      562.5887   458      558.0412      563.9916  9425488    1.07%
  92127 70297      561.5041   254      558.0412      563.9916  9436453    1.07%
Elapsed time = 3064.31 sec. (3092594.16 ticks, tree = 137.38 MB, solutions = 1)
  92281 70451      561.9996   335      558.0412      563.9915  9447847    1.07%
  92384 70550      562.2079   487      558.0412      563.9912  9461254    1.07%
  92466 70632      561.6690   365      558.0412      563.9912  9473566    1.07%
  92636 70802      563.8127   515      558.0412      563.9907  9485787    1.07%
  92799 70952      563.6704   519      558.0412      563.9906  9499123    1.07%
  92894 71047      562.0790   316      558.0412      563.9906  9511070    1.07%
  93040 71193      563.7346   490      558.0412      563.9903  9522509    1.07%
  93197 71327      563.4751   508      558.0412      563.9897  9533776    1.07%
  93276 71406      562.2555   371      558.0412      563.9897  9546568    1.07%
  93428 71558      563.7634   591      558.0412      563.9897  9557454    1.07%
Elapsed time = 3102.44 sec. (3131186.24 ticks, tree = 139.82 MB, solutions = 1)
  93507 71637      561.9180   353      558.0412      563.9897  9570207    1.07%
  93632 71762      563.5627   525      558.0412      563.9896  9582109    1.07%
  93696 71826      562.4068   391      558.0412      563.9896  9595470    1.07%
  93805 71935      560.7361   204      558.0412      563.9896  9606726    1.07%
  93949 72079      561.4761   261      558.0412      563.9892  9619322    1.07%
  94052 72178      562.7800   377      558.0412      563.9890  9632830    1.07%
  94169 72295      561.3763   203      558.0412      563.9890  9645039    1.07%
  94297 72423      562.1073   261      558.0412      563.9886  9657013    1.07%
  94418 72534      563.2034   453      558.0412      563.9884  9670429    1.07%
  94501 72617      561.6905   329      558.0412      563.9884  9682862    1.07%
Elapsed time = 3138.91 sec. (3169466.76 ticks, tree = 141.80 MB, solutions = 1)
  94648 72764      563.2978   468      558.0412      563.9884  9694422    1.07%
  94768 72878      563.5005   540      558.0412      563.9883  9705015    1.07%
  94827 72937      562.4956   405      558.0412      563.9883  9719234    1.07%
  94924 73034      561.4034   281      558.0412      563.9883  9730747    1.07%
  95085 73195      562.7207   397      558.0412      563.9879  9743039    1.07%
  95215 73322      562.5117   422      558.0412      563.9878  9755441    1.07%
  95306 73413      561.0233   280      558.0412      563.9878  9767501    1.07%
  95444 73551      562.6328   537      558.0412      563.9876  9780081    1.07%
  95514 73621      560.7047   334      558.0412      563.9876  9792254    1.07%
  95638 73745      563.4129   561      558.0412      563.9875  9803777    1.07%
Elapsed time = 3176.31 sec. (3207996.50 ticks, tree = 144.02 MB, solutions = 1)
  95701 73808      562.3612   388      558.0412      563.9875  9818087    1.07%
  95816 73923      560.6824   212      558.0412      563.9875  9829560    1.07%
  95942 74049      560.2567   238      558.0412      563.9875  9841534    1.07%
  96026 74128      562.7783   406      558.0412      563.9874  9854881    1.07%
  96132 74234      561.1343   282      558.0412      563.9874  9865627    1.07%
  96273 74375      562.5954   473      558.0412      563.9873  9878398    1.07%
  96439 74541      563.3817   533      558.0412      563.9872  9891205    1.07%
  96504 74606      562.4138   429      558.0412      563.9872  9904254    1.07%
  96619 74721      560.1839   209      558.0412      563.9872  9914802    1.07%
  96774 74868      563.8489   592      558.0412      563.9872  9927404    1.07%
Elapsed time = 3213.33 sec. (3246598.69 ticks, tree = 146.13 MB, solutions = 1)
  96836 74930      562.3061   378      558.0412      563.9872  9941585    1.07%
  96958 75052      559.8429   197      558.0412      563.9872  9952683    1.07%
  97128 75222      561.7203   263      558.0412      563.9870  9964493    1.07%
  97252 75336      562.4453   471      558.0412      563.9867  9978244    1.07%
  97354 75438      560.1109   254      558.0412      563.9867  9989433    1.07%
  97463 75547      562.0490   446      558.0412      563.9866 10002267    1.07%
  97556 75640      560.5303   292      558.0412      563.9866 10013436    1.07%
Starting limited solution polishing.
  97656 75740      562.8338   453      558.0412      563.9862 10025235    1.07%
  97752 75836      561.3089   250      558.0412      563.9862 10036199    1.07%
  97901 75985      562.8836   385      558.0412      563.9854 10048120    1.07%
Elapsed time = 3250.21 sec. (3285048.85 ticks, tree = 148.21 MB, solutions = 1)
  98026 76107      563.2616   550      558.0412      563.9853 10057037    1.07%
  98091 76172      561.6832   398      558.0412      563.9853 10070072    1.07%
  98162 76243      560.7734   301      558.0412      563.9853 10079484    1.07%
  98282 76363      563.1725   359      558.0412      563.9849 10089851    1.07%
  98400 76466      563.5213   516      558.0412      563.9844 10099566    1.07%
  98458 76524      562.4815   343      558.0412      563.9844 10109763    1.07%
  98589 76655      559.7717   151      558.0412      563.9844 10119154    1.07%
  98716 76782      561.7203   270      558.0412      563.9842 10129637    1.06%
  98826 76874      562.4738   424      558.0412      563.9841 10139051    1.06%
  98926 76974      561.3102   260      558.0412      563.9841 10148979    1.06%
Elapsed time = 3289.52 sec. (3324673.39 ticks, tree = 150.11 MB, solutions = 1)
  99066 77114      562.6797   396      558.0412      563.9840 10158572    1.06%
  99177 77211      563.3297   471      558.0412      563.9839 10167346    1.06%
  99249 77283      561.7059   373      558.0412      563.9839 10179408    1.06%
  99372 77406      559.3843   189      558.0412      563.9839 10188758    1.06%
  99467 77500      562.7781   466      558.0412      563.9839 10199597    1.06%
  99536 77569      561.6149   284      558.0412      563.9839 10209534    1.06%
  99642 77675      563.5146   488      558.0412      563.9838 10219831    1.06%
  99708 77741      562.3682   380      558.0412      563.9838 10233213    1.06%
  99793 77826      561.3515   244      558.0412      563.9838 10243273    1.06%
  99919 77952      560.9306   252      558.0412      563.9837 10254663    1.06%
Elapsed time = 3327.22 sec. (3363044.70 ticks, tree = 151.96 MB, solutions = 1)
 100026 78039      562.7303   416      558.0412      563.9837 10266159    1.06%
 100126 78139      560.5254   229      558.0412      563.9837 10277853    1.06%
 100289 78302      563.0344   402      558.0412      563.9837 10289650    1.06%
 100402 78403      562.8610   472      558.0412      563.9834 10299682    1.06%
 100479 78480      561.8805   303      558.0412      563.9834 10310294    1.06%
 100621 78622      560.2094   138      558.0412      563.9834 10319007    1.06%
 100710 78711      559.8017   255      558.0412      563.9833 10329248    1.06%
 100776 78773      562.9121   435      558.0412      563.9832 10338546    1.06%
 100853 78850      562.1704   308      558.0412      563.9832 10349539    1.06%
 101026 79023      559.0174    89      558.0412      563.9832 10358032    1.06%
Elapsed time = 3368.01 sec. (3403401.53 ticks, tree = 154.04 MB, solutions = 1)
 101150 79142      563.8313   613      558.0412      563.9830 10368175    1.06%
 101209 79201      561.9826   413      558.0412      563.9830 10382241    1.06%
 101275 79267      561.3696   356      558.0412      563.9830 10392499    1.06%
 101404 79396      559.3143   167      558.0412      563.9830 10403659    1.06%
 101471 79463      562.5246   440      558.0412      563.9829 10416470    1.06%
 101556 79548      561.2181   275      558.0412      563.9829 10426849    1.06%
 101652 79644      563.5843   517      558.0412      563.9827 10437886    1.06%
 101730 79722      562.3081   314      558.0412      563.9827 10449427    1.06%
 101855 79847      563.2149   437      558.0412      563.9824 10459620    1.06%
 101979 79962      563.1973   501      558.0412      563.9822 10471066    1.06%
Elapsed time = 3405.06 sec. (3441849.63 ticks, tree = 155.82 MB, solutions = 1)
 102039 80022      562.3484   370      558.0412      563.9822 10482363    1.06%
 102126 80109      560.4296   241      558.0412      563.9822 10492900    1.06%
 102257 80240      562.8533   450      558.0412      563.9804 10502264    1.06%
 102389 80355      563.4456   530      558.0412      563.9803 10512511    1.06%
 102445 80411      562.5744   397      558.0412      563.9803 10523573    1.06%
 102526 80492      561.8029   259      558.0412      563.9803 10535833    1.06%
 102652 80618      563.5649   502      558.0412      563.9789 10546833    1.06%
 102793 80750      563.6286   569      558.0412      563.9788 10557531    1.06%
 102849 80806      562.3551   395      558.0412      563.9788 10570643    1.06%
 102954 80911      560.6543   240      558.0412      563.9788 10580381    1.06%
Elapsed time = 3443.15 sec. (3481062.19 ticks, tree = 157.62 MB, solutions = 1)
 103076 81033      562.9461   355      558.0412      563.9787 10590865    1.06%
 103180 81132      563.6646   500      558.0412      563.9786 10599645    1.06%
 103256 81208      562.1435   353      558.0412      563.9786 10610850    1.06%
 103354 81306      560.7022   208      558.0412      563.9786 10619535    1.06%
 103467 81419      562.0163   411      558.0412      563.9785 10630400    1.06%
 103547 81499      560.6818   279      558.0412      563.9785 10640638    1.06%
 103648 81600      563.0261   520      558.0412      563.9784 10652856    1.06%
 103726 81678      561.4242   364      558.0412      563.9784 10664075    1.06%
 103865 81814      562.9843   471      558.0412      563.9782 10672233    1.06%
 104028 81977      563.8433   612      558.0412      563.9782 10677834    1.06%
Elapsed time = 3482.88 sec. (3520724.52 ticks, tree = 163.16 MB, solutions = 1)
 104126 82075      561.4814   326      558.0412      563.9782 10686906    1.06%
 104277 82226      562.9822   373      558.0412      563.9779 10694786    1.06%
 104402 82340      562.8711   476      558.0412      563.9779 10702495    1.06%
 104486 82424      560.8334   305      558.0412      563.9779 10708774    1.06%
 104626 82564      558.9228   120      558.0412      563.9779 10713837    1.06%
 104778 82705      563.8878   570      558.0412      563.9776 10720240    1.06%
 104871 82798      560.9025   295      558.0412      563.9776 10728625    1.06%
 105028 82955      563.7493   574      558.0412      563.9774 10734073    1.06%
 105185 83101      563.4410   575      558.0412      563.9774 10741314    1.06%
 105261 83177      561.6450   392      558.0412      563.9774 10749770    1.06%
Elapsed time = 3524.59 sec. (3559977.59 ticks, tree = 184.31 MB, solutions = 1)
 105388 83304      559.6519   137      558.0412      563.9774 10756066    1.06%
 105492 83408      562.3949   365      558.0412      563.9772 10763349    1.06%
 105626 83542      560.0694   169      558.0412      563.9772 10769339    1.06%
 105726 83642      561.7738   346      558.0412      563.9769 10779372    1.06%
 105877 83793      562.8633   423      558.0412      563.9768 10787757    1.06%
 105972 83882      563.5964   539      558.0412      563.9766 10795342    1.06%
 106102 84012      560.3055   239      558.0412      563.9766 10802896    1.06%
 106299 84209      562.5599   381      558.0412      563.9766 10810203    1.06%
 106426 84329      562.7183   439      558.0412      563.9766 10817595    1.06%
 106553 84456      559.7208   184      558.0412      563.9766 10824054    1.06%
Elapsed time = 3566.18 sec. (3599393.45 ticks, tree = 210.81 MB, solutions = 1)
 106736 84639      559.0616   193      558.0412      563.9757 10831190    1.06%
 106863 84748      561.7970   364      558.0412      563.9751 10840294    1.06%
 107026 84911      558.7704    95      558.0412      563.9751 10845596    1.06%
 107156 85037      563.4205   626      558.0412      563.9748 10853607    1.06%
 107238 85119      561.8500   368      558.0412      563.9748 10862376    1.06%
 107331 85212      560.5678   185      558.0412      563.9748 10868897    1.06%
 107464 85345      562.4353   450      558.0412      563.9746 10876456    1.06%
 107561 85442      560.6206   280      558.0412      563.9746 10882752    1.06%

Implied bound cuts applied:  1
Flow cuts applied:  143
Mixed integer rounding cuts applied:  296
Lift and project cuts applied:  5
Gomory fractional cuts applied:  9
User cuts applied:  959

Root node processing (before b&c):
  Real time             =    5.72 sec. (5943.52 ticks)
Sequential b&c:
  Real time             = 3594.28 sec. (3626105.32 ticks)
                          ------------
Total (root+branch&cut) = 3600.00 sec. (3632048.84 ticks)
|V|                                     600
K                                       120
theta                                   0.20
r                                       5
R                                       20
prob_func                               linear
#C1                                     1714
#CP                                     28968

@Parameters: 
am_callback_heuristic                   false
am_local_search                         true
am_start_heuristic                      false
colocation                              true
comp                                    false
cutC                                    true
cutC_init                               false
cutF                                    false
cutF_init                               false
cutF_stable                             false
cutF_wrong                              false
cutLocal                                false
cutM                                    true
cutM_init                               true
cutM_stable                             false
cutP                                    true
cutP_init                               false
cutP_stable                             false
init                                    true
init_cutF_zero                          false
init_val_greedy                         true
is_Euclidean                            false
is_local_search                         false
is_right_cutP                           true
is_root                                 false
is_silent                               false
is_start                                false
mycut                                   false
pmed                                    false
pre                                     true
stable_root                             false
str                                     false
two_phase                               false
ubstr                                   false
mode                                    Int

am_callback_node_space                  50
init                                    0
mixture_seed                            1
node_space                              5
nodelimit                               -1
nsepa                                   1
strF                                    0
type_delta                              0

EPS                                     0.001000
EPS_FRAC                                0.00
gap                                     0.00
mixture_high_max                        0.99
mixture_high_min                        0.90
mixture_low_max                         0.01
mixture_low_min                         0.00
mixture_low_share                       0.80
timelimit                               3600.00

Number of Closed Sites: 7 / 840 
Number of Confined Sites-1: 9 / 1071 
Number of Confined Sites-k: 584 / 7779 
Preprocess Time: 1.54 + 0.00 sec

Solve Time: 3600.00
Number of Nodes: 107581
Termination Status: TIME_LIMIT

CutInfo: [phase] num / time (sec) / aver. num_nonzero
max              [LP]     0 / 0.00 / 0.00 [init]   292 / 0.01 / 3.09 [rLC]   312 / 0.01 / 7.98 [rUC]  1527 / 0.11 / 6.21 [sLC]   292 / 0.02 / 11.28 [sUC]  1166 / 1.52 / 6.89 
prod_oa          [LP]     0 / 0.00 / 0.00 [init]   249 / 0.00 / 30.22 [rLC]   319 / 0.01 / 46.85 [rUC]   539 / 0.15 / 32.64 [sLC]   692 / 0.02 / 45.71 [sUC]  1113 / 2.24 / 31.32 
prod_sm_fixed    [LP]     0 / 0.00 / 0.00 [init]     0 / 0.00 / 0.00 [rLC]     0 / 0.00 / 0.00 [rUC]     0 / 0.00 / 0.00 [sLC]     0 / 0.00 / 0.00 [sUC]     0 / 0.00 / 0.00 
prod_bin         [LP]     0 / 0.00 / 0.00 [init]     0 / 0.00 / 0.00 [rLC]     0 / 0.00 / 0.00 [rUC]     0 / 0.00 / 0.00 [sLC]     0 / 0.00 / 0.00 [sUC]     0 / 0.00 / 0.00 
prod_local       [LP]     0 / 0.00 / 0.00 [init]     0 / 0.00 / 0.00 [rLC]     0 / 0.00 / 0.00 [rUC]     0 / 0.00 / 0.00 [sLC]     0 / 0.00 / 0.00 [sUC]     0 / 0.00 / 0.00 
prod_sm_C        [LP]     0 / 0.00 / 0.00 [init]     0 / 0.00 / 0.00 [rLC]     0 / 0.00 / 0.00 [rUC]     0 / 0.00 / 0.00 [sLC]     0 / 0.00 / 0.00 [sUC]     0 / 0.00 / 0.00 
facet            [LP]     0 / 0.00 / 0.00 [init]     0 / 0.00 / 0.00 [rLC]     0 / 0.00 / 0.00 [rUC]     0 / 0.00 / 0.00 [sLC]     0 / 0.00 / 0.00 [sUC]     0 / 0.00 / 0.00 
Separation Round:   [LP] 0  [init] 1  [rLC] 2  [rUC] 23  [sLC] 3  [sUC] 213956  
Root Best Bound 568.136840
Root Best Integer: 558.041154
Best Bound: 563.974567
Best Integer: 558.041154
1: 9, 11, 18, 21, 25, 28, 31, 33, 35, 36, 39, 41, 64, 75, 76, 77, 80, 81, 83, 84, 86, 88, 90, 92, 98, 103, 112, 114, 116, 118, 123, 129, 132, 134, 135, 137, 144, 148, 153, 155, 167, 176, 179, 182, 188, 190, 193, 209, 214, 217, 226, 227, 230, 237, 245, 251, 256, 258, 266, 268, 275, 289, 294, 296, 297, 301, 305, 319, 328, 336, 351, 359, 360, 368, 369, 380, 383, 385, 390, 394, 404, 410, 413, 426, 431, 435, 442, 451, 452, 453, 457, 459, 464, 470, 473, 481, 507, 519, 521, 523, 527, 529, 531, 532, 543, 544, 551, 553, 556, 563, 573, 577, 580, 582, 583, 600
2: 43, 207
Objective Value (calc): 558.041154
sum_etaM = 516.333333 / 516.333333
sum_etaP = 568.468109 / 568.468109
nL: 118
nCL: 2
mCL: 2
