Version identifier: 20.1.0.0 | 2020-11-10 | 9bedb6d68
CPXPARAM_Threads                                 1
CPXPARAM_TimeLimit                               3600
CPXPARAM_MIP_Tolerances_MIPGap                   0
Generic callback                                 0x60
1 of 1 MIP starts provided solutions.
MIP start 'm1' defined initial solution with objective 479.2063.
Tried aggregator 2 times.
MIP Presolve eliminated 13 rows and 10 columns.
Aggregator did 3 substitutions.
Reduced MIP has 2966 rows, 3187 columns, and 85535 nonzeros.
Reduced MIP has 795 binaries, 792 generals, 0 SOSs, and 0 indicators.
Presolve time = 0.04 sec. (27.82 ticks)
Probing time = 0.00 sec. (3.69 ticks)
Tried aggregator 1 time.
Reduced MIP has 2966 rows, 3187 columns, and 85535 nonzeros.
Reduced MIP has 795 binaries, 792 generals, 0 SOSs, and 0 indicators.
Presolve time = 0.02 sec. (16.22 ticks)
Probing time = 0.00 sec. (3.69 ticks)
MIP emphasis: balance optimality and feasibility.
MIP search method: dynamic search.
Parallel mode: none, using 1 thread.
Root relaxation solution time = 0.57 sec. (676.28 ticks)

        Nodes                                         Cuts/
   Node  Left     Objective  IInf  Best Integer    Best Bound    ItCnt     Gap

*     0+    0                          479.2063      800.0000            66.94%
      0     0      531.7319    36      479.2063      531.7319     4030   10.96%
      0     0      495.3899    90      479.2063     Cuts: 716     4987    3.38%
      0     0      494.7431   102      479.2063     Cuts: 233     5395    3.24%
      0     0      494.5843   104      479.2063     Cuts: 132     5561    3.21%
      0     0      494.4827   106      479.2063      Cuts: 96     5696    3.19%
      0     0      494.4254   116      479.2063      Cuts: 88     5801    3.18%
      0     0      494.3841   116      479.2063      Cuts: 70     5907    3.17%
      0     0      494.3567   120      479.2063      Cuts: 65     6009    3.16%
      0     0      494.3133   126      479.2063      Cuts: 59     6134    3.15%
      0     0      494.2981   122      479.2063      Cuts: 66     6216    3.15%
      0     0      494.2897   126      479.2063 UserPurge2: 31     6273    3.15%
      0     0      494.2836   124      479.2063 UserPurge2: 21     6325    3.15%
      0     0      494.2815   128      479.2063 UserPurge2: 18     6350    3.15%
      0     0      494.2807   132      479.2063 UserPurge2: 10     6365    3.15%
      0     0      494.2800   136      479.2063 UserPurge2: 6     6377    3.15%
      0     0      494.2799   136      479.2063 UserPurge2: 1     6378    3.15%
      0     0      494.2799   136      479.2063 UserPurge2: 2     6380    3.15%
      0     0      494.2799   136      479.2063 UserPurge2: 1     6381    3.15%
*     0+    0                          479.2639      494.2799             3.13%
      0     2      491.5597    94      479.2639      491.5586     6381    2.57%
Elapsed time = 8.40 sec. (7539.40 ticks, tree = 0.01 MB, solutions = 2)
      1     3      490.3938   100      479.2639      491.5586     7331    2.57%
      3     5      491.0896    90      479.2639      491.1469     7922    2.48%
      5     7      489.9870    84      479.2639      491.1469     9856    2.48%
      6     8      489.8425    78      479.2639      491.1469    10653    2.48%
      7     9      489.4881    76      479.2639      491.1469    11427    2.48%
      8    10      489.4284    74      479.2639      491.1469    12198    2.48%
      9    11      488.9432    72      479.2639      491.1469    12705    2.48%
     10    12      487.9375    64      479.2639      491.1469    13497    2.48%
     11    13      488.2761    78      479.2639      491.1469    14135    2.48%
     15    17      486.6987    70      479.2639      491.1469    17069    2.48%
Elapsed time = 13.15 sec. (12417.60 ticks, tree = 0.20 MB, solutions = 2)
     20    22      483.8710    52      479.2639      491.1469    19500    2.48%
     28    28        cutoff            479.2639      491.1469    21908    2.48%
     35    29      488.3614    78      479.2639      490.9582    24261    2.44%
     37    31      487.1258    84      479.2639      490.9582    26829    2.44%
     40    34      486.7347    84      479.2639      490.9582    28105    2.44%
     44    38      485.9049    66      479.2639      490.9582    30117    2.44%
     47    41      484.8895    56      479.2639      490.9582    32185    2.44%
     50    44      483.5017    40      479.2639      490.9582    33476    2.44%
     56    50      482.3158    32      479.2639      490.9582    35650    2.44%
     62    52      489.6983    86      479.2639      490.9572    38958    2.44%
Elapsed time = 25.77 sec. (25762.11 ticks, tree = 0.70 MB, solutions = 2)
     65    55      488.4109    80      479.2639      490.9572    41716    2.44%
     68    58      486.6240    70      479.2639      490.9572    43938    2.44%
     71    61      485.1331    76      479.2639      490.9572    45975    2.44%
     75    65      483.5375    64      479.2639      490.9572    48234    2.44%
     80    70      481.7476    68      479.2639      490.9572    50454    2.44%
     86    72      489.3898    92      479.2639      490.3933    53041    2.32%
     88    74      488.0316    90      479.2639      490.3933    55170    2.32%
     90    76      487.0118    84      479.2639      490.3933    57231    2.32%
     93    79      485.3802    76      479.2639      490.3933    58987    2.32%
     96    82      484.1558    80      479.2639      490.3933    60844    2.32%
Elapsed time = 38.77 sec. (40742.71 ticks, tree = 1.32 MB, solutions = 2)
    100    86      482.7810    88      479.2639      490.3933    63608    2.32%
    104    90      481.4685    86      479.2639      490.3933    65694    2.32%
    108    94      479.8832    72      479.2639      490.3933    68027    2.32%
    112    94      489.0974    74      479.2639      490.3925    69771    2.32%
    117    99      486.5943    78      479.2639      490.3925    71768    2.32%
    120   102      485.5247    74      479.2639      490.3925    73460    2.32%
    124   106      483.5844    74      479.2639      490.3925    75711    2.32%
    128   110      481.6964    78      479.2639      490.3925    77502    2.32%
    133   115      479.5023    72      479.2639      490.3925    79766    2.32%
    137   115      488.6901    86      479.2639      489.9866    81613    2.24%
Elapsed time = 54.12 sec. (56945.55 ticks, tree = 1.59 MB, solutions = 2)
    140   118      487.7321    82      479.2639      489.9866    83657    2.24%
    143   121      484.7642    66      479.2639      489.9866    85412    2.24%
    146   124      485.3319    60      479.2639      489.9866    86924    2.24%
    150   128      482.4976    34      479.2639      489.9866    89448    2.24%
    164   134        cutoff            479.2639      489.9866    91674    2.24%
    169   137      488.0020    68      479.2639      489.6979    93773    2.18%
    172   140      486.4724    78      479.2639      489.6979    95558    2.18%
    176   144      483.9610    76      479.2639      489.6979    97695    2.18%
    180   148      482.5154    82      479.2639      489.6979    99700    2.18%
    184   150      480.4657    66      479.2639      489.6979   101835    2.18%
Elapsed time = 66.72 sec. (69861.38 ticks, tree = 1.93 MB, solutions = 2)
    189   151      487.8048    74      479.2639      489.4871   104069    2.13%
    192   154      485.6447    76      479.2639      489.4871   105973    2.13%
    196   158      483.6832    70      479.2639      489.4871   108904    2.13%
    199   161      481.2904    70      479.2639      489.4871   111018    2.13%
    205   165      479.8292    56      479.2639      489.4871   113187    2.13%
    209   165      486.8904    76      479.2639      489.4865   115595    2.13%
    210   166      485.5707    74      479.2639      489.4865   117224    2.13%
    213   169      483.9371    74      479.2639      489.4865   118999    2.13%
    215   171      482.6902    82      479.2639      489.4865   120872    2.13%
    219   175      480.1157    70      479.2639      489.4865   124169    2.13%
Elapsed time = 78.61 sec. (81555.48 ticks, tree = 2.02 MB, solutions = 2)
    223   177      479.4587    74      479.2639      489.4865   125642    2.13%
    227   177      485.6073    64      479.2639      489.3838   127729    2.11%
    231   181      483.1787    74      479.2639      489.3838   130162    2.11%
    236   186      481.6157    56      479.2639      489.3838   132023    2.11%
    241   191      479.2779    54      479.2639      489.3838   133832    2.11%
    244   190      487.4187    82      479.2639      489.3518   135543    2.10%
    247   193      485.1297    72      479.2639      489.3518   138234    2.10%
    250   196      483.9248    64      479.2639      489.3518   140089    2.10%
    252   198      482.8673    68      479.2639      489.3518   141550    2.10%
    256   202      481.2822    54      479.2639      489.3518   143402    2.10%
Elapsed time = 90.74 sec. (93424.82 ticks, tree = 2.23 MB, solutions = 2)
    260   206      481.0232    60      479.2639      489.3518   145446    2.10%
    268   208      487.3490    74      479.2639      489.2122   148360    2.08%
    271   211      485.8704    76      479.2639      489.2122   150228    2.08%
    274   214      483.8623    76      479.2639      489.2122   152060    2.08%
    278   218      482.2669    76      479.2639      489.2122   153851    2.08%
    282   222      479.6768    66      479.2639      489.2122   155861    2.08%
    286   222      486.6549    70      479.2639      489.1095   157344    2.05%
    288   224      485.2839    76      479.2639      489.1095   159310    2.05%
    293   229      483.9400    60      479.2639      489.1095   161207    2.05%
    300   236      481.4842    60      479.2639      489.1095   163535    2.05%
Elapsed time = 102.94 sec. (105578.16 ticks, tree = 2.77 MB, solutions = 2)
    306   238      486.9623    74      479.2639      489.0965   165801    2.05%
    309   241      485.5565    76      479.2639      489.0965   168269    2.05%
    312   244      483.4509    74      479.2639      489.0965   170195    2.05%
    315   247      481.4223    70      479.2639      489.0965   172213    2.05%
    319   251      480.0122    68      479.2639      489.0965   174358    2.05%
    320   252      479.5891    68      479.2639      489.0965   174824    2.05%
    326   254      487.1654    66      479.2639      488.9639   176921    2.02%
    331   259      484.9184    68      479.2639      488.9639   179209    2.02%
    336   264      482.8722    66      479.2639      488.9639   181112    2.02%
    341   269      480.6823    50      479.2639      488.9639   183214    2.02%
Elapsed time = 114.07 sec. (116565.54 ticks, tree = 2.80 MB, solutions = 2)
    351   273      487.3620    74      479.2639      488.8514   185801    2.00%
    354   276      486.2835    74      479.2639      488.8514   187563    2.00%
    357   279      485.2212    68      479.2639      488.8514   189569    2.00%
    360   282      482.6347    50      479.2639      488.8514   191343    2.00%
    366   288      479.6804    24      479.2639      488.8514   193305    2.00%
    374   290      486.4242    64      479.2639      488.8081   195272    1.99%
    379   295      484.2247    64      479.2639      488.8081   197112    1.99%
    383   299      482.5856    56      479.2639      488.8081   199103    1.99%
    391   307      479.6537    32      479.2639      488.8081   201235    1.99%
    408   318      479.4479    44      479.2639      488.5432   208472    1.94%
Elapsed time = 128.11 sec. (130147.36 ticks, tree = 2.97 MB, solutions = 2)
    430   332      484.9126    66      479.2639      488.3914   215941    1.90%
    445   345        cutoff            479.2639      488.3914   222009    1.90%
    462   356      479.6207    26      479.2639      488.3607   229046    1.90%
    476   366      482.4276    70      479.2639      488.3604   235711    1.90%
    489   375      483.0418    68      479.2639      488.3134   243009    1.89%
    507   387      483.9163    64      479.2639      488.2756   250143    1.88%
    527   401      485.2381    62      479.2639      488.2754   257115    1.88%
    544   412      486.5852    72      479.2639      488.0316   264345    1.83%
    556   424      483.0347    48      479.2639      488.0316   270772    1.83%
    568   432      483.4492    78      479.2639      488.0008   276833    1.82%
Elapsed time = 168.04 sec. (169158.39 ticks, tree = 3.70 MB, solutions = 2)
    582   440      486.0950    60      479.2639      487.9515   283223    1.81%
    604   458      486.4171    70      479.2639      487.9514   290664    1.81%
    622   472      487.1390    82      479.2639      487.9374   297800    1.81%
    635   485      480.7882    80      479.2639      487.9374   304535    1.81%
    650   496      483.7101    38      479.2639      487.9373   311064    1.81%
    685   513        cutoff            479.2639      487.9353   318684    1.81%
    705   527      479.6822    48      479.2639      487.8784   325850    1.80%
    724   540      481.1969    60      479.2639      487.8571   332757    1.79%
    739   551      481.9743    76      479.2639      487.8532   339906    1.79%
    755   561      483.0591    46      479.2639      487.8390   347033    1.79%
Elapsed time = 209.21 sec. (208666.84 ticks, tree = 4.30 MB, solutions = 2)
    773   575      482.6473    82      479.2639      487.8040   354139    1.78%
    792   586      486.1567    68      479.2639      487.7272   361845    1.77%
    815   601      485.9190    70      479.2639      487.7170   368943    1.76%
    832   614      486.4519    60      479.2639      487.6617   376438    1.75%
    878   630      485.5012    68      479.2639      487.5149   384199    1.72%
    893   643      479.4063    58      479.2639      487.5149   389746    1.72%
    906   652      482.0731    60      479.2639      487.5030   396537    1.72%
    927   665      483.3275    34      479.2639      487.4157   403651    1.70%
    946   680      481.9255    62      479.2639      487.3651   410700    1.69%
    960   690      485.1064    58      479.2639      487.3600   415654    1.69%
Elapsed time = 250.42 sec. (249095.63 ticks, tree = 4.72 MB, solutions = 2)
    980   705      482.8062    74      479.2639      487.3489   422700    1.69%
    999   718      483.1935    56      479.2639      487.3431   430085    1.69%

Performing restart 1

Repeating presolve.
Tried aggregator 1 time.
MIP Presolve eliminated 829 rows and 551 columns.
MIP Presolve modified 144 coefficients.
Reduced MIP has 2137 rows, 2636 columns, and 79868 nonzeros.
Reduced MIP has 656 binaries, 380 generals, 0 SOSs, and 0 indicators.
Presolve time = 0.04 sec. (30.08 ticks)
Tried aggregator 1 time.
Reduced MIP has 2137 rows, 2636 columns, and 79868 nonzeros.
Reduced MIP has 656 binaries, 380 generals, 0 SOSs, and 0 indicators.
Presolve time = 0.02 sec. (16.70 ticks)
Represolve time = 0.17 sec. (126.25 ticks)
   1014     0      489.6852   112      479.2639     Cuts: 122   448901    1.66%
   1014     0      489.6100   108      479.2639      Cuts: 41   449052    1.66%
   1014     0      489.5914   112      479.2639      Cuts: 31   449121    1.66%
   1014     0      489.5723    98      479.2639      Cuts: 32   449205    1.66%
   1014     0      489.5593   112      479.2639      Cuts: 17   449253    1.66%
   1014     0      489.5427   106      479.2639      Cuts: 14   449328    1.66%
   1014     0      489.5380   114      479.2639   MIRcuts: 13   449363    1.66%
   1014     0      489.5356   106      479.2639       Cuts: 6   449388    1.66%
   1014     0      489.5353   104      479.2639    MIRcuts: 2   449399    1.66%
   1014     2      489.4798   120      479.2639      487.2281   449399    1.66%
   1015     3      489.0682   100      479.2639      487.2281   450118    1.66%
   1016     4      488.9106   108      479.2639      487.2281   450449    1.66%
   1017     5      488.5963   104      479.2639      487.2281   450904    1.66%
   1023    11      487.3561    82      479.2639      487.2281   454637    1.66%
   1027    15      485.4139    78      479.2639      487.2281   456791    1.66%
   1041    29      485.5378    70      479.2639      487.2281   461429    1.66%
   1056    44      482.3712    52      479.2639      487.2281   465654    1.66%
Elapsed time = 301.75 sec. (310822.36 ticks, tree = 0.30 MB, solutions = 2)
   1084    55      488.7889    86      479.2639      487.2281   468815    1.66%
   1106    77      483.5931    48      479.2639      487.2281   475846    1.66%
   1151   107      486.5153    78      479.2639      487.2281   482195    1.66%
   1168   124      482.8358    70      479.2639      487.2281   487012    1.66%
   1210   161      482.8544    52      479.2639      487.2281   493044    1.66%
   1251   192      487.1926    86      479.2639      487.2281   496673    1.66%
   1275   216      480.7475    66      479.2639      487.2281   500531    1.66%
   1297   233      485.1628    70      479.2639      487.2281   505063    1.66%
   1334   258      485.8330    62      479.2639      487.2281   511154    1.66%
   1359   278      484.6059    76      479.2639      487.2281   517681    1.66%
Elapsed time = 333.75 sec. (351070.39 ticks, tree = 3.54 MB, solutions = 2)
   1394   309      483.1034    52      479.2639      487.2281   524956    1.66%
   1440   345      480.7844    60      479.2639      487.2281   531324    1.66%
   1480   379      480.4908    40      479.2639      487.2281   538935    1.66%
   1509   403      482.7644    66      479.2639      487.2281   545765    1.66%
   1536   426      482.1406    48      479.2639      487.2281   552579    1.66%
   1585   467      486.9647    80      479.2639      487.2281   560254    1.66%
   1622   499      484.9841    70      479.2639      487.2281   567403    1.66%
   1659   534      480.0436    46      479.2639      487.2281   575184    1.66%
   1704   567      483.2849    68      479.2639      487.2281   582582    1.66%
   1768   622      486.8122    62      479.2639      487.2281   589460    1.66%
Elapsed time = 367.53 sec. (390630.83 ticks, tree = 11.80 MB, solutions = 2)
   1804   652      482.8679    64      479.2639      487.2281   595531    1.66%
   1861   685      484.2713    76      479.2639      487.2281   603176    1.66%
   1907   723      481.6970    60      479.2639      487.2281   609769    1.66%
   1959   766      483.9876    68      479.2639      487.2281   616602    1.66%
   1988   785      483.9616    62      479.2639      487.2281   623294    1.66%
   2047   836      480.0649    36      479.2639      487.2281   629568    1.66%
   2108   885      485.2027    58      479.2639      487.2281   636166    1.66%
   2150   922      482.9494    70      479.2639      487.2281   642974    1.66%
   2199   955      483.0401    58      479.2639      487.2281   649674    1.66%
   2250   996      483.0793    76      479.2639      487.2048   656766    1.66%
Elapsed time = 401.29 sec. (429519.30 ticks, tree = 18.14 MB, solutions = 2)
   2290  1028      484.7322    54      479.2639      487.1975   664350    1.66%
   2340  1065      482.4770    68      479.2639      487.1897   671313    1.65%
   2396  1113      485.1424    68      479.2639      487.1300   678551    1.64%
   2448  1161      479.6716    54      479.2639      487.0512   686094    1.62%
   2528  1207      485.3637    56      479.2639      486.9638   692416    1.61%
   2580  1246      484.1588    70      479.2639      486.9355   698351    1.60%
   2636  1292      480.6251    50      479.2639      486.8836   705846    1.59%
   2694  1336      485.1571    60      479.2639      486.8714   713154    1.59%
   2783  1383      485.7208    68      479.2639      486.8309   721448    1.58%
   2821  1417      480.6912    68      479.2639      486.8008   728309    1.57%
Elapsed time = 435.50 sec. (468443.61 ticks, tree = 26.85 MB, solutions = 2)
   2876  1464      482.0000    62      479.2639      486.7479   735799    1.56%
   2921  1492      486.1518    72      479.2639      486.7459   742706    1.56%
   2981  1540      485.4979    64      479.2639      486.6272   750365    1.54%
   3014  1567      484.9223    72      479.2639      486.5986   755766    1.53%
   3079  1622      481.3786    14      479.2639      486.5851   763138    1.53%
   3131  1654      483.3342    76      479.2639      486.5150   770300    1.51%
   3172  1689      479.6747    48      479.2639      486.5139   777050    1.51%
   3211  1718      484.7023    58      479.2639      486.4996   783700    1.51%
   3254  1750        cutoff            479.2639      486.4710   790525    1.50%
   3284  1776      480.2449    72      479.2639      486.4411   797463    1.50%
Elapsed time = 469.59 sec. (507546.62 ticks, tree = 34.40 MB, solutions = 2)
   3320  1802      483.2093    56      479.2639      486.4180   804562    1.49%
   3358  1820      483.4232    68      479.2639      486.4035   812106    1.49%
   3414  1866      480.6139    44      479.2639      486.3946   819063    1.49%
   3447  1891      483.9541    68      479.2639      486.3585   825355    1.48%
   3481  1917      481.0901    60      479.2639      486.3573   832483    1.48%
   3528  1946      485.4743    70      479.2639      486.3327   839476    1.47%
   3571  1981      483.9495    60      479.2639      486.3237   846850    1.47%
   3622  2021      484.8325    56      479.2639      486.3056   853956    1.47%
   3664  2057      480.6118    44      479.2639      486.2772   861167    1.46%
   3707  2093      482.3506    48      479.2639      486.2071   867847    1.45%
Elapsed time = 504.25 sec. (546403.84 ticks, tree = 41.51 MB, solutions = 2)
   3761  2137      481.9286    48      479.2639      486.2002   874611    1.45%
   3797  2164      481.3315    56      479.2639      486.1871   879905    1.44%
   3850  2201      479.9698    38      479.2639      486.1762   886776    1.44%
   3904  2243      482.0217    58      479.2639      486.1549   893975    1.44%
   3968  2291      479.4836    46      479.2639      486.1534   900928    1.44%
   4014  2315      484.2280    58      479.2639      486.1269   908118    1.43%
   4063  2356        cutoff            479.2639      486.1240   915280    1.43%
   4104  2393      484.4702    64      479.2639      486.1125   921674    1.43%
   4151  2436      480.9909    60      479.2639      486.1122   929080    1.43%
   4195  2460      484.8573    54      479.2639      486.1028   936383    1.43%
Elapsed time = 538.82 sec. (585688.03 ticks, tree = 49.08 MB, solutions = 2)
   4245  2502      483.6572    50      479.2639      486.0711   944653    1.42%
   4298  2535      483.9756    50      479.2639      486.0404   951402    1.41%
   4345  2576      479.6976    34      479.2639      486.0356   958536    1.41%
   4394  2615      479.9101    28      479.2639      486.0171   965151    1.41%
   4443  2640      483.6858    54      479.2639      485.9586   972071    1.40%
   4492  2675      485.0802    50      479.2639      485.9359   979187    1.39%
   4533  2710      482.9541    66      479.2639      485.9122   986125    1.39%
   4581  2744      484.3444    66      479.2639      485.8473   993532    1.37%
   4628  2781      483.8556    70      479.2639      485.8382  1001450    1.37%
   4668  2813      484.0602    62      479.2639      485.8143  1008872    1.37%
Elapsed time = 573.14 sec. (625788.87 ticks, tree = 56.17 MB, solutions = 2)
   4703  2838      479.2886    30      479.2639      485.8143  1016104    1.37%
   4764  2885      481.2242    40      479.2639      485.8051  1022995    1.36%
   4812  2925      481.9541    48      479.2639      485.7602  1029550    1.36%
   4857  2954      479.6574    56      479.2639      485.7578  1036778    1.35%
   4902  2989      479.9878    52      479.2639      485.7525  1043585    1.35%
   4934  3009      482.4154    66      479.2639      485.7433  1050349    1.35%
   4978  3043      484.8862    78      479.2639      485.7207  1057722    1.35%
   5034  3089      482.3720    58      479.2639      485.7056  1064788    1.34%
   5073  3120      483.0595    62      479.2639      485.6992  1071630    1.34%
   5115  3150      479.9850    26      479.2639      485.6462  1078726    1.33%
Elapsed time = 606.70 sec. (664491.59 ticks, tree = 64.37 MB, solutions = 2)
   5171  3192      479.8286    36      479.2639      485.6382  1085609    1.33%
   5203  3214      480.1113    42      479.2639      485.6089  1093059    1.32%
   5244  3243      483.6752    76      479.2639      485.6042  1099178    1.32%
   5286  3275      482.8275    62      479.2639      485.5945  1106379    1.32%
   5336  3313      479.6445    26      479.2639      485.5893  1113481    1.32%
   5398  3353      485.4695    68      479.2639      485.5580  1120664    1.31%
   5441  3382      483.7679    64      479.2639      485.5507  1127521    1.31%
   5489  3412      484.0117    64      479.2639      485.5342  1134935    1.31%
   5544  3459      482.5170    68      479.2639      485.5153  1141908    1.30%
   5585  3490      481.0972    44      479.2639      485.5044  1148942    1.30%
Elapsed time = 641.39 sec. (704239.65 ticks, tree = 71.38 MB, solutions = 2)
   5632  3521      482.5626    76      479.2639      485.4866  1156546    1.30%
   5667  3550      480.3086    48      479.2639      485.4772  1164064    1.30%
   5701  3568      482.9871    64      479.2639      485.4694  1170241    1.29%
   5755  3614      483.0867    70      479.2639      485.4570  1177088    1.29%
   5801  3650      482.9371    62      479.2639      485.4497  1184088    1.29%
   5831  3670      482.4226    76      479.2639      485.4359  1191026    1.29%
   5866  3701      480.5909    46      479.2639      485.4310  1197607    1.29%
   5911  3734      484.2377    64      479.2639      485.4137  1204041    1.28%
   5942  3762      479.4660    46      479.2639      485.4133  1211113    1.28%
   5979  3791      480.9460    52      479.2639      485.4124  1217986    1.28%
Elapsed time = 674.93 sec. (743333.09 ticks, tree = 77.88 MB, solutions = 2)
   6030  3824      481.2427    36      479.2639      485.4106  1226477    1.28%
   6080  3845      483.2036    72      479.2639      485.3959  1235404    1.28%
   6127  3884      484.1661    72      479.2639      485.3773  1242751    1.28%
   6173  3920      480.8147    46      479.2639      485.3665  1249884    1.27%
   6218  3948      481.7279    52      479.2639      485.3553  1257152    1.27%
   6255  3975      484.2427    58      479.2639      485.3506  1263418    1.27%
   6299  4003      482.6098    56      479.2639      485.3426  1270510    1.27%
   6348  4042      479.7117    42      479.2639      485.3388  1277798    1.27%
   6394  4066      482.3606    54      479.2639      485.3304  1284959    1.27%
   6450  4114      480.7692    34      479.2639      485.3222  1292357    1.26%
Elapsed time = 709.08 sec. (782170.09 ticks, tree = 85.06 MB, solutions = 2)
   6510  4160      480.3308    44      479.2639      485.3139  1299173    1.26%
   6555  4187      480.6665    60      479.2639      485.3022  1306082    1.26%
   6593  4211      481.5456    64      479.2639      485.2931  1313535    1.26%
   6637  4249      480.7175    48      479.2639      485.2875  1319196    1.26%
   6688  4286      481.9888    38      479.2639      485.2700  1325720    1.25%
   6727  4315      479.3624    40      479.2639      485.2675  1332368    1.25%
   6772  4348      483.5604    74      479.2639      485.2588  1339380    1.25%
   6840  4404      484.2742    44      479.2639      485.2490  1346360    1.25%
   6890  4434      481.5749    50      479.2639      485.2396  1353130    1.25%
   6942  4474      479.7940    56      479.2639      485.2302  1360371    1.24%
Elapsed time = 743.15 sec. (821043.14 ticks, tree = 95.53 MB, solutions = 2)
   6995  4511      481.3616    48      479.2639      485.2209  1367170    1.24%
   7040  4540      483.9618    72      479.2639      485.2150  1374078    1.24%
   7080  4576      481.1077    52      479.2639      485.2099  1380638    1.24%
   7124  4606      479.5006    42      479.2639      485.2093  1387529    1.24%
   7163  4631      481.9301    60      479.2639      485.1895  1394337    1.24%
   7199  4655      482.8515    54      479.2639      485.1666  1400883    1.23%
   7241  4689      481.0204    68      479.2639      485.1590  1407553    1.23%
   7278  4715      480.4809    44      479.2639      485.1421  1414850    1.23%
   7334  4747      482.0144    62      479.2639      485.1334  1422414    1.22%
   7370  4773      480.9573    54      479.2639      485.1273  1429599    1.22%
Elapsed time = 776.87 sec. (860436.74 ticks, tree = 101.35 MB, solutions = 2)
   7414  4809      479.3385    38      479.2639      485.1243  1436751    1.22%
   7465  4846      482.7923    48      479.2639      485.1027  1444220    1.22%
   7513  4878      481.7316    54      479.2639      485.0850  1451189    1.21%
   7572  4925      480.7926    60      479.2639      485.0775  1458384    1.21%
   7610  4949      483.2045    44      479.2639      485.0628  1465462    1.21%
   7654  4983      481.3454    72      479.2639      485.0595  1472495    1.21%
   7696  5016      482.5789    66      479.2639      485.0571  1479564    1.21%
   7731  5037      481.2735    50      479.2639      485.0556  1486825    1.21%
   7784  5074      479.3302    36      479.2639      485.0503  1494104    1.21%
   7814  5096      481.6375    44      479.2639      485.0435  1499849    1.21%
Elapsed time = 811.03 sec. (899752.41 ticks, tree = 111.00 MB, solutions = 2)
   7864  5134      483.6634    52      479.2639      485.0383  1506391    1.20%
   7920  5174      481.3466    58      479.2639      485.0334  1514045    1.20%
   7966  5206      481.9927    68      479.2639      485.0238  1521411    1.20%
   8024  5251      484.1347    62      479.2639      485.0190  1528404    1.20%
   8069  5282      483.1294    54      479.2639      485.0031  1536068    1.20%
   8108  5309      482.1401    54      479.2639      484.9927  1542570    1.20%
   8159  5347      482.5234    70      479.2639      484.9778  1549614    1.19%
   8210  5380      481.9578    60      479.2639      484.9755  1556672    1.19%
   8274  5429      480.5336    56      479.2639      484.9647  1563549    1.19%
   8318  5461      481.4636    54      479.2639      484.9640  1570616    1.19%
Elapsed time = 845.47 sec. (939144.68 ticks, tree = 118.73 MB, solutions = 2)
   8359  5486      483.6531    50      479.2639      484.9526  1577869    1.19%
   8409  5524      479.3156    44      479.2639      484.9470  1584598    1.19%
   8448  5549      481.1901    62      479.2639      484.9363  1590842    1.18%
   8499  5584      480.2428    60      479.2639      484.9330  1598275    1.18%
   8548  5616      483.0385    66      479.2639      484.9220  1605235    1.18%
   8595  5652      479.9218    40      479.2639      484.9190  1611601    1.18%
   8637  5680      480.0692    40      479.2639      484.9177  1617670    1.18%
   8682  5706      480.3293    52      479.2639      484.9116  1624384    1.18%
   8728  5736      482.0555    48      479.2639      484.9015  1631076    1.18%
   8786  5774      480.2159    50      479.2639      484.8972  1638273    1.18%
Elapsed time = 880.27 sec. (978349.87 ticks, tree = 127.95 MB, solutions = 2)
   8839  5813      481.3506    50      479.2639      484.8921  1644646    1.17%
   8876  5840      479.9323    44      479.2639      484.8903  1651672    1.17%
   8934  5875      481.5290    56      479.2639      484.8840  1658466    1.17%
   8980  5907      483.6572    58      479.2639      484.8742  1665620    1.17%
   9016  5927      484.2642    88      479.2639      484.8666  1673638    1.17%
   9063  5966      483.0790    60      479.2639      484.8617  1680812    1.17%
   9106  5997      480.6632    44      479.2639      484.8564  1688185    1.17%
   9160  6033      479.4635    24      479.2639      484.8554  1695697    1.17%
   9204  6067      479.2823    48      479.2639      484.8521  1702564    1.17%
   9235  6086      479.9690    46      479.2639      484.8499  1709447    1.17%
Elapsed time = 914.83 sec. (1017343.36 ticks, tree = 136.47 MB, solutions = 2)
   9283  6120      481.5436    56      479.2639      484.8470  1717085    1.16%
   9324  6149      479.8763    30      479.2639      484.8418  1724345    1.16%
   9365  6182      480.5651    48      479.2639      484.8370  1730780    1.16%
   9408  6205      481.7169    50      479.2639      484.8323  1738006    1.16%
   9452  6235      483.3551    64      479.2639      484.8297  1744922    1.16%
   9499  6272      480.3055    44      479.2639      484.8239  1752195    1.16%
   9560  6311      481.4445    50      479.2639      484.8084  1758913    1.16%
   9616  6353      481.1499    32      479.2639      484.8060  1765281    1.16%
   9694  6405      481.9449    44      479.2639      484.8047  1772058    1.16%
   9744  6443      481.5739    48      479.2639      484.7969  1779054    1.15%
Elapsed time = 948.85 sec. (1056465.07 ticks, tree = 143.25 MB, solutions = 2)
   9785  6472      479.3672    38      479.2639      484.7944  1785932    1.15%
   9835  6510      481.5238    52      479.2639      484.7897  1792493    1.15%
   9899  6549      483.9974    60      479.2639      484.7802  1799208    1.15%
   9944  6582      481.6626    50      479.2639      484.7770  1806564    1.15%
   9983  6610      480.1108    44      479.2639      484.7663  1813598    1.15%
  10041  6652        cutoff            479.2639      484.7622  1820367    1.15%
  10080  6685      480.8558    34      479.2639      484.7605  1827433    1.15%
  10130  6717      481.7598    50      479.2639      484.7470  1834325    1.14%
  10183  6752      479.9686    46      479.2639      484.7423  1841983    1.14%
  10232  6783      481.4632    62      479.2639      484.7404  1848739    1.14%
Elapsed time = 982.91 sec. (1095079.62 ticks, tree = 152.45 MB, solutions = 2)
  10279  6816      479.5199    46      479.2639      484.7329  1855666    1.14%
  10328  6848      481.0224    68      479.2639      484.7108  1862565    1.14%
  10388  6882      482.6756    70      479.2639      484.7029  1869656    1.13%
  10434  6918      480.2055    34      479.2639      484.7015  1876830    1.13%
  10496  6959      482.4860    58      479.2639      484.6963  1883752    1.13%
  10544  6999      481.2981    52      479.2639      484.6949  1890664    1.13%
  10589  7023      483.4624    62      479.2639      484.6914  1898154    1.13%
  10632  7060      480.3493    52      479.2639      484.6894  1903555    1.13%
  10676  7091      483.4753    68      479.2639      484.6868  1910100    1.13%
  10730  7121      479.6311    50      479.2639      484.6841  1917033    1.13%
Elapsed time = 1017.13 sec. (1134684.93 ticks, tree = 161.09 MB, solutions = 2)
  10769  7143        cutoff            479.2639      484.6799  1923644    1.13%
  10808  7164      482.0353    58      479.2639      484.6759  1930491    1.13%
  10857  7199      482.6686    72      479.2639      484.6703  1937762    1.13%
  10907  7238      481.6463    52      479.2639      484.6691  1944808    1.13%
  10966  7274      479.4726    38      479.2639      484.6598  1951884    1.13%
  11012  7306      483.3343    34      479.2639      484.6511  1958345    1.12%
  11051  7331        cutoff            479.2639      484.6418  1963839    1.12%
  11108  7376      479.5569    42      479.2639      484.6378  1970900    1.12%
  11144  7405      480.5251    38      479.2639      484.6325  1977777    1.12%
* 11154+ 7402                          479.2715      484.6325             1.12%
  11154  7404      483.1258    52      479.2715      484.6325  1979258    1.12%
Elapsed time = 1054.67 sec. (1177790.40 ticks, tree = 169.02 MB, solutions = 3)
  11155  7405      481.7476    60      479.2715      484.6281  1980382    1.12%
  11156  7406      482.0714    60      479.2715      484.6271  1981092    1.12%
  11201  7431      479.3465    32      479.2715      484.6196  1987574    1.12%
  11247  7461        cutoff            479.2715      484.6122  1994466    1.11%

Performing restart 2

Repeating presolve.
Tried aggregator 1 time.
MIP Presolve eliminated 84 rows and 174 columns.
MIP Presolve modified 39 coefficients.
Reduced MIP has 2053 rows, 2462 columns, and 72969 nonzeros.
Reduced MIP has 525 binaries, 341 generals, 0 SOSs, and 0 indicators.
Presolve time = 0.04 sec. (27.45 ticks)
Tried aggregator 1 time.
Reduced MIP has 2053 rows, 2462 columns, and 72969 nonzeros.
Reduced MIP has 525 binaries, 341 generals, 0 SOSs, and 0 indicators.
Presolve time = 0.02 sec. (15.01 ticks)
Represolve time = 0.20 sec. (134.88 ticks)
  11264     0      489.0581   110      479.2715      Cuts: 74  2006819    1.11%
  11264     0      489.0352   104      479.2715      Cuts: 26  2006897    1.11%
  11264     0      489.0289   108      479.2715      Cuts: 16  2006940    1.11%
  11264     0      489.0245   112      479.2715   MIRcuts: 11  2006971    1.11%
  11264     0      489.0196   114      479.2715    MIRcuts: 7  2007006    1.11%
  11264     0      489.0177   120      479.2715       Cuts: 7  2007030    1.11%
  11264     0      489.0131   116      479.2715      Cuts: 12  2007064    1.11%

Repeating presolve.
Tried aggregator 1 time.
MIP Presolve eliminated 56 rows and 74 columns.
MIP Presolve modified 19 coefficients.
Reduced MIP has 1997 rows, 2388 columns, and 70342 nonzeros.
Reduced MIP has 482 binaries, 316 generals, 0 SOSs, and 0 indicators.
Presolve time = 0.04 sec. (25.37 ticks)
Tried aggregator 1 time.
Reduced MIP has 1997 rows, 2388 columns, and 70342 nonzeros.
Reduced MIP has 482 binaries, 316 generals, 0 SOSs, and 0 indicators.
Presolve time = 0.02 sec. (14.42 ticks)
Represolve time = 0.18 sec. (138.01 ticks)
  11264     0      488.9191   120      479.2715      Cuts: 30  2012811    1.11%
  11264     0      488.9131   116      479.2715      Cuts: 18  2012856    1.11%
  11264     0      488.9107   114      479.2715       Cuts: 9  2012899    1.11%
  11264     0      488.9085   112      479.2715   MIRcuts: 10  2012927    1.11%
  11264     0      488.9080   118      479.2715    MIRcuts: 3  2012944    1.11%
  11264     0      488.9077   118      479.2715    MIRcuts: 3  2012955    1.11%
  11264     0      488.9071   116      479.2715    MIRcuts: 6  2012973    1.11%
  11264     2      488.8910   114      479.2715      484.6114  2012973    1.11%
  11265     3      488.7224   108      479.2715      484.6114  2013501    1.11%
  11268     6      488.4063   110      479.2715      484.6114  2015127    1.11%
  11274    12      488.0441   100      479.2715      484.6114  2019235    1.11%
  11290    28      484.9312    68      479.2715      484.6114  2026180    1.11%
  11304    42      484.9634    70      479.2715      484.6114  2030606    1.11%
Elapsed time = 1134.87 sec. (1273434.56 ticks, tree = 0.49 MB, solutions = 3)
  11326    64      480.2779    50      479.2715      484.6114  2036848    1.11%
  11345    74      484.2364    74      479.2715      484.6114  2043378    1.11%
  11379   103      484.1503    60      479.2715      484.6114  2050883    1.11%
  11418   129      486.7973    80      479.2715      484.6114  2055596    1.11%
  11452   160      480.7145    32      479.2715      484.6114  2059649    1.11%
  11499   200      479.3814    52      479.2715      484.6114  2065960    1.11%
  11520   217      484.8107    68      479.2715      484.6114  2071666    1.11%
  11568   250      485.2822    78      479.2715      484.6114  2077406    1.11%
  11603   277      485.1632    70      479.2715      484.6114  2085923    1.11%
  11644   312      483.8349    60      479.2715      484.6114  2092778    1.11%
Elapsed time = 1166.66 sec. (1313254.04 ticks, tree = 6.21 MB, solutions = 3)
  11685   348      481.8790    42      479.2715      484.6114  2100164    1.11%
  11725   378      483.3722    80      479.2715      484.6114  2107330    1.11%
  11784   425      486.7821    76      479.2715      484.6114  2115036    1.11%
  11821   454      483.3187    60      479.2715      484.6114  2122465    1.11%
  11870   490      480.1162    26      479.2715      484.6114  2129758    1.11%
  11933   526      483.9649    76      479.2715      484.6114  2137331    1.11%
  11979   564      486.2006    84      479.2715      484.6114  2144564    1.11%
  12024   597      482.9466    62      479.2715      484.6114  2152853    1.11%
  12059   622      484.5564    78      479.2715      484.6114  2160402    1.11%
  12083   642      484.9614    68      479.2715      484.6114  2164803    1.11%
Elapsed time = 1201.22 sec. (1353296.37 ticks, tree = 14.06 MB, solutions = 3)
  12126   673      481.8178    64      479.2715      484.6114  2171889    1.11%
  12151   694      480.0498    38      479.2715      484.6114  2178143    1.11%
  12190   723      482.0565    68      479.2715      484.6114  2185388    1.11%
  12257   778      484.5161    74      479.2715      484.6114  2193043    1.11%
  12298   812      481.3747    42      479.2715      484.6114  2199908    1.11%
  12359   857      484.5903    54      479.2715      484.6114  2207198    1.11%
  12404   894      484.8540    60      479.2715      484.6114  2214043    1.11%
  12448   930      480.8314    26      479.2715      484.6114  2221729    1.11%
  12514   968      481.9254    70      479.2715      484.6114  2228704    1.11%
  12554  1000      483.1817    72      479.2715      484.6114  2236535    1.11%
Elapsed time = 1235.65 sec. (1392349.81 ticks, tree = 25.39 MB, solutions = 3)
  12600  1040      480.9504    46      479.2715      484.6114  2244553    1.11%
  12649  1073      479.5249    42      479.2715      484.6114  2250116    1.11%
  12686  1100      485.6335    68      479.2715      484.6114  2258209    1.11%
  12724  1134      482.3748    66      479.2715      484.6114  2265049    1.11%
  12769  1169      482.7839    64      479.2715      484.6114  2272137    1.11%
  12833  1223        cutoff            479.2715      484.6114  2279419    1.11%
  12869  1251      483.6739    62      479.2715      484.6114  2285456    1.11%
  12907  1283      479.5430    36      479.2715      484.6114  2292623    1.11%
  12944  1310      481.5693    52      479.2715      484.6114  2300053    1.11%
  12990  1348      485.3054    58      479.2715      484.6114  2307511    1.11%
Elapsed time = 1270.19 sec. (1431505.30 ticks, tree = 31.91 MB, solutions = 3)
  13058  1402      482.4655    58      479.2715      484.6114  2314065    1.11%
  13121  1439      484.1731    64      479.2715      484.6114  2321443    1.11%
  13164  1474      484.7176    78      479.2715      484.6114  2328826    1.11%
  13198  1504      483.2660    56      479.2715      484.6114  2336423    1.11%
  13240  1534      481.7309    52      479.2715      484.6114  2343780    1.11%
  13288  1570      485.4078    60      479.2715      484.6114  2351390    1.11%
  13321  1597      483.9733    48      479.2715      484.6114  2358555    1.11%
  13367  1632      485.2100    58      479.2715      484.6114  2365903    1.11%
  13422  1675      481.6836    58      479.2715      484.6114  2372568    1.11%
  13462  1705      479.5604    56      479.2715      484.6114  2380186    1.11%
Elapsed time = 1304.26 sec. (1470240.50 ticks, tree = 41.87 MB, solutions = 3)
  13496  1727      482.6799    46      479.2715      484.6114  2387958    1.11%
  13534  1759        cutoff            479.2715      484.6114  2395477    1.11%
  13580  1795      482.9705    60      479.2715      484.6114  2403138    1.11%
  13637  1830      482.4493    62      479.2715      484.6114  2410126    1.11%
  13694  1877      484.9168    84      479.2715      484.6114  2417790    1.11%
  13741  1916      483.8948    70      479.2715      484.6114  2425680    1.11%
  13782  1945      484.6636    56      479.2715      484.6114  2433406    1.11%
  13828  1982      483.3627    48      479.2715      484.6114  2440861    1.11%
  13857  2007      480.5269    52      479.2715      484.6114  2448235    1.11%
  13912  2046      482.5736    58      479.2715      484.6114  2455454    1.11%
Elapsed time = 1338.21 sec. (1509293.66 ticks, tree = 47.54 MB, solutions = 3)
  13965  2093      479.6420    52      479.2715      484.6114  2462514    1.11%
  14025  2137      480.9447    54      479.2715      484.6114  2469824    1.11%
  14075  2173      479.5236    44      479.2715      484.6114  2477286    1.11%
  14132  2212      485.0049    70      479.2715      484.6114  2484626    1.11%
  14164  2236      484.6816    62      479.2715      484.6114  2491501    1.11%
  14204  2270        cutoff            479.2715      484.6114  2499276    1.11%
  14241  2295      483.7950    48      479.2715      484.6114  2507398    1.11%
  14281  2325      480.4350    54      479.2715      484.6114  2514933    1.11%
  14328  2362      481.9818    52      479.2715      484.6114  2522155    1.11%
  14387  2411      479.9983    50      479.2715      484.6114  2529246    1.11%
Elapsed time = 1371.79 sec. (1548121.01 ticks, tree = 52.16 MB, solutions = 3)
  14433  2441      482.6165    56      479.2715      484.6114  2536532    1.11%
  14481  2481      481.5903    64      479.2715      484.6114  2543892    1.11%
  14516  2512      482.1567    52      479.2715      484.6114  2551091    1.11%
  14570  2553      479.7880    26      479.2715      484.6114  2558367    1.11%
  14634  2603      480.8354    60      479.2715      484.6114  2565793    1.11%
  14681  2640      480.1947    50      479.2715      484.6114  2573278    1.11%
  14737  2684      481.1725    42      479.2715      484.6114  2580662    1.11%
  14782  2711      480.9787    40      479.2715      484.6114  2588357    1.11%
  14825  2742      483.6196    54      479.2715      484.6114  2595763    1.11%
  14878  2779      483.4579    58      479.2715      484.6114  2603376    1.11%
Elapsed time = 1406.33 sec. (1586675.86 ticks, tree = 63.27 MB, solutions = 3)
  14929  2822      481.9904    52      479.2715      484.6114  2610845    1.11%
  14977  2862      481.9376    56      479.2715      484.6114  2618213    1.11%
  15040  2907        cutoff            479.2715      484.6114  2625460    1.11%
  15085  2944      479.3302    26      479.2715      484.6114  2632909    1.11%
  15134  2979      480.8159    64      479.2715      484.6114  2639940    1.11%
  15179  3014      479.9894    50      479.2715      484.6114  2647521    1.11%
  15223  3042      481.6310    42      479.2715      484.6114  2654444    1.11%
  15284  3081      481.4400    52      479.2715      484.6114  2661722    1.11%
  15316  3101      482.0035    66      479.2715      484.6114  2669645    1.11%
  15354  3127      481.0759    38      479.2715      484.6114  2677050    1.11%
Elapsed time = 1440.23 sec. (1625116.84 ticks, tree = 73.29 MB, solutions = 3)
  15399  3157      479.5220    36      479.2715      484.6114  2684263    1.11%
  15456  3187      483.2243    78      479.2715      484.6114  2693034    1.11%
  15494  3217      481.6417    60      479.2715      484.6114  2701672    1.11%
  15538  3249      484.5140    68      479.2715      484.6114  2709477    1.11%
  15591  3292      482.5959    52      479.2715      484.6114  2716875    1.11%
  15631  3324      481.5413    46      479.2715      484.6114  2724401    1.11%
  15669  3350      482.1410    44      479.2715      484.6114  2730108    1.11%
  15714  3387      482.1995    42      479.2715      484.6114  2737338    1.11%
  15795  3443      482.2235    56      479.2715      484.6114  2744165    1.11%
  15836  3470      483.3116    50      479.2715      484.6114  2751562    1.11%
Elapsed time = 1475.05 sec. (1663909.31 ticks, tree = 82.85 MB, solutions = 3)
  15869  3499      479.2983    16      479.2715      484.6114  2758540    1.11%
  15932  3546      480.6662    48      479.2715      484.6114  2765518    1.11%
  15986  3592      480.5203    54      479.2715      484.6114  2772797    1.11%
  16039  3626      483.3857    62      479.2715      484.6114  2779457    1.11%
  16072  3655      480.0703    50      479.2715      484.6114  2784472    1.11%
  16120  3695      479.5224    30      479.2715      484.6114  2791291    1.11%
  16169  3731      480.9206    28      479.2715      484.6114  2798286    1.11%
  16221  3775      480.4184    52      479.2715      484.6114  2805045    1.11%
  16275  3819      480.6481    52      479.2715      484.6114  2812011    1.11%
  16331  3861      480.6410    32      479.2715      484.6114  2818954    1.11%
Elapsed time = 1509.48 sec. (1702366.17 ticks, tree = 93.74 MB, solutions = 3)
  16382  3902      479.7626    38      479.2715      484.6114  2826079    1.11%
  16436  3943      480.7596    56      479.2715      484.6114  2832797    1.11%
  16464  3963      483.7223    58      479.2715      484.6114  2838173    1.11%
  16508  3997      479.8749    36      479.2715      484.6114  2844875    1.11%
  16543  4018      481.5640    54      479.2715      484.6114  2851814    1.11%
  16584  4051      482.5102    64      479.2715      484.6114  2858464    1.11%
  16627  4086      482.2029    38      479.2715      484.6114  2865486    1.11%
  16682  4113      481.7161    76      479.2715      484.6114  2872343    1.11%
  16729  4150      481.8460    72      479.2715      484.6114  2879474    1.11%
  16775  4188      480.9300    36      479.2715      484.6114  2886601    1.11%
Elapsed time = 1543.59 sec. (1740973.01 ticks, tree = 100.13 MB, solutions = 3)
  16838  4221      484.0847    54      479.2715      484.6114  2892913    1.11%
  16865  4244      480.8037    56      479.2715      484.6114  2898103    1.11%
  16901  4262      484.8975    64      479.2715      484.6114  2904672    1.11%
  16948  4299      483.2206    52      479.2715      484.6114  2911511    1.11%
  16990  4331      481.7037    32      479.2715      484.6114  2918045    1.11%
  17054  4381      482.5145    44      479.2715      484.6114  2924582    1.11%
  17114  4426      482.9569    60      479.2715      484.6114  2931551    1.11%
  17148  4456      480.8141    42      479.2715      484.6114  2938239    1.11%
  17191  4485      483.3268    56      479.2715      484.6114  2945388    1.11%
  17236  4522      480.7193    38      479.2715      484.6114  2952363    1.11%
Elapsed time = 1578.18 sec. (1779995.11 ticks, tree = 108.97 MB, solutions = 3)
  17269  4543      482.0135    68      479.2715      484.6114  2958052    1.11%
  17323  4587      481.3664    64      479.2715      484.6114  2965545    1.11%
  17349  4605      480.4673    38      479.2715      484.6114  2972641    1.11%
  17404  4642      480.6696    56      479.2715      484.6114  2979225    1.11%
  17445  4671      481.2015    68      479.2715      484.6114  2986534    1.11%
  17479  4691      481.8700    58      479.2715      484.6114  2993557    1.11%
  17521  4723      480.2329    54      479.2715      484.6114  3000520    1.11%
  17557  4749      480.1827    42      479.2715      484.6114  3007635    1.11%
  17609  4777      481.2269    50      479.2715      484.6114  3014525    1.11%
  17643  4796      483.7521    60      479.2715      484.6114  3021591    1.11%
Elapsed time = 1612.74 sec. (1818895.98 ticks, tree = 113.55 MB, solutions = 3)
  17681  4827      482.9796    52      479.2715      484.6114  3027880    1.11%
  17723  4861      482.5919    64      479.2715      484.6114  3034901    1.11%
  17750  4878      483.6355    62      479.2715      484.6114  3042102    1.11%
  17791  4912      481.7773    66      479.2715      484.6114  3048989    1.11%
  17829  4934      482.5912    66      479.2715      484.6114  3056020    1.11%
  17860  4957      479.8567    36      479.2715      484.6114  3063269    1.11%
  17884  4973      480.6065    56      479.2715      484.6114  3070019    1.11%
  17919  4994      482.8993    64      479.2715      484.6114  3077860    1.11%
  17954  5021      480.9891    60      479.2715      484.6114  3085014    1.11%
  17980  5031      482.0272    72      479.2715      484.6114  3092436    1.11%
Elapsed time = 1646.84 sec. (1858658.06 ticks, tree = 119.23 MB, solutions = 3)
  18018  5061      480.0102    36      479.2715      484.6114  3099257    1.11%
  18065  5092      482.9613    80      479.2715      484.6114  3106595    1.11%
  18101  5118      482.6788    70      479.2715      484.6114  3113983    1.11%
  18132  5139      482.1756    62      479.2715      484.6114  3120998    1.11%
  18170  5169      479.8789    22      479.2715      484.6114  3127826    1.11%
  18199  5188        cutoff            479.2715      484.6114  3134722    1.11%
  18237  5214      483.9289    66      479.2715      484.6114  3142106    1.11%
  18277  5246      480.0047    46      479.2715      484.6114  3149262    1.11%
  18332  5286      481.5899    48      479.2715      484.6114  3155830    1.11%
  18376  5314        cutoff            479.2715      484.6114  3162783    1.11%
Elapsed time = 1681.39 sec. (1898177.61 ticks, tree = 128.19 MB, solutions = 3)
  18421  5341      483.1861    72      479.2715      484.6114  3169676    1.11%
  18458  5368      482.3518    56      479.2715      484.6114  3176420    1.11%
  18486  5392      479.7772    52      479.2715      484.6114  3182995    1.11%
  18522  5420      479.7120    40      479.2715      484.6114  3189499    1.11%
  18551  5441      479.7591    34      479.2715      484.6114  3196708    1.11%
  18591  5465      479.9097    58      479.2715      484.6114  3204324    1.11%
  18640  5502      479.7685    30      479.2715      484.6114  3211776    1.11%
  18678  5520      482.0034    68      479.2715      484.6114  3219467    1.11%
  18713  5541      482.7023    60      479.2715      484.6114  3226639    1.11%
  18742  5556      480.9729    64      479.2715      484.6114  3233464    1.11%
Elapsed time = 1715.30 sec. (1937565.17 ticks, tree = 134.08 MB, solutions = 3)
* 18754+ 5562                          479.2753      484.6114             1.11%
  18784  5590      480.2562    58      479.2753      484.6114  3239943    1.11%
  18804  5602      482.6942    62      479.2753      484.6114  3244614    1.11%
  18834  5621      482.7538    60      479.2753      484.6114  3251531    1.11%
  18863  5643      483.3131    58      479.2753      484.6114  3256860    1.11%
  18891  5665      479.2896    54      479.2753      484.6114  3262397    1.11%
  18918  5678      481.5260    64      479.2753      484.6114  3268644    1.11%
  18954  5704      481.6438    48      479.2753      484.6114  3275588    1.11%
  18992  5726      480.4289    52      479.2753      484.6114  3281300    1.11%
  19045  5765      482.8049    68      479.2753      484.6114  3287035    1.11%
  19078  5784      480.8907    48      479.2753      484.6114  3293366    1.11%
Elapsed time = 1750.69 sec. (1979227.76 ticks, tree = 139.40 MB, solutions = 4)
  19106  5804      481.9931    54      479.2753      484.6114  3300483    1.11%
  19134  5822      482.8204    50      479.2753      484.6114  3305568    1.11%
  19173  5847      481.9822    66      479.2753      484.6114  3312801    1.11%
  19204  5872      480.7709    58      479.2753      484.6114  3317929    1.11%
  19242  5896        cutoff            479.2753      484.6114  3323862    1.11%
  19279  5919      482.5503    78      479.2753      484.6114  3329703    1.11%
  19312  5940      482.5655    72      479.2753      484.6114  3337115    1.11%
  19349  5967      481.6857    58      479.2753      484.6114  3343407    1.11%
  19384  5990      479.9885    50      479.2753      484.6114  3350537    1.11%
  19418  6010      480.0718    56      479.2753      484.6114  3357481    1.11%
Elapsed time = 1784.38 sec. (2018808.76 ticks, tree = 145.23 MB, solutions = 4)
  19448  6032      481.7339    42      479.2753      484.6114  3362173    1.11%
  19489  6061      480.4335    54      479.2753      484.6114  3369834    1.11%
  19524  6081      481.7477    56      479.2753      484.6114  3377567    1.11%
  19569  6108      479.9471    60      479.2753      484.6114  3384765    1.11%
  19607  6122      483.4015    64      479.2753      484.6114  3392329    1.11%
  19646  6154      481.6565    46      479.2753      484.6114  3399459    1.11%
  19674  6166        cutoff            479.2753      484.6114  3406220    1.11%
  19714  6190      481.8703    50      479.2753      484.6068  3413019    1.11%
  19750  6212      480.2043    20      479.2753      484.6038  3419003    1.11%
  19821  6251      482.6560    64      479.2753      484.5947  3426004    1.11%
Elapsed time = 1818.49 sec. (2058046.44 ticks, tree = 149.61 MB, solutions = 4)
  19858  6278      479.8690    46      479.2753      484.5925  3432086    1.11%
  19898  6304      481.3873    48      479.2753      484.5800  3439075    1.11%
  19918  6320      480.1651    52      479.2753      484.5796  3442711    1.11%
  19952  6340      482.8771    52      479.2753      484.5660  3449895    1.10%
  19992  6371      481.0909    48      479.2753      484.5645  3456427    1.10%
  20033  6392      482.3278    34      479.2753      484.5547  3463396    1.10%
  20064  6413      482.2934    44      479.2753      484.5528  3468898    1.10%
  20103  6440      480.6195    60      479.2753      484.5486  3475814    1.10%
  20132  6455      483.8750    70      479.2753      484.5402  3482869    1.10%
  20155  6470        cutoff            479.2753      484.5396  3489678    1.10%
Elapsed time = 1852.02 sec. (2096908.86 ticks, tree = 154.45 MB, solutions = 4)
  20190  6491      480.9033    44      479.2753      484.5303  3496566    1.10%
  20224  6517      480.4634    64      479.2753      484.5298  3502833    1.10%
  20257  6538      480.3026    58      479.2753      484.5269  3509765    1.10%
  20293  6562      480.2258    44      479.2753      484.5149  3516256    1.09%
  20336  6585      480.6172    50      479.2753      484.5113  3522695    1.09%
  20373  6610      481.0593    48      479.2753      484.5108  3529671    1.09%
  20404  6631      483.5246    58      479.2753      484.5023  3536482    1.09%
  20448  6663      481.2632    34      479.2753      484.4878  3543145    1.09%
  20481  6684        cutoff            479.2753      484.4783  3548623    1.09%
  20520  6706      481.4504    62      479.2753      484.4750  3555774    1.08%
Elapsed time = 1885.73 sec. (2136110.33 ticks, tree = 159.47 MB, solutions = 4)
  20564  6742      479.6023    44      479.2753      484.4740  3562214    1.08%
  20602  6762      480.6797    46      479.2753      484.4613  3569395    1.08%
  20645  6797      479.5141    22      479.2753      484.4479  3576066    1.08%
  20683  6819      480.6525    66      479.2753      484.4339  3583297    1.08%
  20721  6841        cutoff            479.2753      484.4321  3590173    1.08%
  20754  6862      483.3202    56      479.2753      484.4253  3597099    1.07%
  20789  6890        cutoff            479.2753      484.4253  3604004    1.07%
  20824  6909      482.3636    68      479.2753      484.4150  3611112    1.07%
  20876  6953      479.7166    34      479.2753      484.4118  3618211    1.07%
  20923  6984      481.3506    54      479.2753      484.3993  3625014    1.07%
Elapsed time = 1919.58 sec. (2175069.83 ticks, tree = 165.50 MB, solutions = 4)
  20967  7008      482.2474    68      479.2753      484.3892  3631780    1.07%
  21007  7040      480.5347    64      479.2753      484.3861  3638610    1.07%
  21039  7062      481.9721    66      479.2753      484.3850  3645474    1.07%
  21076  7081        cutoff            479.2753      484.3820  3652005    1.07%
  21111  7104      482.7960    66      479.2753      484.3682  3658980    1.06%
  21134  7119      482.0060    50      479.2753      484.3648  3665792    1.06%
  21194  7163      480.7884    54      479.2753      484.3608  3672919    1.06%
  21224  7185      480.4545    38      479.2753      484.3571  3679949    1.06%
  21267  7214      479.3290    34      479.2753      484.3503  3686537    1.06%
  21308  7235      482.8699    38      479.2753      484.3482  3693398    1.06%
Elapsed time = 1953.70 sec. (2214065.60 ticks, tree = 171.30 MB, solutions = 4)
  21347  7260      480.3347    62      479.2753      484.3411  3700736    1.06%
  21387  7288      479.3449    46      479.2753      484.3343  3707624    1.06%
  21422  7311      482.4001    66      479.2753      484.3269  3714429    1.05%
  21452  7323      481.4756    62      479.2753      484.3240  3721381    1.05%
  21486  7343      481.6556    60      479.2753      484.3198  3728161    1.05%
  21522  7369        cutoff            479.2753      484.3186  3734999    1.05%
  21556  7387      479.4669    30      479.2753      484.3140  3741590    1.05%
  21593  7410      480.5102    56      479.2753      484.3076  3748634    1.05%
  21641  7444      479.4129    32      479.2753      484.3050  3755291    1.05%
  21685  7472      482.2779    54      479.2753      484.2920  3761744    1.05%
Elapsed time = 1988.40 sec. (2253004.63 ticks, tree = 175.32 MB, solutions = 4)
  21719  7492      482.8889    48      479.2753      484.2889  3768987    1.05%
  21758  7521      479.6747    30      479.2753      484.2847  3775520    1.05%
  21796  7547      480.7385    52      479.2753      484.2733  3783061    1.04%
  21834  7565      479.8950    56      479.2753      484.2677  3790263    1.04%
  21874  7593        cutoff            479.2753      484.2575  3797187    1.04%
  21916  7625      482.4966    34      479.2753      484.2538  3804158    1.04%
  21990  7675      483.0508    54      479.2753      484.2521  3811386    1.04%
  22026  7701      480.5101    48      479.2753      484.2492  3818404    1.04%
  22060  7721      479.9486    46      479.2753      484.2444  3825445    1.04%
  22100  7745      480.3158    48      479.2753      484.2314  3831891    1.03%
Elapsed time = 2023.75 sec. (2292187.47 ticks, tree = 182.67 MB, solutions = 4)
  22138  7773      480.6004    58      479.2753      484.2310  3838785    1.03%
  22174  7801      479.6170    14      479.2753      484.2190  3846067    1.03%
  22212  7819      480.8260    58      479.2753      484.2140  3853070    1.03%
  22238  7833      480.5584    48      479.2753      484.2135  3860249    1.03%
  22278  7861      482.2225    60      479.2753      484.2109  3866928    1.03%
  22328  7888      481.0770    48      479.2753      484.2081  3873845    1.03%
  22367  7913        cutoff            479.2753      484.1990  3881056    1.03%
  22408  7941      481.8624    54      479.2753      484.1906  3887496    1.03%
  22446  7964      480.4135    42      479.2753      484.1778  3894402    1.02%
  22491  7989      480.1114    32      479.2753      484.1731  3901232    1.02%
Elapsed time = 2058.49 sec. (2330815.03 ticks, tree = 187.61 MB, solutions = 4)
  22518  7998      481.5422    44      479.2753      484.1703  3908121    1.02%
  22559  8025      480.7782    68      479.2753      484.1632  3915291    1.02%
  22590  8036      479.7938    52      479.2753      484.1569  3922616    1.02%
  22619  8053      480.2599    42      479.2753      484.1497  3929625    1.02%
  22661  8079      480.9807    60      479.2753      484.1429  3936905    1.02%
  22704  8102      479.7974    64      479.2753      484.1378  3943759    1.01%
  22737  8123      483.0107    42      479.2753      484.1329  3950992    1.01%
  22791  8157      480.0962    62      479.2753      484.1252  3957910    1.01%
  22842  8190      479.9119    28      479.2753      484.1224  3964748    1.01%
  22885  8217      482.9118    44      479.2753      484.1181  3971532    1.01%
Elapsed time = 2093.05 sec. (2369681.98 ticks, tree = 191.69 MB, solutions = 4)
  22925  8241      481.7933    64      479.2753      484.1134  3979179    1.01%
  22967  8270      482.0338    58      479.2753      484.1106  3986590    1.01%
  23005  8296      480.7811    32      479.2753      484.1091  3993275    1.01%
  23048  8325      481.7560    78      479.2753      484.0996  4000078    1.01%
  23083  8350      482.1166    58      479.2753      484.0968  4007039    1.01%
  23122  8373      481.0937    50      479.2753      484.0919  4014004    1.00%
  23161  8392      479.4936    62      479.2753      484.0854  4021335    1.00%
  23196  8417      479.3178    36      479.2753      484.0835  4028430    1.00%
  23242  8447      480.7372    48      479.2753      484.0818  4034863    1.00%
  23276  8463      482.2469    50      479.2753      484.0777  4041197    1.00%
Elapsed time = 2128.26 sec. (2409033.09 ticks, tree = 197.04 MB, solutions = 4)
  23324  8495      481.6454    68      479.2753      484.0736  4048793    1.00%
  23359  8512      482.3863    42      479.2753      484.0676  4055585    1.00%
  23390  8531      481.0644    58      479.2753      484.0660  4063309    1.00%
  23430  8555      481.1545    34      479.2753      484.0646  4069857    1.00%
  23471  8584      479.5672    36      479.2753      484.0613  4076588    1.00%
  23516  8613      480.4845    46      479.2753      484.0590  4083624    1.00%
  23556  8633      480.3457    38      479.2753      484.0540  4090463    1.00%
  23597  8660      479.7464    24      479.2753      484.0499  4097437    1.00%
  23627  8683      479.8348    60      479.2753      484.0491  4104163    1.00%
  23668  8707      481.5734    70      479.2753      484.0465  4111043    1.00%
Elapsed time = 2163.52 sec. (2448295.21 ticks, tree = 200.17 MB, solutions = 4)
  23703  8726      482.5604    66      479.2753      484.0414  4117879    0.99%
  23740  8749        cutoff            479.2753      484.0402  4124887    0.99%
  23770  8763      481.4021    68      479.2753      484.0295  4131546    0.99%
  23795  8776      482.1745    52      479.2753      484.0268  4139189    0.99%
  23837  8806      482.3559    38      479.2753      484.0259  4145794    0.99%
  23886  8841      482.1220    52      479.2753      484.0246  4152924    0.99%
  23923  8866      481.4217    72      479.2753      484.0193  4159843    0.99%
  23955  8882      482.6382    68      479.2753      484.0124  4165992    0.99%
  23985  8904      480.2814    70      479.2753      484.0112  4173069    0.99%
  24018  8921      481.1775    46      479.2753      484.0043  4180258    0.99%
Elapsed time = 2198.15 sec. (2487895.66 ticks, tree = 206.38 MB, solutions = 4)
  24054  8937      479.3404    40      479.2753      484.0024  4187721    0.99%
  24087  8954      480.9396    22      479.2753      483.9989  4194105    0.99%
  24130  8985      479.3664    50      479.2753      483.9923  4200985    0.98%
  24163  9000      482.1136    54      479.2753      483.9884  4207830    0.98%
  24207  9028      479.3756    50      479.2753      483.9863  4214932    0.98%
  24251  9054      481.8852    60      479.2753      483.9765  4222331    0.98%
  24285  9070      483.0439    52      479.2753      483.9703  4228854    0.98%
  24332  9105      480.2477    42      479.2753      483.9696  4235666    0.98%
  24360  9121      481.1479    62      479.2753      483.9681  4242503    0.98%
  24400  9145      482.6885    46      479.2753      483.9646  4249072    0.98%
Elapsed time = 2233.17 sec. (2527187.75 ticks, tree = 210.82 MB, solutions = 4)
  24437  9170        cutoff            479.2753      483.9629  4255961    0.98%
  24464  9183      481.7169    52      479.2753      483.9558  4261931    0.98%
  24509  9214      479.4348    34      479.2753      483.9519  4269288    0.98%
  24549  9228      482.7720    44      479.2753      483.9369  4276270    0.97%
  24593  9250      482.2996    52      479.2753      483.9342  4283341    0.97%
  24625  9272      481.4139    56      479.2753      483.9339  4290734    0.97%
  24660  9291      480.1818    56      479.2753      483.9279  4297740    0.97%
  24706  9319      479.8200    30      479.2753      483.9233  4304818    0.97%
  24746  9341        cutoff            479.2753      483.9194  4311957    0.97%
  24785  9362      481.2577    58      479.2753      483.9168  4318679    0.97%
Elapsed time = 2267.89 sec. (2566458.27 ticks, tree = 216.13 MB, solutions = 4)
  24829  9390      479.8764    30      479.2753      483.9129  4325789    0.97%
  24864  9409      482.4082    58      479.2753      483.9070  4331851    0.97%
  24905  9436      482.7632    38      479.2753      483.9059  4338651    0.97%
  24944  9457      481.3374    44      479.2753      483.8962  4345971    0.96%
  24986  9485      482.2452    56      479.2753      483.8934  4353080    0.96%
  25030  9513      481.8742    46      479.2753      483.8904  4360099    0.96%
  25087  9548      479.5564    44      479.2753      483.8855  4367086    0.96%
  25117  9560      480.6123    64      479.2753      483.8852  4374318    0.96%
  25154  9579      479.9645    64      479.2753      483.8813  4381298    0.96%
  25179  9584      482.0633    58      479.2753      483.8714  4387773    0.96%
Elapsed time = 2303.11 sec. (2606090.88 ticks, tree = 219.42 MB, solutions = 4)
  25220  9613      481.9318    40      479.2753      483.8685  4394748    0.96%
  25262  9641      480.5476    66      479.2753      483.8674  4401911    0.96%
  25284  9657      480.5688    42      479.2753      483.8673  4408267    0.96%
  25326  9679      481.8192    60      479.2753      483.8615  4415582    0.96%
  25368  9703      481.7399    64      479.2753      483.8572  4423093    0.96%
  25409  9732      481.4397    72      479.2753      483.8557  4429992    0.96%
  25450  9753      481.2749    48      479.2753      483.8504  4436813    0.95%
  25496  9784      480.5012    50      479.2753      483.8435  4443938    0.95%
  25543  9815      481.7591    38      479.2753      483.8406  4450934    0.95%
  25575  9835      480.0321    56      479.2753      483.8372  4457653    0.95%
Elapsed time = 2337.24 sec. (2645563.27 ticks, tree = 222.13 MB, solutions = 4)
  25619  9859      481.3619    60      479.2753      483.8332  4464598    0.95%
  25654  9884      479.8462    56      479.2753      483.8279  4471663    0.95%
  25688  9900      479.9572    50      479.2753      483.8248  4478516    0.95%
  25726  9926      481.0785    48      479.2753      483.8210  4485575    0.95%
  25773  9955      480.8359    34      479.2753      483.8173  4492860    0.95%
  25816  9976      480.3404    50      479.2753      483.8129  4499518    0.95%
  25852  9992      481.2150    70      479.2753      483.8014  4506240    0.94%
  25892 10014      479.8523    36      479.2753      483.7996  4513825    0.94%
  25934 10040      480.0956    52      479.2753      483.7981  4520645    0.94%
  25972 10064      480.1335    44      479.2753      483.7931  4527639    0.94%
Elapsed time = 2371.26 sec. (2684197.68 ticks, tree = 227.95 MB, solutions = 4)
  26013 10093      479.3611    40      479.2753      483.7916  4534775    0.94%
  26052 10114      481.6984    54      479.2753      483.7866  4541665    0.94%
  26085 10135        cutoff            479.2753      483.7856  4548930    0.94%
  26132 10150      480.8417    66      479.2753      483.7777  4556088    0.94%
  26164 10168      480.0419    48      479.2753      483.7705  4562946    0.94%
  26194 10182      480.8899    56      479.2753      483.7689  4569712    0.94%
  26239 10207      480.9013    58      479.2753      483.7624  4576799    0.94%
  26279 10229      479.9241    42      479.2753      483.7559  4583761    0.93%
  26322 10250        cutoff            479.2753      483.7518  4591035    0.93%
  26366 10280      480.5994    64      479.2753      483.7498  4597650    0.93%
Elapsed time = 2405.34 sec. (2722964.46 ticks, tree = 233.02 MB, solutions = 4)
  26413 10307      481.8589    50      479.2753      483.7458  4604550    0.93%
  26463 10343      482.8144    64      479.2753      483.7445  4610960    0.93%
  26493 10359      481.7284    64      479.2753      483.7391  4617557    0.93%
  26526 10382      480.0146    48      479.2753      483.7375  4624698    0.93%
  26571 10410      481.9802    52      479.2753      483.7331  4631491    0.93%
  26614 10435      479.8893    62      479.2753      483.7321  4638207    0.93%
  26658 10465        cutoff            479.2753      483.7247  4645177    0.93%
  26692 10481      481.8719    62      479.2753      483.7196  4652533    0.93%
  26734 10513      479.5121    24      479.2753      483.7175  4659397    0.93%
  26780 10542      479.2956    56      479.2753      483.7168  4666229    0.93%
Elapsed time = 2440.19 sec. (2762028.75 ticks, tree = 238.03 MB, solutions = 4)
  26825 10567      481.7212    60      479.2753      483.7128  4673223    0.93%
  26863 10591      482.0499    66      479.2753      483.7040  4680094    0.92%
  26882 10602      480.2129    56      479.2753      483.7031  4686705    0.92%
  26924 10628      481.2797    60      479.2753      483.7003  4693143    0.92%
  26968 10652      481.0232    50      479.2753      483.6965  4700030    0.92%
  27020 10672      481.0203    62      479.2753      483.6952  4707481    0.92%
  27053 10685      480.0428    70      479.2753      483.6937  4714525    0.92%
  27097 10716      481.4504    54      479.2753      483.6923  4721591    0.92%
  27138 10741      479.5028    28      479.2753      483.6912  4728933    0.92%
  27172 10755      480.8880    66      479.2753      483.6815  4736426    0.92%
Elapsed time = 2475.85 sec. (2801408.50 ticks, tree = 243.17 MB, solutions = 4)
  27207 10770        cutoff            479.2753      483.6773  4743132    0.92%
  27243 10788      481.5930    58      479.2753      483.6718  4750352    0.92%
  27277 10808      481.0076    62      479.2753      483.6624  4756373    0.92%
  27309 10824      482.4705    58      479.2753      483.6594  4764328    0.91%
  27350 10846      481.3144    56      479.2753      483.6573  4770942    0.91%
  27386 10866      482.4126    70      479.2753      483.6540  4778160    0.91%
  27436 10902      480.9329    56      479.2753      483.6462  4785742    0.91%
  27476 10928      481.3354    52      479.2753      483.6436  4792824    0.91%
  27523 10951      479.8855    34      479.2753      483.6421  4799905    0.91%
  27560 10966      479.7949    56      479.2753      483.6325  4807091    0.91%
Elapsed time = 2511.10 sec. (2840967.50 ticks, tree = 249.19 MB, solutions = 4)
  27600 10994      479.4516    60      479.2753      483.6298  4814500    0.91%
  27642 11016      480.3623    62      479.2753      483.6216  4820707    0.91%
  27686 11038      481.7409    46      479.2753      483.6173  4827258    0.91%
  27743 11073      480.1446    52      479.2753      483.6138  4834574    0.91%
  27775 11094      482.3873    60      479.2753      483.6120  4841484    0.90%
  27813 11112      482.0121    68      479.2753      483.6076  4848523    0.90%
  27860 11150      479.4367    38      479.2753      483.6035  4855281    0.90%
  27894 11162      481.5222    72      479.2753      483.5993  4861777    0.90%
  27927 11175      479.9215    62      479.2753      483.5938  4868894    0.90%
  27964 11192      480.9821    34      479.2753      483.5899  4875558    0.90%
Elapsed time = 2545.97 sec. (2879723.88 ticks, tree = 254.20 MB, solutions = 4)
  28005 11221      479.3034    56      479.2753      483.5874  4882537    0.90%
  28034 11236      480.8904    42      479.2753      483.5864  4889538    0.90%
  28077 11257      482.2060    52      479.2753      483.5844  4896334    0.90%
  28111 11281      480.7395    58      479.2753      483.5836  4902637    0.90%
  28150 11296      481.3723    56      479.2753      483.5742  4909989    0.90%
  28178 11310      480.5071    62      479.2753      483.5667  4917280    0.90%
  28219 11339      479.3509    54      479.2753      483.5615  4924506    0.89%
  28270 11372      480.8101    64      479.2753      483.5576  4931105    0.89%
  28311 11397      480.2584    52      479.2753      483.5517  4938351    0.89%
  28345 11413      480.3358    30      479.2753      483.5456  4945428    0.89%
Elapsed time = 2581.77 sec. (2918716.07 ticks, tree = 259.00 MB, solutions = 4)
  28389 11441      480.3901    46      479.2753      483.5394  4952280    0.89%
  28428 11464      479.5567    38      479.2753      483.5305  4959110    0.89%
  28463 11483      482.1791    48      479.2753      483.5243  4966241    0.89%
  28501 11505      479.9553    44      479.2753      483.5216  4972043    0.89%
  28542 11534      479.3075    46      479.2753      483.5189  4978788    0.89%
  28569 11547      482.0548    66      479.2753      483.5155  4985395    0.88%
  28608 11566      480.3481    40      479.2753      483.5067  4992615    0.88%
  28651 11593      482.1517    64      479.2753      483.5020  4999503    0.88%
  28687 11615      481.3086    50      479.2753      483.4991  5006029    0.88%
  28725 11633      479.6549    62      479.2753      483.4927  5013266    0.88%
Elapsed time = 2616.94 sec. (2957415.51 ticks, tree = 262.84 MB, solutions = 4)
  28769 11661      481.4337    60      479.2753      483.4865  5020894    0.88%
  28815 11691      479.6245    44      479.2753      483.4833  5027699    0.88%
  28865 11719      479.4972    28      479.2753      483.4804  5034569    0.88%
  28906 11746      480.5909    44      479.2753      483.4767  5040884    0.88%
  28951 11775      479.4112    32      479.2753      483.4727  5047855    0.88%
  28997 11805      481.0110    54      479.2753      483.4651  5054608    0.87%
  29034 11820        cutoff            479.2753      483.4544  5061632    0.87%
  29069 11835      479.8136    50      479.2753      483.4415  5068657    0.87%
  29108 11850      479.7466    62      479.2753      483.4352  5075671    0.87%
  29148 11872      482.0302    46      479.2753      483.4291  5083307    0.87%
Elapsed time = 2653.46 sec. (2996696.12 ticks, tree = 271.23 MB, solutions = 4)
  29199 11897      481.1671    62      479.2753      483.4285  5090414    0.87%
  29245 11915      481.3154    58      479.2753      483.4187  5097619    0.86%
  29286 11938      480.0200    60      479.2753      483.4167  5104749    0.86%
  29323 11951      479.3938    48      479.2753      483.4063  5111831    0.86%
  29365 11975      481.6099    74      479.2753      483.4022  5118600    0.86%
  29408 12002        cutoff            479.2753      483.4001  5125558    0.86%
  29449 12029      479.6763    50      479.2753      483.3991  5132369    0.86%
  29484 12042      479.3859    24      479.2753      483.3953  5139536    0.86%
  29532 12070      479.7647    58      479.2753      483.3906  5146529    0.86%
  29581 12089      480.4974    64      479.2753      483.3841  5154589    0.86%
Elapsed time = 2690.17 sec. (3036198.52 ticks, tree = 278.20 MB, solutions = 4)
  29616 12102      481.7546    70      479.2753      483.3818  5161512    0.86%
  29672 12141        cutoff            479.2753      483.3810  5168672    0.86%
  29714 12161      480.2984    44      479.2753      483.3748  5176488    0.86%
  29747 12180      481.3305    62      479.2753      483.3690  5183746    0.85%
  29785 12204      479.8054    60      479.2753      483.3646  5190842    0.85%
  29838 12231      481.5907    52      479.2753      483.3614  5198214    0.85%
  29885 12248      482.2884    62      479.2753      483.3583  5206083    0.85%
  29931 12283      479.8321    34      479.2753      483.3553  5213175    0.85%
  29971 12307      480.5704    32      479.2753      483.3534  5220166    0.85%
  30008 12324      480.0991    38      479.2753      483.3518  5226918    0.85%
Elapsed time = 2726.65 sec. (3075944.49 ticks, tree = 283.84 MB, solutions = 4)
  30046 12346      481.0248    64      479.2753      483.3431  5234200    0.85%
  30082 12368      479.8797    58      479.2753      483.3391  5241031    0.85%
  30124 12392      481.4055    46      479.2753      483.3288  5247708    0.85%
  30166 12414      479.8310    50      479.2753      483.3258  5255417    0.85%
  30203 12433      482.4609    60      479.2753      483.3245  5262269    0.84%
  30247 12459        cutoff            479.2753      483.3190  5268989    0.84%
  30289 12483      480.1218    52      479.2753      483.3158  5275901    0.84%
  30324 12500      479.4557    50      479.2753      483.3114  5282685    0.84%
  30368 12518      479.8469    60      479.2753      483.3084  5289208    0.84%
  30403 12537      480.7836    58      479.2753      483.3072  5296447    0.84%
Elapsed time = 2761.91 sec. (3114324.37 ticks, tree = 290.35 MB, solutions = 4)
  30449 12557      480.3212    26      479.2753      483.2991  5303481    0.84%
  30496 12578      481.1078    48      479.2753      483.2937  5310499    0.84%
  30537 12589      480.0189    70      479.2753      483.2871  5317869    0.84%
  30588 12616      479.6225    58      479.2753      483.2859  5324931    0.84%
  30633 12643      479.4871    40      479.2753      483.2841  5331872    0.84%
  30669 12657      480.8644    54      479.2753      483.2781  5338625    0.84%
  30698 12676      479.9905    46      479.2753      483.2754  5345792    0.83%
  30745 12689      481.9998    64      479.2753      483.2705  5352574    0.83%
  30782 12706      480.5084    40      479.2753      483.2698  5359713    0.83%
  30830 12728      481.1348    38      479.2753      483.2650  5366740    0.83%
Elapsed time = 2797.92 sec. (3153361.04 ticks, tree = 295.04 MB, solutions = 4)
  30874 12750      481.3380    54      479.2753      483.2627  5373601    0.83%
  30918 12780      480.7695    50      479.2753      483.2604  5380355    0.83%
  30962 12800      481.9629    40      479.2753      483.2574  5387436    0.83%
  31010 12830      482.0841    36      479.2753      483.2540  5394046    0.83%
  31054 12862      480.9919    52      479.2753      483.2505  5400763    0.83%
  31095 12883        cutoff            479.2753      483.2464  5407806    0.83%
  31135 12903      479.3218    50      479.2753      483.2447  5414564    0.83%
  31188 12936      480.3035    44      479.2753      483.2423  5421212    0.83%
  31230 12960      481.0031    32      479.2753      483.2390  5428260    0.83%
  31281 12989      481.3268    44      479.2753      483.2363  5433578    0.83%
Elapsed time = 2833.47 sec. (3191922.27 ticks, tree = 300.84 MB, solutions = 4)
  31328 13014        cutoff            479.2753      483.2296  5440326    0.83%
  31363 13031      481.1064    56      479.2753      483.2254  5446986    0.82%
  31393 13043      480.8192    52      479.2753      483.2237  5453533    0.82%
  31436 13070      479.5845    44      479.2753      483.2228  5460229    0.82%
  31476 13088      482.5008    50      479.2753      483.2210  5466811    0.82%
  31515 13111        cutoff            479.2753      483.2180  5473910    0.82%
  31554 13130      481.0546    50      479.2753      483.2162  5480517    0.82%
  31593 13151      480.4267    62      479.2753      483.2139  5487677    0.82%
  31624 13165      479.6458    38      479.2753      483.2133  5493929    0.82%
  31663 13187      480.3655    50      479.2753      483.2115  5500357    0.82%
Elapsed time = 2867.99 sec. (3230455.22 ticks, tree = 306.09 MB, solutions = 4)
  31697 13207      480.7236    62      479.2753      483.2064  5506367    0.82%
  31734 13228      481.5937    66      479.2753      483.1995  5513698    0.82%
  31773 13255      480.1199    38      479.2753      483.1978  5520631    0.82%
  31813 13271      480.7487    62      479.2753      483.1952  5528459    0.82%
  31855 13289      482.8829    42      479.2753      483.1920  5534871    0.82%
  31882 13300      479.9589    34      479.2753      483.1903  5541594    0.82%
  31917 13315      480.4242    54      479.2753      483.1885  5548156    0.82%
  31954 13326      481.0077    64      479.2753      483.1862  5554935    0.82%
  31990 13342      481.2309    58      479.2753      483.1842  5562010    0.82%
  32026 13362      479.8217    46      479.2753      483.1833  5568897    0.82%
Elapsed time = 2903.92 sec. (3270359.47 ticks, tree = 310.25 MB, solutions = 4)
  32057 13371      480.1972    48      479.2753      483.1805  5576260    0.81%
  32107 13393      480.5463    62      479.2753      483.1758  5583515    0.81%
  32144 13412      481.0278    40      479.2753      483.1728  5590584    0.81%
  32184 13432      480.8917    52      479.2753      483.1690  5597646    0.81%
  32226 13454      479.4582    44      479.2753      483.1629  5604985    0.81%
  32269 13478      480.6184    70      479.2753      483.1564  5611582    0.81%
  32307 13496      481.8021    62      479.2753      483.1520  5618777    0.81%
  32344 13521      480.1402    42      479.2753      483.1517  5625634    0.81%
  32388 13537      479.5268    24      479.2753      483.1509  5632580    0.81%
  32424 13556      479.9880    42      479.2753      483.1491  5639333    0.81%
Elapsed time = 2939.85 sec. (3309779.60 ticks, tree = 312.73 MB, solutions = 4)
  32461 13581      481.1350    58      479.2753      483.1439  5645946    0.81%
  32501 13603      481.4470    52      479.2753      483.1410  5652721    0.81%
  32533 13619      480.7915    40      479.2753      483.1362  5659897    0.81%
  32572 13640      480.0467    50      479.2753      483.1359  5666579    0.81%
  32606 13654      481.9267    34      479.2753      483.1311  5673190    0.80%
  32669 13687      481.5366    52      479.2753      483.1298  5680048    0.80%
  32709 13711      481.7003    52      479.2753      483.1272  5686652    0.80%
  32744 13728        cutoff            479.2753      483.1250  5693934    0.80%
  32787 13753      481.6014    38      479.2753      483.1217  5701086    0.80%
  32827 13773      480.1066    58      479.2753      483.1192  5708174    0.80%
Elapsed time = 2975.26 sec. (3348862.06 ticks, tree = 317.25 MB, solutions = 4)
  32860 13788      480.6438    56      479.2753      483.1155  5715425    0.80%
  32897 13805      481.3570    46      479.2753      483.1128  5722206    0.80%
  32943 13837        cutoff            479.2753      483.1115  5729148    0.80%
  32987 13861      481.2097    50      479.2753      483.1098  5736513    0.80%
  33027 13881      479.9871    48      479.2753      483.1074  5743474    0.80%
  33073 13899      479.6083    38      479.2753      483.1028  5751898    0.80%
  33112 13914      480.5477    40      479.2753      483.0985  5759586    0.80%
  33144 13924      481.3695    36      479.2753      483.0938  5766676    0.80%
  33182 13944      479.7255    38      479.2753      483.0931  5773981    0.80%
  33234 13982      479.6599    62      479.2753      483.0900  5780935    0.80%
Elapsed time = 3010.92 sec. (3388291.37 ticks, tree = 321.39 MB, solutions = 4)
  33266 13994      479.4383    56      479.2753      483.0871  5787264    0.80%
  33292 14009      479.8284    54      479.2753      483.0836  5794384    0.79%
  33341 14036      480.3039    42      479.2753      483.0829  5801523    0.79%
  33386 14059      480.2451    52      479.2753      483.0811  5808523    0.79%
  33425 14076      481.2760    52      479.2753      483.0792  5815525    0.79%
  33460 14097      481.0925    64      479.2753      483.0751  5822551    0.79%
  33503 14124      479.9880    46      479.2753      483.0745  5829953    0.79%
  33549 14152      479.6902    34      479.2753      483.0725  5837225    0.79%
  33600 14177      480.2893    46      479.2753      483.0722  5844215    0.79%
  33635 14196      481.4161    44      479.2753      483.0706  5851651    0.79%
Elapsed time = 3046.11 sec. (3427031.64 ticks, tree = 328.14 MB, solutions = 4)
  33673 14216      480.1862    32      479.2753      483.0687  5857882    0.79%
  33713 14238      479.2874    48      479.2753      483.0666  5865107    0.79%
  33752 14257      479.8723    44      479.2753      483.0643  5872697    0.79%
  33789 14274      479.4361    38      479.2753      483.0616  5879780    0.79%
  33833 14290      482.3673    40      479.2753      483.0570  5887111    0.79%
  33867 14304      480.0193    50      479.2753      483.0544  5894190    0.79%
  33905 14316      480.1398    42      479.2753      483.0526  5902020    0.79%
  33954 14345      480.3917    50      479.2753      483.0482  5909086    0.79%
  33991 14359        cutoff            479.2753      483.0433  5915948    0.79%
  34033 14375      481.3095    72      479.2753      483.0384  5923172    0.79%
Elapsed time = 3081.24 sec. (3466027.32 ticks, tree = 333.14 MB, solutions = 4)
  34074 14392      480.5051    54      479.2753      483.0252  5930548    0.78%
  34111 14411      480.1703    64      479.2753      483.0212  5937842    0.78%
  34156 14440      481.0368    56      479.2753      483.0202  5944951    0.78%
  34204 14469      481.0392    64      479.2753      483.0192  5952074    0.78%
  34234 14480      479.6484    60      479.2753      483.0148  5959399    0.78%
  34276 14500      480.8718    50      479.2753      483.0133  5966454    0.78%
  34316 14520      481.1850    44      479.2753      483.0112  5973927    0.78%
  34353 14535      480.7943    48      479.2753      483.0098  5981475    0.78%
  34391 14555      479.8032    34      479.2753      483.0078  5988588    0.78%
  34438 14578      479.4846    60      479.2753      483.0050  5996334    0.78%
Elapsed time = 3116.66 sec. (3504832.43 ticks, tree = 336.30 MB, solutions = 4)
  34474 14592      481.3464    56      479.2753      483.0030  6003613    0.78%
  34517 14615      481.4461    40      479.2753      483.0005  6010718    0.78%
  34570 14648      479.5534    32      479.2753      482.9996  6018082    0.78%
  34617 14676      481.8378    64      479.2753      482.9958  6025153    0.78%
  34657 14694      480.3534    56      479.2753      482.9889  6032834    0.77%
  34693 14710      481.2258    50      479.2753      482.9853  6040220    0.77%
  34738 14731      481.0216    44      479.2753      482.9814  6047807    0.77%
  34784 14753      480.0355    40      479.2753      482.9772  6055222    0.77%
  34819 14774      480.5150    60      479.2753      482.9747  6062706    0.77%
  34855 14790      480.5874    58      479.2753      482.9698  6070164    0.77%
Elapsed time = 3152.85 sec. (3544200.94 ticks, tree = 340.67 MB, solutions = 4)
  34893 14810      481.4300    56      479.2753      482.9687  6076779    0.77%
  34931 14826      480.1513    58      479.2753      482.9664  6083706    0.77%
  34973 14842        cutoff            479.2753      482.9641  6090399    0.77%
  35014 14853      480.3523    54      479.2753      482.9601  6097653    0.77%
  35045 14868      481.1946    38      479.2753      482.9592  6104911    0.77%
  35084 14886      480.0287    48      479.2753      482.9520  6112231    0.77%
  35119 14903      480.1746    40      479.2753      482.9490  6119242    0.77%
  35161 14927      480.6099    48      479.2753      482.9464  6126489    0.77%
  35188 14938      479.8429    56      479.2753      482.9458  6133293    0.77%
  35227 14955      480.3100    38      479.2753      482.9412  6140259    0.76%
Elapsed time = 3187.56 sec. (3582899.23 ticks, tree = 343.43 MB, solutions = 4)
  35266 14972      480.0018    54      479.2753      482.9403  6147076    0.76%
  35306 14994      479.3527    50      479.2753      482.9385  6154233    0.76%
  35336 15006      479.7263    40      479.2753      482.9360  6161580    0.76%
  35387 15033      481.2663    44      479.2753      482.9345  6168584    0.76%
  35424 15050      479.9331    40      479.2753      482.9328  6175846    0.76%
  35471 15072      481.6274    62      479.2753      482.9307  6182868    0.76%
  35510 15095      480.2330    40      479.2753      482.9290  6190273    0.76%
  35544 15107      479.5249    52      479.2753      482.9270  6197603    0.76%
  35583 15119      479.5481    62      479.2753      482.9211  6205021    0.76%
  35622 15133      479.7673    56      479.2753      482.9183  6212356    0.76%
Elapsed time = 3222.85 sec. (3621953.14 ticks, tree = 347.10 MB, solutions = 4)
  35659 15144      479.5638    44      479.2753      482.9151  6219543    0.76%
  35704 15169      479.4947    42      479.2753      482.9138  6227152    0.76%
  35747 15190      479.9406    64      479.2753      482.9097  6234240    0.76%
  35793 15210      479.9166    48      479.2753      482.9062  6241184    0.76%
  35823 15232      479.3404    36      479.2753      482.9056  6248757    0.76%
Starting limited solution polishing.
  35867 15248      480.5365    58      479.2753      482.9027  6256011    0.76%
  35915 15270      480.9362    64      479.2753      482.9003  6263371    0.76%
  35962 15293      479.9135    46      479.2753      482.8984  6270469    0.76%
  35996 15311      479.9753    48      479.2753      482.8945  6276722    0.76%
  36027 15326      479.8499    48      479.2753      482.8932  6283569    0.75%
Elapsed time = 3259.96 sec. (3660756.53 ticks, tree = 353.22 MB, solutions = 4)
  36063 15342      480.1256    58      479.2753      482.8915  6290489    0.75%
* 36064+15341                          479.2753      482.8915             0.75%
  36100 15361      480.5577    58      479.2753      482.8867  6296765    0.75%
  36140 15381        cutoff            479.2753      482.8858  6303987    0.75%
  36178 15395      480.9367    56      479.2753      482.8840  6310869    0.75%
  36221 15414        cutoff            479.2753      482.8820  6317814    0.75%
  36273 15444      480.0048    42      479.2753      482.8783  6325856    0.75%
  36306 15453      480.1387    42      479.2753      482.8753  6333448    0.75%
  36364 15485      481.8092    48      479.2753      482.8719  6340686    0.75%
  36417 15516      479.7520    34      479.2753      482.8706  6347909    0.75%
  36456 15535      479.5946    50      479.2753      482.8691  6354797    0.75%
Elapsed time = 3296.97 sec. (3701368.23 ticks, tree = 357.42 MB, solutions = 5)
  36504 15553      481.1875    62      479.2753      482.8637  6362935    0.75%
  36554 15577      481.2885    70      479.2753      482.8604  6370267    0.75%
  36615 15610      480.0130    36      479.2753      482.8586  6377715    0.75%
  36664 15629      480.0852    40      479.2753      482.8560  6385724    0.75%
  36700 15637      479.8913    42      479.2753      482.8536  6392968    0.75%
  36747 15661      479.7651    64      479.2753      482.8512  6400410    0.75%
  36784 15674      482.2148    54      479.2753      482.8482  6406365    0.75%
  36817 15693      480.5563    42      479.2753      482.8467  6413103    0.75%
  36850 15702      480.5259    50      479.2753      482.8451  6420351    0.74%
  37015 15771      479.8051    42      479.2753      482.8350  6447776    0.74%
Elapsed time = 3344.00 sec. (3753481.48 ticks, tree = 363.41 MB, solutions = 5)
  37164 15838      479.6866    40      479.2753      482.8254  6474655    0.74%
  37313 15896      480.2128    52      479.2753      482.8139  6501697    0.74%
  37496 15978      479.7899    56      479.2753      482.8059  6531394    0.74%
  37664 16052      481.0099    44      479.2753      482.7956  6560500    0.73%
  37806 16118      481.8096    38      479.2753      482.7893  6587501    0.73%
  37964 16186      480.6193    44      479.2753      482.7816  6615611    0.73%
  38118 16252        cutoff            479.2753      482.7760  6641385    0.73%
  38264 16316      479.8361    52      479.2753      482.7638  6667120    0.73%
  38411 16365      481.6122    42      479.2753      482.7539  6693217    0.73%
  38564 16443      479.7167    34      479.2753      482.7446  6717716    0.72%
Elapsed time = 3489.75 sec. (3913411.01 ticks, tree = 379.97 MB, solutions = 5)
  38717 16513      481.2192    62      479.2753      482.7346  6746791    0.72%
  38864 16575      479.9168    44      479.2753      482.7259  6769408    0.72%
  39019 16643      481.0773    58      479.2753      482.7183  6797158    0.72%
  39150 16690      479.4876    48      479.2753      482.7113  6819490    0.72%
  39298 16746      479.5235    36      479.2753      482.6995  6844368    0.71%
  39426 16803      479.3625    48      479.2753      482.6920  6867140    0.71%
  39564 16847      479.5224    26      479.2753      482.6825  6892063    0.71%

Flow cuts applied:  62
Mixed integer rounding cuts applied:  132
Lift and project cuts applied:  2
User cuts applied:  3060

Root node processing (before b&c):
  Real time             =    8.40 sec. (7537.44 ticks)
Sequential b&c:
  Real time             = 3591.60 sec. (4026488.53 ticks)
                          ------------
Total (root+branch&cut) = 3600.00 sec. (4034025.97 ticks)
|V|                                     800
K                                       10
theta                                   0.20
r                                       5
R                                       20
prob_func                               linear
#C1                                     3052
#CP                                     91980

@Parameters: 
am_callback_heuristic                   false
am_local_search                         true
am_start_heuristic                      false
colocation                              true
comp                                    false
cutC                                    true
cutC_init                               false
cutF                                    false
cutF_init                               false
cutF_stable                             false
cutF_wrong                              false
cutLocal                                false
cutM                                    true
cutM_init                               true
cutM_stable                             false
cutP                                    true
cutP_init                               false
cutP_stable                             false
init                                    true
init_cutF_zero                          false
init_val_greedy                         true
is_Euclidean                            false
is_local_search                         false
is_right_cutP                           true
is_root                                 false
is_silent                               false
is_start                                false
mycut                                   false
pmed                                    false
pre                                     true
stable_root                             false
str                                     true
two_phase                               false
ubstr                                   false
mode                                    Int

am_callback_node_space                  50
init                                    0
mixture_seed                            1
node_space                              5
nodelimit                               -1
nsepa                                   1
strF                                    0
type_delta                              0

EPS                                     0.001000
EPS_FRAC                                0.00
gap                                     0.00
mixture_high_max                        0.99
mixture_high_min                        0.90
mixture_low_max                         0.01
mixture_low_min                         0.00
mixture_low_share                       0.80
timelimit                               3600.00

Number of Closed Sites: 5 / 50 
Number of Confined Sites-1: 3 / 27 
Number of Confined Sites-k: 792 / 2344 
Preprocess Time: 1.85 + 0.00 sec

Solve Time: 3600.00
Number of Nodes: 39653
Termination Status: TIME_LIMIT

CutInfo: [phase] num / time (sec) / aver. num_nonzero
max              [LP]     0 / 0.00 / 0.00 [init]   692 / 0.03 / 17.76 [rLC]   671 / 0.08 / 33.81 [rUC]  1224 / 0.46 / 28.02 [sLC]   756 / 0.27 / 38.24 [sUC]  1904 / 3.09 / 33.28 
prod_oa          [LP]     0 / 0.00 / 0.00 [init]   689 / 0.03 / 99.70 [rLC]  1768 / 0.16 / 124.50 [rUC]   208 / 0.69 / 110.08 [sLC]  4543 / 0.54 / 124.86 [sUC]  1227 / 9.65 / 105.12 
prod_sm_fixed    [LP]     0 / 0.00 / 0.00 [init]     0 / 0.00 / 0.00 [rLC]     0 / 0.00 / 0.00 [rUC]     0 / 0.00 / 0.00 [sLC]     0 / 0.00 / 0.00 [sUC]     0 / 0.00 / 0.00 
prod_bin         [LP]     0 / 0.00 / 0.00 [init]     0 / 0.00 / 0.00 [rLC]     0 / 0.00 / 0.00 [rUC]     0 / 0.00 / 0.00 [sLC]     0 / 0.00 / 0.00 [sUC]     0 / 0.00 / 0.00 
prod_local       [LP]     0 / 0.00 / 0.00 [init]     0 / 0.00 / 0.00 [rLC]     0 / 0.00 / 0.00 [rUC]     0 / 0.00 / 0.00 [sLC]     0 / 0.00 / 0.00 [sUC]     0 / 0.00 / 0.00 
prod_sm_C        [LP]     0 / 0.00 / 0.00 [init]     0 / 0.00 / 0.00 [rLC]     0 / 0.00 / 0.00 [rUC]     0 / 0.00 / 0.00 [sLC]     0 / 0.00 / 0.00 [sUC]     0 / 0.00 / 0.00 
facet            [LP]     0 / 0.00 / 0.00 [init]     0 / 0.00 / 0.00 [rLC]     0 / 0.00 / 0.00 [rUC]     0 / 0.00 / 0.00 [sLC]     0 / 0.00 / 0.00 [sUC]     0 / 0.00 / 0.00 
Separation Round:   [LP] 0  [init] 1  [rLC] 6  [rUC] 19  [sLC] 19  [sUC] 65102  
Root Best Bound 491.146881
Root Best Integer: 479.263872
Best Bound: 482.673848
Best Integer: 479.275348
1: 88, 251, 306, 308, 326, 388, 583, 667, 711, 760
Objective Value (calc): 479.212522
sum_etaM = 409.800000 / 409.800000
sum_etaP = 496.644185 / 496.565652
nL: 10
nCL: 0
mCL: 1
