Version identifier: 20.1.0.0 | 2020-11-10 | 9bedb6d68
CPXPARAM_Threads                                 1
CPXPARAM_TimeLimit                               3600
CPXPARAM_MIP_Tolerances_MIPGap                   0
Generic callback                                 0x60
1 of 1 MIP starts provided solutions.
MIP start 'm1' defined initial solution with objective 647.4997.
Tried aggregator 2 times.
MIP Presolve eliminated 5 rows and 4 columns.
Aggregator did 1 substitutions.
Reduced MIP has 2573 rows, 3195 columns, and 110243 nonzeros.
Reduced MIP has 798 binaries, 797 generals, 0 SOSs, and 0 indicators.
Presolve time = 0.05 sec. (34.52 ticks)
Probing time = 0.00 sec. (6.55 ticks)
Tried aggregator 1 time.
Reduced MIP has 2573 rows, 3195 columns, and 110243 nonzeros.
Reduced MIP has 798 binaries, 797 generals, 0 SOSs, and 0 indicators.
Presolve time = 0.03 sec. (20.18 ticks)
Probing time = 0.00 sec. (6.54 ticks)
MIP emphasis: balance optimality and feasibility.
MIP search method: dynamic search.
Parallel mode: none, using 1 thread.
Root relaxation solution time = 0.38 sec. (476.84 ticks)

        Nodes                                         Cuts/
   Node  Left     Objective  IInf  Best Integer    Best Bound    ItCnt     Gap

*     0+    0                          647.4997      800.0000            23.55%
      0     0      695.2583    48      647.4997      695.2583     3113    7.38%
      0     0      660.5047   104      647.4997     Cuts: 617     4155    2.01%
      0     0      658.9220   108      647.4997     Cuts: 317     4680    1.76%
      0     0      658.4893   104      647.4997     Cuts: 174     4939    1.70%
      0     0      658.3867   108      647.4997      Cuts: 85     5083    1.68%
      0     0      658.3449   108      647.4997      Cuts: 74     5197    1.67%
      0     0      658.3292   112      647.4997      Cuts: 59     5287    1.67%
      0     0      658.3192   112      647.4997      Cuts: 41     5342    1.67%
      0     0      658.3166   118      647.4997 UserPurge2: 19     5372    1.67%
      0     0      658.3139   114      647.4997 UserPurge2: 25     5416    1.67%
      0     0      658.2817   112      647.4997 UserPurge2: 16     5486    1.67%
      0     0      658.2771   114      647.4997 UserPurge2: 32     5522    1.66%
      0     0      658.2753   116      647.4997 UserPurge2: 21     5553    1.66%
      0     0      658.2753   116      647.4997 UserPurge2: 4     5563    1.66%
      0     0      658.2752   114      647.4997 UserPurge2: 2     5567    1.66%
      0     0      658.2748   118      647.4997 UserPurge2: 4     5582    1.66%
      0     0      658.2748   118      647.4997 UserPurge2: 3     5585    1.66%
      0     0      658.2746   120      647.4997 UserPurge2: 2     5598    1.66%
      0     0      658.2745   118      647.4997 UserPurge2: 1     5605    1.66%
      0     0      658.2744   116      647.4997 UserPurge2: 3     5613    1.66%
      0     0      658.2744   118      647.4997 UserPurge2: 2     5621    1.66%
*     0+    0                          648.0405      658.2744             1.58%
      0     2      657.0735   108      648.0405      657.0717     5621    1.39%
Elapsed time = 7.90 sec. (6672.14 ticks, tree = 0.01 MB, solutions = 2)
      2     4      656.8963   108      648.0405      657.0717     6282    1.39%
      3     5      655.9082    90      648.0405      657.0717     7324    1.39%
      4     6      655.0348    80      648.0405      657.0717     7872    1.39%
      5     7      653.1556    84      648.0405      657.0717    10919    1.39%
      6     8      653.5880    72      648.0405      657.0717    12839    1.39%
      7     9      653.2725    80      648.0405      657.0717    13801    1.39%
      8    10      652.5978    58      648.0405      657.0717    14824    1.39%
     10    12      651.5474    56      648.0405      657.0717    16094    1.39%
     12    14      651.1821    54      648.0405      657.0717    16737    1.39%
     17    19      649.0257    30      648.0405      657.0717    19344    1.39%
Elapsed time = 12.95 sec. (12302.95 ticks, tree = 0.21 MB, solutions = 2)
     25    19      656.3645    98      648.0405      656.8959    21365    1.37%
     28    22      654.7498    90      648.0405      656.8959    23644    1.37%
     32    26      653.5589    64      648.0405      656.8959    25349    1.37%
     37    31      651.0057    46      648.0405      656.8959    27662    1.37%
     42    36      649.6952    24      648.0405      656.8959    29211    1.37%
     64    38      655.0208    96      648.0405      656.8954    32386    1.37%
     67    41      654.1147    98      648.0405      656.8954    34504    1.37%
     70    44      652.6199    98      648.0405      656.8954    36854    1.37%
     73    47      651.2905   102      648.0405      656.8954    39135    1.37%
     76    50      649.6657    96      648.0405      656.8954    41271    1.37%
Elapsed time = 25.63 sec. (23880.70 ticks, tree = 0.69 MB, solutions = 2)
     80    52        cutoff            648.0405      656.8954    43384    1.37%
     83    53      655.7378   104      648.0405      656.2782    45393    1.27%
     85    55      654.5071   114      648.0405      656.2782    47210    1.27%
     88    58      653.4853   114      648.0405      656.2782    49558    1.27%
     90    60      652.3697   118      648.0405      656.2782    52317    1.27%
     92    62      651.6593   106      648.0405      656.2782    54051    1.27%
     95    65      650.1470   114      648.0405      656.2782    56501    1.27%
     98    68      649.2896   120      648.0405      656.2782    58464    1.27%
    100    70      648.7224   116      648.0405      656.2782    60325    1.27%
    104    70      654.8746    90      648.0405      656.2780    62122    1.27%
Elapsed time = 37.57 sec. (36101.36 ticks, tree = 0.94 MB, solutions = 2)
    106    72      653.9062    86      648.0405      656.2780    64399    1.27%
    110    76      652.1964    88      648.0405      656.2780    66350    1.27%
    115    81      650.9793    92      648.0405      656.2780    67878    1.27%
    119    85      648.5936    72      648.0405      656.2780    70290    1.27%
    124    86      655.5214   104      648.0405      656.2147    72194    1.26%
    128    90      653.2252    58      648.0405      656.2147    73981    1.26%
    132    94      652.5595    56      648.0405      656.2147    76151    1.26%
    138   100      648.5746    18      648.0405      656.2147    78229    1.26%
    143   101      654.4498    96      648.0405      655.9079    80024    1.21%
    146   104      652.8789    96      648.0405      655.9079    81666    1.21%
Elapsed time = 50.58 sec. (48529.68 ticks, tree = 1.49 MB, solutions = 2)
    150   108      651.6892    96      648.0405      655.9079    83745    1.21%
    153   111      650.5335    84      648.0405      655.9079    86576    1.21%
    156   114      649.4089    88      648.0405      655.9079    88637    1.21%
    161   117      648.3273    88      648.0405      655.9079    90458    1.21%
    167   119      653.7816    98      648.0405      655.7377    92050    1.19%
    170   122      652.4476   100      648.0405      655.7377    94639    1.19%
    173   125      650.5735    84      648.0405      655.7377    96980    1.19%
    177   129      648.4473    74      648.0405      655.7377    98907    1.19%
    182   130      654.4266   100      648.0405      655.6229   101082    1.17%
    185   133      653.5234   102      648.0405      655.6229   102800    1.17%
Elapsed time = 62.72 sec. (60860.14 ticks, tree = 2.43 MB, solutions = 2)
    188   136      651.0565    72      648.0405      655.6229   105111    1.17%
    191   139      650.0141    86      648.0405      655.6229   107204    1.17%
    195   143      648.1177    66      648.0405      655.6229   109375    1.17%
    198   142      654.4495   100      648.0405      655.5213   111460    1.15%
    200   144      653.7440   108      648.0405      655.5213   113634    1.15%
    204   148      651.9097   114      648.0405      655.5213   115390    1.15%
    207   151      651.0366   106      648.0405      655.5213   116981    1.15%
    211   155      648.7888    82      648.0405      655.5213   119537    1.15%
    217   157      654.6596    76      648.0405      655.5213   121685    1.15%
    220   160      653.7870    80      648.0405      655.5213   123611    1.15%
Elapsed time = 77.16 sec. (75799.73 ticks, tree = 3.02 MB, solutions = 2)
    222   162      652.9232    70      648.0405      655.5213   125649    1.15%
    226   166      650.9589    48      648.0405      655.5213   126985    1.15%
    233   173      649.3556    32      648.0405      655.5213   128697    1.15%
    240   176      654.3529    98      648.0405      655.1121   130852    1.09%
    244   180      652.5754   106      648.0405      655.1121   132638    1.09%
    248   184      651.0814   110      648.0405      655.1121   134456    1.09%
    251   187      650.4515   118      648.0405      655.1121   136372    1.09%
    254   190      649.4214    96      648.0405      655.1121   138046    1.09%
    258   190      654.0515    86      648.0405      655.0208   139980    1.08%
    260   192      653.0405    84      648.0405      655.0208   141337    1.08%
Elapsed time = 92.43 sec. (91693.79 ticks, tree = 4.67 MB, solutions = 2)
    263   195      651.5168    92      648.0405      655.0208   142949    1.08%
    267   199      650.0569    98      648.0405      655.0208   144938    1.08%
    271   203      649.0228    92      648.0405      655.0208   146582    1.08%
    276   204      653.6861    86      648.0405      654.8738   148471    1.05%
    278   206      653.0201    92      648.0405      654.8738   150441    1.05%
    280   208      652.0153    90      648.0405      654.8738   151892    1.05%
    283   211      650.2387    86      648.0405      654.8738   153309    1.05%
    288   216      648.5422    78      648.0405      654.8738   156253    1.05%
    291   215      652.8304    78      648.0405      654.8281   158595    1.05%
    297   221      651.0250    74      648.0405      654.8281   160270    1.05%
Elapsed time = 103.78 sec. (104365.27 ticks, tree = 5.39 MB, solutions = 2)
    300   224      649.9365    78      648.0405      654.8281   161303    1.05%
    306   228      648.4627    70      648.0405      654.8281   163030    1.05%
    310   228      653.2023    96      648.0405      654.7485   164776    1.04%
    314   232      651.3332    88      648.0405      654.7485   166937    1.04%
    318   236      648.6606    52      648.0405      654.7485   168889    1.04%
    323   235      654.0381    92      648.0405      654.7485   170995    1.04%
    326   238      652.4135    84      648.0405      654.7485   172908    1.04%
    331   243      651.5287    84      648.0405      654.7485   174257    1.04%
    337   249      649.6014    84      648.0405      654.7485   176373    1.04%
    343   249        cutoff            648.0405      654.7485   178177    1.04%
Elapsed time = 115.95 sec. (116312.94 ticks, tree = 6.50 MB, solutions = 2)
    348   254      651.5194    78      648.0405      654.7478   179976    1.04%
    353   259      649.0575    70      648.0405      654.7478   181659    1.04%
    359   261      652.9965    68      648.0405      654.7448   183311    1.03%
    360   262      651.6848    58      648.0405      654.7448   183889    1.03%
    367   269      649.3761    52      648.0405      654.7448   185661    1.03%
    374   272      653.8827    82      648.0405      654.7274   187398    1.03%
    380   278      652.0780    88      648.0405      654.7274   189095    1.03%
    385   283      649.9141    72      648.0405      654.7274   190769    1.03%
    391   285      653.5578    88      648.0405      654.5061   192658    1.00%
*   400+  274                          648.7851      654.5061             0.88%
    403   276      652.8409   100      648.7851      654.4497   198107    0.87%
Elapsed time = 130.24 sec. (130393.50 ticks, tree = 8.21 MB, solutions = 3)
    417   286      652.2122    76      648.7851      654.4494   203591    0.87%
    437   302      650.0063    68      648.7851      654.4492   209166    0.87%
    450   309      651.8535   100      648.7851      654.4414   214387    0.87%
    466   319      650.2580    62      648.7851      654.4239   220357    0.87%
    484   331      649.4920    60      648.7851      654.3710   225300    0.86%
    490   333      652.8114    88      648.7851      654.3507   228977    0.86%
    502   343        cutoff            648.7851      654.3507   234201    0.86%
    510   349      650.0734    96      648.7851      654.2974   239378    0.85%
    520   355      652.1637    92      648.7851      654.2871   243064    0.85%
    530   361      652.9365    94      648.7851      654.2140   248369    0.84%
Elapsed time = 174.99 sec. (175929.80 ticks, tree = 10.56 MB, solutions = 3)
    547   374      651.6219    68      648.7851      654.1385   254656    0.83%
    562   385      650.6013    98      648.7851      654.1144   260459    0.82%
    574   391      651.1038    94      648.7851      654.1077   267485    0.82%
    590   403      650.2382    78      648.7851      654.0490   273341    0.81%
    603   410      649.2755    46      648.7851      654.0373   279158    0.81%
    622   419      651.6209    60      648.7851      653.9630   286599    0.80%
    640   433      650.4974   100      648.7851      653.9045   291734    0.79%
    655   444      650.3273    66      648.7851      653.8868   297506    0.79%
    672   453      652.4435    76      648.7851      653.8486   304143    0.78%
    690   467      650.4702    90      648.7851      653.8455   309208    0.78%
Elapsed time = 214.16 sec. (216002.50 ticks, tree = 15.19 MB, solutions = 3)
    706   477      650.7691    82      648.7851      653.8455   314622    0.78%
    724   487      651.4112    78      648.7851      653.7862   321596    0.77%
    742   500      649.2828    66      648.7851      653.7840   327515    0.77%
    760   510      652.6518    82      648.7851      653.7440   332246    0.76%
    789   531      652.4165    88      648.7851      653.7306   338958    0.76%
    800   538      652.2052    96      648.7851      653.7124   344023    0.76%
    819   549        cutoff            648.7851      653.6858   350082    0.76%
*   820+  525                          649.1035      653.6858             0.71%
    828   531      652.6281    74      649.1035      653.6646   353380    0.70%
    840   539      652.4246    86      649.1035      653.6267   357302    0.70%
    862   553      650.5728    56      649.1035      653.5820   362385    0.69%
Elapsed time = 254.66 sec. (257698.86 ticks, tree = 20.16 MB, solutions = 4)
    881   562      652.2940    68      649.1035      653.5231   366818    0.68%
    897   574      650.7448    84      649.1035      653.4852   372494    0.68%
    910   583      651.8182    98      649.1035      653.4826   376705    0.67%
    931   592      652.8473    78      649.1035      653.4814   382255    0.67%
    954   609      650.6217    72      649.1035      653.4670   388207    0.67%
    975   622      649.9285    60      649.1035      653.4415   394736    0.67%

Performing restart 1

Repeating presolve.
Tried aggregator 1 time.
MIP Presolve eliminated 727 rows and 421 columns.
MIP Presolve modified 218 coefficients.
Reduced MIP has 1846 rows, 2774 columns, and 106897 nonzeros.
Reduced MIP has 740 binaries, 434 generals, 0 SOSs, and 0 indicators.
Presolve time = 0.04 sec. (25.47 ticks)
Tried aggregator 1 time.
Reduced MIP has 1846 rows, 2774 columns, and 106897 nonzeros.
Reduced MIP has 740 binaries, 434 generals, 0 SOSs, and 0 indicators.
Presolve time = 0.03 sec. (21.34 ticks)
Represolve time = 0.23 sec. (216.98 ticks)
    977     0      656.6354   120      649.1035      Cuts: 15   404709    0.67%
    977     0      656.6112   118      649.1035    MIRcuts: 8   404796    0.67%
    977     0      656.6072   116      649.1035    MIRcuts: 6   404824    0.67%
    977     0      656.6070   116      649.1035    MIRcuts: 3   404834    0.67%
    977     0      656.6060   108      649.1035    MIRcuts: 2   404854    0.67%
    977     0      656.6048   110      649.1035    MIRcuts: 2   404876    0.67%
    977     2      656.5677   116      649.1035      653.4415   404876    0.67%
    978     3      656.3757   124      649.1035      653.4415   405648    0.67%
    979     4      656.1908   116      649.1035      653.4415   406057    0.67%
    980     5      656.0470   112      649.1035      653.4415   406500    0.67%
Elapsed time = 308.57 sec. (322018.51 ticks, tree = 0.01 MB, solutions = 4)
    981     6      655.6261   104      649.1035      653.4415   406896    0.67%
    987    12      655.4539    96      649.1035      653.4415   410972    0.67%
    994    19      652.9588    68      649.1035      653.4415   414314    0.67%
   1002    27      653.5266    78      649.1035      653.4415   416775    0.67%
   1017    42      651.4535    52      649.1035      653.4415   420700    0.67%
   1040    63      649.8789    34      649.1035      653.4415   425257    0.67%
   1058    68      655.6762   106      649.1035      653.4415   427437    0.67%
   1069    79      654.7553    94      649.1035      653.4415   432296    0.67%
   1082    92      652.9545    76      649.1035      653.4415   436561    0.67%
   1096   106      650.5637    84      649.1035      653.4415   441626    0.67%
Elapsed time = 335.33 sec. (363120.23 ticks, tree = 0.42 MB, solutions = 4)
   1112   122      650.9400    70      649.1035      653.4415   446120    0.67%
   1125   132      649.7640    50      649.1035      653.4415   448605    0.67%
   1164   154      653.4519    96      649.1035      653.4415   452305    0.67%
   1186   176      651.1902    94      649.1035      653.4415   455543    0.67%
   1210   195      649.3896    78      649.1035      653.4415   458009    0.67%
   1236   216      652.6293    80      649.1035      653.4415   462781    0.67%
   1269   248      649.4531    48      649.1035      653.4415   466040    0.67%
   1298   272      651.9583    86      649.1035      653.4415   470459    0.67%
   1334   302      652.0430    38      649.1035      653.4415   476576    0.67%
   1377   327      653.8365    82      649.1035      653.4415   481848    0.67%
Elapsed time = 368.11 sec. (404971.82 ticks, tree = 3.10 MB, solutions = 4)
   1412   360      649.6111    72      649.1035      653.4415   486312    0.67%
   1445   389      651.8180    90      649.1035      653.4415   491123    0.67%
   1467   409      649.8090    72      649.1035      653.4415   494133    0.67%
   1497   435      651.2484    66      649.1035      653.4415   499728    0.67%
   1543   477      652.3164    72      649.1035      653.4415   505317    0.67%
   1577   509      649.6391    62      649.1035      653.4415   508850    0.67%
   1602   530      652.1242    76      649.1035      653.4415   515281    0.67%
   1637   553        cutoff            649.1035      653.4415   521096    0.67%
   1670   584      651.5027    92      649.1035      653.4415   526105    0.67%
   1705   614      654.5700    98      649.1035      653.4415   530321    0.67%
Elapsed time = 403.10 sec. (445544.75 ticks, tree = 6.48 MB, solutions = 4)
   1740   649      650.1898    90      649.1035      653.4415   535766    0.67%
   1777   682      652.0530    72      649.1035      653.4415   540376    0.67%
   1819   720      652.4134    90      649.1035      653.4415   546137    0.67%
   1857   754      652.7778    74      649.1035      653.4415   552546    0.67%
   1888   775      654.0074    88      649.1035      653.4415   559320    0.67%
   1917   804      649.7550    78      649.1035      653.4415   563945    0.67%
   1943   826      649.8890    74      649.1035      653.4415   567844    0.67%
   1965   844      649.5921    44      649.1035      653.4415   573268    0.67%
   1994   868      650.1100    98      649.1035      653.4415   578708    0.67%
   2017   887      653.1042    82      649.1035      653.4415   583036    0.67%
Elapsed time = 440.15 sec. (488201.10 ticks, tree = 13.54 MB, solutions = 4)
   2041   910      649.6575    52      649.1035      653.4415   588310    0.67%
   2078   936      649.8902    76      649.1035      653.4415   593482    0.67%
   2104   958      651.3478    94      649.1035      653.4415   598629    0.67%
   2121   971      654.3134    78      649.1035      653.4415   604775    0.67%
   2147   996      649.3168    72      649.1035      653.4415   609870    0.67%
   2171  1012        cutoff            649.1035      653.4415   615012    0.67%
   2187  1026        cutoff            649.1035      653.4415   620301    0.67%
   2226  1055        cutoff            649.1035      653.4415   625707    0.67%
   2257  1080      650.7082    90      649.1035      653.4415   630565    0.67%
   2287  1106      651.2106    74      649.1035      653.4415   635768    0.67%
Elapsed time = 474.59 sec. (528091.23 ticks, tree = 17.62 MB, solutions = 4)
   2311  1125      652.3755    62      649.1035      653.4415   640590    0.67%
   2339  1147      653.4282    80      649.1035      653.4415   645872    0.67%
   2360  1168      650.2265    46      649.1035      653.4415   651596    0.67%
   2388  1181      652.9825   112      649.1035      653.4415   656286    0.67%
   2407  1200      649.8945   110      649.1035      653.4415   661822    0.67%
   2417  1206      653.1953   108      649.1035      653.4415   665369    0.67%
   2444  1229      654.2986    92      649.1035      653.4415   670880    0.67%
   2471  1252      653.2174   102      649.1035      653.4415   676357    0.67%
   2496  1274      649.6043    96      649.1035      653.4415   681439    0.67%
   2511  1285      650.6453    70      649.1035      653.4415   686998    0.67%
Elapsed time = 508.23 sec. (568001.91 ticks, tree = 21.44 MB, solutions = 4)
   2536  1306      651.3575    74      649.1035      653.4415   692077    0.67%
   2568  1334      650.8953    56      649.1035      653.4415   697357    0.67%
   2605  1363      650.8315    70      649.1035      653.4415   702526    0.67%
   2636  1390      651.0278    66      649.1035      653.4415   707738    0.67%
   2656  1406      651.9907    66      649.1035      653.4415   712428    0.67%
   2671  1421      651.0698    44      649.1035      653.4415   717514    0.67%
   2723  1450      652.7590    78      649.1035      653.4415   722434    0.67%
   2761  1478      653.4662    62      649.1035      653.4415   728741    0.67%
   2787  1500      653.0413    68      649.1035      653.4415   733660    0.67%
   2818  1527      652.5283    96      649.1035      653.4415   738987    0.67%
Elapsed time = 541.96 sec. (607834.13 ticks, tree = 26.68 MB, solutions = 4)
   2849  1552      653.7767    88      649.1035      653.4415   744304    0.67%
   2868  1571      649.7776    56      649.1035      653.4415   750181    0.67%
   2907  1604      649.2680    66      649.1035      653.4415   756046    0.67%
   2934  1623      653.5360    82      649.1035      653.4415   761610    0.67%
   2967  1652      653.1447    84      649.1035      653.4415   767475    0.67%
   2991  1672      652.8367    66      649.1035      653.4415   773151    0.67%
   3021  1694      651.0234    62      649.1035      653.4415   778280    0.67%
   3047  1717      650.8646    78      649.1035      653.4415   784043    0.67%
   3092  1754      650.8047    68      649.1035      653.4415   789481    0.67%
   3125  1783      649.6214    74      649.1035      653.4415   794858    0.67%
Elapsed time = 575.93 sec. (647361.86 ticks, tree = 32.39 MB, solutions = 4)
   3146  1798      649.1131    58      649.1035      653.4415   800769    0.67%
   3184  1814      650.3311    48      649.1035      653.4415   805864    0.67%
   3212  1836      650.3796    80      649.1035      653.4415   811201    0.67%
   3250  1870      649.7152    64      649.1035      653.4415   816539    0.67%
   3288  1902      650.5963    78      649.1035      653.4415   821550    0.67%
   3315  1921      652.8394    60      649.1035      653.4415   827064    0.67%
   3337  1941      649.5688    38      649.1035      653.4415   832365    0.67%
   3370  1966      650.0140    98      649.1035      653.4415   838055    0.67%
   3405  1993      653.2253    82      649.1035      653.4415   843558    0.67%
   3430  2014      652.8681    92      649.1035      653.4415   848872    0.67%
Elapsed time = 609.61 sec. (686531.92 ticks, tree = 37.21 MB, solutions = 4)
   3460  2040      653.9057    96      649.1035      653.4415   854375    0.67%
   3487  2063      650.7713    74      649.1035      653.4415   859659    0.67%
   3530  2102      649.3521    62      649.1035      653.4415   865480    0.67%
   3558  2126      649.5817    70      649.1035      653.4415   870929    0.67%
   3602  2162      652.5881    88      649.1035      653.4415   876965    0.67%
   3631  2185      652.2567    76      649.1035      653.4415   882135    0.67%
   3668  2216      652.7061    78      649.1035      653.4415   887425    0.67%
   3701  2245      650.5161    56      649.1035      653.4415   892646    0.67%
   3740  2276      651.5805    60      649.1035      653.4415   897846    0.67%
   3774  2306      650.6042    46      649.1035      653.4415   903326    0.67%
Elapsed time = 643.72 sec. (725898.35 ticks, tree = 43.57 MB, solutions = 4)
   3806  2328      649.3376    84      649.1035      653.4415   908073    0.67%
   3837  2355      649.3295    56      649.1035      653.4415   913594    0.67%
   3870  2384      650.4270    44      649.1035      653.4415   918515    0.67%
   3909  2417      650.5302    94      649.1035      653.4415   924087    0.67%
   3936  2440      649.4920    36      649.1035      653.4415   929455    0.67%
   3971  2471      650.3723    76      649.1035      653.4415   934872    0.67%
   4014  2508      650.4708    64      649.1035      653.4415   940126    0.67%
   4057  2545      649.8643    76      649.1035      653.4415   945372    0.67%
   4079  2563      650.4617    76      649.1035      653.4415   950496    0.67%
   4111  2587      652.2411    64      649.1035      653.4415   955955    0.67%
Elapsed time = 677.39 sec. (764722.14 ticks, tree = 51.18 MB, solutions = 4)
   4146  2618      651.6166    72      649.1035      653.4415   961710    0.67%
   4173  2639      651.7266    68      649.1035      653.4415   966584    0.67%
   4200  2662      651.6447    88      649.1035      653.4415   971266    0.67%
   4232  2688      652.3416    86      649.1035      653.4415   977176    0.67%
   4252  2704      651.3047    76      649.1035      653.4415   982769    0.67%
   4282  2730      650.6806    62      649.1035      653.4415   987375    0.67%
   4317  2757      651.7545    50      649.1035      653.4415   993015    0.67%
   4342  2778      651.5843    80      649.1035      653.4415   998876    0.67%
   4375  2794      653.7119    72      649.1035      653.4415  1004653    0.67%
   4410  2825      649.3263    82      649.1035      653.4415  1010057    0.67%
Elapsed time = 711.35 sec. (803821.35 ticks, tree = 54.99 MB, solutions = 4)
   4447  2854      649.6323    64      649.1035      653.4415  1015202    0.67%
   4476  2879      650.8765    74      649.1035      653.4415  1020225    0.67%
   4513  2910      650.8231    82      649.1035      653.4415  1025682    0.67%
   4540  2929      651.8721    70      649.1035      653.4415  1030723    0.67%
   4567  2950      651.2169    54      649.1035      653.4415  1036379    0.67%
   4609  2988      650.2475    84      649.1035      653.4415  1041787    0.67%
   4642  3015      650.4306    74      649.1035      653.4415  1046614    0.67%
   4679  3046      651.8837    84      649.1035      653.4415  1051511    0.67%
   4705  3068      651.4791    52      649.1035      653.4415  1056545    0.67%
   4731  3088      649.4286    54      649.1035      653.4415  1062060    0.67%
Elapsed time = 744.78 sec. (842672.03 ticks, tree = 60.27 MB, solutions = 4)
   4765  3114      652.5744    90      649.1035      653.4415  1067522    0.67%
   4804  3149      652.5228    74      649.1035      653.4415  1072920    0.67%
   4835  3174      651.1190    76      649.1035      653.4415  1078431    0.67%
   4871  3192      652.2810    72      649.1035      653.4415  1084262    0.67%
   4908  3224      650.3609    68      649.1035      653.4415  1089408    0.67%
   4952  3258      653.1035    82      649.1035      653.4415  1094789    0.67%
   4976  3278      651.4427    62      649.1035      653.4415  1100062    0.67%
   5009  3301      650.5631    76      649.1035      653.4415  1105552    0.67%
   5045  3330      652.3728    76      649.1035      653.4415  1111572    0.67%
   5064  3345      652.4584    74      649.1035      653.4415  1117203    0.67%
Elapsed time = 778.64 sec. (882325.09 ticks, tree = 68.12 MB, solutions = 4)
   5094  3371      652.5568    92      649.1035      653.4415  1122448    0.67%
   5123  3390      649.3708    66      649.1035      653.4415  1128087    0.67%
   5159  3414      652.0594    62      649.1035      653.4415  1133228    0.67%
   5204  3453      650.5291    66      649.1035      653.4415  1138742    0.67%
   5236  3481      649.7615    78      649.1035      653.4415  1144551    0.67%
   5267  3498        cutoff            649.1035      653.4415  1149954    0.67%
   5297  3522      652.5521    64      649.1035      653.4415  1155120    0.67%
   5336  3555      651.0752    70      649.1035      653.4415  1160637    0.67%
   5370  3585      649.6491    86      649.1035      653.4415  1166140    0.67%
   5382  3593      651.6347    82      649.1035      653.4415  1169000    0.67%
Elapsed time = 812.54 sec. (921159.59 ticks, tree = 74.46 MB, solutions = 4)
   5403  3610        cutoff            649.1035      653.4415  1174562    0.67%
   5441  3638      652.1767    76      649.1035      653.4415  1180572    0.67%
   5473  3666      650.4744    66      649.1035      653.4415  1185922    0.67%
   5502  3689      650.8576    70      649.1035      653.4415  1191247    0.67%
   5522  3705      650.5964    62      649.1035      653.4415  1195955    0.67%
   5557  3730      649.9313    66      649.1035      653.4415  1201302    0.67%
   5596  3759      649.9840    68      649.1035      653.4415  1206558    0.67%
   5628  3785      650.6320    88      649.1035      653.4415  1211534    0.67%
   5667  3820      650.1678    56      649.1035      653.4415  1216989    0.67%
   5704  3849        cutoff            649.1035      653.4415  1222251    0.67%
Elapsed time = 845.87 sec. (960238.25 ticks, tree = 77.75 MB, solutions = 4)
   5739  3872      651.7607    84      649.1035      653.4415  1227343    0.67%
   5766  3891      652.6766    96      649.1035      653.4415  1233380    0.67%
   5789  3910        cutoff            649.1035      653.4415  1238570    0.67%
   5810  3925      649.5153    44      649.1035      653.4415  1243557    0.67%
   5847  3956      649.4052    84      649.1035      653.4415  1248839    0.67%
   5884  3983      651.9809    72      649.1035      653.4415  1254440    0.67%
   5917  4012      650.6596    76      649.1035      653.4415  1259512    0.67%
   5940  4029      650.5934    52      649.1035      653.4415  1264317    0.67%
   5969  4048      651.6474    64      649.1035      653.4415  1269232    0.67%
   6009  4080      652.6395    72      649.1035      653.4415  1275624    0.67%
Elapsed time = 880.18 sec. (1000043.14 ticks, tree = 81.96 MB, solutions = 4)
   6045  4112      650.6319    38      649.1035      653.4415  1280896    0.67%
   6081  4136      652.1793    78      649.1035      653.4415  1285947    0.67%
   6111  4160      649.8987    56      649.1035      653.4415  1291566    0.67%
   6135  4180      650.3894    56      649.1035      653.4415  1296255    0.67%
   6168  4210      649.8291    76      649.1035      653.4415  1301933    0.67%
   6198  4229      650.4197    66      649.1035      653.4415  1307173    0.67%
   6217  4244      650.1502    70      649.1035      653.4415  1312057    0.67%
   6261  4280      649.7581    86      649.1035      653.4415  1317348    0.67%
   6302  4317      649.5192    66      649.1035      653.4415  1322481    0.67%
   6328  4331      651.6611    74      649.1035      653.4415  1327621    0.67%
Elapsed time = 912.31 sec. (1038573.77 ticks, tree = 88.74 MB, solutions = 4)
   6370  4366      651.9846    80      649.1035      653.4415  1333368    0.67%
   6403  4395      652.2744    98      649.1035      653.4415  1338971    0.67%
   6433  4421      651.1345    56      649.1035      653.4415  1344149    0.67%
   6467  4441      652.4538    90      649.1035      653.4415  1349211    0.67%
   6498  4466      651.2915    68      649.1035      653.4415  1354467    0.67%
   6530  4492      649.4656    70      649.1035      653.4415  1359870    0.67%
   6553  4505      651.9035    72      649.1035      653.4415  1365043    0.67%
   6592  4540      649.7656    60      649.1035      653.4415  1370206    0.67%
   6620  4561      651.3627    60      649.1035      653.4415  1375539    0.67%
   6645  4576      652.0516    76      649.1035      653.4415  1380741    0.67%
Elapsed time = 945.50 sec. (1078664.81 ticks, tree = 95.00 MB, solutions = 4)
   6680  4607      651.0185    68      649.1035      653.4415  1386070    0.67%
   6724  4647      650.1564    68      649.1035      653.4415  1391189    0.67%
   6764  4677      651.4891    72      649.1035      653.4415  1397140    0.67%
   6786  4691      650.0038    78      649.1035      653.4415  1402154    0.67%
   6821  4718      651.9790    78      649.1035      653.4415  1407845    0.67%
   6855  4746      649.8978    48      649.1035      653.4415  1413298    0.67%
   6907  4778        cutoff            649.1035      653.4415  1418389    0.67%
   6942  4795      652.3880    68      649.1035      653.4415  1424006    0.67%
   6977  4826      650.5808    76      649.1035      653.4415  1428634    0.67%
   7011  4854      651.6805    88      649.1035      653.4415  1433861    0.67%
Elapsed time = 978.34 sec. (1118240.17 ticks, tree = 102.18 MB, solutions = 4)
   7055  4884      649.3757    60      649.1035      653.4415  1439511    0.67%
   7093  4914      650.5540    40      649.1035      653.4415  1444606    0.67%
   7137  4954      649.2150    58      649.1035      653.4415  1450046    0.67%
   7176  4971      652.5359    74      649.1035      653.4415  1455273    0.67%
   7208  4995      651.1555    52      649.1035      653.4415  1460709    0.67%
   7245  5024      649.6326    62      649.1035      653.4415  1466085    0.67%
   7282  5041      650.2612    86      649.1035      653.4415  1471746    0.67%
   7308  5061      650.5357    58      649.1035      653.4415  1476571    0.67%
   7360  5103      651.8524    62      649.1035      653.4415  1482301    0.67%
   7391  5126      649.5725    64      649.1035      653.4415  1487671    0.67%
Elapsed time = 1010.90 sec. (1157099.61 ticks, tree = 110.90 MB, solutions = 4)
   7429  5148      651.8189    82      649.1035      653.4415  1493991    0.67%
   7460  5175      649.6910    70      649.1035      653.4415  1499336    0.67%
   7509  5206      650.9748    70      649.1035      653.4415  1505266    0.67%
   7535  5226      649.9253    76      649.1035      653.4415  1510149    0.67%
   7573  5258      649.3811    72      649.1035      653.4415  1515618    0.67%
   7614  5285      651.7613    82      649.1035      653.4415  1521485    0.67%
   7642  5307        cutoff            649.1035      653.4415  1526690    0.67%
   7683  5334      651.2795    74      649.1035      653.4415  1532125    0.67%
   7724  5371      650.4644    76      649.1035      653.4415  1537462    0.67%
   7760  5399      651.9500    94      649.1035      653.4415  1542786    0.67%
Elapsed time = 1044.54 sec. (1197293.96 ticks, tree = 116.63 MB, solutions = 4)
   7793  5418      650.7648    76      649.1035      653.4415  1548065    0.67%
   7830  5445      650.6417    80      649.1035      653.4415  1553680    0.67%
   7861  5470      649.8056    62      649.1035      653.4415  1558906    0.67%
   7890  5489      650.6455    68      649.1035      653.4415  1563893    0.67%
   7926  5503      651.0699    62      649.1035      653.4415  1569116    0.67%
   7962  5531      651.5281    68      649.1035      653.4415  1574424    0.67%
   7999  5557      651.5350    56      649.1035      653.4415  1580563    0.67%
   8041  5591      650.2684    66      649.1035      653.4415  1585984    0.67%
   8079  5623      649.6108    78      649.1035      653.4415  1591056    0.67%
   8107  5645      649.3989    42      649.1035      653.4415  1596312    0.67%
Elapsed time = 1076.76 sec. (1236216.01 ticks, tree = 122.29 MB, solutions = 4)
   8150  5670      649.8877    70      649.1035      653.4415  1601638    0.67%
   8182  5692      651.3758    60      649.1035      653.4415  1606607    0.67%
   8211  5715      649.4559    54      649.1035      653.4415  1612096    0.67%
   8241  5737      649.1737    64      649.1035      653.4415  1617253    0.67%
   8276  5764      650.9467    42      649.1035      653.4415  1622425    0.67%
   8320  5792      652.6833    66      649.1035      653.4415  1628201    0.67%
   8358  5824      649.7601    60      649.1035      653.4415  1633578    0.67%
   8386  5844      651.9367    70      649.1035      653.4415  1638899    0.67%
   8419  5871      651.3562    92      649.1035      653.4415  1644440    0.67%
   8444  5888      651.0059    34      649.1035      653.4415  1649673    0.67%
Elapsed time = 1109.02 sec. (1275188.89 ticks, tree = 126.68 MB, solutions = 4)
   8487  5917      651.6053    82      649.1035      653.4415  1654662    0.67%
   8522  5944      649.2580    56      649.1035      653.4415  1660181    0.67%
   8559  5973      652.4146    94      649.1035      653.4415  1665495    0.67%
   8583  5993      650.9314    48      649.1035      653.4415  1670876    0.67%
   8632  6030      651.5568    68      649.1035      653.4415  1676503    0.67%
   8664  6056      649.3083    48      649.1035      653.4415  1681598    0.67%
   8702  6080      650.0738    38      649.1035      653.4415  1687057    0.67%
   8756  6114      650.6374    74      649.1035      653.4415  1692309    0.67%
   8793  6137      651.0050    64      649.1035      653.4392  1697678    0.67%
   8818  6156      650.6563    66      649.1035      653.4387  1702759    0.67%
Elapsed time = 1141.54 sec. (1314275.18 ticks, tree = 133.73 MB, solutions = 4)
   8853  6175      652.7127    64      649.1035      653.4367  1707786    0.67%
   8884  6202      650.5968    64      649.1035      653.4339  1712800    0.67%
   8935  6239      652.2159    76      649.1035      653.4321  1718633    0.67%
   8955  6251      652.4164    68      649.1035      653.4320  1723727    0.67%
   8996  6286        cutoff            649.1035      653.4272  1728687    0.67%
   9030  6310      652.9964    80      649.1035      653.4256  1734019    0.67%
   9064  6338      650.4078    34      649.1035      653.4228  1739432    0.67%
   9127  6377      650.2385    58      649.1035      653.4189  1744749    0.66%
   9161  6401      651.7589    62      649.1035      653.4168  1750274    0.66%
   9189  6421      650.4335    78      649.1035      653.4073  1755720    0.66%
Elapsed time = 1173.74 sec. (1353691.81 ticks, tree = 140.18 MB, solutions = 4)
   9212  6426      651.5077    72      649.1035      653.4038  1760223    0.66%
   9254  6460      649.4295    48      649.1035      653.3988  1765885    0.66%
   9290  6488      649.3958    70      649.1035      653.3936  1771495    0.66%
   9309  6503      649.8501    58      649.1035      653.3923  1776336    0.66%
   9349  6529      649.2552    36      649.1035      653.3893  1781837    0.66%
   9382  6552        cutoff            649.1035      653.3853  1786063    0.66%
   9427  6581        cutoff            649.1035      653.3834  1791303    0.66%
   9458  6604      649.5384    62      649.1035      653.3823  1796747    0.66%
   9489  6625      651.6389    78      649.1035      653.3801  1802428    0.66%
   9518  6650      649.7982    68      649.1035      653.3735  1808093    0.66%
Elapsed time = 1205.68 sec. (1392817.57 ticks, tree = 143.62 MB, solutions = 4)
   9554  6672      651.6286    72      649.1035      653.3696  1813121    0.66%
   9594  6706      649.9962    96      649.1035      653.3687  1818562    0.66%
   9623  6727      651.7765    68      649.1035      653.3639  1823705    0.66%
   9657  6755      649.2705    32      649.1035      653.3606  1828863    0.66%
   9699  6779      651.0023    70      649.1035      653.3571  1833594    0.66%
   9728  6798        cutoff            649.1035      653.3522  1838941    0.65%
   9750  6812        cutoff            649.1035      653.3479  1844330    0.65%
   9788  6838      652.2616    54      649.1035      653.3385  1849816    0.65%
   9833  6873      650.3399    58      649.1035      653.3371  1855189    0.65%
   9862  6894      650.3977    56      649.1035      653.3314  1860512    0.65%
Elapsed time = 1237.57 sec. (1431767.73 ticks, tree = 150.53 MB, solutions = 4)
   9891  6911        cutoff            649.1035      653.3302  1866160    0.65%
   9931  6939        cutoff            649.1035      653.3292  1871768    0.65%
   9965  6967      651.5904    58      649.1035      653.3203  1876802    0.65%
   9990  6988      650.0235    58      649.1035      653.3195  1881823    0.65%
  10034  7021      651.8092    84      649.1035      653.3169  1888240    0.65%
  10069  7048      651.9901    56      649.1035      653.3131  1893667    0.65%
  10105  7078      649.8837    38      649.1035      653.3128  1899374    0.65%
  10150  7111      650.7664    82      649.1035      653.3073  1904916    0.65%
  10191  7138      651.7673    90      649.1035      653.3061  1910218    0.65%
  10226  7167      651.0109    80      649.1035      653.3059  1915634    0.65%
Elapsed time = 1270.46 sec. (1471105.16 ticks, tree = 158.03 MB, solutions = 4)
  10266  7191      650.9061    64      649.1035      653.2998  1921156    0.65%
  10314  7229      651.9509    90      649.1035      653.2977  1926933    0.65%
  10317  7232      651.8938    76      649.1035      653.2977  1927177    0.65%
  10318  7233      652.0795    64      649.1035      653.2966  1927654    0.65%
  10319  7234      651.7724    56      649.1035      653.2948  1928209    0.65%

Performing restart 2

Repeating presolve.
Tried aggregator 1 time.
MIP Presolve eliminated 36 rows and 70 columns.
MIP Presolve modified 18 coefficients.
Reduced MIP has 1810 rows, 2704 columns, and 104233 nonzeros.
Reduced MIP has 689 binaries, 417 generals, 0 SOSs, and 0 indicators.
Presolve time = 0.03 sec. (23.63 ticks)
Tried aggregator 1 time.
Reduced MIP has 1810 rows, 2704 columns, and 104233 nonzeros.
Reduced MIP has 689 binaries, 417 generals, 0 SOSs, and 0 indicators.
Presolve time = 0.03 sec. (20.77 ticks)
Represolve time = 0.26 sec. (224.67 ticks)
  10320     0      656.5341   128      649.1035       Cuts: 6  1933826    0.65%
  10320     0      656.5321   116      649.1035    MIRcuts: 6  1933857    0.65%
  10320     2      656.5273   118      649.1035      653.2948  1933857    0.65%
  10321     3      656.4419   112      649.1035      653.2948  1934313    0.65%
  10323     5      656.2820   114      649.1035      653.2948  1935357    0.65%
  10330    12      654.2787    96      649.1035      653.2948  1940238    0.65%
  10339    21      654.7822    92      649.1035      653.2948  1944757    0.65%
Elapsed time = 1337.07 sec. (1554944.71 ticks, tree = 0.18 MB, solutions = 4)
  10351    33      652.6457    66      649.1035      653.2948  1949935    0.65%
  10375    48      655.4309    88      649.1035      653.2948  1953569    0.65%
  10391    64      652.3220    66      649.1035      653.2948  1957974    0.65%
  10410    75      654.3491   100      649.1035      653.2948  1961678    0.65%
  10426    91      650.7866    68      649.1035      653.2948  1966739    0.65%
  10440   100      654.0338    96      649.1035      653.2948  1969643    0.65%
  10460   117      649.8345    80      649.1035      653.2948  1973008    0.65%
  10480   128      654.7739    94      649.1035      653.2948  1975853    0.65%
  10510   153      655.3047   104      649.1035      653.2948  1980876    0.65%
  10529   172      651.6081    66      649.1035      653.2948  1986959    0.65%
Elapsed time = 1370.38 sec. (1597441.01 ticks, tree = 3.25 MB, solutions = 4)
  10544   185      649.1998    62      649.1035      653.2948  1991181    0.65%
  10574   205      655.4112    98      649.1035      653.2948  1995827    0.65%
  10589   220      652.5086    92      649.1035      653.2948  1998884    0.65%
  10609   236      654.0861    82      649.1035      653.2948  2003261    0.65%
  10645   268      653.8571    90      649.1035      653.2948  2008445    0.65%
  10669   287      653.8602    78      649.1035      653.2948  2013254    0.65%
  10686   304      650.5725    42      649.1035      653.2948  2018922    0.65%
  10718   322      653.0352    76      649.1035      653.2948  2024305    0.65%
  10747   347      650.4266    72      649.1035      653.2948  2029364    0.65%
  10776   368      652.5607    76      649.1035      653.2948  2034223    0.65%
Elapsed time = 1403.04 sec. (1636627.17 ticks, tree = 6.11 MB, solutions = 4)
  10801   386        cutoff            649.1035      653.2948  2038554    0.65%
  10833   416      651.1514    58      649.1035      653.2948  2042908    0.65%
  10864   440      650.2882    36      649.1035      653.2948  2047316    0.65%
  10897   469      650.9312    80      649.1035      653.2948  2053044    0.65%
  10920   487      652.5310    74      649.1035      653.2948  2056577    0.65%
  10948   511      650.6618    66      649.1035      653.2948  2062326    0.65%
  10984   537      654.6159    82      649.1035      653.2948  2067978    0.65%
  11024   571      649.5286    16      649.1035      653.2948  2073573    0.65%
  11067   604      654.0050    94      649.1035      653.2948  2079019    0.65%
  11085   620      649.7264    78      649.1035      653.2948  2083544    0.65%
Elapsed time = 1437.06 sec. (1676708.31 ticks, tree = 14.00 MB, solutions = 4)
  11118   645      654.5835   100      649.1035      653.2948  2089097    0.65%
  11126   653      652.7345    88      649.1035      653.2948  2093263    0.65%
  11151   674        cutoff            649.1035      653.2948  2098930    0.65%
  11168   683      652.7324    82      649.1035      653.2948  2104407    0.65%
  11195   704      652.8628    82      649.1035      653.2948  2109581    0.65%
  11222   725      652.8243    96      649.1035      653.2948  2114542    0.65%
  11248   739      653.8548    86      649.1035      653.2948  2120165    0.65%
  11280   767      653.9124    78      649.1035      653.2948  2124733    0.65%
  11306   789      652.2785    84      649.1035      653.2948  2130278    0.65%
  11333   812      651.9244    80      649.1035      653.2948  2135463    0.65%
Elapsed time = 1469.78 sec. (1716693.18 ticks, tree = 19.99 MB, solutions = 4)
  11354   829      651.2531    72      649.1035      653.2948  2141073    0.65%
  11381   850      651.4421    60      649.1035      653.2948  2145648    0.65%
  11405   870      650.5272    60      649.1035      653.2948  2151095    0.65%
  11425   886      650.4904    76      649.1035      653.2948  2156269    0.65%
  11444   900      651.6876    54      649.1035      653.2948  2160209    0.65%
  11474   926      649.4740    74      649.1035      653.2948  2165500    0.65%
  11491   937      649.6865    92      649.1035      653.2948  2170358    0.65%
  11510   952      649.4437    68      649.1035      653.2948  2176476    0.65%
  11536   966      652.1087    82      649.1035      653.2948  2181768    0.65%
  11558   984      650.6085    66      649.1035      653.2948  2187631    0.65%
Elapsed time = 1502.84 sec. (1757472.04 ticks, tree = 23.35 MB, solutions = 4)
  11594  1010      653.6283   108      649.1035      653.2948  2193075    0.65%
  11610  1024      649.3228    58      649.1035      653.2948  2198281    0.65%
  11634  1042      649.1800    72      649.1035      653.2948  2203914    0.65%
  11672  1070      652.8561    60      649.1035      653.2948  2209128    0.65%
  11696  1090      651.0718    78      649.1035      653.2948  2214084    0.65%
  11715  1103      652.7473    64      649.1035      653.2948  2219414    0.65%
  11739  1115      651.2484    88      649.1035      653.2948  2225163    0.65%
  11773  1145      649.9284    52      649.1035      653.2948  2230325    0.65%
  11803  1167      651.9216    80      649.1035      653.2948  2235540    0.65%
  11826  1184      651.6309    40      649.1035      653.2948  2240958    0.65%
Elapsed time = 1534.98 sec. (1796589.89 ticks, tree = 27.13 MB, solutions = 4)
  11852  1202      650.1589    56      649.1035      653.2948  2244911    0.65%
  11885  1229      649.6795    64      649.1035      653.2948  2250356    0.65%
  11913  1247      654.0328    86      649.1035      653.2948  2255957    0.65%
  11922  1256      651.2030    82      649.1035      653.2948  2258080    0.65%
  11942  1272      651.2172    58      649.1035      653.2948  2263424    0.65%
  11986  1299      650.7448    84      649.1035      653.2948  2268945    0.65%
  12013  1320        cutoff            649.1035      653.2948  2273909    0.65%
  12041  1338      651.9277    78      649.1035      653.2948  2279550    0.65%
  12058  1351      651.9595    70      649.1035      653.2948  2285519    0.65%
  12080  1367      650.7076    84      649.1035      653.2948  2291485    0.65%
Elapsed time = 1567.48 sec. (1836110.35 ticks, tree = 30.02 MB, solutions = 4)
  12118  1395      653.6441    90      649.1035      653.2948  2296921    0.65%
  12150  1423      650.9294    56      649.1035      653.2948  2302052    0.65%
  12191  1448      652.2966    76      649.1035      653.2948  2307577    0.65%
  12218  1471      649.9185    78      649.1035      653.2948  2313057    0.65%
  12245  1488      652.8832    80      649.1035      653.2948  2318575    0.65%
  12263  1502      652.2800    82      649.1035      653.2948  2324802    0.65%
  12284  1517      653.4491   100      649.1035      653.2948  2329985    0.65%
  12307  1536      652.5740    78      649.1035      653.2948  2335526    0.65%
  12330  1555      650.9927    68      649.1035      653.2948  2340898    0.65%
  12371  1589      649.3989    64      649.1035      653.2948  2345902    0.65%
Elapsed time = 1600.06 sec. (1875225.80 ticks, tree = 35.45 MB, solutions = 4)
  12406  1612      649.2075    58      649.1035      653.2948  2351480    0.65%
  12437  1631      650.9175    90      649.1035      653.2948  2356561    0.65%
  12466  1652      651.6173    82      649.1035      653.2948  2362032    0.65%
  12484  1666      651.1504    68      649.1035      653.2948  2367193    0.65%
  12516  1686      652.5049    72      649.1035      653.2948  2372723    0.65%
  12549  1715      649.6988    68      649.1035      653.2948  2378098    0.65%
  12560  1722      652.3514    84      649.1035      653.2948  2383700    0.65%
  12572  1734      650.3534    70      649.1035      653.2948  2388860    0.65%
  12600  1752      653.2529    90      649.1035      653.2948  2394688    0.65%
  12626  1772      651.6688    70      649.1035      653.2948  2400153    0.65%
Elapsed time = 1632.33 sec. (1914948.99 ticks, tree = 40.61 MB, solutions = 4)
  12654  1794      650.9935    78      649.1035      653.2948  2405525    0.65%
  12688  1816      652.2330    74      649.1035      653.2948  2410996    0.65%
  12703  1829      650.7856    68      649.1035      653.2948  2415851    0.65%
  12731  1849      650.6482    80      649.1035      653.2948  2421489    0.65%
  12758  1868      652.2877    90      649.1035      653.2948  2426869    0.65%
  12790  1889      650.6171    56      649.1035      653.2948  2431933    0.65%
  12819  1908      651.1537    40      649.1035      653.2948  2437575    0.65%
  12849  1932      649.9042    76      649.1035      653.2948  2443043    0.65%
  12880  1951      652.0832    70      649.1035      653.2948  2448323    0.65%
  12897  1964      651.9508    76      649.1035      653.2948  2454596    0.65%
Elapsed time = 1663.86 sec. (1954015.01 ticks, tree = 44.16 MB, solutions = 4)
  12918  1981      652.2023    56      649.1035      653.2948  2460314    0.65%
  12935  1996      650.3313    50      649.1035      653.2948  2465250    0.65%
  12970  2023      651.3054    78      649.1035      653.2948  2470496    0.65%
  12995  2040      650.6346    66      649.1035      653.2948  2475788    0.65%
  13011  2050      651.6401    58      649.1035      653.2948  2481025    0.65%
  13045  2068      651.3246    76      649.1035      653.2948  2486363    0.65%
  13072  2087      652.4847    82      649.1035      653.2948  2491988    0.65%
  13098  2107      651.3097    70      649.1035      653.2948  2497643    0.65%
  13123  2128      651.5411    64      649.1035      653.2948  2503032    0.65%
  13164  2151      652.1729    80      649.1035      653.2948  2508814    0.65%
Elapsed time = 1695.45 sec. (1993129.43 ticks, tree = 49.37 MB, solutions = 4)
  13190  2169      652.7720    60      649.1035      653.2948  2514209    0.65%
  13214  2187      650.4100    40      649.1035      653.2948  2519635    0.65%
  13255  2216      652.7270    86      649.1035      653.2948  2525093    0.65%
  13284  2239      651.5269    76      649.1035      653.2948  2530252    0.65%
  13316  2265      650.3038    58      649.1035      653.2948  2535665    0.65%
  13338  2279      651.7565    86      649.1035      653.2948  2541178    0.65%
  13360  2295        cutoff            649.1035      653.2948  2546369    0.65%
  13382  2309        cutoff            649.1035      653.2948  2552000    0.65%
  13409  2328      649.2595    48      649.1035      653.2948  2557816    0.65%
  13445  2348      653.2192    80      649.1035      653.2948  2563437    0.65%
Elapsed time = 1727.22 sec. (2031912.78 ticks, tree = 53.96 MB, solutions = 4)
  13480  2379      650.5347    64      649.1035      653.2948  2568760    0.65%
  13521  2402      651.5082    60      649.1035      653.2948  2574038    0.65%
  13557  2428      652.9134    78      649.1035      653.2948  2579606    0.65%
  13579  2446      651.8051    64      649.1035      653.2948  2584691    0.65%
  13602  2465      651.4445    78      649.1035      653.2948  2589921    0.65%
  13635  2486      649.4981    54      649.1035      653.2948  2595238    0.65%
  13671  2510      650.2308    62      649.1035      653.2948  2600469    0.65%
  13700  2531      652.3073    92      649.1035      653.2948  2605668    0.65%
  13727  2550      650.5646    56      649.1035      653.2948  2611115    0.65%
  13754  2573      650.3016    72      649.1035      653.2948  2616459    0.65%
Elapsed time = 1759.75 sec. (2070770.51 ticks, tree = 60.40 MB, solutions = 4)
  13782  2593      651.4402    66      649.1035      653.2948  2622220    0.65%
  13810  2617      651.5113    84      649.1035      653.2948  2627741    0.65%
  13840  2637      649.7282    58      649.1035      653.2948  2633191    0.65%
  13860  2647      651.8524    78      649.1035      653.2948  2638701    0.65%
  13889  2668      653.2132    92      649.1035      653.2948  2644139    0.65%
  13914  2687      650.7293    72      649.1035      653.2948  2649621    0.65%
  13940  2709      650.9066    76      649.1035      653.2948  2654126    0.65%
  13973  2737      649.5199    56      649.1035      653.2948  2659440    0.65%
  14001  2755      649.7638    46      649.1035      653.2948  2664974    0.65%
  14019  2769      649.6633    86      649.1035      653.2948  2670429    0.65%
Elapsed time = 1792.62 sec. (2110162.97 ticks, tree = 66.51 MB, solutions = 4)
  14054  2792      652.6861    62      649.1035      653.2948  2675647    0.65%
  14086  2820      650.2125    70      649.1035      653.2948  2680993    0.65%
  14118  2844      649.3042    62      649.1035      653.2948  2686553    0.65%
  14149  2865      649.5678    46      649.1035      653.2948  2691920    0.65%
  14177  2885      652.6647    96      649.1035      653.2948  2697199    0.65%
  14208  2908      650.6669    68      649.1035      653.2948  2702410    0.65%
  14240  2926      649.8760    66      649.1035      653.2948  2707697    0.65%
  14273  2949      652.4287    82      649.1035      653.2948  2713778    0.65%
  14300  2972      650.1848    90      649.1035      653.2948  2719184    0.65%
  14329  2993      650.1773    54      649.1035      653.2948  2724594    0.65%
Elapsed time = 1825.52 sec. (2149447.04 ticks, tree = 74.39 MB, solutions = 4)
  14360  3008      651.6588    68      649.1035      653.2948  2729666    0.65%
  14394  3036      649.2688    58      649.1035      653.2948  2735226    0.65%
  14424  3052      651.5184    80      649.1035      653.2948  2740889    0.65%
  14442  3067      651.6586    74      649.1035      653.2948  2746298    0.65%
  14477  3096        cutoff            649.1035      653.2948  2751626    0.65%
  14506  3115      652.7853    80      649.1035      653.2948  2757419    0.65%
  14524  3129      651.5304    80      649.1035      653.2948  2763088    0.65%
  14544  3141      652.5329    78      649.1035      653.2948  2768451    0.65%
  14574  3163      650.8769    80      649.1035      653.2948  2773407    0.65%
  14608  3185      650.8229    60      649.1035      653.2948  2778793    0.65%
Elapsed time = 1858.30 sec. (2189607.67 ticks, tree = 77.61 MB, solutions = 4)
  14639  3204      651.3760    76      649.1035      653.2948  2784309    0.65%
  14675  3234      649.1076    52      649.1035      653.2948  2789523    0.65%
  14711  3258      649.8311    44      649.1035      653.2948  2795006    0.65%
  14758  3287      651.5974    66      649.1035      653.2948  2800003    0.65%
  14788  3309        cutoff            649.1035      653.2948  2805309    0.65%
  14808  3325      651.8346    62      649.1035      653.2948  2810356    0.65%
  14839  3344        cutoff            649.1035      653.2948  2815969    0.65%
  14870  3367      649.8687    80      649.1035      653.2948  2821020    0.65%
  14899  3388      650.7254    52      649.1035      653.2948  2826864    0.65%
  14947  3422      649.4580    50      649.1035      653.2948  2831948    0.65%
Elapsed time = 1890.62 sec. (2228233.11 ticks, tree = 84.77 MB, solutions = 4)
  14974  3441      649.2118    64      649.1035      653.2948  2837610    0.65%
  15007  3460      650.3658    72      649.1035      653.2948  2842921    0.65%
  15037  3476        cutoff            649.1035      653.2948  2848345    0.65%
  15064  3499      650.8688    64      649.1035      653.2948  2853644    0.65%
  15094  3523      649.9417    42      649.1035      653.2948  2859067    0.65%
  15132  3546      649.8107    52      649.1035      653.2948  2863196    0.65%
  15150  3556      650.1969    62      649.1035      653.2948  2868155    0.65%
  15174  3572        cutoff            649.1035      653.2948  2873428    0.65%
  15196  3588      649.9907    56      649.1035      653.2948  2878803    0.65%
  15230  3612      652.1918    88      649.1035      653.2948  2883917    0.65%
Elapsed time = 1923.83 sec. (2267992.80 ticks, tree = 90.27 MB, solutions = 4)
  15264  3636      652.5883    62      649.1035      653.2948  2889257    0.65%
  15293  3657      650.6893    66      649.1035      653.2948  2894590    0.65%
  15333  3687      649.7337    68      649.1035      653.2948  2900409    0.65%
  15366  3712      650.6317    80      649.1035      653.2948  2906206    0.65%
  15397  3729      651.8551    66      649.1035      653.2948  2911146    0.65%
  15428  3756      649.1775    64      649.1035      653.2948  2916536    0.65%
  15453  3769      650.8465    72      649.1035      653.2948  2922073    0.65%
  15477  3785      649.8986    48      649.1035      653.2948  2927428    0.65%
  15503  3797      652.4248    70      649.1035      653.2948  2932670    0.65%
  15528  3814      652.0574    72      649.1035      653.2948  2937838    0.65%
Elapsed time = 1956.87 sec. (2307288.19 ticks, tree = 94.45 MB, solutions = 4)
  15547  3831      649.4487    50      649.1035      653.2948  2943089    0.65%
  15587  3859      649.7317    36      649.1035      653.2948  2948292    0.65%
  15614  3878      652.5664    66      649.1035      653.2948  2953624    0.65%
  15645  3901      650.2309    56      649.1035      653.2948  2958780    0.65%
  15667  3915        cutoff            649.1035      653.2948  2964185    0.65%
  15710  3932      649.8651    54      649.1035      653.2948  2969376    0.65%
  15738  3948      650.4825    66      649.1035      653.2948  2974519    0.65%
  15787  3977      650.4381    62      649.1035      653.2908  2979866    0.65%
  15833  4003      651.1184    58      649.1035      653.2902  2985008    0.65%
  15863  4025      651.8863    68      649.1035      653.2852  2990530    0.64%
Elapsed time = 1989.96 sec. (2346216.26 ticks, tree = 99.74 MB, solutions = 4)
  15893  4049      650.6662    54      649.1035      653.2844  2995880    0.64%
  15928  4066        cutoff            649.1035      653.2822  2999782    0.64%
  15957  4089      650.0439    62      649.1035      653.2770  3004818    0.64%
  15998  4116      651.5744    66      649.1035      653.2683  3010577    0.64%
  16032  4138      649.7109    40      649.1035      653.2679  3015501    0.64%
  16071  4165      650.2650    44      649.1035      653.2607  3020681    0.64%
  16108  4192      649.3254    70      649.1035      653.2595  3025820    0.64%
  16130  4208      649.8881    46      649.1035      653.2538  3030906    0.64%
  16165  4229      649.9811    70      649.1035      653.2521  3036347    0.64%
  16193  4247        cutoff            649.1035      653.2498  3041761    0.64%
Elapsed time = 2023.24 sec. (2385031.23 ticks, tree = 102.61 MB, solutions = 4)
  16221  4265      652.5802    74      649.1035      653.2449  3046752    0.64%
  16252  4288      650.9042    68      649.1035      653.2435  3052044    0.64%
  16275  4303      650.3766    86      649.1035      653.2379  3057705    0.64%
  16320  4334      652.5029    72      649.1035      653.2319  3063175    0.64%
  16359  4364      651.7927    62      649.1035      653.2247  3068436    0.63%
  16392  4387      651.6938    66      649.1035      653.2190  3073760    0.63%
  16429  4408      651.9351    76      649.1035      653.2147  3079019    0.63%
  16454  4429      649.2825    62      649.1035      653.2133  3084343    0.63%
  16484  4445      650.6835    86      649.1035      653.2038  3090082    0.63%
  16515  4460      651.2663    64      649.1035      653.1999  3095586    0.63%
Elapsed time = 2057.14 sec. (2425283.14 ticks, tree = 107.64 MB, solutions = 4)
  16550  4487      651.1555    46      649.1035      653.1952  3100756    0.63%
  16586  4511      651.7289    70      649.1035      653.1937  3106141    0.63%
  16611  4532      649.9286    64      649.1035      653.1933  3111494    0.63%
  16659  4566      650.5757    58      649.1035      653.1829  3116964    0.63%
  16704  4593      650.1637    66      649.1035      653.1750  3122379    0.63%
  16742  4611      651.1133    54      649.1035      653.1726  3127732    0.63%
  16769  4630      651.1296    70      649.1035      653.1628  3133028    0.63%
  16809  4654      650.4470    60      649.1035      653.1539  3138105    0.62%
  16844  4681      650.5723    66      649.1035      653.1528  3143792    0.62%
  16882  4709      649.6056    40      649.1035      653.1417  3149394    0.62%
Elapsed time = 2090.56 sec. (2464834.79 ticks, tree = 113.64 MB, solutions = 4)
  16916  4721      652.4094    98      649.1035      653.1333  3155483    0.62%
  16937  4738      651.4173    48      649.1035      653.1325  3161090    0.62%
  16963  4760      649.7373    70      649.1035      653.1322  3166958    0.62%
  16999  4784      649.5660    52      649.1035      653.1230  3172419    0.62%
  17032  4801      650.1047    70      649.1035      653.1147  3177621    0.62%
  17057  4816      650.0850    84      649.1035      653.1099  3183196    0.62%
  17092  4835      651.5746    88      649.1035      653.1037  3188247    0.62%
  17120  4855      650.8013    60      649.1035      653.0988  3192879    0.62%
  17152  4875      652.3493    76      649.1035      653.0962  3198370    0.62%
  17194  4909      650.1616    48      649.1035      653.0836  3203907    0.61%
Elapsed time = 2124.20 sec. (2504356.56 ticks, tree = 116.81 MB, solutions = 4)
  17227  4932      649.8822    58      649.1035      653.0787  3209335    0.61%
  17252  4945      650.4723    54      649.1035      653.0743  3214596    0.61%
  17290  4969      651.7013    64      649.1035      653.0580  3220012    0.61%
  17323  4993      651.3232    80      649.1035      653.0535  3225034    0.61%
  17344  5006        cutoff            649.1035      653.0487  3230971    0.61%
  17380  5026      651.7910    54      649.1035      653.0487  3236664    0.61%
  17408  5046      649.3240    68      649.1035      653.0455  3242489    0.61%
  17438  5066      650.5350    48      649.1035      653.0346  3247780    0.61%
  17480  5087      651.3316    66      649.1035      653.0250  3253052    0.60%
  17506  5109      649.3787   106      649.1035      653.0246  3258484    0.60%
Elapsed time = 2157.20 sec. (2543520.79 ticks, tree = 121.92 MB, solutions = 4)
  17520  5111      652.3728    74      649.1035      653.0161  3263044    0.60%
  17547  5130      649.2992    44      649.1035      653.0127  3268470    0.60%
  17587  5156      651.6041    56      649.1035      653.0113  3274143    0.60%
  17631  5184        cutoff            649.1035      653.0092  3279237    0.60%
  17662  5203      651.8732    68      649.1035      653.0063  3285401    0.60%
  17686  5219      649.9875    52      649.1035      653.0016  3290898    0.60%
  17716  5239      650.0516    70      649.1035      652.9990  3296354    0.60%
  17749  5260      651.6041    56      649.1035      652.9970  3301531    0.60%
  17770  5275      650.5542    62      649.1035      652.9968  3306885    0.60%
  17799  5286      651.9079    90      649.1035      652.9960  3312858    0.60%
Elapsed time = 2190.09 sec. (2583271.26 ticks, tree = 125.91 MB, solutions = 4)
  17826  5305      651.7274    80      649.1035      652.9949  3318222    0.60%
  17849  5318      651.5868    54      649.1035      652.9826  3323712    0.60%
  17884  5343      649.2145    68      649.1035      652.9818  3329184    0.60%
  17916  5361      651.1156    60      649.1035      652.9674  3334666    0.60%
  17942  5377      649.2082    54      649.1035      652.9663  3339006    0.60%
  17982  5407      649.1378    60      649.1035      652.9656  3344328    0.59%
  18017  5430      649.7031    60      649.1035      652.9578  3349801    0.59%
  18060  5449      651.6775    76      649.1035      652.9544  3355535    0.59%
  18089  5470      649.9611    56      649.1035      652.9487  3360918    0.59%
  18117  5494      649.2492    32      649.1035      652.9470  3366133    0.59%
Elapsed time = 2223.10 sec. (2622420.58 ticks, tree = 132.80 MB, solutions = 4)
  18146  5511      650.1730    56      649.1035      652.9461  3371570    0.59%
  18168  5519      649.9830    50      649.1035      652.9434  3376781    0.59%
  18198  5539      651.3482    74      649.1035      652.9406  3382159    0.59%
  18226  5559      650.0566    74      649.1035      652.9314  3387407    0.59%
  18248  5573      651.1626    54      649.1035      652.9289  3392908    0.59%
  18286  5595      649.6904    70      649.1035      652.9285  3398140    0.59%
  18322  5615      650.3993    74      649.1035      652.9186  3403583    0.59%
  18340  5629      649.6369    50      649.1035      652.9178  3408954    0.59%
  18390  5657      649.3537    36      649.1035      652.9154  3414456    0.59%
  18434  5689      650.8917    58      649.1035      652.9117  3419975    0.59%
Elapsed time = 2255.31 sec. (2661180.44 ticks, tree = 137.80 MB, solutions = 4)
  18463  5708      649.9490    70      649.1035      652.9097  3425197    0.59%
  18501  5730      651.5220    56      649.1035      652.9077  3430435    0.59%
  18530  5751      650.8531    64      649.1035      652.9069  3435826    0.59%
  18557  5770      651.7958    56      649.1035      652.9043  3441364    0.59%
  18588  5794      650.9111    86      649.1035      652.8994  3446551    0.58%
  18626  5812        cutoff            649.1035      652.8921  3451882    0.58%
  18660  5832      651.6494    78      649.1035      652.8848  3457064    0.58%
  18710  5870      649.7561    34      649.1035      652.8806  3462273    0.58%
  18738  5887      649.7665    58      649.1035      652.8792  3467413    0.58%
  18765  5898      649.5696    74      649.1035      652.8754  3472729    0.58%
Elapsed time = 2287.93 sec. (2700094.00 ticks, tree = 142.78 MB, solutions = 4)
  18795  5920      650.9019    64      649.1035      652.8743  3478011    0.58%
  18830  5947      651.3138    74      649.1035      652.8712  3483252    0.58%
  18855  5960      649.2387    44      649.1035      652.8712  3488730    0.58%
  18884  5975      649.4265    66      649.1035      652.8619  3494249    0.58%
  18916  5997      651.1888    60      649.1035      652.8578  3499409    0.58%
  18950  6017      649.3467    76      649.1035      652.8537  3504815    0.58%
  18979  6032      650.1405    84      649.1035      652.8431  3510781    0.58%
  19018  6053      651.3118    56      649.1035      652.8415  3516041    0.58%
  19059  6078      651.6673    52      649.1035      652.8394  3521350    0.58%
  19089  6100      650.7028    42      649.1035      652.8277  3526781    0.57%
Elapsed time = 2320.72 sec. (2739140.01 ticks, tree = 148.48 MB, solutions = 4)
  19128  6117      651.7856    42      649.1035      652.8276  3532911    0.57%
  19164  6147      649.5998    82      649.1035      652.8272  3538328    0.57%
  19192  6163      650.9468    42      649.1035      652.8230  3543443    0.57%
  19219  6182      650.9297    58      649.1035      652.8199  3548862    0.57%
  19254  6205      650.9482    46      649.1035      652.8117  3554204    0.57%
  19291  6229      651.1470    60      649.1035      652.8109  3558910    0.57%
  19320  6246      650.2403    74      649.1035      652.8102  3564050    0.57%
  19354  6264      651.7041    74      649.1035      652.8019  3569679    0.57%
  19372  6278      650.3154    82      649.1035      652.8002  3574917    0.57%
  19402  6300      649.1565    40      649.1035      652.7999  3580423    0.57%
Elapsed time = 2353.78 sec. (2778518.16 ticks, tree = 150.36 MB, solutions = 4)
  19437  6319      650.7615    50      649.1035      652.7989  3585737    0.57%
  19470  6338      650.1656    64      649.1035      652.7907  3591328    0.57%
  19503  6357      649.5855    48      649.1035      652.7890  3597662    0.57%
  19552  6388        cutoff            649.1035      652.7830  3602791    0.57%
  19576  6402      651.4629    68      649.1035      652.7829  3607961    0.57%
  19599  6413      650.0319    40      649.1035      652.7801  3613454    0.57%
  19631  6429      651.1284    66      649.1035      652.7789  3618818    0.57%
  19658  6450        cutoff            649.1035      652.7787  3623672    0.57%
  19690  6472      650.8219    82      649.1035      652.7772  3628997    0.57%
  19708  6482        cutoff            649.1035      652.7753  3634427    0.57%
Elapsed time = 2387.03 sec. (2818087.59 ticks, tree = 154.13 MB, solutions = 4)
  19745  6505      651.1494    58      649.1035      652.7716  3640071    0.57%
  19775  6523      651.5137    60      649.1035      652.7650  3645232    0.56%
  19805  6537      651.4698    80      649.1035      652.7598  3650387    0.56%
  19832  6554        cutoff            649.1035      652.7581  3655315    0.56%
  19848  6564      649.6644    62      649.1035      652.7565  3660488    0.56%
  19873  6577      651.6045    70      649.1035      652.7530  3665316    0.56%
  19903  6595      650.3133    66      649.1035      652.7475  3670596    0.56%
  19927  6605      650.3211    40      649.1035      652.7452  3676203    0.56%
  19954  6625      649.6490    78      649.1035      652.7418  3681252    0.56%
  19978  6637      649.7909    72      649.1035      652.7405  3686485    0.56%
Elapsed time = 2419.89 sec. (2857053.66 ticks, tree = 158.49 MB, solutions = 4)
  20003  6650      650.9162    72      649.1035      652.7367  3692064    0.56%
  20024  6665      650.0398    50      649.1035      652.7366  3697422    0.56%
  20053  6682      649.3757    66      649.1035      652.7334  3702625    0.56%
  20074  6689        cutoff            649.1035      652.7296  3707944    0.56%
  20095  6698      650.5170    72      649.1035      652.7275  3713320    0.56%
  20119  6714      649.7597    76      649.1035      652.7247  3718630    0.56%
  20139  6722      651.2229    38      649.1035      652.7227  3723968    0.56%
  20170  6741      651.7453    72      649.1035      652.7202  3729185    0.56%
  20200  6765      650.8132    62      649.1035      652.7190  3734423    0.56%
  20240  6787      650.6000    74      649.1035      652.7185  3739691    0.56%
Elapsed time = 2453.04 sec. (2896816.41 ticks, tree = 161.65 MB, solutions = 4)
  20270  6805      651.5122    70      649.1035      652.7139  3744901    0.56%
  20293  6818      650.6825    58      649.1035      652.7089  3750459    0.56%
  20314  6833      649.4552    74      649.1035      652.7084  3755355    0.56%
  20343  6850      651.0007    62      649.1035      652.6992  3760759    0.55%
  20373  6866      649.8442    56      649.1035      652.6958  3765956    0.55%
  20400  6883      650.1509    58      649.1035      652.6934  3771249    0.55%
  20423  6898      650.2115    72      649.1035      652.6913  3776390    0.55%
  20456  6923      650.0073    52      649.1035      652.6876  3781452    0.55%
  20479  6934        cutoff            649.1035      652.6861  3787072    0.55%
  20507  6950      651.2209    60      649.1035      652.6834  3792380    0.55%
Elapsed time = 2485.53 sec. (2936192.79 ticks, tree = 166.55 MB, solutions = 4)
  20529  6962      651.2781    80      649.1035      652.6817  3797538    0.55%
  20555  6974      651.0701    62      649.1035      652.6816  3802694    0.55%
  20580  6991      649.8676    66      649.1035      652.6793  3808098    0.55%
  20615  7010      649.9218    34      649.1035      652.6767  3813218    0.55%
  20645  7020      651.1419    68      649.1035      652.6698  3818323    0.55%
  20672  7039      649.9408    62      649.1035      652.6655  3824235    0.55%
  20699  7054      651.6801    72      649.1035      652.6633  3829157    0.55%
  20723  7066        cutoff            649.1035      652.6627  3834288    0.55%
  20745  7083      649.1740    22      649.1035      652.6594  3839376    0.55%
  20772  7098      650.2525    68      649.1035      652.6574  3844250    0.55%
Elapsed time = 2518.54 sec. (2975639.20 ticks, tree = 169.18 MB, solutions = 4)
  20789  7106      651.5811    76      649.1035      652.6525  3849642    0.55%
  20822  7123      651.0734    52      649.1035      652.6498  3854699    0.55%
  20841  7132      650.9907    86      649.1035      652.6463  3859424    0.55%
  20863  7150      649.1940    70      649.1035      652.6457  3864883    0.55%
  20893  7164      650.4937    70      649.1035      652.6442  3870103    0.55%
  20919  7176      651.5806    60      649.1035      652.6400  3875472    0.54%
  20943  7190      650.3655    50      649.1035      652.6345  3880489    0.54%
  20969  7208      649.7869    70      649.1035      652.6318  3885884    0.54%
  21000  7225      649.1406    66      649.1035      652.6267  3891148    0.54%
  21028  7245      649.7633    58      649.1035      652.6253  3896452    0.54%
Elapsed time = 2552.13 sec. (3015121.63 ticks, tree = 173.67 MB, solutions = 4)
  21052  7259      649.2924    60      649.1035      652.6209  3901400    0.54%
  21075  7272      650.0459    80      649.1035      652.6208  3906023    0.54%
  21105  7286      651.4419    72      649.1035      652.6191  3911119    0.54%
  21138  7311      649.2639    56      649.1035      652.6181  3916085    0.54%
  21169  7328      650.5159    60      649.1035      652.6151  3921177    0.54%
  21203  7354      650.7458    50      649.1035      652.6140  3926141    0.54%
  21220  7361      651.7366    66      649.1035      652.6040  3931448    0.54%
  21246  7383      649.6544    74      649.1035      652.6018  3936540    0.54%
  21274  7393      649.3362    36      649.1035      652.5998  3941377    0.54%
  21306  7413      649.4903    58      649.1035      652.5930  3946336    0.54%
Elapsed time = 2585.64 sec. (3054074.06 ticks, tree = 178.78 MB, solutions = 4)
  21332  7427      650.9083    56      649.1035      652.5908  3951824    0.54%
  21357  7444      650.7067    56      649.1035      652.5895  3956849    0.54%
  21379  7456        cutoff            649.1035      652.5887  3961871    0.54%
  21405  7470      651.3282    56      649.1035      652.5837  3967000    0.54%
  21431  7486      649.8967    62      649.1035      652.5784  3972108    0.54%
  21459  7498      649.2815    54      649.1035      652.5779  3977065    0.54%
  21489  7516      651.7483    80      649.1035      652.5753  3982811    0.53%
  21515  7534        cutoff            649.1035      652.5752  3987760    0.53%
  21543  7548      650.7881    62      649.1035      652.5663  3993198    0.53%
  21576  7565      650.9701    66      649.1035      652.5633  3998317    0.53%
Elapsed time = 2620.45 sec. (3094324.81 ticks, tree = 182.86 MB, solutions = 4)
  21601  7580      651.0413    60      649.1035      652.5614  4003800    0.53%
  21626  7597      650.6489    76      649.1035      652.5607  4009383    0.53%
  21646  7609      650.4473    74      649.1035      652.5594  4014536    0.53%
  21680  7629      651.2021    62      649.1035      652.5552  4020010    0.53%
  21704  7645      651.3557    58      649.1035      652.5515  4025212    0.53%
  21736  7663      649.2428    48      649.1035      652.5466  4030410    0.53%
  21769  7680      650.8479    68      649.1035      652.5399  4036238    0.53%
  21796  7695      650.9173    72      649.1035      652.5350  4042479    0.53%
  21823  7714      649.3376    62      649.1035      652.5329  4047144    0.53%
  21855  7728      651.1435    68      649.1035      652.5314  4052660    0.53%
Elapsed time = 2658.50 sec. (3136070.25 ticks, tree = 187.68 MB, solutions = 4)
  21885  7748      650.2917    58      649.1035      652.5267  4057882    0.53%
  21911  7760      649.3210    42      649.1035      652.5262  4063158    0.53%
  21936  7769      651.4285    64      649.1035      652.5211  4068565    0.53%
  21980  7793      651.1472    62      649.1035      652.5198  4073542    0.53%
  22003  7804      651.3025    74      649.1035      652.5139  4078698    0.53%
  22031  7820      650.0387    48      649.1035      652.5109  4083837    0.52%
  22064  7837      650.1050    62      649.1035      652.5037  4089071    0.52%
  22094  7851        cutoff            649.1035      652.5018  4094432    0.52%
  22122  7869      651.3138    70      649.1035      652.4988  4099631    0.52%
  22139  7882      649.1519    50      649.1035      652.4983  4105593    0.52%
Elapsed time = 2694.34 sec. (3175050.98 ticks, tree = 192.94 MB, solutions = 4)
  22160  7891      650.1958    94      649.1035      652.4963  4110886    0.52%
  22180  7903      649.9284    56      649.1035      652.4905  4116015    0.52%
  22206  7921      649.7316    54      649.1035      652.4886  4121618    0.52%
  22231  7928        cutoff            649.1035      652.4844  4126856    0.52%
  22253  7938      650.4398    30      649.1035      652.4826  4131973    0.52%
  22278  7955      650.7861    44      649.1035      652.4811  4137020    0.52%
  22297  7966      649.6837    56      649.1035      652.4790  4142232    0.52%
  22324  7977      649.1259    52      649.1035      652.4762  4146910    0.52%
  22357  7994      651.0990    88      649.1035      652.4734  4151824    0.52%
  22389  8012      651.2349    42      649.1035      652.4690  4156846    0.52%
Elapsed time = 2730.30 sec. (3214237.69 ticks, tree = 196.25 MB, solutions = 4)
  22415  8030      649.7880    68      649.1035      652.4652  4162049    0.52%
  22437  8042      649.6806    50      649.1035      652.4618  4166790    0.52%
  22470  8057      650.2893    80      649.1035      652.4607  4171808    0.52%
  22494  8067      650.0827    66      649.1035      652.4585  4177024    0.52%
  22519  8082        cutoff            649.1035      652.4583  4182050    0.52%
  22543  8094      651.6808    54      649.1035      652.4511  4187388    0.52%
  22568  8111      649.5714    46      649.1035      652.4466  4192635    0.52%
  22596  8127      649.1708    72      649.1035      652.4437  4197635    0.51%
  22627  8146      650.7904    64      649.1035      652.4430  4202531    0.51%
  22654  8163      650.4466    60      649.1035      652.4399  4207134    0.51%
Elapsed time = 2766.02 sec. (3253013.90 ticks, tree = 200.55 MB, solutions = 4)
  22680  8177      651.0346    62      649.1035      652.4369  4212340    0.51%
  22703  8188        cutoff            649.1035      652.4337  4217395    0.51%
  22747  8210      651.2404    70      649.1035      652.4280  4223014    0.51%
  22773  8226      650.8887    78      649.1035      652.4241  4228067    0.51%
  22802  8235      651.2313    62      649.1035      652.4163  4233834    0.51%
  22822  8245      650.5264    76      649.1035      652.4147  4239098    0.51%
  22843  8258      649.2427    66      649.1035      652.4109  4244308    0.51%
  22874  8281      650.0627    74      649.1035      652.4035  4249048    0.51%
  22900  8299      649.6450    68      649.1035      652.3960  4254132    0.51%
  22933  8314      651.1784    72      649.1035      652.3928  4259207    0.51%
Elapsed time = 2803.19 sec. (3292946.39 ticks, tree = 206.11 MB, solutions = 4)
  22959  8333      650.5691    64      649.1035      652.3899  4264376    0.51%
  23006  8359      651.8091    50      649.1035      652.3888  4269467    0.51%
  23034  8375      650.6670    74      649.1035      652.3823  4274492    0.51%
  23060  8393      650.4005    56      649.1035      652.3785  4279965    0.50%
  23102  8419      650.2615    62      649.1035      652.3746  4285012    0.50%
  23139  8438      649.6185    46      649.1035      652.3730  4290512    0.50%
  23167  8452      651.3889    60      649.1035      652.3721  4295453    0.50%
  23187  8464      650.8491    70      649.1035      652.3684  4300618    0.50%
  23214  8483        cutoff            649.1035      652.3650  4305491    0.50%
  23228  8493      649.8013    52      649.1035      652.3645  4310182    0.50%
Elapsed time = 2839.78 sec. (3331903.13 ticks, tree = 211.97 MB, solutions = 4)
  23273  8520      649.6221    64      649.1035      652.3631  4315327    0.50%
  23306  8535      650.7185    72      649.1035      652.3597  4321290    0.50%
  23338  8551      650.5338    56      649.1035      652.3570  4326437    0.50%
  23371  8566        cutoff            649.1035      652.3551  4331404    0.50%
  23395  8578      650.3898    58      649.1035      652.3516  4336494    0.50%
  23415  8586      650.6514    42      649.1035      652.3494  4341988    0.50%
  23444  8603      650.1229    54      649.1035      652.3491  4347446    0.50%
  23479  8626      649.5549    62      649.1035      652.3479  4352510    0.50%
  23514  8643        cutoff            649.1035      652.3444  4357253    0.50%
  23534  8653      650.6030    56      649.1035      652.3418  4361352    0.50%
Elapsed time = 2876.66 sec. (3371578.04 ticks, tree = 217.94 MB, solutions = 4)
  23574  8675      649.1476    46      649.1035      652.3413  4366644    0.50%
  23600  8687      650.0787    68      649.1035      652.3377  4371804    0.50%
  23629  8704      649.3359    68      649.1035      652.3342  4376985    0.50%
  23659  8714      650.0385    58      649.1035      652.3320  4382325    0.50%
  23686  8731      650.6220    58      649.1035      652.3309  4387501    0.50%
  23714  8745      651.0712    72      649.1035      652.3265  4392944    0.50%
  23748  8770      650.4786    40      649.1035      652.3259  4398205    0.50%
  23779  8781      650.2577    54      649.1035      652.3251  4403708    0.50%
  23816  8812      649.4235    68      649.1035      652.3251  4408626    0.50%
  23844  8826      649.7920    60      649.1035      652.3216  4413709    0.50%
Elapsed time = 2912.62 sec. (3411233.12 ticks, tree = 223.71 MB, solutions = 4)
  23886  8844      651.1795    64      649.1035      652.3198  4418530    0.50%
  23915  8859        cutoff            649.1035      652.3192  4423725    0.50%
  23940  8874      650.0575    54      649.1035      652.3184  4428750    0.50%
  23966  8888      649.8132    54      649.1035      652.3176  4433570    0.50%
  23992  8896      650.9294    54      649.1035      652.3160  4439082    0.49%
  24030  8922      650.4670    60      649.1035      652.3084  4444092    0.49%
  24055  8939      651.0045    60      649.1035      652.3067  4449814    0.49%
  24079  8955      649.1643    52      649.1035      652.3026  4455114    0.49%
  24096  8956      651.4094    96      649.1035      652.2961  4460165    0.49%
  24121  8973      651.4816    74      649.1035      652.2953  4465278    0.49%
Elapsed time = 2947.46 sec. (3450608.83 ticks, tree = 227.30 MB, solutions = 4)
  24152  8992      649.1911    56      649.1035      652.2944  4470716    0.49%
  24176  9006      649.2443    56      649.1035      652.2909  4475935    0.49%
  24203  9025      649.2156    72      649.1035      652.2903  4480818    0.49%
  24221  9033      649.3106    66      649.1035      652.2871  4485705    0.49%
  24244  9046      649.9626    64      649.1035      652.2854  4490849    0.49%
  24274  9062      650.2013    60      649.1035      652.2835  4495504    0.49%
  24306  9082      649.8097    40      649.1035      652.2831  4500624    0.49%
  24342  9095      651.1247    68      649.1035      652.2812  4506067    0.49%
  24377  9124      649.9753    36      649.1035      652.2799  4511028    0.49%
  24411  9138      651.2227    66      649.1035      652.2776  4515902    0.49%
Elapsed time = 2982.83 sec. (3489879.54 ticks, tree = 231.93 MB, solutions = 4)
  24437  9154      650.6770    68      649.1035      652.2770  4521188    0.49%
  24480  9188      650.0843    56      649.1035      652.2762  4526151    0.49%
  24514  9204      650.9778    68      649.1035      652.2743  4531512    0.49%
  24546  9222      649.5843    64      649.1035      652.2704  4536627    0.49%
  24574  9240      650.3313    84      649.1035      652.2699  4541727    0.49%
  24606  9254      650.8353    66      649.1035      652.2686  4547334    0.49%
  24633  9267      650.8124    84      649.1035      652.2673  4552525    0.49%
  24656  9284      649.9591    48      649.1035      652.2645  4558329    0.49%
  24686  9304      649.8783    66      649.1035      652.2640  4563325    0.49%
  24708  9314      649.6018    58      649.1035      652.2613  4569165    0.49%
Elapsed time = 3019.42 sec. (3529650.83 ticks, tree = 237.30 MB, solutions = 4)
  24732  9330      650.1370    72      649.1035      652.2609  4574497    0.49%
  24759  9345      650.2662    50      649.1035      652.2587  4580015    0.49%
  24782  9354      650.9427    44      649.1035      652.2546  4584834    0.49%
  24806  9368      649.9873    56      649.1035      652.2516  4590168    0.48%
  24832  9382      649.4512    82      649.1035      652.2507  4595674    0.48%
  24863  9399      651.1124    56      649.1035      652.2487  4601058    0.48%
  24892  9420      650.0132    60      649.1035      652.2456  4606375    0.48%
  24930  9446      650.5750    48      649.1035      652.2425  4611626    0.48%
  24958  9466      649.9843    58      649.1035      652.2408  4616844    0.48%
  24984  9478      650.8432    50      649.1035      652.2349  4622172    0.48%
Elapsed time = 3055.73 sec. (3569340.24 ticks, tree = 241.28 MB, solutions = 4)
  25007  9491      649.3416    74      649.1035      652.2342  4627620    0.48%
  25036  9508      650.0782    62      649.1035      652.2331  4632430    0.48%
  25063  9519      650.4759    42      649.1035      652.2297  4638195    0.48%
  25088  9530      650.0973    34      649.1035      652.2273  4643330    0.48%
  25125  9543      650.5271    74      649.1035      652.2264  4647813    0.48%
  25150  9562      649.5201    72      649.1035      652.2262  4652922    0.48%
  25177  9577      651.3361    54      649.1035      652.2245  4658574    0.48%
  25212  9602      650.7564    58      649.1035      652.2219  4663550    0.48%
  25255  9619      650.1060    56      649.1035      652.2199  4668733    0.48%
  25289  9639      650.0064    54      649.1035      652.2179  4673979    0.48%
Elapsed time = 3090.99 sec. (3609264.72 ticks, tree = 245.62 MB, solutions = 4)
  25303  9647      649.6614    88      649.1035      652.2179  4679179    0.48%
  25328  9656      650.9144    58      649.1035      652.2113  4684467    0.48%
  25349  9667      650.1607    56      649.1035      652.2107  4689131    0.48%
  25376  9684      651.5992    86      649.1035      652.2092  4694351    0.48%
  25398  9696      651.2685    66      649.1035      652.2051  4699496    0.48%
  25429  9713      650.6356    46      649.1035      652.2020  4705073    0.48%
  25453  9723      649.3265    46      649.1035      652.2006  4710445    0.48%
  25480  9736      649.1156    64      649.1035      652.1999  4715445    0.48%
  25505  9743      651.4187    86      649.1035      652.1984  4720972    0.48%
  25533  9765      650.4043    60      649.1035      652.1972  4725198    0.48%
Elapsed time = 3126.71 sec. (3648817.36 ticks, tree = 248.20 MB, solutions = 4)
  25568  9786      649.9091    66      649.1035      652.1952  4730469    0.48%
  25602  9804      650.1523    46      649.1035      652.1936  4735635    0.48%
  25632  9822      650.2983    60      649.1035      652.1912  4740873    0.48%
  25656  9832      650.7323    56      649.1035      652.1907  4746000    0.48%
  25687  9854      649.2832    62      649.1035      652.1882  4751271    0.48%
  25713  9864      650.8950    56      649.1035      652.1848  4756486    0.47%
  25748  9883      650.7218    54      649.1035      652.1793  4761831    0.47%
  25779  9898      650.6358    48      649.1035      652.1778  4767296    0.47%
  25801  9910      649.8422    40      649.1035      652.1741  4772148    0.47%
  25840  9931      650.1420    68      649.1035      652.1717  4777263    0.47%
Elapsed time = 3162.55 sec. (3688131.11 ticks, tree = 252.00 MB, solutions = 4)
  25881  9960        cutoff            649.1035      652.1701  4782238    0.47%
  25908  9971      650.5248    56      649.1035      652.1650  4788403    0.47%
  25937  9987      649.5461    30      649.1035      652.1644  4793579    0.47%
  25969  9997      649.3494    74      649.1035      652.1620  4798737    0.47%
  26000 10014        cutoff            649.1035      652.1611  4803919    0.47%
  26026 10032      649.3631    60      649.1035      652.1610  4809008    0.47%
  26060 10042      650.8701    64      649.1035      652.1553  4814621    0.47%
  26086 10054      650.5192    54      649.1035      652.1549  4819894    0.47%
  26118 10069      650.2916    78      649.1035      652.1532  4825497    0.47%
  26143 10086      649.8696    60      649.1035      652.1499  4830537    0.47%
Elapsed time = 3198.82 sec. (3728178.05 ticks, tree = 255.96 MB, solutions = 4)
  26164 10097      650.0374    48      649.1035      652.1489  4835517    0.47%
  26189 10110      650.8855    64      649.1035      652.1422  4840930    0.47%
  26225 10138      649.4545    46      649.1035      652.1421  4845805    0.47%
  26255 10152      649.7579    46      649.1035      652.1407  4851110    0.47%
  26277 10160      650.5244    46      649.1035      652.1344  4856519    0.47%
  26298 10169        cutoff            649.1035      652.1332  4861832    0.47%
  26323 10188      649.5024    36      649.1035      652.1315  4866368    0.47%
  26359 10206      650.2166    42      649.1035      652.1300  4871585    0.47%
  26388 10219      649.1721    50      649.1035      652.1275  4876828    0.47%
  26516 10285      649.7020    50      649.1035      652.1180  4896904    0.46%
Elapsed time = 3245.18 sec. (3779191.69 ticks, tree = 261.16 MB, solutions = 4)
* 26520+10281                          649.1056      652.1180             0.46%
  26617 10336      649.3441    58      649.1056      652.1100  4915914    0.46%
  26707 10379      650.9735    58      649.1056      652.1034  4935335    0.46%
  26820 10444      649.3764    48      649.1056      652.0955  4955611    0.46%
  26922 10495      651.1776    68      649.1056      652.0887  4976124    0.46%
  27049 10566      650.6618    42      649.1056      652.0785  4996249    0.46%
  27130 10615      649.9851    72      649.1056      652.0723  5013049    0.46%
  27217 10654      650.7423    64      649.1056      652.0619  5033484    0.46%
  27328 10706      650.1907    50      649.1056      652.0554  5051237    0.45%
  27424 10748      649.4047    72      649.1056      652.0499  5070319    0.45%
  27513 10789      649.8012    48      649.1056      652.0436  5090363    0.45%
Elapsed time = 3382.43 sec. (3934017.39 ticks, tree = 271.41 MB, solutions = 5)
  27612 10842      649.2661    40      649.1056      652.0405  5110546    0.45%
  27729 10915      649.8989    58      649.1056      652.0337  5128823    0.45%
  27876 10988      650.7416    52      649.1056      652.0276  5147090    0.45%
  27985 11050      649.4306    62      649.1056      652.0219  5167356    0.45%
  28082 11095      649.7367    60      649.1056      652.0083  5185275    0.45%
  28182 11141        cutoff            649.1056      652.0002  5205872    0.45%
  28275 11184      650.0814    50      649.1056      651.9936  5224589    0.44%
  28368 11241      649.4371    62      649.1056      651.9903  5242221    0.44%
  28484 11297      649.3824    34      649.1056      651.9812  5261133    0.44%
  28584 11351      649.1442    68      649.1056      651.9742  5278605    0.44%
Elapsed time = 3515.32 sec. (4087302.94 ticks, tree = 287.15 MB, solutions = 5)
  28690 11401        cutoff            649.1056      651.9658  5302281    0.44%
  28769 11436      651.8695    76      649.1056      651.9613  5318343    0.44%
  28849 11488      649.2748    64      649.1056      651.9587  5335345    0.44%
  28927 11522        cutoff            649.1056      651.9508  5351602    0.44%
  29018 11571      650.1897    62      649.1056      651.9468  5370887    0.44%
  29134 11641        cutoff            649.1056      651.9444  5390192    0.44%

Flow cuts applied:  14
Mixed integer rounding cuts applied:  30
User cuts applied:  3071

Root node processing (before b&c):
  Real time             =    7.86 sec. (6600.74 ticks)
Sequential b&c:
  Real time             = 3592.14 sec. (4179250.33 ticks)
                          ------------
Total (root+branch&cut) = 3600.00 sec. (4185851.07 ticks)
|V|                                     800
K                                       10
theta                                   0.50
r                                       10
R                                       25
prob_func                               linear
#C1                                     10904
#CP                                     224412

@Parameters: 
am_callback_heuristic                   false
am_local_search                         true
am_start_heuristic                      false
colocation                              true
comp                                    false
cutC                                    true
cutC_init                               false
cutF                                    false
cutF_init                               false
cutF_stable                             false
cutF_wrong                              false
cutLocal                                false
cutM                                    true
cutM_init                               true
cutM_stable                             false
cutP                                    true
cutP_init                               false
cutP_stable                             false
init                                    true
init_cutF_zero                          false
init_val_greedy                         true
is_Euclidean                            false
is_local_search                         false
is_right_cutP                           true
is_root                                 false
is_silent                               false
is_start                                false
mycut                                   false
pmed                                    false
pre                                     true
stable_root                             false
str                                     true
two_phase                               false
ubstr                                   false
mode                                    Int

am_callback_node_space                  50
init                                    0
mixture_seed                            1
node_space                              5
nodelimit                               -1
nsepa                                   1
strF                                    0
type_delta                              0

EPS                                     0.001000
EPS_FRAC                                0.00
gap                                     0.00
mixture_high_max                        0.99
mixture_high_min                        0.90
mixture_low_max                         0.01
mixture_low_min                         0.00
mixture_low_share                       0.80
timelimit                               3600.00

Number of Closed Sites: 2 / 20 
Number of Confined Sites-1: 1 / 9 
Number of Confined Sites-k: 775 / 1001 
Preprocess Time: 0.89 + 0.00 sec

Solve Time: 3600.00
Number of Nodes: 29176
Termination Status: TIME_LIMIT

CutInfo: [phase] num / time (sec) / aver. num_nonzero
max              [LP]     0 / 0.00 / 0.00 [init]   509 / 0.02 / 23.23 [rLC]   625 / 0.08 / 43.74 [rUC]  1459 / 0.24 / 32.98 [sLC]   773 / 0.23 / 45.16 [sUC]  1965 / 3.16 / 38.20 
prod_oa          [LP]     0 / 0.00 / 0.00 [init]   469 / 0.04 / 199.90 [rLC]  1441 / 0.24 / 222.31 [rUC]   105 / 1.32 / 121.13 [sLC]  3181 / 0.91 / 213.47 [sUC]   786 / 17.12 / 180.47 
prod_sm_fixed    [LP]     0 / 0.00 / 0.00 [init]     0 / 0.00 / 0.00 [rLC]     0 / 0.00 / 0.00 [rUC]     0 / 0.00 / 0.00 [sLC]     0 / 0.00 / 0.00 [sUC]     0 / 0.00 / 0.00 
prod_bin         [LP]     0 / 0.00 / 0.00 [init]     0 / 0.00 / 0.00 [rLC]     0 / 0.00 / 0.00 [rUC]     0 / 0.00 / 0.00 [sLC]     0 / 0.00 / 0.00 [sUC]     0 / 0.00 / 0.00 
prod_local       [LP]     0 / 0.00 / 0.00 [init]     0 / 0.00 / 0.00 [rLC]     0 / 0.00 / 0.00 [rUC]     0 / 0.00 / 0.00 [sLC]     0 / 0.00 / 0.00 [sUC]     0 / 0.00 / 0.00 
prod_sm_C        [LP]     0 / 0.00 / 0.00 [init]     0 / 0.00 / 0.00 [rLC]     0 / 0.00 / 0.00 [rUC]     0 / 0.00 / 0.00 [sLC]     0 / 0.00 / 0.00 [sUC]     0 / 0.00 / 0.00 
facet            [LP]     0 / 0.00 / 0.00 [init]     0 / 0.00 / 0.00 [rLC]     0 / 0.00 / 0.00 [rUC]     0 / 0.00 / 0.00 [sLC]     0 / 0.00 / 0.00 [sUC]     0 / 0.00 / 0.00 
Separation Round:   [LP] 0  [init] 1  [rLC] 6  [rUC] 20  [sLC] 20  [sUC] 49020  
Root Best Bound 657.071696
Root Best Integer: 648.040479
Best Bound: 651.941522
Best Integer: 649.105648
1: 133, 326, 388, 426, 563, 667, 705, 711, 749, 760
Objective Value (calc): 649.059714
sum_etaM = 602.066667 / 602.066667
sum_etaP = 696.144630 / 696.052760
nL: 10
nCL: 0
mCL: 1
