Version identifier: 20.1.0.0 | 2020-11-10 | 9bedb6d68
CPXPARAM_Threads                                 1
CPXPARAM_TimeLimit                               3600
CPXPARAM_MIP_Tolerances_MIPGap                   0
Generic callback                                 0x60
1 of 1 MIP starts provided solutions.
MIP start 'm1' defined initial solution with objective 307.2009.
Tried aggregator 2 times.
MIP Presolve eliminated 34 rows and 26 columns.
MIP Presolve modified 467 coefficients.
Aggregator did 8 substitutions.
Reduced MIP has 1203 rows, 1566 columns, and 6539 nonzeros.
Reduced MIP has 387 binaries, 379 generals, 0 SOSs, and 0 indicators.
Presolve time = 0.00 sec. (2.90 ticks)
Probing time = 0.00 sec. (0.35 ticks)
Tried aggregator 1 time.
Reduced MIP has 1203 rows, 1566 columns, and 6539 nonzeros.
Reduced MIP has 387 binaries, 379 generals, 0 SOSs, and 0 indicators.
Presolve time = 0.00 sec. (1.68 ticks)
Probing time = 0.00 sec. (0.35 ticks)
MIP emphasis: balance optimality and feasibility.
MIP search method: dynamic search.
Parallel mode: none, using 1 thread.
Root relaxation solution time = 0.02 sec. (13.13 ticks)

        Nodes                                         Cuts/
   Node  Left     Objective  IInf  Best Integer    Best Bound    ItCnt     Gap

*     0+    0                          307.2009      400.0000            30.21%
      0     0      347.6546    88      307.2009      347.6546      838   13.17%
      0     0      318.2214   260      307.2009     Cuts: 400     1458    3.59%
      0     0      317.0967   268      307.2009     Cuts: 222     1844    3.22%
      0     0      316.6499   300      307.2009     Cuts: 163     2106    3.08%
      0     0      316.1366   268      307.2009     Cuts: 185     2366    2.91%
      0     0      315.7891   310      307.2009     Cuts: 145     2594    2.80%
      0     0      315.4655   294      307.2009     Cuts: 139     2867    2.69%
      0     0      315.3991   326      307.2009      Cuts: 91     2997    2.67%
      0     0      315.2328   278      307.2009      Cuts: 80     3168    2.61%
      0     0      315.1892   314      307.2009      Cuts: 76     3264    2.60%
      0     0      315.1543   296      307.2009      Cuts: 59     3378    2.59%
      0     0      315.1285   292      307.2009      Cuts: 61     3494    2.58%
      0     0      315.0853   304      307.2009      Cuts: 65     3632    2.57%
      0     0      315.0690   320      307.2009      Cuts: 52     3703    2.56%
      0     0      315.0628   316      307.2009 UserPurge2: 24     3748    2.56%
      0     0      315.0579   322      307.2009 UserPurge2: 22     3807    2.56%
      0     0      315.0567   332      307.2009 UserPurge2: 11     3832    2.56%
      0     0      315.0562   332      307.2009 UserPurge2: 10     3848    2.56%
      0     0      315.0561   334      307.2009 UserPurge2: 1     3851    2.56%
*     0+    0                          307.2009      315.0561             2.56%
      0     2      315.0250   312      307.2009      315.0242     3851    2.55%
Elapsed time = 1.93 sec. (1810.00 ticks, tree = 0.01 MB, solutions = 2)
      6     8      314.5916   304      307.2009      315.0242     5504    2.55%
     10    12      314.0407   296      307.2009      315.0242     7069    2.55%
     14    16      313.6843   286      307.2009      315.0242     9579    2.55%
     18    20      312.9634   272      307.2009      315.0242    10828    2.55%
     20    22      312.4408   266      307.2009      315.0242    11678    2.55%
     28    30      311.8045   238      307.2009      315.0242    13515    2.55%
     30    32      311.3873   246      307.2009      315.0242    13918    2.55%
     38    40      311.0621   226      307.2009      315.0242    15700    2.55%
     45    47      310.3857   230      307.2009      315.0242    16568    2.55%
     88    83      313.9888   290      307.2009      314.8690    21282    2.50%
Elapsed time = 5.62 sec. (5558.31 ticks, tree = 0.47 MB, solutions = 2)
    120   115      311.8883   216      307.2009      314.8690    26301    2.50%
    172   163      313.6157   310      307.2009      314.8585    32544    2.49%
    190   181      312.0883   256      307.2009      314.8585    36166    2.49%
    239   230      308.1950   208      307.2009      314.8585    39682    2.49%
    280   267      311.4308   272      307.2009      314.8581    43734    2.49%
    322   305      313.6654   294      307.2009      314.6648    47971    2.43%
    351   334      310.9220   248      307.2009      314.6648    51776    2.43%
    391   370      313.4242   268      307.2009      314.6629    55718    2.43%
    420   399      310.7365   192      307.2009      314.6629    59516    2.43%
    471   442      314.0518   298      307.2009      314.6534    64380    2.43%
Elapsed time = 16.10 sec. (15686.92 ticks, tree = 3.78 MB, solutions = 2)
    490   461      312.0159   270      307.2009      314.6534    68069    2.43%
    533   504      308.6570   216      307.2009      314.6534    72412    2.43%
    565   532      312.7808   278      307.2009      314.5977    75872    2.41%
    600   567      309.1363   232      307.2009      314.5977    79984    2.41%
    629   592      312.5172   266      307.2009      314.5904    84691    2.41%
    670   633      307.9039   212      307.2009      314.5904    88409    2.41%
    703   660      312.4785   260      307.2009      314.5816    92996    2.40%
    742   699      308.1683   178      307.2009      314.5816    96756    2.40%
    770   723      312.7376   280      307.2009      314.5478   100955    2.39%
    791   744      309.9300   208      307.2009      314.5478   105041    2.39%
Elapsed time = 25.58 sec. (25622.77 ticks, tree = 7.51 MB, solutions = 2)
    825   775      314.0591   304      307.2009      314.5452   109801    2.39%
    842   792      312.1688   286      307.2009      314.5452   113024    2.39%
    880   830      308.3392   244      307.2009      314.5452   117336    2.39%
    910   854      312.3456   264      307.2009      314.5439   121655    2.39%
    951   895      308.1994   200      307.2009      314.5439   126962    2.39%

Performing restart 1

Repeating presolve.
Tried aggregator 1 time.
MIP Presolve modified 138 coefficients.
Reduced MIP has 1203 rows, 1566 columns, and 6539 nonzeros.
Reduced MIP has 387 binaries, 379 generals, 0 SOSs, and 0 indicators.
Presolve time = 0.00 sec. (1.76 ticks)
Tried aggregator 1 time.
Reduced MIP has 1203 rows, 1566 columns, and 6539 nonzeros.
Reduced MIP has 387 binaries, 379 generals, 0 SOSs, and 0 indicators.
Presolve time = 0.00 sec. (1.73 ticks)
Represolve time = 0.02 sec. (12.66 ticks)
    956     0      312.6119   268      307.2009     Cuts: 176   132386    1.76%
    956     0      312.4911   258      307.2009      Cuts: 81   132569    1.72%
    956     0      312.4450   282      307.2009      Cuts: 56   132723    1.71%
    956     0      312.3826   293      307.2009      Cuts: 63   132853    1.69%
    956     0      312.3570   298      307.2009      Cuts: 61   132961    1.68%
    956     0      312.2987   276      307.2009      Cuts: 59   133092    1.66%
    956     0      312.2566   298      307.2009      Cuts: 58   133197    1.65%
    956     0      312.2162   278      307.2009      Cuts: 46   133324    1.63%
    956     0      312.1903   290      307.2009      Cuts: 49   133408    1.62%
    956     0      312.1575   286      307.2009      Cuts: 55   133523    1.61%
    956     0      312.0902   292      307.2009      Cuts: 63   133700    1.59%
    956     0      312.0526   282      307.2009      Cuts: 59   133829    1.58%
    956     0      312.0323   298      307.2009      Cuts: 54   133933    1.57%
    956     0      312.0196   292      307.2009      Cuts: 43   134000    1.57%
    956     0      311.9930   288      307.2009      Cuts: 48   134103    1.56%
    956     0      311.9823   280      307.2009      Cuts: 39   134168    1.56%
    956     0      311.9751   278      307.2009      Cuts: 28   134236    1.55%
    956     0      311.9626   264      307.2009      Cuts: 27   134312    1.55%
    956     0      311.9566   272      307.2009      Cuts: 25   134368    1.55%
    956     2      311.9418   282      307.2009      311.9415   134368    1.54%
    957     3      311.9281   274      307.2009      311.9277   134467    1.54%
    958     4      311.9225   284      307.2009      311.9255   134592    1.54%
    960     6      311.5735   306      307.2009      311.9197   135477    1.54%
    961     7      311.2684   274      307.2009      311.9197   135756    1.54%
Elapsed time = 39.29 sec. (40527.19 ticks, tree = 0.05 MB, solutions = 2)
    962     8      311.5172   282      307.2009      311.9197   136070    1.54%
    964    10      311.5000   284      307.2009      311.9197   136867    1.54%
    966    12      311.2226   268      307.2009      311.9197   138077    1.54%
    968    14      311.2207   262      307.2009      311.9197   138759    1.54%
    970    16      311.1734   250      307.2009      311.9197   139791    1.54%
    974    20      310.9062   236      307.2009      311.9197   140840    1.54%
    976    22      311.0230   252      307.2009      311.9197   141033    1.54%
    980    26      310.7679   234      307.2009      311.9197   141917    1.54%
*   986+   30                          307.5326      311.9197             1.43%
    987    33      310.3135   194      307.5326      311.9197   143272    1.43%
    995    41      309.8287   202      307.5326      311.9197   144563    1.43%
Elapsed time = 49.53 sec. (52822.53 ticks, tree = 0.19 MB, solutions = 3)
   1012    57      307.9376   180      307.5326      311.9197   147087    1.43%
   1028    62      311.7250   306      307.5326      311.9182   148499    1.43%
   1036    70      311.1362   282      307.5326      311.9182   150301    1.43%
   1049    83      311.2756   254      307.5326      311.9182   153477    1.43%
   1059    93      310.9803   258      307.5326      311.9182   156634    1.43%
   1072   106      309.6049   214      307.5326      311.9182   159247    1.43%
   1114   132      311.5380   302      307.5326      311.7391   164052    1.37%
   1136   154      310.9510   244      307.5326      311.7391   167660    1.37%
   1174   192      309.6055   153      307.5326      311.7391   171373    1.37%
   1197   210      311.5443   288      307.5326      311.7257   174435    1.36%
Elapsed time = 58.67 sec. (63118.78 ticks, tree = 0.61 MB, solutions = 3)
   1218   231      311.0115   232      307.5326      311.7257   177666    1.36%
   1257   270      309.2223   184      307.5326      311.7257   181848    1.36%
   1296   305      310.3981   234      307.5326      311.7249   187495    1.36%
   1335   341      307.7986   158      307.5326      311.7249   191721    1.36%
   1356   354      311.1826   272      307.5326      311.6982   194178    1.35%
   1373   371      310.4878   246      307.5326      311.6982   199802    1.35%
   1385   383      310.4830   214      307.5326      311.6982   202994    1.35%
   1409   406      307.8135   192      307.5326      311.6982   207714    1.35%
   1451   431      311.2069   258      307.5326      311.6417   213217    1.34%
   1483   463      308.7795   192      307.5326      311.6417   217780    1.34%
Elapsed time = 67.93 sec. (73050.93 ticks, tree = 1.05 MB, solutions = 3)
   1535   509      311.0647   264      307.5326      311.5720   223348    1.31%
   1566   540      310.1305   184      307.5326      311.5720   227933    1.31%
   1619   585      311.1503   268      307.5326      311.5706   232569    1.31%
   1643   609      310.1179   226      307.5326      311.5706   236827    1.31%
   1686   650      307.3256   184      307.5326      311.5706   240947    1.31%
   1721   679      310.5102   250      307.5326      311.5689   245714    1.31%
   1769   727      308.8713   162      307.5326      311.5689   251087    1.31%
   1813   762      309.9775   258      307.5326      311.5461   256172    1.31%
   1834   783      308.6411   234      307.5326      311.5461   260974    1.31%
   1856   793      311.0637   286      307.5326      311.5436   265459    1.30%
Elapsed time = 77.39 sec. (82786.36 ticks, tree = 1.54 MB, solutions = 3)
*  1876+  799                          307.5850      311.5436             1.29%
*  1876+  778                          307.7241      311.5436             1.24%
   1879   783      310.3204   204      307.7241      311.5436   269381    1.24%
   1916   820      309.2401   190      307.7241      311.5436   272616    1.24%
   1975   866      311.1047   290      307.7241      311.5379   275149    1.24%
   1996   887      310.4344   224      307.7241      311.5379   278563    1.24%
   2034   925      308.5588   173      307.7241      311.5379   283084    1.24%
   2057   942      310.8744   282      307.7241      311.5164   286593    1.23%
   2077   962      308.6068   242      307.7241      311.5164   290607    1.23%
   2112   988      311.0233   276      307.7241      311.5126   295320    1.23%
   2126  1002      310.3595   230      307.7241      311.5126   297515    1.23%
   2182  1053      307.8502   141      307.7241      311.5126   301022    1.23%
Elapsed time = 86.65 sec. (92678.22 ticks, tree = 1.93 MB, solutions = 5)
   2200  1066      310.7358   274      307.7241      311.4998   303778    1.23%
   2236  1092      307.8884   196      307.7241      311.4998   307380    1.23%
   2279  1129      310.2627   206      307.7241      311.4997   310494    1.23%
   2326  1172      310.7600   248      307.7241      311.4980   314038    1.23%
   2395  1231      310.5633   284      307.7241      311.4850   317686    1.22%
   2429  1265      308.9525   182      307.7241      311.4850   319986    1.22%
*  2476+ 1236                          307.9189      311.4848             1.16%
   2476  1238      311.1080   236      307.9189      311.4848   322571    1.16%
   2506  1268      309.3031   173      307.9189      311.4848   325174    1.16%
   2555  1307      309.7241   220      307.9189      311.4777   328540    1.16%
   2674  1404      310.4182   258      307.9189      311.4558   340683    1.15%
Elapsed time = 98.67 sec. (105497.44 ticks, tree = 8.14 MB, solutions = 6)
   2858  1573      309.1299   228      307.9189      311.4148   352856    1.14%
   3031  1724      309.2855   159      307.9189      311.4137   365891    1.13%
   3205  1873      310.8060   270      307.9189      311.4116   379524    1.13%
   3433  2064      311.0702   290      307.9189      311.4042   395298    1.13%
   3588  2204      308.2689   190      307.9189      311.3992   410294    1.13%
   3757  2349      309.6589   189      307.9189      311.3966   422088    1.13%
   3925  2494      308.3013   176      307.9189      311.3828   437255    1.12%
   4152  2684      310.4230   256      307.9189      311.3711   453104    1.12%
   4346  2850      309.7605   226      307.9189      311.3588   468784    1.12%
   4509  2999      308.4386   170      307.9189      311.3535   485460    1.12%
Elapsed time = 135.67 sec. (143961.35 ticks, tree = 36.97 MB, solutions = 6)
   4726  3178      310.6828   256      307.9189      311.3409   501399    1.11%
   4921  3336      309.6358   246      307.9189      311.3384   518437    1.11%
   5112  3502      309.7613   252      307.9189      311.3328   533994    1.11%
   5315  3668      310.9823   224      307.9189      311.3224   550319    1.11%
   5536  3845      309.4943   173      307.9189      311.3120   567064    1.10%
   5746  4015      309.0556   204      307.9189      311.3042   583151    1.10%
   5967  4183      310.0314   222      307.9189      311.2860   599163    1.09%
   6202  4371      308.2902   204      307.9189      311.2771   616110    1.09%
   6407  4538      309.7252   232      307.9189      311.2635   632575    1.09%
   6626  4713      308.7477   206      307.9189      311.2559   649218    1.08%
Elapsed time = 173.18 sec. (182372.21 ticks, tree = 66.90 MB, solutions = 6)
   6864  4905      310.9498   270      307.9189      311.2455   666053    1.08%
   7005  5032      309.1893   165      307.9189      311.2431   680647    1.08%
   7265  5241      310.9354   260      307.9189      311.2310   697476    1.08%
   7456  5405      310.2875   218      307.9189      311.2259   713590    1.07%
   7624  5550      308.5840   182      307.9189      311.2196   729575    1.07%
   7815  5712      310.5310   258      307.9189      311.2113   745030    1.07%
   7996  5861      310.7594   256      307.9189      311.2081   761377    1.07%
   8183  6020      308.4948   187      307.9189      311.2067   777064    1.07%
   8370  6176      310.2109   226      307.9189      311.2047   793350    1.07%
   8566  6331      310.7144   250      307.9189      311.1982   809065    1.07%
Elapsed time = 210.45 sec. (220798.73 ticks, tree = 93.52 MB, solutions = 6)
   8738  6485      309.3841   208      307.9189      311.1964   824857    1.06%
   8971  6677        cutoff            307.9189      311.1932   841225    1.06%
   9139  6820      310.7357   270      307.9189      311.1890   856568    1.06%
   9306  6963      309.4770   230      307.9189      311.1815   872641    1.06%
   9521  7125      308.7857   250      307.9189      311.1718   888110    1.06%
   9680  7257      309.2837   206      307.9189      311.1714   903483    1.06%
   9935  7447      309.8691   236      307.9189      311.1703   919811    1.06%
  10152  7617      309.7437   262      307.9189      311.1684   936870    1.06%
  10341  7768      310.6268   258      307.9189      311.1654   952702    1.05%
  10516  7913      308.6069   228      307.9189      311.1641   965340    1.05%
Elapsed time = 249.65 sec. (260259.49 ticks, tree = 124.99 MB, solutions = 6)
  10518  7915      310.6839   250      307.9189      311.1618   965911    1.05%
  10688  8051      310.0153   242      307.9189      311.1595   981654    1.05%
  10888  8214      308.9472   254      307.9189      311.1547   998318    1.05%
  11034  8325      311.0075   246      307.9189      311.1513  1013987    1.05%
  11286  8528      309.4654   228      307.9189      311.1483  1030568    1.05%
  11506  8713      310.1747   284      307.9189      311.1449  1047860    1.05%
  11685  8866      308.9891   108      307.9189      311.1395  1064129    1.05%
  11924  9052      310.8407   246      307.9189      311.1361  1080226    1.04%
  12182  9260      308.3679   258      307.9189      311.1347  1097292    1.04%
  12347  9403      309.2477   164      307.9189      311.1272  1113643    1.04%
Elapsed time = 294.41 sec. (304301.33 ticks, tree = 145.91 MB, solutions = 6)
  12556  9575      310.9138   264      307.9189      311.1237  1130444    1.04%
  12774  9752      310.0865   224      307.9189      311.1225  1147457    1.04%
  12978  9934      308.3635   207      307.9189      311.1200  1164649    1.04%
  13157 10076      309.2924   260      307.9189      311.1190  1180834    1.04%
  13347 10230      309.4901   191      307.9189      311.1179  1197249    1.04%
  13513 10360      309.4832   218      307.9189      311.1141  1213329    1.04%
  13686 10508      310.1007   186      307.9189      311.1109  1229616    1.04%
  13982 10747      309.9752   240      307.9189      311.1092  1245371    1.04%
  14187 10921      309.6290   272      307.9189      311.1068  1261754    1.04%
  14366 11065      310.8015   270      307.9189      311.1060  1277913    1.04%
Elapsed time = 331.71 sec. (342660.48 ticks, tree = 172.12 MB, solutions = 6)
  14570 11234      310.9159   270      307.9189      311.1053  1293953    1.03%
  14775 11406      309.2415   216      307.9189      311.1014  1310775    1.03%
  14959 11556      308.1744   199      307.9189      311.1006  1327568    1.03%
  15136 11703      309.6580   250      307.9189      311.0961  1343537    1.03%
  15336 11874      310.6512   220      307.9189      311.0934  1360324    1.03%
  15528 12032      308.6794   229      307.9189      311.0900  1376831    1.03%
  15693 12173      307.9371   185      307.9189      311.0882  1393287    1.03%
  15918 12343      310.0434   262      307.9189      311.0846  1410186    1.03%
  16156 12517      309.2786   236      307.9189      311.0799  1426031    1.03%
  16380 12685      309.7356   215      307.9189      311.0783  1442689    1.03%
Elapsed time = 369.34 sec. (381233.46 ticks, tree = 201.07 MB, solutions = 6)
  16554 12825      308.9631   220      307.9189      311.0766  1458758    1.03%
  16763 12998      308.4849   198      307.9189      311.0757  1474552    1.03%
  16968 13152      307.9716   242      307.9189      311.0714  1490028    1.02%
  17138 13295      310.5059   262      307.9189      311.0698  1506611    1.02%
  17352 13465      310.6590   248      307.9189      311.0664  1523088    1.02%
  17552 13615      310.1190   254      307.9189      311.0645  1538766    1.02%
  17784 13810      309.5729   238      307.9189      311.0624  1555179    1.02%
  18016 13983      309.2910   234      307.9189      311.0611  1571837    1.02%
  18217 14146      308.6630   226      307.9189      311.0597  1588295    1.02%
  18401 14297      308.0214   170      307.9189      311.0593  1605359    1.02%
Elapsed time = 406.85 sec. (419504.39 ticks, tree = 229.51 MB, solutions = 6)
  18579 14449      309.0014   208      307.9189      311.0578  1620782    1.02%
  18778 14619      309.8408   241      307.9189      311.0547  1636650    1.02%
  18967 14776      308.4965   234      307.9189      311.0530  1652707    1.02%
  19143 14913      308.8818   238      307.9189      311.0482  1669454    1.02%
  19327 15065      308.5392   221      307.9189      311.0451  1685762    1.02%
  19496 15199      310.7917   260      307.9189      311.0439  1701020    1.01%
  19706 15360      309.7759   238      307.9189      311.0424  1718187    1.01%
  19904 15519      309.5785   220      307.9189      311.0410  1734202    1.01%
  20061 15655      309.4778   220      307.9189      311.0404  1750530    1.01%

Performing restart 2

Repeating presolve.
Tried aggregator 1 time.
MIP Presolve modified 76 coefficients.
Reduced MIP has 1203 rows, 1566 columns, and 6539 nonzeros.
Reduced MIP has 387 binaries, 379 generals, 0 SOSs, and 0 indicators.
Presolve time = 0.00 sec. (1.75 ticks)
Tried aggregator 1 time.
Reduced MIP has 1203 rows, 1566 columns, and 6539 nonzeros.
Reduced MIP has 387 binaries, 379 generals, 0 SOSs, and 0 indicators.
Presolve time = 0.00 sec. (1.73 ticks)
Represolve time = 0.08 sec. (24.31 ticks)
  20080     0      311.6650   342      307.9189      Cuts: 95  1758017    1.01%
  20080     0      311.6249   316      307.9189      Cuts: 60  1758173    1.01%
  20080     0      311.6038   312      307.9189      Cuts: 42  1758270    1.01%
  20080     0      311.5953   338      307.9189      Cuts: 37  1758354    1.01%
  20080     0      311.5828   310      307.9189      Cuts: 35  1758427    1.01%
  20080     0      311.5738   282      307.9189      Cuts: 32  1758491    1.01%
  20080     0      311.5711   310      307.9189      Cuts: 20  1758536    1.01%
  20080     0      311.5687   298      307.9189      Cuts: 29  1758585    1.01%
  20080     0      311.5630   306      307.9189      Cuts: 17  1758643    1.01%
  20080     0      311.5603   304      307.9189   MIRcuts: 26  1758704    1.01%
  20080     0      311.5429   304      307.9189      Cuts: 34  1758817    1.01%
  20080     0      311.5281   308      307.9189      Cuts: 42  1758934    1.01%
  20080     2      311.5266   312      307.9189      311.0404  1758934    1.01%
Elapsed time = 445.11 sec. (459172.99 ticks, tree = 0.01 MB, solutions = 6)
  20085     7      311.2244   266      307.9189      311.0404  1759951    1.01%
  20094    16      310.8612   246      307.9189      311.0404  1761111    1.01%
  20113    35      310.0999   214      307.9189      311.0404  1763540    1.01%
  20200   106      309.8785   234      307.9189      311.0404  1771677    1.01%
  20356   242      310.6246   210      307.9189      311.0404  1784668    1.01%
  20520   382      309.9271   250      307.9189      311.0404  1802290    1.01%
  20756   593      310.4698   250      307.9189      311.0404  1824299    1.01%
  20930   750      309.4484   226      307.9189      311.0404  1843833    1.01%
  21353  1116      308.0387   184      307.9189      311.0404  1863827    1.01%
  21680  1397      309.6875   192      307.9189      311.0404  1883593    1.01%
Elapsed time = 480.52 sec. (498095.88 ticks, tree = 9.97 MB, solutions = 6)
  22030  1701      310.5987   234      307.9189      311.0404  1902996    1.01%
* 22450  1941      integral     0      308.0961      311.0404  1922063    0.96%
  22469  1959      309.6152   246      308.0961      311.0404  1923157    0.96%
  22841  2272      308.2429   117      308.0961      311.0404  1943327    0.96%
  23196  2560      309.3745   210      308.0961      311.0404  1962932    0.96%
  23537  2850      308.9974   196      308.0961      311.0404  1982037    0.96%
  23876  3139      308.4031   161      308.0961      311.0404  2002504    0.96%
  24149  3363      310.7052   246      308.0961      311.0404  2021138    0.96%
  24480  3628      310.6709   240      308.0961      311.0404  2039556    0.96%
  24795  3893      311.0356   244      308.0961      311.0404  2058305    0.96%
  25102  4135      308.1025   135      308.0961      311.0404  2078051    0.96%
Elapsed time = 520.92 sec. (536331.19 ticks, tree = 43.70 MB, solutions = 7)
  25431  4422      309.6016   254      308.0961      311.0404  2096964    0.96%
  25731  4669      309.7776   202      308.0961      311.0404  2115829    0.96%
  26012  4905      308.9642   168      308.0961      311.0404  2135361    0.96%
  26352  5184      308.6736   149      308.0961      311.0404  2152869    0.96%
  26683  5444      310.1024   216      308.0961      311.0404  2170358    0.96%
  26982  5675      309.5151   236      308.0961      311.0404  2188140    0.96%
  27311  5930      309.2987   182      308.0961      311.0404  2206677    0.96%
  27629  6183      308.2360   157      308.0961      311.0404  2227145    0.96%
  27953  6432      310.5097   238      308.0961      311.0404  2245574    0.96%
  28285  6712      308.6174   187      308.0961      311.0404  2263274    0.96%
Elapsed time = 560.36 sec. (574550.47 ticks, tree = 72.64 MB, solutions = 7)
  28642  7009      308.6118   125      308.0961      311.0404  2282522    0.96%
  28941  7252      308.7961   182      308.0961      311.0385  2301357    0.96%
  29264  7522      310.1541   232      308.0961      311.0244  2320913    0.95%
  29552  7758      309.3489   200      308.0961      311.0193  2339399    0.95%
  29934  8075      310.6662   238      308.0961      311.0125  2357379    0.95%
  30262  8332        cutoff            308.0961      311.0043  2377308    0.94%
  30593  8597      310.2839   242      308.0961      311.0011  2396602    0.94%
  30995  8925      309.4941   196      308.0961      310.9821  2415212    0.94%
  31320  9187      310.5521   230      308.0961      310.9732  2435002    0.93%
  31664  9461      309.4805   204      308.0961      310.9641  2454620    0.93%
Elapsed time = 600.28 sec. (612796.33 ticks, tree = 101.30 MB, solutions = 7)
* 31770+ 8469                          308.3305      310.9633             0.85%
  31980  8652      310.3505   242      308.3305      310.9597  2468144    0.85%
  32250  8861      310.3494   228      308.3305      310.9562  2484251    0.85%
  32540  9086      309.0163   214      308.3305      310.9539  2501548    0.85%
  32864  9337      310.5182   252      308.3305      310.9498  2520971    0.85%
  33138  9549      308.3554   128      308.3305      310.9427  2540006    0.85%
  33440  9787      309.8863   234      308.3305      310.9401  2557875    0.85%
  33762 10038      310.1475   232      308.3305      310.9353  2577490    0.84%
  34075 10282      309.2187   226      308.3305      310.9302  2597041    0.84%
  34382 10522      310.6203   230      308.3305      310.9270  2616670    0.84%
  34650 10743      309.0761   202      308.3305      310.9234  2636559    0.84%
Elapsed time = 639.25 sec. (651207.18 ticks, tree = 114.35 MB, solutions = 8)
  35037 11058      308.4555   192      308.3305      310.9202  2655246    0.84%
  35345 11290      309.1869   228      308.3305      310.9157  2673387    0.84%
  35699 11573      309.5040   166      308.3305      310.9079  2691687    0.84%
  36052 11860      310.4589   260      308.3305      310.9000  2710665    0.83%
  36321 12071        cutoff            308.3305      310.8945  2730163    0.83%
  36639 12310      310.3468   248      308.3305      310.8892  2748608    0.83%
  36984 12576      308.3963   208      308.3305      310.8790  2768168    0.83%
  37280 12817      308.8101   172      308.3305      310.8744  2787504    0.83%
  37644 13090      308.7316   160      308.3305      310.8700  2807390    0.82%
  38021 13410      308.7640    74      308.3305      310.8629  2826099    0.82%
Elapsed time = 679.07 sec. (689502.18 ticks, tree = 142.66 MB, solutions = 8)
  38316 13640      310.3610   268      308.3305      310.8546  2845889    0.82%
  38584 13854      308.7897   183      308.3305      310.8504  2865569    0.82%
  38903 14116      309.6963   222      308.3305      310.8462  2884368    0.82%
  39166 14316      308.3367   212      308.3305      310.8402  2904096    0.81%
  39466 14552      310.3929   258      308.3305      310.8329  2922193    0.81%
  39761 14778      308.4020   122      308.3305      310.8294  2942126    0.81%
  40067 15005      310.3361   250      308.3305      310.8251  2962510    0.81%
  40432 15300      309.1634   218      308.3305      310.8174  2981046    0.81%
  40751 15549      309.2290   182      308.3305      310.8140  2999978    0.81%
  41040 15781      309.8714   242      308.3305      310.8107  3019756    0.80%
Elapsed time = 718.09 sec. (727732.01 ticks, tree = 175.50 MB, solutions = 8)
  41332 16011      309.9497   211      308.3305      310.8064  3039010    0.80%
  41715 16290      309.8033   234      308.3305      310.8025  3056975    0.80%
  42058 16558      310.5010   240      308.3305      310.7987  3076870    0.80%
  42362 16811      310.4407   248      308.3305      310.7928  3095986    0.80%
  42689 17084      309.5146   230      308.3305      310.7890  3115139    0.80%
  43000 17325      309.2926   193      308.3305      310.7837  3135358    0.80%
  43355 17597      309.9928   242      308.3305      310.7817  3154729    0.79%
  43655 17815        cutoff            308.3305      310.7755  3175206    0.79%
  43982 18071      309.8373   254      308.3305      310.7723  3194389    0.79%
  44248 18289      309.0280   170      308.3305      310.7693  3214159    0.79%
Elapsed time = 757.39 sec. (765945.15 ticks, tree = 211.18 MB, solutions = 8)
  44607 18551      308.3439   109      308.3305      310.7660  3233963    0.79%
  44909 18789      309.5158   183      308.3305      310.7623  3253096    0.79%
  45236 19025      309.2060   219      308.3305      310.7581  3272685    0.79%
  45539 19266      310.4876   250      308.3305      310.7516  3292602    0.79%
  45869 19518      308.4375   145      308.3305      310.7483  3312352    0.78%
  46170 19743      308.4831   142      308.3305      310.7461  3332087    0.78%
  46529 20025      310.3067   258      308.3305      310.7451  3350931    0.78%
  46840 20260      308.4603   133      308.3305      310.7421  3371248    0.78%
  47150 20505      309.3553   198      308.3305      310.7405  3390724    0.78%
  47444 20721      309.6959   236      308.3305      310.7392  3409483    0.78%
Elapsed time = 796.49 sec. (804253.93 ticks, tree = 236.22 MB, solutions = 8)
  47779 20992      310.2229   246      308.3305      310.7361  3428617    0.78%
  48046 21201      308.6167   212      308.3305      310.7311  3448402    0.78%
  48390 21475      308.5887   194      308.3305      310.7284  3468942    0.78%
  48731 21715      309.5406   180      308.3305      310.7254  3488169    0.78%
  49028 21950      308.7378   156      308.3305      310.7241  3507543    0.78%
  49335 22170      310.2827   200      308.3305      310.7210  3526572    0.78%
  49658 22424      309.0091   210      308.3305      310.7174  3546590    0.77%
  49960 22661      309.6467   230      308.3305      310.7135  3566775    0.77%
  50296 22917      310.3964   236      308.3305      310.7106  3585511    0.77%
  50625 23175      308.9678   226      308.3305      310.7073  3604918    0.77%
Elapsed time = 835.38 sec. (842469.93 ticks, tree = 261.88 MB, solutions = 8)
  50925 23407      309.5544   234      308.3305      310.7053  3625290    0.77%
  51256 23669      309.1489   201      308.3305      310.7026  3644648    0.77%
  51576 23905      310.2372   236      308.3305      310.7007  3663401    0.77%
  51902 24145      310.2773   244      308.3305      310.7000  3682761    0.77%
  52239 24405      309.3694   192      308.3305      310.6982  3701946    0.77%
  52622 24702      308.8020   209      308.3305      310.6965  3720670    0.77%
  52960 24948      308.9950   203      308.3305      310.6951  3739885    0.77%
  53270 25185      309.9136   246      308.3305      310.6930  3759812    0.77%
  53539 25404      308.5320   168      308.3305      310.6917  3779799    0.77%
  53890 25679      309.3954   202      308.3305      310.6901  3798705    0.77%
Elapsed time = 874.59 sec. (880738.75 ticks, tree = 293.26 MB, solutions = 8)
  54218 25919      309.6027   218      308.3305      310.6872  3818998    0.76%
  54574 26177      309.2140   152      308.3305      310.6849  3838908    0.76%
  54919 26436      309.7772   216      308.3305      310.6819  3859209    0.76%
  55221 26665      309.1032   225      308.3305      310.6801  3879039    0.76%
  55529 26884      310.1837   232      308.3305      310.6763  3899218    0.76%
  55887 27184      310.2027   242      308.3305      310.6748  3918548    0.76%
  56272 27476      309.5379   194      308.3305      310.6737  3938036    0.76%
  56644 27750      310.3689   238      308.3305      310.6701  3956990    0.76%
  56976 28028      308.6738   168      308.3305      310.6693  3975235    0.76%
  57332 28277      308.5480   214      308.3305      310.6673  3995053    0.76%
Elapsed time = 913.97 sec. (919021.75 ticks, tree = 323.01 MB, solutions = 8)
  57665 28543      308.6808   206      308.3305      310.6642  4015152    0.76%
  57930 28741      309.3828   192      308.3305      310.6629  4034260    0.76%
  58270 29022      308.3839   169      308.3305      310.6606  4054386    0.76%
  58584 29262      308.5253   175      308.3305      310.6589  4074610    0.76%
  58906 29490      310.1760   258      308.3305      310.6547  4094601    0.75%
  59236 29739      308.9169   190      308.3305      310.6521  4114029    0.75%
  59548 29976      309.2958   230      308.3305      310.6505  4133637    0.75%
  59892 30242      308.9490   212      308.3305      310.6453  4153780    0.75%
  60264 30499      309.6873   228      308.3305      310.6423  4172694    0.75%
  60559 30727      309.0367   208      308.3305      310.6405  4191738    0.75%
Elapsed time = 952.77 sec. (957253.34 ticks, tree = 348.07 MB, solutions = 8)
  60859 30970      309.8238   222      308.3305      310.6385  4212569    0.75%
  61196 31239      308.5275   157      308.3305      310.6370  4231861    0.75%
  61534 31472      310.1840   228      308.3305      310.6347  4251413    0.75%
  61851 31720      309.7548   194      308.3305      310.6312  4272021    0.75%
  62165 31960      309.7399   218      308.3305      310.6285  4292699    0.75%
  62494 32209      308.7103   156      308.3305      310.6258  4311443    0.74%
  62820 32452      308.5384   134      308.3305      310.6238  4332479    0.74%
* 63090+31570                          308.3919      310.6227             0.72%
  63198 31659      308.5875   209      308.3919      310.6220  4348572    0.72%
  63450 31858      310.1264   226      308.3919      310.6204  4365903    0.72%
  63740 32087      309.6567   228      308.3919      310.6181  4383886    0.72%
Elapsed time = 991.65 sec. (995512.94 ticks, tree = 367.08 MB, solutions = 9)
  64042 32308      308.8331   211      308.3919      310.6164  4403307    0.72%
  64311 32508      310.1697   242      308.3919      310.6148  4422746    0.72%
  64640 32767      309.3198   206      308.3919      310.6130  4440165    0.72%
  65003 33034      309.4831   226      308.3919      310.6117  4459470    0.72%
  65354 33316      310.0938   224      308.3919      310.6091  4478635    0.72%
  65663 33552      308.9880   206      308.3919      310.6082  4498981    0.72%
  66005 33805      309.7836   210      308.3919      310.6065  4518653    0.72%
  66291 34007      309.3312   224      308.3919      310.6048  4538994    0.72%
  66562 34228      309.5601   236      308.3919      310.6021  4558178    0.72%
  66840 34448      309.9414   229      308.3919      310.6002  4578191    0.72%
Elapsed time = 1030.74 sec. (1033828.19 ticks, tree = 395.68 MB, solutions = 9)
  67154 34681      309.7330   215      308.3919      310.5990  4597549    0.72%
  67425 34869      308.4687   182      308.3919      310.5978  4617561    0.72%
  67730 35118      308.8333   162      308.3919      310.5959  4637764    0.71%
  68034 35341      308.9666   204      308.3919      310.5943  4657870    0.71%
  68323 35563      308.4585   207      308.3919      310.5922  4678551    0.71%
  68643 35786      309.8318   242      308.3919      310.5906  4697792    0.71%
  68965 36022      310.2179   222      308.3919      310.5884  4717340    0.71%
  69296 36260      309.6573   252      308.3919      310.5863  4737561    0.71%
  69594 36482      308.7315   203      308.3919      310.5846  4758137    0.71%
  69859 36680      308.6435   216      308.3919      310.5826  4778439    0.71%
Elapsed time = 1069.60 sec. (1072060.14 ticks, tree = 420.84 MB, solutions = 9)
  70191 36936      308.6101   193      308.3919      310.5809  4797594    0.71%
  70541 37178      308.8138   206      308.3919      310.5793  4817359    0.71%
  70865 37420      310.2484   246      308.3919      310.5768  4837865    0.71%
  71258 37725      309.3184   246      308.3919      310.5759  4855786    0.71%
  71554 37949      309.4542   226      308.3919      310.5748  4875913    0.71%
  71880 38197      309.7821   230      308.3919      310.5731  4895492    0.71%
  72160 38418      310.2420   250      308.3919      310.5719  4914855    0.71%
  72473 38666      310.2445   240      308.3919      310.5708  4935031    0.71%
  72782 38909      308.9347   179      308.3919      310.5693  4954562    0.71%
  73108 39162      309.0289   108      308.3919      310.5676  4974234    0.71%
Elapsed time = 1109.33 sec. (1110356.54 ticks, tree = 453.11 MB, solutions = 9)
  73462 39423      310.2436   206      308.3919      310.5668  4994136    0.71%
  73761 39647      309.7626   227      308.3919      310.5659  5014461    0.70%
  74066 39872        cutoff            308.3919      310.5639  5034477    0.70%
  74447 40162      309.5371   214      308.3919      310.5624  5054226    0.70%
  74725 40369      309.4050   226      308.3919      310.5607  5075126    0.70%
  75073 40608      310.0793   272      308.3919      310.5596  5094341    0.70%
  75403 40861      310.0180   242      308.3919      310.5586  5114044    0.70%
  75748 41117      309.0920   218      308.3919      310.5568  5133745    0.70%
  76065 41356      308.9194   196      308.3919      310.5557  5154039    0.70%
  76418 41621      310.2419   234      308.3919      310.5533  5173730    0.70%
Elapsed time = 1148.80 sec. (1148582.65 ticks, tree = 477.88 MB, solutions = 9)
  76736 41849      309.1690   162      308.3919      310.5526  5192394    0.70%
  77030 42080      309.6810   225      308.3919      310.5507  5211421    0.70%
  77314 42282      309.0216   210      308.3919      310.5485  5230411    0.70%
  77618 42517      309.5180   216      308.3919      310.5468  5251055    0.70%
  77973 42795      310.1260   216      308.3919      310.5460  5270090    0.70%
  78291 43033      309.9597   212      308.3919      310.5452  5289943    0.70%
  78637 43286      308.7801   200      308.3919      310.5445  5309754    0.70%
  78908 43480      309.4024   178      308.3919      310.5428  5329934    0.70%
  79242 43745      308.6561   192      308.3919      310.5405  5349444    0.70%
  79573 44000      308.9371   194      308.3919      310.5394  5368536    0.70%
Elapsed time = 1188.08 sec. (1186914.27 ticks, tree = 506.43 MB, solutions = 9)
  79938 44263      309.3565   180      308.3919      310.5375  5387784    0.70%
  80288 44505      309.5486   256      308.3919      310.5357  5406692    0.70%
  80628 44759      309.2721   210      308.3919      310.5344  5426825    0.69%
  80940 44999      309.8861   200      308.3919      310.5324  5447769    0.69%
  81259 45240      308.5619   212      308.3919      310.5305  5468013    0.69%
  81574 45465      310.2017   260      308.3919      310.5286  5487050    0.69%
  81911 45713      309.8975   234      308.3919      310.5275  5507432    0.69%
  82252 45992      308.5122   154      308.3919      310.5262  5526764    0.69%
  82570 46234        cutoff            308.3919      310.5244  5546842    0.69%
  82912 46482      310.2149   228      308.3919      310.5222  5565987    0.69%
Elapsed time = 1227.60 sec. (1225174.98 ticks, tree = 540.22 MB, solutions = 9)
  83222 46707      309.3115   234      308.3919      310.5214  5585434    0.69%
  83577 46960      308.4757   168      308.3919      310.5201  5604118    0.69%
  83926 47209      309.4982   180      308.3919      310.5192  5623249    0.69%
  84284 47478      308.5935   156      308.3919      310.5187  5643360    0.69%
  84614 47721      308.7316   203      308.3919      310.5170  5662786    0.69%
  84955 47961      308.7662   155      308.3919      310.5155  5682505    0.69%
  85270 48185      309.9340   220      308.3919      310.5138  5701726    0.69%
  85618 48441      308.7343   181      308.3919      310.5129  5721308    0.69%
  85942 48681      308.4690   177      308.3919      310.5113  5741493    0.69%
  86213 48888      310.0114   248      308.3919      310.5104  5760293    0.69%
Elapsed time = 1266.87 sec. (1263370.03 ticks, tree = 568.06 MB, solutions = 9)
  86500 49112      309.3956   172      308.3919      310.5090  5780784    0.69%
  86854 49375      309.2033   176      308.3919      310.5084  5800175    0.69%
  87153 49584      308.9886   208      308.3919      310.5073  5819845    0.69%
  87516 49861      309.1663   230      308.3919      310.5060  5839406    0.69%
  87848 50110      308.4349   218      308.3919      310.5051  5859267    0.69%
  88155 50331      309.8106   224      308.3919      310.5026  5879434    0.68%
  88480 50573      309.9674   219      308.3919      310.5017  5898675    0.68%
  88838 50815      310.2816   232      308.3919      310.5007  5918651    0.68%
  89151 51046      308.6698   212      308.3919      310.4991  5938168    0.68%
  89447 51268      309.4027   214      308.3919      310.4978  5957313    0.68%
Elapsed time = 1306.07 sec. (1301726.10 ticks, tree = 596.99 MB, solutions = 9)
  89803 51538      309.0659   210      308.3919      310.4968  5976338    0.68%
  90097 51765      308.8353   161      308.3919      310.4958  5996357    0.68%
  90428 51999      309.4745   226      308.3919      310.4944  6016253    0.68%
  90754 52261      308.9431   219      308.3919      310.4931  6035314    0.68%
  91116 52524      308.8660   212      308.3919      310.4920  6054967    0.68%
  91448 52784      309.5247   236      308.3919      310.4910  6074449    0.68%
  91752 53018      308.4028   208      308.3919      310.4901  6094533    0.68%
  92093 53288      309.9227   244      308.3919      310.4893  6114070    0.68%
  92436 53543      309.1942   192      308.3919      310.4875  6134399    0.68%
  92684 53738      308.8018   182      308.3919      310.4857  6154450    0.68%
Elapsed time = 1345.05 sec. (1339953.74 ticks, tree = 627.75 MB, solutions = 9)
  93014 53957      310.1623   250      308.3919      310.4840  6173184    0.68%
  93309 54185      309.0704   193      308.3919      310.4828  6193555    0.68%
  93606 54406      309.5151   190      308.3919      310.4822  6214150    0.68%
  93982 54694        cutoff            308.3919      310.4816  6233007    0.68%
  94257 54902      308.6572   174      308.3919      310.4800  6252394    0.68%
  94570 55141      308.7274   174      308.3919      310.4797  6271461    0.68%
  94923 55389      308.7515   218      308.3919      310.4790  6291261    0.68%
  95220 55604      308.4245   198      308.3919      310.4776  6312082    0.68%
  95572 55869      309.6787   190      308.3919      310.4769  6331199    0.68%
  95911 56129      308.7159   198      308.3919      310.4761  6350242    0.68%
Elapsed time = 1384.26 sec. (1378145.67 ticks, tree = 655.04 MB, solutions = 9)
  96264 56363      308.6533   224      308.3919      310.4752  6369035    0.68%
  96614 56627      309.1625   200      308.3919      310.4744  6388649    0.68%
  96880 56828      308.9801   194      308.3919      310.4732  6408067    0.67%
  97246 57120      309.9381   246      308.3919      310.4722  6427004    0.67%
  97545 57356      308.6326   126      308.3919      310.4717  6445460    0.67%
  97861 57589      308.7681   196      308.3919      310.4713  6465877    0.67%
  98213 57834      308.7214   170      308.3919      310.4699  6485584    0.67%
  98526 58055      309.6197   226      308.3919      310.4691  6506015    0.67%
  98878 58324      310.1337   214      308.3919      310.4682  6525721    0.67%
  99173 58535      308.5499   185      308.3919      310.4670  6546458    0.67%
Elapsed time = 1423.66 sec. (1416430.61 ticks, tree = 682.98 MB, solutions = 9)
  99530 58807      308.8786   168      308.3919      310.4664  6565125    0.67%
  99817 59026      310.0437   202      308.3919      310.4657  6584547    0.67%
 100187 59314      309.7399   242      308.3919      310.4641  6604055    0.67%
 100504 59560      308.4465   150      308.3919      310.4630  6623205    0.67%
 100840 59803      309.5240   203      308.3919      310.4614  6642977    0.67%
 101190 60051      309.4961   230      308.3919      310.4609  6662062    0.67%
 101486 60271      310.0272   242      308.3919      310.4597  6681744    0.67%
 101786 60502      309.6294   236      308.3919      310.4586  6700380    0.67%
 102094 60748      308.9807   165      308.3919      310.4571  6720679    0.67%
 102416 60966      309.6606   231      308.3919      310.4562  6739625    0.67%
Elapsed time = 1462.62 sec. (1454648.92 ticks, tree = 714.51 MB, solutions = 9)
 102729 61201      309.3233   224      308.3919      310.4555  6759534    0.67%
 103030 61432      308.5755   170      308.3919      310.4545  6779153    0.67%
 103313 61650      308.4557   157      308.3919      310.4537  6797419    0.67%
 103663 61879      309.0733   214      308.3919      310.4532  6817422    0.67%
 103969 62095      309.9986   211      308.3919      310.4523  6837476    0.67%
 104325 62365      308.6127   179      308.3919      310.4515  6856692    0.67%
 104609 62578      309.8200   220      308.3919      310.4501  6876191    0.67%
 104950 62825      309.2102   206      308.3919      310.4494  6895119    0.67%
 105286 63072      309.7650   194      308.3919      310.4490  6915067    0.67%
 105642 63345        cutoff            308.3919      310.4481  6934109    0.67%
Elapsed time = 1501.57 sec. (1492918.43 ticks, tree = 743.99 MB, solutions = 9)
 105991 63600      310.0276   202      308.3919      310.4469  6953801    0.67%
 106329 63844      308.3982   192      308.3919      310.4464  6972269    0.67%
 106595 64045      310.0266   224      308.3919      310.4459  6991778    0.67%
 106941 64309      309.0137   220      308.3919      310.4453  7012203    0.67%
 107273 64571      308.7784   220      308.3919      310.4445  7032055    0.67%
 107598 64807      310.0287   216      308.3919      310.4438  7052119    0.67%
 107976 65097      308.5523   162      308.3919      310.4433  7069952    0.67%
 108291 65326      308.4468   198      308.3919      310.4422  7089623    0.66%
 108654 65580      309.6358   216      308.3919      310.4413  7109321    0.66%
 108974 65826      308.7199   179      308.3919      310.4405  7129915    0.66%
Elapsed time = 1540.71 sec. (1531169.00 ticks, tree = 779.26 MB, solutions = 9)
 109301 66091      309.1728   230      308.3919      310.4396  7148114    0.66%
 109640 66345      309.1308   192      308.3919      310.4389  7167972    0.66%
 109958 66576      308.9637   211      308.3919      310.4381  7187978    0.66%
 110335 66845      309.1644   180      308.3919      310.4373  7206705    0.66%
 110636 67071      309.1581   174      308.3919      310.4367  7226758    0.66%
 110972 67332      308.5605   186      308.3919      310.4361  7245601    0.66%
 111296 67580      308.8859   236      308.3919      310.4357  7264858    0.66%
 111628 67824      309.6271   232      308.3919      310.4345  7283828    0.66%
 111986 68071      309.8658   204      308.3919      310.4340  7303238    0.66%
 112321 68318      308.5112   134      308.3919      310.4338  7322409    0.66%
Elapsed time = 1580.09 sec. (1569435.52 ticks, tree = 811.87 MB, solutions = 9)
 112628 68537      308.9917   196      308.3919      310.4327  7342384    0.66%
 112932 68744        cutoff            308.3919      310.4315  7361986    0.66%
 113249 68966      310.3253   242      308.3919      310.4308  7381800    0.66%
 113566 69211      308.7666   192      308.3919      310.4302  7401629    0.66%
 113890 69449      308.3983   198      308.3919      310.4298  7420784    0.66%
 114213 69696      309.1219   178      308.3919      310.4290  7440881    0.66%
 114520 69907      308.8582   168      308.3919      310.4283  7460380    0.66%
 114849 70159      308.5115   154      308.3919      310.4274  7480474    0.66%
 115161 70362      308.6470   198      308.3919      310.4270  7500020    0.66%
 115500 70600      309.7936   232      308.3919      310.4265  7519130    0.66%
Elapsed time = 1619.28 sec. (1607646.25 ticks, tree = 837.78 MB, solutions = 9)
 115789 70818      308.6029   174      308.3919      310.4258  7538367    0.66%
 116096 71038      308.5328   225      308.3919      310.4250  7557835    0.66%
 116426 71283      308.8010   182      308.3919      310.4243  7577105    0.66%
 116704 71490      309.4237   238      308.3919      310.4234  7595956    0.66%
 116996 71701        cutoff            308.3919      310.4227  7615188    0.66%
 117375 71958      309.5655   236      308.3919      310.4217  7634735    0.66%
 117712 72196      310.0235   222      308.3919      310.4214  7654045    0.66%
 118079 72452      310.1750   234      308.3919      310.4201  7674642    0.66%
 118372 72677      310.2395   202      308.3919      310.4197  7693199    0.66%
 118654 72892      308.8690   169      308.3919      310.4193  7712364    0.66%
Elapsed time = 1658.38 sec. (1645876.86 ticks, tree = 865.80 MB, solutions = 9)
 118940 73112      309.0420   232      308.3919      310.4184  7731855    0.66%
 119251 73338      308.8303   182      308.3919      310.4173  7752339    0.66%
 119591 73570      309.7504   212      308.3919      310.4167  7771269    0.66%
 119917 73813      309.1577   174      308.3919      310.4161  7790514    0.66%
 120296 74078      309.3867   188      308.3919      310.4154  7809523    0.66%
 120635 74336      308.6597   186      308.3919      310.4147  7828323    0.66%
 120937 74556      308.4333   150      308.3919      310.4140  7848341    0.66%
 121292 74801      309.8933   250      308.3919      310.4133  7868096    0.66%
 121606 75030      308.8098   208      308.3919      310.4125  7888025    0.66%
 121892 75236      310.1384   198      308.3919      310.4119  7907987    0.66%
Elapsed time = 1697.56 sec. (1684170.51 ticks, tree = 896.18 MB, solutions = 9)
 122239 75475      309.1061   188      308.3919      310.4115  7927778    0.65%
 122580 75751      309.1967   220      308.3919      310.4112  7945558    0.65%
 122866 75952      308.5865   214      308.3919      310.4103  7965227    0.65%
 123185 76177      309.8377   190      308.3919      310.4099  7985558    0.65%
 123509 76426      309.5723   254      308.3919      310.4091  8005392    0.65%
 123827 76655      309.9136   216      308.3919      310.4086  8024874    0.65%
 124140 76892      308.4299   176      308.3919      310.4074  8043948    0.65%
 124480 77141      309.3728   214      308.3919      310.4070  8063344    0.65%
 124829 77382      309.9852   204      308.3919      310.4063  8082560    0.65%
 125128 77609        cutoff            308.3919      310.4058  8102429    0.65%
Elapsed time = 1737.24 sec. (1722615.03 ticks, tree = 925.79 MB, solutions = 9)
 125475 77859      308.3960   195      308.3919      310.4052  8121992    0.65%
 125783 78061      309.5546   216      308.3919      310.4044  8141900    0.65%
 126139 78332      308.4561   196      308.3919      310.4038  8161536    0.65%
 126466 78574      310.0051   224      308.3919      310.4031  8181198    0.65%
 126792 78821      309.1550   150      308.3919      310.4026  8200491    0.65%
 127131 79067      308.4150   165      308.3919      310.4015  8220575    0.65%
 127480 79312      308.5778   130      308.3919      310.4009  8239755    0.65%
 127838 79566      309.4202   202      308.3919      310.4000  8260373    0.65%
 128117 79745      310.1171   232      308.3919      310.3991  8281032    0.65%
 128436 79991      309.5970   214      308.3919      310.3983  8301140    0.65%
Elapsed time = 1776.51 sec. (1760861.45 ticks, tree = 955.00 MB, solutions = 9)
 128806 80250      308.4440   138      308.3919      310.3972  8320648    0.65%
 129140 80505      309.2388   206      308.3919      310.3966  8340131    0.65%
 129492 80757      308.7494   218      308.3919      310.3958  8360560    0.65%
 129825 80975      308.5787   216      308.3919      310.3951  8379956    0.65%
 130162 81241      309.3944   232      308.3919      310.3944  8399029    0.65%
 130458 81452      309.6124   238      308.3919      310.3936  8419068    0.65%
 130774 81684      309.0252   210      308.3919      310.3930  8438991    0.65%
 131060 81877      309.4994   212      308.3919      310.3921  8457497    0.65%
 131372 82115      308.7685   156      308.3919      310.3915  8477469    0.65%
 131686 82350      309.5795   214      308.3919      310.3909  8497168    0.65%
Elapsed time = 1815.27 sec. (1799141.79 ticks, tree = 986.44 MB, solutions = 9)
 132061 82645      308.5063   185      308.3919      310.3901  8515912    0.65%
 132388 82897      309.2147   196      308.3919      310.3896  8535940    0.65%
 132667 83110      309.1324   216      308.3919      310.3892  8555287    0.65%
 132937 83306      308.5155   196      308.3919      310.3884  8575283    0.65%
 133263 83534      309.4087   218      308.3919      310.3873  8594930    0.65%
 133630 83804      309.0167   159      308.3919      310.3866  8614588    0.65%
 133991 84062      309.7549   234      308.3919      310.3860  8634149    0.65%
 134290 84281      309.9690   238      308.3919      310.3854  8653225    0.65%
 134638 84535      309.7912   222      308.3919      310.3845  8672444    0.65%
 134948 84762      308.6293   214      308.3919      310.3839  8692677    0.65%
Elapsed time = 1854.22 sec. (1837507.25 ticks, tree = 1015.43 MB, solutions = 9)
 135290 85015      308.7609   198      308.3919      310.3831  8711831    0.65%
 135622 85272      308.4688   179      308.3919      310.3821  8731840    0.65%
 135952 85503      308.5729   224      308.3919      310.3815  8751656    0.65%
 136290 85772      309.6492   216      308.3919      310.3809  8769764    0.64%
 136580 85982      309.8126   240      308.3919      310.3804  8789971    0.64%
 136886 86194      309.6989   244      308.3919      310.3796  8809657    0.64%
 137199 86425      308.6713   172      308.3919      310.3792  8829010    0.64%
 137565 86695      308.6148   164      308.3919      310.3786  8848983    0.64%
 137893 86921      309.2971   170      308.3919      310.3782  8868810    0.64%
 138215 87158      309.7719   213      308.3919      310.3775  8887862    0.64%
Elapsed time = 1893.17 sec. (1875824.45 ticks, tree = 1045.67 MB, solutions = 9)
 138532 87404      309.2233   194      308.3919      310.3768  8908070    0.64%
 138893 87663      309.7160   252      308.3919      310.3762  8926485    0.64%
 139198 87890      309.1490   220      308.3919      310.3758  8946081    0.64%
 139526 88134      308.4553   174      308.3919      310.3752  8965823    0.64%
 139873 88375      309.2295   226      308.3919      310.3743  8984587    0.64%
 140219 88628      309.4614   224      308.3919      310.3742  9004674    0.64%
 140550 88863      309.1100   214      308.3919      310.3735  9023435    0.64%
 140881 89104      308.7733   210      308.3919      310.3731  9042523    0.64%
 141223 89346      309.9234   217      308.3919      310.3728  9061302    0.64%
 141478 89522      309.2454   236      308.3919      310.3719  9080649    0.64%
Elapsed time = 1932.28 sec. (1914156.23 ticks, tree = 1070.20 MB, solutions = 9)
 141813 89774      309.1053   202      308.3919      310.3715  9100698    0.64%
 142109 89983      309.5474   212      308.3919      310.3707  9119739    0.64%
 142470 90248      309.2379   242      308.3919      310.3698  9139169    0.64%
 142844 90511      308.4892   178      308.3919      310.3692  9159043    0.64%
 143187 90760      309.2243   224      308.3919      310.3684  9178294    0.64%
 143519 91001      308.4684   188      308.3919      310.3678  9197763    0.64%
 143866 91269      309.7766   201      308.3919      310.3675  9216840    0.64%
 144140 91464      308.8105   162      308.3919      310.3668  9236441    0.64%
 144527 91730      309.6968   218      308.3919      310.3664  9255509    0.64%
 144850 91952      309.1025   220      308.3919      310.3654  9275102    0.64%
Elapsed time = 1971.59 sec. (1952484.73 ticks, tree = 1096.63 MB, solutions = 9)
 145202 92221      308.6789   186      308.3919      310.3648  9295002    0.64%
 145549 92474      308.4653   197      308.3919      310.3642  9314088    0.64%
 145897 92724      309.8584   228      308.3919      310.3639  9336567    0.64%
 146231 92993      309.0689   208      308.3919      310.3631  9355874    0.64%
 146543 93218      309.5284   256      308.3919      310.3628  9376081    0.64%
 146868 93459      308.5422   216      308.3919      310.3624  9395579    0.64%
 147206 93697      309.4670   217      308.3919      310.3615  9414392    0.64%
 147517 93936      308.6176   172      308.3919      310.3609  9433856    0.64%
 147859 94184      308.5706   182      308.3919      310.3602  9453344    0.64%
 148177 94421      309.9539   218      308.3919      310.3594  9472953    0.64%
Elapsed time = 2010.79 sec. (1990708.88 ticks, tree = 1126.07 MB, solutions = 9)
 148490 94656      309.9218   222      308.3919      310.3583  9491045    0.64%
 148806 94889      308.9146   226      308.3919      310.3578  9510161    0.64%
 149079 95097      309.5432   222      308.3919      310.3568  9529962    0.64%
 149368 95298      308.9263   208      308.3919      310.3563  9549570    0.64%
 149727 95575      309.2940   186      308.3919      310.3554  9569268    0.64%
 150042 95810      308.6821   168      308.3919      310.3551  9589176    0.64%
 150378 96060        cutoff            308.3919      310.3544  9608728    0.64%
 150702 96299      308.7644   228      308.3919      310.3537  9628712    0.64%
 150997 96538      308.3921   155      308.3919      310.3533  9647759    0.64%
 151292 96769      308.4847   168      308.3919      310.3530  9667480    0.64%
Elapsed time = 2049.51 sec. (2028946.49 ticks, tree = 1154.29 MB, solutions = 9)
 151603 97000      308.4819   170      308.3919      310.3526  9687825    0.64%
 151916 97224      309.7798   226      308.3919      310.3521  9707733    0.64%
 152282 97454      309.7476   236      308.3919      310.3515  9727019    0.64%
 152597 97697      308.7789   224      308.3919      310.3509  9746637    0.64%
 152974 97970      309.7203   208      308.3919      310.3501  9765446    0.63%
 153287 98198      309.4501   164      308.3919      310.3496  9784738    0.63%
 153585 98424      308.7636   186      308.3919      310.3493  9804427    0.63%
 153906 98657      309.2845   238      308.3919      310.3488  9824123    0.63%
 154194 98870      308.5887   189      308.3919      310.3484  9844245    0.63%
 154540 99121      309.7622   234      308.3919      310.3474  9864280    0.63%
Elapsed time = 2088.32 sec. (2067250.09 ticks, tree = 1182.04 MB, solutions = 9)
 154910 99387      309.0181   208      308.3919      310.3469  9883823    0.63%
 155237 99634      309.4012   228      308.3919      310.3465  9903714    0.63%
 155562 99894      308.5734   162      308.3919      310.3458  9924284    0.63%
 155971 100186      308.4457   130      308.3919      310.3456  9943313    0.63%
 156289 100424      309.4037   224      308.3919      310.3449  9963491    0.63%
 156607 100659      308.5106   220      308.3919      310.3442  9983708    0.63%
 156957 100907      308.6466   119      308.3919      310.3434 10003719    0.63%
 157320 101155      308.6173   190      308.3919      310.3425 10023471    0.63%
 157664 101413      309.0988   232      308.3919      310.3420 10042797    0.63%
 158003 101653      309.2519   211      308.3919      310.3414 10061941    0.63%
Elapsed time = 2127.67 sec. (2105475.31 ticks, tree = 1213.82 MB, solutions = 9)
 158325 101867      309.9738   206      308.3919      310.3411 10081856    0.63%
 158627 102101      309.6148   166      308.3919      310.3406 10101581    0.63%
 158941 102337      308.3928   154      308.3919      310.3402 10120966    0.63%
 159325 102600      309.6810   190      308.3919      310.3395 10140251    0.63%
 159610 102816      310.0425   198      308.3919      310.3392 10159222    0.63%
 159910 103057      309.5619   213      308.3919      310.3387 10178307    0.63%
 160189 103271      308.5131   196      308.3919      310.3379 10196927    0.63%
 160523 103528      308.7157   178      308.3919      310.3373 10215923    0.63%
 160852 103751      310.1065   232      308.3919      310.3367 10235930    0.63%
 161189 103997      308.6445   139      308.3919      310.3360 10255258    0.63%
Elapsed time = 2166.31 sec. (2143687.38 ticks, tree = 1245.44 MB, solutions = 9)
 161547 104228      309.8177   236      308.3919      310.3355 10275143    0.63%
 161842 104440      309.7155   174      308.3919      310.3348 10294918    0.63%
 162175 104681        cutoff            308.3919      310.3345 10313750    0.63%
 162470 104903      309.1205   226      308.3919      310.3339 10333245    0.63%
 162800 105161      308.4296   152      308.3919      310.3333 10351866    0.63%
 163133 105403      308.9857   212      308.3919      310.3328 10371668    0.63%
 163470 105672      309.6423   214      308.3919      310.3324 10390441    0.63%
 163846 105935      308.4644   210      308.3919      310.3319 10410004    0.63%
 164169 106181      310.1246   212      308.3919      310.3314 10430652    0.63%
 164486 106416      309.6267   232      308.3919      310.3309 10449102    0.63%
Elapsed time = 2205.16 sec. (2181987.79 ticks, tree = 1271.08 MB, solutions = 9)
 164823 106660        cutoff            308.3919      310.3304 10469432    0.63%
 165152 106911      308.4180   157      308.3919      310.3302 10488109    0.63%
 165470 107137      308.6453   142      308.3919      310.3297 10507734    0.63%
 165823 107395      309.5003   232      308.3919      310.3292 10527349    0.63%
 166130 107622      309.5035   168      308.3919      310.3284 10547388    0.63%
 166480 107864      309.4662   236      308.3919      310.3280 10566700    0.63%
 166827 108126      308.7310   173      308.3919      310.3278 10587290    0.63%
 167199 108401      308.4884   188      308.3919      310.3274 10607271    0.63%
 167590 108677      309.9540   202      308.3919      310.3270 10626829    0.63%
 167948 108947      309.0650   186      308.3919      310.3266 10645657    0.63%
Elapsed time = 2244.45 sec. (2220380.71 ticks, tree = 1305.91 MB, solutions = 9)
 168283 109201      309.2078   215      308.3919      310.3261 10665365    0.63%
 168590 109426      308.6924   157      308.3919      310.3260 10685469    0.63%
 168873 109623      309.9537   234      308.3919      310.3253 10705999    0.63%
 169170 109832      309.8321   173      308.3919      310.3247 10725268    0.63%
 169598 110136      309.6774   216      308.3919      310.3240 10743591    0.63%
 169860 110331      309.7673   245      308.3919      310.3234 10762823    0.63%
 170230 110595      310.1383   226      308.3919      310.3232 10782415    0.63%
 170555 110836      308.4057   154      308.3919      310.3228 10801861    0.63%
 170851 111051      309.5460   206      308.3919      310.3224 10821306    0.63%
 171203 111318      309.9756   234      308.3919      310.3219 10840165    0.63%
Elapsed time = 2283.19 sec. (2258673.99 ticks, tree = 1331.39 MB, solutions = 9)
 171496 111523      309.2381   216      308.3919      310.3212 10859356    0.63%
 171840 111784      309.8885   228      308.3919      310.3204 10879533    0.63%
 172173 112019      309.2342   208      308.3919      310.3199 10898540    0.63%
 172499 112251      308.4074   146      308.3919      310.3193 10917661    0.62%
 172809 112479      309.1659   213      308.3919      310.3187 10937701    0.62%
 173090 112687      308.9716   214      308.3919      310.3183 10957527    0.62%
 173434 112910        cutoff            308.3919      310.3177 10976440    0.62%
 173853 113190        cutoff            308.3919      310.3173 10994951    0.62%
 174187 113436      308.4817   170      308.3919      310.3162 11015206    0.62%
 174486 113632      309.6405   216      308.3919      310.3156 11035150    0.62%
Elapsed time = 2322.03 sec. (2296992.09 ticks, tree = 1362.47 MB, solutions = 9)
 174855 113908      310.0728   242      308.3919      310.3149 11054459    0.62%
 175208 114177      309.0771   177      308.3919      310.3145 11074557    0.62%
 175543 114424      308.9296   200      308.3919      310.3140 11094444    0.62%
 175874 114659      309.6443   234      308.3919      310.3132 11113968    0.62%
 176166 114873      309.4184   218      308.3919      310.3127 11134607    0.62%
 176530 115145      308.7378   236      308.3919      310.3121 11152986    0.62%
 176844 115383      309.2927   218      308.3919      310.3116 11173400    0.62%
 177180 115629      309.7867   208      308.3919      310.3111 11193203    0.62%
 177554 115884      308.8322   216      308.3919      310.3104 11212437    0.62%
 177857 116105      309.7897   218      308.3919      310.3100 11232366    0.62%
Elapsed time = 2361.18 sec. (2335281.62 ticks, tree = 1393.32 MB, solutions = 9)
 178189 116346      308.7231   203      308.3919      310.3093 11252023    0.62%
 178495 116573      308.8967   184      308.3919      310.3087 11271375    0.62%
 178832 116819      309.1629   230      308.3919      310.3080 11291311    0.62%
 179158 117046      309.8890   236      308.3919      310.3074 11312181    0.62%
 179545 117296      309.8774   234      308.3919      310.3066 11330952    0.62%
 179917 117557      309.8674   250      308.3919      310.3061 11350986    0.62%
 180265 117811      309.3390   203      308.3919      310.3056 11370660    0.62%
 180564 118022      308.8226   201      308.3919      310.3050 11390955    0.62%
 180841 118218      309.8752   216      308.3919      310.3047 11410966    0.62%
 181135 118435      309.8466   226      308.3919      310.3040 11429864    0.62%
Elapsed time = 2400.21 sec. (2373551.34 ticks, tree = 1419.26 MB, solutions = 9)
 181493 118693      309.8607   253      308.3919      310.3033 11449700    0.62%
 181808 118938      308.6855   152      308.3919      310.3029 11470315    0.62%
 182140 119167      309.3208   196      308.3919      310.3023 11489708    0.62%
 182470 119381      309.2984   208      308.3919      310.3019 11509855    0.62%
 182772 119595      309.2883   210      308.3919      310.3017 11530102    0.62%
 183112 119844      308.8204   230      308.3919      310.3012 11550142    0.62%
 183472 120086      309.3499   202      308.3919      310.3008 11569703    0.62%
 183835 120359      308.5685   208      308.3919      310.3005 11588940    0.62%
 184190 120631      308.5224   190      308.3919      310.3001 11607087    0.62%
 184526 120883      309.1498   228      308.3919      310.2997 11626639    0.62%
Elapsed time = 2439.27 sec. (2411783.07 ticks, tree = 1453.45 MB, solutions = 9)
 184880 121133      309.1101   193      308.3919      310.2992 11646676    0.62%
 185188 121360      309.1103   170      308.3919      310.2988 11666472    0.62%
 185540 121602      308.6141   192      308.3919      310.2985 11686490    0.62%
 185906 121885      308.4648   206      308.3919      310.2980 11705637    0.62%
 186222 122114      308.6872   148      308.3919      310.2977 11724186    0.62%
 186563 122348      309.0071   164      308.3919      310.2971 11743731    0.62%
 186912 122586      309.7492   246      308.3919      310.2968 11763737    0.62%
 187230 122824      309.5591   219      308.3919      310.2961 11783927    0.62%
 187569 123064      308.5807   205      308.3919      310.2959 11803095    0.62%
 187927 123313      309.7246   178      308.3919      310.2954 11822051    0.62%
Elapsed time = 2478.18 sec. (2450099.70 ticks, tree = 1481.51 MB, solutions = 9)
 188303 123580        cutoff            308.3919      310.2948 11841474    0.62%
 188628 123816      308.8812   218      308.3919      310.2943 11861123    0.62%
 188972 124050      309.7348   198      308.3919      310.2933 11880432    0.62%
 189310 124306      309.4766   109      308.3919      310.2928 11900144    0.62%
 189631 124557      309.4020   192      308.3919      310.2923 11920066    0.62%
 189931 124780      309.9046   246      308.3919      310.2919 11940384    0.62%
 190227 124997      310.1534   196      308.3919      310.2912 11960685    0.62%
 190520 125215      308.9356   236      308.3919      310.2907 11980988    0.62%
 190849 125473      309.4736   223      308.3919      310.2904 12001120    0.62%
 191196 125736      308.4695   175      308.3919      310.2902 12021075    0.62%
Elapsed time = 2516.95 sec. (2488367.18 ticks, tree = 1511.72 MB, solutions = 9)
 191509 125946      308.7849   186      308.3919      310.2896 12041111    0.62%
 191848 126194      308.4038   200      308.3919      310.2891 12061384    0.62%
 192146 126409      308.7092   211      308.3919      310.2888 12080278    0.62%
 192526 126681      308.8810   196      308.3919      310.2886 12099715    0.62%
 192846 126945      308.4912   208      308.3919      310.2881 12118372    0.61%
 193133 127157      309.4273   219      308.3919      310.2877 12138787    0.61%
 193501 127411      309.3142   173      308.3919      310.2874 12158430    0.61%
 193847 127667      308.7630   141      308.3919      310.2869 12178785    0.61%
 194233 127936      309.3249   212      308.3919      310.2863 12197285    0.61%
 194520 128150      309.9406   224      308.3919      310.2859 12217040    0.61%
Elapsed time = 2555.74 sec. (2526587.14 ticks, tree = 1540.72 MB, solutions = 9)
 194890 128416      308.5610   179      308.3919      310.2857 12235315    0.61%
 195275 128675      308.4389   106      308.3919      310.2854 12254612    0.61%
 195627 128934      308.7441   174      308.3919      310.2851 12273924    0.61%
 195960 129171      308.4114   130      308.3919      310.2847 12293337    0.61%
 196280 129406      309.3088   192      308.3919      310.2846 12312633    0.61%
 196602 129631      308.9906   200      308.3919      310.2840 12332579    0.61%
 196927 129868      309.7355   178      308.3919      310.2837 12351752    0.61%
 197233 130103      308.8611   214      308.3919      310.2831 12371310    0.61%
 197601 130357      308.6928   197      308.3919      310.2827 12390759    0.61%
 197946 130608      308.8045   188      308.3919      310.2823 12411220    0.61%
Elapsed time = 2594.73 sec. (2564803.60 ticks, tree = 1574.22 MB, solutions = 9)
 198234 130817      308.9896   234      308.3919      310.2817 12431334    0.61%
 198556 131038      308.7239   181      308.3919      310.2813 12451010    0.61%
 198921 131286      309.4626   216      308.3919      310.2810 12470444    0.61%
 199280 131548      308.8824   170      308.3919      310.2805 12490286    0.61%
 199648 131822      309.0009   160      308.3919      310.2800 12510649    0.61%
 200054 132087      309.3642   212      308.3919      310.2798 12529213    0.61%
 200386 132305      309.6854   232      308.3919      310.2789 12549377    0.61%
 200733 132572      309.5546   204      308.3919      310.2786 12567964    0.61%
 201081 132831      308.6558   188      308.3919      310.2782 12586261    0.61%
 201420 133053      309.6313   248      308.3919      310.2779 12605380    0.61%
Elapsed time = 2633.96 sec. (2603146.92 ticks, tree = 1607.38 MB, solutions = 9)
 201716 133255      309.7911   172      308.3919      310.2773 12624654    0.61%
 202070 133526      308.6844   144      308.3919      310.2769 12643646    0.61%
 202396 133759      308.7721   204      308.3919      310.2766 12663197    0.61%
 202715 134003      309.3322   163      308.3919      310.2764 12683087    0.61%
 203084 134267      308.9626   234      308.3919      310.2759 12703091    0.61%
 203378 134479      308.4565   142      308.3919      310.2752 12723223    0.61%
 203754 134714      308.9727   180      308.3919      310.2749 12742010    0.61%
 204111 134957      309.8176   220      308.3919      310.2746 12761577    0.61%
 204425 135192      308.9067   138      308.3919      310.2741 12781920    0.61%
 204767 135443      309.5549   214      308.3919      310.2736 12802139    0.61%
Elapsed time = 2672.74 sec. (2641395.14 ticks, tree = 1629.41 MB, solutions = 9)
 205119 135694      309.2717   220      308.3919      310.2731 12821401    0.61%
 205442 135940      309.5235   222      308.3919      310.2728 12841690    0.61%
 205790 136188      309.7210   212      308.3919      310.2723 12861556    0.61%
 206146 136448      309.6700   248      308.3919      310.2719 12881485    0.61%
 206436 136660      308.7700   193      308.3919      310.2715 12901433    0.61%
 206718 136865      309.0044   109      308.3919      310.2708 12920126    0.61%
 207089 137128      309.9133   228      308.3919      310.2706 12939441    0.61%
 207453 137384      310.0980   210      308.3919      310.2700 12958908    0.61%
 207786 137624      309.8565   229      308.3919      310.2696 12978549    0.61%
 208103 137855        cutoff            308.3919      310.2689 12998476    0.61%
Elapsed time = 2711.52 sec. (2679621.37 ticks, tree = 1661.48 MB, solutions = 9)
 208449 138098        cutoff            308.3919      310.2686 13017537    0.61%
 208773 138341      309.5016   246      308.3919      310.2682 13036347    0.61%
 209096 138594      309.0704   216      308.3919      310.2676 13055847    0.61%
 209410 138819      309.9659   224      308.3919      310.2673 13074982    0.61%
 209770 139068      310.1100   224      308.3919      310.2668 13094674    0.61%
 210060 139267      309.1814   160      308.3919      310.2665 13114548    0.61%
 210475 139545      308.6577   144      308.3919      310.2664 13133296    0.61%
 210816 139780      309.4325   226      308.3919      310.2659 13152772    0.61%
 211121 139997      308.4032   156      308.3919      310.2656 13173227    0.61%
 211478 140253      309.7353   245      308.3919      310.2653 13192767    0.61%
Elapsed time = 2750.39 sec. (2717952.71 ticks, tree = 1690.99 MB, solutions = 9)
 211810 140493      309.5139   232      308.3919      310.2649 13211462    0.61%
 212132 140728      309.4992   250      308.3919      310.2646 13231156    0.61%
 212530 141004      309.1867   206      308.3919      310.2643 13250247    0.61%
 212870 141243      309.9237   224      308.3919      310.2635 13270190    0.61%
 213175 141457      308.7284   183      308.3919      310.2629 13289218    0.61%
 213484 141693      309.7483   220      308.3919      310.2626 13308715    0.61%
 213863 141980      308.8228   207      308.3919      310.2622 13327259    0.61%
 214177 142224      308.5397   218      308.3919      310.2618 13346233    0.61%
 214478 142433      308.8063   190      308.3919      310.2611 13366114    0.61%
 214875 142735      308.5775   186      308.3919      310.2608 13384514    0.61%
Elapsed time = 2789.20 sec. (2756227.04 ticks, tree = 1721.31 MB, solutions = 9)
 215201 142965      309.7237   200      308.3919      310.2602 13404281    0.61%
 215509 143196      309.1999   182      308.3919      310.2598 13424414    0.61%
 215810 143418      309.0102   204      308.3919      310.2596 13444087    0.61%
 216117 143653      308.5852   167      308.3919      310.2593 13463650    0.61%
 216460 143907      309.2345   204      308.3919      310.2589 13483544    0.61%
 216809 144181      308.4951   169      308.3919      310.2585 13503457    0.61%
 217098 144382      309.5729   222      308.3919      310.2582 13521777    0.61%
 217425 144599      309.6729   250      308.3919      310.2577 13540750    0.61%
 217742 144820      309.7612   216      308.3919      310.2574 13559835    0.60%
 218104 145074      309.7416   202      308.3919      310.2570 13579439    0.60%
Elapsed time = 2827.93 sec. (2794482.98 ticks, tree = 1745.93 MB, solutions = 9)
 218460 145356      309.4595   208      308.3919      310.2567 13598915    0.60%
 218759 145567      308.8472   186      308.3919      310.2564 13619305    0.60%
 219050 145794      308.4290   206      308.3919      310.2562 13638324    0.60%
 219349 146011      308.4544   136      308.3919      310.2560 13656271    0.60%
 219730 146288      310.0727   228      308.3919      310.2556 13676277    0.60%
 220043 146519      308.9982   224      308.3919      310.2554 13695931    0.60%
 220401 146774      309.3923   226      308.3919      310.2548 13715680    0.60%
 220713 146996      310.0927   180      308.3919      310.2543 13735074    0.60%
 220955 147173      309.0414   203      308.3919      310.2539 13755330    0.60%
 221324 147446        cutoff            308.3919      310.2533 13774291    0.60%
Elapsed time = 2866.91 sec. (2832814.91 ticks, tree = 1774.18 MB, solutions = 9)
 221674 147699      309.4702   189      308.3919      310.2531 13793441    0.60%
 222050 147959      308.3990   132      308.3919      310.2526 13811615    0.60%
 222349 148160      309.7534   220      308.3919      310.2523 13831487    0.60%
 222695 148412      309.4213   216      308.3919      310.2519 13850425    0.60%
 222991 148628      308.6527   200      308.3919      310.2516 13869435    0.60%
 223350 148882      309.4761   196      308.3919      310.2514 13889314    0.60%
 223672 149116      308.6249   197      308.3919      310.2511 13909586    0.60%
 224002 149349      308.6703   152      308.3919      310.2508 13929169    0.60%
 224304 149564      309.8215   220      308.3919      310.2504 13949429    0.60%
 224672 149826      308.8170   213      308.3919      310.2501 13968508    0.60%
Elapsed time = 2905.73 sec. (2871092.36 ticks, tree = 1800.15 MB, solutions = 9)
 225004 150075      310.0093   212      308.3919      310.2499 13988322    0.60%
 225320 150303      309.5181   194      308.3919      310.2496 14007562    0.60%
 225670 150551      308.8168   186      308.3919      310.2493 14028020    0.60%
 226063 150802      308.5715   194      308.3919      310.2488 14047299    0.60%
 226364 151000      308.4413   210      308.3919      310.2484 14066483    0.60%
 226696 151247      309.1460   166      308.3919      310.2481 14086351    0.60%
 227006 151475      309.6599   182      308.3919      310.2478 14105558    0.60%
 227370 151720      308.5145   154      308.3919      310.2475 14124536    0.60%
 227738 151973      308.4463   190      308.3919      310.2470 14144049    0.60%
 228085 152221      309.3062   213      308.3919      310.2466 14163416    0.60%
Elapsed time = 2944.47 sec. (2909325.77 ticks, tree = 1827.53 MB, solutions = 9)
 228467 152491      309.5968   232      308.3919      310.2463 14182333    0.60%
 228802 152730      308.4360   190      308.3919      310.2460 14202005    0.60%
 229166 153004      308.7599   180      308.3919      310.2456 14221027    0.60%
 229500 153241      309.5085   160      308.3919      310.2453 14241005    0.60%
 229834 153471      309.4373   212      308.3919      310.2449 14259340    0.60%
 230136 153680      309.9947   228      308.3919      310.2446 14278897    0.60%
 230480 153941      309.6428   220      308.3919      310.2443 14298237    0.60%
 230844 154190      309.6841   212      308.3919      310.2438 14318246    0.60%
 231203 154462      309.4630   214      308.3919      310.2433 14338010    0.60%
 231566 154713      308.8835   210      308.3919      310.2429 14356695    0.60%
Elapsed time = 2983.62 sec. (2947660.10 ticks, tree = 1858.84 MB, solutions = 9)
 231887 154938      310.0832   216      308.3919      310.2427 14376164    0.60%
 232265 155215      308.8472   222      308.3919      310.2423 14394836    0.60%
 232627 155503      308.4113   186      308.3919      310.2420 14413999    0.60%
 232955 155735      309.7187   228      308.3919      310.2416 14432947    0.60%
 233284 155978      309.0154   220      308.3919      310.2414 14452539    0.60%
 233593 156208      309.0130   165      308.3919      310.2411 14472300    0.60%
 233967 156467      309.1698   206      308.3919      310.2407 14491235    0.60%
 234281 156682      309.8490   236      308.3919      310.2403 14509761    0.60%
 234584 156901      308.9901   202      308.3919      310.2401 14528353    0.60%
 234926 157146      308.4881   154      308.3919      310.2400 14547622    0.60%
Elapsed time = 3022.33 sec. (2985948.95 ticks, tree = 1888.40 MB, solutions = 9)
 235272 157389      309.2062   208      308.3919      310.2396 14567984    0.60%
 235602 157630      308.5666   162      308.3919      310.2393 14587421    0.60%
 235955 157873      309.8728   250      308.3919      310.2391 14607074    0.60%
 236307 158135      308.4784   200      308.3919      310.2388 14625602    0.60%
 236606 158353      308.9295   175      308.3919      310.2385 14645101    0.60%
 236954 158617      309.9106   198      308.3919      310.2382 14663912    0.60%
 237265 158847      309.9146   199      308.3919      310.2378 14684233    0.60%
 237608 159090      308.7083   210      308.3919      310.2376 14704684    0.60%
 237963 159350      308.7705   211      308.3919      310.2372 14724461    0.60%
 238272 159578      308.7401   164      308.3919      310.2369 14745034    0.60%
Elapsed time = 3061.09 sec. (3024168.39 ticks, tree = 1923.28 MB, solutions = 9)
 238597 159822      308.9298   214      308.3919      310.2367 14764911    0.60%
 238924 160067      308.4247   170      308.3919      310.2363 14784198    0.60%
 239224 160299      309.0854   202      308.3919      310.2360 14804219    0.60%
 239551 160544      308.4189   144      308.3919      310.2356 14823391    0.60%
 239904 160779        cutoff            308.3919      310.2353 14842363    0.60%
 240223 161002      309.6087   190      308.3919      310.2349 14861381    0.60%
 240479 161180      309.1365   178      308.3919      310.2346 14880594    0.60%
 240803 161400      309.8046   200      308.3919      310.2343 14900369    0.60%
 241112 161625      309.4072   188      308.3919      310.2340 14919813    0.60%
 241493 161887      308.5476   226      308.3919      310.2336 14939202    0.60%
Elapsed time = 3099.45 sec. (3062388.89 ticks, tree = 1947.72 MB, solutions = 9)
 241873 162162      310.1193   244      308.3919      310.2332 14958659    0.60%
 242198 162403      310.0326   210      308.3919      310.2328 14978392    0.60%
 242623 162719      309.0202   234      308.3919      310.2324 14997616    0.60%
 242981 162976      310.0638   207      308.3919      310.2322 15017671    0.60%
 243356 163246        cutoff            308.3919      310.2319 15037728    0.60%
 243691 163499      308.4429   172      308.3919      310.2313 15056885    0.60%
 244029 163732      309.4914   195      308.3919      310.2311 15076523    0.60%
 244390 163998      308.5652   186      308.3919      310.2306 15095076    0.60%
 244715 164223      308.9436   192      308.3919      310.2302 15114042    0.60%
 245043 164448      309.2400   230      308.3919      310.2298 15133528    0.60%
Elapsed time = 3138.55 sec. (3100693.49 ticks, tree = 1980.27 MB, solutions = 9)
 245363 164676      309.2579   204      308.3919      310.2296 15153340    0.60%
 245668 164890      310.0112   216      308.3919      310.2292 15173202    0.60%
 246010 165127      309.8762   215      308.3919      310.2289 15191618    0.60%
 246321 165349      308.5643   200      308.3919      310.2284 15211912    0.60%
 246639 165567      309.1477   210      308.3919      310.2280 15232304    0.60%
 246976 165808      309.9597   196      308.3919      310.2277 15252447    0.60%
 247382 166093      309.5209   216      308.3919      310.2275 15270258    0.60%
 247728 166338      308.8606   198      308.3919      310.2273 15290310    0.60%
 248118 166615      309.3241   242      308.3919      310.2270 15310332    0.60%
 248430 166827      308.4297   172      308.3919      310.2265 15329909    0.59%
Elapsed time = 3177.20 sec. (3139000.33 ticks, tree = 2003.16 MB, solutions = 9)
 248767 167072      309.1920   232      308.3919      310.2261 15349696    0.59%
 249060 167283      309.4585   209      308.3919      310.2255 15371002    0.59%
 249360 167489      309.7202   238      308.3919      310.2253 15389634    0.59%
 249727 167751      310.2235   216      308.3919      310.2250 15408090    0.59%
 250091 167984      310.2089   241      308.3919      310.2249 15427021    0.59%
 250480 168276      309.9213   226      308.3919      310.2248 15445392    0.59%
 250816 168514      309.2191   204      308.3919      310.2245 15465317    0.59%
 251163 168781      309.2915   162      308.3919      310.2241 15484804    0.59%
 251522 169047      309.0848   218      308.3919      310.2237 15504363    0.59%
 251866 169298      309.3221   198      308.3919      310.2233 15523408    0.59%
Elapsed time = 3216.10 sec. (3177478.37 ticks, tree = 2033.28 MB, solutions = 9)
 252195 169520      308.4060   228      308.3919      310.2231 15542925    0.59%
 252564 169772      308.6395   138      308.3919      310.2227 15562256    0.59%
 252902 170022      308.5429   176      308.3919      310.2221 15581943    0.59%
 253229 170243      309.8127   244      308.3919      310.2218 15602334    0.59%
 253541 170480      309.8459   230      308.3919      310.2214 15621908    0.59%
 253901 170745      309.0681   206      308.3919      310.2211 15641672    0.59%
Starting limited solution polishing.
 254184 170945      308.8224   202      308.3919      310.2206 15660949    0.59%
 254495 171168      309.4495   190      308.3919      310.2202 15679392    0.59%
 254820 171380      308.4032   186      308.3919      310.2201 15696998    0.59%
 255090 171558      308.5212   137      308.3919      310.2198 15712956    0.59%
Elapsed time = 3255.33 sec. (3215717.92 ticks, tree = 2056.99 MB, solutions = 9)
Nodefile size = 9.84 MB (9.17 MB after compression)
 255370 171756        cutoff            308.3919      310.2195 15728758    0.59%
 255680 171988      308.4787   128      308.3919      310.2192 15746331    0.59%
 255977 172188      308.8880   228      308.3919      310.2189 15764355    0.59%
 256168 172322      309.7864   201      308.3919      310.2187 15776716    0.59%
 256380 172486      309.2116   183      308.3919      310.2185 15789390    0.59%
 256634 172672      309.6228   238      308.3919      310.2181 15802400    0.59%
 256844 172834      309.5479   248      308.3919      310.2180 15814494    0.59%
 257080 173000      310.0975   222      308.3919      310.2178 15827549    0.59%
 257280 173138      309.4885   213      308.3919      310.2174 15840746    0.59%
 257580 173370      308.4581   126      308.3919      310.2172 15856003    0.59%
Elapsed time = 3297.33 sec. (3255659.01 ticks, tree = 2080.81 MB, solutions = 9)
Nodefile size = 33.44 MB (31.15 MB after compression)
 257828 173554      308.9321   175      308.3919      310.2169 15869518    0.59%
 258034 173698      309.3315   234      308.3919      310.2165 15883774    0.59%
 258195 173818      308.8121   202      308.3919      310.2162 15895432    0.59%
 258397 173965      308.4255   208      308.3919      310.2160 15905113    0.59%
 258616 174118      309.5927   244      308.3919      310.2158 15917904    0.59%
 258820 174255      308.9319   166      308.3919      310.2156 15930728    0.59%
 258996 174380      308.6196    81      308.3919      310.2155 15937784    0.59%
 259199 174527      309.8431   220      308.3919      310.2153 15949158    0.59%
 259500 174748      309.8124   210      308.3919      310.2150 15966967    0.59%
 259720 174909      309.7946   223      308.3919      310.2148 15977071    0.59%
Elapsed time = 3337.29 sec. (3293978.17 ticks, tree = 2100.91 MB, solutions = 9)
Nodefile size = 52.93 MB (49.28 MB after compression)
 259911 175044      309.0057   234      308.3919      310.2147 15989562    0.59%
 260160 175234      308.5889   194      308.3919      310.2145 16004288    0.59%
 260327 175362      308.5063   162      308.3919      310.2143 16016146    0.59%
 260585 175531      309.3949   170      308.3919      310.2142 16031834    0.59%
 260879 175734      309.9741   186      308.3919      310.2140 16047099    0.59%
 261080 175870      308.5259   198      308.3919      310.2139 16059113    0.59%
 261280 176016      309.3466   238      308.3919      310.2138 16070530    0.59%
 261480 176146      308.6353   167      308.3919      310.2136 16081999    0.59%
 261684 176297      308.6864   143      308.3919      310.2134 16094316    0.59%
 261933 176488      308.4259   192      308.3919      310.2132 16107965    0.59%
Elapsed time = 3377.93 sec. (3333202.32 ticks, tree = 2118.18 MB, solutions = 9)
Nodefile size = 70.64 MB (65.76 MB after compression)
 262180 176651      308.7542   182      308.3919      310.2131 16121534    0.59%
 262380 176804      309.4298   123      308.3919      310.2130 16133502    0.59%
 262580 176947      308.6596   228      308.3919      310.2129 16142855    0.59%
 262880 177158      308.8123   150      308.3919      310.2127 16158049    0.59%
 263080 177303      309.9566   204      308.3919      310.2125 16170369    0.59%
 263280 177439      309.5085   177      308.3919      310.2124 16182035    0.59%
 263480 177583      309.6642   247      308.3919      310.2121 16194840    0.59%
 263680 177721      310.0808   194      308.3919      310.2119 16208588    0.59%
 263950 177911      309.0730   232      308.3919      310.2116 16222005    0.59%
 264170 178081      309.4939   182      308.3919      310.2114 16235261    0.59%
Elapsed time = 3420.68 sec. (3374318.19 ticks, tree = 2137.23 MB, solutions = 9)
Nodefile size = 90.08 MB (83.86 MB after compression)
 264409 178243      309.9116   234      308.3919      310.2112 16247208    0.59%
 264584 178376      309.1289   230      308.3919      310.2111 16256293    0.59%
 264788 178517      309.2491   234      308.3919      310.2108 16268505    0.59%
 265059 178707      309.6167   175      308.3919      310.2106 16281291    0.59%
 265280 178871      308.9038   196      308.3919      310.2103 16293739    0.59%
 265480 179018      308.5533   185      308.3919      310.2100 16307676    0.59%
 265700 179177      308.8612   154      308.3919      310.2098 16321863    0.59%
 265953 179343      308.6006   202      308.3919      310.2096 16336634    0.59%
 266080 179431      309.5905   202      308.3919      310.2095 16344770    0.59%
 266344 179643      308.8353   208      308.3919      310.2092 16362171    0.59%
Elapsed time = 3462.06 sec. (3413753.13 ticks, tree = 2160.18 MB, solutions = 9)
Nodefile size = 112.57 MB (104.83 MB after compression)
 266502 179747        cutoff            308.3919      310.2090 16373481    0.59%
 266767 179914      309.1274   196      308.3919      310.2088 16387077    0.59%
 267010 180095      309.8077   217      308.3919      310.2085 16400416    0.59%
 267238 180269      308.7886   158      308.3919      310.2082 16414276    0.59%
 267485 180450      309.6064   199      308.3919      310.2079 16426256    0.59%
 267763 180640      308.5540   216      308.3919      310.2076 16442674    0.59%
 267913 180747      308.7932   148      308.3919      310.2073 16454675    0.59%
 268113 180879      309.7667   216      308.3919      310.2071 16466961    0.59%
 268280 180998      309.0713   252      308.3919      310.2070 16476354    0.59%
 268580 181190      308.4131    32      308.3919      310.2070 16492230    0.59%
Elapsed time = 3501.95 sec. (3452090.58 ticks, tree = 2176.13 MB, solutions = 9)
Nodefile size = 128.21 MB (119.39 MB after compression)
 268780 181335      309.6034   182      308.3919      310.2068 16504263    0.59%
 268980 181477      308.9230   198      308.3919      310.2066 16515037    0.59%
 269199 181627      308.5017   166      308.3919      310.2064 16529253    0.59%
 269519 181860      309.2452   179      308.3919      310.2062 16544351    0.59%
 269695 181968      309.3489   216      308.3919      310.2061 16554496    0.59%
 269880 182094      309.8317   216      308.3919      310.2059 16568552    0.59%
 270156 182279      310.0967   252      308.3919      310.2055 16585021    0.59%
 270416 182455      308.4722   153      308.3919      310.2054 16596285    0.59%
 270663 182612      309.6061   239      308.3919      310.2052 16608698    0.59%
 270880 182761      308.8525   214      308.3919      310.2050 16623021    0.59%
Elapsed time = 3542.90 sec. (3491559.64 ticks, tree = 2195.23 MB, solutions = 9)
Nodefile size = 147.95 MB (137.79 MB after compression)
 271080 182907      308.7253   238      308.3919      310.2048 16638019    0.59%
 271280 183059      309.2136   191      308.3919      310.2046 16651463    0.59%
 271480 183209      309.0525   170      308.3919      310.2044 16663926    0.59%
 271680 183367      308.7564   160      308.3919      310.2043 16674609    0.59%
 271998 183588      309.7525   232      308.3919      310.2041 16690106    0.59%
 272240 183770      309.1145   166      308.3919      310.2038 16703200    0.59%
 272439 183903      309.8214   240      308.3919      310.2036 16715210    0.59%
 272675 184081      308.5523   148      308.3919      310.2034 16729947    0.59%
 272871 184237      308.9208   156      308.3919      310.2031 16738563    0.59%
 272985 184309      309.3018   204      308.3919      310.2030 16744848    0.59%
Elapsed time = 3584.31 sec. (3531508.13 ticks, tree = 2213.21 MB, solutions = 9)
Nodefile size = 165.40 MB (154.06 MB after compression)
 273180 184460      309.5531   178      308.3919      310.2028 16755927    0.59%
 273380 184590      308.3972   132      308.3919      310.2027 16767313    0.59%
 273603 184745      309.9346   218      308.3919      310.2026 16777567    0.59%
Advanced basis not built.

Flow cuts applied:  103
Mixed integer rounding cuts applied:  151
Lift and project cuts applied:  9
Gomory fractional cuts applied:  4
User cuts applied:  957

Root node processing (before b&c):
  Real time             =    1.93 sec. (1809.42 ticks)
Sequential b&c:
  Real time             = 3598.07 sec. (3544970.33 ticks)
                          ------------
Total (root+branch&cut) = 3600.00 sec. (3546779.75 ticks)
|V|                                     400
K                                       40
theta                                   0.20
r                                       10
R                                       25
prob_func                               linear
#C1                                     1430
#CP                                     7758

@Parameters: 
am_callback_heuristic                   false
am_local_search                         true
am_start_heuristic                      false
colocation                              true
comp                                    false
cutC                                    true
cutC_init                               false
cutF                                    false
cutF_init                               false
cutF_stable                             false
cutF_wrong                              false
cutLocal                                false
cutM                                    true
cutM_init                               true
cutM_stable                             false
cutP                                    true
cutP_init                               false
cutP_stable                             false
init                                    true
init_cutF_zero                          false
init_val_greedy                         true
is_Euclidean                            false
is_local_search                         false
is_right_cutP                           true
is_root                                 false
is_silent                               false
is_start                                false
mycut                                   false
pmed                                    false
pre                                     true
stable_root                             false
str                                     false
two_phase                               false
ubstr                                   false
mode                                    Int

am_callback_node_space                  50
init                                    0
mixture_seed                            1
node_space                              5
nodelimit                               -1
nsepa                                   1
strF                                    0
type_delta                              0

EPS                                     0.001000
EPS_FRAC                                0.00
gap                                     0.00
mixture_high_max                        0.99
mixture_high_min                        0.90
mixture_low_max                         0.01
mixture_low_min                         0.00
mixture_low_share                       0.80
timelimit                               3600.00

Number of Closed Sites: 13 / 520 
Number of Confined Sites-1: 8 / 312 
Number of Confined Sites-k: 379 / 3552 
Preprocess Time: 0.84 + 0.00 sec

Solve Time: 3600.00
Number of Nodes: 273780
Termination Status: TIME_LIMIT

CutInfo: [phase] num / time (sec) / aver. num_nonzero
max              [LP]     0 / 0.00 / 0.00 [init]   222 / 0.00 / 3.77 [rLC]   237 / 0.01 / 9.27 [rUC]   915 / 0.06 / 7.98 [sLC]   148 / 0.06 / 11.97 [sUC]  1433 / 1.46 / 8.58 
prod_oa          [LP]     0 / 0.00 / 0.00 [init]   222 / 0.00 / 15.24 [rLC]   471 / 0.01 / 20.96 [rUC]   250 / 0.04 / 15.75 [sLC]   827 / 0.04 / 24.84 [sUC]   865 / 1.21 / 19.25 
prod_sm_fixed    [LP]     0 / 0.00 / 0.00 [init]     0 / 0.00 / 0.00 [rLC]     0 / 0.00 / 0.00 [rUC]     0 / 0.00 / 0.00 [sLC]     0 / 0.00 / 0.00 [sUC]     0 / 0.00 / 0.00 
prod_bin         [LP]     0 / 0.00 / 0.00 [init]     0 / 0.00 / 0.00 [rLC]     0 / 0.00 / 0.00 [rUC]     0 / 0.00 / 0.00 [sLC]     0 / 0.00 / 0.00 [sUC]     0 / 0.00 / 0.00 
prod_local       [LP]     0 / 0.00 / 0.00 [init]     0 / 0.00 / 0.00 [rLC]     0 / 0.00 / 0.00 [rUC]     0 / 0.00 / 0.00 [sLC]     0 / 0.00 / 0.00 [sUC]     0 / 0.00 / 0.00 
prod_sm_C        [LP]     0 / 0.00 / 0.00 [init]     0 / 0.00 / 0.00 [rLC]     0 / 0.00 / 0.00 [rUC]     0 / 0.00 / 0.00 [sLC]     0 / 0.00 / 0.00 [sUC]     0 / 0.00 / 0.00 
facet            [LP]     0 / 0.00 / 0.00 [init]     0 / 0.00 / 0.00 [rLC]     0 / 0.00 / 0.00 [rUC]     0 / 0.00 / 0.00 [sLC]     0 / 0.00 / 0.00 [sUC]     0 / 0.00 / 0.00 
Separation Round:   [LP] 0  [init] 1  [rLC] 5  [rUC] 20  [sLC] 24  [sUC] 486801  
Root Best Bound 315.024227
Root Best Integer: 307.200919
Best Bound: 310.202406
Best Integer: 308.391906
1: 2, 13, 26, 33, 50, 58, 68, 82, 86, 114, 124, 138, 141, 142, 143, 157, 161, 170, 181, 183, 191, 203, 204, 210, 215, 231, 232, 270, 294, 295, 298, 307, 321, 325, 343, 357, 359, 387, 393, 396
Objective Value (calc): 308.378376
sum_etaM = 296.466667 / 296.466667
sum_etaP = 311.373216 / 311.356303
nL: 40
nCL: 0
mCL: 1
