Version identifier: 20.1.0.0 | 2020-11-10 | 9bedb6d68
CPXPARAM_Threads                                 1
CPXPARAM_TimeLimit                               3600
CPXPARAM_MIP_Tolerances_MIPGap                   0
Generic callback                                 0x60
1 of 1 MIP starts provided solutions.
MIP start 'm1' defined initial solution with objective 450.4849.
Tried aggregator 2 times.
MIP Presolve eliminated 13 rows and 10 columns.
MIP Presolve modified 2733 coefficients.
Aggregator did 3 substitutions.
Reduced MIP has 2972 rows, 3187 columns, and 86392 nonzeros.
Reduced MIP has 795 binaries, 792 generals, 0 SOSs, and 0 indicators.
Presolve time = 0.03 sec. (26.69 ticks)
Probing time = 0.00 sec. (3.71 ticks)
Tried aggregator 1 time.
Reduced MIP has 2972 rows, 3187 columns, and 86392 nonzeros.
Reduced MIP has 795 binaries, 792 generals, 0 SOSs, and 0 indicators.
Presolve time = 0.02 sec. (14.87 ticks)
Probing time = 0.00 sec. (3.71 ticks)
MIP emphasis: balance optimality and feasibility.
MIP search method: dynamic search.
Parallel mode: none, using 1 thread.
Root relaxation solution time = 0.46 sec. (548.18 ticks)

        Nodes                                         Cuts/
   Node  Left     Objective  IInf  Best Integer    Best Bound    ItCnt     Gap

*     0+    0                          450.4849      800.0000            77.59%
      0     0      520.2482    36      450.4849      520.2482     3583   15.49%
      0     0      466.9380    92      450.4849     Cuts: 798     4526    3.65%
      0     0      465.2547   100      450.4849     Cuts: 302     4986    3.28%
      0     0      464.6486   108      450.4849     Cuts: 228     5285    3.14%
      0     0      464.5194   118      450.4849     Cuts: 131     5444    3.12%
      0     0      464.4310   112      450.4849     Cuts: 132     5588    3.10%
      0     0      464.3802   128      450.4849      Cuts: 78     5691    3.08%
      0     0      464.3383   124      450.4849      Cuts: 91     5801    3.08%
      0     0      464.3034   122      450.4849      Cuts: 66     5894    3.07%
      0     0      464.2657   122      450.4849      Cuts: 92     5968    3.06%
      0     0      464.2494   124      450.4849 UserPurge2: 39     6023    3.06%
      0     0      464.2468   116      450.4849 UserPurge2: 21     6053    3.05%
      0     0      464.2292   112      450.4849 UserPurge2: 26     6104    3.05%
      0     0      464.2211   122      450.4849 UserPurge2: 28     6147    3.05%
      0     0      464.2189   120      450.4849 UserPurge2: 19     6183    3.05%
      0     0      464.2180   118      450.4849 UserPurge2: 14     6202    3.05%
      0     0      464.2175   120      450.4849 UserPurge2: 5     6217    3.05%
      0     0      464.2174   118      450.4849 UserPurge2: 2     6220    3.05%
      0     2      463.1252   116      450.4849      463.1248     6220    2.81%
Elapsed time = 6.79 sec. (5826.18 ticks, tree = 0.01 MB, solutions = 1)
      3     5      462.2837    90      450.4849      463.0363     7406    2.79%
      5     7      461.2466    90      450.4849      463.0363     9455    2.79%
      6     8      461.3118    86      450.4849      463.0363    10531    2.79%
      8    10      460.9495    84      450.4849      463.0363    11378    2.79%
      9    11      459.8451    76      450.4849      463.0363    12015    2.79%
     10    12      460.2920    92      450.4849      463.0363    13153    2.79%
     12    14      459.2477    88      450.4849      463.0363    13847    2.79%
     14    16      458.4888    72      450.4849      463.0363    14363    2.79%
     15    17      455.6297    54      450.4849      463.0363    16137    2.79%
     20    22      455.6617    56      450.4849      463.0363    18441    2.79%
Elapsed time = 11.41 sec. (10797.01 ticks, tree = 0.27 MB, solutions = 1)
     35    28      461.9197   114      450.4849      463.0346    22506    2.79%
     38    31      460.8756    94      450.4849      463.0346    24525    2.79%
     41    34      458.9167    84      450.4849      463.0346    27009    2.79%
     45    38      453.9771    68      450.4849      463.0346    31819    2.79%
     47    40      455.0512    72      450.4849      463.0346    34228    2.79%
     50    43      453.2027    42      450.4849      463.0346    37008    2.79%
     58    47      461.3076   100      450.4849      462.4556    40253    2.66%
     60    49      460.7352    96      450.4849      462.4556    41637    2.66%
     63    52      459.5876    88      450.4849      462.4556    44194    2.66%
     67    56      459.0820    82      450.4849      462.4556    46357    2.66%
Elapsed time = 23.66 sec. (24830.77 ticks, tree = 0.86 MB, solutions = 1)
     70    59      456.9329    72      450.4849      462.4556    48471    2.66%
     75    64      454.3455    48      450.4849      462.4556    51148    2.66%
     84    69      461.4931   114      450.4849      462.4547    53666    2.66%
     87    72      460.3456   104      450.4849      462.4547    56239    2.66%
     90    75      458.1221    86      450.4849      462.4547    58842    2.66%
     95    80      455.7428    90      450.4849      462.4547    61812    2.66%
*   100+   83                          450.4854      462.4547             2.66%
    100    85      452.7817    86      450.4854      462.4547    65474    2.66%
    106    87      459.0652    94      450.4854      461.4913    68839    2.44%
    110    91      457.2739    82      450.4854      461.4913    71618    2.44%
    113    94      455.7049    84      450.4854      461.4913    73663    2.44%
Elapsed time = 37.24 sec. (39900.47 ticks, tree = 1.13 MB, solutions = 2)
    116    97      454.4255    74      450.4854      461.4913    75944    2.44%
    120   101      452.6326    80      450.4854      461.4913    77779    2.44%
    128   107      450.6221    86      450.4854      461.4913    79826    2.44%
    133   108      459.5978    86      450.4854      461.3935    81396    2.42%
    137   112      457.5778    70      450.4854      461.3935    83298    2.42%
*   140+  112                          450.8579      461.3935             2.34%
    140   114      455.7161    66      450.8579      461.3935    85699    2.34%
    144   118      454.1508    58      450.8579      461.3935    87663    2.34%
    150   124      450.9421    32      450.8579      461.3935    89432    2.34%
    157   125      459.7040   110      450.8579      461.3361    91056    2.32%
    160   128      457.9564   112      450.8579      461.3361    92439    2.32%
Elapsed time = 50.06 sec. (53084.65 ticks, tree = 2.51 MB, solutions = 3)
    165   133      456.1492   112      450.8579      461.3361    94201    2.32%
    168   136      454.8830   104      450.8579      461.3361    96598    2.32%
    170   138      453.7254   102      450.8579      461.3361    98706    2.32%
    175   143      452.4703   106      450.8579      461.3361   101146    2.32%
    180   144        cutoff            450.8579      461.3361   103108    2.32%
    183   147      459.5960   108      450.8579      461.3326   105251    2.32%
    185   149      458.3295   100      450.8579      461.3326   107316    2.32%
    188   152      457.1959   108      450.8579      461.3326   110180    2.32%
    190   154      455.2747   110      450.8579      461.3326   113394    2.32%
    192   156      453.9833   124      450.8579      461.3326   115486    2.32%
Elapsed time = 63.66 sec. (67119.50 ticks, tree = 3.38 MB, solutions = 3)
    195   159      452.8304   124      450.8579      461.3326   118049    2.32%
    198   162      451.3207   108      450.8579      461.3326   120155    2.32%
    202   162      459.9588   116      450.8579      461.3114   122586    2.32%
    205   165      457.5869   108      450.8579      461.3114   125327    2.32%
    208   168      456.9256   112      450.8579      461.3114   127075    2.32%
    210   170      455.6218   116      450.8579      461.3114   128997    2.32%
    212   172      454.3852   104      450.8579      461.3114   133025    2.32%
    216   176      452.6443    98      450.8579      461.3114   136064    2.32%
    220   180      451.7509   100      450.8579      461.3114   137981    2.32%
    226   182      458.7184    80      450.8579      461.3075   140483    2.32%
Elapsed time = 77.85 sec. (82179.65 ticks, tree = 3.59 MB, solutions = 3)
    231   187      456.7267    76      450.8579      461.3075   142659    2.32%
    236   192      454.6285    54      450.8579      461.3075   144665    2.32%
    241   197      453.0412    60      450.8579      461.3075   146206    2.32%
    251   201      459.8454    88      450.8579      461.2459   149036    2.30%
    254   204      457.9355    82      450.8579      461.2459   150764    2.30%
    258   208      453.7491    58      450.8579      461.2459   152897    2.30%
    265   212        cutoff            450.8579      461.2459   154624    2.30%
    267   214      458.2617    64      450.8579      461.2438   156471    2.30%
    270   217      456.5432    76      450.8579      461.2438   158277    2.30%
    274   221      454.1174    78      450.8579      461.2438   160310    2.30%
Elapsed time = 89.81 sec. (94819.97 ticks, tree = 3.74 MB, solutions = 3)
    278   225      452.5890    68      450.8579      461.2438   162489    2.30%
    284   227      460.1474    94      450.8579      461.2036   164884    2.29%
    287   230      458.7067    90      450.8579      461.2036   166665    2.29%
    290   233      456.8262    98      450.8579      461.2036   168596    2.29%
    294   237      455.6903    88      450.8579      461.2036   170378    2.29%
    297   240      453.6463    68      450.8579      461.2036   172818    2.29%
    300   243      453.2737    74      450.8579      461.2036   173823    2.29%
    306   245      460.3175   112      450.8579      460.8755   176291    2.22%
    309   248      458.2565   102      450.8579      460.8755   178160    2.22%
    310   249      457.2040   106      450.8579      460.8755   179944    2.22%
Elapsed time = 101.89 sec. (108001.07 ticks, tree = 3.84 MB, solutions = 3)
    313   252      455.5265   116      450.8579      460.8755   182539    2.22%
    315   254      454.4658   114      450.8579      460.8755   184166    2.22%
    318   257      452.6033   102      450.8579      460.8755   186215    2.22%
    320   259      451.4069    96      450.8579      460.8755   188156    2.22%
    324   259      458.6589    80      450.8579      460.7316   190445    2.19%
    328   263      456.6995    92      450.8579      460.7316   192595    2.19%
    331   266      455.2506    86      450.8579      460.7316   193907    2.19%
    336   271      453.4632    78      450.8579      460.7316   196018    2.19%
    340   275      451.7378    84      450.8579      460.7316   197527    2.19%
    346   277      459.6888   102      450.8579      460.6159   199298    2.16%
Elapsed time = 114.30 sec. (121157.45 ticks, tree = 3.97 MB, solutions = 3)
    350   281      458.1674    84      450.8579      460.6159   201771    2.16%
    353   284      456.3115    70      450.8579      460.6159   203577    2.16%
    357   288      453.8914    56      450.8579      460.6159   205731    2.16%
    363   290        cutoff            450.8579      460.6159   207342    2.16%
    365   292      457.5604    98      450.8579      460.3448   209259    2.10%
    368   295      455.8602    80      450.8579      460.3448   211391    2.10%
    374   301      454.2718    68      450.8579      460.3448   213353    2.10%
    379   306      451.8260    76      450.8579      460.3448   215224    2.10%
    385   308      459.6805    94      450.8579      460.3174   217178    2.10%
    399   322      453.6478    86      450.8579      460.3174   223898    2.10%
Elapsed time = 128.36 sec. (135520.74 ticks, tree = 4.39 MB, solutions = 3)
    410   329      457.0661    96      450.8579      460.2897   228113    2.09%
*   420+  313                          451.6668      460.2892             1.91%
    420   315      459.1570    86      451.6668      460.2892   231633    1.91%
    432   327      453.2970    78      451.6668      460.2892   236358    1.91%
*   440+  295                          452.4869      460.2749             1.72%
    440   297      457.9026    80      452.4869      460.2749   239591    1.72%
*   450   280      integral     0      453.0691      460.2749   242043    1.59%
    460   288      453.8655    80      453.0691      460.2347   245454    1.58%
    478   298      458.6389    90      453.0691      460.2197   251237    1.58%
    492   312      453.4347    76      453.0691      460.2197   255088    1.58%
    500   316      457.0873   106      453.0691      460.1411   259256    1.56%
    510   322      458.1375    78      453.0691      460.0911   263494    1.55%
    527   335      456.5079   104      453.0691      459.9765   269506    1.52%
Elapsed time = 170.54 sec. (179044.36 ticks, tree = 6.23 MB, solutions = 6)
    540   344      457.0698   100      453.0691      459.9563   273669    1.52%
    552   352      457.5874   116      453.0691      459.8746   279356    1.50%
    565   361      457.0756    90      453.0691      459.8641   285486    1.50%
    581   373      453.5976    56      453.0691      459.8451   291229    1.50%
    595   381      453.5316    70      453.0691      459.8443   296610    1.50%
    604   386      454.2070    84      453.0691      459.7145   299361    1.47%
    613   392      455.1098   102      453.0691      459.7037   304989    1.46%
    622   397      457.0474    96      453.0691      459.6829   310009    1.46%
    638   409      455.5561    80      453.0691      459.6777   316326    1.46%
    655   416      458.3421    94      453.0691      459.5871   322585    1.44%
Elapsed time = 212.09 sec. (221960.21 ticks, tree = 9.68 MB, solutions = 6)
    669   426      457.8160    94      453.0691      459.5785   328052    1.44%
    678   435      453.1389    88      453.0691      459.5785   334159    1.44%
    690   439      456.5675    72      453.0691      459.5107   339459    1.42%
    706   449      456.3332    86      453.0691      459.5043   345934    1.42%
    720   459      457.4959    86      453.0691      459.5030   350607    1.42%
    735   470      455.9966    78      453.0691      459.4916   357331    1.42%
    750   481      454.4464    70      453.0691      459.4896   362295    1.42%
    760   487      454.5934    70      453.0691      459.4868   366076    1.42%
    784   497      458.8345    88      453.0691      459.4686   371888    1.41%
    800   509      456.9661    76      453.0691      459.4596   377592    1.41%
Elapsed time = 254.14 sec. (264998.09 ticks, tree = 11.67 MB, solutions = 6)
    818   523      455.6522    88      453.0691      459.4434   383680    1.41%
    833   534      454.8451    72      453.0691      459.4434   389662    1.41%
    857   548      455.6103    86      453.0691      459.4110   395647    1.40%
    872   557      455.2683    74      453.0691      459.3844   401815    1.39%
    896   575      453.9083    88      453.0691      459.3147   407761    1.38%
    910   583        cutoff            453.0691      459.3046   413781    1.38%
    921   586      453.6453    86      453.0691      459.2463   420062    1.36%
    939   596      453.1034    58      453.0691      459.1570   426014    1.34%
    963   612      456.3711    74      453.0691      459.1169   431589    1.33%
    984   629      453.6147    86      453.0691      459.1138   437558    1.33%
Elapsed time = 292.80 sec. (303935.96 ticks, tree = 18.76 MB, solutions = 6)
   1001   638      457.0005    96      453.0691      458.9652   443505    1.30%
   1015   648      455.4543    92      453.0691      458.9628   450076    1.30%
   1036   657      456.9961    70      453.0691      458.9492   456419    1.30%
   1056   673      455.4239    98      453.0691      458.8968   461864    1.29%
   1071   680      457.2993    84      453.0691      458.7955   468273    1.26%

Performing restart 1

Repeating presolve.
Tried aggregator 1 time.
MIP Presolve eliminated 841 rows and 646 columns.
MIP Presolve modified 192 coefficients.
Reduced MIP has 2131 rows, 2541 columns, and 76500 nonzeros.
Reduced MIP has 568 binaries, 377 generals, 0 SOSs, and 0 indicators.
Presolve time = 0.04 sec. (26.86 ticks)
Tried aggregator 1 time.
Reduced MIP has 2131 rows, 2541 columns, and 76500 nonzeros.
Reduced MIP has 568 binaries, 377 generals, 0 SOSs, and 0 indicators.
Presolve time = 0.02 sec. (15.79 ticks)
Represolve time = 0.18 sec. (136.91 ticks)
   1073     0      461.2263   110      453.0691      Cuts: 81   479370    1.26%
   1073     0      461.1867   102      453.0691      Cuts: 19   479457    1.26%
   1073     0      461.1599   100      453.0691      Cuts: 11   479516    1.26%
   1073     0      461.1431   106      453.0691       Cuts: 3   479568    1.26%
   1073     0      461.1425   108      453.0691       Cuts: 4   479581    1.26%
   1073     0      461.1398   100      453.0691       Cuts: 4   479615    1.26%
   1073     0      461.1349   100      453.0691       Cuts: 4   479655    1.26%
   1073     2      461.1191   110      453.0691      458.7955   479655    1.26%
   1074     3      460.9832    96      453.0691      458.7955   480077    1.26%
   1075     4      460.5654    98      453.0691      458.7955   480481    1.26%
   1078     7      460.3696    86      453.0691      458.7955   482023    1.26%
   1092    21      457.3880    50      453.0691      458.7955   485890    1.26%
Elapsed time = 342.06 sec. (359904.84 ticks, tree = 0.42 MB, solutions = 6)
   1110    35      459.7562    96      453.0691      458.7955   489464    1.26%
   1119    44      456.4546    72      453.0691      458.7955   493304    1.26%
   1143    61      460.0795    86      453.0691      458.7955   497693    1.26%
   1160    78      453.9927    54      453.0691      458.7955   502736    1.26%
   1191   101      456.9407    72      453.0691      458.7955   508233    1.26%
   1221   125      454.1648    56      453.0691      458.7955   512128    1.26%
   1253   147      455.5402    72      453.0691      458.7955   517381    1.26%
   1273   162      456.5753    66      453.0691      458.7955   522357    1.26%
   1293   178      455.9532    72      453.0691      458.7955   529808    1.26%
   1313   192      455.9049    74      453.0691      458.7955   535923    1.26%
Elapsed time = 374.81 sec. (402400.04 ticks, tree = 1.47 MB, solutions = 6)
   1337   212      456.1108    68      453.0691      458.7955   542774    1.26%
   1356   227      455.4915    84      453.0691      458.7955   549258    1.26%
   1373   237      457.4600    60      453.0691      458.7955   555893    1.26%
   1400   257      453.2206    34      453.0691      458.7955   562401    1.26%
   1428   275      457.7175    84      453.0691      458.7955   567743    1.26%
   1445   288      453.3838    74      453.0691      458.7955   571132    1.26%
   1473   308      457.5665    90      453.0691      458.7955   576535    1.26%
   1497   327      456.0553    72      453.0691      458.7955   583633    1.26%
   1533   358      453.7174    40      453.0691      458.7955   589933    1.26%
   1567   384      454.7984    50      453.0691      458.7955   596599    1.26%
Elapsed time = 409.68 sec. (441946.77 ticks, tree = 3.94 MB, solutions = 6)
   1597   406      455.2713    70      453.0691      458.7955   603000    1.26%
   1629   429      459.1157    80      453.0691      458.7955   609644    1.26%
   1653   449      456.5083    66      453.0691      458.7955   616895    1.26%
   1693   481      454.0689    56      453.0691      458.7955   624183    1.26%
   1740   520      453.2395    70      453.0691      458.7955   631250    1.26%
   1773   542      456.3092    84      453.0691      458.7955   637549    1.26%
   1799   564      454.5200    50      453.0691      458.7955   643436    1.26%
   1869   610      456.0184    68      453.0691      458.7955   650604    1.26%
   1901   634      457.3542    88      453.0691      458.7955   656627    1.26%
   1936   659      457.8613    70      453.0691      458.7955   663367    1.26%
Elapsed time = 446.50 sec. (481405.73 ticks, tree = 11.79 MB, solutions = 6)
   1974   689      457.2022    64      453.0691      458.7955   670185    1.26%
   2018   725      457.9634    82      453.0691      458.7955   677448    1.26%
   2059   756      457.9488    82      453.0691      458.7955   684368    1.26%
   2091   782      454.1374    66      453.0691      458.7955   691491    1.26%
   2131   810      455.8691    68      453.0691      458.7955   698058    1.26%
   2162   835      453.9295    32      453.0691      458.7955   705303    1.26%
   2212   866      458.1765    74      453.0691      458.7955   712334    1.26%
   2253   901      453.4507    52      453.0691      458.7955   719690    1.26%
   2289   927      455.9564    72      453.0691      458.7955   726413    1.26%
   2327   954      455.6680    74      453.0691      458.7955   733594    1.26%
Elapsed time = 483.58 sec. (520310.29 ticks, tree = 19.81 MB, solutions = 6)
   2371   988      455.9197    56      453.0691      458.7955   740914    1.26%
   2408  1013      457.7403    68      453.0691      458.7955   747923    1.26%
   2449  1050      453.3735    68      453.0691      458.7877   754509    1.26%
   2479  1072      455.8185    56      453.0691      458.7390   760372    1.25%
   2530  1103      455.3542    76      453.0691      458.6805   767321    1.24%
   2573  1136      456.9623    78      453.0691      458.6708   774662    1.24%
   2610  1169      454.4244    60      453.0691      458.6522   781925    1.23%
   2653  1200      454.5967    84      453.0691      458.6307   788683    1.23%
   2693  1231      457.9623    92      453.0691      458.6030   794728    1.22%
   2719  1249      457.3829    76      453.0691      458.5888   801962    1.22%
Elapsed time = 520.78 sec. (559976.10 ticks, tree = 27.75 MB, solutions = 6)
   2770  1296      453.1401    62      453.0691      458.5883   808520    1.22%
   2808  1325      453.2238    56      453.0691      458.5348   815416    1.21%
   2843  1349      456.8816    68      453.0691      458.5284   821616    1.20%
   2881  1379      455.6489    84      453.0691      458.5222   829113    1.20%
   2912  1400      456.6214    88      453.0691      458.5057   836078    1.20%
   2944  1424      453.4988    74      453.0691      458.4960   843010    1.20%
   3012  1470      456.7033    84      453.0691      458.4704   851056    1.19%
   3049  1499        cutoff            453.0691      458.4655   857427    1.19%
   3083  1525      454.5019    90      453.0691      458.4593   864152    1.19%
   3115  1546      455.7056    70      453.0691      458.4342   870414    1.18%
Elapsed time = 557.50 sec. (599555.50 ticks, tree = 34.38 MB, solutions = 6)
   3162  1583      455.5272    58      453.0691      458.3998   877703    1.18%
   3241  1638      456.2322    66      453.0691      458.3448   884769    1.16%
   3294  1671      455.8181    74      453.0691      458.3434   891280    1.16%
   3335  1700      456.8085    60      453.0691      458.3236   898385    1.16%
   3392  1743      456.6333    68      453.0691      458.3164   905413    1.16%
   3443  1782      455.9008    74      453.0691      458.3056   912346    1.16%
   3517  1844      453.5343    60      453.0691      458.2723   919723    1.15%
   3577  1885      453.3420    58      453.0691      458.2615   926505    1.15%
   3628  1924      455.4612    70      453.0691      458.2310   933149    1.14%
   3668  1954        cutoff            453.0691      458.2147   940078    1.14%
Elapsed time = 594.49 sec. (638078.55 ticks, tree = 48.51 MB, solutions = 6)
   3721  1988      457.0614    70      453.0691      458.1751   946986    1.13%
   3753  2010      456.1291    74      453.0691      458.1444   953434    1.12%
   3792  2034      454.2421    70      453.0691      458.1283   960294    1.12%
   3826  2056      457.3796    70      453.0691      458.1215   967270    1.12%
   3853  2076      455.6299    96      453.0691      458.1178   973511    1.11%
   3878  2093      456.5360    80      453.0691      458.1141   979840    1.11%
   3910  2115      454.5777    42      453.0691      458.1055   986735    1.11%
   3964  2152        cutoff            453.0691      458.0984   993319    1.11%
   4015  2188      453.9625    56      453.0691      458.0910   999741    1.11%
   4063  2220      455.5725    62      453.0691      458.0828  1007039    1.11%
Elapsed time = 631.13 sec. (677099.07 ticks, tree = 56.80 MB, solutions = 6)
   4112  2258      455.6496    64      453.0691      458.0820  1014238    1.11%
   4150  2284      455.6591    80      453.0691      458.0554  1021115    1.10%
   4205  2326      454.0464    62      453.0691      458.0392  1028090    1.10%
   4243  2350      453.7901    50      453.0691      458.0155  1034472    1.09%
   4280  2370      455.2879    80      453.0691      458.0113  1041409    1.09%
   4318  2395      453.4602    46      453.0691      457.9997  1047853    1.09%
   4361  2427      454.5335    66      453.0691      457.9893  1054975    1.09%
   4395  2453      454.6220    64      453.0691      457.9834  1061619    1.08%
   4460  2500      456.8818    64      453.0691      457.9644  1068521    1.08%
   4498  2522      456.5735    72      453.0691      457.9606  1075642    1.08%
Elapsed time = 667.44 sec. (715650.33 ticks, tree = 63.32 MB, solutions = 6)
   4559  2573      455.4304    64      453.0691      457.9585  1082916    1.08%
   4599  2605      454.2431    50      453.0691      457.9568  1089777    1.08%
   4629  2625      455.4431    66      453.0691      457.9418  1096049    1.08%
   4670  2652      455.5201    60      453.0691      457.9229  1103147    1.07%
   4715  2678      453.7598    44      453.0691      457.9163  1109816    1.07%
   4761  2708      456.3174    62      453.0691      457.9076  1115955    1.07%
   4800  2739      454.4841    74      453.0691      457.9043  1122885    1.07%
   4848  2773      455.6954    58      453.0691      457.8896  1129677    1.06%
   4880  2791      455.6780    88      453.0691      457.8808  1136955    1.06%
   4927  2830      454.7008    52      453.0691      457.8653  1143509    1.06%
Elapsed time = 703.64 sec. (754243.68 ticks, tree = 72.69 MB, solutions = 6)
   4973  2854      456.2311    66      453.0691      457.8399  1150427    1.05%
   5016  2889      454.5620    88      453.0691      457.8352  1157803    1.05%
   5053  2919      454.7376    66      453.0691      457.8351  1164326    1.05%
   5094  2948      454.0904    68      453.0691      457.8320  1170557    1.05%
   5136  2976      455.9870    72      453.0691      457.8219  1177729    1.05%
   5169  3001      454.4632    72      453.0691      457.8106  1184343    1.05%
   5201  3021      455.2083    68      453.0691      457.7899  1191832    1.04%
   5250  3058        cutoff            453.0691      457.7858  1198920    1.04%
   5289  3087      455.2390    62      453.0691      457.7788  1205658    1.04%
   5327  3111      453.5587    58      453.0691      457.7784  1212214    1.04%
Elapsed time = 739.54 sec. (792895.22 ticks, tree = 80.20 MB, solutions = 6)
   5363  3135      455.7975    46      453.0691      457.7619  1218823    1.04%
   5411  3169      455.6779    72      453.0691      457.7559  1226512    1.03%
   5448  3196      453.8044    54      453.0691      457.7504  1233714    1.03%
   5491  3222      454.2796    82      453.0691      457.7399  1239881    1.03%
   5530  3249        cutoff            453.0691      457.7223  1247004    1.03%
   5598  3291      453.6861    62      453.0691      457.7181  1253678    1.03%
   5630  3311        cutoff            453.0691      457.7133  1260854    1.03%
   5669  3338      454.9687    84      453.0691      457.6776  1267681    1.02%
   5707  3364      456.2295    68      453.0691      457.6621  1274437    1.01%
   5742  3391      453.1947    24      453.0691      457.6583  1281311    1.01%
Elapsed time = 775.45 sec. (831644.21 ticks, tree = 87.76 MB, solutions = 6)
   5814  3437      456.3091    88      453.0691      457.6403  1288184    1.01%
   5851  3462      456.1894    62      453.0691      457.6348  1295116    1.01%
   5887  3492      453.5442    44      453.0691      457.6276  1301509    1.01%
   5936  3516      455.8376    80      453.0691      457.6213  1307932    1.00%
   5981  3551      454.1400    44      453.0691      457.6148  1315312    1.00%
   6020  3574      457.0630    74      453.0691      457.5958  1322860    1.00%
   6044  3590      455.4041    62      453.0691      457.5909  1329539    1.00%
   6095  3623      454.0245    74      453.0691      457.5871  1336890    1.00%
   6133  3647      454.7660    64      453.0691      457.5769  1343835    0.99%
   6210  3700      454.7045    34      453.0691      457.5727  1350394    0.99%
Elapsed time = 811.55 sec. (870293.06 ticks, tree = 94.21 MB, solutions = 6)
   6278  3752      453.8669    54      453.0691      457.5674  1357206    0.99%
   6331  3782      453.2169    82      453.0691      457.5632  1364616    0.99%
   6369  3809      454.0437    32      453.0691      457.5566  1371542    0.99%
   6445  3867      453.5527    50      453.0691      457.5421  1378727    0.99%
   6487  3891        cutoff            453.0691      457.5340  1385612    0.99%
   6528  3920      454.4160    72      453.0691      457.5254  1392819    0.98%
   6583  3957      456.0566    72      453.0691      457.5108  1399662    0.98%
   6628  3988      455.3752    52      453.0691      457.5065  1406927    0.98%
   6678  4023      456.4166    58      453.0691      457.5048  1414102    0.98%
   6723  4057      455.1138    52      453.0691      457.5018  1420521    0.98%
Elapsed time = 847.99 sec. (908897.74 ticks, tree = 104.29 MB, solutions = 6)
   6772  4091      456.4351    72      453.0691      457.4916  1427359    0.98%
   6807  4106      456.2400    74      453.0691      457.4845  1433851    0.97%
   6869  4156      453.3738    46      453.0691      457.4835  1440813    0.97%
   6909  4182      454.2728    70      453.0691      457.4723  1447615    0.97%
   6959  4216      455.2374    74      453.0691      457.4633  1454744    0.97%
   7000  4243      453.6481    50      453.0691      457.4572  1461670    0.97%
   7053  4282      453.2297    64      453.0691      457.4562  1468782    0.97%
   7092  4303      455.1496    58      453.0691      457.4415  1475648    0.97%
   7149  4342      455.8759    70      453.0691      457.4392  1482705    0.96%
   7195  4374      455.8957    82      453.0691      457.4304  1489853    0.96%
Elapsed time = 884.22 sec. (947564.34 ticks, tree = 110.57 MB, solutions = 6)
   7221  4391      456.5550    82      453.0691      457.4272  1496183    0.96%
   7258  4414        cutoff            453.0691      457.4218  1503345    0.96%
   7313  4451      455.0620    60      453.0691      457.4106  1510174    0.96%
   7345  4473      453.4834    62      453.0691      457.4018  1517643    0.96%
   7383  4493      455.5425    76      453.0691      457.3890  1525108    0.95%
   7420  4518      456.2913    72      453.0691      457.3879  1532270    0.95%
   7455  4537      454.0445    56      453.0691      457.3822  1539220    0.95%
   7501  4569      454.4721    58      453.0691      457.3728  1546192    0.95%
   7537  4591      456.3059    70      453.0691      457.3623  1552600    0.95%
   7580  4622      453.1279    30      453.0691      457.3552  1559606    0.95%
Elapsed time = 921.06 sec. (987011.01 ticks, tree = 116.74 MB, solutions = 6)
   7623  4647      454.9759    60      453.0691      457.3491  1566895    0.94%
   7677  4681      455.6186    62      453.0691      457.3400  1573597    0.94%
   7709  4701      456.4346    64      453.0691      457.3319  1580646    0.94%
   7757  4738      454.7823    54      453.0691      457.3248  1587780    0.94%
   7805  4768      455.9468    72      453.0691      457.3169  1595217    0.94%
   7840  4787      454.1223    72      453.0691      457.3134  1602679    0.94%
   7872  4807      455.3349    78      453.0691      457.3082  1610055    0.94%
   7896  4819      456.2486    58      453.0691      457.3036  1615639    0.93%
   7961  4862      455.1041    66      453.0691      457.2933  1622693    0.93%
   8011  4898      455.3508    58      453.0691      457.2849  1630200    0.93%
Elapsed time = 958.10 sec. (1026655.73 ticks, tree = 124.40 MB, solutions = 6)
   8050  4920      456.2481    64      453.0691      457.2735  1637500    0.93%
   8121  4968      455.6048    84      453.0691      457.2642  1645142    0.93%
   8175  5002      453.6751    50      453.0691      457.2590  1651817    0.92%
   8235  5038      454.8140    64      453.0691      457.2551  1658240    0.92%
   8273  5061      456.3062    70      453.0691      457.2421  1665433    0.92%
   8328  5103      455.5400    72      453.0691      457.2379  1672812    0.92%
   8365  5125      455.5692    66      453.0691      457.2364  1680364    0.92%
   8405  5154      453.5049    50      453.0691      457.2287  1687425    0.92%
   8448  5183      454.4123    64      453.0691      457.2209  1694460    0.92%
   8502  5219      453.9286    58      453.0691      457.2199  1701336    0.92%
Elapsed time = 995.37 sec. (1066221.10 ticks, tree = 132.62 MB, solutions = 6)
   8556  5253      453.3696    26      453.0691      457.2151  1708419    0.92%
   8609  5278      455.9650    66      453.0691      457.2099  1715510    0.91%
   8673  5326      455.9191    66      453.0691      457.2092  1721344    0.91%
   8725  5365      454.3339    38      453.0691      457.2011  1727883    0.91%
   8794  5413      456.2701    66      453.0691      457.1855  1734896    0.91%
   8838  5441      456.2536    68      453.0691      457.1803  1742459    0.91%
   8876  5467      454.5348    86      453.0691      457.1775  1749566    0.91%
   8910  5487      453.5930    64      453.0691      457.1733  1756713    0.91%
   8944  5509      453.2144    60      453.0691      457.1676  1763636    0.90%
   8997  5548      454.7101    50      453.0691      457.1617  1770763    0.90%
Elapsed time = 1032.12 sec. (1105360.38 ticks, tree = 139.57 MB, solutions = 6)
   9065  5587      456.0558    70      453.0691      457.1554  1777234    0.90%
   9132  5633      456.4048    56      453.0691      457.1509  1784379    0.90%
   9174  5664      454.6332    76      453.0691      457.1471  1791196    0.90%
   9220  5692      456.0862    72      453.0691      457.1364  1798807    0.90%
   9259  5717      456.4008    50      453.0691      457.1289  1805900    0.90%
   9303  5743      455.9159    62      453.0691      457.1175  1812841    0.89%
   9347  5773      455.2249    50      453.0691      457.1167  1820358    0.89%
   9385  5795      454.1365    70      453.0691      457.1034  1827230    0.89%
   9414  5816      453.7672    50      453.0691      457.1009  1834290    0.89%
   9454  5835      454.7850    54      453.0691      457.0993  1841096    0.89%
Elapsed time = 1068.48 sec. (1144489.51 ticks, tree = 146.64 MB, solutions = 6)
   9491  5860      454.3640    62      453.0691      457.0968  1847650    0.89%
   9542  5895      454.2307    66      453.0691      457.0925  1854705    0.89%
   9595  5930      454.6667    58      453.0691      457.0808  1861501    0.89%
   9664  5969      454.4252    64      453.0691      457.0782  1869143    0.88%
   9702  5995      454.0835    66      453.0691      457.0739  1876492    0.88%
   9753  6026      455.1829    72      453.0691      457.0663  1883126    0.88%
   9789  6050      453.5290    72      453.0691      457.0601  1890036    0.88%
   9826  6069      456.2849    70      453.0691      457.0563  1896812    0.88%
   9860  6089      456.0067    76      453.0691      457.0511  1903959    0.88%
   9901  6114      455.8364    62      453.0691      457.0424  1910841    0.88%
Elapsed time = 1104.73 sec. (1183407.41 ticks, tree = 155.31 MB, solutions = 6)
   9953  6151      454.8604    50      453.0691      457.0384  1917625    0.88%
  10012  6188      457.0173    72      453.0691      457.0324  1924824    0.87%
  10074  6231      454.1726    42      453.0691      457.0251  1931325    0.87%
  10133  6261      453.7790    58      453.0691      457.0205  1937421    0.87%
  10188  6297      455.2885    62      453.0691      457.0150  1944272    0.87%
  10235  6324      455.7081    58      453.0691      457.0119  1951532    0.87%
  10273  6348      456.0375    72      453.0691      457.0060  1958567    0.87%
  10315  6374      455.7692    60      453.0691      457.0008  1965312    0.87%
  10358  6403      456.3067    48      453.0691      456.9983  1973103    0.87%
  10430  6446      454.0742    64      453.0691      456.9960  1980147    0.87%
Elapsed time = 1141.57 sec. (1222390.71 ticks, tree = 166.80 MB, solutions = 6)
  10463  6463      454.0094    60      453.0691      456.9908  1986955    0.87%
  10508  6490      456.1357    64      453.0691      456.9797  1994086    0.86%
  10544  6514      454.9761    58      453.0691      456.9773  2000804    0.86%
  10593  6553      454.4295    78      453.0691      456.9726  2007748    0.86%
  10636  6577      455.5585    50      453.0691      456.9643  2014720    0.86%
  10685  6606      456.1215    56      453.0691      456.9567  2021984    0.86%
  10756  6653      455.4610    70      453.0691      456.9452  2029188    0.86%
  10794  6677      455.8665    80      453.0691      456.9399  2036291    0.85%
  10844  6713      454.5824    64      453.0691      456.9331  2043419    0.85%
  10910  6757      453.4629    66      453.0691      456.9279  2050669    0.85%
Elapsed time = 1178.15 sec. (1261312.22 ticks, tree = 174.50 MB, solutions = 6)
  10974  6801      453.1635    44      453.0691      456.9234  2057940    0.85%
  11027  6835      455.8530    66      453.0691      456.9202  2065036    0.85%
  11065  6861      455.8572    82      453.0691      456.9155  2072514    0.85%
  11119  6901      453.9590    56      453.0691      456.9091  2079414    0.85%
  11158  6922      455.2974    68      453.0691      456.9060  2086159    0.85%
  11200  6946      453.2189    52      453.0691      456.9038  2093581    0.85%
  11243  6969        cutoff            453.0691      456.8993  2100731    0.85%
  11290  7002      454.3186    42      453.0691      456.8951  2107417    0.84%
  11333  7033        cutoff            453.0691      456.8940  2113217    0.84%
  11334  7034      455.9221    72      453.0691      456.8933  2113559    0.84%
Elapsed time = 1221.34 sec. (1309425.07 ticks, tree = 180.02 MB, solutions = 6)
  11335  7035      455.8484    78      453.0691      456.8928  2113889    0.84%

Performing restart 2

Repeating presolve.
Tried aggregator 1 time.
MIP Presolve eliminated 134 rows and 212 columns.
MIP Presolve modified 51 coefficients.
Reduced MIP has 1997 rows, 2329 columns, and 66131 nonzeros.
Reduced MIP has 425 binaries, 316 generals, 0 SOSs, and 0 indicators.
Presolve time = 0.03 sec. (24.78 ticks)
Tried aggregator 1 time.
Reduced MIP has 1997 rows, 2329 columns, and 66131 nonzeros.
Reduced MIP has 425 binaries, 316 generals, 0 SOSs, and 0 indicators.
Presolve time = 0.02 sec. (13.48 ticks)
Represolve time = 0.19 sec. (127.40 ticks)
  11336     0      460.9716    98      453.0691      Cuts: 34  2122136    0.84%
  11336     0      460.9563    96      453.0691      Cuts: 16  2122190    0.84%
  11336     0      460.9483    98      453.0691       Cuts: 5  2122240    0.84%
  11336     0      460.9415   100      453.0691      Cuts: 11  2122281    0.84%
  11336     0      460.9353    92      453.0691      Cuts: 10  2122317    0.84%
  11336     0      460.9317    98      453.0691       Cuts: 5  2122339    0.84%
  11336     0      460.9274    98      453.0691       Cuts: 9  2122373    0.84%
  11336     0      460.9269    98      453.0691       Cuts: 7  2122391    0.84%
  11336     0      460.9266   102      453.0691    MIRcuts: 2  2122404    0.84%
  11336     2      460.9201   108      453.0691      456.8928  2122404    0.84%
  11338     4      460.4382    88      453.0691      456.8928  2123410    0.84%
  11355    21      457.1219    64      453.0691      456.8928  2128986    0.84%
  11378    42      455.6804    54      453.0691      456.8928  2134078    0.84%
  11396    50      459.1245    92      453.0691      456.8928  2136718    0.84%
  11416    70      457.2151    76      453.0691      456.8928  2143992    0.84%
  11453    95      459.6322    90      453.0691      456.8928  2150198    0.84%
  11486   123      453.5203    50      453.0691      456.8928  2155512    0.84%
  11545   169      453.9245    40      453.0691      456.8928  2160611    0.84%
Elapsed time = 1277.36 sec. (1376286.16 ticks, tree = 1.33 MB, solutions = 6)
  11596   208      459.4074    94      453.0691      456.8928  2165885    0.84%
  11644   249        cutoff            453.0691      456.8928  2172605    0.84%
  11703   288      457.7271    92      453.0691      456.8928  2178864    0.84%
  11736   314      458.3616    90      453.0691      456.8928  2184321    0.84%
  11794   363      454.5925    72      453.0691      456.8928  2191359    0.84%
  11836   397      456.3893    78      453.0691      456.8928  2198318    0.84%
  11871   418      458.0930    84      453.0691      456.8928  2205237    0.84%
  11912   455      453.8557    70      453.0691      456.8928  2212643    0.84%
  11944   481      453.0747    72      453.0691      456.8928  2219556    0.84%
  11989   515      455.7719    62      453.0691      456.8928  2227407    0.84%
Elapsed time = 1312.22 sec. (1415249.33 ticks, tree = 6.31 MB, solutions = 6)
  12037   545      458.7213    92      453.0691      456.8928  2235074    0.84%
  12078   582      453.5355    72      453.0691      456.8928  2242627    0.84%
  12106   604      454.1219    82      453.0691      456.8928  2248190    0.84%
  12136   625      456.2088    72      453.0691      456.8928  2254612    0.84%
  12170   649      457.1441    92      453.0691      456.8928  2262128    0.84%
  12216   690      453.5242    60      453.0691      456.8928  2268121    0.84%
  12250   716      454.8579    60      453.0691      456.8928  2275525    0.84%
  12287   741      457.7101    86      453.0691      456.8928  2282276    0.84%
  12324   770      456.2375    70      453.0691      456.8928  2289276    0.84%
  12361   801      453.7744    36      453.0691      456.8928  2296646    0.84%
Elapsed time = 1347.02 sec. (1453902.49 ticks, tree = 14.42 MB, solutions = 6)
  12397   825      456.6419    72      453.0691      456.8928  2302691    0.84%
  12438   858      456.5980    84      453.0691      456.8928  2309896    0.84%
  12471   885        cutoff            453.0691      456.8928  2317768    0.84%
  12512   910      453.4058    64      453.0691      456.8928  2325082    0.84%
  12548   936      455.5698    70      453.0691      456.8928  2331783    0.84%
  12588   962        cutoff            453.0691      456.8928  2339192    0.84%
  12644  1003      456.2419    94      453.0691      456.8928  2346041    0.84%
  12682  1029      458.2580    68      453.0691      456.8928  2353543    0.84%
  12729  1072      453.7149    48      453.0691      456.8928  2360149    0.84%
  12792  1122      453.5176    50      453.0691      456.8928  2366861    0.84%
Elapsed time = 1382.11 sec. (1492471.68 ticks, tree = 22.39 MB, solutions = 6)
  12831  1150      454.0678    78      453.0691      456.8928  2373990    0.84%
  12869  1178      457.4428   100      453.0691      456.8928  2381053    0.84%
  12912  1215      453.2426    58      453.0691      456.8928  2388343    0.84%
  12951  1240        cutoff            453.0691      456.8928  2395625    0.84%
  12996  1279      453.1269    44      453.0691      456.8928  2402823    0.84%
  13046  1319      453.2306    64      453.0691      456.8928  2409697    0.84%
  13091  1355      454.8479    62      453.0691      456.8928  2416811    0.84%
  13146  1394      456.5552    68      453.0691      456.8928  2423938    0.84%
  13184  1422      457.4145    70      453.0691      456.8928  2431612    0.84%
  13219  1453      455.8956    68      453.0691      456.8928  2439432    0.84%
Elapsed time = 1417.41 sec. (1531126.05 ticks, tree = 29.33 MB, solutions = 6)
  13287  1488      455.1464    68      453.0691      456.8928  2446464    0.84%
  13336  1529      456.9865    64      453.0691      456.8928  2452231    0.84%
  13380  1563      455.5055    56      453.0691      456.8928  2459638    0.84%
  13414  1589      454.2306    86      453.0691      456.8928  2466337    0.84%
  13460  1621      457.0574    76      453.0691      456.8928  2473398    0.84%
  13494  1645      457.5776    86      453.0691      456.8928  2480814    0.84%
  13547  1686      454.6237    78      453.0691      456.8928  2487646    0.84%
  13581  1712      456.1436    76      453.0691      456.8928  2495189    0.84%
  13637  1747      455.2344    68      453.0691      456.8928  2502313    0.84%
  13686  1780      456.7789    78      453.0691      456.8928  2510079    0.84%
Elapsed time = 1453.66 sec. (1570807.75 ticks, tree = 36.97 MB, solutions = 6)
  13726  1816      453.5323    60      453.0691      456.8928  2517553    0.84%
  13762  1844      453.4628    58      453.0691      456.8928  2525216    0.84%
  13801  1871      455.7503    84      453.0691      456.8928  2532452    0.84%
  13840  1898      457.1476    80      453.0691      456.8928  2540220    0.84%
  13886  1934      457.3485    74      453.0691      456.8928  2547760    0.84%
  13931  1964      455.8025    74      453.0691      456.8928  2555121    0.84%
  13973  1992        cutoff            453.0691      456.8928  2562600    0.84%
  14008  2015      454.2770    82      453.0691      456.8928  2569881    0.84%
  14052  2043      457.3347    86      453.0691      456.8928  2577706    0.84%
  14089  2076      454.3884    50      453.0691      456.8928  2585332    0.84%
Elapsed time = 1490.09 sec. (1609929.44 ticks, tree = 44.36 MB, solutions = 6)
  14166  2126      456.5650    70      453.0691      456.8928  2592179    0.84%
  14223  2167        cutoff            453.0691      456.8928  2599460    0.84%
  14292  2213      453.3149    44      453.0691      456.8928  2606715    0.84%
  14344  2251      455.2788    78      453.0691      456.8928  2614331    0.84%
  14375  2272      453.6084    64      453.0691      456.8928  2621697    0.84%
  14420  2304      453.1746    68      453.0691      456.8928  2628804    0.84%
  14460  2326      455.1364    54      453.0691      456.8928  2636495    0.84%
  14512  2359      456.8519    80      453.0691      456.8928  2644290    0.84%
  14553  2390        cutoff            453.0691      456.8928  2651699    0.84%
  14591  2416      454.9941    80      453.0691      456.8928  2659754    0.84%
Elapsed time = 1526.90 sec. (1649556.97 ticks, tree = 53.96 MB, solutions = 6)
  14640  2449      455.9031    60      453.0691      456.8928  2667557    0.84%
  14694  2483      455.5055    88      453.0691      456.8928  2674789    0.84%
  14736  2511      456.7541    76      453.0691      456.8928  2682116    0.84%
  14788  2545      454.9233    72      453.0691      456.8928  2689461    0.84%
  14833  2574      457.1389    82      453.0691      456.8928  2697451    0.84%
  14875  2606      453.8070    64      453.0691      456.8928  2704797    0.84%
  14934  2653      456.9235    72      453.0691      456.8928  2712454    0.84%
  14960  2675      455.4740    70      453.0691      456.8928  2717400    0.84%
  15003  2706      454.2288    68      453.0691      456.8928  2724512    0.84%
  15041  2732      455.7422    76      453.0691      456.8928  2731751    0.84%
Elapsed time = 1562.98 sec. (1688935.98 ticks, tree = 63.19 MB, solutions = 6)
  15078  2759      453.1895    76      453.0691      456.8928  2739388    0.84%
  15126  2791      455.9322    60      453.0691      456.8928  2746391    0.84%
  15185  2833      455.0212    64      453.0691      456.8928  2753485    0.84%
  15244  2873      453.7250    80      453.0691      456.8928  2760428    0.84%
  15299  2906      456.4784    58      453.0691      456.8928  2767523    0.84%
  15346  2941      456.8980    78      453.0691      456.8928  2774331    0.84%
  15392  2971      456.6199    60      453.0691      456.8928  2781924    0.84%
  15434  3005      455.1953    50      453.0691      456.8928  2789217    0.84%
  15484  3033      456.4297    76      453.0691      456.8928  2796386    0.84%
  15529  3064      457.1333    84      453.0691      456.8928  2803987    0.84%
Elapsed time = 1597.73 sec. (1728034.72 ticks, tree = 70.84 MB, solutions = 6)
  15589  3108      456.1967    78      453.0691      456.8928  2811264    0.84%
  15634  3143      453.8044    80      453.0691      456.8928  2818901    0.84%
  15690  3179      456.6205    62      453.0691      456.8928  2826267    0.84%
  15736  3215      455.0169    54      453.0691      456.8928  2831867    0.84%
  15783  3250      453.7731    56      453.0691      456.8928  2839452    0.84%
  15841  3285      454.5613    66      453.0691      456.8928  2846852    0.84%
  15888  3317      455.0512    58      453.0691      456.8928  2854124    0.84%
  15937  3352      456.3992    70      453.0691      456.8928  2861189    0.84%
  15988  3381        cutoff            453.0691      456.8928  2868230    0.84%
  16028  3403      456.3253    78      453.0691      456.8928  2875821    0.84%
Elapsed time = 1632.87 sec. (1766813.92 ticks, tree = 76.46 MB, solutions = 6)
  16066  3433      453.2116    60      453.0691      456.8928  2882897    0.84%
  16107  3462      453.4007    86      453.0691      456.8928  2889848    0.84%
  16132  3475      456.5927    72      453.0691      456.8928  2897130    0.84%
  16176  3508      454.2012    80      453.0691      456.8928  2904798    0.84%
  16213  3525      457.0414    72      453.0691      456.8928  2912436    0.84%
  16252  3556      454.0160    64      453.0691      456.8928  2919811    0.84%
  16309  3599      456.5790    74      453.0691      456.8928  2927011    0.84%
  16376  3656      455.9230    80      453.0691      456.8928  2933969    0.84%
  16427  3697      454.0945    40      453.0691      456.8928  2941419    0.84%
  16482  3733      456.0345    58      453.0691      456.8928  2948354    0.84%
Elapsed time = 1668.75 sec. (1805712.71 ticks, tree = 87.38 MB, solutions = 6)
  16529  3770      456.0912    74      453.0691      456.8928  2955296    0.84%
  16569  3796      454.1376    56      453.0691      456.8928  2962732    0.84%
  16616  3832      456.1500    60      453.0691      456.8928  2969187    0.84%
  16681  3881      455.7066    74      453.0691      456.8928  2975915    0.84%
  16730  3919      453.1032    52      453.0691      456.8928  2982704    0.84%
  16774  3943      454.4784    68      453.0691      456.8928  2989513    0.84%
  16829  3984      456.6055    82      453.0691      456.8928  2996415    0.84%
  16880  4012      453.5910    60      453.0691      456.8928  3002731    0.84%
  16931  4047      454.4195    68      453.0691      456.8928  3009576    0.84%
  16972  4072      455.5552    72      453.0691      456.8928  3017074    0.84%
Elapsed time = 1704.49 sec. (1844271.91 ticks, tree = 95.98 MB, solutions = 6)
  17009  4099      453.2186    58      453.0691      456.8928  3023745    0.84%
  17046  4121      455.5120    84      453.0691      456.8928  3030247    0.84%
  17088  4151      454.1553    68      453.0691      456.8928  3037410    0.84%
  17127  4172      456.9281   106      453.0691      456.8928  3044398    0.84%
  17174  4208      453.3277    60      453.0691      456.8928  3051303    0.84%
  17210  4232      453.9689    64      453.0691      456.8928  3058992    0.84%
  17258  4254      456.2931    62      453.0691      456.8928  3066033    0.84%
  17304  4280        cutoff            453.0691      456.8928  3073179    0.84%
  17341  4301      456.5095    72      453.0691      456.8928  3079939    0.84%
  17386  4328      453.4865    62      453.0691      456.8928  3087056    0.84%
Elapsed time = 1740.36 sec. (1883324.86 ticks, tree = 102.68 MB, solutions = 6)
  17426  4348      455.5909    88      453.0691      456.8928  3093960    0.84%
  17461  4367      456.8619    82      453.0691      456.8928  3101195    0.84%
  17506  4402      453.3777    50      453.0691      456.8928  3107685    0.84%
  17550  4435      453.2159    58      453.0691      456.8928  3114440    0.84%
  17601  4462      454.9163    72      453.0691      456.8928  3121810    0.84%
  17656  4498      456.3153    72      453.0691      456.8928  3128710    0.84%
  17702  4532      455.4142    68      453.0691      456.8928  3135907    0.84%
  17748  4563      456.4327    82      453.0691      456.8928  3143379    0.84%
  17781  4582      455.7567    80      453.0691      456.8928  3150826    0.84%
  17836  4621      455.7829    72      453.0691      456.8928  3157803    0.84%
Elapsed time = 1776.59 sec. (1922303.17 ticks, tree = 108.67 MB, solutions = 6)
  17882  4649      454.9951    54      453.0691      456.8928  3164792    0.84%
  17928  4677      454.0737    66      453.0691      456.8928  3172016    0.84%
  17963  4694      455.4571    64      453.0691      456.8928  3179644    0.84%
  18031  4742      455.7732    72      453.0691      456.8928  3186491    0.84%
  18071  4766      454.1795    58      453.0691      456.8928  3194101    0.84%
  18115  4796      455.9524    80      453.0691      456.8928  3202734    0.84%
  18154  4819      453.4941    66      453.0691      456.8928  3209265    0.84%
  18198  4842      455.9770    74      453.0691      456.8928  3216914    0.84%
  18238  4862      453.9310    62      453.0691      456.8928  3224169    0.84%
  18283  4887      456.0747    68      453.0691      456.8928  3230596    0.84%
Elapsed time = 1812.91 sec. (1961289.71 ticks, tree = 112.19 MB, solutions = 6)
  18338  4918      455.8885    88      453.0691      456.8928  3238200    0.84%
  18393  4955      455.3076    66      453.0691      456.8928  3244766    0.84%
  18437  4980      454.2637    58      453.0691      456.8928  3251897    0.84%
  18477  5002      455.8677    76      453.0691      456.8928  3258934    0.84%
  18513  5016      454.1769    72      453.0691      456.8928  3266503    0.84%
  18547  5034      454.7136    62      453.0691      456.8928  3273429    0.84%
  18596  5056      454.4873    70      453.0691      456.8928  3280863    0.84%
  18636  5082      455.7493    80      453.0691      456.8928  3287981    0.84%
  18665  5099      456.2241    70      453.0691      456.8928  3294993    0.84%
  18696  5116      455.6834    84      453.0691      456.8928  3301347    0.84%
Elapsed time = 1847.53 sec. (2000372.21 ticks, tree = 116.44 MB, solutions = 6)
  18735  5138      454.7859    68      453.0691      456.8928  3308627    0.84%
  18780  5165      454.7006    74      453.0691      456.8928  3316667    0.84%
  18814  5185      453.4541    76      453.0691      456.8928  3324072    0.84%
  18875  5220      454.2762    60      453.0691      456.8928  3331572    0.84%
  18915  5246      453.5522    54      453.0691      456.8928  3339200    0.84%
  18952  5267      453.3556    60      453.0691      456.8928  3346118    0.84%
  18986  5285      453.7744    70      453.0691      456.8928  3353568    0.84%
  19023  5304      454.8067    74      453.0691      456.8928  3360931    0.84%
  19069  5336      454.7657    72      453.0691      456.8928  3368062    0.84%
  19115  5354      453.8428    58      453.0691      456.8928  3375518    0.84%
Elapsed time = 1882.22 sec. (2039272.13 ticks, tree = 120.11 MB, solutions = 6)
  19157  5372      455.4076    80      453.0691      456.8928  3382462    0.84%
  19206  5399      454.7948    66      453.0691      456.8928  3389771    0.84%
  19240  5416      453.4828    76      453.0691      456.8928  3396929    0.84%
  19284  5444      454.2356    64      453.0691      456.8928  3404027    0.84%
  19323  5463      453.3474    60      453.0691      456.8928  3411746    0.84%
  19372  5496      456.0012    84      453.0691      456.8928  3418891    0.84%
  19407  5513      455.5117    60      453.0691      456.8928  3426199    0.84%
  19461  5547      455.3575    56      453.0691      456.8928  3434164    0.84%
  19515  5577      455.0187    66      453.0691      456.8928  3441263    0.84%
  19559  5602      453.9156    72      453.0691      456.8928  3448332    0.84%
Elapsed time = 1916.88 sec. (2078209.59 ticks, tree = 126.95 MB, solutions = 6)
  19612  5639      455.4307    84      453.0691      456.8928  3455579    0.84%
  19657  5664        cutoff            453.0691      456.8928  3462906    0.84%
  19719  5697      453.3290    56      453.0691      456.8928  3470622    0.84%
  19758  5716      454.3470    48      453.0691      456.8928  3477848    0.84%
  19813  5755      453.4574    64      453.0691      456.8928  3484987    0.84%
  19855  5777      453.9539    76      453.0691      456.8928  3491862    0.84%
  19894  5796      454.7195    58      453.0691      456.8928  3499509    0.84%
  19953  5828      454.0628    78      453.0691      456.8928  3506560    0.84%
  20002  5857      455.1936    94      453.0691      456.8928  3513814    0.84%
  20040  5875      454.0567    80      453.0691      456.8928  3521070    0.84%
Elapsed time = 1951.01 sec. (2117046.57 ticks, tree = 134.63 MB, solutions = 6)
  20093  5888      454.3879    74      453.0691      456.8928  3528856    0.84%
  20136  5911      455.2439    84      453.0691      456.8928  3536561    0.84%
  20177  5934      453.9271    68      453.0691      456.8928  3543920    0.84%
  20222  5957      455.7192    48      453.0691      456.8928  3551411    0.84%
  20273  5994      453.2503    66      453.0691      456.8928  3558408    0.84%
  20319  6025      454.5002    62      453.0691      456.8928  3565488    0.84%
  20356  6046      454.8150    70      453.0691      456.8928  3572145    0.84%
  20391  6063      453.7831    60      453.0691      456.8928  3579135    0.84%
  20429  6081      456.3716    92      453.0691      456.8928  3586320    0.84%
  20462  6101      453.4059    60      453.0691      456.8928  3592794    0.84%
Elapsed time = 1985.61 sec. (2155656.48 ticks, tree = 140.28 MB, solutions = 6)
  20491  6112      453.7140    64      453.0691      456.8928  3600189    0.84%
  20538  6134      454.8945    62      453.0691      456.8928  3607810    0.84%
  20570  6150      453.6311    72      453.0691      456.8928  3615087    0.84%
  20607  6161        cutoff            453.0691      456.8928  3621845    0.84%
  20646  6178      454.1887    82      453.0691      456.8928  3628662    0.84%
  20676  6188      453.8922    92      453.0691      456.8928  3636298    0.84%
  20707  6203        cutoff            453.0691      456.8928  3643572    0.84%
  20745  6220        cutoff            453.0691      456.8928  3650508    0.84%
  20776  6233      454.8968    76      453.0691      456.8928  3658256    0.84%
  20812  6251      453.1320    60      453.0691      456.8928  3665620    0.84%
Elapsed time = 2020.41 sec. (2194856.13 ticks, tree = 143.72 MB, solutions = 6)
  20856  6263      454.1064    60      453.0691      456.8928  3672821    0.84%
  20898  6285      453.2860    62      453.0691      456.8928  3679724    0.84%
  20936  6308      453.3716    54      453.0691      456.8928  3686439    0.84%
  20971  6327      455.0146    72      453.0691      456.8928  3693318    0.84%
  21011  6347      456.0082    68      453.0691      456.8928  3700768    0.84%
  21046  6372        cutoff            453.0691      456.8928  3707948    0.84%
  21086  6396      455.3416    58      453.0691      456.8928  3715032    0.84%
  21153  6431      456.1462    82      453.0691      456.8928  3722149    0.84%
  21195  6459        cutoff            453.0691      456.8928  3729273    0.84%
  21239  6487      453.2966    70      453.0691      456.8928  3736398    0.84%
Elapsed time = 2055.25 sec. (2234003.55 ticks, tree = 149.06 MB, solutions = 6)
  21260  6496      454.7825    88      453.0691      456.8928  3743479    0.84%
  21308  6523        cutoff            453.0691      456.8928  3750607    0.84%
  21346  6545      453.1464    70      453.0691      456.8928  3758564    0.84%
  21381  6558        cutoff            453.0691      456.8928  3765887    0.84%
  21434  6587      455.4111    80      453.0691      456.8928  3773696    0.84%
  21477  6612      454.2259    82      453.0691      456.8928  3780497    0.84%
  21514  6629      454.8555    64      453.0691      456.8928  3787833    0.84%
  21548  6649        cutoff            453.0691      456.8928  3794930    0.84%
  21592  6669      454.3905    80      453.0691      456.8928  3802346    0.84%
  21647  6702      455.1137    92      453.0691      456.8928  3809425    0.84%
Elapsed time = 2090.13 sec. (2273495.71 ticks, tree = 154.37 MB, solutions = 6)
  21686  6725      454.8702    56      453.0691      456.8928  3816554    0.84%
  21728  6754      454.3598    64      453.0691      456.8928  3823683    0.84%
  21787  6796      455.4364    76      453.0691      456.8928  3830604    0.84%
  21827  6820      453.1996    40      453.0691      456.8928  3838161    0.84%
  21870  6841      454.9226    70      453.0691      456.8928  3845526    0.84%
  21921  6872      453.9360    50      453.0691      456.8928  3852622    0.84%
  21952  6891      454.7907    68      453.0691      456.8928  3859679    0.84%
  21999  6918      454.5886    58      453.0691      456.8928  3866293    0.84%
  22038  6934      454.9741    60      453.0691      456.8928  3873903    0.84%
  22081  6961      453.5905    58      453.0691      456.8928  3881290    0.84%
Elapsed time = 2124.74 sec. (2312301.48 ticks, tree = 160.07 MB, solutions = 6)
  22119  6977      454.2829    84      453.0691      456.8928  3889061    0.84%
  22158  7001      454.1704    76      453.0691      456.8928  3896058    0.84%
  22202  7019      453.8373    56      453.0691      456.8928  3903672    0.84%
  22247  7044      454.7912    68      453.0691      456.8928  3910782    0.84%
  22290  7063      455.9024    62      453.0691      456.8928  3918016    0.84%
  22340  7099      455.7977    74      453.0691      456.8928  3925256    0.84%
  22373  7120      453.2626    58      453.0691      456.8928  3932360    0.84%
  22434  7158      453.6565    90      453.0691      456.8928  3940062    0.84%
  22471  7173      453.3046    56      453.0691      456.8928  3947485    0.84%
  22517  7201      456.4051    70      453.0691      456.8875  3954466    0.84%
Elapsed time = 2159.96 sec. (2351992.65 ticks, tree = 166.31 MB, solutions = 6)
  22571  7239      454.1673    48      453.0691      456.8862  3961768    0.84%
  22612  7262      455.1548    72      453.0691      456.8831  3969107    0.84%
  22650  7278      455.7262    52      453.0691      456.8786  3976407    0.84%
  22696  7304      453.2712    58      453.0691      456.8744  3983625    0.84%
  22736  7326      454.5876    74      453.0691      456.8679  3991319    0.84%
  22781  7345      456.3751    92      453.0691      456.8610  3998812    0.84%
  22814  7362      456.3397    74      453.0691      456.8601  4005800    0.84%
  22845  7379      455.4307    72      453.0691      456.8575  4013044    0.84%
  22889  7405      453.6150    70      453.0691      456.8467  4020633    0.83%
  22934  7422      455.5022    66      453.0691      456.8446  4028359    0.83%
Elapsed time = 2194.83 sec. (2391336.66 ticks, tree = 171.29 MB, solutions = 6)
  22985  7451      455.1380    62      453.0691      456.8400  4035446    0.83%
  23022  7466      455.1501    64      453.0691      456.8341  4043058    0.83%
  23058  7486      453.3022    64      453.0691      456.8276  4050232    0.83%
  23098  7500      455.7869    60      453.0691      456.8232  4057566    0.83%
  23149  7528      453.4845    50      453.0691      456.8162  4064743    0.83%
  23183  7541        cutoff            453.0691      456.8091  4071917    0.83%
  23230  7567      455.5931    82      453.0691      456.8048  4079229    0.82%
  23254  7575      454.4523    74      453.0691      456.8014  4087523    0.82%
  23300  7601      453.9138    66      453.0691      456.7997  4094464    0.82%
  23338  7615      454.2851    62      453.0691      456.7973  4101043    0.82%
Elapsed time = 2229.34 sec. (2430147.71 ticks, tree = 175.15 MB, solutions = 6)
  23375  7634        cutoff            453.0691      456.7944  4108127    0.82%
  23411  7649      454.4530    84      453.0691      456.7927  4115379    0.82%
  23443  7665      455.1020    72      453.0691      456.7896  4123251    0.82%
  23488  7688      455.1414    64      453.0691      456.7841  4130407    0.82%
  23524  7708      453.4744    56      453.0691      456.7817  4137952    0.82%
  23571  7736      454.5351    58      453.0691      456.7724  4145170    0.82%
  23633  7769      454.6973    80      453.0691      456.7702  4152733    0.82%
  23681  7793        cutoff            453.0691      456.7655  4160078    0.82%
  23716  7816      454.3875    70      453.0691      456.7627  4167058    0.82%
  23747  7831      454.1775    68      453.0691      456.7605  4172097    0.81%
Elapsed time = 2264.38 sec. (2469114.34 ticks, tree = 180.21 MB, solutions = 6)
  23806  7870      455.2214    74      453.0691      456.7584  4179093    0.81%
  23851  7897      455.9699    84      453.0691      456.7468  4186262    0.81%
  23897  7919      455.3759    70      453.0691      456.7468  4193219    0.81%
  23943  7941      455.7022    82      453.0691      456.7420  4200814    0.81%
  23988  7966      455.3162    82      453.0691      456.7376  4207893    0.81%
  24035  7987      455.8084    72      453.0691      456.7322  4215286    0.81%
  24071  8007      455.7147   100      453.0691      456.7275  4222644    0.81%
  24096  8013      455.1358    74      453.0691      456.7244  4230010    0.81%
  24151  8050      453.6251    54      453.0691      456.7223  4236854    0.81%
  24192  8074      455.0303    72      453.0691      456.7154  4244056    0.80%
Elapsed time = 2299.91 sec. (2508417.20 ticks, tree = 185.89 MB, solutions = 6)
  24227  8095      455.2065    62      453.0691      456.7152  4251456    0.80%
  24267  8111      453.3328    70      453.0691      456.7098  4258877    0.80%
  24308  8134      453.3889    48      453.0691      456.7046  4266316    0.80%
  24340  8144      455.1257    74      453.0691      456.6988  4273484    0.80%
  24380  8168      453.4312    48      453.0691      456.6946  4280837    0.80%
  24416  8182      453.6157    70      453.0691      456.6904  4288108    0.80%
  24463  8203      453.1309    66      453.0691      456.6863  4295372    0.80%
  24503  8213      453.6001    54      453.0691      456.6820  4302740    0.80%
  24552  8238      455.2309    48      453.0691      456.6798  4309916    0.80%
  24599  8270      454.7616    54      453.0691      456.6717  4317300    0.80%
Elapsed time = 2334.46 sec. (2547165.27 ticks, tree = 192.58 MB, solutions = 6)
  24640  8293      453.3896    56      453.0691      456.6677  4325320    0.79%
  24672  8297      454.0805    68      453.0691      456.6595  4333061    0.79%
  24723  8328      453.3723    62      453.0691      456.6568  4340662    0.79%
  24762  8341      453.9450    74      453.0691      456.6510  4348158    0.79%
  24796  8355      453.5859    76      453.0691      456.6483  4355685    0.79%
  24835  8363        cutoff            453.0691      456.6445  4362778    0.79%
  24872  8378      453.7123    60      453.0691      456.6410  4369517    0.79%
  24912  8394      453.8897    78      453.0691      456.6340  4376705    0.79%
  24944  8412      453.7880    52      453.0691      456.6315  4383469    0.79%
  24996  8441      455.5753    76      453.0691      456.6294  4390471    0.79%
Elapsed time = 2368.62 sec. (2586610.17 ticks, tree = 194.92 MB, solutions = 6)
  25038  8471      453.2407    50      453.0691      456.6292  4397501    0.79%
  25074  8485      454.1427    76      453.0691      456.6266  4404968    0.79%
  25123  8516      454.4873    74      453.0691      456.6206  4412595    0.78%
  25183  8553      455.2482    72      453.0691      456.6166  4419611    0.78%
  25233  8581      453.8108    84      453.0691      456.6144  4427568    0.78%
  25277  8607      453.3573    48      453.0691      456.6109  4434439    0.78%
  25322  8629      455.0827    64      453.0691      456.6058  4442334    0.78%
  25362  8652      453.3264    40      453.0691      456.6054  4449872    0.78%
  25405  8673      454.9300    84      453.0691      456.5963  4457231    0.78%
  25454  8704      453.8194    70      453.0691      456.5954  4464013    0.78%
Elapsed time = 2403.26 sec. (2626495.20 ticks, tree = 202.43 MB, solutions = 6)
  25504  8727      453.8493    66      453.0691      456.5923  4471538    0.78%
  25550  8754      453.2050    54      453.0691      456.5875  4478805    0.78%
  25586  8768      453.5500    50      453.0691      456.5840  4485852    0.78%
  25630  8790      455.2748    54      453.0691      456.5758  4493486    0.77%
  25691  8829      454.7720    82      453.0691      456.5747  4500401    0.77%
  25724  8848      455.9424    84      453.0691      456.5729  4507855    0.77%
  25761  8870      453.7749    72      453.0691      456.5713  4514869    0.77%
  25795  8878      454.2958    68      453.0691      456.5663  4521830    0.77%
  25849  8912      454.9426    50      453.0691      456.5646  4528828    0.77%
  25893  8940      454.1143    66      453.0691      456.5642  4536309    0.77%
Elapsed time = 2437.02 sec. (2665441.00 ticks, tree = 206.58 MB, solutions = 6)
  25927  8954      454.0092    74      453.0691      456.5579  4543503    0.77%
  25982  8987      453.8069    82      453.0691      456.5561  4551616    0.77%
  26018  9000      455.1274    68      453.0691      456.5549  4559095    0.77%
  26057  9024      454.7538    66      453.0691      456.5532  4566803    0.77%
  26093  9038      455.5490    80      453.0691      456.5450  4573814    0.77%
  26125  9049      454.6083    70      453.0691      456.5402  4580820    0.77%
  26167  9077      453.5921    56      453.0691      456.5380  4587408    0.77%
  26206  9090        cutoff            453.0691      456.5304  4594787    0.76%
  26258  9124      454.8973    78      453.0691      456.5216  4602136    0.76%
  26319  9159      453.8094    64      453.0691      456.5167  4609445    0.76%
Elapsed time = 2471.45 sec. (2705274.99 ticks, tree = 212.08 MB, solutions = 6)
  26372  9189      453.5894    70      453.0691      456.5150  4616254    0.76%
  26409  9200      454.1328    68      453.0691      456.5122  4623484    0.76%
  26449  9218      453.6530    86      453.0691      456.5069  4630481    0.76%
  26502  9245      454.5312    86      453.0691      456.5007  4637688    0.76%
  26546  9258      454.9688    66      453.0691      456.4953  4645505    0.76%
  26590  9275        cutoff            453.0691      456.4938  4652160    0.76%
  26639  9304      453.9984    78      453.0691      456.4896  4659486    0.75%
  26680  9325      454.0033    60      453.0691      456.4869  4666876    0.75%
  26715  9336      453.2399    56      453.0691      456.4824  4674129    0.75%
  26749  9350      453.4375    54      453.0691      456.4752  4681747    0.75%
Elapsed time = 2505.25 sec. (2744180.42 ticks, tree = 216.94 MB, solutions = 6)
  26786  9365      454.9986    56      453.0691      456.4729  4688692    0.75%
  26832  9383      453.1669    62      453.0691      456.4699  4695768    0.75%
  26872  9395      454.8740    68      453.0691      456.4632  4703378    0.75%
  26919  9416        cutoff            453.0691      456.4606  4710704    0.75%
  26965  9437      454.3839    58      453.0691      456.4581  4718127    0.75%
  27021  9463      454.2942    68      453.0691      456.4537  4725500    0.75%
  27061  9483      454.0612    86      453.0691      456.4525  4732042    0.75%
  27103  9503        cutoff            453.0691      456.4507  4739295    0.75%
  27139  9517      454.6454    56      453.0691      456.4455  4746369    0.75%
  27182  9535        cutoff            453.0691      456.4441  4753294    0.74%
Elapsed time = 2538.94 sec. (2783275.95 ticks, tree = 221.57 MB, solutions = 6)
  27226  9560      454.2071    60      453.0691      456.4437  4760740    0.74%
  27276  9582      454.2122    64      453.0691      456.4406  4767870    0.74%
  27319  9605      454.3260    68      453.0691      456.4370  4774821    0.74%
  27363  9633      454.9962    62      453.0691      456.4360  4781440    0.74%
  27403  9653      453.8816    76      453.0691      456.4288  4788690    0.74%
  27448  9674      455.7798    64      453.0691      456.4244  4795922    0.74%
  27502  9706      453.9883    50      453.0691      456.4213  4803073    0.74%
  27548  9723      456.3297    76      453.0691      456.4180  4809965    0.74%
  27586  9743      454.6914    58      453.0691      456.4151  4817466    0.74%
  27634  9766      454.6130    50      453.0691      456.4091  4825104    0.74%
Elapsed time = 2573.14 sec. (2822686.44 ticks, tree = 227.35 MB, solutions = 6)
  27682  9792        cutoff            453.0691      456.4048  4832185    0.74%
  27729  9813      453.5740    62      453.0691      456.3987  4839612    0.73%
  27778  9832      454.7416    80      453.0691      456.3939  4846783    0.73%
  27820  9854      453.7270    52      453.0691      456.3890  4853829    0.73%
  27860  9874      454.0891    88      453.0691      456.3878  4860522    0.73%
  27907  9899      453.1521    72      453.0691      456.3863  4867610    0.73%
  27939  9903      453.5231    74      453.0691      456.3829  4874097    0.73%
  27976  9918      454.0428    56      453.0691      456.3794  4880913    0.73%
  28016  9934      454.7267    54      453.0691      456.3748  4887827    0.73%
  28064  9962      453.2313    60      453.0691      456.3726  4894872    0.73%
Elapsed time = 2607.01 sec. (2861667.18 ticks, tree = 232.29 MB, solutions = 6)
  28096  9970      453.6174    64      453.0691      456.3699  4901981    0.73%
  28142  9989      453.8650    64      453.0691      456.3683  4909143    0.73%
  28182 10008      454.5115    56      453.0691      456.3657  4916315    0.73%
  28223 10019      454.8449    66      453.0691      456.3632  4924089    0.73%
  28256 10032      453.8263    66      453.0691      456.3613  4931819    0.73%
  28292 10042        cutoff            453.0691      456.3587  4939789    0.73%
  28329 10063      454.3073    58      453.0691      456.3557  4947299    0.73%
  28391 10085        cutoff            453.0691      456.3516  4954710    0.72%
  28439 10108        cutoff            453.0691      456.3487  4962436    0.72%
  28475 10118      453.2690    78      453.0691      456.3464  4969911    0.72%
Elapsed time = 2640.85 sec. (2900635.07 ticks, tree = 236.10 MB, solutions = 6)
  28518 10135      455.0957    74      453.0691      456.3439  4977475    0.72%
  28563 10166      453.5813    50      453.0691      456.3425  4984178    0.72%
  28594 10179        cutoff            453.0691      456.3402  4992197    0.72%
  28633 10199      454.8746    80      453.0691      456.3386  4999404    0.72%
  28671 10221      453.3414    58      453.0691      456.3363  5006611    0.72%
  28714 10242      453.7111    50      453.0691      456.3355  5014018    0.72%
  28760 10268      455.5402    86      453.0691      456.3294  5021456    0.72%
  28813 10297      453.3004    68      453.0691      456.3286  5028497    0.72%
  28858 10315      454.0087    66      453.0691      456.3265  5036483    0.72%
  28894 10335      454.5932    68      453.0691      456.3226  5043292    0.72%
Elapsed time = 2675.38 sec. (2940137.17 ticks, tree = 240.93 MB, solutions = 6)
  28934 10347      454.7471    44      453.0691      456.3200  5050680    0.72%
  28977 10366      455.2653    76      453.0691      456.3173  5057454    0.72%
  29025 10386      453.4306    64      453.0691      456.3143  5065328    0.72%
  29068 10403      455.6618    84      453.0691      456.3097  5072732    0.72%
  29113 10422      454.5678    48      453.0691      456.3080  5080003    0.71%
  29146 10439      453.4543    58      453.0691      456.3012  5087449    0.71%
  29188 10459      454.8190    64      453.0691      456.2976  5094636    0.71%
  29240 10485      453.4176    58      453.0691      456.2927  5101955    0.71%
  29294 10515      453.4831    54      453.0691      456.2916  5108650    0.71%
  29333 10535        cutoff            453.0691      456.2907  5115245    0.71%
Elapsed time = 2709.56 sec. (2979390.12 ticks, tree = 246.71 MB, solutions = 6)
  29380 10555      453.5175    52      453.0691      456.2900  5122186    0.71%
  29430 10577      453.6840    62      453.0691      456.2835  5130100    0.71%
  29461 10590      454.8614    62      453.0691      456.2780  5137242    0.71%
  29525 10630      453.4405    34      453.0691      456.2710  5143944    0.71%
  29563 10642      454.9229    62      453.0691      456.2663  5151140    0.71%
  29610 10661      453.6514    52      453.0691      456.2640  5158271    0.71%
  29657 10678      454.0475    74      453.0691      456.2605  5165866    0.70%
  29696 10691      454.8026    78      453.0691      456.2564  5173104    0.70%
  29736 10711      454.8244    62      453.0691      456.2542  5180184    0.70%
  29801 10740      455.2431    64      453.0691      456.2516  5187546    0.70%
Elapsed time = 2744.25 sec. (3018850.01 ticks, tree = 250.33 MB, solutions = 6)
  29843 10761        cutoff            453.0691      456.2512  5194743    0.70%
  29888 10780      454.5927    56      453.0691      456.2432  5202479    0.70%
  29943 10809      454.1033    62      453.0691      456.2396  5209787    0.70%
  29986 10836      453.9520    58      453.0691      456.2362  5216612    0.70%
  30028 10854      453.9933    80      453.0691      456.2309  5223777    0.70%
  30069 10873      453.1826    60      453.0691      456.2299  5231121    0.70%
  30135 10917      455.1806    56      453.0691      456.2215  5237963    0.70%
  30159 10931      454.1808    76      453.0691      456.2213  5244147    0.70%
  30199 10952      454.5046    50      453.0691      456.2152  5251297    0.69%
  30244 10971      454.1630    60      453.0691      456.2089  5258835    0.69%
Elapsed time = 2779.33 sec. (3058204.81 ticks, tree = 256.08 MB, solutions = 6)
  30296 11005      454.5147    68      453.0691      456.2079  5266178    0.69%
  30342 11025      454.0203    70      453.0691      456.2024  5274288    0.69%
  30380 11041      454.3907    66      453.0691      456.2001  5281424    0.69%
  30427 11074      454.4234    80      453.0691      456.1988  5288843    0.69%
  30466 11091      455.8487    84      453.0691      456.1929  5296159    0.69%
  30506 11109      454.7169    68      453.0691      456.1909  5303453    0.69%
  30546 11123      454.7577    64      453.0691      456.1881  5310983    0.69%
  30586 11139      455.0506    50      453.0691      456.1845  5318050    0.69%
  30647 11175      453.6358    62      453.0691      456.1834  5324639    0.69%
  30699 11203      454.7989    66      453.0691      456.1804  5331519    0.69%
Elapsed time = 2813.64 sec. (3097369.27 ticks, tree = 263.55 MB, solutions = 6)
  30756 11230      454.3612    66      453.0691      456.1786  5338519    0.69%
  30791 11239      453.8290    56      453.0691      456.1723  5346021    0.68%
  30853 11271      453.9930    60      453.0691      456.1683  5352865    0.68%
  30896 11288      453.2692    58      453.0691      456.1664  5360562    0.68%
  30948 11304      455.2535    56      453.0691      456.1615  5367642    0.68%
  30989 11321      454.9545    58      453.0691      456.1587  5374811    0.68%
  31033 11341      454.7771    62      453.0691      456.1562  5382020    0.68%
  31086 11364      453.5494    64      453.0691      456.1517  5389217    0.68%
  31136 11388      454.6327    60      453.0691      456.1483  5396165    0.68%
  31179 11409      453.0719    70      453.0691      456.1467  5403867    0.68%
Elapsed time = 2847.57 sec. (3135934.73 ticks, tree = 268.35 MB, solutions = 6)
  31216 11424      454.1065    70      453.0691      456.1444  5412474    0.68%
  31253 11433      453.6817    76      453.0691      456.1417  5419591    0.68%
  31306 11462      453.8392    52      453.0691      456.1393  5427045    0.68%
  31345 11475        cutoff            453.0691      456.1386  5434365    0.68%
  31387 11496      453.1744    76      453.0691      456.1375  5441949    0.68%
  31435 11519      453.9308    72      453.0691      456.1298  5449319    0.68%
  31476 11544      454.4753    76      453.0691      456.1263  5456366    0.67%
  31519 11563        cutoff            453.0691      456.1233  5463582    0.67%
  31576 11591      454.3184    68      453.0691      456.1220  5470601    0.67%
  31618 11608      454.0576    70      453.0691      456.1195  5477893    0.67%
Elapsed time = 2882.20 sec. (3175278.37 ticks, tree = 272.45 MB, solutions = 6)
  31664 11624      454.4141    68      453.0691      456.1152  5485410    0.67%
  31711 11652      453.6914    80      453.0691      456.1138  5492551    0.67%
  31756 11667      453.2608    56      453.0691      456.1061  5499377    0.67%
  31816 11698      453.1203    24      453.0691      456.0996  5506709    0.67%
  31867 11719      455.0092    60      453.0691      456.0932  5513848    0.67%
  31904 11740      453.8554    70      453.0691      456.0926  5520957    0.67%
  31950 11762      454.0868    76      453.0691      456.0882  5528611    0.67%
  31991 11779      453.7230    76      453.0691      456.0854  5535483    0.67%
  32042 11806      454.4304    48      453.0691      456.0817  5542733    0.66%
  32086 11830      453.7089    52      453.0691      456.0799  5550221    0.66%
Elapsed time = 2916.83 sec. (3214598.59 ticks, tree = 276.85 MB, solutions = 6)
  32129 11849      455.0419    68      453.0691      456.0744  5557983    0.66%
  32176 11867      454.0279    72      453.0691      456.0733  5564327    0.66%
  32223 11890      453.2693    42      453.0691      456.0704  5571872    0.66%
  32265 11901        cutoff            453.0691      456.0661  5578527    0.66%
  32308 11916      453.8511    68      453.0691      456.0626  5585740    0.66%
  32349 11931      454.2713    70      453.0691      456.0605  5593339    0.66%
  32388 11944      453.5611    64      453.0691      456.0559  5600821    0.66%
  32442 11976      453.3274    70      453.0691      456.0528  5607861    0.66%
  32491 11991      453.4251    70      453.0691      456.0425  5615451    0.66%
  32527 12003      454.5889    50      453.0691      456.0372  5622619    0.66%
Elapsed time = 2951.14 sec. (3253446.13 ticks, tree = 279.98 MB, solutions = 6)
  32594 12025      453.4317    64      453.0691      456.0345  5629623    0.65%
  32638 12051      454.0158    72      453.0691      456.0287  5636718    0.65%
  32681 12067      453.9214    72      453.0691      456.0271  5644163    0.65%
  32720 12079      455.4135    88      453.0691      456.0254  5651464    0.65%
  32768 12093      454.5876    66      453.0691      456.0209  5658839    0.65%
  32820 12130      453.4734    70      453.0691      456.0169  5665921    0.65%
  32865 12147        cutoff            453.0691      456.0148  5673243    0.65%
  32903 12153        cutoff            453.0691      456.0103  5680180    0.65%
  32942 12160      455.0421    64      453.0691      456.0042  5687472    0.65%
  32975 12177      454.1907    58      453.0691      455.9995  5694697    0.65%
Elapsed time = 2985.25 sec. (3292250.02 ticks, tree = 285.02 MB, solutions = 6)
  33015 12193      454.1591    58      453.0691      455.9967  5702147    0.65%
  33063 12222      453.6991    74      453.0691      455.9951  5709477    0.65%
  33105 12240        cutoff            453.0691      455.9943  5716976    0.65%
  33148 12247        cutoff            453.0691      455.9849  5724369    0.64%
* 33166+11730                          453.2153      455.9841             0.61%
  33204 11752      453.4442    48      453.2153      455.9827  5730656    0.61%
  33236 11764      454.2913    70      453.2153      455.9798  5735887    0.61%
  33274 11776      455.5627    62      453.2153      455.9757  5743860    0.61%
  33304 11786      453.3941    46      453.2153      455.9712  5750982    0.61%
  33337 11797      454.9762    64      453.2153      455.9682  5756551    0.61%
  33386 11820      453.6265    54      453.2153      455.9630  5762930    0.61%
Elapsed time = 3019.86 sec. (3331248.86 ticks, tree = 274.71 MB, solutions = 7)
  33416 11830      454.5186    60      453.2153      455.9610  5768911    0.61%
  33458 11842      454.6606    64      453.2153      455.9587  5775947    0.61%
  33507 11869      454.2136    60      453.2153      455.9559  5783698    0.60%
  33554 11888      454.7145    82      453.2153      455.9539  5790257    0.60%
  33588 11895      454.5609    76      453.2153      455.9492  5797592    0.60%
  33638 11924      453.2297    56      453.2153      455.9481  5803680    0.60%
  33693 11959      453.4490    56      453.2153      455.9453  5810703    0.60%
  33743 11979      453.6646    74      453.2153      455.9412  5818203    0.60%
  33781 11985      455.6360    66      453.2153      455.9365  5825135    0.60%
  33834 12016        cutoff            453.2153      455.9355  5832313    0.60%
Elapsed time = 3055.29 sec. (3370310.53 ticks, tree = 279.99 MB, solutions = 7)
  33872 12034      453.6105    78      453.2153      455.9321  5839285    0.60%
  33910 12038      453.7053    82      453.2153      455.9253  5846553    0.60%
  33957 12067      453.5455    72      453.2153      455.9230  5853767    0.60%
  33995 12087      453.9972    72      453.2153      455.9211  5859413    0.60%
  34046 12108      454.3949    84      453.2153      455.9155  5866304    0.60%
  34092 12125      454.2652    72      453.2153      455.9144  5873809    0.60%
  34127 12136      453.7627    52      453.2153      455.9097  5881022    0.59%
  34185 12158      455.2292    94      453.2153      455.9063  5888398    0.59%
  34229 12180      454.1082    60      453.2153      455.9018  5895584    0.59%
  34276 12207      453.3081    46      453.2153      455.8990  5902619    0.59%
Elapsed time = 3090.43 sec. (3409230.24 ticks, tree = 284.78 MB, solutions = 7)
  34326 12235      453.7400    56      453.2153      455.8961  5909558    0.59%
  34369 12258      453.3311    58      453.2153      455.8955  5917072    0.59%
  34416 12275      453.5407    66      453.2153      455.8938  5923495    0.59%
  34471 12298      455.0322    62      453.2153      455.8916  5930131    0.59%
  34517 12322        cutoff            453.2153      455.8878  5937577    0.59%
  34561 12342      454.1538    44      453.2153      455.8842  5944749    0.59%
  34606 12360      453.7238    70      453.2153      455.8822  5952267    0.59%
  34669 12394      453.7731    60      453.2153      455.8809  5959817    0.59%
  34715 12409        cutoff            453.2153      455.8798  5966473    0.59%
  34763 12430      454.1686    60      453.2153      455.8762  5973757    0.59%
Elapsed time = 3124.97 sec. (3447947.48 ticks, tree = 289.88 MB, solutions = 7)
  34804 12447      454.2128    54      453.2153      455.8726  5981156    0.59%
  34869 12484      453.3022    44      453.2153      455.8698  5988425    0.59%
  34911 12494      454.8788    74      453.2153      455.8646  5995514    0.58%
  34958 12519      453.5252    72      453.2153      455.8628  6002566    0.58%
  35008 12537      455.1232    66      453.2153      455.8598  6009733    0.58%
  35037 12544      453.6647    64      453.2153      455.8581  6016850    0.58%
  35084 12565      455.0471    74      453.2153      455.8549  6024050    0.58%
  35139 12596      453.5823    58      453.2153      455.8535  6030768    0.58%
  35182 12613      453.5122    46      453.2153      455.8492  6037079    0.58%
  35230 12630      453.6627    74      453.2153      455.8448  6043775    0.58%
Elapsed time = 3160.02 sec. (3486958.88 ticks, tree = 294.19 MB, solutions = 7)
  35276 12644        cutoff            453.2153      455.8421  6051414    0.58%
  35316 12662      454.4104    70      453.2153      455.8393  6058612    0.58%
  35369 12687      453.8904    68      453.2153      455.8350  6065395    0.58%
  35422 12709      453.4553    70      453.2153      455.8332  6073073    0.58%
  35465 12724      453.3942    76      453.2153      455.8304  6080048    0.58%
  35513 12742      454.9590    88      453.2153      455.8264  6087106    0.58%
  35563 12770      454.3772    78      453.2153      455.8239  6094699    0.58%
  35623 12798      453.6709    62      453.2153      455.8223  6102067    0.58%
  35664 12813      454.0426    66      453.2153      455.8191  6108590    0.57%
  35707 12828        cutoff            453.2153      455.8166  6115598    0.57%
Elapsed time = 3195.11 sec. (3525911.52 ticks, tree = 297.79 MB, solutions = 7)
  35745 12838      454.8376    64      453.2153      455.8136  6122732    0.57%
  35788 12859      453.9673    60      453.2153      455.8073  6129848    0.57%
  35839 12877      453.2623    40      453.2153      455.8046  6136573    0.57%
  35883 12887      453.3753    68      453.2153      455.8010  6143364    0.57%
  35926 12902      455.1993    72      453.2153      455.7967  6150900    0.57%
  35976 12912      453.9121    70      453.2153      455.7933  6158459    0.57%
  36031 12935        cutoff            453.2153      455.7930  6165548    0.57%
  36077 12953      454.7941    78      453.2153      455.7895  6173449    0.57%
  36103 12963      454.1288    58      453.2153      455.7888  6180586    0.57%
  36140 12975      454.9894    58      453.2153      455.7868  6187806    0.57%
Elapsed time = 3229.98 sec. (3565802.56 ticks, tree = 300.44 MB, solutions = 7)
  36177 12992      453.9850    88      453.2153      455.7842  6194905    0.57%
  36225 13008      454.6045    72      453.2153      455.7817  6201841    0.57%
  36259 13020      454.7801    84      453.2153      455.7791  6208800    0.57%
  36320 13045      453.7678    60      453.2153      455.7773  6216130    0.57%
Starting limited solution polishing.
  36358 13069      454.3811    74      453.2153      455.7752  6222596    0.56%
  36403 13084      454.1442    60      453.2153      455.7720  6229413    0.56%
  36455 13100      453.8363    60      453.2153      455.7658  6236217    0.56%
  36495 13110      453.2851    58      453.2153      455.7556  6242669    0.56%
  36537 13128      454.7248    58      453.2153      455.7535  6249638    0.56%
  36578 13135        cutoff            453.2153      455.7503  6256834    0.56%
Elapsed time = 3264.13 sec. (3604696.85 ticks, tree = 305.11 MB, solutions = 7)
  36625 13142      454.2007    60      453.2153      455.7439  6264163    0.56%
  36670 13157        cutoff            453.2153      455.7419  6270718    0.56%
  36726 13181      455.0642    68      453.2153      455.7367  6277694    0.56%
  36773 13204      454.8345    68      453.2153      455.7340  6283898    0.56%
  36826 13235      454.5232    72      453.2153      455.7318  6291171    0.56%
  36859 13244      453.3035    68      453.2153      455.7281  6297605    0.55%
  36906 13264      453.2742    62      453.2153      455.7255  6304556    0.55%
  36952 13288      454.4655    70      453.2153      455.7231  6310515    0.55%
  37003 13314      453.2261    52      453.2153      455.7191  6317333    0.55%
  37041 13330      455.1524    50      453.2153      455.7162  6323925    0.55%
Elapsed time = 3298.48 sec. (3643600.58 ticks, tree = 311.44 MB, solutions = 7)
  37086 13359      454.4499    80      453.2153      455.7144  6331481    0.55%
  37125 13362        cutoff            453.2153      455.7107  6338429    0.55%
  37149 13360      454.2398    72      453.2153      455.7063  6344855    0.55%
  37194 13371      454.2017    56      453.2153      455.7037  6352070    0.55%
  37236 13379      454.1992    52      453.2153      455.7022  6359730    0.55%
  37276 13395        cutoff            453.2153      455.7017  6366702    0.55%
  37332 13415      454.5138    64      453.2153      455.6968  6374435    0.55%
  37372 13442      454.1686    72      453.2153      455.6955  6379306    0.55%
  37420 13462      453.5947    32      453.2153      455.6938  6386378    0.55%
  37476 13495      454.7258    48      453.2153      455.6915  6393335    0.55%
Elapsed time = 3334.11 sec. (3683681.19 ticks, tree = 313.58 MB, solutions = 7)
  37536 13516      454.4097    70      453.2153      455.6878  6399532    0.55%
  37566 13520      453.5911    64      453.2153      455.6862  6406537    0.55%
  37605 13527      454.1577    56      453.2153      455.6840  6413683    0.54%
  37636 13540      455.1376    80      453.2153      455.6828  6418641    0.54%
  37673 13555      453.5648    62      453.2153      455.6818  6426844    0.54%
  37719 13563        cutoff            453.2153      455.6790  6433719    0.54%
  37755 13571      453.6095    80      453.2153      455.6742  6440940    0.54%
  37798 13584      454.1426    62      453.2153      455.6717  6448747    0.54%
  37835 13591      454.7194    58      453.2153      455.6665  6455779    0.54%
  38001 13651      454.5635    74      453.2153      455.6576  6481239    0.54%
Elapsed time = 3380.85 sec. (3736677.60 ticks, tree = 318.09 MB, solutions = 7)
  38168 13705        cutoff            453.2153      455.6460  6508497    0.54%
  38337 13765      453.6415    56      453.2153      455.6360  6536102    0.53%
  38497 13826      453.5151    70      453.2153      455.6262  6564076    0.53%
  38649 13865      453.4449    64      453.2153      455.6179  6587169    0.53%
  38786 13890      453.9760    68      453.2153      455.6086  6613440    0.53%
  38931 13938      454.1769    84      453.2153      455.6000  6641254    0.53%
  39072 13975      453.6669    60      453.2153      455.5923  6665562    0.52%
  39229 14022      453.8257    50      453.2153      455.5847  6692672    0.52%
  39377 14066        cutoff            453.2153      455.5773  6719096    0.52%
  39536 14120      454.5356    48      453.2153      455.5697  6747414    0.52%
Elapsed time = 3517.72 sec. (3891491.11 ticks, tree = 330.84 MB, solutions = 7)
  39689 14173        cutoff            453.2153      455.5596  6773617    0.52%
  39836 14217      453.4228    62      453.2153      455.5492  6799182    0.51%
  39978 14255      453.6131    76      453.2153      455.5400  6826973    0.51%
  40120 14287      454.2313    68      453.2153      455.5323  6855061    0.51%
  40254 14317      454.1465    70      453.2153      455.5187  6879767    0.51%
  40404 14327        cutoff            453.2153      455.5057  6908409    0.51%

Flow cuts applied:  53
Mixed integer rounding cuts applied:  110
Lift and project cuts applied:  8
User cuts applied:  2910

Root node processing (before b&c):
  Real time             =    6.79 sec. (5824.02 ticks)
Sequential b&c:
  Real time             = 3593.22 sec. (3979749.29 ticks)
                          ------------
Total (root+branch&cut) = 3600.00 sec. (3985573.31 ticks)
|V|                                     800
K                                       10
theta                                   0.50
r                                       5
R                                       20
prob_func                               linear
#C1                                     3052
#CP                                     91980

@Parameters: 
am_callback_heuristic                   false
am_local_search                         true
am_start_heuristic                      false
colocation                              true
comp                                    false
cutC                                    true
cutC_init                               false
cutF                                    false
cutF_init                               false
cutF_stable                             false
cutF_wrong                              false
cutLocal                                false
cutM                                    true
cutM_init                               true
cutM_stable                             false
cutP                                    true
cutP_init                               false
cutP_stable                             false
init                                    true
init_cutF_zero                          false
init_val_greedy                         true
is_Euclidean                            false
is_local_search                         false
is_right_cutP                           true
is_root                                 false
is_silent                               false
is_start                                false
mycut                                   false
pmed                                    false
pre                                     true
stable_root                             false
str                                     false
two_phase                               false
ubstr                                   false
mode                                    Int

am_callback_node_space                  50
init                                    0
mixture_seed                            1
node_space                              5
nodelimit                               -1
nsepa                                   1
strF                                    0
type_delta                              0

EPS                                     0.001000
EPS_FRAC                                0.00
gap                                     0.00
mixture_high_max                        0.99
mixture_high_min                        0.90
mixture_low_max                         0.01
mixture_low_min                         0.00
mixture_low_share                       0.80
timelimit                               3600.00

Number of Closed Sites: 5 / 50 
Number of Confined Sites-1: 3 / 27 
Number of Confined Sites-k: 792 / 2207 
Preprocess Time: 1.54 + 0.00 sec

Solve Time: 3600.00
Number of Nodes: 40413
Termination Status: TIME_LIMIT

CutInfo: [phase] num / time (sec) / aver. num_nonzero
max              [LP]     0 / 0.00 / 0.00 [init]   695 / 0.03 / 17.50 [rLC]   685 / 0.10 / 35.62 [rUC]  1583 / 0.22 / 29.14 [sLC]   553 / 0.23 / 35.01 [sUC]  1842 / 3.12 / 33.84 
prod_oa          [LP]     0 / 0.00 / 0.00 [init]   692 / 0.02 / 99.65 [rLC]  1822 / 0.12 / 121.39 [rUC]   302 / 0.62 / 99.78 [sLC]  3536 / 0.57 / 125.10 [sUC]  1143 / 8.76 / 108.27 
prod_sm_fixed    [LP]     0 / 0.00 / 0.00 [init]     0 / 0.00 / 0.00 [rLC]     0 / 0.00 / 0.00 [rUC]     0 / 0.00 / 0.00 [sLC]     0 / 0.00 / 0.00 [sUC]     0 / 0.00 / 0.00 
prod_bin         [LP]     0 / 0.00 / 0.00 [init]     0 / 0.00 / 0.00 [rLC]     0 / 0.00 / 0.00 [rUC]     0 / 0.00 / 0.00 [sLC]     0 / 0.00 / 0.00 [sUC]     0 / 0.00 / 0.00 
prod_local       [LP]     0 / 0.00 / 0.00 [init]     0 / 0.00 / 0.00 [rLC]     0 / 0.00 / 0.00 [rUC]     0 / 0.00 / 0.00 [sLC]     0 / 0.00 / 0.00 [sUC]     0 / 0.00 / 0.00 
prod_sm_C        [LP]     0 / 0.00 / 0.00 [init]     0 / 0.00 / 0.00 [rLC]     0 / 0.00 / 0.00 [rUC]     0 / 0.00 / 0.00 [sLC]     0 / 0.00 / 0.00 [sUC]     0 / 0.00 / 0.00 
facet            [LP]     0 / 0.00 / 0.00 [init]     0 / 0.00 / 0.00 [rLC]     0 / 0.00 / 0.00 [rUC]     0 / 0.00 / 0.00 [sLC]     0 / 0.00 / 0.00 [sUC]     0 / 0.00 / 0.00 
Separation Round:   [LP] 0  [init] 1  [rLC] 5  [rUC] 20  [sLC] 23  [sUC] 63634  
Root Best Bound 463.036285
Root Best Integer: 450.484856
Best Bound: 455.505461
Best Integer: 453.215319
1: 88, 251, 306, 308, 326, 388, 583, 667, 711, 760
Objective Value (calc): 453.182826
sum_etaM = 409.800000 / 409.800000
sum_etaP = 496.630637 / 496.565652
nL: 10
nCL: 0
mCL: 1
