Version identifier: 20.1.0.0 | 2020-11-10 | 9bedb6d68
CPXPARAM_Threads                                 1
CPXPARAM_TimeLimit                               3600
CPXPARAM_MIP_Tolerances_MIPGap                   0
Generic callback                                 0x60
1 of 1 MIP starts provided solutions.
MIP start 'm1' defined initial solution with objective 479.2063.
Tried aggregator 2 times.
MIP Presolve eliminated 13 rows and 10 columns.
MIP Presolve modified 2715 coefficients.
Aggregator did 3 substitutions.
Reduced MIP has 2966 rows, 3187 columns, and 85535 nonzeros.
Reduced MIP has 795 binaries, 792 generals, 0 SOSs, and 0 indicators.
Presolve time = 0.03 sec. (26.44 ticks)
Probing time = 0.00 sec. (3.69 ticks)
Tried aggregator 1 time.
Reduced MIP has 2966 rows, 3187 columns, and 85535 nonzeros.
Reduced MIP has 795 binaries, 792 generals, 0 SOSs, and 0 indicators.
Presolve time = 0.01 sec. (14.73 ticks)
Probing time = 0.00 sec. (3.69 ticks)
MIP emphasis: balance optimality and feasibility.
MIP search method: dynamic search.
Parallel mode: none, using 1 thread.
Root relaxation solution time = 0.42 sec. (516.22 ticks)

        Nodes                                         Cuts/
   Node  Left     Objective  IInf  Best Integer    Best Bound    ItCnt     Gap

*     0+    0                          479.2063      800.0000            66.94%
      0     0      531.7319    36      479.2063      531.7319     3487   10.96%
      0     0      497.2236   124      479.2063     Cuts: 719     4408    3.76%
      0     0      496.2945   116      479.2063     Cuts: 252     4871    3.57%
      0     0      496.1751   130      479.2063     Cuts: 125     5075    3.54%
      0     0      496.0478   138      479.2063     Cuts: 108     5224    3.51%
      0     0      495.9534   142      479.2063      Cuts: 88     5406    3.49%
      0     0      495.9052   132      479.2063      Cuts: 72     5538    3.48%
      0     0      495.8794   154      479.2063      Cuts: 66     5628    3.48%
      0     0      495.8650   156      479.2063      Cuts: 62     5708    3.48%
      0     0      495.8578   148      479.2063 UserPurge2: 34     5776    3.47%
      0     0      495.8563   150      479.2063 UserPurge2: 21     5804    3.47%
      0     0      495.8557   146      479.2063 UserPurge2: 12     5819    3.47%
      0     0      495.8556   150      479.2063 UserPurge2: 6     5831    3.47%
      0     0      495.8554   148      479.2063 UserPurge2: 6     5839    3.47%
      0     0      495.8553   148      479.2063 UserPurge2: 3     5845    3.47%
      0     0      495.8551   148      479.2063 UserPurge2: 5     5855    3.47%
      0     0      495.8551   148      479.2063 UserPurge2: 3     5859    3.47%
      0     0      495.8550   146      479.2063 UserPurge2: 13     5869    3.47%
      0     2      493.0050   138      479.2063      493.0048     5869    2.88%
Elapsed time = 6.96 sec. (6170.04 ticks, tree = 0.01 MB, solutions = 1)
      1     3      492.1347   130      479.2063      493.0047     6855    2.88%
      3     5      491.9724   116      479.2063      493.0047     7354    2.88%
      5     7      489.1287   104      479.2063      493.0047    10051    2.88%
      6     8      490.8180   112      479.2063      493.0047    11507    2.88%
      7     9      490.3897    94      479.2063      493.0047    12471    2.88%
      8    10      490.2469   100      479.2063      493.0047    12986    2.88%
      9    11      488.5353   102      479.2063      493.0047    13810    2.88%
     10    12      489.4541   104      479.2063      493.0047    14624    2.88%
     11    13      488.9340    98      479.2063      493.0047    15675    2.88%
     16    18      487.0417    78      479.2063      493.0047    18156    2.88%
Elapsed time = 12.16 sec. (11884.51 ticks, tree = 0.05 MB, solutions = 1)
     22    24      485.7810    76      479.2063      493.0047    20544    2.88%
     29    31      480.8431    56      479.2063      493.0047    22728    2.88%
     35    29      492.1080   142      479.2063      492.1324    24864    2.70%
     39    33      491.2436   116      479.2063      492.1324    26892    2.70%
     40    34      489.1657   114      479.2063      492.1324    28079    2.70%
     43    37      490.9276   118      479.2063      492.1324    29950    2.70%
     46    40      489.1278   102      479.2063      492.1324    32513    2.70%
     50    44      487.7879    96      479.2063      492.1324    34391    2.70%
     55    49      483.6892    72      479.2063      492.1324    37017    2.70%
     60    54      484.2450    64      479.2063      492.1324    38530    2.70%
Elapsed time = 24.63 sec. (24469.39 ticks, tree = 0.49 MB, solutions = 1)
     82    64      490.9665   132      479.2063      492.1073    42215    2.69%
     85    67      489.9516   114      479.2063      492.1073    44083    2.69%
     88    70      487.2516    94      479.2063      492.1073    46293    2.69%
     90    72      484.4669    82      479.2063      492.1073    48434    2.69%
     94    76      482.5805    74      479.2063      492.1073    50769    2.69%
*   100+   80                          479.2070      492.1073             2.69%
    100    80        cutoff            479.2070      492.1073    53461    2.69%
    103    81      490.6133   130      479.2070      492.0667    55664    2.68%
    107    85      489.2667   108      479.2070      492.0667    57598    2.68%
    110    88      487.7897   110      479.2070      492.0667    59078    2.68%
    114    92      486.1918   112      479.2070      492.0667    61143    2.68%
Elapsed time = 37.39 sec. (38645.62 ticks, tree = 0.84 MB, solutions = 2)
    117    95      484.3979   116      479.2070      492.0667    63147    2.68%
    120    98      483.5153   116      479.2070      492.0667    64855    2.68%
    124   102      481.1338   114      479.2070      492.0667    67129    2.68%
    129   107      479.7403   108      479.2070      492.0667    69185    2.68%
    135   109      490.4908   114      479.2070      492.0095    71541    2.67%
    140   114      488.8619    94      479.2070      492.0095    73524    2.67%
    144   118      486.1324   102      479.2070      492.0095    76060    2.67%
    149   123      484.8706    96      479.2070      492.0095    77879    2.67%
    155   129      482.8461    94      479.2070      492.0095    80663    2.67%
    160   134      481.3075    92      479.2070      492.0095    82195    2.67%
Elapsed time = 50.87 sec. (52925.64 ticks, tree = 0.99 MB, solutions = 2)
    167   137      489.6132   108      479.2070      491.7751    85699    2.62%
    169   139      488.4516   108      479.2070      491.7751    87460    2.62%
    171   141      486.5818    94      479.2070      491.7751    88330    2.62%
    174   144      484.8467    90      479.2070      491.7751    90293    2.62%
    180   150      481.0969    66      479.2070      491.7751    93158    2.62%
    186   156      480.8551    42      479.2070      491.7751    95463    2.62%
    196   156      490.4755   122      479.2070      491.6968    97761    2.61%
    200   160      488.8259   122      479.2070      491.6968   100311    2.61%
    204   164      487.0210   106      479.2070      491.6968   102106    2.61%
    208   168      485.4115   100      479.2070      491.6968   104227    2.61%
Elapsed time = 65.94 sec. (69412.93 ticks, tree = 1.36 MB, solutions = 2)
    212   172      484.1588   104      479.2070      491.6968   105713    2.61%
    215   175      482.4134   108      479.2070      491.6968   107956    2.61%
    220   180      480.9302   110      479.2070      491.6968   110756    2.61%
    224   184      479.3598   112      479.2070      491.6968   113127    2.61%
    227   183      488.4144   110      479.2070      490.9662   114803    2.45%
    231   187      487.0482    90      479.2070      490.9662   115955    2.45%
    235   191      483.6497    98      479.2070      490.9662   118498    2.45%
    238   194      481.9330    98      479.2070      490.9662   120425    2.45%
    243   199      480.1873   102      479.2070      490.9662   122603    2.45%
    249   199      488.5720   118      479.2070      490.9272   125500    2.45%
Elapsed time = 78.01 sec. (82144.73 ticks, tree = 2.01 MB, solutions = 2)
    251   201      488.0179   110      479.2070      490.9272   126629    2.45%
    255   205      485.4749    96      479.2070      490.9272   128502    2.45%
    258   208      483.3602    92      479.2070      490.9272   130797    2.45%
    262   212      481.6330    82      479.2070      490.9272   132836    2.45%
    269   219      480.0816    80      479.2070      490.9272   135267    2.45%
    276   220      489.9072   114      479.2070      490.9269   137523    2.45%
    279   223      488.2516   112      479.2070      490.9269   140098    2.45%
    280   224      487.4111   122      479.2070      490.9269   141391    2.45%
    282   226      485.9408   118      479.2070      490.9269   143628    2.45%
    285   229      485.2151   104      479.2070      490.9269   145372    2.45%
Elapsed time = 89.56 sec. (95004.77 ticks, tree = 2.36 MB, solutions = 2)
    287   231      484.2630   116      479.2070      490.9269   146729    2.45%
    291   235      482.9641   114      479.2070      490.9269   148407    2.45%
    295   239      481.5700   110      479.2070      490.9269   150497    2.45%
    298   242      480.6535   114      479.2070      490.9269   151651    2.45%
    302   244      479.5370   118      479.2070      490.9269   153725    2.45%
    306   244      488.3612   104      479.2070      490.9175   155438    2.44%
    309   247      485.6657   100      479.2070      490.9175   157949    2.44%
    312   250      484.6094    90      479.2070      490.9175   159992    2.44%
    317   255      481.2556    80      479.2070      490.9175   162044    2.44%
    320   258      479.9239    60      479.2070      490.9175   163453    2.44%
Elapsed time = 99.73 sec. (106441.22 ticks, tree = 2.77 MB, solutions = 2)
    325   259      488.4766   120      479.2070      490.8176   165342    2.42%
    328   262      487.0795   106      479.2070      490.8176   167263    2.42%
    332   266      484.5425   102      479.2070      490.8176   169137    2.42%
    336   270      482.3217    88      479.2070      490.8176   171441    2.42%
    341   275      480.8711    90      479.2070      490.8176   173824    2.42%
    348   278        cutoff            479.2070      490.8176   176166    2.42%
    349   279      488.7005   112      479.2070      490.6925   178384    2.40%
    352   282      487.0010   108      479.2070      490.6925   180201    2.40%
    356   286      484.8600   100      479.2070      490.6925   182177    2.40%
    360   290      483.1748   104      479.2070      490.6925   183900    2.40%
Elapsed time = 111.55 sec. (119709.79 ticks, tree = 3.08 MB, solutions = 2)
    365   295      481.1742   108      479.2070      490.6925   185572    2.40%
    370   300      479.6893   114      479.2070      490.6925   187227    2.40%
    375   299      488.3615   120      479.2070      490.6126   188800    2.38%
    380   304      486.2466   102      479.2070      490.6126   190513    2.38%
    385   309      484.0674   100      479.2070      490.6126   192167    2.38%
    391   315      481.7340    76      479.2070      490.6126   193773    2.38%
    400   320      488.2156   120      479.2070      490.4885   196901    2.35%
    404   324      486.6154    96      479.2070      490.4885   198676    2.35%
    409   329      484.8174    90      479.2070      490.4885   200341    2.35%
    427   343      484.9418    84      479.2070      490.4740   206311    2.35%
Elapsed time = 126.21 sec. (134710.63 ticks, tree = 5.21 MB, solutions = 2)
    456   358      484.5849    92      479.2070      490.3949   212126    2.33%
    474   372      486.9952   110      479.2070      490.3802   218414    2.33%
    486   384      481.5666    78      479.2070      490.3802   222973    2.33%
    508   398      482.1464    50      479.2070      490.3257   228843    2.32%
    551   435      488.4874   116      479.2070      490.1094   234191    2.28%
    560   444      484.8230    94      479.2070      490.1094   237868    2.28%
    579   459      487.7888   114      479.2070      490.1083   244220    2.27%
    596   476      479.8286    58      479.2070      490.1083   250219    2.27%
    615   491      481.5663    90      479.2070      489.9913   256000    2.25%
    633   505      484.0299    86      479.2070      489.9705   261314    2.25%
Elapsed time = 164.16 sec. (174164.81 ticks, tree = 11.13 MB, solutions = 2)
    652   520      487.9408   110      479.2070      489.9508   265985    2.24%
    672   540      480.2891    98      479.2070      489.9508   272051    2.24%
    683   547      484.8273   114      479.2070      489.9500   277148    2.24%
    698   558      489.2344   114      479.2070      489.9071   283182    2.23%
    708   568      483.4911    70      479.2070      489.9071   289141    2.23%
    727   583      483.8477   106      479.2070      489.7786   294653    2.21%
    740   592      486.6978    92      479.2070      489.7422   300130    2.20%
    763   611      488.4412   114      479.2070      489.6979   306747    2.19%
    784   632      481.0448    88      479.2070      489.6979   312680    2.19%
    800   642      483.1731   100      479.2070      489.6367   318576    2.18%
Elapsed time = 202.25 sec. (214169.03 ticks, tree = 17.97 MB, solutions = 2)
    823   659      485.5451    96      479.2070      489.5212   324590    2.15%
    840   672      485.3614   100      479.2070      489.4923   330173    2.15%
    860   686      487.8685    90      479.2070      489.4522   335621    2.14%
    877   703      481.9700    92      479.2070      489.4522   341321    2.14%
    890   712      485.8907   100      479.2070      489.4488   346270    2.14%
    909   729        cutoff            479.2070      489.4488   352448    2.14%
    927   741      487.3923   106      479.2070      489.2277   358130    2.09%
    937   751      482.9268    74      479.2070      489.2277   363680    2.09%
    960   766      484.2400    96      479.2070      489.1549   369189    2.08%
    980   782      486.8491   116      479.2070      489.1447   374735    2.07%
Elapsed time = 240.44 sec. (255146.12 ticks, tree = 24.75 MB, solutions = 2)
   1000   796      486.7034   112      479.2070      489.1284   381737    2.07%

Performing restart 1

Repeating presolve.
Tried aggregator 1 time.
MIP Presolve eliminated 797 rows and 457 columns.
MIP Presolve modified 202 coefficients.
Reduced MIP has 2169 rows, 2730 columns, and 83105 nonzeros.
Reduced MIP has 737 binaries, 395 generals, 0 SOSs, and 0 indicators.
Presolve time = 0.04 sec. (31.19 ticks)
Tried aggregator 1 time.
Reduced MIP has 2169 rows, 2730 columns, and 83105 nonzeros.
Reduced MIP has 737 binaries, 395 generals, 0 SOSs, and 0 indicators.
Presolve time = 0.02 sec. (17.54 ticks)
Represolve time = 0.17 sec. (134.72 ticks)
   1014     0      489.4704   106      479.2070     Cuts: 145   400545    2.07%
   1014     0      489.3916    96      479.2070      Cuts: 56   400702    2.07%
   1014     0      489.3688    98      479.2070      Cuts: 38   400780    2.07%
   1014     0      489.3569    92      479.2070      Cuts: 27   400831    2.07%
   1014     0      489.3460   108      479.2070      Cuts: 16   400873    2.07%
   1014     0      489.3391    94      479.2070      Cuts: 25   400912    2.07%
   1014     0      489.3286    92      479.2070       Cuts: 9   400964    2.07%
   1014     0      489.3256    98      479.2070      Cuts: 11   400991    2.07%
   1014     2      489.2773   106      479.2070      489.1284   400991    2.07%
   1015     3      489.1563   102      479.2070      489.1284   401427    2.07%
   1016     4      488.9260    96      479.2070      489.1284   401858    2.07%
   1018     6      488.6107    96      479.2070      488.9216   403028    2.03%
   1023    11      487.8602    98      479.2070      488.3702   408534    1.91%
   1032    20      485.8003    80      479.2070      488.3105   412101    1.90%
   1040    28      482.7503    70      479.2070      488.3105   414707    1.90%
   1050    37      481.2488    66      479.2070      488.3105   418033    1.90%
   1076    52      484.1598    66      479.2070      488.2498   423826    1.89%
Elapsed time = 288.31 sec. (316407.24 ticks, tree = 0.45 MB, solutions = 2)
   1104    73      484.4852    74      479.2070      488.2085   429322    1.88%
   1121    90      482.4260    64      479.2070      488.2085   432304    1.88%
   1154   114      480.5597    44      479.2070      488.2085   435312    1.88%
   1177   128      485.0739    68      479.2070      488.2085   439651    1.88%
   1216   159      487.9157    92      479.2070      488.1752   444172    1.87%
   1240   183      483.4630    76      479.2070      488.1752   449909    1.87%
   1254   190      486.3480    84      479.2070      488.1725   454741    1.87%
   1276   210      479.6217    50      479.2070      488.1725   460901    1.87%
   1307   225      485.1637    88      479.2070      487.8889   467343    1.81%
   1327   241      484.8171    88      479.2070      487.7675   474685    1.79%
Elapsed time = 319.04 sec. (357663.63 ticks, tree = 1.05 MB, solutions = 2)
   1349   257      484.5045    80      479.2070      487.6903   481658    1.77%
   1367   271      484.2490    88      479.2070      487.6716   489396    1.77%
   1386   288      481.1028    60      479.2070      487.6716   494335    1.77%
   1417   308      479.7816    72      479.2070      487.6698   501845    1.77%
   1444   327      485.8194    74      479.2070      487.6311   509172    1.76%
   1474   356      481.9354    60      479.2070      487.6311   514519    1.76%
   1509   377      485.0194    84      479.2070      487.5409   518599    1.74%
   1536   396      486.6996    94      479.2070      487.5389   525959    1.74%
   1554   414      483.3007    84      479.2070      487.5389   533304    1.74%
   1574   430      481.6322    66      479.2070      487.5389   538710    1.74%
Elapsed time = 351.07 sec. (397314.44 ticks, tree = 1.55 MB, solutions = 2)
   1630   453      485.3945    92      479.2070      487.4978   543886    1.73%
   1649   467      484.7047    90      479.2070      487.4967   550840    1.73%
   1670   484      484.5498    74      479.2070      487.4755   558359    1.73%
   1692   502      485.6224    84      479.2070      487.4504   565850    1.72%
   1705   511      486.7206    86      479.2070      487.4425   570702    1.72%
   1727   529      483.3854    80      479.2070      487.4380   578307    1.72%
   1743   539      480.5448    68      479.2070      487.4044   583019    1.71%
   1771   559      487.0594    88      479.2070      487.3840   591034    1.71%
   1791   575      485.0699    84      479.2070      487.2438   598410    1.68%
   1839   608      486.8061    94      479.2070      487.2349   605613    1.68%
Elapsed time = 381.21 sec. (437400.69 ticks, tree = 2.12 MB, solutions = 2)
   1864   629      480.5113    68      479.2070      487.2201   613372    1.67%
   1889   646      479.5601    68      479.2070      487.0764   620852    1.64%
   1906   657      480.1286    76      479.2070      487.0760   625730    1.64%
   1929   672      482.6901    52      479.2070      487.0589   633246    1.64%
   1980   705      480.9815    72      479.2070      486.9805   642092    1.62%
   2003   724      479.5576    58      479.2070      486.9797   650605    1.62%
   2026   739      485.9677    76      479.2070      486.9113   658507    1.61%
   2063   775      480.2290    62      479.2070      486.9113   665171    1.61%
   2094   802      481.0631    54      479.2070      486.9085   673012    1.61%
   2144   836      484.0345    68      479.2070      486.8344   680752    1.59%
Elapsed time = 412.58 sec. (476481.87 ticks, tree = 2.46 MB, solutions = 2)
   2176   864      481.9726    62      479.2070      486.8208   688750    1.59%
   2211   887      486.0475    94      479.2070      486.8002   696375    1.58%
   2232   904      483.3405    74      479.2070      486.7818   703848    1.58%
   2269   937      479.6620    48      479.2070      486.7818   712043    1.58%
   2307   961      483.8636    66      479.2070      486.7104   719895    1.57%
   2338   984      481.1888    72      479.2070      486.6939   727852    1.56%
   2370  1005        cutoff            479.2070      486.6892   735632    1.56%
   2385  1020      480.6699    64      479.2070      486.6683   740295    1.56%
   2417  1046      480.2038    74      479.2070      486.6558   748271    1.55%
   2449  1068      484.7024    84      479.2070      486.6276   756077    1.55%
Elapsed time = 446.70 sec. (515261.79 ticks, tree = 2.86 MB, solutions = 2)
   2479  1091      481.6397    58      479.2070      486.6093   761903    1.54%
   2528  1128      483.4758    60      479.2070      486.5942   767198    1.54%
   2579  1159        cutoff            479.2070      486.5942   773736    1.54%
   2634  1179      485.6942    86      479.2070      486.5828   778455    1.54%
   2661  1198      481.0949    80      479.2070      486.5600   784750    1.53%
   2690  1220      483.3889    86      479.2070      486.5560   789720    1.53%
   2721  1247      481.7875    56      479.2070      486.5556   796288    1.53%
   2757  1274      482.6776    62      479.2070      486.5281   801891    1.53%
   2784  1293      479.5416    74      479.2070      486.5136   808424    1.52%
   2814  1315      480.9918    66      479.2070      486.5083   815055    1.52%
Elapsed time = 482.90 sec. (555340.52 ticks, tree = 8.48 MB, solutions = 2)
   2854  1341      484.3405    80      479.2070      486.4629   821559    1.51%
   2894  1374      482.2362    80      479.2070      486.4609   827606    1.51%
   2924  1398      483.8710    74      479.2070      486.4419   833063    1.51%
   2957  1425      481.3179    54      479.2070      486.4409   839626    1.51%
   2989  1451      483.4647    72      479.2070      486.4128   845032    1.50%
   3036  1492      483.0330    78      479.2070      486.3947   851168    1.50%
   3074  1524      482.2301    86      479.2070      486.3887   857296    1.50%
   3112  1554      483.3477    78      479.2070      486.3480   863692    1.49%
   3139  1575      483.3320    68      479.2070      486.3480   870151    1.49%
   3164  1592      482.9845    80      479.2070      486.2531   875977    1.47%
Elapsed time = 517.75 sec. (594652.13 ticks, tree = 14.61 MB, solutions = 2)
   3198  1620      480.0683    74      479.2070      486.2501   882697    1.47%
   3217  1635      483.1852    66      479.2070      486.2430   888148    1.47%
   3250  1658        cutoff            479.2070      486.2411   894342    1.47%
   3283  1681      483.2452    64      479.2070      486.2128   900595    1.46%
   3334  1725      481.9573    70      479.2070      486.2053   906399    1.46%
   3364  1751      480.3982    72      479.2070      486.1942   912835    1.46%
   3414  1787      480.1571    52      479.2070      486.1893   918382    1.46%
   3464  1825      484.8629    92      479.2070      486.1749   924585    1.45%
   3507  1860      480.1299    68      479.2070      486.1744   930643    1.45%
   3541  1880      482.5213    68      479.2070      486.1540   937575    1.45%
Elapsed time = 552.74 sec. (633828.79 ticks, tree = 20.54 MB, solutions = 2)
   3589  1918        cutoff            479.2070      486.1393   943632    1.45%
   3634  1949      481.5319    70      479.2070      486.1379   949308    1.45%
   3673  1978      484.2763    68      479.2070      486.1233   956039    1.44%
   3712  2007      483.6587    78      479.2070      486.1022   962836    1.44%
   3759  2048      481.1628    64      479.2070      486.0864   969339    1.44%
   3813  2092      483.4708    72      479.2070      486.0747   976092    1.43%
   3845  2118      479.3699    46      479.2070      486.0640   982365    1.43%
   3885  2144      481.4241    62      479.2070      486.0575   987934    1.43%
   3924  2167      484.0626    72      479.2070      486.0427   994211    1.43%
   3949  2188      482.4112    74      479.2070      486.0157   999900    1.42%
Elapsed time = 588.20 sec. (672957.56 ticks, tree = 27.14 MB, solutions = 2)
   3990  2219      480.6971    70      479.2070      486.0120  1006374    1.42%
   4026  2243      483.2976    72      479.2070      485.9973  1013057    1.42%
   4064  2273      483.3783    70      479.2070      485.9709  1019424    1.41%
   4094  2296      480.0830    84      479.2070      485.9681  1025817    1.41%
   4129  2319        cutoff            479.2070      485.9535  1032459    1.41%
   4163  2347      481.3220    66      479.2070      485.9347  1038566    1.40%
   4206  2374      481.6380    70      479.2070      485.9307  1045570    1.40%
   4249  2407      484.8443    76      479.2070      485.9266  1052047    1.40%
   4289  2441      480.3472    68      479.2070      485.9178  1058217    1.40%
   4320  2462      479.2081    28      479.2070      485.8993  1064523    1.40%
Elapsed time = 623.60 sec. (712111.61 ticks, tree = 34.84 MB, solutions = 2)
   4373  2497      484.7891    82      479.2070      485.8908  1070864    1.39%
   4418  2531      484.2638    84      479.2070      485.8782  1076315    1.39%
   4454  2559      482.5915    66      479.2070      485.8633  1082246    1.39%
   4497  2586      479.5898    46      479.2070      485.8633  1089111    1.39%
   4552  2623      480.3325    68      479.2070      485.8448  1095727    1.39%
   4590  2653      480.1805    58      479.2070      485.8328  1101648    1.38%
   4616  2669      479.6241    64      479.2070      485.8296  1107283    1.38%
   4651  2694      480.3787    64      479.2070      485.8249  1113584    1.38%
   4706  2731        cutoff            479.2070      485.8135  1119802    1.38%
   4743  2758      482.7213    64      479.2070      485.7969  1126189    1.38%
Elapsed time = 658.68 sec. (750921.12 ticks, tree = 41.60 MB, solutions = 2)
   4798  2785        cutoff            479.2070      485.7969  1132287    1.38%
   4842  2812      481.6692    70      479.2070      485.7907  1138800    1.37%
   4885  2845      484.0509    82      479.2070      485.7843  1144943    1.37%
   4916  2870      480.5923    52      479.2070      485.7677  1151408    1.37%
   4959  2904      484.8832    68      479.2070      485.7607  1157227    1.37%
   5005  2940      485.0443    82      479.2070      485.7563  1163213    1.37%
   5032  2959        cutoff            479.2070      485.7484  1167957    1.37%
   5057  2976      479.6066    60      479.2070      485.7459  1173859    1.36%
   5107  3019      481.4202    76      479.2070      485.7391  1179981    1.36%
   5153  3056      483.4881    58      479.2070      485.7295  1186675    1.36%
Elapsed time = 694.22 sec. (790283.88 ticks, tree = 48.76 MB, solutions = 2)
   5196  3083      482.3510    60      479.2070      485.7230  1192815    1.36%
   5233  3110      484.9456    90      479.2070      485.7138  1198930    1.36%
   5274  3143      480.5972    70      479.2070      485.7098  1205303    1.36%
   5301  3160      479.9420    60      479.2070      485.7074  1211287    1.36%
   5334  3181      482.6700    72      479.2070      485.6925  1216903    1.35%
   5371  3208      484.4248    68      479.2070      485.6785  1223112    1.35%
   5394  3223      479.6915    68      479.2070      485.6672  1228957    1.35%
   5441  3252      483.3922    62      479.2070      485.6408  1236057    1.34%
   5488  3291      483.2365    62      479.2070      485.6335  1242138    1.34%
   5522  3309      480.5001    76      479.2070      485.6298  1248498    1.34%
Elapsed time = 729.13 sec. (829781.27 ticks, tree = 55.26 MB, solutions = 2)
   5558  3333      484.2417    72      479.2070      485.6220  1254162    1.34%
   5613  3382      480.3658    62      479.2070      485.6217  1260424    1.34%
   5642  3405      480.0345    74      479.2070      485.6216  1267510    1.34%
   5667  3416      482.6390    70      479.2070      485.6024  1272964    1.33%
   5704  3439      483.2853    74      479.2070      485.5991  1278783    1.33%
   5741  3466      482.7265    70      479.2070      485.5771  1285120    1.33%
   5788  3487      481.4713    76      479.2070      485.5770  1291855    1.33%
   5841  3522      484.8980    72      479.2070      485.5661  1298706    1.33%
   5897  3570      479.4602    56      479.2070      485.5649  1304898    1.33%
   5936  3593      483.9769    62      479.2070      485.5586  1311135    1.33%
Elapsed time = 764.64 sec. (868994.61 ticks, tree = 63.93 MB, solutions = 2)
   5994  3639      482.5320    66      479.2070      485.5453  1316568    1.32%
   6044  3677      482.2120    50      479.2070      485.5378  1323222    1.32%
   6111  3729      479.4497    32      479.2070      485.5228  1329360    1.32%
   6153  3759      484.3648    64      479.2070      485.4994  1335760    1.31%
   6193  3785      483.7417    84      479.2070      485.4956  1341482    1.31%
   6216  3804      482.8009    66      479.2070      485.4928  1344963    1.31%
   6257  3835      482.9193    56      479.2070      485.4773  1352160    1.31%
   6291  3855      479.4464    82      479.2070      485.4717  1358437    1.31%
   6335  3891      482.2493    54      479.2070      485.4702  1364226    1.31%
   6383  3931      483.8132    88      479.2070      485.4660  1370615    1.31%
Elapsed time = 799.71 sec. (908191.80 ticks, tree = 72.34 MB, solutions = 2)
   6416  3956      482.1681    80      479.2070      485.4653  1377042    1.31%
   6461  3991      480.3173    68      479.2070      485.4618  1383461    1.31%
   6514  4034      484.5741    76      479.2070      485.4460  1389202    1.30%
   6551  4061      482.0316    56      479.2070      485.4281  1395460    1.30%
   6595  4089      481.0020    74      479.2070      485.4185  1401525    1.30%
   6622  4109      481.4752    70      479.2070      485.4176  1406491    1.30%
   6662  4133      481.3845    88      479.2070      485.4152  1412337    1.30%
   6696  4159      482.5249    56      479.2070      485.4106  1418049    1.29%
   6753  4197      482.0699    58      479.2070      485.4003  1424069    1.29%
   6794  4226      480.7908    76      479.2070      485.3969  1430952    1.29%
Elapsed time = 834.74 sec. (947097.45 ticks, tree = 81.13 MB, solutions = 2)
   6824  4248      484.3817    82      479.2070      485.3934  1436953    1.29%
   6875  4290      481.0158    84      479.2070      485.3903  1443339    1.29%
   6904  4313      480.0988    62      479.2070      485.3825  1449394    1.29%
   6939  4336      479.4370    70      479.2070      485.3767  1455515    1.29%
   6981  4362      482.4617    76      479.2070      485.3563  1461546    1.28%
   7017  4388      480.9184    78      479.2070      485.3555  1467677    1.28%
   7056  4419      483.1825    68      479.2070      485.3492  1473650    1.28%
   7100  4453      479.3977    60      479.2070      485.3491  1480294    1.28%
   7145  4476      485.1276    78      479.2070      485.3443  1486665    1.28%
   7189  4512      481.0142    76      479.2070      485.3263  1493187    1.28%
Elapsed time = 869.55 sec. (986112.34 ticks, tree = 87.43 MB, solutions = 2)
   7220  4535      483.2933    62      479.2070      485.3109  1499463    1.27%
   7276  4573      481.2666    74      479.2070      485.3029  1506068    1.27%
   7337  4622      481.4558    68      479.2070      485.2983  1512590    1.27%
   7374  4649      482.7437    70      479.2070      485.2921  1519195    1.27%
   7414  4677      482.4146    92      479.2070      485.2897  1525283    1.27%
   7443  4700      481.4638    52      479.2070      485.2861  1530964    1.27%
   7495  4740      481.8263    52      479.2070      485.2716  1537278    1.27%
   7534  4764      482.6844    58      479.2070      485.2665  1543345    1.26%
   7586  4805      482.3550    64      479.2070      485.2601  1549252    1.26%
   7624  4833      483.1648    70      479.2070      485.2485  1555055    1.26%
Elapsed time = 905.74 sec. (1026510.53 ticks, tree = 95.24 MB, solutions = 2)
   7663  4855      483.6463    72      479.2070      485.2398  1561305    1.26%
   7692  4876        cutoff            479.2070      485.2397  1567527    1.26%
   7735  4909      483.0606    50      479.2070      485.2277  1573586    1.26%
   7792  4948      482.8673    54      479.2070      485.2220  1580274    1.26%
   7840  4988      483.3631    74      479.2070      485.2168  1586256    1.25%
   7870  5010      482.0110    50      479.2070      485.1974  1592443    1.25%
   7936  5048      481.1421    68      479.2070      485.1901  1598819    1.25%
   7988  5088      481.0850    72      479.2070      485.1861  1605043    1.25%
   8019  5113      479.4773    46      479.2070      485.1838  1611754    1.25%
   8062  5138      483.6826    52      479.2070      485.1760  1618276    1.25%
Elapsed time = 940.45 sec. (1065179.26 ticks, tree = 100.69 MB, solutions = 2)
   8108  5172      483.1619    64      479.2070      485.1730  1624198    1.24%
   8142  5198      479.3866    58      479.2070      485.1714  1630395    1.24%
   8184  5228      482.7926    84      479.2070      485.1671  1636833    1.24%
   8215  5251      482.4702    56      479.2070      485.1647  1642382    1.24%
   8260  5280      482.9991    78      479.2070      485.1587  1648914    1.24%
   8293  5303      481.5609    76      479.2070      485.1453  1655117    1.24%
   8324  5322      483.4350    56      479.2070      485.1367  1661193    1.24%
   8376  5355      480.1205    62      479.2070      485.1358  1667493    1.24%
   8420  5388      479.7626    76      479.2070      485.1246  1673650    1.23%
   8446  5406      482.4706    62      479.2070      485.1193  1679452    1.23%
Elapsed time = 975.69 sec. (1104214.19 ticks, tree = 105.86 MB, solutions = 2)
   8488  5436      483.0076    84      479.2070      485.0886  1685781    1.23%
   8534  5472      482.6342    80      479.2070      485.0845  1691921    1.23%
   8563  5495      480.6003    50      479.2070      485.0843  1699387    1.23%
   8609  5521      480.7314    54      479.2070      485.0837  1705302    1.23%
   8652  5546      483.5861    70      479.2070      485.0766  1711321    1.22%
   8686  5572      480.5766    80      479.2070      485.0715  1718238    1.22%
   8724  5596      483.1709    78      479.2070      485.0632  1724765    1.22%
   8746  5614      479.4722    48      479.2070      485.0630  1730604    1.22%
   8807  5657      483.1190    76      479.2070      485.0526  1736940    1.22%
   8846  5686      482.4385    76      479.2070      485.0478  1742793    1.22%
Elapsed time = 1011.23 sec. (1143871.97 ticks, tree = 113.29 MB, solutions = 2)
   8881  5707      480.0695    50      479.2070      485.0448  1748967    1.22%
   8928  5738      481.7996    74      479.2070      485.0351  1755754    1.22%
   8967  5765      482.5626    58      479.2070      485.0202  1762340    1.21%
   9006  5791      479.5923    74      479.2070      485.0182  1769073    1.21%
   9027  5806      479.5474    62      479.2070      485.0145  1773589    1.21%
   9062  5827      479.7571    62      479.2070      485.0076  1779852    1.21%
   9114  5869      480.1136    62      479.2070      485.0029  1785901    1.21%
   9169  5908      481.0697    64      479.2070      484.9939  1792322    1.21%
   9234  5961      480.5686    62      479.2070      484.9898  1798603    1.21%
   9253  5974      482.1374    68      479.2070      484.9898  1803990    1.21%
Elapsed time = 1046.38 sec. (1182939.06 ticks, tree = 122.94 MB, solutions = 2)
   9294  6007      479.3495    58      479.2070      484.9866  1810583    1.21%
   9325  6028      479.5887    70      479.2070      484.9852  1817151    1.21%
   9365  6056      483.4873    70      479.2070      484.9758  1823868    1.20%
   9408  6087      480.7520    58      479.2070      484.9705  1830693    1.20%
   9452  6109      481.4022    66      479.2070      484.9640  1837132    1.20%
   9496  6143      481.4090    68      479.2070      484.9528  1843658    1.20%
   9552  6191      479.7013    54      479.2070      484.9493  1850265    1.20%
   9591  6219      483.9321    60      479.2070      484.9428  1857027    1.20%
   9634  6254      482.8241    50      479.2070      484.9355  1863459    1.20%
   9677  6287      481.8171    74      479.2070      484.9300  1869853    1.19%
Elapsed time = 1082.09 sec. (1222015.66 ticks, tree = 132.30 MB, solutions = 2)
   9731  6328      480.9269    54      479.2070      484.9204  1875934    1.19%
   9786  6369      480.3286    62      479.2070      484.9174  1881843    1.19%
   9835  6404      481.6629    56      479.2070      484.9090  1887936    1.19%
   9884  6439      480.5015    56      479.2070      484.9042  1894153    1.19%
   9932  6471      483.1006    70      479.2070      484.9007  1900298    1.19%
   9973  6504      479.6301    52      479.2070      484.9006  1906614    1.19%
  10018  6538      479.5439    80      479.2070      484.8978  1913164    1.19%
  10071  6581      479.6066    38      479.2070      484.8895  1919213    1.19%
  10121  6610        cutoff            479.2070      484.8872  1925308    1.19%
  10157  6638      483.4838    58      479.2070      484.8853  1931739    1.18%
Elapsed time = 1117.90 sec. (1260754.11 ticks, tree = 141.02 MB, solutions = 2)
  10234  6671      482.7081    50      479.2070      484.8832  1937585    1.18%
  10283  6711      480.8444    50      479.2070      484.8693  1943710    1.18%
  10328  6744      479.8965    56      479.2070      484.8668  1949870    1.18%
  10374  6776      480.2566    68      479.2070      484.8642  1956132    1.18%
  10414  6800      482.0275    54      479.2070      484.8633  1962439    1.18%
  10459  6835      480.9360    52      479.2070      484.8628  1968510    1.18%
  10511  6867      481.5632    76      479.2070      484.8622  1974685    1.18%
  10556  6898        cutoff            479.2070      484.8580  1980769    1.18%
  10600  6931      480.1989    46      479.2070      484.8527  1986242    1.18%
  10680  6989      480.9361    66      479.2070      484.8486  1992441    1.18%
Elapsed time = 1153.56 sec. (1299623.49 ticks, tree = 152.40 MB, solutions = 2)
  10724  7023      482.7542    64      479.2070      484.8424  1998014    1.18%
  10764  7047      481.2431    56      479.2070      484.8273  2004755    1.17%
  10811  7082      481.9998    80      479.2070      484.8244  2010546    1.17%
  10850  7109      482.1047    68      479.2070      484.8204  2016949    1.17%
  10894  7143      479.4714    66      479.2070      484.8158  2022974    1.17%
  10925  7164      480.3528    66      479.2070      484.8119  2029788    1.17%
  10964  7189      480.9240    68      479.2070      484.8109  2036268    1.17%
  11005  7218      481.4327    84      479.2070      484.8066  2042586    1.17%
  11049  7246      480.8779    52      479.2070      484.8011  2049027    1.17%
  11101  7279      479.3931    60      479.2070      484.7934  2055443    1.17%
Elapsed time = 1189.28 sec. (1338894.39 ticks, tree = 159.06 MB, solutions = 2)
  11149  7303      480.5511    48      479.2070      484.7830  2061600    1.16%
* 11154+ 7303                          479.2074      484.7830             1.16%
  11154  7305      479.7465    44      479.2074      484.7830  2062057    1.16%
  11155  7306      480.4108    70      479.2074      484.7812  2063088    1.16%
  11156  7307      484.5786    92      479.2074      484.7773  2063462    1.16%
  11190  7335      481.5964    46      479.2074      484.7735  2070021    1.16%
  11234  7361      479.4639    66      479.2074      484.7681  2077029    1.16%

Performing restart 2

Repeating presolve.
Tried aggregator 1 time.
MIP Presolve eliminated 79 rows and 250 columns.
MIP Presolve modified 42 coefficients.
Reduced MIP has 2090 rows, 2480 columns, and 73468 nonzeros.
Reduced MIP has 528 binaries, 362 generals, 0 SOSs, and 0 indicators.
Presolve time = 0.04 sec. (27.66 ticks)
Tried aggregator 1 time.
Reduced MIP has 2090 rows, 2480 columns, and 73468 nonzeros.
Reduced MIP has 528 binaries, 362 generals, 0 SOSs, and 0 indicators.
Presolve time = 0.02 sec. (15.11 ticks)
Represolve time = 0.19 sec. (137.35 ticks)
  11264     0      489.0267   118      479.2074      Cuts: 89  2088337    1.16%
  11264     0      488.9852   104      479.2074      Cuts: 29  2088435    1.16%
  11264     0      488.9784   100      479.2074      Cuts: 18  2088470    1.16%
  11264     0      488.9771   104      479.2074    MIRcuts: 5  2088483    1.16%
  11264     0      488.9750   112      479.2074       Cuts: 6  2088497    1.16%
  11264     0      488.9726   104      479.2074    MIRcuts: 8  2088517    1.16%
  11264     0      488.9723   104      479.2074       Cuts: 4  2088528    1.16%
  11264     0      488.9710   110      479.2074    MIRcuts: 4  2088545    1.16%
  11264     0      488.9696   108      479.2074       Cuts: 6  2088566    1.16%

Repeating presolve.
Tried aggregator 1 time.
MIP Presolve eliminated 69 rows and 66 columns.
MIP Presolve modified 37 coefficients.
Reduced MIP has 2021 rows, 2414 columns, and 71408 nonzeros.
Reduced MIP has 496 binaries, 328 generals, 0 SOSs, and 0 indicators.
Presolve time = 0.04 sec. (25.88 ticks)
Tried aggregator 1 time.
Reduced MIP has 2021 rows, 2414 columns, and 71408 nonzeros.
Reduced MIP has 496 binaries, 328 generals, 0 SOSs, and 0 indicators.
Presolve time = 0.02 sec. (14.73 ticks)
Represolve time = 0.19 sec. (136.23 ticks)
  11264     0      488.9082   126      479.2074      Cuts: 31  2094515    1.16%
  11264     0      488.8973   124      479.2074    MIRcuts: 8  2094566    1.16%
  11264     0      488.8956   118      479.2074    MIRcuts: 8  2094589    1.16%
  11264     0      488.8889   118      479.2074   MIRcuts: 16  2094627    1.16%
  11264     0      488.8868   114      479.2074       Cuts: 9  2094652    1.16%
  11264     0      488.8865   116      479.2074    MIRcuts: 5  2094663    1.16%
  11264     0      488.8829   124      479.2074    MIRcuts: 7  2094694    1.16%
  11264     0      488.8796   116      479.2074       Cuts: 8  2094720    1.16%
  11264     0      488.8794   114      479.2074       Cuts: 2  2094727    1.16%
* 11264+    0                          479.2668      484.7662             1.15%
  11264     2      488.8528   128      479.2668      484.7662  2094727    1.15%
  11265     3      488.4800   120      479.2668      484.7662  2095541    1.15%
  11267     5      487.9863   100      479.2668      484.7662  2096773    1.15%
  11273    11      486.5642    86      479.2668      484.7662  2101775    1.15%
Elapsed time = 1280.89 sec. (1443943.42 ticks, tree = 0.09 MB, solutions = 4)
  11283    21      482.4523    64      479.2668      484.7662  2106771    1.15%
  11309    34      480.0030    52      479.2668      484.7662  2111087    1.15%
  11344    52      484.8784    80      479.2668      484.7662  2115102    1.15%
  11362    69      481.3141    74      479.2668      484.7662  2121158    1.15%
  11404    99      484.6490    88      479.2668      484.7662  2126072    1.15%
  11447   129      487.9116   104      479.2668      484.7662  2129831    1.15%
  11498   172      487.2127   106      479.2668      484.7662  2135364    1.15%
  11560   227      480.3104    26      479.2668      484.7662  2140240    1.15%
  11608   259      487.0776   102      479.2668      484.7662  2146814    1.15%
  11643   293      482.4628    84      479.2668      484.7662  2150760    1.15%
Elapsed time = 1314.68 sec. (1483140.90 ticks, tree = 5.05 MB, solutions = 4)
  11693   337      483.5168    66      479.2668      484.7662  2157263    1.15%
  11777   404      483.2985    86      479.2668      484.7662  2163125    1.15%
  11824   445      483.8212    88      479.2668      484.7662  2169389    1.15%
  11876   487      481.5192    40      479.2668      484.7662  2176078    1.15%
  11949   528      486.8362    90      479.2668      484.7662  2183518    1.15%
  11995   568      486.7250    88      479.2668      484.7662  2189903    1.15%
  12047   612      484.6735    90      479.2668      484.7662  2197155    1.15%
  12106   661      481.4206    76      479.2668      484.7662  2204794    1.15%
  12154   696      486.4952    96      479.2668      484.7662  2212420    1.15%
  12207   743      484.6443   102      479.2668      484.7662  2220208    1.15%
Elapsed time = 1350.79 sec. (1522888.38 ticks, tree = 12.56 MB, solutions = 4)
  12257   787      480.2611    50      479.2668      484.7662  2227089    1.15%
  12329   835      485.0458    98      479.2668      484.7662  2233706    1.15%
  12369   867      482.9002    86      479.2668      484.7662  2240990    1.15%
  12418   907      485.9288   100      479.2668      484.7662  2247183    1.15%
  12464   945      484.7463    90      479.2668      484.7662  2253613    1.15%
  12511   986      481.1583    62      479.2668      484.7662  2261081    1.15%
  12598  1053      485.9547    84      479.2668      484.7662  2268333    1.15%
  12655  1100      480.7446    82      479.2668      484.7662  2275204    1.15%
  12716  1147      485.3995    84      479.2668      484.7662  2283160    1.15%
  12767  1190      486.1228    92      479.2668      484.7662  2290698    1.15%
Elapsed time = 1386.83 sec. (1562053.46 ticks, tree = 26.96 MB, solutions = 4)
  12816  1233      481.2386    64      479.2668      484.7662  2298037    1.15%
  12876  1283      479.8581    70      479.2668      484.7662  2305728    1.15%
  12908  1304      484.0249    86      479.2668      484.7662  2312850    1.15%
  12973  1360      479.9140    52      479.2668      484.7662  2320054    1.15%
  13027  1402      483.2794    80      479.2668      484.7662  2327554    1.15%
  13081  1447      479.4607    68      479.2668      484.7662  2334696    1.15%
  13150  1493      485.7062    78      479.2668      484.7662  2342212    1.15%
  13221  1553      482.8329    82      479.2668      484.7662  2348719    1.15%
  13271  1596      483.0873    80      479.2668      484.7662  2354733    1.15%
  13330  1647      481.8608    80      479.2668      484.7662  2362703    1.15%
Elapsed time = 1422.84 sec. (1601106.67 ticks, tree = 39.58 MB, solutions = 4)
  13403  1708      483.4928    78      479.2668      484.7662  2370603    1.15%
  13464  1761      485.4846    84      479.2668      484.7662  2378717    1.15%
  13520  1813      480.8731    66      479.2668      484.7662  2387142    1.15%
  13583  1863      484.6157    78      479.2668      484.7662  2394943    1.15%
  13646  1917      480.8703    80      479.2668      484.7662  2403196    1.15%
  13680  1937      481.2075    58      479.2668      484.7662  2411418    1.15%
  13730  1966      482.2948    76      479.2668      484.7662  2418694    1.15%
  13814  2036      479.9921    58      479.2668      484.7662  2426596    1.15%
  13881  2083      483.6300    74      479.2668      484.7662  2434998    1.15%
  13926  2122      480.7895    64      479.2668      484.7662  2442861    1.15%
Elapsed time = 1459.16 sec. (1639992.36 ticks, tree = 50.41 MB, solutions = 4)
  13991  2167      479.8008    82      479.2668      484.7662  2450556    1.15%
  14041  2205      484.7041    94      479.2668      484.7662  2458765    1.15%
  14068  2226      481.9358    88      479.2668      484.7662  2465105    1.15%
  14145  2283      484.3065    82      479.2668      484.7662  2473939    1.15%
  14189  2317      480.4862    70      479.2668      484.7662  2481733    1.15%
  14263  2370      481.1982    76      479.2668      484.7662  2489600    1.15%
  14357  2449      485.1405    74      479.2668      484.7662  2497428    1.15%
  14403  2489      481.0427    54      479.2668      484.7662  2506240    1.15%
  14491  2545      483.5530    86      479.2668      484.7662  2513451    1.15%
  14543  2589      482.7278    82      479.2668      484.7662  2521270    1.15%
Elapsed time = 1495.29 sec. (1678750.99 ticks, tree = 62.53 MB, solutions = 4)
  14594  2630      481.5474    64      479.2668      484.7662  2528939    1.15%
  14648  2672      483.4957    84      479.2668      484.7662  2537260    1.15%
  14704  2716      482.8196    74      479.2668      484.7662  2545351    1.15%
  14762  2754      483.8685    74      479.2668      484.7662  2553985    1.15%
  14828  2808      483.5820    90      479.2668      484.7662  2562460    1.15%
  14899  2858      483.4123    82      479.2668      484.7662  2570484    1.15%
  14955  2890      483.9576    86      479.2668      484.7662  2578501    1.15%
  15002  2927      484.4332    94      479.2668      484.7662  2586653    1.15%
  15055  2970      482.9368    78      479.2668      484.7662  2595337    1.15%
  15115  3020      480.1915    86      479.2668      484.7662  2603405    1.15%
Elapsed time = 1530.97 sec. (1717804.89 ticks, tree = 74.77 MB, solutions = 4)
  15173  3066      484.8524    84      479.2668      484.7662  2611173    1.15%
  15280  3137      479.2845    30      479.2668      484.7662  2619120    1.15%
  15344  3185      479.9024    62      479.2668      484.7662  2627003    1.15%
  15392  3223      481.9220    66      479.2668      484.7662  2634924    1.15%
  15458  3273        cutoff            479.2668      484.7662  2643072    1.15%
  15545  3328      480.5316    64      479.2668      484.7662  2651351    1.15%
  15604  3379      480.4594    82      479.2668      484.7662  2659387    1.15%
  15666  3424      479.8017    62      479.2668      484.7662  2667700    1.15%
  15766  3511      484.1816    78      479.2668      484.7662  2675737    1.15%
  15848  3558      485.3700   100      479.2668      484.7662  2683836    1.15%
Elapsed time = 1568.55 sec. (1756430.64 ticks, tree = 90.90 MB, solutions = 4)
  15911  3617      480.5003    72      479.2668      484.7662  2691652    1.15%
  15964  3655      483.1448    76      479.2668      484.7662  2699073    1.15%
  16017  3692      481.3559    68      479.2668      484.7662  2706800    1.15%
  16089  3747      483.3012    78      479.2668      484.7662  2714162    1.15%
  16119  3773      481.6037    70      479.2668      484.7662  2721806    1.15%
  16180  3815      484.9414    82      479.2668      484.7662  2729547    1.15%
  16242  3869      481.0135    70      479.2668      484.7662  2736752    1.15%
  16276  3893      483.4969    84      479.2668      484.7662  2743370    1.15%
  16326  3927      481.0074    68      479.2668      484.7662  2751515    1.15%
  16369  3954      484.9796    80      479.2668      484.7662  2759760    1.15%
Elapsed time = 1605.39 sec. (1795160.03 ticks, tree = 100.54 MB, solutions = 4)
  16421  3996        cutoff            479.2668      484.7662  2767314    1.15%
  16474  4031      484.5566    80      479.2668      484.7662  2774864    1.15%
  16535  4080        cutoff            479.2668      484.7662  2782684    1.15%
  16583  4116      479.4178    52      479.2668      484.7662  2790319    1.15%
  16647  4163      480.7290    88      479.2668      484.7662  2797524    1.15%
  16693  4200      480.7322    86      479.2668      484.7662  2805090    1.15%
  16787  4246      483.3514    88      479.2668      484.7662  2812663    1.15%
  16855  4296      485.0107    82      479.2668      484.7662  2820333    1.15%
  16906  4339      479.7395    62      479.2668      484.7662  2826985    1.15%
  16973  4380      482.4064    46      479.2668      484.7662  2834810    1.15%
Elapsed time = 1642.61 sec. (1834140.79 ticks, tree = 112.24 MB, solutions = 4)
  17056  4451      482.7781    68      479.2668      484.7662  2841819    1.15%
  17096  4476      484.1995    84      479.2668      484.7662  2849300    1.15%
  17174  4536      479.3221    76      479.2668      484.7662  2857663    1.15%
  17240  4582      483.1833    76      479.2668      484.7662  2865676    1.15%
  17309  4629        cutoff            479.2668      484.7662  2873123    1.15%
  17398  4702      479.5385    40      479.2668      484.7662  2880463    1.15%
  17427  4719      485.3125    84      479.2668      484.7662  2887622    1.15%
  17492  4769      479.6704    74      479.2668      484.7662  2895384    1.15%
  17544  4809      484.4713    72      479.2668      484.7662  2902488    1.15%
  17589  4844      479.9593    70      479.2668      484.7662  2910211    1.15%
Elapsed time = 1679.40 sec. (1873257.86 ticks, tree = 121.89 MB, solutions = 4)
  17650  4892      483.5570    76      479.2668      484.7662  2917520    1.15%
  17697  4921      484.0252    86      479.2668      484.7662  2924556    1.15%
  17751  4967      479.4733    74      479.2668      484.7662  2932156    1.15%
  17785  4985      483.5399    80      479.2668      484.7662  2939403    1.15%
  17867  5054      482.8168    58      479.2668      484.7662  2947217    1.15%
  17946  5113        cutoff            479.2668      484.7662  2955198    1.15%
  17991  5142      479.3940    58      479.2668      484.7662  2963213    1.15%
  18047  5180      482.6184    78      479.2668      484.7662  2970546    1.15%
  18094  5209      483.6946    80      479.2668      484.7662  2978392    1.15%
  18144  5249      483.7601    64      479.2668      484.7662  2985638    1.15%
Elapsed time = 1732.74 sec. (1912314.38 ticks, tree = 128.51 MB, solutions = 4)
  18231  5320      479.4467    56      479.2668      484.7662  2993363    1.15%
  18303  5362        cutoff            479.2668      484.7662  3001389    1.15%
  18355  5403      479.7828    68      479.2668      484.7662  3008945    1.15%
  18414  5443      484.7883    82      479.2668      484.7662  3016936    1.15%
  18456  5471      480.4603    76      479.2668      484.7662  3024612    1.15%
  18485  5496      481.9458    94      479.2668      484.7662  3028376    1.15%
  18531  5527      482.4439    64      479.2668      484.7662  3035666    1.15%
  18630  5577      479.3064    60      479.2668      484.7662  3043271    1.15%
  18693  5623      481.7836    78      479.2668      484.7662  3051244    1.15%
  18772  5680      479.7712    48      479.2668      484.7662  3059401    1.15%
Elapsed time = 1769.08 sec. (1950924.60 ticks, tree = 136.54 MB, solutions = 4)
  18842  5730        cutoff            479.2668      484.7662  3067004    1.15%
  18907  5783      479.5689    64      479.2668      484.7662  3074504    1.15%
  18954  5816      479.6503    56      479.2668      484.7662  3082373    1.15%
  19023  5861      483.5257    82      479.2668      484.7662  3090519    1.15%
  19066  5893        cutoff            479.2668      484.7662  3097475    1.15%
  19143  5940      484.4239    68      479.2668      484.7662  3105505    1.15%
  19204  5989      482.5412    76      479.2668      484.7662  3113054    1.15%
  19264  6019      483.4643    92      479.2668      484.7662  3120644    1.15%
  19316  6054      479.2974    58      479.2668      484.7662  3128102    1.15%
  19394  6113      481.8397    80      479.2668      484.7662  3135733    1.15%
Elapsed time = 1819.18 sec. (1990611.28 ticks, tree = 145.54 MB, solutions = 4)
  19454  6162      483.3553    70      479.2668      484.7662  3143293    1.15%
  19510  6204      482.2759    74      479.2668      484.7662  3150728    1.15%
  19558  6239      483.1018    88      479.2668      484.7662  3158770    1.15%
  19609  6273      479.7622    84      479.2668      484.7662  3166812    1.15%
  19676  6318      482.5115    74      479.2668      484.7662  3174486    1.15%
  19714  6344      480.6365    66      479.2668      484.7662  3182313    1.15%
  19784  6390      482.3753    72      479.2668      484.7662  3190286    1.15%
  19843  6432      480.7016    52      479.2668      484.7662  3198147    1.15%
  19903  6474      479.8529    72      479.2668      484.7662  3206029    1.15%
  19963  6516      481.8539    72      479.2668      484.7662  3214560    1.15%
Elapsed time = 1855.17 sec. (2029665.51 ticks, tree = 151.25 MB, solutions = 4)
  20018  6553      479.6303    52      479.2668      484.7662  3222357    1.15%
  20093  6604      484.1629    80      479.2668      484.7662  3230085    1.15%
  20154  6643      484.2559    90      479.2668      484.7662  3237765    1.15%
  20211  6684      482.8399    78      479.2668      484.7662  3245290    1.15%
  20255  6711      483.6648    78      479.2668      484.7662  3252886    1.15%
  20318  6756      484.2668    90      479.2668      484.7662  3261289    1.15%
  20368  6790      482.3380    84      479.2668      484.7662  3270037    1.15%
  20430  6828      483.8440    74      479.2668      484.7662  3278251    1.15%
  20475  6859      483.1911    76      479.2668      484.7662  3285728    1.15%
  20532  6902      479.8435    68      479.2668      484.7662  3293871    1.15%
Elapsed time = 1891.28 sec. (2069013.74 ticks, tree = 161.04 MB, solutions = 4)
  20619  6959        cutoff            479.2668      484.7662  3301877    1.15%
  20669  6995      481.6282    76      479.2668      484.7662  3309647    1.15%
  20712  7026      482.0294    80      479.2668      484.7662  3317755    1.15%
  20759  7059      480.4516    54      479.2668      484.7662  3325360    1.15%
  20834  7111      483.0568    70      479.2668      484.7662  3332433    1.15%
  20875  7142      479.5214    52      479.2668      484.7662  3338635    1.15%
  20935  7181      482.6059    64      479.2668      484.7662  3346074    1.15%
  21020  7247      481.8974    88      479.2668      484.7662  3354206    1.15%
  21073  7280      484.0611    70      479.2668      484.7662  3362130    1.15%
  21137  7335      480.1118    74      479.2668      484.7662  3370172    1.15%
Elapsed time = 1928.33 sec. (2107761.40 ticks, tree = 166.74 MB, solutions = 4)
  21178  7356      483.0774    70      479.2668      484.7662  3377513    1.15%
  21242  7406      479.6150    58      479.2668      484.7662  3385380    1.15%
  21321  7449      479.8858    66      479.2668      484.7662  3392714    1.15%
  21372  7481      483.7981    88      479.2668      484.7662  3400245    1.15%
  21406  7507      482.2239    70      479.2668      484.7662  3408113    1.15%
  21468  7548      484.6201    68      479.2668      484.7662  3415693    1.15%
  21542  7602      484.9083    82      479.2668      484.7662  3423061    1.15%
  21596  7634      480.7777    82      479.2668      484.7662  3430839    1.15%
  21656  7677      480.4002    60      479.2668      484.7662  3438525    1.15%
  21708  7713      480.0787    72      479.2668      484.7662  3445386    1.15%
Elapsed time = 1964.41 sec. (2146322.09 ticks, tree = 177.68 MB, solutions = 4)
  21776  7755      480.4263    52      479.2668      484.7662  3453433    1.15%
  21820  7783      479.9100    76      479.2668      484.7662  3461391    1.15%
  21883  7826      479.7646    50      479.2668      484.7662  3469466    1.15%
  21948  7865      482.5918    88      479.2668      484.7662  3478403    1.15%
  22008  7905        cutoff            479.2668      484.7662  3486579    1.15%
  22071  7948      480.2039    66      479.2668      484.7662  3493207    1.15%
  22137  7984      481.5939    68      479.2668      484.7662  3501022    1.15%
  22188  8015      480.4401    72      479.2668      484.7662  3509029    1.15%
  22238  8041      481.1023    72      479.2668      484.7662  3516852    1.15%
  22311  8089      483.4089    80      479.2668      484.7662  3524852    1.15%
Elapsed time = 2000.86 sec. (2185449.87 ticks, tree = 189.24 MB, solutions = 4)
  22357  8123      481.0859    80      479.2668      484.7662  3532911    1.15%
  22419  8158      482.2692    80      479.2668      484.7662  3542089    1.15%
  22464  8181      481.7720    88      479.2668      484.7662  3549929    1.15%
  22530  8227      482.4538    66      479.2668      484.7662  3557848    1.15%
  22597  8273      482.8146    76      479.2668      484.7662  3565804    1.15%
  22657  8316      479.7443    74      479.2668      484.7662  3573460    1.15%
  22704  8349      479.6001    46      479.2668      484.7662  3581414    1.15%
  22783  8393      482.7487    78      479.2668      484.7662  3589255    1.15%
  22824  8421      481.7912    66      479.2668      484.7662  3597344    1.15%
  22874  8453      480.4968    58      479.2668      484.7662  3603883    1.15%
Elapsed time = 2037.09 sec. (2224885.92 ticks, tree = 197.48 MB, solutions = 4)
  22956  8509      483.2701    72      479.2668      484.7662  3611704    1.15%
  23038  8553      483.4534    78      479.2668      484.7662  3619788    1.15%
  23081  8584      480.0288    38      479.2668      484.7662  3627787    1.15%
  23142  8624      483.3860    74      479.2668      484.7662  3636271    1.15%
  23193  8659      480.8275    58      479.2668      484.7662  3644162    1.15%
  23254  8694      481.9718    70      479.2668      484.7662  3652398    1.15%
  23318  8736      483.8896    78      479.2668      484.7662  3660737    1.15%
  23387  8791      479.3723    48      479.2668      484.7662  3668114    1.15%
  23446  8828        cutoff            479.2668      484.7662  3675919    1.15%
  23495  8857      480.5975    82      479.2668      484.7662  3683872    1.15%
Elapsed time = 2073.10 sec. (2263757.02 ticks, tree = 210.62 MB, solutions = 4)
  23546  8886      481.9498    90      479.2668      484.7662  3691959    1.15%
  23618  8938      480.5621    64      479.2668      484.7662  3700084    1.15%
  23664  8966      481.1802    66      479.2668      484.7662  3707635    1.15%
  23727  9014      481.3141    54      479.2668      484.7662  3715586    1.15%
  23794  9049      484.1957    86      479.2668      484.7662  3722949    1.15%
  23858  9095      482.2935    96      479.2668      484.7662  3730659    1.15%
  23905  9130      479.4888    50      479.2668      484.7662  3738460    1.15%
  23964  9172      481.9875    78      479.2668      484.7662  3746391    1.15%
  24007  9199      480.9970    72      479.2668      484.7662  3753763    1.15%
  24099  9263      479.6563    42      479.2668      484.7662  3761909    1.15%
Elapsed time = 2108.97 sec. (2302505.12 ticks, tree = 223.77 MB, solutions = 4)
  24152  9303      481.1758    64      479.2668      484.7662  3769992    1.15%
  24206  9337      479.9675    82      479.2668      484.7662  3777888    1.15%
  24262  9371        cutoff            479.2668      484.7662  3785588    1.15%
  24316  9407      480.8143    58      479.2668      484.7662  3793789    1.15%
  24407  9464      482.1361    84      479.2668      484.7662  3801936    1.15%
  24465  9502        cutoff            479.2668      484.7662  3810007    1.15%
  24534  9559      481.1907    58      479.2668      484.7662  3817775    1.15%
  24590  9582      483.1149    78      479.2668      484.7662  3826219    1.15%
  24643  9623      479.7801    54      479.2668      484.7662  3834328    1.15%
  24705  9663      480.5996    72      479.2668      484.7662  3842456    1.15%
Elapsed time = 2145.22 sec. (2341666.56 ticks, tree = 234.57 MB, solutions = 4)
  24779  9718      480.0031    32      479.2668      484.7662  3850438    1.15%
  24864  9773      481.3118    82      479.2668      484.7662  3857790    1.15%
  24913  9804      480.8847    70      479.2668      484.7662  3865484    1.15%
  24956  9831      480.1563    72      479.2668      484.7662  3872913    1.15%
  25006  9867        cutoff            479.2668      484.7662  3880994    1.15%
  25069  9912      480.4329    62      479.2668      484.7662  3889153    1.15%
  25156  9963      482.1125    64      479.2668      484.7662  3896993    1.15%
  25229 10020      482.7651    54      479.2668      484.7662  3904631    1.15%
  25304 10063      482.5407    72      479.2668      484.7662  3912866    1.15%
  25384 10125      483.7295    72      479.2668      484.7662  3920972    1.15%
Elapsed time = 2182.41 sec. (2381017.43 ticks, tree = 245.58 MB, solutions = 4)
  25432 10151      483.4340    72      479.2668      484.7662  3929087    1.15%
  25505 10204      483.2569    84      479.2668      484.7662  3936439    1.15%
  25584 10260      481.8930    74      479.2668      484.7662  3944418    1.15%
  25639 10293      482.9367    74      479.2668      484.7662  3952749    1.15%
  25702 10338      482.6617    80      479.2668      484.7662  3960824    1.15%
  25758 10370      479.4684    68      479.2668      484.7662  3968725    1.15%
  25814 10404      481.1865    74      479.2668      484.7662  3977013    1.15%
  25871 10445      481.5887    76      479.2668      484.7662  3985193    1.15%
  25925 10479      480.0518    76      479.2668      484.7662  3992920    1.15%
  25974 10504      482.0168    66      479.2668      484.7662  4001056    1.15%
Elapsed time = 2218.73 sec. (2419759.88 ticks, tree = 253.03 MB, solutions = 4)
  26061 10552      482.9101    82      479.2668      484.7662  4009878    1.15%
  26106 10583      481.8043    68      479.2668      484.7662  4016030    1.15%
  26172 10621      482.4713    60      479.2668      484.7662  4024015    1.15%
  26232 10663      482.8194    72      479.2668      484.7662  4031767    1.15%
  26288 10697        cutoff            479.2668      484.7662  4039700    1.15%
  26339 10732      479.4833    76      479.2668      484.7662  4047493    1.15%
  26393 10756      482.6035    60      479.2668      484.7662  4055114    1.15%
  26451 10798      481.8194    66      479.2668      484.7662  4063296    1.15%
  26511 10846      480.5921    68      479.2668      484.7662  4071431    1.15%
  26565 10872      481.0542    90      479.2668      484.7662  4078915    1.15%
Elapsed time = 2254.77 sec. (2458343.89 ticks, tree = 263.15 MB, solutions = 4)
  26617 10908      480.7686    70      479.2668      484.7662  4087214    1.15%
  26686 10953      482.4808    90      479.2668      484.7662  4095394    1.15%
  26759 11008      480.6998    66      479.2668      484.7662  4103162    1.15%
  26811 11047      481.0275    62      479.2668      484.7662  4111024    1.15%
  26864 11081      481.9668    74      479.2668      484.7662  4117889    1.15%
  26907 11112      480.7381    64      479.2668      484.7662  4126272    1.15%
  26998 11163      482.8930    72      479.2668      484.7662  4134718    1.15%
  27057 11204      483.5075    90      479.2668      484.7662  4142126    1.15%
  27099 11234      480.5801    66      479.2668      484.7662  4150052    1.15%
  27152 11261      482.4174    76      479.2668      484.7662  4158089    1.15%
Elapsed time = 2291.12 sec. (2497104.74 ticks, tree = 273.55 MB, solutions = 4)
  27251 11320      479.2990    24      479.2668      484.7662  4166286    1.15%
  27305 11351      481.9844    68      479.2668      484.7662  4173838    1.15%
  27354 11382      483.0803    54      479.2668      484.7662  4182123    1.15%
  27419 11434      479.4952    48      479.2668      484.7662  4189939    1.15%
  27468 11464      483.3766    80      479.2668      484.7662  4197352    1.15%
  27510 11486      482.7046    68      479.2668      484.7662  4205185    1.15%
  27565 11523      479.9133    64      479.2668      484.7662  4213112    1.15%
  27617 11555      483.6254    60      479.2668      484.7662  4220721    1.15%
  27665 11583      483.7363    66      479.2668      484.7662  4228572    1.15%
  27728 11613      480.4437    78      479.2668      484.7662  4236208    1.15%
Elapsed time = 2326.51 sec. (2535680.76 ticks, tree = 281.47 MB, solutions = 4)
  27816 11677      481.3488    70      479.2668      484.7662  4244487    1.15%
  27892 11729      480.1056    66      479.2668      484.7662  4252591    1.15%
  27943 11764      480.1004    78      479.2668      484.7662  4260771    1.15%
  28011 11793      482.3374    84      479.2668      484.7662  4268985    1.15%
  28069 11835      483.4566    76      479.2668      484.7662  4276030    1.15%
  28124 11869      481.9425    70      479.2668      484.7662  4284422    1.15%
  28194 11925      480.5799    68      479.2668      484.7662  4292776    1.15%
  28294 11999      480.3662    54      479.2668      484.7662  4300076    1.15%
  28350 12031      481.7451    92      479.2668      484.7662  4308285    1.15%
  28399 12066      479.3087    58      479.2668      484.7662  4315891    1.15%
Elapsed time = 2362.82 sec. (2574757.60 ticks, tree = 295.51 MB, solutions = 4)
  28456 12099      481.8596    72      479.2668      484.7662  4322804    1.15%
  28491 12122      483.2392    90      479.2668      484.7662  4329111    1.15%
  28543 12162      482.3529    60      479.2668      484.7662  4336638    1.15%
  28600 12203      480.0193    64      479.2668      484.7662  4344222    1.15%
  28654 12237      480.3512    60      479.2668      484.7662  4351534    1.15%
  28703 12268      482.2596    90      479.2668      484.7662  4359443    1.15%
  28748 12301      479.9447    54      479.2668      484.7662  4367221    1.15%
  28794 12330      480.4821    60      479.2668      484.7662  4375175    1.15%
  28852 12360      483.7132    74      479.2668      484.7662  4382811    1.15%
  28883 12381      481.8206    52      479.2668      484.7662  4390032    1.15%
Elapsed time = 2399.01 sec. (2613401.89 ticks, tree = 303.08 MB, solutions = 4)
  28936 12408      479.5349    62      479.2668      484.7662  4398023    1.15%
  29000 12448      484.0125    90      479.2668      484.7662  4405657    1.15%
  29055 12482      481.5741    70      479.2668      484.7662  4413523    1.15%
  29110 12515      480.5044    64      479.2668      484.7662  4421374    1.15%
  29170 12553        cutoff            479.2668      484.7662  4428999    1.15%
  29195 12568        cutoff            479.2668      484.7662  4436703    1.15%
  29264 12614      481.6045    52      479.2668      484.7662  4444370    1.15%
  29327 12655      479.8783    40      479.2668      484.7662  4452187    1.15%
  29416 12715      479.6545    58      479.2668      484.7662  4459903    1.15%
  29466 12743      481.5077    68      479.2668      484.7662  4467955    1.15%
Elapsed time = 2435.04 sec. (2651982.84 ticks, tree = 309.22 MB, solutions = 4)
  29511 12770      480.8917    74      479.2668      484.7662  4476024    1.15%
  29578 12813      480.6838    62      479.2668      484.7638  4484007    1.15%
  29624 12843      482.9021    92      479.2668      484.7627  4491973    1.15%
  29664 12871      480.6434    70      479.2668      484.7602  4499383    1.15%
  29717 12902      481.3202    72      479.2668      484.7551  4507282    1.15%
  29775 12940      481.2826    56      479.2668      484.7472  4514987    1.14%
  29828 12980      480.4316    66      479.2668      484.7466  4522635    1.14%
  29886 13020      479.9166    62      479.2668      484.7454  4530157    1.14%
  29954 13056      483.9894    70      479.2668      484.7387  4538076    1.14%
  30016 13097      483.2458    66      479.2668      484.7311  4546041    1.14%
Elapsed time = 2469.10 sec. (2690750.73 ticks, tree = 317.46 MB, solutions = 4)
  30075 13140      481.0457    56      479.2668      484.7229  4553726    1.14%
  30132 13177      479.4308    52      479.2668      484.7192  4561265    1.14%
  30203 13214      481.5737    68      479.2668      484.7141  4569390    1.14%
  30251 13244      482.5198    86      479.2668      484.7090  4577259    1.14%
  30294 13274      482.0683    76      479.2668      484.7063  4584759    1.13%
  30347 13311      481.4893    64      479.2668      484.7048  4592485    1.13%
  30404 13344      484.6047    92      479.2668      484.7038  4600214    1.13%
  30447 13375      481.4894    64      479.2668      484.7032  4608277    1.13%
  30512 13408      482.6588    74      479.2668      484.6994  4616800    1.13%
  30567 13454      482.1214    72      479.2668      484.6924  4624521    1.13%
Elapsed time = 2502.79 sec. (2729556.66 ticks, tree = 326.99 MB, solutions = 4)
  30633 13497      482.8693    72      479.2668      484.6881  4632419    1.13%
  30684 13528      481.6819    80      479.2668      484.6832  4640205    1.13%
  30726 13560      480.5369    66      479.2668      484.6808  4648092    1.13%
  30774 13594      481.6846    80      479.2668      484.6757  4656182    1.13%
  30826 13629      481.3332    78      479.2668      484.6723  4664200    1.13%
  30891 13671      481.0882    86      479.2668      484.6648  4672128    1.13%
  30946 13704      480.6909    82      479.2668      484.6642  4679870    1.13%
  30993 13738      482.1127    60      479.2668      484.6620  4686828    1.13%
  31060 13775      483.6978    84      479.2668      484.6508  4694945    1.12%
  31135 13820        cutoff            479.2668      484.6486  4702721    1.12%
Elapsed time = 2537.03 sec. (2768413.90 ticks, tree = 337.14 MB, solutions = 4)
  31194 13863      479.2740    52      479.2668      484.6413  4710762    1.12%
  31235 13888      480.0796    86      479.2668      484.6399  4718143    1.12%
  31277 13910      482.6353    90      479.2668      484.6354  4725307    1.12%
  31323 13946      479.2878    60      479.2668      484.6327  4733427    1.12%
  31388 13983      481.8904    72      479.2668      484.6304  4741511    1.12%
  31448 14027      481.9948    88      479.2668      484.6278  4750048    1.12%
  31504 14062      481.6412    80      479.2668      484.6236  4758019    1.12%
  31544 14092      479.5464    58      479.2668      484.6196  4766304    1.12%
  31598 14126      481.6733    56      479.2668      484.6161  4773952    1.12%
  31661 14163        cutoff            479.2668      484.6147  4781616    1.12%
Elapsed time = 2572.22 sec. (2807940.97 ticks, tree = 342.66 MB, solutions = 4)
  31721 14209      483.0458    74      479.2668      484.6095  4789258    1.11%
  31758 14232      482.0034    74      479.2668      484.6044  4796872    1.11%
  31812 14263      481.1160    60      479.2668      484.6015  4804702    1.11%
  31864 14298      480.4307    66      479.2668      484.5964  4812561    1.11%
  31904 14323      480.8484    72      479.2668      484.5951  4820685    1.11%
  31979 14378      483.1459    64      479.2668      484.5934  4828576    1.11%
  32059 14426      479.9502    22      479.2668      484.5932  4836261    1.11%
  32119 14466      480.6171    80      479.2668      484.5914  4843878    1.11%
  32176 14495      480.6320    72      479.2668      484.5815  4851587    1.11%
  32237 14531      482.7129    68      479.2668      484.5768  4859433    1.11%
Elapsed time = 2606.92 sec. (2846967.54 ticks, tree = 348.77 MB, solutions = 4)
  32295 14571      481.2458    74      479.2668      484.5707  4867435    1.11%
  32374 14623      479.7312    30      479.2668      484.5634  4875099    1.11%
  32432 14658      480.8443    86      479.2668      484.5547  4884070    1.10%
  32474 14680      483.1352    88      479.2668      484.5521  4890927    1.10%
  32553 14741      480.3464    54      479.2668      484.5494  4898869    1.10%
  32629 14789        cutoff            479.2668      484.5441  4906628    1.10%
  32700 14833      480.7159    52      479.2668      484.5402  4914454    1.10%
  32784 14874      482.8956    62      479.2668      484.5380  4922358    1.10%
  32834 14911      480.7610    62      479.2668      484.5371  4930725    1.10%
  32908 14951      481.5006    68      479.2668      484.5347  4938282    1.10%
Elapsed time = 2642.35 sec. (2886315.68 ticks, tree = 360.70 MB, solutions = 4)
  32959 14978      481.3683    74      479.2668      484.5318  4946458    1.10%
  33026 15021      483.3764    76      479.2668      484.5229  4954720    1.10%
  33071 15046      482.7571    74      479.2668      484.5196  4963246    1.10%
  33121 15082      479.6289    70      479.2668      484.5167  4970983    1.10%
  33161 15102        cutoff            479.2668      484.5088  4978900    1.09%
  33224 15142      482.3435    56      479.2668      484.5011  4986148    1.09%
  33290 15184        cutoff            479.2668      484.4993  4993862    1.09%
  33364 15227      482.3611    74      479.2668      484.4952  5002061    1.09%
  33414 15263      480.4718    74      479.2668      484.4914  5010699    1.09%
  33467 15293      482.4266    68      479.2668      484.4821  5018943    1.09%
Elapsed time = 2677.26 sec. (2925385.77 ticks, tree = 365.79 MB, solutions = 4)
  33514 15324      479.6125    56      479.2668      484.4795  5026635    1.09%
  33591 15371      481.0881    64      479.2668      484.4761  5034820    1.09%
  33648 15407      484.1374    80      479.2668      484.4723  5042869    1.09%
  33691 15438      483.0547    82      479.2668      484.4685  5051248    1.09%
  33748 15482      479.5493    64      479.2668      484.4592  5059154    1.08%
  33820 15526        cutoff            479.2668      484.4548  5067091    1.08%
  33884 15560      483.3767    68      479.2668      484.4496  5074547    1.08%
  33961 15619        cutoff            479.2668      484.4485  5081916    1.08%
  34016 15654      481.3470    88      479.2668      484.4472  5089482    1.08%
  34071 15688      479.6460    48      479.2668      484.4433  5097114    1.08%
Elapsed time = 2712.80 sec. (2963905.61 ticks, tree = 377.93 MB, solutions = 4)
  34116 15715      480.4700    54      479.2668      484.4412  5105223    1.08%
  34176 15749      481.6873    66      479.2668      484.4361  5112951    1.08%
  34232 15783      481.9869    82      479.2668      484.4326  5120548    1.08%
  34279 15806        cutoff            479.2668      484.4320  5128067    1.08%
  34340 15845      483.2943    64      479.2668      484.4253  5136594    1.08%
  34390 15883        cutoff            479.2668      484.4237  5144087    1.08%
  34474 15940      480.3739    60      479.2668      484.4213  5151627    1.08%
  34531 15980      480.9862    84      479.2668      484.4146  5159595    1.07%
  34602 16031      481.2278    50      479.2668      484.4130  5167433    1.07%
  34661 16062      479.5609    58      479.2668      484.4097  5175319    1.07%
Elapsed time = 2749.27 sec. (3002679.58 ticks, tree = 387.18 MB, solutions = 4)
  34701 16080      480.3632    76      479.2668      484.4066  5183282    1.07%
  34755 16110      480.5813    60      479.2668      484.4047  5191333    1.07%
  34812 16139      482.2939    80      479.2668      484.3994  5199876    1.07%
  34868 16177      482.0432    72      479.2668      484.3968  5206469    1.07%
  34941 16218      481.0694    72      479.2668      484.3909  5215140    1.07%
  34988 16250      480.0856    68      479.2668      484.3906  5223050    1.07%
  35036 16280      481.0196    60      479.2668      484.3895  5231008    1.07%
  35098 16321      479.7834    40      479.2668      484.3854  5238669    1.07%
  35157 16354      481.6779    74      479.2668      484.3830  5246690    1.07%
  35214 16390      482.1439    78      479.2668      484.3788  5254717    1.07%
Elapsed time = 2785.55 sec. (3041407.51 ticks, tree = 393.41 MB, solutions = 4)
  35266 16424      479.7368    54      479.2668      484.3765  5262859    1.07%
  35306 16448      481.4000    68      479.2668      484.3723  5270470    1.07%
  35366 16492      480.6102    52      479.2668      484.3708  5278286    1.06%
  35426 16532      480.9225    70      479.2668      484.3663  5286317    1.06%
  35477 16561        cutoff            479.2668      484.3595  5294114    1.06%
  35527 16593      479.3055    62      479.2668      484.3577  5302512    1.06%
  35582 16623      483.5726    72      479.2668      484.3517  5310155    1.06%
  35655 16666      482.9080    72      479.2668      484.3500  5317909    1.06%
  35724 16705      480.2324    52      479.2668      484.3449  5325232    1.06%
  35782 16735      481.3326    76      479.2668      484.3429  5332698    1.06%
Elapsed time = 2821.56 sec. (3080086.95 ticks, tree = 399.81 MB, solutions = 4)
  35836 16775      481.0138    84      479.2668      484.3417  5339838    1.06%
  35883 16804      482.6611    78      479.2668      484.3404  5347487    1.06%
  35942 16841      480.5907    54      479.2668      484.3389  5355614    1.06%
  35993 16866      483.3016    82      479.2668      484.3325  5362990    1.06%
  36029 16890      480.7947    68      479.2668      484.3308  5370237    1.06%
  36071 16918      480.5804    74      479.2668      484.3306  5376994    1.06%
  36109 16942      480.0074    46      479.2668      484.3296  5383892    1.06%
  36171 16977        cutoff            479.2668      484.3255  5391806    1.06%
  36221 17006        cutoff            479.2668      484.3234  5399495    1.06%
  36286 17053      483.2317    76      479.2668      484.3199  5406782    1.05%
Elapsed time = 2857.33 sec. (3118653.33 ticks, tree = 407.32 MB, solutions = 4)
  36331 17082        cutoff            479.2668      484.3183  5414214    1.05%
  36394 17115      481.7629    70      479.2668      484.3160  5421856    1.05%
  36444 17145      480.2851    54      479.2668      484.3139  5429694    1.05%
  36504 17178      481.2158    76      479.2668      484.3124  5437108    1.05%
  36568 17218      480.3472    54      479.2668      484.3098  5444298    1.05%
  36617 17245      479.4383    52      479.2668      484.3059  5451685    1.05%
  36672 17282      479.9081    72      479.2668      484.3028  5459047    1.05%
  36722 17312      480.3029    52      479.2668      484.3012  5466952    1.05%
  36779 17345      482.5955    80      479.2668      484.2975  5474808    1.05%
  36830 17367      481.7976    74      479.2668      484.2954  5482650    1.05%
Elapsed time = 2893.53 sec. (3157705.29 ticks, tree = 414.34 MB, solutions = 4)
  36883 17404      481.1851    58      479.2668      484.2890  5489682    1.05%
  36932 17433      479.2671    42      479.2668      484.2886  5497624    1.05%
  37010 17474      481.9017    80      479.2668      484.2876  5504732    1.05%
  37059 17503      480.0728    76      479.2668      484.2810  5512309    1.05%
  37103 17533      480.6804    78      479.2668      484.2747  5520119    1.04%
  37142 17554      481.5499    72      479.2668      484.2689  5527577    1.04%
  37191 17587      482.3436    90      479.2668      484.2618  5534815    1.04%
  37240 17618      479.7869    66      479.2668      484.2608  5542433    1.04%
  37280 17640        cutoff            479.2668      484.2564  5549557    1.04%
  37317 17653      480.6336    60      479.2668      484.2547  5557031    1.04%
Elapsed time = 2929.08 sec. (3196400.58 ticks, tree = 422.08 MB, solutions = 4)
  37379 17696      480.1071    46      479.2668      484.2518  5564499    1.04%
  37423 17713      479.9618    78      479.2668      484.2456  5572373    1.04%
  37459 17733      480.1340    76      479.2668      484.2398  5580115    1.04%
  37499 17755      481.4295    60      479.2668      484.2348  5586794    1.04%
  37565 17800      483.0072    84      479.2668      484.2291  5594930    1.04%
  37598 17817      479.8213    66      479.2668      484.2252  5602361    1.03%
  37656 17853      481.5886    62      479.2668      484.2169  5609768    1.03%
  37702 17881      482.1684    88      479.2668      484.2134  5617325    1.03%
  37757 17924      481.0525    74      479.2668      484.2105  5624908    1.03%
  37796 17935      482.2436    74      479.2668      484.2075  5632576    1.03%
Elapsed time = 2965.08 sec. (3235708.25 ticks, tree = 429.31 MB, solutions = 4)
  37851 17964      483.7386    84      479.2668      484.2053  5640447    1.03%
  37899 17990      482.3261    68      479.2668      484.1975  5648141    1.03%
  37962 18029      480.6462    64      479.2668      484.1955  5655427    1.03%
  38016 18053      480.9717    78      479.2668      484.1949  5662956    1.03%
  38088 18092      480.0629    54      479.2668      484.1905  5670552    1.03%
  38140 18120      481.4674    70      479.2668      484.1888  5678159    1.03%
  38179 18144      479.6685    72      479.2668      484.1873  5685829    1.03%
  38224 18167      480.6702    56      479.2668      484.1841  5693537    1.03%
  38278 18195        cutoff            479.2668      484.1819  5701294    1.03%
  38331 18230      482.6128    76      479.2668      484.1774  5708612    1.02%
Elapsed time = 2999.84 sec. (3274332.98 ticks, tree = 439.05 MB, solutions = 4)
  38377 18258      479.6080    80      479.2668      484.1755  5715960    1.02%
  38438 18289      479.3872    66      479.2668      484.1734  5723785    1.02%
  38507 18322      481.6051    52      479.2668      484.1723  5731301    1.02%
  38552 18349      481.9230    76      479.2668      484.1657  5738678    1.02%
  38586 18365      481.7522    80      479.2668      484.1645  5745625    1.02%
  38642 18395      479.9906    54      479.2668      484.1637  5753819    1.02%
  38700 18429      481.0517    52      479.2668      484.1624  5761743    1.02%
  38747 18457      480.0062    56      479.2668      484.1613  5769228    1.02%
  38807 18475      481.5628    70      479.2668      484.1600  5776739    1.02%
  38872 18513      482.6571    80      479.2668      484.1586  5784124    1.02%
Elapsed time = 3034.69 sec. (3313403.13 ticks, tree = 445.02 MB, solutions = 4)
  38915 18542      479.4312    86      479.2668      484.1585  5791710    1.02%
  38957 18564      479.7048    58      479.2668      484.1537  5799502    1.02%
  39016 18595      480.2880    70      479.2668      484.1462  5807302    1.02%
  39057 18615      480.1906    52      479.2668      484.1417  5815305    1.02%
  39100 18636      482.7117    84      479.2668      484.1381  5823587    1.02%
  39141 18661      479.3634    68      479.2668      484.1354  5831910    1.02%
  39205 18699      479.2990    56      479.2668      484.1330  5839829    1.02%
  39260 18730      479.4847    68      479.2668      484.1304  5847555    1.01%
  39290 18744      481.4386    86      479.2668      484.1268  5854037    1.01%
  39351 18775      480.6296    72      479.2668      484.1242  5861888    1.01%
Elapsed time = 3069.38 sec. (3352696.63 ticks, tree = 453.85 MB, solutions = 4)
  39424 18818      480.2405    44      479.2668      484.1196  5869450    1.01%
  39473 18845      483.2501    74      479.2668      484.1170  5876908    1.01%
  39523 18881        cutoff            479.2668      484.1145  5884631    1.01%
  39567 18911      481.4694    58      479.2668      484.1101  5892226    1.01%
  39639 18947      479.6513    82      479.2668      484.1067  5899776    1.01%
  39685 18961      482.1367    90      479.2668      484.0977  5907503    1.01%
  39734 18992      481.0152    76      479.2668      484.0943  5915084    1.01%
  39793 19021      481.6762    60      479.2668      484.0922  5923075    1.01%
  39879 19059      479.5974    60      479.2668      484.0902  5931214    1.01%
  39925 19083      480.0132    78      479.2668      484.0877  5938881    1.01%
Elapsed time = 3104.54 sec. (3391363.47 ticks, tree = 461.67 MB, solutions = 4)
  39974 19109      479.4535    60      479.2668      484.0834  5946392    1.00%
  40038 19139      480.6514    72      479.2668      484.0809  5953713    1.00%
  40088 19163      480.6381    56      479.2668      484.0796  5961428    1.00%
  40140 19190      480.2772    68      479.2668      484.0777  5969688    1.00%
  40193 19223      480.5983    78      479.2668      484.0758  5977491    1.00%
  40237 19249      482.1477    56      479.2668      484.0736  5985044    1.00%
  40284 19276      481.7925    70      479.2668      484.0708  5992779    1.00%
  40336 19305        cutoff            479.2668      484.0653  6000136    1.00%
  40362 19319      480.4997    64      479.2668      484.0590  6008155    1.00%
  40424 19354      479.9149    62      479.2668      484.0551  6015746    1.00%
Elapsed time = 3139.46 sec. (3430546.29 ticks, tree = 467.84 MB, solutions = 4)
  40480 19388      479.7871    44      479.2668      484.0548  6022278    1.00%
  40548 19430      482.8192    80      479.2668      484.0516  6030367    1.00%
  40579 19439      482.0118    54      479.2668      484.0489  6038106    1.00%
  40634 19470      481.0603    64      479.2668      484.0446  6046196    1.00%
  40690 19496      480.2590    52      479.2668      484.0402  6054365    1.00%
  40743 19527      482.1645    66      479.2668      484.0382  6062390    1.00%
  40801 19565        cutoff            479.2668      484.0362  6070094    1.00%
  40845 19589      480.9535    68      479.2668      484.0320  6077788    0.99%
  40885 19608      480.8969    80      479.2668      484.0303  6084461    0.99%
  40935 19638      480.1713    60      479.2668      484.0272  6091742    0.99%
Elapsed time = 3175.02 sec. (3469913.01 ticks, tree = 472.74 MB, solutions = 4)
  40982 19657      479.6693    86      479.2668      484.0240  6100115    0.99%
  41028 19690      479.4356    50      479.2668      484.0226  6107558    0.99%
  41074 19715      481.4015    68      479.2668      484.0203  6115290    0.99%
  41125 19745      479.6833    50      479.2668      484.0185  6122878    0.99%
  41195 19785      479.8195    46      479.2668      484.0182  6130594    0.99%
  41245 19811      481.5654    74      479.2668      484.0159  6138343    0.99%
  41291 19840      483.3362    74      479.2668      484.0141  6145183    0.99%
  41337 19873      479.5047    62      479.2668      484.0113  6153145    0.99%
  41407 19917        cutoff            479.2668      484.0103  6160573    0.99%
  41449 19938      482.8301    66      479.2668      484.0060  6168576    0.99%
Elapsed time = 3210.12 sec. (3508696.24 ticks, tree = 475.85 MB, solutions = 4)
  41495 19964      479.7053    44      479.2668      484.0054  6176325    0.99%
  41541 19992      482.2685    76      479.2668      484.0051  6184169    0.99%
  41595 20020      479.4641    48      479.2668      484.0038  6191854    0.99%
  41654 20049      482.3210    62      479.2668      484.0010  6199362    0.99%
  41694 20071      480.0318    72      479.2668      483.9987  6206490    0.99%
  41748 20096      482.8288    52      479.2668      483.9931  6214325    0.99%
  41799 20133      480.3896    62      479.2668      483.9931  6222397    0.99%
  41851 20159      481.8537    74      479.2668      483.9888  6230146    0.99%
  41898 20186      481.8658    58      479.2668      483.9882  6238097    0.99%
Starting limited solution polishing.
  41964 20223      479.3384    52      479.2668      483.9878  6245480    0.99%
Elapsed time = 3245.69 sec. (3547820.54 ticks, tree = 482.51 MB, solutions = 4)
  42012 20247      480.2648    66      479.2668      483.9809  6253264    0.98%
  42062 20281      480.6096    34      479.2668      483.9800  6261640    0.98%
  42109 20303        cutoff            479.2668      483.9793  6267350    0.98%
  42153 20335        cutoff            479.2668      483.9779  6275380    0.98%
  42232 20378      479.8894    54      479.2668      483.9775  6282590    0.98%
  42270 20394      479.5275    50      479.2668      483.9756  6290359    0.98%
  42336 20428      482.5296    68      479.2668      483.9740  6298122    0.98%
  42378 20442        cutoff            479.2668      483.9734  6305955    0.98%
  42434 20474      481.2724    50      479.2668      483.9725  6313532    0.98%
  42518 20520      480.4687    70      479.2668      483.9703  6320458    0.98%
Elapsed time = 3280.56 sec. (3586749.72 ticks, tree = 490.38 MB, solutions = 4)
  42564 20545      480.0467    58      479.2668      483.9698  6327565    0.98%
  42611 20570        cutoff            479.2668      483.9673  6335724    0.98%
  42647 20594      481.8705    70      479.2668      483.9649  6342847    0.98%
  42682 20622      480.0188    64      479.2668      483.9635  6348202    0.98%
  42754 20658      480.2952    68      479.2668      483.9609  6355670    0.98%
  42808 20686      480.0523    66      479.2668      483.9592  6363533    0.98%
  42861 20711      482.5599    70      479.2668      483.9559  6371328    0.98%
  42910 20742      480.5901    82      479.2668      483.9544  6377356    0.98%
  42953 20767      479.9876    60      479.2668      483.9497  6385102    0.98%
  42994 20787      480.2769    70      479.2668      483.9487  6393022    0.98%
Elapsed time = 3315.12 sec. (3625892.58 ticks, tree = 496.64 MB, solutions = 4)
  43054 20824      482.5685    78      479.2668      483.9453  6400596    0.98%
  43093 20845      482.5283    74      479.2668      483.9426  6407571    0.98%
  43148 20870      483.0174    64      479.2668      483.9404  6415595    0.98%
  43202 20906      479.8884    76      479.2668      483.9402  6421084    0.98%
  43255 20939        cutoff            479.2668      483.9400  6428829    0.98%
  43291 20965      480.9453    72      479.2668      483.9390  6433744    0.97%
  43345 20990      480.3750    78      479.2668      483.9364  6441831    0.97%
  43402 21012      480.4813    76      479.2668      483.9340  6450815    0.97%
  43450 21042      479.8823    58      479.2668      483.9331  6458071    0.97%
  43496 21074      480.4802    84      479.2668      483.9320  6464517    0.97%
Elapsed time = 3350.38 sec. (3665132.41 ticks, tree = 505.90 MB, solutions = 4)
  43543 21097      480.4706    68      479.2668      483.9309  6472266    0.97%
  43596 21121      482.6965    80      479.2668      483.9270  6480358    0.97%
  43636 21144      481.8189    68      479.2668      483.9241  6488228    0.97%
  43676 21166      481.7149    74      479.2668      483.9233  6492228    0.97%
  43726 21196      482.6808    72      479.2668      483.9195  6499982    0.97%
  43764 21220      480.4549    72      479.2668      483.9148  6506807    0.97%
  43822 21256      479.2720    52      479.2668      483.9113  6514341    0.97%
  43861 21273      480.0768    62      479.2668      483.9078  6521666    0.97%
  43904 21294      480.5131    72      479.2668      483.9066  6529382    0.97%
  43954 21326      480.3947    42      479.2668      483.9058  6536784    0.97%
Elapsed time = 3386.01 sec. (3705195.90 ticks, tree = 514.39 MB, solutions = 4)
  43992 21348      480.4899    68      479.2668      483.9030  6541221    0.97%
  44035 21371      482.8253    68      479.2668      483.8989  6548564    0.97%
  44064 21390      479.5144    62      479.2668      483.8987  6552430    0.97%
  44115 21422      480.8118    84      479.2668      483.8948  6559262    0.97%
  44164 21445      479.2840    44      479.2668      483.8944  6565913    0.97%
  44217 21469      480.3401    46      479.2668      483.8912  6573498    0.96%
  44271 21489      481.0295    68      479.2668      483.8891  6581015    0.96%
  44334 21525      482.3975    68      479.2668      483.8874  6588255    0.96%
  44384 21560      483.0039    64      479.2668      483.8864  6596436    0.96%
  44564 21664      479.5204    46      479.2668      483.8781  6625781    0.96%
Elapsed time = 3433.21 sec. (3758306.02 ticks, tree = 522.81 MB, solutions = 4)
  44761 21768      480.6707    72      479.2668      483.8716  6655634    0.96%
  44918 21852      479.2828    40      479.2668      483.8665  6678645    0.96%
  45064 21937      482.5486    64      479.2668      483.8622  6698366    0.96%
  45225 22024      480.6841    64      479.2668      483.8537  6723440    0.96%
  45364 22121      479.6710    76      479.2668      483.8492  6742700    0.96%
  45514 22193        cutoff            479.2668      483.8421  6768366    0.95%
  45695 22288      481.8926    78      479.2668      483.8320  6795401    0.95%
  45869 22382      482.9431    76      479.2668      483.8279  6820190    0.95%
  46053 22471      480.1457    44      479.2668      483.8223  6846342    0.95%
  46191 22556      481.9105    78      479.2668      483.8180  6863444    0.95%
Elapsed time = 3569.53 sec. (3912158.34 ticks, tree = 541.86 MB, solutions = 4)
  46354 22655        cutoff            479.2668      483.8138  6884665    0.95%
  46494 22737      480.4786    82      479.2668      483.8072  6906130    0.95%

Flow cuts applied:  94
Mixed integer rounding cuts applied:  122
Lift and project cuts applied:  3
User cuts applied:  2600

Root node processing (before b&c):
  Real time             =    6.96 sec. (6167.78 ticks)
Sequential b&c:
  Real time             = 3593.04 sec. (3940578.84 ticks)
                          ------------
Total (root+branch&cut) = 3600.00 sec. (3946746.62 ticks)
|V|                                     800
K                                       10
theta                                   0.20
r                                       5
R                                       20
prob_func                               linear
#C1                                     3052
#CP                                     91980

@Parameters: 
am_callback_heuristic                   false
am_local_search                         true
am_start_heuristic                      false
colocation                              true
comp                                    false
cutC                                    true
cutC_init                               false
cutF                                    false
cutF_init                               false
cutF_stable                             false
cutF_wrong                              false
cutLocal                                false
cutM                                    true
cutM_init                               true
cutM_stable                             false
cutP                                    true
cutP_init                               false
cutP_stable                             false
init                                    true
init_cutF_zero                          false
init_val_greedy                         true
is_Euclidean                            false
is_local_search                         false
is_right_cutP                           true
is_root                                 false
is_silent                               false
is_start                                false
mycut                                   false
pmed                                    false
pre                                     true
stable_root                             false
str                                     false
two_phase                               false
ubstr                                   false
mode                                    Int

am_callback_node_space                  50
init                                    0
mixture_seed                            1
node_space                              5
nodelimit                               -1
nsepa                                   1
strF                                    0
type_delta                              0

EPS                                     0.001000
EPS_FRAC                                0.00
gap                                     0.00
mixture_high_max                        0.99
mixture_high_min                        0.90
mixture_low_max                         0.01
mixture_low_min                         0.00
mixture_low_share                       0.80
timelimit                               3600.00

Number of Closed Sites: 5 / 50 
Number of Confined Sites-1: 3 / 27 
Number of Confined Sites-k: 792 / 2344 
Preprocess Time: 1.74 + 0.00 sec

Solve Time: 3600.00
Number of Nodes: 46545
Termination Status: TIME_LIMIT

CutInfo: [phase] num / time (sec) / aver. num_nonzero
max              [LP]     0 / 0.00 / 0.00 [init]   692 / 0.02 / 17.76 [rLC]   645 / 0.34 / 33.55 [rUC]  1257 / 0.20 / 29.77 [sLC]   603 / 0.19 / 39.23 [sUC]  2231 / 2.84 / 32.80 
prod_oa          [LP]     0 / 0.00 / 0.00 [init]   689 / 0.03 / 98.66 [rLC]  1851 / 0.12 / 119.58 [rUC]   134 / 0.58 / 99.21 [sLC]  3769 / 0.38 / 122.93 [sUC]  1142 / 8.05 / 101.87 
prod_sm_fixed    [LP]     0 / 0.00 / 0.00 [init]     0 / 0.00 / 0.00 [rLC]     0 / 0.00 / 0.00 [rUC]     0 / 0.00 / 0.00 [sLC]     0 / 0.00 / 0.00 [sUC]     0 / 0.00 / 0.00 
prod_bin         [LP]     0 / 0.00 / 0.00 [init]     0 / 0.00 / 0.00 [rLC]     0 / 0.00 / 0.00 [rUC]     0 / 0.00 / 0.00 [sLC]     0 / 0.00 / 0.00 [sUC]     0 / 0.00 / 0.00 
prod_local       [LP]     0 / 0.00 / 0.00 [init]     0 / 0.00 / 0.00 [rLC]     0 / 0.00 / 0.00 [rUC]     0 / 0.00 / 0.00 [sLC]     0 / 0.00 / 0.00 [sUC]     0 / 0.00 / 0.00 
prod_sm_C        [LP]     0 / 0.00 / 0.00 [init]     0 / 0.00 / 0.00 [rLC]     0 / 0.00 / 0.00 [rUC]     0 / 0.00 / 0.00 [sLC]     0 / 0.00 / 0.00 [sUC]     0 / 0.00 / 0.00 
facet            [LP]     0 / 0.00 / 0.00 [init]     0 / 0.00 / 0.00 [rLC]     0 / 0.00 / 0.00 [rUC]     0 / 0.00 / 0.00 [sLC]     0 / 0.00 / 0.00 [sUC]     0 / 0.00 / 0.00 
Separation Round:   [LP] 0  [init] 1  [rLC] 5  [rUC] 19  [sLC] 16  [sUC] 78157  
Root Best Bound 493.004705
Root Best Integer: 479.206264
Best Bound: 483.804345
Best Integer: 479.266810
1: 88, 251, 308, 326, 388, 563, 583, 667, 711, 760
Objective Value (calc): 479.222647
sum_etaM = 409.200000 / 409.200000
sum_etaP = 496.783512 / 496.728309
nL: 10
nCL: 0
mCL: 1
