Version identifier: 20.1.0.0 | 2020-11-10 | 9bedb6d68
CPXPARAM_Threads                                 1
CPXPARAM_TimeLimit                               3600
CPXPARAM_MIP_Tolerances_MIPGap                   0
Generic callback                                 0x60
1 of 1 MIP starts provided solutions.
MIP start 'm1' defined initial solution with objective 675.6318.
Tried aggregator 2 times.
MIP Presolve eliminated 5 rows and 4 columns.
MIP Presolve modified 3874 coefficients.
Aggregator did 1 substitutions.
Reduced MIP has 2587 rows, 3195 columns, and 113345 nonzeros.
Reduced MIP has 798 binaries, 797 generals, 0 SOSs, and 0 indicators.
Presolve time = 0.03 sec. (33.77 ticks)
Probing time = 0.01 sec. (10.23 ticks)
Tried aggregator 1 time.
Reduced MIP has 2587 rows, 3195 columns, and 113345 nonzeros.
Reduced MIP has 798 binaries, 797 generals, 0 SOSs, and 0 indicators.
Presolve time = 0.02 sec. (18.77 ticks)
Probing time = 0.01 sec. (10.21 ticks)
MIP emphasis: balance optimality and feasibility.
MIP search method: dynamic search.
Parallel mode: none, using 1 thread.
Root relaxation solution time = 0.20 sec. (260.43 ticks)

        Nodes                                         Cuts/
   Node  Left     Objective  IInf  Best Integer    Best Bound    ItCnt     Gap

*     0+    0                          675.6318      800.0000            18.41%
      0     0      705.9076    48      675.6318      705.9076     2236    4.48%
      0     0      688.1336   128      675.6318     Cuts: 556     2955    1.85%
      0     0      687.6500   132      675.6318     Cuts: 215     3272    1.78%
      0     0      687.5550   136      675.6318     Cuts: 131     3457    1.76%
      0     0      687.4645   138      675.6318     Cuts: 111     3646    1.75%
      0     0      687.4210   148      675.6318      Cuts: 77     3777    1.74%
      0     0      687.3793   138      675.6318      Cuts: 75     3902    1.74%
      0     0      687.3623   148      675.6318      Cuts: 65     4004    1.74%
      0     0      687.3516   150      675.6318      Cuts: 53     4091    1.73%
      0     0      687.3468   156      675.6318 UserPurge2: 60     4166    1.73%
      0     0      687.3436   160      675.6318 UserPurge2: 10     4206    1.73%
      0     0      687.3433   158      675.6318 UserPurge2: 10     4233    1.73%
      0     0      687.3431   154      675.6318 UserPurge2: 7     4254    1.73%
      0     0      687.3429   160      675.6318 UserPurge2: 6     4270    1.73%
      0     0      687.3427   160      675.6318 UserPurge2: 6     4280    1.73%
      0     0      687.3426   158      675.6318 UserPurge2: 2     4292    1.73%
      0     0      687.3425   160      675.6318 UserPurge2: 3     4310    1.73%
      0     0      687.3423   158      675.6318 UserPurge2: 3     4325    1.73%
      0     0      687.0288   136      675.6318 UserPurge2: 23     4634    1.69%
      0     0      686.9896   156      675.6318 UserPurge2: 82     4802    1.68%
      0     0      686.9849   152      675.6318 UserPurge2: 26     4847    1.68%
      0     0      686.9831   152      675.6318 UserPurge2: 13     4888    1.68%
      0     0      686.9818   154      675.6318 UserPurge2: 13     4925    1.68%
      0     0      686.9811   146      675.6318 UserPurge2: 5     4961    1.68%
      0     0      686.9806   154      675.6318 UserPurge2: 3     4983    1.68%
      0     0      686.9802   158      675.6318 UserPurge2: 9     5007    1.68%
      0     0      686.9801   156      675.6318 UserPurge2: 1     5014    1.68%
      0     0      686.9800   150      675.6318 UserPurge2: 3     5027    1.68%
      0     0      686.9799   152      675.6318 UserPurge2: 2     5034    1.68%
      0     2      686.0358   170      675.6318      686.0356     5034    1.54%
Elapsed time = 8.78 sec. (6777.87 ticks, tree = 0.01 MB, solutions = 1)
      3     5      685.9611   172      675.6318      686.0176     5748    1.54%
      5     7      684.8040   162      675.6318      685.9632     8170    1.53%
      6     8      685.1951   150      675.6318      685.9632     9931    1.53%
      7     9      684.9791   142      675.6318      685.9632    11057    1.53%
      8    10      684.8708   144      675.6318      685.9632    11694    1.53%
      9    11      683.8257   142      675.6318      685.9632    12786    1.53%
     10    12      684.3050   134      675.6318      685.9632    13792    1.53%
     12    14      683.4172   134      675.6318      685.9632    14600    1.53%
     14    16      682.8397   116      675.6318      685.9632    15330    1.53%
*    20+   20                          675.8671      685.9632             1.49%
*    20+   20                          676.5138      685.9632             1.40%
     20    22      679.9325   102      676.5138      685.9632    18288    1.40%
Elapsed time = 17.25 sec. (14332.66 ticks, tree = 0.15 MB, solutions = 3)
     26    28      677.2116    66      676.5138      685.9632    20720    1.40%
     38    29      684.4968   164      676.5138      685.9630    23004    1.40%
     41    32      685.1783   156      676.5138      685.9630    24926    1.40%
     44    35      684.1538   142      676.5138      685.9630    26657    1.40%
     46    37      682.7064   122      676.5138      685.9630    29844    1.40%
     50    41      680.1700   100      676.5138      685.9630    32318    1.40%
     58    49      679.0751    88      676.5138      685.9630    34720    1.40%
     65    56      677.4276    78      676.5138      685.9630    36968    1.40%
     74    57      685.3031   156      676.5138      685.6157    39212    1.35%
     77    60      684.0699   144      676.5138      685.6157    41071    1.35%
Elapsed time = 31.03 sec. (27474.07 ticks, tree = 0.60 MB, solutions = 3)
     80    63      683.1433   144      676.5138      685.6157    43114    1.35%
     84    67      682.0513   126      676.5138      685.6157    45537    1.35%
     87    70      681.2953   134      676.5138      685.6157    47411    1.35%
     90    73      680.1361   140      676.5138      685.6157    49477    1.35%
     95    78      678.0587   110      676.5138      685.6157    52250    1.35%
    103    82      684.5406   156      676.5138      685.6152    55327    1.35%
    106    85      683.8636   158      676.5138      685.6152    57224    1.35%
    110    89      682.4829   138      676.5138      685.6152    59878    1.35%
    114    93      681.0708   140      676.5138      685.6152    62128    1.35%
    117    96      679.9673   152      676.5138      685.6152    64369    1.35%
Elapsed time = 48.05 sec. (44523.59 ticks, tree = 0.96 MB, solutions = 3)
    120    99      678.7162   138      676.5138      685.6152    66434    1.35%
    125   104      677.5363   140      676.5138      685.6152    69152    1.35%
    129   106        cutoff            676.5138      685.6152    71489    1.35%
    132   107      684.5354   162      676.5138      685.4255    73510    1.32%
    136   111      683.5563   146      676.5138      685.4255    75824    1.32%
    140   115      682.3980   122      676.5138      685.4255    78065    1.32%
    144   119      681.1570   118      676.5138      685.4255    79794    1.32%
    149   124      679.1154   120      676.5138      685.4255    81911    1.32%
    155   130      677.5700   112      676.5138      685.4255    84174    1.32%
    159   130      684.8180   142      676.5138      685.3030    85889    1.30%
Elapsed time = 62.17 sec. (58478.79 ticks, tree = 1.38 MB, solutions = 3)
    162   133      683.3102   132      676.5138      685.3030    88234    1.30%
    165   136      681.9356   110      676.5138      685.3030    90073    1.30%
    170   141      679.6260   100      676.5138      685.3030    91801    1.30%
    174   145      677.6525    76      676.5138      685.3030    93852    1.30%
    183   146      684.3674   138      676.5138      685.1938    95808    1.28%
    187   150      683.2972   132      676.5138      685.1938    97562    1.28%
    191   154      682.4827   124      676.5138      685.1938    99215    1.28%
    195   158      681.1267   130      676.5138      685.1938   101067    1.28%
    199   162      679.3141   134      676.5138      685.1938   103027    1.28%
    200   163      679.0173   138      676.5138      685.1938   103592    1.28%
Elapsed time = 75.35 sec. (70496.74 ticks, tree = 1.83 MB, solutions = 3)
    204   167      677.5369   124      676.5138      685.1938   105406    1.28%
    209   170      676.7725   118      676.5138      685.1938   107558    1.28%
    213   170      684.3619   164      676.5138      685.1774   109526    1.28%
    217   174      683.4921   150      676.5138      685.1774   111610    1.28%
    220   177      682.8116   148      676.5138      685.1774   113039    1.28%
    223   180      681.7354   132      676.5138      685.1774   115121    1.28%
    227   184      680.6392   126      676.5138      685.1774   116835    1.28%
    230   187      679.6931   118      676.5138      685.1774   118070    1.28%
    234   191      676.6792    92      676.5138      685.1774   119714    1.28%
    238   191      684.1865   156      676.5138      685.1758   121961    1.28%
Elapsed time = 90.78 sec. (86433.18 ticks, tree = 2.44 MB, solutions = 3)
    240   193      683.1133   142      676.5138      685.1758   123577    1.28%
    244   197      681.9380   150      676.5138      685.1758   125794    1.28%
    247   200      681.2138   152      676.5138      685.1758   127317    1.28%
    250   203      680.8706   152      676.5138      685.1758   128489    1.28%
    254   207      680.0608   146      676.5138      685.1758   130448    1.28%
    257   210      679.1905   136      676.5138      685.1758   132935    1.28%
    260   213      677.9608   126      676.5138      685.1758   135091    1.28%
    263   216      677.0822   130      676.5138      685.1758   137101    1.28%
    267   216      683.6965   142      676.5138      685.1010   140447    1.27%
    270   219      682.8515   144      676.5138      685.1010   142133    1.27%
Elapsed time = 108.41 sec. (104539.58 ticks, tree = 2.74 MB, solutions = 3)
    273   222      681.7764   142      676.5138      685.1010   144880    1.27%
    277   226      680.3281   142      676.5138      685.1010   146472    1.27%
    280   229      679.4770   148      676.5138      685.1010   147994    1.27%
    284   233      678.4667   146      676.5138      685.1010   149899    1.27%
    290   239      676.8797   132      676.5138      685.1010   152303    1.27%
    294   239      684.4351   150      676.5138      685.0967   153926    1.27%
    296   241      683.0632   152      676.5138      685.0967   155626    1.27%
    298   243      682.4041   144      676.5138      685.0967   157515    1.27%
    300   245      681.0421   128      676.5138      685.0967   158879    1.27%
    305   250      679.3335    96      676.5138      685.0967   161217    1.27%
Elapsed time = 122.38 sec. (118211.19 ticks, tree = 3.43 MB, solutions = 3)
    312   253      683.4128   140      676.5138      684.8620   163760    1.23%
    315   256      682.2137   134      676.5138      684.8620   165284    1.23%
    318   259      681.3155   126      676.5138      684.8620   167137    1.23%
    320   261      680.3429   138      676.5138      684.8620   168579    1.23%
    324   265      679.5224   138      676.5138      684.8620   170700    1.23%
    327   268      677.7317   102      676.5138      684.8620   172317    1.23%
    336   273      682.6195   138      676.5138      684.8176   175371    1.23%
    340   277      681.8996   122      676.5138      684.8176   177386    1.23%
    343   280      680.6186   128      676.5138      684.8176   179150    1.23%
    349   286      678.9358   126      676.5138      684.8176   180823    1.23%
Elapsed time = 135.84 sec. (131659.23 ticks, tree = 4.19 MB, solutions = 3)
    353   290      677.1962   122      676.5138      684.8176   182221    1.23%
    360   295      676.5410   114      676.5138      684.8176   183598    1.23%
    365   296      682.6968   126      676.5138      684.8034   184860    1.23%
    370   301      680.8914   128      676.5138      684.8034   186122    1.23%
    378   309      678.6281   122      676.5138      684.8034   187987    1.23%
    387   318      677.2659   112      676.5138      684.8034   189600    1.23%
    396   319      684.0874   160      676.5138      684.8003   191109    1.22%
    400   323      682.9607   158      676.5138      684.8003   192595    1.22%
    406   329      681.8347   150      676.5138      684.8003   194357    1.22%
    425   344        cutoff            676.5138      684.8003   200616    1.22%
Elapsed time = 151.83 sec. (145794.75 ticks, tree = 6.36 MB, solutions = 3)
    438   353      683.0369   158      676.5138      684.6700   206748    1.21%
    442   357      681.5506   148      676.5138      684.6700   209973    1.21%
    462   367      684.2744   150      676.5138      684.5601   215883    1.19%
    480   385      679.0903   122      676.5138      684.5601   220839    1.19%
    502   403      683.1728   134      676.5138      684.5402   225797    1.19%
    517   418      678.7123   120      676.5138      684.5402   230953    1.19%
    538   433      676.6471    80      676.5138      684.5349   236563    1.19%
    556   447      679.9836   146      676.5138      684.5302   242405    1.18%
    573   460      682.7048   136      676.5138      684.4982   247475    1.18%
    586   473      677.9830    82      676.5138      684.4982   252718    1.18%
Elapsed time = 196.34 sec. (187128.60 ticks, tree = 9.93 MB, solutions = 3)
    628   493      679.5084   116      676.5138      684.4961   258152    1.18%
    650   511      681.7840   154      676.5138      684.4930   262825    1.18%
    667   524      683.0434   154      676.5138      684.4418   270026    1.17%
    680   537      678.4466   136      676.5138      684.4418   275154    1.17%
    697   550      679.9353   128      676.5138      684.4330   280535    1.17%
    712   561      682.7324   138      676.5138      684.4226   285720    1.17%
    727   576      679.3387   106      676.5138      684.4226   291157    1.17%
    760   590      682.5667   130      676.5138      684.4204   296835    1.17%
    775   605      678.6129   118      676.5138      684.4204   302329    1.17%
    797   621      681.3551   120      676.5138      684.3846   308038    1.16%
Elapsed time = 240.32 sec. (228189.40 ticks, tree = 17.94 MB, solutions = 3)
    806   630      679.1383   132      676.5138      684.3846   310218    1.16%
    824   642      681.9955   136      676.5138      684.3759   315062    1.16%
    844   662      677.0532   114      676.5138      684.3759   320415    1.16%
    861   675      680.0845   142      676.5138      684.3652   325026    1.16%
    880   690      681.5622   120      676.5138      684.3597   330320    1.16%
    899   699      682.9764   156      676.5138      684.2942   337030    1.15%
    917   717      677.3546   132      676.5138      684.2942   342733    1.15%
    934   730      679.2928   136      676.5138      684.2743   347956    1.15%
    954   746      679.5516   124      676.5138      684.2600   353655    1.15%

Performing restart 1

Repeating presolve.
Tried aggregator 1 time.
MIP Presolve eliminated 508 rows and 254 columns.
MIP Presolve modified 330 coefficients.
Reduced MIP has 2079 rows, 2941 columns, and 112329 nonzeros.
Reduced MIP has 798 binaries, 543 generals, 0 SOSs, and 0 indicators.
Presolve time = 0.04 sec. (25.57 ticks)
Tried aggregator 1 time.
Reduced MIP has 2079 rows, 2941 columns, and 112329 nonzeros.
Reduced MIP has 798 binaries, 543 generals, 0 SOSs, and 0 indicators.
Presolve time = 0.03 sec. (22.40 ticks)
Represolve time = 0.26 sec. (246.24 ticks)
    962     0      683.6648   100      676.5138      Cuts: 31   365972    1.06%
    962     0      683.6371    96      676.5138   MIRcuts: 10   366059    1.05%
    962     0      683.6340   104      676.5138      Cuts: 10   366088    1.05%
    962     0      683.6313   104      676.5138    MIRcuts: 6   366107    1.05%
    962     0      683.6264   100      676.5138    MIRcuts: 6   366148    1.05%
    962     0      683.6231   108      676.5138    MIRcuts: 8   366177    1.05%
    962     0      683.6169   106      676.5138    MIRcuts: 5   366219    1.05%
    962     0      683.6117   110      676.5138    MIRcuts: 5   366252    1.05%
    962     0      683.6101   106      676.5138    MIRcuts: 6   366274    1.05%
    962     0      683.6083   112      676.5138    MIRcuts: 7   366299    1.05%
    962     0      683.5888    88      676.5138       Cuts: 9   366385    1.05%
    962     0      683.5861    90      676.5138      Cuts: 11   366413    1.05%
    962     0      683.5851    92      676.5138    MIRcuts: 3   366424    1.05%
    962     0      683.5849    94      676.5138    MIRcuts: 3   366431    1.05%
    962     0      683.5848    98      676.5138    MIRcuts: 1   366448    1.05%
*   962+    0                          676.5254      683.5848             1.04%
    962     2      683.5376   112      676.5254      683.5375   366448    1.04%
Elapsed time = 297.14 sec. (281861.70 ticks, tree = 0.01 MB, solutions = 4)
    963     3      683.4169   114      676.5254      683.5369   366889    1.04%
    964     4      683.2271   104      676.5254      683.5369   367350    1.04%
    965     5      682.8545   106      676.5254      683.5369   368126    1.04%
    967     7      682.0414   110      676.5254      683.5369   368680    1.04%
    969     9      682.1957   100      676.5254      683.5369   371267    1.04%
    973    13      682.5986   110      676.5254      683.5369   373405    1.04%
    975    15      681.9570   112      676.5254      683.5369   375637    1.04%
    979    19      681.0839   110      676.5254      683.5369   377919    1.04%
    989    25      678.3969   102      676.5254      683.5369   380618    1.04%
   1007    31        cutoff            676.5254      683.5369   382632    1.04%
Elapsed time = 338.98 sec. (335365.92 ticks, tree = 0.17 MB, solutions = 4)
   1022    38      681.4085   114      676.5254      683.2267   386948    0.99%
   1032    48      676.7466    86      676.5254      683.2267   392275    0.99%
   1041    52      677.6086    80      676.5254      683.2267   394743    0.99%
   1070    61      683.0450   116      676.5254      683.0445   397097    0.96%
*  1072+   51                          677.0962      683.0444             0.88%
   1076    57      682.1496   112      677.0962      683.0444   399563    0.88%
   1086    67      681.4950   122      677.0962      683.0444   401921    0.88%
   1092    73      680.9589   102      677.0962      683.0444   403874    0.88%
   1097    77      677.2776   102      677.0962      683.0444   406277    0.88%
   1112    88      681.3167   114      677.0962      682.9229   408244    0.86%
   1128   100      677.4369    96      677.0962      682.9229   410368    0.86%
Elapsed time = 374.48 sec. (379104.82 ticks, tree = 0.64 MB, solutions = 5)
   1142   110      679.9252   104      677.0962      682.8615   415982    0.85%
   1157   125      678.3378    88      677.0962      682.8615   420073    0.85%
   1172   133      677.3515    80      677.0962      682.8615   422490    0.85%
   1183   139      679.9176    98      677.0962      682.8215   427444    0.85%
   1196   152      678.0442   100      677.0962      682.8215   432445    0.85%
   1212   159      681.5144   112      677.0962      682.6537   437596    0.82%
   1222   169      680.6627   118      677.0962      682.6537   440018    0.82%
   1236   178      680.8754    96      677.0962      682.6315   445173    0.82%
   1254   192      681.8789   108      677.0962      682.6230   449884    0.82%
   1275   207      681.8717   114      677.0962      682.4384   455268    0.79%
Elapsed time = 410.84 sec. (422099.49 ticks, tree = 1.46 MB, solutions = 5)
   1291   222      677.6606    94      677.0962      682.4384   460932    0.79%
   1306   230      679.3300    98      677.0962      682.4305   465906    0.79%
   1322   242      680.9828   114      677.0962      682.3798   469807    0.78%
   1359   268      680.7695   106      677.0962      682.3424   474114    0.77%
   1381   283      681.0727   118      677.0962      682.3245   479421    0.77%
   1396   294      680.5818   124      677.0962      682.2656   483350    0.76%
   1414   312      678.2132   118      677.0962      682.2656   486114    0.76%
   1443   326      681.4103   108      677.0962      682.2393   488972    0.76%
   1457   336      681.2406   108      677.0962      682.1951   493453    0.75%
   1482   357      678.4239   112      677.0962      682.1951   497824    0.75%
Elapsed time = 449.01 sec. (462890.54 ticks, tree = 4.95 MB, solutions = 5)
   1504   370      680.5945   122      677.0962      682.1947   502327    0.75%
   1522   385      678.4897   110      677.0962      682.1947   505328    0.75%
   1540   393      678.2008   102      677.0962      682.1947   507361    0.75%
   1552   400      677.6721    90      677.0962      682.1947   508482    0.75%
   1578   410      678.3636    88      677.0962      682.1496   513325    0.75%
   1632   447      677.4460   108      677.0962      682.1282   517000    0.74%
   1642   453      679.9285   102      677.0962      682.1007   520995    0.74%
   1662   470      677.7987    74      677.0962      682.1007   525309    0.74%
   1703   486      677.3255   110      677.0962      682.0586   529862    0.73%
   1724   499      680.6484   120      677.0962      682.0406   534459    0.73%
Elapsed time = 490.29 sec. (505907.04 ticks, tree = 7.35 MB, solutions = 5)
   1769   532      680.7524   114      677.0962      682.0296   539232    0.73%
   1791   548      679.5415    98      677.0962      682.0276   544313    0.73%
   1802   559      677.8476   100      677.0962      682.0276   548521    0.73%
   1822   573      679.5426   106      677.0962      682.0074   552658    0.73%
   1857   587      681.3668   110      677.0962      682.0058   557620    0.73%
   1885   608      680.4401   100      677.0962      681.9540   562954    0.72%
   1909   628      678.6107   102      677.0962      681.9538   567904    0.72%
   1938   647        cutoff            677.0962      681.9538   569952    0.72%
   1957   664      677.5849    86      677.0962      681.9157   574525    0.71%
   2019   675      681.2133   108      677.0962      681.8903   578002    0.71%
Elapsed time = 531.30 sec. (547211.82 ticks, tree = 10.32 MB, solutions = 5)
   2052   700      678.6041    88      677.0962      681.8903   581903    0.71%
   2084   715      677.8396    76      677.0962      681.8903   584988    0.71%
   2112   732      680.6996   100      677.0962      681.8735   587548    0.71%
   2137   749      677.2128    80      677.0962      681.8715   592819    0.71%
   2159   763      679.4776    88      677.0962      681.8678   597715    0.70%
   2216   785      678.2434    70      677.0962      681.8678   600724    0.70%
   2278   808      679.7038   114      677.0962      681.8272   604500    0.70%
   2322   847      678.4167    68      677.0962      681.8269   608812    0.70%
   2362   874      680.4423   118      677.0962      681.7998   612976    0.69%
   2385   891      679.1692    96      677.0962      681.7973   617440    0.69%
Elapsed time = 571.03 sec. (588294.18 ticks, tree = 15.68 MB, solutions = 5)
   2409   909      677.2239    88      677.0962      681.7973   622216    0.69%
   2474   927      679.6006   108      677.0962      681.7874   626923    0.69%
   2496   944      680.2328   120      677.0962      681.7570   630769    0.69%
   2522   962      679.0415   114      677.0962      681.7322   635508    0.68%
   2561   986      680.4003   110      677.0962      681.7194   641197    0.68%
   2575  1000      679.0536   112      677.0962      681.7194   643703    0.68%
   2604  1014      677.3157    86      677.0962      681.7194   648713    0.68%
   2625  1028      679.1606    90      677.0962      681.7089   653687    0.68%
   2670  1055      678.6883   102      677.0962      681.7036   659444    0.68%
   2693  1068      678.5854   118      677.0962      681.6785   663969    0.68%
Elapsed time = 611.30 sec. (628470.35 ticks, tree = 19.41 MB, solutions = 5)
   2748  1096      678.2817    96      677.0962      681.6776   669218    0.68%
   2765  1108      677.6286    88      677.0962      681.6776   673216    0.68%
   2796  1124      678.2368   118      677.0962      681.6593   677475    0.67%
   2822  1142      680.0007   100      677.0962      681.6586   682157    0.67%
   2852  1162      677.9678    94      677.0962      681.6586   686971    0.67%
   2889  1180      678.9317   114      677.0962      681.6583   691782    0.67%
   2912  1193      679.6599   118      677.0962      681.6534   696269    0.67%
   2952  1215      677.8204    82      677.0962      681.6534   700690    0.67%
   2980  1231      678.7295   106      677.0962      681.6290   704375    0.67%
   3000  1240      681.3974   110      677.0962      681.6288   708982    0.67%
Elapsed time = 650.13 sec. (667942.33 ticks, tree = 21.18 MB, solutions = 5)
   3039  1279      679.5055    74      677.0962      681.6288   712410    0.67%
   3072  1308      678.4216    72      677.0962      681.6288   713882    0.67%
   3104  1333      678.0264    60      677.0962      681.6288   714611    0.67%
   3140  1358      679.7602   108      677.0962      681.6239   716935    0.67%
   3206  1394      680.2656    90      677.0962      681.5928   721600    0.66%
   3232  1414      679.4015   112      677.0962      681.5846   726197    0.66%
   3276  1438      679.2808   100      677.0962      681.5720   731443    0.66%
   3320  1458        cutoff            677.0962      681.5720   736493    0.66%
   3362  1475      677.9311    84      677.0962      681.5670   740218    0.66%
   3417  1502      679.5572   110      677.0962      681.5522   744881    0.66%
Elapsed time = 687.27 sec. (707230.95 ticks, tree = 30.15 MB, solutions = 5)
   3452  1526      679.0534   104      677.0962      681.5479   749498    0.66%
   3506  1552      678.0896    98      677.0962      681.5284   754681    0.65%
   3528  1568        cutoff            677.0962      681.5098   758999    0.65%
   3555  1585        cutoff            677.0962      681.5040   764010    0.65%
   3587  1605      677.4360   112      677.0962      681.4991   768521    0.65%
   3614  1618      681.0058   120      677.0962      681.4898   773499    0.65%
   3643  1635      678.9239   116      677.0962      681.4542   778751    0.64%
   3667  1649      679.7290   106      677.0962      681.4414   783358    0.64%
   3692  1665      679.6633   106      677.0962      681.4102   787982    0.64%
   3717  1682      679.8680   112      677.0962      681.4091   793023    0.64%
Elapsed time = 726.58 sec. (746813.93 ticks, tree = 33.99 MB, solutions = 5)
   3763  1704      679.6375   110      677.0962      681.4083   798327    0.64%
   3795  1721      680.7970   120      677.0962      681.4081   803508    0.64%
   3822  1740      680.6663   112      677.0962      681.4067   808398    0.64%
   3862  1770      677.6973    86      677.0962      681.4067   813123    0.64%
   3898  1791        cutoff            677.0962      681.4064   818368    0.64%
   3928  1809      677.4307    90      677.0962      681.4059   823873    0.64%
   3956  1831      678.8873    92      677.0962      681.3959   828547    0.64%
   3995  1854      679.6599   110      677.0962      681.3888   833539    0.63%
   4054  1887      680.3232   100      677.0962      681.3819   838610    0.63%
   4082  1904      679.7856   102      677.0962      681.3767   843270    0.63%
Elapsed time = 767.41 sec. (787238.21 ticks, tree = 36.46 MB, solutions = 5)
   4105  1923      678.3780   112      677.0962      681.3767   848513    0.63%
   4162  1937      677.6467    82      677.0962      681.3767   853513    0.63%
   4202  1953      678.4393    92      677.0962      681.3666   858438    0.63%
   4270  1986      679.9950    96      677.0962      681.3633   862678    0.63%
   4336  2027      680.2363   104      677.0962      681.3579   867588    0.63%
   4379  2062      678.2502    98      677.0962      681.3575   872223    0.63%
   4409  2076      679.9431   104      677.0962      681.3574   877722    0.63%
   4430  2092      680.6007   118      677.0962      681.3460   883199    0.63%
   4452  2108      677.8977   112      677.0962      681.3438   887376    0.63%
   4482  2127      678.5395   108      677.0962      681.3417   892144    0.63%
Elapsed time = 807.79 sec. (827523.62 ticks, tree = 43.15 MB, solutions = 5)
   4545  2158      679.9477   108      677.0962      681.3391   897747    0.63%
   4599  2209      677.1327    60      677.0962      681.3391   901715    0.63%
   4643  2223      679.0803    94      677.0962      681.3167   905776    0.62%
   4677  2249        cutoff            677.0962      681.3158   910596    0.62%
   4702  2261      680.4597   102      677.0962      681.2937   914939    0.62%
   4724  2277      678.4398    90      677.0962      681.2916   920232    0.62%
   4754  2296      679.3854   112      677.0962      681.2794   925136    0.62%
   4807  2327      680.4321   118      677.0962      681.2741   930074    0.62%
   4834  2346        cutoff            677.0962      681.2734   934886    0.62%
   4864  2364      677.6901   104      677.0962      681.2630   939834    0.62%
Elapsed time = 848.74 sec. (868216.26 ticks, tree = 48.78 MB, solutions = 5)
   4892  2378      679.8582   108      677.0962      681.2599   943996    0.61%
   4920  2395      679.3717   124      677.0962      681.2534   948972    0.61%
   4962  2419      677.8863    96      677.0962      681.2534   953854    0.61%
   5003  2443      677.4887   108      677.0962      681.2506   958429    0.61%
   5038  2468      678.2403   108      677.0962      681.2506   963819    0.61%
   5086  2493      680.5889   102      677.0962      681.2471   968180    0.61%
   5102  2503      677.9498   108      677.0962      681.2471   972614    0.61%
   5180  2546        cutoff            677.0962      681.2416   977616    0.61%
   5206  2560      680.1176   110      677.0962      681.2369   983093    0.61%
   5275  2618      680.5138   100      677.0962      681.2201   987807    0.61%
Elapsed time = 889.36 sec. (908519.79 ticks, tree = 52.84 MB, solutions = 5)
   5298  2633      677.8388    98      677.0962      681.2119   992804    0.61%
   5357  2655      679.0761   102      677.0962      681.2088   997845    0.61%
   5384  2672      677.4814   102      677.0962      681.2066  1001591    0.61%
   5423  2695      677.6112    84      677.0962      681.2018  1006578    0.61%
   5443  2707      680.2414    90      677.0962      681.2002  1010647    0.61%
   5483  2727      677.5424    78      677.0962      681.2002  1015893    0.61%
   5513  2745      677.2664    80      677.0962      681.1936  1020809    0.61%
   5549  2771      677.2161    68      677.0962      681.1915  1025320    0.60%
   5585  2792        cutoff            677.0962      681.1908  1029861    0.60%
   5611  2804      681.0286   116      677.0962      681.1878  1034507    0.60%
Elapsed time = 928.40 sec. (947415.76 ticks, tree = 55.78 MB, solutions = 5)
   5646  2831      678.7108    96      677.0962      681.1843  1039146    0.60%
   5672  2847      679.3515    96      677.0962      681.1826  1043701    0.60%
   5722  2881      679.2577   110      677.0962      681.1823  1049134    0.60%
   5751  2904      679.2785    98      677.0962      681.1821  1054067    0.60%
   5801  2931      678.3684    92      677.0962      681.1769  1058646    0.60%
   5872  2994      677.2312    50      677.0962      681.1761  1063441    0.60%
   5928  3028      679.6957    98      677.0962      681.1628  1068326    0.60%
   5950  3036      678.5797   110      677.0962      681.1571  1073099    0.60%
   5972  3052      678.9518   102      677.0962      681.1493  1077308    0.60%
   6029  3087      677.5529    98      677.0962      681.1472  1082235    0.60%
Elapsed time = 968.76 sec. (986221.16 ticks, tree = 65.80 MB, solutions = 5)
   6068  3107      679.3017    94      677.0962      681.1387  1086624    0.60%
   6092  3120      678.7868    90      677.0962      681.1349  1091355    0.60%
   6162  3152      677.1038   110      677.0962      681.1309  1096212    0.60%
   6180  3162      678.7740   120      677.0962      681.1283  1101611    0.60%
   6195  3171      678.2568   100      677.0962      681.1233  1105853    0.59%
   6229  3191        cutoff            677.0962      681.1233  1110946    0.59%
   6272  3211      679.5147   106      677.0962      681.1187  1115290    0.59%
   6310  3237      677.2041    80      677.0962      681.1187  1120642    0.59%
   6356  3269      678.5326   108      677.0962      681.1177  1125492    0.59%
   6412  3305      677.3299    72      677.0962      681.1177  1130307    0.59%
Elapsed time = 1009.07 sec. (1025643.65 ticks, tree = 68.40 MB, solutions = 5)
   6432  3318      677.4041    92      677.0962      681.1149  1135487    0.59%
   6462  3332      677.7354    86      677.0962      681.1098  1139715    0.59%
   6531  3360      677.6493    90      677.0962      681.1047  1144378    0.59%
   6579  3394      680.0649   114      677.0962      681.0934  1149303    0.59%
   6611  3414      677.3789    72      677.0962      681.0888  1154711    0.59%
   6643  3426      677.8371   114      677.0962      681.0792  1160321    0.59%
   6679  3452      678.6298   120      677.0962      681.0743  1165411    0.59%
   6713  3466      677.5294   112      677.0962      681.0743  1170077    0.59%
   6752  3487      678.1012   114      677.0962      681.0740  1174524    0.59%
   6786  3507      677.7066    94      677.0962      681.0724  1179465    0.59%
Elapsed time = 1049.38 sec. (1065692.27 ticks, tree = 73.08 MB, solutions = 5)
   6812  3527        cutoff            677.0962      681.0724  1184609    0.59%
   6864  3544      677.6932    94      677.0962      681.0723  1189585    0.59%
   6901  3563      679.6472    98      677.0962      681.0680  1194311    0.59%
   6920  3574      680.5575   112      677.0962      681.0556  1198553    0.58%
   6949  3597      679.0501    98      677.0962      681.0540  1203577    0.58%
   6986  3620      678.6612   114      677.0962      681.0523  1207663    0.58%
   7008  3634      679.7805   110      677.0962      681.0502  1212167    0.58%
   7045  3655      679.2644   106      677.0962      681.0441  1217957    0.58%
   7089  3677      680.2004   106      677.0962      681.0440  1223012    0.58%
   7175  3724      679.0651    90      677.0962      681.0401  1227590    0.58%
Elapsed time = 1088.79 sec. (1105533.17 ticks, tree = 79.42 MB, solutions = 5)
   7221  3756      678.5240   108      677.0962      681.0385  1232638    0.58%
   7290  3798      678.7102   104      677.0962      681.0385  1237011    0.58%
   7343  3825      680.6708    96      677.0962      681.0380  1242152    0.58%
   7376  3842      679.5460   106      677.0962      681.0364  1246119    0.58%
   7411  3865        cutoff            677.0962      681.0364  1250902    0.58%
   7435  3883      677.6789   106      677.0962      681.0348  1255598    0.58%
   7474  3904      678.1700   104      677.0962      681.0339  1260138    0.58%
   7527  3935      679.3591    92      677.0962      681.0296  1264424    0.58%
   7603  3977      677.6507    54      677.0962      681.0296  1269013    0.58%
   7635  3991        cutoff            677.0962      681.0282  1273669    0.58%
Elapsed time = 1127.42 sec. (1144139.52 ticks, tree = 83.16 MB, solutions = 5)
   7703  4023      678.5357    80      677.0962      681.0281  1278310    0.58%
   7741  4047      677.8805   106      677.0962      681.0169  1283159    0.58%
   7794  4080      680.2867   100      677.0962      681.0116  1288207    0.58%
   7848  4100      678.6554    98      677.0962      681.0090  1293061    0.58%
   7888  4123        cutoff            677.0962      681.0069  1298100    0.58%
   7928  4148      679.7943   110      677.0962      681.0049  1303042    0.58%
   7965  4170      680.2158   102      677.0962      681.0009  1307946    0.58%
   8052  4256      677.5348    44      677.0962      681.0009  1312489    0.58%
   8106  4281      678.7180   116      677.0962      680.9964  1317410    0.58%
   8140  4307      679.9342    82      677.0962      680.9961  1321518    0.58%
Elapsed time = 1168.44 sec. (1184131.70 ticks, tree = 91.66 MB, solutions = 5)
   8221  4356      679.4137   108      677.0962      680.9953  1325258    0.58%
   8253  4374      680.4037   106      677.0962      680.9881  1330405    0.57%
   8284  4400      679.6434   100      677.0962      680.9855  1334984    0.57%
   8335  4439      678.6193    82      677.0962      680.9813  1339966    0.57%
   8401  4473      678.3651    96      677.0962      680.9751  1344797    0.57%
   8444  4504      677.1850    88      677.0962      680.9703  1350075    0.57%
   8468  4516      679.5477   102      677.0962      680.9645  1355122    0.57%
   8530  4547      677.3884    84      677.0962      680.9645  1360452    0.57%
   8574  4571      680.4698   100      677.0962      680.9582  1364901    0.57%
   8602  4589      678.4365    88      677.0962      680.9554  1369996    0.57%
Elapsed time = 1209.00 sec. (1223839.28 ticks, tree = 99.83 MB, solutions = 5)
   8656  4618      677.2116    80      677.0962      680.9536  1374736    0.57%
   8722  4646      677.3137    78      677.0962      680.9531  1379083    0.57%
   8795  4697      679.9629   112      677.0962      680.9485  1383827    0.57%
   8815  4713        cutoff            677.0962      680.9485  1388440    0.57%
   8863  4739      677.6991    98      677.0962      680.9457  1393271    0.57%
   8904  4766      677.0977    90      677.0962      680.9381  1398238    0.57%
   8940  4789      678.6261   100      677.0962      680.9379  1403081    0.57%
   9004  4819      680.0926   102      677.0962      680.9305  1407938    0.57%
   9022  4833      677.3074    80      677.0962      680.9305  1412642    0.57%
   9062  4856      678.0284    98      677.0962      680.9100  1417386    0.56%
Elapsed time = 1249.03 sec. (1263035.41 ticks, tree = 106.73 MB, solutions = 5)
   9113  4884        cutoff            677.0962      680.9057  1421707    0.56%
   9134  4899      678.4891   100      677.0962      680.9054  1426635    0.56%
   9212  4930      678.5057   102      677.0962      680.9043  1431524    0.56%
   9254  4951      680.2138   106      677.0962      680.8971  1435789    0.56%
   9310  4979      679.1256   126      677.0962      680.8892  1441020    0.56%
   9338  4995      680.3967   100      677.0962      680.8853  1445462    0.56%
   9352  5009      679.9675    92      677.0962      680.8853  1450279    0.56%
   9399  5024        cutoff            677.0962      680.8824  1455442    0.56%
   9435  5057      677.2811    62      677.0962      680.8760  1459539    0.56%
   9459  5070      677.6153   102      677.0962      680.8733  1464478    0.56%
Elapsed time = 1288.30 sec. (1302141.54 ticks, tree = 110.18 MB, solutions = 5)
   9483  5082        cutoff            677.0962      680.8706  1469006    0.56%
   9517  5095      677.4975   100      677.0962      680.8683  1473871    0.56%
   9553  5115        cutoff            677.0962      680.8650  1478702    0.56%
   9578  5128      677.2133   110      677.0962      680.8617  1483697    0.56%
   9594  5138      678.0897    82      677.0962      680.8568  1488845    0.56%
   9627  5156      677.4154    96      677.0962      680.8566  1493940    0.56%
   9648  5169      678.3745   104      677.0962      680.8462  1498570    0.55%
   9680  5187      678.4739   100      677.0962      680.8435  1503258    0.55%
   9710  5204      679.4117    82      677.0962      680.8392  1508067    0.55%
   9754  5238      677.9842   100      677.0962      680.8379  1512641    0.55%
Elapsed time = 1327.20 sec. (1341688.56 ticks, tree = 112.78 MB, solutions = 5)
   9793  5263      678.0394    96      677.0962      680.8377  1517184    0.55%
   9871  5298      679.4025   110      677.0962      680.8372  1522078    0.55%
   9889  5312      680.0547   112      677.0962      680.8355  1527159    0.55%
   9922  5333      679.4020   104      677.0962      680.8331  1532198    0.55%
   9965  5364      677.2095    90      677.0962      680.8325  1536903    0.55%
  10000  5385      680.0592   110      677.0962      680.8293  1541587    0.55%
  10033  5403      678.9300   106      677.0962      680.8256  1546142    0.55%
  10057  5419      677.6486    90      677.0962      680.8233  1551540    0.55%
  10088  5442      678.2023    92      677.0962      680.8228  1555283    0.55%
  10123  5459      678.1079   104      677.0962      680.8216  1560111    0.55%
Elapsed time = 1366.55 sec. (1381377.30 ticks, tree = 115.43 MB, solutions = 5)
  10153  5479        cutoff            677.0962      680.8211  1564049    0.55%
  10221  5507      679.1159   102      677.0962      680.8195  1569754    0.55%
  10246  5522      677.3519    92      677.0962      680.8195  1573842    0.55%
  10282  5541      679.2277    92      677.0962      680.8129  1578638    0.55%
  10314  5555      678.2928    98      677.0962      680.8109  1583784    0.55%
  10342  5573      678.0295    96      677.0962      680.8047  1588284    0.55%
  10373  5579      679.4608   110      677.0962      680.7973  1593353    0.55%
  10411  5599      680.0825   116      677.0962      680.7925  1598143    0.55%
  10451  5623      677.9755   104      677.0962      680.7922  1602424    0.55%
  10469  5637      677.3841    96      677.0962      680.7917  1607295    0.55%
Elapsed time = 1405.81 sec. (1421186.88 ticks, tree = 118.47 MB, solutions = 5)
  10504  5663      677.8411    88      677.0962      680.7897  1611655    0.55%
  10548  5685      677.6073   100      677.0962      680.7836  1616730    0.54%
  10579  5698      677.6235    90      677.0962      680.7836  1619783    0.54%
  10582  5699      677.6223    88      677.0962      680.7836  1619795    0.54%
* 10583+ 4654                          677.5360      680.7836             0.48%
  10583  4656      680.1161    98      677.5360      680.7821  1620188    0.48%
  10584  4657      678.9204   100      677.5360      680.7817  1620761    0.48%
  10619  4676      678.1550    98      677.5360      680.7783  1625416    0.48%
  10681  4703        cutoff            677.5360      680.7747  1630082    0.48%

Performing restart 2

Repeating presolve.
Tried aggregator 1 time.
MIP Presolve eliminated 69 rows and 221 columns.
MIP Presolve modified 42 coefficients.
Reduced MIP has 2010 rows, 2720 columns, and 102399 nonzeros.
Reduced MIP has 612 binaries, 510 generals, 0 SOSs, and 0 indicators.
Presolve time = 0.05 sec. (31.04 ticks)
Tried aggregator 1 time.
Reduced MIP has 2010 rows, 2720 columns, and 102399 nonzeros.
Reduced MIP has 612 binaries, 510 generals, 0 SOSs, and 0 indicators.
Presolve time = 0.03 sec. (20.15 ticks)
Represolve time = 0.30 sec. (265.32 ticks)
  10693     0      683.4226   108      677.5360       Cuts: 8  1635295    0.48%
  10693     0      683.4078    92      677.5360    MIRcuts: 5  1635390    0.48%
  10693     0      683.4064    98      677.5360    MIRcuts: 8  1635417    0.48%
  10693     0      683.4050    96      677.5360    MIRcuts: 5  1635443    0.48%
  10693     0      683.4042   100      677.5360    MIRcuts: 3  1635459    0.48%
  10693     0      683.4033   100      677.5360    MIRcuts: 2  1635468    0.48%
  10693     0      683.4030   100      677.5360    MIRcuts: 2  1635475    0.48%

Repeating presolve.
Tried aggregator 1 time.
MIP Presolve eliminated 144 rows and 102 columns.
MIP Presolve modified 43 coefficients.
Reduced MIP has 1866 rows, 2618 columns, and 100121 nonzeros.
Reduced MIP has 582 binaries, 438 generals, 0 SOSs, and 0 indicators.
Presolve time = 0.05 sec. (35.86 ticks)
Tried aggregator 1 time.
Reduced MIP has 1866 rows, 2618 columns, and 100121 nonzeros.
Reduced MIP has 582 binaries, 438 generals, 0 SOSs, and 0 indicators.
Presolve time = 0.03 sec. (19.99 ticks)
Represolve time = 0.29 sec. (271.34 ticks)
  10693     0      683.3858   100      677.5360       Cuts: 5  1639754    0.48%
  10693     0      683.3854   104      677.5360    MIRcuts: 2  1639764    0.48%
  10693     0      683.3849    94      677.5360    MIRcuts: 2  1639778    0.48%
  10693     0      683.3848   102      677.5360    MIRcuts: 3  1639786    0.48%
  10693     0      683.3847   102      677.5360    MIRcuts: 2  1639795    0.48%
  10693     0      683.3823   106      677.5360       Cuts: 2  1639811    0.48%
  10693     0      683.3823   104      677.5360       Cuts: 2  1639819    0.48%
  10693     2      683.3814   106      677.5360      680.7747  1639819    0.48%
  10695     4      682.5974   102      677.5360      680.7747  1640932    0.48%
Elapsed time = 1510.15 sec. (1539946.46 ticks, tree = 0.01 MB, solutions = 6)
  10699     8      680.6531    94      677.5360      680.7747  1643534    0.48%
  10705    13      679.0749    78      677.5360      680.7747  1647246    0.48%
  10733    23        cutoff            677.5360      680.7747  1648700    0.48%
  10760    37      680.7567   100      677.5360      680.7747  1652606    0.48%
  10773    50      680.4200    96      677.5360      680.7747  1657057    0.48%
  10806    70      678.0543    58      677.5360      680.7747  1661874    0.48%
  10840    90      680.2694    98      677.5360      680.7747  1666930    0.48%
  10874   117      680.2561    98      677.5360      680.7747  1671589    0.48%
  10909   145      678.6270    90      677.5360      680.7747  1675202    0.48%
  10935   163      682.3700   102      677.5360      680.7747  1678471    0.48%
Elapsed time = 1539.78 sec. (1581952.80 ticks, tree = 1.02 MB, solutions = 6)
  10968   192      678.0307    86      677.5360      680.7747  1684294    0.48%
  11007   216      680.5240    74      677.5360      680.7747  1691100    0.48%
  11041   232      678.2754    94      677.5360      680.7747  1697087    0.48%
  11078   263      680.0387    96      677.5360      680.7747  1703872    0.48%
  11144   303      677.7194    98      677.5360      680.7747  1709362    0.48%
  11173   325      679.7267    90      677.5360      680.7747  1715707    0.48%
  11229   362      681.3249    92      677.5360      680.7747  1720612    0.48%
  11255   384      678.0749    64      677.5360      680.7747  1728449    0.48%
  11296   410      678.8942    78      677.5360      680.7747  1736167    0.48%
  11356   448      681.0332    92      677.5360      680.7747  1743359    0.48%
Elapsed time = 1566.60 sec. (1621229.73 ticks, tree = 2.00 MB, solutions = 6)
  11401   484      678.0721    82      677.5360      680.7747  1750194    0.48%
  11443   514      681.0752    88      677.5360      680.7747  1755972    0.48%
  11469   537      678.3311    78      677.5360      680.7747  1761058    0.48%
  11567   582      680.2665    98      677.5360      680.7747  1765655    0.48%
  11607   610      681.7057    98      677.5360      680.7747  1771176    0.48%
  11681   667      681.1967    90      677.5360      680.7747  1775925    0.48%
  11732   702      679.0377    88      677.5360      680.7747  1781200    0.48%
  11767   724      677.9551    76      677.5360      680.7747  1786036    0.48%
  11810   755      677.7199    62      677.5360      680.7747  1791684    0.48%
  11848   787      678.8138    84      677.5360      680.7747  1797618    0.48%
Elapsed time = 1606.08 sec. (1659998.38 ticks, tree = 8.80 MB, solutions = 6)
  11889   818      678.7024    90      677.5360      680.7747  1803676    0.48%
  11943   854      681.0412   106      677.5360      680.7747  1809592    0.48%
  11995   879      678.8910   106      677.5360      680.7747  1815329    0.48%
  12053   920      680.8775    86      677.5360      680.7747  1822173    0.48%
  12096   953      681.0806    88      677.5360      680.7747  1828440    0.48%
  12164   986      677.5943    76      677.5360      680.7747  1833793    0.48%
  12212  1025      677.8274    58      677.5360      680.7747  1839466    0.48%
  12277  1064      678.1412    56      677.5360      680.7747  1844081    0.48%
  12344  1101      678.6560    76      677.5360      680.7747  1850067    0.48%
  12419  1135        cutoff            677.5360      680.7747  1854911    0.48%
Elapsed time = 1639.80 sec. (1699596.45 ticks, tree = 14.21 MB, solutions = 6)
  12466  1172      679.7478    92      677.5360      680.7747  1860717    0.48%
  12512  1194      681.3204   102      677.5360      680.7747  1866566    0.48%
  12550  1228      678.2259    82      677.5360      680.7747  1871379    0.48%
  12615  1265      681.1810    90      677.5360      680.7747  1876716    0.48%
  12680  1306      680.5829    92      677.5360      680.7747  1882668    0.48%
  12729  1337      678.6964    92      677.5360      680.7747  1887478    0.48%
  12789  1381      679.7311   110      677.5360      680.7747  1892895    0.48%
  12837  1418      677.6073    66      677.5360      680.7747  1898980    0.48%
  12882  1447      680.6851    92      677.5360      680.7747  1904870    0.48%
  12976  1482        cutoff            677.5360      680.7747  1909991    0.48%
Elapsed time = 1672.91 sec. (1738202.74 ticks, tree = 18.76 MB, solutions = 6)
  13038  1530      677.7140    56      677.5360      680.7747  1915525    0.48%
  13088  1560      681.2541   102      677.5360      680.7747  1922084    0.48%
  13104  1576      679.7905    82      677.5360      680.7747  1925183    0.48%
  13171  1602      681.2605   100      677.5360      680.7747  1930420    0.48%
  13215  1635      677.6887    76      677.5360      680.7747  1936534    0.48%
  13252  1659      679.1814    62      677.5360      680.7747  1942300    0.48%
  13373  1707      677.5588    88      677.5360      680.7747  1947315    0.48%
  13422  1724      678.3937    76      677.5360      680.7747  1952988    0.48%
  13508  1764      681.0714    84      677.5360      680.7747  1958402    0.48%
  13575  1812      677.6536    56      677.5360      680.7747  1963839    0.48%
Elapsed time = 1706.43 sec. (1777264.40 ticks, tree = 26.08 MB, solutions = 6)
  13661  1862      677.9750    74      677.5360      680.7747  1969634    0.48%
  13701  1885      681.0486    96      677.5360      680.7747  1975822    0.48%
  13781  1940      677.6324    88      677.5360      680.7747  1981114    0.48%
  13839  1975      680.7035    84      677.5360      680.7747  1987050    0.48%
  13864  1996      680.9503    86      677.5360      680.7747  1993135    0.48%
  13910  2019      680.6796    90      677.5360      680.7747  1998700    0.48%
  13955  2051      681.4949    88      677.5360      680.7747  2005089    0.48%
  14002  2086        cutoff            677.5360      680.7747  2010769    0.48%
  14045  2107      681.1940    90      677.5360      680.7747  2017216    0.48%
  14089  2141      677.8046    80      677.5360      680.7747  2023594    0.48%
Elapsed time = 1739.84 sec. (1816104.04 ticks, tree = 31.96 MB, solutions = 6)
  14149  2172      678.5650    82      677.5360      680.7747  2029535    0.48%
  14192  2195        cutoff            677.5360      680.7747  2034987    0.48%
  14232  2221      680.5386   100      677.5360      680.7747  2040806    0.48%
  14305  2284      679.0511    56      677.5360      680.7747  2045617    0.48%
  14381  2347      677.5883    74      677.5360      680.7747  2051185    0.48%
  14423  2361      678.1414    94      677.5360      680.7747  2056514    0.48%
  14461  2385      678.4630    74      677.5360      680.7747  2062786    0.48%
  14539  2424      680.3343    96      677.5360      680.7747  2068959    0.48%
  14594  2456      680.0620    78      677.5360      680.7747  2074742    0.48%
  14669  2503      678.2673    64      677.5360      680.7747  2080292    0.48%
Elapsed time = 1774.21 sec. (1855319.83 ticks, tree = 37.81 MB, solutions = 6)
  14742  2550        cutoff            677.5360      680.7747  2085969    0.48%
  14806  2582      680.0011    90      677.5360      680.7747  2092264    0.48%
  14846  2611      677.5465    82      677.5360      680.7747  2097368    0.48%
  14898  2643      679.5560   102      677.5360      680.7747  2103461    0.48%
  14936  2663      678.6637    88      677.5360      680.7747  2109420    0.48%
  15013  2707      677.5579    76      677.5360      680.7747  2115225    0.48%
  15051  2731      679.6167    80      677.5360      680.7747  2121221    0.48%
  15145  2780      678.1675    66      677.5360      680.7747  2126780    0.48%
  15196  2807      678.7175    90      677.5360      680.7747  2132938    0.48%
  15268  2856      678.2821    90      677.5360      680.7747  2137690    0.48%
Elapsed time = 1806.79 sec. (1894207.64 ticks, tree = 44.98 MB, solutions = 6)
  15328  2891      680.0363    94      677.5360      680.7747  2143341    0.48%
  15373  2921      678.6833    88      677.5360      680.7747  2149217    0.48%
  15432  2957      678.2430    70      677.5360      680.7747  2155899    0.48%
  15476  2990      679.3616    88      677.5360      680.7747  2161995    0.48%
  15538  3018      678.4542    76      677.5360      680.7747  2167329    0.48%
  15591  3042      680.7166    98      677.5360      680.7747  2173858    0.48%
  15638  3071      678.2663    86      677.5360      680.7747  2179507    0.48%
  15684  3098      678.5012    82      677.5360      680.7747  2185395    0.48%
  15721  3129      678.7066    64      677.5360      680.7747  2191526    0.48%
  15800  3160      679.7510    72      677.5360      680.7747  2197614    0.48%
Elapsed time = 1839.41 sec. (1933239.82 ticks, tree = 50.04 MB, solutions = 6)
  15888  3206      678.1004    58      677.5360      680.7747  2203168    0.48%
  16004  3269      680.6441   100      677.5360      680.7747  2208098    0.48%
  16047  3292      678.7297    70      677.5360      680.7747  2214240    0.48%
  16137  3349      677.6913    62      677.5360      680.7747  2219881    0.48%
  16185  3377      680.1819    90      677.5360      680.7747  2225609    0.48%
  16260  3429      679.1674    68      677.5360      680.7747  2231532    0.48%
  16306  3455      678.5596    76      677.5360      680.7747  2237963    0.48%
  16366  3494      678.0935    64      677.5360      680.7747  2243653    0.48%
  16450  3537      677.5619    50      677.5360      680.7747  2249455    0.48%
  16479  3558      679.0045    76      677.5360      680.7747  2256113    0.48%
Elapsed time = 1872.69 sec. (1971871.30 ticks, tree = 56.92 MB, solutions = 6)
  16523  3585      679.4567    82      677.5360      680.7747  2261823    0.48%
  16599  3630      680.5051    82      677.5360      680.7747  2267608    0.48%
  16638  3652        cutoff            677.5360      680.7747  2273935    0.48%
  16726  3706      678.4861    88      677.5360      680.7747  2279795    0.48%
  16786  3733      679.4769    78      677.5360      680.7747  2285458    0.48%
  16846  3770      679.2515    68      677.5360      680.7747  2291378    0.48%
  16895  3796      678.5077    86      677.5360      680.7747  2298098    0.48%
  16958  3825      679.7240   104      677.5360      680.7747  2304162    0.48%
  17021  3868        cutoff            677.5360      680.7747  2310352    0.48%
  17058  3890      678.8852    64      677.5360      680.7747  2316911    0.48%
Elapsed time = 1905.80 sec. (2011020.11 ticks, tree = 62.05 MB, solutions = 6)
  17101  3911      677.9323    72      677.5360      680.7747  2322975    0.48%
  17163  3949      678.0297    62      677.5360      680.7747  2329098    0.48%
  17222  3980      680.4179    82      677.5360      680.7747  2334610    0.48%
  17290  4018      678.5648    66      677.5360      680.7747  2340670    0.48%
  17337  4050      680.0872    84      677.5360      680.7747  2346556    0.48%
  17401  4089      678.8717    84      677.5360      680.7747  2352861    0.48%
  17476  4136      677.7336    78      677.5360      680.7747  2358066    0.48%
  17544  4170      679.2762    88      677.5360      680.7747  2363257    0.48%
  17591  4192      679.8871    78      677.5360      680.7747  2369400    0.48%
  17667  4226      680.9905    92      677.5360      680.7747  2375421    0.48%
Elapsed time = 1938.70 sec. (2050050.41 ticks, tree = 68.15 MB, solutions = 6)
  17725  4256      679.1002    84      677.5360      680.7747  2381585    0.48%
  17818  4339      677.7370    30      677.5360      680.7747  2386299    0.48%
  17875  4375      678.3007    68      677.5360      680.7747  2392344    0.48%
  17957  4415      680.5650    88      677.5360      680.7747  2398291    0.48%
  18023  4444      679.2216    94      677.5360      680.7747  2404211    0.48%
  18098  4486        cutoff            677.5360      680.7747  2409892    0.48%
  18163  4523      680.4892    88      677.5360      680.7747  2416051    0.48%
  18262  4586      678.5636    64      677.5360      680.7747  2421187    0.48%
  18344  4637      679.0272    94      677.5360      680.7747  2426254    0.48%
  18413  4674        cutoff            677.5360      680.7747  2432777    0.48%
Elapsed time = 1972.35 sec. (2089195.23 ticks, tree = 78.32 MB, solutions = 6)
  18447  4700      678.5563    82      677.5360      680.7747  2439225    0.48%
  18521  4730      677.8179    72      677.5360      680.7747  2444927    0.48%
  18554  4749      678.8011    60      677.5360      680.7747  2451505    0.48%
  18622  4784      677.7395    60      677.5360      680.7747  2457173    0.48%
  18666  4814      677.9194    74      677.5360      680.7747  2463513    0.48%
  18724  4851      679.2812   116      677.5360      680.7747  2468276    0.48%
  18775  4876      678.4964    66      677.5360      680.7747  2474369    0.48%
  18855  4926      678.1076    76      677.5360      680.7747  2479538    0.48%
  18930  4969      678.6038    66      677.5360      680.7747  2484572    0.48%
  18986  4999      679.5739    80      677.5360      680.7747  2490186    0.48%
Elapsed time = 2005.31 sec. (2128139.22 ticks, tree = 81.09 MB, solutions = 6)
  19080  5033      679.4483    86      677.5360      680.7747  2495542    0.48%
  19166  5089      679.0189    90      677.5360      680.7747  2499971    0.48%
  19267  5134      680.7223    98      677.5360      680.7747  2504994    0.48%
  19313  5159      680.1408   108      677.5360      680.7747  2510358    0.48%
  19365  5182      680.3357    94      677.5360      680.7747  2516562    0.48%
  19443  5253      678.8106    70      677.5360      680.7747  2521253    0.48%
  19493  5287      678.1401    90      677.5360      680.7747  2525588    0.48%
  19541  5304      680.2759   102      677.5360      680.7747  2531515    0.48%
  19602  5343      677.6874    80      677.5360      680.7747  2536417    0.48%
  19645  5366      679.3172   100      677.5360      680.7747  2542168    0.48%
Elapsed time = 2039.31 sec. (2167264.50 ticks, tree = 86.72 MB, solutions = 6)
  19688  5389        cutoff            677.5360      680.7747  2548058    0.48%
  19771  5422      679.7475    78      677.5360      680.7747  2552943    0.48%
  19823  5456      678.4612    84      677.5360      680.7747  2558015    0.48%
  19894  5486      679.6692    92      677.5360      680.7747  2563825    0.48%
  19935  5513      678.2389    82      677.5360      680.7747  2569596    0.48%
  19989  5543      678.6399    92      677.5360      680.7747  2574539    0.48%
  20067  5576      680.2252    90      677.5360      680.7747  2579885    0.48%
  20113  5606      678.2382    88      677.5360      680.7747  2585120    0.48%
  20170  5627      679.1615    90      677.5360      680.7747  2590880    0.48%
  20221  5645      678.7737    80      677.5360      680.7747  2596057    0.48%
Elapsed time = 2073.20 sec. (2206614.39 ticks, tree = 91.49 MB, solutions = 6)
  20280  5677      679.7814    90      677.5360      680.7747  2601753    0.48%
  20323  5701      680.2428    90      677.5360      680.7747  2605880    0.48%
  20396  5746      677.6591    88      677.5360      680.7747  2611098    0.48%
  20445  5771      677.6295    78      677.5360      680.7747  2616675    0.48%
  20515  5803      679.5855    86      677.5360      680.7747  2621986    0.48%
  20579  5826      680.1930    84      677.5360      680.7747  2627340    0.48%
  20649  5863      677.7393    92      677.5360      680.7747  2632652    0.48%
  20698  5902      678.4810    88      677.5360      680.7747  2638017    0.48%
  20744  5924        cutoff            677.5360      680.7747  2643544    0.48%
  20800  5959        cutoff            677.5360      680.7747  2648627    0.48%
Elapsed time = 2107.04 sec. (2245787.77 ticks, tree = 98.32 MB, solutions = 6)
  20852  5991      679.0976    92      677.5360      680.7747  2654180    0.48%
  20903  6011      679.2957    90      677.5360      680.7747  2659457    0.48%
  20956  6043      680.5081    96      677.5360      680.7747  2665507    0.48%
  21012  6080      678.4517    80      677.5360      680.7747  2670835    0.48%
  21082  6106        cutoff            677.5360      680.7747  2676420    0.48%
  21157  6135      679.5002    98      677.5360      680.7747  2681464    0.48%
  21224  6184      678.0051    78      677.5360      680.7747  2686349    0.48%
  21279  6211      677.5545    70      677.5360      680.7747  2692040    0.48%
  21313  6223      679.2544    90      677.5360      680.7747  2697718    0.48%
  21406  6280      678.8572    62      677.5360      680.7747  2702069    0.48%
Elapsed time = 2141.05 sec. (2284734.64 ticks, tree = 106.30 MB, solutions = 6)
  21517  6360      678.1288    68      677.5360      680.7747  2706213    0.48%
  21581  6396      679.4459    94      677.5360      680.7747  2712464    0.48%
  21634  6419        cutoff            677.5360      680.7747  2717827    0.48%
  21671  6436      679.5826    96      677.5360      680.7747  2723877    0.48%
  21705  6454        cutoff            677.5360      680.7747  2729426    0.48%
  21766  6495      679.7309   100      677.5360      680.7747  2734564    0.48%
  21814  6518      677.8484    82      677.5360      680.7747  2739884    0.48%
  21857  6537      679.5432    88      677.5360      680.7747  2745376    0.48%
  21908  6573      679.2318    80      677.5360      680.7747  2750491    0.48%
  21949  6598      678.2496    98      677.5360      680.7747  2755753    0.48%
Elapsed time = 2175.28 sec. (2324239.16 ticks, tree = 112.59 MB, solutions = 6)
  21986  6623      678.6849    90      677.5360      680.7747  2761242    0.48%
  22060  6654      677.8399    96      677.5360      680.7747  2766218    0.48%
  22110  6678      678.3923   104      677.5360      680.7747  2771534    0.48%
  22146  6698        cutoff            677.5360      680.7747  2777011    0.48%
  22201  6727      678.0746    76      677.5360      680.7747  2782334    0.48%
  22251  6746        cutoff            677.5360      680.7747  2787815    0.48%
  22297  6767        cutoff            677.5360      680.7747  2793307    0.48%
  22363  6793      679.2984    92      677.5360      680.7747  2798601    0.48%
  22410  6818      677.6503   112      677.5360      680.7747  2804440    0.48%
  22475  6863      679.6639    90      677.5360      680.7747  2810188    0.48%
Elapsed time = 2208.17 sec. (2363221.17 ticks, tree = 117.08 MB, solutions = 6)
  22537  6894      679.6273    92      677.5360      680.7747  2815592    0.48%
  22592  6911      680.2464    84      677.5360      680.7747  2821744    0.48%
  22670  6955        cutoff            677.5360      680.7747  2826499    0.48%
  22729  6997      678.1801    86      677.5360      680.7747  2831458    0.48%
  22800  7032      678.0560    66      677.5360      680.7747  2836823    0.48%
  22861  7052      679.8329    68      677.5360      680.7747  2841958    0.48%
  22922  7087      679.0207    88      677.5360      680.7747  2847419    0.48%
  22968  7107        cutoff            677.5360      680.7747  2853172    0.48%
  23027  7145      679.2729    98      677.5360      680.7747  2858852    0.48%
  23097  7186      677.6946    60      677.5360      680.7747  2863998    0.48%
Elapsed time = 2241.57 sec. (2402333.19 ticks, tree = 125.38 MB, solutions = 6)
  23153  7208      678.4733    82      677.5360      680.7747  2869195    0.48%
  23207  7242      679.0553    96      677.5360      680.7747  2874659    0.48%
  23245  7268      678.5553    92      677.5360      680.7747  2879880    0.48%
  23278  7291      679.7580    80      677.5360      680.7747  2886315    0.48%
  23346  7332      677.8194    80      677.5360      680.7747  2891196    0.48%
  23389  7353      679.7272    78      677.5360      680.7747  2896922    0.48%
  23423  7376      678.9284    80      677.5360      680.7747  2902562    0.48%
  23493  7415        cutoff            677.5360      680.7747  2907740    0.48%
  23524  7431      679.2496   102      677.5360      680.7747  2913012    0.48%
  23572  7456      677.9528    77      677.5360      680.7747  2919055    0.48%
Elapsed time = 2274.02 sec. (2441607.07 ticks, tree = 131.82 MB, solutions = 6)
  23648  7496      678.2896    70      677.5360      680.7747  2924053    0.48%
  23709  7528      680.1810    94      677.5360      680.7747  2929203    0.48%
  23759  7564      678.5760    82      677.5360      680.7747  2934891    0.48%
  23814  7584      680.2957    78      677.5360      680.7747  2940137    0.48%
  23853  7611      678.4681    84      677.5360      680.7747  2946062    0.48%
  23925  7640      679.1621    94      677.5360      680.7747  2951378    0.48%
  23974  7669      677.7504    74      677.5360      680.7747  2956849    0.48%
  24010  7689      679.8194   100      677.5360      680.7747  2962113    0.48%
  24063  7722      678.0028    70      677.5360      680.7747  2967753    0.48%
  24098  7742      677.8857    88      677.5360      680.7747  2973673    0.48%
Elapsed time = 2306.03 sec. (2480227.94 ticks, tree = 136.38 MB, solutions = 6)
  24144  7766      678.2032    88      677.5360      680.7747  2979425    0.48%
  24188  7793      678.3828    80      677.5360      680.7747  2985024    0.48%
  24237  7810      678.6431    90      677.5360      680.7747  2990655    0.48%
  24299  7841        cutoff            677.5360      680.7747  2996050    0.48%
  24358  7873      677.6770   106      677.5360      680.7747  3001705    0.48%
  24395  7883      678.0084    88      677.5360      680.7747  3007946    0.48%
  24440  7914      680.0423    82      677.5360      680.7747  3013048    0.48%
  24495  7944      677.9474    92      677.5360      680.7747  3018521    0.48%
  24534  7971      678.8053    80      677.5360      680.7747  3023176    0.48%
  24598  8002      679.3264   102      677.5360      680.7747  3028981    0.48%
Elapsed time = 2338.24 sec. (2519250.58 ticks, tree = 138.50 MB, solutions = 6)
  24659  8041      678.7300    96      677.5360      680.7747  3033823    0.48%
  24696  8058      679.0264    96      677.5360      680.7747  3037756    0.48%
  24732  8078      678.7571    90      677.5360      680.7747  3043227    0.48%
  24785  8118      678.8284    88      677.5360      680.7747  3047938    0.48%
  24820  8143      678.9017    78      677.5360      680.7747  3054216    0.48%
  24884  8178        cutoff            677.5360      680.7747  3059179    0.48%
  24930  8211      679.5880    92      677.5360      680.7747  3064240    0.48%
  24981  8240      677.9111    70      677.5360      680.7747  3069621    0.48%
  25022  8265      679.3260    88      677.5360      680.7747  3075080    0.48%
  25076  8291      680.2608    74      677.5360      680.7747  3080835    0.48%
Elapsed time = 2370.54 sec. (2558330.25 ticks, tree = 143.13 MB, solutions = 6)
  25118  8319      678.6834    70      677.5360      680.7747  3085763    0.48%
  25186  8358      678.6704    96      677.5360      680.7747  3090755    0.48%
  25241  8377      679.4767   104      677.5360      680.7747  3096698    0.48%
  25283  8405      678.8380    80      677.5360      680.7747  3101699    0.48%
  25328  8426      677.9450    74      677.5360      680.7747  3107722    0.48%
  25381  8450      679.4438    98      677.5360      680.7747  3113073    0.48%
  25445  8488      679.9412    92      677.5360      680.7747  3118084    0.48%
  25493  8519      677.6855    82      677.5360      680.7747  3122438    0.48%
  25526  8536      678.1383   108      677.5360      680.7747  3128321    0.48%
  25567  8553      680.0806    80      677.5360      680.7747  3134505    0.48%
Elapsed time = 2402.92 sec. (2597485.52 ticks, tree = 144.01 MB, solutions = 6)
  25629  8582        cutoff            677.5360      680.7747  3139960    0.48%
  25672  8605      679.6730   102      677.5360      680.7747  3145490    0.48%
  25742  8640      680.2655   100      677.5360      680.7747  3151304    0.48%
  25767  8659      678.4299    94      677.5360      680.7747  3156933    0.48%
  25817  8678      679.4933    90      677.5360      680.7747  3162551    0.48%
  25883  8712      678.1817    66      677.5360      680.7747  3167711    0.48%
  25932  8740      679.5689   102      677.5360      680.7747  3173418    0.48%
  25992  8779      677.8303    68      677.5360      680.7747  3178835    0.48%
  26033  8803      678.8415    78      677.5360      680.7747  3184556    0.48%
  26083  8831      679.1960   100      677.5360      680.7747  3189892    0.48%
Elapsed time = 2435.21 sec. (2636455.16 ticks, tree = 146.84 MB, solutions = 6)
  26146  8865      678.1162    88      677.5360      680.7747  3195107    0.48%
  26201  8895      677.9112    90      677.5360      680.7747  3200074    0.48%
  26249  8921      679.5002    78      677.5360      680.7747  3206095    0.48%
  26299  8945      678.3244    88      677.5360      680.7747  3211219    0.48%
  26342  8964      679.5264   102      677.5360      680.7747  3217027    0.48%
  26381  8985      678.3265    90      677.5360      680.7747  3223071    0.48%
  26442  9011      680.1185    90      677.5360      680.7747  3228270    0.48%
  26490  9045      678.3971    72      677.5360      680.7747  3233828    0.48%
  26565  9083      678.2277    74      677.5360      680.7747  3238848    0.48%
  26623  9118      678.8330    74      677.5360      680.7747  3243998    0.48%
Elapsed time = 2467.60 sec. (2675407.53 ticks, tree = 151.98 MB, solutions = 6)
  26723  9167      679.7116    74      677.5360      680.7747  3248340    0.48%
  26778  9196      677.6743    82      677.5360      680.7747  3254175    0.48%
  26834  9226      678.7849    94      677.5360      680.7747  3260381    0.48%
  26888  9255      679.5774    76      677.5360      680.7747  3266091    0.48%
  26983  9288      679.7228    94      677.5360      680.7747  3271541    0.48%
  27066  9327      679.4211   100      677.5360      680.7747  3277055    0.48%
  27123  9363      679.2158    76      677.5360      680.7747  3282198    0.48%
  27221  9424      677.8145    56      677.5360      680.7747  3286773    0.48%
  27303  9484      679.0223    98      677.5360      680.7747  3291241    0.48%
  27348  9517      677.5910    88      677.5360      680.7747  3296985    0.48%
Elapsed time = 2501.80 sec. (2715290.41 ticks, tree = 160.74 MB, solutions = 6)
  27418  9551      677.7730    58      677.5360      680.7747  3302233    0.48%
  27454  9569      678.0529   112      677.5360      680.7747  3308699    0.48%
  27511  9598      678.6218    84      677.5360      680.7747  3313587    0.48%
  27580  9634      680.1259   102      677.5360      680.7747  3318932    0.48%
  27622  9662      678.3411    79      677.5360      680.7747  3324739    0.48%
  27665  9680      679.5260    86      677.5360      680.7747  3330651    0.48%
  27725  9713      678.2095    70      677.5360      680.7747  3336021    0.48%
  27793  9744      680.2618    80      677.5360      680.7747  3340793    0.48%
  27824  9762      678.8782    84      677.5360      680.7747  3347041    0.48%
  27908  9804      679.7158    88      677.5360      680.7747  3352229    0.48%
Elapsed time = 2534.85 sec. (2754251.64 ticks, tree = 165.10 MB, solutions = 6)
  27973  9859      678.5480    84      677.5360      680.7747  3357207    0.48%
  28030  9888        cutoff            677.5360      680.7747  3362777    0.48%
  28066  9912      677.9999    78      677.5360      680.7747  3368797    0.48%
  28131  9948      678.2575    98      677.5360      680.7747  3374010    0.48%
  28189  9970      679.2336   104      677.5360      680.7747  3379653    0.48%
  28232  9985      678.6715    74      677.5360      680.7747  3385618    0.48%
  28287 10009      679.8405    90      677.5360      680.7747  3390935    0.48%
  28355 10042      678.4393    96      677.5360      680.7747  3396469    0.48%
  28401 10064      678.1922    54      677.5360      680.7747  3402356    0.48%
  28450 10086      678.2045    96      677.5360      680.7747  3408793    0.48%
Elapsed time = 2567.74 sec. (2793131.14 ticks, tree = 167.99 MB, solutions = 6)
  28496 10110      677.6705    60      677.5360      680.7747  3414196    0.48%
  28535 10129      678.1098    94      677.5360      680.7747  3420129    0.48%
  28590 10149      678.5054    84      677.5360      680.7747  3425479    0.48%
  28641 10182      678.3784    82      677.5360      680.7747  3431011    0.48%
  28684 10193        cutoff            677.5360      680.7747  3436594    0.48%
  28724 10219      677.7828   106      677.5360      680.7747  3442118    0.48%
  28780 10255      678.4698    60      677.5360      680.7747  3447908    0.48%
  28837 10288      678.0708    72      677.5360      680.7747  3453635    0.48%
  28894 10306      679.4919    88      677.5360      680.7747  3458411    0.48%
  28948 10334      679.3464    98      677.5360      680.7747  3464100    0.48%
Elapsed time = 2600.33 sec. (2832093.35 ticks, tree = 172.66 MB, solutions = 6)
  28983 10355      678.9630    86      677.5360      680.7747  3469451    0.48%
  29053 10387      679.3042    92      677.5360      680.7747  3474242    0.48%
  29115 10417        cutoff            677.5360      680.7747  3479613    0.48%
  29169 10442        cutoff            677.5360      680.7747  3485066    0.48%
  29250 10473        cutoff            677.5360      680.7747  3490107    0.48%
  29283 10496      678.2835   120      677.5360      680.7747  3495689    0.48%
  29332 10525      680.3969   100      677.5360      680.7747  3501603    0.48%
  29400 10562      678.1595    64      677.5360      680.7747  3505987    0.48%
  29454 10587        cutoff            677.5360      680.7747  3511637    0.48%
  29503 10614      679.2035    90      677.5360      680.7747  3516944    0.48%
Elapsed time = 2633.61 sec. (2871208.91 ticks, tree = 173.03 MB, solutions = 6)
  29558 10658        cutoff            677.5360      680.7747  3522202    0.48%
  29669 10702      679.8437    90      677.5360      680.7747  3526573    0.48%
  29729 10735        cutoff            677.5360      680.7747  3531526    0.48%
  29790 10755      678.7464    94      677.5360      680.7747  3536769    0.48%
  29843 10783      679.4414    92      677.5360      680.7747  3541933    0.48%
  29896 10810      678.2108    70      677.5360      680.7747  3546645    0.48%
  29944 10830      679.4295    96      677.5360      680.7747  3552187    0.48%
  29999 10861      677.8013    96      677.5360      680.7747  3557395    0.48%
  30050 10882      679.2673    84      677.5360      680.7747  3563236    0.48%
  30081 10898      678.8993   104      677.5360      680.7747  3569182    0.48%
Elapsed time = 2666.20 sec. (2909989.20 ticks, tree = 177.54 MB, solutions = 6)
  30156 10926      680.1198    82      677.5360      680.7747  3574255    0.48%
  30233 10961      679.9706   114      677.5360      680.7747  3579434    0.48%
  30295 10987        cutoff            677.5360      680.7747  3584702    0.48%
  30359 11014      677.6952    98      677.5360      680.7747  3590063    0.48%
  30403 11042      679.1384   102      677.5360      680.7747  3595702    0.48%
  30454 11061        cutoff            677.5360      680.7747  3601798    0.48%
  30482 11081      678.9375    92      677.5360      680.7747  3607451    0.48%
  30549 11113      679.1899    84      677.5360      680.7747  3612333    0.48%
  30625 11152      679.4580   104      677.5360      680.7747  3617495    0.48%
  30678 11178      679.0025    78      677.5360      680.7747  3623213    0.48%
Elapsed time = 2699.48 sec. (2949253.17 ticks, tree = 183.83 MB, solutions = 6)
  30724 11204      678.7533    82      677.5360      680.7747  3628222    0.48%
  30823 11249      679.9012    78      677.5360      680.7747  3632844    0.48%
  30894 11289      677.9949    92      677.5360      680.7747  3638239    0.48%
  30936 11310      678.5291    72      677.5360      680.7747  3644350    0.48%
  31015 11345      678.2965   100      677.5360      680.7747  3649746    0.48%
  31083 11385      678.5449    92      677.5360      680.7747  3655163    0.48%
  31150 11416      677.8457    66      677.5360      680.7747  3660408    0.48%
  31201 11436      677.8847    78      677.5360      680.7747  3665988    0.48%
  31263 11470      679.5843    92      677.5360      680.7747  3670953    0.48%
  31303 11479      680.0379    88      677.5360      680.7747  3676412    0.48%
Elapsed time = 2732.60 sec. (2988122.71 ticks, tree = 191.69 MB, solutions = 6)
  31380 11529      678.0934    86      677.5360      680.7747  3681546    0.48%
  31441 11546      678.7975   100      677.5360      680.7747  3687171    0.48%
  31473 11560      680.3816   106      677.5360      680.7747  3692919    0.48%
  31540 11599      679.1667    95      677.5360      680.7747  3698193    0.48%
  31614 11642      678.6565    82      677.5360      680.7747  3702881    0.48%
  31670 11670      678.4899    76      677.5360      680.7747  3708370    0.48%
  31728 11696      678.6725    86      677.5360      680.7747  3713748    0.48%
  31768 11720      680.0517    98      677.5360      680.7747  3719352    0.48%
  31849 11768      679.5113    78      677.5360      680.7747  3723911    0.48%
  31897 11784      678.7186    90      677.5360      680.7747  3728915    0.48%
Elapsed time = 2765.67 sec. (3026988.01 ticks, tree = 198.47 MB, solutions = 6)
  32013 11823      678.1048    70      677.5360      680.7747  3733435    0.48%
  32074 11839      677.6978    76      677.5360      680.7747  3738912    0.48%
  32127 11863      678.9730    78      677.5360      680.7747  3744109    0.48%
  32205 11901      678.8169    78      677.5360      680.7747  3749399    0.48%
  32240 11920      679.5078    84      677.5360      680.7747  3755415    0.48%
  32326 11964      678.1350   102      677.5360      680.7747  3760490    0.48%
  32369 11991        cutoff            677.5360      680.7747  3766314    0.48%
  32403 12014      677.8071    58      677.5360      680.7747  3771827    0.48%
  32441 12026      677.5408    74      677.5360      680.7747  3778142    0.48%
  32487 12049      677.7436    78      677.5360      680.7747  3783150    0.48%
Elapsed time = 2798.44 sec. (3065612.17 ticks, tree = 203.28 MB, solutions = 6)
  32539 12076      679.2040    90      677.5360      680.7747  3788974    0.48%
  32583 12101      677.7447    58      677.5360      680.7747  3794087    0.48%
  32630 12126      678.7145    74      677.5360      680.7747  3799111    0.48%
  32673 12150      680.4139   106      677.5360      680.7747  3804923    0.48%
  32708 12171      678.1145    90      677.5360      680.7747  3810231    0.48%
  32768 12198      677.6929    68      677.5360      680.7747  3815642    0.48%
  32838 12230        cutoff            677.5360      680.7747  3820343    0.48%
  32906 12254      680.5332    94      677.5360      680.7747  3825658    0.48%
  32943 12281      678.0456    64      677.5360      680.7747  3831123    0.48%
  32994 12300      677.6686    74      677.5360      680.7747  3836581    0.48%
Elapsed time = 2831.35 sec. (3104688.81 ticks, tree = 208.69 MB, solutions = 6)
  33044 12322      678.4305    88      677.5360      680.7747  3842895    0.48%
  33085 12344      679.2737   102      677.5360      680.7747  3848549    0.48%
  33140 12371      678.1359    82      677.5360      680.7747  3854629    0.48%
  33232 12450      679.0472    90      677.5360      680.7747  3858610    0.48%
  33286 12473      677.5744    86      677.5360      680.7747  3863850    0.48%
  33348 12505      677.9919    94      677.5360      680.7747  3869801    0.48%
  33409 12533      679.5986    92      677.5360      680.7747  3875529    0.48%
  33450 12551      677.6293    78      677.5360      680.7747  3881013    0.48%
  33486 12561        cutoff            677.5360      680.7747  3886981    0.48%
  33521 12582      680.3563    92      677.5360      680.7747  3891954    0.48%
Elapsed time = 2864.31 sec. (3144128.82 ticks, tree = 213.44 MB, solutions = 6)
  33569 12614      678.4868    78      677.5360      680.7747  3897005    0.48%
  33624 12636      679.0973    96      677.5360      680.7746  3902294    0.48%
  33673 12658      680.0076    98      677.5360      680.7735  3907955    0.48%
  33742 12712      678.1210    78      677.5360      680.7733  3912877    0.48%
  33792 12726      679.3114    86      677.5360      680.7684  3918612    0.48%
  33846 12751      678.0678    86      677.5360      680.7672  3923983    0.48%
  33888 12777        cutoff            677.5360      680.7665  3929486    0.48%
  33927 12798      677.8623    70      677.5360      680.7664  3933843    0.48%
  34015 12845      678.4825    82      677.5360      680.7644  3938474    0.48%
  34096 12884      678.1231    92      677.5360      680.7614  3943725    0.48%
Elapsed time = 2896.42 sec. (3182736.51 ticks, tree = 217.50 MB, solutions = 6)
  34189 12909      677.6301    88      677.5360      680.7585  3948703    0.48%
  34235 12935      680.5545   108      677.5360      680.7566  3954198    0.48%
  34288 12968      679.0322    94      677.5360      680.7564  3959806    0.48%
  34359 13005      678.0688    94      677.5360      680.7556  3964459    0.48%
  34411 13035      677.5471    72      677.5360      680.7523  3969739    0.47%
  34457 13061      678.7515    98      677.5360      680.7508  3975977    0.47%
  34514 13092        cutoff            677.5360      680.7501  3981188    0.47%
  34625 13140      677.8062    44      677.5360      680.7490  3985757    0.47%
  34718 13183      678.7389   104      677.5360      680.7476  3990337    0.47%
  34803 13225        cutoff            677.5360      680.7454  3995440    0.47%
Elapsed time = 2929.44 sec. (3221786.88 ticks, tree = 225.89 MB, solutions = 6)
  34902 13273        cutoff            677.5360      680.7431  3999378    0.47%
  34986 13297      677.9137    74      677.5360      680.7404  4004571    0.47%
  35051 13324      677.7958    86      677.5360      680.7383  4010314    0.47%
  35098 13349      678.0203   100      677.5360      680.7374  4015982    0.47%
  35147 13370      679.5248    92      677.5360      680.7351  4021948    0.47%
  35185 13395      678.8083    88      677.5360      680.7346  4028137    0.47%
  35240 13420      679.9557    92      677.5360      680.7344  4034185    0.47%
  35317 13440      679.7851    96      677.5360      680.7331  4039922    0.47%
  35386 13468      679.7952    94      677.5360      680.7306  4045508    0.47%
  35439 13492      678.2474    80      677.5360      680.7297  4051821    0.47%
Elapsed time = 2961.67 sec. (3260508.85 ticks, tree = 231.38 MB, solutions = 6)
  35519 13562      678.3639    74      677.5360      680.7292  4056187    0.47%
  35561 13592        cutoff            677.5360      680.7278  4061408    0.47%
  35668 13628      677.7803    82      677.5360      680.7262  4066443    0.47%
  35804 13704      678.8648    98      677.5360      680.7255  4071456    0.47%
  35902 13736      679.4384    88      677.5360      680.7240  4077010    0.47%
  35963 13765      678.7635    70      677.5360      680.7220  4083160    0.47%
  36080 13807      678.2237   102      677.5360      680.7214  4088539    0.47%
  36154 13848      679.0848    90      677.5360      680.7188  4093989    0.47%
  36250 13892      678.0824    48      677.5360      680.7186  4098768    0.47%
  36335 13936      677.9499    94      677.5360      680.7148  4104155    0.47%
Elapsed time = 2995.15 sec. (3299135.23 ticks, tree = 244.86 MB, solutions = 6)
  36395 13967      678.6531    86      677.5360      680.7130  4109692    0.47%
  36464 13999        cutoff            677.5360      680.7109  4115831    0.47%
  36551 14046        cutoff            677.5360      680.7109  4121278    0.47%
  36610 14076      677.7198    78      677.5360      680.7083  4127498    0.47%
  36685 14113      678.2534    86      677.5360      680.7074  4133155    0.47%
  36731 14134        cutoff            677.5360      680.7065  4139450    0.47%
  36803 14170      678.3825    66      677.5360      680.7047  4144608    0.47%
  36900 14217      677.9233    64      677.5360      680.7019  4150013    0.47%
  36947 14236        cutoff            677.5360      680.6994  4156254    0.47%
  36994 14259      678.6642   100      677.5360      680.6962  4162415    0.47%
Elapsed time = 3027.97 sec. (3337993.15 ticks, tree = 252.16 MB, solutions = 6)
  37036 14280      678.9483    90      677.5360      680.6939  4168642    0.47%
  37111 14315      680.1265    98      677.5360      680.6929  4174715    0.47%
  37144 14336      677.6862    82      677.5360      680.6905  4180713    0.47%
  37215 14368      677.9580    82      677.5360      680.6887  4186305    0.47%
  37277 14403      678.0132    88      677.5360      680.6879  4192101    0.47%
  37337 14428        cutoff            677.5360      680.6870  4197608    0.47%
  37411 14454      677.7555    86      677.5360      680.6868  4203557    0.47%
  37482 14481      678.4461    98      677.5360      680.6862  4209801    0.46%
  37547 14514      679.1116    98      677.5360      680.6852  4215863    0.46%
  37599 14541      679.5835   110      677.5360      680.6820  4222383    0.46%
Elapsed time = 3060.57 sec. (3376829.78 ticks, tree = 254.64 MB, solutions = 6)
  37654 14567      679.3208    74      677.5360      680.6809  4228380    0.46%
  37762 14594      678.5209    66      677.5360      680.6806  4233643    0.46%
  37822 14622      678.7371    94      677.5360      680.6788  4240342    0.46%
  37894 14669      677.6453    56      677.5360      680.6772  4245971    0.46%
  37962 14706      678.3842    80      677.5360      680.6747  4251787    0.46%
  38027 14726      678.7351    84      677.5360      680.6742  4257636    0.46%
  38082 14757      678.5305    86      677.5360      680.6741  4263724    0.46%
  38145 14798      677.8286    68      677.5360      680.6731  4269560    0.46%
  38184 14809      678.3414    90      677.5360      680.6710  4275168    0.46%
  38257 14833      678.1294    70      677.5360      680.6683  4280975    0.46%
Elapsed time = 3094.04 sec. (3415817.44 ticks, tree = 260.00 MB, solutions = 6)
  38348 14879      677.6682    64      677.5360      680.6672  4286426    0.46%
  38415 14917      678.4979    66      677.5360      680.6668  4292339    0.46%
  38481 14944      677.6702    94      677.5360      680.6641  4298905    0.46%
  38547 14977      678.3215    84      677.5360      680.6593  4304515    0.46%
  38613 15010      679.1963    98      677.5360      680.6545  4310420    0.46%
  38673 15046      678.1059    78      677.5360      680.6538  4316287    0.46%
  38730 15068        cutoff            677.5360      680.6528  4322328    0.46%
  38822 15103      677.5980    94      677.5360      680.6512  4328146    0.46%
  38867 15126      678.2382    64      677.5360      680.6480  4334641    0.46%
  38907 15144      678.9945   108      677.5360      680.6437  4341001    0.46%
Elapsed time = 3127.16 sec. (3454729.65 ticks, tree = 263.10 MB, solutions = 6)
  38999 15204      679.3836   102      677.5360      680.6434  4346117    0.46%
  39053 15228        cutoff            677.5360      680.6416  4352021    0.46%
  39138 15265      678.3764    92      677.5360      680.6407  4357241    0.46%
  39231 15310      677.7880    86      677.5360      680.6391  4363481    0.46%
  39344 15367      679.1615    92      677.5360      680.6352  4368132    0.46%
  39412 15406      679.7454    94      677.5360      680.6343  4373637    0.46%
  39450 15428      679.7735    76      677.5360      680.6328  4379588    0.46%
  39524 15494      677.9895    80      677.5360      680.6325  4384210    0.46%
  39590 15534      677.7496    80      677.5360      680.6307  4390607    0.46%
  39670 15557      678.9279    96      677.5360      680.6293  4395630    0.46%
Elapsed time = 3161.05 sec. (3494216.94 ticks, tree = 272.56 MB, solutions = 6)
  39753 15600      677.6411    86      677.5360      680.6266  4401167    0.46%
  39793 15614      679.2806    74      677.5360      680.6223  4407484    0.46%
  39863 15639      679.0507    84      677.5360      680.6192  4413165    0.46%
  39977 15704        cutoff            677.5360      680.6184  4417222    0.45%
  40085 15749      677.8053    56      677.5360      680.6179  4422357    0.45%
  40141 15781      678.8788    88      677.5360      680.6138  4428027    0.45%
  40206 15811      679.1750    84      677.5360      680.6125  4433821    0.45%
  40325 15863      677.9683    74      677.5360      680.6125  4438764    0.45%
  40398 15904      678.9610   102      677.5360      680.6097  4444236    0.45%
  40450 15929        cutoff            677.5360      680.6066  4450548    0.45%
Elapsed time = 3195.28 sec. (3532891.13 ticks, tree = 282.64 MB, solutions = 6)
  40511 15962      679.2972    92      677.5360      680.6031  4456451    0.45%
  40605 16002      678.8746    90      677.5360      680.6019  4461918    0.45%
  40651 16023      678.4082    90      677.5360      680.6003  4468351    0.45%
  40707 16044      680.1254    90      677.5360      680.5984  4474075    0.45%
  40783 16087        cutoff            677.5360      680.5972  4479576    0.45%
  40852 16121      678.1016    48      677.5360      680.5963  4484956    0.45%
  40910 16150        cutoff            677.5360      680.5943  4490901    0.45%
  40987 16195      677.6769    64      677.5360      680.5924  4496584    0.45%
  41064 16223      678.6343    86      677.5360      680.5897  4502357    0.45%
  41157 16269      679.4399    82      677.5360      680.5882  4507882    0.45%
Elapsed time = 3228.52 sec. (3571395.21 ticks, tree = 287.30 MB, solutions = 6)
  41247 16323      678.5772    92      677.5360      680.5872  4513992    0.45%
  41337 16357      679.6268    92      677.5360      680.5868  4518986    0.45%
  41442 16411      678.7063    74      677.5360      680.5847  4523891    0.45%
  41556 16471      678.9237    86      677.5360      680.5816  4529089    0.45%
  41675 16531      677.7422    54      677.5360      680.5813  4533581    0.45%
  41719 16540      678.4839   100      677.5360      680.5787  4539012    0.45%
  41813 16575      679.7743    96      677.5360      680.5781  4543854    0.45%
  41890 16620      677.5712    82      677.5360      680.5778  4549224    0.45%
  41934 16643      677.6127    86      677.5360      680.5733  4555247    0.45%
  41993 16664      679.5432   102      677.5360      680.5705  4561400    0.45%
Elapsed time = 3263.41 sec. (3610765.20 ticks, tree = 298.84 MB, solutions = 6)
  42048 16695        cutoff            677.5360      680.5688  4567320    0.45%
  42103 16725      678.6557    92      677.5360      680.5677  4572602    0.45%
  42156 16752      679.3350    92      677.5360      680.5676  4578446    0.45%
  42211 16783        cutoff            677.5360      680.5633  4584407    0.45%
  42249 16809      678.3167    92      677.5360      680.5629  4590671    0.45%
  42293 16830      679.7184    86      677.5360      680.5614  4595747    0.45%
  42352 16854        cutoff            677.5360      680.5598  4601259    0.45%
  42404 16884        cutoff            677.5360      680.5587  4606616    0.45%
  42457 16919        cutoff            677.5360      680.5582  4612671    0.45%
  42542 16962      679.4874    92      677.5360      680.5574  4617634    0.45%
Elapsed time = 3297.23 sec. (3649980.01 ticks, tree = 301.82 MB, solutions = 6)
  42593 16987      677.7850    72      677.5360      680.5571  4622799    0.45%
  42659 17013      677.9295    64      677.5360      680.5562  4628796    0.45%
  42699 17035      679.2480    82      677.5360      680.5559  4632323    0.45%
  42745 17056        cutoff            677.5360      680.5532  4638597    0.45%
  42788 17078      678.8765    90      677.5360      680.5486  4644415    0.44%
  42853 17088      678.8878   110      677.5360      680.5473  4648363    0.44%
  42893 17108      677.8089    76      677.5360      680.5418  4654758    0.44%
  42954 17145      678.2033    84      677.5360      680.5417  4660217    0.44%
  42993 17165      679.0688    68      677.5360      680.5403  4664598    0.44%
  43080 17208      678.4583    74      677.5360      680.5391  4670395    0.44%
Elapsed time = 3333.64 sec. (3692556.71 ticks, tree = 303.10 MB, solutions = 6)
  43134 17220      679.6915    78      677.5360      680.5383  4675169    0.44%
  43192 17254      677.8938    88      677.5360      680.5367  4681445    0.44%
  43230 17261      679.4467   109      677.5360      680.5348  4685841    0.44%
  43271 17282      678.8356    74      677.5360      680.5320  4691684    0.44%
  43304 17294        cutoff            677.5360      680.5302  4696419    0.44%
  43350 17311      677.5379    88      677.5360      680.5284  4702730    0.44%
  43389 17329      677.6892    82      677.5360      680.5271  4708589    0.44%
  43409 17339      678.4900    82      677.5360      680.5245  4711695    0.44%
  43458 17362        cutoff            677.5360      680.5230  4718118    0.44%
  43497 17387      677.6444    68      677.5360      680.5228  4722799    0.44%
Elapsed time = 3365.99 sec. (3731834.13 ticks, tree = 306.03 MB, solutions = 6)
  43540 17403      678.4498    76      677.5360      680.5219  4728877    0.44%
  43593 17434      678.5034    60      677.5360      680.5216  4733922    0.44%
  43644 17455      677.9839    86      677.5360      680.5201  4740905    0.44%
  43679 17468      677.7643    80      677.5360      680.5178  4747057    0.44%
  43725 17490      677.8047    48      677.5360      680.5173  4749907    0.44%
  43780 17508      678.1839    58      677.5360      680.5146  4755179    0.44%
  43813 17514        cutoff            677.5360      680.5145  4757385    0.44%
  43859 17534        cutoff            677.5360      680.5129  4763529    0.44%
  43897 17548      677.6852    56      677.5360      680.5119  4769103    0.44%
  43993 17568      679.9033    86      677.5360      680.5106  4773595    0.44%
Elapsed time = 3399.60 sec. (3772043.38 ticks, tree = 307.65 MB, solutions = 6)
  44068 17614      678.3370    88      677.5360      680.5105  4779228    0.44%
  44104 17631      678.4597    88      677.5360      680.5087  4782354    0.44%
  44177 17658      679.1605    92      677.5360      680.5059  4788209    0.44%
  44227 17683      678.0027    84      677.5360      680.5046  4791209    0.44%
  44277 17701        cutoff            677.5360      680.5015  4797292    0.44%
  44293 17713      678.3041    88      677.5360      680.5015  4798393    0.44%
  44360 17748      678.1447    86      677.5360      680.4997  4803957    0.44%
  44412 17776      677.5677    66      677.5360      680.4994  4807810    0.44%
  44484 17815      677.8602    98      677.5360      680.4961  4813165    0.44%
  44676 17913      678.4269    90      677.5360      680.4921  4827369    0.44%
Elapsed time = 3442.86 sec. (3823374.05 ticks, tree = 312.53 MB, solutions = 6)
  44823 17986      678.1618   104      677.5360      680.4858  4843723    0.44%
  45093 18111      678.2576    94      677.5360      680.4811  4859543    0.43%
  45293 18202      678.2464    68      677.5360      680.4721  4877997    0.43%
  45594 18328      678.4293    91      677.5360      680.4700  4904047    0.43%
  45756 18409      677.6844    70      677.5360      680.4663  4923560    0.43%
  45893 18464      677.5365    94      677.5360      680.4613  4939247    0.43%
  46109 18559      679.0275    90      677.5360      680.4564  4957848    0.43%
  46301 18673      677.6971    88      677.5360      680.4549  4975525    0.43%
  46505 18755      677.6309    86      677.5360      680.4506  4996334    0.43%
  46693 18839      677.8027    80      677.5360      680.4444  5019850    0.43%
Elapsed time = 3591.33 sec. (3988232.24 ticks, tree = 332.19 MB, solutions = 6)

Flow cuts applied:  22
Mixed integer rounding cuts applied:  39
Lift and project cuts applied:  1
User cuts applied:  2010

Root node processing (before b&c):
  Real time             =    8.75 sec. (6705.85 ticks)
Sequential b&c:
  Real time             = 3591.25 sec. (3991132.18 ticks)
                          ------------
Total (root+branch&cut) = 3600.00 sec. (3997838.03 ticks)
|V|                                     800
K                                       10
theta                                   0.20
r                                       10
R                                       25
prob_func                               linear
#C1                                     10904
#CP                                     224412

@Parameters: 
am_callback_heuristic                   false
am_local_search                         true
am_start_heuristic                      false
colocation                              true
comp                                    false
cutC                                    true
cutC_init                               false
cutF                                    false
cutF_init                               false
cutF_stable                             false
cutF_wrong                              false
cutLocal                                false
cutM                                    true
cutM_init                               true
cutM_stable                             false
cutP                                    true
cutP_init                               false
cutP_stable                             false
init                                    true
init_cutF_zero                          false
init_val_greedy                         true
is_Euclidean                            false
is_local_search                         false
is_right_cutP                           true
is_root                                 false
is_silent                               false
is_start                                false
mycut                                   false
pmed                                    false
pre                                     true
stable_root                             false
str                                     false
two_phase                               false
ubstr                                   false
mode                                    Int

am_callback_node_space                  50
init                                    0
mixture_seed                            1
node_space                              5
nodelimit                               -1
nsepa                                   1
strF                                    0
type_delta                              0

EPS                                     0.001000
EPS_FRAC                                0.00
gap                                     0.00
mixture_high_max                        0.99
mixture_high_min                        0.90
mixture_low_max                         0.01
mixture_low_min                         0.00
mixture_low_share                       0.80
timelimit                               3600.00

Number of Closed Sites: 2 / 20 
Number of Confined Sites-1: 1 / 9 
Number of Confined Sites-k: 714 / 939 
Preprocess Time: 0.95 + 0.00 sec

Solve Time: 3600.00
Number of Nodes: 46821
Termination Status: TIME_LIMIT

CutInfo: [phase] num / time (sec) / aver. num_nonzero
max              [LP]     0 / 0.00 / 0.00 [init]   516 / 0.02 / 22.82 [rLC]   511 / 0.06 / 43.21 [rUC]  1417 / 0.33 / 33.93 [sLC]   476 / 0.22 / 51.49 [sUC]  2657 / 3.02 / 38.84 
prod_oa          [LP]     0 / 0.00 / 0.00 [init]   476 / 0.04 / 202.97 [rLC]  1138 / 0.17 / 218.17 [rUC]   124 / 1.68 / 110.44 [sLC]  3135 / 0.88 / 210.91 [sUC]   580 / 17.19 / 152.67 
prod_sm_fixed    [LP]     0 / 0.00 / 0.00 [init]     0 / 0.00 / 0.00 [rLC]     0 / 0.00 / 0.00 [rUC]     0 / 0.00 / 0.00 [sLC]     0 / 0.00 / 0.00 [sUC]     0 / 0.00 / 0.00 
prod_bin         [LP]     0 / 0.00 / 0.00 [init]     0 / 0.00 / 0.00 [rLC]     0 / 0.00 / 0.00 [rUC]     0 / 0.00 / 0.00 [sLC]     0 / 0.00 / 0.00 [sUC]     0 / 0.00 / 0.00 
prod_local       [LP]     0 / 0.00 / 0.00 [init]     0 / 0.00 / 0.00 [rLC]     0 / 0.00 / 0.00 [rUC]     0 / 0.00 / 0.00 [sLC]     0 / 0.00 / 0.00 [sUC]     0 / 0.00 / 0.00 
prod_sm_C        [LP]     0 / 0.00 / 0.00 [init]     0 / 0.00 / 0.00 [rLC]     0 / 0.00 / 0.00 [rUC]     0 / 0.00 / 0.00 [sLC]     0 / 0.00 / 0.00 [sUC]     0 / 0.00 / 0.00 
facet            [LP]     0 / 0.00 / 0.00 [init]     0 / 0.00 / 0.00 [rLC]     0 / 0.00 / 0.00 [rUC]     0 / 0.00 / 0.00 [sLC]     0 / 0.00 / 0.00 [sUC]     0 / 0.00 / 0.00 
Separation Round:   [LP] 0  [init] 1  [rLC] 4  [rUC] 29  [sLC] 22  [sUC] 74042  
Root Best Bound 686.017579
Root Best Integer: 675.631773
Best Bound: 680.442847
Best Integer: 677.535957
1: 133, 308, 326, 388, 563, 667, 711, 713, 749, 760
Objective Value (calc): 677.465347
sum_etaM = 601.800000 / 601.800000
sum_etaP = 696.469946 / 696.381684
nL: 10
nCL: 0
mCL: 1
