Version identifier: 20.1.0.0 | 2020-11-10 | 9bedb6d68
CPXPARAM_Threads                                 1
CPXPARAM_TimeLimit                               3600
CPXPARAM_MIP_Tolerances_MIPGap                   0
Generic callback                                 0x60
1 of 1 MIP starts provided solutions.
MIP start 'm1' defined initial solution with objective 571.8822.
Tried aggregator 2 times.
MIP Presolve eliminated 19 rows and 16 columns.
MIP Presolve modified 514 coefficients.
Aggregator did 3 substitutions.
Reduced MIP has 1572 rows, 2381 columns, and 14381 nonzeros.
Reduced MIP has 592 binaries, 589 generals, 0 SOSs, and 0 indicators.
Presolve time = 0.01 sec. (5.24 ticks)
Probing time = 0.00 sec. (0.75 ticks)
Tried aggregator 1 time.
Reduced MIP has 1572 rows, 2381 columns, and 14381 nonzeros.
Reduced MIP has 592 binaries, 589 generals, 0 SOSs, and 0 indicators.
Presolve time = 0.00 sec. (3.07 ticks)
Probing time = 0.00 sec. (0.75 ticks)
MIP emphasis: balance optimality and feasibility.
MIP search method: dynamic search.
Parallel mode: none, using 1 thread.
Root relaxation solution time = 0.03 sec. (37.72 ticks)

        Nodes                                         Cuts/
   Node  Left     Objective  IInf  Best Integer    Best Bound    ItCnt     Gap

*     0+    0                          571.8822      600.0000             4.92%
      0     0      594.5977   168      571.8822      594.5977     1051    3.97%
      0     0      581.4014   364      571.8822     Cuts: 493     1895    1.66%
      0     0      580.0152   344      571.8822     Cuts: 360     2562    1.42%
      0     0      579.6061   386      571.8822     Cuts: 213     2993    1.35%
      0     0      579.4367   390      571.8822     Cuts: 202     3299    1.32%
      0     0      579.3749   446      571.8822     Cuts: 162     3510    1.31%
      0     0      579.2902   442      571.8822     Cuts: 139     3823    1.30%
      0     0      579.2304   454      571.8822     Cuts: 114     4046    1.28%
      0     0      579.1743   446      571.8822     Cuts: 119     4295    1.28%
      0     0      579.1288   476      571.8822     Cuts: 121     4523    1.27%
      0     0      579.0971   440      571.8822     Cuts: 110     4712    1.26%
      0     0      579.0568   490      571.8822     Cuts: 102     4897    1.25%
      0     0      579.0516   490      571.8822 UserPurge2: 28     4989    1.25%
      0     0      579.0491   492      571.8822 UserPurge2: 38     5041    1.25%
      0     0      579.0484   488      571.8822 UserPurge2: 13     5066    1.25%
      0     0      579.0482   490      571.8822 UserPurge2: 6     5083    1.25%
      0     0      579.0481   494      571.8822 UserPurge2: 6     5095    1.25%
      0     0      579.0481   494      571.8822 UserPurge2: 3     5098    1.25%
      0     2      579.0407   488      571.8822      579.0403     5098    1.25%
Elapsed time = 4.17 sec. (3921.91 ticks, tree = 0.01 MB, solutions = 1)
      5     7      578.7855   494      571.8822      579.0343     7364    1.25%
      7     9      578.6611   470      571.8822      579.0343     9076    1.25%
      9    11      578.7120   466      571.8822      579.0343     9923    1.25%
     10    12      578.6488   446      571.8822      579.0343    10807    1.25%
     13    15      578.5640   426      571.8822      579.0343    11778    1.25%
     16    18      578.4708   438      571.8822      579.0343    13001    1.25%
     20    22      578.3376   440      571.8822      579.0343    14655    1.25%
     24    26      578.3162   420      571.8822      579.0343    15562    1.25%
     26    28      578.1428   420      571.8822      579.0343    16917    1.25%
     40    42      577.5609   400      571.8822      579.0343    20565    1.25%
Elapsed time = 9.10 sec. (8908.32 ticks, tree = 0.19 MB, solutions = 1)
     50    52      577.2359   370      571.8822      579.0343    22412    1.25%
     62    64      576.6920   356      571.8822      579.0343    25101    1.25%
     77    79      575.9262   344      571.8822      579.0343    28336    1.25%
     94    96      574.6340   274      571.8822      579.0343    31437    1.25%
    153   153        cutoff            571.8822      579.0343    36140    1.25%
    160   156      578.8378   484      571.8822      579.0335    38983    1.25%
    168   164      578.4714   466      571.8822      579.0335    42633    1.25%
    175   171      578.0684   448      571.8822      579.0335    46130    1.25%
    180   176      577.7167   416      571.8822      579.0335    48138    1.25%
    190   186      577.4204   430      571.8822      579.0335    51596    1.25%
Elapsed time = 23.13 sec. (20903.92 ticks, tree = 1.10 MB, solutions = 1)
    200   196      576.9709   398      571.8822      579.0335    54255    1.25%
    214   210      576.6286   372      571.8822      579.0335    57477    1.25%
    223   219      576.3401   354      571.8822      579.0335    59324    1.25%
    240   236      575.8351   322      571.8822      579.0335    62962    1.25%
    272   268      573.6522   207      571.8822      579.0335    66897    1.25%
    314   306      578.8523   500      571.8822      578.9878    70529    1.24%
    320   312      578.3561   478      571.8822      578.9878    74094    1.24%
    327   319      577.9388   458      571.8822      578.9878    77318    1.24%
    336   328      577.1441   420      571.8822      578.9878    80288    1.24%
    347   339      576.6136   392      571.8822      578.9878    83174    1.24%
Elapsed time = 33.97 sec. (31295.29 ticks, tree = 1.68 MB, solutions = 1)
    358   350      576.0786   374      571.8822      578.9878    86711    1.24%
    364   356      575.8725   366      571.8822      578.9878    88300    1.24%
    380   372      575.0409   318      571.8822      578.9878    92024    1.24%
    400   392      574.4923   288      571.8822      578.9878    94559    1.24%
    406   398      578.4352   490      571.8822      578.9876    97662    1.24%
    413   405      577.9572   456      571.8822      578.9876   100599    1.24%
    422   414      577.3632   436      571.8822      578.9876   103771    1.24%
    431   423      576.7773   414      571.8822      578.9876   107106    1.24%
    445   437      576.2875   406      571.8822      578.9876   109564    1.24%
    466   458      575.2174   376      571.8822      578.9876   112552    1.24%
Elapsed time = 44.12 sec. (41441.41 ticks, tree = 3.31 MB, solutions = 1)

Performing restart 1

Repeating presolve.
Tried aggregator 1 time.
MIP Presolve modified 235 coefficients.
Reduced MIP has 1572 rows, 2381 columns, and 14381 nonzeros.
Reduced MIP has 592 binaries, 589 generals, 0 SOSs, and 0 indicators.
Presolve time = 0.00 sec. (3.18 ticks)
Tried aggregator 1 time.
Reduced MIP has 1572 rows, 2381 columns, and 14381 nonzeros.
Reduced MIP has 592 binaries, 589 generals, 0 SOSs, and 0 indicators.
Presolve time = 0.00 sec. (3.14 ticks)
Represolve time = 0.04 sec. (25.57 ticks)
    477     0      577.5480   326      571.8822     Cuts: 113   118016    0.99%
    477     0      577.4739   324      571.8822      Cuts: 74   118252    0.98%
    477     0      577.4542   362      571.8822      Cuts: 64   118363    0.97%
    477     0      577.4385   358      571.8822      Cuts: 60   118482    0.97%
    477     0      577.4312   378      571.8822      Cuts: 54   118571    0.97%
    477     0      577.4230   384      571.8822      Cuts: 47   118689    0.97%
    477     0      577.4156   384      571.8822      Cuts: 51   118808    0.97%
    477     0      577.4066   380      571.8822      Cuts: 48   118914    0.97%
    477     0      577.4017   392      571.8822   MIRcuts: 42   119014    0.97%
    477     0      577.3975   398      571.8822      Cuts: 42   119101    0.96%
    477     0      577.3520   394      571.8822      Cuts: 69   119310    0.96%
    477     0      577.3328   380      571.8822      Cuts: 66   119494    0.95%
    477     0      577.3236   374      571.8822      Cuts: 58   119645    0.95%
    477     0      577.3132   382      571.8822      Cuts: 60   119806    0.95%
    477     0      577.3068   400      571.8822      Cuts: 65   119910    0.95%
    477     0      577.2999   372      571.8822      Cuts: 53   120043    0.95%
    477     0      577.2971   384      571.8822      Cuts: 47   120136    0.95%
    477     2      577.2929   392      571.8822      577.2928   120136    0.95%
    478     3      577.2538   350      571.8822      577.2928   120529    0.95%
    479     4      577.1925   366      571.8822      577.2528   121112    0.94%
    480     5      577.1570   404      571.8822      577.2528   121933    0.94%
    481     6      577.1193   396      571.8822      577.1922   122275    0.93%
    482     7      577.1310   392      571.8822      577.1922   123137    0.93%
    483     8      576.9974   356      571.8822      577.1922   124351    0.93%
    484     9      576.9857   354      571.8822      577.1922   124786    0.93%
    486    11      576.9594   330      571.8822      577.1922   125206    0.93%
    488    13      576.8744   340      571.8822      577.1922   125922    0.93%
Elapsed time = 68.73 sec. (69409.20 ticks, tree = 0.06 MB, solutions = 1)
    490    15      576.5284   380      571.8822      577.1922   127941    0.93%
    493    18      576.4845   370      571.8822      577.1922   129312    0.93%
    499    24      576.3423   348      571.8822      577.1922   130904    0.93%
    501    26      576.3904   376      571.8822      577.1922   132099    0.93%
    507    32      576.2840   358      571.8822      577.1922   133932    0.93%
    515    40      575.6974   340      571.8822      577.1922   136248    0.93%
    523    48      575.9905   336      571.8822      577.1922   138358    0.93%
    527    52      575.9227   350      571.8822      577.1922   140372    0.93%
    537    62      575.7178   328      571.8822      577.1922   143430    0.93%
    547    72      575.6090   324      571.8822      577.1922   145622    0.93%
Elapsed time = 79.57 sec. (81753.88 ticks, tree = 0.48 MB, solutions = 1)
    556    81      574.9072   342      571.8822      577.1922   147363    0.93%
    567    92      575.3125   338      571.8822      577.1922   150113    0.93%
    577   102      575.0997   336      571.8822      577.1922   152136    0.93%
    591   116      574.9400   306      571.8822      577.1922   154051    0.93%
    606   131      573.8308   296      571.8822      577.1922   155654    0.93%
    618   143      573.4799   250      571.8822      577.1922   156757    0.93%
    635   160      572.8452   256      571.8822      577.1922   158499    0.93%
    655   176      572.1509   258      571.8822      577.1922   159978    0.93%
    667   180      577.1107   398      571.8822      577.1919   160712    0.93%
    675   188      576.7928   388      571.8822      577.1919   163101    0.93%
Elapsed time = 89.80 sec. (92328.22 ticks, tree = 3.04 MB, solutions = 1)
    679   192      576.2506   376      571.8822      577.1919   164273    0.93%
    694   207      575.8558   353      571.8822      577.1919   167278    0.93%
    700   213      575.8341   355      571.8822      577.1919   168345    0.93%
    717   230      574.9981   325      571.8822      577.1919   171126    0.93%
    726   239      574.0345   337      571.8822      577.1919   173772    0.93%
    737   250      573.3885   331      571.8822      577.1919   175268    0.93%
    765   264      577.0176   410      571.8822      577.1310   179466    0.92%
    775   274      576.6943   404      571.8822      577.1310   183200    0.92%
    777   276      576.7389   382      571.8822      577.1310   183568    0.92%
    789   288      575.9760   360      571.8822      577.1310   186790    0.92%
Elapsed time = 100.35 sec. (103307.10 ticks, tree = 5.33 MB, solutions = 1)
    797   296      575.6731   372      571.8822      577.1310   188655    0.92%
    807   306      574.9016   342      571.8822      577.1310   191420    0.92%
    827   326      573.3852   338      571.8822      577.1310   194506    0.92%
    837   336      572.5712   324      571.8822      577.1310   196341    0.92%
    850   345      571.9678   320      571.8822      577.1310   198929    0.92%
    864   353      576.6568   396      571.8822      577.1309   200894    0.92%
    876   365      574.4732   398      571.8822      577.1309   203994    0.92%
    880   369      574.3876   380      571.8822      577.1309   204833    0.92%
    900   384      576.9815   412      571.8822      577.1192   208093    0.92%
    907   391      576.7424   416      571.8822      577.1192   211356    0.92%
Elapsed time = 110.60 sec. (113760.38 ticks, tree = 6.79 MB, solutions = 1)
    917   401      576.4774   396      571.8822      577.1192   213835    0.92%
    933   417      575.3021   357      571.8822      577.1192   216738    0.92%
    953   437      574.3691   327      571.8822      577.1192   219793    0.92%
    972   456      572.9870   329      571.8822      577.1192   222598    0.92%
    997   477      571.9118   277      571.8822      577.1192   225877    0.92%
   1015   489      576.4185   400      571.8822      577.1185   228878    0.92%
   1027   501      576.2832   384      571.8822      577.1185   231114    0.92%
   1044   518      575.5080   338      571.8822      577.1185   234092    0.92%
   1059   533      575.3665   330      571.8822      577.1185   236434    0.92%
   1137   597      574.5912   348      571.8822      577.0853   247156    0.91%
Elapsed time = 124.14 sec. (126936.36 ticks, tree = 12.51 MB, solutions = 1)
   1214   652      575.3454   388      571.8822      577.0547   256764    0.90%
   1267   697      576.5948   380      571.8822      577.0539   266535    0.90%
   1315   745      574.0571   345      571.8822      577.0539   276956    0.90%
   1387   803      573.0501   342      571.8822      577.0483   286851    0.90%
   1438   834      576.0364   384      571.8822      577.0174   294958    0.90%
   1505   901      572.3430   278      571.8822      577.0174   306185    0.90%
   1627   993      576.4429   376      571.8822      576.9980   316974    0.89%
   1704  1070      573.1341   280      571.8822      576.9980   327170    0.89%
   1820  1165      575.9642   384      571.8822      576.9936   338568    0.89%
   1919  1250      571.9935   264      571.8822      576.9936   350303    0.89%
Elapsed time = 161.78 sec. (165446.40 ticks, tree = 27.59 MB, solutions = 1)
   2017  1335      572.8873   318      571.8822      576.9856   362386    0.89%
   2087  1391      575.5098   396      571.8822      576.9801   372051    0.89%
   2167  1471      572.6772   280      571.8822      576.9801   382128    0.89%
   2278  1560      575.8604   320      571.8822      576.9726   394015    0.89%
   2384  1666      574.7480   227      571.8822      576.9726   404371    0.89%
   2691  1934      576.5862   364      571.8822      576.9488   413326    0.89%
   2761  1999      575.7086   382      571.8822      576.9426   424616    0.88%
   2839  2077      573.7281   312      571.8822      576.9426   436056    0.88%
   2953  2173      576.0367   408      571.8822      576.9379   447219    0.88%
   3019  2234      573.3794   338      571.8822      576.9379   458367    0.88%
Elapsed time = 201.39 sec. (204081.49 ticks, tree = 54.10 MB, solutions = 1)
   3112  2312      576.3550   392      571.8822      576.9261   469989    0.88%
   3184  2384      572.7232   312      571.8822      576.9261   481229    0.88%
   3269  2447      576.3002   376      571.8822      576.9224   492502    0.88%
   3307  2485      575.9353   374      571.8822      576.9224   500170    0.88%
   3419  2583      575.5412   366      571.8822      576.9197   511829    0.88%
   3490  2650      575.5886   376      571.8822      576.9132   522852    0.88%
   3597  2743      574.4468   377      571.8822      576.9058   534813    0.88%
   3677  2813      574.9527   362      571.8822      576.9051   545462    0.88%
   3777  2901      574.3315   368      571.8822      576.8971   557071    0.88%
   3846  2965      574.5305   348      571.8822      576.8962   568448    0.88%
Elapsed time = 239.91 sec. (242933.48 ticks, tree = 70.71 MB, solutions = 1)
   3951  3049      573.9046   329      571.8822      576.8960   579566    0.88%
   4008  3098      574.5882   352      571.8822      576.8950   590201    0.88%
   4117  3167      576.6128   402      571.8822      576.8931   601858    0.88%
   4187  3237      574.2616   330      571.8822      576.8931   613358    0.88%
   4324  3355      575.5715   334      571.8822      576.8920   625008    0.88%
   4431  3450      575.6528   327      571.8822      576.8915   636682    0.88%
   4657  3668      575.6810   390      571.8822      576.8883   646412    0.88%
   4722  3733      572.0576   346      571.8822      576.8883   657598    0.88%
   4810  3807      576.4856   356      571.8822      576.8839   669074    0.87%
   4905  3902      574.0776   253      571.8822      576.8839   681097    0.87%
Elapsed time = 279.47 sec. (281352.23 ticks, tree = 90.98 MB, solutions = 1)
   5058  4035      575.2832   396      571.8822      576.8834   693265    0.87%
   5151  4119      571.8908   273      571.8822      576.8834   704939    0.87%
   5248  4206      574.7940   346      571.8822      576.8830   716390    0.87%
   5318  4270      576.7570   402      571.8822      576.8794   725697    0.87%
   5405  4357      572.9411   288      571.8822      576.8794   737525    0.87%
   5525  4454      575.0290   364      571.8822      576.8793   749437    0.87%
   5607  4530      574.1126   343      571.8822      576.8789   761274    0.87%
   5678  4597      575.2396   331      571.8822      576.8772   771506    0.87%
   5805  4710      574.2186   370      571.8822      576.8766   783570    0.87%
   5864  4763      574.6737   352      571.8822      576.8748   794225    0.87%
Elapsed time = 318.73 sec. (319840.15 ticks, tree = 114.92 MB, solutions = 1)
   5953  4836      574.9528   368      571.8822      576.8744   806103    0.87%
   6029  4906      575.9817   352      571.8822      576.8744   816687    0.87%
   6142  4996      572.7546   360      571.8822      576.8737   828506    0.87%
   6213  5063      574.0392   324      571.8822      576.8727   839558    0.87%
   6308  5149      575.6558   378      571.8822      576.8720   851026    0.87%
   6407  5238      576.7424   400      571.8822      576.8705   863129    0.87%
   6507  5338      573.9803   261      571.8822      576.8705   874846    0.87%
   6725  5537      574.2223   366      571.8822      576.8684   886680    0.87%
   6789  5593      575.4250   360      571.8822      576.8684   897054    0.87%
   6888  5671      575.0935   394      571.8822      576.8683   909243    0.87%
Elapsed time = 358.04 sec. (358336.94 ticks, tree = 139.89 MB, solutions = 1)
   6968  5743      574.5457   326      571.8822      576.8682   920887    0.87%
   7085  5835      576.0487   386      571.8822      576.8669   932803    0.87%
   7148  5898      574.0035   327      571.8822      576.8669   943636    0.87%
   7260  6000      573.1443   328      571.8822      576.8669   955895    0.87%
   7342  6075      573.3023   292      571.8822      576.8652   967350    0.87%
   7444  6157      574.6794   324      571.8822      576.8649   979326    0.87%
   7548  6253      575.8723   402      571.8822      576.8644   991274    0.87%
   7628  6324      576.3711   420      571.8822      576.8641  1003756    0.87%
   7689  6379      575.0159   352      571.8822      576.8640  1014512    0.87%
   7793  6460      575.6886   398      571.8822      576.8627  1026483    0.87%
Elapsed time = 396.85 sec. (397002.16 ticks, tree = 161.99 MB, solutions = 1)
   7875  6532      575.7705   332      571.8822      576.8617  1037923    0.87%
   7967  6619      572.8274   329      571.8822      576.8610  1049637    0.87%
   8023  6666      574.7195   362      571.8822      576.8606  1061058    0.87%
   8146  6760      574.3229   341      571.8822      576.8605  1072925    0.87%
   8241  6845      573.0424   281      571.8822      576.8598  1084145    0.87%
   8324  6921      575.6986   333      571.8822      576.8593  1095674    0.87%
   8449  7031      576.0153   374      571.8822      576.8590  1107917    0.87%
   8539  7115      575.0463   364      571.8822      576.8579  1119699    0.87%
   8620  7179      573.2984   366      571.8822      576.8572  1130696    0.87%
   8707  7248      575.6652   386      571.8822      576.8565  1142268    0.87%
Elapsed time = 436.15 sec. (435559.03 ticks, tree = 184.84 MB, solutions = 1)
   8796  7321      575.7368   374      571.8822      576.8546  1154044    0.87%
   8867  7388      574.0881   348      571.8822      576.8543  1165329    0.87%
   8934  7455      572.5072   282      571.8822      576.8543  1176718    0.87%
   9033  7536      575.9932   378      571.8822      576.8479  1187990    0.87%
   9157  7637      575.9256   372      571.8822      576.8463  1200722    0.87%
   9254  7723      576.0966   378      571.8822      576.8460  1212867    0.87%
   9359  7812      575.8967   358      571.8822      576.8457  1223627    0.87%
   9455  7899      572.3445   306      571.8822      576.8425  1235393    0.87%
   9557  7978      575.7777   338      571.8822      576.8418  1246628    0.87%
   9645  8051      573.3592   374      571.8822      576.8408  1258752    0.87%
Elapsed time = 474.95 sec. (474191.68 ticks, tree = 208.13 MB, solutions = 1)
   9700  8102      574.2191   386      571.8822      576.8405  1268207    0.87%
   9792  8180      571.9142   313      571.8822      576.8388  1279596    0.87%
   9874  8258      574.7646   286      571.8822      576.8383  1291170    0.87%
  10017  8400      572.7290   105      571.8822      576.8383  1298348    0.87%
  10018  8401      576.2119   402      571.8822      576.8381  1298655    0.87%
  10019  8402      576.3342   394      571.8822      576.8375  1299080    0.87%
  10115  8492      573.9390   315      571.8822      576.8347  1311020    0.87%
  10211  8572      575.5957   362      571.8822      576.8326  1322504    0.87%
  10320  8666      572.8718   325      571.8822      576.8324  1334394    0.87%
  10384  8726      572.6625   296      571.8822      576.8315  1345903    0.87%
Elapsed time = 522.61 sec. (521291.22 ticks, tree = 227.60 MB, solutions = 1)
  10507  8813      574.8963   343      571.8822      576.8313  1356189    0.87%
  10587  8885      573.4227   330      571.8822      576.8312  1367792    0.87%
  10673  8957      574.3821   356      571.8822      576.8307  1379383    0.87%
  10775  9037      574.0260   316      571.8822      576.8301  1391227    0.87%
  10874  9117      575.5911   372      571.8822      576.8286  1400646    0.86%
  10957  9186      576.4705   396      571.8822      576.8286  1410177    0.86%
  11026  9255      572.8478   295      571.8822      576.8286  1421751    0.86%
  11103  9321      575.4683   360      571.8822      576.8266  1433557    0.86%
  11213  9411      575.2146   364      571.8822      576.8250  1445617    0.86%
  11287  9475      575.7528   380      571.8822      576.8250  1455673    0.86%
Elapsed time = 561.39 sec. (560050.32 ticks, tree = 249.05 MB, solutions = 1)
  11395  9572      576.2996   372      571.8822      576.8246  1468170    0.86%
  11663  9829      575.6673   398      571.8822      576.8235  1479498    0.86%
  11719  9885      573.3197   294      571.8822      576.8235  1489498    0.86%
  11797  9958      573.3585   348      571.8822      576.8233  1501189    0.86%
  11875 10022      573.3199   336      571.8822      576.8226  1512923    0.86%
  11967 10091      575.7575   380      571.8822      576.8217  1524502    0.86%
  12057 10172      575.1520   346      571.8822      576.8193  1536135    0.86%
  12136 10245      575.2228   330      571.8822      576.8187  1548011    0.86%
  12282 10371      574.7408   338      571.8822      576.8173  1559749    0.86%
  12372 10451      574.4901   302      571.8822      576.8167  1571827    0.86%
Elapsed time = 601.46 sec. (598705.66 ticks, tree = 277.74 MB, solutions = 1)
  12477 10533      575.6685   368      571.8822      576.8149  1583437    0.86%
  12547 10603      572.6651   272      571.8822      576.8149  1594528    0.86%
  12632 10673      573.7189   336      571.8822      576.8138  1606073    0.86%
  12750 10751      574.4844   356      571.8822      576.8122  1617786    0.86%
  12839 10826      574.6946   348      571.8822      576.8114  1630182    0.86%
  12923 10898      573.8304   356      571.8822      576.8096  1640727    0.86%
  13039 11008      572.1794   321      571.8822      576.8094  1652565    0.86%
  13108 11067      574.4889   357      571.8822      576.8089  1663823    0.86%
  13202 11142      576.5968   370      571.8822      576.8071  1676011    0.86%
  13277 11217      573.4662   267      571.8822      576.8071  1686288    0.86%
Elapsed time = 640.26 sec. (637445.67 ticks, tree = 299.63 MB, solutions = 1)
  13400 11313      575.7572   338      571.8822      576.8051  1698355    0.86%
  13513 11409      575.9903   374      571.8822      576.8047  1710143    0.86%
  13614 11504      574.2627   400      571.8822      576.8025  1722090    0.86%
  13692 11573      576.1604   392      571.8822      576.8024  1733828    0.86%
  13790 11661      575.3173   394      571.8822      576.8016  1744851    0.86%
  13875 11736      575.1590   338      571.8822      576.7999  1756580    0.86%
  13953 11804      575.3163   338      571.8822      576.7991  1767507    0.86%
  14074 11905      574.2225   340      571.8822      576.7991  1779674    0.86%
  14154 11981      572.8117   316      571.8822      576.7984  1791309    0.86%
  14244 12048      575.2998   364      571.8822      576.7981  1802974    0.86%
Elapsed time = 678.76 sec. (675898.97 ticks, tree = 323.83 MB, solutions = 1)
  14327 12119      576.3338   378      571.8822      576.7974  1813909    0.86%
  14398 12190      573.3683   305      571.8822      576.7974  1825719    0.86%
  14491 12259      574.8052   352      571.8822      576.7973  1835885    0.86%
  14592 12350      572.0630   305      571.8822      576.7972  1847581    0.86%
  14650 12402      573.9980   334      571.8822      576.7969  1858028    0.86%
  14755 12489      576.2067   406      571.8822      576.7959  1869527    0.86%
  14803 12537      572.9025   339      571.8822      576.7959  1880991    0.86%
  14993 12717      572.8246   159      571.8822      576.7958  1892264    0.86%
  15127 12845      573.1631   304      571.8822      576.7958  1903946    0.86%
  15241 12925      576.0864   376      571.8822      576.7955  1915410    0.86%
Elapsed time = 717.08 sec. (714431.91 ticks, tree = 346.48 MB, solutions = 1)
  15301 12985      573.2856   309      571.8822      576.7955  1926513    0.86%
  15400 13062      573.5067   334      571.8822      576.7945  1938371    0.86%
  15479 13129      573.0744   338      571.8822      576.7944  1950140    0.86%
  15598 13223      575.8154   360      571.8822      576.7928  1962044    0.86%
  15677 13302      573.7115   277      571.8822      576.7928  1973372    0.86%
  15766 13375      574.7299   386      571.8822      576.7921  1985138    0.86%
  15842 13443      572.7157   366      571.8822      576.7918  1996602    0.86%
  15907 13501      573.7236   326      571.8822      576.7916  2007693    0.86%
  16031 13599      575.7297   418      571.8822      576.7894  2019931    0.86%
  16116 13684      572.1828   270      571.8822      576.7894  2031509    0.86%
Elapsed time = 755.21 sec. (753030.36 ticks, tree = 368.73 MB, solutions = 1)
  16193 13750      574.3924   348      571.8822      576.7888  2042807    0.86%
  16300 13841      575.2106   400      571.8822      576.7886  2054559    0.86%
  16402 13929      575.3428   376      571.8822      576.7884  2066368    0.86%
  16477 13996      575.0199   354      571.8822      576.7877  2077221    0.86%
  16585 14083      573.1967   362      571.8822      576.7877  2089095    0.86%
  16666 14158      573.6276   338      571.8822      576.7858  2100655    0.86%
  16791 14279      572.7487   332      571.8822      576.7856  2112644    0.86%
  16873 14349      573.5495   282      571.8822      576.7831  2124299    0.86%
  16977 14436      575.4936   366      571.8822      576.7825  2136045    0.86%
  17103 14538      576.7785   382      571.8822      576.7817  2148260    0.86%
Elapsed time = 793.95 sec. (791685.49 ticks, tree = 393.83 MB, solutions = 1)
  17167 14591      576.3919   380      571.8822      576.7814  2159759    0.86%
  17237 14649      576.2400   402      571.8822      576.7795  2171140    0.86%
  17343 14741      574.8922   371      571.8822      576.7792  2182545    0.86%
  17447 14815      575.3243   354      571.8822      576.7791  2194437    0.86%
  17523 14887      573.8310   304      571.8822      576.7788  2205690    0.86%
  17633 14975      575.9734   386      571.8822      576.7778  2217256    0.86%
  17716 15054      571.9729   275      571.8822      576.7778  2229532    0.86%
  17821 15141      575.0428   328      571.8822      576.7773  2240850    0.86%
  17927 15228      572.9212   334      571.8822      576.7755  2252637    0.86%
  18019 15307      573.6637   336      571.8822      576.7752  2264262    0.86%
Elapsed time = 832.10 sec. (830130.69 ticks, tree = 414.54 MB, solutions = 1)
  18113 15390      576.1813   400      571.8822      576.7745  2275786    0.86%
  18197 15474      571.9354   308      571.8822      576.7745  2287820    0.86%
  18378 15639      572.4543   158      571.8822      576.7740  2299639    0.86%
  18477 15732      574.3068   310      571.8822      576.7740  2310547    0.86%
  18587 15817      576.4219   388      571.8822      576.7728  2322086    0.86%
  18714 15923      574.7928   362      571.8822      576.7728  2334005    0.86%
  18789 15992      573.8963   340      571.8822      576.7726  2345486    0.86%
  18884 16071      574.7005   350      571.8822      576.7724  2357199    0.86%
  18971 16152      575.3653   384      571.8822      576.7710  2368945    0.85%
  19067 16235      574.5629   360      571.8822      576.7706  2380629    0.85%
Elapsed time = 871.22 sec. (868775.53 ticks, tree = 441.90 MB, solutions = 1)
  19149 16309      573.7072   336      571.8822      576.7705  2392032    0.85%
  19255 16398      575.1778   396      571.8822      576.7695  2404122    0.85%
  19334 16466      575.5151   384      571.8822      576.7690  2415109    0.85%
  19398 16526      574.8585   386      571.8822      576.7686  2426510    0.85%
  19475 16592      576.2094   400      571.8822      576.7684  2437955    0.85%
  19537 16654      573.8170   318      571.8822      576.7684  2449073    0.85%

Performing restart 2

Repeating presolve.
Tried aggregator 1 time.
MIP Presolve modified 63 coefficients.
Reduced MIP has 1572 rows, 2381 columns, and 14381 nonzeros.
Reduced MIP has 592 binaries, 589 generals, 0 SOSs, and 0 indicators.
Presolve time = 0.00 sec. (3.16 ticks)
Tried aggregator 1 time.
Reduced MIP has 1572 rows, 2381 columns, and 14381 nonzeros.
Reduced MIP has 592 binaries, 589 generals, 0 SOSs, and 0 indicators.
Presolve time = 0.00 sec. (3.14 ticks)
Represolve time = 0.12 sec. (35.59 ticks)
  19561     0      577.1186   426      571.8822      Cuts: 62  2456929    0.85%
  19561     0      577.1088   398      571.8822      Cuts: 38  2457079    0.85%
  19561     0      577.1011   426      571.8822      Cuts: 42  2457210    0.85%
  19561     0      577.0983   430      571.8822      Cuts: 52  2457319    0.85%
  19561     0      577.0951   428      571.8822      Cuts: 45  2457433    0.85%
  19561     0      577.0912   434      571.8822   MIRcuts: 35  2457545    0.85%
  19561     0      577.0903   436      571.8822      Cuts: 29  2457631    0.85%
  19561     2      577.0896   436      571.8822      576.7684  2457631    0.85%
  19562     3      577.0566   392      571.8822      576.7684  2458127    0.85%
  19565     6      576.9325   380      571.8822      576.7684  2459156    0.85%
  19568     9      576.9309   368      571.8822      576.7684  2460231    0.85%
Elapsed time = 915.39 sec. (916481.91 ticks, tree = 0.09 MB, solutions = 1)
  19576    17      576.5748   378      571.8822      576.7684  2461526    0.85%
  19595    36      576.4547   344      571.8822      576.7684  2464353    0.85%
  19624    65      574.5009   294      571.8822      576.7684  2469367    0.85%
  19682   123      573.2836   226      571.8822      576.7684  2473031    0.85%
  19761   182      576.3547   374      571.8822      576.7684  2479008    0.85%
  19806   227      574.7681   314      571.8822      576.7684  2484592    0.85%
  19899   288      576.8097   350      571.8822      576.7684  2493951    0.85%
  19977   366      576.3318   338      571.8822      576.7684  2502834    0.85%
  20097   462      575.7671   320      571.8822      576.7684  2512008    0.85%
  20258   606      575.2888   320      571.8822      576.7684  2524604    0.85%
Elapsed time = 950.68 sec. (955389.56 ticks, tree = 9.98 MB, solutions = 1)
  20404   728      576.0719   328      571.8822      576.7684  2535712    0.85%
  20574   894      572.4484   143      571.8822      576.7684  2548072    0.85%
  20761  1048      575.8705   318      571.8822      576.7684  2559118    0.85%
  21007  1284        cutoff            571.8822      576.7684  2571708    0.85%
  21161  1424      572.8890   254      571.8822      576.7684  2584871    0.85%
  21360  1577      575.7605   280      571.8822      576.7684  2598340    0.85%
  21570  1737      576.3502   384      571.8822      576.7684  2611762    0.85%
  21782  1919      575.8567   326      571.8822      576.7684  2625345    0.85%
  21961  2067      574.0764   282      571.8822      576.7684  2637914    0.85%
  22177  2226      576.4987   312      571.8822      576.7684  2651356    0.85%
Elapsed time = 992.91 sec. (994558.55 ticks, tree = 41.73 MB, solutions = 1)
  22555  2599      576.2693   362      571.8822      576.7684  2664117    0.85%
  22695  2730      572.4574   247      571.8822      576.7684  2677027    0.85%
  22850  2848      575.3972   344      571.8822      576.7684  2689147    0.85%
  23041  3025      575.3194   338      571.8822      576.7684  2702468    0.85%
  23203  3166      572.7978   222      571.8822      576.7684  2714539    0.85%
  23292  3248      574.4919   287      571.8822      576.7684  2725693    0.85%
  23409  3356      575.5351   326      571.8822      576.7684  2738039    0.85%
  23581  3499      576.3901   370      571.8822      576.7684  2749339    0.85%
  23672  3590      574.5155   277      571.8822      576.7684  2760682    0.85%
  23851  3736      576.1335   380      571.8822      576.7684  2772240    0.85%
Elapsed time = 1033.89 sec. (1033117.07 ticks, tree = 72.28 MB, solutions = 1)
  24001  3845      576.2686   380      571.8822      576.7684  2783790    0.85%
  24111  3951      574.7451   310      571.8822      576.7684  2795140    0.85%
  24275  4104      572.0012   251      571.8822      576.7684  2806868    0.85%
  24403  4224      572.7007   232      571.8822      576.7684  2818252    0.85%
  24551  4359      572.0618   195      571.8822      576.7684  2830243    0.85%
  24672  4458      575.0820   279      571.8822      576.7684  2841612    0.85%
  24882  4646      575.0161   267      571.8822      576.7684  2853163    0.85%
  25120  4880      575.8872   343      571.8822      576.7684  2863112    0.85%
  25257  5001      576.5024   360      571.8822      576.7684  2875246    0.85%
  25387  5120      575.8193   330      571.8822      576.7684  2886764    0.85%
Elapsed time = 1074.31 sec. (1071612.08 ticks, tree = 101.64 MB, solutions = 1)
  25561  5276      572.2573   273      571.8822      576.7684  2899187    0.85%
  25649  5356      573.6077   306      571.8822      576.7684  2911170    0.85%
  25821  5499      575.7827   340      571.8822      576.7684  2924066    0.85%
  26003  5642      576.0329   362      571.8822      576.7684  2937319    0.85%
  26143  5768      575.8234   372      571.8822      576.7684  2950011    0.85%
  26291  5894      573.7048   286      571.8822      576.7684  2962493    0.85%
  26456  6050      573.0039   261      571.8822      576.7684  2975165    0.85%
  26589  6163      574.5189   291      571.8822      576.7684  2987090    0.85%
  26741  6299      574.2764   234      571.8822      576.7684  2999070    0.85%
  26921  6446      576.0844   324      571.8822      576.7684  3010703    0.85%
Elapsed time = 1114.81 sec. (1110263.04 ticks, tree = 129.19 MB, solutions = 1)
  27087  6593      576.0170   360      571.8822      576.7684  3023348    0.85%
  27161  6667      573.9576   256      571.8822      576.7684  3034510    0.85%
  27331  6814      574.6589   282      571.8822      576.7684  3047639    0.85%
  27472  6945      573.5483   286      571.8822      576.7684  3057576    0.85%
  27550  7017      574.9494   313      571.8822      576.7684  3065872    0.85%
  27668  7122      574.9618   308      571.8822      576.7684  3073404    0.85%
  27752  7202      575.7502   306      571.8822      576.7684  3081845    0.85%
  27877  7327      573.8504   160      571.8822      576.7684  3090567    0.85%
  28099  7536      574.3698   296      571.8822      576.7684  3098238    0.85%
  28181  7614      575.6876   292      571.8822      576.7684  3106185    0.85%
Elapsed time = 1151.96 sec. (1148675.79 ticks, tree = 154.96 MB, solutions = 1)
  28316  7743      572.1763   188      571.8822      576.7684  3114651    0.85%
  28418  7836      575.3143   350      571.8822      576.7684  3121972    0.85%
  28541  7926      576.6710   346      571.8822      576.7684  3129811    0.85%
  28624  8009      573.8110   271      571.8822      576.7684  3138350    0.85%
  28755  8106      575.0627   316      571.8822      576.7684  3146706    0.85%
  28890  8213      571.8886   163      571.8822      576.7684  3154522    0.85%
  28989  8302      575.8417   354      571.8822      576.7684  3162164    0.85%
  29091  8390      576.5127   348      571.8822      576.7684  3170309    0.85%
  29200  8488      575.5558   346      571.8822      576.7684  3178073    0.85%
  29290  8578      572.8333   244      571.8822      576.7684  3186838    0.85%
Elapsed time = 1187.39 sec. (1187154.21 ticks, tree = 178.49 MB, solutions = 1)
  29439  8680        cutoff            571.8822      576.7671  3193665    0.85%
  29522  8750      576.6442   338      571.8822      576.7657  3201885    0.85%
  29641  8835      576.5791   356      571.8822      576.7637  3207995    0.85%
  29746  8940      572.4931   210      571.8822      576.7637  3216315    0.85%
  29824  9006      575.0214   272      571.8822      576.7625  3225000    0.85%
  29988  9170      573.3807   122      571.8822      576.7625  3232252    0.85%
  30197  9356      575.9273   328      571.8822      576.7623  3240444    0.85%
  30284  9441      572.2782   232      571.8822      576.7623  3249228    0.85%
  30410  9526      572.5900   293      571.8822      576.7586  3256272    0.85%
  30480  9588      574.9323   330      571.8822      576.7571  3264043    0.85%
Elapsed time = 1223.19 sec. (1225583.91 ticks, tree = 202.61 MB, solutions = 1)
  30591  9674      576.0708   336      571.8822      576.7569  3271912    0.85%
  30683  9756      574.8893   340      571.8822      576.7565  3279911    0.85%
  30761  9834      572.7579   278      571.8822      576.7565  3288043    0.85%
  30868  9921      576.3914   366      571.8822      576.7555  3295708    0.85%
  30941  9994      574.4891   273      571.8822      576.7555  3303869    0.85%
  31091 10110      576.0437   372      571.8822      576.7541  3311475    0.85%
  31166 10179      576.1095   354      571.8822      576.7535  3319311    0.85%
  31251 10264      573.4544   256      571.8822      576.7535  3327802    0.85%
  31326 10330      573.8209   310      571.8822      576.7534  3335990    0.85%
  31413 10403      575.7150   330      571.8822      576.7531  3344295    0.85%
Elapsed time = 1258.32 sec. (1264045.45 ticks, tree = 221.10 MB, solutions = 1)
  31571 10504      576.1331   344      571.8822      576.7517  3352095    0.85%
  31667 10588      575.8873   350      571.8822      576.7505  3359302    0.85%
  31760 10676      572.2440   256      571.8822      576.7505  3367336    0.85%
  31860 10749      575.3462   334      571.8822      576.7480  3375072    0.85%
  31961 10850      572.6504   224      571.8822      576.7480  3383172    0.85%
  32051 10921      575.6543   346      571.8822      576.7479  3391148    0.85%
  32112 10982      574.1463   266      571.8822      576.7479  3399983    0.85%
  32217 11071      573.5635   289      571.8822      576.7448  3408342    0.85%
  32300 11146      575.8319   280      571.8822      576.7429  3416749    0.85%
  32448 11294      572.6548   138      571.8822      576.7429  3423834    0.85%
Elapsed time = 1293.89 sec. (1302594.28 ticks, tree = 240.55 MB, solutions = 1)
  32626 11449      575.7922   334      571.8822      576.7413  3432418    0.85%
  32721 11536      571.9460   226      571.8822      576.7413  3441374    0.85%
  32791 11586      575.8277   309      571.8822      576.7407  3448479    0.85%
  32891 11672      572.7307   252      571.8822      576.7405  3456573    0.85%
  32961 11739      575.6705   319      571.8822      576.7394  3465326    0.85%
  33063 11841      572.3193   217      571.8822      576.7394  3473708    0.85%
  33173 11911      576.2858   354      571.8822      576.7382  3481484    0.85%
  33267 12004      572.3565   259      571.8822      576.7382  3489619    0.85%
  33386 12084      576.3228   356      571.8822      576.7331  3497285    0.85%
  33475 12172      571.9923   241      571.8822      576.7331  3505606    0.85%
Elapsed time = 1329.63 sec. (1341115.57 ticks, tree = 261.66 MB, solutions = 1)
  33582 12252      575.8377   360      571.8822      576.7307  3512111    0.85%
  33691 12352      572.0665   196      571.8822      576.7307  3520051    0.85%
  33798 12428      572.5804   270      571.8822      576.7305  3528008    0.85%
  33871 12497      574.8870   313      571.8822      576.7297  3536556    0.85%
  33969 12587      575.8423   354      571.8822      576.7293  3545329    0.85%
  34051 12665      575.7953   368      571.8822      576.7261  3552598    0.85%
  34134 12748      572.6130   241      571.8822      576.7261  3561107    0.85%
  34286 12838      576.1273   377      571.8822      576.7247  3567684    0.85%
  34361 12913      574.0078   282      571.8822      576.7247  3575766    0.85%
  34484 13020      576.3254   348      571.8822      576.7240  3584058    0.85%
Elapsed time = 1365.27 sec. (1379894.23 ticks, tree = 282.48 MB, solutions = 1)
  34565 13093      574.0788   332      571.8822      576.7222  3591679    0.85%
  34667 13189      572.0557   244      571.8822      576.7222  3600275    0.85%
  34804 13283      574.9383   233      571.8822      576.7199  3606131    0.85%
  35001 13476      575.8007   326      571.8822      576.7183  3614096    0.85%
  35080 13555      572.1860   262      571.8822      576.7183  3623601    0.85%
  35177 13632      573.8408   270      571.8822      576.7181  3631547    0.85%
  35301 13730      574.9677   320      571.8822      576.7170  3639024    0.85%
  35405 13834      572.5038   223      571.8822      576.7170  3647190    0.85%
  35521 13913      576.3083   350      571.8822      576.7147  3654469    0.85%
  35592 13984      574.3216   286      571.8822      576.7147  3662112    0.85%
Elapsed time = 1400.99 sec. (1418353.35 ticks, tree = 300.26 MB, solutions = 1)
  35714 14090      572.5862   310      571.8822      576.7140  3669861    0.84%
  35775 14141      574.2346   295      571.8822      576.7126  3677998    0.84%
  35873 14223      571.8888   264      571.8822      576.7125  3685901    0.84%
  35946 14291      574.7832   328      571.8822      576.7125  3693702    0.84%
  36052 14391      575.0443   328      571.8822      576.7123  3701493    0.84%
  36128 14452      575.0034   342      571.8822      576.7122  3709929    0.84%
  36227 14523      575.9689   384      571.8822      576.7121  3717915    0.84%
  36310 14592      576.2297   386      571.8822      576.7114  3726156    0.84%
  36376 14658      572.9215   281      571.8822      576.7114  3733296    0.84%
  36474 14748      576.0312   383      571.8822      576.7110  3741258    0.84%
Elapsed time = 1435.80 sec. (1456918.36 ticks, tree = 316.86 MB, solutions = 1)
  36547 14821      572.8356   266      571.8822      576.7110  3749703    0.84%
  36651 14906      572.5000   288      571.8822      576.7103  3757486    0.84%
  36738 14973      573.2549   275      571.8822      576.7102  3765835    0.84%
  36873 15065      572.7450   290      571.8822      576.7098  3773416    0.84%
  36958 15144      573.6387   267      571.8822      576.7093  3781555    0.84%
  37147 15323      574.9737   328      571.8822      576.7068  3788737    0.84%
  37237 15397      575.5461   322      571.8822      576.7065  3796944    0.84%
  37373 15488      576.1351   368      571.8822      576.7054  3805122    0.84%
  37451 15566      572.5093   246      571.8822      576.7054  3813743    0.84%
  37557 15638      574.4979   278      571.8822      576.7053  3821962    0.84%
Elapsed time = 1471.25 sec. (1495276.31 ticks, tree = 338.95 MB, solutions = 1)
  37661 15730      573.7452   311      571.8822      576.7050  3829832    0.84%
  37744 15801      573.4387   318      571.8822      576.7046  3837721    0.84%
  37839 15880      573.4727   316      571.8822      576.7044  3845913    0.84%
  37918 15953      574.6780   292      571.8822      576.7029  3853656    0.84%
  38013 16035      573.4942   304      571.8822      576.7017  3861637    0.84%
  38084 16091      573.4948   306      571.8822      576.7011  3870155    0.84%
  38175 16167      574.1610   310      571.8822      576.7010  3878013    0.84%
  38252 16236      575.8775   332      571.8822      576.7005  3886438    0.84%
  38339 16312      575.6275   334      571.8822      576.7004  3894841    0.84%
  38424 16397      572.4914   264      571.8822      576.7004  3903299    0.84%
Elapsed time = 1505.88 sec. (1533707.96 ticks, tree = 354.80 MB, solutions = 1)
  38518 16471      573.7906   322      571.8822      576.7000  3911922    0.84%
  38611 16555      575.2174   316      571.8822      576.6994  3919832    0.84%
  38698 16632      574.4804   296      571.8822      576.6985  3927848    0.84%
  38815 16719      572.3165   263      571.8822      576.6974  3935618    0.84%
  38882 16782      572.3673   281      571.8822      576.6974  3944337    0.84%
  39009 16891      575.2437   277      571.8822      576.6952  3950864    0.84%
  39234 17106      576.1497   358      571.8822      576.6944  3957813    0.84%
  39298 17170      574.0570   272      571.8822      576.6944  3966708    0.84%
  39413 17268      574.7645   332      571.8822      576.6917  3974900    0.84%
  39492 17339      573.8713   304      571.8822      576.6915  3983305    0.84%
Elapsed time = 1541.58 sec. (1572259.13 ticks, tree = 378.11 MB, solutions = 1)
  39567 17401      575.1062   342      571.8822      576.6899  3991336    0.84%
  39657 17491      572.9737   261      571.8822      576.6899  3999724    0.84%
  39741 17558      574.6049   317      571.8822      576.6891  4007980    0.84%
  39861 17646      576.2910   366      571.8822      576.6887  4016262    0.84%
  39942 17723      575.5622   362      571.8822      576.6881  4024029    0.84%
  39993 17774      574.2343   310      571.8822      576.6881  4030089    0.84%
  40113 17868      572.3972   297      571.8822      576.6871  4037780    0.84%
  40189 17938      574.3583   282      571.8822      576.6866  4045758    0.84%
  40329 18046      574.6957   346      571.8822      576.6865  4052878    0.84%
  40407 18108      574.8618   332      571.8822      576.6862  4060764    0.84%
Elapsed time = 1576.41 sec. (1610637.63 ticks, tree = 394.70 MB, solutions = 1)
  40519 18207      576.5386   374      571.8822      576.6860  4068964    0.84%
  40607 18281      575.1665   340      571.8822      576.6858  4076490    0.84%
  40683 18349      575.7303   352      571.8822      576.6854  4084588    0.84%
  40760 18426      572.7339   250      571.8822      576.6854  4093662    0.84%
  40896 18499      575.1671   314      571.8822      576.6849  4100704    0.84%
  41009 18584      573.7916   287      571.8822      576.6844  4108234    0.84%
  41081 18650      573.9007   310      571.8822      576.6841  4116557    0.84%
  41164 18718      574.6109   334      571.8822      576.6836  4123212    0.84%
  41256 18793      575.1285   308      571.8822      576.6829  4131000    0.84%
  41398 18926      576.4818   360      571.8822      576.6827  4138454    0.84%
Elapsed time = 1611.60 sec. (1649148.26 ticks, tree = 414.69 MB, solutions = 1)
  41485 19010      573.5187   280      571.8822      576.6827  4146287    0.84%
  41577 19086      576.4342   334      571.8822      576.6818  4153585    0.84%
  41689 19178      571.9064   189      571.8822      576.6818  4161443    0.84%
  41776 19250      573.3788   296      571.8822      576.6816  4169560    0.84%
  41856 19317      575.2180   298      571.8822      576.6809  4177852    0.84%
  41961 19412      575.9536   360      571.8822      576.6805  4184674    0.84%
  42043 19483      576.1069   350      571.8822      576.6796  4192965    0.84%
  42154 19578      572.0701   220      571.8822      576.6796  4201096    0.84%
  42261 19655      575.4730   336      571.8822      576.6784  4208929    0.84%
  42358 19733      576.5532   344      571.8822      576.6771  4217646    0.84%
Elapsed time = 1647.34 sec. (1688061.48 ticks, tree = 432.19 MB, solutions = 1)
  42461 19814      575.7819   324      571.8822      576.6761  4225146    0.84%
  42545 19892      574.9457   318      571.8822      576.6753  4233365    0.84%
  42621 19961      575.0369   302      571.8822      576.6753  4241786    0.84%
  42741 20047      575.5269   340      571.8822      576.6745  4249725    0.84%
  42817 20119      576.4382   378      571.8822      576.6740  4258597    0.84%
  42891 20193      575.0583   297      571.8822      576.6740  4267033    0.84%
  43037 20307      576.1978   384      571.8822      576.6735  4275379    0.84%
  43116 20380      572.5908   288      571.8822      576.6728  4283791    0.84%
* 43161+20250                          571.9075      576.6716             0.83%
  43189 20280      575.7190   292      571.9075      576.6716  4288467    0.83%
  43300 20391      574.7857   196      571.9075      576.6716  4291120    0.83%
Elapsed time = 1682.55 sec. (1726513.57 ticks, tree = 446.54 MB, solutions = 2)
* 43521+17517                          572.4959      576.6716             0.73%
* 43561+17420                          572.5292      576.6716             0.72%
  43561 17422      572.6414    15      572.5292      576.6716  4293743    0.72%
  43639 17493      575.6287   352      572.5292      576.6714  4299195    0.72%
  43681 17535      574.9937   320      572.5292      576.6714  4303725    0.72%
  43766 17601      574.6350   324      572.5292      576.6712  4310544    0.72%
  43853 17665      576.1232   374      572.5292      576.6706  4317511    0.72%
  43933 17728      575.5051   332      572.5292      576.6706  4323975    0.72%
  43992 17783      575.8457   354      572.5292      576.6690  4329089    0.72%
  44050 17841      574.3476   277      572.5292      576.6690  4335453    0.72%
  44158 17939      573.1075   294      572.5292      576.6682  4342291    0.72%
  44231 17989      575.9110   370      572.5292      576.6675  4348285    0.72%
Elapsed time = 1718.08 sec. (1765157.37 ticks, tree = 391.80 MB, solutions = 4)
  44295 18043      575.6829   372      572.5292      576.6674  4353869    0.72%
  44371 18095      576.3343   392      572.5292      576.6674  4361686    0.72%
  44441 18165      574.0294   273      572.5292      576.6674  4368940    0.72%
  44530 18237      576.4633   372      572.5292      576.6660  4376010    0.72%
  44631 18325      574.6024   338      572.5292      576.6651  4382754    0.72%
  44730 18406      575.7879   362      572.5292      576.6648  4389652    0.72%
  44811 18477      572.5551   246      572.5292      576.6648  4397168    0.72%
  44891 18540      574.6432   336      572.5292      576.6638  4403902    0.72%
  44984 18624      575.7073   313      572.5292      576.6630  4410612    0.72%
  45163 18803      574.0101   118      572.5292      576.6630  4414941    0.72%
Elapsed time = 1753.14 sec. (1803585.61 ticks, tree = 403.66 MB, solutions = 4)
  45364 18977      575.5041   328      572.5292      576.6626  4422496    0.72%
  45448 19044      576.3925   380      572.5292      576.6625  4431169    0.72%
  45541 19121      572.9015   286      572.5292      576.6624  4438502    0.72%
  45641 19200      575.9199   346      572.5292      576.6611  4445505    0.72%
  45728 19273      575.9599   346      572.5292      576.6610  4453260    0.72%
  45826 19344      576.5974   374      572.5292      576.6602  4460820    0.72%
  45924 19427      572.8371   271      572.5292      576.6602  4467658    0.72%
  46018 19509      573.5127   360      572.5292      576.6589  4474942    0.72%
  46077 19564      574.2514   296      572.5292      576.6588  4483356    0.72%
  46160 19641      572.5519   304      572.5292      576.6582  4491053    0.72%
Elapsed time = 1788.96 sec. (1842148.68 ticks, tree = 421.36 MB, solutions = 4)
  46254 19724      573.8238   310      572.5292      576.6572  4498013    0.72%
  46361 19801      576.6036   350      572.5292      576.6566  4504384    0.72%
  46439 19877      572.5323   251      572.5292      576.6566  4513065    0.72%
  46573 19955      575.9370   378      572.5292      576.6543  4519622    0.72%
  46715 20097      574.1577   194      572.5292      576.6543  4525067    0.72%
  46981 20352      573.3688   302      572.5292      576.6532  4530574    0.72%
  47071 20427      575.9251   364      572.5292      576.6529  4538394    0.72%
  47161 20492      575.4522   350      572.5292      576.6529  4546038    0.72%
  47251 20574      574.0491   320      572.5292      576.6519  4553488    0.72%
  47337 20641      573.8881   340      572.5292      576.6517  4560822    0.72%
Elapsed time = 1825.91 sec. (1881844.76 ticks, tree = 446.49 MB, solutions = 4)
  47417 20707      575.2473   327      572.5292      576.6515  4568791    0.72%
  47506 20785      575.5562   336      572.5292      576.6509  4576928    0.72%
  47589 20846      576.2666   404      572.5292      576.6503  4584409    0.72%
  47664 20913      574.1254   358      572.5292      576.6489  4591776    0.72%
  47739 20975      574.6209   358      572.5292      576.6483  4600377    0.72%
  47812 21048      572.5436   273      572.5292      576.6483  4609037    0.72%
  47914 21123      574.9451   336      572.5292      576.6473  4616251    0.72%
  48001 21198      572.6181   289      572.5292      576.6469  4623059    0.72%
  48092 21271      576.2762   382      572.5292      576.6464  4629954    0.72%
  48147 21326      575.9980   302      572.5292      576.6464  4638354    0.72%
Elapsed time = 1860.44 sec. (1920329.70 ticks, tree = 460.97 MB, solutions = 4)
  48273 21416      576.0730   362      572.5292      576.6460  4645467    0.72%
  48391 21534      574.3531   190      572.5292      576.6460  4650311    0.72%
  48657 21777      572.8658   293      572.5292      576.6459  4656603    0.72%
  48762 21856      574.2688   332      572.5292      576.6448  4663498    0.72%
  48842 21917      575.7222   338      572.5292      576.6447  4671618    0.72%
  48929 21992      573.8131   338      572.5292      576.6438  4679564    0.72%
  49026 22064      576.5213   350      572.5292      576.6432  4686741    0.72%
  49122 22150      575.2062   344      572.5292      576.6426  4693661    0.72%
  49183 22198      576.4203   364      572.5292      576.6426  4700484    0.72%
  49262 22277      573.2417   258      572.5292      576.6426  4708751    0.72%
Elapsed time = 1896.06 sec. (1958717.46 ticks, tree = 481.67 MB, solutions = 4)
  49401 22372      576.6387   356      572.5292      576.6425  4715573    0.72%
  49486 22449      573.9659   342      572.5292      576.6411  4722887    0.72%
  49575 22522      575.8812   374      572.5292      576.6403  4730169    0.72%
  49661 22596      575.6261   378      572.5292      576.6394  4737811    0.72%
  49761 22684      572.5800   277      572.5292      576.6387  4744789    0.72%
  49871 22764      575.4586   336      572.5292      576.6383  4751310    0.72%
  49945 22824      575.2763   336      572.5292      576.6376  4758686    0.72%
  50041 22911      572.5816   219      572.5292      576.6376  4765963    0.72%
  50144 22987      575.3613   354      572.5292      576.6369  4772523    0.72%
  50239 23063      575.2917   390      572.5292      576.6365  4780085    0.72%
Elapsed time = 1930.84 sec. (1997243.31 ticks, tree = 501.97 MB, solutions = 4)
  50306 23120      575.6616   334      572.5292      576.6352  4787861    0.72%
  50401 23194      575.6587   368      572.5292      576.6352  4795923    0.72%
  50492 23276      573.8095   313      572.5292      576.6351  4803039    0.72%
  50574 23339      575.8724   314      572.5292      576.6343  4810622    0.72%
  50645 23396      575.6895   342      572.5292      576.6342  4818869    0.72%
  50739 23470      574.9803   336      572.5292      576.6337  4826509    0.72%
  50829 23550      576.3943   364      572.5292      576.6334  4832700    0.72%
  50927 23629      572.6196   316      572.5292      576.6333  4839730    0.72%
  51003 23699      573.2342   250      572.5292      576.6331  4847984    0.72%
  51084 23771      574.2288   350      572.5292      576.6329  4855845    0.72%
Elapsed time = 1965.32 sec. (2035674.76 ticks, tree = 518.98 MB, solutions = 4)
  51164 23834      576.1920   356      572.5292      576.6328  4862177    0.72%
  51328 23998      574.1130   160      572.5292      576.6328  4867626    0.72%
* 51498 23557      integral     0      572.6210      576.6328  4869643    0.70%
  51572 23631      573.4179   259      572.6210      576.6319  4877586    0.70%
  51672 23698      575.9918   370      572.6210      576.6315  4884475    0.70%
  51764 23777      572.8008   308      572.6210      576.6314  4891615    0.70%
  51865 23849      576.0263   316      572.6210      576.6310  4898738    0.70%
  51950 23934      573.4637   252      572.6210      576.6310  4907241    0.70%
  52045 24002        cutoff            572.6210      576.6310  4914467    0.70%
  52138 24085      575.4290   354      572.6210      576.6304  4921544    0.70%
Elapsed time = 1998.67 sec. (2071496.88 ticks, tree = 527.04 MB, solutions = 5)
  52238 24166      572.6265   319      572.6210      576.6302  4928683    0.70%
  52318 24228        cutoff            572.6210      576.6298  4936702    0.70%
  52406 24303      573.7133   316      572.6210      576.6292  4943840    0.70%
  52487 24362      575.0890   376      572.6210      576.6287  4951807    0.70%
  52552 24423      574.0151   291      572.6210      576.6285  4959961    0.70%
  52625 24486      574.7900   334      572.6210      576.6276  4968194    0.70%
  52740 24593      574.8284   233      572.6210      576.6272  4974801    0.70%
  52989 24833      574.3765   346      572.6210      576.6270  4980811    0.70%
  53070 24908      574.1208   283      572.6210      576.6270  4988761    0.70%
  53161 24985      576.5312   366      572.6210      576.6255  4995819    0.70%
Elapsed time = 2034.15 sec. (2110084.98 ticks, tree = 538.24 MB, solutions = 5)
  53262 25082      573.9430   319      572.6210      576.6248  5002442    0.70%
  53359 25159      576.5617   400      572.6210      576.6239  5009217    0.70%
  53434 25234      574.3882   267      572.6210      576.6239  5017026    0.70%
  53538 25312      576.2050   372      572.6210      576.6234  5024225    0.70%
  53624 25388      573.8516   318      572.6210      576.6230  5031383    0.70%
  53729 25463      576.2628   350      572.6210      576.6225  5039416    0.70%
  53797 25527      572.8590   296      572.6210      576.6225  5047764    0.70%
  53896 25598      573.9338   314      572.6210      576.6222  5054967    0.70%
  53983 25661      575.7130   344      572.6210      576.6216  5061108    0.70%
  54055 25729      575.4291   330      572.6210      576.6214  5068334    0.70%
Elapsed time = 2068.79 sec. (2148594.07 ticks, tree = 554.10 MB, solutions = 5)
  54149 25805      574.0996   342      572.6210      576.6209  5075981    0.70%
  54279 25889      575.4884   298      572.6210      576.6206  5082621    0.70%
  54584 26194      572.8374    19      572.6210      576.6206  5087577    0.70%
  54704 26305      573.1478   314      572.6210      576.6202  5094541    0.70%
  54793 26376      572.6887   241      572.6210      576.6201  5102757    0.70%
  54880 26439      576.2511   376      572.6210      576.6197  5110496    0.70%
  54960 26504      573.1038   314      572.6210      576.6196  5118131    0.70%
  55028 26567      574.2575   290      572.6210      576.6196  5126337    0.70%
  55119 26652      572.8521   276      572.6210      576.6193  5134063    0.70%
  55211 26724      575.4131   336      572.6210      576.6187  5140599    0.70%
Elapsed time = 2104.36 sec. (2186921.81 ticks, tree = 576.89 MB, solutions = 5)
  55303 26794      576.0277   356      572.6210      576.6181  5148243    0.70%
  55368 26859      572.7186   288      572.6210      576.6181  5156797    0.70%
  55466 26942      574.0105   308      572.6210      576.6180  5163515    0.70%
  55568 27017      576.3869   362      572.6210      576.6169  5170827    0.70%
  55654 27086      574.8670   322      572.6210      576.6169  5178664    0.70%
  55751 27176      575.1381   270      572.6210      576.6168  5185625    0.70%
  56038 27450      576.2056   384      572.6210      576.6167  5191103    0.70%
  56116 27518      573.0352   298      572.6210      576.6164  5199299    0.70%
  56199 27576      576.1731   364      572.6210      576.6162  5207034    0.70%
  56272 27642      576.5436   362      572.6210      576.6160  5214590    0.70%
Elapsed time = 2139.88 sec. (2225422.91 ticks, tree = 599.96 MB, solutions = 5)
  56352 27713      573.9413   332      572.6210      576.6157  5222099    0.70%
  56440 27779      573.1558   302      572.6210      576.6154  5229928    0.70%
  56521 27853      574.0860   264      572.6210      576.6146  5237802    0.70%
  56619 27922      576.4654   372      572.6210      576.6138  5244882    0.70%
  56724 27997      575.9042   356      572.6210      576.6137  5252302    0.70%
  56811 28057      576.1038   336      572.6210      576.6134  5260572    0.70%
  56896 28138      573.2259   246      572.6210      576.6134  5268717    0.70%
  57022 28218      575.9823   348      572.6210      576.6128  5275480    0.70%
  57116 28291      575.7201   324      572.6210      576.6126  5283201    0.70%
  57192 28349      575.0155   320      572.6210      576.6125  5290347    0.70%
Elapsed time = 2174.89 sec. (2264072.26 ticks, tree = 613.73 MB, solutions = 5)
  57300 28457      573.2302   228      572.6210      576.6125  5297639    0.70%
  57418 28553      576.3377   368      572.6210      576.6122  5304449    0.70%
  57514 28628      573.3999   310      572.6210      576.6122  5311765    0.70%
  57604 28690      576.4334   386      572.6210      576.6115  5319554    0.70%
  57669 28755      573.9991   306      572.6210      576.6115  5327176    0.70%
  57780 28835      573.5673   344      572.6210      576.6115  5334168    0.70%
  57863 28898      575.3797   354      572.6210      576.6112  5341483    0.70%
  57961 28971      573.9151   328      572.6210      576.6110  5347988    0.70%
  58032 29032      575.4166   356      572.6210      576.6109  5355841    0.70%
  58131 29101      576.5487   382      572.6210      576.6109  5364120    0.70%
Elapsed time = 2209.67 sec. (2302479.68 ticks, tree = 627.15 MB, solutions = 5)
  58222 29182      575.7248   332      572.6210      576.6109  5371303    0.70%
  58325 29263      575.9717   348      572.6210      576.6101  5378277    0.70%
  58408 29335      576.1916   334      572.6210      576.6101  5385835    0.70%
  58510 29409      572.6236   193      572.6210      576.6101  5393423    0.70%
  58602 29480      574.4193   329      572.6210      576.6093  5400625    0.70%
  58705 29561      575.6492   350      572.6210      576.6090  5407595    0.70%
  58871 29727      573.5148   164      572.6210      576.6090  5412735    0.70%
  59012 29861      572.8626   292      572.6210      576.6087  5420894    0.70%
  59093 29925      572.8765   298      572.6210      576.6084  5429083    0.70%
  59179 29989      575.6135   334      572.6210      576.6081  5434901    0.70%
Elapsed time = 2245.10 sec. (2340847.12 ticks, tree = 650.43 MB, solutions = 5)
  59262 30060      573.9515   322      572.6210      576.6078  5442450    0.70%
  59357 30133      575.8018   348      572.6210      576.6076  5449524    0.70%
  59456 30210      574.8146   336      572.6210      576.6071  5457129    0.70%
  59527 30264      575.2130   320      572.6210      576.6070  5465184    0.70%
  59608 30339      574.4143   326      572.6210      576.6070  5473066    0.70%
  59708 30409      575.1171   326      572.6210      576.6065  5480389    0.70%
  59807 30491      575.6475   342      572.6210      576.6057  5487995    0.70%
  59858 30540      572.9004   262      572.6210      576.6057  5496046    0.70%
  59966 30617      576.3146   342      572.6210      576.6049  5502957    0.70%
  60061 30699      575.6597   312      572.6210      576.6047  5509949    0.70%
Elapsed time = 2280.13 sec. (2379557.79 ticks, tree = 667.45 MB, solutions = 5)
  60382 31015      576.4907   360      572.6210      576.6040  5515679    0.70%
  60448 31075      575.2175   366      572.6210      576.6039  5522936    0.70%
  60534 31142      575.9416   350      572.6210      576.6037  5530544    0.70%
  60645 31229      574.4388   312      572.6210      576.6037  5537146    0.70%
  60730 31291      576.0985   366      572.6210      576.6033  5544867    0.70%
  60787 31348      574.7098   308      572.6210      576.6033  5552008    0.70%
  60889 31433      572.6225   275      572.6210      576.6032  5559496    0.70%
  60981 31509      572.6412   280      572.6210      576.6030  5566673    0.70%
  61054 31565      574.6942   332      572.6210      576.6022  5574478    0.70%
  61155 31631      573.9673   326      572.6210      576.6021  5582216    0.70%
Elapsed time = 2315.79 sec. (2417974.56 ticks, tree = 690.94 MB, solutions = 5)
  61246 31694      574.6386   303      572.6210      576.6018  5589533    0.70%
  61354 31768      575.8093   326      572.6210      576.6015  5596719    0.70%
  61431 31845      572.8639   287      572.6210      576.6015  5604943    0.70%
  61546 31925      575.7235   343      572.6210      576.6009  5611692    0.70%
  61692 32071      574.2743   166      572.6210      576.6009  5616286    0.70%
  61946 32302      575.7276   362      572.6210      576.6005  5622924    0.69%
  62007 32359      573.5556   298      572.6210      576.6005  5631278    0.69%
  62108 32437      573.6416   326      572.6210      576.5998  5638447    0.69%
  62199 32498      575.5479   332      572.6210      576.5997  5646426    0.69%
  62265 32555      574.7199   309      572.6210      576.5996  5654973    0.69%
Elapsed time = 2351.47 sec. (2456532.49 ticks, tree = 712.63 MB, solutions = 5)
  62409 32655      572.7173   155      572.6210      576.5996  5662699    0.69%
  62501 32725      572.9485   311      572.6210      576.5990  5670353    0.69%
  62609 32801      574.6503   332      572.6210      576.5986  5677335    0.69%
  62697 32871      575.5159   316      572.6210      576.5986  5685224    0.69%
  62791 32961      573.0101   228      572.6210      576.5986  5693074    0.69%
  62897 33035      572.6853   282      572.6210      576.5985  5700082    0.69%
  62975 33098      574.3512   338      572.6210      576.5983  5707742    0.69%
  63033 33153      575.7144   358      572.6210      576.5982  5715951    0.69%
  63127 33229      576.4456   368      572.6210      576.5982  5723942    0.69%
  63249 33351      574.8250   203      572.6210      576.5982  5729181    0.69%
Elapsed time = 2386.35 sec. (2494943.78 ticks, tree = 732.16 MB, solutions = 5)
  63561 33655      572.9086   282      572.6210      576.5981  5736091    0.69%
  63664 33736      574.3355   348      572.6210      576.5980  5742913    0.69%
  63740 33800      572.8327   310      572.6210      576.5979  5751083    0.69%
  63831 33863      574.7333   348      572.6210      576.5973  5758015    0.69%
  63934 33935      576.2647   378      572.6210      576.5972  5765396    0.69%
  64001 33997      575.2384   358      572.6210      576.5969  5772220    0.69%
  64087 34079      575.2454   354      572.6210      576.5966  5779670    0.69%
  64170 34146      575.9037   354      572.6210      576.5964  5787564    0.69%
  64260 34213      576.4614   380      572.6210      576.5958  5795351    0.69%
  64330 34283      574.4263   270      572.6210      576.5958  5803361    0.69%
Elapsed time = 2422.22 sec. (2533520.86 ticks, tree = 753.21 MB, solutions = 5)
  64462 34370      574.6119   324      572.6210      576.5957  5810440    0.69%
  64563 34438      575.2381   366      572.6210      576.5951  5817893    0.69%
  64661 34508      572.6733   234      572.6210      576.5950  5825582    0.69%
  64731 34570      574.4680   266      572.6210      576.5945  5833641    0.69%
  64856 34681      574.9488   338      572.6210      576.5943  5840985    0.69%
  64951 34759      574.5435   360      572.6210      576.5942  5847688    0.69%
  65043 34825      576.3309   368      572.6210      576.5939  5855450    0.69%
  65119 34883      576.3577   374      572.6210      576.5936  5863427    0.69%
  65209 34954      573.6334   316      572.6210      576.5929  5870306    0.69%
  65311 35031      574.2308   328      572.6210      576.5926  5877509    0.69%
Elapsed time = 2457.23 sec. (2571993.15 ticks, tree = 765.95 MB, solutions = 5)
  65390 35091      574.6881   320      572.6210      576.5925  5885770    0.69%
  65490 35162      572.6367   255      572.6210      576.5925  5893226    0.69%
  65578 35233      575.2226   332      572.6210      576.5917  5899279    0.69%
  65693 35311      576.1468   340      572.6210      576.5914  5906022    0.69%
  65798 35390      572.6634   226      572.6210      576.5914  5913716    0.69%
  65907 35467      576.4896   350      572.6210      576.5910  5920654    0.69%
  65996 35548      574.6038   294      572.6210      576.5909  5927794    0.69%
  66157 35700      575.9255   334      572.6210      576.5909  5934454    0.69%
  66240 35778      575.3732   358      572.6210      576.5909  5942238    0.69%
  66331 35859      575.3869   332      572.6210      576.5902  5949481    0.69%
Elapsed time = 2492.39 sec. (2610371.94 ticks, tree = 784.55 MB, solutions = 5)
  66407 35918      575.0981   354      572.6210      576.5893  5957704    0.69%
  66463 35974      573.4607   268      572.6210      576.5893  5965836    0.69%
  66559 36046      574.6823   326      572.6210      576.5891  5973388    0.69%
  66651 36116      576.0418   374      572.6210      576.5885  5980960    0.69%
  66723 36178      576.2548   356      572.6210      576.5883  5989278    0.69%
  66840 36269      575.7539   342      572.6210      576.5882  5995377    0.69%
  66926 36335      575.3660   356      572.6210      576.5874  6002701    0.69%
  67008 36404      575.5489   338      572.6210      576.5873  6010295    0.69%
  67128 36473      576.5858   370      572.6210      576.5870  6018007    0.69%
  67208 36544      573.0178   292      572.6210      576.5867  6024791    0.69%
Elapsed time = 2527.23 sec. (2648901.60 ticks, tree = 799.57 MB, solutions = 5)
  67320 36641      574.6605   270      572.6210      576.5861  6030972    0.69%
  67558 36869      572.8653   314      572.6210      576.5860  6036648    0.69%
  67632 36932      572.8547   314      572.6210      576.5858  6044157    0.69%
  67725 37010      572.8440   320      572.6210      576.5856  6051091    0.69%
  67828 37082      574.6686   330      572.6210      576.5854  6058070    0.69%
  67903 37141      575.9151   311      572.6210      576.5851  6066048    0.69%
  68024 37217      576.2998   358      572.6210      576.5850  6072912    0.69%
  68121 37286      576.3455   360      572.6210      576.5845  6080246    0.69%
  68222 37372      572.9195   314      572.6210      576.5845  6087271    0.69%
  68321 37434      576.4159   366      572.6210      576.5842  6095631    0.69%
Elapsed time = 2562.87 sec. (2687346.73 ticks, tree = 823.23 MB, solutions = 5)
  68409 37511      572.6378   282      572.6210      576.5839  6103295    0.69%
  68505 37590      572.9508   305      572.6210      576.5824  6110160    0.69%
  68586 37663      573.3032   273      572.6210      576.5822  6118082    0.69%
  68689 37744      575.8668   324      572.6210      576.5822  6125212    0.69%
  68863 37918      574.2673   152      572.6210      576.5822  6130009    0.69%
  69095 38132      576.2263   360      572.6210      576.5818  6136776    0.69%
  69162 38193      574.3566   304      572.6210      576.5816  6145011    0.69%
  69264 38272      576.1218   364      572.6210      576.5813  6152010    0.69%
  69370 38357      573.0684   330      572.6210      576.5810  6158764    0.69%
  69491 38431      575.1428   374      572.6210      576.5809  6165601    0.69%
Elapsed time = 2598.61 sec. (2725715.19 ticks, tree = 849.86 MB, solutions = 5)
  69570 38507      572.6292   266      572.6210      576.5809  6173035    0.69%
  69663 38586      572.6812   297      572.6210      576.5805  6179692    0.69%
  69750 38655      575.4724   332      572.6210      576.5803  6186860    0.69%
  69823 38725      573.6411   294      572.6210      576.5801  6194991    0.69%
  69931 38801      575.6262   350      572.6210      576.5796  6201482    0.69%
  69980 38846      575.1762   332      572.6210      576.5795  6206941    0.69%
  70085 38914      576.3246   348      572.6210      576.5794  6214217    0.69%
  70145 38972      573.1183   260      572.6210      576.5794  6222761    0.69%
  70257 39066      574.2995   258      572.6210      576.5794  6229247    0.69%
  70501 39298      573.8626   318      572.6210      576.5793  6234791    0.69%
Elapsed time = 2633.91 sec. (2764237.49 ticks, tree = 861.73 MB, solutions = 5)
  70591 39366      572.8199   295      572.6210      576.5790  6242455    0.69%
  70682 39425      576.3396   338      572.6210      576.5785  6250463    0.69%
  70747 39490      574.4989   297      572.6210      576.5785  6258682    0.69%
  70860 39582      572.7243   191      572.6210      576.5785  6266784    0.69%
  70961 39647      573.1133   306      572.6210      576.5783  6274312    0.69%
  71053 39712      574.7505   374      572.6210      576.5781  6281587    0.69%
  71114 39763      574.3728   336      572.6210      576.5780  6289779    0.69%
  71218 39839      573.6127   304      572.6210      576.5780  6296485    0.69%
  71337 39920      576.2683   358      572.6210      576.5776  6302973    0.69%
  71426 39991      572.9398   306      572.6210      576.5775  6310541    0.69%
Elapsed time = 2668.94 sec. (2802769.13 ticks, tree = 873.70 MB, solutions = 5)
  71508 40062      574.1653   307      572.6210      576.5774  6318336    0.69%
  71611 40148      572.8933   304      572.6210      576.5771  6326033    0.69%
  71710 40218      572.9466   338      572.6210      576.5770  6333225    0.69%
  71780 40275      575.2959   350      572.6210      576.5768  6340934    0.69%
  71886 40381      573.5357   242      572.6210      576.5768  6348079    0.69%
  72001 40466      576.0932   358      572.6210      576.5765  6354607    0.69%
  72094 40545      572.7308   289      572.6210      576.5765  6362339    0.69%
  72180 40611      574.0909   312      572.6210      576.5762  6369708    0.69%
  72260 40680      572.6979   307      572.6210      576.5759  6377382    0.69%
  72354 40751      572.7875   285      572.6210      576.5758  6385086    0.69%
Elapsed time = 2704.16 sec. (2841328.51 ticks, tree = 890.99 MB, solutions = 5)
  72433 40810      576.2390   350      572.6210      576.5752  6392549    0.69%
  72495 40872      573.3831   278      572.6210      576.5752  6400916    0.69%
  72621 40956      576.2415   356      572.6210      576.5750  6407811    0.69%
  72721 41040      573.6790   306      572.6210      576.5750  6414558    0.69%
  72802 41106      575.4620   358      572.6210      576.5749  6421590    0.69%
  72903 41179      575.9700   326      572.6210      576.5742  6429189    0.69%
  72983 41240      576.1850   374      572.6210      576.5741  6437003    0.69%
  73081 41330      575.1672   279      572.6210      576.5739  6443919    0.69%
  73377 41622        cutoff            572.6210      576.5739  6448316    0.69%
* 73390 41146      integral     0      572.6558      576.5739  6448375    0.68%
Elapsed time = 2736.50 sec. (2875957.99 ticks, tree = 892.10 MB, solutions = 6)
  73456 41204      574.9282   366      572.6558      576.5739  6456069    0.68%
  73545 41283      572.7080   321      572.6558      576.5738  6462556    0.68%
  73640 41351      576.0178   354      572.6558      576.5737  6470060    0.68%
  73711 41410      575.8049   356      572.6558      576.5734  6478224    0.68%
  73806 41484      575.3019   348      572.6558      576.5733  6485468    0.68%
  73892 41550      576.0261   358      572.6558      576.5730  6493253    0.68%
  73976 41628      573.0284   274      572.6558      576.5730  6500848    0.68%
  74080 41700      573.9890   342      572.6558      576.5726  6508090    0.68%
  74177 41777      575.9413   362      572.6558      576.5717  6514644    0.68%
  74244 41832      574.4636   300      572.6558      576.5717  6523050    0.68%
Elapsed time = 2771.13 sec. (2914386.37 ticks, tree = 907.89 MB, solutions = 6)
  74325 41913      573.2668   257      572.6558      576.5717  6531700    0.68%
  74456 41990      576.3986   338      572.6558      576.5711  6538691    0.68%
  74546 42076      574.9497   285      572.6558      576.5711  6545691    0.68%
  74803 42327      575.4096   336      572.6558      576.5710  6551322    0.68%
  74891 42398      574.6256   293      572.6558      576.5709  6559040    0.68%
  74979 42472      575.3445   368      572.6558      576.5705  6566224    0.68%
  75068 42543      576.5024   366      572.6558      576.5699  6573273    0.68%
  75146 42609      576.0966   342      572.6558      576.5697  6580824    0.68%
  75226 42689      573.4787   266      572.6558      576.5697  6588073    0.68%
  75329 42773      575.0121   354      572.6558      576.5696  6595073    0.68%
Elapsed time = 2806.74 sec. (2952891.07 ticks, tree = 928.64 MB, solutions = 6)
  75411 42839      572.7080   301      572.6558      576.5696  6602599    0.68%
  75496 42912      574.1971   322      572.6558      576.5692  6610218    0.68%
  75587 42973        cutoff            572.6558      576.5691  6616785    0.68%
  75666 43038      574.5574   328      572.6558      576.5689  6624474    0.68%
  75745 43097      575.9790   366      572.6558      576.5686  6632867    0.68%
  75825 43177      573.1357   250      572.6558      576.5686  6641082    0.68%
  75923 43251      575.4885   299      572.6558      576.5680  6648518    0.68%
  76200 43526      572.9936    24      572.6558      576.5680  6653003    0.68%
  76303 43606      575.8157   334      572.6558      576.5676  6660767    0.68%
  76379 43679      572.6809   270      572.6558      576.5676  6668165    0.68%
Elapsed time = 2842.31 sec. (2991382.95 ticks, tree = 949.07 MB, solutions = 6)
  76494 43765      576.4585   336      572.6558      576.5673  6674995    0.68%
  76581 43832      575.8995   384      572.6558      576.5671  6682953    0.68%
  76659 43898      575.9025   344      572.6558      576.5670  6690710    0.68%
  76737 43976      574.0716   250      572.6558      576.5670  6698544    0.68%
  76870 44060      572.8696   313      572.6558      576.5669  6705134    0.68%
  76962 44130      573.1498   308      572.6558      576.5668  6712281    0.68%
  77044 44194      574.2229   296      572.6558      576.5667  6719857    0.68%
  77130 44257      575.5651   348      572.6558      576.5656  6727249    0.68%
  77207 44323      574.5111   318      572.6558      576.5653  6734788    0.68%
  77259 44367      575.0164   312      572.6558      576.5649  6743219    0.68%
Elapsed time = 2877.31 sec. (3030147.75 ticks, tree = 962.12 MB, solutions = 6)
  77336 44430      575.8006   370      572.6558      576.5649  6750711    0.68%
  77503 44597      573.7921   182      572.6558      576.5649  6755711    0.68%
  77671 44750      572.8156   285      572.6558      576.5647  6761986    0.68%
  77787 44841      574.5093   320      572.6558      576.5641  6768606    0.68%
  77865 44912      575.0692   278      572.6558      576.5640  6776436    0.68%
  77983 45007      574.7070   330      572.6558      576.5638  6782709    0.68%
  78086 45082      575.6200   340      572.6558      576.5636  6789939    0.68%
  78174 45154      572.6834   269      572.6558      576.5635  6797725    0.68%
  78234 45210      574.6599   270      572.6558      576.5635  6805561    0.68%
  78342 45295      576.0010   374      572.6558      576.5634  6812851    0.68%
Elapsed time = 2912.59 sec. (3068559.23 ticks, tree = 982.05 MB, solutions = 6)
  78415 45357      575.3493   360      572.6558      576.5634  6819005    0.68%
  78506 45430      576.3858   376      572.6558      576.5631  6826620    0.68%
  78576 45500      572.8729   271      572.6558      576.5631  6834605    0.68%
  78675 45575      572.6881   287      572.6558      576.5630  6841910    0.68%
  78761 45651      573.5399   298      572.6558      576.5628  6848816    0.68%
  78831 45701      574.7704   290      572.6558      576.5627  6857007    0.68%
  78947 45811      574.7149   334      572.6558      576.5627  6864660    0.68%
  79033 45876      576.3979   360      572.6558      576.5626  6872118    0.68%
  79115 45954      573.0933   284      572.6558      576.5624  6879307    0.68%
  79180 46001      572.8182   284      572.6558      576.5624  6887880    0.68%
Elapsed time = 2947.34 sec. (3107141.51 ticks, tree = 995.66 MB, solutions = 6)
  79291 46075      574.1076   318      572.6558      576.5622  6894699    0.68%
  79375 46137      574.9399   342      572.6558      576.5621  6902604    0.68%
  79450 46198      573.5579   316      572.6558      576.5620  6910191    0.68%
  79556 46272      576.0434   366      572.6558      576.5620  6917961    0.68%
  79643 46352      575.0684   346      572.6558      576.5618  6924315    0.68%
  79735 46420      572.7769   324      572.6558      576.5617  6931413    0.68%
  79801 46481      574.0798   252      572.6558      576.5617  6939944    0.68%
  79901 46560      572.9513   296      572.6558      576.5615  6947659    0.68%
  80003 46626        cutoff            572.6558      576.5613  6955416    0.68%
  80138 46761      574.7719   214      572.6558      576.5606  6960924    0.68%
Elapsed time = 2982.31 sec. (3145745.50 ticks, tree = 1008.27 MB, solutions = 6)
* 80400 42992      integral     0      572.8907      576.5606  6964155    0.64%
  80484 43074      573.3501   250      572.8907      576.5605  6972223    0.64%
  80574 43141      574.2918   358      572.8907      576.5603  6979672    0.64%
  80678 43216      573.1316   297      572.8907      576.5600  6986972    0.64%
  80786 43282      575.8869   350      572.8907      576.5598  6993935    0.64%
  80870 43345      575.5452   366      572.8907      576.5597  7001605    0.64%
  80950 43410      574.4132   356      572.8907      576.5596  7008502    0.64%
  81042 43482      573.1118   278      572.8907      576.5596  7016097    0.64%
  81141 43550      575.2660   319      572.8907      576.5595  7023732    0.64%
  81223 43620      576.1365   332      572.8907      576.5594  7031179    0.64%
Elapsed time = 3016.79 sec. (3182572.17 ticks, tree = 943.89 MB, solutions = 7)
  81313 43700      576.3010   366      572.8907      576.5593  7038087    0.64%
  81395 43763      576.0347   371      572.8907      576.5583  7045894    0.64%
  81449 43817      574.5814   338      572.8907      576.5583  7054147    0.64%
  81538 43879      573.4244   344      572.8907      576.5582  7062028    0.64%
  81643 43953      575.5815   320      572.8907      576.5577  7068825    0.64%
  81852 44162      573.6205   116      572.8907      576.5577  7074069    0.64%
  81971 44255      575.7918   354      572.8907      576.5572  7080702    0.64%
  82067 44336      575.4724   332      572.8907      576.5571  7088632    0.64%
  82167 44411      574.5219   354      572.8907      576.5568  7095425    0.64%
  82259 44472      575.5934   362      572.8907      576.5563  7103592    0.64%
Elapsed time = 3052.34 sec. (3221151.03 ticks, tree = 957.35 MB, solutions = 7)
  82335 44548      574.1888   286      572.8907      576.5563  7110731    0.64%
  82437 44621      575.7262   338      572.8907      576.5558  7118104    0.64%
  82518 44688      575.3752   338      572.8907      576.5558  7125388    0.64%
  82583 44742      575.4936   364      572.8907      576.5558  7133587    0.64%
  82663 44810      575.0689   364      572.8907      576.5557  7141328    0.64%
  82735 44874        cutoff            572.8907      576.5555  7148523    0.64%
  82814 44935      573.9610   330      572.8907      576.5555  7156067    0.64%
  82882 44998      574.1203   256      572.8907      576.5552  7164289    0.64%
  82983 45079      575.4762   303      572.8907      576.5550  7171344    0.64%
  83229 45324      573.3750    68      572.8907      576.5550  7175638    0.64%
Elapsed time = 3087.87 sec. (3259585.58 ticks, tree = 974.57 MB, solutions = 7)
  83366 45433      574.4925   348      572.8907      576.5542  7182830    0.64%
  83451 45494      574.7517   326      572.8907      576.5542  7190392    0.64%
  83546 45567      574.8278   318      572.8907      576.5542  7197210    0.64%
  83643 45636      575.9117   392      572.8907      576.5540  7204662    0.64%
  83716 45703      574.6625   314      572.8907      576.5538  7212221    0.64%
  83826 45774      574.5732   356      572.8907      576.5535  7219700    0.64%
  83911 45841      574.5986   320      572.8907      576.5531  7227446    0.64%
  83999 45915      575.9638   340      572.8907      576.5527  7234355    0.64%
  84110 45982      575.0966   362      572.8907      576.5527  7241804    0.64%
  84196 46052      576.2611   348      572.8907      576.5525  7249184    0.64%
Elapsed time = 3123.35 sec. (3298192.65 ticks, tree = 987.66 MB, solutions = 7)
  84279 46116      573.0515   322      572.8907      576.5524  7256731    0.64%
  84349 46174      574.0381   272      572.8907      576.5522  7264759    0.64%
  84461 46264      574.5497   318      572.8907      576.5520  7270690    0.64%
  84665 46460      575.1902   356      572.8907      576.5520  7275836    0.64%
  84769 46545      576.1950   348      572.8907      576.5517  7282935    0.64%
  84857 46614      574.5932   324      572.8907      576.5517  7290333    0.64%
  84954 46690      573.8407   304      572.8907      576.5516  7298138    0.64%
  85035 46762      573.2247   266      572.8907      576.5511  7305869    0.64%
  85140 46837      575.9152   328      572.8907      576.5498  7313193    0.64%
  85231 46920      576.3152   376      572.8907      576.5498  7320640    0.64%
Elapsed time = 3159.23 sec. (3336706.80 ticks, tree = 1009.19 MB, solutions = 7)
  85324 46991      576.3096   396      572.8907      576.5496  7327750    0.64%
  85417 47074      572.9093   297      572.8907      576.5495  7334392    0.64%
  85476 47121      576.2651   374      572.8907      576.5493  7343012    0.64%
  85568 47195      572.9202   260      572.8907      576.5492  7349771    0.64%
  85651 47253      576.3509   372      572.8907      576.5490  7357626    0.64%
  85722 47324      575.4602   290      572.8907      576.5490  7365658    0.64%
  85849 47435      573.2143   336      572.8907      576.5488  7372964    0.64%
  85953 47522      574.1802   318      572.8907      576.5483  7379626    0.64%
  86039 47580      575.2330   324      572.8907      576.5480  7386850    0.64%
  86124 47647      572.9201   296      572.8907      576.5478  7394908    0.64%
Elapsed time = 3194.22 sec. (3375186.47 ticks, tree = 1027.38 MB, solutions = 7)
  86209 47707      576.1879   356      572.8907      576.5473  7402770    0.64%
  86293 47775      573.8170   326      572.8907      576.5472  7410162    0.64%
  86378 47841      573.8695   312      572.8907      576.5469  7417991    0.64%
  86462 47911      573.0468   323      572.8907      576.5467  7425537    0.64%
  86529 47968      573.8928   296      572.8907      576.5462  7433281    0.64%
  86620 48035      576.0881   340      572.8907      576.5460  7441178    0.64%
  86721 48105      576.2794   370      572.8907      576.5455  7448314    0.64%
  86860 48244      574.7591   199      572.8907      576.5455  7453389    0.64%
  87074 48450      574.7038   338      572.8907      576.5453  7460630    0.64%
  87162 48513      572.9092   276      572.8907      576.5453  7468091    0.64%
Elapsed time = 3229.83 sec. (3413723.24 ticks, tree = 1050.59 MB, solutions = 7)
  87253 48586      573.4750   296      572.8907      576.5447  7475205    0.64%
  87334 48657      575.2761   334      572.8907      576.5444  7482370    0.64%
  87426 48720      572.9717   318      572.8907      576.5444  7489996    0.64%
  87516 48795      573.6639   310      572.8907      576.5439  7496857    0.64%
  87595 48851      576.0629   370      572.8907      576.5437  7503448    0.64%
  87676 48920      575.8943   352      572.8907      576.5437  7510361    0.64%
  87761 48979      576.2994   362      572.8907      576.5436  7517835    0.64%
  87852 49049      573.3227   314      572.8907      576.5433  7525047    0.64%
  87911 49089      575.2682   358      572.8907      576.5431  7532439    0.64%
  87996 49152      575.8228   334      572.8907      576.5428  7540245    0.64%
Elapsed time = 3264.59 sec. (3452229.86 ticks, tree = 1067.08 MB, solutions = 7)
  88086 49221      575.8465   338      572.8907      576.5425  7546791    0.64%
  88215 49350      574.0151   159      572.8907      576.5425  7551199    0.64%
  88362 49483      575.8330   362      572.8907      576.5423  7553997    0.64%
  88445 49549      574.4242   296      572.8907      576.5423  7561797    0.64%
  88521 49602      575.8071   384      572.8907      576.5421  7568739    0.64%
  88587 49656      575.7077   360      572.8907      576.5421  7574029    0.64%
  88661 49718      576.0452   390      572.8907      576.5419  7582474    0.64%
  88741 49788      576.3483   372      572.8907      576.5417  7590281    0.64%
  88803 49838      575.3122   330      572.8907      576.5417  7595853    0.64%
  88874 49905      573.6472   294      572.8907      576.5414  7600622    0.64%
Elapsed time = 3302.15 sec. (3491991.69 ticks, tree = 1081.70 MB, solutions = 7)
  88933 49956      574.2447   315      572.8907      576.5411  7608587    0.64%
  88989 50000      573.7442   314      572.8907      576.5409  7615900    0.64%
  89061 50047      575.1737   366      572.8907      576.5407  7621765    0.64%
  89132 50093      575.6864   380      572.8907      576.5406  7630006    0.64%
  89169 50130      573.1816   294      572.8907      576.5406  7635429    0.64%
  89261 50200      573.3836   318      572.8907      576.5404  7641209    0.64%
  89361 50296      574.7855   240      572.8907      576.5399  7646120    0.64%
  89573 50501      576.4052   372      572.8907      576.5399  7649861    0.64%
  89660 50571      576.1237   382      572.8907      576.5396  7657339    0.64%
  89701 50612      575.5601   340      572.8907      576.5396  7662189    0.64%
Elapsed time = 3339.37 sec. (3531609.40 ticks, tree = 1098.63 MB, solutions = 7)
  89782 50690      573.5314   240      572.8907      576.5396  7668838    0.64%
  89869 50753      576.0830   368      572.8907      576.5394  7675002    0.64%
  89956 50823      573.2863   322      572.8907      576.5393  7681928    0.64%
  90032 50876      575.1730   322      572.8907      576.5391  7689451    0.64%
  90128 50940      572.9929   290      572.8907      576.5391  7697190    0.64%
  90218 51005      572.9645   290      572.8907      576.5388  7703291    0.64%
  90281 51049      576.0438   360      572.8907      576.5387  7710311    0.64%
  90353 51121      572.9037   262      572.8907      576.5387  7718348    0.64%
  90404 51162      575.9312   328      572.8907      576.5386  7722251    0.64%
  90464 51210      574.7078   338      572.8907      576.5384  7726998    0.64%
Elapsed time = 3374.54 sec. (3570019.67 ticks, tree = 1113.88 MB, solutions = 7)
  90550 51273      576.3128   370      572.8907      576.5382  7734508    0.64%
  90606 51329      573.5888   266      572.8907      576.5382  7740915    0.64%
  90727 51417      575.2480   318      572.8907      576.5382  7747884    0.64%
  90837 51527      573.7698   210      572.8907      576.5382  7750793    0.64%
  91000 51683      573.4198   293      572.8907      576.5381  7755723    0.64%
  91090 51748      575.7664   356      572.8907      576.5377  7762001    0.64%
  91161 51801      575.5666   332      572.8907      576.5377  7767601    0.64%
  91246 51875      574.6398   340      572.8907      576.5375  7775164    0.64%
  91330 51944      574.5071   328      572.8907      576.5374  7781830    0.64%
  91626 52168      575.1755   368      572.8907      576.5361  7808530    0.64%
Elapsed time = 3421.69 sec. (3620215.59 ticks, tree = 1137.91 MB, solutions = 7)
  91930 52406      575.7083   328      572.8907      576.5357  7832353    0.64%
  92241 52654      575.5482   330      572.8907      576.5352  7855326    0.64%
  92539 52872      574.1046   325      572.8907      576.5344  7880579    0.64%
  92820 53084      575.1091   346      572.8907      576.5341  7904004    0.64%
  93161 53350      574.9168   210      572.8907      576.5337  7923696    0.64%
  93561 53715      575.6992   342      572.8907      576.5331  7944904    0.64%
  93863 53961      575.4948   328      572.8907      576.5324  7970316    0.64%
  94161 54198      574.7083   318      572.8907      576.5320  7996142    0.64%
  94461 54406      575.6297   370      572.8907      576.5315  8019445    0.64%
  94841 54751      574.9030   326      572.8907      576.5312  8041760    0.64%
Elapsed time = 3566.32 sec. (3774013.77 ticks, tree = 1200.14 MB, solutions = 7)
  95122 54961      573.5565   316      572.8907      576.5307  8068688    0.64%
  95362 55156      574.6733   334      572.8907      576.5303  8090965    0.64%
Advanced basis not built.

Flow cuts applied:  47
Mixed integer rounding cuts applied:  123
Lift and project cuts applied:  4
Gomory fractional cuts applied:  4
User cuts applied:  1522

Root node processing (before b&c):
  Real time             =    4.17 sec. (3920.91 ticks)
Sequential b&c:
  Real time             = 3595.83 sec. (3806736.13 ticks)
                          ------------
Total (root+branch&cut) = 3600.01 sec. (3810657.04 ticks)
|V|                                     600
K                                       60
theta                                   0.20
r                                       10
R                                       25
prob_func                               linear
#C1                                     5338
#CP                                     78458

@Parameters: 
am_callback_heuristic                   false
am_local_search                         true
am_start_heuristic                      false
colocation                              true
comp                                    false
cutC                                    true
cutC_init                               false
cutF                                    false
cutF_init                               false
cutF_stable                             false
cutF_wrong                              false
cutLocal                                false
cutM                                    true
cutM_init                               true
cutM_stable                             false
cutP                                    true
cutP_init                               false
cutP_stable                             false
init                                    true
init_cutF_zero                          false
init_val_greedy                         true
is_Euclidean                            false
is_local_search                         false
is_right_cutP                           true
is_root                                 false
is_silent                               false
is_start                                false
mycut                                   false
pmed                                    false
pre                                     true
stable_root                             false
str                                     false
two_phase                               false
ubstr                                   false
mode                                    Int

am_callback_node_space                  50
init                                    0
mixture_seed                            1
node_space                              5
nodelimit                               -1
nsepa                                   1
strF                                    0
type_delta                              0

EPS                                     0.001000
EPS_FRAC                                0.00
gap                                     0.00
mixture_high_max                        0.99
mixture_high_min                        0.90
mixture_low_max                         0.01
mixture_low_min                         0.00
mixture_low_share                       0.80
timelimit                               3600.00

Number of Closed Sites: 8 / 480 
Number of Confined Sites-1: 3 / 177 
Number of Confined Sites-k: 589 / 1200 
Preprocess Time: 0.74 + 0.00 sec

Solve Time: 3600.01
Number of Nodes: 95461
Termination Status: TIME_LIMIT

CutInfo: [phase] num / time (sec) / aver. num_nonzero
max              [LP]     0 / 0.00 / 0.00 [init]   218 / 0.01 / 5.97 [rLC]   294 / 0.01 / 16.48 [rUC]  1265 / 0.11 / 11.27 [sLC]   322 / 0.18 / 16.17 [sUC]  1695 / 1.74 / 11.65 
prod_oa          [LP]     0 / 0.00 / 0.00 [init]   175 / 0.00 / 55.76 [rLC]   390 / 0.02 / 80.80 [rUC]   259 / 0.40 / 45.11 [sLC]  1064 / 0.20 / 66.57 [sUC]   780 / 3.80 / 49.52 
prod_sm_fixed    [LP]     0 / 0.00 / 0.00 [init]     0 / 0.00 / 0.00 [rLC]     0 / 0.00 / 0.00 [rUC]     0 / 0.00 / 0.00 [sLC]     0 / 0.00 / 0.00 [sUC]     0 / 0.00 / 0.00 
prod_bin         [LP]     0 / 0.00 / 0.00 [init]     0 / 0.00 / 0.00 [rLC]     0 / 0.00 / 0.00 [rUC]     0 / 0.00 / 0.00 [sLC]     0 / 0.00 / 0.00 [sUC]     0 / 0.00 / 0.00 
prod_local       [LP]     0 / 0.00 / 0.00 [init]     0 / 0.00 / 0.00 [rLC]     0 / 0.00 / 0.00 [rUC]     0 / 0.00 / 0.00 [sLC]     0 / 0.00 / 0.00 [sUC]     0 / 0.00 / 0.00 
prod_sm_C        [LP]     0 / 0.00 / 0.00 [init]     0 / 0.00 / 0.00 [rLC]     0 / 0.00 / 0.00 [rUC]     0 / 0.00 / 0.00 [sLC]     0 / 0.00 / 0.00 [sUC]     0 / 0.00 / 0.00 
facet            [LP]     0 / 0.00 / 0.00 [init]     0 / 0.00 / 0.00 [rLC]     0 / 0.00 / 0.00 [rUC]     0 / 0.00 / 0.00 [sLC]     0 / 0.00 / 0.00 [sUC]     0 / 0.00 / 0.00 
Separation Round:   [LP] 0  [init] 1  [rLC] 3  [rUC] 19  [sLC] 32  [sUC] 178394  
Root Best Bound 579.034286
Root Best Integer: 571.882246
Best Bound: 576.529515
Best Integer: 572.890719
1: 1, 17, 35, 44, 46, 47, 50, 76, 96, 108, 117, 123, 125, 130, 136, 148, 180, 181, 184, 187, 198, 209, 212, 218, 235, 236, 241, 262, 279, 287, 297, 320, 322, 324, 330, 356, 368, 379, 396, 397, 413, 426, 433, 436, 454, 463, 477, 503, 506, 512, 521, 522, 534, 540, 553, 569, 578, 579, 590, 600
Objective Value (calc): 572.863691
sum_etaM = 545.266667 / 545.266667
sum_etaP = 579.796732 / 579.762947
nL: 60
nCL: 0
mCL: 1
