Version identifier: 20.1.0.0 | 2020-11-10 | 9bedb6d68
CPXPARAM_Threads                                 1
CPXPARAM_TimeLimit                               3600
CPXPARAM_MIP_Tolerances_MIPGap                   0
Generic callback                                 0x60
1 of 1 MIP starts provided solutions.
MIP start 'm1' defined initial solution with objective 481.8620.
Tried aggregator 2 times.
MIP Presolve eliminated 20 rows and 14 columns.
Aggregator did 6 substitutions.
Reduced MIP has 1904 rows, 2380 columns, and 17620 nonzeros.
Reduced MIP has 593 binaries, 587 generals, 0 SOSs, and 0 indicators.
Presolve time = 0.01 sec. (7.05 ticks)
Probing time = 0.00 sec. (0.90 ticks)
Tried aggregator 1 time.
Reduced MIP has 1904 rows, 2380 columns, and 17620 nonzeros.
Reduced MIP has 593 binaries, 587 generals, 0 SOSs, and 0 indicators.
Presolve time = 0.01 sec. (4.12 ticks)
Probing time = 0.00 sec. (0.90 ticks)
MIP emphasis: balance optimality and feasibility.
MIP search method: dynamic search.
Parallel mode: none, using 1 thread.
Root relaxation solution time = 0.07 sec. (65.98 ticks)

        Nodes                                         Cuts/
   Node  Left     Objective  IInf  Best Integer    Best Bound    ItCnt     Gap

*     0+    0                          481.8620      600.0000            24.52%
      0     0      533.0407   110      481.8620      533.0407     1613   10.62%
      0     0      494.2341   276      481.8620     Cuts: 576     2736    2.57%
      0     0      491.6328   282      481.8620     Cuts: 468     3496    2.03%
      0     0      490.9501   270      481.8620     Cuts: 224     3866    1.89%
      0     0      490.6996   282      481.8620     Cuts: 124     4074    1.83%
      0     0      490.6057   278      481.8620      Cuts: 92     4241    1.81%
      0     0      490.5254   292      481.8620      Cuts: 78     4366    1.80%
      0     0      490.4980   298      481.8620      Cuts: 57     4456    1.79%
      0     0      490.4755   250      481.8620      Cuts: 46     4520    1.79%
      0     0      490.4468   298      481.8620      Cuts: 55     4611    1.78%
      0     0      490.4442   294      481.8620 UserPurge2: 23     4661    1.78%
      0     0      490.4431   298      481.8620 UserPurge2: 21     4684    1.78%
      0     0      490.4429   298      481.8620 UserPurge2: 3     4687    1.78%
      0     0      490.4428   300      481.8620 UserPurge2: 7     4690    1.78%
      0     0      490.4427   298      481.8620 UserPurge2: 5     4695    1.78%
      0     0      490.4427   298      481.8620 UserPurge2: 1     4697    1.78%
      0     0      490.4427   298      481.8620 UserPurge2: 1     4700    1.78%
      0     0      490.4427   298      481.8620 UserPurge2: 1     4703    1.78%
*     0+    0                          483.3611      490.4427             1.47%
      0     2      490.3618   312      483.3611      490.3613     4703    1.45%
Elapsed time = 3.32 sec. (3162.66 ticks, tree = 0.01 MB, solutions = 2)
      7     9      490.2155   288      483.3611      490.3080     5931    1.44%
*    10+   10                          485.0846      490.3080             1.08%
     10    12      489.9763   260      485.0846      490.3080     6548    1.08%
     17    19      489.6737   234      485.0846      490.3080     7843    1.08%
     21    23      489.5159   232      485.0846      490.3080     8494    1.08%
*    30+   30                          486.2362      490.3080             0.84%
     30    32      489.1894   204      486.2362      490.3080     9736    0.84%
     41    43      488.9929   178      486.2362      490.3080    10789    0.84%
     50    52      488.4782   146      486.2362      490.3080    11992    0.84%
     61    63      487.9353   120      486.2362      490.3080    13070    0.84%
     83    85      486.7216    82      486.2362      490.3080    14571    0.84%
*    90+   84                          486.3289      490.3080             0.82%
     95    91      489.4581   270      486.3289      490.3075    17736    0.82%
Elapsed time = 8.17 sec. (7203.26 ticks, tree = 0.50 MB, solutions = 5)
    102    98      489.2005   248      486.3289      490.3075    19672    0.82%
    117   113      488.3541   214      486.3289      490.3075    22656    0.82%
    134   130      487.5467   154      486.3289      490.3075    25190    0.82%
    160   152      489.8960   310      486.3289      490.3001    29206    0.82%
    172   164      489.0389   248      486.3289      490.3001    32451    0.82%
    184   176      488.0484   234      486.3289      490.3001    35736    0.82%
    205   197      486.7009   182      486.3289      490.3001    39498    0.82%
    220   208      489.4604   284      486.3289      490.2153    42094    0.80%
    239   227      488.1814   270      486.3289      490.2153    46235    0.80%
    259   247      486.6374   222      486.3289      490.2153    50019    0.80%
Elapsed time = 19.92 sec. (17898.61 ticks, tree = 1.80 MB, solutions = 5)
    277   261      489.3537   232      486.3289      490.1832    53454    0.79%
    289   273      488.5995   210      486.3289      490.1832    56092    0.79%
    310   294      487.1093   196      486.3289      490.1832    60218    0.79%
    329   309      489.4523   256      486.3289      490.1826    64200    0.79%
    340   320      489.0812   200      486.3289      490.1826    66663    0.79%
    363   343      487.9914   130      486.3289      490.1826    70441    0.79%
    398   372      489.5305   282      486.3289      490.1686    74524    0.79%
    409   383      488.9538   242      486.3289      490.1686    77305    0.79%
    420   394      488.3283   222      486.3289      490.1686    79521    0.79%
    440   414      487.0532   156      486.3289      490.1686    83277    0.79%
Elapsed time = 30.75 sec. (28044.15 ticks, tree = 2.68 MB, solutions = 5)
    461   431      489.2364   274      486.3289      490.1685    87285    0.79%
    478   448      488.0551   246      486.3289      490.1685    91172    0.79%

Performing restart 1

Repeating presolve.
Tried aggregator 1 time.
MIP Presolve modified 199 coefficients.
Reduced MIP has 1904 rows, 2380 columns, and 17620 nonzeros.
Reduced MIP has 593 binaries, 587 generals, 0 SOSs, and 0 indicators.
Presolve time = 0.01 sec. (4.22 ticks)
Tried aggregator 1 time.
Reduced MIP has 1904 rows, 2380 columns, and 17620 nonzeros.
Reduced MIP has 593 binaries, 587 generals, 0 SOSs, and 0 indicators.
Presolve time = 0.01 sec. (4.19 ticks)
Represolve time = 0.04 sec. (26.64 ticks)
    488     0      489.7622   352      486.3289      Cuts: 97    99358    0.71%
    488     0      489.6798   366      486.3289      Cuts: 41    99542    0.69%
    488     0      489.6507   360      486.3289      Cuts: 49    99695    0.68%
    488     0      489.6178   364      486.3289      Cuts: 42    99804    0.68%
    488     0      489.5957   366      486.3289   MIRcuts: 35    99914    0.67%
    488     0      489.5815   350      486.3289      Cuts: 35   100002    0.67%
    488     0      489.5619   388      486.3289      Cuts: 27   100086    0.66%
    488     0      489.5575   374      486.3289      Cuts: 23   100145    0.66%
    488     0      489.5495   394      486.3289   MIRcuts: 25   100217    0.66%
    488     0      489.5440   372      486.3289      Cuts: 26   100324    0.66%
    488     0      489.5236   364      486.3289      Cuts: 47   100463    0.66%
    488     0      489.5181   332      486.3289      Cuts: 25   100544    0.66%
    488     0      489.5139   330      486.3289      Cuts: 18   100600    0.65%
    488     0      489.5125   332      486.3289      Cuts: 14   100629    0.65%
    488     0      489.5121   344      486.3289    MIRcuts: 7   100644    0.65%
    488     0      489.5117   350      486.3289       Cuts: 9   100667    0.65%
    488     2      489.4977   354      486.3289      489.4977   100667    0.65%
    489     3      489.4558   358      486.3289      489.4555   100877    0.64%
    490     4      489.3871   348      486.3289      489.3862   101707    0.63%
    491     5      489.3451   330      486.3289      489.3862   101926    0.63%
    492     6      489.2921   354      486.3289      489.3767   102013    0.63%
    493     7      489.3265   340      486.3289      489.3767   102421    0.63%
    494     8      489.1648   328      486.3289      489.3767   103236    0.63%
    495     9      489.3078   328      486.3289      489.3767   103685    0.63%
Elapsed time = 53.04 sec. (52280.44 ticks, tree = 0.06 MB, solutions = 5)
    497    11      489.1895   328      486.3289      489.3767   104350    0.63%
    499    13      489.1342   328      486.3289      489.3767   105059    0.63%
    505    19      488.8950   312      486.3289      489.3767   107072    0.63%
    512    26      488.8122   298      486.3289      489.3767   108313    0.63%
    524    38      488.2721   240      486.3289      489.3767   110478    0.63%
    531    45      487.9133   222      486.3289      489.3767   112314    0.63%
    544    58      487.6179   220      486.3289      489.3767   114564    0.63%
    551    65      487.3341   210      486.3289      489.3767   116394    0.63%
    568    82      486.8338   200      486.3289      489.3767   118886    0.63%
    578    84      489.3077   358      486.3289      489.3076   121353    0.61%
Elapsed time = 63.05 sec. (63452.01 ticks, tree = 0.57 MB, solutions = 5)
    588    94      488.9718   322      486.3289      489.3076   123449    0.61%
    600   106      488.5899   324      486.3289      489.3076   126153    0.61%
    611   117      488.3473   310      486.3289      489.3076   129075    0.61%
    620   126      488.2234   258      486.3289      489.3076   132212    0.61%
    628   134      487.9117   224      486.3289      489.3076   134933    0.61%
    648   154      486.8937   156      486.3289      489.3076   138420    0.61%
    680   170      489.1714   350      486.3289      489.3071   141298    0.61%
    689   179      488.9078   336      486.3289      489.3071   143659    0.61%
    701   191      488.4276   306      486.3289      489.3071   146840    0.61%
*   708+  193                          486.4322      489.3071             0.59%
    718   205      487.9219   200      486.4322      489.3071   149823    0.59%
Elapsed time = 72.91 sec. (74143.04 ticks, tree = 1.27 MB, solutions = 6)
    749   233      486.6311    66      486.4322      489.3071   153512    0.59%
    767   245      488.5897   322      486.4322      489.2916   157100    0.59%
    778   256      488.2401   306      486.4322      489.2916   159866    0.59%
    797   275      487.4572   146      486.4322      489.2916   163341    0.59%
    842   308      489.0894   376      486.4322      489.2893   166991    0.59%
    848   314      488.7950   348      486.4322      489.2893   168869    0.59%
    862   328      488.2413   304      486.4322      489.2893   172776    0.59%
    868   334      487.8206   288      486.4322      489.2893   174141    0.59%
    887   353      487.1751   200      486.4322      489.2893   177659    0.59%
    913   374      488.7303   320      486.4322      489.2865   180779    0.59%
Elapsed time = 83.94 sec. (84661.43 ticks, tree = 1.55 MB, solutions = 6)
    923   384      488.4866   336      486.4322      489.2865   184225    0.59%
    928   389      488.3614   312      486.4322      489.2865   186080    0.59%
    938   399      487.9137   264      486.4322      489.2865   189744    0.59%
    948   409      487.4832   246      486.4322      489.2865   192531    0.59%
    963   424      487.3289   242      486.4322      489.2865   196244    0.59%
    975   436      486.8957   194      486.4322      489.2865   198737    0.59%
    998   445      489.0448   360      486.4322      489.2535   202610    0.58%
   1008   455      488.6650   336      486.4322      489.2535   205035    0.58%
   1023   470      487.8802   302      486.4322      489.2535   208425    0.58%
   1035   482      487.2087   220      486.4322      489.2535   211761    0.58%
Elapsed time = 94.30 sec. (94849.15 ticks, tree = 2.33 MB, solutions = 6)
   1056   503      486.6456   160      486.4322      489.2535   214934    0.58%
   1071   514      488.3423   308      486.4322      489.2375   218527    0.58%
   1085   528      487.7499   276      486.4322      489.2375   222036    0.58%
   1101   544      487.1933   218      486.4322      489.2375   224659    0.58%
   1142   577      488.8798   334      486.4322      489.2263   227233    0.57%
   1165   600      487.7817   296      486.4322      489.2263   230425    0.57%
   1202   637      486.6733    86      486.4322      489.2263   233315    0.57%
   1233   665      488.1576   342      486.4322      489.2190   236201    0.57%
   1248   680      487.4348   276      486.4322      489.2190   238431    0.57%
   1281   709      488.8425   332      486.4322      489.1911   241572    0.57%
Elapsed time = 104.99 sec. (105033.59 ticks, tree = 5.71 MB, solutions = 6)
   1294   722      488.2307   300      486.4322      489.1911   244772    0.57%
   1311   739      486.8785   244      486.4322      489.1911   247900    0.57%
   1329   755      486.5295   220      486.4322      489.1911   250158    0.57%
   1346   767      488.3184   308      486.4322      489.1895   252936    0.57%
   1367   788      486.6908   214      486.4322      489.1895   255981    0.57%
   1391   808      488.1052   292      486.4322      489.1886   258775    0.57%
   1412   829      487.3323   226      486.4322      489.1886   260999    0.57%
   1451   862      488.8379   332      486.4322      489.1840   263814    0.57%
   1470   881      487.8088   258      486.4322      489.1840   266760    0.57%
   1568   974      486.7102   136      486.4322      489.1689   276248    0.56%
Elapsed time = 118.38 sec. (117673.10 ticks, tree = 8.90 MB, solutions = 6)
   1632  1034      487.8313   238      486.4322      489.1647   287141    0.56%
   1746  1128      488.5304   306      486.4322      489.1374   297958    0.56%
   1853  1230      486.6292    96      486.4322      489.1371   308516    0.56%
   1968  1336      488.0315   268      486.4322      489.1309   319530    0.55%
   2094  1452      486.6001   108      486.4322      489.1300   330947    0.55%
   2256  1603      486.7162   104      486.4322      489.1263   342700    0.55%
   2407  1736      488.2701   262      486.4322      489.1093   354033    0.55%
*  2488+ 1501                          486.7078      489.1021             0.49%
*  2508+ 1466                          486.7660      489.1021             0.48%
   2518  1478      487.0701    86      486.7660      489.1021   363982    0.48%
   2601  1549      487.1725   242      486.7660      489.0894   370101    0.48%
   2686  1624      488.6187   316      486.7660      489.0512   378981    0.47%
Elapsed time = 160.03 sec. (156191.29 ticks, tree = 17.20 MB, solutions = 8)
   2748  1682      487.8505   288      486.7660      489.0509   388622    0.47%
   2845  1767      487.4371   164      486.7660      489.0493   397906    0.47%
   2968  1878      488.3754   310      486.7660      489.0404   407475    0.47%
   3054  1954      488.7408   324      486.7660      489.0211   417841    0.46%
   3147  2039      487.7321   208      486.7660      489.0200   428860    0.46%
   3248  2130      487.9074   236      486.7660      489.0093   439508    0.46%
   3347  2217      488.5841   330      486.7660      489.0025   449077    0.46%
   3379  2249      487.2955   260      486.7660      489.0025   456093    0.46%
   3494  2349      487.8679   294      486.7660      488.9851   468169    0.46%
   3613  2459      487.5823   252      486.7660      488.9832   479204    0.46%
Elapsed time = 201.31 sec. (195010.41 ticks, tree = 33.09 MB, solutions = 8)
   3708  2538      488.7986   304      486.7660      488.9793   490596    0.45%
   3798  2624      486.9893   252      486.7660      488.9793   501607    0.45%
   3907  2725      487.2411   214      486.7660      488.9774   512863    0.45%
   3964  2778      487.0479   278      486.7660      488.9751   522692    0.45%
   4066  2870      487.0820   190      486.7660      488.9581   533913    0.45%
   4173  2967      487.6752   294      486.7660      488.9516   544356    0.45%
   4277  3053      488.0831   294      486.7660      488.9467   555778    0.45%
   4381  3146      487.8686   264      486.7660      488.9415   567300    0.45%
   4468  3223      487.8943   296      486.7660      488.9294   579105    0.44%
   4578  3320      488.5315   310      486.7660      488.9288   590467    0.44%
Elapsed time = 242.83 sec. (233452.36 ticks, tree = 54.60 MB, solutions = 8)
   4698  3432      487.3582   202      486.7660      488.9270   602355    0.44%
   4788  3514      487.9007   292      486.7660      488.9181   614246    0.44%
   4891  3609      488.0140   306      486.7660      488.9084   623212    0.44%
   5002  3710      487.7349   282      486.7660      488.9076   635342    0.44%
   5108  3803      488.7234   300      486.7660      488.9044   646797    0.44%
   5240  3925      488.1512   316      486.7660      488.8974   658591    0.44%
   5326  4007      487.7043   164      486.7660      488.8974   668758    0.44%
   5458  4127      487.3594   190      486.7660      488.8947   680313    0.44%
   5586  4241      488.5608   324      486.7660      488.8925   692037    0.44%
   5645  4294      488.0785   276      486.7660      488.8922   703132    0.44%
Elapsed time = 285.43 sec. (272033.02 ticks, tree = 68.71 MB, solutions = 8)
   5728  4369      487.7266   296      486.7660      488.8901   713617    0.44%
   5813  4446      488.2809   266      486.7660      488.8870   725002    0.44%
   5918  4540      487.2752   160      486.7660      488.8866   736134    0.44%
   6068  4682      486.8853   196      486.7660      488.8855   747007    0.44%
   6152  4758      487.7803   284      486.7660      488.8841   757641    0.44%
   6266  4856      487.5100   196      486.7660      488.8822   769634    0.43%
   6387  4966      488.3164   312      486.7660      488.8755   781520    0.43%
   6458  5031      488.3694   268      486.7660      488.8747   792790    0.43%
   6588  5153      487.8863   288      486.7660      488.8723   803754    0.43%
   6679  5236      488.4170   290      486.7660      488.8673   815435    0.43%
Elapsed time = 327.67 sec. (310615.29 ticks, tree = 84.58 MB, solutions = 8)
   6803  5352      486.8882   166      486.7660      488.8666   827395    0.43%
   6922  5456      488.4340   284      486.7660      488.8641   838921    0.43%
   7007  5537      487.4455   238      486.7660      488.8638   850734    0.43%
   7100  5622      487.6604   298      486.7660      488.8626   862831    0.43%
   7276  5785      488.6780   296      486.7660      488.8597   874700    0.43%
   7397  5890      488.5788   310      486.7660      488.8572   886540    0.43%
   7516  6000      487.5940   244      486.7660      488.8563   898332    0.43%
   7634  6097      488.6256   334      486.7660      488.8545   910309    0.43%
   7743  6198      488.2192   274      486.7660      488.8496   921477    0.43%
   7816  6262      488.1288   268      486.7660      488.8492   929346    0.43%
Elapsed time = 369.45 sec. (348997.95 ticks, tree = 111.89 MB, solutions = 8)
   7932  6366      487.7558   258      486.7660      488.8459   941559    0.43%
   8067  6489      488.3751   296      486.7660      488.8418   953207    0.43%
   8140  6554      488.3996   300      486.7660      488.8385   963072    0.43%
   8251  6657      487.8491   234      486.7660      488.8355   974722    0.43%
   8352  6751      487.3982   274      486.7660      488.8342   986160    0.42%
   8477  6864      486.8855   158      486.7660      488.8298   998417    0.42%
   8612  6985      487.8936   288      486.7660      488.8284  1009951    0.42%
   8731  7092      488.0905   256      486.7660      488.8277  1021659    0.42%
   8850  7202      487.6056   240      486.7660      488.8261  1033537    0.42%
   8956  7290      488.6763   314      486.7660      488.8245  1044815    0.42%
Elapsed time = 411.60 sec. (387429.99 ticks, tree = 132.84 MB, solutions = 8)
   9087  7414      487.8729   260      486.7660      488.8207  1056594    0.42%
   9188  7505      487.9453   246      486.7660      488.8176  1068049    0.42%
   9308  7615      487.7196   278      486.7660      488.8151  1077501    0.42%
   9403  7702      487.3116   264      486.7660      488.8149  1089341    0.42%
   9515  7798      488.5947   328      486.7660      488.8122  1101518    0.42%
   9613  7888      487.8952   274      486.7660      488.8106  1112996    0.42%
   9781  8033      486.7758    44      486.7660      488.8060  1124818    0.42%
   9894  8134      488.2614   310      486.7660      488.8051  1136372    0.42%
   9981  8213      487.2867   168      486.7660      488.8033  1147872    0.42%
  10123  8342      487.8104   256      486.7660      488.8012  1158964    0.42%
Elapsed time = 453.70 sec. (425833.92 ticks, tree = 157.20 MB, solutions = 8)
  10226  8437      488.4450   312      486.7660      488.8005  1171132    0.42%
  10249  8460      488.6323   328      486.7660      488.8004  1173874    0.42%
  10250  8461      488.4729   318      486.7660      488.8002  1174279    0.42%
  10368  8573      487.3732   214      486.7660      488.7967  1186192    0.42%
  10507  8699      487.8700   282      486.7660      488.7933  1198242    0.42%
  10619  8798      488.0894   294      486.7660      488.7909  1209536    0.42%
  10735  8900      488.3144   284      486.7660      488.7898  1221303    0.42%
  10868  9025      487.2251   196      486.7660      488.7851  1233016    0.41%
  10948  9092      488.3998   310      486.7660      488.7848  1243540    0.41%
  11053  9189      487.4538   208      486.7660      488.7839  1255293    0.41%
Elapsed time = 505.07 sec. (471930.41 ticks, tree = 178.19 MB, solutions = 8)
  11178  9301      488.2856   272      486.7660      488.7810  1267306    0.41%
  11298  9411      488.0462   266      486.7660      488.7804  1277485    0.41%
  11408  9510      487.5449   272      486.7660      488.7790  1289236    0.41%
  11532  9618      487.4803   212      486.7660      488.7784  1300975    0.41%
  11655  9729      488.3538   316      486.7660      488.7769  1312886    0.41%
  11772  9835      487.8517   236      486.7660      488.7750  1324736    0.41%
  11912  9962      488.3858   296      486.7660      488.7721  1336658    0.41%
  11980 10026      488.2641   314      486.7660      488.7680  1347276    0.41%
  12098 10132      487.9325   258      486.7660      488.7663  1357643    0.41%
  12201 10227      487.8695   242      486.7660      488.7659  1369327    0.41%
Elapsed time = 547.65 sec. (510453.79 ticks, tree = 199.53 MB, solutions = 8)
  12319 10328      488.1741   266      486.7660      488.7642  1380766    0.41%
  12437 10438      487.4769   106      486.7660      488.7638  1392627    0.41%
  12579 10562      487.0245   140      486.7660      488.7634  1404432    0.41%
  12703 10674      487.6589   250      486.7660      488.7610  1416358    0.41%
  12796 10755      487.9562   270      486.7660      488.7594  1428391    0.41%
  12926 10877      487.2570   198      486.7660      488.7573  1439710    0.41%
  13043 10985      487.5216   266      486.7660      488.7562  1451838    0.41%
  13169 11099      488.5139   322      486.7660      488.7536  1464003    0.41%
  13301 11224      488.2578   296      486.7660      488.7516  1475262    0.41%
  13386 11304      487.7088   266      486.7660      488.7516  1486515    0.41%
Elapsed time = 590.52 sec. (548891.44 ticks, tree = 220.95 MB, solutions = 8)
  13497 11403      488.4334   316      486.7660      488.7491  1498597    0.41%
  13618 11512      487.4603   278      486.7660      488.7486  1510523    0.41%
  13748 11630      488.1131   280      486.7660      488.7465  1522479    0.41%
  13816 11695      487.6291   236      486.7660      488.7463  1533272    0.41%
  13949 11813      488.4762   310      486.7660      488.7439  1545718    0.41%
  14065 11920      487.8785   260      486.7660      488.7431  1557428    0.41%
  14209 12051      487.0839    98      486.7660      488.7398  1568829    0.41%
  14337 12166      488.1092   302      486.7660      488.7384  1580606    0.41%
  14438 12252      487.4734   276      486.7660      488.7368  1592463    0.40%
  14561 12364      486.7793   110      486.7660      488.7337  1603191    0.40%
Elapsed time = 633.33 sec. (587525.05 ticks, tree = 238.72 MB, solutions = 8)
  14657 12440      488.2826   282      486.7660      488.7335  1615315    0.40%
  14778 12553      487.3233   118      486.7660      488.7331  1627040    0.40%
  14898 12657      487.5400   196      486.7660      488.7316  1637522    0.40%
  15048 12788      488.2611   282      486.7660      488.7297  1649268    0.40%
  15179 12909      487.7567   248      486.7660      488.7290  1661138    0.40%
  15297 13009      488.2223   274      486.7660      488.7253  1673309    0.40%
  15402 13106      487.6528   236      486.7660      488.7236  1685298    0.40%
  15534 13219      488.4626   316      486.7660      488.7215  1697516    0.40%
  15628 13303      487.8655   270      486.7660      488.7213  1709384    0.40%
  15734 13398      488.5469   332      486.7660      488.7206  1721010    0.40%
Elapsed time = 676.13 sec. (625961.48 ticks, tree = 267.75 MB, solutions = 8)
  15846 13501      487.6217   154      486.7660      488.7203  1732365    0.40%
  15958 13598      487.8809   298      486.7660      488.7179  1743506    0.40%
  16095 13723      488.4306   306      486.7660      488.7162  1755542    0.40%
  16201 13820      488.4482   290      486.7660      488.7149  1767344    0.40%
  16335 13943      486.9605   118      486.7660      488.7146  1779289    0.40%
  16418 14017      487.4717   258      486.7660      488.7122  1791085    0.40%
  16533 14122      487.0945   160      486.7660      488.7114  1802280    0.40%
  16662 14236      488.1679   294      486.7660      488.7094  1813284    0.40%
  16741 14309        cutoff            486.7660      488.7080  1824087    0.40%
  16841 14399      488.0127   284      486.7660      488.7067  1835412    0.40%
Elapsed time = 718.67 sec. (664415.08 ticks, tree = 288.22 MB, solutions = 8)
  16920 14469      488.3136   270      486.7660      488.7060  1846125    0.40%
  17056 14591      487.8350   282      486.7660      488.7046  1858149    0.40%
  17154 14683      486.7845    46      486.7660      488.7045  1869213    0.40%
  17280 14797      487.8173   244      486.7660      488.7013  1880583    0.40%
  17389 14897      487.8773   286      486.7660      488.7010  1891429    0.40%
  17500 14996      487.0056   128      486.7660      488.6981  1903454    0.40%
  17653 15137      488.0224   292      486.7660      488.6933  1915181    0.40%
  17748 15222      487.8007   304      486.7660      488.6931  1926683    0.40%
  17876 15334      488.2365   288      486.7660      488.6928  1938641    0.40%
  17975 15421      487.3506   152      486.7660      488.6926  1949927    0.40%
Elapsed time = 761.16 sec. (702820.31 ticks, tree = 314.66 MB, solutions = 8)
  18107 15541      487.7665   266      486.7660      488.6906  1961744    0.40%
  18208 15631      487.8144   172      486.7660      488.6903  1973291    0.40%
  18369 15771      488.2253   286      486.7660      488.6883  1984839    0.39%
  18452 15846        cutoff            486.7660      488.6879  1996269    0.39%
  18620 15997      488.2971   268      486.7660      488.6858  2007804    0.39%
  18716 16083      487.7736   186      486.7660      488.6844  2019508    0.39%
  18847 16199      488.3320   294      486.7660      488.6825  2031404    0.39%
  18958 16296      487.8095   240      486.7660      488.6819  2043330    0.39%
  19088 16415      488.2883   318      486.7660      488.6808  2055262    0.39%
  19191 16506      487.5186   232      486.7660      488.6799  2066960    0.39%
Elapsed time = 804.42 sec. (741246.71 ticks, tree = 340.52 MB, solutions = 8)
  19335 16635      488.2200   306      486.7660      488.6777  2078759    0.39%
  19414 16708      486.8639   206      486.7660      488.6761  2089391    0.39%
  19585 16863      488.4989   292      486.7660      488.6744  2101235    0.39%
  19665 16939      487.6788   250      486.7660      488.6744  2112956    0.39%
  19796 17058      486.9724    80      486.7660      488.6738  2123925    0.39%
  19927 17175      487.9978   274      486.7660      488.6724  2135936    0.39%

Performing restart 2

Repeating presolve.
Tried aggregator 1 time.
MIP Presolve modified 67 coefficients.
Reduced MIP has 1904 rows, 2380 columns, and 17620 nonzeros.
Reduced MIP has 593 binaries, 587 generals, 0 SOSs, and 0 indicators.
Presolve time = 0.01 sec. (4.21 ticks)
Tried aggregator 1 time.
Reduced MIP has 1904 rows, 2380 columns, and 17620 nonzeros.
Reduced MIP has 593 binaries, 587 generals, 0 SOSs, and 0 indicators.
Presolve time = 0.01 sec. (4.19 ticks)
Represolve time = 0.11 sec. (37.47 ticks)
  20012     0      489.3898   408      486.7660      Cuts: 47  2149325    0.39%
  20012     0      489.3761   382      486.7660      Cuts: 23  2149426    0.39%
  20012     0      489.3737   378      486.7660      Cuts: 17  2149476    0.39%
  20012     0      489.3721   388      486.7660   MIRcuts: 12  2149519    0.39%
  20012     0      489.3631   394      486.7660      Cuts: 15  2149556    0.39%
  20012     0      489.3542   374      486.7660      Cuts: 18  2149602    0.39%
  20012     0      489.3524   380      486.7660      Cuts: 10  2149650    0.39%
  20012     0      489.3509   374      486.7660      Cuts: 15  2149686    0.39%
  20012     0      489.3493   388      486.7660    MIRcuts: 8  2149742    0.39%
  20012     2      489.3493   388      486.7660      488.6721  2149742    0.39%
  20014     4      489.3143   350      486.7660      488.6721  2150060    0.39%
  20018     8      489.1415   288      486.7660      488.6721  2150608    0.39%
  20025    15      489.0158   270      486.7660      488.6721  2151290    0.39%
Elapsed time = 849.60 sec. (785717.92 ticks, tree = 0.06 MB, solutions = 8)
  20037    27      488.9507   230      486.7660      488.6721  2152564    0.39%
  20047    37      488.2002   272      486.7660      488.6721  2154161    0.39%
  20082    72      487.2869   176      486.7660      488.6721  2158082    0.39%
  20101    83      489.2246   312      486.7660      488.6721  2159861    0.39%
  20140   122      487.4970   212      486.7660      488.6721  2166226    0.39%
  20232   204      487.3907   248      486.7660      488.6721  2173213    0.39%
  20361   317      488.3263   268      486.7660      488.6721  2181027    0.39%
  20455   407      487.8156   250      486.7660      488.6721  2189589    0.39%
  20598   534      488.9624   326      486.7660      488.6721  2199437    0.39%
  20771   694      488.2383   298      486.7660      488.6721  2210758    0.39%
Elapsed time = 885.95 sec. (824735.16 ticks, tree = 7.56 MB, solutions = 8)
  20883   797      489.1600   318      486.7660      488.6721  2221996    0.39%
  21047   944      488.9191   338      486.7660      488.6721  2232905    0.39%
  21210  1093      488.4455   300      486.7660      488.6721  2245644    0.39%
  21348  1224      487.1386   178      486.7660      488.6721  2258007    0.39%
  21601  1454      487.8654   256      486.7660      488.6721  2269731    0.39%
  21783  1620      488.1512   228      486.7660      488.6721  2282926    0.39%
  21985  1808      488.9138   300      486.7660      488.6721  2295586    0.39%
  22105  1924      487.9497   246      486.7660      488.6721  2307418    0.39%
  22262  2060      487.5399   236      486.7660      488.6721  2319819    0.39%
  22471  2254      488.1434   276      486.7660      488.6721  2332537    0.39%
Elapsed time = 926.84 sec. (863245.66 ticks, tree = 32.37 MB, solutions = 8)
  22672  2435      486.8722   130      486.7660      488.6721  2345631    0.39%
  22850  2595      488.2449   316      486.7660      488.6721  2358549    0.39%
  22993  2722      488.1812   270      486.7660      488.6721  2370650    0.39%
  23119  2836      488.3056   242      486.7660      488.6721  2381122    0.39%
  23227  2940      487.2916   128      486.7660      488.6721  2390362    0.39%
  23402  3093      487.6455   146      486.7660      488.6721  2399428    0.39%
  23558  3235      486.7926   118      486.7660      488.6721  2409143    0.39%
  23642  3311      488.4293   310      486.7660      488.6721  2419149    0.39%
  23773  3430      488.7964   304      486.7660      488.6721  2428368    0.39%
  23895  3542      488.4630   316      486.7660      488.6721  2438305    0.39%
Elapsed time = 964.90 sec. (901588.21 ticks, tree = 57.46 MB, solutions = 8)
  24025  3654      488.7930   302      486.7660      488.6721  2447372    0.39%
  24162  3779      488.4949   288      486.7660      488.6721  2456922    0.39%
  24249  3862      487.0802   216      486.7660      488.6721  2467000    0.39%
  24412  4010      486.9220   162      486.7660      488.6721  2474964    0.39%
  24547  4134      487.8743   262      486.7660      488.6721  2484443    0.39%
  24677  4257      487.3412   206      486.7660      488.6721  2493864    0.39%
  24814  4382      486.7676   128      486.7660      488.6721  2502773    0.39%
  24935  4488      487.6260   220      486.7660      488.6721  2512094    0.39%
  25071  4614      487.7411   228      486.7660      488.6721  2521533    0.39%
  25199  4730      488.5760   286      486.7660      488.6721  2530218    0.39%
Elapsed time = 1001.63 sec. (939953.74 ticks, tree = 78.55 MB, solutions = 8)
  25301  4824      488.5906   328      486.7660      488.6721  2538634    0.39%
  25452  4960      488.3107   290      486.7660      488.6721  2548663    0.39%
  25586  5084      488.1174   274      486.7660      488.6721  2558281    0.39%
  25692  5182      487.0519   192      486.7660      488.6721  2567572    0.39%
  25834  5305        cutoff            486.7660      488.6721  2575612    0.39%
  25923  5390      487.4668   238      486.7660      488.6721  2586176    0.39%
  26052  5503      488.6616   274      486.7660      488.6721  2594793    0.39%
  26216  5654      488.7356   304      486.7660      488.6721  2602296    0.39%
  26312  5744      488.2240   258      486.7660      488.6721  2611538    0.39%
  26425  5847      488.7201   300      486.7660      488.6721  2620079    0.39%
Elapsed time = 1038.24 sec. (978396.39 ticks, tree = 96.40 MB, solutions = 8)
  26594  6003      488.8498   334      486.7660      488.6721  2627939    0.39%
  26697  6100      487.6654   242      486.7660      488.6721  2638447    0.39%
  26822  6206      488.1847   242      486.7660      488.6721  2646696    0.39%
  26958  6333      487.7500   230      486.7660      488.6721  2656090    0.39%
  27058  6428      487.0403   214      486.7660      488.6721  2666304    0.39%
  27192  6551      488.6900   288      486.7660      488.6721  2675195    0.39%
  27329  6679      488.3390   288      486.7660      488.6721  2684086    0.39%
  27426  6772      487.6538   204      486.7660      488.6721  2693201    0.39%
  27556  6892      487.1746   202      486.7660      488.6721  2702130    0.39%
  27675  7002      487.7766   278      486.7660      488.6721  2710969    0.39%
Elapsed time = 1075.03 sec. (1016770.71 ticks, tree = 108.42 MB, solutions = 8)
  27821  7135      488.6819   310      486.7660      488.6721  2720669    0.39%
  27967  7272      488.1119   278      486.7660      488.6721  2729660    0.39%
  28093  7390      487.0830   164      486.7660      488.6721  2738135    0.39%
  28262  7532      487.2236   148      486.7660      488.6721  2746416    0.39%
  28412  7669      488.7810   318      486.7660      488.6721  2754671    0.39%
  28514  7759      487.8228   250      486.7660      488.6721  2764791    0.39%
  28667  7898      487.4276   208      486.7660      488.6721  2772718    0.39%
  28772  7994      487.9435   244      486.7660      488.6721  2782521    0.39%
  28892  8103      488.1144   276      486.7660      488.6721  2791558    0.39%
  29026  8227      487.9615   262      486.7660      488.6721  2800847    0.39%
Elapsed time = 1112.13 sec. (1055201.44 ticks, tree = 137.90 MB, solutions = 8)
  29128  8311      488.7116   324      486.7660      488.6721  2810259    0.39%
  29247  8422      488.6039   294      486.7660      488.6721  2819514    0.39%
  29377  8544      488.2771   278      486.7660      488.6721  2828964    0.39%
  29476  8637      488.3245   224      486.7660      488.6721  2838015    0.39%
  29638  8787      487.3819   152      486.7660      488.6721  2846100    0.39%
  29753  8890      487.7852   268      486.7660      488.6721  2855448    0.39%
  29859  8986      488.1832   286      486.7660      488.6721  2864646    0.39%
  29984  9102      487.7852   262      486.7660      488.6721  2873868    0.39%
  30069  9182      487.0035   160      486.7660      488.6721  2882099    0.39%
  30165  9268      486.8347   192      486.7660      488.6721  2891007    0.39%
Elapsed time = 1148.24 sec. (1093508.56 ticks, tree = 156.92 MB, solutions = 8)
  30279  9371      488.5237   326      486.7660      488.6721  2900226    0.39%
  30362  9448      487.4051   234      486.7660      488.6721  2910329    0.39%
  30473  9546      487.7609   236      486.7660      488.6721  2919127    0.39%
  30580  9639      487.5562   254      486.7660      488.6721  2928451    0.39%
  30704  9749      488.4074   282      486.7660      488.6721  2937539    0.39%
  30833  9868      488.4970   306      486.7660      488.6721  2946508    0.39%
  30922  9953      487.5020   240      486.7660      488.6721  2956882    0.39%
  31023 10042      487.5195   264      486.7660      488.6721  2965586    0.39%
  31140 10150      486.8248   204      486.7660      488.6721  2974235    0.39%
  31229 10227      487.9901   256      486.7660      488.6721  2982680    0.39%
Elapsed time = 1184.30 sec. (1131893.69 ticks, tree = 174.60 MB, solutions = 8)
  31351 10339      487.2691   226      486.7660      488.6721  2992266    0.39%
  31442 10419      487.5943   262      486.7660      488.6721  3002140    0.39%
  31555 10516      487.6993   238      486.7660      488.6721  3011803    0.39%
  31666 10613      487.2802   202      486.7660      488.6721  3020659    0.39%
  31775 10712      488.1016   268      486.7660      488.6721  3030171    0.39%
  31915 10839      488.1634   242      486.7660      488.6721  3039112    0.39%
  32022 10935      488.6005   254      486.7660      488.6721  3047303    0.39%
  32147 11048      487.2892   212      486.7660      488.6721  3056219    0.39%
  32271 11159      488.3423   302      486.7660      488.6721  3065747    0.39%
  32349 11233      487.8772   254      486.7660      488.6721  3075563    0.39%
Elapsed time = 1220.63 sec. (1170258.33 ticks, tree = 196.74 MB, solutions = 8)
  32465 11339      488.5518   324      486.7660      488.6721  3083595    0.39%
  32588 11454      487.8164   220      486.7660      488.6721  3093071    0.39%
  32670 11532      486.7673   194      486.7660      488.6721  3103122    0.39%
  32790 11642      486.9900   214      486.7660      488.6721  3111856    0.39%
  32907 11747      488.3143   300      486.7660      488.6721  3121173    0.39%
  33003 11839      487.4947   218      486.7660      488.6721  3130571    0.39%
  33132 11958      487.0451   194      486.7660      488.6721  3139786    0.39%
  33220 12034      487.9755   248      486.7660      488.6721  3147854    0.39%
  33355 12157      488.4013   286      486.7660      488.6721  3156991    0.39%
  33450 12245      488.1064   296      486.7660      488.6721  3166323    0.39%
Elapsed time = 1256.92 sec. (1208707.25 ticks, tree = 214.32 MB, solutions = 8)
  33557 12345      488.7418   296      486.7660      488.6721  3176417    0.39%
  33662 12439      488.6550   302      486.7660      488.6721  3184514    0.39%
  33774 12541      488.4945   280      486.7660      488.6721  3193568    0.39%
  33882 12639      488.5909   300      486.7660      488.6721  3202995    0.39%
  34012 12760      488.0790   278      486.7660      488.6721  3211747    0.39%
  34125 12863      487.0242   170      486.7660      488.6721  3220496    0.39%
  34246 12972      487.1165   204      486.7660      488.6721  3229581    0.39%
  34367 13081      486.7873   204      486.7660      488.6721  3238280    0.39%
  34454 13161      488.3834   288      486.7660      488.6721  3247394    0.39%
  34582 13278      487.6627   250      486.7660      488.6721  3256368    0.39%
Elapsed time = 1299.17 sec. (1247191.23 ticks, tree = 233.56 MB, solutions = 8)
  34695 13381      488.5228   300      486.7660      488.6721  3265225    0.39%
  34807 13488      486.7874   136      486.7660      488.6721  3274919    0.39%
  34900 13570      488.5103   278      486.7660      488.6721  3282695    0.39%
  35012 13678      486.8506   132      486.7660      488.6721  3291990    0.39%
  35140 13794      488.2829   238      486.7660      488.6721  3301475    0.39%
  35265 13908      488.0152   270      486.7660      488.6721  3310086    0.39%
  35361 14000      486.8628   126      486.7660      488.6721  3319014    0.39%
  35481 14109      487.8808   222      486.7660      488.6721  3328143    0.39%
  35581 14199      486.8429   152      486.7660      488.6721  3337099    0.39%
  35703 14305      488.4440   326      486.7660      488.6721  3346146    0.39%
Elapsed time = 1335.31 sec. (1285514.09 ticks, tree = 253.80 MB, solutions = 8)
  35840 14430      488.6057   290      486.7660      488.6721  3355119    0.39%
  35947 14526      488.5439   284      486.7660      488.6721  3363858    0.39%
  36082 14650      488.1097   252      486.7660      488.6721  3372430    0.39%
  36201 14755      488.3462   294      486.7660      488.6721  3381362    0.39%
  36283 14830      487.8751   230      486.7660      488.6721  3390528    0.39%
  36418 14950      487.7539   250      486.7660      488.6721  3398989    0.39%
  36530 15052      487.1307   230      486.7660      488.6721  3408423    0.39%
  36648 15160      487.1612   172      486.7660      488.6721  3417477    0.39%
  36780 15276      488.5788   296      486.7660      488.6721  3425801    0.39%
  36918 15390      487.8462   248      486.7660      488.6721  3434508    0.39%
Elapsed time = 1371.54 sec. (1323871.97 ticks, tree = 275.49 MB, solutions = 8)
  37038 15502      486.8221   188      486.7660      488.6721  3443348    0.39%
  37131 15587      487.6903   222      486.7660      488.6721  3453424    0.39%
  37236 15680      487.9412   256      486.7660      488.6721  3461882    0.39%
  37354 15785      487.4862   206      486.7660      488.6721  3470652    0.39%
  37452 15870      488.6643   290      486.7660      488.6721  3479984    0.39%
  37567 15972      488.3008   270      486.7660      488.6721  3488555    0.39%
  37677 16069      488.4267   258      486.7660      488.6721  3497339    0.39%
  37794 16172      488.6195   300      486.7660      488.6721  3506131    0.39%
  37916 16286      487.8069   252      486.7660      488.6721  3515416    0.39%
  38012 16374      488.3363   270      486.7660      488.6721  3524570    0.39%
Elapsed time = 1407.46 sec. (1362390.32 ticks, tree = 289.28 MB, solutions = 8)
  38146 16493      488.0273   224      486.7660      488.6721  3533630    0.39%
  38243 16582      488.1461   272      486.7660      488.6721  3542331    0.39%
  38364 16693      488.5551   304      486.7660      488.6721  3551140    0.39%
  38508 16815      488.6161   314      486.7660      488.6721  3560276    0.39%
  38612 16915      487.0332   160      486.7660      488.6721  3569389    0.39%
  38755 17038      488.2926   284      486.7660      488.6721  3577883    0.39%
  38856 17130      488.5046   320      486.7660      488.6721  3587154    0.39%
  38965 17228      488.6053   298      486.7660      488.6721  3597794    0.39%
  39094 17345      488.1102   248      486.7660      488.6721  3606588    0.39%
  39177 17418      488.3148   260      486.7660      488.6721  3615632    0.39%
Elapsed time = 1443.74 sec. (1401114.93 ticks, tree = 305.38 MB, solutions = 8)
  39331 17560      488.0815   264      486.7660      488.6721  3624189    0.39%
  39464 17680      488.0831   256      486.7660      488.6721  3633217    0.39%
  39591 17795      488.1585   242      486.7660      488.6721  3642156    0.39%
  39722 17918      488.1657   238      486.7660      488.6721  3650562    0.39%
  39833 18023      487.2033   212      486.7660      488.6721  3659273    0.39%
  39961 18132      488.4947   286      486.7660      488.6721  3668869    0.39%
  40093 18256      488.4335   318      486.7660      488.6721  3677035    0.39%
  40190 18343      487.7702   270      486.7660      488.6721  3686203    0.39%
  40312 18454      488.5853   274      486.7660      488.6721  3695605    0.39%
  40422 18560      487.6839   188      486.7660      488.6721  3703833    0.39%
Elapsed time = 1480.10 sec. (1439655.29 ticks, tree = 321.67 MB, solutions = 8)
  40562 18682      486.7709   200      486.7660      488.6721  3712692    0.39%
  40679 18786      486.8177   140      486.7660      488.6721  3721089    0.39%
  40766 18859      487.4609   258      486.7660      488.6721  3730272    0.39%
  40890 18968      488.7035   292      486.7660      488.6721  3738653    0.39%
  40984 19057      487.3534   246      486.7660      488.6721  3747771    0.39%
  41087 19148      487.3074   220      486.7660      488.6721  3757218    0.39%
  41214 19261      487.0781   148      486.7660      488.6721  3765248    0.39%
  41316 19348      488.6059   306      486.7660      488.6721  3773902    0.39%
  41449 19471      488.0900   212      486.7660      488.6721  3782535    0.39%
  41548 19562      488.1128   270      486.7660      488.6721  3791847    0.39%
Elapsed time = 1515.93 sec. (1478078.31 ticks, tree = 340.78 MB, solutions = 8)
  41653 19655      488.0828   224      486.7660      488.6721  3801715    0.39%
  41771 19763      486.8160   160      486.7660      488.6721  3810438    0.39%
  41857 19841      487.9468   258      486.7660      488.6721  3819510    0.39%
  41970 19942      487.4402   202      486.7660      488.6721  3828639    0.39%
  42068 20032      487.8169   266      486.7660      488.6721  3837765    0.39%
  42202 20150      488.3857   272      486.7660      488.6721  3846480    0.39%
  42339 20278      487.4968   232      486.7660      488.6721  3854538    0.39%
  42453 20381      487.2422   166      486.7660      488.6721  3863665    0.39%
  42607 20514      488.4587   310      486.7660      488.6721  3872692    0.39%
  42712 20605      488.7310   308      486.7660      488.6721  3881545    0.39%
Elapsed time = 1552.23 sec. (1516453.48 ticks, tree = 363.45 MB, solutions = 8)
  42843 20722      488.5969   270      486.7660      488.6721  3890743    0.39%
  42977 20843      488.3573   292      486.7660      488.6721  3899473    0.39%
  43078 20936      488.3581   290      486.7660      488.6721  3908650    0.39%
  43194 21044      487.7967   206      486.7660      488.6721  3917539    0.39%
  43321 21159      487.4311   142      486.7660      488.6721  3925874    0.39%
  43438 21262      488.3841   280      486.7660      488.6721  3935491    0.39%
  43547 21364      487.6142   226      486.7660      488.6721  3944690    0.39%
  43669 21477      487.4219   232      486.7660      488.6721  3953783    0.39%
  43806 21592      488.3914   300      486.7660      488.6721  3963012    0.39%
  43904 21676      488.5881   278      486.7660      488.6721  3971860    0.39%
Elapsed time = 1588.53 sec. (1554866.68 ticks, tree = 382.69 MB, solutions = 8)
  44019 21781      487.4498   158      486.7660      488.6721  3980562    0.39%
  44131 21874      488.0575   268      486.7660      488.6721  3989976    0.39%
  44258 21987      487.5039   230      486.7660      488.6721  3998671    0.39%
  44363 22083      487.6792   262      486.7660      488.6721  4008518    0.39%
  44472 22178      487.9443   216      486.7660      488.6721  4017069    0.39%
  44603 22299      487.2017   146      486.7660      488.6721  4025716    0.39%
  44731 22403      488.5898   282      486.7660      488.6721  4035072    0.39%
  44846 22504      488.2467   252      486.7660      488.6721  4043778    0.39%
  44971 22615      488.4859   290      486.7660      488.6721  4052610    0.39%
  45092 22728      487.3040   224      486.7660      488.6721  4061720    0.39%
Elapsed time = 1624.87 sec. (1593291.94 ticks, tree = 400.37 MB, solutions = 8)
  45194 22822      487.3471   212      486.7660      488.6721  4070864    0.39%
  45334 22954      487.0254   194      486.7660      488.6721  4079497    0.39%
  45449 23055      488.4592   296      486.7660      488.6721  4088833    0.39%
  45555 23148      488.4836   312      486.7660      488.6721  4097674    0.39%
  45683 23264      488.0834   268      486.7660      488.6721  4106719    0.39%
  45782 23354      488.4871   278      486.7660      488.6721  4115858    0.39%
  45912 23476      488.0857   266      486.7660      488.6721  4124727    0.39%
  46013 23569      488.0579   292      486.7660      488.6721  4133264    0.39%
  46128 23675      488.1450   294      486.7660      488.6721  4142523    0.39%
  46244 23782      488.0346   236      486.7660      488.6721  4151171    0.39%
Elapsed time = 1660.91 sec. (1631797.46 ticks, tree = 419.72 MB, solutions = 8)
  46353 23887      486.9493   142      486.7660      488.6721  4159877    0.39%
  46481 24002      488.0250   248      486.7660      488.6721  4169677    0.39%
  46596 24107      487.6935   198      486.7660      488.6721  4179009    0.39%
  46714 24212      487.4072   178      486.7660      488.6721  4187939    0.39%
  46874 24359      486.8941   124      486.7660      488.6721  4196304    0.39%
  46977 24444      488.4204   286      486.7660      488.6721  4205511    0.39%
  47108 24561      488.3776   302      486.7660      488.6721  4213973    0.39%
  47233 24674      487.9001   308      486.7660      488.6721  4223666    0.39%
  47352 24782      486.9558   134      486.7660      488.6721  4232628    0.39%
  47492 24902      488.5283   306      486.7660      488.6721  4241755    0.39%
Elapsed time = 1696.95 sec. (1670121.16 ticks, tree = 441.75 MB, solutions = 8)
  47592 24988      488.5831   280      486.7660      488.6721  4251370    0.39%
  47722 25108      488.1462   250      486.7660      488.6721  4259544    0.39%
  47828 25198      488.2967   294      486.7660      488.6721  4269318    0.39%
  47953 25315      487.6535   240      486.7660      488.6721  4278817    0.39%
  48062 25415      487.5053   234      486.7660      488.6721  4287525    0.39%
  48186 25532      486.8324   144      486.7660      488.6721  4297384    0.39%
  48285 25617      487.8607   210      486.7660      488.6721  4306645    0.39%
  48446 25750      488.3528   250      486.7660      488.6721  4314906    0.39%
  48572 25868      487.0095   196      486.7660      488.6721  4324039    0.39%
  48660 25948      487.7126   238      486.7660      488.6721  4333892    0.39%
Elapsed time = 1733.17 sec. (1708679.53 ticks, tree = 457.37 MB, solutions = 8)
  48782 26056      488.5841   298      486.7660      488.6721  4342786    0.39%
  48897 26164      486.9081   222      486.7660      488.6721  4352029    0.39%
  49008 26259      488.3574   302      486.7660      488.6721  4361886    0.39%
  49114 26354      488.0264   238      486.7660      488.6721  4371152    0.39%
  49220 26448      487.8595   228      486.7660      488.6721  4380180    0.39%
  49351 26566      488.4860   312      486.7660      488.6721  4389078    0.39%
  49454 26664      487.9965   264      486.7660      488.6721  4398587    0.39%
  49575 26775      488.4758   314      486.7660      488.6721  4407471    0.39%
  49682 26874      487.1226   200      486.7660      488.6721  4415763    0.39%
  49812 26982      488.4960   262      486.7660      488.6721  4424806    0.39%
Elapsed time = 1769.10 sec. (1747189.24 ticks, tree = 477.06 MB, solutions = 8)
  49924 27084      488.0734   296      486.7660      488.6721  4433983    0.39%
  50041 27191      488.3780   288      486.7660      488.6721  4443898    0.39%
  50157 27296      487.3261   256      486.7660      488.6721  4452897    0.39%
  50252 27383      487.7037   220      486.7660      488.6721  4463236    0.39%
  50376 27493      488.4496   332      486.7660      488.6721  4472012    0.39%
  50476 27581      488.0894   272      486.7660      488.6721  4481122    0.39%
  50602 27696      487.6124   222      486.7660      488.6721  4489738    0.39%
  50704 27790      487.3829   212      486.7660      488.6721  4499119    0.39%
  50832 27903      487.2289   148      486.7660      488.6721  4508378    0.39%
  50968 28025      488.1970   272      486.7660      488.6721  4518087    0.39%
Elapsed time = 1804.99 sec. (1785560.73 ticks, tree = 496.46 MB, solutions = 8)
  51112 28153      487.3242   216      486.7660      488.6721  4526707    0.39%
  51238 28260      488.5486   270      486.7660      488.6721  4535293    0.39%
  51338 28355      487.2038   212      486.7660      488.6721  4544665    0.39%
  51477 28480      487.9539   244      486.7660      488.6721  4553760    0.39%
  51591 28583      487.7804   256      486.7660      488.6721  4562620    0.39%
  51684 28668      487.1834   230      486.7660      488.6721  4571133    0.39%
  51821 28790      486.8887   132      486.7660      488.6721  4580237    0.39%
  51929 28887      487.0633   190      486.7660      488.6721  4589153    0.39%
  52038 28977      487.5356   232      486.7660      488.6721  4596804    0.39%
  52157 29081      488.1785   258      486.7660      488.6721  4606012    0.39%
Elapsed time = 1840.78 sec. (1823985.30 ticks, tree = 517.00 MB, solutions = 8)
  52266 29184      486.8311   122      486.7660      488.6721  4615472    0.39%
  52393 29297      487.8387   236      486.7660      488.6721  4624341    0.39%
  52488 29386      486.7794   190      486.7660      488.6721  4634037    0.39%
  52605 29489      487.6595   228      486.7660      488.6721  4643304    0.39%
  52721 29593      487.5216   220      486.7660      488.6721  4652285    0.39%
  52837 29698      487.4958   212      486.7660      488.6721  4660562    0.39%
  52978 29820      488.2138   294      486.7660      488.6721  4668906    0.39%
  53096 29922      488.2800   282      486.7660      488.6721  4678708    0.39%
  53208 30026      487.4151   246      486.7660      488.6721  4687632    0.39%
  53300 30108      487.9002   222      486.7660      488.6721  4696688    0.39%
Elapsed time = 1876.31 sec. (1862337.97 ticks, tree = 538.73 MB, solutions = 8)
  53435 30229      486.9275   180      486.7660      488.6721  4705110    0.39%
  53549 30333      487.1120   248      486.7660      488.6721  4714767    0.39%
  53678 30448      488.0337   290      486.7660      488.6721  4723312    0.39%
  53780 30538      488.2236   260      486.7660      488.6721  4732137    0.39%
  53892 30642      487.8422   228      486.7660      488.6721  4741637    0.39%
  54023 30759      488.7226   280      486.7660      488.6721  4750575    0.39%
  54120 30852      487.1357   164      486.7660      488.6721  4759780    0.39%
  54259 30973      487.9991   256      486.7660      488.6721  4768726    0.39%
  54368 31073      487.3838   236      486.7660      488.6721  4777931    0.39%
  54490 31178      488.4874   302      486.7660      488.6721  4786694    0.39%
Elapsed time = 1912.11 sec. (1900751.85 ticks, tree = 558.93 MB, solutions = 8)
  54570 31254      487.0469   224      486.7660      488.6721  4796202    0.39%
  54708 31376      486.8695   206      486.7660      488.6721  4804818    0.39%
  54816 31471      488.2823   260      486.7660      488.6721  4814218    0.39%
  54937 31572      487.9347   230      486.7660      488.6721  4823278    0.39%
  55047 31668      488.2429   258      486.7660      488.6721  4832832    0.39%
  55155 31768      487.2975   216      486.7660      488.6721  4841362    0.39%
  55279 31868      488.2735   290      486.7660      488.6721  4849049    0.39%
  55381 31958      488.1398   252      486.7660      488.6721  4858990    0.39%
  55508 32075      486.8686   116      486.7660      488.6721  4868231    0.39%
  55602 32161      487.7980   212      486.7660      488.6721  4877165    0.39%
Elapsed time = 1947.72 sec. (1939078.72 ticks, tree = 576.34 MB, solutions = 8)
  55735 32277      487.4200   204      486.7660      488.6721  4885349    0.39%
  55844 32376      487.1883   128      486.7660      488.6721  4894227    0.39%
  55957 32476      488.3202   266      486.7660      488.6721  4903222    0.39%
  56105 32610      487.6796   254      486.7660      488.6721  4911070    0.39%
  56212 32712      487.1230    82      486.7660      488.6721  4920085    0.39%
  56383 32851      486.8212    90      486.7660      488.6721  4927906    0.39%
  56502 32963      486.8387   130      486.7660      488.6721  4935979    0.39%
  56623 33063      488.3418   284      486.7660      488.6721  4944954    0.39%
  56754 33183      486.9696   172      486.7660      488.6721  4953458    0.39%
  56856 33273      488.4748   316      486.7660      488.6721  4962710    0.39%
Elapsed time = 1983.79 sec. (1977497.92 ticks, tree = 597.10 MB, solutions = 8)
  56972 33380      488.1588   250      486.7660      488.6721  4972251    0.39%
  57080 33478        cutoff            486.7660      488.6721  4981366    0.39%
  57206 33591      488.0476   258      486.7660      488.6721  4990468    0.39%
  57312 33687      487.4028   258      486.7660      488.6721  5000127    0.39%
  57433 33793      488.6978   290      486.7660      488.6721  5009037    0.39%
  57561 33912      488.2599   280      486.7660      488.6721  5018043    0.39%
  57685 34027      488.6279   304      486.7660      488.6721  5026991    0.39%
  57806 34136      487.6250   202      486.7660      488.6721  5036274    0.39%
  57890 34207      488.6141   324      486.7660      488.6721  5045345    0.39%
  58038 34345      487.8514   246      486.7660      488.6721  5054315    0.39%
Elapsed time = 2020.16 sec. (2015899.92 ticks, tree = 614.66 MB, solutions = 8)
  58137 34435      486.8281   204      486.7660      488.6721  5063057    0.39%
  58251 34536      488.0516   294      486.7660      488.6721  5072002    0.39%
  58370 34641      488.1736   256      486.7660      488.6721  5081675    0.39%
  58472 34735      487.9721   264      486.7660      488.6721  5090681    0.39%
  58585 34841      487.3578   236      486.7660      488.6721  5100109    0.39%
  58684 34924      488.4304   300      486.7660      488.6721  5109801    0.39%
  58832 35062      487.8751   240      486.7660      488.6721  5117499    0.39%
  58951 35169      487.6208   248      486.7660      488.6721  5126284    0.39%
  59072 35275      487.5944   180      486.7660      488.6721  5135928    0.39%
  59215 35406      487.0906   186      486.7660      488.6721  5144155    0.39%
Elapsed time = 2056.52 sec. (2054378.51 ticks, tree = 634.11 MB, solutions = 8)
  59343 35514      486.8162   132      486.7660      488.6721  5154227    0.39%
  59459 35618      487.8477   224      486.7660      488.6721  5163379    0.39%
  59563 35712      487.8606   224      486.7660      488.6721  5172170    0.39%
  59704 35835      488.6255   294      486.7660      488.6721  5181536    0.39%
  59800 35921      486.8472   222      486.7660      488.6721  5190682    0.39%
  59902 36006      488.5045   310      486.7660      488.6721  5200179    0.39%
  60025 36116      488.1875   282      486.7660      488.6721  5209329    0.39%
  60139 36222      488.1286   252      486.7660      488.6721  5218123    0.39%
  60260 36334      487.2399   212      486.7660      488.6721  5226954    0.39%
  60360 36424      487.3513   222      486.7660      488.6721  5236549    0.39%
Elapsed time = 2092.72 sec. (2092819.90 ticks, tree = 656.64 MB, solutions = 8)
  60485 36539      486.8359   128      486.7660      488.6721  5245524    0.39%
  60588 36633      487.1219   242      486.7660      488.6721  5255044    0.39%
  60713 36740      488.7062   294      486.7660      488.6721  5263415    0.39%
  60832 36846      487.9612   262      486.7660      488.6721  5272433    0.39%
  60944 36950      487.9213   248      486.7660      488.6721  5281196    0.39%
  61073 37063      488.4571   284      486.7660      488.6721  5291014    0.39%
  61192 37170      488.5137   284      486.7660      488.6721  5300346    0.39%
  61339 37302      488.2964   250      486.7660      488.6721  5308661    0.39%
  61422 37381      487.3994   212      486.7660      488.6721  5318063    0.39%
  61551 37494      487.5323   208      486.7660      488.6721  5326182    0.39%
Elapsed time = 2128.44 sec. (2131174.42 ticks, tree = 671.36 MB, solutions = 8)
  61719 37648      488.5634   284      486.7660      488.6721  5335450    0.39%
  61792 37715      487.4848   228      486.7660      488.6721  5343891    0.39%
  61919 37831      488.3680   272      486.7660      488.6721  5352783    0.39%
  62019 37927      487.0423   214      486.7660      488.6721  5361270    0.39%
  62147 38040      488.0237   242      486.7660      488.6721  5370484    0.39%
  62269 38152      488.1437   252      486.7660      488.6721  5379594    0.39%
  62392 38266      487.3034   220      486.7660      488.6721  5387738    0.39%
  62504 38369      487.6020   204      486.7660      488.6721  5394967    0.39%
  62609 38463      488.1826   258      486.7660      488.6721  5404139    0.39%
  62736 38579      487.1707   238      486.7660      488.6721  5413240    0.39%
Elapsed time = 2164.28 sec. (2169529.20 ticks, tree = 690.90 MB, solutions = 8)
  62852 38687      488.0699   244      486.7660      488.6721  5421899    0.39%
  62985 38807      487.1750   228      486.7660      488.6721  5430905    0.39%
  63094 38902      488.1801   268      486.7660      488.6721  5439989    0.39%
  63179 38979      488.0395   238      486.7660      488.6721  5448326    0.39%
  63310 39093      487.7170   234      486.7660      488.6721  5456835    0.39%
  63442 39212      487.1749   242      486.7660      488.6721  5465747    0.39%
  63565 39321        cutoff            486.7660      488.6721  5474233    0.39%
  63675 39421      488.0058   272      486.7660      488.6721  5483758    0.39%
  63789 39524      487.8878   252      486.7660      488.6721  5492220    0.39%
  63915 39640      487.5853   242      486.7660      488.6721  5500628    0.39%
Elapsed time = 2200.27 sec. (2207902.78 ticks, tree = 705.70 MB, solutions = 8)
  64013 39722      488.1876   278      486.7660      488.6721  5509601    0.39%
  64153 39850      487.8731   256      486.7660      488.6721  5517747    0.39%
  64259 39946      487.7482   234      486.7660      488.6721  5527331    0.39%
  64362 40041      487.4036   188      486.7660      488.6721  5536293    0.39%
  64509 40177      486.8249   126      486.7660      488.6721  5544788    0.39%
  64650 40290      487.0795   214      486.7660      488.6721  5553788    0.39%
  64774 40397      488.0958   258      486.7660      488.6721  5562827    0.39%
  64884 40496      488.4578   310      486.7660      488.6721  5572071    0.39%
  65006 40609      487.4796   158      486.7660      488.6721  5581374    0.39%
  65121 40711      487.4953   228      486.7660      488.6721  5590028    0.39%
Elapsed time = 2236.57 sec. (2246252.94 ticks, tree = 725.51 MB, solutions = 8)
  65232 40814      487.6049   214      486.7660      488.6721  5598942    0.39%
  65348 40922      487.0064   140      486.7660      488.6721  5607623    0.39%
  65473 41028      488.4484   310      486.7660      488.6721  5616777    0.39%
  65623 41168      488.2096   288      486.7660      488.6721  5625796    0.39%
  65721 41260      487.0725   194      486.7660      488.6721  5634651    0.39%
  65839 41358      488.3437   302      486.7660      488.6721  5644040    0.39%
  65956 41467      488.2755   260      486.7660      488.6721  5652863    0.39%
  66062 41564      487.9569   252      486.7660      488.6721  5661669    0.39%
  66192 41683      487.4087   172      486.7660      488.6721  5670414    0.39%
  66309 41793      487.4791   202      486.7660      488.6721  5680029    0.39%
Elapsed time = 2272.95 sec. (2284646.66 ticks, tree = 746.70 MB, solutions = 8)
  66446 41913      488.1828   250      486.7660      488.6721  5688762    0.39%
  66542 41999      488.4985   272      486.7660      488.6721  5698007    0.39%
  66685 42129      488.0040   254      486.7660      488.6721  5706145    0.39%
  66785 42221      488.1783   232      486.7660      488.6721  5714692    0.39%
  66903 42328      487.8430   222      486.7660      488.6721  5722734    0.39%
  67025 42438      487.3438   230      486.7660      488.6721  5731885    0.39%
  67129 42533      487.7878   234      486.7660      488.6721  5741197    0.39%
  67285 42671      486.7664    86      486.7660      488.6721  5749681    0.39%
  67367 42749      487.4863   232      486.7660      488.6721  5758837    0.39%
  67499 42870      487.2570   172      486.7660      488.6721  5767083    0.39%
Elapsed time = 2309.17 sec. (2323006.21 ticks, tree = 766.83 MB, solutions = 8)
  67629 42983      488.3680   260      486.7660      488.6721  5776062    0.39%
  67740 43081      487.7453   220      486.7660      488.6721  5785014    0.39%
  67877 43204      488.0159   260      486.7660      488.6721  5794274    0.39%
  68009 43319      486.7850    82      486.7660      488.6721  5803620    0.39%
  68129 43422      487.8185   230      486.7660      488.6721  5812584    0.39%
  68245 43529      487.8369   194      486.7660      488.6721  5821752    0.39%
  68372 43637      488.3422   278      486.7660      488.6721  5831184    0.39%
  68492 43749      488.4393   310      486.7660      488.6721  5840151    0.39%
  68595 43844      488.0380   234      486.7660      488.6721  5848670    0.39%
  68741 43977      487.7559   250      486.7660      488.6721  5857247    0.39%
Elapsed time = 2345.75 sec. (2361463.73 ticks, tree = 784.88 MB, solutions = 8)
  68841 44061      488.4536   284      486.7660      488.6721  5866299    0.39%
  68961 44172      487.7585   236      486.7660      488.6721  5875707    0.39%
  69069 44269      487.8029   242      486.7660      488.6721  5885391    0.39%
  69173 44362      487.9866   262      486.7660      488.6721  5894634    0.39%
  69282 44463      487.6392   212      486.7660      488.6721  5903445    0.39%
  69416 44585      487.9689   220      486.7660      488.6721  5912357    0.39%
  69571 44727      486.9250   148      486.7660      488.6721  5920734    0.39%
  69666 44812      486.9668   216      486.7660      488.6721  5929557    0.39%
  69791 44917      488.3987   292      486.7660      488.6721  5938882    0.39%
  69905 45017      487.8551   254      486.7660      488.6721  5947886    0.39%
Elapsed time = 2382.05 sec. (2399847.56 ticks, tree = 805.91 MB, solutions = 8)
  70006 45108      487.4875   252      486.7660      488.6721  5957248    0.39%
  70162 45253      486.8258    66      486.7660      488.6721  5965450    0.39%
  70254 45335      487.8818   234      486.7660      488.6721  5974983    0.39%
  70400 45464      488.5279   294      486.7660      488.6721  5983742    0.39%
  70483 45541      487.1661   228      486.7660      488.6721  5991455    0.39%
  70606 45652      486.8727   222      486.7660      488.6721  6000374    0.39%
  70740 45769      488.5981   278      486.7660      488.6721  6008664    0.39%
  70838 45855      487.9913   222      486.7660      488.6721  6018163    0.39%
  70967 45965      488.4653   286      486.7660      488.6721  6027768    0.39%
  71082 46070      486.8938   172      486.7660      488.6721  6037162    0.39%
Elapsed time = 2418.46 sec. (2438394.36 ticks, tree = 826.58 MB, solutions = 8)
  71210 46176      488.4964   302      486.7660      488.6721  6046117    0.39%
  71312 46271      488.3297   268      486.7660      488.6721  6054842    0.39%
  71440 46383      488.2170   270      486.7660      488.6721  6063720    0.39%
  71572 46501      487.5095   244      486.7660      488.6721  6073138    0.39%
  71711 46630      487.8641   254      486.7660      488.6721  6082320    0.39%
  71838 46749      487.0844   142      486.7660      488.6721  6090469    0.39%
  72008 46904      487.3919   212      486.7660      488.6721  6099288    0.39%
  72120 46999      487.1826   226      486.7660      488.6721  6107278    0.39%
  72234 47099      488.3642   292      486.7660      488.6721  6116378    0.39%
  72347 47200      488.4137   282      486.7660      488.6721  6126068    0.39%
Elapsed time = 2455.04 sec. (2476733.19 ticks, tree = 846.43 MB, solutions = 8)
  72489 47327      487.8911   242      486.7660      488.6721  6134828    0.39%
  72585 47416      488.0420   222      486.7660      488.6721  6143502    0.39%
  72726 47542      488.3044   284      486.7660      488.6721  6152098    0.39%
  72828 47639      487.5457   242      486.7660      488.6721  6160912    0.39%
  72945 47745      487.3781   166      486.7660      488.6721  6169638    0.39%
  73073 47859      488.4143   240      486.7660      488.6721  6178150    0.39%
  73228 47997      486.7868    74      486.7660      488.6721  6186549    0.39%
  73373 48124      488.1900   238      486.7660      488.6721  6194733    0.39%
  73468 48204      488.3611   300      486.7660      488.6721  6204235    0.39%
  73598 48325      488.1957   262      486.7660      488.6721  6212375    0.39%
Elapsed time = 2491.20 sec. (2515187.95 ticks, tree = 868.41 MB, solutions = 8)
  73717 48427      488.2190   312      486.7660      488.6721  6220612    0.39%
  73817 48519      487.2050   204      486.7660      488.6721  6230181    0.39%
  73955 48643      487.9648   282      486.7660      488.6721  6238305    0.39%
  74037 48719      486.8555   216      486.7660      488.6721  6247468    0.39%
  74156 48824      487.8648   226      486.7660      488.6721  6256269    0.39%
  74264 48924      487.4254   218      486.7660      488.6721  6265605    0.39%
  74392 49040      487.0528   128      486.7660      488.6721  6274632    0.39%
  74527 49157      488.3195   288      486.7660      488.6721  6282844    0.39%
  74632 49255      486.9043   142      486.7660      488.6721  6292395    0.39%
  74785 49392      487.9112   238      486.7660      488.6721  6300924    0.39%
Elapsed time = 2527.03 sec. (2553572.93 ticks, tree = 891.03 MB, solutions = 8)
  74866 49465      488.4904   278      486.7660      488.6721  6308745    0.39%
  75011 49596      487.9124   268      486.7660      488.6721  6317558    0.39%
  75111 49686      487.9916   246      486.7660      488.6721  6326679    0.39%
  75244 49805      487.4064   204      486.7660      488.6721  6336657    0.39%
  75395 49941      486.8089   176      486.7660      488.6721  6345275    0.39%
  75512 50044      488.3828   258      486.7660      488.6721  6353969    0.39%
  75620 50145      487.3541   248      486.7660      488.6721  6362247    0.39%
  75737 50247      487.9989   240      486.7660      488.6721  6371203    0.39%
  75875 50367      488.4935   268      486.7660      488.6721  6380031    0.39%
  75998 50475      488.4528   280      486.7660      488.6721  6388804    0.39%
Elapsed time = 2563.20 sec. (2591992.82 ticks, tree = 913.52 MB, solutions = 8)
  76128 50594      487.9650   242      486.7660      488.6721  6397108    0.39%
  76247 50701      488.0943   300      486.7660      488.6721  6406438    0.39%
  76346 50788      487.2628   202      486.7660      488.6721  6415704    0.39%
  76495 50919      488.4607   288      486.7660      488.6721  6423934    0.39%
  76595 51015      486.9673   188      486.7660      488.6721  6433684    0.39%
  76754 51159      488.3760   272      486.7660      488.6721  6441791    0.39%
  76885 51279      488.1160   278      486.7660      488.6721  6450191    0.39%
  76992 51376      487.0074   152      486.7660      488.6721  6459363    0.39%
  77158 51524      488.2963   278      486.7660      488.6721  6468079    0.39%
  77262 51615      488.4657   316      486.7660      488.6721  6476844    0.39%
Elapsed time = 2599.52 sec. (2630512.02 ticks, tree = 928.52 MB, solutions = 8)
  77374 51715      488.0779   240      486.7660      488.6721  6486487    0.39%
  77487 51820      487.2841   230      486.7660      488.6721  6495852    0.39%
  77612 51931      487.0103   148      486.7660      488.6721  6504951    0.39%
  77732 52034      488.5109   266      486.7660      488.6721  6514197    0.39%
  77858 52148      488.3852   272      486.7660      488.6721  6522302    0.39%
  77985 52265      487.3826   234      486.7660      488.6721  6531460    0.39%
  78075 52344      487.9879   252      486.7660      488.6721  6539748    0.39%
  78209 52468      487.6145   194      486.7660      488.6721  6548044    0.39%
  78327 52576      487.3734   216      486.7660      488.6721  6557389    0.39%
  78462 52694      487.0924   214      486.7660      488.6721  6566107    0.39%
Elapsed time = 2635.19 sec. (2668912.19 ticks, tree = 945.10 MB, solutions = 8)
  78569 52789      488.2729   300      486.7660      488.6721  6575809    0.39%
  78677 52881      486.8588   122      486.7660      488.6721  6584315    0.39%
  78787 52977      488.4417   302      486.7660      488.6721  6593615    0.39%
  78872 53058      487.4835   224      486.7660      488.6721  6601640    0.39%
  79000 53173      487.2783   206      486.7660      488.6721  6610506    0.39%
  79119 53280      488.4005   288      486.7660      488.6721  6619958    0.39%
  79248 53397      488.1506   242      486.7660      488.6721  6628994    0.39%
  79387 53527      487.4028   222      486.7660      488.6721  6637804    0.39%
  79478 53606      487.4118   256      486.7660      488.6721  6646563    0.39%
  79595 53709      488.4268   270      486.7660      488.6721  6655531    0.39%
Elapsed time = 2670.75 sec. (2707254.92 ticks, tree = 958.12 MB, solutions = 8)
  79679 53779      488.3741   234      486.7660      488.6721  6663770    0.39%
  79818 53906      487.3277   224      486.7660      488.6721  6672499    0.39%
  79939 54012      486.9628   110      486.7660      488.6721  6681517    0.39%
  80074 54128      488.1241   280      486.7660      488.6721  6690518    0.39%
  80191 54229      488.1362   232      486.7660      488.6721  6699672    0.39%
  80312 54344      488.2798   262      486.7660      488.6721  6708228    0.39%
  80422 54442      488.0743   242      486.7660      488.6721  6716749    0.39%
  80533 54541      487.5271   256      486.7660      488.6721  6725818    0.39%
  80656 54654        cutoff            486.7660      488.6721  6734163    0.39%
  80760 54746      487.1109   228      486.7660      488.6721  6742761    0.39%
Elapsed time = 2706.26 sec. (2745602.72 ticks, tree = 978.01 MB, solutions = 8)
  80877 54845      488.4572   328      486.7660      488.6720  6751409    0.39%
  80977 54937      488.2292   258      486.7660      488.6716  6761157    0.39%
  81085 55028      488.3331   244      486.7660      488.6716  6769569    0.39%
  81202 55137      487.1033   214      486.7660      488.6715  6779225    0.39%
  81316 55234      488.1496   262      486.7660      488.6713  6788031    0.39%
  81437 55343      487.9468   280      486.7660      488.6711  6796745    0.39%
  81542 55444      487.2616   134      486.7660      488.6710  6805294    0.39%
  81706 55580      488.3485   310      486.7660      488.6707  6813045    0.39%
  81812 55678      487.6627   270      486.7660      488.6703  6822099    0.39%
  81917 55773      487.2179   186      486.7660      488.6703  6831069    0.39%
Elapsed time = 2741.97 sec. (2783993.51 ticks, tree = 997.20 MB, solutions = 8)
  82042 55885      488.0251   234      486.7660      488.6698  6840370    0.39%
  82164 55996      487.6278   216      486.7660      488.6696  6849097    0.39%
  82308 56117      488.4677   300      486.7660      488.6694  6857713    0.39%
  82385 56190      487.9125   254      486.7660      488.6693  6867543    0.39%
  82512 56310      487.5789   208      486.7660      488.6692  6875262    0.39%
  82640 56424      486.9800   230      486.7660      488.6690  6884222    0.39%
  82763 56527      488.5033   316      486.7660      488.6689  6892498    0.39%
  82865 56617      487.9273   304      486.7660      488.6686  6901612    0.39%
  82953 56698      487.2594   224      486.7660      488.6685  6910933    0.39%
  83102 56831      488.4396   300      486.7660      488.6682  6919809    0.39%
Elapsed time = 2777.97 sec. (2822558.63 ticks, tree = 1010.58 MB, solutions = 8)
  83194 56915      487.5524   244      486.7660      488.6680  6929352    0.39%
  83299 57010      487.1729   194      486.7660      488.6676  6938477    0.39%
  83435 57129      488.1346   296      486.7660      488.6672  6946837    0.39%
  83528 57211      487.7987   260      486.7660      488.6671  6955283    0.39%
  83647 57318      487.7308   212      486.7660      488.6668  6963862    0.39%
  83747 57406      488.1039   254      486.7660      488.6667  6972852    0.39%
  83870 57520      487.4908   212      486.7660      488.6663  6981418    0.39%
  84013 57644      488.1340   284      486.7660      488.6662  6988773    0.39%
  84122 57739      488.1378   256      486.7660      488.6659  6997720    0.39%
  84265 57871      487.3140   256      486.7660      488.6657  7006064    0.39%
Elapsed time = 2814.09 sec. (2860997.30 ticks, tree = 1021.49 MB, solutions = 8)
  84365 57955      488.4906   284      486.7660      488.6656  7015371    0.39%
  84481 58061      488.3633   274      486.7660      488.6650  7023300    0.39%
  84601 58175      486.8415   106      486.7660      488.6650  7031902    0.39%
  84723 58273      488.4873   262      486.7660      488.6648  7040731    0.39%
  84843 58383      487.6463   236      486.7660      488.6646  7049602    0.39%
  84964 58492      487.4301   216      486.7660      488.6644  7058495    0.39%
  85105 58620      486.8030   146      486.7660      488.6643  7066776    0.39%
  85189 58694      488.0063   234      486.7660      488.6638  7075180    0.39%
  85305 58803      487.3159   214      486.7660      488.6630  7083400    0.39%
  85422 58910      487.3500   158      486.7660      488.6629  7092602    0.39%
Elapsed time = 2849.97 sec. (2899370.92 ticks, tree = 1041.10 MB, solutions = 8)
  85553 59023      487.9535   278      486.7660      488.6623  7100939    0.39%
  85661 59118      488.0600   292      486.7660      488.6618  7109050    0.39%
  85783 59220      488.2353   260      486.7660      488.6616  7117722    0.39%
  85894 59324      487.8537   238      486.7660      488.6614  7126506    0.39%
  85979 59400      488.2508   304      486.7660      488.6612  7135967    0.39%
  86090 59501      487.6750   238      486.7660      488.6609  7144710    0.39%
  86183 59586      487.7820   260      486.7660      488.6607  7154711    0.39%
  86297 59693      487.1689   216      486.7660      488.6605  7163621    0.39%
  86428 59811      488.2270   292      486.7660      488.6603  7171987    0.39%
  86513 59892      487.2640   192      486.7660      488.6602  7180543    0.39%
Elapsed time = 2885.58 sec. (2937713.46 ticks, tree = 1055.65 MB, solutions = 8)
  86639 60007      488.0844   242      486.7660      488.6594  7189762    0.39%
  86723 60087      487.6543   196      486.7660      488.6594  7198953    0.39%
  86853 60198      487.7883   222      486.7660      488.6593  7206811    0.39%
  87002 60339      487.1659   220      486.7660      488.6592  7215175    0.39%
  87078 60408      486.8018   168      486.7660      488.6591  7223860    0.39%
  87198 60510      488.1151   242      486.7660      488.6588  7232586    0.39%
  87297 60597      488.2222   268      486.7660      488.6587  7241582    0.39%
  87411 60700      487.4573   234      486.7660      488.6583  7250584    0.39%
  87537 60810      488.3738   286      486.7660      488.6581  7259151    0.39%
  87626 60895      487.0275   122      486.7660      488.6580  7267919    0.39%
Elapsed time = 2921.21 sec. (2975984.39 ticks, tree = 1072.98 MB, solutions = 8)
  87758 61016      487.9607   238      486.7660      488.6575  7276486    0.39%
  87865 61114      487.6419   244      486.7660      488.6575  7286202    0.39%
  88008 61241      486.8382    98      486.7660      488.6573  7294479    0.39%
  88095 61319      487.5120   224      486.7660      488.6571  7303488    0.39%
  88235 61445      488.2593   288      486.7660      488.6565  7313066    0.39%
  88336 61538      487.8288   276      486.7660      488.6564  7322370    0.39%
  88420 61617      487.5998   234      486.7660      488.6563  7329792    0.39%
  88540 61724      488.4085   236      486.7660      488.6557  7338839    0.39%
  88651 61820      488.1179   288      486.7660      488.6556  7347607    0.39%
  88776 61935      487.5982   236      486.7660      488.6553  7356158    0.39%
Elapsed time = 2957.16 sec. (3014261.99 ticks, tree = 1095.33 MB, solutions = 8)
  88870 62017      487.6117   232      486.7660      488.6550  7364519    0.39%
  88977 62108      488.2513   304      486.7660      488.6545  7373688    0.39%
  89092 62212      488.0460   258      486.7660      488.6543  7383442    0.39%
  89202 62313      487.6173   210      486.7660      488.6539  7392254    0.39%
  89332 62433      487.1116   224      486.7660      488.6538  7401520    0.39%
  89443 62530      488.3962   258      486.7660      488.6535  7410689    0.39%
  89597 62668      486.8548   184      486.7660      488.6533  7419253    0.39%
  89702 62763      487.2732   150      486.7660      488.6530  7427321    0.39%
  89825 62870      487.8084   252      486.7660      488.6525  7435979    0.39%
  89948 62981      487.7905   234      486.7660      488.6524  7444217    0.39%
Elapsed time = 2993.31 sec. (3052590.77 ticks, tree = 1112.94 MB, solutions = 8)
  90076 63089      488.5626   300      486.7660      488.6518  7453265    0.39%
  90197 63200      487.9705   246      486.7660      488.6515  7463024    0.39%
  90318 63306      488.0015   238      486.7660      488.6513  7472297    0.39%
  90430 63407      487.8200   200      486.7660      488.6513  7479763    0.39%
  90554 63521      486.9601   204      486.7660      488.6511  7489252    0.39%
  90667 63622      487.9901   282      486.7660      488.6509  7497780    0.39%
  90766 63711      487.9584   278      486.7660      488.6505  7506742    0.39%
  90894 63827      487.6442   244      486.7660      488.6505  7515718    0.39%
  91012 63931      488.3775   280      486.7660      488.6502  7524641    0.39%
  91122 64034      488.0891   226      486.7660      488.6500  7534032    0.39%
Elapsed time = 3029.95 sec. (3091012.60 ticks, tree = 1132.36 MB, solutions = 8)
  91232 64135      487.3980   212      486.7660      488.6498  7542760    0.39%
  91342 64237      487.3978   180      486.7660      488.6495  7551576    0.39%
  91484 64366      488.1786   250      486.7660      488.6491  7559893    0.39%
  91580 64447      488.5022   288      486.7660      488.6490  7568811    0.39%
  91684 64541      487.9425   254      486.7660      488.6490  7576463    0.39%
  91782 64630      487.8635   256      486.7660      488.6488  7585072    0.39%
  91885 64723      487.2597   202      486.7660      488.6486  7593627    0.39%
  92015 64839      486.8743   104      486.7660      488.6485  7602118    0.39%
  92117 64927      488.1992   244      486.7660      488.6484  7611083    0.39%
  92236 65036      487.0247   188      486.7660      488.6483  7619994    0.39%
Elapsed time = 3065.95 sec. (3129456.75 ticks, tree = 1149.59 MB, solutions = 8)
  92334 65123      488.0909   262      486.7660      488.6482  7629436    0.39%
  92472 65247      487.7355   184      486.7660      488.6481  7638339    0.39%
  92588 65353      487.3401   196      486.7660      488.6479  7647374    0.39%
  92712 65462      488.3431   266      486.7660      488.6471  7656648    0.39%
  92839 65570      488.1814   302      486.7660      488.6470  7665008    0.39%
  92942 65659      488.0860   258      486.7660      488.6469  7673226    0.39%
  93054 65760      487.2819   158      486.7660      488.6467  7681594    0.39%
  93176 65867      486.8828   100      486.7660      488.6465  7690183    0.39%
  93284 65959      488.4757   282      486.7660      488.6464  7697745    0.39%
  93387 66052      488.3226   326      486.7660      488.6462  7706559    0.39%
Elapsed time = 3102.20 sec. (3167821.21 ticks, tree = 1170.44 MB, solutions = 8)
  93508 66163      487.5125   224      486.7660      488.6461  7715669    0.39%
  93615 66262      487.5637   234      486.7660      488.6456  7724449    0.39%
  93741 66374      487.4011   214      486.7660      488.6453  7732799    0.39%
  93869 66482      488.1730   296      486.7660      488.6447  7742595    0.39%
  93959 66569      487.6414   236      486.7660      488.6447  7751708    0.39%
  94083 66684        cutoff            486.7660      488.6444  7759618    0.39%
  94173 66762      487.4660   230      486.7660      488.6442  7768725    0.39%
  94316 66892      487.1132    98      486.7660      488.6438  7777347    0.39%
  94433 66992      488.0657   286      486.7660      488.6434  7786382    0.39%
  94547 67090      486.9393   112      486.7660      488.6433  7795151    0.39%
Elapsed time = 3138.64 sec. (3206193.59 ticks, tree = 1188.75 MB, solutions = 8)
  94686 67209      487.8553   256      486.7660      488.6429  7803867    0.39%
  94783 67292      488.3950   308      486.7660      488.6429  7812869    0.39%
  94903 67402      487.4270   194      486.7660      488.6419  7821930    0.39%
  95014 67501      488.4305   262      486.7660      488.6418  7831381    0.39%
  95144 67621      487.5802   248      486.7660      488.6415  7840235    0.39%
  95250 67719      487.8983   248      486.7660      488.6414  7849815    0.39%
  95369 67826      488.3115   254      486.7660      488.6410  7858816    0.39%
  95477 67927      487.5175   240      486.7660      488.6409  7867601    0.39%
  95599 68033      488.4034   292      486.7660      488.6408  7876200    0.39%
  95708 68134      488.1256   232      486.7660      488.6408  7884083    0.39%
Elapsed time = 3175.27 sec. (3244525.65 ticks, tree = 1209.44 MB, solutions = 8)
  95829 68240      487.9734   252      486.7660      488.6405  7893462    0.39%
  95953 68352      488.3562   282      486.7660      488.6403  7903660    0.39%
  96061 68454      486.8646   172      486.7660      488.6402  7912872    0.39%
  96188 68567      487.6529   194      486.7660      488.6400  7921169    0.38%
  96285 68653      488.5236   282      486.7660      488.6400  7930074    0.38%
  96412 68768      488.1874   278      486.7660      488.6399  7937980    0.38%
  96512 68855      487.8625   266      486.7660      488.6397  7946445    0.38%
  96620 68948      488.4114   282      486.7660      488.6394  7955164    0.38%
  96744 69061      488.0916   236      486.7660      488.6393  7963562    0.38%
  96876 69176      488.3720   312      486.7660      488.6392  7972368    0.38%
Elapsed time = 3212.09 sec. (3283211.79 ticks, tree = 1230.69 MB, solutions = 8)
  96989 69280      486.7785   190      486.7660      488.6390  7981669    0.38%
  97088 69367      486.9444   214      486.7660      488.6389  7990796    0.38%
  97207 69470      486.9315   210      486.7660      488.6387  8000434    0.38%
  97299 69554      487.3665   236      486.7660      488.6380  8009284    0.38%
  97430 69671      486.9327   120      486.7660      488.6377  8017971    0.38%
  97542 69767      487.2866   232      486.7660      488.6373  8026935    0.38%
  97662 69870        cutoff            486.7660      488.6372  8035811    0.38%
  97761 69958      488.0611   240      486.7660      488.6369  8045117    0.38%
Starting limited solution polishing.
  97869 70051      487.3179   194      486.7660      488.6368  8053194    0.38%
  98001 70166      488.1544   248      486.7660      488.6367  8062270    0.38%
Elapsed time = 3248.44 sec. (3321654.34 ticks, tree = 1242.12 MB, solutions = 8)
  98099 70252      488.2917   264      486.7660      488.6365  8070749    0.38%
  98217 70359      487.6858   262      486.7660      488.6365  8078911    0.38%
  98312 70446      487.2489   242      486.7660      488.6364  8088163    0.38%
  98412 70531      487.0170   132      486.7660      488.6362  8095570    0.38%
  98535 70634      488.3469   284      486.7660      488.6359  8104280    0.38%
  98652 70740      488.3423   286      486.7660      488.6359  8113256    0.38%
  98786 70863      487.9855   244      486.7660      488.6357  8121104    0.38%
  98865 70933      488.5384   276      486.7660      488.6356  8129236    0.38%
  98997 71053      488.2296   286      486.7660      488.6353  8136790    0.38%
  99102 71146      488.2565   218      486.7660      488.6351  8144388    0.38%
Elapsed time = 3285.17 sec. (3360005.74 ticks, tree = 1262.85 MB, solutions = 8)
  99230 71256      487.2378   158      486.7660      488.6348  8152223    0.38%
  99356 71361      488.5171   276      486.7660      488.6345  8159677    0.38%
  99455 71456      487.0607   174      486.7660      488.6344  8167828    0.38%
  99582 71561      488.2121   286      486.7660      488.6344  8175754    0.38%
  99687 71654      488.1513   258      486.7660      488.6342  8183841    0.38%
  99788 71740      488.4144   294      486.7660      488.6340  8191245    0.38%
  99886 71828      488.3924   278      486.7660      488.6336  8198676    0.38%
  99960 71898      487.5150   244      486.7660      488.6336  8206729    0.38%
 100051 71972      488.2059   290      486.7660      488.6332  8214419    0.38%
 100163 72074      487.9977   238      486.7660      488.6330  8222589    0.38%
Elapsed time = 3322.61 sec. (3398413.51 ticks, tree = 1278.37 MB, solutions = 8)
 100251 72150      488.4025   276      486.7660      488.6329  8231017    0.38%
 100375 72259      488.2305   254      486.7660      488.6328  8238646    0.38%
 100497 72369        cutoff            486.7660      488.6328  8245489    0.38%
 100553 72412      488.4883   270      486.7660      488.6327  8251035    0.38%
 100682 72528      488.3366   280      486.7660      488.6325  8259114    0.38%
 100783 72623      487.4122   204      486.7660      488.6325  8264419    0.38%
 100838 72674      486.9927   226      486.7660      488.6324  8270997    0.38%
 100926 72749      487.4975   208      486.7660      488.6324  8277334    0.38%
 101040 72855      487.3856   224      486.7660      488.6321  8285293    0.38%
 101128 72928      487.6700   252      486.7660      488.6319  8292857    0.38%
Elapsed time = 3360.08 sec. (3436828.77 ticks, tree = 1289.51 MB, solutions = 8)
 101223 73011      488.4914   278      486.7660      488.6318  8299406    0.38%
 101312 73095      486.9876   122      486.7660      488.6317  8305808    0.38%
 101412 73190      486.7739   102      486.7660      488.6317  8315080    0.38%
 101512 73276      486.8776   138      486.7660      488.6314  8322231    0.38%
 101612 73362      488.3321   264      486.7660      488.6313  8330160    0.38%
 101712 73452      487.1491   160      486.7660      488.6311  8338341    0.38%
 101831 73555      487.9500   258      486.7660      488.6308  8347490    0.38%
 101912 73630      486.7752   202      486.7660      488.6308  8354858    0.38%
 102012 73718      487.0125    86      486.7660      488.6305  8361420    0.38%
 102130 73825      486.8410   162      486.7660      488.6303  8368314    0.38%
Elapsed time = 3401.02 sec. (3478469.28 ticks, tree = 1301.92 MB, solutions = 8)
 102212 73895      487.5412   246      486.7660      488.6300  8376045    0.38%
 102312 73987      487.0129   168      486.7660      488.6298  8383958    0.38%
 102412 74075      488.2463   278      486.7660      488.6291  8392645    0.38%
 102512 74166      487.5133   258      486.7660      488.6289  8401388    0.38%
 102599 74245      487.6407   274      486.7660      488.6288  8410289    0.38%
 102712 74347      487.2785   172      486.7660      488.6288  8418265    0.38%
 102812 74437      487.0463   186      486.7660      488.6286  8425218    0.38%
 102904 74519      487.4306   218      486.7660      488.6286  8433892    0.38%
 102982 74589      488.3327   282      486.7660      488.6285  8439572    0.38%
 103077 74681      487.2850   150      486.7660      488.6283  8446239    0.38%
Elapsed time = 3441.80 sec. (3520350.11 ticks, tree = 1318.95 MB, solutions = 8)
 103192 74777      488.3543   250      486.7660      488.6281  8451708    0.38%
 103247 74826      488.4651   292      486.7660      488.6281  8457122    0.38%
 103323 74898      487.0427   154      486.7660      488.6280  8463019    0.38%
 103443 75002      487.7759   218      486.7660      488.6279  8469208    0.38%
 103525 75079      487.2817   200      486.7660      488.6279  8474415    0.38%
 103612 75155      487.5501   220      486.7660      488.6279  8481181    0.38%
 103712 75243      487.6932   222      486.7660      488.6278  8488085    0.38%
 103787 75310      487.2046   238      486.7660      488.6277  8498153    0.38%
 103879 75393      487.9191   268      486.7660      488.6274  8506019    0.38%
 103948 75455      488.2683   298      486.7660      488.6271  8512229    0.38%
Elapsed time = 3480.04 sec. (3559109.42 ticks, tree = 1335.57 MB, solutions = 8)
 104013 75514      487.0656   228      486.7660      488.6271  8519073    0.38%
 104112 75605      487.4904   150      486.7660      488.6270  8526634    0.38%
 104215 75699      488.0968   246      486.7660      488.6268  8533635    0.38%
 104312 75782      488.2853   282      486.7660      488.6266  8541721    0.38%
 104412 75874      488.3980   306      486.7660      488.6262  8547861    0.38%
 104512 75969      486.7968   104      486.7660      488.6262  8554718    0.38%
 104612 76052      488.4294   274      486.7660      488.6258  8563281    0.38%
 104712 76144      488.0713   236      486.7660      488.6257  8571021    0.38%
 104812 76240      486.9315   142      486.7660      488.6257  8578010    0.38%
 105192 76575      487.3697   228      486.7660      488.6251  8606115    0.38%
Elapsed time = 3533.50 sec. (3612947.82 ticks, tree = 1354.89 MB, solutions = 8)
 105515 76867      486.9662   138      486.7660      488.6245  8632684    0.38%
 105870 77178      488.2144   276      486.7660      488.6238  8663126    0.38%
 106225 77495      488.1894   246      486.7660      488.6234  8689395    0.38%
 106611 77845      487.9977   232      486.7660      488.6229  8719500    0.38%

Flow cuts applied:  70
Mixed integer rounding cuts applied:  103
Lift and project cuts applied:  3
Gomory fractional cuts applied:  2
User cuts applied:  1555

Root node processing (before b&c):
  Real time             =    3.32 sec. (3161.41 ticks)
Sequential b&c:
  Real time             = 3596.69 sec. (3677737.95 ticks)
                          ------------
Total (root+branch&cut) = 3600.00 sec. (3680899.36 ticks)
|V|                                     600
K                                       60
theta                                   0.50
r                                       5
R                                       20
prob_func                               linear
#C1                                     1716
#CP                                     33584

@Parameters: 
am_callback_heuristic                   false
am_local_search                         true
am_start_heuristic                      false
colocation                              true
comp                                    false
cutC                                    true
cutC_init                               false
cutF                                    false
cutF_init                               false
cutF_stable                             false
cutF_wrong                              false
cutLocal                                false
cutM                                    true
cutM_init                               true
cutM_stable                             false
cutP                                    true
cutP_init                               false
cutP_stable                             false
init                                    true
init_cutF_zero                          false
init_val_greedy                         true
is_Euclidean                            false
is_local_search                         false
is_right_cutP                           true
is_root                                 false
is_silent                               false
is_start                                false
mycut                                   false
pmed                                    false
pre                                     true
stable_root                             false
str                                     true
two_phase                               false
ubstr                                   false
mode                                    Int

am_callback_node_space                  50
init                                    0
mixture_seed                            1
node_space                              5
nodelimit                               -1
nsepa                                   1
strF                                    0
type_delta                              0

EPS                                     0.001000
EPS_FRAC                                0.00
gap                                     0.00
mixture_high_max                        0.99
mixture_high_min                        0.90
mixture_low_max                         0.01
mixture_low_min                         0.00
mixture_low_share                       0.80
timelimit                               3600.00

Number of Closed Sites: 7 / 420 
Number of Confined Sites-1: 6 / 354 
Number of Confined Sites-k: 587 / 4867 
Preprocess Time: 1.43 + 0.00 sec

Solve Time: 3600.00
Number of Nodes: 106725
Termination Status: TIME_LIMIT

CutInfo: [phase] num / time (sec) / aver. num_nonzero
max              [LP]     0 / 0.00 / 0.00 [init]   380 / 0.01 / 3.79 [rLC]   440 / 0.03 / 15.41 [rUC]  1133 / 0.09 / 7.35 [sLC]   150 / 0.13 / 9.35 [sUC]   950 / 1.41 / 7.83 
prod_oa          [LP]     0 / 0.00 / 0.00 [init]   349 / 0.01 / 36.03 [rLC]   793 / 0.03 / 53.46 [rUC]   505 / 0.18 / 38.40 [sLC]  1505 / 0.17 / 42.38 [sUC]   791 / 2.69 / 36.13 
prod_sm_fixed    [LP]     0 / 0.00 / 0.00 [init]     0 / 0.00 / 0.00 [rLC]     0 / 0.00 / 0.00 [rUC]     0 / 0.00 / 0.00 [sLC]     0 / 0.00 / 0.00 [sUC]     0 / 0.00 / 0.00 
prod_bin         [LP]     0 / 0.00 / 0.00 [init]     0 / 0.00 / 0.00 [rLC]     0 / 0.00 / 0.00 [rUC]     0 / 0.00 / 0.00 [sLC]     0 / 0.00 / 0.00 [sUC]     0 / 0.00 / 0.00 
prod_local       [LP]     0 / 0.00 / 0.00 [init]     0 / 0.00 / 0.00 [rLC]     0 / 0.00 / 0.00 [rUC]     0 / 0.00 / 0.00 [sLC]     0 / 0.00 / 0.00 [sUC]     0 / 0.00 / 0.00 
prod_sm_C        [LP]     0 / 0.00 / 0.00 [init]     0 / 0.00 / 0.00 [rLC]     0 / 0.00 / 0.00 [rUC]     0 / 0.00 / 0.00 [sLC]     0 / 0.00 / 0.00 [sUC]     0 / 0.00 / 0.00 
facet            [LP]     0 / 0.00 / 0.00 [init]     0 / 0.00 / 0.00 [rLC]     0 / 0.00 / 0.00 [rUC]     0 / 0.00 / 0.00 [sLC]     0 / 0.00 / 0.00 [sUC]     0 / 0.00 / 0.00 
Separation Round:   [LP] 0  [init] 1  [rLC] 5  [rUC] 19  [sLC] 27  [sUC] 204085  
Root Best Bound 490.339589
Root Best Integer: 483.361063
Best Bound: 488.622778
Best Integer: 486.765966
1: 11, 12, 44, 54, 58, 76, 90, 94, 97, 103, 108, 110, 117, 123, 125, 130, 140, 148, 163, 164, 166, 174, 187, 200, 209, 212, 218, 236, 246, 262, 265, 270, 277, 289, 295, 316, 320, 322, 356, 374, 377, 379, 380, 396, 397, 426, 432, 475, 488, 493, 500, 503, 506, 535, 540, 548, 569, 570, 578, 591
Objective Value (calc): 486.747208
sum_etaM = 461.533333 / 461.533333
sum_etaP = 511.998599 / 511.961082
nL: 60
nCL: 0
mCL: 1
