Version identifier: 20.1.0.0 | 2020-11-10 | 9bedb6d68
CPXPARAM_Threads                                 1
CPXPARAM_TimeLimit                               3600
CPXPARAM_MIP_Tolerances_MIPGap                   0
Generic callback                                 0x60
1 of 1 MIP starts provided solutions.
MIP start 'm1' defined initial solution with objective 812.3330.
Tried aggregator 2 times.
MIP Presolve eliminated 5 rows and 4 columns.
Aggregator did 1 substitutions.
Reduced MIP has 2571 rows, 3595 columns, and 125776 nonzeros.
Reduced MIP has 898 binaries, 897 generals, 0 SOSs, and 0 indicators.
Presolve time = 0.06 sec. (39.18 ticks)
Probing time = 0.01 sec. (19.99 ticks)
Tried aggregator 1 time.
Reduced MIP has 2571 rows, 3595 columns, and 125776 nonzeros.
Reduced MIP has 898 binaries, 897 generals, 0 SOSs, and 0 indicators.
Presolve time = 0.03 sec. (22.93 ticks)
Probing time = 0.01 sec. (19.94 ticks)
MIP emphasis: balance optimality and feasibility.
MIP search method: dynamic search.
Parallel mode: none, using 1 thread.
Root relaxation solution time = 0.24 sec. (305.63 ticks)

        Nodes                                         Cuts/
   Node  Left     Objective  IInf  Best Integer    Best Bound    ItCnt     Gap

*     0+    0                          812.3330      900.0000            10.79%
      0     0      843.9555    48      812.3330      843.9555     2351    3.89%
      0     0      821.1658    94      812.3330     Cuts: 533     3273    1.09%
      0     0      820.1834    92      812.3330     Cuts: 237     3667    0.97%
      0     0      820.0672    92      812.3330      Cuts: 98     3831    0.95%
      0     0      819.9970    94      812.3330      Cuts: 57     3947    0.94%
      0     0      819.9846    98      812.3330      Cuts: 51     4001    0.94%
      0     0      819.9781    98      812.3330      Cuts: 29     4062    0.94%
      0     0      819.9720    98      812.3330 UserPurge2: 32     4100    0.94%
      0     0      819.9700    98      812.3330 UserPurge2: 10     4123    0.94%
      0     0      819.9687    98      812.3330 UserPurge2: 8     4141    0.94%
      0     0      819.9677    96      812.3330 UserPurge2: 18     4162    0.94%
      0     0      819.9675    98      812.3330 UserPurge2: 12     4173    0.94%
      0     0      819.9657    96      812.3330 UserPurge2: 7     4202    0.94%
      0     0      819.9644   100      812.3330 UserPurge2: 9     4230    0.94%
      0     0      819.9639    98      812.3330 UserPurge2: 4     4240    0.94%
      0     0      819.9637    98      812.3330 UserPurge2: 2     4250    0.94%
*     0+    0                          812.3474      819.9637             0.94%
      0     0        cutoff            812.3474      819.9637     4250    0.94%
      0     2      819.3936    92      812.3474      819.3913     4250    0.87%
Elapsed time = 7.05 sec. (5297.37 ticks, tree = 0.01 MB, solutions = 2)
      2     4      819.0769    86      812.3474      819.3912     4979    0.87%
      3     5      818.5941    70      812.3474      819.3912     5509    0.87%
      5     7      817.0196    62      812.3474      819.3912     6810    0.87%
      7     9      817.4328    70      812.3474      819.3912     8517    0.87%
      8    10      817.2737    72      812.3474      819.3912     9294    0.87%
      9    11      816.9017    54      812.3474      819.3912    10104    0.87%
     10    12      816.1929    56      812.3474      819.3912    10999    0.87%
     11    13      815.9917    40      812.3474      819.3912    11419    0.87%
     14    16      815.2186    30      812.3474      819.3912    12240    0.87%
*    20+   20                          812.5583      819.3912             0.84%
     23    21        cutoff            812.5583      819.3912    13999    0.84%
Elapsed time = 12.41 sec. (9597.06 ticks, tree = 0.20 MB, solutions = 3)
     35    23      818.1247    86      812.5583      819.0768    17134    0.80%
     37    25      817.3023    70      812.5583      819.0768    18946    0.80%
     40    28      816.6382    70      812.5583      819.0768    19992    0.80%
     46    34      814.5691    42      812.5583      819.0768    22137    0.80%
*    50+   36                          812.8588      819.0768             0.76%
     55    37      818.2686    78      812.8588      819.0730    24740    0.76%
     59    41      817.1557    92      812.8588      819.0730    27032    0.76%
     60    42      816.7529    98      812.8588      819.0730    28136    0.76%
     64    46      816.1387    98      812.8588      819.0730    30202    0.76%
     67    49      815.4158    96      812.8588      819.0730    32708    0.76%
     70    52      814.9066   100      812.8588      819.0730    34586    0.76%
Elapsed time = 26.73 sec. (23255.39 ticks, tree = 0.62 MB, solutions = 4)
     74    56      814.1837    96      812.8588      819.0730    36612    0.76%
     78    60      813.5889   102      812.8588      819.0730    39093    0.76%
     80    62      813.3358    96      812.8588      819.0730    41253    0.76%
     84    62      818.5463    90      812.8588      818.8679    44009    0.74%
     86    64      817.6446    98      812.8588      818.8679    46580    0.74%
     90    68      816.7086   106      812.8588      818.8679    49395    0.74%
     93    71      816.1024   106      812.8588      818.8679    51586    0.74%
     95    73      815.3980   114      812.8588      818.8679    53331    0.74%
     98    76      814.7984   114      812.8588      818.8679    55637    0.74%
    101    79      814.3920   120      812.8588      818.8679    57796    0.74%
Elapsed time = 40.24 sec. (36814.25 ticks, tree = 0.96 MB, solutions = 4)
    105    83      813.5332   114      812.8588      818.8679    60629    0.74%
    111    85      817.4863    90      812.8588      818.8676    62903    0.74%
    118    92      815.9508    86      812.8588      818.8676    64762    0.74%
    124    98      814.7043    90      812.8588      818.8676    66443    0.74%
    130   104      813.5635    92      812.8588      818.8676    68085    0.74%
    134   104      818.0830   100      812.8588      818.5459    70153    0.70%
    137   107      817.1667    90      812.8588      818.5459    72290    0.70%
    140   110      815.8030    66      812.8588      818.5459    74040    0.70%
    145   115      813.6042    54      812.8588      818.5459    77300    0.70%
    150   114        cutoff            812.8588      818.5459    78335    0.70%
Elapsed time = 53.81 sec. (49473.79 ticks, tree = 1.28 MB, solutions = 4)
    155   119      816.4861    88      812.8588      818.2629    79866    0.66%
    160   124      815.1703    94      812.8588      818.2629    81167    0.66%
    167   131      813.7926    94      812.8588      818.2629    82848    0.66%
    170   134      813.0930    92      812.8588      818.2629    83768    0.66%
    173   133      817.2129    68      812.8588      818.1226    85531    0.65%
    178   138      815.8915    86      812.8588      818.1226    87224    0.65%
    180   140      815.6743    84      812.8588      818.1226    87559    0.65%
    186   146      814.0071    54      812.8588      818.1226    89291    0.65%
    196   150        cutoff            812.8588      818.1226    90932    0.65%
    200   154      816.7912   106      812.8588      818.1153    92227    0.65%
Elapsed time = 68.39 sec. (62252.57 ticks, tree = 2.38 MB, solutions = 4)
    206   160      815.6682    90      812.8588      818.1153    93927    0.65%
    213   167      813.9594    84      812.8588      818.1153    95734    0.65%
    220   170      816.8859    70      812.8588      818.0154    97454    0.63%
    228   178      815.1587    78      812.8588      818.0154    99225    0.63%
    235   185      813.1410    68      812.8588      818.0154   100986    0.63%
    242   188      816.4644    74      812.8588      817.9227   102507    0.62%
    246   192      815.1941    64      812.8588      817.9227   104173    0.62%
    252   194      817.2854    72      812.8588      817.7551   105627    0.60%
    260   202      815.5335    82      812.8588      817.7551   107343    0.60%
    268   208      813.2354    54      812.8588      817.7551   109182    0.60%
Elapsed time = 83.48 sec. (74287.28 ticks, tree = 4.29 MB, solutions = 4)
    275   211      816.2671    82      812.8588      817.7276   110925    0.60%
    280   216      815.2546    84      812.8588      817.7276   112113    0.60%
    289   225      813.6679    68      812.8588      817.7276   113763    0.60%
    297   227      816.2786    76      812.8588      817.7258   115953    0.60%
    303   233      814.4518    86      812.8588      817.7258   117748    0.60%
    311   235      816.9181    92      812.8588      817.6537   119850    0.59%
    317   241      815.3122    94      812.8588      817.6537   121708    0.59%
    320   244      813.5934    88      812.8588      817.6537   123161    0.59%
    327   247      817.3478   108      812.8588      817.6527   124985    0.59%
    329   249      816.5575   102      812.8588      817.6527   126885    0.59%
Elapsed time = 95.76 sec. (85932.45 ticks, tree = 4.35 MB, solutions = 4)
    332   252      815.9441    96      812.8588      817.6527   128282    0.59%
    338   258      813.5164    52      812.8588      817.6527   130183    0.59%
    344   258      816.3853    94      812.8588      817.6445   131963    0.59%
    348   262      815.6177    98      812.8588      817.6445   133890    0.59%
    350   264      814.3672    84      812.8588      817.6445   136172    0.59%
    355   269      813.5477    72      812.8588      817.6445   138084    0.59%
    360   270      816.6307    82      812.8588      817.5938   140968    0.58%
    365   275      815.4674    86      812.8588      817.5938   143028    0.58%
    369   279      813.7308    80      812.8588      817.5938   144916    0.58%
    373   281      812.8812    78      812.8588      817.5938   147014    0.58%
Elapsed time = 108.62 sec. (98814.32 ticks, tree = 5.16 MB, solutions = 4)
    378   282      814.6943    38      812.8588      817.5664   148574    0.58%
*   384   285      integral     0      812.9726      817.5664   150100    0.57%
    384   285      812.9726     0      812.9726      817.5664   150100    0.57%
    390   289      815.3680    84      812.9726      817.4857   151518    0.56%
    398   297      813.2797    78      812.9726      817.4857   153274    0.56%
    405   300      815.7915    64      812.9726      817.4277   155335    0.55%
    410   305      813.6285    40      812.9726      817.4277   156892    0.55%
    419   308      816.6775    86      812.9726      817.3213   158682    0.53%
    423   312      815.7274    88      812.9726      817.3213   160158    0.53%
    429   318      814.6982    92      812.9726      817.3213   161817    0.53%
    433   322      813.3866    88      812.9726      817.3213   163255    0.53%
Elapsed time = 121.07 sec. (109808.49 ticks, tree = 6.40 MB, solutions = 5)
*   440+  323                          812.9813      817.3120             0.53%
    440   325      816.0842    76      812.9813      817.3120   164675    0.53%
    449   334      814.5880    74      812.9813      817.3120   166368    0.53%
    458   339      816.4796    74      812.9813      817.3090   168121    0.53%
*   460+  337                          813.1046      817.3090             0.52%
    460   339      815.9560    78      813.1046      817.3090   168612    0.52%
    468   347      814.4859    82      813.1046      817.3090   170319    0.52%
    476   351      813.2578    78      813.1046      817.3090   171990    0.52%
    482   353      815.6688    74      813.1046      817.2836   173308    0.51%
    488   359      813.8523    72      813.1046      817.2836   174924    0.51%
    493   360      813.2337    72      813.1046      817.2836   176560    0.51%
    516   369      816.3392    84      813.1046      817.2722   180942    0.51%
Elapsed time = 136.34 sec. (124456.64 ticks, tree = 8.35 MB, solutions = 7)
    530   379      815.6180    68      813.1046      817.2101   185364    0.50%
    554   397      813.1570    40      813.1046      817.2089   190742    0.50%
    574   409      815.8124    72      813.1046      817.1891   195428    0.50%
    590   419      815.2137    74      813.1046      817.1777   200144    0.50%
    609   432      813.7061    88      813.1046      817.1657   206299    0.50%
    620   437      815.1763    86      813.1046      817.1628   209954    0.50%
    640   451      815.8770    96      813.1046      817.1530   214823    0.50%
    660   467      813.8224    48      813.1046      817.0665   220450    0.49%
    684   483        cutoff            813.1046      817.0616   225918    0.49%
    702   491      815.6918    66      813.1046      817.0419   231876    0.48%
Elapsed time = 177.97 sec. (166106.55 ticks, tree = 12.92 MB, solutions = 7)
    719   504      813.7206    78      813.1046      817.0331   238831    0.48%
    732   511        cutoff            813.1046      817.0284   244773    0.48%
    744   515      814.5121    78      813.1046      817.0196   247471    0.48%
    766   531      813.5695    54      813.1046      817.0155   252515    0.48%
    780   540      814.4073    76      813.1046      817.0152   256794    0.48%
    800   552      814.8590    52      813.1046      816.9441   262782    0.47%
    828   570      816.0615   114      813.1046      816.9361   269026    0.47%
    840   582      814.0623   114      813.1046      816.9361   273128    0.47%
    858   594      813.6009    90      813.1046      816.9179   279025    0.47%
    880   606      814.1302    46      813.1046      816.8856   285137    0.46%
Elapsed time = 218.49 sec. (208113.46 ticks, tree = 16.95 MB, solutions = 7)
    909   627      813.2123    72      813.1046      816.8355   291325    0.46%
    935   643      814.1404    82      813.1046      816.7813   297120    0.45%
    952   650      815.2642    68      813.1046      816.7243   302513    0.45%
    975   667      813.9542    72      813.1046      816.7177   308595    0.44%
    999   683      815.0308    90      813.1046      816.6816   314411    0.44%
   1012   690      815.4432    82      813.1046      816.6733   319276    0.44%
   1032   700      815.5499    76      813.1046      816.6498   326310    0.44%

Performing restart 1

Repeating presolve.
Tried aggregator 1 time.
MIP Presolve eliminated 586 rows and 293 columns.
MIP Presolve modified 408 coefficients.
Reduced MIP has 1985 rows, 3302 columns, and 124604 nonzeros.
Reduced MIP has 898 binaries, 604 generals, 0 SOSs, and 0 indicators.
Presolve time = 0.04 sec. (28.34 ticks)
Tried aggregator 1 time.
Reduced MIP has 1985 rows, 3302 columns, and 124604 nonzeros.
Reduced MIP has 898 binaries, 604 generals, 0 SOSs, and 0 indicators.
Presolve time = 0.04 sec. (24.74 ticks)
Represolve time = 0.30 sec. (281.83 ticks)
   1050     0      819.1928    92      813.1046       Cuts: 4   336480    0.43%
   1050     0      819.1720    86      813.1046      Fract: 1   336530    0.43%
   1050     0      819.1510    92      813.1046       Cuts: 5   336602    0.43%
   1050     0      819.1509    90      813.1046    MIRcuts: 3   336608    0.43%
   1050     2      819.1313    90      813.1046      816.6381   336608    0.43%
   1051     3      818.9829   100      813.1046      816.6381   337175    0.43%
   1052     4      818.7885   106      813.1046      816.6381   337490    0.43%
Elapsed time = 280.06 sec. (276311.03 ticks, tree = 0.01 MB, solutions = 7)
   1053     5      818.6445   110      813.1046      816.6381   337999    0.43%
   1056     8      818.4938   110      813.1046      816.6381   339917    0.43%
   1058    10      817.8202    92      813.1046      816.6381   341017    0.43%
   1066    18      817.4628    86      813.1046      816.6381   343515    0.43%
   1075    27      815.5780    64      813.1046      816.6381   347040    0.43%
   1082    34      815.7313    68      813.1046      816.6381   348673    0.43%
   1092    43      814.0165    54      813.1046      816.6381   351607    0.43%
   1115    56      816.7269    64      813.1046      816.6381   356541    0.43%
   1120    61      816.7114    78      813.1046      816.6381   358593    0.43%
   1131    72      815.2023    68      813.1046      816.6381   362048    0.43%
Elapsed time = 314.63 sec. (322701.03 ticks, tree = 0.70 MB, solutions = 7)
   1148    87      813.2611    28      813.1046      816.6381   367155    0.43%
   1166    94      817.6113    92      813.1046      816.6381   370686    0.43%
   1170    98      816.3950    96      813.1046      816.6381   371802    0.43%
   1182   110      815.2911    96      813.1046      816.6381   375271    0.43%
   1192   120      814.5543    92      813.1046      816.6381   377922    0.43%
   1203   130      813.9615    66      813.1046      816.6381   380224    0.43%
   1221   139      817.6379    92      813.1046      816.6381   383698    0.43%
   1230   148      816.0352   100      813.1046      816.6381   387328    0.43%
   1248   166      813.8895    70      813.1046      816.6381   393688    0.43%
   1266   180      817.6041    88      813.1046      816.6381   398016    0.43%
Elapsed time = 346.96 sec. (367083.06 ticks, tree = 1.11 MB, solutions = 7)
   1283   197      815.1658    92      813.1046      816.6381   403484    0.43%
   1303   217      813.5872    72      813.1046      816.6381   407700    0.43%
   1316   226      817.0904    98      813.1046      816.6381   412255    0.43%
   1326   236      815.7032    80      813.1046      816.6381   416757    0.43%
   1335   245      814.5639    72      813.1046      816.6381   419928    0.43%
   1349   259      814.6713    68      813.1046      816.6381   424086    0.43%
   1362   270      814.0535    64      813.1046      816.6381   427377    0.43%
   1388   274      817.5184    90      813.1046      816.6381   432418    0.43%
   1395   281      816.2018    92      813.1046      816.6381   434997    0.43%
   1410   296      814.5239    92      813.1046      816.6381   440127    0.43%
Elapsed time = 380.41 sec. (409120.05 ticks, tree = 1.99 MB, solutions = 7)
   1433   315      817.2270    74      813.1046      816.6381   445655    0.43%
   1450   332      814.8248    86      813.1046      816.6381   450725    0.43%
   1465   343      817.2093    84      813.1046      816.6381   455720    0.43%
   1474   352      815.7656    86      813.1046      816.6381   458576    0.43%
   1495   369      817.0139    80      813.1046      816.6381   463928    0.43%
   1515   389      814.1134    62      813.1046      816.6381   469181    0.43%
   1534   405      816.5433    68      813.1046      816.6381   473985    0.43%
   1566   431      813.3732    30      813.1046      816.6381   479789    0.43%
   1589   446      815.2465    72      813.1046      816.6381   484654    0.43%
   1610   463      816.7341    84      813.1046      816.6381   489934    0.43%
Elapsed time = 414.24 sec. (448865.96 ticks, tree = 2.38 MB, solutions = 7)
   1625   478      814.8879    82      813.1046      816.6381   494409    0.43%
   1647   496      817.1923    92      813.1046      816.6381   499922    0.43%
   1650   499      816.8708    86      813.1046      816.6381   500740    0.43%
   1667   516      815.0198    94      813.1046      816.6381   505691    0.43%
   1685   533      813.3178    86      813.1046      816.6381   510375    0.43%
   1700   543      815.7249    82      813.1046      816.6381   514761    0.43%
   1719   562      813.7144    80      813.1046      816.6381   519787    0.43%
   1737   576      816.0201    84      813.1046      816.6381   523551    0.43%
   1756   595      814.3806    64      813.1046      816.6381   528291    0.43%
   1770   605      817.1408    82      813.1046      816.6381   532354    0.43%
Elapsed time = 448.33 sec. (490388.17 ticks, tree = 3.42 MB, solutions = 7)
   1785   620      814.8326    78      813.1046      816.6381   537369    0.43%
   1804   638      813.1597    78      813.1046      816.6381   542101    0.43%
   1820   650      815.5061    96      813.1046      816.6381   546506    0.43%
   1840   669      813.6597    84      813.1046      816.6381   551686    0.43%
   1851   676      816.2345    80      813.1046      816.6381   554349    0.43%
   1866   687      816.4512    94      813.1046      816.6381   559541    0.43%
   1884   705      814.5424    86      813.1046      816.6381   564532    0.43%
   1903   719      816.7694    82      813.1046      816.6381   569347    0.43%
   1913   729      814.7040    66      813.1046      816.6381   573715    0.43%
   1934   742      816.9895    76      813.1046      816.6381   579096    0.43%
Elapsed time = 483.22 sec. (530889.26 ticks, tree = 3.81 MB, solutions = 7)
   1950   758      814.5147    76      813.1046      816.6381   583761    0.43%
   1966   770      815.7626    90      813.1046      816.6381   588295    0.43%
   1970   774      815.2781    80      813.1046      816.6381   589424    0.43%
   1984   788      813.3584    64      813.1046      816.6381   593296    0.43%
   2002   802      815.1627    86      813.1046      816.6381   598319    0.43%
   2015   815      813.2476    68      813.1046      816.6381   602118    0.43%
   2032   828      814.8241    60      813.1046      816.6381   606640    0.43%
   2054   844      816.0669    94      813.1046      816.6381   611467    0.43%
   2067   857      814.5186    72      813.1046      816.6381   616403    0.43%
   2085   871      813.8997    66      813.1046      816.6381   622178    0.43%
Elapsed time = 517.21 sec. (570507.14 ticks, tree = 4.28 MB, solutions = 7)
   2120   886      815.8333    78      813.1046      816.6381   627509    0.43%
   2141   907      813.8095    76      813.1046      816.6381   632777    0.43%
   2160   922      815.2510    64      813.1046      816.6381   637469    0.43%
   2177   937      813.2749    60      813.1046      816.6381   641603    0.43%
   2197   953      814.9741    72      813.1046      816.6381   646615    0.43%
   2219   971      816.2316    70      813.1046      816.6381   651624    0.43%
   2245   997      813.2240    46      813.1046      816.6381   657058    0.43%
   2250   998      815.4319    76      813.1046      816.6381   659016    0.43%
   2263  1011      814.0447    50      813.1046      816.6381   663851    0.43%
   2282  1030      813.2071    44      813.1046      816.6381   669438    0.43%
Elapsed time = 551.04 sec. (609786.05 ticks, tree = 4.65 MB, solutions = 7)
   2300  1042      814.9040    88      813.1046      816.6381   674015    0.43%
   2318  1058      813.2868    74      813.1046      816.6381   679098    0.43%
   2332  1069      815.7778    80      813.1046      816.6381   683747    0.43%
   2353  1090      813.6172    60      813.1046      816.6381   688868    0.43%
   2372  1103      814.8239    82      813.1046      816.6381   693615    0.43%
   2388  1113      816.1368    72      813.1046      816.6381   698655    0.43%
   2405  1130      813.7019    76      813.1046      816.6381   703632    0.43%
   2417  1138      815.7137    74      813.1046      816.6381   708262    0.43%
   2433  1154      813.6035    44      813.1046      816.6381   713341    0.43%
   2455  1168      815.1661    76      813.1046      816.6381   718701    0.43%
Elapsed time = 584.42 sec. (649160.63 ticks, tree = 4.90 MB, solutions = 7)
   2493  1198      816.1329    66      813.1046      816.6381   724613    0.43%
*  2500+ 1084                          813.3998      816.6381             0.40%
   2510  1090      815.5670    84      813.3998      816.6381   728716    0.40%
   2523  1103      814.2601    86      813.3998      816.6381   732159    0.40%
   2539  1113      816.4056    68      813.3998      816.6381   735915    0.40%
   2550  1124      815.0468    68      813.3998      816.6381   738483    0.40%
   2575  1145      815.0633    70      813.3998      816.6381   743983    0.40%
   2590  1158      813.9153    54      813.3998      816.6381   748351    0.40%
   2610  1166      814.5070    64      813.3998      816.6381   752955    0.40%
   2627  1179      815.6988    84      813.3998      816.6381   757531    0.40%
   2641  1193      814.1726    72      813.3998      816.6381   761487    0.40%
Elapsed time = 618.98 sec. (690479.09 ticks, tree = 4.68 MB, solutions = 8)
   2658  1204      815.6331    96      813.3998      816.6381   766284    0.40%
   2673  1219      813.9254    58      813.3998      816.6381   770186    0.40%
   2690  1232      815.3785    68      813.3998      816.6381   774661    0.40%
   2711  1249      816.3942    80      813.3998      816.6381   779556    0.40%
   2729  1257      816.8108   102      813.3998      816.6381   784731    0.40%
   2735  1263      816.2026    98      813.3998      816.6381   786854    0.40%
   2750  1278      815.0249    82      813.3998      816.6381   790908    0.40%
   2767  1291      816.4113   106      813.3998      816.6381   795859    0.40%
   2783  1307      815.0875    96      813.3998      816.6381   800628    0.40%
   2802  1322      816.3116    68      813.3998      816.6381   806147    0.40%
Elapsed time = 655.44 sec. (733087.58 ticks, tree = 4.95 MB, solutions = 8)
   2816  1336      814.2204    72      813.3998      816.6381   810014    0.40%
   2830  1346      816.4204    74      813.3998      816.6381   812988    0.40%
   2852  1368      814.2633    58      813.3998      816.6381   818151    0.40%
   2868  1378      814.6109    74      813.3998      816.6381   822903    0.40%
   2879  1389      813.4669    76      813.3998      816.6381   828312    0.40%
   2893  1393      816.0754    98      813.3998      816.6381   832676    0.40%
   2909  1409      814.4147    94      813.3998      816.6381   837340    0.40%
   2918  1414      815.9928    80      813.3998      816.6381   840362    0.40%
   2936  1432      814.3929    78      813.3998      816.6381   845255    0.40%
   2952  1444      815.0069    86      813.3998      816.6381   849845    0.40%
Elapsed time = 691.93 sec. (776351.77 ticks, tree = 5.31 MB, solutions = 8)
   2973  1459      816.1246    58      813.3998      816.6381   854719    0.40%
   3001  1483      813.7300    48      813.3998      816.6381   859693    0.40%
   3011  1489      814.9306    70      813.3998      816.6381   862726    0.40%
   3030  1502      813.5885    34      813.3998      816.6381   867690    0.40%
   3049  1515      814.3103    68      813.3998      816.6381   872392    0.40%
   3071  1531      816.0575    76      813.3998      816.6381   876447    0.40%
   3093  1553      813.9863    62      813.3998      816.6381   881580    0.40%
   3110  1566      814.5431    80      813.3998      816.6381   886437    0.40%
   3129  1579      816.0860    86      813.3998      816.6381   890689    0.40%
   3132  1582      815.2977    94      813.3998      816.6381   891780    0.40%
Elapsed time = 725.00 sec. (815637.43 ticks, tree = 5.61 MB, solutions = 8)
   3150  1588      816.4877    90      813.3998      816.6381   896834    0.40%
   3165  1603      814.8862    92      813.3998      816.6381   901671    0.40%
   3174  1612      813.4271    66      813.3998      816.6381   904614    0.40%
   3189  1623      814.6934    72      813.3998      816.6381   908753    0.40%
   3209  1639      814.7390    64      813.3998      816.6381   913929    0.40%
   3224  1648      815.4396    82      813.3998      816.6381   917629    0.40%
   3243  1665      813.7685    80      813.3998      816.6381   922688    0.40%
   3258  1676      815.1238    64      813.3998      816.6381   927496    0.40%
   3274  1688      815.0248    82      813.3998      816.6381   932755    0.40%
   3298  1706      816.1509    60      813.3998      816.6381   937882    0.40%
Elapsed time = 759.03 sec. (855765.77 ticks, tree = 5.81 MB, solutions = 8)
   3317  1723        cutoff            813.3998      816.6381   942652    0.40%
   3330  1730      815.9798    74      813.3998      816.6381   945462    0.40%
   3354  1750      816.1256    76      813.3998      816.6381   950848    0.40%
   3373  1769      814.0108    60      813.3998      816.6381   955640    0.40%
   3391  1781      815.6805    70      813.3998      816.6381   960169    0.40%
   3406  1796      814.7139    72      813.3998      816.6381   965108    0.40%
   3424  1808      816.0038    92      813.3998      816.6381   969738    0.40%
   3440  1824      814.4124    94      813.3998      816.6381   974567    0.40%
   3456  1836      815.6428    86      813.3998      816.6381   979030    0.40%
   3477  1855      813.6374    72      813.3998      816.6381   984275    0.40%
Elapsed time = 793.62 sec. (895959.85 ticks, tree = 6.13 MB, solutions = 8)
   3496  1870      815.0586    70      813.3998      816.6381   989135    0.40%
   3516  1886      815.3526    68      813.3998      816.6381   994047    0.40%
   3539  1906      816.1529    72      813.3998      816.6381   999027    0.40%
   3559  1924      813.7361    22      813.3998      816.6381  1004125    0.40%
   3580  1939      814.2883    72      813.3998      816.6381  1008802    0.40%
   3602  1955      815.3437    88      813.3998      816.6381  1013626    0.40%
   3611  1964      814.7343    78      813.3998      816.6381  1015689    0.40%
   3634  1981      815.9915    80      813.3998      816.6381  1020813    0.40%
   3657  2004      813.7089    58      813.3998      816.6381  1026117    0.40%
   3676  2017      814.8594    88      813.3998      816.6381  1031021    0.40%
Elapsed time = 826.59 sec. (935148.73 ticks, tree = 6.48 MB, solutions = 8)
   3693  2030      815.7972    72      813.3998      816.6381  1035439    0.40%
   3707  2044      814.9177    64      813.3998      816.6381  1040037    0.40%
   3722  2053      816.0399    48      813.3998      816.6381  1044414    0.40%
   3750  2077      815.7915    64      813.3998      816.6381  1049570    0.40%
   3770  2097      813.8430    68      813.3998      816.6381  1053733    0.40%
   3795  2116      815.0036    70      813.3998      816.6381  1058791    0.40%
   3817  2134      815.2516    60      813.3998      816.6381  1063716    0.40%
   3840  2151      815.7693    76      813.3998      816.6381  1068721    0.40%
   3851  2162      814.5078    74      813.3998      816.6381  1073543    0.40%
   3864  2175      813.6134    72      813.3998      816.6381  1078086    0.40%
Elapsed time = 859.92 sec. (974561.50 ticks, tree = 6.90 MB, solutions = 8)
   3880  2185      814.5981    78      813.3998      816.6381  1082670    0.40%
   3901  2202      815.4686    72      813.3998      816.6381  1087535    0.40%
   3925  2225      813.4044    56      813.3998      816.6381  1092630    0.40%
   3934  2232      814.6616    66      813.3998      816.6381  1094987    0.40%
   3953  2247      816.1098    90      813.3998      816.6381  1099576    0.40%
   3971  2265      814.4268    84      813.3998      816.6381  1104390    0.40%
   3988  2278      814.2669    50      813.3998      816.6381  1109510    0.40%
   4007  2291      813.6607    60      813.3998      816.6381  1114564    0.40%
   4028  2306      814.8754    76      813.3998      816.6381  1119130    0.40%
   4052  2324      815.9039    72      813.3998      816.6381  1124361    0.40%
Elapsed time = 893.17 sec. (1013863.51 ticks, tree = 7.23 MB, solutions = 8)
   4079  2345      816.1349    58      813.3998      816.6381  1130027    0.40%
   4090  2356      814.6132    58      813.3998      816.6381  1132549    0.40%
   4113  2373      815.4424    64      813.3998      816.6381  1137260    0.40%
   4127  2383      815.4223    76      813.3998      816.6381  1141608    0.40%
   4146  2394      815.7741    88      813.3998      816.6381  1146343    0.40%
   4165  2411        cutoff            813.3998      816.6381  1151328    0.40%
   4181  2423      815.3191    96      813.3998      816.6381  1155969    0.40%
   4201  2443      813.8363    84      813.3998      816.6381  1160845    0.40%
   4217  2455      813.9317    72      813.3998      816.6381  1165456    0.40%
   4240  2474      814.3391    48      813.3998      816.6381  1170503    0.40%
Elapsed time = 926.13 sec. (1053793.08 ticks, tree = 7.55 MB, solutions = 8)
   4269  2495      815.3518    68      813.3998      816.6381  1175379    0.40%
   4287  2509      813.6619    40      813.3998      816.6381  1180453    0.40%
   4309  2525      814.8530    76      813.3998      816.6381  1185559    0.40%
   4330  2542      815.2674    72      813.3998      816.6381  1190190    0.40%
   4350  2558      815.8030    86      813.3998      816.6381  1195370    0.40%
   4372  2578      814.1784    66      813.3998      816.6381  1200503    0.40%
   4392  2594      815.2852    66      813.3998      816.6381  1205026    0.40%
   4416  2612      816.1748    86      813.3998      816.6381  1210359    0.40%
   4428  2624      814.1717    58      813.3998      816.6381  1214906    0.40%
   4443  2635      813.9086    70      813.3998      816.6381  1219497    0.40%
Elapsed time = 960.20 sec. (1093912.48 ticks, tree = 7.91 MB, solutions = 8)
   4460  2646      815.2052    92      813.3998      816.6381  1224154    0.40%
   4480  2662      815.9262    86      813.3998      816.6381  1229128    0.40%
   4501  2683      813.6487    56      813.3998      816.6381  1234037    0.40%
   4521  2699      813.9135    64      813.3998      816.6381  1239104    0.40%
   4547  2721      813.7676    36      813.3998      816.6381  1244026    0.40%
   4572  2732      815.3502    62      813.3998      816.6381  1249003    0.40%
   4595  2751      815.9928    82      813.3998      816.6381  1253990    0.40%
   4613  2769      814.0030    72      813.3998      816.6381  1258806    0.40%
   4631  2781      813.8767    46      813.3998      816.6381  1263320    0.40%
   4649  2795      814.4903    80      813.3998      816.6381  1268401    0.40%
Elapsed time = 993.43 sec. (1133285.67 ticks, tree = 8.20 MB, solutions = 8)
   4665  2805      815.6152    70      813.3998      816.6381  1272425    0.40%
   4680  2820      813.7947    44      813.3998      816.6381  1276806    0.40%
   4705  2837      814.2799    52      813.3998      816.6381  1281352    0.40%
   4725  2851      815.5311    92      813.3998      816.6381  1285990    0.40%
   4740  2866      814.0475    86      813.3998      816.6381  1290128    0.40%
   4762  2882      814.2777    62      813.3998      816.6381  1295041    0.40%
   4780  2896      815.4109   106      813.3998      816.6381  1299718    0.40%
   4799  2913        cutoff            813.3998      816.6381  1304565    0.40%
   4813  2923        cutoff            813.3998      816.6381  1308923    0.40%
   4832  2936      814.4234    76      813.3998      816.6381  1313640    0.40%
Elapsed time = 1025.09 sec. (1172333.54 ticks, tree = 8.51 MB, solutions = 8)
   4857  2957      814.4348    68      813.3998      816.6381  1318818    0.40%
   4880  2976      814.6060    70      813.3998      816.6381  1324014    0.40%
   4902  2994      815.5959    82      813.3998      816.6381  1329107    0.40%
   4922  3013      813.4474    62      813.3998      816.6381  1333669    0.40%
   4939  3022      815.0570    72      813.3998      816.6381  1338126    0.40%
   4959  3038      815.4807    70      813.3998      816.6381  1342998    0.40%
   4982  3057      816.1086    70      813.3998      816.6381  1348258    0.40%
   5004  3079      814.0888    64      813.3998      816.6381  1353140    0.40%
   5024  3093      814.3599    84      813.3998      816.6381  1358100    0.40%
   5042  3107      814.3087    58      813.3998      816.6367  1362840    0.40%
Elapsed time = 1058.80 sec. (1211773.30 ticks, tree = 8.83 MB, solutions = 8)
   5059  3114      815.2154    88      813.3998      816.6314  1367391    0.40%
   5078  3129      815.4460    64      813.3998      816.6197  1372394    0.40%
   5097  3142      815.2631    76      813.3998      816.6191  1377022    0.40%
   5118  3157      816.1489    68      813.3998      816.6179  1381941    0.40%
   5142  3181      813.4896    50      813.3998      816.6179  1387084    0.40%
   5158  3189      813.4503    50      813.3998      816.6174  1391663    0.40%
   5173  3200      814.2047    88      813.3998      816.6171  1396267    0.40%
   5192  3215      814.9392    72      813.3998      816.6117  1401115    0.39%
   5211  3228      816.0417    70      813.3998      816.6091  1405654    0.39%
   5233  3250      813.8631    64      813.3998      816.6091  1410707    0.39%
Elapsed time = 1091.75 sec. (1251164.34 ticks, tree = 9.11 MB, solutions = 8)
   5254  3267      814.6366    76      813.3998      816.6082  1415690    0.39%
   5273  3282      815.1503    62      813.3998      816.6040  1420377    0.39%
   5294  3293      815.7225    58      813.3998      816.6022  1425362    0.39%
   5319  3314      815.7331    58      813.3998      816.6021  1430473    0.39%
   5343  3334      815.5238    64      813.3998      816.5974  1435877    0.39%
   5362  3349      815.4607    66      813.3998      816.5771  1440882    0.39%
   5385  3368      815.2786    60      813.3998      816.5770  1446137    0.39%
   5407  3382      815.6995   100      813.3998      816.5756  1451113    0.39%
   5425  3400      814.2105    84      813.3998      816.5756  1455961    0.39%
   5442  3413      815.3054    58      813.3998      816.5695  1460248    0.39%
Elapsed time = 1124.64 sec. (1290810.86 ticks, tree = 9.47 MB, solutions = 8)
   5462  3427      815.6668    82      813.3998      816.5687  1464660    0.39%
   5480  3445      813.9763    66      813.3998      816.5687  1469489    0.39%
   5504  3465      814.0822    54      813.3998      816.5624  1474561    0.39%
   5522  3479      814.2783    62      813.3998      816.5465  1479255    0.39%
   5537  3488      814.7009    78      813.3998      816.5335  1483759    0.39%
   5560  3507      815.8494    80      813.3998      816.5242  1488670    0.38%
   5580  3527      813.8458    66      813.3998      816.5242  1493694    0.38%
   5605  3548      814.7689    76      813.3998      816.5188  1498733    0.38%
   5623  3562      815.0461    68      813.3998      816.5172  1503345    0.38%
   5642  3577      814.8995    52      813.3998      816.5171  1508512    0.38%
Elapsed time = 1157.71 sec. (1330010.13 ticks, tree = 9.83 MB, solutions = 8)
   5665  3592      815.9096    62      813.3998      816.5167  1513426    0.38%
   5686  3611        cutoff            813.3998      816.5167  1518062    0.38%
   5709  3632      813.5453    50      813.3998      816.5110  1522749    0.38%
   5730  3649      814.3504    70      813.3998      816.5037  1527693    0.38%
   5750  3663      814.6990    70      813.3998      816.4952  1532344    0.38%
   5768  3677      814.9207    58      813.3998      816.4869  1536667    0.38%
   5790  3694      813.4013    28      813.3998      816.4869  1541708    0.38%
   5808  3710      813.4862    74      813.3998      816.4817  1546716    0.38%
   5831  3729      813.8285    50      813.3998      816.4793  1551735    0.38%
   5852  3746      814.9267    56      813.3998      816.4787  1555511    0.38%
Elapsed time = 1187.84 sec. (1368899.57 ticks, tree = 10.21 MB, solutions = 8)
   5874  3764      815.8995    88      813.3998      816.4777  1559508    0.38%
   5891  3781      814.4108    82      813.3998      816.4777  1564206    0.38%
   5909  3795      814.8944    56      813.3998      816.4773  1568602    0.38%
   5924  3806      816.1785    82      813.3998      816.4772  1573428    0.38%
   5942  3824      814.3367    82      813.3998      816.4772  1578282    0.38%
   5964  3840      814.3153    72      813.3998      816.4760  1583426    0.38%
   5981  3853      814.7017    84      813.3998      816.4700  1587917    0.38%
   6000  3868      815.9832    72      813.3998      816.4597  1592370    0.38%
   6023  3889      813.5291    66      813.3998      816.4597  1597603    0.38%
   6036  3898      814.4422    76      813.3998      816.4582  1602281    0.38%
Elapsed time = 1217.80 sec. (1408139.72 ticks, tree = 10.51 MB, solutions = 8)
   6049  3905      814.9674    68      813.3998      816.4503  1606744    0.38%
   6066  3916      815.5131    74      813.3998      816.4487  1611393    0.37%
   6086  3936      813.5823    64      813.3998      816.4487  1616149    0.37%
   6101  3947      814.5961    86      813.3998      816.4486  1620493    0.37%
   6119  3962      815.4438    70      813.3998      816.4477  1624655    0.37%
   6142  3985      813.4175    64      813.3998      816.4477  1628476    0.37%
   6158  3995      813.8521    42      813.3998      816.4437  1631685    0.37%
   6180  4005      815.3844    66      813.3998      816.4432  1635054    0.37%
   6200  4021      815.7065    56      813.3998      816.4374  1638372    0.37%
   6229  4048      813.4471    46      813.3998      816.4374  1642068    0.37%
Elapsed time = 1248.82 sec. (1447790.01 ticks, tree = 11.83 MB, solutions = 8)
   6243  4058      814.4903    84      813.3998      816.4366  1645507    0.37%
   6257  4068      815.1978    76      813.3998      816.4361  1648024    0.37%
   6279  4086      815.3090    70      813.3998      816.4288  1652046    0.37%
   6292  4095        cutoff            813.3998      816.4288  1655431    0.37%
   6317  4112      814.7712    78      813.3998      816.4275  1658927    0.37%
   6346  4137      814.1557    44      813.3998      816.4204  1662659    0.37%
   6377  4162      814.5256    56      813.3998      816.4146  1666207    0.37%
   6398  4179      814.8509    72      813.3998      816.4110  1669648    0.37%
   6419  4196      814.1470    66      813.3998      816.4087  1673225    0.37%
   6433  4210      813.4537    58      813.3998      816.4087  1676486    0.37%
Elapsed time = 1280.45 sec. (1487539.14 ticks, tree = 16.19 MB, solutions = 8)
   6449  4222      814.6266    74      813.3998      816.4030  1679596    0.37%
   6472  4241      815.2373    60      813.3998      816.4015  1682703    0.37%
   6498  4263      815.9654    74      813.3998      816.3996  1686075    0.37%
   6516  4281      814.1592    70      813.3998      816.3996  1689637    0.37%
   6536  4295      813.7844    14      813.3998      816.3989  1693370    0.37%
   6560  4309      815.2005    54      813.3998      816.3950  1696563    0.37%
   6583  4328      815.4304    88      813.3998      816.3933  1700385    0.37%
   6603  4344        cutoff            813.3998      816.3933  1704011    0.37%
   6622  4363      813.4252    78      813.3998      816.3931  1707551    0.37%
   6644  4381      813.7030    84      813.3998      816.3899  1710974    0.37%
Elapsed time = 1311.88 sec. (1526750.41 ticks, tree = 19.65 MB, solutions = 8)
   6652  4385      814.9081    60      813.3998      816.3843  1712830    0.37%
   6666  4399      813.5553    40      813.3998      816.3843  1716715    0.37%
   6693  4418      813.4645    54      813.3998      816.3817  1720233    0.37%
   6710  4431      814.4188    68      813.3998      816.3798  1723614    0.37%
   6731  4448      814.1171    84      813.3998      816.3772  1726977    0.37%
   6748  4461      815.2276    92      813.3998      816.3726  1730678    0.37%
   6768  4477        cutoff            813.3998      816.3726  1734085    0.37%
   6787  4496      814.2056    38      813.3998      816.3725  1737759    0.37%
   6817  4512      814.2151    62      813.3998      816.3687  1740866    0.36%
   6834  4525      814.2929    68      813.3998      816.3671  1744279    0.36%
Elapsed time = 1343.54 sec. (1565977.51 ticks, tree = 23.15 MB, solutions = 8)
   6860  4547      814.4733    80      813.3998      816.3667  1747884    0.36%
   6884  4565      815.1421    72      813.3998      816.3615  1751007    0.36%
   6904  4581      815.0617    50      813.3998      816.3613  1754802    0.36%
   6914  4591      814.2677    56      813.3998      816.3613  1758414    0.36%
   6941  4608        cutoff            813.3998      816.3539  1761966    0.36%
   6959  4626      814.0153    76      813.3998      816.3536  1765899    0.36%
   6983  4636      815.6982    90      813.3998      816.3468  1769379    0.36%
   7017  4670      813.6212    62      813.3998      816.3468  1773222    0.36%
   7026  4675      814.4611    64      813.3998      816.3408  1776649    0.36%
   7037  4686      814.1612    62      813.3998      816.3408  1780315    0.36%
Elapsed time = 1376.16 sec. (1605505.66 ticks, tree = 26.58 MB, solutions = 8)
   7052  4697      815.1653    60      813.3998      816.3374  1783013    0.36%
   7072  4713      814.9861    78      813.3998      816.3321  1786301    0.36%
   7098  4735      813.4265    64      813.3998      816.3321  1789917    0.36%
   7117  4750      813.7528    66      813.3998      816.3294  1793355    0.36%
   7131  4758      814.5085    96      813.3998      816.3276  1796923    0.36%
   7152  4775      815.7754   102      813.3998      816.3227  1800411    0.36%
   7166  4789      814.4845    74      813.3998      816.3227  1804641    0.36%
   7183  4802        cutoff            813.3998      816.3227  1808652    0.36%
   7210  4821      813.6175    58      813.3998      816.3216  1812045    0.36%
   7223  4830      814.3197    70      813.3998      816.3112  1815484    0.36%
Elapsed time = 1408.52 sec. (1644534.65 ticks, tree = 29.98 MB, solutions = 8)
   7247  4850      814.5612    52      813.3998      816.3109  1818777    0.36%
   7276  4875      814.1732    72      813.3998      816.3108  1822388    0.36%
   7287  4880      815.0274    64      813.3998      816.3049  1825410    0.36%
   7305  4892      815.1944    70      813.3998      816.3026  1829245    0.36%
   7327  4910      815.0642    66      813.3998      816.3002  1832476    0.36%
   7345  4922      815.2594    86      813.3998      816.2943  1836036    0.36%
   7366  4941      813.7886    88      813.3998      816.2943  1839621    0.36%
   7390  4961      813.6245    50      813.3998      816.2895  1842728    0.36%
   7403  4968      813.5695    74      813.3998      816.2764  1845960    0.35%
   7417  4976      814.5566    76      813.3998      816.2762  1849709    0.35%
Elapsed time = 1440.82 sec. (1683668.24 ticks, tree = 34.44 MB, solutions = 8)
   7438  4991      815.3277    56      813.3998      816.2753  1852634    0.35%
   7456  5005      814.9654    72      813.3998      816.2733  1855226    0.35%
   7483  5028      814.5352    64      813.3998      816.2691  1858935    0.35%
   7501  5040      813.8343    50      813.3998      816.2669  1862238    0.35%
   7526  5055      814.4224    56      813.3998      816.2669  1865168    0.35%
   7548  5071      815.2402    88      813.3998      816.2646  1868881    0.35%
   7565  5084      815.4289    76      813.3998      816.2608  1872127    0.35%
   7589  5102      815.3146    80      813.3998      816.2585  1875891    0.35%
   7608  5117      815.7428    98      813.3998      816.2573  1879511    0.35%
   7618  5125      813.4339    58      813.3998      816.2573  1883281    0.35%
Elapsed time = 1473.14 sec. (1722679.29 ticks, tree = 38.38 MB, solutions = 8)
   7630  5129      815.2644    94      813.3998      816.2516  1886709    0.35%
   7648  5143      815.3157    70      813.3998      816.2492  1890380    0.35%
   7674  5165      814.5469    66      813.3998      816.2457  1893911    0.35%
   7701  5188      814.7411    60      813.3998      816.2395  1897557    0.35%
   7722  5203      815.3010    70      813.3998      816.2382  1901103    0.35%
   7741  5212      815.8531    74      813.3998      816.2374  1904648    0.35%
   7767  5234      815.7991    84      813.3998      816.2374  1908212    0.35%
   7793  5258      813.7351    58      813.3998      816.2374  1911878    0.35%
   7809  5270      813.9896    68      813.3998      816.2358  1915439    0.35%
   7830  5285      814.0570    66      813.3998      816.2344  1919075    0.35%
Elapsed time = 1506.55 sec. (1761991.60 ticks, tree = 41.99 MB, solutions = 8)
   7843  5294      815.2936    80      813.3998      816.2336  1922033    0.35%
   7858  5305      815.3954    88      813.3998      816.2319  1925723    0.35%
   7882  5329      813.5620    62      813.3998      816.2319  1929200    0.35%
   7906  5345      815.3045    68      813.3998      816.2316  1933519    0.35%
   7928  5363      815.3723    78      813.3998      816.2316  1936975    0.35%
   7959  5390      815.1226    60      813.3998      816.2283  1940707    0.35%
   7984  5407      815.1751    78      813.3998      816.2268  1943946    0.35%
   8005  5424      814.9814    66      813.3998      816.2257  1947912    0.35%
   8026  5441      814.8480    92      813.3998      816.2250  1951524    0.35%
   8048  5461      813.5422    70      813.3998      816.2250  1955047    0.35%
Elapsed time = 1540.81 sec. (1802359.13 ticks, tree = 46.49 MB, solutions = 8)
   8077  5482      815.7375    52      813.3998      816.2225  1958697    0.35%
   8087  5492      814.5556    44      813.3998      816.2225  1961854    0.35%
   8102  5501      815.0857    84      813.3998      816.2213  1965130    0.35%
   8120  5515      815.1177   102      813.3998      816.2164  1968607    0.35%
   8143  5536      813.6340    78      813.3998      816.2164  1972396    0.35%
   8164  5551      813.4240    46      813.3998      816.2154  1975807    0.35%
   8183  5564        cutoff            813.3998      816.2150  1979303    0.35%
   8203  5580      813.4597    12      813.3998      816.2145  1982714    0.35%
   8225  5592      815.3140    66      813.3998      816.2126  1986651    0.35%
   8246  5609      814.9781    70      813.3998      816.2119  1990160    0.35%
Elapsed time = 1573.95 sec. (1842032.01 ticks, tree = 50.00 MB, solutions = 8)
   8256  5619      813.7245    70      813.3998      816.2119  1992359    0.35%
   8275  5634      814.8195    60      813.3998      816.2052  1995609    0.34%
   8292  5647      814.2069    64      813.3998      816.2043  1999417    0.34%
   8316  5660      815.4242    74      813.3998      816.2041  2002452    0.34%
   8338  5676      815.0220    70      813.3998      816.2024  2006454    0.34%
   8356  5690      815.0262    80      813.3998      816.2011  2010298    0.34%
   8376  5704      815.0700    66      813.3998      816.1997  2013968    0.34%
   8397  5719      814.0113    52      813.3998      816.1996  2017657    0.34%
   8413  5733      813.4022     8      813.3998      816.1996  2020966    0.34%
   8444  5754      815.6033    68      813.3998      816.1936  2024192    0.34%
Elapsed time = 1607.93 sec. (1882279.20 ticks, tree = 54.43 MB, solutions = 8)
   8468  5774      815.7147    56      813.3998      816.1933  2027980    0.34%
   8490  5792      815.4776    50      813.3998      816.1924  2031444    0.34%
   8518  5814      815.7313    78      813.3998      816.1877  2035542    0.34%
   8534  5830      813.9327    60      813.3998      816.1877  2039659    0.34%
   8554  5843      814.9348    66      813.3998      816.1859  2043313    0.34%
   8574  5859      814.6230    70      813.3998      816.1816  2047154    0.34%
   8597  5876      815.6257    72      813.3998      816.1774  2050276    0.34%
   8626  5899      814.7710    66      813.3998      816.1767  2053994    0.34%
   8644  5913      814.4638    66      813.3998      816.1737  2058088    0.34%
   8667  5930      813.5005    46      813.3998      816.1737  2061408    0.34%
Elapsed time = 1642.97 sec. (1922565.62 ticks, tree = 58.14 MB, solutions = 8)
   8690  5943      816.1322    84      813.3998      816.1704  2064695    0.34%
   8710  5963      814.0861    74      813.3998      816.1704  2068570    0.34%
   8735  5982      814.4070    64      813.3998      816.1688  2072385    0.34%
   8757  6000      814.0562    84      813.3998      816.1685  2076032    0.34%
   8770  6009      814.2554    72      813.3998      816.1674  2079594    0.34%
   8790  6017      814.9145    52      813.3998      816.1673  2082644    0.34%
   8810  6033      814.6819    64      813.3998      816.1672  2086109    0.34%
   8833  6050      814.6542    76      813.3998      816.1625  2089445    0.34%
   8855  6068      814.0871    76      813.3998      816.1592  2092950    0.34%
   8871  6080      813.9794    42      813.3998      816.1589  2096887    0.34%
Elapsed time = 1676.85 sec. (1961917.28 ticks, tree = 60.81 MB, solutions = 8)
   8886  6091      814.8904    84      813.3998      816.1535  2100391    0.34%
   8912  6111      815.1548    76      813.3998      816.1529  2105054    0.34%
   8932  6127      815.6640    80      813.3998      816.1522  2108536    0.34%
   8954  6145      815.6634    72      813.3998      816.1514  2111998    0.34%
   8977  6162      815.0402    72      813.3998      816.1488  2115747    0.34%
   8992  6177      813.9598    72      813.3998      816.1488  2119401    0.34%
   9019  6192      815.7860    54      813.3998      816.1453  2123056    0.34%
   9041  6210      815.4930    72      813.3998      816.1443  2126375    0.34%
   9065  6230      815.1860    74      813.3998      816.1439  2129897    0.34%
   9086  6245      815.3876    62      813.3998      816.1432  2134006    0.34%
Elapsed time = 1711.35 sec. (2002815.80 ticks, tree = 64.08 MB, solutions = 8)
   9100  6259      813.4370    44      813.3998      816.1432  2138148    0.34%
   9125  6274      815.5665    64      813.3998      816.1409  2141408    0.34%
   9153  6296      815.0117    62      813.3998      816.1365  2145728    0.34%
   9171  6308      814.9193    68      813.3998      816.1349  2148893    0.34%
   9188  6319      814.0150    36      813.3998      816.1328  2152596    0.34%
   9206  6333      813.9604    46      813.3998      816.1326  2155727    0.34%
   9234  6355      813.4899    46      813.3998      816.1318  2159519    0.34%
   9250  6363      815.2470    88      813.3998      816.1284  2163229    0.34%
   9277  6384      815.1969    84      813.3998      816.1274  2167033    0.34%
   9286  6391      813.5137    66      813.3998      816.1274  2170079    0.34%
Elapsed time = 1744.92 sec. (2042881.54 ticks, tree = 67.44 MB, solutions = 8)
   9312  6407      815.2756    82      813.3998      816.1245  2173861    0.33%
   9338  6431      813.8711    68      813.3998      816.1245  2177688    0.33%
   9360  6449      814.0771    76      813.3998      816.1231  2181092    0.33%
   9377  6460      814.6947    62      813.3998      816.1223  2184581    0.33%
   9396  6475      815.2148    60      813.3998      816.1219  2187915    0.33%
   9424  6499      813.6920    52      813.3998      816.1201  2191572    0.33%
   9444  6513      813.4046    40      813.3998      816.1195  2195061    0.33%
   9469  6532      813.6485    70      813.3998      816.1155  2198408    0.33%
   9493  6552      813.9771    68      813.3998      816.1154  2201827    0.33%
   9502  6557      813.8133    60      813.3998      816.1151  2205443    0.33%
Elapsed time = 1778.79 sec. (2082803.46 ticks, tree = 71.39 MB, solutions = 8)
   9521  6568      815.6478    76      813.3998      816.1144  2209279    0.33%
   9549  6591      815.1732    46      813.3998      816.1105  2213078    0.33%
   9573  6607      813.4035    42      813.3998      816.1099  2216467    0.33%
   9600  6624      815.5596    84      813.3998      816.1061  2220657    0.33%
   9615  6636      814.5809    70      813.3998      816.1057  2224052    0.33%
   9641  6656      814.7656    64      813.3998      816.1043  2227611    0.33%
   9660  6669      815.2097    74      813.3998      816.1032  2231090    0.33%
   9686  6689        cutoff            813.3998      816.1032  2234755    0.33%
   9697  6700      813.7653    66      813.3998      816.1021  2238035    0.33%
   9715  6708        cutoff            813.3998      816.1016  2241335    0.33%
Elapsed time = 1813.25 sec. (2123786.28 ticks, tree = 74.63 MB, solutions = 8)
   9734  6720      815.1464    74      813.3998      816.0991  2244893    0.33%
   9758  6742      813.6277    66      813.3998      816.0991  2248449    0.33%
   9785  6759      815.2844    44      813.3998      816.0965  2251665    0.33%
   9800  6770      813.5931    64      813.3998      816.0964  2255179    0.33%
   9816  6782      814.8953    80      813.3998      816.0960  2258607    0.33%
   9840  6802      815.0234    74      813.3998      816.0950  2262317    0.33%
   9857  6813      814.9797    86      813.3998      816.0931  2266757    0.33%
   9873  6825      814.8593    78      813.3998      816.0902  2270031    0.33%
   9896  6840      813.6348    52      813.3998      816.0888  2274023    0.33%
   9910  6848      813.6228    28      813.3998      816.0854  2277426    0.33%
Elapsed time = 1847.40 sec. (2163919.13 ticks, tree = 78.09 MB, solutions = 8)
   9936  6868      813.9353    68      813.3998      816.0852  2281079    0.33%
   9968  6892      815.2999    62      813.3998      816.0818  2284428    0.33%
   9988  6908      813.9368    40      813.3998      816.0815  2288351    0.33%
  10013  6925        cutoff            813.3998      816.0815  2291857    0.33%
  10046  6948      815.5166    66      813.3998      816.0786  2295337    0.33%
  10069  6965      815.2529    54      813.3998      816.0751  2299219    0.33%
  10087  6979      814.8067    78      813.3998      816.0727  2302362    0.33%
  10106  6994      814.9016    36      813.3998      816.0716  2305802    0.33%
  10121  7009      814.2131    38      813.3998      816.0716  2309120    0.33%
  10150  7030      814.3314    76      813.3998      816.0713  2312696    0.33%
Elapsed time = 1880.51 sec. (2203046.58 ticks, tree = 82.66 MB, solutions = 8)
  10173  7049      813.5668    62      813.3998      816.0709  2316350    0.33%
  10190  7060      814.5901    80      813.3998      816.0688  2319938    0.33%
  10209  7075      814.1360    84      813.3998      816.0678  2323633    0.33%
  10225  7085      814.3907    50      813.3998      816.0663  2327161    0.33%
  10250  7100      814.1058    70      813.3998      816.0649  2330535    0.33%
  10269  7113      814.7169    80      813.3998      816.0633  2334370    0.33%
  10292  7132      814.2321    64      813.3998      816.0609  2337763    0.33%
  10323  7157      814.2273    60      813.3998      816.0607  2341396    0.33%
  10345  7171      814.6654    88      813.3998      816.0602  2344332    0.33%
  10361  7177      814.4733    56      813.3998      816.0583  2347428    0.33%
Elapsed time = 1914.88 sec. (2243481.89 ticks, tree = 86.46 MB, solutions = 8)
  10383  7195      814.5645    92      813.3998      816.0581  2351301    0.33%
  10406  7212      815.3829    68      813.3998      816.0573  2354743    0.33%
  10432  7234      815.2580    66      813.3998      816.0559  2358206    0.33%
  10453  7251      814.1346    62      813.3998      816.0556  2362363    0.33%
  10486  7270      815.2744    88      813.3998      816.0542  2366594    0.33%
  10505  7285      814.9147    94      813.3998      816.0532  2370409    0.33%
  10527  7305      813.4432    72      813.3998      816.0532  2374039    0.33%
  10553  7321      815.1219    78      813.3998      816.0511  2377445    0.33%
  10566  7330      815.6893    80      813.3998      816.0497  2381159    0.33%
  10590  7348      815.0431    64      813.3998      816.0493  2384997    0.33%
Elapsed time = 1949.94 sec. (2284454.17 ticks, tree = 91.90 MB, solutions = 8)
  10614  7368      815.1733    58      813.3998      816.0473  2388569    0.33%
  10639  7387      815.3115    76      813.3998      816.0443  2392042    0.33%
* 10650+ 6493                          813.7360      816.0443             0.28%
  10650  6493        cutoff            813.7360      816.0443  2394034    0.28%
  10651  6494      815.6765    42      813.7360      816.0434  2394539    0.28%
  10652  6495      814.7691    56      813.7360      816.0409  2394946    0.28%
  10666  6509      814.1968    88      813.7360      816.0408  2398613    0.28%
  10688  6523      814.8749    82      813.7360      816.0350  2401916    0.28%
  10707  6536        cutoff            813.7360      816.0343  2405348    0.28%
  10727  6546      815.1635    66      813.7360      816.0331  2408958    0.28%
  10747  6560      814.9279    78      813.7360      816.0294  2412793    0.28%
Elapsed time = 2014.47 sec. (2360433.95 ticks, tree = 82.71 MB, solutions = 9)
  10765  6572      815.0943    72      813.7360      816.0293  2415940    0.28%
  10781  6584      813.9108    76      813.7360      816.0291  2419781    0.28%
  10803  6596      814.9489    75      813.7360      816.0277  2422947    0.28%
  10833  6620      814.7429    48      813.7360      816.0259  2426064    0.28%
  10853  6636      814.2002    58      813.7360      816.0241  2429083    0.28%
  10870  6645      813.8285    68      813.7360      816.0233  2432215    0.28%
  10888  6657      813.7457    74      813.7360      816.0233  2435824    0.28%
  10904  6665      814.9965    70      813.7360      816.0153  2438836    0.28%
  10930  6687      814.2215    54      813.7360      816.0138  2442282    0.28%
  10957  6704      815.0692    50      813.7360      816.0122  2446402    0.28%
Elapsed time = 2047.38 sec. (2401135.77 ticks, tree = 85.53 MB, solutions = 9)
  10978  6717      815.3360    42      813.7360      816.0121  2449658    0.28%
  11008  6741      813.9958    52      813.7360      816.0110  2453136    0.28%
  11024  6747      815.4840    72      813.7360      816.0102  2456710    0.28%
  11044  6763      814.7845    60      813.7360      816.0085  2459974    0.28%
  11059  6770      815.7403    80      813.7360      816.0085  2462261    0.28%
  11083  6790      815.5586    86      813.7360      816.0059  2466040    0.28%
  11101  6804      814.7019    80      813.7360      816.0055  2469972    0.28%
  11125  6824      815.1024    60      813.7360      816.0042  2473282    0.28%
  11148  6839        cutoff            813.7360      816.0028  2476628    0.28%
  11166  6851      815.0528    60      813.7360      816.0009  2480268    0.28%
Elapsed time = 2080.17 sec. (2440790.20 ticks, tree = 89.38 MB, solutions = 9)
  11187  6866      814.8786    84      813.7360      816.0004  2484102    0.28%
  11210  6883      814.3763    64      813.7360      815.9998  2487265    0.28%
  11224  6893      814.0671    64      813.7360      815.9982  2490653    0.28%
  11250  6905      814.8822    92      813.7360      815.9963  2495366    0.28%
  11271  6922      814.6071    82      813.7360      815.9953  2498948    0.28%
  11302  6943      814.6253    54      813.7360      815.9927  2503195    0.28%
  11330  6959      815.2272    72      813.7360      815.9902  2506771    0.28%
  11351  6976      815.4273    56      813.7360      815.9894  2510318    0.28%
  11376  6997      814.8299    58      813.7360      815.9869  2513902    0.28%
  11395  7010      814.1898    60      813.7360      815.9863  2517909    0.28%
Elapsed time = 2115.86 sec. (2482222.46 ticks, tree = 93.33 MB, solutions = 9)
  11416  7023      814.6371    64      813.7360      815.9841  2521402    0.28%
  11433  7036      814.2898    80      813.7360      815.9827  2524743    0.28%
  11457  7052      815.5155    82      813.7360      815.9811  2527908    0.28%
  11469  7064      814.9881    70      813.7360      815.9811  2531484    0.28%
  11498  7081      813.8335    52      813.7360      815.9811  2535208    0.28%
  11526  7099      814.7791    54      813.7360      815.9784  2538417    0.28%
  11547  7116      814.6690    62      813.7360      815.9781  2541833    0.28%
  11567  7128        cutoff            813.7360      815.9767  2545412    0.28%
  11580  7131      814.7915    52      813.7360      815.9711  2548460    0.27%
  11607  7148      815.1612    88      813.7360      815.9700  2552746    0.27%
Elapsed time = 2148.92 sec. (2522083.63 ticks, tree = 96.84 MB, solutions = 9)
  11626  7161      814.7810    76      813.7360      815.9692  2556080    0.27%
  11642  7169      815.0840    60      813.7360      815.9686  2559454    0.27%
  11671  7192      814.2189    60      813.7360      815.9681  2563067    0.27%
  11700  7211      815.2867    60      813.7360      815.9672  2566330    0.27%
  11716  7219      814.7241    64      813.7360      815.9659  2569980    0.27%
  11734  7233      814.9280    68      813.7360      815.9651  2573412    0.27%
  11757  7252      814.1980    46      813.7360      815.9651  2576735    0.27%
  11781  7270      813.9847    48      813.7360      815.9650  2580354    0.27%
  11804  7283      814.2739    74      813.7360      815.9643  2583530    0.27%
  11822  7295      814.3654    72      813.7360      815.9629  2587350    0.27%
Elapsed time = 2182.42 sec. (2562341.19 ticks, tree = 100.84 MB, solutions = 9)
  11851  7318      813.8416    44      813.7360      815.9624  2590870    0.27%
  11877  7334      815.0890    72      813.7360      815.9611  2594278    0.27%
  11891  7340        cutoff            813.7360      815.9611  2598212    0.27%
  11918  7355      814.6128    64      813.7360      815.9568  2601901    0.27%
  11941  7370      814.5013    88      813.7360      815.9560  2605392    0.27%
  11959  7380      814.0036    50      813.7360      815.9558  2609453    0.27%
  11981  7390      814.8890    62      813.7360      815.9535  2613105    0.27%
  11998  7404      814.4848    72      813.7360      815.9532  2616884    0.27%
  12019  7419        cutoff            813.7360      815.9526  2620265    0.27%
  12045  7431      815.0133    80      813.7360      815.9481  2623302    0.27%
Elapsed time = 2216.19 sec. (2602823.51 ticks, tree = 104.42 MB, solutions = 9)
  12069  7449      815.0168    60      813.7360      815.9479  2627134    0.27%
  12087  7461      815.2739    74      813.7360      815.9472  2630561    0.27%
  12110  7478      814.2744    46      813.7360      815.9461  2633999    0.27%
  12130  7490      815.1384    58      813.7360      815.9449  2637633    0.27%
  12155  7511      814.3875    68      813.7360      815.9413  2641249    0.27%
  12168  7518      814.8546    70      813.7360      815.9398  2644531    0.27%
  12192  7534      815.2167    50      813.7360      815.9384  2648347    0.27%
  12217  7545      815.2927    80      813.7360      815.9358  2651773    0.27%
  12241  7563      814.4287    76      813.7360      815.9350  2655334    0.27%
  12257  7573      814.2305    74      813.7360      815.9344  2658846    0.27%
Elapsed time = 2250.69 sec. (2642710.96 ticks, tree = 107.98 MB, solutions = 9)
  12279  7584      814.0982    62      813.7360      815.9340  2662233    0.27%
  12299  7596      814.5314    68      813.7360      815.9324  2665893    0.27%
  12326  7617      813.8831    52      813.7360      815.9324  2669197    0.27%
  12342  7625      814.0939    74      813.7360      815.9316  2672659    0.27%
  12368  7641      814.7387    76      813.7360      815.9294  2676763    0.27%
  12391  7656      815.6469    86      813.7360      815.9284  2680602    0.27%
  12400  7665      814.3275    60      813.7360      815.9284  2683732    0.27%
  12417  7674      814.3077    56      813.7360      815.9284  2687411    0.27%
  12436  7687      814.3289    88      813.7360      815.9273  2690929    0.27%
  12459  7705      813.9434    66      813.7360      815.9262  2694448    0.27%
Elapsed time = 2283.01 sec. (2682843.72 ticks, tree = 112.23 MB, solutions = 9)
  12476  7712      814.8407    64      813.7360      815.9252  2698120    0.27%
  12504  7732      814.6997    64      813.7360      815.9234  2701711    0.27%
  12521  7743      813.8366    60      813.7360      815.9206  2705632    0.27%
  12547  7759      814.1316    38      813.7360      815.9181  2708967    0.27%
  12565  7769      814.9798    68      813.7360      815.9160  2712315    0.27%
  12584  7782      815.0176    52      813.7360      815.9138  2715451    0.27%
  12615  7803      814.8284    66      813.7360      815.9134  2718930    0.27%
  12626  7810      813.9060    62      813.7360      815.9134  2721941    0.27%
  12644  7816      815.0915    66      813.7360      815.9107  2725704    0.27%
  12669  7837      814.3144    72      813.7360      815.9103  2728984    0.27%
Elapsed time = 2314.77 sec. (2722899.06 ticks, tree = 115.26 MB, solutions = 9)
  12685  7847      814.7062    80      813.7360      815.9095  2732284    0.27%
  12705  7861      814.2098    66      813.7360      815.9093  2736240    0.27%
  12723  7871      814.3207    74      813.7360      815.9093  2739627    0.27%
  12746  7888      814.0154    56      813.7360      815.9088  2742742    0.27%
  12767  7901      813.8235    76      813.7360      815.9085  2746051    0.27%
  12792  7914      814.5517    84      813.7360      815.9066  2750433    0.27%
  12815  7931      814.3285    66      813.7360      815.9065  2753917    0.27%
  12835  7941      813.9878    32      813.7360      815.9060  2757078    0.27%
  12853  7953      814.1615    66      813.7360      815.9056  2760376    0.27%
  12878  7968      815.3716    80      813.7360      815.9038  2764326    0.27%
Elapsed time = 2346.80 sec. (2763616.12 ticks, tree = 117.12 MB, solutions = 9)
  12888  7978      814.0521    54      813.7360      815.9038  2767309    0.27%
  12916  7994      815.8061    62      813.7360      815.9031  2770858    0.27%
  12940  8012      815.1297    50      813.7360      815.9029  2773998    0.27%
  12960  8024      814.5670    80      813.7360      815.9019  2777551    0.27%
  12982  8034      814.8545    60      813.7360      815.9008  2780976    0.27%
  13005  8051      813.9071    66      813.7360      815.9005  2784120    0.27%
  13024  8062      815.8305    80      813.7360      815.8990  2787823    0.27%
  13047  8079      815.1199    52      813.7360      815.8988  2791867    0.27%
  13055  8087      814.4975    48      813.7360      815.8988  2794101    0.27%
  13073  8099        cutoff            813.7360      815.8988  2797511    0.27%
Elapsed time = 2378.30 sec. (2803401.82 ticks, tree = 120.62 MB, solutions = 9)
  13089  8111      813.8389    74      813.7360      815.8978  2801201    0.27%
  13112  8126      814.9060    70      813.7360      815.8969  2804470    0.27%
  13127  8135      814.1737    74      813.7360      815.8967  2807871    0.27%
  13149  8137      814.8330    78      813.7360      815.8925  2811443    0.27%
  13168  8152      814.4889    76      813.7360      815.8921  2814992    0.26%
  13189  8169      813.8522    68      813.7360      815.8911  2818371    0.26%
  13204  8176      814.1143    50      813.7360      815.8889  2821552    0.26%
  13222  8188      813.9411    70      813.7360      815.8884  2825069    0.26%
  13251  8209      814.0089    56      813.7360      815.8859  2828687    0.26%
  13270  8220      815.0042    90      813.7360      815.8838  2832533    0.26%
Elapsed time = 2410.03 sec. (2843379.13 ticks, tree = 124.25 MB, solutions = 9)
  13300  8236      814.2161    52      813.7360      815.8837  2836173    0.26%
  13322  8248      815.1824    74      813.7360      815.8835  2839455    0.26%
  13346  8266      815.0217    70      813.7360      815.8834  2843291    0.26%
  13374  8289      814.5311    72      813.7360      815.8828  2847130    0.26%
  13407  8304      814.7095    66      813.7360      815.8806  2850826    0.26%
  13440  8329      815.6401    70      813.7360      815.8781  2854229    0.26%
  13457  8344      814.1720    64      813.7360      815.8781  2857295    0.26%
  13480  8357      815.0389    60      813.7360      815.8743  2860538    0.26%
  13497  8366        cutoff            813.7360      815.8740  2863894    0.26%
  13513  8382      814.2270    66      813.7360      815.8729  2867222    0.26%
Elapsed time = 2442.77 sec. (2883257.56 ticks, tree = 128.24 MB, solutions = 9)
  13532  8397      814.4395    76      813.7360      815.8725  2871062    0.26%
  13563  8420      815.3889    66      813.7360      815.8720  2875023    0.26%
  13581  8432      815.4702    66      813.7360      815.8714  2878948    0.26%
  13607  8452      815.0237    74      813.7360      815.8712  2882900    0.26%
  13628  8470      815.0770    72      813.7360      815.8704  2886221    0.26%
  13654  8490        cutoff            813.7360      815.8696  2889788    0.26%
  13666  8496      814.3791    68      813.7360      815.8695  2893073    0.26%
  13682  8504      814.4674    60      813.7360      815.8678  2896126    0.26%
  13701  8515      814.5072    72      813.7360      815.8639  2899430    0.26%
  13719  8523      814.9350    64      813.7360      815.8624  2903094    0.26%
Elapsed time = 2474.88 sec. (2923227.60 ticks, tree = 131.90 MB, solutions = 9)
  13732  8532      814.7191    76      813.7360      815.8616  2906590    0.26%
  13758  8552      813.9290    66      813.7360      815.8615  2910569    0.26%
  13770  8560      813.8720    50      813.7360      815.8607  2913577    0.26%
  13785  8571      813.7941    66      813.7360      815.8591  2917122    0.26%
  13808  8586      815.3655    64      813.7360      815.8583  2920526    0.26%
  13837  8609      814.2327    56      813.7360      815.8583  2923838    0.26%
  13857  8621      814.8946    38      813.7360      815.8557  2927474    0.26%
  13874  8628      814.7331    84      813.7360      815.8525  2930978    0.26%
  13894  8644      814.1415    54      813.7360      815.8522  2934631    0.26%
  13918  8658      814.2968    70      813.7360      815.8507  2938072    0.26%
Elapsed time = 2505.88 sec. (2962681.88 ticks, tree = 135.70 MB, solutions = 9)
  13936  8668      814.7687    66      813.7360      815.8500  2941817    0.26%
  13957  8681        cutoff            813.7360      815.8491  2945200    0.26%
  13975  8695      814.1703    54      813.7360      815.8486  2948465    0.26%
  13995  8709      813.9863    54      813.7360      815.8477  2952009    0.26%
  14006  8712      814.7861    64      813.7360      815.8446  2955220    0.26%
  14033  8729      815.0824    60      813.7360      815.8427  2959006    0.26%
  14054  8744      813.9561    58      813.7360      815.8418  2962506    0.26%
  14079  8755      814.9716    94      813.7360      815.8409  2966235    0.26%
  14096  8768      814.1145    76      813.7360      815.8408  2969901    0.26%
  14120  8784      814.6959    64      813.7360      815.8397  2972993    0.26%
Elapsed time = 2537.33 sec. (3002162.67 ticks, tree = 139.18 MB, solutions = 9)
  14139  8800      813.9085    24      813.7360      815.8394  2976725    0.26%
  14163  8816      814.4209    52      813.7360      815.8389  2980208    0.26%
  14188  8835      813.7376    54      813.7360      815.8387  2983472    0.26%
  14211  8852      813.7646    50      813.7360      815.8387  2986771    0.26%
  14234  8867      813.9170    60      813.7360      815.8378  2990132    0.26%
  14256  8879      815.0583    64      813.7360      815.8375  2993033    0.26%
  14290  8907      814.0917    56      813.7360      815.8369  2996896    0.26%
  14305  8918      814.0344    50      813.7360      815.8341  3000600    0.26%
  14330  8933      814.8813    48      813.7360      815.8330  3004211    0.26%
  14351  8944      814.7569    68      813.7360      815.8328  3007990    0.26%
Elapsed time = 2569.07 sec. (3041840.66 ticks, tree = 142.00 MB, solutions = 9)
  14365  8954      814.1550    64      813.7360      815.8323  3011744    0.26%
  14389  8970      813.8421    56      813.7360      815.8319  3015127    0.26%
  14406  8979      814.8778    70      813.7360      815.8305  3018686    0.26%
  14429  8998      813.9486    66      813.7360      815.8298  3022092    0.26%
  14454  9007      814.5380    84      813.7360      815.8272  3025963    0.26%
  14480  9027      813.9423    54      813.7360      815.8255  3029675    0.26%
  14499  9038      814.9013    76      813.7360      815.8252  3033136    0.26%
  14518  9051        cutoff            813.7360      815.8251  3036991    0.26%
  14540  9063      814.8727    40      813.7360      815.8248  3040544    0.26%
  14563  9074        cutoff            813.7360      815.8222  3043985    0.26%
Elapsed time = 2601.42 sec. (3081960.07 ticks, tree = 145.64 MB, solutions = 9)
  14586  9089      814.3460    52      813.7360      815.8218  3047553    0.26%
  14605  9102      814.2444    58      813.7360      815.8197  3050933    0.26%
  14629  9116      815.4516    84      813.7360      815.8191  3054439    0.26%
  14649  9132      814.9897    76      813.7360      815.8178  3058011    0.26%
  14663  9140        cutoff            813.7360      815.8178  3061262    0.26%
  14685  9152      815.1196    64      813.7360      815.8163  3064246    0.26%
  14714  9173      814.5138    82      813.7360      815.8148  3068640    0.26%
  14736  9189        cutoff            813.7360      815.8141  3071976    0.26%
  14761  9200      814.7168    58      813.7360      815.8108  3075791    0.25%
  14783  9216      813.7625    60      813.7360      815.8095  3079558    0.25%
Elapsed time = 2633.45 sec. (3121767.59 ticks, tree = 148.06 MB, solutions = 9)
  14800  9225        cutoff            813.7360      815.8089  3083095    0.25%
  14822  9241      814.8083    46      813.7360      815.8083  3086292    0.25%
  14839  9248      815.0009    48      813.7360      815.8078  3089090    0.25%
  14858  9261        cutoff            813.7360      815.8065  3092873    0.25%
  14882  9273        cutoff            813.7360      815.8051  3096051    0.25%
  14910  9291      814.4442    62      813.7360      815.8042  3099620    0.25%
  14928  9299      815.0406    68      813.7360      815.8030  3103078    0.25%
  14950  9315      814.8564    60      813.7360      815.8014  3106433    0.25%
  14970  9325      814.7223    76      813.7360      815.8008  3109763    0.25%
  14992  9341      814.2873    64      813.7360      815.8001  3113751    0.25%
Elapsed time = 2664.01 sec. (3160880.30 ticks, tree = 150.90 MB, solutions = 9)
  15013  9356      814.1973    58      813.7360      815.8001  3117149    0.25%
  15029  9366      814.0520    66      813.7360      815.7994  3120820    0.25%
  15050  9377      814.4638    56      813.7360      815.7988  3124023    0.25%
  15080  9399      814.0529    66      813.7360      815.7973  3127471    0.25%
  15102  9409      815.1257    50      813.7360      815.7941  3131123    0.25%
  15130  9433      814.4792    52      813.7360      815.7938  3134861    0.25%
  15152  9445      815.1824    84      813.7360      815.7912  3138968    0.25%
  15176  9465      814.6927    66      813.7360      815.7911  3142740    0.25%
  15204  9481      814.2672    34      813.7360      815.7904  3146224    0.25%
  15229  9496      814.7013    76      813.7360      815.7887  3149505    0.25%
Elapsed time = 2694.80 sec. (3200487.21 ticks, tree = 154.20 MB, solutions = 9)
  15246  9507      814.2100    60      813.7360      815.7867  3152734    0.25%
  15267  9516      815.1553    52      813.7360      815.7848  3155911    0.25%
  15288  9533      813.8778    56      813.7360      815.7845  3159311    0.25%
  15319  9554      814.2170    42      813.7360      815.7839  3162750    0.25%
  15332  9557        cutoff            813.7360      815.7835  3166266    0.25%
  15352  9567      814.8621    76      813.7360      815.7818  3169796    0.25%
  15375  9586      814.1843    72      813.7360      815.7812  3173523    0.25%
  15396  9599      813.7986    60      813.7360      815.7801  3177408    0.25%
  15413  9609      814.8159    56      813.7360      815.7796  3180584    0.25%
  15438  9627        cutoff            813.7360      815.7792  3184169    0.25%
Elapsed time = 2724.39 sec. (3239694.49 ticks, tree = 156.60 MB, solutions = 9)
  15452  9637      814.5220    74      813.7360      815.7780  3187467    0.25%
  15477  9646      815.0680    70      813.7360      815.7753  3191028    0.25%
  15500  9661      814.7073    84      813.7360      815.7744  3195308    0.25%
  15522  9677      814.1889    64      813.7360      815.7740  3198886    0.25%
  15549  9686      815.4416    86      813.7360      815.7735  3202658    0.25%
  15568  9701      814.6128    52      813.7360      815.7734  3206162    0.25%
  15592  9721      813.9836    46      813.7360      815.7732  3209866    0.25%
  15604  9725        cutoff            813.7360      815.7732  3213467    0.25%
  15628  9739      814.7538    46      813.7360      815.7720  3216994    0.25%
  15651  9754      814.3851    64      813.7360      815.7717  3220272    0.25%
Elapsed time = 2756.14 sec. (3280573.53 ticks, tree = 160.01 MB, solutions = 9)
  15669  9768      814.1115    68      813.7360      815.7715  3223630    0.25%
  15684  9775        cutoff            813.7360      815.7715  3227403    0.25%
  15700  9783      815.3073    70      813.7360      815.7706  3230677    0.25%
  15719  9798      814.8534    70      813.7360      815.7696  3234057    0.25%
  15750  9823      814.1982    54      813.7360      815.7685  3237797    0.25%
  15770  9829        cutoff            813.7360      815.7684  3241289    0.25%
  15786  9841      813.9693    52      813.7360      815.7674  3244737    0.25%
  15804  9851      815.0351    86      813.7360      815.7668  3248058    0.25%
  15823  9864      813.8844    62      813.7360      815.7664  3251660    0.25%
  15840  9875        cutoff            813.7360      815.7654  3254856    0.25%
Elapsed time = 2785.95 sec. (3319748.25 ticks, tree = 163.17 MB, solutions = 9)
  15869  9892      815.5178    64      813.7360      815.7625  3258385    0.25%
  15889  9909      815.2622    82      813.7360      815.7624  3261796    0.25%
  15906  9922      814.1221    50      813.7360      815.7624  3264809    0.25%
  15927  9935      814.7548    66      813.7360      815.7616  3268318    0.25%
  15957  9959      813.9188    70      813.7360      815.7605  3271852    0.25%
  15970  9962      814.5682    80      813.7360      815.7589  3275578    0.25%
  15994  9978      814.7694    62      813.7360      815.7571  3279656    0.25%
  16016  9992      815.0831    76      813.7360      815.7568  3283334    0.25%
  16029 10001      813.9250    58      813.7360      815.7568  3286627    0.25%
  16046 10007      815.1716    82      813.7360      815.7553  3289613    0.25%
Elapsed time = 2816.18 sec. (3359679.75 ticks, tree = 165.18 MB, solutions = 9)
  16066 10021      814.7233    84      813.7360      815.7552  3293158    0.25%
  16086 10035        cutoff            813.7360      815.7539  3296502    0.25%
  16098 10041      814.1730    69      813.7360      815.7512  3299906    0.25%
  16120 10051      815.0951    72      813.7360      815.7493  3303415    0.25%
  16142 10067      814.5758    58      813.7360      815.7493  3306603    0.25%
  16162 10083      813.8822    56      813.7360      815.7489  3309903    0.25%
  16188 10094      814.9959    84      813.7360      815.7467  3313316    0.25%
  16206 10106      814.8669    70      813.7360      815.7455  3317081    0.25%
  16229 10123      814.1924    60      813.7360      815.7450  3320472    0.25%
  16248 10128        cutoff            813.7360      815.7428  3324139    0.25%
Elapsed time = 2845.96 sec. (3399189.27 ticks, tree = 167.84 MB, solutions = 9)
  16273 10143      814.8565    50      813.7360      815.7407  3328021    0.25%
  16290 10156      814.1714    70      813.7360      815.7387  3331552    0.25%
  16310 10170      813.9426    78      813.7360      815.7373  3334834    0.25%
  16327 10177      814.7494    58      813.7360      815.7362  3338312    0.25%
  16352 10192      814.5237    42      813.7360      815.7355  3341774    0.25%
  16374 10206      813.9572    34      813.7360      815.7340  3344952    0.25%
  16390 10212      813.8997    48      813.7360      815.7321  3347829    0.25%
  16408 10218      814.6057    74      813.7360      815.7313  3350859    0.25%
  16424 10226      814.9638    78      813.7360      815.7294  3354288    0.24%
  16447 10243      814.2954    58      813.7360      815.7291  3357616    0.24%
Elapsed time = 2875.01 sec. (3438781.30 ticks, tree = 169.98 MB, solutions = 9)
  16476 10264      814.3184    54      813.7360      815.7288  3361307    0.24%
  16491 10271      814.7848    58      813.7360      815.7276  3364444    0.24%
  16514 10284      815.3080    60      813.7360      815.7265  3367787    0.24%
  16537 10303      813.8049    66      813.7360      815.7259  3371555    0.24%
  16560 10318      813.9270    20      813.7360      815.7246  3374836    0.24%
  16580 10330      814.8856    66      813.7360      815.7226  3378140    0.24%
  16601 10345        cutoff            813.7360      815.7214  3381952    0.24%
  16623 10359        cutoff            813.7360      815.7208  3385187    0.24%
  16643 10369      814.2901    72      813.7360      815.7201  3388547    0.24%
  16670 10388      814.9937    54      813.7360      815.7188  3392609    0.24%
Elapsed time = 2905.42 sec. (3479126.61 ticks, tree = 174.01 MB, solutions = 9)
  16690 10400      814.4577    52      813.7360      815.7173  3395883    0.24%
  16720 10418      814.6409    80      813.7360      815.7171  3399489    0.24%
  16741 10429      814.5172    60      813.7360      815.7169  3403338    0.24%
  16761 10435      814.5597    44      813.7360      815.7158  3406601    0.24%
  16781 10447      814.5833    76      813.7360      815.7148  3410001    0.24%
  16806 10464      814.9842    84      813.7360      815.7144  3413979    0.24%
  16818 10470      814.3083    54      813.7360      815.7142  3418188    0.24%
  16844 10484      815.1509    80      813.7360      815.7132  3422081    0.24%
  16868 10505      814.1361    44      813.7360      815.7131  3425498    0.24%
  16888 10513      814.5348    54      813.7360      815.7117  3428672    0.24%
Elapsed time = 2936.53 sec. (3520283.99 ticks, tree = 177.61 MB, solutions = 9)
  16903 10522      813.9009    76      813.7360      815.7115  3432105    0.24%
  16920 10529      814.4799    56      813.7360      815.7094  3435782    0.24%
  16948 10541      815.0169    60      813.7360      815.7079  3439709    0.24%
  16971 10558      814.2531    52      813.7360      815.7067  3443099    0.24%
  16990 10569      814.6113    70      813.7360      815.7063  3446637    0.24%
  17018 10577      814.8058    82      813.7360      815.7057  3450324    0.24%
  17039 10594      814.0157    74      813.7360      815.7048  3453762    0.24%
  17065 10608        cutoff            813.7360      815.7029  3457216    0.24%
  17084 10621      814.5713    76      813.7360      815.7026  3460740    0.24%
  17100 10631      814.3234    70      813.7360      815.7026  3464485    0.24%
Elapsed time = 2967.77 sec. (3560633.55 ticks, tree = 180.05 MB, solutions = 9)
  17127 10648        cutoff            813.7360      815.7009  3467769    0.24%
  17140 10655      814.6485    66      813.7360      815.7001  3470740    0.24%
  17165 10672      814.0429    48      813.7360      815.6998  3474166    0.24%
  17183 10680      814.8672    82      813.7360      815.6992  3477538    0.24%
  17203 10694      814.2694    74      813.7360      815.6992  3481008    0.24%
  17232 10705      814.9455    68      813.7360      815.6967  3484657    0.24%
  17253 10722      814.6087    86      813.7360      815.6966  3488362    0.24%
  17280 10743      813.7366    60      813.7360      815.6961  3492098    0.24%
  17300 10755      813.9316    42      813.7360      815.6934  3495270    0.24%
  17328 10771      815.2792    68      813.7360      815.6926  3498796    0.24%
Elapsed time = 2997.82 sec. (3600180.53 ticks, tree = 183.53 MB, solutions = 9)
  17352 10791      814.1197    64      813.7360      815.6919  3502419    0.24%
  17373 10800      813.8845    36      813.7360      815.6918  3505931    0.24%
  17391 10810      814.2315    64      813.7360      815.6910  3509555    0.24%
  17416 10827      814.8083    54      813.7360      815.6893  3512732    0.24%
  17439 10840        cutoff            813.7360      815.6889  3516231    0.24%
  17463 10854      814.1390    70      813.7360      815.6885  3519631    0.24%
  17485 10866      813.9063    44      813.7360      815.6882  3523376    0.24%
  17500 10877      814.2541    62      813.7360      815.6875  3526806    0.24%
  17523 10888      815.1942    62      813.7360      815.6865  3529946    0.24%
  17549 10910      814.3054    68      813.7360      815.6864  3533916    0.24%
Elapsed time = 3028.09 sec. (3639332.24 ticks, tree = 185.62 MB, solutions = 9)
  17570 10923      815.0018    68      813.7360      815.6850  3537160    0.24%
  17590 10937      814.5957    64      813.7360      815.6849  3540764    0.24%
  17606 10945      814.8301    78      813.7360      815.6841  3544484    0.24%
  17637 10968        cutoff            813.7360      815.6805  3547842    0.24%
  17654 10977      814.5670    78      813.7360      815.6799  3551118    0.24%
  17669 10984      814.6951    62      813.7360      815.6789  3554650    0.24%
  17690 11001      813.9618    64      813.7360      815.6785  3557750    0.24%
  17713 11008      814.2328    82      813.7360      815.6783  3561496    0.24%
  17731 11018      814.6579    68      813.7360      815.6778  3565470    0.24%
  17753 11034      814.3578    72      813.7360      815.6774  3568507    0.24%
Elapsed time = 3058.33 sec. (3679593.37 ticks, tree = 188.39 MB, solutions = 9)
  17776 11045      814.8532    80      813.7360      815.6771  3572464    0.24%
  17798 11061      814.7383    72      813.7360      815.6764  3576116    0.24%
  17826 11079      814.7347    46      813.7360      815.6763  3579686    0.24%
  17849 11092      814.5690    50      813.7360      815.6749  3582948    0.24%
  17865 11100      814.4168    52      813.7360      815.6748  3585948    0.24%
  17890 11117      815.1361    68      813.7360      815.6741  3589288    0.24%
  17901 11124      814.7053    58      813.7360      815.6737  3592156    0.24%
  17924 11143      814.1777    58      813.7360      815.6720  3595682    0.24%
  17947 11158      815.2399    66      813.7360      815.6690  3599451    0.24%
  17971 11166      815.2928    64      813.7360      815.6687  3602696    0.24%
Elapsed time = 3088.80 sec. (3720531.84 ticks, tree = 191.96 MB, solutions = 9)
  17988 11179      814.2954    88      813.7360      815.6685  3606716    0.24%
  18006 11192      813.7405    14      813.7360      815.6681  3609579    0.24%
  18023 11201      814.9775    78      813.7360      815.6658  3612800    0.24%
  18039 11207      813.9407    64      813.7360      815.6658  3617012    0.24%
  18060 11218      813.9314    70      813.7360      815.6654  3620558    0.24%
  18081 11231      814.3378    40      813.7360      815.6646  3624047    0.24%
  18102 11242      814.9396    62      813.7360      815.6632  3627586    0.24%
  18129 11261      813.8792    62      813.7360      815.6629  3631452    0.24%
  18151 11275        cutoff            813.7360      815.6621  3635017    0.24%
  18164 11278      814.5580    68      813.7360      815.6609  3638386    0.24%
Elapsed time = 3119.30 sec. (3760717.08 ticks, tree = 193.36 MB, solutions = 9)
  18187 11293      814.6671    62      813.7360      815.6602  3642496    0.24%
  18205 11303      813.7389    36      813.7360      815.6596  3645633    0.24%
  18221 11311      814.7203    68      813.7360      815.6585  3648940    0.24%
  18250 11332      814.4636    60      813.7360      815.6581  3652065    0.24%
  18270 11348      814.4024    28      813.7360      815.6580  3655434    0.24%
  18287 11362      813.9615    50      813.7360      815.6575  3658955    0.24%
  18309 11376      814.9081    48      813.7360      815.6557  3662269    0.24%
  18334 11393      814.6315    62      813.7360      815.6548  3665873    0.24%
  18354 11397      815.3211    56      813.7360      815.6545  3669561    0.24%
  18440 11458      814.8972    76      813.7360      815.6527  3683844    0.24%
Elapsed time = 3159.08 sec. (3813269.34 ticks, tree = 197.86 MB, solutions = 9)
  18520 11505      815.1536    68      813.7360      815.6509  3697517    0.24%
  18603 11560      814.8645    58      813.7360      815.6488  3711500    0.24%
  18708 11625      814.3760    68      813.7360      815.6466  3724879    0.23%
  18793 11676      814.8067    52      813.7360      815.6448  3738831    0.23%
  18870 11721      814.6664    72      813.7360      815.6440  3752410    0.23%
  18959 11774      814.8417    46      813.7360      815.6409  3766205    0.23%
  19048 11823      815.0917    66      813.7360      815.6377  3779650    0.23%
Starting limited solution polishing.
  19105 11858      814.2404    56      813.7360      815.6364  3789218    0.23%
  19184 11901      814.5016    40      813.7360      815.6326  3802400    0.23%
  19262 11953        cutoff            813.7360      815.6310  3813810    0.23%
Elapsed time = 3276.79 sec. (3968106.67 ticks, tree = 211.58 MB, solutions = 9)
  19348 12003        cutoff            813.7360      815.6287  3826624    0.23%
  19427 12056      814.1637    36      813.7360      815.6263  3839179    0.23%
  19483 12091      814.1689    84      813.7360      815.6260  3848674    0.23%
  19560 12134      814.0984    52      813.7360      815.6236  3860646    0.23%
  19650 12190      814.8505    50      813.7360      815.6214  3872854    0.23%
  19746 12254      814.1774    76      813.7360      815.6201  3886613    0.23%
  19818 12288      814.8783    56      813.7360      815.6187  3899140    0.23%
  19889 12327      814.4274    78      813.7360      815.6153  3912482    0.23%
  19965 12376      813.8836    58      813.7360      815.6134  3925555    0.23%
  20038 12409      813.9700    48      813.7360      815.6127  3938284    0.23%
Elapsed time = 3391.26 sec. (4122037.62 ticks, tree = 223.85 MB, solutions = 9)
  20117 12452      814.3959    80      813.7360      815.6092  3950673    0.23%
  20194 12499      813.9543    52      813.7360      815.6074  3963015    0.23%
  20262 12543      813.8096    54      813.7360      815.6058  3975366    0.23%
  20336 12586      814.7361    56      813.7360      815.6033  3988413    0.23%
  20399 12618      813.8484    64      813.7360      815.6024  4000779    0.23%

Performing restart 2

Repeating presolve.
Tried aggregator 1 time.
MIP Presolve eliminated 48 rows and 32 columns.
MIP Presolve modified 35 coefficients.
Reduced MIP has 1937 rows, 3270 columns, and 124187 nonzeros.
Reduced MIP has 890 binaries, 580 generals, 0 SOSs, and 0 indicators.
Presolve time = 0.04 sec. (27.85 ticks)
Tried aggregator 1 time.
Reduced MIP has 1937 rows, 3270 columns, and 124187 nonzeros.
Reduced MIP has 890 binaries, 580 generals, 0 SOSs, and 0 indicators.
Presolve time = 0.04 sec. (24.53 ticks)
Represolve time = 0.38 sec. (320.36 ticks)
  20470     0      819.1007    94      813.7360       Cuts: 6  4017482    0.23%
  20470     0      819.1005    90      813.7360    MIRcuts: 2  4017498    0.23%
  20470     2      819.0980    90      813.7360      815.6005  4017498    0.23%
  20478    10      817.5309    82      813.7360      815.6005  4022920    0.23%
  20530    53      817.4467    78      813.7360      815.6005  4035363    0.23%
* 20570+   87                          813.7369      815.6005             0.23%
  20572    91      817.5477    88      813.7369      815.6005  4046740    0.23%
  20630   139      817.5113    84      813.7369      815.6005  4059397    0.23%
Elapsed time = 3513.53 sec. (4293761.52 ticks, tree = 0.57 MB, solutions = 10)
  20684   188      816.3267    94      813.7369      815.6005  4072627    0.23%
  20750   250      814.5600    36      813.7369      815.6005  4092069    0.23%
  20845   331      815.4343    84      813.7369      815.6005  4112099    0.23%
  20928   401      816.4729    82      813.7369      815.6005  4132133    0.23%
  21013   474      816.1798    82      813.7369      815.6005  4151139    0.23%
  21104   553      816.7210    88      813.7369      815.6005  4169804    0.23%
  21185   624      816.5779    84      813.7369      815.6005  4187796    0.23%
  21255   684      815.4079    80      813.7369      815.6005  4207857    0.23%
Advanced basis not built.

Flow cuts applied:  7
Mixed integer rounding cuts applied:  14
Lift and project cuts applied:  1
Gomory fractional cuts applied:  2
User cuts applied:  1895

Root node processing (before b&c):
  Real time             =    7.02 sec. (5241.81 ticks)
Sequential b&c:
  Real time             = 3593.01 sec. (4414454.28 ticks)
                          ------------
Total (root+branch&cut) = 3600.03 sec. (4419696.09 ticks)
|V|                                     900
K                                       10
theta                                   0.50
r                                       10
R                                       25
prob_func                               linear
#C1                                     21248
#CP                                     471774

@Parameters: 
am_callback_heuristic                   false
am_local_search                         true
am_start_heuristic                      false
colocation                              true
comp                                    false
cutC                                    true
cutC_init                               false
cutF                                    false
cutF_init                               false
cutF_stable                             false
cutF_wrong                              false
cutLocal                                false
cutM                                    true
cutM_init                               true
cutM_stable                             false
cutP                                    true
cutP_init                               false
cutP_stable                             false
init                                    true
init_cutF_zero                          false
init_val_greedy                         true
is_Euclidean                            false
is_local_search                         false
is_right_cutP                           true
is_root                                 false
is_silent                               false
is_start                                false
mycut                                   false
pmed                                    false
pre                                     true
stable_root                             false
str                                     true
two_phase                               false
ubstr                                   false
mode                                    Int

am_callback_node_space                  50
init                                    0
mixture_seed                            1
node_space                              5
nodelimit                               -1
nsepa                                   1
strF                                    0
type_delta                              0

EPS                                     0.001000
EPS_FRAC                                0.00
gap                                     0.00
mixture_high_max                        0.99
mixture_high_min                        0.90
mixture_low_max                         0.01
mixture_low_min                         0.00
mixture_low_share                       0.80
timelimit                               3600.00

Number of Closed Sites: 2 / 20 
Number of Confined Sites-1: 1 / 9 
Number of Confined Sites-k: 324 / 324 
Preprocess Time: 1.30 + 0.00 sec

Solve Time: 3600.03
Number of Nodes: 21270
Termination Status: TIME_LIMIT

CutInfo: [phase] num / time (sec) / aver. num_nonzero
max              [LP]     0 / 0.00 / 0.00 [init]   446 / 0.03 / 25.94 [rLC]   701 / 0.08 / 48.42 [rUC]  1088 / 0.20 / 35.47 [sLC]   862 / 0.37 / 48.45 [sUC]  1473 / 3.17 / 40.31 
prod_oa          [LP]     0 / 0.00 / 0.00 [init]   330 / 0.06 / 330.44 [rLC]  1112 / 0.41 / 373.34 [rUC]    35 / 1.45 / 206.66 [sLC]  2535 / 2.34 / 330.70 [sUC]   309 / 26.21 / 286.15 
prod_sm_fixed    [LP]     0 / 0.00 / 0.00 [init]     0 / 0.00 / 0.00 [rLC]     0 / 0.00 / 0.00 [rUC]     0 / 0.00 / 0.00 [sLC]     0 / 0.00 / 0.00 [sUC]     0 / 0.00 / 0.00 
prod_bin         [LP]     0 / 0.00 / 0.00 [init]     0 / 0.00 / 0.00 [rLC]     0 / 0.00 / 0.00 [rUC]     0 / 0.00 / 0.00 [sLC]     0 / 0.00 / 0.00 [sUC]     0 / 0.00 / 0.00 
prod_local       [LP]     0 / 0.00 / 0.00 [init]     0 / 0.00 / 0.00 [rLC]     0 / 0.00 / 0.00 [rUC]     0 / 0.00 / 0.00 [sLC]     0 / 0.00 / 0.00 [sUC]     0 / 0.00 / 0.00 
prod_sm_C        [LP]     0 / 0.00 / 0.00 [init]     0 / 0.00 / 0.00 [rLC]     0 / 0.00 / 0.00 [rUC]     0 / 0.00 / 0.00 [sLC]     0 / 0.00 / 0.00 [sUC]     0 / 0.00 / 0.00 
facet            [LP]     0 / 0.00 / 0.00 [init]     0 / 0.00 / 0.00 [rLC]     0 / 0.00 / 0.00 [rUC]     0 / 0.00 / 0.00 [sLC]     0 / 0.00 / 0.00 [sUC]     0 / 0.00 / 0.00 
Separation Round:   [LP] 0  [init] 1  [rLC] 6  [rUC] 15  [sLC] 32  [sUC] 36550  
Root Best Bound 819.391206
Root Best Integer: 812.347386
Best Bound: 815.600541
Best Integer: 813.736904
1: 47, 87, 114, 121, 244, 537, 558, 594, 778, 876
Objective Value (calc): 813.695197
sum_etaM = 768.600000 / 768.600000
sum_etaP = 858.873808 / 858.790394
nL: 10
nCL: 0
mCL: 1
