Version identifier: 20.1.0.0 | 2020-11-10 | 9bedb6d68
CPXPARAM_Threads                                 1
CPXPARAM_TimeLimit                               3600
CPXPARAM_MIP_Tolerances_MIPGap                   0
Generic callback                                 0x60
1 of 1 MIP starts provided solutions.
MIP start 'm1' defined initial solution with objective 370.1258.
Tried aggregator 1 time.
MIP Presolve eliminated 1526 rows and 766 columns.
Reduced MIP has 2597 rows, 3434 columns, and 203491 nonzeros.
Reduced MIP has 2234 binaries, 0 generals, 0 SOSs, and 0 indicators.
Presolve time = 0.08 sec. (57.72 ticks)
Probing time = 0.01 sec. (17.37 ticks)
Tried aggregator 1 time.
Reduced MIP has 2597 rows, 3434 columns, and 203491 nonzeros.
Reduced MIP has 2234 binaries, 0 generals, 0 SOSs, and 0 indicators.
Presolve time = 0.07 sec. (51.64 ticks)
Probing time = 0.01 sec. (17.53 ticks)
Clique table members: 6185.
MIP emphasis: balance optimality and feasibility.
MIP search method: dynamic search.
Parallel mode: none, using 1 thread.
Root relaxation solution time = 0.14 sec. (190.96 ticks)

        Nodes                                         Cuts/
   Node  Left     Objective  IInf  Best Integer    Best Bound    ItCnt     Gap

*     0+    0                          370.1258      600.0000            62.11%
      0     0      444.9147    10      370.1258      444.9147     1312   20.21%
      0     0      406.1414    19      370.1258     Cuts: 734     1808    9.73%
      0     0      397.7160    30      370.1258     Cuts: 523     2416    7.45%
      0     0      395.3893    28      370.1258     Cuts: 232     2762    6.83%
      0     0      395.0166    26      370.1258     Cuts: 116     2912    6.72%
      0     0      394.8936    27      370.1258     Cuts: 141     3000    6.69%

Repeating presolve.
Tried aggregator 1 time.
MIP Presolve eliminated 863 rows and 863 columns.
Reduced MIP has 1734 rows, 2571 columns, and 156329 nonzeros.
Reduced MIP has 1371 binaries, 0 generals, 0 SOSs, and 0 indicators.
Presolve time = 0.06 sec. (40.09 ticks)
Probing time = 0.01 sec. (13.78 ticks)
Tried aggregator 1 time.
Reduced MIP has 1734 rows, 2571 columns, and 156329 nonzeros.
Reduced MIP has 1371 binaries, 0 generals, 0 SOSs, and 0 indicators.
Presolve time = 0.05 sec. (37.95 ticks)
Represolve time = 0.23 sec. (169.59 ticks)
Probing time = 0.01 sec. (13.78 ticks)
Clique table members: 3596.
MIP emphasis: balance optimality and feasibility.
MIP search method: dynamic search.
Parallel mode: none, using 1 thread.
Root relaxation solution time = 0.31 sec. (433.10 ticks)

        Nodes                                         Cuts/
   Node  Left     Objective  IInf  Best Integer    Best Bound    ItCnt     Gap

*     0+    0                          370.1258      394.8936             6.69%
      0     0      394.8936    25      370.1258      394.8936     5067    6.69%
      0     0      394.7912    25      370.1258     Cuts: 100     5141    6.66%
      0     0      394.7739    25      370.1258      Cuts: 39     5187    6.66%
      0     0      394.7648    25      370.1258      Cuts: 41     5223    6.66%
      0     0      394.7550    25      370.1258      Cuts: 16     5248    6.65%
      0     0      394.7534    25      370.1258 UserPurge2: 13     5267    6.65%
      0     0      394.7519    25      370.1258 UserPurge2: 5     5282    6.65%
      0     0      394.7513    25      370.1258 UserPurge2: 2     5288    6.65%
      0     2      394.4130    29      370.1258      394.4122     5288    6.56%
Elapsed time = 14.70 sec. (4549.23 ticks, tree = 0.01 MB, solutions = 1)
      2     4      394.2918    28      370.1258      394.2853     6366    6.53%
      4     6      391.1953    25      370.1258      393.8117     7538    6.40%
      5     7      393.1101    27      370.1258      393.8112     8649    6.40%
      7     9      392.9425    27      370.1258      392.9400     9579    6.16%
      8    10      390.2727    24      370.1258      392.9400    10154    6.16%
     10    12      381.4733    20      370.1258      392.6520    12409    6.09%
     13    15      391.2259    24      370.1258      392.6489    13224    6.09%
     15    17      382.6584    22      370.1258      392.6489    14608    6.09%
     17    19      388.8409    23      370.1258      392.6489    15541    6.09%
     20    22      375.2113    15      370.1258      392.6489    18196    6.09%
Elapsed time = 24.97 sec. (9767.19 ticks, tree = 0.11 MB, solutions = 1)
     27    25      386.2688    23      370.1258      391.9076    20730    5.88%
     30    28      380.0471    20      370.1258      391.9076    22956    5.88%
     35    29        cutoff            370.1258      391.9076    25662    5.88%
     45    33      380.8704    19      370.1258      391.9073    29275    5.88%
     53    37      391.2493    27      370.1258      391.4675    32265    5.77%
     56    40      386.9071    25      370.1258      391.4675    34721    5.77%
     60    44      385.6025    26      370.1258      391.4675    36399    5.77%
     66    50      383.9936    25      370.1258      391.4675    38335    5.77%
     70    54      382.1801    26      370.1258      391.4675    39939    5.77%
     75    59      377.4824    27      370.1258      391.4675    43049    5.77%
Elapsed time = 46.13 sec. (24414.35 ticks, tree = 0.83 MB, solutions = 1)
     80    64      374.2276    28      370.1258      391.4675    44874    5.77%
     87    67      379.0430    16      370.1258      391.4624    47315    5.76%
     92    68      389.3165    22      370.1258      391.3816    49774    5.74%
     95    71      376.3442    14      370.1258      391.3816    51831    5.74%
    102    72      380.8281    19      370.1258      391.2491    54748    5.71%
    105    75      370.9971    15      370.1258      391.2491    56800    5.71%
    110    76      382.5278    19      370.1258      391.2253    58978    5.70%
    119    85      380.0178    16      370.1258      391.2253    60506    5.70%
    120    86      379.5488    18      370.1258      391.2253    60734    5.70%
    126    92      375.4952    17      370.1258      391.2253    62176    5.70%
Elapsed time = 62.43 sec. (37185.61 ticks, tree = 2.67 MB, solutions = 1)
    131    97      370.6695    16      370.1258      391.2253    63572    5.70%
    135    97      375.6008    11      370.1258      391.2235    65097    5.70%
    142   100      383.7764    23      370.1258      391.1951    66438    5.69%
    147   105      377.6980    22      370.1258      391.1951    67844    5.69%
    152   110      371.9196    21      370.1258      391.1951    69106    5.69%
    157   111      389.3984    25      370.1258      391.1941    70755    5.69%
    160   114      385.2164    21      370.1258      391.1941    72462    5.69%
    164   118      371.2366     6      370.1258      391.1941    74349    5.69%
    172   118      377.2195    13      370.1258      390.2724    75588    5.44%
    178   124      370.2739    12      370.1258      390.2724    76692    5.44%
Elapsed time = 76.46 sec. (49302.17 ticks, tree = 3.87 MB, solutions = 1)
    181   123      376.2447    18      370.1258      390.2695    78593    5.44%
    187   125      388.6081    26      370.1258      390.2014    79754    5.42%
    190   128      382.6826    23      370.1258      390.2014    81822    5.42%
    195   133      378.7972    21      370.1258      390.2014    84012    5.42%
    200   138      376.0450    21      370.1258      390.2014    85550    5.42%
    207   141      383.8415    24      370.1258      390.1955    87750    5.42%
    211   145      371.1803    13      370.1258      390.1955    89278    5.42%
    217   143      374.6662    15      370.1258      389.3956    90532    5.21%
    221   143        cutoff            370.1258      389.3956    91587    5.21%
    223   143      380.0661    15      370.1258      389.1762    93503    5.15%
Elapsed time = 88.54 sec. (61886.08 ticks, tree = 5.32 MB, solutions = 1)
    226   146      372.7382     8      370.1258      389.1762    94852    5.15%
    235   145      380.0504    15      370.1258      389.1611    96997    5.14%
    237   147      378.8699    15      370.1258      389.1611    97445    5.14%
    240   150      377.1210    16      370.1258      389.1611    98370    5.14%
    247   153      381.7591    16      370.1258      389.1574   100686    5.14%
    250   154        cutoff            370.1258      389.1574   102543    5.14%
    253   155      384.7895    24      370.1258      389.0687   103653    5.12%
    257   159      382.8565    25      370.1258      389.0687   105180    5.12%
    260   162      381.7499    23      370.1258      389.0687   106068    5.12%
    265   167      374.7738    15      370.1258      389.0687   107952    5.12%
Elapsed time = 104.99 sec. (79110.57 ticks, tree = 5.72 MB, solutions = 1)
    271   169        cutoff            370.1258      389.0687   109545    5.12%
    273   171      375.2876    16      370.1258      388.9134   110861    5.08%
    279   171        cutoff            370.1258      388.9134   112620    5.08%
    280   172      378.3243    20      370.1258      388.9011   113889    5.07%
    283   175      375.3998    19      370.1258      388.9011   115861    5.07%
    289   181      370.6168    17      370.1258      388.9011   117905    5.07%
    292   180      379.4626    15      370.1258      388.6018   119445    4.99%
    296   184      370.8186     5      370.1258      388.6018   120501    4.99%
    302   186      378.2014    15      370.1258      388.4033   123169    4.94%
    306   190      372.9435    16      370.1258      388.4033   125050    4.94%
Elapsed time = 117.24 sec. (91352.78 ticks, tree = 6.13 MB, solutions = 1)
    312   192      379.0141    15      370.1258      388.3273   126764    4.92%
    320   194        cutoff            370.1258      388.3273   127819    4.92%
    322   196      373.9685    14      370.1258      388.3272   128786    4.92%
    327   197      383.4917    23      370.1258      388.3010   130867    4.91%
    330   200      370.4907    11      370.1258      388.3010   133492    4.91%
    333   199      379.7536    19      370.1258      387.7221   134824    4.75%
    334   200      379.0052    21      370.1258      387.7221   135060    4.75%
    340   206      376.1826    17      370.1258      387.7221   136342    4.75%
    347   213      372.2527    18      370.1258      387.7221   137619    4.75%
    350   216      370.5728    18      370.1258      387.7221   138388    4.75%
Elapsed time = 129.09 sec. (104343.51 ticks, tree = 7.02 MB, solutions = 1)
    353   216      375.4316    16      370.1258      386.8926   140173    4.53%
    358   217      383.1191    25      370.1258      386.6197   142433    4.46%
    360   219      375.7685    21      370.1258      386.6197   144786    4.46%
    364   223      373.3895    19      370.1258      386.6197   146600    4.46%
    367   226      370.6615    19      370.1258      386.6197   148366    4.46%
    371   226      380.9757    21      370.1258      386.4373   149341    4.41%
    375   228        cutoff            370.1258      386.4373   151231    4.41%
    380   229        cutoff            370.1258      386.4373   152368    4.41%
    382   229      380.2927    21      370.1258      386.4202   154079    4.40%
    387   234      378.1216    20      370.1258      386.4202   155395    4.40%
Elapsed time = 143.04 sec. (119918.65 ticks, tree = 7.41 MB, solutions = 1)
    390   237      373.9589    18      370.1258      386.4202   156456    4.40%
    396   243      370.5760    18      370.1258      386.4202   157736    4.40%
    400   243      373.2014    16      370.1258      386.2627   158726    4.36%
    408   243        cutoff            370.1258      386.2627   159849    4.36%
    413   244      375.0866    15      370.1258      385.9770   160939    4.28%
    420   249        cutoff            370.1258      385.9770   162114    4.28%
    424   251      375.2162    18      370.1258      385.8861   163612    4.26%
    432   253      374.5983    15      370.1258      385.6025   165050    4.18%
    440   253        cutoff            370.1258      385.6025   166044    4.18%
    452   257      373.4209    13      370.1258      385.1069   170746    4.05%
Elapsed time = 158.04 sec. (134763.36 ticks, tree = 10.18 MB, solutions = 1)
    467   266      372.4895    15      370.1258      384.8665   174859    3.98%
    478   273      375.3473    19      370.1258      384.7877   179778    3.96%
    488   275      381.0566    23      370.1258      384.4593   184373    3.87%
    499   282      380.2609    19      370.1258      384.3615   188935    3.85%
    508   287      370.3926    13      370.1258      384.3615   191428    3.85%
    520   293      378.8723    20      370.1258      384.3196   194578    3.83%
    538   301      380.1825    20      370.1258      384.0561   199555    3.76%
    550   303      370.6313    15      370.1258      384.0550   204705    3.76%
    560   309      378.4959    22      370.1258      383.9857   207048    3.74%
    572   321      370.4383    21      370.1258      383.9857   211176    3.74%
Elapsed time = 199.01 sec. (181255.87 ticks, tree = 13.18 MB, solutions = 1)
    580   321      372.7383    20      370.1258      383.9741   215351    3.74%
    592   327      375.5539    14      370.1258      383.8378   218642    3.70%
    613   336      377.7137    13      370.1258      383.7434   222094    3.68%
    630   347      375.0226    13      370.1258      383.7227   225749    3.67%
    643   348      376.3677    18      370.1258      383.5341   229954    3.62%
    657   354      378.0292    19      370.1258      383.4905   235055    3.61%
    672   359      377.0893    14      370.1258      383.3427   239390    3.57%
    689   366      378.3595    22      370.1258      383.1174   242369    3.51%
    704   373      375.1584    19      370.1258      382.9008   245587    3.45%
    719   376        cutoff            370.1258      382.7096   249644    3.40%
Elapsed time = 233.92 sec. (221947.45 ticks, tree = 16.93 MB, solutions = 1)
    730   375      381.6085    21      370.1258      382.6571   253311    3.39%
    750   385        cutoff            370.1258      382.6437   256446    3.38%
    763   388      378.3136    16      370.1258      382.3898   259927    3.31%
    778   399      374.6446    13      370.1258      382.3340   263281    3.30%
    796   409      373.4638    16      370.1258      382.1773   267611    3.26%
    807   414      374.3018    21      370.1258      382.1573   271860    3.25%
    827   420      373.3147    21      370.1258      381.7453   275705    3.14%
    839   424      370.1298     7      370.1258      381.6867   280300    3.12%
    858   429      374.0643    12      370.1258      381.6242   284239    3.11%
    875   438      371.4011    16      370.1258      381.6058   288382    3.10%
Elapsed time = 270.22 sec. (262609.97 ticks, tree = 22.43 MB, solutions = 1)
    896   453        cutoff            370.1258      381.5796   292190    3.09%
    909   458      376.2545    13      370.1258      381.4929   295810    3.07%
    925   468      378.9027    22      370.1258      381.4733   299629    3.07%
    940   483      372.6783    19      370.1258      381.4733   303752    3.07%
    956   489      371.6797    15      370.1258      381.3574   307375    3.03%
    975   492        cutoff            370.1258      381.3060   310220    3.02%
    990   495        cutoff            370.1258      381.0556   313997    2.95%
   1008   495      373.3874     9      370.1258      380.9801   318030    2.93%
   1031   508      370.7512     9      370.1258      380.9221   322327    2.92%
   1049   516      375.0934    13      370.1258      380.8210   327282    2.89%
Elapsed time = 306.58 sec. (303242.06 ticks, tree = 21.83 MB, solutions = 1)
   1067   516        cutoff            370.1258      380.8210   332371    2.89%
   1076   513      370.9597    16      370.1258      380.6621   337196    2.85%
   1086   513      373.6943    15      370.1258      380.5902   341366    2.83%
   1103   522      376.1977    21      370.1258      380.5409   345279    2.81%
   1119   534      371.6236    22      370.1258      380.5185   349534    2.81%
   1132   537        cutoff            370.1258      380.5014   352284    2.80%
   1150   539      377.8826    21      370.1258      380.4038   355570    2.78%
   1166   551      374.1420    14      370.1258      380.2840   359419    2.74%
   1182   553      370.2690    12      370.1258      380.2479   363024    2.73%
   1199   556        cutoff            370.1258      380.1939   366120    2.72%
Elapsed time = 340.80 sec. (344329.12 ticks, tree = 23.90 MB, solutions = 1)
   1212   561      372.0211    17      370.1258      380.0992   369445    2.69%
   1227   564      372.0706    14      370.1258      380.0814   373124    2.69%
   1244   565      372.1071    10      370.1258      380.0159   377082    2.67%
   1268   581      375.5551    22      370.1258      379.9654   381315    2.66%
   1280   585      372.9389    13      370.1258      379.8791   384723    2.64%
   1301   590      371.3399    14      370.1258      379.7508   390349    2.60%
   1315   592      375.3156    17      370.1258      379.6330   394409    2.57%
   1325   596      371.3787    14      370.1258      379.6330   397561    2.57%
   1340   593        cutoff            370.1258      379.5488   401993    2.55%
   1355   601      370.1666     2      370.1258      379.4291   406507    2.51%
Elapsed time = 373.11 sec. (386031.74 ticks, tree = 24.37 MB, solutions = 1)
   1370   608      372.2204     8      370.1258      379.4173   410583    2.51%
   1388   620      373.6325    18      370.1258      379.4152   414035    2.51%
   1403   627      370.6770    13      370.1258      379.2651   417641    2.47%
   1420   630      373.0134    14      370.1258      379.2041   422962    2.45%
   1435   637      371.3944     7      370.1258      379.1667   427507    2.44%
   1450   638      371.8149     7      370.1258      379.1502   431349    2.44%
   1468   648      370.3262    15      370.1258      379.0819   435332    2.42%
   1493   651      370.3677     9      370.1258      378.9245   438677    2.38%
   1511   655      373.3096    16      370.1258      378.8717   441886    2.36%

Performing restart 1

Repeating presolve.
Tried aggregator 1 time.
MIP Presolve eliminated 85 rows and 85 columns.
Reduced MIP has 1649 rows, 2486 columns, and 149354 nonzeros.
Reduced MIP has 1286 binaries, 0 generals, 0 SOSs, and 0 indicators.
Presolve time = 0.05 sec. (37.10 ticks)
Tried aggregator 1 time.
Reduced MIP has 1649 rows, 2486 columns, and 149354 nonzeros.
Reduced MIP has 1286 binaries, 0 generals, 0 SOSs, and 0 indicators.
Presolve time = 0.05 sec. (36.12 ticks)
Represolve time = 1.00 sec. (749.95 ticks)
   1530     2      393.9551    30      370.1258      378.7946   451713    2.34%
Elapsed time = 419.32 sec. (435963.13 ticks, tree = 0.01 MB, solutions = 1)
   1546    18      386.5029    20      370.1258      378.7946   457395    2.34%
   1584    52      380.3412    16      370.1258      378.7946   465774    2.34%
   1629    91      376.7942     5      370.1258      378.7946   472848    2.34%
   1670   125      372.0046    15      370.1258      378.7946   478906    2.34%
   1707   158      371.1036     4      370.1258      378.7946   486977    2.34%
   1731   176      381.4892    21      370.1258      378.7946   494082    2.34%
   1763   202      379.6094    11      370.1258      378.7946   501070    2.34%
   1789   222      377.4597    18      370.1258      378.7946   507215    2.34%
   1822   248      378.8769    16      370.1258      378.7946   513159    2.34%
   1863   282      377.2454    14      370.1258      378.7946   520338    2.34%
Elapsed time = 466.14 sec. (474689.36 ticks, tree = 4.54 MB, solutions = 1)
   1900   309      384.7869    24      370.1258      378.7946   527186    2.34%
   1926   330      377.3928     9      370.1258      378.7946   535281    2.34%
   1947   348      387.4473    23      370.1258      378.7946   540824    2.34%
   1976   377      374.1030    16      370.1258      378.7946   545764    2.34%
   1993   390      375.4994    12      370.1258      378.7946   551661    2.34%
   2024   413      379.0081    12      370.1258      378.7946   557340    2.34%
   2064   449      377.9111    16      370.1258      378.7946   562010    2.34%
   2101   481      381.0821    12      370.1258      378.7946   565707    2.34%
   2130   505      382.1127    15      370.1258      378.7946   570184    2.34%
   2157   528      379.1765    17      370.1258      378.7946   575176    2.34%
Elapsed time = 503.74 sec. (513962.23 ticks, tree = 13.15 MB, solutions = 1)
   2194   560      372.3845     5      370.1258      378.7946   579868    2.34%
   2222   582      372.9860    18      370.1258      378.7946   585435    2.34%
   2241   597      377.1413     9      370.1258      378.7946   591292    2.34%
   2265   617      377.2389    13      370.1258      378.7946   595567    2.34%
   2293   641      372.1364     6      370.1258      378.7946   602216    2.34%
   2309   653      382.9809    24      370.1258      378.7946   607719    2.34%
   2333   673      379.9514     9      370.1258      378.7946   613197    2.34%
   2370   698      378.1557    20      370.1258      378.7946   618130    2.34%
   2396   720      374.7593    12      370.1258      378.7946   623881    2.34%
   2432   745      374.8484    15      370.1258      378.7946   629134    2.34%
Elapsed time = 536.17 sec. (553046.04 ticks, tree = 21.50 MB, solutions = 1)
   2460   769      370.3359     0      370.1258      378.7946   634182    2.34%
   2485   786      375.5192    11      370.1258      378.7946   640771    2.34%
   2498   799      372.9149    12      370.1258      378.7946   643658    2.34%
   2535   828      372.2773    11      370.1258      378.7946   649464    2.34%
   2565   848      372.6646     5      370.1258      378.7946   654420    2.34%
   2586   864      374.2523     8      370.1258      378.7946   659518    2.34%
   2615   880      377.2241    10      370.1258      378.7946   664726    2.34%
   2649   908      375.3255    10      370.1258      378.7946   668337    2.34%
   2667   918      378.0040    17      370.1258      378.7946   673418    2.34%
   2691   938      373.4049    13      370.1258      378.7946   678708    2.34%
Elapsed time = 570.59 sec. (592154.77 ticks, tree = 25.87 MB, solutions = 1)
   2717   954      379.1576    14      370.1258      378.7946   683115    2.34%
   2745   978      372.7314     9      370.1258      378.7946   687488    2.34%
   2774  1001      374.5359    15      370.1258      378.7946   692301    2.34%
   2803  1020      378.7324    16      370.1258      378.7946   697160    2.34%
   2822  1033      375.8534    15      370.1258      378.7946   701198    2.34%
   2853  1053        cutoff            370.1258      378.7946   706987    2.34%
   2873  1071      373.8924     9      370.1258      378.7946   711656    2.34%
   2896  1084      377.8726    18      370.1258      378.7946   715737    2.34%
   2916  1098      379.1448    15      370.1258      378.7946   720820    2.34%
   2931  1109      377.1773    10      370.1258      378.7946   724597    2.34%
Elapsed time = 600.73 sec. (631236.96 ticks, tree = 33.75 MB, solutions = 1)
   2959  1131      371.9685    11      370.1258      378.7946   728424    2.34%
   2973  1141      376.3968    13      370.1258      378.7946   731891    2.34%
   3017  1169      371.2997     8      370.1258      378.7946   736733    2.34%
   3039  1181      377.7417    14      370.1258      378.7946   741826    2.34%
   3066  1200      380.0843    17      370.1258      378.7946   746805    2.34%
   3082  1214        cutoff            370.1258      378.7946   750193    2.34%
   3103  1227      376.2342    14      370.1258      378.7946   755106    2.34%
   3132  1244      379.8532    16      370.1258      378.7946   760203    2.34%
   3160  1262      377.5282    13      370.1258      378.7946   765363    2.34%
   3179  1277      377.9711    16      370.1258      378.7946   770967    2.34%
Elapsed time = 631.31 sec. (670835.76 ticks, tree = 34.99 MB, solutions = 1)
   3200  1288      378.6088    18      370.1258      378.7946   776262    2.34%
   3222  1306      370.8009     3      370.1258      378.7946   780401    2.34%
   3250  1326      373.2720    12      370.1258      378.7946   785992    2.34%
   3275  1339      371.3073    12      370.1258      378.7946   790771    2.34%
   3304  1362        cutoff            370.1258      378.7946   796339    2.34%
   3336  1384      370.4824     9      370.1258      378.7946   801358    2.34%

Performing restart 2

Repeating presolve.
Tried aggregator 1 time.
MIP Presolve eliminated 107 rows and 107 columns.
Reduced MIP has 1542 rows, 2379 columns, and 135968 nonzeros.
Reduced MIP has 1179 binaries, 0 generals, 0 SOSs, and 0 indicators.
Presolve time = 0.05 sec. (33.93 ticks)
Tried aggregator 1 time.
Reduced MIP has 1542 rows, 2379 columns, and 135968 nonzeros.
Reduced MIP has 1179 binaries, 0 generals, 0 SOSs, and 0 indicators.
Presolve time = 0.05 sec. (32.70 ticks)
Represolve time = 1.33 sec. (972.28 ticks)

Repeating presolve.
Tried aggregator 1 time.
MIP Presolve eliminated 177 rows and 177 columns.
MIP Presolve modified 1 coefficients.
Reduced MIP has 1365 rows, 2202 columns, and 118422 nonzeros.
Reduced MIP has 1002 binaries, 0 generals, 0 SOSs, and 0 indicators.
Presolve time = 0.07 sec. (43.12 ticks)
Tried aggregator 1 time.
Reduced MIP has 1365 rows, 2202 columns, and 118422 nonzeros.
Reduced MIP has 1002 binaries, 0 generals, 0 SOSs, and 0 indicators.
Presolve time = 0.04 sec. (27.98 ticks)
Represolve time = 1.09 sec. (861.63 ticks)
   3366     0      393.8734    29      370.1258      Cuts: 10   815613    2.34%
   3366     0      393.8658    27      370.1258       Cuts: 2   815636    2.34%
   3366     0      393.8573    28      370.1258       Cuts: 5   815662    2.34%
   3366     0      393.8532    26      370.1258       Cuts: 3   815693    2.34%
   3366     0      393.8452    28      370.1258       Cuts: 6   815723    2.34%
   3366     0      393.8419    27      370.1258       Cuts: 3   815753    2.34%
   3366     0      393.8407    27      370.1258       Cuts: 2   815771    2.34%
   3366     2      393.8399    29      370.1258      378.7946   815771    2.34%
   3414    44      388.0247    23      370.1258      378.7946   824582    2.34%
   3459    81      387.8248    23      370.1258      378.7946   831904    2.34%
   3495   112      378.0440    11      370.1258      378.7946   838964    2.34%
Elapsed time = 700.21 sec. (731094.98 ticks, tree = 1.30 MB, solutions = 1)
   3516   127      378.5281    14      370.1258      378.7946   845951    2.34%
   3539   145      385.8619    22      370.1258      378.7946   854419    2.34%
   3554   160      379.4322    22      370.1258      378.7946   861062    2.34%
   3580   180      386.1465    21      370.1258      378.7946   868728    2.34%
   3618   211      388.9543    23      370.1258      378.7946   874206    2.34%
   3645   238      375.9079     8      370.1258      378.7946   880440    2.34%
   3679   262      383.8928    21      370.1258      378.7946   886921    2.34%
   3709   286      380.5432    15      370.1258      378.7946   893311    2.34%
   3752   317        cutoff            370.1258      378.7946   898880    2.34%
   3787   338      383.4323    18      370.1258      378.7946   905169    2.34%
Elapsed time = 744.85 sec. (770930.05 ticks, tree = 4.29 MB, solutions = 1)
   3830   371      372.4400     9      370.1258      378.7946   912392    2.34%
   3850   387      377.5380    15      370.1258      378.7946   918518    2.34%
   3887   409      381.2994    14      370.1258      378.7946   924777    2.34%
   3922   436      384.1790    16      370.1258      378.7946   932118    2.34%
   3959   468      378.5239    17      370.1258      378.7946   939154    2.34%
   3984   481      376.5220    17      370.1258      378.7946   945590    2.34%
   4009   501      383.4863    17      370.1258      378.7946   949447    2.34%
   4031   517      380.5277    14      370.1258      378.7946   955700    2.34%
   4056   536      374.8033     8      370.1258      378.7946   961842    2.34%
   4073   549      381.7185    20      370.1258      378.7946   967298    2.34%
Elapsed time = 781.71 sec. (810437.94 ticks, tree = 5.99 MB, solutions = 1)
   4096   567      385.1354    24      370.1258      378.7946   973534    2.34%
   4114   579      381.1684    18      370.1258      378.7946   980864    2.34%
   4140   599      379.2977    11      370.1258      378.7946   986979    2.34%
   4168   615      380.2356    18      370.1258      378.7946   993633    2.34%
   4192   635      383.9720    22      370.1258      378.7946  1001154    2.34%
   4204   647      379.4376    17      370.1258      378.7946  1006478    2.34%
   4230   661      378.4930     8      370.1258      378.7946  1013294    2.34%
   4260   685      385.1620    22      370.1258      378.7946  1018539    2.34%
   4273   698      375.4564    14      370.1258      378.7946  1024436    2.34%
   4310   725      381.9132    17      370.1258      378.7946  1031589    2.34%
Elapsed time = 818.28 sec. (850761.40 ticks, tree = 6.87 MB, solutions = 1)
   4337   742      377.1243    13      370.1258      378.7946  1038084    2.34%
   4365   766      371.8929     7      370.1258      378.7946  1044144    2.34%
   4388   779      377.5258    18      370.1258      378.7946  1050582    2.34%
   4411   798      376.4078     7      370.1258      378.7946  1057333    2.34%
   4429   810      378.7104    21      370.1258      378.7946  1062671    2.34%
   4450   827      376.5578    10      370.1258      378.7946  1069403    2.34%
   4486   859      372.0339     8      370.1258      378.7946  1076205    2.34%
   4509   874      374.6582    11      370.1258      378.7946  1082984    2.34%
   4544   899      377.8858    16      370.1258      378.7946  1089245    2.34%
   4578   929      376.3005    17      370.1258      378.7946  1095243    2.34%
Elapsed time = 851.15 sec. (889742.23 ticks, tree = 7.94 MB, solutions = 1)
   4611   948      380.2920    15      370.1258      378.7946  1102462    2.34%
   4656   980        cutoff            370.1258      378.7946  1108542    2.34%
   4671   995      378.8896    18      370.1258      378.7946  1114916    2.34%
   4700  1020      379.0695    16      370.1258      378.7946  1121585    2.34%
   4726  1042      375.8044     9      370.1258      378.7946  1127625    2.34%
   4750  1058      372.7835     4      370.1258      378.7946  1132339    2.34%
   4785  1081        cutoff            370.1258      378.7946  1136412    2.34%
   4818  1100      376.8931    14      370.1258      378.7946  1141687    2.34%
   4845  1115      371.7978     7      370.1258      378.7946  1146053    2.34%
   4868  1132      370.7310    13      370.1258      378.7946  1150778    2.34%
Elapsed time = 884.96 sec. (929434.15 ticks, tree = 14.15 MB, solutions = 1)
   4886  1141      373.5284    15      370.1258      378.7946  1156565    2.34%
   4912  1157      380.4052    16      370.1258      378.7946  1162257    2.34%
   4929  1170      381.2891    17      370.1258      378.7946  1166032    2.34%
   4953  1194      370.9610     5      370.1258      378.7946  1172181    2.34%
   4988  1219      375.4793    10      370.1258      378.7946  1177238    2.34%
   5029  1248      379.6544    17      370.1258      378.7946  1183161    2.34%
   5053  1268      377.7854    15      370.1258      378.7946  1189792    2.34%
   5085  1290      371.6533    11      370.1258      378.7946  1196094    2.34%
   5111  1310      373.3453     9      370.1258      378.7946  1201691    2.34%
   5152  1335      375.7648     4      370.1258      378.7946  1207312    2.34%
Elapsed time = 915.36 sec. (969353.67 ticks, tree = 14.89 MB, solutions = 1)
   5175  1348      382.9366    23      370.1258      378.7946  1213050    2.34%
   5206  1369      370.4535     7      370.1258      378.7946  1219021    2.34%
   5239  1393      377.6087    17      370.1258      378.7946  1223687    2.34%
   5264  1412      377.1940    15      370.1258      378.7946  1229510    2.34%
   5288  1432      375.2493    14      370.1258      378.7946  1235084    2.34%
   5316  1451      378.2275    17      370.1258      378.7946  1240619    2.34%
   5342  1473      375.6240     9      370.1258      378.7946  1246902    2.34%
   5376  1497      377.0565    20      370.1258      378.7946  1252097    2.34%
   5403  1512      381.0411    23      370.1258      378.7946  1259111    2.34%
   5427  1530      379.9765    18      370.1258      378.7946  1265204    2.34%
Elapsed time = 949.82 sec. (1009145.15 ticks, tree = 15.34 MB, solutions = 1)
   5448  1543      377.7289    21      370.1258      378.7946  1270785    2.34%
   5466  1557      380.2777    13      370.1258      378.7946  1274545    2.34%
   5489  1574      381.2551    23      370.1258      378.7946  1280474    2.34%
   5508  1593      371.8935    14      370.1258      378.7946  1286392    2.34%
   5543  1612        cutoff            370.1258      378.7946  1291721    2.34%
   5572  1628        cutoff            370.1258      378.7946  1297920    2.34%
   5595  1645      371.4155    12      370.1258      378.7946  1304334    2.34%
   5624  1660      370.7054     9      370.1258      378.7946  1310993    2.34%
   5656  1678      377.7300    18      370.1258      378.7946  1316583    2.34%
   5681  1697      374.2684    17      370.1258      378.7946  1322461    2.34%
Elapsed time = 981.64 sec. (1049049.38 ticks, tree = 16.07 MB, solutions = 1)
   5722  1722      377.3892    16      370.1258      378.7946  1328782    2.34%
   5746  1742      377.1189    16      370.1258      378.7946  1334933    2.34%
   5776  1763      376.2760     9      370.1258      378.7946  1340400    2.34%
   5826  1802      370.1993     2      370.1258      378.7946  1343831    2.34%
   5839  1811      375.4600    18      370.1258      378.7946  1350437    2.34%
   5867  1831      370.3253    11      370.1258      378.7946  1356907    2.34%
   5894  1848      375.5909    17      370.1258      378.7946  1363543    2.34%
   5922  1872      375.1204    17      370.1258      378.7946  1369717    2.34%
   5951  1891      374.2245    13      370.1258      378.7946  1375634    2.34%
   5989  1915      378.8721    11      370.1258      378.7946  1381159    2.34%
Elapsed time = 1015.12 sec. (1089014.17 ticks, tree = 16.58 MB, solutions = 1)
   6027  1949      374.1960    14      370.1258      378.7946  1386562    2.34%
   6057  1965      376.4612    16      370.1258      378.7946  1392246    2.34%
   6086  1984      371.8456     7      370.1258      378.7946  1398629    2.34%
   6107  2001      371.6450     7      370.1258      378.7946  1404718    2.34%
   6142  2020      375.2814     8      370.1258      378.7946  1410241    2.34%
   6177  2049      372.7156    11      370.1258      378.7946  1414952    2.34%
   6204  2066      373.9900    11      370.1258      378.7946  1420738    2.34%
   6236  2087      371.6251     7      370.1258      378.7946  1426656    2.34%
   6263  2098      377.5770    19      370.1258      378.7946  1432870    2.34%
   6289  2118      370.9108    14      370.1258      378.7946  1439232    2.34%
Elapsed time = 1046.27 sec. (1128188.01 ticks, tree = 17.01 MB, solutions = 1)
   6300  2125      374.5266    19      370.1258      378.7946  1444469    2.34%
   6322  2135      375.7334    17      370.1258      378.7946  1450983    2.34%
   6346  2151      375.3065     9      370.1258      378.7946  1456218    2.34%
   6381  2176      374.2852    11      370.1258      378.7946  1461333    2.34%
   6410  2201      373.0067    11      370.1258      378.7946  1467003    2.34%
   6456  2218      376.1963    17      370.1258      378.7946  1472698    2.34%
   6489  2239      370.9752     8      370.1258      378.7946  1478999    2.34%
   6516  2256      374.8771    18      370.1258      378.7946  1484541    2.34%
   6550  2282        cutoff            370.1258      378.7946  1490621    2.34%
   6577  2303      374.0399    11      370.1258      378.7946  1495829    2.34%
Elapsed time = 1076.99 sec. (1167656.60 ticks, tree = 17.32 MB, solutions = 1)
   6606  2324      377.5286    18      370.1258      378.7946  1501549    2.34%
   6627  2335      374.3404    14      370.1258      378.7946  1509194    2.34%
   6650  2350      374.5604    18      370.1258      378.7946  1515271    2.34%
   6675  2367      373.8937     9      370.1258      378.7946  1520928    2.34%
   6708  2388      371.9321     6      370.1258      378.7946  1525739    2.34%
   6737  2409        cutoff            370.1258      378.7946  1531658    2.34%
   6766  2427      374.4422     7      370.1258      378.7946  1537752    2.34%
   6802  2449      372.0204    12      370.1258      378.7946  1542927    2.34%
   6842  2471      370.5401     7      370.1258      378.7946  1548481    2.34%
   6863  2482      376.6520    16      370.1258      378.7946  1554793    2.34%
Elapsed time = 1107.90 sec. (1206732.57 ticks, tree = 17.61 MB, solutions = 1)
   6886  2497      371.9508     4      370.1258      378.7946  1560586    2.34%
   6918  2519      375.6988    14      370.1258      378.7946  1566270    2.34%
   6951  2538      375.8385    14      370.1258      378.7946  1572474    2.34%
   6973  2552      377.1925    18      370.1258      378.7946  1578765    2.34%
   7002  2573      373.4349    16      370.1258      378.7946  1584445    2.34%
   7032  2589      373.7631    12      370.1258      378.7946  1590473    2.34%
   7056  2605      372.7213    13      370.1258      378.7946  1596409    2.34%
   7079  2624      374.1172    19      370.1258      378.7946  1602685    2.34%
   7104  2633      376.2755    16      370.1258      378.7946  1609384    2.34%
   7133  2652      372.3091     8      370.1258      378.7946  1614567    2.34%
Elapsed time = 1137.82 sec. (1246712.08 ticks, tree = 17.89 MB, solutions = 1)
   7169  2678      373.0801    14      370.1258      378.7946  1620649    2.34%
   7195  2696      373.1819     7      370.1258      378.7946  1626669    2.34%
   7226  2713      376.8465    15      370.1258      378.7946  1631920    2.34%
   7263  2738      376.3258    14      370.1258      378.7946  1637655    2.34%
   7287  2754      370.6142    10      370.1258      378.7946  1643481    2.34%
   7325  2777      375.7749    16      370.1258      378.7946  1648781    2.34%
   7347  2789      372.3160    11      370.1258      378.7946  1654933    2.34%
   7383  2809      378.3811    18      370.1258      378.7946  1659892    2.34%
   7406  2828      373.6160    10      370.1258      378.7946  1666175    2.34%
   7435  2846      372.1602    10      370.1258      378.7946  1672285    2.34%
Elapsed time = 1168.10 sec. (1285834.44 ticks, tree = 18.19 MB, solutions = 1)
   7462  2861      372.7388     7      370.1258      378.7946  1677925    2.34%
   7493  2880      373.5370    15      370.1258      378.7946  1683527    2.34%
   7526  2899        cutoff            370.1258      378.7946  1689690    2.34%
   7558  2921        cutoff            370.1258      378.7946  1695068    2.34%
   7591  2940      377.1173    16      370.1258      378.7946  1699915    2.34%
   7615  2958      371.8652    10      370.1258      378.7946  1705938    2.34%
   7641  2972      379.3526    16      370.1258      378.7946  1711756    2.34%
   7664  2990      378.4674    17      370.1258      378.7946  1717482    2.34%
   7685  3003        cutoff            370.1258      378.7946  1722748    2.34%
   7705  3015      373.5407    14      370.1258      378.7946  1729133    2.34%
Elapsed time = 1198.29 sec. (1325084.03 ticks, tree = 18.55 MB, solutions = 1)
   7732  3028      374.4291    13      370.1258      378.7946  1734734    2.34%
   7756  3044      374.9479    16      370.1258      378.7946  1740877    2.34%
   7788  3058      379.3933    17      370.1258      378.7946  1747010    2.34%
   7809  3075      372.3653     9      370.1258      378.7946  1753094    2.34%
   7841  3089      375.3391    12      370.1258      378.7946  1759617    2.34%
   7868  3104      375.7939    15      370.1258      378.7946  1765851    2.34%
   7892  3118      373.8033    16      370.1258      378.7946  1771325    2.34%
   7921  3137      372.5434     6      370.1258      378.7946  1777187    2.34%
   7959  3161      371.3980     9      370.1258      378.7946  1782137    2.34%
   7985  3177      370.9929    11      370.1258      378.7946  1788385    2.34%
Elapsed time = 1228.94 sec. (1364552.98 ticks, tree = 18.70 MB, solutions = 1)
   8015  3191      376.7207    17      370.1258      378.7946  1794345    2.34%
   8042  3208      376.3624    15      370.1258      378.7946  1800323    2.34%
   8069  3229      370.3692     9      370.1258      378.7946  1806357    2.34%
   8094  3238      376.6738    12      370.1258      378.7946  1812542    2.34%
   8133  3269        cutoff            370.1258      378.7946  1817989    2.34%
   8154  3284        cutoff            370.1258      378.7946  1823928    2.34%
   8174  3300      372.4046    16      370.1258      378.7946  1829883    2.34%
   8200  3314      376.2570    16      370.1258      378.7946  1835310    2.34%
   8227  3333      372.3522    10      370.1258      378.7946  1840776    2.34%
   8252  3344      375.4358    16      370.1258      378.7946  1847054    2.34%
Elapsed time = 1258.29 sec. (1403361.06 ticks, tree = 19.26 MB, solutions = 1)
   8278  3364      371.3109     9      370.1258      378.7946  1852876    2.34%
   8316  3388      372.3775    10      370.1258      378.7946  1858123    2.34%
   8344  3404        cutoff            370.1258      378.7946  1863599    2.34%
   8373  3418      377.3481    15      370.1258      378.7946  1869200    2.34%
   8406  3439      375.2160     8      370.1258      378.7946  1874781    2.34%
   8431  3452      370.5427    14      370.1258      378.7946  1880697    2.34%
   8451  3459      370.9829    13      370.1258      378.7946  1886462    2.34%
   8477  3477      372.9096    10      370.1258      378.7946  1892377    2.34%
   8505  3491      374.2733     9      370.1258      378.7946  1898444    2.34%
   8537  3513      374.6555    10      370.1258      378.7946  1903938    2.34%
Elapsed time = 1288.71 sec. (1443100.36 ticks, tree = 19.31 MB, solutions = 1)
   8566  3538      370.9134    12      370.1258      378.7946  1909009    2.34%
   8600  3556      374.0495    12      370.1258      378.7946  1914177    2.34%
   8626  3568      375.2405    15      370.1258      378.7946  1919600    2.34%
   8656  3587      372.0581    14      370.1258      378.7946  1925488    2.34%
   8679  3598      372.7572     5      370.1258      378.7946  1931175    2.34%
   8719  3622      372.0750     9      370.1258      378.7946  1937157    2.34%
   8743  3628      374.2957     8      370.1258      378.7946  1942343    2.34%
   8764  3635        cutoff            370.1258      378.7946  1948298    2.34%
   8785  3648      373.9852    18      370.1258      378.7946  1954350    2.34%
   8814  3669      374.1582    11      370.1258      378.7946  1960491    2.34%
Elapsed time = 1318.83 sec. (1482237.63 ticks, tree = 19.61 MB, solutions = 1)
   8841  3688      373.6110     4      370.1258      378.7946  1965066    2.34%
   8871  3706      376.9829    10      370.1258      378.7946  1970851    2.34%
   8909  3724      375.7820    10      370.1258      378.7946  1976240    2.34%
   8947  3750      372.9939    10      370.1258      378.7946  1981976    2.34%
   8979  3764      374.6563    13      370.1258      378.7946  1987984    2.34%
   9011  3792      370.6220     8      370.1258      378.7946  1992899    2.34%
   9049  3803      378.7677    20      370.1258      378.7946  1998044    2.34%
   9071  3821      373.9112    14      370.1258      378.7946  2003807    2.34%
   9101  3835      371.6141     3      370.1258      378.7946  2009265    2.34%
   9138  3860      372.4660     4      370.1258      378.7946  2013963    2.34%
Elapsed time = 1347.24 sec. (1521706.20 ticks, tree = 19.95 MB, solutions = 1)
   9170  3878        cutoff            370.1258      378.7946  2018934    2.34%
   9196  3886      373.7376     9      370.1258      378.7946  2024524    2.34%
   9233  3913      372.6891    15      370.1258      378.7946  2029764    2.34%
   9263  3933      371.5678    10      370.1258      378.7946  2035374    2.34%
   9287  3943      373.3668    15      370.1258      378.7946  2041111    2.34%
   9317  3955      372.2493     9      370.1258      378.7946  2046956    2.34%
   9346  3974      373.0452     9      370.1258      378.7946  2052320    2.34%
   9381  3999      377.0139    10      370.1258      378.7946  2056993    2.34%
   9409  4021      372.2394     7      370.1258      378.7946  2061626    2.34%
   9438  4036      374.8749    13      370.1258      378.7946  2067343    2.34%
Elapsed time = 1377.71 sec. (1560975.76 ticks, tree = 20.41 MB, solutions = 1)
   9466  4050      371.8454     3      370.1258      378.7946  2071479    2.34%
   9506  4078        cutoff            370.1258      378.7946  2076472    2.34%
   9541  4101      371.1569     4      370.1258      378.7946  2081037    2.34%
   9579  4127        cutoff            370.1258      378.7946  2085251    2.34%
   9610  4142        cutoff            370.1258      378.7946  2090478    2.34%
   9642  4161      371.9986    14      370.1258      378.7946  2095681    2.34%
   9674  4183      374.7099    11      370.1258      378.7946  2100496    2.34%
   9704  4209      372.5558    12      370.1258      378.7946  2105515    2.34%
   9725  4218      373.3760    16      370.1258      378.7946  2111224    2.34%
   9751  4236      370.7606    14      370.1258      378.7946  2116537    2.34%
Elapsed time = 1408.52 sec. (1599919.29 ticks, tree = 20.99 MB, solutions = 1)
   9774  4245      374.5868    16      370.1258      378.7946  2121389    2.34%
   9798  4259      374.5439    19      370.1258      378.7946  2126709    2.34%
   9821  4272      372.5746    13      370.1258      378.7946  2132717    2.34%
   9851  4291      370.7952     9      370.1258      378.7946  2138545    2.34%
   9882  4308      371.7126     9      370.1258      378.7946  2143994    2.34%
   9910  4318        cutoff            370.1258      378.7946  2149508    2.34%
   9939  4333      371.4728    12      370.1258      378.7946  2154954    2.34%
   9969  4347      374.5921     9      370.1258      378.7946  2160657    2.34%
  10005  4373      370.5121    14      370.1258      378.7946  2165719    2.34%
  10035  4387      375.4541    13      370.1258      378.7946  2171366    2.34%
Elapsed time = 1438.38 sec. (1639585.47 ticks, tree = 21.08 MB, solutions = 1)
  10067  4403      370.2182     5      370.1258      378.7946  2176651    2.34%
  10088  4416      374.8422    17      370.1258      378.7946  2181602    2.34%
  10113  4427        cutoff            370.1258      378.7946  2187338    2.34%
  10144  4446      375.2975    14      370.1258      378.7946  2191149    2.34%
  10174  4460      374.9057    16      370.1258      378.7946  2196969    2.34%
  10211  4479      375.1619     9      370.1258      378.7946  2202345    2.34%
  10243  4495      371.7079     3      370.1258      378.7946  2206216    2.34%
  10275  4515      373.4810    12      370.1258      378.7946  2210842    2.34%
  10299  4525      372.4960     8      370.1258      378.7946  2216734    2.34%
  10313  4535      373.9791    16      370.1258      378.7946  2222389    2.34%
Elapsed time = 1469.89 sec. (1679276.63 ticks, tree = 21.36 MB, solutions = 1)
  10326  4543      370.3820    14      370.1258      378.7807  2228032    2.34%
  10345  4552      370.3187     8      370.1258      378.7663  2233475    2.33%
  10369  4558      372.2852     6      370.1258      378.7615  2238764    2.33%
  10396  4571      378.0704    20      370.1258      378.7509  2243626    2.33%
  10416  4583      370.7483     3      370.1258      378.7293  2248867    2.32%
  10448  4600      377.0877    19      370.1258      378.7021  2254102    2.32%
  10467  4611      373.7781    17      370.1258      378.6995  2260081    2.32%
  10491  4619      372.5882    12      370.1258      378.6891  2265228    2.31%
  10521  4641      370.5109     5      370.1258      378.6867  2269829    2.31%
  10539  4651      373.2382    10      370.1258      378.6865  2275318    2.31%
Elapsed time = 1501.87 sec. (1719900.09 ticks, tree = 21.95 MB, solutions = 1)
  10568  4660      370.9752     2      370.1258      378.6570  2279530    2.30%
  10596  4674      373.8533    13      370.1258      378.6157  2284415    2.29%
  10624  4694      370.3736     4      370.1258      378.6065  2288237    2.29%
  10650  4713        cutoff            370.1258      378.6009  2291386    2.29%
  10679  4724      372.5666    10      370.1258      378.5782  2294600    2.28%
  10702  4735      371.1086    11      370.1258      378.5676  2298217    2.28%
  10725  4746      370.9138    10      370.1258      378.5519  2301956    2.28%
  10760  4763      372.5226    13      370.1258      378.5281  2305024    2.27%
  10778  4775      373.6946    15      370.1258      378.5281  2308781    2.27%
  10800  4777      374.6674    12      370.1258      378.5103  2313296    2.27%
Elapsed time = 1531.38 sec. (1759028.41 ticks, tree = 33.85 MB, solutions = 1)
  10829  4794      370.6343    10      370.1258      378.4954  2317776    2.26%
  10856  4803      374.2398     9      370.1258      378.4832  2322950    2.26%
  10890  4823      373.8840    11      370.1258      378.4744  2328096    2.26%
  10918  4839      371.7062    10      370.1258      378.4710  2332769    2.25%
  10951  4858      370.8183     7      370.1258      378.4549  2337290    2.25%
  10974  4861      376.2764    16      370.1258      378.4304  2342623    2.24%
  11000  4875      373.7287    11      370.1258      378.3784  2347056    2.23%
  11031  4891      371.3806    11      370.1258      378.3594  2351925    2.22%
  11060  4902        cutoff            370.1258      378.3399  2356448    2.22%
  11084  4916      370.7372    12      370.1258      378.3192  2359994    2.21%
Elapsed time = 1564.02 sec. (1798832.68 ticks, tree = 35.79 MB, solutions = 1)
  11105  4927      371.9198    10      370.1258      378.3048  2363971    2.21%
  11138  4946      371.8922     9      370.1258      378.3010  2367973    2.21%
  11159  4949      372.8066     8      370.1258      378.2816  2373195    2.20%
  11184  4965      371.5391     9      370.1258      378.2792  2378150    2.20%
  11208  4977      370.4533    13      370.1258      378.2689  2383265    2.20%
  11229  4986      372.0467    16      370.1258      378.2609  2388529    2.20%
  11257  4996      372.2027    12      370.1258      378.2262  2393824    2.19%
  11288  5008      371.5709    14      370.1258      378.2131  2398441    2.19%
  11314  5018      371.2687    10      370.1258      378.1938  2403550    2.18%
  11344  5036      373.4858    13      370.1258      378.1770  2407989    2.18%
Elapsed time = 1592.99 sec. (1838666.29 ticks, tree = 36.72 MB, solutions = 1)
  11368  5050      373.4032    10      370.1258      378.1737  2411869    2.17%
  11396  5062      373.4360    17      370.1258      378.1636  2416800    2.17%
  11418  5070      371.6718     7      370.1258      378.1472  2421270    2.17%
  11449  5083      371.1313    10      370.1258      378.1355  2426778    2.16%
  11468  5088      371.1633    12      370.1258      378.0859  2432059    2.15%
  11497  5098      372.5011     5      370.1258      378.0823  2436940    2.15%
  11526  5114        cutoff            370.1258      378.0713  2442382    2.15%
  11547  5124        cutoff            370.1258      378.0472  2446238    2.14%
  11572  5129      373.1852    14      370.1258      378.0410  2451812    2.14%
  11592  5139      375.1167    15      370.1258      378.0283  2456076    2.14%
Elapsed time = 1621.32 sec. (1878829.79 ticks, tree = 37.69 MB, solutions = 1)
  11617  5152        cutoff            370.1258      378.0276  2460702    2.13%
  11638  5157      370.4284    10      370.1258      378.0086  2465894    2.13%
  11661  5164      371.4208    10      370.1258      377.9928  2470318    2.13%
  11688  5174      370.8363     9      370.1258      377.9707  2475474    2.12%
  11720  5190      370.5505    10      370.1258      377.9658  2479713    2.12%
  11745  5195      371.6933     9      370.1258      377.9584  2483670    2.12%
  11766  5204      371.1195     8      370.1258      377.9055  2488356    2.10%
  11786  5212        cutoff            370.1258      377.8886  2493640    2.10%
  11810  5220      371.7947    11      370.1258      377.8771  2498254    2.09%
  11836  5236      371.1311    12      370.1258      377.8697  2503282    2.09%
Elapsed time = 1650.50 sec. (1917968.07 ticks, tree = 37.73 MB, solutions = 1)
  11856  5240      371.7226    10      370.1258      377.8556  2507899    2.09%
  11880  5250      371.2299    11      370.1258      377.8535  2512894    2.09%
  11905  5265      370.9083    11      370.1258      377.8374  2517740    2.08%
  11933  5277      370.7033     9      370.1258      377.7980  2522827    2.07%
  11956  5290      371.8670     9      370.1258      377.7777  2527640    2.07%
  11988  5300      371.5304    11      370.1258      377.7361  2533110    2.06%
  12022  5318      373.4119    12      370.1258      377.7280  2537400    2.05%
  12048  5326      372.6950    11      370.1258      377.7115  2543167    2.05%
  12074  5338        cutoff            370.1258      377.7060  2547743    2.05%
* 12077  4941      integral     0      370.6086      377.7055  2548592    1.91%
  12093  4941        cutoff            370.6086      377.6986  2552219    1.91%
Elapsed time = 1679.73 sec. (1957597.67 ticks, tree = 34.04 MB, solutions = 2)
  12119  4955        cutoff            370.6086      377.6687  2556903    1.91%
  12159  4977        cutoff            370.6086      377.6539  2561603    1.90%
  12191  4993        cutoff            370.6086      377.6265  2566550    1.89%
  12216  5006      371.1726     8      370.6086      377.6087  2571100    1.89%
  12242  5018      372.8143    13      370.6086      377.5963  2576413    1.89%
  12269  5025      373.9348    17      370.6086      377.5838  2581570    1.88%
  12295  5039      372.4260     9      370.6086      377.5734  2586122    1.88%
  12314  5048      371.4487    15      370.6086      377.5677  2590897    1.88%
  12340  5059      373.6205     4      370.6086      377.5516  2596290    1.87%
  12362  5065      371.6171     8      370.6086      377.5399  2601182    1.87%
Elapsed time = 1710.70 sec. (1997155.51 ticks, tree = 34.36 MB, solutions = 2)
  12386  5073      370.6375     9      370.6086      377.5236  2605408    1.87%
  12402  5073        cutoff            370.6086      377.5136  2610220    1.86%
  12431  5086      372.3032     3      370.6086      377.4932  2614710    1.86%
  12457  5099        cutoff            370.6086      377.4773  2619273    1.85%
  12480  5109      374.2550    16      370.6086      377.4605  2624709    1.85%
  12501  5118      372.9799    16      370.6086      377.4417  2629702    1.84%
  12521  5131      374.5082    19      370.6086      377.4408  2634314    1.84%
  12537  5139      371.6141     9      370.6086      377.4378  2639275    1.84%
  12558  5144      375.3422    17      370.6086      377.4240  2643983    1.84%
  12583  5159      373.8520    11      370.6086      377.4162  2649052    1.84%
Elapsed time = 1740.54 sec. (2037147.05 ticks, tree = 34.53 MB, solutions = 2)
  12607  5169      373.2906    15      370.6086      377.4043  2654097    1.83%
  12633  5177        cutoff            370.6086      377.3877  2658858    1.83%
  12653  5183      372.4040    10      370.6086      377.3786  2663355    1.83%
  12674  5186      372.3274    12      370.6086      377.3702  2668566    1.82%
  12698  5192      373.7674    12      370.6086      377.3511  2673222    1.82%
  12723  5205      372.1588    17      370.6086      377.3497  2677994    1.82%
  12745  5213        cutoff            370.6086      377.3399  2683143    1.82%
  12764  5225      372.0270    12      370.6086      377.3322  2688814    1.81%
  12783  5236      371.7025    18      370.6086      377.3287  2693898    1.81%
  12799  5238      374.7494    18      370.6086      377.2919  2698661    1.80%
Elapsed time = 1770.41 sec. (2077372.99 ticks, tree = 35.51 MB, solutions = 2)
  12827  5252        cutoff            370.6086      377.2885  2703049    1.80%
  12858  5275      371.5013     8      370.6086      377.2842  2707805    1.80%
  12880  5277      372.9110    14      370.6086      377.2645  2712713    1.80%
  12905  5284        cutoff            370.6086      377.2487  2717050    1.79%
  12932  5300      375.1285    14      370.6086      377.2262  2721825    1.79%
  12957  5315      373.8302    14      370.6086      377.2212  2726612    1.78%
  12975  5321      372.2969    13      370.6086      377.2204  2730805    1.78%
  13007  5335      371.9893     9      370.6086      377.1948  2736182    1.78%
  13038  5352      372.5650     8      370.6086      377.1818  2740297    1.77%
  13064  5364      374.5932    11      370.6086      377.1795  2745338    1.77%
Elapsed time = 1799.08 sec. (2117206.29 ticks, tree = 36.03 MB, solutions = 2)
  13092  5380      370.8519    13      370.6086      377.1731  2750314    1.77%
  13122  5392      370.6833     8      370.6086      377.1512  2755007    1.77%
  13148  5402        cutoff            370.6086      377.1454  2759588    1.76%
  13170  5408      374.6306     8      370.6086      377.1189  2764445    1.76%
  13199  5429      371.4924    10      370.6086      377.1167  2769049    1.76%
  13224  5436      372.7669    14      370.6086      377.1072  2774123    1.75%
  13248  5448      372.6664    13      370.6086      377.0895  2778796    1.75%
  13271  5463      373.7890    14      370.6086      377.0860  2783878    1.75%
  13303  5483      371.1590    12      370.6086      377.0829  2788900    1.75%
  13331  5499      371.7695    14      370.6086      377.0728  2793773    1.74%
Elapsed time = 1827.37 sec. (2156575.45 ticks, tree = 36.57 MB, solutions = 2)
  13355  5507      371.3340    11      370.6086      377.0546  2798607    1.74%
  13379  5513      371.5277    12      370.6086      377.0343  2803155    1.73%
  13417  5533        cutoff            370.6086      377.0155  2807991    1.73%
  13448  5544        cutoff            370.6086      377.0098  2812744    1.73%
  13470  5554      372.5771    11      370.6086      376.9872  2817730    1.72%
  13493  5569      370.8660     3      370.6086      376.9836  2822727    1.72%
  13512  5570      371.8288     8      370.6086      376.9648  2827590    1.72%
  13539  5581      371.9388     7      370.6086      376.9412  2832477    1.71%
  13559  5583      371.9710    10      370.6086      376.9102  2837280    1.70%
  13588  5594      371.0549    14      370.6086      376.8815  2842038    1.69%
Elapsed time = 1857.69 sec. (2196524.80 ticks, tree = 36.77 MB, solutions = 2)
  13608  5602      371.3104    13      370.6086      376.8677  2846963    1.69%
  13632  5611      371.0794    11      370.6086      376.8539  2851498    1.69%
  13658  5619      372.5947    14      370.6086      376.8477  2855349    1.68%
  13683  5620        cutoff            370.6086      376.8251  2860285    1.68%
  13703  5628      371.3567     9      370.6086      376.8110  2865396    1.67%
  13727  5638      374.8205    16      370.6086      376.8036  2870003    1.67%
  13756  5659      373.1707    15      370.6086      376.7933  2874534    1.67%
  13784  5675      371.2641     9      370.6086      376.7814  2879150    1.67%
  13824  5695      372.2290     9      370.6086      376.7756  2884479    1.66%
  13854  5703      372.4765    12      370.6086      376.7469  2889905    1.66%
Elapsed time = 1887.02 sec. (2236814.81 ticks, tree = 38.26 MB, solutions = 2)
  13876  5703      373.1961    12      370.6086      376.7193  2895078    1.65%
  13904  5725      370.9979    17      370.6086      376.7146  2899883    1.65%
  13926  5727      372.2361     6      370.6086      376.7028  2903931    1.64%
  13960  5741      370.9543    10      370.6086      376.6911  2908446    1.64%
  13987  5753      372.3115    12      370.6086      376.6854  2912921    1.64%
  14012  5758        cutoff            370.6086      376.6686  2917695    1.64%
  14039  5769      372.4969    11      370.6086      376.6478  2922623    1.63%
  14070  5788      371.6097    10      370.6086      376.6436  2927613    1.63%
  14093  5785        cutoff            370.6086      376.6200  2932891    1.62%
  14119  5792      372.6406    10      370.6086      376.5806  2937671    1.61%
Elapsed time = 1915.94 sec. (2276003.86 ticks, tree = 38.53 MB, solutions = 2)
  14147  5806      373.2372    11      370.6086      376.5680  2942209    1.61%
  14174  5817      371.6955    11      370.6086      376.5614  2946364    1.61%
  14207  5830      372.3581    10      370.6086      376.5369  2951220    1.60%
  14235  5842      372.4575     9      370.6086      376.5213  2955906    1.60%
  14263  5850      371.4799    14      370.6086      376.5071  2961157    1.59%
  14291  5860      372.3013    12      370.6086      376.4864  2966034    1.59%
  14325  5874      373.2068    10      370.6086      376.4767  2970678    1.58%
  14358  5891        cutoff            370.6086      376.4628  2975377    1.58%
  14383  5898      371.9464     8      370.6086      376.4427  2980388    1.57%
  14412  5911      373.7020    17      370.6086      376.4345  2985507    1.57%
Elapsed time = 1944.44 sec. (2315592.74 ticks, tree = 38.69 MB, solutions = 2)
  14444  5923      376.2899    18      370.6086      376.4305  2990403    1.57%
  14471  5934        cutoff            370.6086      376.4280  2995343    1.57%
  14493  5938      371.9458    12      370.6086      376.4168  3000106    1.57%
  14522  5955      371.1854    11      370.6086      376.4059  3005014    1.56%
  14553  5968      372.6728    14      370.6086      376.3987  3009566    1.56%
  14579  5976      373.8812    12      370.6086      376.3944  3014291    1.56%
  14610  5989      370.7213    10      370.6086      376.3830  3018988    1.56%
  14638  5991        cutoff            370.6086      376.3625  3023974    1.55%
  14659  5990      373.0768     5      370.6086      376.3328  3028753    1.54%
  14689  6008      371.0259    12      370.6086      376.3297  3031641    1.54%
Elapsed time = 1973.05 sec. (2355090.38 ticks, tree = 40.08 MB, solutions = 2)
  14721  6022        cutoff            370.6086      376.3259  3034681    1.54%
  14750  6033      371.5862     7      370.6086      376.3176  3037896    1.54%
  14772  6041        cutoff            370.6086      376.2965  3040956    1.53%
  14789  6038      371.9634     9      370.6086      376.2811  3044706    1.53%
  14811  6041      371.4866     9      370.6086      376.2757  3047626    1.53%
  14841  6056      372.0296    10      370.6086      376.2681  3051153    1.53%
  14873  6068      372.2152     8      370.6086      376.2543  3053933    1.52%
  14899  6076      370.9175     9      370.6086      376.2435  3057757    1.52%
  14921  6084      373.0950    12      370.6086      376.2382  3060851    1.52%
  14947  6090      370.9260    13      370.6086      376.2326  3064659    1.52%
Elapsed time = 2000.53 sec. (2395016.81 ticks, tree = 54.08 MB, solutions = 2)
  14971  6102      371.2139    10      370.6086      376.2251  3067675    1.52%
  14995  6112      371.8375    11      370.6086      376.2169  3070522    1.51%
  15015  6114      372.5210    10      370.6086      376.1935  3073839    1.51%
  15044  6125      373.1185    13      370.6086      376.1878  3077034    1.51%
  15068  6139      370.9357    10      370.6086      376.1803  3080098    1.50%
  15092  6147      370.9268    11      370.6086      376.1649  3083471    1.50%
  15122  6157      371.1837    12      370.6086      376.1608  3086377    1.50%
  15154  6167        cutoff            370.6086      376.1528  3090421    1.50%
  15182  6173        cutoff            370.6086      376.1374  3093710    1.49%
  15206  6179      371.7398    10      370.6086      376.1219  3097138    1.49%
Elapsed time = 2028.18 sec. (2435157.37 ticks, tree = 64.46 MB, solutions = 2)
  15227  6186      370.8912    10      370.6086      376.1082  3100334    1.48%
  15255  6192      371.8028    11      370.6086      376.0833  3103561    1.48%
  15282  6197        cutoff            370.6086      376.0755  3106712    1.48%
  15307  6210      372.0790     8      370.6086      376.0597  3109567    1.47%
  15329  6214        cutoff            370.6086      376.0350  3112968    1.46%
  15354  6217        cutoff            370.6086      376.0151  3116217    1.46%
  15366  6209      372.6681    10      370.6086      375.9961  3119663    1.45%
  15392  6221      371.5088     7      370.6086      375.9943  3123342    1.45%
  15416  6229      371.4394     9      370.6086      375.9876  3126470    1.45%
  15446  6243        cutoff            370.6086      375.9803  3129559    1.45%
Elapsed time = 2055.94 sec. (2474674.13 ticks, tree = 75.07 MB, solutions = 2)
  15464  6241      374.0523    12      370.6086      375.9542  3133090    1.44%
  15493  6254        cutoff            370.6086      375.9503  3136194    1.44%
  15516  6267      371.2639    10      370.6086      375.9392  3139720    1.44%
  15546  6281      371.3990     9      370.6086      375.9197  3142468    1.43%
  15570  6283        cutoff            370.6086      375.9027  3145698    1.43%
  15588  6282      371.6367    10      370.6086      375.8851  3149052    1.42%
  15619  6293      371.1002    11      370.6086      375.8705  3151898    1.42%
  15648  6304        cutoff            370.6086      375.8606  3154926    1.42%
  15672  6312      372.5433    11      370.6086      375.8424  3157876    1.41%
  15700  6318        cutoff            370.6086      375.8341  3161405    1.41%
Elapsed time = 2082.09 sec. (2513919.14 ticks, tree = 86.47 MB, solutions = 2)
  15726  6328      370.9061    10      370.6086      375.8241  3164589    1.41%
  15752  6338        cutoff            370.6086      375.8154  3167774    1.40%
  15776  6344      370.6159    11      370.6086      375.8049  3170738    1.40%
  15805  6355      373.0204    11      370.6086      375.7980  3173928    1.40%
  15840  6372      373.3127    11      370.6086      375.7883  3177135    1.40%
  15869  6383      371.1339    10      370.6086      375.7724  3180638    1.39%
  15896  6390      371.8264     8      370.6086      375.7656  3183764    1.39%
  15928  6402      371.7993    10      370.6086      375.7461  3186739    1.39%
  15953  6409        cutoff            370.6086      375.7349  3190071    1.38%
  15977  6407      372.2703    12      370.6086      375.7236  3193509    1.38%
Elapsed time = 2109.02 sec. (2553982.35 ticks, tree = 100.65 MB, solutions = 2)
  16001  6416      370.9640     7      370.6086      375.7164  3196022    1.38%
  16028  6419        cutoff            370.6086      375.6888  3199294    1.37%
  16041  6412      372.9520    10      370.6086      375.6649  3202924    1.36%
  16068  6419      370.6849     9      370.6086      375.6608  3205802    1.36%
  16095  6418        cutoff            370.6086      375.6471  3209082    1.36%
  16116  6423      370.6807     9      370.6086      375.6322  3212900    1.36%
  16140  6427      372.3328    11      370.6086      375.6154  3215616    1.35%
  16165  6428        cutoff            370.6086      375.6098  3218927    1.35%
  16190  6435      370.6798     6      370.6086      375.5935  3222244    1.35%
  16209  6438      371.3329    11      370.6086      375.5886  3225447    1.34%
Elapsed time = 2135.72 sec. (2592903.13 ticks, tree = 108.88 MB, solutions = 2)
  16232  6445      373.2244    17      370.6086      375.5705  3228721    1.34%
  16255  6452      371.5508    10      370.6086      375.5627  3231809    1.34%
  16276  6455      371.6779     9      370.6086      375.5486  3234922    1.33%
  16304  6473      372.6007    13      370.6086      375.5461  3237666    1.33%
  16334  6492      370.8244     4      370.6086      375.5434  3240488    1.33%
  16358  6485        cutoff            370.6086      375.5233  3243820    1.33%
  16382  6494      371.2889     9      370.6086      375.5137  3246935    1.32%
  16404  6492        cutoff            370.6086      375.4935  3250071    1.32%
  16431  6493        cutoff            370.6086      375.4747  3253683    1.31%
  16452  6494        cutoff            370.6086      375.4677  3256783    1.31%
Elapsed time = 2162.09 sec. (2632126.70 ticks, tree = 122.55 MB, solutions = 2)
  16474  6494      371.6175    11      370.6086      375.4595  3260249    1.31%
  16504  6512      371.3955    12      370.6086      375.4536  3262938    1.31%
  16525  6515      372.4731    11      370.6086      375.4492  3266198    1.31%
  16550  6516        cutoff            370.6086      375.4392  3269283    1.30%
  16572  6514        cutoff            370.6086      375.4258  3273015    1.30%
  16595  6521        cutoff            370.6086      375.4201  3275963    1.30%
  16620  6528        cutoff            370.6086      375.4053  3279073    1.29%
  16650  6536        cutoff            370.6086      375.3826  3282757    1.29%
  16681  6551      372.7088    14      370.6086      375.3698  3285514    1.28%
  16708  6560      370.8132    10      370.6086      375.3645  3288751    1.28%
Elapsed time = 2188.45 sec. (2671924.37 ticks, tree = 132.20 MB, solutions = 2)
  16737  6563      370.8454     6      370.6086      375.3526  3291939    1.28%
  16764  6563        cutoff            370.6086      375.3355  3295185    1.28%
  16790  6561        cutoff            370.6086      375.3173  3298746    1.27%
  16814  6563        cutoff            370.6086      375.3057  3302169    1.27%
  16834  6561      371.9861     9      370.6086      375.2846  3305442    1.26%
  16863  6574      370.8168    10      370.6086      375.2769  3308261    1.26%
  16897  6586      372.5534     7      370.6086      375.2688  3311581    1.26%
  16917  6580        cutoff            370.6086      375.2456  3314898    1.25%
  16939  6580      371.2720     3      370.6086      375.2387  3318306    1.25%
  16971  6588      370.7657     9      370.6086      375.2299  3321415    1.25%
Elapsed time = 2215.30 sec. (2712054.57 ticks, tree = 138.76 MB, solutions = 2)
  16996  6585      371.1941     8      370.6086      375.2092  3324273    1.24%
  17019  6582      372.5668     9      370.6086      375.1959  3327922    1.24%
  17046  6583      372.9031    12      370.6086      375.1849  3331188    1.23%
  17074  6592      372.4515     6      370.6086      375.1798  3334336    1.23%
  17109  6607        cutoff            370.6086      375.1650  3337318    1.23%
  17137  6617        cutoff            370.6086      375.1507  3340653    1.23%
  17163  6623        cutoff            370.6086      375.1370  3343851    1.22%
  17186  6626      372.1207    13      370.6086      375.1340  3347046    1.22%
  17213  6634      372.5609    11      370.6086      375.1266  3350115    1.22%
  17239  6644      371.5328    10      370.6086      375.1202  3353285    1.22%
Elapsed time = 2241.49 sec. (2751713.74 ticks, tree = 150.15 MB, solutions = 2)
  17269  6648      372.2191    13      370.6086      375.1056  3356261    1.21%
  17292  6647        cutoff            370.6086      375.0856  3360001    1.21%
  17317  6642        cutoff            370.6086      375.0548  3363440    1.20%
  17343  6658      370.9116    11      370.6086      375.0505  3366432    1.20%
  17366  6657      372.3742     9      370.6086      375.0346  3369462    1.19%
  17396  6671      372.9706    13      370.6086      375.0249  3373141    1.19%
  17419  6676      370.9104     9      370.6086      375.0145  3376437    1.19%
  17449  6684      370.8703     8      370.6086      375.0012  3379200    1.19%
  17474  6681      371.2555     8      370.6086      374.9947  3382326    1.18%
  17503  6680        cutoff            370.6086      374.9778  3385680    1.18%
Elapsed time = 2267.90 sec. (2791826.54 ticks, tree = 160.58 MB, solutions = 2)
  17525  6682        cutoff            370.6086      374.9544  3388975    1.17%
  17546  6681      371.9886     9      370.6086      374.9407  3392385    1.17%
  17576  6689        cutoff            370.6086      374.9281  3395585    1.17%
  17603  6692      374.0890    13      370.6086      374.9205  3398540    1.16%
  17630  6705      371.8540     9      370.6086      374.9138  3401870    1.16%
  17654  6695        cutoff            370.6086      374.8994  3406089    1.16%
  17679  6695      370.8469     8      370.6086      374.8860  3409151    1.15%
  17704  6698      373.5803    15      370.6086      374.8761  3412411    1.15%
  17726  6696      370.8464     6      370.6086      374.8713  3415856    1.15%
  17757  6694      370.9265    12      370.6086      374.8544  3420136    1.15%
Elapsed time = 2296.59 sec. (2832074.41 ticks, tree = 168.84 MB, solutions = 2)
  17780  6689      371.0022     9      370.6086      374.8458  3422950    1.14%
  17811  6696      371.0639     8      370.6086      374.8314  3426081    1.14%
  17840  6707      371.1660    13      370.6086      374.8269  3429043    1.14%
  17865  6706        cutoff            370.6086      374.8181  3432501    1.14%
  17891  6710      371.4462    10      370.6086      374.8037  3435542    1.13%
  17915  6712      372.5576    16      370.6086      374.7920  3438897    1.13%
  17936  6711      372.4626     9      370.6086      374.7799  3442061    1.13%
  17965  6718        cutoff            370.6086      374.7749  3445136    1.12%
  17995  6720        cutoff            370.6086      374.7541  3448034    1.12%
  18021  6728        cutoff            370.6086      374.7409  3450936    1.12%
Elapsed time = 2322.38 sec. (2871313.38 ticks, tree = 177.93 MB, solutions = 2)
  18046  6723      371.0570     5      370.6086      374.7231  3454181    1.11%
  18069  6716      372.9832    10      370.6086      374.6995  3457355    1.10%
  18096  6718      370.6399    10      370.6086      374.6885  3460752    1.10%
  18119  6713      370.8343    15      370.6086      374.6723  3464185    1.10%
  18144  6708      370.9211     8      370.6086      374.6561  3467340    1.09%
  18169  6705      370.7646     5      370.6086      374.6436  3470993    1.09%
  18195  6695        cutoff            370.6086      374.6243  3474212    1.08%
  18213  6689      372.2147    11      370.6086      374.6114  3477376    1.08%
  18243  6689        cutoff            370.6086      374.5976  3480112    1.08%
  18266  6692      371.0316     5      370.6086      374.5889  3482876    1.07%
Elapsed time = 2348.46 sec. (2910387.90 ticks, tree = 183.39 MB, solutions = 2)
  18290  6692      371.7311    10      370.6086      374.5810  3486030    1.07%
  18324  6700        cutoff            370.6086      374.5748  3488891    1.07%
  18347  6705      370.8973    10      370.6086      374.5603  3492114    1.07%
  18373  6695        cutoff            370.6086      374.5300  3495344    1.06%
  18399  6697        cutoff            370.6086      374.5130  3498495    1.05%
  18424  6698      371.0208    11      370.6086      374.5028  3501587    1.05%
  18451  6691        cutoff            370.6086      374.4887  3504456    1.05%
  18475  6685        cutoff            370.6086      374.4737  3507767    1.04%
  18499  6688        cutoff            370.6086      374.4607  3510987    1.04%
  18525  6689        cutoff            370.6086      374.4478  3514635    1.04%
Elapsed time = 2373.96 sec. (2949352.81 ticks, tree = 191.52 MB, solutions = 2)
  18550  6684      371.3277    12      370.6086      374.4348  3517633    1.03%
  18575  6689      370.9001     5      370.6086      374.4298  3520553    1.03%
  18598  6678      371.3040     7      370.6086      374.4124  3523742    1.03%
  18622  6666        cutoff            370.6086      374.3896  3526965    1.02%
  18644  6671      372.2538     8      370.6086      374.3834  3529842    1.02%
  18671  6674        cutoff            370.6086      374.3745  3532677    1.02%
  18696  6673      371.3318     9      370.6086      374.3664  3535689    1.01%
  18723  6676        cutoff            370.6086      374.3579  3538642    1.01%
  18747  6671      373.7819    15      370.6086      374.3390  3541832    1.01%
  18775  6681      370.9498     7      370.6086      374.3317  3544609    1.00%
Elapsed time = 2398.85 sec. (2988518.22 ticks, tree = 200.19 MB, solutions = 2)
  18794  6670        cutoff            370.6086      374.3265  3548157    1.00%
  18816  6668      370.8812     6      370.6086      374.3136  3551361    1.00%
  18839  6661        cutoff            370.6086      374.3034  3554427    1.00%
  18864  6658      371.6917     9      370.6086      374.2896  3557339    0.99%
  18892  6650        cutoff            370.6086      374.2754  3560277    0.99%
  18916  6648      371.8293     9      370.6086      374.2688  3563342    0.99%
  18942  6656      370.6106    11      370.6086      374.2582  3566402    0.98%
  18965  6653        cutoff            370.6086      374.2512  3569670    0.98%
  18991  6649      370.7752     9      370.6086      374.2347  3572971    0.98%
  19022  6649      370.7223     9      370.6086      374.2178  3576028    0.97%
Elapsed time = 2424.51 sec. (3027927.50 ticks, tree = 206.75 MB, solutions = 2)
  19050  6653      373.4933     7      370.6086      374.2077  3578746    0.97%
  19079  6650      373.4318    13      370.6086      374.1957  3581831    0.97%
  19104  6641      371.6031     8      370.6086      374.1842  3585076    0.96%
  19128  6639        cutoff            370.6086      374.1726  3588253    0.96%
  19153  6624        cutoff            370.6086      374.1517  3591463    0.96%
  19178  6627        cutoff            370.6086      374.1381  3594129    0.95%
  19202  6615        cutoff            370.6086      374.1215  3597649    0.95%
  19228  6615      371.3579    11      370.6086      374.1095  3600907    0.94%
  19263  6631      370.7899     6      370.6086      374.1061  3603943    0.94%
  19291  6631        cutoff            370.6086      374.0981  3607134    0.94%
Elapsed time = 2450.02 sec. (3066858.20 ticks, tree = 214.10 MB, solutions = 2)
  19316  6630      373.7744    15      370.6086      374.0910  3610202    0.94%
  19346  6632        cutoff            370.6086      374.0824  3613210    0.94%
  19374  6636      370.7302    11      370.6086      374.0729  3616300    0.93%
  19399  6625      372.8163    13      370.6086      374.0595  3619533    0.93%
  19424  6619      370.6803     7      370.6086      374.0412  3622655    0.93%
  19450  6609      371.0690    10      370.6086      374.0248  3626341    0.92%
  19476  6605        cutoff            370.6086      374.0094  3629472    0.92%
  19506  6597        cutoff            370.6086      374.0008  3632635    0.92%
  19531  6586      373.6841    12      370.6086      373.9884  3635831    0.91%
  19558  6581      373.3708    15      370.6086      373.9768  3638743    0.91%
Elapsed time = 2475.97 sec. (3106321.11 ticks, tree = 217.89 MB, solutions = 2)
  19581  6572        cutoff            370.6086      373.9612  3641909    0.90%
  19604  6565      372.3193    10      370.6086      373.9411  3645283    0.90%
  19631  6568      370.9649     9      370.6086      373.9335  3648488    0.90%
  19656  6565      372.9619    13      370.6086      373.9252  3651187    0.89%
  19683  6562        cutoff            370.6086      373.9141  3654305    0.89%
  19706  6557      370.6755     6      370.6086      373.9025  3657373    0.89%
  19733  6552        cutoff            370.6086      373.8937  3660675    0.89%
  19764  6543        cutoff            370.6086      373.8814  3663336    0.88%
  19792  6545      373.3051     9      370.6086      373.8710  3666081    0.88%
  19826  6543        cutoff            370.6086      373.8634  3668656    0.88%
Elapsed time = 2500.43 sec. (3145196.97 ticks, tree = 224.06 MB, solutions = 2)
  19852  6541        cutoff            370.6086      373.8535  3671665    0.88%
  19879  6531      371.5772     9      370.6086      373.8376  3675198    0.87%
  19910  6526        cutoff            370.6086      373.8249  3678520    0.87%
  19931  6515      370.8474    11      370.6086      373.8124  3682045    0.86%
  19957  6513        cutoff            370.6086      373.8052  3684885    0.86%
  19988  6505      370.8511     8      370.6086      373.7871  3687963    0.86%
  20017  6486        cutoff            370.6086      373.7714  3691320    0.85%
  20041  6483      370.7922     5      370.6086      373.7617  3694478    0.85%
  20069  6471        cutoff            370.6086      373.7430  3697480    0.85%
  20100  6478      370.8626     6      370.6086      373.7349  3700642    0.84%
Elapsed time = 2527.14 sec. (3184880.47 ticks, tree = 228.05 MB, solutions = 2)
  20134  6481        cutoff            370.6086      373.7297  3703860    0.84%
  20160  6473      371.1232    11      370.6086      373.7190  3706762    0.84%
  20184  6466        cutoff            370.6086      373.7103  3709784    0.84%
  20210  6450      370.7806     8      370.6086      373.6971  3713020    0.83%
  20240  6440      371.2788     9      370.6086      373.6797  3715855    0.83%
  20264  6421        cutoff            370.6086      373.6567  3718746    0.82%
  20293  6424      371.1065     5      370.6086      373.6510  3721731    0.82%
  20326  6415        cutoff            370.6086      373.6362  3724858    0.82%
  20355  6410      370.9853    10      370.6086      373.6233  3727727    0.81%
  20381  6393        cutoff            370.6086      373.6120  3730488    0.81%
Elapsed time = 2552.56 sec. (3223861.10 ticks, tree = 234.01 MB, solutions = 2)
  20409  6387      371.4808     9      370.6086      373.5989  3733286    0.81%
  20435  6379      370.7566    10      370.6086      373.5922  3736685    0.81%
  20456  6372      371.5785    10      370.6086      373.5814  3739881    0.80%
  20486  6352      371.4074     9      370.6086      373.5601  3743110    0.80%
  20519  6343        cutoff            370.6086      373.5460  3746125    0.79%
  20546  6346      371.1546     6      370.6086      373.5367  3749213    0.79%
  20578  6340      371.8003     8      370.6086      373.5228  3752285    0.79%
  20605  6329        cutoff            370.6086      373.5119  3755270    0.78%
  20634  6322        cutoff            370.6086      373.5014  3758489    0.78%
  20661  6307        cutoff            370.6086      373.4806  3761503    0.77%
Elapsed time = 2578.18 sec. (3263289.43 ticks, tree = 236.09 MB, solutions = 2)
  20695  6309      371.7846    10      370.6086      373.4710  3764319    0.77%
  20722  6296      371.1635     9      370.6086      373.4550  3767572    0.77%
  20751  6281      370.9798     6      370.6086      373.4365  3770525    0.76%
  20778  6262        cutoff            370.6086      373.4179  3774004    0.76%
  20806  6238        cutoff            370.6086      373.3970  3776906    0.75%
  20832  6216        cutoff            370.6086      373.3804  3779781    0.75%
  20857  6207      371.0107     5      370.6086      373.3700  3782719    0.75%
  20887  6185        cutoff            370.6086      373.3482  3785645    0.74%
  20913  6165        cutoff            370.6086      373.3330  3789058    0.74%
  20943  6165      371.0041     4      370.6086      373.3230  3791645    0.73%
Elapsed time = 2604.67 sec. (3303230.30 ticks, tree = 236.12 MB, solutions = 2)
  20972  6148        cutoff            370.6086      373.3116  3794726    0.73%
  21001  6137      371.4104     7      370.6086      373.2940  3797640    0.72%
  21030  6126      371.2781     5      370.6086      373.2762  3800875    0.72%
  21063  6115        cutoff            370.6086      373.2568  3803813    0.71%
  21093  6103      371.2936    14      370.6086      373.2438  3806851    0.71%
  21127  6108        cutoff            370.6086      373.2359  3809758    0.71%
  21159  6098        cutoff            370.6086      373.2275  3812732    0.71%
  21191  6078      370.6964    10      370.6086      373.2082  3815984    0.70%
  21218  6069      371.0817    13      370.6086      373.1936  3818897    0.70%
  21245  6058        cutoff            370.6086      373.1787  3822057    0.69%
Elapsed time = 2630.31 sec. (3342804.81 ticks, tree = 238.33 MB, solutions = 2)
  21276  6057      370.9967    12      370.6086      373.1706  3825030    0.69%
  21309  6054        cutoff            370.6086      373.1592  3827450    0.69%
  21341  6050      370.7962     5      370.6086      373.1472  3830200    0.69%
  21369  6036        cutoff            370.6086      373.1387  3833172    0.68%
  21401  6028        cutoff            370.6086      373.1255  3835765    0.68%
  21428  6007        cutoff            370.6086      373.1099  3838757    0.67%
  21454  5991        cutoff            370.6086      373.0985  3841631    0.67%
  21484  5965        cutoff            370.6086      373.0781  3844283    0.67%
  21512  5949      372.5484     8      370.6086      373.0660  3847270    0.66%
  21545  5937      371.8022    14      370.6086      373.0484  3850118    0.66%
Elapsed time = 2654.97 sec. (3381436.15 ticks, tree = 240.11 MB, solutions = 2)
  21577  5921        cutoff            370.6086      373.0334  3852813    0.65%
  21609  5913        cutoff            370.6086      373.0245  3855610    0.65%
  21636  5900      372.0143     9      370.6086      373.0084  3858677    0.65%
  21670  5878      371.5940     4      370.6086      372.9988  3861480    0.64%
  21707  5853        cutoff            370.6086      372.9814  3863953    0.64%
  21738  5844      371.7678     9      370.6086      372.9703  3866975    0.64%
  21766  5826      371.8468     5      370.6086      372.9597  3869784    0.63%
  21794  5812      370.6954     8      370.6086      372.9494  3873018    0.63%
  21827  5795        cutoff            370.6086      372.9396  3875601    0.63%
  21858  5766        cutoff            370.6086      372.9182  3878529    0.62%
Elapsed time = 2680.24 sec. (3420890.03 ticks, tree = 238.85 MB, solutions = 2)
  21888  5736        cutoff            370.6086      372.8955  3881291    0.62%
  21916  5736      371.2953    14      370.6086      372.8859  3884352    0.61%
  21949  5721        cutoff            370.6086      372.8758  3887018    0.61%
  21986  5708        cutoff            370.6086      372.8552  3889825    0.61%
  22019  5689      370.6417     6      370.6086      372.8421  3892928    0.60%
  22053  5667        cutoff            370.6086      372.8196  3895343    0.60%
  22083  5651        cutoff            370.6086      372.8031  3898055    0.59%
  22111  5625        cutoff            370.6086      372.7882  3900903    0.59%
  22144  5597        cutoff            370.6086      372.7690  3903251    0.58%
  22177  5588        cutoff            370.6086      372.7616  3905541    0.58%
Elapsed time = 2705.17 sec. (3460189.67 ticks, tree = 236.69 MB, solutions = 2)
  22213  5585      371.0788    11      370.6086      372.7481  3908151    0.58%
  22247  5563        cutoff            370.6086      372.7364  3911086    0.57%
  22281  5569        cutoff            370.6086      372.7278  3913826    0.57%
  22314  5558        cutoff            370.6086      372.7147  3916451    0.57%
  22349  5523        cutoff            370.6086      372.6956  3918718    0.56%
  22381  5505      371.1269     4      370.6086      372.6825  3921254    0.56%
  22411  5483        cutoff            370.6086      372.6680  3923907    0.56%
  22442  5468        cutoff            370.6086      372.6495  3926349    0.55%
  22472  5451        cutoff            370.6086      372.6412  3929129    0.55%
  22502  5421        cutoff            370.6086      372.6232  3932082    0.54%
Elapsed time = 2730.16 sec. (3498928.37 ticks, tree = 235.93 MB, solutions = 2)
  22536  5405      370.7172     8      370.6086      372.6146  3934329    0.54%
  22570  5371        cutoff            370.6086      372.5905  3936942    0.53%
  22606  5343        cutoff            370.6086      372.5680  3939479    0.53%
  22637  5314        cutoff            370.6086      372.5546  3942414    0.53%
  22668  5295      371.3068     9      370.6086      372.5417  3945053    0.52%
  22706  5279        cutoff            370.6086      372.5304  3947892    0.52%
  22741  5256        cutoff            370.6086      372.5174  3950333    0.52%
  22776  5231        cutoff            370.6086      372.5046  3953041    0.51%
  22812  5196        cutoff            370.6086      372.4865  3955207    0.51%
  22847  5169        cutoff            370.6086      372.4721  3957394    0.50%
Elapsed time = 2754.32 sec. (3538001.91 ticks, tree = 229.15 MB, solutions = 2)
  22881  5135        cutoff            370.6086      372.4567  3959648    0.50%
  22919  5105        cutoff            370.6086      372.4427  3961633    0.49%
  22957  5083        cutoff            370.6086      372.4330  3964253    0.49%
  22994  5050        cutoff            370.6086      372.4191  3966373    0.49%
  23030  5032      371.0840     6      370.6086      372.4078  3968838    0.49%
  23068  4998        cutoff            370.6086      372.3925  3970762    0.48%
  23106  4976        cutoff            370.6086      372.3752  3973215    0.48%
  23141  4957        cutoff            370.6086      372.3668  3975628    0.47%
  23174  4936        cutoff            370.6086      372.3522  3978286    0.47%
  23212  4906        cutoff            370.6086      372.3329  3980055    0.47%
Elapsed time = 2779.23 sec. (3576773.05 ticks, tree = 223.30 MB, solutions = 2)
  23251  4869        cutoff            370.6086      372.3133  3981882    0.46%
  23287  4841        cutoff            370.6086      372.2997  3984133    0.46%
  23321  4833        cutoff            370.6086      372.2934  3986788    0.45%
  23354  4812        cutoff            370.6086      372.2835  3989081    0.45%
  23393  4773        cutoff            370.6086      372.2653  3991120    0.45%
  23431  4745        cutoff            370.6086      372.2521  3993251    0.44%
  23468  4718        cutoff            370.6086      372.2407  3995332    0.44%
  23502  4694        cutoff            370.6086      372.2297  3998020    0.44%
  23540  4674        cutoff            370.6086      372.2191  4000658    0.43%
  23577  4637        cutoff            370.6086      372.2025  4002654    0.43%
Elapsed time = 2802.66 sec. (3615391.83 ticks, tree = 212.83 MB, solutions = 2)
  23616  4604        cutoff            370.6086      372.1875  4004720    0.43%
  23650  4576        cutoff            370.6086      372.1778  4006934    0.42%
  23691  4539        cutoff            370.6086      372.1617  4008827    0.42%
  23729  4515        cutoff            370.6086      372.1482  4010908    0.42%
  23768  4482        cutoff            370.6086      372.1320  4012736    0.41%
  23803  4463        cutoff            370.6086      372.1241  4015563    0.41%
  23838  4438        cutoff            370.6086      372.1154  4018133    0.41%
  23879  4411        cutoff            370.6086      372.1012  4020984    0.40%
  23916  4374        cutoff            370.6086      372.0823  4023123    0.40%
  23955  4335        cutoff            370.6086      372.0695  4024822    0.39%
Elapsed time = 2825.39 sec. (3654082.10 ticks, tree = 202.75 MB, solutions = 2)
  23994  4296        cutoff            370.6086      372.0535  4026515    0.39%
  24033  4259        cutoff            370.6086      372.0370  4028347    0.39%
  24069  4227        cutoff            370.6086      372.0208  4030348    0.38%
  24111  4197        cutoff            370.6086      372.0066  4032215    0.38%
  24149  4173        cutoff            370.6086      371.9968  4034134    0.37%
  24188  4138        cutoff            370.6086      371.9873  4035874    0.37%
  24226  4110        cutoff            370.6086      371.9768  4037555    0.37%
  24265  4073        cutoff            370.6086      371.9617  4039276    0.37%
  24305  4033        cutoff            370.6086      371.9488  4040775    0.36%
  24346  3992        cutoff            370.6086      371.9327  4042261    0.36%
Elapsed time = 2848.68 sec. (3692936.82 ticks, tree = 193.06 MB, solutions = 2)
  24389  3962      371.5993    11      370.6086      371.9168  4044098    0.35%
  24431  3930        cutoff            370.6086      371.9048  4046041    0.35%
  24470  3895      370.6643     5      370.6086      371.8891  4047914    0.35%
  24511  3864        cutoff            370.6086      371.8747  4049709    0.34%
  24550  3825        cutoff            370.6086      371.8618  4051456    0.34%
  24589  3790        cutoff            370.6086      371.8476  4053164    0.33%
  24632  3751        cutoff            370.6086      371.8285  4054784    0.33%
  24674  3717        cutoff            370.6086      371.8150  4056530    0.33%
  24715  3682      370.9261    12      370.6086      371.8052  4058127    0.32%
  24882  3524        cutoff            370.6086      371.7452  4064097    0.31%
Elapsed time = 2877.90 sec. (3743169.89 ticks, tree = 172.05 MB, solutions = 2)
  25050  3366        cutoff            370.6086      371.6905  4070008    0.29%
  25225  3203        cutoff            370.6086      371.6398  4075711    0.28%
  25400  3047        cutoff            370.6086      371.5927  4081437    0.27%
  25570  2889      370.9340    10      370.6086      371.5380  4086742    0.25%
  25745  2726        cutoff            370.6086      371.4864  4091842    0.24%
  25924  2563        cutoff            370.6086      371.4308  4096517    0.22%
  26107  2397        cutoff            370.6086      371.3762  4101021    0.21%
  26291  2219        cutoff            370.6086      371.3209  4105104    0.19%
  26472  2038        cutoff            370.6086      371.2592  4108962    0.18%
  26664  1850        cutoff            370.6086      371.2038  4112442    0.16%
Elapsed time = 2963.73 sec. (3896124.25 ticks, tree = 98.11 MB, solutions = 2)
  26851  1668        cutoff            370.6086      371.1528  4115966    0.15%
  27046  1473        cutoff            370.6086      371.0981  4119007    0.13%
  27243  1278        cutoff            370.6086      371.0516  4121688    0.12%
  27446  1077        cutoff            370.6086      371.0008  4124082    0.11%
  27655   870        cutoff            370.6086      370.9374  4126289    0.09%
  27869   662        cutoff            370.6086      370.8785  4128228    0.07%
  28083   448        cutoff            370.6086      370.8120  4129787    0.05%
  28301   232        cutoff            370.6086      370.7305  4130969    0.03%
  28525     8        cutoff            370.6086      370.6187  4131666    0.00%

Flow cuts applied:  1
Mixed integer rounding cuts applied:  14
Gomory fractional cuts applied:  7
User cuts applied:  17439

Root node processing (before b&c):
  Real time             =   14.69 sec. (4526.89 ticks)
Sequential b&c:
  Real time             = 3020.21 sec. (4030043.26 ticks)
                          ------------
Total (root+branch&cut) = 3034.90 sec. (4034570.15 ticks)
|V|                                     600
K                                       5
theta                                   0.20
r                                       10
R                                       25
prob_func                               linear
#C1                                     5086
#CP                                     70238

@Parameters: 
am_callback_heuristic                   false
am_local_search                         true
am_start_heuristic                      false
colocation                              true
comp                                    false
cutC                                    true
cutC_init                               false
cutF                                    true
cutF_init                               false
cutF_stable                             false
cutF_wrong                              false
cutLocal                                false
cutM                                    true
cutM_init                               true
cutM_stable                             false
cutP                                    true
cutP_init                               false
cutP_stable                             false
init                                    true
init_cutF_zero                          false
init_val_greedy                         true
is_Euclidean                            false
is_local_search                         true
is_right_cutP                           true
is_root                                 false
is_silent                               false
is_start                                false
mycut                                   false
pmed                                    false
pre                                     true
stable_root                             false
str                                     false
two_phase                               false
ubstr                                   false
mode                                    Bin

am_callback_node_space                  50
init                                    0
mixture_seed                            1
node_space                              5
nodelimit                               -1
nsepa                                   1
strF                                    0
type_delta                              0

EPS                                     0.001000
EPS_FRAC                                0.00
gap                                     0.00
mixture_high_max                        0.99
mixture_high_min                        0.90
mixture_low_max                         0.01
mixture_low_min                         0.00
mixture_low_share                       0.80
timelimit                               3600.00

Number of Closed Sites: 6 / 30 
Number of Confined Sites-1: 2 / 8 
Number of Confined Sites-k: 562 / 728 
Preprocess Time: 0.96 + 0.00 sec

Solve Time: 3034.90
Number of Nodes: 28534
Termination Status: OPTIMAL

CutInfo: [phase] num / time (sec) / aver. num_nonzero
max              [LP]     0 / 0.00 / 0.00 [init]   478 / 0.03 / 21.91 [rLC]   720 / 0.09 / 39.59 [rUC]  1398 / 0.17 / 37.42 [sLC]  2362 / 1.21 / 42.43 [sUC]  2141 / 2.44 / 39.81 
prod_oa          [LP]     0 / 0.00 / 0.00 [init]     0 / 0.00 / 0.00 [rLC]     0 / 0.00 / 0.00 [rUC]     0 / 0.00 / 0.00 [sLC]     0 / 0.00 / 0.00 [sUC]     0 / 0.00 / 0.00 
prod_sm_fixed    [LP]     0 / 0.00 / 0.00 [init]     0 / 0.00 / 0.00 [rLC]     0 / 0.00 / 0.00 [rUC]     0 / 0.00 / 0.00 [sLC]     0 / 0.00 / 0.00 [sUC]     0 / 0.00 / 0.00 
prod_bin         [LP]     0 / 0.00 / 0.00 [init]   478 / 1.46 / 0.00 [rLC]  1948 / 7.16 / 0.00 [rUC]   774 / 2.89 / 0.00 [sLC] 27619 / 118.28 / 0.00 [sUC]  9329 / 38.25 / 0.00 
prod_local       [LP]     0 / 0.00 / 0.00 [init]     0 / 0.00 / 0.00 [rLC]     0 / 0.00 / 0.00 [rUC]     0 / 0.00 / 0.00 [sLC]     0 / 0.00 / 0.00 [sUC]     0 / 0.00 / 0.00 
prod_sm_C        [LP]     0 / 0.00 / 0.00 [init]     0 / 0.00 / 0.00 [rLC]     0 / 0.00 / 0.00 [rUC]     0 / 0.00 / 0.00 [sLC]     0 / 0.00 / 0.00 [sUC]     0 / 0.00 / 0.00 
facet            [LP]     0 / 0.00 / 0.00 [init]     0 / 0.00 / 0.00 [rLC]     0 / 0.00 / 0.00 [rUC]     0 / 0.00 / 0.00 [sLC]     0 / 0.00 / 0.00 [sUC]     0 / 0.00 / 0.00 
Separation Round:   [LP] 0  [init] 1  [rLC] 7  [rUC] 14  [sLC] 118  [sUC] 31344  
Root Best Bound 394.285296
Root Best Integer: 370.125763
Best Bound: 370.810858
Best Integer: 370.608554
1: 11, 88, 161, 302, 596
Objective Value (calc): 370.604017
sum_etaM = 333.533333 / 333.533333
sum_etaP = 379.877359 / 379.871688
nL: 5
nCL: 0
mCL: 1
