Version identifier: 20.1.0.0 | 2020-11-10 | 9bedb6d68
CPXPARAM_Threads                                 1
CPXPARAM_TimeLimit                               3600
CPXPARAM_MIP_Tolerances_MIPGap                   0
Generic callback                                 0x60
1 of 1 MIP starts provided solutions.
MIP start 'm1' defined initial solution with objective 840.0019.
Tried aggregator 2 times.
MIP Presolve eliminated 5 rows and 4 columns.
Aggregator did 1 substitutions.
Reduced MIP has 2583 rows, 3595 columns, and 125841 nonzeros.
Reduced MIP has 898 binaries, 897 generals, 0 SOSs, and 0 indicators.
Presolve time = 0.06 sec. (39.21 ticks)
Probing time = 0.01 sec. (21.16 ticks)
Tried aggregator 1 time.
Reduced MIP has 2583 rows, 3595 columns, and 125841 nonzeros.
Reduced MIP has 898 binaries, 897 generals, 0 SOSs, and 0 indicators.
Presolve time = 0.03 sec. (22.95 ticks)
Probing time = 0.01 sec. (21.11 ticks)
MIP emphasis: balance optimality and feasibility.
MIP search method: dynamic search.
Parallel mode: none, using 1 thread.
Root relaxation solution time = 0.16 sec. (208.33 ticks)

        Nodes                                         Cuts/
   Node  Left     Objective  IInf  Best Integer    Best Bound    ItCnt     Gap

*     0+    0                          840.0019      900.0000             7.14%
      0     0      857.5417    50      840.0019      857.5417     2005    2.09%
      0     0      846.3737    78      840.0019     Cuts: 527     2698    0.76%
      0     0      846.0542    80      840.0019     Cuts: 180     2971    0.72%
      0     0      846.0060    78      840.0019     Cuts: 118     3083    0.71%
      0     0      845.9923    80      840.0019      Cuts: 74     3137    0.71%
      0     0      845.9878    82      840.0019      Cuts: 59     3171    0.71%
      0     0      845.9797    82      840.0019 UserPurge2: 45     3231    0.71%
      0     0      845.9111    82      840.0019 UserPurge2: 48     3323    0.70%
      0     0      845.9032    86      840.0019 UserPurge2: 50     3380    0.70%
      0     0      845.8988    84      840.0019 UserPurge2: 20     3422    0.70%
      0     0      845.8969    86      840.0019 UserPurge2: 15     3445    0.70%
      0     0      845.8966    84      840.0019 UserPurge2: 13     3467    0.70%
      0     0      845.8960    84      840.0019 UserPurge2: 11     3480    0.70%
      0     0      845.8952    82      840.0019 UserPurge2: 11     3495    0.70%
      0     0      845.8947    82      840.0019 UserPurge2: 9     3511    0.70%
      0     0      845.8941    86      840.0019 UserPurge2: 12     3527    0.70%
      0     0      845.8940    84      840.0019 UserPurge2: 8     3536    0.70%
*     0+    0                          840.4624      845.8940             0.65%
      0     2      845.0154    74      840.4624      845.0151     3536    0.54%
Elapsed time = 19.11 sec. (4973.97 ticks, tree = 0.01 MB, solutions = 2)
      3     5      844.5557    72      840.4624      845.0145     4678    0.54%
      5     7      843.8587    68      840.4624      845.0145     5755    0.54%
      6     8      843.8994    66      840.4624      845.0145     6642    0.54%
      9    11      843.4775    56      840.4624      845.0145     7304    0.54%
     10    12      842.6364    62      840.4624      845.0145     8526    0.54%
     11    13      842.3652    46      840.4624      845.0145     9182    0.54%
     14    16      841.9834    40      840.4624      845.0145     9785    0.54%
     15    17      841.1075    50      840.4624      845.0145    11008    0.54%
     17    19      840.8393    32      840.4624      845.0145    12279    0.54%
     22    18      844.7047    70      840.4624      844.7924    14129    0.52%
Elapsed time = 32.89 sec. (9685.19 ticks, tree = 0.30 MB, solutions = 2)
     26    22      843.6253    64      840.4624      844.7924    16444    0.52%
     30    26      843.0628    68      840.4624      844.7924    18082    0.52%
     35    31      841.4380    46      840.4624      844.7924    20897    0.52%
     43    35      844.4376    70      840.4624      844.7919    22820    0.52%
     47    39      843.6378    86      840.4624      844.7919    25048    0.52%
     51    43      843.2407    86      840.4624      844.7919    26946    0.52%
     54    46      842.7063    84      840.4624      844.7919    29009    0.52%
     57    49      842.2921    84      840.4624      844.7919    30323    0.52%
     60    52      841.8965    85      840.4624      844.7919    32078    0.52%
     63    55      841.6709    83      840.4624      844.7919    33801    0.52%
Elapsed time = 63.29 sec. (22987.97 ticks, tree = 0.76 MB, solutions = 2)
     66    58      840.6449    76      840.4624      844.7919    36045    0.52%
     72    60      843.9767    84      840.4624      844.5550    37590    0.49%
     75    63      843.4293    88      840.4624      844.5550    39216    0.49%
     77    65      843.0124    88      840.4624      844.5550    40584    0.49%
     80    68      842.5166    88      840.4624      844.5550    41742    0.49%
     83    71      842.0111    96      840.4624      844.5550    43655    0.49%
     86    74      841.3652    96      840.4624      844.5550    45575    0.49%
     90    78      841.0469    96      840.4624      844.5550    47321    0.49%
     95    79        cutoff            840.4624      844.5550    49418    0.49%
    100    82      843.7258    80      840.4624      844.5176    52021    0.48%
Elapsed time = 92.12 sec. (39476.04 ticks, tree = 1.03 MB, solutions = 2)
    104    86      842.9918    78      840.4624      844.5176    54172    0.48%
    107    89      842.5861    82      840.4624      844.5176    55900    0.48%
    110    92      842.1350    80      840.4624      844.5176    57926    0.48%
    113    95      841.6046    80      840.4624      844.5176    59777    0.48%
    116    98      840.7198    72      840.4624      844.5176    61870    0.48%
    122   100      843.8290    64      840.4624      844.5157    64346    0.48%
    126   104      842.8386    46      840.4624      844.5157    65836    0.48%
    130   108      841.9409    48      840.4624      844.5157    67493    0.48%
*   135   111      integral     0      840.5623      844.5157    69511    0.47%
    143   115      843.9846    74      840.5623      844.4368    71796    0.46%
Elapsed time = 116.23 sec. (50594.34 ticks, tree = 1.47 MB, solutions = 3)
    145   117      843.4854    68      840.5623      844.4368    73326    0.46%
    150   122      842.5211    72      840.5623      844.4368    75007    0.46%
    155   127      841.8823    78      840.5623      844.4368    76406    0.46%
    159   131      840.6049    54      840.5623      844.4368    78800    0.46%
    164   132      843.5979    78      840.5623      844.2724    80686    0.44%
    167   135      842.9950    72      840.5623      844.2724    82603    0.44%
    169   137      842.4978    78      840.5623      844.2724    84351    0.44%
    170   138      842.3285    80      840.5623      844.2724    85077    0.44%
    173   141      841.3982    70      840.5623      844.2724    87043    0.44%
    177   145      840.7382    72      840.5623      844.2724    88772    0.44%
Elapsed time = 138.38 sec. (62180.70 ticks, tree = 1.78 MB, solutions = 3)
    180   144      843.4993    66      840.5623      844.2553    89811    0.44%
    185   149      842.5990    70      840.5623      844.2553    91228    0.44%
    190   154      842.0147    81      840.5623      844.2553    92463    0.44%
    196   160      841.2134    85      840.5623      844.2553    93883    0.44%
    200   162      840.9534    85      840.5623      844.2553    95097    0.44%
    206   166      840.6214    75      840.5623      844.2553    96810    0.44%
    210   166      843.6364    64      840.5623      844.1884    98048    0.43%
    214   170      842.7486    70      840.5623      844.1884    99488    0.43%
    217   173      842.1480    76      840.5623      844.1884   101537    0.43%
    220   176      841.8518    80      840.5623      844.1884   102919    0.43%
Elapsed time = 168.17 sec. (76492.67 ticks, tree = 2.24 MB, solutions = 3)
    224   180      840.9458    60      840.5623      844.1884   104434    0.43%
    230   182        cutoff            840.5623      844.1884   106031    0.43%
    233   185      843.0960    60      840.5623      844.1865   107764    0.43%
    235   187      842.5924    64      840.5623      844.1865   109114    0.43%
    239   191      841.8186    44      840.5623      844.1865   110518    0.43%
    240   192      841.6487    52      840.5623      844.1865   111140    0.43%
    247   193        cutoff            840.5623      844.1865   113084    0.43%
    250   196      843.6508    76      840.5623      844.0925   115035    0.42%
    252   198      843.2620    70      840.5623      844.0925   116335    0.42%
    255   201      842.7078    78      840.5623      844.0925   117996    0.42%
Elapsed time = 186.57 sec. (89179.71 ticks, tree = 2.67 MB, solutions = 3)
    258   204      842.2523    84      840.5623      844.0925   120462    0.42%
    260   206      841.6510    76      840.5623      844.0925   121790    0.42%
    264   210      841.0635    64      840.5623      844.0925   123841    0.42%
    269   213      840.6050    62      840.5623      844.0925   125723    0.42%
    273   213      843.4191    72      840.5623      844.0812   127419    0.42%
    276   216      842.7531    68      840.5623      844.0812   128673    0.42%
    280   220      841.8591    70      840.5623      844.0812   130460    0.42%
    283   221        cutoff            840.5623      844.0812   132073    0.42%
    287   223      841.0337    64      840.5623      844.0812   133616    0.42%
    292   224        cutoff            840.5623      844.0812   134820    0.42%
Elapsed time = 201.70 sec. (101138.45 ticks, tree = 2.83 MB, solutions = 3)
    294   226      843.2499    72      840.5623      844.0391   136338    0.41%
    298   230      842.4942    56      840.5623      844.0391   137856    0.41%
    300   232      842.1860    62      840.5623      844.0391   138768    0.41%
    304   236      841.4025    54      840.5623      844.0391   140581    0.41%
    307   239      840.7841    46      840.5623      844.0391   141787    0.41%
    313   241      843.3278    66      840.5623      843.9843   143270    0.41%
    316   244      842.8289    76      840.5623      843.9843   144746    0.41%
    319   247      842.5794    80      840.5623      843.9843   146209    0.41%
    320   248      842.3796    84      840.5623      843.9843   146952    0.41%
    324   252      841.9485    76      840.5623      843.9843   148702    0.41%
Elapsed time = 215.92 sec. (114106.37 ticks, tree = 3.33 MB, solutions = 3)
    328   256      840.8802    66      840.5623      843.9843   151289    0.41%
    332   256      843.6060    68      840.5623      843.9758   152407    0.41%
    335   259      842.8564    54      840.5623      843.9758   153783    0.41%
    339   263      841.8036    32      840.5623      843.9758   155307    0.41%
    343   267      840.5719     8      840.5623      843.9758   156558    0.41%
    347   265      843.2591    74      840.5623      843.9736   158021    0.41%
    350   268      842.7131    78      840.5623      843.9736   159763    0.41%
    352   270      842.2869    80      840.5623      843.9736   160938    0.41%
    355   273      841.9461    86      840.5623      843.9736   162652    0.41%
    367   281      843.5274    70      840.5623      843.9169   167143    0.40%
Elapsed time = 233.83 sec. (128723.79 ticks, tree = 3.97 MB, solutions = 3)
    387   299        cutoff            840.5623      843.9169   171248    0.40%
    399   307      842.1026    74      840.5623      843.9110   175517    0.40%
    410   314      843.0515    68      840.5623      843.8971   180232    0.40%
    420   324      840.8700    58      840.5623      843.8971   184855    0.40%
    437   335      840.7457    12      840.5623      843.8712   188869    0.39%
    452   344      841.7813    86      840.5623      843.8587   192692    0.39%
    465   351      843.5742    72      840.5623      843.8585   197474    0.39%
    478   364      841.8236    74      840.5623      843.8585   201566    0.39%
    490   374      840.6123    63      840.5623      843.8585   206386    0.39%
    500   380      841.9496    70      840.5623      843.8399   209101    0.39%
Elapsed time = 293.07 sec. (168208.77 ticks, tree = 5.41 MB, solutions = 3)
    517   391      842.7881    69      840.5623      843.8288   213562    0.39%
    532   402      843.0808    68      840.5623      843.8148   217754    0.39%
    550   414      842.6002    72      840.5623      843.8077   221825    0.39%
    569   429      842.9947    68      840.5623      843.8071   226437    0.39%
    579   439      841.4340    64      840.5623      843.8071   230218    0.39%
    590   446      842.9083    62      840.5623      843.7719   234571    0.38%
    602   458      840.9415    58      840.5623      843.7719   239081    0.38%
    622   470      841.5165    54      840.5623      843.7638   243136    0.38%
    639   481      842.6544    68      840.5623      843.7576   247070    0.38%
    645   487      841.3943    40      840.5623      843.7576   249403    0.38%
Elapsed time = 341.05 sec. (208579.87 ticks, tree = 8.59 MB, solutions = 3)
    663   499      841.2264    52      840.5623      843.7250   253978    0.38%
    679   507      842.6794    90      840.5623      843.7088   258210    0.37%
    686   514      841.4932    88      840.5623      843.7088   262215    0.37%
    700   524      842.1878    82      840.5623      843.6486   266940    0.37%
    710   532        cutoff            840.5623      843.6486   271424    0.37%
    720   540      841.9537    80      840.5623      843.6367   275442    0.37%
    731   547      843.0997    74      840.5623      843.6318   279707    0.37%
    745   561      840.6165    20      840.5623      843.6318   283548    0.37%
    760   572      841.2778    74      840.5623      843.6318   287501    0.37%
    768   576      841.6350    38      840.5623      843.6302   291925    0.36%
Elapsed time = 388.01 sec. (255207.86 ticks, tree = 10.10 MB, solutions = 3)
    785   589      841.6501    56      840.5623      843.6283   296981    0.36%
    805   601      842.6062    78      840.5623      843.6281   302371    0.36%
    812   608      840.7837    78      840.5623      843.6281   306900    0.36%
    820   612      842.2861    68      840.5623      843.6249   311730    0.36%
    834   620      842.5984    34      840.5623      843.6245   315562    0.36%
    852   634      843.4896    62      840.5623      843.6053   318001    0.36%
    869   649        cutoff            840.5623      843.6053   321763    0.36%
    883   659      841.4517    84      840.5623      843.5973   325686    0.36%
    896   664      843.4726    78      840.5623      843.5739   329341    0.36%
    910   678      840.9356    68      840.5623      843.5739   333310    0.36%
Elapsed time = 432.72 sec. (296311.22 ticks, tree = 11.73 MB, solutions = 3)
    923   685      842.0095    60      840.5623      843.5267   336852    0.35%
    939   695      841.9954    74      840.5623      843.5236   340839    0.35%
    954   706      842.6010    70      840.5623      843.5156   344730    0.35%
    963   715      841.0917    84      840.5623      843.5156   347771    0.35%
    977   721      842.5272    78      840.5623      843.5120   351444    0.35%

Performing restart 1

Repeating presolve.
Tried aggregator 1 time.
MIP Presolve eliminated 882 rows and 448 columns.
MIP Presolve modified 314 coefficients.
Reduced MIP has 1701 rows, 3147 columns, and 123785 nonzeros.
Reduced MIP has 891 binaries, 456 generals, 0 SOSs, and 0 indicators.
Presolve time = 0.04 sec. (28.29 ticks)
Tried aggregator 1 time.
Reduced MIP has 1701 rows, 3147 columns, and 123785 nonzeros.
Reduced MIP has 891 binaries, 456 generals, 0 SOSs, and 0 indicators.
Presolve time = 0.04 sec. (24.55 ticks)
Represolve time = 0.37 sec. (318.87 ticks)
    984     0      844.8163    84      840.5623       Cuts: 3   357649    0.35%
*   984+    0                          840.6391      843.5120             0.34%
*   984+    0                          841.1045      843.5120             0.29%
    984     2      844.7807    82      841.1045      843.5120   357649    0.29%
    985     3      844.5967    86      841.1045      843.5120   358138    0.29%
    986     4      844.4922    84      841.1045      843.5120   358468    0.29%
    990     8      844.2834    82      841.1045      843.5120   360997    0.29%
    994    12      843.9116    88      841.1045      843.5120   362896    0.29%
Elapsed time = 486.12 sec. (353068.97 ticks, tree = 0.04 MB, solutions = 5)
   1003    21      843.1752    80      841.1045      843.5120   366153    0.29%
   1012    30      842.4659    72      841.1045      843.5120   369052    0.29%
   1021    39      841.6954    50      841.1045      843.5120   371409    0.29%
   1041    48      841.3664    50      841.1045      843.5120   373687    0.29%
   1078    74      842.1453    56      841.1045      843.5120   378726    0.29%
   1117   104      843.3614    74      841.1045      843.5120   383612    0.29%
   1144   129      841.7824    70      841.1045      843.5120   386818    0.29%
   1171   146      843.6988    56      841.1045      843.5120   388976    0.29%
   1211   182      843.1918    76      841.1045      843.5120   393934    0.29%
   1235   203      841.7215    82      841.1045      843.5120   397261    0.29%
Elapsed time = 515.50 sec. (393779.77 ticks, tree = 2.41 MB, solutions = 5)
   1274   233      842.4522    42      841.1045      843.5120   401232    0.29%
   1311   260      842.8404    70      841.1045      843.5120   405999    0.29%
   1333   280      841.3605    68      841.1045      843.5120   410112    0.29%
   1363   306      841.6287    64      841.1045      843.5120   415420    0.29%
   1393   328      842.5608    72      841.1045      843.5120   418977    0.29%
   1439   365      843.2722    68      841.1045      843.5120   423662    0.29%
   1474   396      843.3412    72      841.1045      843.5120   429051    0.29%
   1497   413      843.3470    62      841.1045      843.5120   434732    0.29%
   1518   433      841.8041    64      841.1045      843.5120   437666    0.29%
   1544   453      842.8572    70      841.1045      843.5120   441286    0.29%
Elapsed time = 546.36 sec. (433022.16 ticks, tree = 6.36 MB, solutions = 5)
   1584   489      842.9204    78      841.1045      843.5120   446953    0.29%
   1624   520      843.4339    60      841.1045      843.5120   451956    0.29%
   1668   558      842.6303    60      841.1045      843.5120   457639    0.29%
   1685   575      841.2279    64      841.1045      843.5120   463078    0.29%
   1733   597      842.2580    66      841.1045      843.5120   468201    0.29%
   1784   637      842.4294    68      841.1045      843.5120   473247    0.29%
   1839   682      843.1821    56      841.1045      843.5120   478429    0.29%
   1888   722      843.3875    68      841.1045      843.5120   482807    0.29%
   1925   753      843.2810    80      841.1045      843.5120   488814    0.29%
   1965   787      841.4345    70      841.1045      843.5120   493854    0.29%
Elapsed time = 579.33 sec. (473662.25 ticks, tree = 13.12 MB, solutions = 5)
   2005   822      841.9622    58      841.1045      843.5120   498627    0.29%
   2052   863      842.1342    84      841.1045      843.5120   503758    0.29%
   2091   896      841.8420    72      841.1045      843.5120   509362    0.29%
   2128   925      841.5206    56      841.1045      843.5120   515082    0.29%
   2159   951      841.9224    64      841.1045      843.5120   521045    0.29%
   2222  1004      843.0142    64      841.1045      843.5120   526792    0.29%
   2268  1046      841.2775    52      841.1045      843.5120   532521    0.29%
   2321  1086      841.1589    14      841.1045      843.5120   538007    0.29%
   2364  1119      843.0166    50      841.1045      843.5120   542594    0.29%
   2421  1170      842.4407    74      841.1045      843.5120   548256    0.29%
Elapsed time = 611.61 sec. (512451.26 ticks, tree = 21.15 MB, solutions = 5)
   2465  1210      841.8401    54      841.1045      843.5120   553615    0.29%
   2516  1249      842.8377    70      841.1045      843.5120   559078    0.29%
   2559  1287      842.5204    66      841.1045      843.5120   564067    0.29%
   2601  1323      841.3399    48      841.1045      843.5120   569077    0.29%
   2649  1361      842.9445    66      841.1045      843.5120   574832    0.29%
   2694  1386      842.2274    56      841.1045      843.5120   580433    0.29%
   2767  1445      842.8905    78      841.1045      843.5120   586218    0.29%
   2811  1483      842.6258    64      841.1045      843.5120   591908    0.29%
   2847  1511      842.2981    52      841.1045      843.5120   596957    0.29%
   2881  1539      842.0213    64      841.1045      843.5120   602716    0.29%
Elapsed time = 643.72 sec. (551468.25 ticks, tree = 24.61 MB, solutions = 5)
   2927  1577      842.5964    66      841.1045      843.5120   608365    0.29%
   2980  1620      841.3416    44      841.1045      843.5120   614386    0.29%
   3025  1649        cutoff            841.1045      843.5120   619695    0.29%
   3069  1683      842.5624    58      841.1045      843.5120   624856    0.29%
   3123  1733      841.4482    66      841.1045      843.5120   630743    0.29%
   3171  1771      842.5154    58      841.1045      843.5120   636319    0.29%
   3213  1805      841.1829    56      841.1045      843.5030   642207    0.29%
   3259  1841      842.3787    54      841.1045      843.5018   647600    0.29%
   3320  1894      841.4413    60      841.1045      843.4993   653190    0.28%
   3352  1918      841.9087    26      841.1045      843.4989   658519    0.28%
Elapsed time = 676.06 sec. (590071.69 ticks, tree = 30.42 MB, solutions = 5)
   3400  1950      842.7696    64      841.1045      843.4795   663627    0.28%
   3444  1990      842.1552    68      841.1045      843.4732   669315    0.28%
   3489  2025      842.1008    48      841.1045      843.4593   675735    0.28%
   3549  2075      841.1686    34      841.1045      843.4573   681312    0.28%
   3604  2120      841.9387    52      841.1045      843.4517   686654    0.28%
   3654  2162      842.8313    74      841.1045      843.4466   692465    0.28%
   3696  2186      842.2762    68      841.1045      843.4325   697731    0.28%
   3754  2237      842.6987    54      841.1045      843.4252   703465    0.28%
   3808  2285      841.4283    58      841.1045      843.4238   709222    0.28%
   3832  2304      841.2168    58      841.1045      843.4210   714966    0.28%
Elapsed time = 709.26 sec. (629916.52 ticks, tree = 35.82 MB, solutions = 5)
   3881  2344      841.9704    60      841.1045      843.4131   720378    0.27%
   3936  2389      842.3189    60      841.1045      843.4125   726126    0.27%
   3982  2425      842.3464    52      841.1045      843.4080   731585    0.27%
   4024  2461      842.1204    64      841.1045      843.4051   737190    0.27%
   4072  2495      842.6787    66      841.1045      843.4020   743204    0.27%
   4124  2535      842.1114    58      841.1045      843.3892   748875    0.27%
   4173  2571      843.1254    68      841.1045      843.3858   754723    0.27%
   4209  2605      841.2789    48      841.1045      843.3858   759116    0.27%
   4261  2641      842.1306    60      841.1045      843.3818   763857    0.27%
   4306  2674      842.4486    52      841.1045      843.3776   769606    0.27%
Elapsed time = 741.15 sec. (668603.02 ticks, tree = 41.91 MB, solutions = 5)
   4378  2732      842.8878    68      841.1045      843.3670   775284    0.27%
   4421  2765      841.5831    44      841.1045      843.3613   781449    0.27%
   4458  2796      842.0095    62      841.1045      843.3603   785965    0.27%
   4513  2837      842.5266    56      841.1045      843.3550   791670    0.27%
   4574  2888      841.2290    38      841.1045      843.3550   797085    0.27%
   4593  2903      841.9093    42      841.1045      843.3512   802037    0.27%
   4642  2936      842.8806    74      841.1045      843.3470   807810    0.27%
   4703  2989      841.7073    50      841.1045      843.3463   813539    0.27%
   4765  3038      842.7581    54      841.1045      843.3348   818877    0.27%
   4811  3076      841.7111    62      841.1045      843.3341   824423    0.27%
Elapsed time = 773.36 sec. (707845.59 ticks, tree = 48.27 MB, solutions = 5)
   4856  3110      842.4065    56      841.1045      843.3252   829813    0.26%
   4905  3151      841.2929    74      841.1045      843.3248   835583    0.26%
   4940  3176      841.6721    52      841.1045      843.3187   840519    0.26%
   5016  3230      842.7870    72      841.1045      843.3107   845864    0.26%
   5049  3258      841.6466    44      841.1045      843.3070   850710    0.26%
   5112  3309      841.1922    48      841.1045      843.3023   856483    0.26%
   5170  3353      841.5664    52      841.1045      843.2982   862048    0.26%
   5223  3395      842.5413    56      841.1045      843.2936   867137    0.26%
   5286  3440      842.4874    48      841.1045      843.2863   872376    0.26%
   5348  3492      841.4520    64      841.1045      843.2860   877622    0.26%
Elapsed time = 805.52 sec. (746404.91 ticks, tree = 57.17 MB, solutions = 5)
   5391  3523      842.3016    42      841.1045      843.2815   883501    0.26%
   5443  3563      842.7817    70      841.1045      843.2802   889536    0.26%
   5486  3600      841.1882    50      841.1045      843.2777   895262    0.26%
   5521  3627      841.3914    46      841.1045      843.2712   901210    0.26%
   5562  3662      841.5498    60      841.1045      843.2699   906471    0.26%
   5607  3697      841.9705    74      841.1045      843.2604   911807    0.26%
   5651  3733      841.2217    66      841.1045      843.2545   917877    0.26%
   5679  3753      842.5206    62      841.1045      843.2493   923445    0.25%
   5734  3802      841.4536    56      841.1045      843.2474   929361    0.25%
   5784  3838      842.7172    66      841.1045      843.2434   934877    0.25%
Elapsed time = 837.19 sec. (785361.11 ticks, tree = 60.97 MB, solutions = 5)
   5841  3887      841.7212    34      841.1045      843.2371   940349    0.25%
   5901  3929      841.9970    58      841.1045      843.2255   945612    0.25%
   5954  3972      841.8473    62      841.1045      843.2200   951411    0.25%
   6010  4008      842.4011    68      841.1045      843.2178   957117    0.25%
   6066  4058      841.5446    44      841.1045      843.2169   962516    0.25%
   6114  4095      842.2833    66      841.1045      843.2114   967641    0.25%
   6148  4123      841.9708    56      841.1045      843.2111   972738    0.25%
   6179  4150      841.4078    60      841.1045      843.2105   978509    0.25%
   6239  4196      841.4650    40      841.1045      843.1956   983961    0.25%
   6294  4236      841.7939    64      841.1045      843.1911   989820    0.25%
Elapsed time = 869.23 sec. (824166.12 ticks, tree = 66.88 MB, solutions = 5)
   6328  4248      842.3429    58      841.1045      843.1899   994530    0.25%
   6392  4298      842.3672    74      841.1045      843.1843  1000723    0.25%
   6466  4353      842.5931    70      841.1045      843.1835  1006346    0.25%
   6512  4389      842.6745    58      841.1045      843.1816  1011946    0.25%
   6572  4443      841.1208    34      841.1045      843.1812  1017539    0.25%
   6619  4480      842.1125    66      841.1045      843.1805  1022939    0.25%
   6667  4516      842.7346    66      841.1045      843.1794  1028412    0.25%
   6721  4566      841.9092    50      841.1045      843.1782  1033939    0.25%
   6763  4592      842.3124    60      841.1045      843.1773  1037738    0.25%
   6800  4615      841.9265    76      841.1045      843.1721  1043056    0.25%
Elapsed time = 901.11 sec. (863583.03 ticks, tree = 70.00 MB, solutions = 5)
   6846  4652      841.1587    54      841.1045      843.1710  1048128    0.25%
   6898  4696      841.6073    52      841.1045      843.1656  1053260    0.25%
   6939  4719      842.2828    56      841.1045      843.1608  1058436    0.24%
   6984  4756      841.5471    54      841.1045      843.1587  1063288    0.24%
   7038  4796        cutoff            841.1045      843.1554  1068988    0.24%
   7068  4818      841.9058    46      841.1045      843.1511  1074119    0.24%
   7114  4852      842.4963    68      841.1045      843.1503  1079676    0.24%
   7161  4895      841.4033    56      841.1045      843.1440  1085714    0.24%
   7209  4919      842.5222    58      841.1045      843.1406  1090807    0.24%
   7276  4974      842.2740    54      841.1045      843.1374  1096178    0.24%
Elapsed time = 932.35 sec. (902393.37 ticks, tree = 74.68 MB, solutions = 5)
   7320  5008      842.3455    68      841.1045      843.1368  1102063    0.24%
   7367  5044      842.0774    62      841.1045      843.1326  1107262    0.24%
   7410  5075      842.1900    68      841.1045      843.1321  1112487    0.24%
   7448  5107      841.4084    30      841.1045      843.1296  1117604    0.24%
   7510  5159      841.7937    46      841.1045      843.1271  1123307    0.24%
   7576  5208      841.9279    52      841.1045      843.1254  1128021    0.24%
   7637  5249      842.3678    62      841.1045      843.1184  1134234    0.24%
   7696  5293      842.3018    44      841.1045      843.1164  1139443    0.24%
   7748  5333      842.0848    50      841.1045      843.1113  1144672    0.24%
   7807  5378      842.7517    50      841.1045      843.1091  1149776    0.24%
Elapsed time = 964.22 sec. (941180.98 ticks, tree = 81.58 MB, solutions = 5)
   7873  5434        cutoff            841.1045      843.1086  1155275    0.24%
   7922  5465      841.6439    52      841.1045      843.1080  1160818    0.24%
   7991  5516      841.1279    40      841.1045      843.1070  1166503    0.24%
   8027  5542      841.2350    54      841.1045      843.1043  1172084    0.24%
   8079  5578      841.7814    56      841.1045      843.0993  1177175    0.24%
   8134  5621      842.4605    56      841.1045      843.0910  1182738    0.24%
   8174  5653        cutoff            841.1045      843.0894  1188185    0.24%
   8223  5690      841.4924    54      841.1045      843.0828  1193727    0.24%
   8267  5724      841.6732    50      841.1045      843.0812  1199096    0.24%
   8302  5743      842.1536    68      841.1045      843.0755  1204344    0.23%
Elapsed time = 995.67 sec. (979812.77 ticks, tree = 87.13 MB, solutions = 5)
   8346  5776      842.1938    50      841.1045      843.0742  1209507    0.23%
   8390  5807      842.5892    58      841.1045      843.0700  1215087    0.23%
   8451  5854      842.3624    58      841.1045      843.0684  1221069    0.23%
   8506  5897        cutoff            841.1045      843.0593  1226318    0.23%
   8544  5928      841.6079    24      841.1045      843.0576  1231602    0.23%
   8595  5961      841.1510    46      841.1045      843.0571  1235707    0.23%
   8652  6006      841.3521    62      841.1045      843.0538  1240929    0.23%
   8697  6041      842.1346    56      841.1045      843.0512  1246681    0.23%
   8744  6076      842.4015    60      841.1045      843.0421  1252190    0.23%
   8797  6121      841.3599    56      841.1045      843.0409  1257978    0.23%
Elapsed time = 1027.26 sec. (1018925.58 ticks, tree = 90.76 MB, solutions = 5)
   8836  6144      841.1946    44      841.1045      843.0391  1263064    0.23%
   8893  6189      842.2616    54      841.1045      843.0377  1268520    0.23%
   8940  6224      841.4899    26      841.1045      843.0343  1274089    0.23%
   8998  6268      841.1828    24      841.1045      843.0341  1279197    0.23%
   9068  6314      842.2531    54      841.1045      843.0320  1285057    0.23%
   9110  6344      841.7859    52      841.1045      843.0319  1290526    0.23%
   9171  6391      841.1309    38      841.1045      843.0309  1296165    0.23%
   9228  6435      841.1724    16      841.1045      843.0290  1301385    0.23%
   9276  6465      841.6659    56      841.1045      843.0281  1305679    0.23%
   9327  6502      841.9851    56      841.1045      843.0262  1311143    0.23%
Elapsed time = 1058.73 sec. (1057670.88 ticks, tree = 97.19 MB, solutions = 5)
   9382  6546      841.1315    34      841.1045      843.0251  1316496    0.23%
   9434  6588      841.4405    42      841.1045      843.0240  1321560    0.23%
   9494  6632      842.3998    46      841.1045      843.0185  1327357    0.23%
   9543  6667      841.4499    56      841.1045      843.0184  1333003    0.23%
   9589  6705      841.8717    68      841.1045      843.0181  1338257    0.23%
   9622  6732      841.5705    38      841.1045      843.0149  1343837    0.23%
   9696  6782      842.0581    58      841.1045      843.0144  1349511    0.23%
   9757  6829      841.6337    56      841.1045      843.0123  1355059    0.23%
   9793  6855      841.7058    48      841.1045      843.0111  1360384    0.23%
   9828  6878      841.2284    80      841.1045      843.0084  1367186    0.23%
Elapsed time = 1089.95 sec. (1096365.51 ticks, tree = 100.20 MB, solutions = 5)
   9876  6914      842.2498    64      841.1045      843.0054  1372555    0.23%
   9930  6959      841.8852    50      841.1045      843.0024  1377857    0.23%
   9989  7007      841.2698    40      841.1045      842.9971  1383393    0.23%
  10045  7051      841.1634    48      841.1045      842.9950  1388513    0.22%
  10092  7081      841.4277    52      841.1045      842.9920  1394246    0.22%
  10160  7135        cutoff            841.1045      842.9914  1399401    0.22%
  10200  7165      842.1323    72      841.1045      842.9876  1404629    0.22%
  10246  7201      842.3828    28      841.1045      842.9875  1409930    0.22%
  10323  7257      841.8275    62      841.1045      842.9863  1415115    0.22%
  10362  7288      842.1461    46      841.1045      842.9853  1420200    0.22%
Elapsed time = 1122.04 sec. (1134891.83 ticks, tree = 108.35 MB, solutions = 5)
  10418  7330        cutoff            841.1045      842.9849  1425591    0.22%
  10455  7363      841.3568    36      841.1045      842.9828  1431358    0.22%
  10504  7398      842.1495    54      841.1045      842.9734  1436860    0.22%
  10573  7441      841.2672    36      841.1045      842.9732  1442084    0.22%
  10620  7473      841.8578    62      841.1045      842.9729  1446753    0.22%
  10668  7512      841.2206    34      841.1045      842.9727  1451813    0.22%
  10707  7541      841.4696    36      841.1045      842.9721  1457059    0.22%
  10749  7573      842.3077    66      841.1045      842.9701  1462718    0.22%
  10801  7617      841.8673    52      841.1045      842.9687  1468454    0.22%
  10824  7632      841.4398    48      841.1045      842.9681  1471885    0.22%
Elapsed time = 1160.47 sec. (1181534.87 ticks, tree = 114.59 MB, solutions = 5)
  10825  7633      842.4908    68      841.1045      842.9673  1472336    0.22%
  10826  7634      842.2040    72      841.1045      842.9655  1472808    0.22%

Performing restart 2

Repeating presolve.
Tried aggregator 1 time.
MIP Presolve eliminated 60 rows and 181 columns.
MIP Presolve modified 28 coefficients.
Reduced MIP has 1641 rows, 2966 columns, and 115825 nonzeros.
Reduced MIP has 741 binaries, 427 generals, 0 SOSs, and 0 indicators.
Presolve time = 0.04 sec. (26.35 ticks)
Tried aggregator 1 time.
Reduced MIP has 1641 rows, 2966 columns, and 115825 nonzeros.
Reduced MIP has 741 binaries, 427 generals, 0 SOSs, and 0 indicators.
Presolve time = 0.04 sec. (22.76 ticks)
Represolve time = 0.36 sec. (316.95 ticks)
  10827     0      844.7318    86      841.1045       Cuts: 5  1476305    0.22%
  10827     0      844.7289    84      841.1045    MIRcuts: 2  1476335    0.22%
  10827     0      844.7284    84      841.1045    MIRcuts: 2  1476354    0.22%
  10827     0      844.7278    82      841.1045    MIRcuts: 3  1476379    0.22%
  10827     0      844.7274    86      841.1045    MIRcuts: 2  1476396    0.22%
  10827     0      844.7272    92      841.1045    MIRcuts: 1  1476407    0.22%
  10827     0      844.7267    84      841.1045    MIRcuts: 1  1476426    0.22%
  10827     0      844.7267    84      841.1045    MIRcuts: 1  1476432    0.22%
  10827     2      844.7191    76      841.1045      842.9655  1476432    0.22%
  10829     4      844.4978    76      841.1045      842.9655  1477055    0.22%
  10835    10      844.0896    80      841.1045      842.9655  1480907    0.22%
  10847    22      842.9022    66      841.1045      842.9655  1485008    0.22%
  10887    40      843.4566    72      841.1045      842.9655  1490161    0.22%
  10908    61      841.1832    26      841.1045      842.9655  1495988    0.22%
  10937    84      843.3671    70      841.1045      842.9655  1501110    0.22%
  10960   107      841.8654    82      841.1045      842.9655  1505227    0.22%
Elapsed time = 1223.45 sec. (1259720.07 ticks, tree = 0.86 MB, solutions = 5)
  10979   121      843.0531    80      841.1045      842.9655  1510389    0.22%
  11001   139      842.8732    62      841.1045      842.9655  1515705    0.22%
  11040   172      843.9586    70      841.1045      842.9655  1521813    0.22%
  11067   195      842.8466    66      841.1045      842.9655  1528682    0.22%
  11102   226      843.6186    84      841.1045      842.9655  1535482    0.22%
  11133   256      841.7935    80      841.1045      842.9655  1541341    0.22%
  11165   278      841.5033    54      841.1045      842.9655  1546327    0.22%
  11187   292      842.5428    74      841.1045      842.9655  1550793    0.22%
  11219   317      843.0831    70      841.1045      842.9655  1555929    0.22%
  11238   336      841.2665    40      841.1045      842.9655  1560561    0.22%
Elapsed time = 1252.20 sec. (1299646.29 ticks, tree = 2.73 MB, solutions = 5)
  11289   375      841.4180    42      841.1045      842.9655  1567857    0.22%
  11325   407      841.4889    60      841.1045      842.9655  1574507    0.22%
  11356   429      842.4791    68      841.1045      842.9655  1579641    0.22%
  11387   453      843.3238    76      841.1045      842.9655  1585614    0.22%
  11413   471      842.3206    62      841.1045      842.9655  1592689    0.22%
  11434   488      841.2187    50      841.1045      842.9655  1599500    0.22%
  11467   497      842.3643    60      841.1045      842.9655  1605249    0.22%
  11502   522      842.0038    60      841.1045      842.9655  1612221    0.22%
  11545   551      843.3622    72      841.1045      842.9655  1617348    0.22%
  11564   564      841.6538    60      841.1045      842.9655  1622003    0.22%
Elapsed time = 1282.00 sec. (1340707.60 ticks, tree = 4.04 MB, solutions = 5)
  11596   580      843.3295    78      841.1045      842.9655  1628617    0.22%
  11624   594      843.0670    60      841.1045      842.9655  1635140    0.22%
  11649   619      841.5496    52      841.1045      842.9655  1638429    0.22%
  11689   651        cutoff            841.1045      842.9655  1642849    0.22%
  11724   676      842.7223    88      841.1045      842.9655  1648458    0.22%
  11761   708      842.4526    72      841.1045      842.9655  1653802    0.22%
  11797   740      842.5133    82      841.1045      842.9655  1659003    0.22%
  11830   767      842.0055    50      841.1045      842.9655  1664409    0.22%
  11860   791      842.3825    68      841.1045      842.9655  1669762    0.22%
  11899   818      841.4026    52      841.1045      842.9655  1674232    0.22%
Elapsed time = 1312.31 sec. (1380141.50 ticks, tree = 8.54 MB, solutions = 5)
  11937   850      841.4664    58      841.1045      842.9655  1679161    0.22%
  11977   882      842.8803    80      841.1045      842.9655  1684423    0.22%
  12010   909      841.8248    40      841.1045      842.9655  1690310    0.22%
  12045   935      841.9001    56      841.1045      842.9655  1695140    0.22%
  12089   971      842.4973    68      841.1045      842.9655  1700005    0.22%
  12125  1003      841.8096    54      841.1045      842.9655  1705336    0.22%
  12158  1028      841.6257    62      841.1045      842.9655  1710444    0.22%
  12191  1055      841.1534    54      841.1045      842.9655  1715335    0.22%
  12242  1094      842.3308    70      841.1045      842.9655  1720223    0.22%
  12269  1117      842.9027    70      841.1045      842.9655  1724031    0.22%
Elapsed time = 1343.19 sec. (1419523.70 ticks, tree = 13.16 MB, solutions = 5)
  12299  1133        cutoff            841.1045      842.9655  1729618    0.22%
  12347  1166      841.5831    36      841.1045      842.9655  1734271    0.22%
  12396  1204      842.7366    68      841.1045      842.9655  1739344    0.22%
  12427  1232      843.0920    78      841.1045      842.9655  1743215    0.22%
  12463  1262      842.6864    66      841.1045      842.9655  1748509    0.22%
  12486  1283      841.1955    50      841.1045      842.9655  1754075    0.22%
  12531  1318      842.1141    58      841.1045      842.9655  1759024    0.22%
  12583  1358      842.1492    60      841.1045      842.9655  1763391    0.22%
  12641  1408      841.2351    26      841.1045      842.9655  1768423    0.22%
  12667  1428      841.3081    44      841.1045      842.9655  1773813    0.22%
Elapsed time = 1374.47 sec. (1459373.25 ticks, tree = 18.91 MB, solutions = 5)
  12713  1466      842.8244    72      841.1045      842.9655  1779114    0.22%
  12755  1502      842.5245    66      841.1045      842.9655  1784266    0.22%
  12802  1543      841.6279    62      841.1045      842.9655  1789407    0.22%
  12824  1561      841.6966    66      841.1045      842.9655  1794489    0.22%
  12859  1588      841.1477    56      841.1045      842.9655  1799754    0.22%
  12904  1623      842.0476    52      841.1045      842.9655  1805050    0.22%
  12953  1668      841.4382    36      841.1045      842.9655  1810172    0.22%
  12986  1689      842.3705    68      841.1045      842.9655  1815368    0.22%
  13015  1710      841.5500    46      841.1045      842.9655  1820812    0.22%
  13066  1745      842.1815    72      841.1045      842.9655  1826013    0.22%
Elapsed time = 1404.97 sec. (1498383.89 ticks, tree = 24.38 MB, solutions = 5)
  13098  1773      841.9293    44      841.1045      842.9655  1831138    0.22%
  13135  1788      842.6910    70      841.1045      842.9655  1836879    0.22%
  13170  1817      842.0166    54      841.1045      842.9655  1842338    0.22%
  13201  1842      841.6302    74      841.1045      842.9655  1847657    0.22%
  13226  1863      841.9142    58      841.1045      842.9655  1853337    0.22%
  13255  1884      842.5724    56      841.1045      842.9655  1858045    0.22%
  13293  1910      842.2062    76      841.1045      842.9655  1863459    0.22%
  13325  1938      841.9029    76      841.1045      842.9655  1868848    0.22%
  13351  1958      841.2243    48      841.1045      842.9655  1874065    0.22%
  13393  1982      841.6332    56      841.1045      842.9655  1879221    0.22%
Elapsed time = 1435.04 sec. (1537771.78 ticks, tree = 26.61 MB, solutions = 5)
  13440  2018      842.3860    62      841.1045      842.9655  1884798    0.22%
  13475  2041      841.3295    44      841.1045      842.9655  1890007    0.22%
  13506  2062      842.0058    66      841.1045      842.9655  1894886    0.22%
  13542  2091      842.1359    58      841.1045      842.9655  1899946    0.22%
  13575  2120      841.6019    56      841.1045      842.9655  1905542    0.22%
  13622  2153      842.5111    68      841.1045      842.9655  1911039    0.22%
  13663  2190      841.9058    56      841.1045      842.9655  1915503    0.22%
  13706  2219      842.1166    50      841.1045      842.9655  1920949    0.22%
  13734  2233      842.1169    72      841.1045      842.9655  1926269    0.22%
  13772  2257      842.5902    70      841.1045      842.9655  1931440    0.22%
Elapsed time = 1465.97 sec. (1577351.51 ticks, tree = 31.69 MB, solutions = 5)
  13812  2289      841.9769    66      841.1045      842.9655  1936999    0.22%
  13836  2299        cutoff            841.1045      842.9655  1942450    0.22%
  13876  2331      842.2958    74      841.1045      842.9655  1947770    0.22%
  13909  2356      842.3165    64      841.1045      842.9655  1952959    0.22%
  13948  2387      842.2105    48      841.1045      842.9655  1958539    0.22%
  13988  2407      842.2991    62      841.1045      842.9655  1963960    0.22%
  14029  2444      841.8456    62      841.1045      842.9655  1968373    0.22%
  14068  2473      842.3167    66      841.1045      842.9655  1973692    0.22%
  14090  2489      841.7484    46      841.1045      842.9655  1978554    0.22%
  14131  2508        cutoff            841.1045      842.9655  1983856    0.22%
Elapsed time = 1496.10 sec. (1616362.34 ticks, tree = 34.14 MB, solutions = 5)
  14160  2525      842.6994    66      841.1045      842.9655  1989194    0.22%
  14197  2556      841.3533    50      841.1045      842.9655  1995288    0.22%
  14239  2583      842.2364    60      841.1045      842.9655  2000800    0.22%
  14286  2619      842.2295    56      841.1045      842.9655  2006007    0.22%
  14346  2667      841.2855    58      841.1045      842.9655  2010926    0.22%
  14384  2697      842.7337    66      841.1045      842.9655  2016211    0.22%
  14424  2723      841.4621    72      841.1045      842.9655  2021729    0.22%
  14466  2757      842.6503    68      841.1045      842.9655  2026750    0.22%
  14510  2787      842.8957    66      841.1045      842.9655  2032309    0.22%
  14533  2804      841.2880    42      841.1045      842.9655  2037638    0.22%
Elapsed time = 1526.37 sec. (1655358.07 ticks, tree = 39.00 MB, solutions = 5)
  14566  2825      841.3326    70      841.1045      842.9655  2042953    0.22%
  14602  2851      842.2409    62      841.1045      842.9655  2048317    0.22%
  14644  2881      841.2980    52      841.1045      842.9655  2053226    0.22%
  14684  2907      841.6703    66      841.1045      842.9655  2058383    0.22%
  14715  2930      842.3874    66      841.1045      842.9655  2063799    0.22%
  14756  2959      842.2019    66      841.1045      842.9655  2069012    0.22%
  14789  2988      841.6447    60      841.1045      842.9655  2074348    0.22%
  14838  3028      842.1163    40      841.1045      842.9655  2079106    0.22%
  14879  3055      841.9208    60      841.1045      842.9655  2084372    0.22%
  14914  3084      841.3104    52      841.1045      842.9655  2089777    0.22%
Elapsed time = 1556.82 sec. (1694093.24 ticks, tree = 44.41 MB, solutions = 5)
  14954  3114      842.5036    70      841.1045      842.9655  2094711    0.22%
  14986  3142      841.8751    50      841.1045      842.9655  2099896    0.22%
  15036  3178      841.4914    80      841.1045      842.9655  2105040    0.22%
  15066  3200      841.4521    38      841.1045      842.9655  2110389    0.22%
  15092  3216      841.2877    48      841.1045      842.9655  2115555    0.22%
  15130  3240      842.2947    50      841.1045      842.9655  2120997    0.22%
  15168  3264      842.0577    64      841.1045      842.9655  2126386    0.22%
  15217  3295      841.5597    50      841.1045      842.9655  2131766    0.22%
  15260  3330      841.5085    62      841.1045      842.9655  2136994    0.22%
  15283  3343        cutoff            841.1045      842.9655  2142123    0.22%
Elapsed time = 1586.84 sec. (1733195.06 ticks, tree = 49.32 MB, solutions = 5)
  15324  3378      841.9993    70      841.1045      842.9637  2147341    0.22%
  15361  3405      841.9138    46      841.1045      842.9624  2152628    0.22%
  15406  3422      842.3946    66      841.1045      842.9612  2158016    0.22%
  15448  3456      842.0759    70      841.1045      842.9558  2163041    0.22%
  15498  3486      841.7326    50      841.1045      842.9514  2168280    0.22%
  15544  3524      842.4010    56      841.1045      842.9475  2173579    0.22%
  15592  3565      841.3387    54      841.1045      842.9470  2178332    0.22%
  15629  3586      841.7055    52      841.1045      842.9393  2183341    0.22%
  15667  3616      841.1943    70      841.1045      842.9392  2188647    0.22%
  15709  3648      841.5983    52      841.1045      842.9361  2193784    0.22%
Elapsed time = 1617.55 sec. (1771778.85 ticks, tree = 52.77 MB, solutions = 5)
  15743  3666      841.9753    64      841.1045      842.9293  2198917    0.22%
  15787  3704      842.0048    62      841.1045      842.9276  2204027    0.22%
  15827  3740      841.1491    34      841.1045      842.9259  2209346    0.22%
  15851  3752        cutoff            841.1045      842.9237  2214368    0.22%
  15891  3772      842.3416    66      841.1045      842.9149  2218941    0.22%
  15921  3790        cutoff            841.1045      842.9126  2224006    0.21%
  15960  3811      842.3845    58      841.1045      842.9023  2228988    0.21%
  15997  3834      842.3305    62      841.1045      842.9001  2234426    0.21%
  16025  3850      841.1643    60      841.1045      842.8996  2239983    0.21%
  16072  3879        cutoff            841.1045      842.8979  2244781    0.21%
Elapsed time = 1648.18 sec. (1811217.13 ticks, tree = 55.32 MB, solutions = 5)
  16127  3922      842.1508    52      841.1045      842.8934  2249588    0.21%
  16204  3970      842.4625    42      841.1045      842.8908  2254308    0.21%
  16273  4025      841.4230    34      841.1045      842.8897  2259247    0.21%
  16317  4059      841.5213    48      841.1045      842.8881  2264576    0.21%
  16367  4083      842.6607    72      841.1045      842.8872  2269771    0.21%
  16405  4117      841.5875    42      841.1045      842.8868  2275222    0.21%
  16457  4153      842.0709    62      841.1045      842.8823  2279379    0.21%
  16497  4171      841.1717    46      841.1045      842.8801  2284581    0.21%
  16537  4203      841.6430    60      841.1045      842.8784  2289699    0.21%
  16590  4244      842.3252    70      841.1045      842.8766  2294969    0.21%
Elapsed time = 1680.11 sec. (1850723.81 ticks, tree = 63.76 MB, solutions = 5)
  16628  4254      841.6012    48      841.1045      842.8755  2300536    0.21%
  16678  4294      841.6836    46      841.1045      842.8736  2305770    0.21%
  16714  4314      842.4000    62      841.1045      842.8715  2311547    0.21%
  16763  4347      841.2849    52      841.1045      842.8625  2316440    0.21%
  16803  4367      842.1184    58      841.1045      842.8574  2321632    0.21%
  16846  4402      841.4459    34      841.1045      842.8536  2326802    0.21%
  16887  4431      841.9323    64      841.1045      842.8478  2331633    0.21%
  16922  4446      842.5537    70      841.1045      842.8475  2336907    0.21%
  16969  4485      842.2847    68      841.1045      842.8457  2341872    0.21%
  16997  4509      841.4020    52      841.1045      842.8456  2347731    0.21%
Elapsed time = 1711.09 sec. (1890137.65 ticks, tree = 66.88 MB, solutions = 5)
  17044  4536      841.8056    58      841.1045      842.8455  2352928    0.21%
  17083  4567      842.1482    56      841.1045      842.8451  2357726    0.21%
  17120  4592      841.4012    40      841.1045      842.8427  2363185    0.21%
  17166  4618        cutoff            841.1045      842.8400  2368094    0.21%
  17208  4654      841.4205    58      841.1045      842.8373  2373014    0.21%
  17249  4677      841.2231    44      841.1045      842.8354  2377940    0.21%
  17287  4703      841.2718    62      841.1045      842.8345  2383093    0.21%
  17320  4722      841.9024    52      841.1045      842.8275  2388591    0.20%
  17346  4742      841.2865    18      841.1045      842.8275  2393818    0.20%
  17385  4765      841.7428    52      841.1045      842.8238  2399138    0.20%
Elapsed time = 1741.27 sec. (1928986.73 ticks, tree = 70.93 MB, solutions = 5)
  17431  4789      842.2146    64      841.1045      842.8196  2404702    0.20%
  17472  4820      841.7311    60      841.1045      842.8190  2409795    0.20%
  17515  4857      841.2304    50      841.1045      842.8140  2415028    0.20%
  17551  4879      841.3222    48      841.1045      842.8085  2420287    0.20%
  17599  4913      841.7165    56      841.1045      842.8072  2425620    0.20%
  17645  4945      842.0803    54      841.1045      842.8067  2430672    0.20%
  17697  4984        cutoff            841.1045      842.8063  2435455    0.20%
  17754  5023      841.9809    70      841.1045      842.8005  2441070    0.20%
  17794  5041        cutoff            841.1045      842.7978  2446307    0.20%
  17831  5066      841.7188    72      841.1045      842.7957  2451655    0.20%
Elapsed time = 1772.84 sec. (1968613.31 ticks, tree = 76.32 MB, solutions = 5)
  17869  5086      841.3942    56      841.1045      842.7938  2456773    0.20%
  17906  5107      841.7829    68      841.1045      842.7911  2462042    0.20%
  17937  5134      841.4679    38      841.1045      842.7903  2467054    0.20%
  17987  5159      841.1494    48      841.1045      842.7876  2472258    0.20%
  18030  5192        cutoff            841.1045      842.7849  2477464    0.20%
  18054  5208      841.3055    68      841.1045      842.7845  2482672    0.20%
  18112  5252      841.1877    44      841.1045      842.7835  2487708    0.20%
  18157  5275      841.9959    48      841.1045      842.7790  2492804    0.20%
  18185  5291      841.1645    54      841.1045      842.7722  2497877    0.20%
  18226  5324      841.1714    50      841.1045      842.7712  2502982    0.20%
Elapsed time = 1803.85 sec. (2007472.94 ticks, tree = 81.23 MB, solutions = 5)
  18256  5335      841.6015    70      841.1045      842.7691  2508346    0.20%
  18291  5364      841.2417    56      841.1045      842.7668  2513172    0.20%
  18326  5385        cutoff            841.1045      842.7651  2518385    0.20%
  18369  5416      841.3895    50      841.1045      842.7592  2523473    0.20%
  18413  5448      841.2243    42      841.1045      842.7586  2528886    0.20%
  18451  5462      842.1983    66      841.1045      842.7566  2534491    0.20%
  18491  5492      841.6911    40      841.1045      842.7563  2539773    0.20%
  18536  5525        cutoff            841.1045      842.7532  2544907    0.20%
  18577  5552      841.6741    48      841.1045      842.7515  2549967    0.20%
  18618  5585      841.3248    32      841.1045      842.7483  2555213    0.20%
Elapsed time = 1835.02 sec. (2046198.40 ticks, tree = 84.31 MB, solutions = 5)
  18655  5604      841.8440    48      841.1045      842.7422  2560519    0.19%
  18703  5639      841.1443    54      841.1045      842.7392  2565489    0.19%
  18761  5675      842.0920    62      841.1045      842.7386  2570546    0.19%
  18789  5695      841.6723    66      841.1045      842.7381  2575974    0.19%
  18821  5711      841.7154    50      841.1045      842.7375  2581413    0.19%
  18863  5737      841.7577    66      841.1045      842.7361  2587336    0.19%
  18895  5753      841.2403    54      841.1045      842.7358  2592125    0.19%
  18923  5767      841.8598    54      841.1045      842.7325  2597300    0.19%
  18971  5805      841.2231    30      841.1045      842.7308  2602327    0.19%
  19020  5840      842.1310    70      841.1045      842.7284  2607798    0.19%
Elapsed time = 1866.83 sec. (2086155.15 ticks, tree = 88.19 MB, solutions = 5)
  19058  5868        cutoff            841.1045      842.7279  2613609    0.19%
  19105  5897      841.4306    50      841.1045      842.7258  2618639    0.19%
  19139  5921        cutoff            841.1045      842.7253  2623919    0.19%
  19184  5952      842.6551    60      841.1045      842.7232  2629250    0.19%
  19217  5973      841.5475    50      841.1045      842.7222  2634512    0.19%
  19250  5982      841.2029    50      841.1045      842.7213  2639579    0.19%
  19305  6019      841.1694    26      841.1045      842.7195  2644592    0.19%
  19338  6038        cutoff            841.1045      842.7180  2649968    0.19%
  19376  6062      841.4626    40      841.1045      842.7161  2654949    0.19%
  19437  6104      841.4694    38      841.1045      842.7148  2659834    0.19%
Elapsed time = 1898.20 sec. (2125474.21 ticks, tree = 92.46 MB, solutions = 5)
  19480  6129      841.2552    54      841.1045      842.7133  2664890    0.19%
  19530  6169      841.1220    26      841.1045      842.7123  2669940    0.19%
  19570  6189      841.8940    70      841.1045      842.7100  2675345    0.19%
  19603  6214      841.3197    54      841.1045      842.7071  2680677    0.19%
  19637  6228      842.6292    64      841.1045      842.7046  2686209    0.19%
  19693  6272      842.1333    52      841.1045      842.7039  2691765    0.19%
  19738  6297      842.2834    50      841.1045      842.6987  2697218    0.19%
  19775  6320        cutoff            841.1045      842.6985  2702608    0.19%
  19810  6339      841.1773    30      841.1045      842.6985  2707780    0.19%
  19856  6371      841.5722    52      841.1045      842.6944  2713167    0.19%
Elapsed time = 1929.89 sec. (2164660.51 ticks, tree = 97.98 MB, solutions = 5)
  19898  6403        cutoff            841.1045      842.6923  2718439    0.19%
  19939  6422      841.6507    36      841.1045      842.6905  2723614    0.19%
  19975  6446      841.5262    68      841.1045      842.6896  2728770    0.19%
  20003  6458      842.0199    80      841.1045      842.6884  2734019    0.19%
  20036  6483      841.4780    52      841.1045      842.6878  2738474    0.19%
  20069  6500      841.4112    46      841.1045      842.6874  2743687    0.19%
  20110  6517        cutoff            841.1045      842.6870  2748619    0.19%
  20151  6548      842.5851    74      841.1045      842.6863  2753725    0.19%
  20177  6558      841.9531    60      841.1045      842.6856  2759113    0.19%
  20216  6589      841.9530    64      841.1045      842.6850  2764589    0.19%
Elapsed time = 1960.75 sec. (2203454.09 ticks, tree = 100.26 MB, solutions = 5)
  20261  6622      842.3980    50      841.1045      842.6840  2769745    0.19%
  20296  6643      842.2065    60      841.1045      842.6822  2775141    0.19%
  20348  6687      841.1670    48      841.1045      842.6821  2780027    0.19%
  20407  6722      842.2958    54      841.1045      842.6788  2785317    0.19%
  20456  6759      841.9419    60      841.1045      842.6748  2790708    0.19%
  20510  6794      842.4286    76      841.1045      842.6701  2796261    0.19%
  20551  6827      841.9017    64      841.1045      842.6689  2801599    0.19%
  20576  6846      841.3668    40      841.1045      842.6684  2806959    0.19%
  20617  6859      842.0832    62      841.1045      842.6671  2812845    0.19%
  20656  6876      841.7915    50      841.1045      842.6654  2818266    0.19%
Elapsed time = 1993.13 sec. (2243211.68 ticks, tree = 106.27 MB, solutions = 5)
  20714  6918      841.3423    36      841.1045      842.6645  2823131    0.19%
  20759  6947      841.5158    64      841.1045      842.6620  2827854    0.19%
  20797  6977      841.4631    56      841.1045      842.6602  2832898    0.18%
  20840  7008      841.7001    52      841.1045      842.6597  2838368    0.18%
  20881  7033        cutoff            841.1045      842.6594  2843603    0.18%
  20925  7069      841.2223    64      841.1045      842.6583  2848654    0.18%
  20967  7095      841.1811    50      841.1045      842.6574  2853683    0.18%
  21009  7129      841.4936    76      841.1045      842.6568  2859148    0.18%
  21037  7141      842.2649    36      841.1045      842.6564  2864272    0.18%
  21100  7190      841.9554    50      841.1045      842.6550  2869190    0.18%
Elapsed time = 2024.39 sec. (2281761.97 ticks, tree = 111.47 MB, solutions = 5)
  21146  7222      841.4922    46      841.1045      842.6547  2874367    0.18%
  21191  7255      841.8082    56      841.1045      842.6520  2879412    0.18%
  21224  7278      842.3767    68      841.1045      842.6515  2884494    0.18%
  21267  7311      842.0001    56      841.1045      842.6503  2889438    0.18%
  21304  7340      841.5912    50      841.1045      842.6502  2895376    0.18%
  21334  7357      841.8061    56      841.1045      842.6495  2900463    0.18%
  21391  7402      842.0094    46      841.1045      842.6495  2905478    0.18%
  21443  7441      841.1281    36      841.1045      842.6483  2910537    0.18%
  21486  7472      842.1146    62      841.1045      842.6467  2915748    0.18%
  21524  7486      842.0879    56      841.1045      842.6455  2920733    0.18%
Elapsed time = 2056.22 sec. (2321008.67 ticks, tree = 116.48 MB, solutions = 5)
  21564  7512      842.2742    50      841.1045      842.6434  2926062    0.18%
  21607  7547      841.6162    48      841.1045      842.6430  2931314    0.18%
  21651  7577      841.8454    72      841.1045      842.6400  2936487    0.18%
  21688  7606      841.8987    40      841.1045      842.6384  2941727    0.18%
  21739  7637      841.6340    64      841.1045      842.6339  2947156    0.18%
  21780  7664      841.1864    30      841.1045      842.6307  2952449    0.18%
  21831  7695      842.0386    56      841.1045      842.6276  2957474    0.18%
  21878  7720      841.5482    44      841.1045      842.6276  2962324    0.18%
  21935  7754      841.2243    58      841.1045      842.6264  2967787    0.18%
  21975  7780        cutoff            841.1045      842.6252  2973483    0.18%
Elapsed time = 2088.19 sec. (2360441.40 ticks, tree = 121.08 MB, solutions = 5)
  22017  7804      841.2227    40      841.1045      842.6246  2978710    0.18%
  22051  7826      841.9930    60      841.1045      842.6200  2983920    0.18%
  22104  7859      841.2348    24      841.1045      842.6193  2989019    0.18%
  22149  7892      841.6560    46      841.1045      842.6175  2994287    0.18%
  22186  7907      841.2425    54      841.1045      842.6153  2999805    0.18%
  22239  7934      842.1825    62      841.1045      842.6145  3005131    0.18%
  22274  7957      841.7635    52      841.1045      842.6132  3010620    0.18%
  22320  7989      842.1443    48      841.1045      842.6109  3015682    0.18%
  22361  8018      842.2473    52      841.1045      842.6081  3020655    0.18%
  22401  8032      841.2028    50      841.1045      842.6066  3025612    0.18%
Elapsed time = 2120.75 sec. (2399725.14 ticks, tree = 126.64 MB, solutions = 5)
  22456  8071      841.8574    62      841.1045      842.6046  3030871    0.18%
  22486  8091      842.0267    66      841.1045      842.6027  3036586    0.18%
  22516  8113      841.8995    68      841.1045      842.6024  3041595    0.18%
  22544  8137      841.1712    40      841.1045      842.6018  3046707    0.18%
  22590  8168      841.7087    52      841.1045      842.6003  3051593    0.18%
  22621  8187      841.2421    42      841.1045      842.5997  3057045    0.18%
  22651  8199      841.8303    56      841.1045      842.5995  3062211    0.18%
  22691  8221        cutoff            841.1045      842.5975  3067394    0.18%
  22719  8231      841.5582    58      841.1045      842.5950  3072550    0.18%
  22762  8260      841.2067    32      841.1045      842.5945  3077556    0.18%
Elapsed time = 2152.13 sec. (2439130.10 ticks, tree = 130.33 MB, solutions = 5)
  22794  8274      841.3162    64      841.1045      842.5916  3082769    0.18%
  22827  8299      841.5424    58      841.1045      842.5908  3087235    0.18%
  22875  8327      841.3553    28      841.1045      842.5895  3092257    0.18%
  22910  8340      841.9526    60      841.1045      842.5891  3097875    0.18%
  22958  8376      841.9782    70      841.1045      842.5872  3102661    0.18%
  22997  8405      841.4635    54      841.1045      842.5869  3107950    0.18%
  23024  8422      841.9863    64      841.1045      842.5862  3112901    0.18%
  23064  8446      842.1015    50      841.1045      842.5842  3117954    0.18%
  23091  8466      841.6246    56      841.1045      842.5836  3122622    0.18%
  23133  8496      841.1628    46      841.1045      842.5829  3127713    0.18%
Elapsed time = 2183.01 sec. (2478412.10 ticks, tree = 133.92 MB, solutions = 5)
  23167  8514      841.1549    44      841.1045      842.5802  3132946    0.18%
  23204  8534      842.1986    66      841.1045      842.5791  3138126    0.18%
  23252  8560      841.5523    64      841.1045      842.5780  3143583    0.18%
  23285  8581      841.4056    64      841.1045      842.5763  3148881    0.17%
  23322  8602      842.2364    46      841.1045      842.5743  3154138    0.17%
  23357  8623      841.2130    60      841.1045      842.5736  3159171    0.17%
  23394  8638      841.3494    56      841.1045      842.5733  3164225    0.17%
  23440  8672        cutoff            841.1045      842.5728  3169401    0.17%
  23470  8685      841.4268    56      841.1045      842.5726  3174727    0.17%
  23500  8693      841.8454    66      841.1045      842.5712  3180134    0.17%
Elapsed time = 2214.07 sec. (2517327.61 ticks, tree = 136.75 MB, solutions = 5)
  23536  8709      842.3224    68      841.1045      842.5709  3185300    0.17%
  23570  8731      841.9232    52      841.1045      842.5684  3191074    0.17%
  23609  8756      842.2538    66      841.1045      842.5674  3196122    0.17%
  23641  8778        cutoff            841.1045      842.5669  3201343    0.17%
  23685  8802      841.9098    56      841.1045      842.5662  3206245    0.17%
  23725  8832      841.1334    54      841.1045      842.5648  3211374    0.17%
  23771  8858      842.0776    48      841.1045      842.5618  3216720    0.17%
  23811  8892      841.6242    52      841.1045      842.5602  3222040    0.17%
  23850  8909      841.5167    54      841.1045      842.5599  3227305    0.17%
  23894  8945      841.2666    54      841.1045      842.5576  3232077    0.17%
Elapsed time = 2245.64 sec. (2556580.10 ticks, tree = 141.09 MB, solutions = 5)
  23935  8962      842.2655    72      841.1045      842.5561  3237128    0.17%
  23980  9003      841.2561    46      841.1045      842.5559  3242066    0.17%
  24017  9022        cutoff            841.1045      842.5551  3246677    0.17%
  24071  9060      842.4044    80      841.1045      842.5536  3251691    0.17%
  24104  9081      842.0305    50      841.1045      842.5530  3256760    0.17%
  24148  9107      841.8798    54      841.1045      842.5501  3262024    0.17%
  24187  9132      841.5937    52      841.1045      842.5499  3267305    0.17%
  24223  9156        cutoff            841.1045      842.5489  3272414    0.17%
  24265  9176      841.9799    62      841.1045      842.5470  3277415    0.17%
  24313  9216      841.5286    44      841.1045      842.5458  3282281    0.17%
Elapsed time = 2276.93 sec. (2595322.17 ticks, tree = 145.36 MB, solutions = 5)
  24360  9251      841.6079    44      841.1045      842.5442  3287320    0.17%
  24399  9279      841.2487    44      841.1045      842.5438  3292279    0.17%
  24438  9302      841.9393    58      841.1045      842.5417  3298235    0.17%
  24472  9326      841.1552    36      841.1045      842.5408  3303252    0.17%
  24511  9353      841.3841    56      841.1045      842.5389  3308153    0.17%
  24545  9369      841.8164    52      841.1045      842.5383  3313216    0.17%
  24585  9391      841.6590    54      841.1045      842.5343  3318519    0.17%
  24627  9419      841.6328    42      841.1045      842.5337  3323414    0.17%
  24684  9454      841.2837    52      841.1045      842.5305  3328970    0.17%
  24708  9460      841.1281    48      841.1045      842.5305  3334514    0.17%
Elapsed time = 2308.27 sec. (2635040.23 ticks, tree = 147.37 MB, solutions = 5)
  24757  9491      842.2875    66      841.1045      842.5286  3339229    0.17%
  24798  9522      841.6871    74      841.1045      842.5278  3344330    0.17%
  24840  9552      841.6163    46      841.1045      842.5269  3349280    0.17%
  24883  9584      841.3558    60      841.1045      842.5247  3354442    0.17%
  24927  9616      841.3392    44      841.1045      842.5234  3359591    0.17%
  24969  9640      842.0449    50      841.1045      842.5227  3364749    0.17%
  25011  9674      841.8394    40      841.1045      842.5223  3370032    0.17%
  25056  9701        cutoff            841.1045      842.5212  3374973    0.17%
  25091  9719      841.8560    56      841.1045      842.5206  3380074    0.17%
  25125  9733      841.9469    46      841.1045      842.5195  3384954    0.17%
Elapsed time = 2339.62 sec. (2674054.44 ticks, tree = 151.25 MB, solutions = 5)
  25170  9764      841.5125    58      841.1045      842.5189  3390163    0.17%
  25204  9782      841.9491    52      841.1045      842.5176  3395158    0.17%
  25234  9804      841.4985    58      841.1045      842.5165  3398159    0.17%
  25272  9832      841.3727    56      841.1045      842.5160  3403476    0.17%
  25313  9845      841.7908    72      841.1045      842.5134  3408928    0.17%
  25350  9861      842.2660    56      841.1045      842.5124  3413916    0.17%
  25407  9900      842.0785    50      841.1045      842.5122  3418596    0.17%
  25452  9935      841.8396    58      841.1045      842.5106  3423499    0.17%
  25484  9953      841.4348    50      841.1045      842.5094  3428873    0.17%
  25521  9978      841.6143    44      841.1045      842.5074  3433922    0.17%
Elapsed time = 2370.28 sec. (2712724.29 ticks, tree = 155.02 MB, solutions = 5)
  25563 10010      841.5470    40      841.1045      842.5071  3438608    0.17%
  25614 10043      841.1373    40      841.1045      842.5049  3443581    0.17%
  25646 10057      841.4605    44      841.1045      842.5043  3449054    0.17%
  25672 10073      841.3503    62      841.1045      842.5040  3454326    0.17%
  25709 10092      841.8408    46      841.1045      842.5034  3459365    0.17%
  25744 10119      841.2450    64      841.1045      842.5027  3464432    0.17%
  25785 10137      841.3124    62      841.1045      842.4995  3469693    0.17%
  25834 10156      841.9133    60      841.1045      842.4972  3474778    0.17%
  25881 10188      841.9776    62      841.1045      842.4966  3480344    0.17%
  25915 10202        cutoff            841.1045      842.4965  3484896    0.17%
Elapsed time = 2401.39 sec. (2752181.43 ticks, tree = 158.29 MB, solutions = 5)
  25944 10213      841.6437    50      841.1045      842.4938  3490228    0.17%
  25987 10244      842.1017    62      841.1045      842.4934  3495646    0.17%
  26027 10274      842.0637    60      841.1045      842.4930  3500869    0.17%
  26070 10299      841.5546    42      841.1045      842.4921  3505995    0.16%
  26109 10318        cutoff            841.1045      842.4913  3511567    0.16%
  26151 10346      841.1538    34      841.1045      842.4894  3516437    0.16%
  26181 10366      841.6214    38      841.1045      842.4883  3521331    0.16%
  26227 10400        cutoff            841.1045      842.4877  3526497    0.16%
  26271 10433      841.1093    44      841.1045      842.4863  3531556    0.16%
  26317 10453        cutoff            841.1045      842.4851  3536632    0.16%
Elapsed time = 2432.93 sec. (2791441.17 ticks, tree = 161.74 MB, solutions = 5)
  26345 10469        cutoff            841.1045      842.4831  3541938    0.16%
  26383 10477      842.4117    74      841.1045      842.4817  3547221    0.16%
  26417 10497      841.6613    56      841.1045      842.4810  3552476    0.16%
  26454 10514      841.1910    48      841.1045      842.4805  3557834    0.16%
  26490 10527      841.9493    68      841.1045      842.4787  3563118    0.16%
  26524 10549      841.9194    58      841.1045      842.4776  3568450    0.16%
  26560 10563      841.8451    66      841.1045      842.4769  3574183    0.16%
  26596 10587      841.1205    54      841.1045      842.4749  3579402    0.16%
  26643 10620      841.4611    52      841.1045      842.4725  3584418    0.16%
  26675 10638      841.4467    56      841.1045      842.4709  3589629    0.16%
Elapsed time = 2464.20 sec. (2830491.35 ticks, tree = 164.40 MB, solutions = 5)
  26713 10654        cutoff            841.1045      842.4702  3594793    0.16%
  26741 10670      841.9449    68      841.1045      842.4694  3599913    0.16%
  26777 10696      841.9220    58      841.1045      842.4686  3604676    0.16%
  26812 10719      841.3448    40      841.1045      842.4679  3609687    0.16%
  26850 10735      841.3764    42      841.1045      842.4644  3614266    0.16%
  26886 10755      842.3307    68      841.1045      842.4629  3619201    0.16%
  26920 10785      841.3652    58      841.1045      842.4622  3624287    0.16%
  26963 10812        cutoff            841.1045      842.4598  3629514    0.16%
  27003 10832        cutoff            841.1045      842.4597  3634314    0.16%
  27038 10857      841.5764    48      841.1045      842.4591  3638890    0.16%
Elapsed time = 2494.89 sec. (2869149.56 ticks, tree = 167.24 MB, solutions = 5)
  27077 10868      841.8453    42      841.1045      842.4579  3644260    0.16%
  27119 10894      841.8942    44      841.1045      842.4573  3649840    0.16%
  27164 10925      841.4848    46      841.1045      842.4566  3655077    0.16%
  27207 10954      841.3001    54      841.1045      842.4555  3659759    0.16%
  27251 10984      841.2196    60      841.1045      842.4541  3664918    0.16%
  27298 11011      841.3933    48      841.1045      842.4536  3669948    0.16%
  27334 11030      841.4929    64      841.1045      842.4532  3675170    0.16%
  27373 11047      841.3389    46      841.1045      842.4524  3680500    0.16%
  27430 11084      841.7266    50      841.1045      842.4510  3685691    0.16%
  27478 11118      841.3829    62      841.1045      842.4506  3690873    0.16%
Elapsed time = 2526.44 sec. (2908062.38 ticks, tree = 170.66 MB, solutions = 5)
  27519 11146      841.8480    64      841.1045      842.4504  3696047    0.16%
  27561 11174      841.6224    58      841.1045      842.4503  3701138    0.16%
  27598 11197      842.3811    66      841.1045      842.4493  3706304    0.16%
  27624 11217      841.9058    40      841.1045      842.4472  3711477    0.16%
  27672 11251        cutoff            841.1045      842.4456  3716297    0.16%
  27717 11276      841.3362    50      841.1045      842.4440  3721458    0.16%
  27760 11297      841.1309    42      841.1045      842.4422  3726669    0.16%
  27800 11321      842.0457    50      841.1045      842.4411  3731611    0.16%
  27838 11349        cutoff            841.1045      842.4408  3736904    0.16%
  27873 11368      841.1182    64      841.1045      842.4399  3741639    0.16%
Elapsed time = 2557.46 sec. (2946605.08 ticks, tree = 173.34 MB, solutions = 5)
  27913 11396      841.2394    44      841.1045      842.4386  3746805    0.16%
  27950 11419      841.5457    46      841.1045      842.4370  3751655    0.16%
  27994 11447      841.6531    60      841.1045      842.4359  3756604    0.16%
  28027 11460      841.8638    48      841.1045      842.4352  3760615    0.16%
  28058 11477        cutoff            841.1045      842.4351  3765594    0.16%
  28093 11502      841.2795    54      841.1045      842.4348  3770814    0.16%
  28131 11526      841.1400    32      841.1045      842.4340  3776073    0.16%
  28189 11567      841.8504    42      841.1045      842.4329  3781035    0.16%
  28237 11585        cutoff            841.1045      842.4319  3786119    0.16%
  28265 11595      841.7521    62      841.1045      842.4308  3791669    0.16%
Elapsed time = 2589.00 sec. (2985380.31 ticks, tree = 176.97 MB, solutions = 5)
  28312 11624      841.3619    76      841.1045      842.4271  3797348    0.16%
  28367 11645      842.1996    70      841.1045      842.4253  3802473    0.16%
  28404 11656      841.9346    54      841.1045      842.4248  3807554    0.16%
  28437 11671      841.5129    42      841.1045      842.4239  3812373    0.16%
  28482 11695      841.5056    38      841.1045      842.4223  3817968    0.16%
  28519 11710      841.5225    36      841.1045      842.4215  3822872    0.16%
  28548 11721        cutoff            841.1045      842.4208  3827932    0.16%
  28586 11739      841.3726    42      841.1045      842.4195  3833056    0.16%
  28618 11749      841.5625    54      841.1045      842.4179  3837956    0.16%
  28655 11770      841.6156    42      841.1045      842.4173  3843882    0.16%
Elapsed time = 2620.80 sec. (3025545.16 ticks, tree = 179.66 MB, solutions = 5)
  28697 11792        cutoff            841.1045      842.4168  3848918    0.16%
  28740 11825      841.3015    48      841.1045      842.4166  3853547    0.16%
  28780 11841      841.1815    30      841.1045      842.4150  3858672    0.16%
  28837 11880      841.2225    38      841.1045      842.4145  3863258    0.16%
  28875 11896        cutoff            841.1045      842.4135  3868810    0.16%
  28909 11918      841.6450    70      841.1045      842.4112  3874051    0.16%
  28946 11931      841.3833    46      841.1045      842.4110  3879538    0.16%
  28988 11957      841.5029    36      841.1045      842.4106  3884774    0.16%
  29029 11980      841.6148    54      841.1045      842.4100  3889781    0.16%
  29066 11992      841.8554    56      841.1045      842.4084  3895319    0.16%
Elapsed time = 2651.90 sec. (3064379.70 ticks, tree = 183.64 MB, solutions = 5)
  29107 12019      841.4572    48      841.1045      842.4068  3900659    0.15%
  29147 12045      841.6594    60      841.1045      842.4066  3906127    0.15%
  29187 12059      841.3196    38      841.1045      842.4060  3911085    0.15%
  29221 12081      841.5025    66      841.1045      842.4050  3916260    0.15%
  29248 12092      841.2156    48      841.1045      842.4048  3920671    0.15%
  29296 12126      841.4286    60      841.1045      842.4043  3925730    0.15%
  29333 12139      841.6242    48      841.1045      842.4018  3930712    0.15%
  29371 12167      841.4643    30      841.1045      842.4005  3935987    0.15%
  29412 12194      841.5963    48      841.1045      842.4001  3941013    0.15%
  29458 12222      841.1808    42      841.1045      842.3996  3946044    0.15%
Elapsed time = 2683.36 sec. (3103509.66 ticks, tree = 187.69 MB, solutions = 5)
  29511 12242      842.3738    66      841.1045      842.3986  3951287    0.15%
  29543 12268      841.2216    62      841.1045      842.3985  3956542    0.15%
  29597 12290      841.4249    64      841.1045      842.3980  3961671    0.15%
  29625 12308      841.4303    82      841.1045      842.3974  3966661    0.15%
  29647 12322      841.3577    60      841.1045      842.3966  3970819    0.15%
  29684 12343      841.5305    42      841.1045      842.3964  3976182    0.15%
  29728 12371      841.3760    46      841.1045      842.3951  3981057    0.15%
  29766 12395      841.2276    50      841.1045      842.3942  3986271    0.15%
  29827 12434      841.2260    16      841.1045      842.3941  3991147    0.15%
  29871 12455        cutoff            841.1045      842.3934  3995938    0.15%
Elapsed time = 2715.08 sec. (3142455.99 ticks, tree = 192.63 MB, solutions = 5)
  29904 12472      841.2410    48      841.1045      842.3912  4001137    0.15%
  29951 12505      841.4520    62      841.1045      842.3906  4005903    0.15%
  29988 12520      841.8000    46      841.1045      842.3901  4011393    0.15%
  30041 12559        cutoff            841.1045      842.3896  4016480    0.15%
  30075 12581      841.7925    50      841.1045      842.3878  4021511    0.15%
  30117 12611      841.7073    52      841.1045      842.3871  4026835    0.15%
  30156 12628      842.1061    66      841.1045      842.3866  4031881    0.15%
  30196 12658      841.2557    40      841.1045      842.3860  4037119    0.15%
  30231 12671      841.4248    54      841.1045      842.3853  4041442    0.15%
  30271 12697      841.3553    48      841.1045      842.3844  4046213    0.15%
Elapsed time = 2746.63 sec. (3181519.07 ticks, tree = 195.35 MB, solutions = 5)
  30303 12711      841.3394    40      841.1045      842.3837  4051228    0.15%
  30342 12726      841.1379    60      841.1045      842.3816  4056433    0.15%
  30373 12735      841.8529    56      841.1045      842.3803  4061651    0.15%
  30421 12767      842.2175    64      841.1045      842.3798  4066923    0.15%
  30453 12785      841.1956    48      841.1045      842.3785  4071924    0.15%
  30512 12816      841.1587    34      841.1045      842.3782  4077045    0.15%
  30557 12847      842.1039    74      841.1045      842.3776  4081803    0.15%
  30593 12871        cutoff            841.1045      842.3769  4087202    0.15%
  30641 12895      841.5970    32      841.1045      842.3763  4092288    0.15%
  30694 12928      841.9611    54      841.1045      842.3753  4097388    0.15%
Elapsed time = 2778.40 sec. (3220367.76 ticks, tree = 196.87 MB, solutions = 5)
  30741 12951      841.4238    52      841.1045      842.3736  4102484    0.15%
  30783 12978      842.1649    68      841.1045      842.3722  4107561    0.15%
  30822 13007      841.7089    62      841.1045      842.3715  4113346    0.15%
  30863 13024      841.5236    48      841.1045      842.3711  4118680    0.15%
  30905 13042      841.9555    74      841.1045      842.3705  4123943    0.15%
  30928 13057      841.5326    48      841.1045      842.3699  4128953    0.15%
  30958 13071      841.7720    66      841.1045      842.3686  4134055    0.15%
  30997 13088      841.6192    58      841.1045      842.3679  4138991    0.15%
  31041 13110      841.4748    52      841.1045      842.3655  4144478    0.15%
  31079 13138      841.1495    54      841.1045      842.3651  4149644    0.15%
Elapsed time = 2810.62 sec. (3260346.69 ticks, tree = 200.11 MB, solutions = 5)
  31123 13162      841.8090    58      841.1045      842.3643  4154541    0.15%
  31156 13179      841.3401    36      841.1045      842.3638  4159869    0.15%
  31198 13199      842.0409    56      841.1045      842.3622  4164590    0.15%
  31231 13218      841.6984    64      841.1045      842.3619  4169541    0.15%
  31266 13237      841.7962    48      841.1045      842.3610  4174763    0.15%
  31312 13265      841.3679    34      841.1045      842.3600  4179513    0.15%
  31357 13296      841.4903    46      841.1045      842.3589  4184702    0.15%
  31408 13332      841.5813    44      841.1045      842.3586  4189708    0.15%
  31445 13353      841.4084    42      841.1045      842.3582  4194592    0.15%
  31484 13372      841.3487    52      841.1045      842.3566  4199781    0.15%
Elapsed time = 2841.64 sec. (3299003.57 ticks, tree = 204.45 MB, solutions = 5)
  31524 13396      841.7956    52      841.1045      842.3555  4204816    0.15%
  31561 13426      841.5472    60      841.1045      842.3546  4210347    0.15%
  31596 13447      841.4279    32      841.1045      842.3537  4215542    0.15%
  31629 13469      841.5848    40      841.1045      842.3526  4219770    0.15%
  31667 13495      841.2811    48      841.1045      842.3519  4224953    0.15%
  31711 13509      841.7878    58      841.1045      842.3509  4229919    0.15%
  31743 13521      841.6985    50      841.1045      842.3507  4235294    0.15%
  31787 13551      841.2860    20      841.1045      842.3499  4240129    0.15%
  31827 13573      841.8047    62      841.1045      842.3488  4245316    0.15%
  31867 13601      841.5436    68      841.1045      842.3481  4250504    0.15%
Elapsed time = 2872.89 sec. (3337805.13 ticks, tree = 208.91 MB, solutions = 5)
  31904 13622      841.5086    52      841.1045      842.3475  4255845    0.15%
  31953 13651      841.4191    38      841.1045      842.3473  4260632    0.15%
  31989 13669      841.4766    42      841.1045      842.3469  4265892    0.15%
  32026 13685      841.7861    50      841.1045      842.3459  4271082    0.15%
  32064 13701      842.1993    52      841.1045      842.3442  4276582    0.15%
  32094 13713      841.9401    60      841.1045      842.3423  4282114    0.15%
  32142 13741      841.2140    56      841.1045      842.3416  4287390    0.15%
  32176 13755      841.2632    52      841.1045      842.3413  4292374    0.15%
  32210 13769      841.4270    62      841.1045      842.3411  4297627    0.15%
  32254 13797      841.5425    36      841.1045      842.3403  4302893    0.15%
Elapsed time = 2904.06 sec. (3376501.80 ticks, tree = 212.05 MB, solutions = 5)
  32299 13829      841.6251    60      841.1045      842.3397  4307856    0.15%
  32337 13851      841.1421    48      841.1045      842.3390  4312878    0.15%
  32383 13873        cutoff            841.1045      842.3385  4317559    0.15%
  32417 13889      841.8883    58      841.1045      842.3375  4322471    0.15%
  32453 13907      841.2743    46      841.1045      842.3365  4327967    0.15%
  32487 13917      841.4717    52      841.1045      842.3362  4332813    0.15%
  32533 13941        cutoff            841.1045      842.3352  4337621    0.15%
  32580 13974      841.2132    22      841.1045      842.3351  4342540    0.15%
  32625 13998      841.6258    46      841.1045      842.3310  4347671    0.15%
  32668 14023      841.5446    58      841.1045      842.3304  4353042    0.15%
Elapsed time = 2935.33 sec. (3415663.08 ticks, tree = 215.51 MB, solutions = 5)
  32710 14045      841.1929    62      841.1045      842.3300  4357957    0.15%
  32739 14056      841.2427    34      841.1045      842.3293  4363069    0.15%
  32774 14077      841.4986    48      841.1045      842.3286  4367714    0.15%
  32819 14098      841.6570    54      841.1045      842.3267  4373317    0.15%
  32851 14116      841.6372    38      841.1045      842.3255  4378442    0.15%
  32899 14142      841.2395    48      841.1045      842.3248  4383665    0.15%
  32936 14168      841.1390    34      841.1045      842.3237  4388774    0.14%
  33001 14211      841.2568    50      841.1045      842.3223  4393597    0.14%
  33033 14231      841.1309    38      841.1045      842.3211  4398912    0.14%
  33067 14243      841.5916    58      841.1045      842.3202  4404078    0.14%
Elapsed time = 2966.54 sec. (3455011.90 ticks, tree = 220.91 MB, solutions = 5)
  33104 14264      841.5560    72      841.1045      842.3196  4409155    0.14%
  33149 14289      841.5578    34      841.1045      842.3191  4414324    0.14%
  33190 14309      841.5264    60      841.1045      842.3188  4420283    0.14%
  33227 14324      841.4074    56      841.1045      842.3174  4425396    0.14%
  33269 14352      841.5205    62      841.1045      842.3167  4431035    0.14%
  33307 14372      841.9780    70      841.1045      842.3165  4436521    0.14%
  33339 14390      841.3034    56      841.1045      842.3158  4441627    0.14%
  33377 14408      841.3127    58      841.1045      842.3151  4446953    0.14%
  33418 14423      841.1849    56      841.1045      842.3141  4452243    0.14%
  33460 14445      841.6909    44      841.1045      842.3123  4457358    0.14%
Elapsed time = 2998.57 sec. (3494937.34 ticks, tree = 223.75 MB, solutions = 5)
  33510 14481      841.2472    42      841.1045      842.3103  4462449    0.14%
  33554 14495      841.7303    68      841.1045      842.3078  4467586    0.14%
  33604 14522        cutoff            841.1045      842.3067  4472896    0.14%
  33649 14541      841.2269    52      841.1045      842.3051  4478358    0.14%
  33689 14565      841.3046    42      841.1045      842.3046  4483582    0.14%
  33733 14591      841.4731    62      841.1045      842.3042  4488705    0.14%
  33770 14612      841.7021    58      841.1045      842.3038  4493572    0.14%
  33798 14622      841.1902    68      841.1045      842.3033  4498900    0.14%
  33849 14655      841.5357    48      841.1045      842.3020  4503881    0.14%
  33888 14671      841.7811    46      841.1045      842.3004  4508807    0.14%
Elapsed time = 3030.02 sec. (3533840.51 ticks, tree = 227.80 MB, solutions = 5)
  33943 14704      841.5629    70      841.1045      842.2999  4514283    0.14%
  33987 14724      841.2933    50      841.1045      842.2996  4519604    0.14%
  34026 14749      841.4064    42      841.1045      842.2990  4524847    0.14%
  34067 14772      841.4398    28      841.1045      842.2981  4529636    0.14%
  34125 14808      841.6668    52      841.1045      842.2967  4535013    0.14%
  34175 14833      841.2184    50      841.1045      842.2963  4539823    0.14%
  34216 14851        cutoff            841.1045      842.2957  4545188    0.14%
  34253 14860      841.6318    54      841.1045      842.2951  4550670    0.14%
  34289 14878        cutoff            841.1045      842.2948  4555607    0.14%
  34332 14902      841.2272    56      841.1045      842.2943  4560897    0.14%
Elapsed time = 3062.21 sec. (3573403.11 ticks, tree = 231.58 MB, solutions = 5)
  34379 14927      841.7026    42      841.1045      842.2935  4565924    0.14%
  34429 14959        cutoff            841.1045      842.2934  4570421    0.14%
  34469 14981      841.2402    42      841.1045      842.2925  4575328    0.14%
  34501 14993      841.5485    46      841.1045      842.2906  4580223    0.14%
  34561 15009      841.4315    54      841.1045      842.2897  4585592    0.14%
  34594 15022      841.5883    54      841.1045      842.2885  4591002    0.14%
  34627 15031      841.4389    52      841.1045      842.2881  4595842    0.14%
  34667 15059      841.2549    38      841.1045      842.2873  4600694    0.14%
  34705 15081      841.3490    46      841.1045      842.2862  4605900    0.14%
  34741 15091      841.4283    52      841.1045      842.2842  4611738    0.14%
Elapsed time = 3093.02 sec. (3612414.16 ticks, tree = 233.27 MB, solutions = 5)
  34790 15113      841.1073    44      841.1045      842.2834  4617235    0.14%
  34829 15140      841.1402    32      841.1045      842.2830  4622712    0.14%
  34870 15156      841.6903    72      841.1045      842.2824  4627703    0.14%
  34904 15178      841.1545    50      841.1045      842.2819  4633294    0.14%
  34944 15201      842.1936    74      841.1045      842.2809  4638190    0.14%
  34985 15218      841.9171    66      841.1045      842.2802  4643949    0.14%
  35024 15247      841.3853    40      841.1045      842.2800  4649420    0.14%
  35058 15267        cutoff            841.1045      842.2795  4654609    0.14%
  35096 15287      841.6227    44      841.1045      842.2764  4659515    0.14%
  35137 15300      841.4416    56      841.1045      842.2757  4664528    0.14%
Elapsed time = 3124.03 sec. (3651513.81 ticks, tree = 235.00 MB, solutions = 5)
  35179 15324      841.1668    46      841.1045      842.2744  4669675    0.14%
  35212 15335      841.5406    64      841.1045      842.2737  4675049    0.14%
  35245 15354      841.4029    58      841.1045      842.2733  4679784    0.14%
  35277 15366      841.3769    46      841.1045      842.2726  4685092    0.14%
  35317 15377      841.2680    40      841.1045      842.2712  4689842    0.14%
  35353 15393      841.4394    42      841.1045      842.2709  4695662    0.14%
  35392 15410      842.0623    68      841.1045      842.2701  4700681    0.14%
  35429 15433      841.3691    62      841.1045      842.2700  4705767    0.14%
  35465 15454      841.4455    52      841.1045      842.2696  4710669    0.14%
  35508 15466      841.5711    48      841.1045      842.2686  4715909    0.14%
Elapsed time = 3154.85 sec. (3690664.63 ticks, tree = 238.72 MB, solutions = 5)
  35548 15487      841.8535    50      841.1045      842.2683  4720899    0.14%
  35606 15529      841.4734    44      841.1045      842.2678  4726258    0.14%
  35654 15547      841.5751    50      841.1045      842.2670  4731993    0.14%
  35692 15561      841.6943    56      841.1045      842.2661  4737119    0.14%
  35741 15598      841.5317    36      841.1045      842.2655  4742336    0.14%
  35792 15617      841.6133    62      841.1045      842.2650  4747696    0.14%
  35824 15627      841.6444    74      841.1045      842.2635  4752851    0.14%
  35871 15656        cutoff            841.1045      842.2630  4757635    0.14%
  35908 15683      841.4573    30      841.1045      842.2622  4762850    0.14%
  36071 15759      841.1383    42      841.1045      842.2591  4782361    0.14%
Elapsed time = 3195.70 sec. (3741274.40 ticks, tree = 244.50 MB, solutions = 5)
  36217 15822      841.6091    38      841.1045      842.2546  4802584    0.14%
  36381 15902      842.0014    56      841.1045      842.2520  4822638    0.14%
  36539 15974      841.7939    50      841.1045      842.2491  4842991    0.14%
  36694 16063      841.6454    40      841.1045      842.2459  4863413    0.14%
Starting limited solution polishing.
* 36827+16125                          841.1072      842.2444             0.14%
  36857 16141      841.6497    62      841.1072      842.2439  4883077    0.14%
  37019 16218      841.6204    44      841.1072      842.2411  4902406    0.13%
  37162 16293      841.4262    48      841.1072      842.2380  4921125    0.13%
  37327 16402      841.1463    32      841.1072      842.2355  4939648    0.13%
  37455 16466      841.8763    56      841.1072      842.2333  4957830    0.13%
  37595 16538      841.5009    58      841.1072      842.2289  4979205    0.13%
Elapsed time = 3315.67 sec. (3894944.72 ticks, tree = 255.69 MB, solutions = 6)
  37754 16627      841.2476    12      841.1072      842.2269  4996418    0.13%
  37934 16696      841.5394    50      841.1072      842.2245  5015734    0.13%
  38087 16781      841.1714    44      841.1072      842.2209  5035032    0.13%
  38234 16864      842.1012    44      841.1072      842.2192  5050990    0.13%
  38370 16922        cutoff            841.1072      842.2165  5070097    0.13%
  38523 16997      841.9374    54      841.1072      842.2141  5089788    0.13%
  38642 17060      841.2956    50      841.1072      842.2115  5106051    0.13%
  38774 17126      841.4260    42      841.1072      842.2089  5123386    0.13%
  38927 17197      841.3476    70      841.1072      842.2068  5142443    0.13%
  39071 17262      841.5774    60      841.1072      842.2052  5160803    0.13%
Elapsed time = 3435.12 sec. (4049571.70 ticks, tree = 267.44 MB, solutions = 6)
  39218 17344      841.1187    58      841.1072      842.2025  5179104    0.13%
  39357 17421      841.6954    54      841.1072      842.2001  5197468    0.13%
  39511 17521      841.9639    50      841.1072      842.1983  5215054    0.13%
  39638 17582      841.8685    60      841.1072      842.1963  5231975    0.13%
  39784 17654      841.2544    62      841.1072      842.1941  5252621    0.13%
  39905 17711        cutoff            841.1072      842.1912  5271038    0.13%
  40018 17756      841.5464    72      841.1072      842.1893  5287187    0.13%
  40165 17832        cutoff            841.1072      842.1874  5303100    0.13%
  40295 17892      841.4157    52      841.1072      842.1852  5321442    0.13%
  40438 17969      841.6658    34      841.1072      842.1834  5337590    0.13%
Elapsed time = 3553.81 sec. (4203516.77 ticks, tree = 281.18 MB, solutions = 6)
  40570 18017      841.5551    62      841.1072      842.1808  5355231    0.13%
  40691 18071      841.3402    62      841.1072      842.1787  5370298    0.13%
  40806 18118      841.5539    52      841.1072      842.1768  5387706    0.13%

Flow cuts applied:  4
Mixed integer rounding cuts applied:  9
Lift and project cuts applied:  2
User cuts applied:  1973

Root node processing (before b&c):
  Real time             =   19.08 sec. (4927.87 ticks)
Sequential b&c:
  Real time             = 3580.92 sec. (4259604.51 ticks)
                          ------------
Total (root+branch&cut) = 3600.00 sec. (4264532.38 ticks)
|V|                                     900
K                                       10
theta                                   0.20
r                                       10
R                                       25
prob_func                               linear
#C1                                     21248
#CP                                     471774

@Parameters: 
am_callback_heuristic                   false
am_local_search                         true
am_start_heuristic                      false
colocation                              true
comp                                    false
cutC                                    true
cutC_init                               false
cutF                                    true
cutF_init                               false
cutF_stable                             false
cutF_wrong                              false
cutLocal                                false
cutM                                    true
cutM_init                               true
cutM_stable                             false
cutP                                    true
cutP_init                               false
cutP_stable                             false
init                                    true
init_cutF_zero                          false
init_val_greedy                         true
is_Euclidean                            false
is_local_search                         true
is_right_cutP                           true
is_root                                 false
is_silent                               false
is_start                                false
mycut                                   false
pmed                                    false
pre                                     true
stable_root                             false
str                                     true
two_phase                               false
ubstr                                   false
mode                                    Int

am_callback_node_space                  50
init                                    0
mixture_seed                            1
node_space                              5
nodelimit                               -1
nsepa                                   1
strF                                    0
type_delta                              0

EPS                                     0.001000
EPS_FRAC                                0.00
gap                                     0.00
mixture_high_max                        0.99
mixture_high_min                        0.90
mixture_low_max                         0.01
mixture_low_min                         0.00
mixture_low_share                       0.80
timelimit                               3600.00

Number of Closed Sites: 2 / 20 
Number of Confined Sites-1: 1 / 9 
Number of Confined Sites-k: 250 / 250 
Preprocess Time: 1.40 + 0.00 sec

Solve Time: 3600.00
Number of Nodes: 40926
Termination Status: TIME_LIMIT

CutInfo: [phase] num / time (sec) / aver. num_nonzero
max              [LP]     0 / 0.00 / 0.00 [init]   458 / 0.03 / 24.96 [rLC]   612 / 0.12 / 52.83 [rUC]  1082 / 0.45 / 33.95 [sLC]   577 / 0.22 / 54.64 [sUC]  1535 / 3.15 / 41.23 
prod_oa          [LP]     0 / 0.00 / 0.00 [init]   330 / 0.09 / 330.98 [rLC]  1131 / 0.55 / 357.90 [rUC]    21 / 1.77 / 261.57 [sLC]  1772 / 1.49 / 327.35 [sUC]   127 / 30.26 / 301.72 
prod_sm_fixed    [LP]     0 / 0.00 / 0.00 [init]     0 / 0.00 / 0.00 [rLC]     0 / 0.00 / 0.00 [rUC]     0 / 0.00 / 0.00 [sLC]     0 / 0.00 / 0.00 [sUC]     0 / 0.00 / 0.00 
prod_bin         [LP]     0 / 0.00 / 0.00 [init]     0 / 0.00 / 0.00 [rLC]     0 / 0.00 / 0.00 [rUC]     0 / 0.00 / 0.00 [sLC]     0 / 0.00 / 0.00 [sUC]     0 / 0.00 / 0.00 
prod_local       [LP]     0 / 0.00 / 0.00 [init]     0 / 0.00 / 0.00 [rLC]     0 / 0.00 / 0.00 [rUC]     0 / 0.00 / 0.00 [sLC]     0 / 0.00 / 0.00 [sUC]     0 / 0.00 / 0.00 
prod_sm_C        [LP]     0 / 0.00 / 0.00 [init]     0 / 0.48 / 0.00 [rLC]     0 / 3.56 / 0.00 [rUC]    83 / 7.85 / 187.28 [sLC]     0 / 10.60 / 0.00 [sUC]  1185 / 135.52 / 500.72 
facet            [LP]     0 / 0.00 / 0.00 [init]     0 / 0.00 / 0.00 [rLC]     0 / 0.00 / 0.00 [rUC]    70 / 0.00 / 0.00 [sLC]     0 / 0.00 / 0.00 [sUC]  1093 / 0.00 / 0.00 
Separation Round:   [LP] 0  [init] 1  [rLC] 7  [rUC] 17  [sLC] 21  [sUC] 67848  
Root Best Bound 845.014549
Root Best Integer: 840.462423
Best Bound: 842.175186
Best Integer: 841.107182
1: 47, 87, 114, 121, 244, 324, 537, 594, 778, 876
Objective Value (calc): 841.039043
sum_etaM = 768.333333 / 768.333333
sum_etaP = 859.300644 / 859.215471
nL: 10
nCL: 0
mCL: 1
