Version identifier: 20.1.0.0 | 2020-11-10 | 9bedb6d68
CPXPARAM_Threads                                 1
CPXPARAM_TimeLimit                               3600
CPXPARAM_MIP_Tolerances_MIPGap                   0
Generic callback                                 0x60
1 of 1 MIP starts provided solutions.
MIP start 'm1' defined initial solution with objective 675.6318.
Tried aggregator 2 times.
MIP Presolve eliminated 5 rows and 4 columns.
Aggregator did 1 substitutions.
Reduced MIP has 2587 rows, 3195 columns, and 113345 nonzeros.
Reduced MIP has 798 binaries, 797 generals, 0 SOSs, and 0 indicators.
Presolve time = 0.05 sec. (35.44 ticks)
Probing time = 0.01 sec. (10.07 ticks)
Tried aggregator 1 time.
Reduced MIP has 2587 rows, 3195 columns, and 113345 nonzeros.
Reduced MIP has 798 binaries, 797 generals, 0 SOSs, and 0 indicators.
Presolve time = 0.03 sec. (20.71 ticks)
Probing time = 0.00 sec. (10.05 ticks)
MIP emphasis: balance optimality and feasibility.
MIP search method: dynamic search.
Parallel mode: none, using 1 thread.
Root relaxation solution time = 0.32 sec. (418.73 ticks)

        Nodes                                         Cuts/
   Node  Left     Objective  IInf  Best Integer    Best Bound    ItCnt     Gap

*     0+    0                          675.6318      800.0000            18.41%
      0     0      705.9076    48      675.6318      705.9076     2868    4.48%
      0     0      686.1384    78      675.6318     Cuts: 570     3723    1.56%
      0     0      685.4680    78      675.6318     Cuts: 254     4060    1.46%
      0     0      685.3612    88      675.6318      Cuts: 94     4214    1.44%
      0     0      685.3226    92      675.6318      Cuts: 68     4316    1.43%
      0     0      685.2978    98      675.6318      Cuts: 63     4400    1.43%
      0     0      685.2835    88      675.6318      Cuts: 22     4448    1.43%
      0     0      685.2810    96      675.6318      Cuts: 20     4476    1.43%
      0     0      685.2796    92      675.6318 UserPurge2: 9     4491    1.43%
      0     0      685.2773    92      675.6318 UserPurge2: 7     4510    1.43%
      0     0      685.2770    94      675.6318 UserPurge2: 7     4518    1.43%
      0     0      685.2767    96      675.6318 UserPurge2: 6     4530    1.43%
      0     0      685.2764    96      675.6318 UserPurge2: 4     4538    1.43%
      0     0      685.2764    96      675.6318 UserPurge2: 1     4541    1.43%
*     0+    0                          676.5792      685.2764             1.29%
*     0+    0                          677.5277      685.2764             1.14%
      0     2      684.0836    92      677.5277      684.0797     4541    0.97%
Elapsed time = 12.44 sec. (5245.31 ticks, tree = 0.01 MB, solutions = 3)
      2     4      683.3602    80      677.5277      684.0793     5339    0.97%
      5     7      681.9980    86      677.5277      684.0793     7410    0.97%
      6     8      681.5557    70      677.5277      684.0793     8358    0.97%
      8    10      680.8410    66      677.5277      684.0793     8903    0.97%
      9    11      680.9988    70      677.5277      684.0793    10004    0.97%
     10    12      679.9514    74      677.5277      684.0793    12077    0.97%
     11    13      679.3590    68      677.5277      684.0793    13546    0.97%
     12    14      679.2534    64      677.5277      684.0793    14053    0.97%
     14    16      678.5771    56      677.5277      684.0793    14926    0.97%
     20    18      682.4898    84      677.5277      684.0167    18029    0.96%
Elapsed time = 23.73 sec. (11030.66 ticks, tree = 0.13 MB, solutions = 3)
     23    21      682.0793    80      677.5277      684.0167    20595    0.96%
     26    24      680.7156    62      677.5277      684.0167    22670    0.96%
     30    28      678.9202    50      677.5277      684.0167    25453    0.96%
     34    32      678.1241    32      677.5277      684.0167    27345    0.96%
     37    31      683.2951    90      677.5277      683.8845    29329    0.94%
     39    33      682.9693    92      677.5277      683.8845    30634    0.94%
     40    34      682.4665    90      677.5277      683.8845    31964    0.94%
     43    37      681.5547    80      677.5277      683.8845    33648    0.94%
     45    39      680.7950    80      677.5277      683.8845    35519    0.94%
     49    43      679.7492    64      677.5277      683.8845    37306    0.94%
Elapsed time = 44.18 sec. (25780.83 ticks, tree = 0.80 MB, solutions = 3)
     50    44      677.9765    64      677.5277      683.8845    39170    0.94%
     55    45      682.4558    78      677.5277      683.3599    42042    0.86%
     59    49      681.3924    66      677.5277      683.3599    43854    0.86%
     60    50      680.8998    72      677.5277      683.3599    45117    0.86%
     64    54      680.1257    72      677.5277      683.3599    47027    0.86%
     66    56      679.6210    76      677.5277      683.3599    48591    0.86%
     69    59      678.0432    62      677.5277      683.3599    50188    0.86%
     72    58      682.2549    72      677.5277      683.2941    51993    0.85%
     75    61      680.8830    64      677.5277      683.2941    53763    0.85%
     77    63      680.2570    64      677.5277      683.2941    55304    0.85%
Elapsed time = 65.71 sec. (39597.65 ticks, tree = 1.25 MB, solutions = 3)
     80    66      679.3607    66      677.5277      683.2941    57658    0.85%
     84    70      677.6293    46      677.5277      683.2941    59356    0.85%
     88    70      681.9762    80      677.5277      683.2651    60914    0.85%
     90    72      681.5785    78      677.5277      683.2651    62250    0.85%
     92    74      680.6158    68      677.5277      683.2651    63541    0.85%
     95    77      677.7934    54      677.5277      683.2651    66457    0.85%
     97    79      678.6824    50      677.5277      683.2651    68245    0.85%
    100    80        cutoff            677.5277      683.2651    69350    0.85%
    107    83        cutoff            677.5277      683.2651    70989    0.85%
    110    84      681.6239    78      677.5277      683.2210    72631    0.84%
Elapsed time = 84.86 sec. (55424.05 ticks, tree = 1.38 MB, solutions = 3)
    113    87      680.3434    78      677.5277      683.2210    74255    0.84%
    115    89      679.7527    78      677.5277      683.2210    75719    0.84%
    118    92      679.0659    82      677.5277      683.2210    77190    0.84%
    120    94      678.2189    88      677.5277      683.2210    78913    0.84%
    124    96      677.8090    84      677.5277      683.2210    80348    0.84%
    130    96      681.7797    72      677.5277      683.1411    82502    0.83%
    132    98      681.1323    72      677.5277      683.1411    83285    0.83%
    135   101      680.0244    62      677.5277      683.1411    85397    0.83%
    138   104      679.0661    70      677.5277      683.1411    86744    0.83%
    140   106      678.3055    50      677.5277      683.1411    88042    0.83%
Elapsed time = 107.02 sec. (70076.01 ticks, tree = 1.68 MB, solutions = 3)
    144   106      682.4687    76      677.5277      682.9692    89632    0.80%
    145   107      682.1004    78      677.5277      682.9692    91459    0.80%
    147   109      681.2926    68      677.5277      682.9692    93027    0.80%
    149   111      680.3321    68      677.5277      682.9692    94295    0.80%
    151   113      679.6088    76      677.5277      682.9692    95788    0.80%
    154   116      679.0967    72      677.5277      682.9692    97572    0.80%
    155   117      678.1792    70      677.5277      682.9692    98824    0.80%
    157   117        cutoff            677.5277      682.9692   100174    0.80%
    160   118      682.0838    72      677.5277      682.9011   102015    0.79%
    162   120      681.1743    66      677.5277      682.9011   104102    0.79%
Elapsed time = 126.33 sec. (83381.10 ticks, tree = 1.70 MB, solutions = 3)
    165   123      680.0619    66      677.5277      682.9011   105856    0.79%
    167   125      679.4435    68      677.5277      682.9011   107164    0.79%
    169   127      678.3633    64      677.5277      682.9011   108383    0.79%
    170   128      677.5341    64      677.5277      682.9011   109700    0.79%
    174   128      682.0695    90      677.5277      682.9010   111369    0.79%
    176   130      681.0545    82      677.5277      682.9010   114236    0.79%
    177   131      681.3011    70      677.5277      682.9010   115289    0.79%
    180   134      680.3489    76      677.5277      682.9010   117242    0.79%
    182   136      679.8973    58      677.5277      682.9010   118578    0.79%
    184   138      679.1123    56      677.5277      682.9010   120010    0.79%
Elapsed time = 145.86 sec. (97854.12 ticks, tree = 1.99 MB, solutions = 3)
    185   139      678.6155    64      677.5277      682.9010   121551    0.79%
    187   141      678.4143    52      677.5277      682.9010   123048    0.79%
    192   142      681.9824    86      677.5277      682.4894   125355    0.73%
    194   144      681.4200    88      677.5277      682.4894   126620    0.73%
    195   145      680.8924    84      677.5277      682.4894   127565    0.73%
    197   147      680.3437    78      677.5277      682.4894   128799    0.73%
    199   149      679.3603    76      677.5277      682.4894   130415    0.73%
    200   150      679.0073    76      677.5277      682.4894   131446    0.73%
    202   152      678.1741    70      677.5277      682.4894   132910    0.73%
    207   153      682.0445    78      677.5277      682.4893   134578    0.73%
Elapsed time = 166.81 sec. (113393.57 ticks, tree = 2.24 MB, solutions = 3)
    209   155      681.4445    76      677.5277      682.4893   135784    0.73%
    210   156      681.2128    76      677.5277      682.4893   136235    0.73%
    213   159      680.0890    84      677.5277      682.4893   137829    0.73%
    215   161      679.6982    82      677.5277      682.4893   139144    0.73%
    217   163      678.8671    74      677.5277      682.4893   140900    0.73%
    220   166      677.6487    78      677.5277      682.4893   143647    0.73%
    224   166      681.8612    82      677.5277      682.4683   144791    0.73%
    225   167      681.3589    84      677.5277      682.4683   145848    0.73%
    227   169      680.8596    80      677.5277      682.4683   146986    0.73%
    230   172      679.3464    72      677.5277      682.4683   149843    0.73%
Elapsed time = 188.64 sec. (127931.00 ticks, tree = 2.51 MB, solutions = 3)
    233   175      678.7522    78      677.5277      682.4683   151080    0.73%
    235   177      678.0938    74      677.5277      682.4683   152610    0.73%
    239   177      681.7505    62      677.5277      682.4620   154606    0.73%
    240   178      681.3142    64      677.5277      682.4620   155561    0.73%
    243   181      680.3078    64      677.5277      682.4620   156964    0.73%
    245   183      679.3661    64      677.5277      682.4620   158113    0.73%
    248   186      678.0142    46      677.5277      682.4620   159154    0.73%
    251   185      681.6508    78      677.5277      682.4522   160080    0.73%
    255   189      679.7385    56      677.5277      682.4522   161518    0.73%
    265   193      681.0633    72      677.5277      682.3559   165382    0.71%
Elapsed time = 214.09 sec. (147850.33 ticks, tree = 3.16 MB, solutions = 3)
    272   200      678.8761    82      677.5277      682.3559   170168    0.71%
    278   202      681.8195    72      677.5277      682.3410   173965    0.71%
    285   209      679.6185    62      677.5277      682.3410   178258    0.71%
    294   214      680.2506    44      677.5277      682.2525   183213    0.70%
    305   219      680.3210    60      677.5277      682.2299   187047    0.69%
    313   223        cutoff            677.5277      682.2299   191057    0.69%
    318   228      679.6799    72      677.5277      682.1476   195087    0.68%
    327   231        cutoff            677.5277      682.1476   197922    0.68%
    331   235      679.9250    84      677.5277      682.1391   201467    0.68%
    340   240      680.7735    76      677.5277      682.1231   206034    0.68%
Elapsed time = 266.80 sec. (188859.29 ticks, tree = 3.59 MB, solutions = 3)
    347   247      678.2424    54      677.5277      682.1231   210323    0.68%
    354   250      680.6153    74      677.5277      682.1038   214679    0.68%
    359   255      678.6335    60      677.5277      682.1038   218284    0.68%
    363   255      681.4066    72      677.5277      682.1004   220873    0.67%
    370   262      678.8165    62      677.5277      682.1004   225738    0.67%
    379   267      680.7434    68      677.5277      682.0833   229577    0.67%
    380   268      680.1800    66      677.5277      682.0833   231266    0.67%
    385   273      678.5826    44      677.5277      682.0833   233659    0.67%
    395   277      679.7281    68      677.5277      682.0790   237873    0.67%
    400   282      677.7291    58      677.5277      682.0790   241581    0.67%
Elapsed time = 315.44 sec. (232984.76 ticks, tree = 3.85 MB, solutions = 3)
    406   284      680.2081    72      677.5277      682.0774   245203    0.67%
    411   289      677.9730    72      677.5277      682.0774   248241    0.67%
    418   292      679.5358    72      677.5277      682.0693   252123    0.67%
    426   296      681.3229    80      677.5277      682.0681   257009    0.67%
    432   302      679.1856    84      677.5277      682.0681   260286    0.67%
    434   304      678.1407    68      677.5277      682.0681   264208    0.67%
    440   306      680.7939    92      677.5277      682.0655   267976    0.67%
    446   312      679.1795    74      677.5277      682.0655   271997    0.67%
    456   316      681.1416    60      677.5277      682.0444   275677    0.67%
    463   323      679.0198    42      677.5277      682.0444   278631    0.67%
Elapsed time = 372.77 sec. (282395.28 ticks, tree = 4.36 MB, solutions = 3)
    470   326      680.8061    74      677.5277      682.0082   282864    0.66%
    477   333      678.0910    64      677.5277      682.0082   286787    0.66%
    485   337      679.6939    74      677.5277      681.9978   291048    0.66%
    492   344      677.6529    66      677.5277      681.9978   295097    0.66%
    500   348      679.2028    76      677.5277      681.9973   299410    0.66%
    507   351      680.7736    72      677.5277      681.9813   303802    0.66%
    511   355      678.9849    50      677.5277      681.9813   307040    0.66%
    521   361      679.9900    72      677.5277      681.9757   310832    0.66%
    528   366        cutoff            677.5277      681.9757   313742    0.66%
    539   371      680.8673    72      677.5277      681.8591   317691    0.64%
Elapsed time = 424.60 sec. (326124.98 ticks, tree = 4.83 MB, solutions = 3)
    546   378      678.9162    70      677.5277      681.8591   321034    0.64%
    554   382      679.7282    70      677.5277      681.8193   325168    0.63%
    560   388      678.0876    58      677.5277      681.8193   328341    0.63%
    567   391      679.7142    56      677.5277      681.7792   332650    0.63%
    580   394      680.9152    60      677.5277      681.7502   336571    0.62%
    589   403      678.6816    42      677.5277      681.7502   339226    0.62%
    599   409      680.2925    52      677.5277      681.6690   342373    0.61%
    603   413      678.0998    40      677.5277      681.6690   344402    0.61%
    611   417      679.8213    70      677.5277      681.6505   347595    0.61%
    616   422      677.6023    56      677.5277      681.6505   350381    0.61%
Elapsed time = 469.99 sec. (368652.28 ticks, tree = 5.61 MB, solutions = 3)
    623   425      679.3051    64      677.5277      681.6355   353437    0.61%
    629   431      677.5588    50      677.5277      681.6355   357281    0.61%
    636   434      679.0638    44      677.5277      681.6243   361043    0.60%
    646   438      680.2311    62      677.5277      681.6238   364638    0.60%
    652   444      678.3552    74      677.5277      681.6238   367139    0.60%
    660   448      679.5613    62      677.5277      681.6062   370775    0.60%
    670   454      680.4538    72      677.5277      681.5783   375297    0.60%
    676   460      677.7787    54      677.5277      681.5783   379476    0.60%
    680   460      680.6589    76      677.5277      681.5776   381046    0.60%
    686   466      678.1634    62      677.5277      681.5776   384595    0.60%
Elapsed time = 517.51 sec. (411922.59 ticks, tree = 6.53 MB, solutions = 3)
    695   471      679.5389    68      677.5277      681.5541   388161    0.59%
    702   472      680.3397    70      677.5277      681.5536   391813    0.59%
    707   477      678.7797    72      677.5277      681.5536   394899    0.59%
    714   480      679.6867    60      677.5277      681.5226   399721    0.59%
    720   486      678.0301    54      677.5277      681.5226   402167    0.59%
    725   487      680.0322    74      677.5277      681.4478   405662    0.58%
    733   495      677.6577    60      677.5277      681.4478   409401    0.58%
    744   500      677.8861    42      677.5277      681.4441   412535    0.58%
    750   502      679.5641    66      677.5277      681.4353   415189    0.58%
    759   507        cutoff            677.5277      681.4353   418266    0.58%
Elapsed time = 563.57 sec. (456557.26 ticks, tree = 6.67 MB, solutions = 3)
    764   510      678.6539    52      677.5277      681.4277   422252    0.58%
    772   512      680.1932    60      677.5277      681.4191   424952    0.57%
    778   516        cutoff            677.5277      681.4191   427983    0.57%
    783   519      679.7640    74      677.5277      681.4150   431563    0.57%
    788   524      677.7232    68      677.5277      681.4150   434729    0.57%
    794   526      679.3919    56      677.5277      681.4098   437884    0.57%
    801   529      680.2950    48      677.5277      681.4065   441613    0.57%
    817   539      677.7373    24      677.5277      681.4065   445056    0.57%
    831   543      678.8545    62      677.5277      681.4026   448715    0.57%
    838   546      680.4005    62      677.5277      681.3919   451031    0.57%
Elapsed time = 609.20 sec. (499770.45 ticks, tree = 7.01 MB, solutions = 3)
    843   551      678.8149    72      677.5277      681.3919   453434    0.57%
    849   553      679.9902    60      677.5277      681.3838   456440    0.57%
    855   559      678.0484    76      677.5277      681.3838   459724    0.57%
    862   560      679.9666    66      677.5277      681.3837   462260    0.57%
    868   566      677.7903    70      677.5277      681.3837   465359    0.57%
    875   569      679.1918    54      677.5277      681.3795   468783    0.57%
    883   573      677.5855    32      677.5277      681.3795   471159    0.57%
    893   577      678.7658    70      677.5277      681.3783   474591    0.57%
    899   579      680.3754    72      677.5277      681.3646   477248    0.57%
    904   584      678.8133    70      677.5277      681.3646   480583    0.57%
Elapsed time = 659.27 sec. (541099.96 ticks, tree = 7.17 MB, solutions = 3)
    910   586      680.7481    74      677.5277      681.3575   484042    0.57%
    916   592      678.1771    60      677.5277      681.3575   487512    0.57%
    923   595      680.2643    76      677.5277      681.3381   490499    0.56%
    928   600      678.1711    60      677.5277      681.3381   493785    0.56%
    935   601      678.9396    52      677.5277      681.3217   496937    0.56%
    942   604      680.3904    78      677.5277      681.3131   500156    0.56%
    947   609      678.9729    72      677.5277      681.3131   503012    0.56%
    951   613      677.6825    76      677.5277      681.3131   506909    0.56%
    955   613      680.4379    58      677.5277      681.3009   508534    0.56%
    960   618      678.5219    44      677.5277      681.3009   510567    0.56%
Elapsed time = 703.32 sec. (584325.89 ticks, tree = 7.78 MB, solutions = 3)

Performing restart 1

Repeating presolve.
Tried aggregator 1 time.
MIP Presolve eliminated 879 rows and 575 columns.
MIP Presolve modified 179 coefficients.
Reduced MIP has 1708 rows, 2620 columns, and 105222 nonzeros.
Reduced MIP has 662 binaries, 358 generals, 0 SOSs, and 0 indicators.
Presolve time = 0.06 sec. (35.25 ticks)
Tried aggregator 1 time.
Reduced MIP has 1708 rows, 2620 columns, and 105222 nonzeros.
Reduced MIP has 662 binaries, 358 generals, 0 SOSs, and 0 indicators.
Presolve time = 0.03 sec. (20.99 ticks)
Represolve time = 0.41 sec. (349.84 ticks)
    962     0      683.5258   102      677.5277      Cuts: 11   520597    0.56%
    962     0      683.5239    94      677.5277    MIRcuts: 5   520621    0.56%
    962     0      683.5205    96      677.5277    MIRcuts: 4   520645    0.56%
    962     0      683.5172    92      677.5277    MIRcuts: 3   520664    0.56%
    962     0      683.5155    98      677.5277    MIRcuts: 3   520675    0.56%
    962     0      683.5116    94      677.5277    MIRcuts: 3   520700    0.56%
    962     2      683.4219    98      677.5277      681.3009   520700    0.56%
    963     3      683.2157    88      677.5277      681.3009   521130    0.56%
    965     5      681.7038    72      677.5277      681.3009   522173    0.56%
    973    13      681.9931    74      677.5277      681.3009   525483    0.56%
    975    15      679.3280    72      677.5277      681.3009   527687    0.56%
    979    18      678.7145    80      677.5277      681.3009   529570    0.56%
    996    26      681.4546    74      677.5277      681.3009   535443    0.56%
   1003    33      679.7735    56      677.5277      681.3009   537843    0.56%
   1012    39      678.8909    64      677.5277      681.3009   540261    0.56%
   1025    44      678.4003    60      677.5277      681.3009   543268    0.56%
Elapsed time = 753.95 sec. (647667.40 ticks, tree = 0.27 MB, solutions = 3)
   1039    52      680.6549    90      677.5277      681.3009   548633    0.56%
   1057    69      679.1188    92      677.5277      681.3009   553032    0.56%
   1073    80      677.9853    72      677.5277      681.3009   555206    0.56%
   1092    95      678.2021    70      677.5277      681.3009   560570    0.56%
   1105   104      682.0124    88      677.5277      681.3009   564685    0.56%
   1129   128      678.0315    70      677.5277      681.3009   572672    0.56%
   1156   150      678.9903    60      677.5277      681.3009   580027    0.56%
   1178   161        cutoff            677.5277      681.3009   585653    0.56%
   1202   179      680.0420    76      677.5277      681.3009   592762    0.56%
   1232   203      679.7789    58      677.5277      681.3009   598663    0.56%
Elapsed time = 784.13 sec. (689487.61 ticks, tree = 1.57 MB, solutions = 3)
   1274   236      681.5749    74      677.5277      681.3009   602791    0.56%
   1302   258      681.5222    74      677.5277      681.3009   608243    0.56%
   1322   277      678.0034    78      677.5277      681.3009   612652    0.56%
   1342   291      678.4057    54      677.5277      681.3009   619105    0.56%
   1378   319      677.8921    48      677.5277      681.3009   624697    0.56%
   1405   338      680.8165    70      677.5277      681.3009   630527    0.56%
   1441   366      678.9503    74      677.5277      681.3009   637098    0.56%
   1467   387      679.2763    46      677.5277      681.3009   642684    0.56%
   1510   412      679.6060    62      677.5277      681.3009   648499    0.56%
   1549   447      677.7626    42      677.5277      681.3009   655165    0.56%
Elapsed time = 816.28 sec. (728758.70 ticks, tree = 5.15 MB, solutions = 3)
   1581   468      678.0923    64      677.5277      681.3009   661399    0.56%
   1621   498      680.9001    78      677.5277      681.3009   666973    0.56%
   1668   541      678.9719    64      677.5277      681.3009   673677    0.56%
   1702   571      678.3607    46      677.5277      681.3009   678989    0.56%
   1739   598      679.1203    42      677.5277      681.3009   685906    0.56%
   1762   615      679.4895    78      677.5277      681.3009   690517    0.56%
   1789   632      680.5243    66      677.5277      681.3009   697191    0.56%
   1822   661      678.8871    88      677.5277      681.3009   703550    0.56%
   1850   679      680.3689    54      677.5277      681.3009   709893    0.56%
   1887   708      679.6017    66      677.5277      681.3009   715697    0.56%
Elapsed time = 848.84 sec. (768204.60 ticks, tree = 11.44 MB, solutions = 3)
   1925   734      680.1450    52      677.5277      681.3009   722099    0.56%
   1965   765      678.8127    48      677.5277      681.3009   728857    0.56%
   2003   783      678.4214    52      677.5277      681.3009   732642    0.56%
   2058   828      680.4070    66      677.5277      681.3009   739141    0.56%
   2082   848      678.8255    56      677.5277      681.3009   744050    0.56%
   2120   872      677.9636    48      677.5277      681.3009   750561    0.56%
   2167   895      680.0312    70      677.5277      681.3009   756330    0.56%
   2215   935      679.4003    54      677.5277      681.3009   762738    0.56%
   2247   953      680.8207    76      677.5277      681.2968   769396    0.56%
   2276   977      678.1433    58      677.5277      681.2793   775566    0.55%
Elapsed time = 882.72 sec. (806956.98 ticks, tree = 16.42 MB, solutions = 3)
   2314  1001      679.9847    62      677.5277      681.2457   781194    0.55%
   2347  1026      678.5018    62      677.5277      681.2218   787729    0.55%
   2394  1064      680.5981    70      677.5277      681.2166   793968    0.54%
   2441  1103      678.3312    64      677.5277      681.2006   800904    0.54%
   2479  1126      677.9711    48      677.5277      681.1676   807182    0.54%
   2525  1158      677.9420    52      677.5277      681.1317   813133    0.53%
   2556  1179        cutoff            677.5277      681.1170   819836    0.53%
   2607  1208      680.5217    74      677.5277      681.1064   826052    0.53%
   2650  1241      679.9508    46      677.5277      681.0832   832606    0.52%
   2693  1274      677.7893    60      677.5277      681.0778   838878    0.52%
Elapsed time = 917.12 sec. (846339.05 ticks, tree = 21.70 MB, solutions = 3)
   2725  1300      678.9197    56      677.5277      681.0514   845433    0.52%
   2771  1332      678.9331    46      677.5277      681.0375   851994    0.52%
   2825  1372      680.5274    66      677.5277      681.0032   858432    0.51%
   2862  1405      680.2134    66      677.5277      680.9958   864577    0.51%
   2892  1427      678.5323    56      677.5277      680.9897   870623    0.51%
   2940  1459      678.9983    60      677.5277      680.9528   876978    0.51%
   2996  1499      680.0250    68      677.5277      680.9350   883352    0.50%
   3048  1535      677.7181    56      677.5277      680.9312   889925    0.50%
   3109  1583      677.5448    32      677.5277      680.9081   895761    0.50%
   3158  1618      677.8006    44      677.5277      680.8785   902535    0.49%
Elapsed time = 951.99 sec. (885188.59 ticks, tree = 31.79 MB, solutions = 3)
   3215  1650      679.9010    66      677.5277      680.8518   908675    0.49%
   3252  1677      680.3197    66      677.5277      680.8478   914666    0.49%
   3288  1709      677.6287    46      677.5277      680.8371   921154    0.49%
   3322  1735      677.9737    38      677.5277      680.8371   927055    0.49%
   3382  1775      679.7982    66      677.5277      680.8319   932576    0.49%
   3428  1805      679.0055    58      677.5277      680.8185   938798    0.49%
   3460  1829      678.9083    54      677.5277      680.8184   945062    0.49%
   3509  1854      678.7014    62      677.5277      680.8123   951486    0.48%
   3552  1883      680.0809    52      677.5277      680.8021   957145    0.48%
   3601  1920      678.4684    58      677.5277      680.7979   964050    0.48%
Elapsed time = 987.14 sec. (924946.71 ticks, tree = 37.55 MB, solutions = 3)
   3645  1948      679.3249    44      677.5277      680.7755   970083    0.48%
   3687  1979      678.9392    56      677.5277      680.7709   975303    0.48%
   3732  2020      677.7819    34      677.5277      680.7656   981057    0.48%
   3764  2043      679.0536    54      677.5277      680.7538   985939    0.48%
   3810  2079      677.9101    46      677.5277      680.7487   992297    0.48%
   3858  2116      679.9329    66      677.5277      680.7398   997843    0.47%
   3891  2133      678.5175    64      677.5277      680.7343  1004249    0.47%
   3936  2164      678.0693    42      677.5277      680.7207  1010722    0.47%
   3969  2183      678.3865    54      677.5277      680.7112  1017066    0.47%
   3993  2199        cutoff            677.5277      680.7112  1023283    0.47%
Elapsed time = 1020.98 sec. (964009.14 ticks, tree = 43.69 MB, solutions = 3)
   4049  2243      679.6057    70      677.5277      680.7066  1029084    0.47%
   4090  2272      679.6325    58      677.5277      680.7001  1035614    0.47%
   4127  2301        cutoff            677.5277      680.6918  1040891    0.47%
   4168  2328      678.0105    60      677.5277      680.6816  1046235    0.47%
   4211  2355      679.7191    56      677.5277      680.6736  1052206    0.46%
   4251  2382      679.4841    66      677.5277      680.6699  1058472    0.46%
   4298  2409        cutoff            677.5277      680.6686  1064526    0.46%
   4338  2435      679.6641    60      677.5277      680.6525  1070275    0.46%
   4372  2459      679.6773    70      677.5277      680.6344  1076969    0.46%
   4414  2487      678.1244    34      677.5277      680.6344  1083304    0.46%
Elapsed time = 1054.10 sec. (1003108.55 ticks, tree = 51.95 MB, solutions = 3)
   4471  2530      679.3654    70      677.5277      680.6298  1089226    0.46%
   4522  2573      679.5041    62      677.5277      680.6282  1095475    0.46%
   4547  2590      677.5464    42      677.5277      680.6268  1101739    0.46%
   4605  2634      679.0380    40      677.5277      680.6130  1107617    0.46%
   4642  2655      679.0569    52      677.5277      680.5997  1113818    0.45%
   4681  2684      678.3843    64      677.5277      680.5791  1120290    0.45%
   4720  2707      679.0092    54      677.5277      680.5755  1126145    0.45%
   4751  2728      679.1580    48      677.5277      680.5623  1132312    0.45%
   4802  2765        cutoff            677.5277      680.5495  1138242    0.45%
   4847  2800      678.1813    46      677.5277      680.5337  1144250    0.44%
Elapsed time = 1087.21 sec. (1042264.70 ticks, tree = 56.21 MB, solutions = 3)
   4890  2827      679.4804    58      677.5277      680.5233  1150422    0.44%
   4932  2859      678.0632    56      677.5277      680.5227  1156319    0.44%
   4974  2887      679.4818    56      677.5277      680.5149  1162102    0.44%
   5028  2929      679.1882    58      677.5277      680.5120  1168159    0.44%
   5066  2947        cutoff            677.5277      680.5112  1173731    0.44%
   5098  2963      677.6583    54      677.5277      680.4987  1179920    0.44%
   5125  2982      679.4783    58      677.5277      680.4936  1185849    0.44%
   5178  3003      678.8150    58      677.5277      680.4833  1192220    0.44%
   5219  3034      677.7673    62      677.5277      680.4740  1198430    0.43%
   5277  3070      678.6197    46      677.5277      680.4695  1204661    0.43%
Elapsed time = 1121.25 sec. (1081550.76 ticks, tree = 61.53 MB, solutions = 3)
   5318  3099      678.7449    64      677.5277      680.4615  1210271    0.43%
   5350  3123      678.4689    62      677.5277      680.4591  1216082    0.43%
   5385  3142      678.7627    62      677.5277      680.4576  1220164    0.43%
   5424  3172      677.8308    46      677.5277      680.4545  1226203    0.43%
   5480  3212      679.0513    46      677.5277      680.4496  1232421    0.43%
   5518  3240      678.4969    62      677.5277      680.4439  1238363    0.43%
   5557  3267      678.9914    64      677.5277      680.4415  1244380    0.43%
   5595  3292      679.1768    60      677.5277      680.4374  1250133    0.43%
   5632  3319      679.3835    52      677.5277      680.4331  1256005    0.43%
   5670  3346      679.4130    76      677.5277      680.4253  1261630    0.43%
Elapsed time = 1155.59 sec. (1121497.68 ticks, tree = 67.27 MB, solutions = 3)
   5704  3370      678.7915    64      677.5277      680.4245  1267596    0.43%
   5747  3395        cutoff            677.5277      680.4169  1273322    0.43%
   5791  3413      677.8535    50      677.5277      680.4159  1278524    0.43%
   5835  3445      678.3262    44      677.5277      680.4096  1284169    0.43%
   5877  3469      679.1749    82      677.5277      680.4068  1290529    0.42%
   5922  3492      678.6011    48      677.5277      680.4065  1296729    0.42%
   5969  3523      679.7158    60      677.5277      680.4029  1302441    0.42%
   6006  3552      678.6561    58      677.5277      680.3883  1308547    0.42%
   6043  3571      679.4202    56      677.5277      680.3816  1314375    0.42%
   6088  3606      677.6719    62      677.5277      680.3721  1320804    0.42%
Elapsed time = 1189.40 sec. (1160394.61 ticks, tree = 73.23 MB, solutions = 3)
   6121  3627      678.9219    60      677.5277      680.3676  1326782    0.42%
   6161  3655      679.3446    56      677.5277      680.3607  1333035    0.42%
   6192  3682      677.5398    52      677.5277      680.3554  1337296    0.42%
   6239  3707      679.1392    58      677.5277      680.3500  1343354    0.42%
   6276  3735      678.7331    54      677.5277      680.3373  1349371    0.41%
   6344  3777      678.2282    48      677.5277      680.3289  1354935    0.41%
   6379  3804      678.5428    66      677.5277      680.3271  1360633    0.41%
   6420  3829      678.6057    66      677.5277      680.3226  1367000    0.41%
   6465  3868      677.5884    38      677.5277      680.3224  1372296    0.41%
   6513  3900      679.2890    56      677.5277      680.3148  1379038    0.41%
Elapsed time = 1224.02 sec. (1200344.84 ticks, tree = 78.03 MB, solutions = 3)
   6553  3930      677.7110    42      677.5277      680.3113  1385446    0.41%
   6593  3946      677.9460    54      677.5277      680.3105  1390255    0.41%
   6633  3973      678.4776    48      677.5277      680.3053  1395835    0.41%
   6683  4001      678.7759    68      677.5277      680.2983  1402572    0.41%
   6742  4047        cutoff            677.5277      680.2982  1408426    0.41%
   6774  4067      679.2984    62      677.5277      680.2927  1414895    0.41%
   6817  4090      679.1069    54      677.5277      680.2878  1420989    0.41%
   6853  4114        cutoff            677.5277      680.2851  1427069    0.41%
   6893  4138      679.2951    66      677.5277      680.2829  1432355    0.41%
   6932  4165      677.7516    52      677.5277      680.2771  1439107    0.41%
Elapsed time = 1258.25 sec. (1240260.60 ticks, tree = 81.57 MB, solutions = 3)
   6975  4186      679.9534    68      677.5277      680.2690  1444746    0.40%
   7015  4221      678.4501    46      677.5277      680.2617  1449803    0.40%
   7058  4249      677.5719    44      677.5277      680.2606  1456162    0.40%
   7112  4269      678.6273    56      677.5277      680.2573  1463055    0.40%
   7171  4304      679.5568    66      677.5277      680.2519  1469112    0.40%
   7202  4321      678.9781    58      677.5277      680.2503  1475157    0.40%
   7242  4347      679.2768    58      677.5277      680.2357  1480866    0.40%
   7287  4378      678.6775    56      677.5277      680.2292  1486815    0.40%
   7338  4417      678.4604    58      677.5277      680.2224  1492694    0.40%
   7396  4453      678.0304    34      677.5277      680.2168  1498583    0.40%
Elapsed time = 1292.38 sec. (1280001.38 ticks, tree = 88.32 MB, solutions = 3)
   7442  4483      679.0504    60      677.5277      680.2156  1504354    0.40%
   7499  4528      678.6089    60      677.5277      680.2121  1510895    0.40%
   7547  4554      677.6469    38      677.5277      680.2098  1516708    0.40%
   7582  4575      679.0175    62      677.5277      680.2068  1522794    0.40%
   7619  4600      677.7933    34      677.5277      680.2063  1529247    0.40%
   7671  4638        cutoff            677.5277      680.1967  1534979    0.39%
   7727  4678        cutoff            677.5277      680.1837  1540912    0.39%
   7761  4694      678.3867    60      677.5277      680.1737  1546633    0.39%
   7812  4729      679.6223    62      677.5277      680.1686  1552572    0.39%
   7843  4746      677.8318    36      677.5277      680.1686  1558467    0.39%
Elapsed time = 1326.13 sec. (1319777.08 ticks, tree = 94.47 MB, solutions = 3)
   7884  4769      677.7377    52      677.5277      680.1671  1564493    0.39%
   7926  4801      677.7789    52      677.5277      680.1661  1570105    0.39%
   7959  4816      678.5538    54      677.5277      680.1580  1576159    0.39%
   7999  4837      679.8422    50      677.5277      680.1549  1581637    0.39%
   8052  4866      678.0756    48      677.5277      680.1525  1587377    0.39%
   8105  4908      678.3148    48      677.5277      680.1501  1592637    0.39%
   8151  4940      678.7935    50      677.5277      680.1471  1598556    0.39%
   8195  4967      679.2787    50      677.5277      680.1435  1604504    0.39%
   8250  5004      677.7434    54      677.5277      680.1405  1610462    0.39%
   8296  5030      679.1183    56      677.5277      680.1381  1616192    0.39%
Elapsed time = 1359.65 sec. (1358672.72 ticks, tree = 100.84 MB, solutions = 3)
   8332  5058      678.2278    74      677.5277      680.1349  1622432    0.38%
   8370  5080      677.8184    62      677.5277      680.1327  1628369    0.38%
   8413  5103      679.0470    58      677.5277      680.1206  1634191    0.38%
   8462  5138        cutoff            677.5277      680.1166  1640357    0.38%
   8522  5162      678.5009    40      677.5277      680.1139  1646192    0.38%
   8569  5197        cutoff            677.5277      680.1105  1651922    0.38%
   8622  5230      678.2970    50      677.5277      680.1078  1657525    0.38%
   8671  5263      679.1989    52      677.5277      680.1022  1663818    0.38%
   8705  5283      678.8307    48      677.5277      680.1002  1669297    0.38%
   8741  5311      679.8937    54      677.5277      680.0993  1675042    0.38%
Elapsed time = 1392.97 sec. (1397546.96 ticks, tree = 107.93 MB, solutions = 3)
   8798  5350      678.2528    50      677.5277      680.0973  1681503    0.38%
   8836  5374      678.8726    54      677.5277      680.0927  1686997    0.38%
   8878  5406      679.3425    74      677.5277      680.0918  1693077    0.38%
   8909  5423      679.1597    76      677.5277      680.0882  1698948    0.38%
   8952  5452      678.6577    58      677.5277      680.0856  1704785    0.38%
   8996  5484      678.4101    58      677.5277      680.0855  1711091    0.38%
   9035  5509      678.5742    60      677.5277      680.0821  1716969    0.38%
   9081  5541        cutoff            677.5277      680.0758  1723393    0.38%
   9141  5575      677.5858    42      677.5277      680.0753  1729506    0.38%
   9188  5604      678.6265    54      677.5277      680.0693  1735868    0.38%
Elapsed time = 1427.31 sec. (1436830.26 ticks, tree = 114.05 MB, solutions = 3)
   9243  5639      678.1117    40      677.5277      680.0673  1741193    0.37%
   9299  5669        cutoff            677.5277      680.0575  1746773    0.37%
   9360  5716      677.7371    46      677.5277      680.0565  1752841    0.37%
   9401  5743      677.8281    40      677.5277      680.0549  1758957    0.37%
   9460  5782      679.0060    62      677.5277      680.0497  1765021    0.37%
   9499  5809      678.1017    66      677.5277      680.0478  1770952    0.37%
   9540  5838      677.6444    46      677.5277      680.0435  1777134    0.37%
   9585  5862      677.9425    58      677.5277      680.0408  1782796    0.37%
   9625  5888      679.2704    64      677.5277      680.0363  1788906    0.37%
   9666  5913      678.2831    44      677.5277      680.0354  1795075    0.37%
Elapsed time = 1461.13 sec. (1475877.80 ticks, tree = 119.68 MB, solutions = 3)
   9728  5945      678.4758    48      677.5277      680.0335  1800840    0.37%
   9774  5979      678.9551    76      677.5277      680.0315  1806320    0.37%
   9817  6006      677.6497    48      677.5277      680.0299  1812642    0.37%
   9859  6032        cutoff            677.5277      680.0248  1818260    0.37%
   9892  6049      678.1142    52      677.5277      680.0215  1824460    0.37%
   9947  6088        cutoff            677.5277      680.0186  1830119    0.37%
  10007  6118      677.7367    52      677.5277      680.0158  1836064    0.37%
  10062  6153      678.2548    72      677.5277      680.0100  1841536    0.37%
  10111  6182      677.9182    46      677.5277      680.0038  1847991    0.37%
  10153  6206      678.1173    30      677.5277      679.9932  1854133    0.36%
Elapsed time = 1495.11 sec. (1514332.97 ticks, tree = 124.48 MB, solutions = 3)
  10198  6237      677.9413    60      677.5277      679.9860  1859533    0.36%
  10257  6274      678.9350    56      677.5277      679.9825  1866028    0.36%
  10292  6299      678.2970    52      677.5277      679.9819  1871781    0.36%
  10324  6319      678.3795    46      677.5277      679.9815  1877430    0.36%
  10362  6343      677.8753    42      677.5277      679.9802  1883339    0.36%
  10410  6364      678.5242    42      677.5277      679.9777  1889221    0.36%
  10452  6392      677.8156    48      677.5277      679.9762  1894435    0.36%
  10493  6413      678.0268    50      677.5277      679.9676  1899720    0.36%
  10539  6447      677.8533    56      677.5277      679.9664  1905309    0.36%
  10569  6455      678.4215    54      677.5277      679.9583  1910838    0.36%
Elapsed time = 1528.38 sec. (1553417.52 ticks, tree = 129.62 MB, solutions = 3)
  10582  6468      677.6037    44      677.5277      679.9583  1912226    0.36%
  10583  6469      678.6613    56      677.5277      679.9553  1912721    0.36%
  10584  6470      678.9619    52      677.5277      679.9541  1913213    0.36%

Performing restart 2

Repeating presolve.
Tried aggregator 1 time.
MIP Presolve eliminated 34 rows and 91 columns.
MIP Presolve modified 19 coefficients.
Reduced MIP has 1674 rows, 2529 columns, and 100374 nonzeros.
Reduced MIP has 589 binaries, 342 generals, 0 SOSs, and 0 indicators.
Presolve time = 0.05 sec. (32.51 ticks)
Tried aggregator 1 time.
Reduced MIP has 1674 rows, 2529 columns, and 100374 nonzeros.
Reduced MIP has 589 binaries, 342 generals, 0 SOSs, and 0 indicators.
Presolve time = 0.03 sec. (19.88 ticks)
Represolve time = 0.40 sec. (338.20 ticks)
  10585     0      683.2884   100      677.5277      Cuts: 19  1917824    0.36%
  10585     0      683.2799   100      677.5277    MIRcuts: 4  1917856    0.36%
  10585     0      683.2720   102      677.5277       Cuts: 6  1917915    0.36%
  10585     0      683.2693   102      677.5277    MIRcuts: 2  1917941    0.36%
  10585     0      683.2692   104      677.5277    MIRcuts: 2  1917949    0.36%
  10585     0      683.2690   104      677.5277    MIRcuts: 1  1917964    0.36%

Repeating presolve.
Tried aggregator 1 time.
MIP Presolve eliminated 146 rows and 103 columns.
MIP Presolve modified 90 coefficients.
Reduced MIP has 1528 rows, 2426 columns, and 97164 nonzeros.
Reduced MIP has 559 binaries, 269 generals, 0 SOSs, and 0 indicators.
Presolve time = 0.05 sec. (35.03 ticks)
Tried aggregator 1 time.
Reduced MIP has 1528 rows, 2426 columns, and 97164 nonzeros.
Reduced MIP has 559 binaries, 269 generals, 0 SOSs, and 0 indicators.
Presolve time = 0.03 sec. (19.39 ticks)
Represolve time = 0.39 sec. (339.13 ticks)
  10585     0      683.2539   108      677.5277    MIRcuts: 4  1921787    0.36%
  10585     0      683.2508   108      677.5277       Cuts: 6  1921824    0.36%
  10585     0      683.2404   108      677.5277       Cuts: 6  1921861    0.36%
  10585     0      683.2332    92      677.5277       Cuts: 4  1921882    0.36%
  10585     0      683.2272   104      677.5277       Cuts: 4  1921927    0.36%
  10585     0      683.2267   110      677.5277       Cuts: 3  1921941    0.36%
  10585     0      683.2254   102      677.5277       Cuts: 2  1921966    0.36%
  10585     0      683.2250    98      677.5277    MIRcuts: 2  1921979    0.36%
  10585     0      683.2250   102      677.5277    MIRcuts: 1  1921989    0.36%
* 10585+    0                          677.5281      679.9541             0.36%
  10585     2      683.2144   104      677.5281      679.9541  1921989    0.36%
  10587     4      683.0807    96      677.5281      679.9541  1922571    0.36%
  10593    10      681.4475    74      677.5281      679.9541  1927639    0.36%
  10613    29      678.1869    44      677.5281      679.9541  1934018    0.36%
  10639    41      681.7047    76      677.5281      679.9541  1937849    0.36%
  10645    47      681.3569    80      677.5281      679.9541  1940929    0.36%
  10659    61      679.7479    68      677.5281      679.9541  1947483    0.36%
Elapsed time = 1604.32 sec. (1644482.52 ticks, tree = 0.36 MB, solutions = 4)
  10685    76      681.0740    80      677.5281      679.9541  1953911    0.36%
  10731   106      681.7353    78      677.5281      679.9541  1961012    0.36%
  10773   142      680.9562    80      677.5281      679.9541  1969804    0.36%
  10811   175      681.7383    76      677.5281      679.9541  1979135    0.36%
  10837   201      679.0706    44      677.5281      679.9541  1987555    0.36%
  10892   229      680.1771    70      677.5281      679.9541  1995953    0.36%
  10926   259      681.1404    80      677.5281      679.9541  2002932    0.36%
  10965   285      681.8208    84      677.5281      679.9541  2010475    0.36%
  10998   314      681.0918    74      677.5281      679.9541  2018365    0.36%
  11045   356      681.7734    92      677.5281      679.9541  2026463    0.36%
Elapsed time = 1633.92 sec. (1684718.34 ticks, tree = 0.88 MB, solutions = 4)
  11082   383      681.3055    74      677.5281      679.9541  2035499    0.36%
  11111   412      677.9052    68      677.5281      679.9541  2041567    0.36%
  11158   454      677.9614    48      677.5281      679.9541  2050380    0.36%
  11198   484      680.6855    64      677.5281      679.9541  2058454    0.36%
  11245   523      679.3594    52      677.5281      679.9541  2067019    0.36%
  11291   555      677.7285    46      677.5281      679.9541  2076483    0.36%
  11321   581      678.5917    58      677.5281      679.9541  2083206    0.36%
  11374   623      679.4782    66      677.5281      679.9541  2092318    0.36%
  11409   652      677.6440    48      677.5281      679.9541  2100720    0.36%
  11465   681      680.7449    60      677.5281      679.9541  2110236    0.36%
Elapsed time = 1664.52 sec. (1724372.04 ticks, tree = 1.48 MB, solutions = 4)
  11518   728      679.6468    58      677.5281      679.9541  2119690    0.36%
  11569   773      678.6352    52      677.5281      679.9541  2128492    0.36%
  11623   817      677.7618    34      677.5281      679.9541  2138222    0.36%
  11691   851      679.3373    68      677.5281      679.9541  2147524    0.36%
  11737   893      678.5068    50      677.5281      679.9541  2157142    0.36%
  11785   929      678.3160    42      677.5281      679.9541  2166505    0.36%
  11845   973      680.6453    76      677.5281      679.9541  2176281    0.36%
  11893  1009      680.0270    56      677.5281      679.9541  2186160    0.36%
  11937  1045      679.6079    66      677.5281      679.9541  2195683    0.36%
  11992  1095      678.0180    40      677.5281      679.9541  2205217    0.36%
Elapsed time = 1695.57 sec. (1763435.23 ticks, tree = 2.07 MB, solutions = 4)
  12032  1131      677.8788    54      677.5281      679.9541  2214326    0.36%
  12087  1171      679.9245    60      677.5281      679.9541  2223845    0.36%
  12133  1209      680.1376    66      677.5281      679.9541  2233350    0.36%
  12185  1253      679.4757    70      677.5281      679.9541  2241872    0.36%
  12233  1293      679.7788    72      677.5281      679.9541  2251450    0.36%
  12281  1325      678.5666    66      677.5281      679.9541  2260931    0.36%
  12332  1368      680.2300    52      677.5281      679.9541  2270503    0.36%
  12381  1413      678.2336    54      677.5281      679.9541  2279547    0.36%
  12432  1452      680.6153    82      677.5281      679.9541  2286582    0.36%
  12481  1497      678.1101    58      677.5281      679.9541  2293608    0.36%
Elapsed time = 1726.61 sec. (1802189.36 ticks, tree = 4.22 MB, solutions = 4)
  12532  1538      677.9790    48      677.5281      679.9541  2300732    0.36%
  12583  1572      679.4789    72      677.5281      679.9541  2308362    0.36%
  12634  1614      679.6920    58      677.5281      679.9541  2314261    0.36%
  12673  1649      678.2590    48      677.5281      679.9541  2321651    0.36%
  12734  1688      680.6735    66      677.5281      679.9541  2329431    0.36%
  12789  1739      678.0558    50      677.5281      679.9541  2335995    0.36%
  12843  1775      679.9686    60      677.5281      679.9541  2343373    0.36%
  12900  1821      680.2826    60      677.5281      679.9541  2350134    0.36%
  12955  1865      678.5541    52      677.5281      679.9541  2357481    0.36%
  12995  1893      678.9151    46      677.5281      679.9541  2362124    0.36%
Elapsed time = 1759.30 sec. (1841518.39 ticks, tree = 11.18 MB, solutions = 4)
  13059  1946      679.6033    64      677.5281      679.9541  2369323    0.36%
  13108  1977      680.1617    52      677.5281      679.9541  2376429    0.36%
  13183  2036      680.3334    78      677.5281      679.9541  2383652    0.36%
  13241  2088      678.7096    66      677.5281      679.9541  2391061    0.36%
  13310  2138      679.9570    66      677.5281      679.9541  2398810    0.36%
  13375  2197      677.7234    58      677.5281      679.9541  2406344    0.36%
  13420  2232      678.9949    62      677.5281      679.9541  2412755    0.36%
  13491  2275      679.6631    62      677.5281      679.9541  2420475    0.36%
  13548  2324      679.8065    68      677.5281      679.9541  2427580    0.36%
  13598  2366      678.8292    48      677.5281      679.9541  2435206    0.36%
Elapsed time = 1792.43 sec. (1880403.73 ticks, tree = 20.54 MB, solutions = 4)
  13649  2399      679.6491    66      677.5281      679.9541  2442864    0.36%
  13699  2435      679.8946    56      677.5281      679.9541  2450179    0.36%
  13758  2481      678.5393    60      677.5281      679.9541  2457531    0.36%
  13820  2531      678.8679    56      677.5281      679.9541  2465008    0.36%
  13874  2569      677.8995    52      677.5281      679.9541  2472371    0.36%
  13942  2623      677.8787    48      677.5281      679.9541  2479690    0.36%
  14033  2683      677.7403    36      677.5281      679.9541  2486204    0.36%
  14067  2699      678.6770    46      677.5281      679.9541  2493603    0.36%
  14132  2756      678.0050    54      677.5281      679.9541  2500448    0.36%
  14181  2785      678.7935    46      677.5281      679.9541  2507521    0.36%
Elapsed time = 1825.78 sec. (1919083.15 ticks, tree = 28.03 MB, solutions = 4)
  14227  2817      679.5685    62      677.5281      679.9541  2514662    0.36%
  14279  2851      679.2854    72      677.5281      679.9541  2521530    0.36%
  14342  2903      680.0689    70      677.5281      679.9541  2528541    0.36%
  14394  2947        cutoff            677.5281      679.9541  2535890    0.36%
  14464  2990      677.5668    32      677.5281      679.9541  2543070    0.36%
  14512  3028      677.5815    48      677.5281      679.9541  2550290    0.36%
  14563  3067      679.3449    60      677.5281      679.9541  2557148    0.36%
  14619  3115      678.4490    56      677.5281      679.9541  2564440    0.36%
  14670  3156      677.6997    66      677.5281      679.9541  2571630    0.36%
  14730  3198        cutoff            677.5281      679.9541  2578654    0.36%
Elapsed time = 1858.66 sec. (1957824.12 ticks, tree = 36.03 MB, solutions = 4)
  14763  3227      677.6127    50      677.5281      679.9541  2586138    0.36%
  14810  3262      680.0292    70      677.5281      679.9541  2593534    0.36%
  14868  3308      679.1198    62      677.5281      679.9541  2600492    0.36%
  14924  3352      678.3411    40      677.5281      679.9541  2607637    0.36%
  14985  3401      678.3331    60      677.5281      679.9541  2614592    0.36%
  15049  3442      679.1926    70      677.5281      679.9541  2621756    0.36%
  15091  3472      678.4575    54      677.5281      679.9541  2628851    0.36%
  15146  3501      680.0272    54      677.5281      679.9541  2636171    0.36%
  15205  3552      680.0457    70      677.5281      679.9541  2642952    0.36%
  15253  3594      678.5887    38      677.5281      679.9541  2650322    0.36%
Elapsed time = 1891.78 sec. (1996942.28 ticks, tree = 44.52 MB, solutions = 4)
  15315  3636      679.6732    78      677.5281      679.9541  2656710    0.36%
  15370  3681      679.0052    72      677.5281      679.9541  2664203    0.36%
  15416  3711      680.1222    66      677.5281      679.9541  2670890    0.36%
  15469  3750      678.9572    52      677.5281      679.9541  2677638    0.36%
  15511  3776        cutoff            677.5281      679.9541  2684723    0.36%
  15567  3816      678.7776    76      677.5281      679.9541  2691864    0.36%
  15615  3856      678.1769    40      677.5281      679.9541  2698624    0.36%
  15660  3893      679.4106    70      677.5281      679.9541  2704785    0.36%
  15703  3927      679.1477    68      677.5281      679.9541  2711515    0.36%
  15745  3957      678.4319    60      677.5281      679.9541  2718376    0.36%
Elapsed time = 1925.32 sec. (2036816.10 ticks, tree = 52.41 MB, solutions = 4)
  15805  4001      679.6637    58      677.5281      679.9541  2725283    0.36%
  15859  4040      679.0666    56      677.5281      679.9541  2732174    0.36%
  15908  4077      678.5050    68      677.5281      679.9541  2739068    0.36%
  15963  4122      678.6251    44      677.5281      679.9541  2746003    0.36%
  16019  4158        cutoff            677.5281      679.9541  2752849    0.36%
  16075  4200        cutoff            677.5281      679.9541  2759687    0.36%
  16107  4220      677.5815    50      677.5281      679.9541  2766686    0.36%
  16151  4246      679.6982    56      677.5281      679.9541  2773562    0.36%
  16187  4276      678.9333    64      677.5281      679.9541  2777751    0.36%
  16224  4309      677.6722    36      677.5281      679.9541  2784344    0.36%
Elapsed time = 1957.68 sec. (2075830.99 ticks, tree = 59.90 MB, solutions = 4)
  16276  4347        cutoff            677.5281      679.9541  2790829    0.36%
  16324  4382      678.1718    46      677.5281      679.9541  2797680    0.36%
  16369  4413      679.9581    56      677.5281      679.9541  2805011    0.36%
  16429  4461      679.6216    64      677.5281      679.9541  2811384    0.36%
  16472  4490      679.8531    64      677.5281      679.9541  2818601    0.36%
  16531  4537      679.3577    60      677.5281      679.9541  2825059    0.36%
  16589  4563      678.6244    46      677.5281      679.9541  2832849    0.36%
  16637  4603      677.8289    52      677.5281      679.9541  2839382    0.36%
  16677  4631      678.4964    58      677.5281      679.9541  2846019    0.36%
  16723  4663      678.4195    66      677.5281      679.9541  2853245    0.36%
Elapsed time = 1989.98 sec. (2114580.07 ticks, tree = 66.98 MB, solutions = 4)
  16775  4687      678.9031    48      677.5281      679.9541  2860177    0.36%
  16826  4730      678.1811    54      677.5281      679.9541  2866795    0.36%
  16869  4751      678.9092    56      677.5281      679.9541  2874266    0.36%
  16933  4797      677.7447    40      677.5281      679.9541  2881203    0.36%
  16983  4830      679.1135    66      677.5281      679.9541  2887894    0.36%
  17026  4859      679.1049    44      677.5281      679.9541  2894814    0.36%
  17066  4889      679.1448    58      677.5281      679.9541  2901421    0.36%
  17108  4917      677.6062    44      677.5281      679.9541  2908464    0.36%
  17162  4953      679.6608    66      677.5281      679.9541  2916129    0.36%
  17219  5000      678.6708    62      677.5281      679.9541  2922916    0.36%
Elapsed time = 2022.57 sec. (2153961.90 ticks, tree = 73.47 MB, solutions = 4)
  17257  5020      679.0000    58      677.5281      679.9541  2930099    0.36%
  17310  5065      679.3003    72      677.5281      679.9541  2936892    0.36%
  17362  5095      678.6502    52      677.5281      679.9541  2943957    0.36%
  17408  5125      677.5464    48      677.5281      679.9541  2950785    0.36%
  17454  5151      678.0237    60      677.5281      679.9541  2957774    0.36%
  17522  5201        cutoff            677.5281      679.9541  2964754    0.36%
  17570  5231      678.8999    66      677.5281      679.9541  2971690    0.36%
  17623  5276      678.7795    46      677.5281      679.9541  2978315    0.36%
  17670  5315      678.2831    64      677.5281      679.9541  2985110    0.36%
  17724  5353      677.9148    44      677.5281      679.9541  2991411    0.36%
Elapsed time = 2054.78 sec. (2192755.71 ticks, tree = 80.63 MB, solutions = 4)
  17773  5390      677.6860    32      677.5281      679.9541  2997919    0.36%
  17827  5426      678.7165    38      677.5281      679.9541  3004938    0.36%
  17874  5445      678.9876    54      677.5281      679.9541  3012158    0.36%
  17922  5476        cutoff            677.5281      679.9541  3018843    0.36%
  17971  5504      678.6985    44      677.5281      679.9541  3025872    0.36%
  18025  5538      677.6451    52      677.5281      679.9541  3032729    0.36%
  18077  5572      677.5956    50      677.5281      679.9541  3040271    0.36%
  18125  5604      677.8619    46      677.5281      679.9541  3047121    0.36%
  18203  5644      679.8755    52      677.5281      679.9541  3054122    0.36%
  18249  5678      677.7115    64      677.5281      679.9541  3061577    0.36%
Elapsed time = 2087.18 sec. (2231593.06 ticks, tree = 87.13 MB, solutions = 4)
  18292  5704      678.0691    50      677.5281      679.9541  3068779    0.36%
  18347  5739      678.7319    70      677.5281      679.9541  3075485    0.36%
  18385  5765      678.3730    58      677.5281      679.9541  3082688    0.36%
  18426  5794      678.4915    56      677.5281      679.9541  3089744    0.36%
  18467  5815      678.9196    58      677.5281      679.9541  3096981    0.36%
  18525  5859      678.4632    68      677.5281      679.9541  3104443    0.36%
  18570  5884      678.8045    48      677.5281      679.9541  3111243    0.36%
  18615  5919      677.6209    58      677.5281      679.9541  3117709    0.36%
  18663  5953      678.8337    60      677.5281      679.9541  3125238    0.36%
  18714  5994      677.6548    58      677.5281      679.9541  3132503    0.36%
Elapsed time = 2119.39 sec. (2270555.14 ticks, tree = 93.78 MB, solutions = 4)
  18764  6024        cutoff            677.5281      679.9541  3139266    0.36%
  18805  6047      678.6398    66      677.5281      679.9541  3146603    0.36%
  18849  6075      678.6420    52      677.5281      679.9541  3154026    0.36%
  18910  6116      678.4039    44      677.5281      679.9541  3161351    0.36%
  18952  6134      679.2549    56      677.5281      679.9541  3168246    0.36%
  19003  6173      678.3815    48      677.5281      679.9541  3174867    0.36%
  19042  6192      678.2435    56      677.5281      679.9541  3181610    0.36%
  19099  6230      678.2380    48      677.5281      679.9541  3188411    0.36%
  19146  6257        cutoff            677.5281      679.9541  3195353    0.36%
  19209  6306      677.6267    40      677.5281      679.9541  3202422    0.36%
Elapsed time = 2151.64 sec. (2309598.96 ticks, tree = 99.07 MB, solutions = 4)
  19261  6340      679.7753    66      677.5281      679.9541  3209342    0.36%
  19316  6377        cutoff            677.5281      679.9541  3216609    0.36%
  19365  6412      677.9155    42      677.5281      679.9541  3223339    0.36%
  19409  6436        cutoff            677.5281      679.9541  3230133    0.36%
  19450  6457      679.9051    60      677.5281      679.9541  3237224    0.36%
  19490  6481        cutoff            677.5281      679.9541  3244118    0.36%
  19529  6506      678.2107    58      677.5281      679.9541  3251133    0.36%
  19577  6542      677.9280    62      677.5281      679.9541  3258442    0.36%
  19620  6573      678.5954    62      677.5281      679.9541  3265398    0.36%
  19663  6600      678.9637    60      677.5281      679.9541  3272617    0.36%
Elapsed time = 2183.55 sec. (2348367.63 ticks, tree = 104.35 MB, solutions = 4)
  19721  6648      678.4529    70      677.5281      679.9541  3279949    0.36%
  19754  6670      677.6151    42      677.5281      679.9541  3286918    0.36%
  19801  6697      678.7721    68      677.5281      679.9541  3294176    0.36%
  19856  6726      677.9210    44      677.5281      679.9541  3301219    0.36%
  19913  6763      679.8081    68      677.5281      679.9541  3308116    0.36%
  19953  6789      678.4410    40      677.5281      679.9541  3315373    0.36%
  20007  6821      679.0991    58      677.5281      679.9541  3322196    0.36%
  20058  6858      678.3311    58      677.5281      679.9541  3329348    0.36%
  20108  6888      678.3928    34      677.5281      679.9541  3336285    0.36%
  20166  6921      678.0055    66      677.5281      679.9541  3343842    0.36%
Elapsed time = 2215.80 sec. (2387203.69 ticks, tree = 109.96 MB, solutions = 4)
  20208  6941      677.6680    48      677.5281      679.9541  3350921    0.36%
  20254  6971      678.3778    56      677.5281      679.9541  3357792    0.36%
  20305  7002      679.4198    64      677.5281      679.9541  3364754    0.36%
  20365  7040      678.2161    38      677.5281      679.9541  3372154    0.36%
  20415  7066        cutoff            677.5281      679.9541  3378903    0.36%
  20465  7104      679.2821    54      677.5281      679.9541  3385701    0.36%
  20530  7149      678.9538    64      677.5281      679.9541  3392902    0.36%
  20589  7192      678.6652    50      677.5281      679.9541  3400262    0.36%
  20645  7225      677.5673    48      677.5281      679.9541  3407451    0.36%
  20685  7247        cutoff            677.5281      679.9541  3414214    0.36%
Elapsed time = 2248.33 sec. (2426287.15 ticks, tree = 117.42 MB, solutions = 4)
  20723  7271      677.5683    34      677.5281      679.9541  3421034    0.36%
  20785  7312      677.6827    32      677.5281      679.9541  3427557    0.36%
  20833  7340      678.4000    66      677.5281      679.9541  3434505    0.36%
  20894  7367      677.8346    48      677.5281      679.9541  3441607    0.36%
  20939  7388        cutoff            677.5281      679.9541  3448990    0.36%
  20994  7419      678.4479    48      677.5281      679.9541  3456233    0.36%
  21052  7457      678.9969    46      677.5281      679.9541  3463066    0.36%
  21110  7491      677.9015    60      677.5281      679.9541  3470214    0.36%
  21166  7523      678.5505    56      677.5281      679.9541  3478016    0.36%
  21216  7554      677.5740    54      677.5281      679.9541  3485247    0.36%
Elapsed time = 2280.67 sec. (2465238.25 ticks, tree = 123.85 MB, solutions = 4)
  21266  7586      677.6621    42      677.5281      679.9541  3492548    0.36%
  21305  7607      677.9877    66      677.5281      679.9541  3499757    0.36%
  21371  7648      678.4938    56      677.5281      679.9541  3506729    0.36%
  21423  7678      678.4502    72      677.5281      679.9541  3514430    0.36%
  21487  7711      677.6276    48      677.5281      679.9541  3522293    0.36%
  21542  7736      678.1286    60      677.5281      679.9541  3529478    0.36%
  21597  7775      678.5088    48      677.5281      679.9541  3536906    0.36%
  21661  7815      678.1126    44      677.5281      679.9541  3543754    0.36%
  21714  7844        cutoff            677.5281      679.9541  3550727    0.36%
  21762  7874      678.7499    64      677.5281      679.9541  3558537    0.36%
Elapsed time = 2313.60 sec. (2504743.42 ticks, tree = 130.57 MB, solutions = 4)
  21818  7914      678.3193    64      677.5281      679.9541  3565366    0.36%
  21872  7948      677.7221    42      677.5281      679.9541  3572408    0.36%
  21928  7984      678.2002    54      677.5281      679.9541  3579419    0.36%
  21976  8014      677.8672    48      677.5281      679.9541  3586869    0.36%
  22031  8049      677.6925    56      677.5281      679.9541  3593554    0.36%
  22081  8073      678.5214    46      677.5281      679.9541  3601075    0.36%
  22126  8098      678.1522    48      677.5281      679.9541  3607753    0.36%
  22189  8135      677.8918    52      677.5281      679.9541  3613958    0.36%
  22237  8157        cutoff            677.5281      679.9541  3621062    0.36%
  22306  8200      678.3097    58      677.5281      679.9541  3627704    0.36%
Elapsed time = 2345.99 sec. (2543427.41 ticks, tree = 135.67 MB, solutions = 4)
  22357  8227      677.6563    54      677.5281      679.9541  3635145    0.36%
  22404  8254      679.5468    68      677.5281      679.9541  3642224    0.36%
  22447  8275      679.7586    62      677.5281      679.9541  3649436    0.36%
  22505  8326      677.5743    60      677.5281      679.9541  3656010    0.36%
  22548  8348      677.9312    64      677.5281      679.9541  3663257    0.36%
  22597  8371      678.9022    64      677.5281      679.9541  3670406    0.36%
  22645  8399      679.5965    64      677.5281      679.9541  3677275    0.36%
  22697  8423      677.7000    58      677.5281      679.9541  3684474    0.36%
  22747  8457      678.6903    32      677.5281      679.9541  3691924    0.36%
  22796  8481      678.7467    48      677.5281      679.9541  3699011    0.36%
Elapsed time = 2378.05 sec. (2582009.23 ticks, tree = 140.60 MB, solutions = 4)
  22839  8510      679.2591    58      677.5281      679.9541  3705846    0.36%
  22898  8559      678.4029    54      677.5281      679.9541  3712541    0.36%
  22952  8595      678.6417    50      677.5281      679.9541  3719419    0.36%
  23006  8633      678.5263    60      677.5281      679.9541  3727106    0.36%
  23065  8666      678.5910    48      677.5281      679.9541  3733843    0.36%
  23117  8698      679.5106    66      677.5281      679.9541  3740791    0.36%
  23165  8737      678.9808    52      677.5281      679.9541  3748244    0.36%
  23216  8774      677.7037    46      677.5281      679.9541  3755134    0.36%
  23272  8808      679.2639    54      677.5281      679.9541  3762209    0.36%
  23326  8844      679.1270    66      677.5281      679.9541  3769242    0.36%
Elapsed time = 2410.75 sec. (2620736.32 ticks, tree = 146.16 MB, solutions = 4)
  23374  8874      678.4959    52      677.5281      679.9541  3776764    0.36%
  23418  8900      678.6793    60      677.5281      679.9541  3783272    0.36%
  23460  8926      678.1710    32      677.5281      679.9541  3790597    0.36%
  23512  8958      677.8461    52      677.5281      679.9541  3798006    0.36%
  23576  8992      679.4395    56      677.5281      679.9541  3805170    0.36%
  23626  9026        cutoff            677.5281      679.9541  3812330    0.36%
  23694  9079      677.9683    60      677.5281      679.9541  3819067    0.36%
  23752  9112      678.8839    58      677.5281      679.9541  3826017    0.36%
  23804  9134      678.3843    48      677.5281      679.9541  3832922    0.36%
  23845  9157      678.3214    64      677.5281      679.9541  3840014    0.36%
Elapsed time = 2443.49 sec. (2659780.22 ticks, tree = 151.47 MB, solutions = 4)
  23898  9188      677.8834    34      677.5281      679.9541  3847350    0.36%
  23957  9217      678.0389    52      677.5281      679.9541  3854249    0.36%
  24011  9249      678.6447    50      677.5281      679.9541  3861123    0.36%
  24059  9267      679.2323    62      677.5281      679.9541  3868492    0.36%
  24106  9294      677.8062    46      677.5281      679.9541  3875419    0.36%
  24159  9322      678.8497    56      677.5281      679.9541  3882846    0.36%
  24204  9347      678.1034    62      677.5281      679.9541  3889940    0.36%
  24262  9381      679.1799    68      677.5281      679.9541  3896710    0.36%
  24316  9417      680.0062    68      677.5281      679.9541  3903604    0.36%
  24368  9451        cutoff            677.5281      679.9541  3910835    0.36%
Elapsed time = 2475.50 sec. (2698482.42 ticks, tree = 157.79 MB, solutions = 4)
  24418  9477      679.2361    60      677.5281      679.9541  3917747    0.36%
  24479  9516      677.8208    58      677.5281      679.9541  3924516    0.36%
  24515  9526      678.1713    60      677.5281      679.9541  3932047    0.36%
  24575  9558      679.0949    48      677.5281      679.9541  3939668    0.36%
  24625  9593      679.3757    58      677.5281      679.9541  3946930    0.36%
  24679  9625      677.5816    52      677.5281      679.9541  3954164    0.36%
  24731  9655      678.1557    34      677.5281      679.9541  3961444    0.36%
  24792  9688      678.8024    52      677.5281      679.9541  3968424    0.36%
  24847  9717      677.9236    42      677.5281      679.9541  3975876    0.36%
  24915  9753      678.5128    44      677.5281      679.9541  3982782    0.36%
Elapsed time = 2507.87 sec. (2737670.83 ticks, tree = 163.98 MB, solutions = 4)
  24978  9780      677.9839    48      677.5281      679.9541  3989929    0.36%
  25035  9819      677.5877    60      677.5281      679.9541  3997073    0.36%
  25089  9849      678.0156    38      677.5281      679.9541  4004999    0.36%
  25150  9888      678.5463    54      677.5281      679.9541  4011802    0.36%
  25203  9925      677.5521    34      677.5281      679.9541  4019369    0.36%
  25253  9951      677.6972    40      677.5281      679.9541  4026520    0.36%
  25310  9982      678.2984    58      677.5281      679.9541  4033880    0.36%
  25370 10016      678.6771    74      677.5281      679.9541  4041183    0.36%
  25413 10043      678.0733    44      677.5281      679.9541  4048769    0.36%
  25463 10075        cutoff            677.5281      679.9541  4055473    0.36%
Elapsed time = 2540.80 sec. (2776962.58 ticks, tree = 168.46 MB, solutions = 4)
  25515 10105      678.4288    48      677.5281      679.9541  4062301    0.36%
  25564 10134      679.1773    52      677.5281      679.9541  4069906    0.36%
  25621 10173      677.6508    38      677.5281      679.9541  4076638    0.36%
  25676 10208      678.7167    66      677.5281      679.9541  4083339    0.36%
  25726 10234      677.6026    58      677.5281      679.9541  4090531    0.36%
  25788 10266      677.6300    46      677.5281      679.9541  4097258    0.36%
  25839 10295      678.4922    48      677.5281      679.9541  4104346    0.36%
  25884 10314      678.9090    60      677.5281      679.9541  4111340    0.36%
  25938 10336      677.7492    48      677.5281      679.9541  4118604    0.36%
  25988 10366      677.8859    44      677.5281      679.9541  4125525    0.36%
Elapsed time = 2572.70 sec. (2815528.58 ticks, tree = 172.74 MB, solutions = 4)
  26049 10416      678.2634    44      677.5281      679.9541  4131671    0.36%
  26094 10443      679.0172    52      677.5281      679.9541  4138773    0.36%
  26159 10484      679.0361    50      677.5281      679.9541  4146024    0.36%
  26205 10510      677.5906    46      677.5281      679.9541  4152415    0.36%
  26248 10537      677.6966    46      677.5281      679.9541  4159395    0.36%
  26302 10579      677.8104    38      677.5281      679.9541  4166436    0.36%
  26350 10603      678.3839    42      677.5281      679.9541  4173812    0.36%
  26426 10644      677.6805    60      677.5281      679.9541  4181422    0.36%
  26483 10683      677.6737    38      677.5281      679.9541  4188130    0.36%
  26534 10717      677.8419    64      677.5281      679.9541  4195013    0.36%
Elapsed time = 2605.37 sec. (2854539.85 ticks, tree = 177.93 MB, solutions = 4)
  26585 10752      677.6302    40      677.5281      679.9541  4201810    0.36%
  26635 10778      678.3194    50      677.5281      679.9541  4209028    0.36%
  26688 10807      678.1617    32      677.5281      679.9541  4216490    0.36%
  26751 10846      678.3314    52      677.5281      679.9541  4224228    0.36%
  26814 10881      678.5459    62      677.5281      679.9541  4231383    0.36%
  26873 10919      677.9896    68      677.5281      679.9541  4238407    0.36%
  26933 10960      679.2703    66      677.5281      679.9522  4245108    0.36%
  26985 11002      677.7008    54      677.5281      679.9512  4251417    0.36%
  27035 11030        cutoff            677.5281      679.9467  4258919    0.36%
  27090 11049      679.2573    76      677.5281      679.9438  4266442    0.36%
Elapsed time = 2639.00 sec. (2893966.23 ticks, tree = 184.62 MB, solutions = 4)
  27139 11068        cutoff            677.5281      679.9431  4273496    0.36%
  27213 11099      677.5949    46      677.5281      679.9422  4281348    0.36%
  27271 11133      679.4770    48      677.5281      679.9380  4288508    0.36%
  27330 11166      678.2895    46      677.5281      679.9344  4295797    0.36%
  27384 11198      677.6927    42      677.5281      679.9320  4303036    0.35%
  27442 11226      678.2904    56      677.5281      679.9261  4310777    0.35%
  27498 11262      677.8661    34      677.5281      679.9239  4317894    0.35%
  27569 11301      679.5764    60      677.5281      679.9221  4324898    0.35%
  27626 11338      678.2707    70      677.5281      679.9209  4331803    0.35%
  27680 11360        cutoff            677.5281      679.9168  4339275    0.35%
Elapsed time = 2673.05 sec. (2933391.90 ticks, tree = 190.86 MB, solutions = 4)
  27737 11390      678.4318    58      677.5281      679.9135  4346645    0.35%
  27793 11424        cutoff            677.5281      679.9077  4353679    0.35%
  27840 11448      678.8748    62      677.5281      679.9043  4360931    0.35%
  27888 11469      679.5002    58      677.5281      679.9014  4367739    0.35%
  27948 11509      678.9617    52      677.5281      679.8966  4374785    0.35%
  28002 11533      679.3810    68      677.5281      679.8951  4381891    0.35%
  28053 11568      678.4604    42      677.5281      679.8944  4389244    0.35%
  28110 11593      677.6604    66      677.5281      679.8910  4396666    0.35%
  28159 11614      679.3297    62      677.5281      679.8874  4404165    0.35%
  28210 11645      678.3942    56      677.5281      679.8841  4410674    0.35%
Elapsed time = 2706.45 sec. (2972747.12 ticks, tree = 195.45 MB, solutions = 4)
  28265 11678      677.6671    60      677.5281      679.8803  4417719    0.35%
  28321 11706      678.7786    68      677.5281      679.8756  4425057    0.35%
  28373 11735      679.2963    66      677.5281      679.8742  4431777    0.35%
  28417 11763        cutoff            677.5281      679.8726  4438434    0.35%
  28470 11794      679.1675    70      677.5281      679.8710  4445217    0.35%
  28517 11825        cutoff            677.5281      679.8687  4451997    0.35%
  28563 11843      678.5636    52      677.5281      679.8645  4458839    0.34%
  28610 11874      678.9327    48      677.5281      679.8621  4465197    0.34%
  28647 11895      678.4102    48      677.5281      679.8603  4471879    0.34%
  28696 11924      677.9946    48      677.5281      679.8566  4479305    0.34%
Elapsed time = 2739.40 sec. (3011592.37 ticks, tree = 200.13 MB, solutions = 4)
  28752 11952      678.2314    48      677.5281      679.8548  4486431    0.34%
  28815 11990      677.5381    46      677.5281      679.8537  4493546    0.34%
  28861 12014      678.0598    44      677.5281      679.8499  4500264    0.34%
  28921 12050      679.0973    56      677.5281      679.8490  4507512    0.34%
  28972 12077      678.0813    50      677.5281      679.8468  4514544    0.34%
  29021 12098      677.8059    68      677.5281      679.8424  4520911    0.34%
  29070 12131      677.6226    34      677.5281      679.8417  4527913    0.34%
  29115 12150      678.9763    58      677.5281      679.8388  4534582    0.34%
  29163 12168      677.8923    56      677.5281      679.8368  4542043    0.34%
  29216 12193      677.9560    42      677.5281      679.8312  4549380    0.34%
Elapsed time = 2772.45 sec. (3050518.10 ticks, tree = 206.54 MB, solutions = 4)
  29260 12216      677.7349    62      677.5281      679.8264  4556426    0.34%
  29315 12235      678.7812    60      677.5281      679.8224  4564006    0.34%
  29366 12268      677.6493    52      677.5281      679.8207  4570822    0.34%
  29417 12288      677.9350    42      677.5281      679.8161  4578362    0.34%
  29462 12311      678.2836    40      677.5281      679.8146  4585877    0.34%
  29519 12346      677.9126    50      677.5281      679.8133  4592885    0.34%
  29573 12380      677.7664    32      677.5281      679.8130  4600050    0.34%
  29637 12422      677.8632    46      677.5281      679.8124  4607093    0.34%
  29685 12439        cutoff            677.5281      679.8110  4614211    0.34%
  29735 12463      679.2794    54      677.5281      679.8100  4621110    0.34%
Elapsed time = 2805.58 sec. (3089407.43 ticks, tree = 210.06 MB, solutions = 4)
  29794 12503      679.1673    52      677.5281      679.8075  4628082    0.34%
  29854 12533      678.1435    46      677.5281      679.8071  4635312    0.34%
  29921 12574      678.0753    50      677.5281      679.8060  4642257    0.34%
  29969 12592      678.8033    50      677.5281      679.8023  4649167    0.34%
  30019 12625        cutoff            677.5281      679.8011  4655571    0.34%
  30063 12645      678.6439    46      677.5281      679.7997  4661815    0.34%
  30124 12680      677.5288    36      677.5281      679.7968  4668868    0.33%
  30182 12710        cutoff            677.5281      679.7952  4675824    0.33%
  30233 12739        cutoff            677.5281      679.7935  4682329    0.33%
  30274 12759      677.9784    32      677.5281      679.7922  4689015    0.33%
Elapsed time = 2838.81 sec. (3128030.64 ticks, tree = 215.36 MB, solutions = 4)
  30317 12775      677.9200    54      677.5281      679.7904  4695284    0.33%
  30358 12789      678.3953    58      677.5281      679.7854  4702617    0.33%
  30401 12812      678.1706    58      677.5281      679.7848  4709803    0.33%
  30455 12840      678.5072    56      677.5281      679.7820  4716689    0.33%
  30517 12878      678.0013    50      677.5281      679.7810  4724247    0.33%
  30572 12905      677.9745    40      677.5281      679.7781  4730900    0.33%
  30631 12938      679.3627    64      677.5281      679.7758  4737900    0.33%
  30690 12974      679.3246    70      677.5281      679.7747  4744770    0.33%
  30726 12992      678.1140    60      677.5281      679.7729  4751802    0.33%
  30779 13027      677.6011    40      677.5281      679.7709  4758912    0.33%
Elapsed time = 2871.90 sec. (3167266.06 ticks, tree = 220.63 MB, solutions = 4)
  30824 13054      677.7294    62      677.5281      679.7693  4766209    0.33%
  30879 13085      678.7774    70      677.5281      679.7653  4773142    0.33%
  30930 13112      677.8286    42      677.5281      679.7619  4780207    0.33%
  30975 13135      677.7382    44      677.5281      679.7581  4786907    0.33%
  31032 13171        cutoff            677.5281      679.7560  4793780    0.33%
  31074 13185      677.6954    38      677.5281      679.7532  4800966    0.33%
  31134 13225      677.7211    52      677.5281      679.7508  4807808    0.33%
  31173 13240      679.6015    62      677.5281      679.7474  4814990    0.33%
  31223 13270      678.0661    48      677.5281      679.7465  4821867    0.33%
  31264 13298      677.5621    50      677.5281      679.7455  4829076    0.33%
Elapsed time = 2905.35 sec. (3205997.13 ticks, tree = 224.80 MB, solutions = 4)
  31329 13329        cutoff            677.5281      679.7417  4835716    0.33%
  31379 13350      677.6258    60      677.5281      679.7396  4842298    0.33%
  31419 13364      678.7173    50      677.5281      679.7360  4849370    0.33%
  31484 13405      677.7439    52      677.5281      679.7325  4856547    0.33%
  31519 13418      678.0105    58      677.5281      679.7305  4863947    0.33%
  31565 13440      677.5573    30      677.5281      679.7268  4871303    0.32%
  31604 13451        cutoff            677.5281      679.7254  4878493    0.32%
  31658 13482      678.8201    52      677.5281      679.7246  4885073    0.32%
  31708 13508      678.5192    52      677.5281      679.7214  4891905    0.32%
  31758 13536      679.0441    54      677.5281      679.7194  4898531    0.32%
Elapsed time = 2938.77 sec. (3245132.17 ticks, tree = 231.03 MB, solutions = 4)
  31814 13566        cutoff            677.5281      679.7181  4905789    0.32%
  31862 13592      678.6393    62      677.5281      679.7164  4912795    0.32%
  31905 13609      679.4031    52      677.5281      679.7130  4919632    0.32%
  31955 13644      678.3668    50      677.5281      679.7118  4926288    0.32%
  32000 13659      677.5402    38      677.5281      679.7109  4933086    0.32%
  32045 13672      678.9835    60      677.5281      679.7062  4939450    0.32%
  32102 13703      678.8793    58      677.5281      679.7032  4946433    0.32%
  32156 13729      678.2810    46      677.5281      679.7028  4953893    0.32%
  32203 13750      679.2648    54      677.5281      679.6996  4961302    0.32%
  32258 13783      678.2919    50      677.5281      679.6963  4967953    0.32%
Elapsed time = 2972.33 sec. (3284363.40 ticks, tree = 236.47 MB, solutions = 4)
  32302 13793      677.7021    52      677.5281      679.6929  4974723    0.32%
  32344 13805      679.5561    56      677.5281      679.6915  4981232    0.32%
  32401 13843      677.7142    38      677.5281      679.6910  4987968    0.32%
  32446 13862        cutoff            677.5281      679.6906  4994611    0.32%
  32493 13885      677.7613    48      677.5281      679.6881  5001258    0.32%
  32540 13900      678.2438    46      677.5281      679.6861  5008389    0.32%
  32584 13916      677.9963    48      677.5281      679.6845  5015277    0.32%
  32632 13944      677.8741    38      677.5281      679.6833  5021841    0.32%
  32677 13959      677.5507    40      677.5281      679.6817  5028563    0.32%
  32730 13978      678.1744    58      677.5281      679.6796  5035142    0.32%
Elapsed time = 3005.24 sec. (3322960.89 ticks, tree = 239.52 MB, solutions = 4)
  32784 14002      678.9394    64      677.5281      679.6786  5042179    0.32%
  32828 14029        cutoff            677.5281      679.6780  5048737    0.32%
  32868 14045      678.7299    50      677.5281      679.6745  5055600    0.32%
  32914 14069      677.9403    58      677.5281      679.6737  5062364    0.32%
  32958 14079        cutoff            677.5281      679.6722  5068677    0.32%
  32999 14096      677.7600    46      677.5281      679.6689  5075658    0.32%
  33037 14110      678.1220    58      677.5281      679.6662  5082478    0.32%
  33082 14126      677.6530    36      677.5281      679.6652  5089123    0.32%
  33117 14137      678.0148    60      677.5281      679.6637  5096215    0.32%
  33161 14157      679.4705    58      677.5281      679.6616  5102360    0.31%
Elapsed time = 3037.52 sec. (3361830.58 ticks, tree = 242.92 MB, solutions = 4)
  33205 14181      677.7969    44      677.5281      679.6599  5110059    0.31%
  33249 14193      677.7985    58      677.5281      679.6581  5117369    0.31%
  33302 14212        cutoff            677.5281      679.6568  5123952    0.31%
  33348 14240      679.3347    44      677.5281      679.6555  5130806    0.31%
  33395 14267      677.7548    50      677.5281      679.6551  5138317    0.31%
  33452 14300      678.1582    50      677.5281      679.6543  5145038    0.31%
  33495 14321      679.1590    56      677.5281      679.6523  5151572    0.31%
  33550 14358      677.6861    46      677.5281      679.6511  5158660    0.31%
  33594 14380      677.7339    52      677.5281      679.6478  5165222    0.31%
  33637 14403      678.1925    54      677.5281      679.6473  5171701    0.31%
Elapsed time = 3071.22 sec. (3401713.45 ticks, tree = 248.07 MB, solutions = 4)
  33672 14402        cutoff            677.5281      679.6422  5179100    0.31%
  33711 14421      678.9404    64      677.5281      679.6415  5186166    0.31%
  33767 14451      677.5815    52      677.5281      679.6393  5192732    0.31%
  33821 14469      678.3598    44      677.5281      679.6366  5199421    0.31%
  33865 14485      677.5389    26      677.5281      679.6337  5206032    0.31%
  33911 14501        cutoff            677.5281      679.6323  5212818    0.31%
  33958 14520      678.5473    54      677.5281      679.6300  5219625    0.31%
  34004 14542      678.3996    56      677.5281      679.6267  5226846    0.31%
  34040 14562      677.7993    54      677.5281      679.6257  5233225    0.31%
  34087 14583      677.7355    58      677.5281      679.6227  5239948    0.31%
Elapsed time = 3104.46 sec. (3441546.59 ticks, tree = 251.93 MB, solutions = 4)
  34130 14610      678.9480    64      677.5281      679.6213  5246790    0.31%
  34165 14625      678.1042    58      677.5281      679.6195  5253295    0.31%
  34214 14640        cutoff            677.5281      679.6164  5260310    0.31%
  34245 14657      678.3599    48      677.5281      679.6140  5266574    0.31%
  34284 14662      678.2494    38      677.5281      679.6128  5272650    0.31%
  34334 14688      677.9456    66      677.5281      679.6121  5279968    0.31%
  34366 14702      678.9766    56      677.5281      679.6105  5286632    0.31%
  34412 14720        cutoff            677.5281      679.6073  5293231    0.31%
  34454 14738      678.1281    52      677.5281      679.6053  5300370    0.31%
  34513 14763      677.8520    58      677.5281      679.6030  5307390    0.31%
Elapsed time = 3137.57 sec. (3480678.75 ticks, tree = 254.96 MB, solutions = 4)
  34566 14787      678.8958    70      677.5281      679.6008  5314840    0.31%
  34611 14806      678.4410    52      677.5281      679.5970  5322353    0.31%
  34656 14829      677.7956    42      677.5281      679.5941  5329379    0.30%
  34700 14841      678.4968    56      677.5281      679.5927  5336391    0.30%
  34763 14877      678.4332    38      677.5281      679.5916  5344061    0.30%
  34814 14896        cutoff            677.5281      679.5903  5351339    0.30%
  34848 14910      677.7981    76      677.5281      679.5881  5358925    0.30%
  34896 14934        cutoff            677.5281      679.5866  5365642    0.30%
  34948 14954      678.0460    58      677.5281      679.5838  5372845    0.30%
  35010 14978        cutoff            677.5281      679.5812  5380866    0.30%
Elapsed time = 3172.38 sec. (3520100.75 ticks, tree = 259.49 MB, solutions = 4)
  35064 15010        cutoff            677.5281      679.5776  5387685    0.30%
  35117 15039      678.5472    50      677.5281      679.5741  5395360    0.30%
  35169 15059        cutoff            677.5281      679.5732  5403129    0.30%
  35220 15084      678.9065    76      677.5281      679.5716  5410120    0.30%
  35264 15109      678.6147    56      677.5281      679.5694  5417289    0.30%
  35308 15129      678.1559    54      677.5281      679.5676  5424420    0.30%
  35362 15154      678.2586    50      677.5281      679.5640  5431850    0.30%
  35409 15173      677.6680    42      677.5281      679.5627  5438737    0.30%
  35464 15204      677.6807    70      677.5281      679.5616  5446779    0.30%
  35523 15223      678.0070    62      677.5281      679.5567  5453901    0.30%
Elapsed time = 3207.59 sec. (3559607.45 ticks, tree = 263.56 MB, solutions = 4)
  35582 15252      677.5622    50      677.5281      679.5548  5461048    0.30%
  35631 15277        cutoff            677.5281      679.5526  5468036    0.30%
  35681 15297      677.6415    52      677.5281      679.5492  5475370    0.30%
  35732 15331      677.8956    50      677.5281      679.5477  5482907    0.30%
  35785 15356      677.6600    42      677.5281      679.5443  5490084    0.30%
  35836 15377      678.4499    54      677.5281      679.5414  5497762    0.30%
  35896 15406      677.9820    54      677.5281      679.5396  5505362    0.30%
  35954 15436      678.0561    50      677.5281      679.5386  5512179    0.30%
  35999 15450      678.2764    40      677.5281      679.5362  5519358    0.30%
  36054 15483      678.4130    60      677.5281      679.5340  5526064    0.30%
Elapsed time = 3242.07 sec. (3598383.37 ticks, tree = 268.51 MB, solutions = 4)
Starting limited solution polishing.
  36095 15496        cutoff            677.5281      679.5321  5532546    0.30%
  36139 15518        cutoff            677.5281      679.5301  5539492    0.30%
  36176 15529      677.5964    48      677.5281      679.5281  5546387    0.30%
  36223 15536        cutoff            677.5281      679.5258  5552258    0.29%
  36274 15559      678.1411    66      677.5281      679.5221  5559287    0.29%
  36324 15569      678.0568    34      677.5281      679.5199  5566630    0.29%
  36361 15578      678.3967    68      677.5281      679.5170  5573455    0.29%
  36394 15593      677.8321    58      677.5281      679.5159  5579340    0.29%
  36450 15617      677.6716    38      677.5281      679.5146  5586357    0.29%
  36490 15631      678.1860    36      677.5281      679.5119  5592701    0.29%
Elapsed time = 3274.37 sec. (3637262.36 ticks, tree = 271.67 MB, solutions = 4)
  36528 15645        cutoff            677.5281      679.5114  5599766    0.29%
  36573 15662      677.8130    56      677.5281      679.5096  5607166    0.29%
  36623 15678        cutoff            677.5281      679.5084  5614524    0.29%
  36674 15703      677.8780    56      677.5281      679.5042  5621765    0.29%
  36708 15717      678.5042    56      677.5281      679.5032  5627851    0.29%
  36747 15726      678.9659    58      677.5281      679.5013  5635202    0.29%
  36787 15747      678.7304    52      677.5281      679.4999  5641536    0.29%
  36836 15772      677.5326    56      677.5281      679.4970  5648474    0.29%
  36888 15790        cutoff            677.5281      679.4965  5655627    0.29%
  36930 15810      677.7917    64      677.5281      679.4948  5662896    0.29%
Elapsed time = 3307.01 sec. (3676201.19 ticks, tree = 274.86 MB, solutions = 4)
  36973 15813      678.1787    54      677.5281      679.4926  5670140    0.29%
  37022 15834      677.7945    40      677.5281      679.4904  5677288    0.29%
  37057 15841      678.1777    60      677.5281      679.4870  5684385    0.29%
  37087 15848      678.2858    68      677.5281      679.4859  5689167    0.29%
  37132 15867      678.5453    54      677.5281      679.4821  5696169    0.29%
  37170 15879      678.4706    46      677.5281      679.4787  5703727    0.29%
  37209 15898      677.8083    40      677.5281      679.4778  5709517    0.29%
  37258 15923      678.6847    54      677.5281      679.4771  5716820    0.29%
  37304 15951      678.6136    50      677.5281      679.4767  5724146    0.29%
  37343 15966      678.2625    34      677.5281      679.4750  5731173    0.29%
Elapsed time = 3339.91 sec. (3714954.12 ticks, tree = 278.09 MB, solutions = 4)
  37386 15987      678.3308    44      677.5281      679.4732  5738022    0.29%
  37440 15994        cutoff            677.5281      679.4706  5744901    0.29%
  37483 16003      677.6464    46      677.5281      679.4677  5751847    0.29%
  37534 16028      677.5862    28      677.5281      679.4670  5759160    0.29%
  37587 16056      678.5004    46      677.5281      679.4658  5765995    0.29%
  37642 16079      677.7719    40      677.5281      679.4618  5773372    0.29%
  37673 16082      679.1188    48      677.5281      679.4593  5780388    0.29%
  37718 16101        cutoff            677.5281      679.4583  5787621    0.28%
  37760 16117      677.5723    54      677.5281      679.4556  5794514    0.28%
  37785 16126      677.6135    40      677.5281      679.4549  5798301    0.28%
Elapsed time = 3374.03 sec. (3755675.05 ticks, tree = 281.57 MB, solutions = 4)
  37837 16150      679.1241    52      677.5281      679.4537  5804943    0.28%
  37883 16172        cutoff            677.5281      679.4531  5812132    0.28%
  37919 16180      677.8410    62      677.5281      679.4507  5818464    0.28%
  37963 16188        cutoff            677.5281      679.4472  5825591    0.28%
  38008 16205      678.8310    54      677.5281      679.4465  5831326    0.28%
  38058 16229      677.7744    48      677.5281      679.4448  5838045    0.28%
  38104 16259      677.9980    48      677.5281      679.4442  5842807    0.28%
  38167 16284      677.6151    52      677.5281      679.4421  5850330    0.28%
  38204 16299      679.0303    54      677.5281      679.4404  5855305    0.28%
  38381 16381      678.1105    60      677.5281      679.4325  5882840    0.28%
Elapsed time = 3418.31 sec. (3806633.21 ticks, tree = 287.17 MB, solutions = 4)
  38550 16456      678.8708    48      677.5281      679.4237  5907379    0.28%
  38684 16502        cutoff            677.5281      679.4174  5929344    0.28%
  38829 16568      678.3308    64      677.5281      679.4152  5949865    0.28%
  39008 16635      678.2073    50      677.5281      679.4057  5977403    0.28%
  39152 16676      677.7964    54      677.5281      679.4004  5997909    0.28%
  39318 16737      677.8161    50      677.5281      679.3910  6023056    0.27%
  39485 16801        cutoff            677.5281      679.3852  6047755    0.27%
  39667 16870      678.2929    54      677.5281      679.3804  6074663    0.27%
  39810 16921      678.2142    68      677.5281      679.3745  6095301    0.27%
  39975 16980        cutoff            677.5281      679.3700  6116835    0.27%
Elapsed time = 3549.35 sec. (3961066.69 ticks, tree = 301.00 MB, solutions = 4)
  40085 17022      678.4059    54      677.5281      679.3658  6134563    0.27%
  40229 17074        cutoff            677.5281      679.3595  6154881    0.27%
  40412 17125        cutoff            677.5281      679.3507  6183405    0.27%

Flow cuts applied:  7
Mixed integer rounding cuts applied:  69
Lift and project cuts applied:  7
User cuts applied:  2251

Root node processing (before b&c):
  Real time             =   12.42 sec. (5190.46 ticks)
Sequential b&c:
  Real time             = 3587.59 sec. (4016548.92 ticks)
                          ------------
Total (root+branch&cut) = 3600.01 sec. (4021739.38 ticks)
|V|                                     800
K                                       10
theta                                   0.20
r                                       10
R                                       25
prob_func                               linear
#C1                                     10904
#CP                                     224412

@Parameters: 
am_callback_heuristic                   false
am_local_search                         true
am_start_heuristic                      false
colocation                              true
comp                                    false
cutC                                    true
cutC_init                               false
cutF                                    true
cutF_init                               false
cutF_stable                             false
cutF_wrong                              false
cutLocal                                false
cutM                                    true
cutM_init                               true
cutM_stable                             false
cutP                                    true
cutP_init                               false
cutP_stable                             false
init                                    true
init_cutF_zero                          false
init_val_greedy                         true
is_Euclidean                            false
is_local_search                         true
is_right_cutP                           true
is_root                                 false
is_silent                               false
is_start                                false
mycut                                   false
pmed                                    false
pre                                     true
stable_root                             false
str                                     true
two_phase                               false
ubstr                                   false
mode                                    Int

am_callback_node_space                  50
init                                    0
mixture_seed                            1
node_space                              5
nodelimit                               -1
nsepa                                   1
strF                                    0
type_delta                              0

EPS                                     0.001000
EPS_FRAC                                0.00
gap                                     0.00
mixture_high_max                        0.99
mixture_high_min                        0.90
mixture_low_max                         0.01
mixture_low_min                         0.00
mixture_low_share                       0.80
timelimit                               3600.00

Number of Closed Sites: 2 / 20 
Number of Confined Sites-1: 1 / 9 
Number of Confined Sites-k: 714 / 939 
Preprocess Time: 1.15 + 0.00 sec

Solve Time: 3600.01
Number of Nodes: 40550
Termination Status: TIME_LIMIT

CutInfo: [phase] num / time (sec) / aver. num_nonzero
max              [LP]     0 / 0.00 / 0.00 [init]   516 / 0.02 / 22.82 [rLC]   557 / 0.08 / 44.80 [rUC]   971 / 0.16 / 33.32 [sLC]   530 / 0.27 / 47.78 [sUC]  2207 / 3.77 / 37.98 
prod_oa          [LP]     0 / 0.00 / 0.00 [init]   476 / 0.04 / 203.53 [rLC]  1219 / 0.30 / 229.77 [rUC]    87 / 0.92 / 127.72 [sLC]  2822 / 0.76 / 217.26 [sUC]   427 / 22.49 / 170.12 
prod_sm_fixed    [LP]     0 / 0.00 / 0.00 [init]     0 / 0.00 / 0.00 [rLC]     0 / 0.00 / 0.00 [rUC]     0 / 0.00 / 0.00 [sLC]     0 / 0.00 / 0.00 [sUC]     0 / 0.00 / 0.00 
prod_bin         [LP]     0 / 0.00 / 0.00 [init]     0 / 0.00 / 0.00 [rLC]     0 / 0.00 / 0.00 [rUC]     0 / 0.00 / 0.00 [sLC]     0 / 0.00 / 0.00 [sUC]     0 / 0.00 / 0.00 
prod_local       [LP]     0 / 0.00 / 0.00 [init]     0 / 0.00 / 0.00 [rLC]     0 / 0.00 / 0.00 [rUC]     0 / 0.00 / 0.00 [sLC]     0 / 0.00 / 0.00 [sUC]     0 / 0.00 / 0.00 
prod_sm_C        [LP]     0 / 0.00 / 0.00 [init]     0 / 0.48 / 0.00 [rLC]     0 / 1.98 / 0.00 [rUC]   154 / 4.28 / 192.22 [sLC]     0 / 5.06 / 0.00 [sUC]  3882 / 101.67 / 350.01 
facet            [LP]     0 / 0.00 / 0.00 [init]     0 / 0.00 / 0.00 [rLC]     0 / 0.00 / 0.00 [rUC]   152 / 0.00 / 0.00 [sLC]     0 / 0.00 / 0.00 [sUC]  3796 / 0.00 / 0.00 
Separation Round:   [LP] 0  [init] 1  [rLC] 7  [rUC] 15  [sLC] 17  [sUC] 65268  
Root Best Bound 684.079258
Root Best Integer: 677.527689
Best Bound: 679.342426
Best Integer: 677.528107
1: 133, 308, 326, 388, 563, 667, 711, 713, 749, 760
Objective Value (calc): 677.465347
sum_etaM = 601.800000 / 601.800000
sum_etaP = 696.460134 / 696.381684
nL: 10
nCL: 0
mCL: 1
