Version identifier: 20.1.0.0 | 2020-11-10 | 9bedb6d68
CPXPARAM_Threads                                 1
CPXPARAM_TimeLimit                               3600
CPXPARAM_MIP_Tolerances_MIPGap                   0
Generic callback                                 0x60
1 of 1 MIP starts provided solutions.
MIP start 'm1' defined initial solution with objective 499.8787.
Tried aggregator 2 times.
MIP Presolve eliminated 20 rows and 14 columns.
MIP Presolve modified 630 coefficients.
Aggregator did 6 substitutions.
Reduced MIP has 1924 rows, 2380 columns, and 17809 nonzeros.
Reduced MIP has 593 binaries, 587 generals, 0 SOSs, and 0 indicators.
Presolve time = 0.01 sec. (6.23 ticks)
Probing time = 0.00 sec. (0.91 ticks)
Tried aggregator 1 time.
Reduced MIP has 1924 rows, 2380 columns, and 17809 nonzeros.
Reduced MIP has 593 binaries, 587 generals, 0 SOSs, and 0 indicators.
Presolve time = 0.00 sec. (3.60 ticks)
Probing time = 0.00 sec. (0.91 ticks)
MIP emphasis: balance optimality and feasibility.
MIP search method: dynamic search.
Parallel mode: none, using 1 thread.
Root relaxation solution time = 0.05 sec. (47.56 ticks)

        Nodes                                         Cuts/
   Node  Left     Objective  IInf  Best Integer    Best Bound    ItCnt     Gap

*     0+    0                          499.8787      600.0000            20.03%
      0     0      537.1667   146      499.8787      537.1667     1480    7.46%
      0     0      514.7158   362      499.8787     Cuts: 581     2377    2.97%
      0     0      513.1296   373      499.8787     Cuts: 321     3027    2.65%
      0     0      512.6643   429      499.8787     Cuts: 243     3395    2.56%
      0     0      512.3058   453      499.8787     Cuts: 231     3761    2.49%
      0     0      512.1453   457      499.8787     Cuts: 173     4063    2.45%
      0     0      512.0013   479      499.8787     Cuts: 165     4370    2.43%
      0     0      511.8347   492      499.8787     Cuts: 160     4776    2.39%
      0     0      511.6529   477      499.8787     Cuts: 139     5115    2.36%
      0     0      511.5669   500      499.8787     Cuts: 145     5420    2.34%
      0     0      511.4991   517      499.8787     Cuts: 200     5734    2.32%
      0     0      511.3698   498      499.8787     Cuts: 133     6131    2.30%
      0     0      511.2777   500      499.8787     Cuts: 174     6378    2.28%
      0     0      511.2167   534      499.8787     Cuts: 127     6586    2.27%
      0     0      511.1478   516      499.8787     Cuts: 100     6873    2.25%
      0     0      511.1069   531      499.8787     Cuts: 103     7077    2.25%
      0     0      511.0793   527      499.8787 UserPurge2: 50     7264    2.24%
      0     0      511.0704   533      499.8787 UserPurge2: 35     7368    2.24%
      0     0      511.0651   535      499.8787 UserPurge2: 17     7438    2.24%
      0     0      511.0620   527      499.8787 UserPurge2: 25     7496    2.24%
      0     0      511.0608   551      499.8787 UserPurge2: 19     7535    2.24%
      0     0      511.0592   549      499.8787 UserPurge2: 15     7581    2.24%
      0     0      511.0587   541      499.8787 UserPurge2: 13     7617    2.24%
      0     0      511.0583   539      499.8787 UserPurge2: 10     7643    2.24%
      0     0      511.0578   543      499.8787 UserPurge2: 13     7667    2.24%
      0     0      511.0403   531      499.8787 UserPurge2: 7     7715    2.23%
      0     0      511.0399   547      499.8787 UserPurge2: 14     7749    2.23%
      0     0      511.0397   547      499.8787 UserPurge2: 4     7776    2.23%
      0     0      511.0396   545      499.8787 UserPurge2: 3     7788    2.23%
      0     2      510.9387   530      499.8787      510.9386     7788    2.21%
Elapsed time = 6.26 sec. (6250.46 ticks, tree = 0.01 MB, solutions = 1)
      4     6      510.6310   482      499.8787      510.9386     9273    2.21%
      5     7      510.2114   524      499.8787      510.9386    10302    2.21%
      7     9      510.0215   524      499.8787      510.9386    11882    2.21%
      9    11      510.0051   505      499.8787      510.9386    13480    2.21%
     10    12      509.7934   515      499.8787      510.9386    14711    2.21%
     12    14      509.5494   511      499.8787      510.9386    16024    2.21%
     15    17      509.3533   504      499.8787      510.9386    17208    2.21%
     18    20      508.9939   490      499.8787      510.9386    18551    2.21%
     20    22      508.8862   474      499.8787      510.9386    20481    2.21%
     30    32      508.2116   484      499.8787      510.9386    24381    2.21%
Elapsed time = 13.58 sec. (12863.60 ticks, tree = 0.15 MB, solutions = 1)
     40    42      507.7503   442      499.8787      510.9386    27603    2.21%
     50    52      507.2790   424      499.8787      510.9386    30106    2.21%
     62    64      506.8242   402      499.8787      510.9386    32990    2.21%
     73    75      506.4031   406      499.8787      510.9386    35903    2.21%
     80    82      506.0938   394      499.8787      510.9386    37479    2.21%
     90    92      505.2985   368      499.8787      510.9386    40134    2.21%
    102   104      504.9067   329      499.8787      510.9386    43452    2.21%
    115   117      504.0691   318      499.8787      510.9386    46588    2.21%
    140   142      501.9135   268      499.8787      510.9386    50309    2.21%
*   172+  169                          499.8897      510.9386             2.21%
    172   171      510.6470   544      499.8897      510.9024    54808    2.20%
Elapsed time = 25.58 sec. (24283.48 ticks, tree = 0.89 MB, solutions = 2)
    179   178      510.2245   528      499.8897      510.9024    58214    2.20%
    185   184      509.5530   513      499.8897      510.9024    60722    2.20%
    191   190      509.2889   489      499.8897      510.9024    63647    2.20%
    200   199      508.7940   471      499.8897      510.9024    67486    2.20%
    208   207      508.4984   453      499.8897      510.9024    70529    2.20%
    213   212      508.0818   436      499.8897      510.9024    72969    2.20%
*   220+  211                          500.4456      510.9024             2.09%
    220   213      507.4589   433      500.4456      510.9024    76678    2.09%
    230   223      507.0884   397      500.4456      510.9024    78781    2.09%
    240   233      506.4154   365      500.4456      510.9024    81336    2.09%
    250   243      505.7344   351      500.4456      510.9024    84420    2.09%
Elapsed time = 38.97 sec. (37466.95 ticks, tree = 1.45 MB, solutions = 3)
    264   257      504.8351   324      500.4456      510.9024    87098    2.09%
    275   268      504.1789   313      500.4456      510.9024    89559    2.09%
    293   286      502.8660   243      500.4456      510.9024    91907    2.09%
    312   301      510.4999   551      500.4456      510.7559    95660    2.06%
    319   308      510.0375   523      500.4456      510.7559    98517    2.06%
    320   309      510.0042   519      500.4456      510.7559    99083    2.06%
    327   316      509.1037   503      500.4456      510.7559   102064    2.06%
    330   319      508.7654   491      500.4456      510.7559   103722    2.06%
    336   325      508.2293   495      500.4456      510.7559   106539    2.06%
    340   329      507.9093   474      500.4456      510.7559   108293    2.06%
Elapsed time = 51.25 sec. (50437.79 ticks, tree = 1.63 MB, solutions = 3)
    346   335      507.4019   460      500.4456      510.7559   111074    2.06%
    350   339      507.1993   448      500.4456      510.7559   112578    2.06%
    360   349      506.5091   431      500.4456      510.7559   115425    2.06%
    375   364      505.8972   387      500.4456      510.7559   118730    2.06%
    388   377      505.1373   373      500.4456      510.7559   121799    2.06%
    400   389      504.3063   351      500.4456      510.7559   125283    2.06%
    404   393      510.0084   531      500.4456      510.7553   128057    2.06%
    411   400      509.3891   517      500.4456      510.7553   130740    2.06%
    417   406      508.9060   509      500.4456      510.7553   133412    2.06%
*   420+  405                          500.6909      510.7553             2.01%
    420   407      508.7337   498      500.6909      510.7553   134534    2.01%
Elapsed time = 63.31 sec. (63065.04 ticks, tree = 1.79 MB, solutions = 4)
    427   414      508.1064   456      500.6909      510.7553   137378    2.01%
    430   417      507.9726   454      500.6909      510.7553   138481    2.01%
    439   426      507.5285   466      500.6909      510.7553   141449    2.01%
    440   427      507.5042   448      500.6909      510.7553   141970    2.01%
    448   435      506.9624   419      500.6909      510.7553   145093    2.01%
    450   437      506.7823   409      500.6909      510.7553   146043    2.01%
    459   446      505.9208   403      500.6909      510.7553   149089    2.01%
    460   447      505.8496   413      500.6909      510.7553   149634    2.01%
    470   457      504.9934   385      500.6909      510.7553   152438    2.01%
    485   472      503.9070   393      500.6909      510.7553   155019    2.01%
Elapsed time = 75.60 sec. (76090.59 ticks, tree = 1.92 MB, solutions = 4)
    501   488      502.8607   335      500.6909      510.7553   157033    2.01%
    519   506      501.3274   312      500.6909      510.7553   159012    2.01%
    527   510      510.0869   537      500.6909      510.6270   161183    1.98%

Performing restart 1

Repeating presolve.
Tried aggregator 1 time.
MIP Presolve modified 237 coefficients.
Reduced MIP has 1924 rows, 2380 columns, and 17809 nonzeros.
Reduced MIP has 593 binaries, 587 generals, 0 SOSs, and 0 indicators.
Presolve time = 0.00 sec. (3.71 ticks)
Tried aggregator 1 time.
Reduced MIP has 1924 rows, 2380 columns, and 17809 nonzeros.
Reduced MIP has 593 binaries, 587 generals, 0 SOSs, and 0 indicators.
Presolve time = 0.00 sec. (3.67 ticks)
Represolve time = 0.05 sec. (31.79 ticks)
    530     0      508.1895   390      500.6909     Cuts: 147   170935    1.50%
    530     0      508.0339   402      500.6909      Cuts: 86   171215    1.47%
    530     0      507.9586   420      500.6909      Cuts: 76   171426    1.45%
    530     0      507.9005   446      500.6909      Cuts: 77   171675    1.44%
    530     0      507.8142   420      500.6909      Cuts: 90   171956    1.42%
    530     0      507.7522   438      500.6909      Cuts: 69   172182    1.41%
    530     0      507.7202   424      500.6909      Cuts: 52   172354    1.40%
    530     0      507.6948   402      500.6909      Cuts: 52   172536    1.40%
    530     0      507.6664   444      500.6909      Cuts: 42   172717    1.39%
    530     0      507.6511   424      500.6909      Cuts: 46   172871    1.39%
    530     0      507.6016   410      500.6909      Cuts: 54   173070    1.38%
    530     0      507.5656   392      500.6909      Cuts: 45   173252    1.37%
    530     0      507.5423   416      500.6909      Cuts: 50   173410    1.37%
    530     0      507.5198   428      500.6909      Cuts: 45   173544    1.36%
    530     0      507.5101   410      500.6909      Cuts: 39   173692    1.36%
    530     0      507.5039   404      500.6909      Cuts: 29   173789    1.36%
    530     0      507.5010   414      500.6909      Cuts: 23   173852    1.36%
    530     0      507.4963   430      500.6909      Cuts: 30   173955    1.36%
    530     0      507.4912   416      500.6909      Cuts: 23   174054    1.36%
    530     2      507.4643   436      500.6909      507.4641   174054    1.35%
    531     3      507.4062   416      500.6909      507.4637   174421    1.35%
    532     4      507.3272   408      500.6909      507.4057   174851    1.34%
    533     5      507.3685   416      500.6909      507.4057   175090    1.34%
    534     6      507.2188   400      500.6909      507.3669   175409    1.33%
    535     7      507.3428   420      500.6909      507.3669   176060    1.33%
    536     8      507.1712   418      500.6909      507.3425   177089    1.33%
Elapsed time = 112.04 sec. (115908.29 ticks, tree = 0.07 MB, solutions = 4)
    537     9      507.3168   416      500.6909      507.3425   177847    1.33%
    538    10      507.1235   398      500.6909      507.3270   178888    1.33%
    540    12      507.2080   410      500.6909      507.3270   179512    1.33%
    542    14      507.1862   394      500.6909      507.3270   180252    1.33%
    545    17      507.1904   393      500.6909      507.3270   181072    1.33%
    548    20      507.0987   385      500.6909      507.3270   182105    1.33%
    550    22      506.8519   386      500.6909      507.3270   184063    1.33%
    553    25      506.7708   372      500.6909      507.3270   185667    1.33%
    557    29      506.7430   380      500.6909      507.3270   186932    1.33%
    562    34      506.3582   374      500.6909      507.3270   188559    1.33%
Elapsed time = 124.70 sec. (130231.73 ticks, tree = 0.21 MB, solutions = 4)
    569    41      506.5813   348      500.6909      507.3270   190184    1.33%
    572    44      506.3174   338      500.6909      507.3270   191131    1.33%
    576    48      505.9375   345      500.6909      507.3270   193328    1.33%
    582    54      506.0296   369      500.6909      507.3270   195390    1.33%
    588    60      505.9288   337      500.6909      507.3270   197151    1.33%
    590    62      505.9329   330      500.6909      507.3270   197643    1.33%
    596    68      505.8220   328      500.6909      507.3270   199980    1.33%
    600    72      504.7920   346      500.6909      507.3270   202108    1.33%
    609    81      504.5957   349      500.6909      507.3270   204259    1.33%
    614    86      504.4481   347      500.6909      507.3270   205071    1.33%
Elapsed time = 135.28 sec. (141988.49 ticks, tree = 0.84 MB, solutions = 4)
    621    93      504.4522   337      500.6909      507.3270   206203    1.33%
    628   100      504.2787   331      500.6909      507.3270   207560    1.33%
    640   112      503.9974   321      500.6909      507.3270   209459    1.33%
    650   122      503.8670   325      500.6909      507.3270   210771    1.33%
    662   134      502.6509   310      500.6909      507.3270   212680    1.33%
    675   147      502.1031   316      500.6909      507.3270   214271    1.33%
    685   157      501.7282   304      500.6909      507.3270   215637    1.33%
    702   173      501.3025   298      500.6909      507.3270   217408    1.33%
    725   192      500.7022   264      500.6909      507.3270   219399    1.33%
    750   213      506.3965   392      500.6909      507.3263   226186    1.33%
Elapsed time = 149.48 sec. (156039.61 ticks, tree = 4.68 MB, solutions = 4)
    780   243      504.7080   360      500.6909      507.3263   233810    1.33%
    823   286      503.0148   312      500.6909      507.3263   241386    1.33%
    876   338      501.2819   256      500.6909      507.3263   248670    1.33%
    938   390      506.7398   436      500.6909      507.2185   256831    1.30%
    987   439      504.2797   333      500.6909      507.2185   264094    1.30%
   1052   499      506.0422   395      500.6909      507.2184   270598    1.30%
   1151   588      507.1032   444      500.6909      507.2078   279871    1.30%
*  1170+  458                          502.4112      507.2078             0.95%
   1175   465      506.4116   423      502.4112      507.2078   286582    0.95%
   1200   490      506.0374   361      502.4112      507.2078   292461    0.95%
   1250   540      504.6952   336      502.4112      507.2078   300089    0.95%
Elapsed time = 188.70 sec. (194802.53 ticks, tree = 9.88 MB, solutions = 5)
   1350   614      506.3659   420      502.4112      507.2054   308885    0.95%
   1409   673      502.8863   300      502.4112      507.2054   316345    0.95%
   1482   737      503.1500   348      502.4112      507.1904   324741    0.95%
   1513   764      506.5132   421      502.4112      507.1897   329855    0.95%
   1579   824      506.0478   409      502.4112      507.1861   338596    0.95%
   1642   879      506.8623   436      502.4112      507.1858   346929    0.95%
   1670   907      505.0782   380      502.4112      507.1858   355361    0.95%
   1715   952      503.1053   314      502.4112      507.1858   363691    0.95%
   1788  1019      502.7050   313      502.4112      507.1707   373173    0.95%
   1857  1081      503.9652   337      502.4112      507.1674   383435    0.95%
Elapsed time = 229.07 sec. (234092.11 ticks, tree = 21.96 MB, solutions = 5)
   1927  1143      503.7075   343      502.4112      507.1582   394040    0.94%
   1970  1182      505.3020   396      502.4112      507.1228   404341    0.94%
   2010  1216      506.2652   421      502.4112      507.1221   412817    0.94%
   2050  1256      504.2286   362      502.4112      507.1221   422225    0.94%
   2119  1319      503.8066   359      502.4112      507.1199   432309    0.94%
   2198  1391      505.5278   394      502.4112      507.1031   442340    0.93%
   2273  1458      506.1579   422      502.4112      507.0984   450524    0.93%
   2401  1579      506.5108   402      502.4112      507.0967   459619    0.93%
   2468  1640      506.1577   400      502.4112      507.0672   470052    0.93%
   2526  1698      504.1404   324      502.4112      507.0672   480351    0.93%
Elapsed time = 270.58 sec. (274116.59 ticks, tree = 34.78 MB, solutions = 5)
   2610  1766      506.4208   412      502.4112      507.0653   489942    0.93%
   2690  1835      505.4738   402      502.4112      507.0651   499588    0.93%
   2770  1909      504.3894   381      502.4112      507.0564   510341    0.92%
   2834  1969      503.7663   356      502.4112      507.0554   520401    0.92%
   2872  2001      505.6007   406      502.4112      507.0532   530855    0.92%
   2912  2041      503.4877   344      502.4112      507.0532   540430    0.92%
   2982  2102      503.8428   339      502.4112      507.0399   549702    0.92%
   3079  2191      504.2072   344      502.4112      507.0339   559956    0.92%
   3161  2265      502.9526   360      502.4112      507.0320   570441    0.92%
   3216  2311      504.0791   368      502.4112      507.0204   581082    0.92%
Elapsed time = 311.15 sec. (313714.09 ticks, tree = 47.79 MB, solutions = 5)
   3273  2362      506.2706   424      502.4112      507.0196   589773    0.92%
   3333  2422      504.6992   342      502.4112      507.0196   599287    0.92%
   3476  2531      506.5155   440      502.4112      507.0184   609116    0.92%
   3568  2613      506.2439   426      502.4112      507.0104   618835    0.92%
   3659  2687      506.2538   441      502.4112      506.9871   628546    0.91%
   3731  2753      506.3295   430      502.4112      506.9838   637380    0.91%
   3799  2816      506.4549   433      502.4112      506.9828   648356    0.91%
   3830  2847      505.1992   393      502.4112      506.9828   657639    0.91%
   3900  2909      505.7982   399      502.4112      506.9823   668172    0.91%
   3976  2979      505.7521   391      502.4112      506.9775   678198    0.91%
Elapsed time = 350.34 sec. (352466.96 ticks, tree = 63.55 MB, solutions = 5)
   4109  3104      506.1290   372      502.4112      506.9749   688877    0.91%
   4200  3187      505.3013   396      502.4112      506.9725   698096    0.91%
   4274  3257      506.3895   424      502.4112      506.9719   708362    0.91%
   4336  3315      502.4590   315      502.4112      506.9719   718910    0.91%
   4417  3382      506.2953   417      502.4112      506.9620   728696    0.91%
   4510  3469      505.7235   369      502.4112      506.9551   738919    0.90%
   4604  3543      505.1749   378      502.4112      506.9489   748828    0.90%
   4658  3591      506.5589   402      502.4112      506.9481   758720    0.90%
   4694  3627      505.0384   367      502.4112      506.9481   767565    0.90%
   4767  3692      505.8716   380      502.4112      506.9427   777982    0.90%
Elapsed time = 389.64 sec. (391018.86 ticks, tree = 78.34 MB, solutions = 5)
   4854  3775      502.5174   336      502.4112      506.9427   788643    0.90%
   4931  3844      506.7724   430      502.4112      506.9331   798744    0.90%
   5014  3922      506.1033   432      502.4112      506.9274   809596    0.90%
   5053  3961      506.0194   376      502.4112      506.9274   819623    0.90%
   5151  4034      506.3652   432      502.4112      506.9234   830550    0.90%
   5234  4107      506.2961   412      502.4112      506.9204   840281    0.90%
   5320  4188      505.1944   383      502.4112      506.9148   851144    0.90%
   5381  4241      506.3519   425      502.4112      506.8996   858728    0.89%
   5464  4316      506.0653   423      502.4112      506.8976   869339    0.89%
   5518  4370      503.4837   329      502.4112      506.8976   879766    0.89%
Elapsed time = 428.61 sec. (429493.18 ticks, tree = 92.74 MB, solutions = 5)
   5601  4450      503.7283   309      502.4112      506.8963   889979    0.89%
   5707  4541      506.7942   442      502.4112      506.8931   900747    0.89%
   5786  4612      505.8380   420      502.4112      506.8919   911176    0.89%
   5850  4672      505.3022   407      502.4112      506.8918   921130    0.89%
   5918  4736      506.3389   428      502.4112      506.8886   932099    0.89%
   6016  4819      506.6105   435      502.4112      506.8839   942122    0.89%
   6099  4898      505.6616   395      502.4112      506.8784   952578    0.89%
   6180  4971      505.3000   393      502.4112      506.8777   962872    0.89%
   6270  5049      506.5153   444      502.4112      506.8775   972724    0.89%
   6297  5076      505.1668   384      502.4112      506.8775   981350    0.89%
Elapsed time = 467.95 sec. (468262.50 ticks, tree = 112.29 MB, solutions = 5)
   6385  5147      506.5892   425      502.4112      506.8775   992071    0.89%
   6480  5236      505.7331   417      502.4112      506.8739  1003000    0.89%
   6537  5287      505.1758   410      502.4112      506.8681  1011445    0.89%
   6623  5363      504.0027   319      502.4112      506.8675  1021656    0.89%
   6670  5404      504.9455   366      502.4112      506.8671  1031724    0.89%
   6754  5476      506.1434   365      502.4112      506.8669  1042493    0.89%
   6847  5565      504.3867   323      502.4112      506.8651  1052932    0.89%
   6941  5647      502.9082   312      502.4112      506.8632  1061751    0.89%
   7031  5724        cutoff            502.4112      506.8620  1072122    0.89%
   7069  5758      505.3068   385      502.4112      506.8608  1081777    0.89%
Elapsed time = 507.17 sec. (506853.39 ticks, tree = 124.27 MB, solutions = 5)
   7127  5816      503.6525   305      502.4112      506.8608  1092351    0.89%
   7248  5904      503.6346   328      502.4112      506.8594  1102752    0.89%
   7343  5988      502.9294   307      502.4112      506.8591  1113496    0.89%
   7436  6067      506.4125   437      502.4112      506.8557  1124416    0.88%
   7541  6157      502.4999   224      502.4112      506.8557  1135280    0.88%
   7586  6198      505.5020   386      502.4112      506.8556  1144933    0.88%
   7688  6277      506.6958   428      502.4112      506.8538  1155851    0.88%
   7796  6376      505.7004   385      502.4112      506.8536  1165801    0.88%
   7874  6448      502.5276   328      502.4112      506.8517  1176400    0.88%
   7944  6504      506.7051   401      502.4112      506.8478  1186439    0.88%
Elapsed time = 547.68 sec. (545443.27 ticks, tree = 135.40 MB, solutions = 5)
   7983  6543      504.3954   374      502.4112      506.8478  1196325    0.88%
   8080  6615      506.5648   408      502.4112      506.8465  1206539    0.88%
   8152  6677      504.7274   386      502.4112      506.8444  1217087    0.88%
   8237  6756      502.5589   278      502.4112      506.8441  1227674    0.88%
   8310  6812      506.4144   432      502.4112      506.8418  1238596    0.88%
   8356  6858      502.9045   363      502.4112      506.8418  1248662    0.88%
   8442  6926      506.5776   442      502.4112      506.8402  1259686    0.88%
   8527  6999      506.5972   462      502.4112      506.8391  1270185    0.88%
   8620  7081      506.6913   450      502.4112      506.8371  1279542    0.88%
   8780  7240      502.5666   112      502.4112      506.8371  1289707    0.88%
Elapsed time = 589.35 sec. (584664.22 ticks, tree = 152.80 MB, solutions = 5)
   8844  7299      504.9189   331      502.4112      506.8368  1300261    0.88%
   8930  7376      506.1969   402      502.4112      506.8335  1310531    0.88%
   9020  7460      504.5270   348      502.4112      506.8334  1321005    0.88%
   9098  7528      504.1644   346      502.4112      506.8321  1331833    0.88%
   9210  7623      503.3487   321      502.4112      506.8288  1342255    0.88%
   9260  7662      505.8992   387      502.4112      506.8282  1352453    0.88%
   9304  7706      504.3389   339      502.4112      506.8282  1362943    0.88%
   9401  7790        cutoff            502.4112      506.8243  1373700    0.88%
   9504  7881      506.2568   379      502.4112      506.8211  1384316    0.88%
   9601  7971      505.3594   331      502.4112      506.8205  1394726    0.88%
Elapsed time = 629.18 sec. (623376.63 ticks, tree = 172.94 MB, solutions = 5)
   9676  8028      506.2479   391      502.4112      506.8191  1405398    0.88%
   9731  8083      503.7271   330      502.4112      506.8191  1415692    0.88%
   9847  8179      504.0133   334      502.4112      506.8190  1426256    0.88%
   9890  8218      505.9909   374      502.4112      506.8189  1431510    0.88%
   9891  8219      506.5012   422      502.4112      506.8168  1432574    0.88%
   9892  8220      506.3865   442      502.4112      506.8167  1433099    0.88%
   9930  8258      503.8848   353      502.4112      506.8157  1442619    0.88%
   9983  8290      506.2510   399      502.4112      506.8144  1451484    0.88%
  10049  8348      506.1477   434      502.4112      506.8134  1459934    0.88%
  10130  8421      506.5449   456      502.4112      506.8117  1468713    0.88%
Elapsed time = 689.23 sec. (681310.74 ticks, tree = 182.36 MB, solutions = 5)
  10264  8554      502.8878   157      502.4112      506.8117  1479091    0.88%
  10360  8634      505.0890   426      502.4112      506.8112  1489396    0.88%
  10405  8679      503.9501   388      502.4112      506.8112  1500126    0.88%
  10480  8737      505.6436   379      502.4112      506.8074  1510821    0.88%
  10557  8809      505.8613   361      502.4112      506.8073  1519410    0.88%
  10659  8888      505.7743   372      502.4112      506.8071  1530233    0.87%
  10742  8965      505.1748   364      502.4112      506.8066  1541102    0.87%
  10798  9007      506.3826   436      502.4112      506.8066  1551317    0.87%
  10840  9049      505.3080   370      502.4112      506.8066  1560932    0.87%
  10919  9118      506.6131   437      502.4112      506.8061  1571471    0.87%
Elapsed time = 729.09 sec. (720023.70 ticks, tree = 195.98 MB, solutions = 5)
  10990  9184      506.6331   430      502.4112      506.8053  1579960    0.87%
  11077  9259      506.2304   426      502.4112      506.8049  1591049    0.87%
  11173  9349      506.3003   412      502.4112      506.8041  1601500    0.87%
  11224  9398      506.3766   426      502.4112      506.8040  1611400    0.87%
  11256  9430      504.9369   383      502.4112      506.8040  1620515    0.87%
  11330  9489      504.7456   405      502.4112      506.8039  1630784    0.87%
  11410  9563      504.4833   325      502.4112      506.8037  1641180    0.87%
  11498  9631      504.3258   323      502.4112      506.8020  1651979    0.87%
  11582  9705      503.1172   304      502.4112      506.8009  1662706    0.87%
  11634  9751      504.3274   375      502.4112      506.8008  1671985    0.87%
Elapsed time = 768.62 sec. (759236.43 ticks, tree = 207.47 MB, solutions = 5)
  11700  9811      506.3970   391      502.4112      506.8007  1682427    0.87%
  11795  9898      505.7423   375      502.4112      506.8000  1692754    0.87%
  11976 10066      503.3710   349      502.4112      506.7995  1703313    0.87%
  12061 10141      506.4771   401      502.4112      506.7937  1713619    0.87%
  12117 10197      503.0212   305      502.4112      506.7937  1724387    0.87%
  12228 10285      502.5176   248      502.4112      506.7934  1734921    0.87%
  12315 10363      505.0210   393      502.4112      506.7881  1745189    0.87%
  12412 10451      504.2713   344      502.4112      506.7878  1755667    0.87%
  12478 10504      505.9139   387      502.4112      506.7867  1766175    0.87%
  12539 10555      502.5740   304      502.4112      506.7867  1776653    0.87%
Elapsed time = 808.26 sec. (797536.74 ticks, tree = 231.67 MB, solutions = 5)
  12626 10632      506.4087   399      502.4112      506.7865  1786768    0.87%
  12707 10703      504.9646   382      502.4112      506.7864  1797159    0.87%
  12813 10801      503.7301   325      502.4112      506.7842  1807843    0.87%
  12874 10855      505.6406   383      502.4112      506.7830  1817862    0.87%
  12944 10916      506.1489   419      502.4112      506.7803  1828715    0.87%
  13028 10996      505.3123   377      502.4112      506.7802  1838646    0.87%
  13110 11072      503.8952   323      502.4112      506.7793  1849186    0.87%
  13230 11176      502.4309   237      502.4112      506.7792  1860016    0.87%
  13273 11215      504.2535   352      502.4112      506.7788  1869575    0.87%
  13353 11286      504.7903   341      502.4112      506.7780  1878792    0.87%
Elapsed time = 847.33 sec. (835870.35 ticks, tree = 257.64 MB, solutions = 5)
  13483 11405      503.0328   306      502.4112      506.7777  1889714    0.87%
  13620 11510      502.4426   226      502.4112      506.7776  1900497    0.87%
  13716 11593      505.5048   428      502.4112      506.7764  1910659    0.87%
  13780 11651      506.3942   425      502.4112      506.7759  1920575    0.87%
  13898 11756      505.6112   389      502.4112      506.7751  1931454    0.87%
  13988 11842      504.4888   336      502.4112      506.7738  1941900    0.87%
  14092 11931      506.2053   427      502.4112      506.7723  1952720    0.87%
  14132 11971      504.8884   382      502.4112      506.7723  1961302    0.87%
  14228 12045      504.8106   361      502.4112      506.7721  1971601    0.87%
  14324 12135      503.6389   343      502.4112      506.7716  1981885    0.87%
Elapsed time = 887.36 sec. (874245.55 ticks, tree = 285.34 MB, solutions = 5)
  14438 12236      506.7624   438      502.4112      506.7708  1992396    0.87%
  14513 12305      505.8595   407      502.4112      506.7706  2002946    0.87%
  14547 12339      504.8649   368      502.4112      506.7706  2010572    0.87%
  14632 12417      504.2467   323      502.4112      506.7696  2020915    0.87%
  14722 12495      506.6623   443      502.4112      506.7668  2031893    0.87%
  14807 12573      506.1529   426      502.4112      506.7664  2042375    0.87%
  14883 12637      506.2362   418      502.4112      506.7662  2053128    0.87%
  14930 12684      504.5906   353      502.4112      506.7662  2062623    0.87%
  15024 12768      504.2260   355      502.4112      506.7640  2073476    0.87%
  15123 12859      502.4267   252      502.4112      506.7640  2084639    0.87%
Elapsed time = 926.89 sec. (913128.10 ticks, tree = 302.05 MB, solutions = 5)
  15195 12919      506.1394   418      502.4112      506.7626  2095060    0.87%
  15286 12997      505.8791   438      502.4112      506.7624  2105870    0.87%
  15327 13038      503.5555   350      502.4112      506.7624  2115991    0.87%
  15410 13105      503.9887   334      502.4112      506.7623  2125417    0.87%
  15511 13194      506.2179   430      502.4112      506.7616  2136338    0.87%
  15600 13275      506.1148   381      502.4112      506.7612  2146607    0.87%
  15651 13322      506.0339   408      502.4112      506.7612  2156141    0.87%
  15701 13372      505.1309   340      502.4112      506.7612  2166243    0.87%
  15781 13445      505.8548   365      502.4112      506.7608  2176860    0.87%
  15880 13536      504.1442   325      502.4112      506.7599  2187331    0.87%
Elapsed time = 966.14 sec. (951813.94 ticks, tree = 316.68 MB, solutions = 5)
  15981 13625      502.8044   301      502.4112      506.7592  2198238    0.87%
  16059 13697      502.7739   300      502.4112      506.7578  2209324    0.87%
  16095 13727      505.2891   386      502.4112      506.7577  2218768    0.87%
  16130 13762      504.3894   350      502.4112      506.7577  2227988    0.87%
  16214 13835      503.9199   351      502.4112      506.7575  2238557    0.87%
  16321 13928      506.1875   409      502.4112      506.7551  2249300    0.86%
  16411 14013      504.7324   347      502.4112      506.7544  2259555    0.86%
  16530 14127      505.8788   394      502.4112      506.7542  2268647    0.86%
  16603 14195      505.1219   365      502.4112      506.7540  2279193    0.86%
  16700 14287      503.1875   318      502.4112      506.7520  2289396    0.86%
Elapsed time = 1006.45 sec. (991070.76 ticks, tree = 332.64 MB, solutions = 5)
  16800 14373      505.7709   355      502.4112      506.7496  2299847    0.86%
  16875 14440      505.4669   369      502.4112      506.7488  2309912    0.86%
  16953 14512      506.2557   394      502.4112      506.7483  2320738    0.86%
  17051 14606      504.5200   341      502.4112      506.7481  2331274    0.86%
  17154 14699      502.7804   295      502.4112      506.7454  2342102    0.86%
  17249 14780      506.1443   398      502.4112      506.7451  2352804    0.86%
  17301 14832      504.1188   367      502.4112      506.7451  2363182    0.86%
  17407 14909      506.3573   444      502.4112      506.7430  2373348    0.86%
  17493 14987      506.5056   438      502.4112      506.7425  2384172    0.86%
  17592 15072      506.3140   426      502.4112      506.7425  2395707    0.86%
Elapsed time = 1047.40 sec. (1029758.43 ticks, tree = 353.15 MB, solutions = 5)
  17652 15132      502.7934   320      502.4112      506.7425  2407895    0.86%
  17710 15184      503.4164   346      502.4112      506.7423  2418709    0.86%
  17807 15274      504.3377   317      502.4112      506.7421  2429158    0.86%
  17908 15361      506.5622   434      502.4112      506.7415  2440083    0.86%
  18072 15519      505.7389   396      502.4112      506.7414  2450534    0.86%
  18158 15592      506.4421   439      502.4112      506.7414  2459279    0.86%
  18204 15638      505.0204   370      502.4112      506.7414  2469431    0.86%
  18313 15733      504.8798   349      502.4112      506.7410  2480164    0.86%
  18407 15819      506.3474   420      502.4112      506.7402  2491217    0.86%
  18502 15908      504.7299   361      502.4112      506.7402  2502047    0.86%
Elapsed time = 1088.55 sec. (1068234.56 ticks, tree = 381.47 MB, solutions = 5)
  18559 15959      505.6179   380      502.4112      506.7394  2511292    0.86%
  18629 16029      503.5403   313      502.4112      506.7394  2522002    0.86%
  18728 16114      506.2394   399      502.4112      506.7387  2531986    0.86%
  18817 16199      503.5479   341      502.4112      506.7386  2542531    0.86%
  18902 16273      506.5056   436      502.4112      506.7384  2553121    0.86%
  18938 16309      504.8228   357      502.4112      506.7384  2561118    0.86%
  19019 16387      502.7881   257      502.4112      506.7384  2571696    0.86%
  19161 16483      502.4696   226      502.4112      506.7370  2582518    0.86%
  19237 16550      503.0602   271      502.4112      506.7365  2590330    0.86%

Performing restart 2

Repeating presolve.
Tried aggregator 1 time.
MIP Presolve modified 112 coefficients.
Reduced MIP has 1924 rows, 2380 columns, and 17809 nonzeros.
Reduced MIP has 593 binaries, 587 generals, 0 SOSs, and 0 indicators.
Presolve time = 0.01 sec. (3.70 ticks)
Tried aggregator 1 time.
Reduced MIP has 1924 rows, 2380 columns, and 17809 nonzeros.
Reduced MIP has 593 binaries, 587 generals, 0 SOSs, and 0 indicators.
Presolve time = 0.00 sec. (3.67 ticks)
Represolve time = 0.13 sec. (50.22 ticks)
  19254     0      507.2526   456      502.4112      Cuts: 86  2597608    0.86%
  19254     0      507.2350   466      502.4112      Cuts: 58  2597792    0.86%
  19254     0      507.2152   448      502.4112      Cuts: 60  2598001    0.86%
  19254     0      507.2017   458      502.4112      Cuts: 45  2598166    0.86%
  19254     0      507.1852   456      502.4112      Cuts: 50  2598385    0.86%
  19254     0      507.1782   456      502.4112      Cuts: 48  2598512    0.86%
  19254     0      507.1716   454      502.4112      Cuts: 49  2598630    0.86%
  19254     2      507.1716   454      502.4112      506.7365  2598630    0.86%
Elapsed time = 1134.22 sec. (1112784.46 ticks, tree = 0.01 MB, solutions = 5)
  19255     3      507.1421   422      502.4112      506.7365  2598997    0.86%
  19257     5      507.0289   396      502.4112      506.7365  2599907    0.86%
  19260     8      506.8370   394      502.4112      506.7365  2600354    0.86%
  19276    24      506.4529   394      502.4112      506.7365  2605787    0.86%
  19294    42      506.1406   328      502.4112      506.7365  2609386    0.86%
  19332    80      505.3639   278      502.4112      506.7365  2616358    0.86%
  19374   122      503.8435   264      502.4112      506.7365  2622187    0.86%
  19454   163      506.5066   412      502.4112      506.7365  2627775    0.86%
  19502   211      503.7063   303      502.4112      506.7365  2635148    0.86%
  19594   291      504.5557   283      502.4112      506.7365  2642229    0.86%
Elapsed time = 1170.96 sec. (1154488.33 ticks, tree = 4.94 MB, solutions = 5)
  19735   415      506.4069   347      502.4112      506.7365  2651628    0.86%
  19894   561      505.1296   328      502.4112      506.7365  2662892    0.86%
  20054   688      502.7487   302      502.4112      506.7365  2671684    0.86%
  20165   782      505.4809   335      502.4112      506.7365  2683232    0.86%
  20265   869      505.7406   380      502.4112      506.7365  2694357    0.86%
  20374   970      504.5675   322      502.4112      506.7365  2705903    0.86%
  20524  1097      506.1975   357      502.4112      506.7365  2717003    0.86%
  20653  1206      506.1846   394      502.4112      506.7365  2728772    0.86%
  20770  1311      503.8460   327      502.4112      506.7365  2740709    0.86%
  20908  1435      504.6608   315      502.4112      506.7365  2752437    0.86%
Elapsed time = 1211.39 sec. (1193187.94 ticks, tree = 30.87 MB, solutions = 5)
  21158  1665      506.6189   390      502.4112      506.7365  2761706    0.86%
  21228  1735      504.6304   307      502.4112      506.7365  2771904    0.86%
  21334  1819      502.7678   287      502.4112      506.7365  2780974    0.86%
  21448  1915      503.3127   348      502.4112      506.7365  2792508    0.86%
  21540  1994      505.9411   406      502.4112      506.7365  2802505    0.86%
  21621  2069      504.5797   340      502.4112      506.7365  2813512    0.86%
  21730  2163      505.5080   364      502.4112      506.7365  2823428    0.86%
  21819  2238      505.9574   377      502.4112      506.7365  2834833    0.86%
  21926  2342      502.7052   243      502.4112      506.7365  2846596    0.86%
  22054  2426      504.0481   372      502.4112      506.7365  2856931    0.86%
Elapsed time = 1251.10 sec. (1231754.50 ticks, tree = 47.79 MB, solutions = 5)
  22177  2536      503.0827   302      502.4112      506.7365  2868319    0.86%
  22244  2597      503.0422   320      502.4112      506.7365  2879010    0.86%
  22338  2674      506.2726   393      502.4112      506.7365  2890559    0.86%
  22586  2912      504.7024   342      502.4112      506.7365  2900529    0.86%
  22685  2998      505.7668   385      502.4112      506.7365  2911977    0.86%
  22772  3085      502.8626   297      502.4112      506.7365  2923273    0.86%
  22867  3153      503.4548   356      502.4112      506.7365  2933127    0.86%
  22964  3234      505.6512   393      502.4112      506.7365  2944566    0.86%
  23034  3295      506.3158   390      502.4112      506.7365  2954981    0.86%
  23099  3360      503.3656   284      502.4112      506.7365  2965219    0.86%
Elapsed time = 1290.52 sec. (1270511.09 ticks, tree = 61.75 MB, solutions = 5)
  23221  3457      502.5965   320      502.4112      506.7365  2976201    0.86%
  23298  3520      506.4574   404      502.4112      506.7365  2984973    0.86%
  23379  3594      504.8807   334      502.4112      506.7365  2994956    0.86%
  23429  3637      506.2624   387      502.4112      506.7365  3004416    0.86%
  23511  3719      503.4096   292      502.4112      506.7365  3015297    0.86%
  23619  3798      506.3536   394      502.4112      506.7365  3026156    0.86%
  23728  3888      505.9501   387      502.4112      506.7365  3036387    0.86%
  23792  3946      505.3066   369      502.4112      506.7365  3046109    0.86%
  23880  4024      505.3754   333      502.4112      506.7365  3056451    0.86%
  24102  4238      502.7981   320      502.4112      506.7365  3065774    0.86%
Elapsed time = 1337.63 sec. (1308842.93 ticks, tree = 72.72 MB, solutions = 5)
  24184  4310      504.5647   330      502.4112      506.7365  3075407    0.86%
  24247  4368      505.0091   345      502.4112      506.7365  3084647    0.86%
  24347  4457      503.8409   348      502.4112      506.7365  3095302    0.86%
  24435  4537      503.2196   331      502.4112      506.7365  3105655    0.86%
  24524  4606      504.9913   361      502.4112      506.7365  3116064    0.86%
  24616  4684      506.3822   394      502.4112      506.7365  3126663    0.86%
  24729  4783      506.4952   405      502.4112      506.7365  3137089    0.86%
  24803  4849      505.5728   364      502.4112      506.7365  3146989    0.86%
  24902  4925      506.0770   399      502.4112      506.7365  3157325    0.86%
  24976  4994      502.8552   302      502.4112      506.7365  3167252    0.86%
Elapsed time = 1376.37 sec. (1347614.84 ticks, tree = 87.66 MB, solutions = 5)
  25078  5085      502.4161   298      502.4112      506.7365  3177581    0.86%
  25146  5150      504.2704   349      502.4112      506.7365  3187604    0.86%
  25244  5238      503.6094   308      502.4112      506.7365  3198028    0.86%
  25344  5321      504.6779   334      502.4112      506.7365  3208823    0.86%
  25426  5394      505.3496   361      502.4112      506.7365  3219505    0.86%
  25542  5495      502.6097   328      502.4112      506.7365  3230198    0.86%
  25641  5583      502.8692   316      502.4112      506.7365  3240310    0.86%
  25690  5622      506.6432   432      502.4112      506.7365  3247285    0.86%
  25730  5662      505.2349   386      502.4112      506.7365  3256901    0.86%
  25817  5736      506.2168   408      502.4112      506.7365  3267291    0.86%
Elapsed time = 1415.05 sec. (1386353.05 ticks, tree = 103.27 MB, solutions = 5)
  25903  5815      504.2436   353      502.4112      506.7365  3277384    0.86%
  26003  5902      505.1622   365      502.4112      506.7365  3287101    0.86%
  26054  5949      505.1783   356      502.4112      506.7365  3295401    0.86%
  26134  6018      504.3853   358      502.4112      506.7365  3305850    0.86%
  26227  6091      506.3187   391      502.4112      506.7365  3316382    0.86%
  26373  6227      503.9561   243      502.4112      506.7365  3327413    0.86%
* 26404+ 5439                          502.8139      506.7365             0.78%
  26554  5578      506.0330   395      502.8139      506.7365  3333840    0.78%
  26628  5645      506.7807   420      502.8139      506.7365  3343512    0.78%
  26714  5721      504.5601   391      502.8139      506.7365  3351496    0.78%
  26814  5798      506.2926   432      502.8139      506.7365  3361006    0.78%
Elapsed time = 1455.34 sec. (1426494.79 ticks, tree = 108.86 MB, solutions = 6)
  26881  5858      505.7568   382      502.8139      506.7365  3370954    0.78%
  26921  5898      503.9432   334      502.8139      506.7365  3378928    0.78%
  27014  5968      505.8781   371      502.8139      506.7365  3386976    0.78%
  27097  6041      503.6821   336      502.8139      506.7365  3396032    0.78%
  27202  6126      505.9436   426      502.8139      506.7365  3406592    0.78%
  27263  6187      503.8519   336      502.8139      506.7365  3415945    0.78%
  27334  6240      506.1381   410      502.8139      506.7365  3423026    0.78%
  27433  6328      505.3348   363      502.8139      506.7365  3433549    0.78%
  27513  6402      503.9863   334      502.8139      506.7365  3443362    0.78%
  27634  6493      506.2924   406      502.8139      506.7365  3452560    0.78%
Elapsed time = 1493.69 sec. (1465166.32 ticks, tree = 127.13 MB, solutions = 6)
  27724  6575      504.5737   332      502.8139      506.7365  3460622    0.78%
  27872  6710      506.3077   420      502.8139      506.7365  3470919    0.78%
  27954  6782      502.8469   290      502.8139      506.7365  3481889    0.78%
  28058  6869      506.5275   399      502.8139      506.7365  3492464    0.78%
  28171  6966      506.5633   428      502.8139      506.7365  3502465    0.78%
  28239  7034      503.3412   334      502.8139      506.7365  3512988    0.78%
  28337  7107      505.8098   376      502.8139      506.7365  3521559    0.78%
  28454  7204      505.3058   352      502.8139      506.7365  3531910    0.78%
  28522  7264      504.4305   350      502.8139      506.7365  3542270    0.78%
  28665  7380        cutoff            502.8139      506.7365  3553106    0.78%
Elapsed time = 1533.22 sec. (1504009.94 ticks, tree = 154.02 MB, solutions = 6)
  28788  7476        cutoff            502.8139      506.7365  3563820    0.78%
  28871  7547      506.0194   408      502.8139      506.7365  3573961    0.78%
  28962  7632      506.3221   385      502.8139      506.7365  3584747    0.78%
  29092  7756      503.3257   244      502.8139      506.7365  3595228    0.78%
  29213  7864      503.2894   321      502.8139      506.7365  3604663    0.78%
  29275  7918      505.0685   380      502.8139      506.7365  3613397    0.78%
  29369  7980      504.7813   360      502.8139      506.7365  3621324    0.78%
  29455  8048      506.3347   398      502.8139      506.7365  3631258    0.78%
  29545  8126      506.4281   410      502.8139      506.7365  3639801    0.78%
  29602  8183      503.8064   314      502.8139      506.7365  3648895    0.78%
Elapsed time = 1570.97 sec. (1542510.62 ticks, tree = 177.16 MB, solutions = 6)
  29696  8255      506.5046   387      502.8139      506.7365  3657179    0.78%
  29778  8325      506.3478   420      502.8139      506.7365  3666421    0.78%
  29841  8378      505.3708   408      502.8139      506.7365  3675360    0.78%
  29919  8447      505.2039   366      502.8139      506.7365  3683987    0.78%
  30013  8527      505.2128   368      502.8139      506.7365  3693069    0.78%
  30086  8591      502.9625   334      502.8139      506.7365  3700557    0.78%
  30135  8630      504.6066   342      502.8139      506.7365  3710187    0.78%
  30212  8694      505.7139   356      502.8139      506.7365  3718841    0.78%
  30338  8811      504.1725   344      502.8139      506.7365  3726559    0.78%
  30418  8874      505.8158   392      502.8139      506.7365  3736087    0.78%
Elapsed time = 1607.12 sec. (1580908.20 ticks, tree = 188.27 MB, solutions = 6)
  30474  8920      506.0415   398      502.8139      506.7365  3744609    0.78%
  30518  8964      504.1464   336      502.8139      506.7365  3752696    0.78%
  30615  9034      506.2203   400      502.8139      506.7365  3760827    0.78%
  30707  9116      503.4435   344      502.8139      506.7365  3770097    0.78%
  30769  9166      506.4862   402      502.8139      506.7365  3779606    0.78%
  30811  9208      505.6593   360      502.8139      506.7365  3789069    0.78%
  30893  9278      506.1892   428      502.8139      506.7365  3797579    0.78%
  30974  9348      506.5900   436      502.8139      506.7365  3806288    0.78%
  31074  9432      504.9515   369      502.8139      506.7365  3815805    0.78%
  31135  9481      504.8061   354      502.8139      506.7365  3824210    0.78%
Elapsed time = 1643.27 sec. (1619744.77 ticks, tree = 200.43 MB, solutions = 6)
  31212  9542      506.3469   361      502.8139      506.7365  3832361    0.78%
  31286  9609      503.0916   326      502.8139      506.7365  3841485    0.78%
  31373  9688      504.5622   356      502.8139      506.7349  3851139    0.78%
  31432  9741      504.0876   346      502.8139      506.7348  3859819    0.78%
  31503  9798      506.3228   386      502.8139      506.7322  3868406    0.78%
  31592  9877      506.1862   382      502.8139      506.7311  3877780    0.78%
  31660  9937      505.8950   387      502.8139      506.7310  3885999    0.78%
  31741 10000      506.1670   384      502.8139      506.7309  3894547    0.78%
  31831 10078      504.5182   360      502.8139      506.7308  3903880    0.78%
  31924 10150      506.4272   368      502.8139      506.7269  3912349    0.78%
Elapsed time = 1679.44 sec. (1658208.13 ticks, tree = 219.87 MB, solutions = 6)
  31994 10208      505.1501   340      502.8139      506.7268  3921390    0.78%
  32096 10292      504.7999   351      502.8139      506.7257  3930380    0.78%
  32199 10371      503.5986   318      502.8139      506.7256  3938782    0.78%
  32298 10447      505.6717   400      502.8139      506.7250  3946995    0.78%
  32362 10505      504.0444   364      502.8139      506.7240  3955769    0.78%
  32449 10578      505.1628   358      502.8139      506.7221  3964756    0.78%
  32527 10646      505.2549   328      502.8139      506.7189  3973352    0.78%
  32682 10792      506.3782   432      502.8139      506.7181  3979992    0.78%
  32734 10844      504.1265   320      502.8139      506.7181  3987895    0.78%
  32814 10913      505.8518   381      502.8139      506.7164  3995684    0.78%
Elapsed time = 1715.59 sec. (1696754.57 ticks, tree = 241.45 MB, solutions = 6)
  32900 10981      505.9926   390      502.8139      506.7142  4005472    0.78%
  32954 11031      505.6236   378      502.8139      506.7131  4013809    0.78%
  33044 11101      505.8825   368      502.8139      506.7128  4021838    0.78%
  33116 11165      505.1263   327      502.8139      506.7120  4030497    0.78%
  33206 11238      506.4997   414      502.8139      506.7098  4040052    0.77%
  33288 11301      504.9508   344      502.8139      506.7096  4048489    0.77%
  33365 11370      504.1360   344      502.8139      506.7094  4057608    0.77%
  33433 11430      505.7277   382      502.8139      506.7074  4066242    0.77%
  33514 11505      505.8360   404      502.8139      506.7072  4074122    0.77%
  33608 11585      506.1982   380      502.8139      506.7065  4083283    0.77%
Elapsed time = 1751.47 sec. (1735225.41 ticks, tree = 256.80 MB, solutions = 6)
  33781 11755      502.8254    84      502.8139      506.7065  4089687    0.77%
  33868 11830      504.9256   321      502.8139      506.7057  4098606    0.77%
  33955 11903      503.5858   320      502.8139      506.7051  4107334    0.77%
  34050 11984      505.0666   350      502.8139      506.7041  4115895    0.77%
  34120 12043      506.1859   382      502.8139      506.7037  4123481    0.77%
  34183 12103      502.8526   270      502.8139      506.7037  4132014    0.77%
  34279 12181      505.5197   353      502.8139      506.7007  4140798    0.77%
  34365 12252      505.6828   372      502.8139      506.6997  4149870    0.77%
  34435 12303      506.3432   397      502.8139      506.6994  4158279    0.77%
  34532 12387      503.2735   318      502.8139      506.6977  4167043    0.77%
Elapsed time = 1787.75 sec. (1773872.97 ticks, tree = 276.28 MB, solutions = 6)
  34625 12463      504.2408   354      502.8139      506.6969  4176311    0.77%
  34679 12510      504.4703   326      502.8139      506.6959  4185196    0.77%
  34765 12587      503.1884   332      502.8139      506.6940  4194024    0.77%
  34856 12671      503.5911   277      502.8139      506.6916  4201651    0.77%
  35024 12814      505.5906   406      502.8139      506.6899  4208488    0.77%
  35104 12882      505.9108   394      502.8139      506.6898  4217062    0.77%
  35188 12954      504.3530   339      502.8139      506.6878  4225520    0.77%
  35271 13020      503.1116   319      502.8139      506.6876  4232781    0.77%
  35367 13100      504.9955   366      502.8139      506.6873  4241577    0.77%
  35421 13147      506.0531   384      502.8139      506.6866  4250657    0.77%
Elapsed time = 1823.70 sec. (1812377.81 ticks, tree = 291.17 MB, solutions = 6)
  35491 13211      505.0483   386      502.8139      506.6861  4259254    0.77%
  35576 13286      504.9104   360      502.8139      506.6847  4267540    0.77%
  35654 13348      506.2459   382      502.8139      506.6836  4275708    0.77%
  35722 13416      504.1183   284      502.8139      506.6836  4284635    0.77%
  35817 13501      504.5737   354      502.8139      506.6834  4293305    0.77%
  35909 13577      505.7910   383      502.8139      506.6828  4302304    0.77%
  35976 13637      505.0248   356      502.8139      506.6828  4310970    0.77%
  36063 13704      504.7789   332      502.8139      506.6825  4318952    0.77%
  36242 13878      503.9289   333      502.8139      506.6825  4326034    0.77%
  36320 13940      505.4262   358      502.8139      506.6808  4335645    0.77%
Elapsed time = 1859.88 sec. (1850917.28 ticks, tree = 310.32 MB, solutions = 6)
  36382 13998      505.4208   335      502.8139      506.6804  4345212    0.77%
  36480 14075      505.9928   401      502.8139      506.6796  4353850    0.77%
  36566 14149      506.2797   364      502.8139      506.6790  4362537    0.77%
  36643 14215      505.6192   392      502.8139      506.6785  4371675    0.77%
  36729 14287      506.5089   409      502.8139      506.6756  4379953    0.77%
  36803 14353      506.4743   406      502.8139      506.6738  4389484    0.77%
  36878 14424      504.9345   361      502.8139      506.6735  4398567    0.77%
  36964 14495      506.3997   383      502.8139      506.6722  4407292    0.77%
  37054 14573      506.5999   416      502.8139      506.6718  4416660    0.77%
  37126 14636      506.1475   384      502.8139      506.6709  4425815    0.77%
Elapsed time = 1896.02 sec. (1889626.47 ticks, tree = 328.32 MB, solutions = 6)
  37180 14690      504.2062   294      502.8139      506.6709  4434746    0.77%
  37261 14756      503.2680   333      502.8139      506.6702  4442324    0.77%
  37361 14832      505.3304   398      502.8139      506.6686  4450926    0.77%
  37450 14907      505.8373   384      502.8139      506.6676  4459518    0.77%
  37507 14964      504.3178   326      502.8139      506.6676  4468781    0.77%
  37604 15043      505.2842   368      502.8139      506.6675  4477444    0.77%
  37670 15097      502.9645   348      502.8139      506.6672  4484453    0.77%
  37749 15162      504.6810   335      502.8139      506.6665  4492785    0.77%
  37838 15229      504.0450   355      502.8139      506.6654  4501713    0.77%
  37916 15301      503.5420   326      502.8139      506.6650  4510211    0.77%
Elapsed time = 1931.41 sec. (1927914.99 ticks, tree = 348.74 MB, solutions = 6)
  37985 15364      503.0777   252      502.8139      506.6640  4518684    0.77%
  38068 15439      504.2638   344      502.8139      506.6631  4526821    0.77%
  38155 15513      505.2525   356      502.8139      506.6621  4535145    0.77%
  38304 15649      506.0902   388      502.8139      506.6615  4541852    0.77%
  38377 15707      506.2839   418      502.8139      506.6612  4550071    0.77%
  38471 15789      505.8656   382      502.8139      506.6610  4558943    0.77%
  38559 15867      505.7534   396      502.8139      506.6604  4567780    0.76%
  38630 15931      506.4076   404      502.8139      506.6601  4575709    0.76%
  38724 16015      506.1996   388      502.8139      506.6587  4584024    0.76%
  38814 16094      506.0188   394      502.8139      506.6586  4593536    0.76%
Elapsed time = 1967.34 sec. (1966413.25 ticks, tree = 370.73 MB, solutions = 6)
  38868 16148      504.8638   324      502.8139      506.6586  4601859    0.76%
  38952 16214      505.9850   354      502.8139      506.6580  4610549    0.76%
  39018 16271      503.6855   342      502.8139      506.6575  4620267    0.76%
  39105 16337      506.2610   402      502.8139      506.6568  4628849    0.76%
  39174 16393      506.0621   353      502.8139      506.6565  4637296    0.76%
  39267 16472      505.8057   388      502.8139      506.6561  4646288    0.76%
  39435 16640      503.0989   130      502.8139      506.6561  4652675    0.76%
  39509 16704      506.0533   388      502.8139      506.6551  4661627    0.76%
  39589 16768      506.4030   416      502.8139      506.6550  4669665    0.76%
  39668 16841      502.8898   338      502.8139      506.6549  4677946    0.76%
Elapsed time = 2003.14 sec. (2004921.93 ticks, tree = 392.30 MB, solutions = 6)
  39755 16910      506.3170   404      502.8139      506.6541  4687852    0.76%
  39802 16957      504.6773   350      502.8139      506.6541  4696370    0.76%
  39881 17013      505.0804   332      502.8139      506.6535  4704194    0.76%
  39963 17081      505.7362   373      502.8139      506.6525  4712679    0.76%
  40055 17160      502.8404   286      502.8139      506.6518  4720850    0.76%
  40118 17219      502.9854   298      502.8139      506.6518  4729106    0.76%
  40213 17291      505.5379   357      502.8139      506.6515  4737214    0.76%
  40299 17368      503.0958   302      502.8139      506.6512  4745820    0.76%
  40376 17427      506.2726   380      502.8139      506.6509  4754261    0.76%
  40447 17492      502.8842   244      502.8139      506.6509  4761912    0.76%
Elapsed time = 2038.78 sec. (2043692.86 ticks, tree = 403.62 MB, solutions = 6)
  40546 17572      504.9244   326      502.8139      506.6501  4770689    0.76%
  40704 17716      504.4874   360      502.8139      506.6499  4777518    0.76%
  40801 17791      506.6326   400      502.8139      506.6494  4785174    0.76%
  40854 17844      504.1045   290      502.8139      506.6494  4793153    0.76%
  40952 17925      505.1608   364      502.8139      506.6487  4801740    0.76%
  41034 17997      504.9259   354      502.8139      506.6482  4810511    0.76%
  41088 18044      505.0485   364      502.8139      506.6478  4818936    0.76%
  41164 18109      503.3669   302      502.8139      506.6475  4827310    0.76%
  41254 18182      505.5254   373      502.8139      506.6468  4835535    0.76%
  41329 18247      506.3351   404      502.8139      506.6453  4844870    0.76%
Elapsed time = 2075.12 sec. (2082752.58 ticks, tree = 422.11 MB, solutions = 6)
  41387 18305      503.5381   292      502.8139      506.6453  4853382    0.76%
  41476 18383      504.5924   356      502.8139      506.6450  4861168    0.76%
  41572 18460      505.5942   351      502.8139      506.6446  4869611    0.76%
  41655 18525      506.4025   394      502.8139      506.6444  4879099    0.76%
  41710 18580      503.5543   302      502.8139      506.6444  4887666    0.76%
  41813 18661      502.9354   265      502.8139      506.6441  4896080    0.76%
  41906 18741      504.3861   335      502.8139      506.6432  4904827    0.76%
  41979 18793      506.2022   416      502.8139      506.6431  4914441    0.76%
  42054 18847      506.4253   430      502.8139      506.6430  4923840    0.76%
  42138 18925      503.4219   312      502.8139      506.6429  4931726    0.76%
Elapsed time = 2111.80 sec. (2122317.82 ticks, tree = 434.19 MB, solutions = 6)
  42234 18989      506.3734   404      502.8139      506.6428  4940445    0.76%
  42306 19051      505.9263   374      502.8139      506.6424  4949171    0.76%
  42370 19106      506.3892   436      502.8139      506.6419  4957367    0.76%
  42454 19183      505.8481   360      502.8139      506.6414  4965635    0.76%
  42532 19253      505.5708   354      502.8139      506.6407  4975507    0.76%
  42591 19308      505.0063   320      502.8139      506.6403  4984983    0.76%
  42674 19376      504.3159   355      502.8139      506.6402  4993904    0.76%
  42773 19463      503.2183   308      502.8139      506.6392  5002854    0.76%
  42854 19531      504.0073   269      502.8139      506.6391  5011096    0.76%
  42965 19615      504.8437   344      502.8139      506.6388  5019304    0.76%
Elapsed time = 2148.40 sec. (2161593.34 ticks, tree = 450.05 MB, solutions = 6)
  43061 19698      504.0123   359      502.8139      506.6385  5028166    0.76%
  43126 19755      504.8982   362      502.8139      506.6380  5037658    0.76%
  43213 19826      504.2299   352      502.8139      506.6379  5046281    0.76%
  43289 19889      505.2123   342      502.8139      506.6378  5054183    0.76%
  43371 19954      505.9955   392      502.8139      506.6363  5063956    0.76%
  43414 19997      504.2635   353      502.8139      506.6363  5072516    0.76%
  43477 20052      506.0755   380      502.8139      506.6344  5081170    0.76%
  43562 20123      506.2124   387      502.8139      506.6337  5089525    0.76%
  43617 20170      505.8824   387      502.8139      506.6331  5097805    0.76%
  43689 20231      503.9102   368      502.8139      506.6330  5106412    0.76%
Elapsed time = 2184.46 sec. (2200313.02 ticks, tree = 464.73 MB, solutions = 6)
  43765 20289      506.3257   397      502.8139      506.6324  5115450    0.76%
  43859 20370      504.8841   308      502.8139      506.6323  5124398    0.76%
  44016 20519      505.5987   392      502.8139      506.6320  5131204    0.76%
  44096 20586      505.4046   361      502.8139      506.6320  5139351    0.76%
  44191 20664      504.9696   384      502.8139      506.6317  5148164    0.76%
  44274 20732      506.1947   409      502.8139      506.6312  5156650    0.76%
  44346 20804      503.2488   280      502.8139      506.6312  5165483    0.76%
  44436 20869      504.6947   354      502.8139      506.6307  5173857    0.76%
  44514 20936      504.1393   320      502.8139      506.6305  5183068    0.76%
  44578 20992      504.6817   322      502.8139      506.6295  5191776    0.76%
Elapsed time = 2220.85 sec. (2239046.54 ticks, tree = 484.48 MB, solutions = 6)
  44674 21077      502.9612   310      502.8139      506.6291  5200004    0.76%
  44774 21155      503.3101   352      502.8139      506.6282  5207690    0.76%
  44845 21216      506.0498   394      502.8139      506.6271  5216454    0.76%
  44904 21275      504.7810   323      502.8139      506.6271  5224810    0.76%
  44992 21349      504.9342   354      502.8139      506.6257  5233564    0.76%
  45074 21428      503.4001   292      502.8139      506.6256  5241583    0.76%
  45189 21526      505.7984   364      502.8139      506.6253  5249756    0.76%
  45281 21602      505.2742   336      502.8139      506.6253  5258096    0.76%
  45374 21683      505.7394   356      502.8139      506.6240  5266936    0.76%
  45443 21742      506.1037   400      502.8139      506.6239  5276381    0.76%
Elapsed time = 2257.14 sec. (2277765.63 ticks, tree = 502.09 MB, solutions = 6)
  45508 21807      502.9588   309      502.8139      506.6239  5285164    0.76%
  45593 21880      503.6074   352      502.8139      506.6237  5293200    0.76%
  45674 21941      505.2823   358      502.8139      506.6229  5302104    0.76%
  45720 21983      505.0715   348      502.8139      506.6229  5311508    0.76%
  45807 22062      503.7932   348      502.8139      506.6218  5320062    0.76%
  45896 22142      502.9654   322      502.8139      506.6210  5328829    0.76%
  45973 22205      505.2569   369      502.8139      506.6207  5337994    0.76%
  46056 22280      503.1908   273      502.8139      506.6207  5345648    0.76%
  46154 22353      505.6367   360      502.8139      506.6196  5353540    0.76%
  46338 22530      505.6048   387      502.8139      506.6192  5360054    0.76%
Elapsed time = 2293.26 sec. (2316333.53 ticks, tree = 516.83 MB, solutions = 6)
  46416 22600      506.2612   394      502.8139      506.6185  5369520    0.76%
  46460 22644      503.8437   300      502.8139      506.6185  5377165    0.76%
  46555 22725      504.7527   374      502.8139      506.6176  5386082    0.76%
  46644 22803      505.5629   363      502.8139      506.6169  5393918    0.76%
  46714 22859      505.0566   350      502.8139      506.6160  5403243    0.76%
  46798 22924      504.5234   340      502.8139      506.6150  5411472    0.76%
  46878 22991      506.2603   396      502.8139      506.6144  5420052    0.76%
  46945 23050      505.8359   395      502.8139      506.6141  5428681    0.76%
  47000 23105      503.0162   312      502.8139      506.6141  5436790    0.76%
  47088 23170      505.1157   352      502.8139      506.6134  5445391    0.76%
Elapsed time = 2329.23 sec. (2355051.91 ticks, tree = 530.64 MB, solutions = 6)
  47171 23233      505.2187   346      502.8139      506.6134  5454298    0.76%
  47253 23305      502.9656   272      502.8139      506.6127  5462939    0.76%
  47348 23384      505.3318   342      502.8139      506.6117  5470877    0.76%
  47428 23454      505.0487   352      502.8139      506.6115  5480283    0.76%
  47495 23515      503.8730   328      502.8139      506.6115  5489972    0.76%
  47593 23597      505.8049   384      502.8139      506.6110  5498747    0.76%
  47668 23656        cutoff            502.8139      506.6106  5506270    0.76%
  47729 23711      503.9143   371      502.8139      506.6105  5515928    0.76%
  47800 23770      506.2863   394      502.8139      506.6092  5524963    0.75%
  47881 23847      502.9446   288      502.8139      506.6089  5533691    0.75%
Elapsed time = 2365.33 sec. (2393651.39 ticks, tree = 542.60 MB, solutions = 6)
  47953 23907      504.9243   374      502.8139      506.6085  5543086    0.75%
  48035 23979      502.9115   296      502.8139      506.6082  5551549    0.75%
  48114 24041      505.5186   350      502.8139      506.6081  5557893    0.75%
  48194 24111      505.1411   360      502.8139      506.6078  5566904    0.75%
  48294 24201      502.9271   204      502.8139      506.6078  5574849    0.75%
  48389 24276      503.3543   314      502.8139      506.6073  5583216    0.75%
  48473 24339      506.2590   377      502.8139      506.6072  5591790    0.75%
  48538 24387      506.1172   380      502.8139      506.6072  5600381    0.75%
  48598 24436      506.4031   400      502.8139      506.6070  5609025    0.75%
  48684 24506      504.6763   360      502.8139      506.6067  5617679    0.75%
Elapsed time = 2401.26 sec. (2432265.79 ticks, tree = 557.06 MB, solutions = 6)
  48784 24590      506.2922   391      502.8139      506.6067  5626431    0.75%
  48843 24649      503.5958   316      502.8139      506.6067  5635597    0.75%
  48944 24719      505.7374   388      502.8139      506.6066  5643871    0.75%
  49032 24793      505.8157   338      502.8139      506.6066  5652534    0.75%
  49089 24844      503.9836   374      502.8139      506.6064  5661700    0.75%
  49167 24906      502.8265   306      502.8139      506.6064  5670748    0.75%
  49254 24979      506.2099   404      502.8139      506.6055  5679417    0.75%
  49366 25088      505.7143   380      502.8139      506.6050  5686621    0.75%
  49433 25151      505.8588   368      502.8139      506.6047  5695517    0.75%
  49524 25222      503.0381   338      502.8139      506.6044  5704277    0.75%
Elapsed time = 2437.83 sec. (2471344.94 ticks, tree = 573.40 MB, solutions = 6)
  49604 25287      505.5082   356      502.8139      506.6043  5712490    0.75%
  49654 25327      504.3167   360      502.8139      506.6042  5721064    0.75%
  49734 25392      503.9141   325      502.8139      506.6040  5729464    0.75%
  49825 25465      503.4187   344      502.8139      506.6032  5738190    0.75%
  49904 25528      505.4803   367      502.8139      506.6025  5747479    0.75%
  49949 25571      503.3412   311      502.8139      506.6025  5755721    0.75%
  50038 25644      503.0339   291      502.8139      506.6022  5763990    0.75%
  50124 25712        cutoff            502.8139      506.6016  5772705    0.75%
  50172 25760      503.7623   320      502.8139      506.6012  5781292    0.75%
  50263 25839      505.6509   376      502.8139      506.6011  5790395    0.75%
Elapsed time = 2473.52 sec. (2509866.68 ticks, tree = 581.38 MB, solutions = 6)
  50353 25920      504.0276   272      502.8139      506.6009  5798272    0.75%
  50515 26055      506.2653   406      502.8139      506.6001  5805568    0.75%
  50574 26112      503.1495   338      502.8139      506.6001  5814160    0.75%
  50663 26182      504.7460   345      502.8139      506.5995  5822315    0.75%
  50739 26249      505.0168   368      502.8139      506.5992  5831016    0.75%
  50797 26300      504.3130   332      502.8139      506.5987  5839421    0.75%
  50874 26364      506.3307   389      502.8139      506.5977  5847654    0.75%
  50958 26427      502.8229   295      502.8139      506.5970  5856525    0.75%
  51030 26489      505.8257   354      502.8139      506.5959  5864643    0.75%
  51139 26562      505.6423   397      502.8139      506.5952  5872417    0.75%
Elapsed time = 2509.49 sec. (2548496.59 ticks, tree = 597.95 MB, solutions = 6)
  51233 26644      505.3733   331      502.8139      506.5950  5880997    0.75%
  51319 26715      505.8264   354      502.8139      506.5946  5890020    0.75%
  51372 26762      505.0275   329      502.8139      506.5944  5898436    0.75%
  51475 26837      506.2429   397      502.8139      506.5943  5906479    0.75%
  51571 26919      504.9277   335      502.8139      506.5943  5915273    0.75%
  51714 27055      504.3947   344      502.8139      506.5942  5921506    0.75%
  51788 27113      505.9293   389      502.8139      506.5936  5930987    0.75%
  51866 27185      503.2080   330      502.8139      506.5936  5939816    0.75%
  51955 27256      505.7945   385      502.8139      506.5934  5948954    0.75%
  52024 27316      505.3198   388      502.8139      506.5931  5957298    0.75%
Elapsed time = 2545.42 sec. (2586941.46 ticks, tree = 604.82 MB, solutions = 6)
  52087 27377      502.9678   286      502.8139      506.5931  5965081    0.75%
  52188 27455      503.9264   318      502.8139      506.5928  5972829    0.75%
  52273 27526      503.3441   330      502.8139      506.5928  5981420    0.75%
  52362 27595      506.0266   373      502.8139      506.5920  5990111    0.75%
  52454 27675      506.3020   403      502.8139      506.5913  5999213    0.75%
  52543 27752      506.4113   379      502.8139      506.5911  6008207    0.75%
  52597 27804      503.2762   259      502.8139      506.5911  6017126    0.75%
  52720 27911      503.6941   184      502.8139      506.5910  6024515    0.75%
  52888 28068      504.3055   358      502.8139      506.5907  6032957    0.75%
  52971 28133      505.9199   378      502.8139      506.5904  6041514    0.75%
Elapsed time = 2582.35 sec. (2626379.26 ticks, tree = 624.31 MB, solutions = 6)
  53044 28200      502.9649   254      502.8139      506.5904  6050334    0.75%
  53141 28279      502.9893   336      502.8139      506.5897  6059199    0.75%
  53229 28351      505.2990   372      502.8139      506.5894  6068534    0.75%
  53271 28389      504.7481   352      502.8139      506.5892  6075917    0.75%
  53343 28453      503.9389   346      502.8139      506.5891  6084064    0.75%
  53432 28517      505.6861   402      502.8139      506.5888  6092882    0.75%
  53521 28592      506.3372   412      502.8139      506.5883  6101773    0.75%
  53592 28654      505.6970   392      502.8139      506.5882  6109941    0.75%
  53672 28718      506.2946   406      502.8139      506.5875  6118444    0.75%
  53763 28800      504.5279   339      502.8139      506.5874  6127409    0.75%
Elapsed time = 2618.29 sec. (2664909.37 ticks, tree = 638.62 MB, solutions = 6)
  53810 28839      504.4370   312      502.8139      506.5873  6135297    0.75%
  53906 28928      504.2391   348      502.8139      506.5873  6143382    0.75%
  53991 28997      504.9361   374      502.8139      506.5871  6152456    0.75%
  54081 29067      506.3519   400      502.8139      506.5863  6160514    0.75%
  54142 29128      503.5190   300      502.8139      506.5863  6169584    0.75%
  54235 29206      504.2488   341      502.8139      506.5858  6178977    0.75%
  54328 29276      505.3837   370      502.8139      506.5855  6188201    0.75%
  54384 29326      503.1487   358      502.8139      506.5854  6197041    0.75%
  54454 29379      504.9402   397      502.8139      506.5849  6204822    0.75%
  54554 29459      506.0501   378      502.8139      506.5843  6213874    0.75%
Elapsed time = 2654.42 sec. (2703548.55 ticks, tree = 654.52 MB, solutions = 6)
  54608 29503      505.7749   390      502.8139      506.5840  6222776    0.75%
  54683 29562      505.1054   366      502.8139      506.5836  6231007    0.75%
  54772 29632      506.5267   403      502.8139      506.5829  6238997    0.75%
  54859 29705      505.1420   348      502.8139      506.5829  6246935    0.75%
  55037 29876      506.0799   377      502.8139      506.5828  6253265    0.75%
  55098 29930      506.3364   392      502.8139      506.5828  6262529    0.75%
  55186 30005      506.2864   407      502.8139      506.5827  6271383    0.75%
  55262 30066      503.6567   362      502.8139      506.5824  6279038    0.75%
  55313 30103      505.9051   386      502.8139      506.5821  6287310    0.75%
  55386 30162      505.9236   362      502.8139      506.5820  6295521    0.75%
Elapsed time = 2690.55 sec. (2742121.01 ticks, tree = 662.73 MB, solutions = 6)
  55483 30240      506.5263   399      502.8139      506.5819  6304468    0.75%
  55564 30304      506.3329   379      502.8139      506.5818  6313833    0.75%
  55633 30373      503.6815   294      502.8139      506.5818  6322645    0.75%
  55731 30446      505.7162   358      502.8139      506.5809  6330731    0.75%
  55821 30512      506.1778   372      502.8139      506.5805  6339473    0.75%
  55883 30564      504.6945   307      502.8139      506.5802  6348237    0.75%
  55981 30648      504.3155   334      502.8139      506.5797  6356906    0.75%
  56060 30723      504.3044   262      502.8139      506.5796  6364163    0.75%
  56228 30880      502.8202   326      502.8139      506.5795  6371610    0.75%
  56289 30932      503.0770   298      502.8139      506.5792  6380301    0.75%
Elapsed time = 2727.04 sec. (2780507.27 ticks, tree = 675.55 MB, solutions = 6)
  56375 31002      504.5326   345      502.8139      506.5783  6388775    0.75%
  56468 31073      505.6942   368      502.8139      506.5782  6396758    0.75%
  56539 31134      504.3228   326      502.8139      506.5777  6405383    0.75%
  56607 31188      505.2545   383      502.8139      506.5775  6414458    0.75%
  56700 31263      502.8456   358      502.8139      506.5773  6423252    0.75%
  56752 31303      504.7097   398      502.8139      506.5770  6431863    0.75%
  56818 31356      505.4749   358      502.8139      506.5767  6440186    0.75%
  56879 31407      506.1808   398      502.8139      506.5766  6447494    0.75%
  56954 31471      505.9324   386      502.8139      506.5763  6456330    0.75%
  57011 31528      504.2390   344      502.8139      506.5763  6465700    0.75%
Elapsed time = 2765.28 sec. (2819057.28 ticks, tree = 689.31 MB, solutions = 6)
  57095 31593      505.9357   386      502.8139      506.5759  6473956    0.75%
  57233 31721      506.2526   401      502.8139      506.5759  6480812    0.75%
  57324 31797      504.0616   345      502.8139      506.5759  6488090    0.75%
  57380 31836      505.0070   356      502.8139      506.5754  6497565    0.75%
  57469 31905      505.8064   394      502.8139      506.5748  6505931    0.75%
  57570 31986      502.8192   298      502.8139      506.5747  6514412    0.75%
  57643 32045      505.8843   390      502.8139      506.5739  6523414    0.75%
  57703 32095      505.1963   379      502.8139      506.5739  6532066    0.75%
  57763 32140      505.4316   362      502.8139      506.5736  6539996    0.75%
  57855 32201      506.0010   404      502.8139      506.5732  6548405    0.75%
Elapsed time = 2803.49 sec. (2857561.50 ticks, tree = 703.20 MB, solutions = 6)
  57928 32263      505.4707   392      502.8139      506.5726  6557058    0.75%
  57964 32299      505.2392   362      502.8139      506.5726  6565642    0.75%
  58046 32367      506.2423   400      502.8139      506.5723  6573323    0.75%
  58113 32430      503.0914   329      502.8139      506.5722  6580979    0.75%
  58196 32494      504.8938   356      502.8139      506.5718  6589637    0.75%
  58274 32558      504.6560   332      502.8139      506.5717  6597752    0.75%
  58359 32634      504.8700   324      502.8139      506.5715  6605481    0.75%
  58530 32791      504.9790   362      502.8139      506.5715  6611712    0.75%
  58624 32865      504.7734   381      502.8139      506.5712  6620450    0.75%
  58703 32927      502.8688   350      502.8139      506.5711  6628922    0.75%
Elapsed time = 2841.39 sec. (2896132.28 ticks, tree = 725.34 MB, solutions = 6)
  58799 32998      505.2742   362      502.8139      506.5707  6637119    0.75%
  58873 33060      506.0726   384      502.8139      506.5703  6644980    0.75%
  58933 33114      504.9868   364      502.8139      506.5703  6654438    0.75%
  59014 33180      505.9133   370      502.8139      506.5697  6662621    0.75%
  59108 33252      505.4367   361      502.8139      506.5695  6670709    0.75%
  59193 33309      502.8648   293      502.8139      506.5693  6679157    0.75%
  59237 33349      504.5567   324      502.8139      506.5692  6688142    0.75%
  59331 33424      503.0944   289      502.8139      506.5686  6696097    0.75%
  59413 33494      504.8642   376      502.8139      506.5680  6704375    0.75%
  59504 33567      506.3086   408      502.8139      506.5677  6712577    0.75%
Elapsed time = 2879.54 sec. (2934723.53 ticks, tree = 740.32 MB, solutions = 6)
  59575 33638      503.4534   279      502.8139      506.5677  6720749    0.75%
  59662 33703      505.9886   362      502.8139      506.5673  6728010    0.75%
  59737 33759      506.3080   385      502.8139      506.5672  6736767    0.75%
  59814 33825      504.7948   346      502.8139      506.5666  6745615    0.75%
  59894 33887      505.6898   412      502.8139      506.5664  6754303    0.75%
  59979 33962      506.1409   396      502.8139      506.5656  6762728    0.75%
  60039 34004      505.1703   368      502.8139      506.5656  6770990    0.75%
  60107 34061      505.1867   377      502.8139      506.5654  6778624    0.75%
  60204 34137      502.9185   333      502.8139      506.5651  6786878    0.75%
  60290 34204      504.6429   342      502.8139      506.5649  6794698    0.75%
Elapsed time = 2915.78 sec. (2973213.94 ticks, tree = 753.73 MB, solutions = 6)
  60338 34246      504.3127   380      502.8139      506.5649  6802732    0.75%
  60426 34302      505.5071   363      502.8139      506.5644  6810832    0.75%
  60500 34356      506.1580   406      502.8139      506.5643  6819498    0.75%
  60571 34422      504.2887   319      502.8139      506.5643  6827423    0.75%
  60654 34496      504.6181   372      502.8139      506.5643  6835134    0.75%
  60742 34569      505.1699   356      502.8139      506.5640  6843178    0.75%
  60814 34630      505.9099   406      502.8139      506.5635  6851757    0.75%
  60863 34673      505.8661   400      502.8139      506.5632  6858249    0.75%
  60934 34738      505.3942   357      502.8139      506.5632  6866172    0.75%
  61018 34813      505.8595   378      502.8139      506.5626  6874446    0.75%
Elapsed time = 2951.50 sec. (3011548.91 ticks, tree = 765.76 MB, solutions = 6)
  61097 34872      506.3650   384      502.8139      506.5625  6883447    0.75%
  61168 34939      505.4205   366      502.8139      506.5623  6891845    0.75%
  61254 35007      504.9442   365      502.8139      506.5620  6900135    0.75%
  61342 35077        cutoff            502.8139      506.5619  6908430    0.75%
  61396 35129      504.4296   335      502.8139      506.5618  6917892    0.75%
  61491 35197      506.1906   404      502.8139      506.5617  6925823    0.75%
  61569 35269      504.4711   323      502.8139      506.5616  6934322    0.75%
  61674 35370      504.6517   342      502.8139      506.5616  6940462    0.75%
  61734 35425      502.8852   348      502.8139      506.5615  6949251    0.75%
  61824 35494      502.8799   334      502.8139      506.5614  6957648    0.75%
Elapsed time = 3001.38 sec. (3050488.75 ticks, tree = 781.53 MB, solutions = 6)
  61907 35557      504.7809   324      502.8139      506.5613  6966423    0.75%
  61969 35611      503.1202   301      502.8139      506.5613  6975342    0.75%
  62061 35682      505.6007   384      502.8139      506.5613  6984261    0.75%
  62145 35749      502.8835   330      502.8139      506.5613  6993192    0.75%
  62212 35802      506.0770   374      502.8139      506.5610  7001635    0.75%
  62257 35846      503.0287   294      502.8139      506.5610  7009449    0.75%
  62373 35922      505.3592   368      502.8139      506.5605  7017297    0.75%
  62458 35994      505.4152   368      502.8139      506.5603  7025194    0.75%
  62516 36041      504.4354   374      502.8139      506.5602  7034256    0.75%
  62599 36112      504.8509   358      502.8139      506.5600  7043071    0.75%
Elapsed time = 3038.16 sec. (3089071.89 ticks, tree = 793.85 MB, solutions = 6)
  62690 36190      503.6938   272      502.8139      506.5600  7050540    0.75%
  62834 36320      505.9983   414      502.8139      506.5597  7057436    0.74%
  62894 36367      504.5797   352      502.8139      506.5597  7065673    0.74%
  62968 36430      505.9435   396      502.8139      506.5595  7074066    0.74%
  63050 36497      503.1353   324      502.8139      506.5590  7082404    0.74%
  63133 36550      504.7743   368      502.8139      506.5588  7090517    0.74%
  63184 36588      505.5908   410      502.8139      506.5587  7099905    0.74%
  63242 36646      503.2802   277      502.8139      506.5587  7108524    0.74%
  63350 36723      505.4232   372      502.8139      506.5580  7117267    0.74%
  63438 36791      504.6671   365      502.8139      506.5578  7126032    0.74%
Elapsed time = 3075.42 sec. (3127505.83 ticks, tree = 807.89 MB, solutions = 6)
  63499 36845      505.0584   313      502.8139      506.5575  7134870    0.74%
  63592 36916      505.2505   363      502.8139      506.5575  7142931    0.74%
  63657 36969      504.3153   341      502.8139      506.5574  7149878    0.74%
  63746 37032      505.3824   369      502.8139      506.5570  7158669    0.74%
  63797 37079      504.8338   357      502.8139      506.5569  7167766    0.74%
  63878 37156      504.0293   276      502.8139      506.5566  7175654    0.74%
  64054 37319      503.1888   304      502.8139      506.5564  7182252    0.74%
  64136 37382      506.5326   400      502.8139      506.5562  7190754    0.74%
  64193 37439      502.9524   302      502.8139      506.5562  7199205    0.74%
  64283 37498      504.9719   362      502.8139      506.5561  7207107    0.74%
Elapsed time = 3113.35 sec. (3165987.10 ticks, tree = 824.38 MB, solutions = 6)
  64383 37577      505.6386   416      502.8139      506.5559  7215509    0.74%
  64456 37635      505.2656   367      502.8139      506.5558  7224401    0.74%
  64544 37706      503.0919   345      502.8139      506.5557  7232480    0.74%
  64614 37756      505.5524   394      502.8139      506.5553  7242168    0.74%
  64691 37819      505.8485   393      502.8139      506.5550  7251162    0.74%
  64763 37881      505.5057   375      502.8139      506.5550  7259587    0.74%
  64856 37958      505.8724   400      502.8139      506.5550  7268494    0.74%
  64941 38023      504.7600   376      502.8139      506.5547  7276554    0.74%
  64994 38071      505.1311   382      502.8139      506.5546  7285728    0.74%
  65076 38137      502.8318   238      502.8139      506.5546  7293376    0.74%
Elapsed time = 3151.26 sec. (3204570.38 ticks, tree = 838.64 MB, solutions = 6)
  65170 38210      506.2512   407      502.8139      506.5545  7302094    0.74%
  65254 38278      503.3198   348      502.8139      506.5544  7310633    0.74%
  65303 38321      503.6409   328      502.8139      506.5535  7319778    0.74%
  65383 38387      504.5055   380      502.8139      506.5533  7328216    0.74%
  65464 38457      503.6507   362      502.8139      506.5532  7337391    0.74%
  65506 38490      505.0479   347      502.8139      506.5532  7345421    0.74%
  65597 38560      505.2322   346      502.8139      506.5532  7353291    0.74%
  65678 38623      502.9941   312      502.8139      506.5529  7361525    0.74%
  65768 38694      505.0486   338      502.8139      506.5528  7370086    0.74%
  65812 38734      504.7259   358      502.8139      506.5524  7379283    0.74%
Elapsed time = 3188.80 sec. (3243126.52 ticks, tree = 846.79 MB, solutions = 6)
  65884 38792      503.9973   320      502.8139      506.5522  7387139    0.74%
  65974 38864      504.7517   355      502.8139      506.5520  7396276    0.74%
  66054 38934      503.7399   274      502.8139      506.5519  7403862    0.74%
  66160 39030      505.6273   361      502.8139      506.5518  7410955    0.74%
  66218 39074        cutoff            502.8139      506.5518  7418877    0.74%
  66306 39144      504.3825   352      502.8139      506.5516  7427702    0.74%
  66384 39204      505.1772   360      502.8139      506.5515  7435939    0.74%
  66441 39257      504.6522   344      502.8139      506.5515  7444422    0.74%
  66523 39317      506.0459   371      502.8139      506.5509  7452928    0.74%
  66614 39383      506.1871   405      502.8139      506.5502  7461155    0.74%
Elapsed time = 3227.05 sec. (3281906.85 ticks, tree = 864.31 MB, solutions = 6)
  66684 39439      504.2901   338      502.8139      506.5500  7470333    0.74%
  66764 39497      505.2278   370      502.8139      506.5500  7477726    0.74%
  66847 39555      502.9881   310      502.8139      506.5498  7486554    0.74%
  66923 39611      505.0160   342      502.8139      506.5496  7495039    0.74%
Starting limited solution polishing.
  66978 39660      504.0297   324      502.8139      506.5493  7503381    0.74%
  67057 39715      506.2667   407      502.8139      506.5492  7511880    0.74%
  67136 39786      504.8681   350      502.8139      506.5491  7519905    0.74%
  67299 39943      504.3111   327      502.8139      506.5487  7526106    0.74%
  67363 40000      503.0965   320      502.8139      506.5487  7534097    0.74%
  67449 40063      505.0890   375      502.8139      506.5481  7542933    0.74%
Elapsed time = 3265.18 sec. (3320392.90 ticks, tree = 878.74 MB, solutions = 6)
  67509 40115      503.9713   362      502.8139      506.5481  7551167    0.74%
  67582 40174      502.9496   296      502.8139      506.5481  7558421    0.74%
  67652 40229      503.0001   282      502.8139      506.5480  7567106    0.74%
  67741 40302      503.2354   309      502.8139      506.5478  7575537    0.74%
  67818 40363      505.1704   359      502.8139      506.5476  7582556    0.74%
  67861 40401      505.7513   385      502.8139      506.5474  7590323    0.74%
  67941 40472      505.4416   386      502.8139      506.5472  7598715    0.74%
  68007 40524      503.1142   308      502.8139      506.5470  7605081    0.74%
  68069 40569      502.9054   326      502.8139      506.5468  7610781    0.74%
  68134 40620      505.4398   380      502.8139      506.5464  7619920    0.74%
Elapsed time = 3303.56 sec. (3358942.53 ticks, tree = 886.86 MB, solutions = 6)
  68194 40667      505.6644   388      502.8139      506.5463  7625778    0.74%
  68254 40719      505.7957   383      502.8139      506.5461  7631100    0.74%
  68394 40859      503.5649   135      502.8139      506.5461  7635947    0.74%
  68476 40929      505.8706   413      502.8139      506.5455  7641712    0.74%
  68530 40977      505.2524   378      502.8139      506.5451  7649642    0.74%
  68586 41033      503.5689   305      502.8139      506.5451  7657281    0.74%
  68699 41092      502.8223   310      502.8139      506.5450  7664605    0.74%
  68769 41146      503.8184   346      502.8139      506.5449  7671446    0.74%
  68845 41202      505.8308   394      502.8139      506.5447  7680168    0.74%
  68881 41238      505.6575   367      502.8139      506.5447  7686624    0.74%
Elapsed time = 3342.81 sec. (3397907.56 ticks, tree = 900.60 MB, solutions = 6)
  68954 41304      504.1138   368      502.8139      506.5447  7695263    0.74%
  69048 41378      504.2010   350      502.8139      506.5446  7704219    0.74%
  69097 41415      502.9964   355      502.8139      506.5446  7710572    0.74%
  69154 41466      504.2864   352      502.8139      506.5444  7718169    0.74%
  69254 41533      502.8218   236      502.8139      506.5444  7723991    0.74%
  69334 41598      502.9113   318      502.8139      506.5439  7732646    0.74%
  69403 41642      506.2450   426      502.8139      506.5437  7739202    0.74%
  69472 41701      505.1244   353      502.8139      506.5436  7748022    0.74%
  69554 41763      505.2584   393      502.8139      506.5431  7755827    0.74%
  69640 41837      502.9915   321      502.8139      506.5431  7764188    0.74%
Elapsed time = 3383.48 sec. (3438666.41 ticks, tree = 911.41 MB, solutions = 6)
  69696 41884        cutoff            502.8139      506.5429  7770717    0.74%
  69754 41932      505.1259   373      502.8139      506.5427  7777969    0.74%
  69826 41992      506.3131   380      502.8139      506.5427  7786078    0.74%
  69886 42044      503.2583   343      502.8139      506.5424  7793918    0.74%
  69955 42093      505.4257   376      502.8139      506.5422  7800024    0.74%
  70016 42146      504.6884   347      502.8139      506.5422  7809522    0.74%
  70112 42213      502.8269   311      502.8139      506.5421  7817127    0.74%
  70189 42279      505.4056   398      502.8139      506.5418  7823877    0.74%
  70265 42341      504.8439   362      502.8139      506.5416  7833042    0.74%
  70344 42401      506.1236   396      502.8139      506.5413  7840927    0.74%
Elapsed time = 3422.27 sec. (3477639.94 ticks, tree = 922.57 MB, solutions = 6)
  70395 42446      504.7024   362      502.8139      506.5413  7846810    0.74%
  70454 42496      503.3329   340      502.8139      506.5411  7853565    0.74%
  70524 42552      504.9534   344      502.8139      506.5408  7862554    0.74%
  70590 42618      503.2195   228      502.8139      506.5408  7866952    0.74%
  70703 42704      505.8577   385      502.8139      506.5407  7874180    0.74%
  70765 42758      503.2562   338      502.8139      506.5407  7881565    0.74%
  70849 42824      505.3807   357      502.8139      506.5405  7889814    0.74%
  70909 42864      505.0480   349      502.8139      506.5404  7894696    0.74%
  70961 42910      504.3895   343      502.8139      506.5403  7901016    0.74%
  71054 42978      505.1537   366      502.8139      506.5402  7908803    0.74%
Elapsed time = 3462.21 sec. (3517605.10 ticks, tree = 937.09 MB, solutions = 6)
  71113 43033      504.0193   345      502.8139      506.5400  7917383    0.74%
  71170 43084      503.0156   336      502.8139      506.5400  7923544    0.74%
  71251 43151      504.9483   382      502.8139      506.5397  7932113    0.74%
  71298 43189      506.1326   358      502.8139      506.5397  7936478    0.74%
  71354 43230      504.6757   362      502.8139      506.5395  7943676    0.74%
  71445 43305      504.4902   346      502.8139      506.5392  7951823    0.74%
  71521 43366      506.1290   391      502.8139      506.5387  7960414    0.74%
  71584 43429      503.6740   271      502.8139      506.5387  7965248    0.74%
  71675 43512      506.3485   391      502.8139      506.5387  7971681    0.74%
  71724 43561      505.2323   348      502.8139      506.5387  7980331    0.74%
Elapsed time = 3499.96 sec. (3556455.13 ticks, tree = 947.46 MB, solutions = 6)
  71791 43610      506.0206   368      502.8139      506.5384  7986440    0.74%
  71854 43664      505.9030   372      502.8139      506.5383  7992919    0.74%
  71947 43743      502.8934   268      502.8139      506.5382  8001551    0.74%
  72002 43786      505.2075   372      502.8139      506.5380  8007916    0.74%
  72082 43851      503.2870   339      502.8139      506.5379  8016467    0.74%
  72154 43910      505.4389   356      502.8139      506.5379  8023905    0.74%
  72234 43980      503.9321   332      502.8139      506.5377  8032329    0.74%
  72282 44016      505.5078   366      502.8139      506.5376  8040720    0.74%
  72333 44065      503.2237   288      502.8139      506.5376  8048639    0.74%
  72430 44131      504.1200   378      502.8139      506.5375  8056751    0.74%
Elapsed time = 3538.16 sec. (3595058.57 ticks, tree = 959.94 MB, solutions = 6)
  72491 44183      506.4950   436      502.8139      506.5372  8062686    0.74%
  72554 44232      506.1673   386      502.8139      506.5372  8069245    0.74%
  72620 44291      503.1907   283      502.8139      506.5372  8077231    0.74%
  72688 44346      506.1145   377      502.8139      506.5367  8083547    0.74%
  72754 44397      504.4948   357      502.8139      506.5366  8091267    0.74%
  72854 44489      504.5704   343      502.8139      506.5364  8098837    0.74%
  72911 44535      504.2115   342      502.8139      506.5363  8107591    0.74%
  72957 44578      505.2616   380      502.8139      506.5363  8113390    0.74%
  73039 44628      506.3617   386      502.8139      506.5360  8122249    0.74%
  73095 44670      505.0630   380      502.8139      506.5357  8129566    0.74%
Elapsed time = 3579.03 sec. (3636028.78 ticks, tree = 966.67 MB, solutions = 6)
  73154 44723      504.0506   310      502.8139      506.5356  8138079    0.74%
  73240 44789      505.3727   376      502.8139      506.5355  8146873    0.74%
  73302 44835      504.4894   349      502.8139      506.5353  8153759    0.74%
  73368 44887      503.7141   338      502.8139      506.5352  8160564    0.74%
  73424 44930      504.4641   337      502.8139      506.5350  8169320    0.74%
Advanced basis not built.

Flow cuts applied:  74
Mixed integer rounding cuts applied:  145
Lift and project cuts applied:  1
Gomory fractional cuts applied:  3
User cuts applied:  1704

Root node processing (before b&c):
  Real time             =    6.26 sec. (6249.18 ticks)
Sequential b&c:
  Real time             = 3593.74 sec. (3651265.57 ticks)
                          ------------
Total (root+branch&cut) = 3600.00 sec. (3657514.75 ticks)
|V|                                     600
K                                       60
theta                                   0.20
r                                       5
R                                       20
prob_func                               linear
#C1                                     1716
#CP                                     33584

@Parameters: 
am_callback_heuristic                   false
am_local_search                         true
am_start_heuristic                      false
colocation                              true
comp                                    false
cutC                                    true
cutC_init                               false
cutF                                    false
cutF_init                               false
cutF_stable                             false
cutF_wrong                              false
cutLocal                                false
cutM                                    true
cutM_init                               true
cutM_stable                             false
cutP                                    true
cutP_init                               false
cutP_stable                             false
init                                    true
init_cutF_zero                          false
init_val_greedy                         true
is_Euclidean                            false
is_local_search                         false
is_right_cutP                           true
is_root                                 false
is_silent                               false
is_start                                false
mycut                                   false
pmed                                    false
pre                                     true
stable_root                             false
str                                     false
two_phase                               false
ubstr                                   false
mode                                    Int

am_callback_node_space                  50
init                                    0
mixture_seed                            1
node_space                              5
nodelimit                               -1
nsepa                                   1
strF                                    0
type_delta                              0

EPS                                     0.001000
EPS_FRAC                                0.00
gap                                     0.00
mixture_high_max                        0.99
mixture_high_min                        0.90
mixture_low_max                         0.01
mixture_low_min                         0.00
mixture_low_share                       0.80
timelimit                               3600.00

Number of Closed Sites: 7 / 420 
Number of Confined Sites-1: 6 / 354 
Number of Confined Sites-k: 587 / 4603 
Preprocess Time: 1.47 + 0.00 sec

Solve Time: 3600.00
Number of Nodes: 73440
Termination Status: TIME_LIMIT

CutInfo: [phase] num / time (sec) / aver. num_nonzero
max              [LP]     0 / 0.00 / 0.00 [init]   397 / 0.01 / 4.11 [rLC]   395 / 0.02 / 12.22 [rUC]  1636 / 0.15 / 7.85 [sLC]   241 / 0.12 / 11.21 [sUC]  1729 / 1.74 / 8.65 
prod_oa          [LP]     0 / 0.00 / 0.00 [init]   352 / 0.01 / 35.57 [rLC]   660 / 0.02 / 49.56 [rUC]   451 / 0.25 / 36.27 [sLC]  1794 / 0.13 / 44.07 [sUC]   981 / 3.12 / 33.59 
prod_sm_fixed    [LP]     0 / 0.00 / 0.00 [init]     0 / 0.00 / 0.00 [rLC]     0 / 0.00 / 0.00 [rUC]     0 / 0.00 / 0.00 [sLC]     0 / 0.00 / 0.00 [sUC]     0 / 0.00 / 0.00 
prod_bin         [LP]     0 / 0.00 / 0.00 [init]     0 / 0.00 / 0.00 [rLC]     0 / 0.00 / 0.00 [rUC]     0 / 0.00 / 0.00 [sLC]     0 / 0.00 / 0.00 [sUC]     0 / 0.00 / 0.00 
prod_local       [LP]     0 / 0.00 / 0.00 [init]     0 / 0.00 / 0.00 [rLC]     0 / 0.00 / 0.00 [rUC]     0 / 0.00 / 0.00 [sLC]     0 / 0.00 / 0.00 [sUC]     0 / 0.00 / 0.00 
prod_sm_C        [LP]     0 / 0.00 / 0.00 [init]     0 / 0.00 / 0.00 [rLC]     0 / 0.00 / 0.00 [rUC]     0 / 0.00 / 0.00 [sLC]     0 / 0.00 / 0.00 [sUC]     0 / 0.00 / 0.00 
facet            [LP]     0 / 0.00 / 0.00 [init]     0 / 0.00 / 0.00 [rLC]     0 / 0.00 / 0.00 [rUC]     0 / 0.00 / 0.00 [sLC]     0 / 0.00 / 0.00 [sUC]     0 / 0.00 / 0.00 
Separation Round:   [LP] 0  [init] 1  [rLC] 3  [rUC] 30  [sLC] 21  [sUC] 137765  
Root Best Bound 510.938631
Root Best Integer: 499.878720
Best Bound: 506.535036
Best Integer: 502.813932
1: 1, 29, 44, 54, 58, 75, 90, 97, 103, 105, 108, 110, 117, 123, 125, 130, 136, 148, 154, 164, 170, 187, 200, 209, 212, 218, 235, 240, 246, 262, 265, 270, 277, 295, 320, 324, 332, 339, 356, 374, 379, 396, 397, 426, 470, 488, 496, 500, 503, 535, 540, 548, 560, 565, 569, 570, 578, 595
2: 11
Objective Value (calc): 502.771308
sum_etaM = 453.333333 / 453.333333
sum_etaP = 515.184082 / 515.130802
nL: 59
nCL: 1
mCL: 2
