Version identifier: 20.1.0.0 | 2020-11-10 | 9bedb6d68
CPXPARAM_Threads                                 1
CPXPARAM_TimeLimit                               3600
CPXPARAM_MIP_Tolerances_MIPGap                   0
Generic callback                                 0x60
1 of 1 MIP starts provided solutions.
MIP start 'm1' defined initial solution with objective 450.4849.
Tried aggregator 2 times.
MIP Presolve eliminated 13 rows and 10 columns.
Aggregator did 3 substitutions.
Reduced MIP has 2972 rows, 3187 columns, and 86392 nonzeros.
Reduced MIP has 795 binaries, 792 generals, 0 SOSs, and 0 indicators.
Presolve time = 0.04 sec. (28.08 ticks)
Probing time = 0.00 sec. (3.70 ticks)
Tried aggregator 1 time.
Reduced MIP has 2972 rows, 3187 columns, and 86392 nonzeros.
Reduced MIP has 795 binaries, 792 generals, 0 SOSs, and 0 indicators.
Presolve time = 0.02 sec. (16.37 ticks)
Probing time = 0.00 sec. (3.70 ticks)
MIP emphasis: balance optimality and feasibility.
MIP search method: dynamic search.
Parallel mode: none, using 1 thread.
Root relaxation solution time = 0.72 sec. (853.08 ticks)

        Nodes                                         Cuts/
   Node  Left     Objective  IInf  Best Integer    Best Bound    ItCnt     Gap

*     0+    0                          450.4849      800.0000            77.59%
      0     0      520.2482    36      450.4849      520.2482     4653   15.49%
      0     0      466.3956    78      450.4849     Cuts: 723     5601    3.53%
      0     0      464.7073    86      450.4849     Cuts: 330     6040    3.16%
      0     0      464.0151    82      450.4849     Cuts: 169     6296    3.00%
      0     0      463.7491    88      450.4849     Cuts: 140     6451    2.94%
      0     0      463.6799    90      450.4849      Cuts: 84     6551    2.93%
      0     0      463.6058    96      450.4849      Cuts: 83     6651    2.91%
      0     0      463.5714    96      450.4849      Cuts: 78     6743    2.90%
      0     0      463.5318    96      450.4849      Cuts: 47     6824    2.90%
      0     0      463.5192   102      450.4849      Cuts: 35     6865    2.89%
      0     0      463.4979    98      450.4849      Cuts: 23     6904    2.89%
      0     0      463.4955    98      450.4849 UserPurge2: 31     6929    2.89%
      0     0      463.4950   102      450.4849 UserPurge2: 1     6938    2.89%
      0     0      463.4932    92      450.4849 UserPurge2: 10     6959    2.89%
      0     0      463.4755   102      450.4849 UserPurge2: 20     7018    2.88%
      0     0      463.4670   100      450.4849 UserPurge2: 32     7062    2.88%
      0     0      463.4660   104      450.4849 UserPurge2: 22     7075    2.88%
      0     0      463.4648   102      450.4849 UserPurge2: 9     7088    2.88%
      0     0      463.4640   104      450.4849 UserPurge2: 17     7102    2.88%
      0     0      463.4631   104      450.4849 UserPurge2: 9     7113    2.88%
      0     0      463.4422   108      450.4849 UserPurge2: 22     7179    2.88%
      0     0      463.4250   106      450.4849 UserPurge2: 54     7238    2.87%
      0     0      463.4245   104      450.4849 UserPurge2: 10     7255    2.87%
      0     0      463.4237   102      450.4849 UserPurge2: 6     7267    2.87%
      0     0      463.4223   102      450.4849 UserPurge2: 6     7284    2.87%
      0     0      463.4216   104      450.4849 UserPurge2: 11     7298    2.87%
      0     0      463.4214   100      450.4849 UserPurge2: 5     7307    2.87%
      0     0      463.4207   104      450.4849 UserPurge2: 10     7317    2.87%
      0     0      463.4205   104      450.4849 UserPurge2: 2     7321    2.87%
      0     0      463.4204   106      450.4849 UserPurge2: 1     7324    2.87%
*     0+    0                          451.4858      463.4204             2.64%
      0     2      461.9652    80      451.4858      461.9652     7324    2.32%
Elapsed time = 9.62 sec. (8299.24 ticks, tree = 0.01 MB, solutions = 2)
      2     4      461.3360    72      451.4858      461.9649     8107    2.32%
      3     5      461.4437    72      451.4858      461.9649     8676    2.32%
      4     6      460.9244    74      451.4858      461.9649     9177    2.32%
      5     7      460.0424    70      451.4858      461.9649    11878    2.32%
      6     8      460.2132    78      451.4858      461.9649    13299    2.32%
      7     9      458.9769    78      451.4858      461.9649    14974    2.32%
      8    10      459.2247    82      451.4858      461.9649    16178    2.32%
      9    11      459.3518    78      451.4858      461.9649    17065    2.32%
     10    12      458.2037    86      451.4858      461.9649    18966    2.32%
     14    16      455.6118    60      451.4858      461.9649    21628    2.32%
Elapsed time = 15.14 sec. (14428.36 ticks, tree = 0.13 MB, solutions = 2)
     18    20      453.2269    38      451.4858      461.9649    24786    2.32%
     24    22        cutoff            451.4858      461.9649    26648    2.32%
     26    24      461.0221    90      451.4858      461.3880    28798    2.19%
     30    28      459.6242    80      451.4858      461.3880    31053    2.19%
     33    31      458.7178    70      451.4858      461.3880    33195    2.19%
     38    36      456.2717    36      451.4858      461.3880    35794    2.19%
*    40+   35                          452.2241      461.3880             2.03%
     41    38      454.6860    30      452.2241      461.3880    37035    2.03%
     48    43      453.0953    24      452.2241      461.3880    39623    2.03%
     66    44      459.5536    86      452.2241      461.3358    43205    2.01%
     69    47      458.5105    76      452.2241      461.3358    45296    2.01%
Elapsed time = 28.69 sec. (29834.65 ticks, tree = 0.57 MB, solutions = 3)
     72    50      457.3246    72      452.2241      461.3358    47331    2.01%
     75    53      455.6610    76      452.2241      461.3358    50447    2.01%
     77    55      454.0426    80      452.2241      461.3358    53443    2.01%
     79    57      453.3198    82      452.2241      461.3358    55410    2.01%
     81    57      452.8515    82      452.2241      461.3358    57545    2.01%
     85    57      460.9223    80      452.2241      461.3358    59715    2.01%
     87    59      459.8068    80      452.2241      461.3358    60640    2.01%
     90    62      458.8124    80      452.2241      461.3358    62780    2.01%
     93    65      457.0564    70      452.2241      461.3358    64779    2.01%
     96    68      455.2613    62      452.2241      461.3358    66723    2.01%
Elapsed time = 38.63 sec. (41955.27 ticks, tree = 0.73 MB, solutions = 3)
    101    73      453.3875    74      452.2241      461.3358    69037    2.01%
    105    73      459.6592    62      452.2241      461.0220    71827    1.95%
    109    77      458.0098    64      452.2241      461.0220    73818    1.95%
    110    78      456.9549    64      452.2241      461.0220    74941    1.95%
    114    82      455.1173    64      452.2241      461.0220    77162    1.95%
    118    84        cutoff            452.2241      461.0220    79302    1.95%
    123    85      458.1942    84      452.2241      460.9217    81333    1.92%
    125    87      457.0826    72      452.2241      460.9217    83560    1.92%
    127    89      455.6141    62      452.2241      460.9217    85866    1.92%
    130    92      452.9530    46      452.2241      460.9217    87769    1.92%
Elapsed time = 49.42 sec. (53985.37 ticks, tree = 0.92 MB, solutions = 3)
    138    94      459.8437    62      452.2241      460.2936    89924    1.78%
    142    98      458.3637    64      452.2241      460.2936    91623    1.78%
    146   102      455.9514    66      452.2241      460.2936    93560    1.78%
    150   106      454.0402    56      452.2241      460.2936    95242    1.78%
    156   108      458.6131    76      452.2241      460.1911    97592    1.76%
    159   111      456.9669    66      452.2241      460.1911    99514    1.76%
    163   115      454.9726    58      452.2241      460.1911   100864    1.76%
    168   120      452.3554    60      452.2241      460.1911   102721    1.76%
    175   123      458.1638    76      452.2241      460.1911   105121    1.76%
    179   127      456.0861    68      452.2241      460.1911   107584    1.76%
Elapsed time = 59.81 sec. (64765.23 ticks, tree = 1.85 MB, solutions = 3)
    180   128      455.5938    68      452.2241      460.1911   108493    1.76%
    185   133      453.3832    54      452.2241      460.1911   111699    1.76%
    192   134      459.3445    86      452.2241      460.0421   114064    1.73%
    195   137      457.0696    86      452.2241      460.0421   117108    1.73%
    198   140      454.8260    82      452.2241      460.0421   118959    1.73%
    200   142      454.1846    80      452.2241      460.0421   120582    1.73%
    203   145      452.6229    80      452.2241      460.0421   122829    1.73%
    207   145      458.5277    64      452.2241      460.0417   124757    1.73%
    210   148      456.7527    46      452.2241      460.0417   126915    1.73%
    214   152      455.5735    48      452.2241      460.0417   129313    1.73%
Elapsed time = 73.13 sec. (80489.50 ticks, tree = 2.04 MB, solutions = 3)
    219   155        cutoff            452.2241      460.0417   131424    1.73%
    222   156      457.5594    54      452.2241      459.8345   133217    1.68%
    226   160      455.4201    56      452.2241      459.8345   135376    1.68%
    231   165      452.5988    32      452.2241      459.8345   137423    1.68%
    236   166      456.7092    54      452.2241      459.8053   139220    1.68%
    240   170      454.5782    46      452.2241      459.8053   140905    1.68%
    245   175      452.3880    50      452.2241      459.8053   142945    1.68%
    250   176      457.0255    74      452.2241      459.6543   145004    1.64%
    255   181      454.2131    66      452.2241      459.6543   147476    1.64%
    258   184      452.8114    62      452.2241      459.6543   150023    1.64%
Elapsed time = 83.76 sec. (91378.22 ticks, tree = 2.16 MB, solutions = 3)
    262   184      458.0883    52      452.2241      459.6236   151991    1.64%
    266   188      455.8035    60      452.2241      459.6236   154266    1.64%
    270   192      453.8853    36      452.2241      459.6236   156452    1.64%
    277   195      458.6996    88      452.2241      459.6222   158741    1.64%
    280   198      456.2615    82      452.2241      459.6222   160885    1.64%
    282   200      454.7428    62      452.2241      459.6222   163117    1.64%
    286   202        cutoff            452.2241      459.6222   164871    1.64%
    291   201      458.9565    84      452.2241      459.5739   166539    1.63%
    295   205      457.3661    74      452.2241      459.5739   168329    1.63%
    298   208      455.6354    76      452.2241      459.5739   170241    1.63%
Elapsed time = 94.32 sec. (103513.70 ticks, tree = 2.49 MB, solutions = 3)
    300   210      455.1054    80      452.2241      459.5739   171295    1.63%
    303   213      453.9684    78      452.2241      459.5739   173477    1.63%
    306   216      452.2676    70      452.2241      459.5739   175889    1.63%
    311   217      456.4940    54      452.2241      459.5519   177080    1.62%
    317   223      453.4343    46      452.2241      459.5519   178786    1.62%
    322   224      458.5950    84      452.2241      459.5037   180649    1.61%
    324   226      456.6355    66      452.2241      459.5037   182381    1.61%
    327   229      453.5284    58      452.2241      459.5037   184604    1.61%
    330   230        cutoff            452.2241      459.5037   186240    1.61%
    334   232      456.6901    64      452.2241      459.4986   188081    1.61%
Elapsed time = 105.21 sec. (115776.78 ticks, tree = 2.91 MB, solutions = 3)
    337   235      455.1155    64      452.2241      459.4986   190337    1.61%
    340   238      453.6231    56      452.2241      459.4986   192301    1.61%
    344   238        cutoff            452.2241      459.4986   194222    1.61%
    347   241      456.9180    58      452.2241      459.3816   196278    1.58%
    350   244      455.8957    56      452.2241      459.3816   198659    1.58%
    354   248      454.2706    38      452.2241      459.3816   200544    1.58%
    362   250      458.1604    66      452.2241      459.3437   203156    1.57%
    366   254      455.9663    72      452.2241      459.3437   205127    1.57%
    371   259      454.5332    70      452.2241      459.3437   207223    1.57%
    382   266      455.8390    74      452.2241      459.2242   211934    1.55%
Elapsed time = 117.96 sec. (129798.57 ticks, tree = 3.10 MB, solutions = 3)
    395   275      456.6482    70      452.2241      459.2185   219319    1.55%
    406   282      457.8555    78      452.2241      459.1930   224424    1.54%
    421   293      457.0566    52      452.2241      459.1039   231787    1.52%
    447   307      455.4273    62      452.2241      459.0883   238089    1.52%
    463   319      454.3753    60      452.2241      459.0459   244200    1.51%
    481   329      455.9562    76      452.2241      458.9759   249817    1.49%
    498   342      453.8272    38      452.2241      458.9757   256412    1.49%
    518   352      457.5688    74      452.2241      458.9125   262519    1.48%
    521   355      455.7994    68      452.2241      458.9125   264061    1.48%
    540   370      452.5606    46      452.2241      458.8892   269997    1.47%
Elapsed time = 154.54 sec. (169112.81 ticks, tree = 6.11 MB, solutions = 3)
    555   381      452.3522    56      452.2241      458.8319   276552    1.46%
    564   386      453.4550    62      452.2241      458.8087   279561    1.46%
    585   397      452.7946    64      452.2241      458.7696   285610    1.45%
    606   410      457.4280    52      452.2241      458.6995   291917    1.43%
    626   426      454.0500    74      452.2241      458.6124   297752    1.41%
    643   437        cutoff            452.2241      458.5941   303848    1.41%
    669   447      457.3002    70      452.2241      458.5675   310060    1.40%
    686   460      454.6364    52      452.2241      458.5585   315929    1.40%
    707   471      457.2209    60      452.2241      458.5515   322923    1.40%
    720   480      455.9220    76      452.2241      458.5276   327408    1.39%
Elapsed time = 191.20 sec. (209179.58 ticks, tree = 11.02 MB, solutions = 3)
    739   495      453.4389    64      452.2241      458.5254   333651    1.39%
    758   506      457.1133    50      452.2241      458.5059   340198    1.39%
    773   517      456.5438    62      452.2241      458.3774   346472    1.36%
    814   532      453.5797    32      452.2241      458.3616   352195    1.36%
    838   546      454.2799    42      452.2241      458.2431   358201    1.33%
    856   558      453.2644    56      452.2241      458.2033   364086    1.32%
    872   566      452.2610    38      452.2241      458.2012   369681    1.32%
    890   574      454.6794    56      452.2241      458.1596   376063    1.31%
    916   590      456.6567    62      452.2241      458.0918   383451    1.30%
    933   603      453.8108    36      452.2241      458.0846   389601    1.30%
Elapsed time = 229.96 sec. (249632.41 ticks, tree = 15.20 MB, solutions = 3)
    962   620      452.2967    50      452.2241      458.0217   396017    1.28%
    982   632      454.7128    66      452.2241      458.0085   401983    1.28%
    999   641      457.0129    68      452.2241      457.9797   408308    1.27%
   1000   642      456.7528    68      452.2241      457.9797   408621    1.27%
   1019   657      453.8967    52      452.2241      457.9395   414803    1.26%

Performing restart 1

Repeating presolve.
Tried aggregator 1 time.
MIP Presolve eliminated 897 rows and 698 columns.
MIP Presolve modified 134 coefficients.
Reduced MIP has 2075 rows, 2489 columns, and 74656 nonzeros.
Reduced MIP has 544 binaries, 349 generals, 0 SOSs, and 0 indicators.
Presolve time = 0.04 sec. (29.06 ticks)
Tried aggregator 1 time.
Reduced MIP has 2075 rows, 2489 columns, and 74656 nonzeros.
Reduced MIP has 544 binaries, 349 generals, 0 SOSs, and 0 indicators.
Presolve time = 0.02 sec. (15.39 ticks)
Represolve time = 0.15 sec. (122.41 ticks)
   1026     0      461.2040   114      452.2241      Cuts: 82   427557    1.26%
   1026     0      461.1519    96      452.2241      Cuts: 20   427665    1.26%
   1026     0      461.1345    96      452.2241       Cuts: 4   427712    1.26%
   1026     0      461.1274    96      452.2241      Cuts: 12   427749    1.26%
   1026     0      461.1172    96      452.2241       Cuts: 5   427787    1.26%
   1026     0      461.1138    98      452.2241       Cuts: 4   427818    1.26%
*  1026+    0                          453.1775      457.9297             1.05%
*  1026+    0                          453.2042      457.9297             1.04%
   1026     2      461.0772   102      453.2042      457.9297   427818    1.04%
   1027     3      460.8969    90      453.2042      457.9297   428384    1.04%
   1029     5      460.3432    88      453.2042      457.9297   429287    1.04%
   1036    12      458.5205    64      453.2042      457.9297   432350    1.04%
   1050    26      457.0705    50      453.2042      457.9297   435432    1.04%
Elapsed time = 279.30 sec. (307024.67 ticks, tree = 0.48 MB, solutions = 5)
   1077    50      453.9810    24      453.2042      457.9297   439404    1.04%
   1096    61      459.7670    74      453.2042      457.9297   442087    1.04%
   1110    75      457.0890    60      453.2042      457.9297   448755    1.04%
   1126    91      454.1037    50      453.2042      457.9297   454636    1.04%
   1154   112      455.7879    62      453.2042      457.9297   459051    1.04%
   1184   136      457.5466    70      453.2042      457.9297   464215    1.04%
   1216   163      453.9746    44      453.2042      457.9297   468870    1.04%
   1271   204      459.1499    84      453.2042      457.9297   475631    1.04%
   1303   222      458.9492    80      453.2042      457.9297   482370    1.04%
   1346   255      458.9582    90      453.2042      457.9297   487701    1.04%
Elapsed time = 312.04 sec. (347946.99 ticks, tree = 4.96 MB, solutions = 5)
   1386   295      453.4853    56      453.2042      457.9297   493043    1.04%
   1438   338      453.6143    50      453.2042      457.9297   498829    1.04%
   1479   374      453.7018    70      453.2042      457.9297   504966    1.04%
   1503   392      456.4337    64      453.2042      457.9297   510571    1.04%
   1529   411      453.6336    36      453.2042      457.9297   515201    1.04%
   1580   450      453.2532    50      453.2042      457.9297   521497    1.04%
   1614   480      453.8071    56      453.2042      457.9297   526454    1.04%
   1659   517      455.9257    72      453.2042      457.9297   533641    1.04%
   1693   547      455.8703    32      453.2042      457.9297   539664    1.04%
   1757   594      454.2938    46      453.2042      457.9297   546100    1.04%
Elapsed time = 346.94 sec. (386628.27 ticks, tree = 14.41 MB, solutions = 5)
   1815   634      457.3957    68      453.2042      457.9297   553496    1.04%
   1852   663      454.7299    66      453.2042      457.9297   559883    1.04%
   1884   691      455.6509    66      453.2042      457.9297   567502    1.04%
   1923   724      453.3052    48      453.2042      457.9297   573806    1.04%
   1961   753      455.7624    64      453.2042      457.9297   581143    1.04%
   1997   783      455.7385    72      453.2042      457.9297   588736    1.04%
   2037   819      455.1911    44      453.2042      457.9297   596201    1.04%
   2069   844      455.3102    68      453.2042      457.9297   601862    1.04%
   2109   871      455.9114    72      453.2042      457.9297   607916    1.04%
   2140   898      455.2509    58      453.2042      457.9297   615262    1.04%
Elapsed time = 380.86 sec. (425469.14 ticks, tree = 17.81 MB, solutions = 5)
   2180   930      456.9231    68      453.2042      457.9297   622617    1.04%
   2223   959      454.2833    66      453.2042      457.9297   630395    1.04%
   2274  1000        cutoff            453.2042      457.9297   638157    1.04%
   2317  1035      456.8179    72      453.2042      457.9297   645197    1.04%
   2359  1071      455.5362    64      453.2042      457.9297   652636    1.04%
   2408  1104      455.2325    56      453.2042      457.9297   660132    1.04%
   2469  1148      456.3544    58      453.2042      457.9297   666530    1.04%
   2525  1194      454.5250    46      453.2042      457.9297   674207    1.04%
   2562  1214      456.0437    44      453.2042      457.9297   679465    1.04%
   2596  1244      453.2143    50      453.2042      457.9297   686641    1.04%
Elapsed time = 414.48 sec. (463893.44 ticks, tree = 26.87 MB, solutions = 5)
   2654  1286      455.7597    56      453.2042      457.9297   693869    1.04%
   2717  1329      455.9747    56      453.2042      457.9297   701251    1.04%
   2771  1373      453.7502    40      453.2042      457.9297   709191    1.04%
   2824  1414      454.7851    56      453.2042      457.9297   716530    1.04%
   2861  1441        cutoff            453.2042      457.9297   724014    1.04%
   2916  1477      454.9845    54      453.2042      457.9297   731518    1.04%
   2967  1518      456.8037    62      453.2042      457.9297   738988    1.04%
   3016  1555      453.8304    46      453.2042      457.9297   747024    1.04%
   3061  1588      455.1626    68      453.2042      457.9297   754240    1.04%
   3120  1637        cutoff            453.2042      457.9297   761458    1.04%
Elapsed time = 448.62 sec. (502732.64 ticks, tree = 37.13 MB, solutions = 5)
   3160  1659      457.4949    44      453.2042      457.9297   768782    1.04%
   3225  1711      453.2224    38      453.2042      457.9297   776418    1.04%
   3279  1757      454.7341    62      453.2042      457.9297   783398    1.04%
   3310  1784      453.2947    50      453.2042      457.9297   790770    1.04%
   3364  1824        cutoff            453.2042      457.9297   798200    1.04%
   3426  1868      456.9164    66      453.2042      457.9297   804518    1.04%
   3484  1916      455.4996    52      453.2042      457.9297   812089    1.04%
   3531  1953      455.9065    54      453.2042      457.9297   819382    1.04%
   3590  2004      454.2150    50      453.2042      457.9297   827191    1.04%
   3639  2041      453.2223    18      453.2042      457.9297   834839    1.04%
Elapsed time = 482.83 sec. (541828.64 ticks, tree = 48.43 MB, solutions = 5)
   3695  2083        cutoff            453.2042      457.9297   842166    1.04%
   3730  2109      453.9000    58      453.2042      457.9297   849203    1.04%
   3767  2136      454.9912    62      453.2042      457.9297   856171    1.04%
   3834  2187      456.0536    64      453.2042      457.9297   863676    1.04%
   3903  2240      456.0181    52      453.2042      457.9297   871061    1.04%
   3956  2277      454.9687    68      453.2042      457.9297   878972    1.04%
   4023  2328      454.8251    60      453.2042      457.9297   886552    1.04%
   4086  2375      455.6023    66      453.2042      457.9297   893925    1.04%
   4144  2415      456.6273    66      453.2042      457.9297   901374    1.04%
   4194  2449      454.1419    58      453.2042      457.9297   908723    1.04%
Elapsed time = 516.94 sec. (580590.45 ticks, tree = 62.69 MB, solutions = 5)
   4231  2476      456.0962    60      453.2042      457.9297   914452    1.04%
   4280  2517      454.7092    36      453.2042      457.9297   921392    1.04%
   4343  2564      455.7988    62      453.2042      457.9297   928497    1.04%
   4401  2599      453.7156    58      453.2042      457.9297   936126    1.04%
   4466  2650      453.7118    36      453.2042      457.9297   943552    1.04%
   4514  2682      453.2871    36      453.2042      457.9297   950839    1.04%
   4573  2717      456.5372    58      453.2042      457.8913   957899    1.03%
   4626  2752      456.8810    54      453.2042      457.8783   964882    1.03%
   4671  2787      453.2301    52      453.2042      457.8681   971714    1.03%
   4712  2814      453.6596    50      453.2042      457.8463   979123    1.02%
Elapsed time = 551.50 sec. (619960.70 ticks, tree = 71.31 MB, solutions = 5)
   4745  2837      455.1923    52      453.2042      457.8421   985149    1.02%
   4802  2881      454.1051    48      453.2042      457.8260   991984    1.02%
   4852  2923      454.8911    28      453.2042      457.8110   999246    1.02%
   4914  2961      455.7018    56      453.2042      457.8098  1006464    1.02%
   4963  3002      455.6223    48      453.2042      457.8032  1013341    1.01%
   5011  3038      453.8247    58      453.2042      457.7975  1020399    1.01%
   5068  3081      456.6357    50      453.2042      457.7841  1027896    1.01%
   5105  3106      455.6289    58      453.2042      457.7774  1035166    1.01%
   5141  3130      456.4423    66      453.2042      457.7749  1042808    1.01%
   5188  3165      455.4639    64      453.2042      457.7740  1050882    1.01%
Elapsed time = 584.92 sec. (658697.95 ticks, tree = 82.09 MB, solutions = 5)
   5262  3220      454.2443    44      453.2042      457.7680  1058076    1.01%
   5301  3248      453.9692    56      453.2042      457.7589  1065150    1.00%
   5351  3284      453.6572    46      453.2042      457.7443  1072440    1.00%
   5390  3314      453.2885    44      453.2042      457.7374  1079307    1.00%
   5431  3341      453.5330    36      453.2042      457.7246  1086289    1.00%
   5482  3380      453.5848    28      453.2042      457.6955  1094072    0.99%
   5535  3417      455.1064    56      453.2042      457.6632  1101865    0.98%
   5586  3455      455.5198    54      453.2042      457.6502  1109586    0.98%
   5624  3481      456.3231    66      453.2042      457.6445  1116952    0.98%
   5676  3523      455.9117    68      453.2042      457.6316  1124215    0.98%
Elapsed time = 618.73 sec. (697413.25 ticks, tree = 87.85 MB, solutions = 5)
   5728  3557      455.3177    46      453.2042      457.6226  1131834    0.97%
   5791  3608      456.5640    58      453.2042      457.6109  1139668    0.97%
   5824  3637      453.6260    58      453.2042      457.6043  1147386    0.97%
   5875  3668      454.6909    38      453.2042      457.5934  1154344    0.97%
   5929  3710      455.2759    72      453.2042      457.5875  1162145    0.97%
   5963  3732      454.4507    48      453.2042      457.5763  1169316    0.96%
   6016  3769      454.3259    60      453.2042      457.5532  1176816    0.96%
   6069  3804      456.1589    52      453.2042      457.5460  1184727    0.96%
   6111  3834      456.8834    80      453.2042      457.5178  1192375    0.95%
   6157  3872      454.6074    54      453.2042      457.5110  1199775    0.95%
Elapsed time = 652.89 sec. (736309.80 ticks, tree = 95.29 MB, solutions = 5)
   6213  3916      456.1579    36      453.2042      457.4849  1207450    0.94%
   6254  3947      456.0643    68      453.2042      457.4771  1213316    0.94%
   6281  3966      455.3930    30      453.2042      457.4711  1220391    0.94%
   6344  4013      454.1959    30      453.2042      457.4567  1228237    0.94%
   6413  4064      454.1460    54      453.2042      457.4475  1235536    0.94%
   6455  4091      454.2887    54      453.2042      457.4455  1242469    0.94%
   6508  4130      455.8288    38      453.2042      457.4407  1250223    0.93%
   6566  4172      453.5612    40      453.2042      457.4279  1257991    0.93%
   6596  4188      454.5806    40      453.2042      457.4137  1265344    0.93%
   6655  4229      454.0479    40      453.2042      457.4085  1273136    0.93%
Elapsed time = 686.46 sec. (775140.93 ticks, tree = 106.54 MB, solutions = 5)
   6704  4262      454.7906    46      453.2042      457.3997  1280985    0.93%
   6759  4295      455.7919    54      453.2042      457.3921  1290360    0.92%
   6806  4332      455.1241    54      453.2042      457.3823  1297702    0.92%
   6848  4362      455.0188    62      453.2042      457.3720  1305265    0.92%
   6893  4395      456.1644    48      453.2042      457.3550  1313022    0.92%
   6962  4446        cutoff            453.2042      457.3361  1320895    0.91%
   7020  4478      455.6467    76      453.2042      457.3224  1328547    0.91%
   7082  4524      455.7888    40      453.2042      457.3079  1335324    0.91%
   7128  4556      453.3847    58      453.2042      457.2953  1342546    0.90%
   7193  4601      455.8233    50      453.2042      457.2877  1350215    0.90%
Elapsed time = 720.53 sec. (814190.13 ticks, tree = 115.75 MB, solutions = 5)
   7241  4631      454.0856    66      453.2042      457.2840  1357883    0.90%
   7292  4664      456.7885    64      453.2042      457.2778  1365203    0.90%
   7350  4704      455.9821    62      453.2042      457.2645  1372682    0.90%
   7395  4735      454.5716    66      453.2042      457.2594  1380171    0.89%
   7437  4763      454.7461    42      453.2042      457.2521  1386835    0.89%
   7472  4788      453.8671    50      453.2042      457.2511  1393866    0.89%
   7519  4823      453.8617    48      453.2042      457.2414  1401219    0.89%
   7576  4860      454.7741    58      453.2042      457.2313  1408580    0.89%
   7616  4886      456.0226    50      453.2042      457.2248  1416057    0.89%
   7687  4941      455.3573    60      453.2042      457.2158  1424490    0.89%
Elapsed time = 754.94 sec. (853331.67 ticks, tree = 120.57 MB, solutions = 5)
   7735  4971      454.5241    46      453.2042      457.2093  1432636    0.88%
   7760  4986      453.5215    44      453.2042      457.2072  1440045    0.88%
   7823  5021      455.2292    62      453.2042      457.1879  1447622    0.88%
   7853  5039      453.3920    42      453.2042      457.1802  1453884    0.88%
   7901  5072      453.3372    30      453.2042      457.1744  1461222    0.88%
   7978  5123        cutoff            453.2042      457.1537  1468852    0.87%
   8017  5146      453.6559    66      453.2042      457.1408  1476393    0.87%
   8058  5171      455.4998    58      453.2042      457.1339  1483547    0.87%
   8091  5186      455.0606    58      453.2042      457.1203  1490883    0.86%
   8144  5215      454.5732    44      453.2042      457.1101  1498149    0.86%
Elapsed time = 789.72 sec. (892248.19 ticks, tree = 128.11 MB, solutions = 5)
   8183  5236      453.3404    34      453.2042      457.1061  1505748    0.86%
   8245  5278        cutoff            453.2042      457.0881  1513134    0.86%
   8280  5299      456.1419    52      453.2042      457.0790  1520778    0.85%
   8330  5335        cutoff            453.2042      457.0749  1528481    0.85%
   8389  5370      453.7649    48      453.2042      457.0686  1535750    0.85%
   8422  5391      455.4812    68      453.2042      457.0652  1543203    0.85%
   8468  5413      454.7567    58      453.2042      457.0599  1550740    0.85%
   8512  5446      453.3214    60      453.2042      457.0510  1558268    0.85%
   8564  5482      455.1783    56      453.2042      457.0392  1565915    0.85%
   8599  5505      455.3394    40      453.2042      457.0267  1572667    0.84%
Elapsed time = 824.31 sec. (931357.81 ticks, tree = 132.96 MB, solutions = 5)
   8636  5530      454.1621    36      453.2042      457.0198  1579406    0.84%
   8702  5566      455.8869    46      453.2042      457.0069  1586951    0.84%
   8749  5597      454.5828    62      453.2042      456.9950  1594760    0.84%
   8801  5625      454.0479    54      453.2042      456.9943  1602187    0.84%
   8861  5659      456.0060    56      453.2042      456.9858  1609857    0.83%
   8905  5687      454.5389    68      453.2042      456.9765  1617588    0.83%
   8942  5706      453.7128    40      453.2042      456.9723  1624384    0.83%
   8990  5734      454.3345    66      453.2042      456.9617  1632095    0.83%
   9031  5757      455.8735    58      453.2042      456.9593  1640008    0.83%
   9069  5783        cutoff            453.2042      456.9505  1647453    0.83%
Elapsed time = 858.36 sec. (970114.93 ticks, tree = 138.42 MB, solutions = 5)
   9102  5802      455.1314    44      453.2042      456.9452  1655285    0.83%
   9152  5836      454.1627    58      453.2042      456.9399  1662844    0.82%
   9201  5867      454.8548    62      453.2042      456.9365  1669929    0.82%
   9252  5903      454.6794    54      453.2042      456.9336  1677236    0.82%
   9293  5924      455.5550    68      453.2042      456.9301  1684453    0.82%
   9358  5977      454.2996    54      453.2042      456.9238  1692197    0.82%
   9409  6006      453.5795    54      453.2042      456.9209  1699763    0.82%
   9450  6032      454.2258    60      453.2042      456.9142  1706609    0.82%
   9487  6047        cutoff            453.2042      456.9099  1714273    0.82%
   9522  6062      454.9886    58      453.2042      456.8960  1721992    0.81%
Elapsed time = 892.79 sec. (1008756.42 ticks, tree = 146.78 MB, solutions = 5)
   9560  6084      455.0482    72      453.2042      456.8816  1729028    0.81%
   9598  6110      453.2357    46      453.2042      456.8807  1736381    0.81%
   9649  6143      454.7419    62      453.2042      456.8777  1744027    0.81%
   9695  6167      455.5313    38      453.2042      456.8725  1751903    0.81%
   9755  6213      453.4421    48      453.2042      456.8654  1759139    0.81%
   9804  6242        cutoff            453.2042      456.8607  1766687    0.81%
   9836  6256      454.6189    46      453.2042      456.8481  1773653    0.80%
   9887  6291      454.6341    72      453.2042      456.8351  1781365    0.80%
   9938  6316      454.9598    60      453.2042      456.8321  1788966    0.80%
   9981  6337      454.2860    62      453.2042      456.8200  1797119    0.80%
Elapsed time = 925.82 sec. (1047911.11 ticks, tree = 155.06 MB, solutions = 5)
  10026  6364      455.4208    44      453.2042      456.8177  1804772    0.80%
  10074  6398      454.3663    56      453.2042      456.8110  1812463    0.80%
  10116  6418      456.5858    64      453.2042      456.8020  1819860    0.79%
  10164  6442      454.6625    46      453.2042      456.7970  1827473    0.79%
  10210  6470      454.3703    86      453.2042      456.7937  1835845    0.79%
  10262  6506      453.2289    56      453.2042      456.7889  1843170    0.79%
  10303  6529      454.4258    48      453.2042      456.7798  1850124    0.79%
  10348  6558      453.7141    42      453.2042      456.7735  1857485    0.79%
  10397  6587      454.1774    36      453.2042      456.7691  1865151    0.79%
  10445  6613        cutoff            453.2042      456.7682  1872594    0.79%
Elapsed time = 959.51 sec. (1087197.64 ticks, tree = 163.60 MB, solutions = 5)
  10502  6643      455.3154    42      453.2042      456.7629  1880495    0.79%
  10567  6684      454.2837    66      453.2042      456.7577  1888159    0.78%
  10627  6718      456.2218    54      453.2042      456.7458  1896031    0.78%
  10666  6745      454.7061    54      453.2042      456.7392  1903509    0.78%
  10722  6773      454.0935    54      453.2042      456.7268  1911130    0.78%
  10764  6799      453.8283    38      453.2042      456.7185  1918560    0.78%
  10821  6834      455.2311    78      453.2042      456.7099  1925593    0.77%
  10880  6865      455.2310    48      453.2042      456.6969  1934097    0.77%
  10930  6897      453.7746    54      453.2042      456.6940  1941416    0.77%
  10979  6930      453.5369    26      453.2042      456.6812  1948856    0.77%
Elapsed time = 993.14 sec. (1126226.71 ticks, tree = 171.49 MB, solutions = 5)
  11026  6955      453.9951    52      453.2042      456.6767  1956133    0.77%
  11077  6983      456.0977    60      453.2042      456.6592  1964482    0.76%
  11128  7021      454.8762    52      453.2042      456.6539  1971967    0.76%
  11168  7043      454.3082    44      453.2042      456.6512  1979619    0.76%
  11219  7066      455.4112    70      453.2042      456.6418  1987151    0.76%
  11277  7102      453.6315    72      453.2042      456.6295  1995202    0.76%
  11286  7107      453.8141    46      453.2042      456.6285  1996397    0.76%
  11287  7108      454.7111    64      453.2042      456.6277  1996875    0.76%
  11288  7109      454.6146    54      453.2042      456.6274  1997556    0.76%

Performing restart 2

Repeating presolve.
Tried aggregator 1 time.
MIP Presolve eliminated 136 rows and 200 columns.
MIP Presolve modified 50 coefficients.
Reduced MIP has 1939 rows, 2289 columns, and 64915 nonzeros.
Reduced MIP has 415 binaries, 288 generals, 0 SOSs, and 0 indicators.
Presolve time = 0.03 sec. (24.33 ticks)
Tried aggregator 1 time.
Reduced MIP has 1939 rows, 2289 columns, and 64915 nonzeros.
Reduced MIP has 415 binaries, 288 generals, 0 SOSs, and 0 indicators.
Presolve time = 0.02 sec. (13.23 ticks)
Represolve time = 0.17 sec. (115.38 ticks)
  11289     0      461.0000   106      453.2042      Cuts: 36  2005446    0.76%
  11289     0      460.9911   102      453.2042      Cuts: 18  2005488    0.76%
  11289     0      460.9602   100      453.2042      Cuts: 11  2005555    0.76%
  11289     0      460.9414   108      453.2042       Cuts: 8  2005602    0.76%
  11289     0      460.9376   106      453.2042       Cuts: 9  2005624    0.76%
  11289     0      460.9323   100      453.2042       Cuts: 9  2005651    0.76%
  11289     0      460.9307    96      453.2042       Cuts: 4  2005674    0.76%
  11289     0      460.9306   104      453.2042       Cuts: 2  2005682    0.76%
  11289     2      460.9260   110      453.2042      456.6274  2005682    0.76%
Elapsed time = 1058.21 sec. (1200656.28 ticks, tree = 0.01 MB, solutions = 5)
  11291     4      460.7106    98      453.2042      456.6274  2006413    0.76%
  11299    12      457.5897    74      453.2042      456.6274  2011249    0.76%
  11315    26      453.5179    48      453.2042      456.6274  2016625    0.76%
  11330    36      457.7127    72      453.2042      456.6274  2022947    0.76%
  11352    52        cutoff            453.2042      456.6274  2030992    0.76%
  11379    72      457.3129    72      453.2042      456.6274  2038287    0.76%
  11399    88      458.3708    86      453.2042      456.6274  2043187    0.76%
  11426   110      458.7613    82      453.2042      456.6274  2049396    0.76%
  11450   130      457.8372    86      453.2042      456.6274  2058182    0.76%
  11486   155      458.4224    76      453.2042      456.6274  2066373    0.76%
Elapsed time = 1088.86 sec. (1241174.80 ticks, tree = 2.05 MB, solutions = 5)
  11513   178      458.1091    74      453.2042      456.6274  2074168    0.76%
  11549   210      453.9420    50      453.2042      456.6274  2082673    0.76%
  11589   238      457.9334    58      453.2042      456.6274  2089651    0.76%
  11629   267      458.1073    54      453.2042      456.6274  2096759    0.76%
  11659   293      455.1940    66      453.2042      456.6274  2103300    0.76%
  11701   323      456.5709    50      453.2042      456.6274  2111259    0.76%
  11759   359      458.1379    80      453.2042      456.6274  2118205    0.76%
  11805   393      458.7750    60      453.2042      456.6274  2126225    0.76%
  11851   421      457.4973    86      453.2042      456.6274  2133596    0.76%
  11887   448      457.3631    74      453.2042      456.6274  2141466    0.76%
Elapsed time = 1122.14 sec. (1281373.72 ticks, tree = 7.37 MB, solutions = 5)
  11920   477      454.9208    56      453.2042      456.6274  2147792    0.76%
  11956   501      457.5460    56      453.2042      456.6274  2155306    0.76%
  12008   539      456.7611    62      453.2042      456.6274  2163353    0.76%
  12037   562      455.5538    64      453.2042      456.6274  2168406    0.76%
  12071   582      457.5104    50      453.2042      456.6274  2176510    0.76%
  12110   613      455.9646    54      453.2042      456.6274  2183576    0.76%
  12159   650        cutoff            453.2042      456.6274  2190224    0.76%
  12178   665      455.3461    64      453.2042      456.6274  2196506    0.76%
  12222   696      453.8819    48      453.2042      456.6274  2203372    0.76%
  12278   737      457.7477    86      453.2042      456.6274  2211321    0.76%
Elapsed time = 1154.48 sec. (1320170.01 ticks, tree = 14.18 MB, solutions = 5)
  12309   764      456.3629    62      453.2042      456.6274  2218745    0.76%
  12359   801        cutoff            453.2042      456.6274  2225734    0.76%
  12403   833      457.4866    70      453.2042      456.6274  2233555    0.76%
  12437   859      454.7593    50      453.2042      456.6274  2239902    0.76%
  12479   891      457.0702    62      453.2042      456.6274  2247682    0.76%
  12517   920      457.5881    66      453.2042      456.6274  2254717    0.76%
  12559   952      454.2820    58      453.2042      456.6274  2262433    0.76%
  12604   983      457.3257    58      453.2042      456.6274  2269280    0.76%
  12640  1009      456.7711    64      453.2042      456.6274  2276525    0.76%
  12665  1026      455.3525    46      453.2042      456.6274  2283590    0.76%
Elapsed time = 1186.69 sec. (1358858.36 ticks, tree = 20.21 MB, solutions = 5)
  12719  1060      456.9527    66      453.2042      456.6274  2291274    0.76%
  12751  1082      456.5567    66      453.2042      456.6274  2298020    0.76%
  12797  1115      456.2917    68      453.2042      456.6274  2305619    0.76%
  12829  1139      454.4000    38      453.2042      456.6274  2311693    0.76%
  12879  1173      457.4486    66      453.2042      456.6274  2319587    0.76%
  12919  1201      455.2391    52      453.2042      456.6274  2326817    0.76%
  12963  1225      455.5017    56      453.2042      456.6274  2334620    0.76%
  13008  1254      456.5986    58      453.2042      456.6274  2342128    0.76%
  13051  1283      454.3138    42      453.2042      456.6274  2349708    0.76%
  13092  1308      455.9367    86      453.2042      456.6274  2357501    0.76%
Elapsed time = 1220.48 sec. (1398217.10 ticks, tree = 26.26 MB, solutions = 5)
  13155  1347      455.7619    48      453.2042      456.6274  2365482    0.76%
  13196  1376      457.0173    70      453.2042      456.6274  2373428    0.76%
  13247  1414      455.2831    64      453.2042      456.6274  2381391    0.76%
  13298  1445      457.3889    70      453.2042      456.6274  2389620    0.76%
  13335  1472      456.3476    56      453.2042      456.6274  2398101    0.76%
  13373  1498      454.5668    50      453.2042      456.6274  2406188    0.76%
  13418  1525      456.6776    58      453.2042      456.6274  2413932    0.76%
  13457  1554      453.7868    58      453.2042      456.6274  2421869    0.76%
  13497  1580      456.4532    80      453.2042      456.6274  2429848    0.76%
  13542  1613      453.8234    52      453.2042      456.6274  2437588    0.76%
Elapsed time = 1255.33 sec. (1437310.57 ticks, tree = 34.20 MB, solutions = 5)
  13587  1637      456.9669    72      453.2042      456.6274  2445152    0.76%
  13627  1669      453.6633    56      453.2042      456.6274  2453049    0.76%
  13666  1692      454.4847    68      453.2042      456.6274  2461303    0.76%
  13702  1708      456.4294    62      453.2042      456.6274  2469543    0.76%
  13730  1728      454.9735    60      453.2042      456.6274  2477946    0.76%
  13780  1765      455.7133    66      453.2042      456.6274  2485891    0.76%
  13813  1786      456.8675    76      453.2042      456.6274  2494502    0.76%
  13842  1807      455.0665    56      453.2042      456.6274  2502759    0.76%
  13886  1835      456.2510    66      453.2042      456.6274  2510992    0.76%
  13921  1860      454.7225    42      453.2042      456.6274  2518734    0.76%
Elapsed time = 1289.70 sec. (1476142.63 ticks, tree = 39.28 MB, solutions = 5)
  13965  1886      456.7363    48      453.2042      456.6274  2526946    0.76%
  14012  1921      454.7549    64      453.2042      456.6274  2535097    0.76%
  14066  1957      455.2756    68      453.2042      456.6274  2542934    0.76%
  14103  1982      456.3229    64      453.2042      456.6274  2549516    0.76%
  14141  2004      456.1304    56      453.2042      456.6274  2557933    0.76%
  14182  2033      454.3273    26      453.2042      456.6274  2565980    0.76%
  14236  2057        cutoff            453.2042      456.6274  2573583    0.76%
  14266  2073      454.7648    54      453.2042      456.6274  2581241    0.76%
  14304  2099      454.7063    58      453.2042      456.6274  2588739    0.76%
  14344  2123      454.6269    54      453.2042      456.6274  2596992    0.76%
Elapsed time = 1324.41 sec. (1514903.82 ticks, tree = 44.58 MB, solutions = 5)
  14378  2145      453.8373    52      453.2042      456.6274  2605410    0.76%
  14420  2169        cutoff            453.2042      456.6274  2613443    0.76%
  14465  2192      453.4166    42      453.2042      456.6274  2621198    0.76%
  14511  2220      456.9661    68      453.2042      456.6274  2629434    0.76%
  14553  2250      453.2536    52      453.2042      456.6274  2637672    0.76%
  14603  2274      455.5460    66      453.2042      456.6274  2646696    0.76%
  14641  2300      453.2969    44      453.2042      456.6274  2654411    0.76%
  14688  2327      454.2913    72      453.2042      456.6274  2662802    0.76%
  14726  2347      454.4953    52      453.2042      456.6274  2670722    0.76%
  14770  2375      455.5747    70      453.2042      456.6274  2678972    0.76%
Elapsed time = 1359.20 sec. (1553846.65 ticks, tree = 49.01 MB, solutions = 5)
  14823  2414      454.4623    48      453.2042      456.6274  2686308    0.76%
  14869  2446      454.8344    52      453.2042      456.6274  2694383    0.76%
  14918  2476      453.5712    44      453.2042      456.6274  2702401    0.76%
  14971  2505      454.7130    52      453.2042      456.6274  2710407    0.76%
  15019  2537      454.5158    58      453.2042      456.6274  2718700    0.76%
  15065  2563      456.7066    76      453.2042      456.6274  2727191    0.76%
  15096  2578      454.8363    60      453.2042      456.6274  2735524    0.76%
  15135  2603      453.9659    60      453.2042      456.6274  2743806    0.76%
  15174  2626      454.3977    54      453.2042      456.6274  2751359    0.76%
  15206  2646      456.0741    58      453.2042      456.6274  2759559    0.76%
Elapsed time = 1393.44 sec. (1592679.75 ticks, tree = 53.62 MB, solutions = 5)
  15238  2662      453.4360    58      453.2042      456.6274  2767971    0.76%
  15287  2687      455.8381    42      453.2042      456.6274  2776390    0.76%
  15318  2710      453.3197    72      453.2042      456.6274  2782821    0.76%
  15356  2730      455.2304    72      453.2042      456.6274  2790775    0.76%
  15386  2748      456.5066    66      453.2042      456.6274  2799111    0.76%
  15428  2775      454.9299    62      453.2042      456.6274  2807498    0.76%
  15475  2800      454.4027    72      453.2042      456.6274  2815332    0.76%
  15522  2827      454.9093    52      453.2042      456.6274  2823242    0.76%
  15567  2854      454.5079    40      453.2042      456.6274  2831615    0.76%
  15619  2882      454.4642    56      453.2042      456.6274  2839717    0.76%
Elapsed time = 1426.56 sec. (1631699.64 ticks, tree = 60.11 MB, solutions = 5)
  15662  2905      454.6684    56      453.2042      456.6274  2847910    0.76%
  15710  2927      456.1302    62      453.2042      456.6274  2856172    0.76%
  15755  2956      455.4686    34      453.2042      456.6274  2864480    0.76%
  15814  2994      455.1679    58      453.2042      456.6274  2872365    0.76%
  15858  3022      454.0354    40      453.2042      456.6274  2880955    0.76%
  15897  3045      454.5069    44      453.2042      456.6274  2888988    0.76%
  15961  3087      455.5525    64      453.2042      456.6274  2897229    0.76%
  16007  3119      453.3565    58      453.2042      456.6274  2905837    0.76%
  16051  3143      455.6030    58      453.2042      456.6274  2913858    0.76%
  16100  3176      454.0525    46      453.2042      456.6274  2921650    0.76%
Elapsed time = 1459.90 sec. (1670731.76 ticks, tree = 67.72 MB, solutions = 5)
  16145  3201      455.7258    44      453.2042      456.6274  2930292    0.76%
  16193  3229      455.8259    56      453.2042      456.6274  2938299    0.76%
  16237  3253      456.0939    68      453.2042      456.6274  2946539    0.76%
  16281  3275      456.2210    50      453.2042      456.6274  2954536    0.76%
  16325  3305      454.7873    58      453.2042      456.6274  2962680    0.76%
  16391  3346      454.3458    50      453.2042      456.6274  2970800    0.76%
  16443  3374      453.6852    38      453.2042      456.6274  2979002    0.76%
  16486  3393      453.4765    38      453.2042      456.6274  2987518    0.76%
  16529  3418      454.4710    64      453.2042      456.6274  2995185    0.76%
  16575  3442      453.4075    48      453.2042      456.6274  3002979    0.76%
Elapsed time = 1493.13 sec. (1709809.11 ticks, tree = 73.42 MB, solutions = 5)
  16614  3463      455.2127    58      453.2042      456.6274  3011275    0.76%
  16662  3493      453.7015    38      453.2042      456.6274  3019589    0.76%
  16719  3524      453.9276    48      453.2042      456.6274  3027405    0.76%
  16765  3550      453.2403    62      453.2042      456.6274  3035566    0.76%
  16825  3580        cutoff            453.2042      456.6274  3043430    0.76%
  16863  3600      455.0359    58      453.2042      456.6274  3051971    0.76%
  16908  3627      455.5839    68      453.2042      456.6274  3060198    0.76%
  16945  3648      455.7376    44      453.2042      456.6274  3067983    0.76%
  16999  3677      455.6759    50      453.2042      456.6274  3075981    0.76%
  17046  3708      453.6415    36      453.2042      456.6274  3084553    0.76%
Elapsed time = 1526.41 sec. (1748576.61 ticks, tree = 80.55 MB, solutions = 5)
  17091  3730      454.6591    48      453.2042      456.6274  3092338    0.76%
  17135  3750        cutoff            453.2042      456.6274  3100661    0.76%
  17196  3779      455.3970    40      453.2042      456.6274  3108641    0.76%
  17239  3804      453.7256    32      453.2042      456.6274  3116908    0.76%
  17295  3833      455.6991    56      453.2042      456.6274  3124997    0.76%
  17345  3858      453.2070    62      453.2042      456.6274  3132906    0.76%
  17387  3874      455.1075    58      453.2042      456.6274  3140593    0.76%
  17432  3895      454.8951    50      453.2042      456.6274  3149003    0.76%
  17479  3926      453.3543    52      453.2042      456.6274  3157430    0.76%
  17529  3952      455.5591    66      453.2042      456.6274  3165906    0.76%
Elapsed time = 1559.27 sec. (1787254.93 ticks, tree = 87.79 MB, solutions = 5)
  17579  3984      456.5540    62      453.2042      456.6274  3173942    0.76%
  17618  4003      456.5859    64      453.2042      456.6274  3182099    0.76%
  17665  4033      453.6636    62      453.2042      456.6274  3190159    0.76%
  17706  4047      455.9878    50      453.2042      456.6274  3198203    0.76%
  17773  4084      455.2715    40      453.2042      456.6274  3206846    0.76%
  17826  4113      454.3549    58      453.2042      456.6274  3215469    0.76%
  17866  4131      455.4545    70      453.2042      456.6274  3223414    0.76%
  17926  4167      453.6537    42      453.2042      456.6274  3231428    0.76%
  17974  4185      455.8868    62      453.2042      456.6274  3240011    0.76%
  18029  4218      453.5454    38      453.2042      456.6274  3248047    0.76%
Elapsed time = 1592.45 sec. (1826405.40 ticks, tree = 93.71 MB, solutions = 5)
  18079  4244      455.3139    56      453.2042      456.6274  3256729    0.76%
  18124  4267      454.6501    48      453.2042      456.6274  3265283    0.76%
  18167  4290      453.8093    36      453.2042      456.6274  3273529    0.76%
  18209  4309      453.2547    68      453.2042      456.6274  3281580    0.76%
  18256  4336      455.2737    38      453.2042      456.6274  3290040    0.76%
  18311  4367      453.3217    20      453.2042      456.6213  3298378    0.75%
  18351  4381      454.4739    58      453.2042      456.6061  3306146    0.75%
  18390  4398        cutoff            453.2042      456.5955  3314095    0.75%
  18439  4419      453.8017    60      453.2042      456.5773  3322538    0.74%
  18483  4445      453.6138    26      453.2042      456.5700  3331087    0.74%
Elapsed time = 1626.18 sec. (1865529.04 ticks, tree = 99.06 MB, solutions = 5)
  18541  4471      454.1363    52      453.2042      456.5526  3339082    0.74%
  18593  4493        cutoff            453.2042      456.5498  3347175    0.74%
  18641  4519      453.3173    28      453.2042      456.5442  3355453    0.74%
  18693  4547      455.0784    56      453.2042      456.5357  3363212    0.74%
  18749  4577      454.6624    32      453.2042      456.5287  3371550    0.73%
  18796  4602      455.2506    78      453.2042      456.5242  3379743    0.73%
  18845  4625      453.4323    80      453.2042      456.5142  3388176    0.73%
  18893  4645      454.2195    58      453.2042      456.5080  3396155    0.73%
  18937  4669      453.9644    26      453.2042      456.5029  3404699    0.73%
  18986  4694      455.1336    48      453.2042      456.4911  3412921    0.73%
Elapsed time = 1669.25 sec. (1904372.50 ticks, tree = 102.74 MB, solutions = 5)
  19032  4720      454.2948    52      453.2042      456.4890  3421269    0.72%
  19076  4738      455.6950    56      453.2042      456.4789  3429566    0.72%
  19123  4769      454.2654    52      453.2042      456.4734  3437195    0.72%
  19170  4792      453.4591    40      453.2042      456.4687  3445315    0.72%
  19211  4808      453.9161    46      453.2042      456.4583  3453207    0.72%
  19269  4838      454.7028    36      453.2042      456.4467  3461005    0.72%
  19317  4864      453.3549    30      453.2042      456.4422  3468511    0.71%
  19358  4879      454.0263    48      453.2042      456.4264  3476363    0.71%
  19412  4907      453.7263    24      453.2042      456.4134  3484233    0.71%
  19468  4935      454.7594    60      453.2042      456.4038  3492734    0.71%
Elapsed time = 1703.35 sec. (1943304.84 ticks, tree = 107.61 MB, solutions = 5)
  19503  4950      453.4819    24      453.2042      456.3960  3500513    0.70%
  19543  4964      455.4802    68      453.2042      456.3893  3508498    0.70%
  19591  4990      454.7832    46      453.2042      456.3794  3516834    0.70%
  19638  5013      454.4612    56      453.2042      456.3726  3524800    0.70%
  19674  5029      454.0895    80      453.2042      456.3658  3532266    0.70%
  19730  5059      453.2371    34      453.2042      456.3585  3539849    0.70%
  19779  5080      454.0307    48      453.2042      456.3457  3547763    0.69%
  19822  5101      454.1379    42      453.2042      456.3411  3555437    0.69%
  19889  5136      455.0602    58      453.2042      456.3371  3563965    0.69%
  19940  5155      454.1006    30      453.2042      456.3301  3572209    0.69%
Elapsed time = 1737.47 sec. (1982912.42 ticks, tree = 113.40 MB, solutions = 5)
  19981  5170      454.2375    52      453.2042      456.3271  3580397    0.69%
  20031  5190      454.9029    62      453.2042      456.3240  3589165    0.69%
  20085  5216      453.3298    62      453.2042      456.3204  3597630    0.69%
  20125  5236      454.4184    64      453.2042      456.3157  3604925    0.69%
  20166  5255        cutoff            453.2042      456.3097  3613343    0.69%
  20213  5274      454.0421    62      453.2042      456.3002  3621250    0.68%
  20253  5288      454.5268    44      453.2042      456.2920  3629676    0.68%
  20287  5302      453.2725    50      453.2042      456.2811  3638181    0.68%
  20333  5316      454.9085    40      453.2042      456.2773  3646604    0.68%
  20381  5340      455.0367    62      453.2042      456.2707  3655391    0.68%
Elapsed time = 1770.57 sec. (2022068.73 ticks, tree = 118.38 MB, solutions = 5)
  20423  5358      454.4426    44      453.2042      456.2586  3663800    0.67%
  20470  5376      454.0656    48      453.2042      456.2535  3672440    0.67%
  20520  5400      455.0629    48      453.2042      456.2503  3681642    0.67%
  20559  5417      454.9819    54      453.2042      456.2471  3690391    0.67%
  20626  5458      453.7905    64      453.2042      456.2434  3698929    0.67%
  20678  5480      454.6929    40      453.2042      456.2258  3707373    0.67%
  20741  5515      453.2647    32      453.2042      456.2185  3715814    0.67%
  20799  5537        cutoff            453.2042      456.2070  3723899    0.66%
  20844  5561      453.7778    60      453.2042      456.1971  3732272    0.66%
  20901  5590      453.8301    52      453.2042      456.1948  3741370    0.66%
Elapsed time = 1803.84 sec. (2061002.51 ticks, tree = 124.34 MB, solutions = 5)
  20949  5608      455.2232    44      453.2042      456.1882  3750065    0.66%
  20998  5631      453.5260    64      453.2042      456.1828  3759256    0.66%
  21042  5649      454.6345    70      453.2042      456.1777  3767534    0.66%
  21098  5675      453.5917    22      453.2042      456.1728  3775725    0.66%
  21142  5693      454.0018    52      453.2042      456.1679  3783689    0.65%
  21184  5707      455.1381    30      453.2042      456.1595  3792450    0.65%
  21241  5731        cutoff            453.2042      456.1520  3801230    0.65%
  21289  5755      454.5638    56      453.2042      456.1431  3809091    0.65%
  21345  5775        cutoff            453.2042      456.1391  3817520    0.65%
  21397  5798      453.9104    44      453.2042      456.1336  3825881    0.65%
Elapsed time = 1836.80 sec. (2099940.06 ticks, tree = 128.96 MB, solutions = 5)
  21449  5818        cutoff            453.2042      456.1303  3833989    0.65%
  21501  5840        cutoff            453.2042      456.1226  3842742    0.64%
  21552  5872      455.2562    70      453.2042      456.1145  3851469    0.64%
  21614  5901      453.5628    48      453.2042      456.1131  3860136    0.64%
  21669  5928      454.2527    66      453.2042      456.1094  3868467    0.64%
  21706  5947      453.9052    46      453.2042      456.1053  3875823    0.64%
  21755  5968      455.2498    50      453.2042      456.0980  3884201    0.64%
  21809  6002      453.6088    56      453.2042      456.0941  3891985    0.64%
  21860  6025      453.7341    52      453.2042      456.0905  3900490    0.64%
  21919  6050      453.9044    32      453.2042      456.0857  3908938    0.64%
Elapsed time = 1869.77 sec. (2138474.65 ticks, tree = 134.52 MB, solutions = 5)
  21971  6074        cutoff            453.2042      456.0819  3917354    0.63%
  22029  6093      455.6207    56      453.2042      456.0739  3925676    0.63%
  22078  6116      453.4764    48      453.2042      456.0707  3934524    0.63%
  22126  6140      453.7967    44      453.2042      456.0656  3943451    0.63%
  22168  6158      453.5669    38      453.2042      456.0596  3952495    0.63%
  22237  6190      453.9624    38      453.2042      456.0564  3961295    0.63%
  22283  6212      454.2792    26      453.2042      456.0534  3969465    0.63%
  22357  6254      453.3975    34      453.2042      456.0452  3978069    0.63%
  22404  6273      454.2895    60      453.2042      456.0371  3986804    0.63%
  22452  6295      454.5634    32      453.2042      456.0302  3995634    0.62%
Elapsed time = 1902.92 sec. (2177195.52 ticks, tree = 139.08 MB, solutions = 5)
  22516  6317      454.6836    48      453.2042      456.0251  4004139    0.62%
  22571  6342      454.6278    48      453.2042      456.0134  4012626    0.62%
  22618  6359      454.0395    36      453.2042      456.0102  4020977    0.62%
  22661  6372      454.5328    60      453.2042      456.0033  4029772    0.62%
  22716  6399      453.9145    34      453.2042      455.9916  4038627    0.62%
  22761  6414      454.7584    46      453.2042      455.9897  4047273    0.61%
  22807  6438      453.6160    54      453.2042      455.9873  4055491    0.61%
  22866  6464      455.4612    46      453.2042      455.9777  4063809    0.61%
  22904  6482      453.5150    62      453.2042      455.9682  4071284    0.61%
  22954  6498      453.6210    32      453.2042      455.9597  4079731    0.61%
Elapsed time = 1935.89 sec. (2215911.45 ticks, tree = 142.59 MB, solutions = 5)
  23013  6521      454.0847    50      453.2042      455.9557  4088676    0.61%
  23063  6548      453.9649    78      453.2042      455.9518  4097003    0.61%
  23112  6570      453.8402    22      453.2042      455.9463  4105459    0.61%
  23170  6594        cutoff            453.2042      455.9358  4114292    0.60%
  23218  6617      454.9708    60      453.2042      455.9310  4122833    0.60%
  23290  6653      453.5586    52      453.2042      455.9268  4131640    0.60%
  23344  6671      453.8219    52      453.2042      455.9157  4139894    0.60%
  23391  6682      455.0095    66      453.2042      455.9088  4148327    0.60%
  23442  6701      454.4628    46      453.2042      455.8976  4157437    0.59%
  23506  6729      454.4363    36      453.2042      455.8921  4166097    0.59%
Elapsed time = 1969.50 sec. (2254711.83 ticks, tree = 146.58 MB, solutions = 5)
  23564  6755        cutoff            453.2042      455.8887  4174896    0.59%
  23614  6775      455.2205    54      453.2042      455.8842  4183466    0.59%
  23661  6791      453.3113    58      453.2042      455.8790  4192632    0.59%
  23712  6804      454.6006    28      453.2042      455.8715  4201312    0.59%
  23764  6824      455.2237    42      453.2042      455.8630  4209949    0.59%
  23818  6844      454.1738    48      453.2042      455.8569  4218750    0.59%
  23879  6879      453.3234    34      453.2042      455.8539  4226817    0.58%
  23926  6894      454.9108    46      453.2042      455.8519  4235578    0.58%
  23980  6918      453.2374    20      453.2042      455.8448  4243877    0.58%
  24047  6936      454.6533    32      453.2042      455.8322  4252357    0.58%
Elapsed time = 2002.80 sec. (2293489.06 ticks, tree = 150.24 MB, solutions = 5)
  24106  6963      453.7282    40      453.2042      455.8234  4260427    0.58%
  24167  6991      453.2985    36      453.2042      455.8150  4269390    0.58%
  24223  7007      454.0945    62      453.2042      455.8084  4278239    0.57%
  24274  7022      453.8519    54      453.2042      455.8030  4287258    0.57%
  24325  7045        cutoff            453.2042      455.7985  4297586    0.57%
  24376  7065      454.8371    36      453.2042      455.7953  4305856    0.57%
  24422  7085      455.1761    54      453.2042      455.7896  4314397    0.57%
  24471  7106      453.3791    32      453.2042      455.7826  4322782    0.57%
  24513  7119        cutoff            453.2042      455.7749  4331958    0.57%
  24555  7133      453.9133    48      453.2042      455.7681  4340221    0.57%
Elapsed time = 2035.42 sec. (2332622.04 ticks, tree = 153.51 MB, solutions = 5)
  24616  7151      453.7484    48      453.2042      455.7634  4348618    0.56%
  24673  7170      453.6380    34      453.2042      455.7598  4357036    0.56%
  24724  7179        cutoff            453.2042      455.7532  4365953    0.56%
  24780  7209      453.6273    50      453.2042      455.7515  4374834    0.56%
  24827  7230      453.6623    68      453.2042      455.7461  4383574    0.56%
  24882  7250      453.4033    44      453.2042      455.7427  4391768    0.56%
  24930  7266      454.2348    74      453.2042      455.7378  4399357    0.56%
  24988  7294      453.2242    44      453.2042      455.7339  4408009    0.56%
  25033  7305        cutoff            453.2042      455.7282  4416245    0.56%
  25081  7320      454.3976    62      453.2042      455.7214  4424756    0.56%
Elapsed time = 2068.60 sec. (2371489.47 ticks, tree = 156.66 MB, solutions = 5)
  25130  7339      454.3155    66      453.2042      455.7119  4433468    0.55%
  25193  7369      453.3167    28      453.2042      455.7050  4442182    0.55%
  25247  7383      454.8168    46      453.2042      455.7014  4450985    0.55%
  25311  7411      453.2644    42      453.2042      455.6985  4459938    0.55%
  25390  7448      454.1040    48      453.2042      455.6913  4468440    0.55%
  25436  7462      454.0534    58      453.2042      455.6764  4477293    0.55%
  25479  7481      453.4224    34      453.2042      455.6735  4485692    0.54%
  25536  7498      454.2204    50      453.2042      455.6709  4495131    0.54%
  25592  7522      453.5571    56      453.2042      455.6665  4503945    0.54%
  25649  7541      453.9195    26      453.2042      455.6625  4511997    0.54%
Elapsed time = 2102.06 sec. (2410462.60 ticks, tree = 162.36 MB, solutions = 5)
  25693  7550      453.5172    64      453.2042      455.6565  4519696    0.54%
  25748  7569      454.7786    64      453.2042      455.6457  4528633    0.54%
  25806  7589      453.3510    40      453.2042      455.6425  4537294    0.54%
  25871  7618        cutoff            453.2042      455.6394  4545620    0.54%
  25921  7638      454.3405    36      453.2042      455.6352  4553997    0.54%
  25968  7653      453.6812    68      453.2042      455.6305  4562064    0.54%
  26018  7673      453.2780    36      453.2042      455.6256  4570852    0.53%
  26068  7678      454.4248    52      453.2042      455.6219  4579432    0.53%
  26125  7703      454.0145    60      453.2042      455.6133  4588179    0.53%
  26181  7721        cutoff            453.2042      455.6097  4596545    0.53%
Elapsed time = 2135.28 sec. (2449618.21 ticks, tree = 166.97 MB, solutions = 5)
  26236  7749      453.3042    36      453.2042      455.6074  4604839    0.53%
  26296  7765        cutoff            453.2042      455.6029  4612930    0.53%
  26342  7781      454.1020    50      453.2042      455.5995  4621306    0.53%
  26401  7798      453.6849    38      453.2042      455.5948  4630112    0.53%
  26446  7813      453.4580    48      453.2042      455.5919  4638368    0.53%
  26501  7845      454.0723    48      453.2042      455.5866  4646595    0.53%
  26549  7857      453.8348    34      453.2042      455.5817  4655048    0.52%
  26604  7877      454.6408    52      453.2042      455.5756  4663261    0.52%
  26658  7904      453.3770    50      453.2042      455.5722  4672127    0.52%
  26712  7920      453.5129    36      453.2042      455.5691  4680357    0.52%
Elapsed time = 2168.21 sec. (2488251.51 ticks, tree = 170.17 MB, solutions = 5)
  26756  7935      453.4417    48      453.2042      455.5654  4688705    0.52%
  26809  7962      453.2722    50      453.2042      455.5610  4697178    0.52%
  26859  7977      453.2088    22      453.2042      455.5515  4706018    0.52%
  26917  8003      454.1514    46      453.2042      455.5484  4715057    0.52%
  26974  8022      453.7619    22      453.2042      455.5379  4724235    0.51%
  27026  8045      453.4930    38      453.2042      455.5311  4732145    0.51%
  27091  8065      453.6928    16      453.2042      455.5257  4740272    0.51%
  27148  8084      454.2653    68      453.2042      455.5217  4749062    0.51%
  27205  8101      454.4457    56      453.2042      455.5167  4756540    0.51%
  27259  8121      455.0125    44      453.2042      455.5093  4765009    0.51%
Elapsed time = 2201.41 sec. (2527065.36 ticks, tree = 174.81 MB, solutions = 5)
  27317  8145      454.1896    44      453.2042      455.5060  4773660    0.51%
  27365  8157      454.1949    46      453.2042      455.5027  4782291    0.51%
  27422  8180      453.9077    36      453.2042      455.5004  4790898    0.51%
  27491  8207      454.6319    50      453.2042      455.4953  4799448    0.51%
  27540  8220      453.9346    50      453.2042      455.4896  4808361    0.50%
  27595  8233        cutoff            453.2042      455.4856  4816756    0.50%
  27639  8245      453.9221    60      453.2042      455.4814  4824839    0.50%
  27689  8265      453.9682    46      453.2042      455.4788  4833242    0.50%
  27734  8276      454.4154    52      453.2042      455.4729  4841832    0.50%
  27792  8294        cutoff            453.2042      455.4670  4850355    0.50%
Elapsed time = 2235.91 sec. (2565916.46 ticks, tree = 177.36 MB, solutions = 5)
  27849  8317      453.8163    38      453.2042      455.4644  4858915    0.50%
  27891  8327      453.4439    36      453.2042      455.4613  4866550    0.50%
  27948  8348      453.6516    30      453.2042      455.4596  4875175    0.50%
  28002  8368      454.2918    38      453.2042      455.4540  4883701    0.50%
  28060  8382      453.2317    28      453.2042      455.4505  4892432    0.50%
  28115  8395      454.9784    48      453.2042      455.4457  4900238    0.49%
  28159  8405      454.0676    54      453.2042      455.4436  4908544    0.49%
  28212  8420      454.2326    54      453.2042      455.4355  4917428    0.49%
  28259  8439      455.0442    50      453.2042      455.4297  4926000    0.49%
  28314  8456      453.5794    50      453.2042      455.4255  4934584    0.49%
Elapsed time = 2270.73 sec. (2604834.71 ticks, tree = 180.96 MB, solutions = 5)
  28353  8459      453.8242    50      453.2042      455.4223  4942735    0.49%
  28416  8485        cutoff            453.2042      455.4152  4951106    0.49%
  28465  8502      453.2842    28      453.2042      455.4097  4959780    0.49%
  28512  8513      453.7633    32      453.2042      455.4072  4968010    0.49%
  28562  8523      453.4760    54      453.2042      455.4009  4976133    0.48%
  28610  8535        cutoff            453.2042      455.3990  4984773    0.48%
  28662  8550      454.7275    38      453.2042      455.3938  4993472    0.48%
  28713  8571      453.8696    50      453.2042      455.3883  5001890    0.48%
  28760  8580      453.5580    26      453.2042      455.3832  5010122    0.48%
  28836  8607      453.3915    14      453.2042      455.3807  5017717    0.48%
Elapsed time = 2305.00 sec. (2643300.65 ticks, tree = 183.99 MB, solutions = 5)
  28902  8627      453.6008    56      453.2042      455.3749  5025536    0.48%
  28958  8639      453.6245    28      453.2042      455.3723  5033847    0.48%
  29005  8644      454.5174    28      453.2042      455.3649  5042762    0.48%
  29054  8665      454.4718    68      453.2042      455.3619  5051129    0.48%
  29100  8677      454.5863    56      453.2042      455.3571  5059751    0.48%
  29147  8689      454.1552    42      453.2042      455.3545  5068038    0.47%
  29190  8697      453.9731    66      453.2042      455.3494  5076382    0.47%
  29246  8713        cutoff            453.2042      455.3452  5084650    0.47%
  29295  8720      453.8795    52      453.2042      455.3387  5092561    0.47%
  29347  8740      453.2705    64      453.2042      455.3340  5100634    0.47%
Elapsed time = 2339.42 sec. (2682333.46 ticks, tree = 186.45 MB, solutions = 5)
  29405  8760      453.9341    48      453.2042      455.3323  5108542    0.47%
  29450  8778      454.1314    70      453.2042      455.3293  5117026    0.47%
  29504  8792        cutoff            453.2042      455.3243  5125802    0.47%
  29553  8797      454.1939    52      453.2042      455.3188  5134504    0.47%
  29609  8813        cutoff            453.2042      455.3110  5143150    0.46%
  29659  8819      453.5866    50      453.2042      455.3057  5151651    0.46%
  29718  8840      453.4117    56      453.2042      455.3036  5160292    0.46%
  29780  8857      454.1501    60      453.2042      455.2983  5168899    0.46%
  29849  8882      454.5369    36      453.2042      455.2898  5177140    0.46%
  29911  8892        cutoff            453.2042      455.2839  5185224    0.46%
Elapsed time = 2373.82 sec. (2721154.15 ticks, tree = 190.13 MB, solutions = 5)
  29956  8901      453.3977    48      453.2042      455.2808  5193555    0.46%
  30004  8911        cutoff            453.2042      455.2776  5201951    0.46%
  30078  8939      453.7542    74      453.2042      455.2749  5210326    0.46%
  30126  8949      454.7006    36      453.2042      455.2721  5218482    0.46%
  30202  8967        cutoff            453.2042      455.2679  5227181    0.46%
  30245  8974      453.9636    64      453.2042      455.2621  5235094    0.45%
  30304  8983        cutoff            453.2042      455.2558  5243389    0.45%
  30350  8992        cutoff            453.2042      455.2492  5251507    0.45%
  30393  8997      453.3772    38      453.2042      455.2426  5259719    0.45%
  30442  9008      454.3622    52      453.2042      455.2385  5267991    0.45%
Elapsed time = 2408.47 sec. (2759827.09 ticks, tree = 193.56 MB, solutions = 5)
  30491  9019        cutoff            453.2042      455.2361  5276091    0.45%
  30544  9028        cutoff            453.2042      455.2293  5284872    0.45%
  30612  9055      453.8108    26      453.2042      455.2246  5293149    0.45%
  30670  9074      453.4480    46      453.2042      455.2191  5301606    0.44%
  30728  9084        cutoff            453.2042      455.2142  5310767    0.44%
  30790  9102        cutoff            453.2042      455.2116  5319088    0.44%
  30833  9107      454.2364    40      453.2042      455.2083  5327576    0.44%
  30881  9112      453.9685    54      453.2042      455.2032  5335752    0.44%
  30933  9128      453.4839    58      453.2042      455.1986  5343812    0.44%
  30984  9137        cutoff            453.2042      455.1947  5352492    0.44%
Elapsed time = 2441.72 sec. (2798919.33 ticks, tree = 196.07 MB, solutions = 5)
  31031  9146      454.0668    58      453.2042      455.1889  5361207    0.44%
  31086  9155      453.9245    56      453.2042      455.1847  5370239    0.44%
  31141  9164      453.5591    50      453.2042      455.1818  5378617    0.44%
  31195  9183      453.6299    18      453.2042      455.1790  5387173    0.44%
  31250  9195      453.5025    38      453.2042      455.1778  5395326    0.44%
  31303  9207        cutoff            453.2042      455.1732  5403789    0.43%
  31357  9225      453.5461    32      453.2042      455.1703  5412322    0.43%
  31412  9229      453.9616    56      453.2042      455.1654  5421014    0.43%
  31469  9246      454.3269    56      453.2042      455.1628  5429122    0.43%
  31515  9250      453.5059    50      453.2042      455.1582  5437289    0.43%
Elapsed time = 2474.25 sec. (2837657.78 ticks, tree = 197.55 MB, solutions = 5)
  31558  9263      453.2818    68      453.2042      455.1534  5445665    0.43%
  31614  9275        cutoff            453.2042      455.1500  5453905    0.43%
  31658  9277      453.6293    54      453.2042      455.1440  5462050    0.43%
  31711  9294      453.2300    44      453.2042      455.1413  5470816    0.43%
  31765  9307        cutoff            453.2042      455.1373  5479320    0.43%
  31811  9312      453.3796    22      453.2042      455.1339  5488081    0.43%
  31874  9327      454.2479    66      453.2042      455.1300  5496859    0.42%
  31929  9344      453.8443    32      453.2042      455.1288  5505960    0.42%
  31986  9353      454.1470    42      453.2042      455.1235  5514296    0.42%
  32053  9378      454.1766    42      453.2042      455.1193  5522415    0.42%
Elapsed time = 2507.64 sec. (2876331.16 ticks, tree = 197.98 MB, solutions = 5)
  32113  9390      454.5052    70      453.2042      455.1158  5530657    0.42%
  32164  9403      453.6846    58      453.2042      455.1102  5538879    0.42%
  32233  9419        cutoff            453.2042      455.1064  5547252    0.42%
  32281  9429      453.2846    42      453.2042      455.1044  5556124    0.42%
  32335  9437        cutoff            453.2042      455.1019  5564493    0.42%
  32384  9442      453.5758    32      453.2042      455.0965  5572865    0.42%
  32443  9452      454.1203    42      453.2042      455.0937  5581221    0.42%
  32486  9455      453.2661    38      453.2042      455.0881  5588949    0.42%
  32541  9457      454.2846    18      453.2042      455.0810  5597361    0.41%
  32598  9470      453.7094    48      453.2042      455.0762  5605730    0.41%
Elapsed time = 2540.22 sec. (2915014.54 ticks, tree = 199.73 MB, solutions = 5)
  32645  9471      453.3400    70      453.2042      455.0732  5613832    0.41%
  32690  9473      453.8175    46      453.2042      455.0664  5621496    0.41%
  32737  9482        cutoff            453.2042      455.0638  5630232    0.41%
  32770  9482      453.6424    58      453.2042      455.0590  5637794    0.41%
  32832  9499      453.4781    68      453.2042      455.0548  5646402    0.41%
  32889  9502      454.3143    38      453.2042      455.0503  5655115    0.41%
  32934  9511      453.3798    34      453.2042      455.0473  5663132    0.41%
  33000  9527        cutoff            453.2042      455.0449  5671424    0.41%
  33052  9534        cutoff            453.2042      455.0412  5679426    0.41%
  33104  9550      453.7260    56      453.2042      455.0362  5687786    0.40%
Elapsed time = 2573.14 sec. (2954145.62 ticks, tree = 201.34 MB, solutions = 5)
  33165  9565        cutoff            453.2042      455.0329  5695918    0.40%
  33208  9568      453.9349    30      453.2042      455.0276  5704367    0.40%
  33262  9565        cutoff            453.2042      455.0215  5712476    0.40%
  33322  9571        cutoff            453.2042      455.0150  5721333    0.40%
  33374  9581      453.4355    36      453.2042      455.0122  5729825    0.40%
  33435  9592      453.5221    70      453.2042      455.0083  5738981    0.40%
  33496  9609        cutoff            453.2042      455.0025  5747643    0.40%
  33555  9613      453.4755    34      453.2042      454.9976  5756047    0.40%
  33623  9631      454.4279    64      453.2042      454.9939  5764263    0.39%
  33669  9633      453.8781    40      453.2042      454.9898  5772099    0.39%
Elapsed time = 2606.19 sec. (2992982.61 ticks, tree = 202.48 MB, solutions = 5)
  33710  9636      453.9303    48      453.2042      454.9849  5780155    0.39%
  33773  9655      453.2541    52      453.2042      454.9786  5788528    0.39%
  33826  9648      453.9007    54      453.2042      454.9742  5796385    0.39%
  33877  9659      453.2941    56      453.2042      454.9704  5805218    0.39%
  33931  9663      453.3375    40      453.2042      454.9666  5814035    0.39%
  33988  9666        cutoff            453.2042      454.9630  5822446    0.39%
  34039  9667      454.0266    34      453.2042      454.9571  5830646    0.39%
  34109  9681      454.3492    60      453.2042      454.9525  5839806    0.39%
  34151  9687      454.1256    34      453.2042      454.9485  5847964    0.38%
  34200  9688        cutoff            453.2042      454.9432  5856542    0.38%
Elapsed time = 2638.59 sec. (3031928.69 ticks, tree = 203.58 MB, solutions = 5)
  34251  9693      453.9040    32      453.2042      454.9388  5864242    0.38%
  34305  9704      453.4483    18      453.2042      454.9345  5872435    0.38%
  34371  9715      453.6451    26      453.2042      454.9309  5880773    0.38%
  34425  9714      453.4320    58      453.2042      454.9272  5889730    0.38%
  34480  9723      453.4597    32      453.2042      454.9218  5898005    0.38%
  34534  9727      453.6448    52      453.2042      454.9166  5907097    0.38%
  34594  9733      454.4170    46      453.2042      454.9100  5915948    0.38%
  34655  9750      454.2427    62      453.2042      454.9067  5924547    0.38%
  34716  9757      453.5255    50      453.2042      454.9038  5933062    0.38%
  34763  9756        cutoff            453.2042      454.9014  5941037    0.37%
Elapsed time = 2670.95 sec. (3070730.48 ticks, tree = 204.21 MB, solutions = 5)
  34820  9765      453.5652    52      453.2042      454.8973  5950237    0.37%
  34879  9774      453.6864    56      453.2042      454.8915  5958991    0.37%
  34938  9786      453.5374    54      453.2042      454.8887  5967551    0.37%
  35000  9786      453.4374    24      453.2042      454.8836  5975739    0.37%
  35058  9786      453.6536    56      453.2042      454.8797  5983791    0.37%
  35110  9788      453.3667    40      453.2042      454.8763  5992336    0.37%
  35167  9795      453.9363    54      453.2042      454.8723  6000803    0.37%
  35224  9807      454.0219    36      453.2042      454.8670  6009057    0.37%
  35279  9812      453.3505    44      453.2042      454.8613  6017590    0.37%
  35342  9819      454.3542    32      453.2042      454.8569  6026083    0.36%
Elapsed time = 2704.19 sec. (3109637.51 ticks, tree = 203.47 MB, solutions = 5)
  35396  9825      453.4743    42      453.2042      454.8526  6034828    0.36%
  35462  9835      453.3934    48      453.2042      454.8469  6043010    0.36%
  35513  9842        cutoff            453.2042      454.8428  6051362    0.36%
  35554  9837      453.5049    42      453.2042      454.8381  6059414    0.36%
  35612  9841        cutoff            453.2042      454.8349  6068259    0.36%
  35661  9840        cutoff            453.2042      454.8323  6076035    0.36%
  35733  9858      453.2260    42      453.2042      454.8307  6084704    0.36%
  35783  9862      453.3122    44      453.2042      454.8281  6093358    0.36%
  35844  9873        cutoff            453.2042      454.8265  6101785    0.36%
  35899  9873        cutoff            453.2042      454.8235  6110123    0.36%
Elapsed time = 2737.63 sec. (3148452.75 ticks, tree = 203.90 MB, solutions = 5)
  35947  9871        cutoff            453.2042      454.8205  6118179    0.36%
  35991  9865      453.8018    40      453.2042      454.8153  6125994    0.36%
  36041  9863        cutoff            453.2042      454.8096  6134252    0.35%
  36093  9853      453.4973    52      453.2042      454.8029  6141692    0.35%
  36145  9849      453.6904    32      453.2042      454.7978  6149981    0.35%
  36184  9836      453.5984    40      453.2042      454.7948  6157149    0.35%
  36233  9827        cutoff            453.2042      454.7893  6164783    0.35%
  36281  9829      454.2213    62      453.2042      454.7865  6173318    0.35%
  36324  9832      453.4274    56      453.2042      454.7841  6181609    0.35%
  36390  9834      454.3713    68      453.2042      454.7807  6189415    0.35%
Elapsed time = 2770.62 sec. (3187458.77 ticks, tree = 203.73 MB, solutions = 5)
  36438  9830      453.3313    44      453.2042      454.7755  6197714    0.35%
  36482  9816        cutoff            453.2042      454.7701  6205437    0.35%
  36534  9818        cutoff            453.2042      454.7669  6213743    0.34%
  36590  9818      453.2953    40      453.2042      454.7604  6222000    0.34%
  36643  9814      453.2351    32      453.2042      454.7570  6231005    0.34%
  36704  9813        cutoff            453.2042      454.7541  6239526    0.34%
  36753  9812      454.2460    44      453.2042      454.7488  6247767    0.34%
  36808  9813      454.1316    38      453.2042      454.7451  6256215    0.34%
  36872  9819      453.7692    38      453.2042      454.7385  6265002    0.34%
  36924  9819        cutoff            453.2042      454.7350  6272699    0.34%
Elapsed time = 2804.68 sec. (3226048.33 ticks, tree = 202.32 MB, solutions = 5)
  36986  9827      454.3220    36      453.2042      454.7308  6281161    0.34%
  37042  9823      453.9254    34      453.2042      454.7266  6289442    0.34%
  37102  9820        cutoff            453.2042      454.7219  6297800    0.33%
  37165  9829      453.2847    42      453.2042      454.7173  6306354    0.33%
  37232  9830      453.7554    20      453.2042      454.7143  6314886    0.33%
  37298  9848      453.2654    52      453.2042      454.7119  6323149    0.33%
  37359  9857      453.4606    40      453.2042      454.7079  6331527    0.33%
  37412  9848      453.4141    36      453.2042      454.7034  6339615    0.33%
  37464  9850      453.6944    26      453.2042      454.6999  6347457    0.33%
  37523  9851      453.5744    42      453.2042      454.6950  6355383    0.33%
Elapsed time = 2839.12 sec. (3265033.22 ticks, tree = 204.54 MB, solutions = 5)
  37572  9852      454.1046    50      453.2042      454.6914  6363499    0.33%
  37618  9843      453.6659    38      453.2042      454.6876  6371470    0.33%
  37668  9836      453.6480    60      453.2042      454.6825  6380243    0.33%
  37718  9826      454.1650    44      453.2042      454.6780  6388064    0.33%
  37778  9829        cutoff            453.2042      454.6757  6396683    0.32%
  37835  9830        cutoff            453.2042      454.6697  6404953    0.32%
  37881  9826      453.8759    50      453.2042      454.6637  6413096    0.32%
  37932  9817        cutoff            453.2042      454.6604  6421106    0.32%
  37966  9795        cutoff            453.2042      454.6545  6428369    0.32%
  38019  9792      453.5083    46      453.2042      454.6494  6436672    0.32%
Elapsed time = 2872.24 sec. (3304447.09 ticks, tree = 204.13 MB, solutions = 5)
  38067  9782      453.5018    52      453.2042      454.6474  6444760    0.32%
  38116  9777      453.3181    58      453.2042      454.6427  6453095    0.32%
  38173  9779      453.5268    28      453.2042      454.6395  6461568    0.32%
  38226  9784      453.6729    42      453.2042      454.6363  6469943    0.32%
  38278  9774      453.8619    54      453.2042      454.6311  6478484    0.31%
  38326  9762        cutoff            453.2042      454.6269  6486008    0.31%
  38372  9748      453.4541    38      453.2042      454.6194  6493690    0.31%
  38426  9740      453.3795    64      453.2042      454.6162  6502272    0.31%
  38477  9731      453.4157    58      453.2042      454.6132  6510609    0.31%
  38539  9717      453.6533    46      453.2042      454.6063  6519171    0.31%
Elapsed time = 2905.30 sec. (3343602.79 ticks, tree = 202.11 MB, solutions = 5)
  38588  9704        cutoff            453.2042      454.6019  6526483    0.31%
  38636  9694      453.8942    48      453.2042      454.5961  6534388    0.31%
  38694  9695      453.2631    48      453.2042      454.5919  6542450    0.31%
  38748  9679        cutoff            453.2042      454.5860  6550813    0.30%
  38816  9697      453.9598    52      453.2042      454.5827  6559499    0.30%
  38858  9685        cutoff            453.2042      454.5789  6568021    0.30%
  38900  9673        cutoff            453.2042      454.5760  6575810    0.30%
  38950  9671        cutoff            453.2042      454.5735  6583953    0.30%
  39005  9667      453.4417    26      453.2042      454.5696  6591871    0.30%
  39060  9655      453.2909    42      453.2042      454.5638  6600096    0.30%
Elapsed time = 2938.40 sec. (3382621.93 ticks, tree = 200.87 MB, solutions = 5)
  39119  9648        cutoff            453.2042      454.5598  6608150    0.30%
  39164  9633      453.8208    68      453.2042      454.5556  6615774    0.30%
  39211  9618        cutoff            453.2042      454.5515  6624078    0.30%
  39258  9607      453.5073    50      453.2042      454.5463  6631854    0.30%
  39320  9596      453.5011    58      453.2042      454.5406  6639670    0.29%
  39373  9589        cutoff            453.2042      454.5372  6647817    0.29%
  39429  9583      453.2554    52      453.2042      454.5339  6656267    0.29%
  39490  9570      453.9667    30      453.2042      454.5279  6664561    0.29%
  39546  9560      453.9157    50      453.2042      454.5231  6673880    0.29%
  39595  9547        cutoff            453.2042      454.5181  6681817    0.29%
Elapsed time = 2971.13 sec. (3421708.83 ticks, tree = 198.68 MB, solutions = 5)
  39645  9537        cutoff            453.2042      454.5140  6689685    0.29%
  39696  9520        cutoff            453.2042      454.5087  6696642    0.29%
  39745  9513      453.3523    66      453.2042      454.5051  6705218    0.29%
  39800  9505      453.6285    50      453.2042      454.5003  6712640    0.29%
  39849  9490        cutoff            453.2042      454.4951  6719917    0.28%
  39901  9474      453.3917    34      453.2042      454.4889  6727878    0.28%
  39962  9469      453.2656    54      453.2042      454.4854  6736309    0.28%
  40015  9442        cutoff            453.2042      454.4799  6744158    0.28%
  40069  9432      453.3486    44      453.2042      454.4760  6751961    0.28%
  40132  9425      453.2858    64      453.2042      454.4724  6760226    0.28%
Elapsed time = 3004.91 sec. (3460532.22 ticks, tree = 196.31 MB, solutions = 5)
  40187  9411        cutoff            453.2042      454.4678  6768385    0.28%
  40249  9412        cutoff            453.2042      454.4647  6776245    0.28%
  40296  9397      453.3719    36      453.2042      454.4574  6783695    0.28%
  40353  9368      453.8799    76      453.2042      454.4525  6792131    0.28%
  40404  9351        cutoff            453.2042      454.4497  6799009    0.27%
  40468  9355      453.8878    34      453.2042      454.4469  6807024    0.27%
  40532  9347        cutoff            453.2042      454.4416  6815704    0.27%
  40580  9339        cutoff            453.2042      454.4385  6823708    0.27%
  40636  9334      453.8611    46      453.2042      454.4350  6832078    0.27%
  40682  9315        cutoff            453.2042      454.4300  6839090    0.27%
Elapsed time = 3039.57 sec. (3499884.73 ticks, tree = 194.48 MB, solutions = 5)
  40742  9303        cutoff            453.2042      454.4257  6845829    0.27%
  40785  9284        cutoff            453.2042      454.4207  6853437    0.27%
  40840  9277      453.3031    34      453.2042      454.4170  6861605    0.27%
  40903  9265      453.3287    28      453.2042      454.4130  6869278    0.27%
  40964  9260      453.7165    36      453.2042      454.4082  6877083    0.27%
  41018  9243        cutoff            453.2042      454.4034  6885008    0.26%
  41073  9220        cutoff            453.2042      454.3957  6893113    0.26%
  41126  9200        cutoff            453.2042      454.3900  6901366    0.26%
  41195  9187        cutoff            453.2042      454.3863  6909464    0.26%
  41251  9165        cutoff            453.2042      454.3815  6916607    0.26%
Elapsed time = 3073.57 sec. (3538364.01 ticks, tree = 191.59 MB, solutions = 5)
  41301  9147        cutoff            453.2042      454.3776  6924197    0.26%
  41343  9127      453.5158    42      453.2042      454.3717  6931943    0.26%
  41396  9113        cutoff            453.2042      454.3694  6939840    0.26%
  41447  9098      453.4756    56      453.2042      454.3660  6948064    0.26%
  41498  9081      453.2711    36      453.2042      454.3612  6956557    0.26%
  41557  9067      453.2364    28      453.2042      454.3577  6964021    0.25%
  41611  9051        cutoff            453.2042      454.3533  6971437    0.25%
  41659  9026      453.5597    42      453.2042      454.3474  6979367    0.25%
  41714  9007      453.6410    44      453.2042      454.3432  6986981    0.25%
  41774  8987      453.2397    30      453.2042      454.3385  6994583    0.25%
Elapsed time = 3107.74 sec. (3577029.86 ticks, tree = 188.13 MB, solutions = 5)
  41835  8964        cutoff            453.2042      454.3336  7002441    0.25%
  41891  8944      453.2187    54      453.2042      454.3288  7010594    0.25%
  41936  8913        cutoff            453.2042      454.3234  7018189    0.25%
  41982  8889        cutoff            453.2042      454.3189  7026007    0.25%
  42039  8875      453.2475    34      453.2042      454.3139  7033749    0.24%
  42098  8852        cutoff            453.2042      454.3083  7040893    0.24%
  42158  8822        cutoff            453.2042      454.3023  7049527    0.24%
  42218  8804        cutoff            453.2042      454.2986  7057644    0.24%
  42273  8779        cutoff            453.2042      454.2950  7065756    0.24%
  42330  8760      453.3651    46      453.2042      454.2904  7074224    0.24%
Elapsed time = 3141.53 sec. (3615625.30 ticks, tree = 183.19 MB, solutions = 5)
  42379  8728      453.4520    38      453.2042      454.2838  7080945    0.24%
  42433  8700      453.7059    46      453.2042      454.2774  7089568    0.24%
  42489  8666        cutoff            453.2042      454.2741  7097168    0.24%
  42545  8638        cutoff            453.2042      454.2696  7105928    0.24%
  42598  8611        cutoff            453.2042      454.2657  7113670    0.23%
  42665  8590      453.2222    52      453.2042      454.2608  7121620    0.23%
  42722  8557      453.2526    64      453.2042      454.2534  7129727    0.23%
  42781  8530      453.8842    38      453.2042      454.2471  7138161    0.23%
  42842  8512      453.5139    30      453.2042      454.2441  7146072    0.23%
  42909  8483        cutoff            453.2042      454.2395  7154599    0.23%
Elapsed time = 3175.72 sec. (3654412.55 ticks, tree = 176.77 MB, solutions = 5)
  42974  8458        cutoff            453.2042      454.2351  7162176    0.23%
  43021  8431        cutoff            453.2042      454.2317  7169593    0.23%
  43081  8414        cutoff            453.2042      454.2264  7177401    0.23%
  43135  8392      453.4285    30      453.2042      454.2206  7185348    0.22%
  43198  8365      453.2731    46      453.2042      454.2161  7193218    0.22%
  43273  8346      453.4815    34      453.2042      454.2110  7202321    0.22%
  43335  8314        cutoff            453.2042      454.2043  7210669    0.22%
  43407  8276      453.3950    30      453.2042      454.1961  7219052    0.22%
  43473  8244        cutoff            453.2042      454.1898  7228069    0.22%
  43715  8105        cutoff            453.2042      454.1694  7259376    0.21%
Elapsed time = 3219.91 sec. (3704416.75 ticks, tree = 167.83 MB, solutions = 5)
  43979  8015      453.2912    12      453.2042      454.1516  7293007    0.21%
Starting limited solution polishing.
  44250  7874        cutoff            453.2042      454.1273  7324524    0.20%
  44501  7744        cutoff            453.2042      454.1045  7357590    0.20%
  44769  7578        cutoff            453.2042      454.0787  7391179    0.19%
  45026  7422        cutoff            453.2042      454.0524  7421019    0.19%
  45283  7257        cutoff            453.2042      454.0306  7452247    0.18%
  45540  7086        cutoff            453.2042      454.0063  7482708    0.18%
  45815  6926        cutoff            453.2042      453.9795  7512845    0.17%
  46090  6750        cutoff            453.2042      453.9557  7543606    0.17%
  46364  6554        cutoff            453.2042      453.9282  7574872    0.16%
Elapsed time = 3353.00 sec. (3857489.23 ticks, tree = 134.13 MB, solutions = 5)
  46695  6302        cutoff            453.2042      453.9001  7609308    0.15%
  47007  6055        cutoff            453.2042      453.8749  7643728    0.15%
  47329  5799        cutoff            453.2042      453.8472  7678103    0.14%
  47656  5522        cutoff            453.2042      453.8173  7712403    0.14%
  48008  5199        cutoff            453.2042      453.7847  7746289    0.13%
  48403  4842        cutoff            453.2042      453.7506  7779641    0.12%
  48815  4474        cutoff            453.2042      453.7152  7813050    0.11%
  49285  4046        cutoff            453.2042      453.6715  7845457    0.10%
  49779  3591        cutoff            453.2042      453.6311  7877136    0.09%
  50310  3071        cutoff            453.2042      453.5856  7908168    0.08%
Elapsed time = 3487.96 sec. (4010362.22 ticks, tree = 62.72 MB, solutions = 5)
  50944  2453        cutoff            453.2042      453.5246  7937249    0.07%
  51710  1695        cutoff            453.2042      453.4521  7963218    0.05%
  52665   740        cutoff            453.2042      453.3463  7984278    0.03%

Flow cuts applied:  47
Mixed integer rounding cuts applied:  107
Lift and project cuts applied:  9
Gomory fractional cuts applied:  1
User cuts applied:  2841

Root node processing (before b&c):
  Real time             =    9.63 sec. (8297.15 ticks)
Sequential b&c:
  Real time             = 3530.22 sec. (4057174.31 ticks)
                          ------------
Total (root+branch&cut) = 3539.85 sec. (4065471.46 ticks)
|V|                                     800
K                                       10
theta                                   0.50
r                                       5
R                                       20
prob_func                               linear
#C1                                     3052
#CP                                     91980

@Parameters: 
am_callback_heuristic                   false
am_local_search                         true
am_start_heuristic                      false
colocation                              true
comp                                    false
cutC                                    true
cutC_init                               false
cutF                                    false
cutF_init                               false
cutF_stable                             false
cutF_wrong                              false
cutLocal                                false
cutM                                    true
cutM_init                               true
cutM_stable                             false
cutP                                    true
cutP_init                               false
cutP_stable                             false
init                                    true
init_cutF_zero                          false
init_val_greedy                         true
is_Euclidean                            false
is_local_search                         false
is_right_cutP                           true
is_root                                 false
is_silent                               false
is_start                                false
mycut                                   false
pmed                                    false
pre                                     true
stable_root                             false
str                                     true
two_phase                               false
ubstr                                   false
mode                                    Int

am_callback_node_space                  50
init                                    0
mixture_seed                            1
node_space                              5
nodelimit                               -1
nsepa                                   1
strF                                    0
type_delta                              0

EPS                                     0.001000
EPS_FRAC                                0.00
gap                                     0.00
mixture_high_max                        0.99
mixture_high_min                        0.90
mixture_low_max                         0.01
mixture_low_min                         0.00
mixture_low_share                       0.80
timelimit                               3600.00

Number of Closed Sites: 5 / 50 
Number of Confined Sites-1: 3 / 27 
Number of Confined Sites-k: 792 / 2207 
Preprocess Time: 1.81 + 0.00 sec

Solve Time: 3539.85
Number of Nodes: 53410
Termination Status: OPTIMAL

CutInfo: [phase] num / time (sec) / aver. num_nonzero
max              [LP]     0 / 0.00 / 0.00 [init]   695 / 0.03 / 17.50 [rLC]   692 / 0.08 / 33.50 [rUC]  1722 / 0.55 / 29.02 [sLC]   518 / 0.18 / 37.29 [sUC]  1530 / 2.71 / 32.79 
prod_oa          [LP]     0 / 0.00 / 0.00 [init]   692 / 0.03 / 100.67 [rLC]  2065 / 0.19 / 119.73 [rUC]   345 / 1.07 / 100.27 [sLC]  3117 / 0.42 / 123.90 [sUC]   812 / 8.36 / 113.85 
prod_sm_fixed    [LP]     0 / 0.00 / 0.00 [init]     0 / 0.00 / 0.00 [rLC]     0 / 0.00 / 0.00 [rUC]     0 / 0.00 / 0.00 [sLC]     0 / 0.00 / 0.00 [sUC]     0 / 0.00 / 0.00 
prod_bin         [LP]     0 / 0.00 / 0.00 [init]     0 / 0.00 / 0.00 [rLC]     0 / 0.00 / 0.00 [rUC]     0 / 0.00 / 0.00 [sLC]     0 / 0.00 / 0.00 [sUC]     0 / 0.00 / 0.00 
prod_local       [LP]     0 / 0.00 / 0.00 [init]     0 / 0.00 / 0.00 [rLC]     0 / 0.00 / 0.00 [rUC]     0 / 0.00 / 0.00 [sLC]     0 / 0.00 / 0.00 [sUC]     0 / 0.00 / 0.00 
prod_sm_C        [LP]     0 / 0.00 / 0.00 [init]     0 / 0.00 / 0.00 [rLC]     0 / 0.00 / 0.00 [rUC]     0 / 0.00 / 0.00 [sLC]     0 / 0.00 / 0.00 [sUC]     0 / 0.00 / 0.00 
facet            [LP]     0 / 0.00 / 0.00 [init]     0 / 0.00 / 0.00 [rLC]     0 / 0.00 / 0.00 [rUC]     0 / 0.00 / 0.00 [sLC]     0 / 0.00 / 0.00 [sUC]     0 / 0.00 / 0.00 
Separation Round:   [LP] 0  [init] 1  [rLC] 7  [rUC] 31  [sLC] 15  [sUC] 61679  
Root Best Bound 461.964894
Root Best Integer: 451.485800
Best Bound: 453.281872
Best Integer: 453.204185
1: 88, 251, 306, 308, 326, 388, 583, 667, 711, 760
Objective Value (calc): 453.182826
sum_etaM = 409.800000 / 409.800000
sum_etaP = 496.608371 / 496.565652
nL: 10
nCL: 0
mCL: 1
