Version identifier: 20.1.0.0 | 2020-11-10 | 9bedb6d68
CPXPARAM_Threads                                 1
CPXPARAM_TimeLimit                               3600
CPXPARAM_MIP_Tolerances_MIPGap                   0
Generic callback                                 0x60
1 of 1 MIP starts provided solutions.
MIP start 'm1' defined initial solution with objective 787.2455.
Tried aggregator 2 times.
MIP Presolve eliminated 5 rows and 4 columns.
Aggregator did 1 substitutions.
Reduced MIP has 2569 rows, 3595 columns, and 126237 nonzeros.
Reduced MIP has 898 binaries, 897 generals, 0 SOSs, and 0 indicators.
Presolve time = 0.06 sec. (39.32 ticks)
Probing time = 0.01 sec. (19.15 ticks)
Tried aggregator 1 time.
Reduced MIP has 2569 rows, 3595 columns, and 126237 nonzeros.
Reduced MIP has 898 binaries, 897 generals, 0 SOSs, and 0 indicators.
Presolve time = 0.03 sec. (23.00 ticks)
Probing time = 0.01 sec. (19.11 ticks)
MIP emphasis: balance optimality and feasibility.
MIP search method: dynamic search.
Parallel mode: none, using 1 thread.
Root relaxation solution time = 0.27 sec. (336.07 ticks)

        Nodes                                         Cuts/
   Node  Left     Objective  IInf  Best Integer    Best Bound    ItCnt     Gap

*     0+    0                          787.2455      900.0000            14.32%
      0     0      831.1942    48      787.2455      831.1942     2528    5.58%
      0     0      797.4430    98      787.2455     Cuts: 578     3470    1.30%
      0     0      795.4067    88      787.2455     Cuts: 304     3939    1.04%
      0     0      795.0252    98      787.2455     Cuts: 187     4160    0.99%
      0     0      794.8589   100      787.2455     Cuts: 111     4300    0.97%
      0     0      794.7624   104      787.2455      Cuts: 73     4411    0.95%
      0     0      794.7261   102      787.2455      Cuts: 55     4462    0.95%
      0     0      794.7088   106      787.2455      Cuts: 28     4519    0.95%
      0     0      794.6982   100      787.2455 UserPurge2: 28     4566    0.95%
      0     0      794.6960    98      787.2455 UserPurge2: 11     4598    0.95%
      0     0      794.6945   100      787.2455 UserPurge2: 7     4622    0.95%
      0     0      794.6938   106      787.2455 UserPurge2: 12     4638    0.95%
      0     0      794.6935   102      787.2455 UserPurge2: 2     4645    0.95%
      0     0      794.6934   104      787.2455 UserPurge2: 3     4650    0.95%
      0     0      794.6932   104      787.2455 UserPurge2: 2     4652    0.95%
      0     0      794.6931   102      787.2455 UserPurge2: 2     4657    0.95%
*     0+    0                          787.2509      794.6931             0.95%
      0     0        cutoff            787.2509      794.6931     4657    0.95%
      0     2      794.4170   100      787.2509      794.4168     4657    0.91%
Elapsed time = 7.06 sec. (4771.10 ticks, tree = 0.01 MB, solutions = 2)
      2     4      793.7727    86      787.2509      794.2259     5655    0.89%
      4     6      792.8362    72      787.2509      794.2259     7210    0.89%
      5     7      791.1506    64      787.2509      794.2259    10034    0.89%
      6     8      792.3059    80      787.2509      794.2259    11353    0.89%
      7     9      791.7897    58      787.2509      794.2259    12518    0.89%
      8    10      791.6813    62      787.2509      794.2259    12750    0.89%
     10    12      790.6555    68      787.2509      794.2259    14213    0.89%
     12    14      789.9642    56      787.2509      794.2259    14721    0.89%
     15    17      788.1942    20      787.2509      794.2259    15747    0.89%
*    20+   18                          787.6667      794.2259             0.83%
     24    21      792.9364    86      787.6667      794.2257    18771    0.83%
Elapsed time = 13.11 sec. (10470.06 ticks, tree = 0.14 MB, solutions = 3)
     27    24      791.2642    72      787.6667      794.2257    20718    0.83%
     31    28      788.6630    48      787.6667      794.2257    22896    0.83%
     43    30      793.1372   112      787.6667      793.8685    24718    0.79%
     45    32      790.9214   114      787.6667      793.8685    27786    0.79%
     49    36      788.7442   108      787.6667      793.8685    30281    0.79%
     51    38      787.7361   112      787.6667      793.8685    32544    0.79%
     55    38      791.4603   100      787.6667      793.7726    35064    0.78%
     59    42      788.3238    88      787.6667      793.7726    37488    0.78%
     64    43      792.9650    92      787.6667      793.6146    39242    0.76%
     67    46      791.9364   110      787.6667      793.6146    41319    0.76%
Elapsed time = 26.75 sec. (22024.61 ticks, tree = 0.54 MB, solutions = 3)
     70    49      791.3235   108      787.6667      793.6146    42846    0.76%
     76    55      789.7323   110      787.6667      793.6146    44852    0.76%
     80    59      788.7217   114      787.6667      793.6146    47627    0.76%
     87    62      791.9666    92      787.6667      793.5814    50436    0.75%
     90    65      789.9029    76      787.6667      793.5814    52182    0.75%
     97    68      792.0399    80      787.6667      793.5812    54770    0.75%
    101    72      790.9147    96      787.6667      793.5812    56853    0.75%
    106    77      789.8333    92      787.6667      793.5812    59270    0.75%
    110    81      788.3817    96      787.6667      793.5812    61549    0.75%
    117    84      792.3385   100      787.6667      793.1356    63819    0.69%
Elapsed time = 43.20 sec. (37625.85 ticks, tree = 1.29 MB, solutions = 3)
    120    87      791.5195   104      787.6667      793.1356    65550    0.69%
    125    92      790.0728   116      787.6667      793.1356    67518    0.69%
    130    97      788.2084   112      787.6667      793.1356    70765    0.69%
    134    97      790.9538   100      787.6667      792.9607    72711    0.67%
    137   100      789.7234    88      787.6667      792.9607    75043    0.67%
    140   103      788.7724    86      787.6667      792.9607    77587    0.67%
    146   105        cutoff            787.6667      792.9607    79666    0.67%
    150   109      791.0908   102      787.6667      792.9490    81376    0.67%
    158   117      788.8133    84      787.6667      792.9490    83281    0.67%
    164   119      790.8717   108      787.6667      792.4604    84911    0.61%
Elapsed time = 56.75 sec. (49422.43 ticks, tree = 2.45 MB, solutions = 3)
    170   121      790.7080    80      787.6667      792.3382    87223    0.59%
    176   127      789.4511    86      787.6667      792.3382    89333    0.59%
    183   130      790.5579    84      787.6667      792.3142    91423    0.59%
    191   136        cutoff            787.6667      792.3142    93316    0.59%
    198   139      789.8671    82      787.6667      792.3058    94977    0.59%
    205   142      791.4234    92      787.6667      792.3052    96661    0.59%
    212   149      789.8507    98      787.6667      792.3052    98177    0.59%
    221   154        cutoff            787.6667      792.3052   100412    0.59%
    226   159      788.4232    36      787.6667      792.2206   102196    0.58%
    236   159      791.1260    84      787.6667      792.0398   103713    0.56%
Elapsed time = 70.80 sec. (60232.78 ticks, tree = 3.69 MB, solutions = 3)
    244   167      789.2264    88      787.6667      792.0398   105487    0.56%
    253   172      790.2840    66      787.6667      792.0267   108180    0.55%
    260   179      788.6382    80      787.6667      792.0267   109586    0.55%
    267   182      789.3084    74      787.6667      791.9648   111479    0.55%
    273   184      790.6853    98      787.6667      791.9336   113620    0.54%
    278   189      787.8832    92      787.6667      791.9336   115652    0.54%
    288   191      788.1063    60      787.6667      791.9308   117361    0.54%
    296   193      789.9921    88      787.6667      791.8153   118906    0.53%
    300   197      788.9721   102      787.6667      791.8153   119854    0.53%
    309   202      791.2721    86      787.6667      791.8121   121564    0.53%
Elapsed time = 83.35 sec. (71311.66 ticks, tree = 5.08 MB, solutions = 3)
    318   211      789.3128    94      787.6667      791.8121   123372    0.53%
    325   214      790.4997    64      787.6667      791.7744   125708    0.52%
    334   223      788.3914    76      787.6667      791.7744   127557    0.52%
    342   225      790.1901    94      787.6667      791.7298   129213    0.52%
    350   233      788.3959    92      787.6667      791.7298   130902    0.52%
    355   234      789.5827    94      787.6667      791.7221   133039    0.51%
    360   235      790.2140    70      787.6667      791.6584   135153    0.51%
    369   242      787.8806    80      787.6667      791.6584   136923    0.51%
    378   247      789.4617    80      787.6667      791.5613   138572    0.49%
    388   253      789.8870    70      787.6667      791.5386   140293    0.49%
Elapsed time = 96.31 sec. (82637.53 ticks, tree = 6.48 MB, solutions = 3)
    398   261      787.9579    78      787.6667      791.5386   142148    0.49%
    403   260      789.8666    84      787.6667      791.5187   144193    0.49%
    409   266      788.3001    96      787.6667      791.5187   145897    0.49%
    416   267      789.9775    88      787.6667      791.4544   147484    0.48%
    422   269      790.4334    94      787.6667      791.4229   149228    0.48%
    430   277      788.7674    98      787.6667      791.4229   151162    0.48%
    439   282      789.1175    64      787.6667      791.4096   152928    0.48%
    447   286      789.6640    74      787.6667      791.4051   154266    0.47%
    455   290      789.7827    72      787.6667      791.3759   156840    0.47%
    463   296        cutoff            787.6667      791.3759   158403    0.47%
Elapsed time = 108.46 sec. (93408.97 ticks, tree = 8.25 MB, solutions = 3)
    471   300      788.0806    54      787.6667      791.3203   160284    0.46%
    479   300      789.3014    84      787.6667      791.3155   161993    0.46%
    483   302        cutoff            787.6667      791.3155   163029    0.46%
    492   305      787.8276    78      787.6667      791.2706   164837    0.46%
    500   309      787.8728    82      787.6667      791.1504   166465    0.44%
    512   317      788.6018    68      787.6667      791.1488   168001    0.44%
    520   317      789.8888    32      787.6667      791.1420   169600    0.44%
    526   321        cutoff            787.6667      791.1420   171314    0.44%
    538   325      789.3162    82      787.6667      791.1389   172906    0.44%
    545   330      788.3847    78      787.6667      791.1389   174221    0.44%
Elapsed time = 119.13 sec. (103767.85 ticks, tree = 9.12 MB, solutions = 3)
    552   331      789.8029    96      787.6667      791.1204   175887    0.44%
    558   335        cutoff            787.6667      791.1204   177547    0.44%
    561   336      790.0032    74      787.6667      791.1184   178441    0.44%
    572   343        cutoff            787.6667      791.1184   180312    0.44%
    580   347      789.6406    84      787.6667      791.0790   182370    0.43%
    586   347        cutoff            787.6667      791.0790   184061    0.43%
    596   353        cutoff            787.6667      791.0779   185651    0.43%
    603   360      788.9022    98      787.6667      791.0372   187344    0.43%
    610   365      787.7309    96      787.6667      791.0372   189108    0.43%
    640   377      789.0843    80      787.6667      790.9948   195343    0.42%
Elapsed time = 132.49 sec. (117246.94 ticks, tree = 9.60 MB, solutions = 3)
    670   393      789.3341    78      787.6667      790.9503   202037    0.42%
    696   403        cutoff            787.6667      790.9142   208470    0.41%
    720   419      787.8278    74      787.6667      790.8716   215205    0.41%
    753   428      788.7896    78      787.6667      790.8076   221930    0.40%
    781   437      787.6729    78      787.6667      790.7292   228430    0.39%
    810   448      789.5758    76      787.6667      790.6933   234482    0.38%
    838   464      789.0364    74      787.6667      790.6520   240942    0.38%
    867   473      789.0436    88      787.6667      790.6197   247512    0.37%
    896   484      788.0773    48      787.6667      790.5935   253724    0.37%
    924   496      788.9253    66      787.6667      790.5581   260497    0.37%
Elapsed time = 171.33 sec. (156070.70 ticks, tree = 13.69 MB, solutions = 3)
    956   508      789.2444    68      787.6667      790.5057   267750    0.36%
    984   518        cutoff            787.6667      790.4960   273786    0.36%
   1006   526      789.2080    90      787.6667      790.4527   279926    0.35%
   1033   533      789.2949   112      787.6667      790.4051   287073    0.35%
   1065   547      788.7514    66      787.6667      790.3898   293704    0.35%
   1104   562        cutoff            787.6667      790.3448   300157    0.34%
   1131   575      788.5774    62      787.6667      790.2858   305754    0.33%
   1165   583      788.7139    74      787.6667      790.2580   312623    0.33%
   1196   594      788.6098    78      787.6667      790.2309   319566    0.33%
   1223   603      787.6915    58      787.6667      790.2152   326608    0.32%
Elapsed time = 209.03 sec. (195647.28 ticks, tree = 18.16 MB, solutions = 3)
   1260   616        cutoff            787.6667      790.1830   333120    0.32%
   1287   623        cutoff            787.6667      790.1302   339222    0.31%
   1325   639      787.6798    34      787.6667      790.0856   346168    0.31%
   1352   646      788.8011    62      787.6667      790.0530   353443    0.30%
   1382   656      788.2601    72      787.6667      790.0010   359726    0.30%
   1415   661      788.2303    94      787.6667      789.9833   366880    0.29%

Performing restart 1

Repeating presolve.
Tried aggregator 1 time.
MIP Presolve eliminated 772 rows and 386 columns.
MIP Presolve modified 297 coefficients.
Reduced MIP has 1797 rows, 3209 columns, and 124693 nonzeros.
Reduced MIP has 898 binaries, 511 generals, 0 SOSs, and 0 indicators.
Presolve time = 0.04 sec. (28.40 ticks)
Tried aggregator 1 time.
Reduced MIP has 1797 rows, 3209 columns, and 124693 nonzeros.
Reduced MIP has 898 binaries, 511 generals, 0 SOSs, and 0 indicators.
Presolve time = 0.04 sec. (24.72 ticks)
Represolve time = 0.30 sec. (282.72 ticks)
   1434     0      794.3617   102      787.6667       Cuts: 7   377191    0.29%
   1434     2      794.3397   100      787.6667      789.9710   377191    0.29%
   1435     3      794.1954    92      787.6667      789.9710   377731    0.29%
   1436     4      794.1027   112      787.6667      789.9710   378070    0.29%
   1437     5      794.0081   106      787.6667      789.9710   378354    0.29%
Elapsed time = 260.96 sec. (257119.16 ticks, tree = 0.01 MB, solutions = 3)
   1440     8      793.5244   106      787.6667      789.9710   380155    0.29%
   1444    12      791.5114    78      787.6667      789.9710   381693    0.29%
   1449    17      792.4608   106      787.6667      789.9710   383384    0.29%
   1455    23      790.9712    86      787.6667      789.9710   385533    0.29%
   1463    31      788.4371    56      787.6667      789.9710   388808    0.29%
   1488    38      791.5163    70      787.6667      789.9710   393405    0.29%
   1502    52      789.5730    70      787.6667      789.9710   398544    0.29%
   1517    65        cutoff            787.6667      789.9710   402952    0.29%
   1534    70      792.3228    94      787.6667      789.9710   406631    0.29%
   1555    91      789.4145    64      787.6667      789.9710   410384    0.29%
Elapsed time = 292.31 sec. (299224.63 ticks, tree = 1.06 MB, solutions = 3)
   1583   114      790.7622    92      787.6667      789.9710   413986    0.29%
   1608   134      788.5176    60      787.6667      789.9710   416488    0.29%
   1633   152      791.1329    88      787.6667      789.9710   419383    0.29%
   1650   169      788.6424    62      787.6667      789.9710   421586    0.29%
   1669   184      789.0087    44      787.6667      789.9710   425678    0.29%
   1694   201      792.2253    94      787.6667      789.9710   428392    0.29%
   1721   228      789.0866    86      787.6667      789.9710   432392    0.29%
   1742   243      793.0250    92      787.6667      789.9710   434799    0.29%
   1774   271      792.4743    86      787.6667      789.9710   439975    0.29%
   1803   300      788.6884    82      787.6667      789.9710   444504    0.29%
Elapsed time = 328.19 sec. (340828.69 ticks, tree = 5.74 MB, solutions = 3)
   1834   325      790.9206    76      787.6667      789.9710   447359    0.29%
   1869   356      789.9134    58      787.6667      789.9710   452088    0.29%
   1904   383      790.4649    84      787.6667      789.9710   456345    0.29%
   1936   411      791.0531    78      787.6667      789.9710   460479    0.29%
   1966   437      787.9449    80      787.6667      789.9710   463640    0.29%
   1994   459      790.2709    84      787.6667      789.9710   466629    0.29%
   2027   488      790.4444    78      787.6667      789.9710   470804    0.29%
   2059   514      791.1127    94      787.6667      789.9710   475755    0.29%
   2079   534      789.3700    66      787.6667      789.9710   480582    0.29%
   2117   558      790.9007    88      787.6667      789.9710   483948    0.29%
Elapsed time = 363.97 sec. (380846.38 ticks, tree = 13.01 MB, solutions = 3)
   2155   591      791.6894    96      787.6667      789.9710   488383    0.29%
   2193   625      791.7907    78      787.6667      789.9710   493190    0.29%
   2219   645      790.5377    76      787.6667      789.9710   497258    0.29%
   2244   666      791.2194   106      787.6667      789.9710   501459    0.29%
   2269   681        cutoff            787.6667      789.9710   506046    0.29%
   2306   718      787.9287    68      787.6667      789.9710   510716    0.29%
   2332   738      789.1633    74      787.6667      789.9710   515017    0.29%
   2369   771      788.4579    64      787.6667      789.9710   519660    0.29%
   2394   791      790.0558    74      787.6667      789.9710   522264    0.29%
   2428   821      789.9863    56      787.6667      789.9710   526678    0.29%
Elapsed time = 399.27 sec. (420186.67 ticks, tree = 18.34 MB, solutions = 3)
   2467   854      789.1597    58      787.6667      789.9710   531557    0.29%
   2500   883      788.7827    60      787.6667      789.9710   536048    0.29%
   2543   922      788.2195    58      787.6667      789.9710   540547    0.29%
   2568   943      788.9738    78      787.6667      789.9710   544037    0.29%
   2584   955      791.6516   110      787.6667      789.9710   547939    0.29%
   2603   974      789.3821    86      787.6667      789.9710   552997    0.29%
   2635   992      788.2530    66      787.6667      789.9710   557249    0.29%
   2686  1027      791.6760    90      787.6667      789.9710   562177    0.29%
   2722  1062      788.1705    88      787.6667      789.9710   566796    0.29%
   2757  1092      788.5984    62      787.6667      789.9710   570950    0.29%
Elapsed time = 435.20 sec. (459582.48 ticks, tree = 26.26 MB, solutions = 3)
   2794  1125      788.3220    62      787.6667      789.9710   575168    0.29%
   2815  1138      789.8509    68      787.6667      789.9710   579254    0.29%
   2845  1162      790.2036    82      787.6667      789.9710   584047    0.29%
   2880  1190      787.6704     8      787.6667      789.9710   588650    0.29%
   2917  1221      791.1556    84      787.6667      789.9710   593193    0.29%
   2942  1246      788.0327    62      787.6667      789.9710   597896    0.29%
   2972  1266      787.8100    42      787.6667      789.9710   602133    0.29%
   3021  1305        cutoff            787.6667      789.9710   606569    0.29%
   3049  1331      789.2848    74      787.6667      789.9710   610693    0.29%
   3093  1369      789.6889    82      787.6667      789.9710   615279    0.29%
Elapsed time = 470.19 sec. (498821.34 ticks, tree = 34.09 MB, solutions = 3)
   3133  1405      789.0773    64      787.6667      789.9710   619904    0.29%
   3167  1435      789.5503    68      787.6667      789.9710   624394    0.29%
   3197  1461      788.8420    82      787.6667      789.9710   629413    0.29%
   3236  1496      788.6118    76      787.6667      789.9710   633681    0.29%
   3281  1531      790.9054    86      787.6667      789.9710   638634    0.29%
   3314  1558      791.1118    82      787.6667      789.9710   643312    0.29%
   3333  1573        cutoff            787.6667      789.9710   647738    0.29%
   3377  1609      790.4043    80      787.6667      789.9710   652400    0.29%
   3414  1642      789.5692    90      787.6667      789.9710   656959    0.29%
   3451  1675      790.3185    86      787.6667      789.9710   661269    0.29%
Elapsed time = 505.61 sec. (538226.90 ticks, tree = 42.84 MB, solutions = 3)
   3489  1709      789.6968    48      787.6667      789.9710   665946    0.29%
   3520  1730      788.3571    74      787.6667      789.9710   670602    0.29%
   3558  1761      790.8455    82      787.6667      789.9710   675405    0.29%
   3594  1793      790.3844    70      787.6667      789.9710   679961    0.29%
   3626  1821      789.7085    78      787.6667      789.9710   684348    0.29%
   3648  1833      790.9681    80      787.6667      789.9710   688387    0.29%
   3695  1874      787.9767    46      787.6667      789.9710   691960    0.29%
   3733  1902      790.4242    76      787.6667      789.9710   696365    0.29%
   3766  1929      790.2543    78      787.6667      789.9710   700913    0.29%
   3793  1952      789.9034    78      787.6667      789.9710   705355    0.29%
Elapsed time = 541.11 sec. (578087.65 ticks, tree = 47.35 MB, solutions = 3)
   3832  1983      788.3874    58      787.6667      789.9710   709938    0.29%
   3856  1999      790.6039    76      787.6667      789.9710   713855    0.29%
   3889  2028      789.9719    76      787.6667      789.9710   718277    0.29%
   3929  2064      789.5221    78      787.6667      789.9710   723201    0.29%
   3962  2087      788.6527    74      787.6667      789.9710   727552    0.29%
   4006  2123      790.6907    88      787.6667      789.9710   732257    0.29%
   4039  2152      790.9108    86      787.6667      789.9710   736973    0.29%
   4071  2180      790.7647    76      787.6667      789.9710   741406    0.29%
   4108  2207      789.9258    76      787.6667      789.9710   746167    0.29%
   4149  2244      788.5549    66      787.6667      789.9710   750866    0.29%
Elapsed time = 576.38 sec. (617283.74 ticks, tree = 52.73 MB, solutions = 3)
   4184  2275      788.0640    60      787.6667      789.9710   755620    0.29%
   4220  2306      788.2452    74      787.6667      789.9710   759531    0.29%
   4243  2325      788.8051    50      787.6667      789.9710   761879    0.29%
   4279  2355      787.7668    54      787.6667      789.9710   766174    0.29%
   4314  2382      789.8318    80      787.6667      789.9710   770424    0.29%
   4347  2411      788.7687    94      787.6667      789.9710   774932    0.29%
   4370  2430      789.0803    58      787.6667      789.9710   779339    0.29%
   4406  2454      790.5055    74      787.6667      789.9710   784149    0.29%
   4442  2486      790.1117    68      787.6667      789.9710   788614    0.29%
   4477  2517      788.6120    48      787.6667      789.9710   793002    0.29%
Elapsed time = 611.01 sec. (656184.48 ticks, tree = 58.69 MB, solutions = 3)
   4514  2544      788.9224    80      787.6667      789.9710   797739    0.29%
   4545  2571      788.7541    82      787.6667      789.9710   801807    0.29%
   4582  2604      787.6720    70      787.6667      789.9710   806114    0.29%
   4602  2616      789.8553    80      787.6667      789.9710   810192    0.29%
   4612  2626      788.7086    76      787.6667      789.9710   813782    0.29%
   4645  2641      789.7748    80      787.6667      789.9710   817473    0.29%
   4676  2667      789.3300    86      787.6667      789.9710   821293    0.29%
   4703  2690      788.9134    88      787.6667      789.9710   825648    0.29%
   4734  2715      788.8133    82      787.6667      789.9710   830136    0.29%
   4757  2732      789.2554    56      787.6667      789.9710   833939    0.29%
Elapsed time = 645.69 sec. (694959.85 ticks, tree = 62.45 MB, solutions = 3)
   4790  2755      790.6705    86      787.6667      789.9710   838389    0.29%
   4814  2775      790.3964    86      787.6667      789.9710   842715    0.29%
   4844  2801      790.0134    58      787.6667      789.9710   847125    0.29%
   4870  2823      789.9074    82      787.6667      789.9710   851904    0.29%
   4882  2835      789.1821    86      787.6667      789.9710   856422    0.29%
   4901  2848      788.1602    66      787.6667      789.9710   860919    0.29%
   4934  2871      788.6646    76      787.6667      789.9710   864641    0.29%
   4974  2903      790.6375    84      787.6667      789.9710   869421    0.29%
   5011  2936      790.1815    66      787.6667      789.9710   873923    0.29%
   5036  2957      789.5811    62      787.6667      789.9710   877782    0.29%
Elapsed time = 681.26 sec. (736163.18 ticks, tree = 66.58 MB, solutions = 3)
   5068  2980      790.5196    80      787.6667      789.9710   882025    0.29%
   5100  3008      788.9392    90      787.6667      789.9710   886577    0.29%
   5128  3028      790.2251    84      787.6667      789.9710   891528    0.29%
   5158  3055      789.8728    70      787.6667      789.9710   895158    0.29%
   5179  3070      790.2414    74      787.6667      789.9710   899249    0.29%
   5214  3101      788.7306    64      787.6667      789.9710   903580    0.29%
   5236  3119      788.3173    88      787.6667      789.9710   908143    0.29%
   5272  3147      790.4512    78      787.6667      789.9710   912798    0.29%
   5304  3171      788.6513    76      787.6667      789.9710   917159    0.29%
   5338  3197      790.2157    84      787.6667      789.9710   921529    0.29%
Elapsed time = 716.88 sec. (775539.80 ticks, tree = 71.56 MB, solutions = 3)
   5373  3228      790.0571    82      787.6667      789.9710   925622    0.29%
   5399  3250      789.2989    58      787.6667      789.9710   929733    0.29%
   5424  3269      789.2702    84      787.6667      789.9710   933922    0.29%
   5458  3297      788.4563    66      787.6667      789.9710   937975    0.29%
   5497  3326      790.3490    54      787.6667      789.9710   942371    0.29%
   5538  3361      787.7297    40      787.6667      789.9710   946867    0.29%
   5570  3383      788.1195    42      787.6667      789.9710   951125    0.29%
   5604  3411      787.7928    66      787.6667      789.9710   955468    0.29%
   5633  3432      788.9821    78      787.6667      789.9710   960549    0.29%
   5657  3450      788.2915    82      787.6667      789.9710   964812    0.29%
Elapsed time = 753.59 sec. (815126.15 ticks, tree = 77.60 MB, solutions = 3)
   5691  3476      787.8171    64      787.6667      789.9710   968815    0.29%
   5733  3506      789.8863    82      787.6667      789.9710   973244    0.29%
   5772  3541      788.7378    52      787.6667      789.9710   977706    0.29%
   5794  3557      788.9381    68      787.6667      789.9710   981637    0.29%
   5834  3581      787.8690    50      787.6667      789.9710   986034    0.29%
   5862  3601      789.9620    64      787.6667      789.9710   990607    0.29%
   5892  3627      788.9999    68      787.6667      789.9710   995000    0.29%
   5914  3645      789.2996    60      787.6667      789.9710   998589    0.29%
   5953  3677      790.0015    76      787.6667      789.9710  1003118    0.29%
   5983  3703      789.0044    84      787.6667      789.9710  1007531    0.29%
Elapsed time = 789.40 sec. (854383.07 ticks, tree = 80.72 MB, solutions = 3)
   6015  3727      789.5499    64      787.6667      789.9710  1012019    0.29%
   6036  3742      790.2523    62      787.6667      789.9710  1016588    0.29%
   6066  3762      789.9762    82      787.6667      789.9710  1021095    0.29%
   6095  3788      789.2292    68      787.6667      789.9710  1025459    0.29%
   6115  3804      788.7581    64      787.6667      789.9710  1029894    0.29%
   6140  3815      789.0470    76      787.6667      789.9710  1034359    0.29%
   6164  3835      789.1880    72      787.6667      789.9710  1039058    0.29%
   6202  3869      787.7480    70      787.6667      789.9710  1043681    0.29%
   6232  3891      789.7477    56      787.6667      789.9710  1047813    0.29%
   6267  3916      788.3207    82      787.6667      789.9710  1052301    0.29%
Elapsed time = 825.18 sec. (893820.08 ticks, tree = 84.94 MB, solutions = 3)
   6302  3943      790.3025    78      787.6667      789.9710  1057088    0.29%
   6338  3975      787.7822    58      787.6667      789.9710  1061473    0.29%
   6372  3999      788.0480    38      787.6667      789.9710  1066038    0.29%
   6412  4032      789.6844    82      787.6667      789.9710  1070533    0.29%
   6446  4062      788.1962    60      787.6667      789.9710  1074946    0.29%
   6480  4086      789.8730    74      787.6667      789.9710  1079114    0.29%
   6494  4096      787.8265    44      787.6667      789.9710  1082755    0.29%
   6532  4120      790.1777    84      787.6667      789.9710  1087216    0.29%
   6567  4151      789.6560    68      787.6667      789.9710  1091414    0.29%
   6594  4174      789.1652    86      787.6667      789.9710  1095393    0.29%
Elapsed time = 860.99 sec. (933559.00 ticks, tree = 90.36 MB, solutions = 3)
   6615  4191      789.3481    74      787.6667      789.9710  1099700    0.29%
   6634  4204      788.4994    82      787.6667      789.9710  1103788    0.29%
   6668  4234      788.3015    60      787.6667      789.9710  1108061    0.29%
   6713  4269      788.3309    52      787.6667      789.9710  1112399    0.29%
   6744  4288      789.4253    90      787.6667      789.9710  1116603    0.29%
   6779  4319      788.8763    60      787.6667      789.9710  1120931    0.29%
   6819  4351      789.8040    80      787.6667      789.9710  1125293    0.29%
   6850  4378      788.8307    54      787.6667      789.9710  1129666    0.29%
   6884  4402        cutoff            787.6667      789.9710  1133289    0.29%
   6907  4419      790.1952    74      787.6667      789.9710  1137797    0.29%
Elapsed time = 896.36 sec. (973184.88 ticks, tree = 94.35 MB, solutions = 3)
   6946  4450      789.6545    56      787.6667      789.9710  1142398    0.29%
   6984  4476      789.5559    84      787.6667      789.9710  1147203    0.29%
   7028  4516      789.2180    70      787.6667      789.9710  1151683    0.29%
   7064  4548      788.2871    78      787.6667      789.9710  1155801    0.29%
   7087  4557      790.2075    76      787.6667      789.9710  1160497    0.29%
   7129  4595      788.0879    54      787.6667      789.9710  1164797    0.29%
   7169  4627      789.6027    60      787.6667      789.9710  1169195    0.29%
   7195  4649      788.5544    72      787.6667      789.9710  1173577    0.29%
   7223  4668      788.8130    60      787.6667      789.9710  1177595    0.29%
   7268  4703      789.7410    82      787.6667      789.9710  1182087    0.29%
Elapsed time = 933.11 sec. (1012596.39 ticks, tree = 103.33 MB, solutions = 3)
   7304  4735      787.7311    48      787.6667      789.9710  1186461    0.29%
   7336  4751      788.8568    68      787.6667      789.9710  1190394    0.29%
   7373  4781      789.0449    78      787.6667      789.9710  1194832    0.29%
   7405  4809      788.3651    58      787.6667      789.9710  1199184    0.29%
   7444  4837      790.1768    82      787.6667      789.9710  1203770    0.29%
   7482  4872      789.3336    62      787.6667      789.9710  1208214    0.29%
   7524  4907      789.7386    64      787.6667      789.9710  1212644    0.29%
   7559  4934      788.6051    62      787.6667      789.9710  1217224    0.29%
   7592  4959      789.4353    82      787.6667      789.9710  1221499    0.29%
   7620  4983      789.0454    74      787.6667      789.9710  1225749    0.29%
Elapsed time = 969.58 sec. (1052029.54 ticks, tree = 112.21 MB, solutions = 3)
   7657  5010      789.9313    76      787.6667      789.9710  1230592    0.29%
   7686  5031      789.1146    64      787.6667      789.9710  1234900    0.29%
   7725  5062      789.2310    82      787.6667      789.9710  1239409    0.29%
   7760  5089      789.9192    76      787.6667      789.9710  1243941    0.29%
   7783  5100      789.6027    84      787.6667      789.9710  1247845    0.29%
   7813  5122      789.5480    84      787.6667      789.9710  1252171    0.29%
   7848  5149      789.8018    74      787.6667      789.9710  1256617    0.29%
   7884  5171      789.0795    64      787.6667      789.9710  1260805    0.29%
   7922  5205      788.0942    58      787.6667      789.9710  1265299    0.29%
   7959  5230      789.9165    66      787.6667      789.9710  1269907    0.29%
Elapsed time = 1005.56 sec. (1091729.61 ticks, tree = 120.37 MB, solutions = 3)
   7987  5254      789.5954    64      787.6667      789.9710  1273982    0.29%
   8008  5267      787.7621    46      787.6667      789.9710  1278157    0.29%
   8044  5295      789.7422    68      787.6667      789.9710  1282486    0.29%
   8082  5329      788.2080    68      787.6667      789.9710  1286933    0.29%
   8114  5351      789.5752    80      787.6667      789.9710  1291110    0.29%
   8135  5366      789.7276   100      787.6667      789.9710  1295060    0.29%
   8167  5394      789.6918    78      787.6667      789.9710  1299508    0.29%
   8205  5426      788.3275    72      787.6667      789.9710  1304056    0.29%
   8238  5451      789.7684    86      787.6667      789.9710  1308119    0.29%
   8264  5465      787.6934    72      787.6667      789.9710  1312829    0.29%
Elapsed time = 1040.33 sec. (1130632.36 ticks, tree = 127.61 MB, solutions = 3)
   8296  5483      788.9208    74      787.6667      789.9710  1317212    0.29%
   8331  5510      789.7291    72      787.6667      789.9710  1321489    0.29%
   8347  5526      788.4822    66      787.6667      789.9710  1325687    0.29%
   8382  5549      789.9866    94      787.6667      789.9710  1330504    0.29%
   8407  5570      789.4369    78      787.6667      789.9710  1334695    0.29%
   8447  5598      790.0096    88      787.6667      789.9710  1339517    0.29%
   8462  5613      788.0952    64      787.6667      789.9710  1343617    0.29%
   8493  5636      789.2273    62      787.6667      789.9710  1347639    0.29%
   8530  5669      788.2611    66      787.6667      789.9710  1351888    0.29%
   8562  5693      789.5153    74      787.6667      789.9710  1355929    0.29%
Elapsed time = 1075.75 sec. (1170945.30 ticks, tree = 133.28 MB, solutions = 3)
   8578  5701      788.4432    58      787.6667      789.9710  1359846    0.29%
   8605  5714      789.5778    68      787.6667      789.9710  1364004    0.29%
   8634  5739      789.2037    86      787.6667      789.9710  1368134    0.29%
   8672  5769      790.9945    88      787.6667      789.9710  1372256    0.29%
   8696  5785      789.8846    78      787.6667      789.9710  1376515    0.29%
   8734  5819      788.2081    62      787.6667      789.9710  1380970    0.29%
   8774  5851      790.0305    92      787.6667      789.9710  1385121    0.29%
   8806  5879      788.7480    48      787.6667      789.9710  1389400    0.29%
   8828  5893      789.8564    78      787.6667      789.9710  1393625    0.29%
   8859  5920      789.2092    84      787.6667      789.9710  1397763    0.29%
Elapsed time = 1111.69 sec. (1211245.75 ticks, tree = 139.46 MB, solutions = 3)
   8884  5941      789.1676    68      787.6667      789.9710  1401537    0.29%
   8921  5970      790.0583    88      787.6667      789.9710  1405857    0.29%
   8936  5983      788.1120    66      787.6667      789.9710  1409570    0.29%
   8968  6008      790.3307    74      787.6667      789.9710  1413965    0.29%
   9003  6039      788.2851    62      787.6667      789.9710  1418330    0.29%
   9043  6071      790.3502    72      787.6667      789.9710  1422473    0.29%
   9064  6088      789.6517    76      787.6667      789.9710  1426902    0.29%
   9093  6113      789.2105    64      787.6667      789.9710  1431025    0.29%
   9131  6143      788.2799    56      787.6667      789.9710  1435736    0.29%
   9158  6156      788.1261    50      787.6667      789.9710  1439848    0.29%
Elapsed time = 1145.98 sec. (1250183.80 ticks, tree = 143.98 MB, solutions = 3)
   9192  6180      788.4810    76      787.6667      789.9710  1444048    0.29%
   9228  6208      789.3008    86      787.6667      789.9710  1448201    0.29%
   9249  6225      788.3258    56      787.6667      789.9710  1452534    0.29%
   9277  6245      789.2210    78      787.6667      789.9710  1456447    0.29%
   9314  6278      788.1651    64      787.6667      789.9710  1460986    0.29%
   9344  6300      789.5411    68      787.6667      789.9710  1465100    0.29%
   9366  6314      789.3753    78      787.6667      789.9710  1468975    0.29%
   9400  6344      788.2575    64      787.6667      789.9710  1473266    0.29%
   9440  6376      788.3103    46      787.6667      789.9710  1477502    0.29%
   9476  6402      788.8200    82      787.6667      789.9710  1481714    0.29%
Elapsed time = 1181.17 sec. (1289101.52 ticks, tree = 148.93 MB, solutions = 3)
   9507  6425      787.8978    84      787.6667      789.9710  1485935    0.29%
   9537  6447      789.1634    68      787.6667      789.9710  1489944    0.29%
   9559  6461      789.5996    82      787.6667      789.9710  1493889    0.29%
   9590  6488      788.8715    70      787.6667      789.9710  1498454    0.29%
   9620  6510      790.2615    84      787.6667      789.9710  1502704    0.29%
   9646  6530      789.6524    82      787.6667      789.9710  1507139    0.29%
   9674  6548      789.1609    60      787.6667      789.9710  1512127    0.29%
   9709  6579      788.4042    68      787.6667      789.9710  1515802    0.29%
   9743  6603      789.2773    70      787.6667      789.9710  1520201    0.29%
   9776  6628      789.3835    80      787.6667      789.9710  1524413    0.29%
Elapsed time = 1216.20 sec. (1328266.62 ticks, tree = 154.21 MB, solutions = 3)
   9819  6663      789.6251    64      787.6667      789.9710  1529074    0.29%
   9844  6682      789.5515    98      787.6667      789.9710  1533016    0.29%
   9871  6705      788.8954    72      787.6667      789.9710  1537286    0.29%
   9894  6720      788.3501    70      787.6667      789.9710  1541198    0.29%
   9925  6741      788.7839    78      787.6667      789.9710  1545698    0.29%
   9951  6759      788.9154    62      787.6667      789.9710  1550481    0.29%
   9974  6776      789.1227    72      787.6667      789.9710  1554274    0.29%
  10014  6808      790.8929    90      787.6667      789.9710  1558573    0.29%
  10052  6842      788.8260    52      787.6667      789.9710  1563066    0.29%
  10075  6855      789.3950    60      787.6667      789.9710  1566997    0.29%
Elapsed time = 1251.30 sec. (1367699.74 ticks, tree = 157.70 MB, solutions = 3)
  10104  6876      789.4213    56      787.6667      789.9710  1571271    0.29%
  10141  6905      789.4967    80      787.6667      789.9710  1575951    0.29%
  10176  6933      787.7220    68      787.6667      789.9710  1580284    0.29%
  10204  6953      789.0743    86      787.6667      789.9710  1584214    0.29%
  10240  6983      788.0047    48      787.6667      789.9710  1588726    0.29%
  10263  6994      787.6710    60      787.6667      789.9710  1593165    0.29%
  10302  7021      788.3678    42      787.6667      789.9710  1597489    0.29%
  10332  7041      790.3163    74      787.6667      789.9710  1602033    0.29%
  10367  7070      788.3079    36      787.6667      789.9710  1606464    0.29%
  10408  7097      788.6349    64      787.6667      789.9710  1610880    0.29%
Elapsed time = 1286.49 sec. (1406493.84 ticks, tree = 165.40 MB, solutions = 3)
  10452  7133      789.2749    54      787.6667      789.9710  1615249    0.29%
  10483  7158      788.0325    82      787.6667      789.9710  1619720    0.29%
  10519  7180      788.6848    78      787.6667      789.9710  1623734    0.29%
  10556  7210      789.7853    66      787.6667      789.9710  1628087    0.29%
  10583  7233      788.2832    70      787.6667      789.9710  1632805    0.29%
  10616  7252      789.6578    68      787.6667      789.9710  1637106    0.29%
  10647  7279      788.5036    72      787.6667      789.9710  1641609    0.29%
  10690  7312      789.5720    82      787.6667      789.9710  1646402    0.29%
  10719  7331      788.8739    72      787.6667      789.9710  1651118    0.29%
  10752  7356      789.0478    70      787.6667      789.9710  1655540    0.29%
Elapsed time = 1323.22 sec. (1446302.04 ticks, tree = 170.00 MB, solutions = 3)
  10774  7374      788.1767    60      787.6667      789.9710  1659997    0.29%
  10791  7381      790.0251    84      787.6667      789.9710  1664032    0.29%
  10821  7407      789.7184    76      787.6667      789.9710  1668547    0.29%
  10858  7436      789.0405    76      787.6667      789.9710  1673219    0.29%
  10890  7460      789.5291    88      787.6667      789.9710  1677412    0.29%
  10927  7491      787.9084    58      787.6667      789.9710  1681738    0.29%
  10954  7514      788.3697    76      787.6667      789.9710  1685920    0.29%
  10983  7539      788.1703    78      787.6667      789.9710  1690066    0.29%
* 10994+ 7544                          787.6672      789.9710             0.29%
  10994  7546      788.0454    44      787.6672      789.9710  1691812    0.29%
  10995  7547      789.8083    56      787.6672      789.9710  1692131    0.29%
Elapsed time = 1367.41 sec. (1496928.42 ticks, tree = 175.78 MB, solutions = 4)
  10996  7548      790.0111    68      787.6672      789.9710  1692440    0.29%
  11024  7568      788.6322    58      787.6672      789.9710  1696881    0.29%
  11054  7588      789.4883    62      787.6672      789.9710  1700748    0.29%
  11095  7621      789.3517    74      787.6672      789.9710  1705138    0.29%
  11129  7647      789.8495    68      787.6672      789.9710  1710027    0.29%
  11152  7664      789.7198    82      787.6672      789.9710  1713769    0.29%
  11188  7696      788.5356    52      787.6672      789.9710  1717763    0.29%
  11220  7720      789.7462    72      787.6672      789.9710  1722119    0.29%
  11246  7742      788.1944    52      787.6672      789.9710  1726479    0.29%
  11268  7756      788.1018    62      787.6672      789.9710  1730352    0.29%
Elapsed time = 1414.46 sec. (1551386.00 ticks, tree = 181.66 MB, solutions = 4)
  11303  7783      788.4950    60      787.6672      789.9710  1734541    0.29%
  11342  7812      788.1383    46      787.6672      789.9710  1738876    0.29%
  11376  7836      789.2789    68      787.6672      789.9710  1742833    0.29%
  11405  7857      788.3311    72      787.6672      789.9710  1747244    0.29%
  11427  7873      788.1961    68      787.6672      789.9710  1750635    0.29%
  11462  7892        cutoff            787.6672      789.9710  1754862    0.29%
  11501  7921      790.3130    98      787.6672      789.9710  1759338    0.29%
  11524  7944      787.7516    76      787.6672      789.9710  1763428    0.29%
  11563  7969      789.7399    78      787.6672      789.9710  1768472    0.29%
  11589  7992      788.6825    72      787.6672      789.9710  1772715    0.29%
Elapsed time = 1448.64 sec. (1590742.77 ticks, tree = 187.28 MB, solutions = 4)
  11614  8013      788.1624    68      787.6672      789.9710  1777008    0.29%
  11637  8028      789.3762    82      787.6672      789.9710  1781123    0.29%
  11670  8053      789.4706    82      787.6672      789.9710  1785655    0.29%
  11708  8083      788.9970    74      787.6672      789.9710  1790597    0.29%
  11731  8094      789.2170    78      787.6672      789.9710  1795105    0.29%
  11763  8116      788.1003    68      787.6672      789.9710  1799505    0.29%
  11794  8139      789.1403    78      787.6672      789.9710  1803769    0.29%
  11812  8149      789.5166    74      787.6672      789.9710  1807641    0.29%
  11838  8171      788.6234    64      787.6672      789.9710  1811657    0.29%
  11870  8195      789.5141    78      787.6672      789.9710  1815725    0.29%
Elapsed time = 1483.41 sec. (1630706.65 ticks, tree = 191.82 MB, solutions = 4)
  11902  8223      788.0729    58      787.6672      789.9710  1820179    0.29%
  11940  8247        cutoff            787.6672      789.9710  1824331    0.29%
  11967  8268      789.3036    54      787.6672      789.9710  1828265    0.29%
  12005  8294      788.7692    82      787.6672      789.9710  1832793    0.29%
  12039  8320      789.8199    72      787.6672      789.9710  1836609    0.29%
  12069  8346      788.1367    54      787.6672      789.9710  1841122    0.29%
  12097  8358      789.1425    70      787.6672      789.9710  1845360    0.29%
  12130  8383      789.4590    76      787.6672      789.9710  1849830    0.29%
  12156  8405      789.0683    70      787.6672      789.9710  1854037    0.29%
  12197  8426      788.6517    54      787.6672      789.9710  1857983    0.29%
Elapsed time = 1517.59 sec. (1669272.27 ticks, tree = 198.34 MB, solutions = 4)
  12233  8455      788.4236    78      787.6672      789.9710  1861983    0.29%
  12269  8487      788.1653    96      787.6672      789.9710  1866356    0.29%
  12306  8514      788.0882    46      787.6672      789.9710  1870901    0.29%
  12344  8541      788.2102    74      787.6672      789.9710  1875264    0.29%
  12367  8556      789.8090    70      787.6672      789.9710  1879403    0.29%
  12396  8579      788.3339    56      787.6672      789.9710  1883464    0.29%
  12425  8598      789.0961    64      787.6672      789.9710  1887914    0.29%
  12462  8627      788.8760    62      787.6672      789.9710  1892381    0.29%
  12486  8645      788.0761    42      787.6672      789.9710  1896949    0.29%
  12515  8664      790.0907    60      787.6672      789.9710  1900993    0.29%
Elapsed time = 1552.37 sec. (1708341.55 ticks, tree = 205.13 MB, solutions = 4)
  12555  8700      788.3112    66      787.6672      789.9710  1905382    0.29%
  12590  8725      789.5563    88      787.6672      789.9710  1909330    0.29%
  12623  8749      788.5332    56      787.6672      789.9710  1913983    0.29%
  12650  8768      789.4139    80      787.6672      789.9710  1918165    0.29%
  12679  8793      788.7239    80      787.6672      789.9710  1922139    0.29%
  12713  8815      788.5914    74      787.6672      789.9710  1926331    0.29%
  12745  8840      789.5342    78      787.6672      789.9710  1930573    0.29%
  12771  8862      788.4905    64      787.6672      789.9710  1934898    0.29%
  12802  8879      789.3979    72      787.6672      789.9710  1939009    0.29%
  12830  8903      788.1821    82      787.6672      789.9710  1943407    0.29%
Elapsed time = 1586.97 sec. (1747804.02 ticks, tree = 211.28 MB, solutions = 4)
  12860  8925      788.0775    46      787.6672      789.9710  1947729    0.29%
  12887  8942      788.2880    62      787.6672      789.9710  1952099    0.29%
  12915  8956      789.2793    64      787.6672      789.9710  1956444    0.29%
  12951  8984      789.6890    76      787.6672      789.9710  1961252    0.29%
  12975  9004      787.9362    40      787.6672      789.9710  1965250    0.29%
  13014  9033      788.0939    68      787.6672      789.9710  1969685    0.29%
  13048  9059      788.7618    70      787.6672      789.9710  1973763    0.29%
  13071  9078      788.5877    62      787.6672      789.9710  1978126    0.29%
  13093  9090      789.3104    74      787.6672      789.9710  1981823    0.29%
  13129  9118      789.0318    68      787.6672      789.9710  1986174    0.29%
Elapsed time = 1621.17 sec. (1787507.48 ticks, tree = 215.19 MB, solutions = 4)
  13165  9146      789.3344    64      787.6672      789.9710  1990782    0.29%
  13180  9161      788.2663    36      787.6672      789.9710  1994935    0.29%
  13213  9182      788.4837    72      787.6672      789.9710  1999005    0.29%
  13248  9208      787.6701    62      787.6672      789.9710  2003421    0.29%
  13265  9219      787.7713    58      787.6672      789.9710  2007797    0.29%
  13297  9241      789.5363    68      787.6672      789.9710  2011738    0.29%
  13322  9262      788.6731    84      787.6672      789.9710  2015945    0.29%
  13357  9287        cutoff            787.6672      789.9710  2020673    0.29%
  13384  9307      787.9186    60      787.6672      789.9710  2024874    0.29%
  13424  9339      788.0095    58      787.6672      789.9710  2029060    0.29%
Elapsed time = 1655.38 sec. (1827537.65 ticks, tree = 220.27 MB, solutions = 4)
  13456  9361      788.3641    54      787.6672      789.9710  2032655    0.29%
  13492  9389      788.1033    60      787.6672      789.9710  2037180    0.29%
  13526  9415      788.1907    70      787.6672      789.9710  2041330    0.29%
  13548  9429      789.7095    78      787.6672      789.9710  2045307    0.29%
  13586  9463      787.6680    58      787.6672      789.9710  2049934    0.29%
  13618  9485      789.5173    56      787.6672      789.9710  2054339    0.29%
  13649  9510      787.8090    52      787.6672      789.9710  2058558    0.29%
  13687  9534      789.5298    72      787.6672      789.9710  2062884    0.29%
  13714  9557      788.8733    48      787.6672      789.9710  2066601    0.29%
  13734  9569      788.5908    74      787.6672      789.9710  2071016    0.29%
Elapsed time = 1688.80 sec. (1866741.00 ticks, tree = 226.41 MB, solutions = 4)
  13770  9599      787.6813    44      787.6672      789.9710  2075528    0.29%
  13816  9635      788.8491    66      787.6672      789.9710  2079678    0.29%
  13834  9648      789.1539    72      787.6672      789.9710  2082659    0.29%
  13868  9666      789.4491    70      787.6672      789.9710  2087442    0.29%
  13893  9687      789.3119    98      787.6672      789.9710  2091583    0.29%
  13922  9710      788.4172    84      787.6672      789.9710  2095698    0.29%
  13949  9727      788.2082    48      787.6672      789.9710  2099682    0.29%
  13984  9754      788.6511    68      787.6672      789.9710  2104241    0.29%
  14013  9775      789.1281    66      787.6672      789.9710  2108487    0.29%
  14034  9790      788.7125    74      787.6672      789.9710  2112302    0.29%
Elapsed time = 1720.85 sec. (1906571.00 ticks, tree = 231.91 MB, solutions = 4)
  14065  9813      788.4864    66      787.6672      789.9710  2116582    0.29%
  14097  9835        cutoff            787.6672      789.9710  2120465    0.29%
  14134  9856        cutoff            787.6672      789.9710  2124663    0.29%
  14161  9879      788.2392    66      787.6672      789.9710  2128884    0.29%
  14185  9893      789.4317    74      787.6672      789.9710  2133429    0.29%
  14224  9923      789.1419    72      787.6672      789.9710  2137845    0.29%
  14240  9935      789.7859    80      787.6672      789.9710  2140491    0.29%
  14274  9962      789.2912    68      787.6672      789.9710  2143789    0.29%
  14313  9983      789.6718    62      787.6672      789.9710  2148740    0.29%
  14345 10007      788.6195    58      787.6672      789.9710  2153188    0.29%
Elapsed time = 1752.82 sec. (1946442.47 ticks, tree = 236.80 MB, solutions = 4)
  14368 10020      788.8275    88      787.6672      789.9710  2157592    0.29%
  14402 10046      788.6867    78      787.6672      789.9710  2161686    0.29%
  14438 10074      788.6450    56      787.6672      789.9710  2165802    0.29%
  14471 10095      788.4091    74      787.6672      789.9710  2169791    0.29%
  14509 10125      788.6299    70      787.6672      789.9710  2173835    0.29%
  14543 10143      788.6019    76      787.6672      789.9710  2178050    0.29%
  14581 10173      788.0028    64      787.6672      789.9710  2182213    0.29%
  14604 10188      787.7980    48      787.6672      789.9710  2186692    0.29%
  14637 10209      789.0894    54      787.6672      789.9710  2190667    0.29%
  14671 10235      788.9566    70      787.6672      789.9710  2194964    0.29%
Elapsed time = 1783.79 sec. (1985245.32 ticks, tree = 243.33 MB, solutions = 4)
  14701 10256        cutoff            787.6672      789.9710  2199312    0.29%
  14728 10277      787.9324    64      787.6672      789.9710  2203601    0.29%
  14763 10304      787.8133    44      787.6672      789.9710  2207828    0.29%
  14795 10320      789.3146    78      787.6672      789.9710  2212039    0.29%
  14835 10352      789.6067    74      787.6672      789.9710  2216496    0.29%
  14852 10363      789.2471    58      787.6672      789.9710  2220769    0.29%
  14898 10398      789.2342    74      787.6672      789.9710  2225302    0.29%
  14918 10412      787.6750    60      787.6672      789.9710  2229512    0.29%
  14949 10431      787.9061    72      787.6672      789.9710  2233494    0.29%
  14981 10451      788.1260    40      787.6672      789.9710  2237350    0.29%
Elapsed time = 1814.83 sec. (2024987.50 ticks, tree = 249.36 MB, solutions = 4)
  15019 10479      788.5743    80      787.6672      789.9710  2241631    0.29%
  15050 10502      789.4340    68      787.6672      789.9710  2245943    0.29%
  15083 10527      789.0087    56      787.6672      789.9710  2250369    0.29%
  15114 10550      789.4544    80      787.6672      789.9710  2254242    0.29%
  15145 10573      789.4700    72      787.6672      789.9710  2258548    0.29%
  15177 10591        cutoff            787.6672      789.9710  2263023    0.29%
  15218 10622      788.6585    68      787.6672      789.9710  2267096    0.29%
  15240 10640      788.5374    66      787.6672      789.9710  2271148    0.29%
  15277 10657      788.9936    68      787.6672      789.9710  2274986    0.29%
  15311 10683      789.4368    62      787.6672      789.9710  2279347    0.29%
Elapsed time = 1845.18 sec. (2064427.08 ticks, tree = 255.10 MB, solutions = 4)
  15346 10710      787.8090    58      787.6672      789.9710  2283573    0.29%
  15377 10733      788.5958    72      787.6672      789.9710  2287894    0.29%
  15412 10761      787.8574    58      787.6672      789.9710  2292396    0.29%
  15434 10771      789.0561    58      787.6672      789.9710  2296593    0.29%
  15469 10797      788.4201    66      787.6672      789.9710  2300805    0.29%
  15504 10824      787.8472    38      787.6672      789.9710  2305140    0.29%
  15532 10834      788.2656    94      787.6672      789.9710  2308977    0.29%
  15558 10853      789.1225    66      787.6672      789.9710  2313332    0.29%
  15577 10868      787.9414    70      787.6672      789.9710  2317561    0.29%
  15611 10892      787.9742    82      787.6672      789.9710  2321678    0.29%
Elapsed time = 1875.77 sec. (2103833.18 ticks, tree = 260.14 MB, solutions = 4)
  15642 10911      788.3689    72      787.6672      789.9710  2326336    0.29%
  15658 10923      788.2496    66      787.6672      789.9710  2330383    0.29%
  15695 10946      788.1420    58      787.6672      789.9710  2334560    0.29%
  15727 10966      789.4243    72      787.6672      789.9710  2338727    0.29%
  15766 10995      790.1007    80      787.6672      789.9710  2342589    0.29%
  15799 11020      788.5773    84      787.6672      789.9710  2347174    0.29%
  15819 11030        cutoff            787.6672      789.9710  2351489    0.29%
  15854 11057      789.0008    68      787.6672      789.9710  2355369    0.29%
  15890 11081      788.4155    54      787.6672      789.9710  2359863    0.29%
  15920 11099      788.5965    76      787.6672      789.9710  2364131    0.29%
Elapsed time = 1905.62 sec. (2142781.82 ticks, tree = 263.95 MB, solutions = 4)
  15953 11124      788.5688    64      787.6672      789.9710  2368370    0.29%
  15985 11144      788.6590    72      787.6672      789.9710  2372674    0.29%
  16013 11164      788.8683    68      787.6672      789.9710  2377025    0.29%
  16048 11183      789.0648    58      787.6672      789.9710  2381144    0.29%
  16086 11213      788.3089    42      787.6672      789.9710  2385348    0.29%
  16113 11226      789.1191    54      787.6672      789.9710  2389641    0.29%
  16147 11252      788.9602    84      787.6672      789.9710  2393991    0.29%
  16178 11275      789.6683    60      787.6672      789.9710  2398380    0.29%
  16205 11298      787.9843    62      787.6672      789.9710  2402415    0.29%
  16234 11319      788.3671    66      787.6672      789.9710  2406366    0.29%
Elapsed time = 1935.94 sec. (2181921.21 ticks, tree = 267.53 MB, solutions = 4)
  16270 11345      789.2928    74      787.6672      789.9710  2411301    0.29%
  16287 11356      789.1042    72      787.6672      789.9710  2415262    0.29%
  16316 11381      788.8237    84      787.6672      789.9710  2419730    0.29%
  16352 11413      788.5418    52      787.6672      789.9710  2423703    0.29%
  16386 11437      788.4213    54      787.6672      789.9710  2428007    0.29%
  16417 11454      789.0885    60      787.6672      789.9710  2432098    0.29%
  16445 11472      790.2002    80      787.6672      789.9710  2436468    0.29%
  16480 11501      788.3287    56      787.6672      789.9710  2441041    0.29%
  16507 11520      789.5319    76      787.6672      789.9710  2445428    0.29%
  16536 11541      789.4429    64      787.6672      789.9710  2449828    0.29%
Elapsed time = 1966.75 sec. (2221404.02 ticks, tree = 271.24 MB, solutions = 4)
  16561 11562      790.0557    84      787.6672      789.9710  2454045    0.29%
  16587 11574      789.3426    74      787.6672      789.9710  2458290    0.29%
  16619 11598      789.3823    74      787.6672      789.9710  2462926    0.29%
  16651 11622      788.9242    76      787.6672      789.9710  2467485    0.29%
  16687 11651      788.1028    62      787.6672      789.9710  2471815    0.29%
  16710 11662        cutoff            787.6672      789.9710  2476074    0.29%
  16742 11680      789.0934    64      787.6672      789.9710  2480117    0.29%
  16772 11700      787.7766    54      787.6672      789.9710  2484481    0.29%
  16799 11708      789.3017    58      787.6672      789.9710  2489140    0.29%
  16834 11735      789.0488    52      787.6672      789.9710  2493134    0.29%
Elapsed time = 1997.22 sec. (2261497.86 ticks, tree = 275.70 MB, solutions = 4)
  16861 11754      788.0033    48      787.6672      789.9710  2497900    0.29%
  16897 11778      789.9025    82      787.6672      789.9710  2502184    0.29%
  16929 11801      788.2301    48      787.6672      789.9710  2505980    0.29%
  16967 11823      787.8072    50      787.6672      789.9710  2510291    0.29%
  16995 11841      788.2936    80      787.6672      789.9710  2514552    0.29%
  17020 11858      788.8532    82      787.6672      789.9710  2518756    0.29%
  17045 11871      788.2587    72      787.6672      789.9710  2522262    0.29%
  17074 11892      788.0462    52      787.6672      789.9710  2526393    0.29%
  17098 11900        cutoff            787.6672      789.9710  2530186    0.29%
  17133 11926      789.4181    90      787.6672      789.9710  2534465    0.29%
Elapsed time = 2027.57 sec. (2300627.12 ticks, tree = 279.78 MB, solutions = 4)
  17170 11958      787.8833    58      787.6672      789.9710  2538588    0.29%
  17184 11968      788.7680    70      787.6672      789.9710  2543217    0.29%
  17217 11989      789.0584    62      787.6672      789.9710  2547286    0.29%
  17243 12011      787.7874    60      787.6672      789.9710  2551673    0.29%
  17270 12028      787.7817    46      787.6672      789.9710  2556202    0.29%
  17304 12050      788.7065    70      787.6672      789.9710  2560135    0.29%
  17343 12079      789.1872    74      787.6672      789.9710  2564615    0.29%
  17371 12099      788.1493    80      787.6672      789.9710  2569070    0.29%
  17409 12129      788.2186    70      787.6672      789.9710  2573167    0.29%
  17442 12144      788.5114    80      787.6672      789.9710  2577738    0.29%
Elapsed time = 2059.73 sec. (2340839.37 ticks, tree = 285.12 MB, solutions = 4)
  17471 12165      788.6879    74      787.6672      789.9710  2582024    0.29%
  17496 12180      788.2099    56      787.6672      789.9710  2585796    0.29%
  17534 12204      790.1399    78      787.6672      789.9710  2590233    0.29%
  17560 12226      788.5114    64      787.6672      789.9710  2594428    0.29%
  17593 12251      788.0545    50      787.6672      789.9710  2598940    0.29%
  17625 12265      789.4342    74      787.6672      789.9710  2602848    0.29%
  17664 12294      788.0118    54      787.6672      789.9710  2607403    0.29%
  17686 12308      788.3916    56      787.6672      789.9710  2611519    0.29%
  17717 12329      787.8483    72      787.6672      789.9710  2615739    0.29%
  17739 12343      788.9925    66      787.6672      789.9710  2620148    0.29%
Elapsed time = 2090.68 sec. (2380435.86 ticks, tree = 287.57 MB, solutions = 4)
  17763 12359      789.0952    62      787.6672      789.9710  2624350    0.29%
  17799 12387      789.1642    64      787.6672      789.9710  2628373    0.29%
  17828 12404      788.3199    58      787.6672      789.9710  2632718    0.29%
  17861 12429      787.9442    66      787.6672      789.9710  2636876    0.29%
  17900 12446      789.5711    60      787.6672      789.9710  2641464    0.29%
  17934 12470      788.8877    66      787.6672      789.9710  2645777    0.29%
  17966 12492      788.5408    90      787.6672      789.9710  2650183    0.29%
  17992 12508      789.0999    50      787.6672      789.9710  2654166    0.29%
  18024 12532      788.5864    54      787.6672      789.9710  2658795    0.29%
  18059 12551      788.9920    66      787.6672      789.9710  2663011    0.29%
Elapsed time = 2121.62 sec. (2419317.66 ticks, tree = 290.78 MB, solutions = 4)
  18090 12574      788.2824    46      787.6672      789.9710  2667483    0.29%
  18120 12596      787.9065    24      787.6672      789.9710  2671713    0.29%
  18156 12616      789.0982    72      787.6672      789.9710  2675785    0.29%
  18183 12637        cutoff            787.6672      789.9710  2680099    0.29%
  18210 12648      789.4748    58      787.6672      789.9710  2684397    0.29%
  18238 12668      789.0703    90      787.6672      789.9710  2688767    0.29%
  18273 12690      789.3968    62      787.6672      789.9710  2693130    0.29%
  18309 12716      788.3856    50      787.6672      789.9710  2697582    0.29%
  18335 12726      789.0767    72      787.6672      789.9710  2701483    0.29%
  18362 12745      788.8956    70      787.6672      789.9710  2705669    0.29%
Elapsed time = 2152.51 sec. (2458298.53 ticks, tree = 295.79 MB, solutions = 4)
  18394 12767      788.3822    48      787.6672      789.9710  2710223    0.29%
  18430 12787        cutoff            787.6672      789.9710  2714687    0.29%
  18466 12815      788.3738    76      787.6672      789.9710  2719550    0.29%
  18494 12831      788.3310    52      787.6672      789.9710  2723683    0.29%
  18542 12871      787.7048    36      787.6672      789.9710  2727980    0.29%
  18567 12884      787.8467    70      787.6672      789.9710  2732191    0.29%
  18607 12910      789.2254    68      787.6672      789.9710  2736546    0.29%
  18644 12937      787.9886    50      787.6672      789.9710  2740755    0.29%
  18674 12955      789.4080    56      787.6672      789.9710  2744653    0.29%
  18701 12972      789.8877    54      787.6672      789.9710  2749256    0.29%
Elapsed time = 2184.56 sec. (2497981.33 ticks, tree = 298.76 MB, solutions = 4)
  18734 12997      789.1153    52      787.6672      789.9710  2753606    0.29%
  18769 13018        cutoff            787.6672      789.9710  2758108    0.29%
  18805 13042      788.7694    58      787.6672      789.9710  2762517    0.29%
  18838 13067      788.8930    64      787.6672      789.9710  2766806    0.29%
  18859 13078      789.2715    56      787.6672      789.9710  2770791    0.29%
  18888 13099      788.9080    80      787.6672      789.9710  2774968    0.29%
  18923 13118      789.1765    82      787.6672      789.9710  2779272    0.29%
  18959 13146      788.2820    54      787.6672      789.9710  2783299    0.29%
  18999 13168      788.8398    74      787.6672      789.9710  2787727    0.29%
  19034 13195        cutoff            787.6672      789.9710  2791761    0.29%
Elapsed time = 2215.83 sec. (2537418.62 ticks, tree = 304.74 MB, solutions = 4)
  19056 13211      787.8899    66      787.6672      789.9710  2796293    0.29%
  19081 13226      788.8258    60      787.6672      789.9710  2801001    0.29%
  19117 13254      788.4616    76      787.6672      789.9710  2805126    0.29%
  19145 13274      787.7099    44      787.6672      789.9710  2809360    0.29%
  19180 13299      788.2344    70      787.6672      789.9710  2813658    0.29%
  19213 13318      788.6277    50      787.6672      789.9710  2817842    0.29%
  19242 13333      789.1599    60      787.6672      789.9710  2823326    0.29%
  19272 13355      789.2266    88      787.6672      789.9710  2827570    0.29%
  19304 13379      789.1981    60      787.6672      789.9710  2831796    0.29%
  19337 13402        cutoff            787.6672      789.9710  2836532    0.29%
Elapsed time = 2248.35 sec. (2576977.42 ticks, tree = 309.35 MB, solutions = 4)
  19369 13430      787.7934    74      787.6672      789.9710  2840645    0.29%
  19395 13447      787.7177    60      787.6672      789.9710  2845015    0.29%
  19429 13469      788.9828    64      787.6672      789.9710  2848782    0.29%
  19463 13493      788.6384    78      787.6672      789.9710  2853077    0.29%
  19492 13514      788.1467    54      787.6672      789.9710  2857418    0.29%
  19532 13536      788.9923    78      787.6672      789.9710  2861865    0.29%
  19564 13561      788.1832    66      787.6672      789.9710  2865908    0.29%
  19592 13580      788.1351    74      787.6672      789.9710  2870466    0.29%
  19615 13591      788.4395    48      787.6672      789.9710  2874459    0.29%
  19647 13615      788.1559    50      787.6672      789.9710  2878693    0.29%
Elapsed time = 2280.52 sec. (2616040.49 ticks, tree = 313.23 MB, solutions = 4)
  19668 13626      788.0586    72      787.6672      789.9710  2882626    0.29%
  19705 13650      788.6098    60      787.6672      789.9710  2886789    0.29%
  19758 13675      788.6595    64      787.6672      789.9710  2890995    0.29%
  19789 13698      788.8974    72      787.6672      789.9710  2895150    0.29%
  19822 13723      788.5629    48      787.6672      789.9710  2899282    0.29%
  19849 13744      788.1223    86      787.6672      789.9710  2903326    0.29%
  19882 13765      789.4670    82      787.6672      789.9710  2907570    0.29%
  19916 13789      788.0359    32      787.6672      789.9710  2911678    0.29%
  19950 13811      788.0361    74      787.6672      789.9710  2916028    0.29%
  19991 13840      788.0513    30      787.6672      789.9710  2920453    0.29%
Elapsed time = 2313.09 sec. (2654733.00 ticks, tree = 319.43 MB, solutions = 4)
  20031 13866      787.8454    52      787.6672      789.9710  2924869    0.29%
  20061 13884      789.4060    56      787.6672      789.9710  2928938    0.29%
  20081 13900      789.1491    68      787.6672      789.9710  2932946    0.29%
  20114 13925      788.7997    68      787.6672      789.9710  2937317    0.29%
  20146 13949      788.6440    58      787.6672      789.9710  2942150    0.29%
  20179 13974      787.9715    50      787.6672      789.9710  2946216    0.29%
  20215 14000      787.8729    50      787.6672      789.9710  2950334    0.29%
  20234 14007      787.9879    68      787.6672      789.9710  2953881    0.29%
  20268 14029      788.2376    74      787.6672      789.9710  2958250    0.29%
  20307 14054      788.5118    68      787.6672      789.9710  2962629    0.29%
Elapsed time = 2346.02 sec. (2694241.21 ticks, tree = 323.11 MB, solutions = 4)
  20344 14079      789.1969    48      787.6672      789.9710  2966924    0.29%
  20381 14102      788.6796    74      787.6672      789.9710  2971317    0.29%
  20418 14129      787.7417    70      787.6672      789.9710  2975632    0.29%
  20447 14148      787.9014    50      787.6672      789.9710  2979602    0.29%
  20489 14178      787.9617    72      787.6672      789.9710  2983951    0.29%
  20526 14193      789.1523    68      787.6672      789.9710  2988097    0.29%
  20559 14218      789.0002    72      787.6672      789.9710  2992108    0.29%
  20584 14233      789.2851    68      787.6672      789.9710  2996335    0.29%
  20618 14259      788.5445    48      787.6672      789.9710  3000518    0.29%
  20646 14275      788.4682    62      787.6672      789.9710  3004553    0.29%
Elapsed time = 2379.06 sec. (2733428.28 ticks, tree = 328.97 MB, solutions = 4)
  20672 14289      788.2783    70      787.6672      789.9710  3008673    0.29%
  20699 14308      788.9414    64      787.6672      789.9710  3013446    0.29%
  20727 14326      788.3686    54      787.6672      789.9710  3017498    0.29%
  20762 14349      789.0340    72      787.6672      789.9710  3021946    0.29%

Performing restart 2

Repeating presolve.
Tried aggregator 1 time.
MIP Presolve eliminated 26 rows and 14 columns.
MIP Presolve modified 23 coefficients.
Reduced MIP has 1771 rows, 3195 columns, and 124603 nonzeros.
Reduced MIP has 897 binaries, 498 generals, 0 SOSs, and 0 indicators.
Presolve time = 0.04 sec. (27.75 ticks)
Tried aggregator 1 time.
Reduced MIP has 1771 rows, 3195 columns, and 124603 nonzeros.
Reduced MIP has 897 binaries, 498 generals, 0 SOSs, and 0 indicators.
Presolve time = 0.04 sec. (24.58 ticks)
Represolve time = 0.37 sec. (311.20 ticks)
  20774     2      794.3207    98      787.6672      789.9710  3028003    0.29%
  20776     4      793.9708   114      787.6672      789.9710  3028871    0.29%
  20779     7      793.7391   110      787.6672      789.9710  3030378    0.29%
  20785    13      791.7445    76      787.6672      789.9710  3034198    0.29%
  20795    23      791.4981    66      787.6672      789.9710  3036960    0.29%
  20806    34      791.2005    56      787.6672      789.9710  3039663    0.29%
Elapsed time = 2418.32 sec. (2786862.78 ticks, tree = 0.19 MB, solutions = 4)
  20818    42      792.1167    78      787.6672      789.9710  3043608    0.29%
  20825    49      791.5173    78      787.6672      789.9710  3046129    0.29%
  20836    60      788.5948    68      787.6672      789.9710  3049958    0.29%
  20854    71      789.4398    58      787.6672      789.9710  3053454    0.29%
  20884    91      792.9722   112      787.6672      789.9710  3057094    0.29%
  20897   104      791.1581   108      787.6672      789.9710  3059706    0.29%
  20916   123      789.3166    92      787.6672      789.9710  3062367    0.29%
  20943   142      792.7857    98      787.6672      789.9710  3065094    0.29%
  20958   157      789.6529    88      787.6672      789.9710  3068520    0.29%
  20979   173      789.1278    80      787.6672      789.9710  3072994    0.29%
Elapsed time = 2448.48 sec. (2827513.10 ticks, tree = 1.53 MB, solutions = 4)
  21007   193      791.0013   102      787.6672      789.9710  3077524    0.29%
  21046   226      792.1003   100      787.6672      789.9710  3082785    0.29%
  21068   248      789.3351    92      787.6672      789.9710  3086125    0.29%
  21102   277      790.7401   102      787.6672      789.9710  3090128    0.29%
  21133   307      788.8996    68      787.6672      789.9710  3093085    0.29%
  21168   335      790.7847    80      787.6672      789.9710  3096220    0.29%
  21210   375      787.9784    54      787.6672      789.9710  3099893    0.29%
  21241   402      789.0197    52      787.6672      789.9710  3104678    0.29%
  21281   430      789.5554    72      787.6672      789.9710  3109073    0.29%
  21327   472      790.9643    90      787.6672      789.9710  3112756    0.29%
Elapsed time = 2479.53 sec. (2866753.80 ticks, tree = 9.29 MB, solutions = 4)
  21368   512      787.7005    64      787.6672      789.9710  3117067    0.29%
  21402   538      788.6662    72      787.6672      789.9710  3121725    0.29%
  21427   559      789.2655    44      787.6672      789.9710  3126437    0.29%
  21457   583      789.8966    74      787.6672      789.9710  3130214    0.29%
  21490   612      791.2318   100      787.6672      789.9710  3134698    0.29%
  21513   635      788.1500    62      787.6672      789.9710  3138250    0.29%
  21539   653      790.5046   102      787.6672      789.9710  3142938    0.29%
  21581   689      791.2662    72      787.6672      789.9710  3146883    0.29%
  21605   711      787.8467    38      787.6672      789.9710  3151638    0.29%
  21636   738      788.2319    76      787.6672      789.9710  3155958    0.29%
Elapsed time = 2510.08 sec. (2905439.60 ticks, tree = 11.48 MB, solutions = 4)
  21668   767      789.3820    74      787.6672      789.9710  3159479    0.29%
  21702   797      789.0354    70      787.6672      789.9710  3164046    0.29%
  21728   819      789.4685    80      787.6672      789.9710  3168553    0.29%
  21758   845      788.9405    50      787.6672      789.9710  3172478    0.29%
  21794   869      790.9444    80      787.6672      789.9710  3177437    0.29%
  21837   908      791.1179   100      787.6672      789.9710  3181876    0.29%
  21869   936      790.9204    82      787.6672      789.9710  3186425    0.29%
  21911   974      790.4355    52      787.6672      789.9710  3191013    0.29%
  21933   994      788.0911    22      787.6672      789.9710  3195612    0.29%
  21975  1026      791.5622    80      787.6672      789.9710  3200470    0.29%
Elapsed time = 2541.44 sec. (2944994.35 ticks, tree = 13.86 MB, solutions = 4)
  22010  1059        cutoff            787.6672      789.9710  3205136    0.29%
  22047  1092      788.2043    72      787.6672      789.9710  3209633    0.29%
  22087  1128      788.4030    62      787.6672      789.9710  3213940    0.29%
  22133  1164      787.8357    34      787.6672      789.9710  3218699    0.29%
  22167  1192      788.3983    74      787.6672      789.9710  3222901    0.29%
  22196  1213      789.5956    76      787.6672      789.9710  3227905    0.29%
  22230  1243      789.0444    80      787.6672      789.9710  3232054    0.29%
  22265  1270      787.8931    46      787.6672      789.9710  3236438    0.29%
  22288  1283      790.5330    88      787.6672      789.9710  3241385    0.29%
  22312  1307      787.8741    70      787.6672      789.9710  3244619    0.29%
Elapsed time = 2572.07 sec. (2983664.55 ticks, tree = 21.25 MB, solutions = 4)
  22364  1354      788.0653    52      787.6672      789.9710  3248998    0.29%
  22394  1376      789.0760    54      787.6672      789.9710  3253521    0.29%
  22413  1389      788.6935    70      787.6672      789.9710  3257942    0.29%
  22455  1427      788.0439    44      787.6672      789.9710  3262087    0.29%
  22498  1460      790.9583    58      787.6672      789.9710  3266586    0.29%
  22535  1493      790.3278    96      787.6672      789.9710  3271362    0.29%
  22561  1513      790.5162    92      787.6672      789.9710  3276063    0.29%
  22598  1546      790.9710   106      787.6672      789.9710  3280704    0.29%
  22630  1578      787.7084    72      787.6672      789.9710  3285265    0.29%
  22667  1611      787.7436    72      787.6672      789.9710  3289491    0.29%
Elapsed time = 2602.07 sec. (3022732.78 ticks, tree = 29.70 MB, solutions = 4)
  22713  1651      787.7977    44      787.6672      789.9710  3293486    0.29%
  22735  1665      788.6651    30      787.6672      789.9710  3297929    0.29%
  22785  1705      791.5795    82      787.6672      789.9710  3302326    0.29%
  22823  1743      787.6944    50      787.6672      789.9710  3306911    0.29%
  22854  1770      788.2784    74      787.6672      789.9710  3310919    0.29%
  22875  1787      789.4327    84      787.6672      789.9710  3315857    0.29%
  22906  1808      790.0820    78      787.6672      789.9710  3320330    0.29%
  22940  1838      789.9804    74      787.6672      789.9710  3324644    0.29%
  22974  1868      789.5688    90      787.6672      789.9710  3329200    0.29%
  23009  1899      788.4707    58      787.6672      789.9710  3333663    0.29%
Elapsed time = 2631.86 sec. (3061807.07 ticks, tree = 33.68 MB, solutions = 4)
  23033  1919      788.0781    48      787.6672      789.9710  3338267    0.29%
  23075  1951      790.3551    72      787.6672      789.9710  3343005    0.29%
  23111  1981      787.9731    48      787.6672      789.9710  3347585    0.29%
  23146  2006      790.3110    82      787.6672      789.9710  3352688    0.29%
  23171  2031      788.8194    60      787.6672      789.9710  3357439    0.29%
  23205  2053      788.0637    62      787.6672      789.9710  3362049    0.29%
  23239  2083      788.0708    54      787.6672      789.9710  3366549    0.29%
  23265  2101      789.3491    82      787.6672      789.9710  3371189    0.29%
  23295  2125      788.4837    84      787.6672      789.9710  3375633    0.29%
  23319  2135      790.8835    64      787.6672      789.9710  3380447    0.29%
Elapsed time = 2661.97 sec. (3101191.99 ticks, tree = 38.41 MB, solutions = 4)
  23359  2171      789.8050    68      787.6672      789.9710  3384699    0.29%
  23381  2189      788.9965    70      787.6672      789.9710  3389075    0.29%
  23421  2221      790.8085    90      787.6672      789.9710  3393532    0.29%
  23452  2248      790.3705    64      787.6672      789.9710  3398200    0.29%
  23485  2277      790.4521    98      787.6672      789.9710  3402125    0.29%
  23523  2311      791.2151    86      787.6672      789.9710  3406408    0.29%
  23535  2323      789.2486    68      787.6672      789.9710  3411470    0.29%
  23574  2346      789.2686    68      787.6672      789.9710  3415057    0.29%
  23600  2368      788.5747    82      787.6672      789.9710  3419494    0.29%
  23637  2395      790.6503    82      787.6672      789.9710  3423911    0.29%
Elapsed time = 2690.76 sec. (3141167.31 ticks, tree = 44.57 MB, solutions = 4)
  23658  2416      787.9531    62      787.6672      789.9710  3428415    0.29%
  23685  2426      790.0480    64      787.6672      789.9710  3432621    0.29%
  23710  2445      789.5035    98      787.6672      789.9710  3437482    0.29%
  23740  2471      789.4707    64      787.6672      789.9710  3441633    0.29%
  23780  2499      790.5158    80      787.6672      789.9710  3445965    0.29%
  23813  2516      790.4745    68      787.6672      789.9710  3450547    0.29%
  23848  2545      788.0588    64      787.6672      789.9710  3454950    0.29%
  23879  2568      789.9179    72      787.6672      789.9710  3459262    0.29%
  23906  2591      788.9284    66      787.6672      789.9710  3464209    0.29%
  23925  2604      789.8893    90      787.6672      789.9710  3468391    0.29%
Elapsed time = 2719.90 sec. (3181008.48 ticks, tree = 50.01 MB, solutions = 4)
  23950  2621      790.0070    72      787.6672      789.9710  3473115    0.29%
  23974  2641      789.2006    86      787.6672      789.9710  3477200    0.29%
  23995  2658      788.5089    42      787.6672      789.9710  3481785    0.29%
  24031  2686      788.5058    78      787.6672      789.9710  3485700    0.29%
  24066  2717      788.1553    66      787.6672      789.9710  3489758    0.29%
  24106  2745      790.2001   104      787.6672      789.9710  3494461    0.29%
  24128  2763      789.9607    88      787.6672      789.9710  3499252    0.29%
  24153  2782      790.0248    68      787.6672      789.9710  3503490    0.29%
  24178  2799      790.0531   108      787.6672      789.9710  3507661    0.29%
  24202  2817      788.3036    74      787.6672      789.9710  3512058    0.29%
Elapsed time = 2749.77 sec. (3221668.18 ticks, tree = 54.09 MB, solutions = 4)
  24225  2836      789.1635    78      787.6672      789.9710  3516406    0.29%
  24249  2848      790.0204    78      787.6672      789.9710  3520931    0.29%
  24280  2873      788.3806    64      787.6672      789.9710  3525092    0.29%
  24311  2900      787.6914    64      787.6672      789.9710  3529384    0.29%
  24340  2919      790.4235    82      787.6672      789.9710  3533619    0.29%
  24369  2938      789.2499    66      787.6672      789.9710  3537932    0.29%
  24398  2964      788.5601    68      787.6672      789.9710  3542175    0.29%
  24437  2997      787.9773    66      787.6672      789.9710  3546363    0.29%
  24458  3014      788.2024    76      787.6672      789.9710  3550580    0.29%
  24485  3027      789.4559    78      787.6672      789.9710  3554903    0.29%
Elapsed time = 2778.56 sec. (3260312.54 ticks, tree = 58.66 MB, solutions = 4)
  24520  3058      787.6809    64      787.6672      789.9710  3559207    0.29%
  24561  3091      789.6713    94      787.6672      789.9710  3563549    0.29%
  24584  3110      789.8273   100      787.6672      789.9710  3567758    0.29%
  24600  3124      787.7685    74      787.6672      789.9710  3572056    0.29%
  24642  3151      787.6700    34      787.6672      789.9710  3576367    0.29%
  24680  3183      790.2154    80      787.6672      789.9710  3580395    0.29%
  24704  3203      789.4178    78      787.6672      789.9710  3584821    0.29%
  24719  3216      787.8557    52      787.6672      789.9710  3590292    0.29%
  24750  3239      789.1900    72      787.6672      789.9710  3594344    0.29%
  24778  3259      789.9864    62      787.6672      789.9710  3599113    0.29%
Elapsed time = 2807.94 sec. (3300120.98 ticks, tree = 64.42 MB, solutions = 4)
  24809  3282      789.5792    90      787.6672      789.9710  3603768    0.29%
  24829  3298      788.6321    98      787.6672      789.9710  3608219    0.29%
  24856  3321      788.4842    76      787.6672      789.9710  3612379    0.29%
  24889  3346      788.3721    64      787.6672      789.9710  3617687    0.29%
  24912  3364      788.2185    78      787.6672      789.9710  3621637    0.29%
  24946  3390      789.5476    94      787.6672      789.9710  3626981    0.29%
  24976  3416      790.0338    76      787.6672      789.9710  3631042    0.29%
  25005  3441      789.6423    62      787.6672      789.9710  3635426    0.29%
  25031  3452      788.8944    82      787.6672      789.9710  3639912    0.29%
  25060  3475        cutoff            787.6672      789.9710  3644173    0.29%
Elapsed time = 2837.48 sec. (3340503.45 ticks, tree = 69.32 MB, solutions = 4)
  25090  3497      788.0371    48      787.6672      789.9710  3648562    0.29%
  25129  3526      788.0209    72      787.6672      789.9710  3652584    0.29%
  25151  3540      790.1804    80      787.6672      789.9710  3656897    0.29%
  25174  3559      790.1088    98      787.6672      789.9710  3659837    0.29%
  25201  3584      788.3787    62      787.6672      789.9710  3664137    0.29%
  25230  3605      788.4495    72      787.6672      789.9710  3667881    0.29%
  25260  3627      789.4089    98      787.6672      789.9710  3671821    0.29%
  25284  3647      788.2495    76      787.6672      789.9710  3676125    0.29%
  25301  3660      788.4572    64      787.6672      789.9710  3680788    0.29%
  25327  3678      788.0932    74      787.6672      789.9710  3684984    0.29%
Elapsed time = 2866.56 sec. (3379650.01 ticks, tree = 72.98 MB, solutions = 4)
  25354  3697      789.7649    58      787.6672      789.9710  3689167    0.29%
  25383  3720      788.2614    82      787.6672      789.9710  3693545    0.29%
  25400  3729        cutoff            787.6672      789.9710  3697944    0.29%
  25424  3743      789.9223    68      787.6672      789.9710  3702288    0.29%
  25458  3771        cutoff            787.6672      789.9710  3706511    0.29%
  25483  3788      788.8161    50      787.6672      789.9710  3710856    0.29%
  25509  3798      789.1173    64      787.6672      789.9710  3714495    0.29%
  25538  3823      788.0994    66      787.6672      789.9710  3718905    0.29%
  25580  3857      789.1550    84      787.6672      789.9710  3723064    0.29%
  25613  3880      790.0241    78      787.6672      789.9710  3727690    0.29%
Elapsed time = 2895.56 sec. (3419017.45 ticks, tree = 77.63 MB, solutions = 4)
  25649  3912      789.0898    72      787.6672      789.9710  3731937    0.29%
  25687  3946      788.4728    84      787.6672      789.9710  3736236    0.29%
  25711  3959      789.1193    86      787.6672      789.9710  3740274    0.29%
  25747  3979      788.4204    76      787.6672      789.9710  3744772    0.29%
  25781  4005      788.9279    70      787.6672      789.9710  3748853    0.29%
  25808  4020      788.9456    52      787.6672      789.9710  3753406    0.29%
  25841  4043      789.4353    74      787.6672      789.9710  3757803    0.29%
  25879  4075      787.6814    60      787.6672      789.9710  3761966    0.29%
  25896  4086      788.4612    42      787.6672      789.9710  3766240    0.29%
  25928  4112      788.0317    62      787.6672      789.9710  3770580    0.29%
Elapsed time = 2924.64 sec. (3458065.12 ticks, tree = 84.75 MB, solutions = 4)
  25953  4129      789.1946    84      787.6672      789.9710  3774744    0.29%
  25979  4151      788.7204    82      787.6672      789.9710  3778164    0.29%
  26002  4170      788.6847    90      787.6672      789.9710  3782619    0.29%
  26023  4181      789.5364    92      787.6672      789.9710  3787018    0.29%
  26049  4203      788.7983    70      787.6672      789.9710  3791102    0.29%
  26078  4222      789.4536    60      787.6672      789.9710  3795011    0.29%
  26103  4241      788.1891    86      787.6672      789.9710  3799865    0.29%
  26133  4263      787.7544    74      787.6672      789.9710  3804675    0.29%
  26165  4285      788.9956    38      787.6672      789.9710  3809185    0.29%
  26212  4320      788.6120    72      787.6672      789.9710  3813222    0.29%
Elapsed time = 2953.52 sec. (3497715.65 ticks, tree = 89.08 MB, solutions = 4)
  26252  4352      789.4314    74      787.6672      789.9710  3818070    0.29%
  26273  4369      788.6025    70      787.6672      789.9710  3822917    0.29%
  26300  4390      788.4707    70      787.6672      789.9710  3827005    0.29%
  26339  4421      788.9724    58      787.6672      789.9710  3831178    0.29%
  26371  4445      789.1614    76      787.6672      789.9710  3835570    0.29%
  26394  4462      788.6704    70      787.6672      789.9710  3839598    0.29%
  26426  4486      789.4391    62      787.6672      789.9710  3843774    0.29%
  26465  4517      788.8242    88      787.6672      789.9710  3848895    0.29%
  26495  4539      790.0349    54      787.6672      789.9710  3853319    0.29%
  26522  4556      789.1724    68      787.6672      789.9710  3857864    0.29%
Elapsed time = 2983.72 sec. (3537836.68 ticks, tree = 92.68 MB, solutions = 4)
  26552  4578      790.0313    66      787.6672      789.9710  3862430    0.29%
  26581  4603      788.0378    68      787.6672      789.9710  3866683    0.29%
  26616  4630      788.0018    76      787.6672      789.9710  3871002    0.29%
  26639  4641      789.0225    56      787.6672      789.9710  3875191    0.29%
  26670  4664      788.7200    64      787.6672      789.9710  3880068    0.29%
  26705  4691      789.0929    86      787.6672      789.9710  3884730    0.29%
  26734  4712      789.1255    52      787.6672      789.9710  3889010    0.29%
  26768  4740      788.5907    84      787.6672      789.9710  3893261    0.29%
  26791  4755      788.8961    82      787.6672      789.9710  3897077    0.29%
  26824  4780      789.9112    68      787.6672      789.9710  3901460    0.29%
Elapsed time = 3012.58 sec. (3577323.44 ticks, tree = 97.31 MB, solutions = 4)
  26850  4796      789.1435    80      787.6672      789.9710  3905705    0.29%
  26885  4823        cutoff            787.6672      789.9710  3910015    0.29%
  26905  4837      789.3790   100      787.6672      789.9710  3915240    0.29%
  26933  4861      788.3833    62      787.6672      789.9710  3919397    0.29%
  26964  4884      788.7907    58      787.6672      789.9710  3923965    0.29%
  27004  4910      788.1882    56      787.6672      789.9710  3928437    0.29%
  27042  4940      788.6021    58      787.6672      789.9710  3932672    0.29%
  27074  4964      789.6648    84      787.6672      789.9710  3936631    0.29%
  27100  4980        cutoff            787.6672      789.9710  3940592    0.29%
  27136  5004      789.1014    82      787.6672      789.9710  3944620    0.29%
Elapsed time = 3041.54 sec. (3616501.64 ticks, tree = 102.70 MB, solutions = 4)
  27163  5023      789.8239    58      787.6672      789.9710  3949298    0.29%
  27191  5043      789.1405    98      787.6672      789.9710  3953985    0.29%
  27214  5062      788.1209    88      787.6672      789.9710  3958221    0.29%
  27252  5092      788.1451    48      787.6672      789.9710  3962887    0.29%
  27280  5106      789.6477    50      787.6672      789.9710  3967056    0.29%
  27320  5136      789.0542    58      787.6672      789.9710  3971374    0.29%
  27354  5162      789.6357    58      787.6672      789.9710  3975498    0.29%
  27384  5186      787.8503    70      787.6672      789.9710  3979667    0.29%
  27424  5214      789.9221    70      787.6672      789.9710  3984253    0.29%
  27452  5236      788.7501    58      787.6672      789.9710  3988811    0.29%
Elapsed time = 3070.98 sec. (3656654.48 ticks, tree = 106.83 MB, solutions = 4)
  27475  5251      789.5703    88      787.6672      789.9710  3994330    0.29%
  27506  5278      788.4088    48      787.6672      789.9710  3998544    0.29%
  27537  5297        cutoff            787.6672      789.9710  4003551    0.29%
  27576  5328      788.9141    46      787.6672      789.9710  4007636    0.29%
  27617  5361      788.4472    54      787.6672      789.9710  4011777    0.29%
  27640  5376      789.4646    60      787.6672      789.9710  4016028    0.29%
  27670  5400        cutoff            787.6672      789.9710  4020488    0.29%
  27703  5423      787.8451    54      787.6672      789.9710  4024859    0.29%
  27736  5446      789.2089    88      787.6672      789.9710  4029094    0.29%
  27766  5468      788.7703    70      787.6672      789.9710  4033319    0.29%
Elapsed time = 3100.03 sec. (3696375.04 ticks, tree = 113.07 MB, solutions = 4)
  27795  5487      787.8127    58      787.6672      789.9710  4037581    0.29%
  27826  5508      789.3032    78      787.6672      789.9710  4041812    0.29%
  27851  5525        cutoff            787.6672      789.9710  4046362    0.29%
  27880  5546      788.2306    56      787.6672      789.9710  4050801    0.29%
  27926  5576      788.3641    70      787.6672      789.9710  4054706    0.29%
  27950  5592      789.4854    72      787.6672      789.9710  4058860    0.29%
  27992  5630      789.1762    56      787.6672      789.9710  4062289    0.29%
  28023  5649      789.3458    56      787.6672      789.9710  4066960    0.29%
  28061  5680      788.4482    68      787.6672      789.9710  4071293    0.29%
  28180  5757      788.2973    50      787.6672      789.9710  4088688    0.29%
Elapsed time = 3137.38 sec. (3746683.60 ticks, tree = 119.18 MB, solutions = 4)
  28297  5842      788.6374    64      787.6672      789.9710  4105497    0.29%
  28410  5927      789.4417    78      787.6672      789.9710  4121218    0.29%
  28539  6016      788.0547    62      787.6672      789.9710  4138343    0.29%
  28642  6087      788.5949    40      787.6672      789.9710  4155474    0.29%
  28751  6157      787.8785    78      787.6672      789.9710  4172617    0.29%
  28886  6260      788.1756    66      787.6672      789.9710  4189739    0.29%
  29021  6359      788.1361    66      787.6672      789.9710  4206590    0.29%
  29134  6438      789.0166   100      787.6672      789.9710  4224668    0.29%
  29253  6516      789.3541    80      787.6672      789.9710  4242013    0.29%
  29384  6597      789.1330    58      787.6672      789.9710  4258593    0.29%
Elapsed time = 3255.05 sec. (3901387.74 ticks, tree = 137.89 MB, solutions = 4)
  29514  6691      788.6146    70      787.6672      789.9710  4275555    0.29%
  29637  6784      789.1657    74      787.6672      789.9710  4291613    0.29%
  29742  6851      789.2708    64      787.6672      789.9710  4307648    0.29%
  29884  6964      789.6297    84      787.6672      789.9710  4323065    0.29%
  29996  7050      788.1677    42      787.6672      789.9710  4339196    0.29%
  30118  7130      788.9936    78      787.6672      789.9710  4358174    0.29%
  30248  7224      788.9515    60      787.6672      789.9710  4375221    0.29%
  30341  7286      788.4185    70      787.6672      789.9710  4391079    0.29%
  30471  7378      788.4173    64      787.6672      789.9710  4406992    0.29%
  30580  7449      789.4385    78      787.6672      789.9710  4420357    0.29%
Elapsed time = 3368.71 sec. (4055535.07 ticks, tree = 157.87 MB, solutions = 4)
  30712  7545      789.0627    54      787.6672      789.9710  4436511    0.29%
  30822  7627      788.6608    56      787.6672      789.9710  4451732    0.29%
  30946  7715      788.9808    82      787.6672      789.9710  4467096    0.29%
  31073  7806      788.1187    72      787.6672      789.9710  4482618    0.29%
  31199  7894      788.6509   100      787.6672      789.9710  4497514    0.29%
  31304  7965      788.6245    54      787.6672      789.9710  4512883    0.29%
  31415  8042        cutoff            787.6672      789.9710  4528479    0.29%
  31533  8124      787.8690    80      787.6672      789.9710  4543484    0.29%
  31642  8199      788.2368    62      787.6672      789.9710  4558237    0.29%
  31753  8277      789.5300    52      787.6672      789.9710  4572822    0.29%
Elapsed time = 3483.72 sec. (4209500.00 ticks, tree = 180.37 MB, solutions = 4)
  31858  8346      789.5369    56      787.6672      789.9710  4586616    0.29%
  31967  8423      789.6103    56      787.6672      789.9710  4600939    0.29%
  32089  8511      787.9035    50      787.6672      789.9710  4614829    0.29%
  32199  8583      789.0053    82      787.6672      789.9710  4629165    0.29%
  32306  8662      788.8125    56      787.6672      789.9710  4644142    0.29%
  32400  8716      788.2178    64      787.6672      789.9710  4659391    0.29%
  32509  8783      788.5900    46      787.6672      789.9710  4673760    0.29%
  32613  8855      789.6861    62      787.6672      789.9710  4688476    0.29%
  32737  8945      788.3008    88      787.6672      789.9710  4705209    0.29%
  32853  9021      788.5213    52      787.6672      789.9710  4722298    0.29%
Elapsed time = 3597.80 sec. (4363353.07 ticks, tree = 196.88 MB, solutions = 4)

Flow cuts applied:  5
Mixed integer rounding cuts applied:  10
User cuts applied:  2277

Root node processing (before b&c):
  Real time             =    7.03 sec. (4706.97 ticks)
Sequential b&c:
  Real time             = 3592.98 sec. (4361644.28 ticks)
                          ------------
Total (root+branch&cut) = 3600.00 sec. (4366351.25 ticks)
|V|                                     900
K                                       10
theta                                   0.80
r                                       10
R                                       25
prob_func                               linear
#C1                                     21248
#CP                                     471774

@Parameters: 
am_callback_heuristic                   false
am_local_search                         true
am_start_heuristic                      false
colocation                              true
comp                                    false
cutC                                    true
cutC_init                               false
cutF                                    false
cutF_init                               false
cutF_stable                             false
cutF_wrong                              false
cutLocal                                false
cutM                                    true
cutM_init                               true
cutM_stable                             false
cutP                                    true
cutP_init                               false
cutP_stable                             false
init                                    true
init_cutF_zero                          false
init_val_greedy                         true
is_Euclidean                            false
is_local_search                         false
is_right_cutP                           true
is_root                                 false
is_silent                               false
is_start                                false
mycut                                   false
pmed                                    false
pre                                     true
stable_root                             false
str                                     true
two_phase                               false
ubstr                                   false
mode                                    Int

am_callback_node_space                  50
init                                    0
mixture_seed                            1
node_space                              5
nodelimit                               -1
nsepa                                   1
strF                                    0
type_delta                              0

EPS                                     0.001000
EPS_FRAC                                0.00
gap                                     0.00
mixture_high_max                        0.99
mixture_high_min                        0.90
mixture_low_max                         0.01
mixture_low_min                         0.00
mixture_low_share                       0.80
timelimit                               3600.00

Number of Closed Sites: 2 / 20 
Number of Confined Sites-1: 1 / 9 
Number of Confined Sites-k: 433 / 433 
Preprocess Time: 1.34 + 0.00 sec

Solve Time: 3600.00
Number of Nodes: 32880
Termination Status: TIME_LIMIT

CutInfo: [phase] num / time (sec) / aver. num_nonzero
max              [LP]     0 / 0.00 / 0.00 [init]   444 / 0.02 / 25.05 [rLC]   744 / 0.10 / 51.49 [rUC]  1328 / 0.25 / 34.76 [sLC]   943 / 0.26 / 49.63 [sUC]  1360 / 3.11 / 39.67 
prod_oa          [LP]     0 / 0.00 / 0.00 [init]   330 / 0.06 / 333.21 [rLC]  1177 / 0.43 / 381.00 [rUC]    42 / 1.65 / 208.21 [sLC]  2185 / 1.61 / 342.87 [sUC]   119 / 25.85 / 243.57 
prod_sm_fixed    [LP]     0 / 0.00 / 0.00 [init]     0 / 0.00 / 0.00 [rLC]     0 / 0.00 / 0.00 [rUC]     0 / 0.00 / 0.00 [sLC]     0 / 0.00 / 0.00 [sUC]     0 / 0.00 / 0.00 
prod_bin         [LP]     0 / 0.00 / 0.00 [init]     0 / 0.00 / 0.00 [rLC]     0 / 0.00 / 0.00 [rUC]     0 / 0.00 / 0.00 [sLC]     0 / 0.00 / 0.00 [sUC]     0 / 0.00 / 0.00 
prod_local       [LP]     0 / 0.00 / 0.00 [init]     0 / 0.00 / 0.00 [rLC]     0 / 0.00 / 0.00 [rUC]     0 / 0.00 / 0.00 [sLC]     0 / 0.00 / 0.00 [sUC]     0 / 0.00 / 0.00 
prod_sm_C        [LP]     0 / 0.00 / 0.00 [init]     0 / 0.00 / 0.00 [rLC]     0 / 0.00 / 0.00 [rUC]     0 / 0.00 / 0.00 [sLC]     0 / 0.00 / 0.00 [sUC]     0 / 0.00 / 0.00 
facet            [LP]     0 / 0.00 / 0.00 [init]     0 / 0.00 / 0.00 [rLC]     0 / 0.00 / 0.00 [rUC]     0 / 0.00 / 0.00 [sLC]     0 / 0.00 / 0.00 [sUC]     0 / 0.00 / 0.00 
Separation Round:   [LP] 0  [init] 1  [rLC] 6  [rUC] 17  [sLC] 20  [sUC] 57209  
Root Best Bound 794.225941
Root Best Integer: 787.250887
Best Bound: 789.971035
Best Integer: 787.667213
1: 47, 87, 244, 324, 537, 594, 666, 778, 811, 876
Objective Value (calc): 787.655274
sum_etaM = 770.333333 / 770.333333
sum_etaP = 857.002730 / 856.943035
nL: 10
nCL: 0
mCL: 1
