Version identifier: 20.1.0.0 | 2020-11-10 | 9bedb6d68
CPXPARAM_Threads                                 1
CPXPARAM_TimeLimit                               3600
CPXPARAM_MIP_Tolerances_MIPGap                   0
Generic callback                                 0x60
1 of 1 MIP starts provided solutions.
MIP start 'm1' defined initial solution with objective 596.4722.
Tried aggregator 2 times.
MIP Presolve eliminated 9 rows and 8 columns.
MIP Presolve modified 1 coefficients.
Aggregator did 1 substitutions.
Reduced MIP has 2149 rows, 2791 columns, and 21658 nonzeros.
Reduced MIP has 696 binaries, 695 generals, 0 SOSs, and 0 indicators.
Presolve time = 0.01 sec. (8.47 ticks)
Probing time = 0.00 sec. (1.10 ticks)
Tried aggregator 1 time.
Reduced MIP has 2149 rows, 2791 columns, and 21658 nonzeros.
Reduced MIP has 696 binaries, 695 generals, 0 SOSs, and 0 indicators.
Presolve time = 0.01 sec. (4.97 ticks)
Probing time = 0.00 sec. (1.10 ticks)
MIP emphasis: balance optimality and feasibility.
MIP search method: dynamic search.
Parallel mode: none, using 1 thread.
Root relaxation solution time = 0.10 sec. (97.15 ticks)

        Nodes                                         Cuts/
   Node  Left     Objective  IInf  Best Integer    Best Bound    ItCnt     Gap

*     0+    0                          596.4722      700.0000            17.36%
      0     0      649.3883   116      596.4722      649.3883     1821    8.87%
      0     0      607.7087   328      596.4722     Cuts: 637     3271    1.88%
      0     0      604.8963   318      596.4722     Cuts: 535     4150    1.41%
      0     0      604.1359   322      596.4722     Cuts: 273     4609    1.28%
      0     0      603.8622   328      596.4722     Cuts: 174     4900    1.24%
      0     0      603.7703   328      596.4722     Cuts: 136     5104    1.22%
      0     0      603.7181   332      596.4722      Cuts: 74     5239    1.21%
      0     0      603.6976   334      596.4722      Cuts: 42     5323    1.21%
      0     0      603.6626   340      596.4722      Cuts: 45     5427    1.21%
      0     0      603.6551   350      596.4722 UserPurge2: 24     5471    1.20%
      0     0      603.6493   340      596.4722 UserPurge2: 15     5512    1.20%
      0     0      603.6474   336      596.4722 UserPurge2: 16     5529    1.20%
      0     0      603.6471   336      596.4722 UserPurge2: 3     5538    1.20%
      0     0      603.6471   336      596.4722 UserPurge2: 2     5539    1.20%
      0     0      603.6470   340      596.4722 UserPurge2: 1     5544    1.20%
      0     0      603.6470   340      596.4722 UserPurge2: 5     5547    1.20%
*     0+    0                          596.4825      603.6470             1.20%
*     0+    0                          597.5030      603.6470             1.03%
      0     2      603.5851   356      597.5030      603.5850     5547    1.02%
Elapsed time = 4.07 sec. (3847.67 ticks, tree = 0.01 MB, solutions = 3)
      5     7      603.3015   366      597.5030      603.5237     6767    1.01%
     10    12      603.1875   352      597.5030      603.4648     8718    1.00%
     12    14      603.1571   346      597.5030      603.4648     9657    1.00%
     17    19      603.0512   304      597.5030      603.4648    10729    1.00%
     20    22      602.8157   296      597.5030      603.4648    11491    1.00%
     24    26      602.4455   324      597.5030      603.4648    12555    1.00%
     28    30      602.2272   310      597.5030      603.4648    13750    1.00%
     30    32      602.0648   280      597.5030      603.4648    14336    1.00%
     35    37      601.8529   264      597.5030      603.4648    15652    1.00%
     44    46      601.3890   238      597.5030      603.4648    17700    1.00%
Elapsed time = 8.49 sec. (7714.32 ticks, tree = 0.29 MB, solutions = 3)
*    60+   60                          598.4415      603.4648             0.84%
     63    65      600.4621   142      598.4415      603.4648    20702    0.84%
     94    96      599.4789    70      598.4415      603.4648    22417    0.84%
*   100+  100                          598.5612      603.4648             0.82%
    120   116      602.7073   316      598.5612      603.4625    24943    0.82%
    132   128      602.0971   282      598.5612      603.4625    27099    0.82%
    145   141      601.3129   246      598.5612      603.4625    29833    0.82%
    160   156      600.5445   170      598.5612      603.4625    32061    0.82%
    182   178      599.8381   116      598.5612      603.4625    35066    0.82%
*   190+  184                          598.7193      603.4625             0.79%
    209   199      603.0210   332      598.7193      603.3942    37630    0.78%
*   210+  157                          599.7132      603.3942             0.61%
*   220+  155                          599.9251      603.3942             0.58%
    220   157      602.2729   302      599.9251      603.3942    38857    0.58%
    231   168      601.6609   248      599.9251      603.3942    40905    0.58%
Elapsed time = 24.77 sec. (18966.74 ticks, tree = 2.48 MB, solutions = 8)
    244   181      600.9154   242      599.9251      603.3942    42946    0.58%
    253   190      600.6277   210      599.9251      603.3942    43770    0.58%
    269   202      602.7088   318      599.9251      603.3919    47217    0.58%
    280   213      601.8598   278      599.9251      603.3919    49284    0.58%
    304   237      600.5521   190      599.9251      603.3919    52159    0.58%
    321   250      602.7500   332      599.9251      603.3689    54856    0.57%
    335   264      601.8214   264      599.9251      603.3689    57570    0.57%
*   340+  248                          600.1448      603.3689             0.54%
    342   252      601.6277   236      600.1448      603.3689    58234    0.54%
    356   266      600.7229   216      600.1448      603.3689    59725    0.54%
    370   276      602.8528   352      600.1448      603.3689    61636    0.54%
Elapsed time = 36.46 sec. (29562.06 ticks, tree = 2.52 MB, solutions = 9)
    382   288      601.9563   316      600.1448      603.3689    64484    0.54%
    390   296      601.6554   278      600.1448      603.3689    66346    0.54%
    402   308      600.9379   198      600.1448      603.3689    68920    0.54%
    422   324        cutoff            600.1448      603.3689    71391    0.54%
    430   332      602.4455   332      600.1448      603.3010    72872    0.53%
    443   345      601.8069   272      600.1448      603.3010    75014    0.53%
    460   362      600.9858   232      600.1448      603.3010    76810    0.53%
    486   384      602.7227   336      600.1448      603.2988    79135    0.53%
    500   398      601.7716   288      600.1448      603.2988    81528    0.53%

Performing restart 1

Repeating presolve.
Tried aggregator 1 time.
MIP Presolve modified 248 coefficients.
Reduced MIP has 2149 rows, 2791 columns, and 21658 nonzeros.
Reduced MIP has 696 binaries, 695 generals, 0 SOSs, and 0 indicators.
Presolve time = 0.01 sec. (5.09 ticks)
Tried aggregator 1 time.
Reduced MIP has 2149 rows, 2791 columns, and 21658 nonzeros.
Reduced MIP has 696 binaries, 695 generals, 0 SOSs, and 0 indicators.
Presolve time = 0.01 sec. (5.05 ticks)
Represolve time = 0.05 sec. (34.02 ticks)
    519     0      603.0124   406      600.1448      Cuts: 76    90393    0.48%
    519     0      602.9661   422      600.1448      Cuts: 42    90583    0.47%
    519     0      602.9403   410      600.1448      Cuts: 45    90746    0.47%
    519     0      602.9215   438      600.1448      Cuts: 32    90886    0.46%
    519     0      602.8964   420      600.1448      Cuts: 38    91004    0.46%
    519     0      602.8841   432      600.1448      Cuts: 39    91099    0.46%
    519     0      602.8692   434      600.1448      Cuts: 39    91214    0.45%
    519     0      602.8646   446      600.1448      Cuts: 18    91256    0.45%
    519     0      602.8586   436      600.1448   MIRcuts: 18    91330    0.45%
    519     0      602.8559   438      600.1448   MIRcuts: 18    91389    0.45%
    519     0      602.8354   444      600.1448      Cuts: 30    91518    0.45%
    519     0      602.8263   414      600.1448      Cuts: 26    91635    0.45%
    519     0      602.8213   426      600.1448      Cuts: 31    91705    0.45%
    519     0      602.8167   414      600.1448      Cuts: 42    91793    0.45%
    519     0      602.8139   434      600.1448      Cuts: 20    91838    0.44%
    519     0      602.8085   440      600.1448      Cuts: 23    91924    0.44%
    519     2      602.8085   440      600.1448      602.8070    91924    0.44%
Elapsed time = 56.05 sec. (48196.85 ticks, tree = 0.01 MB, solutions = 9)
    520     3      602.7430   434      600.1448      602.8070    92186    0.44%
    521     4      602.7090   410      600.1448      602.7421    92522    0.43%
    522     5      602.6970   408      600.1448      602.7421    92816    0.43%
    523     6      602.6707   402      600.1448      602.7087    93027    0.43%
    524     7      602.6730   374      600.1448      602.7087    93585    0.43%
    525     8      602.4392   406      600.1448      602.7087    94702    0.43%
    526     9      602.2632   396      600.1448      602.7087    96010    0.43%
    529    12      602.2108   380      600.1448      602.7087    97311    0.43%
    534    17      601.9063   372      600.1448      602.7087    98882    0.43%
    539    22      602.0564   360      600.1448      602.7087    99880    0.43%
Elapsed time = 73.40 sec. (68308.81 ticks, tree = 0.13 MB, solutions = 9)
    546    29      601.9048   368      600.1448      602.7087   101272    0.43%
    551    34      601.5704   346      600.1448      602.7087   103230    0.43%
    560    43      601.1519   356      600.1448      602.7087   105238    0.43%
    569    52      601.1022   368      600.1448      602.7087   107103    0.43%
    579    62      600.7877   346      600.1448      602.7087   109621    0.43%
    589    72      600.4103   308      600.1448      602.7087   112156    0.43%
    601    77        cutoff            600.1448      602.7087   114586    0.43%
    609    85      602.2071   390      600.1448      602.7082   116580    0.43%
    619    95      601.9287   364      600.1448      602.7082   119586    0.43%
    626   102      601.1641   334      600.1448      602.7082   124060    0.43%
Elapsed time = 83.70 sec. (79301.60 ticks, tree = 0.40 MB, solutions = 9)
    634   110      601.2830   350      600.1448      602.7082   126087    0.43%
    641   117      600.9121   314      600.1448      602.7082   128021    0.43%
    654   130      600.4035   288      600.1448      602.7082   130612    0.43%
    675   149      600.1587   248      600.1448      602.7082   133220    0.43%
    699   157      602.3161   422      600.1448      602.6967   135432    0.43%
    719   177      601.3830   320      600.1448      602.6967   138309    0.43%
    739   192      602.4865   408      600.1448      602.6707   140721    0.42%
    759   212      601.4907   340      600.1448      602.6707   143404    0.42%
*   779+  211                          600.3169      602.6707             0.39%
    779   213      601.0105   274      600.3169      602.6707   145421    0.39%
    801   235      600.7850   172      600.3169      602.6707   146538    0.39%
Elapsed time = 96.02 sec. (90460.81 ticks, tree = 1.49 MB, solutions = 10)
    827   253      602.0495   416      600.3169      602.6706   148943    0.39%
    831   257      601.9148   408      600.3169      602.6706   149575    0.39%
    855   281      601.1420   331      600.3169      602.6706   152381    0.39%
    876   298        cutoff            600.3169      602.6706   154535    0.39%
    880   302      602.1204   394      600.3169      602.5627   156069    0.37%
    888   310      601.7759   384      600.3169      602.5627   158538    0.37%
    897   319      601.4538   384      600.3169      602.5627   160648    0.37%
    899   321      601.4305   384      600.3169      602.5627   161191    0.37%
    915   337      600.8927   325      600.3169      602.5627   164549    0.37%
    926   348      601.0177   299      600.3169      602.5627   166316    0.37%
Elapsed time = 107.01 sec. (100919.58 ticks, tree = 3.10 MB, solutions = 10)
    951   369      600.4824   219      600.3169      602.5627   168936    0.37%
    979   383      602.3728   434      600.3169      602.5023   170438    0.36%
    994   398      601.4124   368      600.3169      602.5023   173086    0.36%
   1019   423      600.7364   240      600.3169      602.5023   175391    0.36%
   1050   449      601.9634   386      600.3169      602.4857   178130    0.36%
   1059   458      601.7856   382      600.3169      602.4857   179267    0.36%
   1079   478      601.2210   306      600.3169      602.4857   181700    0.36%
   1109   502      602.3963   418      600.3169      602.4377   184003    0.35%
*  1119+  457                          600.4597      602.4377             0.33%
   1119   459      601.9270   396      600.4597      602.4377   185710    0.33%
   1139   479      601.4353   312      600.4597      602.4377   188113    0.33%
Elapsed time = 118.81 sec. (112054.24 ticks, tree = 8.33 MB, solutions = 11)
*  1149+  435                          600.6519      602.4377             0.30%
   1160   446      600.7451   212      600.6519      602.4377   189974    0.30%
   1179   461      601.8748   404      600.6519      602.4320   192220    0.30%
   1189   471      601.6175   346      600.6519      602.4320   193551    0.30%
   1201   483      601.2803   312      600.6519      602.4320   194875    0.30%
   1225   502      602.1275   398      600.6519      602.4229   197306    0.29%
   1232   509      601.6943   356      600.6519      602.4229   199631    0.29%
   1239   516      601.4997   356      600.6519      602.4229   201440    0.29%
   1250   526      600.8808   314      600.6519      602.4229   203781    0.29%
   1269   537      601.9638   416      600.6519      602.4103   205954    0.29%
   1328   590      601.6495   374      600.6519      602.4007   214004    0.29%
Elapsed time = 133.51 sec. (126241.33 ticks, tree = 9.30 MB, solutions = 12)
   1382   638      601.5247   392      600.6519      602.3949   220988    0.29%
   1444   696      601.1469   322      600.6519      602.3912   229151    0.29%
   1508   752      601.1122   284      600.6519      602.3878   239152    0.29%
   1579   809      601.9855   396      600.6519      602.3727   249303    0.29%
   1664   889      600.8415   294      600.6519      602.3715   259807    0.29%
   1741   958      601.6888   388      600.6519      602.3335   269510    0.28%
   1799  1008      601.9255   390      600.6519      602.3168   279540    0.28%
   1899  1095      602.1475   400      600.6519      602.3147   290169    0.28%
   1983  1175      600.9937   286      600.6519      602.3063   299897    0.28%
   2052  1233        cutoff            600.6519      602.3053   310126    0.28%
Elapsed time = 175.55 sec. (165338.81 ticks, tree = 25.77 MB, solutions = 12)
   2119  1296      601.1420   354      600.6519      602.2677   320084    0.27%
   2213  1376      601.9908   394      600.6519      602.2571   330445    0.27%
   2275  1434      601.3912   372      600.6519      602.2548   341181    0.27%
   2331  1482      601.3232   318      600.6519      602.2527   349601    0.27%
   2439  1581      601.5989   388      600.6519      602.2361   359974    0.26%
   2519  1652      601.8075   386      600.6519      602.2324   370892    0.26%
   2575  1700      601.8074   408      600.6519      602.2202   381892    0.26%
   2669  1784      601.8899   386      600.6519      602.2070   392726    0.26%
   2746  1857      600.7946   282      600.6519      602.2044   402346    0.26%
   2804  1911      600.6782   242      600.6519      602.1980   411666    0.26%
Elapsed time = 218.31 sec. (205093.26 ticks, tree = 41.96 MB, solutions = 12)
   2909  1998      601.8980   402      600.6519      602.1820   422463    0.25%
   2990  2069      601.8858   392      600.6519      602.1764   433218    0.25%
   3051  2130      600.9452   200      600.6519      602.1764   444347    0.25%
   3143  2206      601.0498   310      600.6519      602.1740   455113    0.25%
   3243  2297      600.9144   314      600.6519      602.1723   466009    0.25%
   3312  2348      601.9592   396      600.6519      602.1677   476970    0.25%
   3400  2427      600.6733   284      600.6519      602.1676   487515    0.25%
   3486  2504      600.7940   270      600.6519      602.1642   498634    0.25%
   3558  2562      601.4950   334      600.6519      602.1626   509714    0.25%
   3679  2670      601.8795   376      600.6519      602.1605   520662    0.25%
Elapsed time = 260.90 sec. (243549.14 ticks, tree = 52.37 MB, solutions = 12)
   3772  2752      601.2575   380      600.6519      602.1528   531765    0.25%
   3860  2829      600.7982   290      600.6519      602.1526   543081    0.25%
   3956  2909      601.8213   400      600.6519      602.1461   554075    0.25%
   4022  2967      601.3977   346      600.6519      602.1342   564756    0.25%
   4130  3056      601.9761   428      600.6519      602.1316   575389    0.25%
   4209  3129      600.7404   324      600.6519      602.1296   586341    0.25%
   4287  3193      601.4251   328      600.6519      602.1291   597460    0.25%
   4346  3244      601.6088   370      600.6519      602.1207   608203    0.24%
   4437  3328      601.9142   418      600.6519      602.1171   619028    0.24%
   4513  3399      600.8544   328      600.6519      602.1162   629621    0.24%
Elapsed time = 302.87 sec. (282126.72 ticks, tree = 72.35 MB, solutions = 12)
   4574  3446      601.7333   400      600.6519      602.1110   640332    0.24%
   4662  3526      601.3985   360      600.6519      602.1091   651630    0.24%
   4750  3604      601.6087   396      600.6519      602.1054   662586    0.24%
   4813  3659      601.1318   324      600.6519      602.1028   673001    0.24%
   4898  3734      601.0938   352      600.6519      602.0993   684197    0.24%
   4967  3795      601.8127   390      600.6519      602.0888   693503    0.24%
   5062  3875      601.5204   388      600.6519      602.0859   704818    0.24%
   5159  3963      601.3455   326      600.6519      602.0837   715415    0.24%
   5225  4023      600.7999   274      600.6519      602.0820   726181    0.24%
   5331  4111      600.9818   306      600.6519      602.0800   736472    0.24%
Elapsed time = 344.38 sec. (320550.85 ticks, tree = 87.67 MB, solutions = 12)
   5442  4208      601.9075   388      600.6519      602.0790   747667    0.24%
   5514  4266      601.7234   390      600.6519      602.0734   758452    0.24%
   5601  4345      601.3395   360      600.6519      602.0724   769470    0.24%
   5685  4419      601.7279   362      600.6519      602.0688   780403    0.24%
   5799  4526      601.4959   380      600.6519      602.0665   791187    0.24%
   5897  4615      601.1503   342      600.6519      602.0639   802091    0.24%
   5985  4691      600.9552   182      600.6519      602.0637   812124    0.24%
   6103  4797      601.7150   376      600.6519      602.0574   823390    0.23%
   6185  4871      601.5606   334      600.6519      602.0533   832822    0.23%
   6276  4952      601.4576   360      600.6519      602.0520   843560    0.23%
Elapsed time = 386.65 sec. (359092.67 ticks, tree = 109.10 MB, solutions = 12)
   6370  5038      600.7611   346      600.6519      602.0510   854634    0.23%
   6478  5132      601.6587   338      600.6519      602.0494   865712    0.23%
   6586  5228      601.8453   394      600.6519      602.0487   876314    0.23%
   6659  5289      601.4807   376      600.6519      602.0467   887609    0.23%
   6758  5378      601.5840   368      600.6519      602.0460   898670    0.23%
   6849  5455      601.6743   352      600.6519      602.0456   909624    0.23%
   6974  5570      601.5303   332      600.6519      602.0441   920663    0.23%
   7075  5660      600.9555   356      600.6519      602.0427   931744    0.23%
   7176  5749      601.8271   412      600.6519      602.0409   942956    0.23%
   7275  5838      601.5593   380      600.6519      602.0401   953831    0.23%
Elapsed time = 429.58 sec. (397900.44 ticks, tree = 122.32 MB, solutions = 12)
   7336  5895      600.8955   234      600.6519      602.0399   964111    0.23%
   7435  5982      601.8780   402      600.6519      602.0361   975514    0.23%
   7502  6044      601.0823   316      600.6519      602.0345   985806    0.23%
   7606  6133      600.9279   310      600.6519      602.0331   996998    0.23%
   7711  6223      601.9205   358      600.6519      602.0316  1007792    0.23%
   7802  6311      601.0983   248      600.6519      602.0314  1017481    0.23%
   7905  6406      600.6855   266      600.6519      602.0310  1028381    0.23%
   7977  6470      600.8992   320      600.6519      602.0293  1039388    0.23%
   8076  6547      601.0872   350      600.6519      602.0285  1050723    0.23%
   8166  6629      600.9378   332      600.6519      602.0275  1062021    0.23%
Elapsed time = 471.58 sec. (436365.04 ticks, tree = 139.26 MB, solutions = 12)
   8239  6690      601.1850   344      600.6519      602.0267  1072684    0.23%
   8339  6782      600.9474   216      600.6519      602.0245  1083540    0.23%
   8422  6849      601.8304   394      600.6519      602.0237  1094194    0.23%
   8517  6933      601.6118   374      600.6519      602.0214  1105176    0.23%
   8608  7017      601.5974   306      600.6519      602.0192  1115461    0.23%
   8718  7119      600.9686   258      600.6519      602.0175  1126595    0.23%
   8833  7224      600.8213   264      600.6519      602.0168  1137640    0.23%
   8878  7265      600.8251   278      600.6519      602.0149  1147435    0.23%
   8970  7339      600.7343   312      600.6519      602.0135  1158844    0.23%
   9072  7429      601.8356   416      600.6519      602.0075  1169474    0.23%
Elapsed time = 513.71 sec. (474903.72 ticks, tree = 153.49 MB, solutions = 12)
   9121  7468      601.8443   380      600.6519      602.0067  1179127    0.23%
   9232  7569      601.7099   390      600.6519      602.0058  1189933    0.23%
   9338  7665      601.3641   384      600.6519      602.0048  1200588    0.23%
   9435  7752      601.5963   410      600.6519      602.0033  1211573    0.22%
   9529  7839      601.4726   346      600.6519      601.9992  1222638    0.22%
   9596  7896      601.2334   324      600.6519      601.9983  1233263    0.22%
   9708  7997      601.0524   336      600.6519      601.9967  1244241    0.22%
   9788  8067      601.1062   342      600.6519      601.9934  1254439    0.22%
   9884  8153      600.9071   232      600.6519      601.9910  1265068    0.22%
   9979  8236      601.5013   364      600.6519      601.9898  1275818    0.22%
Elapsed time = 555.75 sec. (513333.54 ticks, tree = 175.91 MB, solutions = 12)
  10087  8335      601.4340   350      600.6519      601.9882  1286855    0.22%
  10197  8434      601.2451   312      600.6519      601.9861  1297904    0.22%
  10280  8503      601.3220   362      600.6519      601.9853  1308720    0.22%
  10390  8604      600.9973   274      600.6519      601.9847  1319841    0.22%
  10480  8684      600.7124   310      600.6519      601.9842  1330552    0.22%
  10585  8774      601.6334   372      600.6519      601.9826  1341519    0.22%
  10687  8868      601.4801   372      600.6519      601.9811  1352187    0.22%
  10781  8948      600.8530   228      600.6519      601.9776  1363284    0.22%
  10892  9041      601.7533   368      600.6519      601.9764  1373052    0.22%
  10899  9048      601.4152   310      600.6519      601.9764  1374937    0.22%
Elapsed time = 598.27 sec. (551698.34 ticks, tree = 204.08 MB, solutions = 12)
  10900  9049      601.6748   408      600.6519      601.9758  1375559    0.22%
  10901  9050      601.8038   410      600.6519      601.9758  1375945    0.22%
  11019  9156      601.5817   390      600.6519      601.9733  1386842    0.22%
  11099  9225      601.5654   340      600.6519      601.9730  1397862    0.22%
  11198  9316      601.1401   354      600.6519      601.9710  1408556    0.22%
  11270  9380      601.1600   354      600.6519      601.9695  1419539    0.22%
  11354  9452      601.7627   372      600.6519      601.9665  1430381    0.22%
  11437  9529      600.8434   310      600.6519      601.9664  1441395    0.22%
  11560  9634      601.6099   380      600.6519      601.9660  1452378    0.22%
  11672  9735      601.6473   338      600.6519      601.9653  1463340    0.22%
Elapsed time = 653.87 sec. (602358.44 ticks, tree = 221.66 MB, solutions = 12)
  11771  9823      601.7151   368      600.6519      601.9644  1474469    0.22%
  11889  9933      600.9064   264      600.6519      601.9640  1485498    0.22%
  11957  9989      601.7782   388      600.6519      601.9632  1495868    0.22%
  12061 10085      601.5124   350      600.6519      601.9625  1506471    0.22%
  12126 10138      601.7365   406      600.6519      601.9617  1516619    0.22%
  12221 10225      601.2266   340      600.6519      601.9617  1527743    0.22%
  12296 10292      600.8989   276      600.6519      601.9603  1538719    0.22%
  12412 10392      601.4837   348      600.6519      601.9586  1549681    0.22%
  12520 10489      600.7723   262      600.6519      601.9579  1560564    0.22%
  12625 10580      601.0071   370      600.6519      601.9555  1571656    0.22%
Elapsed time = 696.32 sec. (640710.59 ticks, tree = 242.23 MB, solutions = 12)
  12693 10640      600.7862   346      600.6519      601.9549  1582389    0.22%
  12805 10736      600.7158   256      600.6519      601.9541  1593205    0.22%
  12898 10815      601.3020   354      600.6519      601.9534  1604059    0.22%
  12979 10884      600.8143   332      600.6519      601.9524  1614788    0.22%
  13089 10979      601.4301   352      600.6519      601.9511  1625850    0.22%
  13176 11055      601.2910   304      600.6519      601.9508  1636587    0.22%
  13281 11151      601.1279   284      600.6519      601.9497  1647021    0.22%
  13376 11227      601.0879   340      600.6519      601.9496  1657127    0.22%
  13484 11323      601.6746   358      600.6519      601.9487  1668186    0.22%
  13559 11394      600.9146   252      600.6519      601.9480  1679010    0.22%
Elapsed time = 738.65 sec. (679309.10 ticks, tree = 264.13 MB, solutions = 12)
  13655 11474      601.1973   384      600.6519      601.9469  1690094    0.22%
  13724 11535      601.2091   360      600.6519      601.9464  1698753    0.22%
  13812 11606      601.5286   352      600.6519      601.9457  1709774    0.22%
  13908 11694      601.2283   328      600.6519      601.9450  1720631    0.22%
  13991 11767      600.7942   272      600.6519      601.9446  1731335    0.22%
  14114 11878      601.2308   324      600.6519      601.9435  1742419    0.22%
  14216 11968      600.7511   236      600.6519      601.9423  1753324    0.21%
  14318 12057      601.1904   338      600.6519      601.9413  1764359    0.21%
  14396 12131      600.8542   214      600.6519      601.9409  1775753    0.21%
  14517 12239      601.5473   292      600.6519      601.9401  1786958    0.21%
Elapsed time = 781.22 sec. (717710.98 ticks, tree = 284.17 MB, solutions = 12)
  14604 12317      601.0344   320      600.6519      601.9377  1795926    0.21%
  14698 12397      601.1760   332      600.6519      601.9361  1806671    0.21%
  14816 12501      601.6459   418      600.6519      601.9348  1817770    0.21%
  14882 12558      601.2373   352      600.6519      601.9344  1827954    0.21%
  14974 12642      600.7654   336      600.6519      601.9340  1837724    0.21%
  15034 12690      600.7807   326      600.6519      601.9335  1848559    0.21%
  15139 12783      601.0874   282      600.6519      601.9332  1859771    0.21%
  15217 12848      600.7364   280      600.6519      601.9328  1870573    0.21%
  15301 12920      601.3848   332      600.6519      601.9322  1881456    0.21%
  15381 12992      600.8961   260      600.6519      601.9317  1891680    0.21%
Elapsed time = 823.09 sec. (756031.98 ticks, tree = 296.49 MB, solutions = 12)
  15471 13070      601.6113   380      600.6519      601.9301  1902534    0.21%
  15549 13136      601.2438   310      600.6519      601.9298  1913579    0.21%
  15668 13244      601.0127   310      600.6519      601.9295  1924610    0.21%
  15749 13317      601.2771   256      600.6519      601.9293  1935320    0.21%
  15850 13409      600.7565   310      600.6519      601.9282  1946248    0.21%
  15937 13485      601.2501   320      600.6519      601.9279  1957675    0.21%
  16029 13563      601.5949   344      600.6519      601.9275  1968368    0.21%
  16112 13638      601.5036   354      600.6519      601.9270  1979093    0.21%
  16207 13719      601.2087   294      600.6519      601.9267  1990082    0.21%
  16322 13821      601.7715   420      600.6519      601.9264  2001740    0.21%
Elapsed time = 866.03 sec. (794749.16 ticks, tree = 313.58 MB, solutions = 12)
  16375 13870      600.8104   298      600.6519      601.9263  2011994    0.21%
  16473 13956      600.9257   284      600.6519      601.9261  2022801    0.21%
  16547 14013      600.6816   332      600.6519      601.9260  2033373    0.21%
  16657 14113      601.4269   316      600.6519      601.9255  2044481    0.21%
  16739 14187      601.3900   322      600.6519      601.9250  2054563    0.21%
  16836 14272      601.3390   362      600.6519      601.9240  2066101    0.21%
  16903 14325      601.5866   372      600.6519      601.9234  2077006    0.21%
  16999 14413      601.2259   344      600.6519      601.9230  2087468    0.21%
  17079 14484      601.2666   358      600.6519      601.9229  2098220    0.21%
  17178 14571      601.4967   330      600.6519      601.9221  2109575    0.21%
Elapsed time = 908.09 sec. (833443.05 ticks, tree = 332.79 MB, solutions = 12)
  17272 14654      600.9939   314      600.6519      601.9217  2120005    0.21%
  17344 14717      600.6651   290      600.6519      601.9212  2129294    0.21%
  17454 14805      600.9689   330      600.6519      601.9207  2140564    0.21%
  17566 14901      601.4195   388      600.6519      601.9203  2151585    0.21%
  17656 14979      601.4090   370      600.6519      601.9192  2162771    0.21%
  17751 15062      601.6658   374      600.6519      601.9184  2173920    0.21%
  17869 15167        cutoff            600.6519      601.9181  2184860    0.21%
  17968 15256      600.8830   322      600.6519      601.9173  2195994    0.21%
  18018 15298      601.6123   386      600.6519      601.9171  2205124    0.21%
  18119 15391      601.1240   314      600.6519      601.9163  2215937    0.21%
Elapsed time = 951.00 sec. (872384.22 ticks, tree = 350.38 MB, solutions = 12)
  18205 15469      600.8082   268      600.6519      601.9156  2226795    0.21%
  18308 15558      601.5173   404      600.6519      601.9148  2238076    0.21%
  18393 15633      601.5824   386      600.6519      601.9140  2248613    0.21%
  18467 15697      601.0774   410      600.6519      601.9138  2259808    0.21%
  18555 15777      601.1504   324      600.6519      601.9135  2269769    0.21%
  18634 15840      601.0606   338      600.6519      601.9131  2280800    0.21%
  18734 15929      601.8057   398      600.6519      601.9114  2291875    0.21%
  18799 15983      600.8263   380      600.6519      601.9113  2302279    0.21%
  18876 16044      601.2112   390      600.6519      601.9105  2313113    0.21%
  18949 16107      601.1484   336      600.6519      601.9104  2323236    0.21%
Elapsed time = 993.46 sec. (910902.41 ticks, tree = 365.75 MB, solutions = 12)
  19055 16203      601.3691   350      600.6519      601.9096  2334272    0.21%
  19147 16283      600.7522   310      600.6519      601.9084  2345653    0.21%
  19261 16385      601.5352   332      600.6519      601.9074  2356499    0.21%
  19364 16478      600.9682   274      600.6519      601.9062  2367308    0.21%
  19471 16571      601.4085   360      600.6519      601.9059  2378391    0.21%
  19548 16638      601.1570   348      600.6519      601.9055  2389630    0.21%
  19637 16711      601.3206   346      600.6519      601.9049  2400626    0.21%
  19718 16784      601.0626   328      600.6519      601.9045  2411568    0.21%
  19817 16867      601.6209   368      600.6519      601.9043  2422358    0.21%
  19906 16948      601.4235   348      600.6519      601.9042  2433343    0.21%
Elapsed time = 1036.63 sec. (949452.35 ticks, tree = 388.35 MB, solutions = 12)
  19998 17028      601.2728   340      600.6519      601.9039  2444287    0.21%
  20082 17100      601.5446   378      600.6519      601.9034  2455592    0.21%
  20165 17169      601.0273   330      600.6519      601.9026  2465872    0.21%
  20259 17251      601.4103   412      600.6519      601.9023  2476955    0.21%
  20352 17326      601.3797   310      600.6519      601.9016  2487850    0.21%
  20453 17415      601.5445   358      600.6519      601.9012  2499363    0.21%
  20549 17495      600.8305   296      600.6519      601.9000  2510647    0.21%
  20634 17568      601.8851   434      600.6519      601.8995  2521757    0.21%
  20678 17608      601.3402   374      600.6519      601.8994  2531391    0.21%
  20796 17718      600.6837   270      600.6519      601.8992  2542441    0.21%
Elapsed time = 1079.31 sec. (988213.02 ticks, tree = 407.39 MB, solutions = 12)
  20879 17789      600.8835   278      600.6519      601.8978  2553643    0.21%
  20988 17872      601.6860   406      600.6519      601.8973  2563716    0.21%
  21075 17951      600.8616   314      600.6519      601.8971  2575218    0.21%
  21176 18036      601.4208   344      600.6519      601.8970  2586433    0.21%
  21276 18127      601.4512   404      600.6519      601.8967  2596574    0.21%

Performing restart 2

Repeating presolve.
Tried aggregator 1 time.
MIP Presolve modified 48 coefficients.
Reduced MIP has 2149 rows, 2791 columns, and 21658 nonzeros.
Reduced MIP has 696 binaries, 695 generals, 0 SOSs, and 0 indicators.
Presolve time = 0.01 sec. (5.07 ticks)
Tried aggregator 1 time.
Reduced MIP has 2149 rows, 2791 columns, and 21658 nonzeros.
Reduced MIP has 696 binaries, 695 generals, 0 SOSs, and 0 indicators.
Presolve time = 0.01 sec. (5.05 ticks)
Represolve time = 0.13 sec. (43.85 ticks)
  21283     0      602.6954   474      600.6519      Cuts: 44  2605281    0.21%
  21283     0      602.6710   446      600.6519      Cuts: 41  2605444    0.21%
  21283     0      602.6636   456      600.6519      Cuts: 24  2605556    0.21%
  21283     0      602.6600   454      600.6519      Cuts: 28  2605635    0.21%
  21283     0      602.6577   462      600.6519   MIRcuts: 19  2605721    0.21%
  21283     0      602.6546   446      600.6519      Cuts: 22  2605809    0.21%
  21283     0      602.6538   452      600.6519   MIRcuts: 15  2605847    0.21%
  21283     0      602.6532   454      600.6519   MIRcuts: 11  2605885    0.21%
  21283     2      602.6532   454      600.6519      601.8967  2605885    0.21%
  21284     3      602.5788   442      600.6519      601.8967  2606270    0.21%
  21286     5      602.5229   430      600.6519      601.8967  2606544    0.21%
  21289     8      602.4750   408      600.6519      601.8967  2607077    0.21%
  21298    17      602.2558   372      600.6519      601.8967  2610320    0.21%
Elapsed time = 1124.98 sec. (1034487.06 ticks, tree = 0.07 MB, solutions = 12)
  21352    71      601.4817   238      600.6519      601.8967  2617306    0.21%
  21445   156      602.0729   324      600.6519      601.8967  2626958    0.21%
  21563   270      602.1226   390      600.6519      601.8967  2636831    0.21%
  21682   379      601.7136   382      600.6519      601.8967  2647673    0.21%
  21783   476      601.5624   312      600.6519      601.8967  2658702    0.21%
  21911   594      601.5903   320      600.6519      601.8967  2672063    0.21%
  22082   751      600.9435   184      600.6519      601.8967  2688682    0.21%
  22251   911      601.6716   278      600.6519      601.8967  2703875    0.21%
  22477  1126      601.7266   340      600.6519      601.8967  2720442    0.21%
  22622  1265      601.1505   188      600.6519      601.8967  2737211    0.21%
Elapsed time = 1163.88 sec. (1073395.18 ticks, tree = 2.61 MB, solutions = 12)
  22821  1449      601.5407   282      600.6519      601.8967  2751806    0.21%
  23024  1642      601.7203   362      600.6519      601.8967  2767431    0.21%
  23256  1857      602.0864   374      600.6519      601.8967  2784155    0.21%
  23477  2070      602.3093   400      600.6519      601.8967  2800555    0.21%
  23597  2186      601.5375   270      600.6519      601.8967  2816385    0.21%
  23742  2325      600.9482   144      600.6519      601.8967  2831243    0.21%
  23900  2476      601.0703   306      600.6519      601.8967  2847660    0.21%
  24049  2617      601.9217   384      600.6519      601.8967  2864007    0.21%
  24159  2720      601.7597   370      600.6519      601.8967  2879768    0.21%
  24335  2887      600.8147   114      600.6519      601.8967  2896127    0.21%
Elapsed time = 1203.85 sec. (1111851.20 ticks, tree = 5.51 MB, solutions = 12)
  24478  3022      601.6989   324      600.6519      601.8967  2912159    0.21%
  24611  3151      601.4197   330      600.6519      601.8967  2926235    0.21%
  24747  3275      602.1254   380      600.6519      601.8967  2941497    0.21%
  24888  3413      601.3867   286      600.6519      601.8967  2956409    0.21%
  25059  3576      601.9778   376      600.6519      601.8967  2972000    0.21%
  25152  3662      601.9478   376      600.6519      601.8967  2987376    0.21%
  25283  3789      601.3790   318      600.6519      601.8967  3001344    0.21%
  25460  3958      602.1790   400      600.6519      601.8967  3016545    0.21%
  25573  4067      601.5798   328      600.6519      601.8967  3031463    0.21%
  25691  4173      601.4580   248      600.6519      601.8967  3046618    0.21%
Elapsed time = 1242.05 sec. (1150718.48 ticks, tree = 7.82 MB, solutions = 12)
  25864  4338      601.9959   366      600.6519      601.8967  3061702    0.21%
  26062  4523      602.2611   386      600.6519      601.8967  3076839    0.21%
  26118  4579      600.9691   254      600.6519      601.8967  3088626    0.21%
  26226  4674      600.8843   168      600.6519      601.8967  3098119    0.21%
  26351  4789      601.7184   380      600.6519      601.8967  3108791    0.21%
  26452  4886      601.5175   282      600.6519      601.8967  3119029    0.21%
  26563  4989      601.5347   330      600.6519      601.8967  3126304    0.21%
  26686  5092      601.5080   316      600.6519      601.8967  3133344    0.21%
  26838  5235      601.1956   200      600.6519      601.8967  3140254    0.21%
  26977  5366      601.9889   382      600.6519      601.8967  3146755    0.21%
Elapsed time = 1278.89 sec. (1189059.06 ticks, tree = 17.28 MB, solutions = 12)
  27086  5471      601.3323   306      600.6519      601.8967  3155000    0.21%
  27199  5570      600.9627   250      600.6519      601.8967  3162102    0.21%
  27346  5707      601.7348   366      600.6519      601.8967  3169264    0.21%
  27470  5828      600.9466   246      600.6519      601.8967  3176329    0.21%
  27567  5920      600.8710   246      600.6519      601.8967  3185672    0.21%
  27703  6034      601.8816   352      600.6519      601.8967  3193252    0.21%
  27836  6161      600.9942   238      600.6519      601.8967  3199840    0.21%
  27958  6276      601.8468   380      600.6519      601.8967  3207752    0.21%
  28048  6355      601.7200   352      600.6519      601.8967  3215810    0.21%
  28171  6474      601.2294   270      600.6519      601.8967  3222503    0.21%
Elapsed time = 1316.34 sec. (1227396.17 ticks, tree = 33.91 MB, solutions = 12)
  28299  6599      600.8234    94      600.6519      601.8967  3229257    0.21%
  28426  6715      601.6871   358      600.6519      601.8967  3236914    0.21%
  28523  6804      601.1643   268      600.6519      601.8967  3244540    0.21%
  28678  6951      601.8549   382      600.6519      601.8967  3251834    0.21%
  28813  7080      601.2876   250      600.6519      601.8967  3258716    0.21%
  28924  7186      601.0726   226      600.6519      601.8967  3265446    0.21%
  29057  7309      602.0082   388      600.6519      601.8967  3272475    0.21%
  29180  7428      601.3272   286      600.6519      601.8967  3280245    0.21%
  29316  7556      601.8288   396      600.6519      601.8967  3286346    0.21%
  29413  7638      601.9707   372      600.6519      601.8967  3295186    0.21%
Elapsed time = 1353.88 sec. (1265885.57 ticks, tree = 54.87 MB, solutions = 12)
  29518  7739      601.2858   304      600.6519      601.8967  3303131    0.21%
  29629  7842      601.6317   378      600.6519      601.8967  3311032    0.21%
  29721  7930      601.6500   352      600.6519      601.8967  3318948    0.21%
  29819  8012      601.9290   382      600.6519      601.8967  3326510    0.21%
  29930  8119      601.6748   332      600.6519      601.8967  3333369    0.21%
  30063  8246      601.0580   218      600.6519      601.8967  3340224    0.21%
  30180  8358      600.7797   224      600.6519      601.8967  3346951    0.21%
  30250  8422      600.7964   276      600.6519      601.8967  3354492    0.21%
  30366  8527      601.6835   338      600.6519      601.8967  3362197    0.21%
  30482  8639      601.0955   256      600.6519      601.8967  3368951    0.21%
Elapsed time = 1389.91 sec. (1304231.16 ticks, tree = 73.00 MB, solutions = 12)
  30600  8750      600.8543   210      600.6519      601.8967  3375787    0.21%
  30690  8834      601.1618   302      600.6519      601.8967  3384710    0.21%
  30800  8925      601.7824   364      600.6519      601.8967  3393039    0.21%
  30898  9020      601.0565   250      600.6519      601.8967  3400049    0.21%
  31020  9134      601.6208   370      600.6519      601.8967  3407903    0.21%
  31108  9213      601.6082   364      600.6519      601.8967  3415712    0.21%
  31215  9316      600.9739   240      600.6519      601.8967  3422901    0.21%
  31320  9413      602.0806   400      600.6519      601.8967  3429407    0.21%
  31430  9517      601.0292   302      600.6519      601.8967  3436457    0.21%
  31523  9598      601.7575   346      600.6519      601.8967  3445330    0.21%
Elapsed time = 1425.81 sec. (1342562.26 ticks, tree = 90.87 MB, solutions = 12)
  31638  9709      601.3712   276      600.6519      601.8967  3452188    0.21%
  31766  9831      600.8881   246      600.6519      601.8967  3459246    0.21%
  31873  9921      601.9691   394      600.6519      601.8967  3467453    0.21%
  32008 10051      600.7925   212      600.6519      601.8967  3474512    0.21%
  32127 10162      601.9730   390      600.6519      601.8967  3481689    0.21%
  32227 10258      601.5691   354      600.6519      601.8967  3489342    0.21%
  32323 10342      601.7016   350      600.6519      601.8967  3496785    0.21%
  32416 10432      601.2480   302      600.6519      601.8967  3503935    0.21%
  32561 10573      600.7210   186      600.6519      601.8967  3510499    0.21%
  32668 10671      601.6354   324      600.6519      601.8967  3518483    0.21%
Elapsed time = 1462.28 sec. (1380910.07 ticks, tree = 108.83 MB, solutions = 12)
  32784 10777      600.8489   212      600.6519      601.8967  3526076    0.21%
  32907 10891      601.8437   370      600.6519      601.8967  3533420    0.21%
  33023 11003      600.7779   182      600.6519      601.8967  3541230    0.21%
  33116 11086      601.3052   304      600.6519      601.8967  3550860    0.21%
  33230 11195      600.6906   206      600.6519      601.8967  3558000    0.21%
  33348 11301      601.7087   338      600.6519      601.8967  3565379    0.21%
  33459 11406      601.3522   320      600.6519      601.8967  3572838    0.21%
  33579 11522      600.8202   140      600.6519      601.8967  3580068    0.21%
  33682 11617      601.2228   302      600.6519      601.8967  3588704    0.21%
  33782 11707      602.0882   406      600.6519      601.8967  3596295    0.21%
Elapsed time = 1498.67 sec. (1419191.63 ticks, tree = 126.89 MB, solutions = 12)
  33860 11779      601.5673   314      600.6519      601.8967  3604367    0.21%
  33988 11904      601.2052   238      600.6519      601.8967  3611919    0.21%
  34127 12035      601.8256   388      600.6519      601.8967  3618705    0.21%
  34244 12146      600.9301   288      600.6519      601.8967  3625564    0.21%
  34347 12235      601.5510   296      600.6519      601.8967  3633171    0.21%
  34476 12357      600.9208   270      600.6519      601.8967  3639790    0.21%
  34593 12465      601.8577   384      600.6519      601.8967  3647069    0.21%
  34686 12546      601.3904   332      600.6519      601.8967  3655608    0.21%
  34812 12668      600.7449   166      600.6519      601.8967  3662430    0.21%
  34923 12771      601.5682   344      600.6519      601.8967  3669799    0.21%
Elapsed time = 1534.74 sec. (1457556.19 ticks, tree = 144.42 MB, solutions = 12)
  35027 12871      601.2410   292      600.6519      601.8967  3677784    0.21%
  35126 12956      601.9785   394      600.6519      601.8967  3685438    0.21%
  35247 13073      601.4361   318      600.6519      601.8967  3693267    0.21%
  35362 13180      601.9351   408      600.6519      601.8967  3700431    0.21%
  35444 13251      602.1465   396      600.6519      601.8967  3709550    0.21%
  35569 13372      601.2303   304      600.6519      601.8967  3717404    0.21%
  35689 13485      600.6789   130      600.6519      601.8967  3724452    0.21%
  35793 13577      600.8351   288      600.6519      601.8967  3733073    0.21%
  35918 13690      601.2391   310      600.6519      601.8967  3741241    0.21%
  36036 13800      601.6214   328      600.6519      601.8967  3749405    0.21%
Elapsed time = 1571.05 sec. (1495875.11 ticks, tree = 156.96 MB, solutions = 12)
  36134 13894      601.3957   312      600.6519      601.8967  3757455    0.21%
  36249 13989      601.1048   278      600.6519      601.8967  3764869    0.21%
  36381 14114      602.0668   376      600.6519      601.8967  3772318    0.21%
  36501 14227      601.4504   308      600.6519      601.8967  3778565    0.21%
  36600 14322      601.2071   308      600.6519      601.8967  3786280    0.21%
  36704 14422      600.9998   194      600.6519      601.8967  3793069    0.21%
  36833 14542      601.7875   380      600.6519      601.8967  3800250    0.21%
  36954 14659      601.0982   308      600.6519      601.8967  3807803    0.21%
  37040 14733      601.8473   376      600.6519      601.8967  3816172    0.21%
  37154 14843      601.1625   258      600.6519      601.8967  3823479    0.21%
Elapsed time = 1607.20 sec. (1534358.53 ticks, tree = 175.44 MB, solutions = 12)
  37291 14968      602.0078   376      600.6519      601.8967  3830492    0.21%
  37388 15061      601.6618   328      600.6519      601.8967  3838099    0.21%
  37468 15134      601.1611   258      600.6519      601.8967  3846597    0.21%
  37593 15251      601.7208   322      600.6519      601.8967  3854650    0.21%
  37725 15379      601.1868   270      600.6519      601.8967  3861339    0.21%
  37826 15469      600.9615   294      600.6519      601.8967  3868429    0.21%
  37941 15574      601.4892   340      600.6519      601.8967  3876927    0.21%
  38077 15706      600.7322   148      600.6519      601.8967  3884022    0.21%
  38183 15804      601.4068   330      600.6519      601.8967  3891999    0.21%
  38272 15881      601.0982   312      600.6519      601.8967  3900184    0.21%
Elapsed time = 1643.41 sec. (1572744.09 ticks, tree = 194.16 MB, solutions = 12)
  38398 15998      601.6990   350      600.6519      601.8967  3907398    0.21%
  38517 16111      600.9054   220      600.6519      601.8967  3913455    0.21%
  38610 16200      600.8094   230      600.6519      601.8967  3921538    0.21%
  38737 16308      601.6434   356      600.6519      601.8967  3929057    0.21%
  38854 16422      601.0362   272      600.6519      601.8967  3936150    0.21%
  38975 16534      601.7389   342      600.6519      601.8967  3943797    0.21%
  39081 16622      601.3467   322      600.6519      601.8967  3951396    0.21%
  39192 16725      601.8240   372      600.6519      601.8967  3959268    0.21%
  39293 16822      601.0072   258      600.6519      601.8967  3966760    0.21%
  39387 16909      600.6996   252      600.6519      601.8967  3974689    0.21%
Elapsed time = 1679.40 sec. (1611115.56 ticks, tree = 216.78 MB, solutions = 12)
  39507 17013      600.9802   272      600.6519      601.8967  3982500    0.21%
  39648 17145      601.8454   356      600.6519      601.8967  3989974    0.21%
  39744 17235      601.4346   318      600.6519      601.8967  3996824    0.21%
  39849 17334      600.9215   184      600.6519      601.8967  4004667    0.21%
  39986 17463      601.6355   324      600.6519      601.8967  4012924    0.21%
  40087 17560      601.1158   284      600.6519      601.8967  4019856    0.21%
  40179 17640      601.5672   360      600.6519      601.8967  4028143    0.21%
  40302 17759      600.7351   238      600.6519      601.8967  4034488    0.21%
  40416 17865      600.8452   268      600.6519      601.8967  4042936    0.21%
  40498 17942      601.0611   226      600.6519      601.8967  4050713    0.21%
Elapsed time = 1715.59 sec. (1649430.76 ticks, tree = 233.10 MB, solutions = 12)
  40623 18053      602.0251   386      600.6519      601.8967  4057352    0.21%
  40745 18170      601.0881   290      600.6519      601.8967  4065321    0.21%
  40842 18257      601.6059   344      600.6519      601.8967  4072922    0.21%
  40936 18338      601.7151   330      600.6519      601.8967  4080095    0.21%
  41050 18448      600.9488   288      600.6519      601.8967  4087236    0.21%
  41156 18545      601.9195   394      600.6519      601.8967  4093988    0.21%
  41263 18648      601.1365   302      600.6519      601.8967  4102801    0.21%
  41380 18755      600.8342   116      600.6519      601.8967  4108884    0.21%
  41503 18868      601.2234   314      600.6519      601.8967  4116594    0.21%
  41613 18968      601.4803   316      600.6519      601.8967  4124819    0.21%
Elapsed time = 1752.08 sec. (1687970.70 ticks, tree = 251.36 MB, solutions = 12)
  41683 19027      601.8849   346      600.6519      601.8967  4131652    0.21%
  41835 19166      601.1174   340      600.6519      601.8967  4138925    0.21%
  41930 19253      601.3878   314      600.6519      601.8967  4146639    0.21%
  42013 19330      600.6712   274      600.6519      601.8967  4155104    0.21%
  42123 19421      600.9158   258      600.6519      601.8967  4163604    0.21%
  42224 19512      601.5759   346      600.6519      601.8967  4170710    0.21%
  42306 19588      601.1161   286      600.6519      601.8967  4178141    0.21%
  42413 19679      601.9495   348      600.6519      601.8967  4185196    0.21%
  42533 19795      601.2115   326      600.6519      601.8967  4192528    0.21%
  42635 19889      602.0411   402      600.6519      601.8967  4200237    0.21%
Elapsed time = 1788.39 sec. (1726735.35 ticks, tree = 266.67 MB, solutions = 12)
  42702 19950      601.8855   380      600.6519      601.8967  4209247    0.21%
  42805 20049      600.9231   268      600.6519      601.8967  4217679    0.21%
  42903 20140      601.3493   318      600.6519      601.8967  4225052    0.21%
  42993 20226      601.1298   274      600.6519      601.8967  4232120    0.21%
  43112 20328      601.4205   310      600.6519      601.8967  4239692    0.21%
  43221 20434      600.8343   236      600.6519      601.8967  4247056    0.21%
  43335 20540      601.6076   388      600.6519      601.8967  4254066    0.21%
  43432 20629      601.2148   334      600.6519      601.8967  4263426    0.21%
  43551 20741      601.8535   388      600.6519      601.8967  4271280    0.21%
  43656 20842      601.0923   326      600.6519      601.8967  4278468    0.21%
Elapsed time = 1824.58 sec. (1765286.35 ticks, tree = 281.38 MB, solutions = 12)
  43745 20927      601.0795   322      600.6519      601.8967  4287063    0.21%
  43854 21026      601.9647   380      600.6519      601.8967  4295083    0.21%
  43943 21109      601.1825   242      600.6519      601.8967  4303048    0.21%
  44067 21224      601.7495   380      600.6519      601.8967  4310262    0.21%
  44145 21291      601.3504   314      600.6519      601.8967  4318031    0.21%
  44262 21400      601.9635   398      600.6519      601.8967  4324947    0.21%
  44385 21519      601.3261   278      600.6519      601.8967  4332812    0.21%
  44493 21614      601.1796   300      600.6519      601.8967  4339636    0.21%
  44600 21713      600.6684   184      600.6519      601.8967  4347155    0.21%
  44713 21818      601.3386   326      600.6519      601.8967  4355428    0.21%
Elapsed time = 1860.97 sec. (1803782.03 ticks, tree = 300.82 MB, solutions = 12)
  44828 21925      601.9089   378      600.6519      601.8967  4363109    0.21%
  44910 22003      600.6625   214      600.6519      601.8967  4372596    0.21%
  45021 22103      600.7162   264      600.6519      601.8967  4381534    0.21%
  45133 22205      601.7967   356      600.6519      601.8967  4388149    0.21%
  45223 22291      601.2919   310      600.6519      601.8967  4395443    0.21%
  45312 22368      601.8720   382      600.6519      601.8967  4402558    0.21%
  45406 22458      601.3104   290      600.6519      601.8967  4410393    0.21%
  45518 22562      601.5324   342      600.6519      601.8967  4417754    0.21%
  45605 22645      601.1672   310      600.6519      601.8967  4425816    0.21%
  45724 22754        cutoff            600.6519      601.8967  4433089    0.21%
Elapsed time = 1896.84 sec. (1842181.54 ticks, tree = 319.30 MB, solutions = 12)
  45832 22858      600.8880   308      600.6519      601.8967  4441219    0.21%
  45914 22929      600.6625   268      600.6519      601.8967  4449315    0.21%
  46004 23009      601.3642   310      600.6519      601.8967  4456041    0.21%
  46132 23129      601.8102   356      600.6519      601.8967  4463686    0.21%
  46222 23214      601.2448   320      600.6519      601.8967  4472114    0.21%
  46311 23296      601.8302   370      600.6519      601.8967  4479705    0.21%
  46424 23403      600.9824   264      600.6519      601.8967  4486989    0.21%
  46528 23497      601.7999   364      600.6519      601.8967  4494205    0.21%
  46623 23586      600.9101   318      600.6519      601.8967  4502916    0.21%
  46738 23692      601.4227   338      600.6519      601.8967  4510004    0.21%
Elapsed time = 1932.63 sec. (1880562.34 ticks, tree = 333.27 MB, solutions = 12)
  46852 23799      601.7963   368      600.6519      601.8967  4517031    0.21%
  46930 23873      601.5405   346      600.6519      601.8967  4524843    0.21%
  47037 23975      600.7095   268      600.6519      601.8967  4531614    0.21%
  47154 24084      600.9317   306      600.6519      601.8967  4540115    0.21%
  47213 24139      601.0229   300      600.6519      601.8967  4547404    0.21%
  47319 24223      601.9915   368      600.6519      601.8967  4554075    0.21%
  47428 24326      601.5376   328      600.6519      601.8967  4560921    0.21%
  47527 24422      600.9941   254      600.6519      601.8967  4568070    0.21%
  47617 24501      600.7714   258      600.6519      601.8967  4575696    0.21%
  47712 24582      601.2662   316      600.6519      601.8967  4582988    0.21%
Elapsed time = 1967.98 sec. (1919034.83 ticks, tree = 346.31 MB, solutions = 12)
  47817 24677      601.5723   352      600.6519      601.8967  4591027    0.21%
  47907 24763      601.3041   298      600.6519      601.8967  4599458    0.21%
  47999 24851      600.7106   186      600.6519      601.8967  4606631    0.21%
  48086 24930      601.5536   340      600.6519      601.8967  4614115    0.21%
  48190 25028      600.9231   254      600.6519      601.8967  4620717    0.21%
  48274 25107      600.7069   252      600.6519      601.8967  4628810    0.21%
  48362 25187      601.1658   306      600.6519      601.8967  4637391    0.21%
  48464 25281      601.5807   322      600.6519      601.8967  4644822    0.21%
  48548 25361      600.8550   304      600.6519      601.8967  4652928    0.21%
  48654 25452      601.6506   364      600.6519      601.8967  4660304    0.21%
Elapsed time = 2003.36 sec. (1957332.88 ticks, tree = 363.36 MB, solutions = 12)
  48768 25562      600.7502   230      600.6519      601.8967  4666985    0.21%
  48854 25638      600.8475   280      600.6519      601.8967  4675003    0.21%
  48951 25723      601.7257   342      600.6519      601.8967  4681854    0.21%
  49062 25829      601.2384   274      600.6519      601.8967  4688145    0.21%
  49183 25943      601.9029   382      600.6519      601.8967  4696046    0.21%
  49267 26015      601.4936   332      600.6519      601.8967  4705817    0.21%
  49371 26111      601.5721   374      600.6519      601.8967  4714386    0.21%
  49483 26219      600.8774   244      600.6519      601.8967  4721689    0.21%
  49577 26307      600.9524   222      600.6519      601.8967  4728954    0.21%
  49692 26406      601.1231   316      600.6519      601.8967  4737020    0.21%
Elapsed time = 2039.56 sec. (1995717.26 ticks, tree = 381.68 MB, solutions = 12)
  49789 26495      601.6806   364      600.6519      601.8967  4744555    0.21%
  49879 26581      601.1642   314      600.6519      601.8967  4753065    0.21%
  49998 26681      600.9726   264      600.6519      601.8967  4762003    0.21%
  50111 26789      600.7024   196      600.6519      601.8967  4768083    0.21%
  50203 26871      601.3117   292      600.6519      601.8967  4775776    0.21%
  50301 26951      601.8268   390      600.6519      601.8967  4784403    0.21%
  50404 27044      601.9169   398      600.6519      601.8967  4792851    0.21%
  50507 27143      600.9481   304      600.6519      601.8967  4801240    0.21%
  50598 27219      601.3478   290      600.6519      601.8967  4809373    0.21%
  50701 27319      600.8599   240      600.6519      601.8967  4816303    0.21%
Elapsed time = 2075.59 sec. (2034139.76 ticks, tree = 396.02 MB, solutions = 12)
  50836 27445      601.5897   352      600.6519      601.8967  4822838    0.21%
  50899 27508      600.7344   226      600.6519      601.8967  4830797    0.21%
  50982 27579      601.6581   348      600.6519      601.8967  4838165    0.21%
  51085 27678      601.0370   296      600.6519      601.8967  4844607    0.21%
  51194 27778      601.8028   392      600.6519      601.8967  4852196    0.21%
  51267 27845      601.4365   348      600.6519      601.8967  4860558    0.21%
  51344 27916      601.2168   268      600.6519      601.8967  4866397    0.21%
  51458 28026      600.8377   202      600.6519      601.8967  4873123    0.21%
  51549 28110      601.2921   274      600.6519      601.8967  4880899    0.21%
  51659 28210      600.6841   156      600.6519      601.8967  4887553    0.21%
Elapsed time = 2111.01 sec. (2072610.60 ticks, tree = 412.15 MB, solutions = 12)
  51745 28288      601.5585   330      600.6519      601.8967  4894906    0.21%
  51846 28385      600.7011   240      600.6519      601.8967  4901660    0.21%
  51917 28442      601.9694   370      600.6519      601.8967  4910342    0.21%
  52001 28522      601.1382   298      600.6519      601.8967  4917782    0.21%
  52122 28633      601.5370   346      600.6519      601.8967  4924841    0.21%
  52206 28712      600.7840   270      600.6519      601.8967  4932827    0.21%
  52295 28787      601.4652   346      600.6519      601.8967  4940197    0.21%
  52420 28904      601.8325   362      600.6519      601.8967  4948071    0.21%
  52531 29011      600.7107   312      600.6519      601.8967  4956377    0.21%
  52641 29104      601.8212   388      600.6519      601.8967  4963232    0.21%
Elapsed time = 2146.75 sec. (2110982.51 ticks, tree = 430.66 MB, solutions = 12)
  52726 29186      601.4179   302      600.6519      601.8967  4970115    0.21%
  52856 29306      601.8947   390      600.6519      601.8967  4977392    0.21%
  52958 29402      600.9958   218      600.6519      601.8967  4986737    0.21%
  53089 29524      601.6060   364      600.6519      601.8967  4994187    0.21%
  53191 29622      600.9009   250      600.6519      601.8967  5001745    0.21%
  53277 29699      601.9890   408      600.6519      601.8967  5009436    0.21%
  53397 29815      600.9546   292      600.6519      601.8967  5018049    0.21%
  53497 29907      600.8340   292      600.6519      601.8967  5025930    0.21%
  53582 29976      601.3514   328      600.6519      601.8967  5034578    0.21%
  53672 30058      601.6448   342      600.6519      601.8967  5042324    0.21%
Elapsed time = 2183.06 sec. (2149517.47 ticks, tree = 448.29 MB, solutions = 12)
  53763 30145      601.2108   300      600.6519      601.8967  5049434    0.21%
  53848 30226      600.9354   298      600.6519      601.8967  5057227    0.21%
  53952 30320      601.5137   322      600.6519      601.8967  5065159    0.21%
  54067 30431      600.9747   198      600.6519      601.8967  5072202    0.21%
  54164 30519      601.7931   388      600.6519      601.8967  5079713    0.21%
  54236 30585      601.5290   348      600.6519      601.8967  5087904    0.21%
  54334 30679      600.6993   294      600.6519      601.8967  5095713    0.21%
  54457 30794      601.1349   340      600.6519      601.8967  5103854    0.21%
  54533 30866      600.7763   260      600.6519      601.8967  5111845    0.21%
  54630 30953      600.9052   302      600.6519      601.8967  5120338    0.21%
Elapsed time = 2218.73 sec. (2187922.58 ticks, tree = 462.01 MB, solutions = 12)
  54745 31060      601.6369   346      600.6519      601.8967  5127638    0.21%
  54857 31168      601.2970   254      600.6519      601.8967  5135175    0.21%
  54947 31247      601.4424   344      600.6519      601.8967  5143383    0.21%
  55069 31364      600.7235   176      600.6519      601.8967  5150560    0.21%
  55186 31473      601.4321   326      600.6519      601.8967  5157961    0.21%
  55282 31559      600.9585   258      600.6519      601.8967  5166432    0.21%
  55411 31681      601.9253   366      600.6519      601.8967  5172998    0.21%
  55525 31791      601.4442   292      600.6519      601.8967  5179417    0.21%
  55628 31888      600.8826   282      600.6519      601.8967  5187212    0.21%
  55739 31991      601.7648   360      600.6519      601.8967  5194625    0.21%
Elapsed time = 2255.13 sec. (2226450.40 ticks, tree = 482.54 MB, solutions = 12)
  55843 32090      601.1248   320      600.6519      601.8967  5201798    0.21%
  55942 32179      601.3322   372      600.6519      601.8967  5208894    0.21%
  56042 32261      601.7956   380      600.6519      601.8967  5217390    0.21%
  56136 32351      601.0318   284      600.6519      601.8967  5223859    0.21%
  56224 32430      601.4824   352      600.6519      601.8967  5231526    0.21%
  56299 32501      600.9920   284      600.6519      601.8967  5240186    0.21%
  56407 32600      601.2273   298      600.6519      601.8967  5247570    0.21%
  56512 32699      601.0076   180      600.6519      601.8967  5253495    0.21%
  56623 32797      601.8774   368      600.6519      601.8967  5262173    0.21%
  56709 32879      601.2140   276      600.6519      601.8967  5269717    0.21%
Elapsed time = 2290.78 sec. (2264967.43 ticks, tree = 496.76 MB, solutions = 12)
  56839 33005      600.6649   148      600.6519      601.8967  5276260    0.21%
  56901 33063      600.8796   240      600.6519      601.8967  5283963    0.21%
  57007 33155      601.3491   304      600.6519      601.8967  5290647    0.21%
  57105 33245      601.5135   340      600.6519      601.8967  5298519    0.21%
  57192 33318      601.9559   386      600.6519      601.8967  5306459    0.21%
  57298 33419      600.8967   302      600.6519      601.8967  5315465    0.21%
  57390 33503      601.3398   306      600.6519      601.8967  5322784    0.21%
  57474 33583      601.1940   288      600.6519      601.8967  5330471    0.21%
  57571 33666      601.6394   372      600.6519      601.8967  5338776    0.21%
  57677 33768      600.9270   260      600.6519      601.8967  5346700    0.21%
Elapsed time = 2326.55 sec. (2303473.71 ticks, tree = 512.38 MB, solutions = 12)
  57793 33877      601.8122   376      600.6519      601.8967  5353032    0.21%
  57872 33951      601.6303   326      600.6519      601.8967  5361717    0.21%
  57985 34060      600.9829   300      600.6519      601.8967  5368887    0.21%
  58086 34153      601.5096   278      600.6519      601.8967  5376599    0.21%
  58181 34239      601.1457   346      600.6519      601.8967  5384287    0.21%
  58294 34344      601.4181   346      600.6519      601.8967  5393363    0.21%
  58403 34449      600.7774   194      600.6519      601.8967  5400005    0.21%
  58512 34548      600.6616   220      600.6519      601.8967  5408441    0.21%
  58609 34637      600.9861   298      600.6519      601.8967  5415544    0.21%
  58696 34714      601.2848   346      600.6519      601.8967  5422796    0.21%
Elapsed time = 2362.53 sec. (2341864.31 ticks, tree = 532.85 MB, solutions = 12)
  58761 34770      601.4457   366      600.6519      601.8967  5431227    0.21%
  58883 34883      601.8717   382      600.6519      601.8967  5439106    0.21%
  58997 34991        cutoff            600.6519      601.8967  5446827    0.21%
  59074 35058      601.4222   320      600.6519      601.8967  5455376    0.21%
  59190 35170      600.6707   254      600.6519      601.8967  5462264    0.21%
  59283 35255      601.3561   322      600.6519      601.8967  5468659    0.21%
  59379 35347      600.9977   286      600.6519      601.8967  5475994    0.21%
  59474 35426      601.5827   334      600.6519      601.8967  5483656    0.21%
  59568 35515      600.8444   268      600.6519      601.8967  5490253    0.21%
  59666 35605      601.2867   372      600.6519      601.8967  5497995    0.21%
Elapsed time = 2398.52 sec. (2380795.35 ticks, tree = 546.72 MB, solutions = 12)
  59771 35700      601.7416   376      600.6519      601.8967  5505957    0.21%
  59863 35786      600.8440   274      600.6519      601.8967  5512852    0.21%
  59952 35867      601.1120   300      600.6519      601.8967  5521251    0.21%
  60059 35962      601.7648   356      600.6519      601.8967  5528462    0.21%
  60171 36070      600.7951   278      600.6519      601.8967  5536304    0.21%
  60286 36174      601.5496   342      600.6519      601.8967  5542861    0.21%
  60362 36238      601.6340   346      600.6519      601.8967  5551734    0.21%
  60493 36365      600.6573   172      600.6519      601.8967  5559344    0.21%
  60605 36471      601.3949   282      600.6519      601.8967  5566810    0.21%
  60708 36566      601.1186   294      600.6519      601.8967  5574231    0.21%
Elapsed time = 2434.68 sec. (2419216.59 ticks, tree = 566.75 MB, solutions = 12)
  60802 36648      601.2186   312      600.6519      601.8967  5582619    0.21%
  60896 36734      601.3646   308      600.6519      601.8967  5590234    0.21%
  60979 36814      600.9154   302      600.6519      601.8967  5597257    0.21%
  61081 36893      601.2426   300      600.6519      601.8967  5604786    0.21%
  61183 36991      600.8951   238      600.6519      601.8967  5610996    0.21%
  61306 37105      601.5038   314      600.6519      601.8967  5618612    0.21%
  61402 37193      601.5949   352      600.6519      601.8967  5627199    0.21%
  61498 37285      600.8265   222      600.6519      601.8967  5634267    0.21%
  61612 37391      601.1319   294      600.6519      601.8967  5642044    0.21%
  61724 37483      600.9176   250      600.6519      601.8967  5649142    0.21%
Elapsed time = 2470.49 sec. (2457632.47 ticks, tree = 584.65 MB, solutions = 12)
  61832 37583      601.0823   294      600.6519      601.8967  5657106    0.21%
  61950 37690      601.5275   348      600.6519      601.8967  5664713    0.21%
  62044 37776      601.3742   312      600.6519      601.8967  5672585    0.21%
  62148 37874      600.6690   216      600.6519      601.8967  5678941    0.21%
  62241 37958      601.5688   350      600.6519      601.8967  5686824    0.21%
  62320 38028      601.3339   318      600.6519      601.8967  5694803    0.21%
  62425 38125      601.7983   364      600.6519      601.8967  5701768    0.21%
  62528 38224      601.1941   310      600.6519      601.8967  5708924    0.21%
  62616 38300      601.1606   334      600.6519      601.8967  5717586    0.21%
  62721 38395      601.1313   274      600.6519      601.8967  5726445    0.21%
Elapsed time = 2506.32 sec. (2496029.47 ticks, tree = 599.98 MB, solutions = 12)
  62821 38486      601.7921   362      600.6519      601.8967  5734264    0.21%
  62893 38554      600.8892   256      600.6519      601.8967  5741669    0.21%
  62999 38651      601.1600   300      600.6519      601.8967  5749437    0.21%
  63105 38747      601.5891   370      600.6519      601.8967  5757467    0.21%
  63184 38812      601.0391   282      600.6519      601.8967  5764884    0.21%
  63298 38922      600.6795   166      600.6519      601.8967  5770371    0.21%
  63402 39018      600.9668   236      600.6519      601.8967  5778039    0.21%
  63507 39115      600.9567   294      600.6519      601.8967  5787317    0.21%
  63618 39214      601.0145   294      600.6519      601.8967  5796413    0.21%
  63720 39309      600.9418   284      600.6519      601.8967  5803548    0.21%
Elapsed time = 2542.16 sec. (2534338.66 ticks, tree = 614.31 MB, solutions = 12)
  63825 39402      601.0312   210      600.6519      601.8967  5811520    0.21%
  63927 39495      600.7813   258      600.6519      601.8967  5818787    0.21%
  64023 39583      601.2820   340      600.6519      601.8967  5826962    0.21%
  64100 39657      601.0484   260      600.6519      601.8967  5833728    0.21%
  64210 39758      601.8711   374      600.6519      601.8967  5840262    0.21%
  64317 39861      601.2545   282      600.6519      601.8967  5847311    0.21%
  64405 39945      600.7343   288      600.6519      601.8967  5855199    0.21%
  64503 40031      601.6567   376      600.6519      601.8967  5863166    0.21%
  64618 40140      600.7338   174      600.6519      601.8967  5871501    0.21%
  64715 40223      601.0528   306      600.6519      601.8967  5881064    0.21%
Elapsed time = 2578.30 sec. (2572802.17 ticks, tree = 630.94 MB, solutions = 12)
  64825 40323      601.3636   318      600.6519      601.8967  5889281    0.21%
  64916 40411      601.0315   280      600.6519      601.8967  5894846    0.21%
  64997 40473      601.8327   350      600.6519      601.8967  5903252    0.21%
  65132 40596      601.0711   304      600.6519      601.8967  5909877    0.21%
  65250 40704      601.2599   354      600.6519      601.8967  5917487    0.21%
  65321 40771      601.4043   312      600.6519      601.8967  5924910    0.21%
  65425 40860      600.7636   268      600.6519      601.8967  5932117    0.21%
  65530 40957      601.0341   282      600.6519      601.8967  5940497    0.21%
  65614 41034      601.4985   340      600.6519      601.8967  5947897    0.21%
  65713 41117      601.6344   348      600.6519      601.8967  5955705    0.21%
Elapsed time = 2614.07 sec. (2611235.56 ticks, tree = 645.14 MB, solutions = 12)
  65807 41206      600.9168   262      600.6519      601.8967  5962526    0.21%
  65896 41287      601.4188   292      600.6519      601.8967  5969796    0.21%
  65986 41371      600.7034   278      600.6519      601.8967  5977135    0.21%
  66090 41467      601.2808   302      600.6519      601.8967  5984814    0.21%
  66193 41561      601.6291   344      600.6519      601.8967  5993201    0.21%
  66275 41638      601.0791   262      600.6519      601.8967  6001265    0.21%
  66404 41759      601.8782   394      600.6519      601.8967  6007551    0.21%
  66500 41851      601.2792   326      600.6519      601.8967  6014136    0.21%
  66597 41944      601.1661   290      600.6519      601.8967  6022817    0.21%
  66696 42031      601.3473   334      600.6519      601.8967  6030697    0.21%
Elapsed time = 2649.71 sec. (2649763.55 ticks, tree = 659.95 MB, solutions = 12)
  66794 42125      600.7368   234      600.6519      601.8967  6037465    0.21%
  66892 42216      601.6630   328      600.6519      601.8967  6045046    0.21%
  66998 42309      601.2144   308      600.6519      601.8967  6053394    0.21%
  67113 42415      601.9326   360      600.6519      601.8967  6060628    0.21%
  67218 42514      601.4392   286      600.6519      601.8967  6067095    0.21%
  67317 42601      601.3975   328      600.6519      601.8967  6074261    0.21%
  67412 42692      600.7585   242      600.6519      601.8967  6081340    0.21%
  67510 42782      601.4583   304      600.6519      601.8967  6088586    0.21%
  67596 42864      601.1134   284      600.6519      601.8967  6096913    0.21%
  67693 42953      601.7360   338      600.6519      601.8967  6104251    0.21%
Elapsed time = 2685.18 sec. (2688151.35 ticks, tree = 677.08 MB, solutions = 12)
  67810 43062      601.5326   330      600.6519      601.8967  6112261    0.21%
  67898 43144      600.7231   278      600.6519      601.8967  6120260    0.21%
  68023 43251      601.2477   294      600.6519      601.8967  6128051    0.21%
  68144 43366      600.8159   136      600.6519      601.8967  6134842    0.21%
  68273 43476      601.7368   372      600.6519      601.8967  6144497    0.21%
  68380 43577      600.7975   248      600.6519      601.8967  6152037    0.21%
  68488 43677      601.1792   314      600.6519      601.8967  6159255    0.21%
  68545 43730      601.2227   316      600.6519      601.8967  6167089    0.21%
  68633 43804      601.7571   366      600.6519      601.8967  6174422    0.21%
  68736 43903      600.8528   254      600.6519      601.8967  6181846    0.21%
Elapsed time = 2721.05 sec. (2726459.78 ticks, tree = 694.19 MB, solutions = 12)
  68850 44009      601.3723   322      600.6519      601.8967  6189584    0.21%
  68939 44095      600.8050   296      600.6519      601.8967  6197074    0.21%
  69037 44185      601.0410   264      600.6519      601.8967  6204169    0.21%
  69145 44285      601.2362   300      600.6519      601.8967  6213170    0.21%
  69234 44361      601.1624   330      600.6519      601.8967  6221412    0.21%
  69323 44446      600.7538   196      600.6519      601.8967  6227634    0.21%
  69461 44573      601.2407   312      600.6519      601.8967  6235597    0.21%
  69540 44646      601.1869   308      600.6519      601.8967  6242781    0.21%
  69657 44750      600.6566   198      600.6519      601.8967  6250116    0.21%
  69762 44847      601.0190   302      600.6519      601.8967  6257859    0.21%
Elapsed time = 2757.29 sec. (2764902.68 ticks, tree = 709.46 MB, solutions = 12)
  69870 44947      601.5665   360      600.6519      601.8967  6266800    0.21%
  69963 45036      601.0154   258      600.6519      601.8967  6276344    0.21%
  70082 45147      601.1288   310      600.6519      601.8967  6284099    0.21%
  70182 45239      601.6165   332      600.6519      601.8967  6291405    0.21%
  70264 45311      600.8846   286      600.6519      601.8967  6298854    0.21%
  70381 45420      601.6129   340      600.6519      601.8967  6305446    0.21%
  70483 45518      600.9719   266      600.6519      601.8967  6312461    0.21%
  70565 45595      600.8274   268      600.6519      601.8967  6321092    0.21%
  70680 45691      601.3698   314      600.6519      601.8967  6329816    0.21%
  70799 45806      600.7635   212      600.6519      601.8967  6337006    0.21%
Elapsed time = 2794.16 sec. (2803595.09 ticks, tree = 732.65 MB, solutions = 12)
  70885 45884      601.2848   322      600.6519      601.8967  6344651    0.21%
  70973 45956      601.8139   384      600.6519      601.8967  6352908    0.21%
  71082 46062      600.9275   274      600.6519      601.8967  6360116    0.21%
  71187 46159      601.2162   328      600.6519      601.8967  6368482    0.21%
  71273 46233      601.6254   376      600.6519      601.8967  6377022    0.21%
  71372 46328      601.2201   250      600.6519      601.8967  6382893    0.21%
  71480 46426      601.0770   336      600.6519      601.8967  6390000    0.21%
  71581 46518      600.6610   200      600.6519      601.8967  6397955    0.21%
  71702 46632      601.1059   292      600.6519      601.8967  6405762    0.21%
  71809 46731      601.9137   388      600.6519      601.8967  6413253    0.21%
Elapsed time = 2831.04 sec. (2842037.58 ticks, tree = 747.88 MB, solutions = 12)
  71883 46799      601.6146   314      600.6519      601.8967  6422515    0.21%
  72011 46922      600.7884   218      600.6519      601.8967  6429860    0.21%
  72120 47023      601.1060   304      600.6519      601.8967  6437327    0.21%
  72197 47096      601.2257   284      600.6519      601.8967  6445069    0.21%
  72313 47191      601.8328   380      600.6519      601.8967  6452747    0.21%
  72422 47295      600.8805   258      600.6519      601.8967  6461203    0.21%
  72516 47380      601.5293   364      600.6519      601.8967  6468864    0.21%
  72567 47425      601.5386   352      600.6519      601.8967  6477117    0.21%
  72684 47538      600.7391   206      600.6519      601.8967  6484274    0.21%
  72820 47661      601.0901   310      600.6519      601.8967  6491625    0.21%
Elapsed time = 2867.21 sec. (2880462.67 ticks, tree = 769.36 MB, solutions = 12)
  72909 47738      601.7659   340      600.6519      601.8967  6500399    0.21%
  73052 47876      600.8330   192      600.6519      601.8967  6507995    0.21%
  73165 47981      601.2784   308      600.6519      601.8967  6515243    0.21%
  73258 48059      601.1393   308      600.6519      601.8967  6523515    0.21%
  73383 48176      601.6514   342      600.6519      601.8967  6530572    0.21%
  73493 48282      600.8329   220      600.6519      601.8967  6537629    0.21%
  73575 48354      601.1855   304      600.6519      601.8967  6546220    0.21%
  73688 48458      601.2401   330      600.6519      601.8967  6554208    0.21%
  73785 48548      601.5363   370      600.6519      601.8967  6561720    0.21%
  73873 48628      600.9264   266      600.6519      601.8967  6569214    0.21%
Elapsed time = 2904.56 sec. (2918715.92 ticks, tree = 793.55 MB, solutions = 12)
  74005 48750      601.3808   330      600.6519      601.8967  6576764    0.21%
  74122 48863      600.9909   166      600.6519      601.8967  6582641    0.21%
  74223 48951      601.1973   286      600.6519      601.8967  6590648    0.21%
  74345 49066      601.7619   340      600.6519      601.8967  6598092    0.21%
  74466 49181      601.0423   276      600.6519      601.8967  6604432    0.21%
  74575 49279      601.4660   324      600.6519      601.8967  6613442    0.21%
  74688 49382      601.9311   362      600.6519      601.8967  6620355    0.21%
  74786 49476      601.2238   300      600.6519      601.8967  6627007    0.21%
  74869 49549      601.9171   370      600.6519      601.8967  6635640    0.21%
  74957 49633      601.0043   294      600.6519      601.8967  6642444    0.21%
Elapsed time = 2940.54 sec. (2957179.37 ticks, tree = 809.27 MB, solutions = 12)
  75052 49718      601.3529   294      600.6519      601.8967  6649719    0.21%
  75126 49784      601.7103   346      600.6519      601.8967  6657255    0.21%
  75241 49895      600.9230   178      600.6519      601.8967  6664477    0.21%
  75375 50016      601.8302   404      600.6519      601.8967  6670150    0.21%
  75462 50097      601.1156   310      600.6519      601.8967  6679673    0.21%
  75539 50168      601.1121   336      600.6519      601.8967  6687656    0.21%
  75653 50274      601.4482   328      600.6519      601.8967  6694981    0.21%
  75754 50366      601.9144   376      600.6519      601.8967  6702018    0.21%
  75833 50437      600.8962   296      600.6519      601.8967  6710102    0.21%
  75944 50541      601.3072   336      600.6519      601.8967  6717386    0.21%
Elapsed time = 2976.14 sec. (2995783.84 ticks, tree = 825.84 MB, solutions = 12)
  76042 50635      600.6674   180      600.6519      601.8967  6724227    0.21%
  76108 50689      601.6624   374      600.6519      601.8967  6732721    0.21%
  76212 50789      600.9063   240      600.6519      601.8967  6739287    0.21%
  76329 50898      601.0152   298      600.6519      601.8967  6747342    0.21%
  76416 50971      601.4688   336      600.6519      601.8967  6756038    0.21%
  76523 51070      601.8857   350      600.6519      601.8967  6763297    0.21%
  76638 51181      601.1711   274      600.6519      601.8967  6770023    0.21%
  76739 51266      601.7176   356      600.6519      601.8967  6777588    0.21%
  76843 51366      601.0953   276      600.6519      601.8967  6784630    0.21%
  76955 51469      601.5501   328      600.6519      601.8967  6791187    0.21%
Elapsed time = 3011.63 sec. (3034159.72 ticks, tree = 840.95 MB, solutions = 12)
  77056 51564      600.8429   280      600.6519      601.8967  6799175    0.21%
  77163 51658      601.5080   320      600.6519      601.8967  6806075    0.21%
  77285 51774      600.8302   222      600.6519      601.8967  6813816    0.21%
  77386 51868      600.8068   342      600.6519      601.8967  6822209    0.21%
  77486 51956      601.0827   294      600.6519      601.8967  6831244    0.21%
  77592 52054      601.2944   304      600.6519      601.8967  6839075    0.21%
  77692 52138      600.6801   308      600.6519      601.8967  6846514    0.21%
  77805 52237      600.7939   280      600.6519      601.8967  6854023    0.21%
  77917 52342      600.9759   264      600.6519      601.8967  6861774    0.21%
  78003 52418      601.5168   336      600.6519      601.8967  6869899    0.21%
Elapsed time = 3047.69 sec. (3072478.18 ticks, tree = 861.46 MB, solutions = 12)
  78118 52528      600.6797   176      600.6519      601.8967  6876356    0.21%
  78220 52622      600.9329   254      600.6519      601.8967  6883215    0.21%
  78305 52698      601.4702   310      600.6519      601.8967  6891393    0.21%
  78431 52818      600.7151   220      600.6519      601.8967  6899229    0.21%
  78516 52895      600.9241   266      600.6519      601.8967  6906248    0.21%
  78595 52969      600.7499   284      600.6519      601.8967  6913880    0.21%
  78684 53048      601.0486   284      600.6519      601.8967  6921440    0.21%
  78797 53153      601.5244   330      600.6519      601.8967  6928883    0.21%
  78886 53227      601.3675   320      600.6519      601.8967  6936500    0.21%
  78986 53319      601.7435   376      600.6519      601.8967  6944156    0.21%
Elapsed time = 3083.08 sec. (3110774.00 ticks, tree = 882.72 MB, solutions = 12)
  79096 53424      601.0853   238      600.6519      601.8967  6952244    0.21%
  79194 53508      601.4296   332      600.6519      601.8967  6959478    0.21%
  79301 53608      601.6133   354      600.6519      601.8967  6966614    0.21%
  79393 53696      600.7628   214      600.6519      601.8967  6974540    0.21%
  79483 53770      601.5569   334      600.6519      601.8967  6983229    0.21%
  79603 53884      600.7809   188      600.6519      601.8967  6990268    0.21%
  79713 53983      601.2623   314      600.6519      601.8967  6997385    0.21%
  79799 54059      600.6526   248      600.6519      601.8967  7005220    0.21%
  79902 54154      601.0272   276      600.6519      601.8967  7012998    0.21%
  80013 54256      601.4225   324      600.6519      601.8967  7019999    0.21%
Elapsed time = 3118.78 sec. (3149162.04 ticks, tree = 898.73 MB, solutions = 12)
  80093 54332      600.8406   256      600.6519      601.8967  7027782    0.21%
  80196 54423      601.2819   332      600.6519      601.8967  7035127    0.21%
  80302 54519      601.6524   362      600.6519      601.8967  7042613    0.21%
  80385 54598      601.1416   290      600.6519      601.8967  7050711    0.21%
  80483 54686      600.8565   174      600.6519      601.8967  7058080    0.21%
  80599 54791      601.1970   284      600.6519      601.8967  7065497    0.21%
  80700 54883      601.4103   342      600.6519      601.8967  7072427    0.21%
  80800 54977      601.2058   312      600.6519      601.8967  7080332    0.21%
  80885 55054      601.5719   348      600.6519      601.8967  7087334    0.21%
  80996 55159      600.8512   240      600.6519      601.8967  7094072    0.21%
Elapsed time = 3154.40 sec. (3187717.05 ticks, tree = 915.23 MB, solutions = 12)
  81066 55225      600.9096   256      600.6519      601.8967  7102608    0.21%
  81193 55338      601.2496   306      600.6519      601.8967  7110618    0.21%
  81318 55453      601.8355   394      600.6519      601.8967  7117590    0.21%
  81415 55544      601.5917   340      600.6519      601.8967  7124944    0.21%
  81510 55631      601.3829   328      600.6519      601.8967  7133074    0.21%
  81634 55747      601.4350   330      600.6519      601.8967  7140142    0.21%
  81751 55859      600.8064   162      600.6519      601.8967  7146938    0.21%
  81845 55940      601.2768   324      600.6519      601.8967  7155459    0.21%
  81978 56063      601.7284   332      600.6519      601.8967  7163117    0.21%
  82083 56162      600.9393   276      600.6519      601.8967  7169474    0.21%
Elapsed time = 3190.97 sec. (3226287.92 ticks, tree = 933.81 MB, solutions = 12)
  82143 56216        cutoff            600.6519      601.8967  7178194    0.21%
  82256 56320      601.4727   300      600.6519      601.8967  7185117    0.21%
  82376 56432      601.7173   386      600.6519      601.8967  7193086    0.21%
  82469 56513      601.6607   340      600.6519      601.8967  7201567    0.21%
  82612 56642        cutoff            600.6519      601.8967  7209282    0.21%
  82708 56732      601.0695   280      600.6519      601.8967  7217133    0.21%
  82786 56803      601.3758   284      600.6519      601.8967  7225134    0.21%
  82892 56900      601.4528   328      600.6519      601.8967  7232057    0.21%
  83012 57012      601.7043   374      600.6519      601.8967  7240026    0.21%
  83093 57086      600.9290   292      600.6519      601.8967  7249076    0.21%
Elapsed time = 3227.04 sec. (3264792.53 ticks, tree = 946.72 MB, solutions = 12)
  83197 57182      601.2170   280      600.6519      601.8967  7256695    0.21%
  83313 57286      601.8480   390      600.6519      601.8967  7262757    0.21%
  83412 57373      600.8019   186      600.6519      601.8967  7271435    0.21%
  83529 57482      601.3373   268      600.6519      601.8967  7278842    0.21%
  83634 57577      601.5578   376      600.6519      601.8967  7285747    0.21%
  83727 57666      600.7608   240      600.6519      601.8967  7294458    0.21%
  83828 57759      601.6586   304      600.6519      601.8967  7300800    0.21%
  83942 57869      601.1116   252      600.6519      601.8967  7307009    0.21%
  84021 57940      600.8600   302      600.6519      601.8967  7315432    0.21%
  84136 58043      601.8336   332      600.6519      601.8967  7320855    0.21%
Elapsed time = 3263.29 sec. (3303155.26 ticks, tree = 960.63 MB, solutions = 12)
  84245 58148      601.2706   300      600.6519      601.8967  7327380    0.21%
  84352 58251      600.7335   190      600.6519      601.8967  7333285    0.21%
  84446 58335      600.8076   260      600.6519      601.8967  7341955    0.21%
  84512 58392      601.5091   356      600.6519      601.8967  7347825    0.21%
  84603 58478      601.0986   274      600.6519      601.8967  7353638    0.21%
  84695 58554      601.2159   316      600.6519      601.8967  7361417    0.21%
  84803 58654      601.8045   364      600.6519      601.8967  7367697    0.21%
  84899 58746      600.9021   278      600.6519      601.8967  7374712    0.21%
  84969 58812      600.8298   266      600.6519      601.8967  7382667    0.21%
  85067 58903      601.2477   288      600.6519      601.8967  7389001    0.21%
Elapsed time = 3300.28 sec. (3341523.59 ticks, tree = 978.63 MB, solutions = 12)
  85156 58984      601.8035   344      600.6519      601.8967  7395733    0.21%
  85245 59068      601.7151   366      600.6519      601.8967  7401214    0.21%
* 85283+58950                          600.6562      601.8967             0.21%
  85302 58971      600.9585   224      600.6562      601.8967  7407438    0.21%
  85383 59030      600.8468   264      600.6562      601.8967  7412006    0.21%
  85483 59122      601.5391   318      600.6562      601.8967  7418210    0.21%
  85583 59218      600.9377   244      600.6562      601.8967  7424633    0.21%
  85659 59287      600.9550   248      600.6562      601.8967  7432508    0.21%
  85724 59341      601.3881   276      600.6562      601.8967  7436588    0.21%
  85800 59414      600.9549   262      600.6562      601.8967  7441854    0.21%
  85883 59493      601.0074   204      600.6562      601.8967  7445797    0.21%
Elapsed time = 3338.08 sec. (3381006.21 ticks, tree = 987.79 MB, solutions = 13)
  85991 59593      601.4477   344      600.6562      601.8967  7452568    0.21%
  86072 59664      601.2598   280      600.6562      601.8967  7460935    0.21%
  86163 59751      600.7498   220      600.6562      601.8967  7467123    0.21%
  86210 59795      600.9848   246      600.6562      601.8967  7470494    0.21%
  86302 59883      600.7731   236      600.6562      601.8967  7476123    0.21%
  86377 59944      601.1190   326      600.6562      601.8967  7483847    0.21%
  86468 60031      600.7356   162      600.6562      601.8967  7489460    0.21%
  86526 60085      600.7851   232      600.6562      601.8967  7493878    0.21%
  86592 60143      601.7440   374      600.6562      601.8967  7499434    0.21%
  86683 60222      601.0440   258      600.6562      601.8967  7506309    0.21%
Elapsed time = 3376.88 sec. (3421747.45 ticks, tree = 1001.91 MB, solutions = 13)
  86783 60316      600.7732   198      600.6562      601.8967  7511397    0.21%
  86883 60407      601.3733   294      600.6562      601.8967  7518523    0.21%
  86983 60503      600.7276   278      600.6562      601.8967  7525741    0.21%
  87078 60584      600.9143   286      600.6562      601.8967  7533524    0.21%
  87123 60625      601.2509   284      600.6562      601.8967  7537022    0.21%
  87238 60734      600.7604   240      600.6562      601.8967  7543494    0.21%
  87283 60767      601.6022   342      600.6562      601.8967  7547910    0.21%
  87383 60863      600.9202   266      600.6562      601.8967  7554110    0.21%
  87483 60955      601.3706   324      600.6562      601.8967  7561470    0.21%
  87557 61023      601.1403   310      600.6562      601.8967  7569459    0.21%
Elapsed time = 3417.72 sec. (3464557.54 ticks, tree = 1014.92 MB, solutions = 13)
  87638 61096      601.9412   386      600.6562      601.8967  7576076    0.21%
  87692 61150      600.9137   190      600.6562      601.8967  7579858    0.21%
  87813 61261      601.2174   248      600.6562      601.8967  7587779    0.21%
  87883 61327      600.7897   276      600.6562      601.8967  7593081    0.21%
  87992 61425      601.4391   290      600.6562      601.8967  7599089    0.21%
  88083 61513      600.9261   230      600.6562      601.8967  7604983    0.21%
  88177 61597      601.6081   332      600.6562      601.8967  7611940    0.21%
  88226 61634      601.3186   336      600.6562      601.8967  7617298    0.21%
  88303 61707      601.0017   278      600.6562      601.8967  7623218    0.21%
  88383 61782      600.7571   278      600.6562      601.8967  7628637    0.21%
Elapsed time = 3456.54 sec. (3505194.75 ticks, tree = 1022.57 MB, solutions = 13)
  88470 61859      600.8113   306      600.6562      601.8967  7635795    0.21%
  88550 61935      600.6891   196      600.6562      601.8967  7641382    0.21%
  88638 62014      601.3416   350      600.6562      601.8967  7648324    0.21%
  88695 62068      601.3989   282      600.6562      601.8967  7652643    0.21%
  88799 62168      600.8451   264      600.6562      601.8967  7659407    0.21%
  88883 62242      601.5017   326      600.6562      601.8967  7666027    0.21%
  88983 62338      600.7824   238      600.6562      601.8967  7671289    0.21%
  89071 62418      601.3053   274      600.6562      601.8967  7680152    0.21%
  89144 62487      601.1895   274      600.6562      601.8967  7686450    0.21%
  89213 62551      601.3679   328      600.6562      601.8967  7690275    0.21%
Elapsed time = 3495.85 sec. (3546280.61 ticks, tree = 1038.76 MB, solutions = 13)
  89283 62615      601.2860   278      600.6562      601.8967  7695148    0.21%
  89383 62711      600.8515   236      600.6562      601.8967  7701176    0.21%
  89462 62778      601.9459   382      600.6562      601.8967  7710046    0.21%
  89532 62844      601.3557   344      600.6562      601.8967  7714026    0.21%
  89589 62895      601.3405   344      600.6562      601.8967  7718033    0.21%
  89683 62986      600.7881   198      600.6562      601.8967  7724886    0.21%
  89753 63048      600.7435   248      600.6562      601.8967  7732685    0.21%
  89853 63137      601.6931   342      600.6562      601.8967  7738279    0.21%
  89906 63189      600.6701   180      600.6562      601.8967  7741350    0.21%
  90040 63306      601.5405   312      600.6562      601.8967  7749634    0.21%
Elapsed time = 3535.22 sec. (3587480.71 ticks, tree = 1053.70 MB, solutions = 13)
  90084 63346      601.7139   378      600.6562      601.8967  7753971    0.21%
  90183 63440      601.4610   304      600.6562      601.8967  7758880    0.21%
  90283 63536      600.9956   118      600.6562      601.8967  7765233    0.21%
  90395 63638        cutoff            600.6562      601.8967  7770349    0.21%
  90466 63701      601.3025   310      600.6562      601.8967  7778635    0.21%
  90529 63759      601.2116   320      600.6562      601.8967  7781892    0.21%
  90634 63860      600.7625   146      600.6562      601.8967  7787557    0.21%
  90702 63922      600.8497   198      600.6562      601.8967  7790929    0.21%
  90783 63995      601.8902   388      600.6562      601.8967  7797875    0.21%
  91110 64302      600.8265   306      600.6562      601.8967  7821249    0.21%
Elapsed time = 3584.92 sec. (3639556.14 ticks, tree = 1071.02 MB, solutions = 13)
  91432 64591      600.9828   258      600.6562      601.8967  7846122    0.21%

Flow cuts applied:  56
Mixed integer rounding cuts applied:  119
Lift and project cuts applied:  1
Gomory fractional cuts applied:  1
User cuts applied:  1407

Root node processing (before b&c):
  Real time             =    4.07 sec. (3846.20 ticks)
Sequential b&c:
  Real time             = 3595.94 sec. (3651786.53 ticks)
                          ------------
Total (root+branch&cut) = 3600.01 sec. (3655632.73 ticks)
|V|                                     700
K                                       70
theta                                   0.50
r                                       5
R                                       20
prob_func                               linear
#C1                                     2268
#CP                                     49250

@Parameters: 
am_callback_heuristic                   false
am_local_search                         true
am_start_heuristic                      false
colocation                              true
comp                                    false
cutC                                    true
cutC_init                               false
cutF                                    false
cutF_init                               false
cutF_stable                             false
cutF_wrong                              false
cutLocal                                false
cutM                                    true
cutM_init                               true
cutM_stable                             false
cutP                                    true
cutP_init                               false
cutP_stable                             false
init                                    true
init_cutF_zero                          false
init_val_greedy                         true
is_Euclidean                            false
is_local_search                         false
is_right_cutP                           true
is_root                                 false
is_silent                               false
is_start                                false
mycut                                   false
pmed                                    false
pre                                     true
stable_root                             false
str                                     true
two_phase                               false
ubstr                                   false
mode                                    Int

am_callback_node_space                  50
init                                    0
mixture_seed                            1
node_space                              5
nodelimit                               -1
nsepa                                   1
strF                                    0
type_delta                              0

EPS                                     0.001000
EPS_FRAC                                0.00
gap                                     0.00
mixture_high_max                        0.99
mixture_high_min                        0.90
mixture_low_max                         0.01
mixture_low_min                         0.00
mixture_low_share                       0.80
timelimit                               3600.00

Number of Closed Sites: 4 / 280 
Number of Confined Sites-1: 1 / 69 
Number of Confined Sites-k: 695 / 6021 
Preprocess Time: 1.25 + 0.00 sec

Solve Time: 3600.01
Number of Nodes: 91465
Termination Status: TIME_LIMIT

CutInfo: [phase] num / time (sec) / aver. num_nonzero
max              [LP]     0 / 0.00 / 0.00 [init]   395 / 0.01 / 4.03 [rLC]   489 / 0.04 / 13.72 [rUC]  1245 / 0.10 / 7.63 [sLC]    45 / 0.14 / 8.22 [sUC]  1151 / 1.99 / 8.31 
prod_oa          [LP]     0 / 0.00 / 0.00 [init]   363 / 0.01 / 43.73 [rLC]   852 / 0.06 / 61.13 [rUC]   602 / 0.21 / 43.43 [sLC]   910 / 0.22 / 46.86 [sUC]  1115 / 3.79 / 43.12 
prod_sm_fixed    [LP]     0 / 0.00 / 0.00 [init]     0 / 0.00 / 0.00 [rLC]     0 / 0.00 / 0.00 [rUC]     0 / 0.00 / 0.00 [sLC]     0 / 0.00 / 0.00 [sUC]     0 / 0.00 / 0.00 
prod_bin         [LP]     0 / 0.00 / 0.00 [init]     0 / 0.00 / 0.00 [rLC]     0 / 0.00 / 0.00 [rUC]     0 / 0.00 / 0.00 [sLC]     0 / 0.00 / 0.00 [sUC]     0 / 0.00 / 0.00 
prod_local       [LP]     0 / 0.00 / 0.00 [init]     0 / 0.00 / 0.00 [rLC]     0 / 0.00 / 0.00 [rUC]     0 / 0.00 / 0.00 [sLC]     0 / 0.00 / 0.00 [sUC]     0 / 0.00 / 0.00 
prod_sm_C        [LP]     0 / 0.00 / 0.00 [init]     0 / 0.00 / 0.00 [rLC]     0 / 0.00 / 0.00 [rUC]     0 / 0.00 / 0.00 [sLC]     0 / 0.00 / 0.00 [sUC]     0 / 0.00 / 0.00 
facet            [LP]     0 / 0.00 / 0.00 [init]     0 / 0.00 / 0.00 [rLC]     0 / 0.00 / 0.00 [rUC]     0 / 0.00 / 0.00 [sLC]     0 / 0.00 / 0.00 [sUC]     0 / 0.00 / 0.00 
Separation Round:   [LP] 0  [init] 1  [rLC] 6  [rUC] 17  [sLC] 27  [sUC] 175835  
Root Best Bound 603.550426
Root Best Integer: 597.503022
Best Bound: 601.896737
Best Integer: 600.656152
1: 1, 3, 5, 11, 24, 35, 58, 64, 72, 80, 99, 104, 106, 115, 116, 117, 125, 135, 137, 151, 154, 180, 194, 209, 214, 236, 246, 247, 261, 281, 284, 287, 290, 323, 330, 336, 346, 400, 403, 405, 408, 421, 438, 452, 459, 489, 504, 505, 507, 508, 530, 534, 538, 549, 555, 562, 567, 577, 581, 585, 608, 623, 629, 630, 674, 675, 689, 691, 692, 694
Objective Value (calc): 600.628059
sum_etaM = 567.866667 / 567.866667
sum_etaP = 633.445638 / 633.389451
nL: 70
nCL: 0
mCL: 1
